run_id,seed,config_hash,iteration,mg,phase,episode_reward
main_seed0,0,d1c1eb972d85b5605cb5db7c2c6bc30520ef1b725ec02f3d139c77d64d6a78a6,1,1,1,-50260.50459059377
main_seed0,0,d1c1eb972d85b5605cb5db7c2c6bc30520ef1b725ec02f3d139c77d64d6a78a6,1,2,1,-33821.81813996627
main_seed0,0,d1c1eb972d85b5605cb5db7c2c6bc30520ef1b725ec02f3d139c77d64d6a78a6,1,3,1,-26796.436836257217
main_seed0,0,d1c1eb972d85b5605cb5db7c2c6bc30520ef1b725ec02f3d139c77d64d6a78a6,2,1,1,-54766.473879129975
main_seed0,0,d1c1eb972d85b5605cb5db7c2c6bc30520ef1b725ec02f3d139c77d64d6a78a6,2,2,1,-34514.51922630553
main_seed0,0,d1c1eb972d85b5605cb5db7c2c6bc30520ef1b725ec02f3d139c77d64d6a78a6,2,3,1,-27604.13628001548
main_seed0,0,d1c1eb972d85b5605cb5db7c2c6bc30520ef1b725ec02f3d139c77d64d6a78a6,3,1,1,-52413.193541975226
main_seed0,0,d1c1eb972d85b5605cb5db7c2c6bc30520ef1b725ec02f3d139c77d64d6a78a6,3,2,1,-39592.98590178541
main_seed0,0,d1c1eb972d85b5605cb5db7c2c6bc30520ef1b725ec02f3d139c77d64d6a78a6,3,3,1,-19367.14995073006
main_seed0,0,d1c1eb972d85b5605cb5db7c2c6bc30520ef1b725ec02f3d139c77d64d6a78a6,4,1,1,-46960.89748090274
main_seed0,0,d1c1eb972d85b5605cb5db7c2c6bc30520ef1b725ec02f3d139c77d64d6a78a6,4,2,1,-34939.51574133187
main_seed0,0,d1c1eb972d85b5605cb5db7c2c6bc30520ef1b725ec02f3d139c77d64d6a78a6,4,3,1,-25666.477894085867
main_seed0,0,d1c1eb972d85b5605cb5db7c2c6bc30520ef1b725ec02f3d139c77d64d6a78a6,5,1,1,-47920.1845811322
main_seed0,0,d1c1eb972d85b5605cb5db7c2c6bc30520ef1b725ec02f3d139c77d64d6a78a6,5,2,1,-28605.439394256657
main_seed0,0,d1c1eb972d85b5605cb5db7c2c6bc30520ef1b725ec02f3d139c77d64d6a78a6,5,3,1,-21417.02599468873
main_seed0,0,d1c1eb972d85b5605cb5db7c2c6bc30520ef1b725ec02f3d139c77d64d6a78a6,6,1,1,-48302.04124814419
main_seed0,0,d1c1eb972d85b5605cb5db7c2c6bc30520ef1b725ec02f3d139c77d64d6a78a6,6,2,1,-32984.09306646854
main_seed0,0,d1c1eb972d85b5605cb5db7c2c6bc30520ef1b725ec02f3d139c77d64d6a78a6,6,3,1,-26486.654896538334
main_seed0,0,d1c1eb972d85b5605cb5db7c2c6bc30520ef1b725ec02f3d139c77d64d6a78a6,7,1,1,-47812.10905624681
main_seed0,0,d1c1eb972d85b5605cb5db7c2c6bc30520ef1b725ec02f3d139c77d64d6a78a6,7,2,1,-35437.63229083551
main_seed0,0,d1c1eb972d85b5605cb5db7c2c6bc30520ef1b725ec02f3d139c77d64d6a78a6,7,3,1,-24437.620864904813
main_seed0,0,d1c1eb972d85b5605cb5db7c2c6bc30520ef1b725ec02f3d139c77d64d6a78a6,8,1,1,-46812.63571453447
main_seed0,0,d1c1eb972d85b5605cb5db7c2c6bc30520ef1b725ec02f3d139c77d64d6a78a6,8,2,1,-32941.94438468732
main_seed0,0,d1c1eb972d85b5605cb5db7c2c6bc30520ef1b725ec02f3d139c77d64d6a78a6,8,3,1,-28565.33699860325
main_seed0,0,d1c1eb972d85b5605cb5db7c2c6bc30520ef1b725ec02f3d139c77d64d6a78a6,9,1,1,-47220.29642432517
main_seed0,0,d1c1eb972d85b5605cb5db7c2c6bc30520ef1b725ec02f3d139c77d64d6a78a6,9,2,1,-26902.939707150465
main_seed0,0,d1c1eb972d85b5605cb5db7c2c6bc30520ef1b725ec02f3d139c77d64d6a78a6,9,3,1,-28663.74980568955
main_seed0,0,d1c1eb972d85b5605cb5db7c2c6bc30520ef1b725ec02f3d139c77d64d6a78a6,10,1,1,-49740.83837732079
main_seed0,0,d1c1eb972d85b5605cb5db7c2c6bc30520ef1b725ec02f3d139c77d64d6a78a6,10,2,1,-34411.07271623201
main_seed0,0,d1c1eb972d85b5605cb5db7c2c6bc30520ef1b725ec02f3d139c77d64d6a78a6,10,3,1,-26098.59134223062
main_seed0,0,d1c1eb972d85b5605cb5db7c2c6bc30520ef1b725ec02f3d139c77d64d6a78a6,11,1,1,-53109.18387762236
main_seed0,0,d1c1eb972d85b5605cb5db7c2c6bc30520ef1b725ec02f3d139c77d64d6a78a6,11,2,1,-28752.18591751921
main_seed0,0,d1c1eb972d85b5605cb5db7c2c6bc30520ef1b725ec02f3d139c77d64d6a78a6,11,3,1,-24731.70779042507
main_seed0,0,d1c1eb972d85b5605cb5db7c2c6bc30520ef1b725ec02f3d139c77d64d6a78a6,12,1,1,-51474.14249599941
main_seed0,0,d1c1eb972d85b5605cb5db7c2c6bc30520ef1b725ec02f3d139c77d64d6a78a6,12,2,1,-32841.59112776168
main_seed0,0,d1c1eb972d85b5605cb5db7c2c6bc30520ef1b725ec02f3d139c77d64d6a78a6,12,3,1,-27489.75941199188
main_seed0,0,d1c1eb972d85b5605cb5db7c2c6bc30520ef1b725ec02f3d139c77d64d6a78a6,13,1,1,-50554.05731545879
main_seed0,0,d1c1eb972d85b5605cb5db7c2c6bc30520ef1b725ec02f3d139c77d64d6a78a6,13,2,1,-30248.297449853475
main_seed0,0,d1c1eb972d85b5605cb5db7c2c6bc30520ef1b725ec02f3d139c77d64d6a78a6,13,3,1,-28238.88868725244
main_seed0,0,d1c1eb972d85b5605cb5db7c2c6bc30520ef1b725ec02f3d139c77d64d6a78a6,14,1,1,-49048.1049858457
main_seed0,0,d1c1eb972d85b5605cb5db7c2c6bc30520ef1b725ec02f3d139c77d64d6a78a6,14,2,1,-33037.24436973749
main_seed0,0,d1c1eb972d85b5605cb5db7c2c6bc30520ef1b725ec02f3d139c77d64d6a78a6,14,3,1,-24816.34755920228
main_seed0,0,d1c1eb972d85b5605cb5db7c2c6bc30520ef1b725ec02f3d139c77d64d6a78a6,15,1,1,-53244.34906407849
main_seed0,0,d1c1eb972d85b5605cb5db7c2c6bc30520ef1b725ec02f3d139c77d64d6a78a6,15,2,1,-28207.84219019771
main_seed0,0,d1c1eb972d85b5605cb5db7c2c6bc30520ef1b725ec02f3d139c77d64d6a78a6,15,3,1,-22186.95143708708
main_seed0,0,d1c1eb972d85b5605cb5db7c2c6bc30520ef1b725ec02f3d139c77d64d6a78a6,16,1,1,-49252.28341222404
main_seed0,0,d1c1eb972d85b5605cb5db7c2c6bc30520ef1b725ec02f3d139c77d64d6a78a6,16,2,1,-31097.932131308706
main_seed0,0,d1c1eb972d85b5605cb5db7c2c6bc30520ef1b725ec02f3d139c77d64d6a78a6,16,3,1,-27618.417734251285
main_seed0,0,d1c1eb972d85b5605cb5db7c2c6bc30520ef1b725ec02f3d139c77d64d6a78a6,17,1,1,-47979.835274128
main_seed0,0,d1c1eb972d85b5605cb5db7c2c6bc30520ef1b725ec02f3d139c77d64d6a78a6,17,2,1,-30237.51072320365
main_seed0,0,d1c1eb972d85b5605cb5db7c2c6bc30520ef1b725ec02f3d139c77d64d6a78a6,17,3,1,-21517.865824362867
main_seed0,0,d1c1eb972d85b5605cb5db7c2c6bc30520ef1b725ec02f3d139c77d64d6a78a6,18,1,1,-49618.77019456696
main_seed0,0,d1c1eb972d85b5605cb5db7c2c6bc30520ef1b725ec02f3d139c77d64d6a78a6,18,2,1,-35320.57598854558
main_seed0,0,d1c1eb972d85b5605cb5db7c2c6bc30520ef1b725ec02f3d139c77d64d6a78a6,18,3,1,-23609.449748948395
main_seed0,0,d1c1eb972d85b5605cb5db7c2c6bc30520ef1b725ec02f3d139c77d64d6a78a6,19,1,1,-51636.79022595865
main_seed0,0,d1c1eb972d85b5605cb5db7c2c6bc30520ef1b725ec02f3d139c77d64d6a78a6,19,2,1,-36648.9252293105
main_seed0,0,d1c1eb972d85b5605cb5db7c2c6bc30520ef1b725ec02f3d139c77d64d6a78a6,19,3,1,-23849.69477582556
main_seed0,0,d1c1eb972d85b5605cb5db7c2c6bc30520ef1b725ec02f3d139c77d64d6a78a6,20,1,1,-48288.09574119034
main_seed0,0,d1c1eb972d85b5605cb5db7c2c6bc30520ef1b725ec02f3d139c77d64d6a78a6,20,2,1,-34510.88813256935
main_seed0,0,d1c1eb972d85b5605cb5db7c2c6bc30520ef1b725ec02f3d139c77d64d6a78a6,20,3,1,-29864.70243535929
main_seed0,0,d1c1eb972d85b5605cb5db7c2c6bc30520ef1b725ec02f3d139c77d64d6a78a6,21,1,1,-49239.39439116817
main_seed0,0,d1c1eb972d85b5605cb5db7c2c6bc30520ef1b725ec02f3d139c77d64d6a78a6,21,2,1,-35550.40737773288
main_seed0,0,d1c1eb972d85b5605cb5db7c2c6bc30520ef1b725ec02f3d139c77d64d6a78a6,21,3,1,-22380.104031653274
main_seed0,0,d1c1eb972d85b5605cb5db7c2c6bc30520ef1b725ec02f3d139c77d64d6a78a6,22,1,1,-50848.80002388664
main_seed0,0,d1c1eb972d85b5605cb5db7c2c6bc30520ef1b725ec02f3d139c77d64d6a78a6,22,2,1,-34168.01582250704
main_seed0,0,d1c1eb972d85b5605cb5db7c2c6bc30520ef1b725ec02f3d139c77d64d6a78a6,22,3,1,-22599.51420685464
main_seed0,0,d1c1eb972d85b5605cb5db7c2c6bc30520ef1b725ec02f3d139c77d64d6a78a6,23,1,1,-46361.80722528697
main_seed0,0,d1c1eb972d85b5605cb5db7c2c6bc30520ef1b725ec02f3d139c77d64d6a78a6,23,2,1,-38532.53667173999
main_seed0,0,d1c1eb972d85b5605cb5db7c2c6bc30520ef1b725ec02f3d139c77d64d6a78a6,23,3,1,-23514.28185955472
main_seed0,0,d1c1eb972d85b5605cb5db7c2c6bc30520ef1b725ec02f3d139c77d64d6a78a6,24,1,1,-49937.47000873387
main_seed0,0,d1c1eb972d85b5605cb5db7c2c6bc30520ef1b725ec02f3d139c77d64d6a78a6,24,2,1,-34907.00392495765
main_seed0,0,d1c1eb972d85b5605cb5db7c2c6bc30520ef1b725ec02f3d139c77d64d6a78a6,24,3,1,-27142.00467133185
main_seed0,0,d1c1eb972d85b5605cb5db7c2c6bc30520ef1b725ec02f3d139c77d64d6a78a6,25,1,1,-47505.13121164165
main_seed0,0,d1c1eb972d85b5605cb5db7c2c6bc30520ef1b725ec02f3d139c77d64d6a78a6,25,2,1,-29849.806790388237
main_seed0,0,d1c1eb972d85b5605cb5db7c2c6bc30520ef1b725ec02f3d139c77d64d6a78a6,25,3,1,-25509.559857559485
main_seed0,0,d1c1eb972d85b5605cb5db7c2c6bc30520ef1b725ec02f3d139c77d64d6a78a6,26,1,1,-52318.35037828492
main_seed0,0,d1c1eb972d85b5605cb5db7c2c6bc30520ef1b725ec02f3d139c77d64d6a78a6,26,2,1,-34417.93113046481
main_seed0,0,d1c1eb972d85b5605cb5db7c2c6bc30520ef1b725ec02f3d139c77d64d6a78a6,26,3,1,-21667.469407329103
main_seed0,0,d1c1eb972d85b5605cb5db7c2c6bc30520ef1b725ec02f3d139c77d64d6a78a6,27,1,1,-48751.26580558183
main_seed0,0,d1c1eb972d85b5605cb5db7c2c6bc30520ef1b725ec02f3d139c77d64d6a78a6,27,2,1,-33171.58383877459
main_seed0,0,d1c1eb972d85b5605cb5db7c2c6bc30520ef1b725ec02f3d139c77d64d6a78a6,27,3,1,-30321.927525566694
main_seed0,0,d1c1eb972d85b5605cb5db7c2c6bc30520ef1b725ec02f3d139c77d64d6a78a6,28,1,1,-45601.686334294
main_seed0,0,d1c1eb972d85b5605cb5db7c2c6bc30520ef1b725ec02f3d139c77d64d6a78a6,28,2,1,-38590.38727513965
main_seed0,0,d1c1eb972d85b5605cb5db7c2c6bc30520ef1b725ec02f3d139c77d64d6a78a6,28,3,1,-19740.824297302897
main_seed0,0,d1c1eb972d85b5605cb5db7c2c6bc30520ef1b725ec02f3d139c77d64d6a78a6,29,1,1,-49551.02292427547
main_seed0,0,d1c1eb972d85b5605cb5db7c2c6bc30520ef1b725ec02f3d139c77d64d6a78a6,29,2,1,-30455.345931421427
main_seed0,0,d1c1eb972d85b5605cb5db7c2c6bc30520ef1b725ec02f3d139c77d64d6a78a6,29,3,1,-26389.06230955044
main_seed0,0,d1c1eb972d85b5605cb5db7c2c6bc30520ef1b725ec02f3d139c77d64d6a78a6,30,1,1,-49418.528040007805
main_seed0,0,d1c1eb972d85b5605cb5db7c2c6bc30520ef1b725ec02f3d139c77d64d6a78a6,30,2,1,-29738.841059288738
main_seed0,0,d1c1eb972d85b5605cb5db7c2c6bc30520ef1b725ec02f3d139c77d64d6a78a6,30,3,1,-24819.864191283177
main_seed0,0,d1c1eb972d85b5605cb5db7c2c6bc30520ef1b725ec02f3d139c77d64d6a78a6,31,1,1,-48716.82081845931
main_seed0,0,d1c1eb972d85b5605cb5db7c2c6bc30520ef1b725ec02f3d139c77d64d6a78a6,31,2,1,-33602.46195803973
main_seed0,0,d1c1eb972d85b5605cb5db7c2c6bc30520ef1b725ec02f3d139c77d64d6a78a6,31,3,1,-25303.66558616858
main_seed0,0,d1c1eb972d85b5605cb5db7c2c6bc30520ef1b725ec02f3d139c77d64d6a78a6,32,1,1,-48843.2988785629
main_seed0,0,d1c1eb972d85b5605cb5db7c2c6bc30520ef1b725ec02f3d139c77d64d6a78a6,32,2,1,-30714.224149268062
main_seed0,0,d1c1eb972d85b5605cb5db7c2c6bc30520ef1b725ec02f3d139c77d64d6a78a6,32,3,1,-21978.184822388263
main_seed0,0,d1c1eb972d85b5605cb5db7c2c6bc30520ef1b725ec02f3d139c77d64d6a78a6,33,1,1,-51087.15350047374
main_seed0,0,d1c1eb972d85b5605cb5db7c2c6bc30520ef1b725ec02f3d139c77d64d6a78a6,33,2,1,-29945.245149382943
main_seed0,0,d1c1eb972d85b5605cb5db7c2c6bc30520ef1b725ec02f3d139c77d64d6a78a6,33,3,1,-22658.06183509195
main_seed0,0,d1c1eb972d85b5605cb5db7c2c6bc30520ef1b725ec02f3d139c77d64d6a78a6,34,1,1,-45314.84293499398
main_seed0,0,d1c1eb972d85b5605cb5db7c2c6bc30520ef1b725ec02f3d139c77d64d6a78a6,34,2,1,-29164.970589091885
main_seed0,0,d1c1eb972d85b5605cb5db7c2c6bc30520ef1b725ec02f3d139c77d64d6a78a6,34,3,1,-24576.54476205037
main_seed0,0,d1c1eb972d85b5605cb5db7c2c6bc30520ef1b725ec02f3d139c77d64d6a78a6,35,1,1,-51148.00052391588
main_seed0,0,d1c1eb972d85b5605cb5db7c2c6bc30520ef1b725ec02f3d139c77d64d6a78a6,35,2,1,-32905.042037111634
main_seed0,0,d1c1eb972d85b5605cb5db7c2c6bc30520ef1b725ec02f3d139c77d64d6a78a6,35,3,1,-25833.009190891356
main_seed0,0,d1c1eb972d85b5605cb5db7c2c6bc30520ef1b725ec02f3d139c77d64d6a78a6,36,1,1,-46376.97337606263
main_seed0,0,d1c1eb972d85b5605cb5db7c2c6bc30520ef1b725ec02f3d139c77d64d6a78a6,36,2,1,-36835.48841419101
main_seed0,0,d1c1eb972d85b5605cb5db7c2c6bc30520ef1b725ec02f3d139c77d64d6a78a6,36,3,1,-26547.574046332116
main_seed0,0,d1c1eb972d85b5605cb5db7c2c6bc30520ef1b725ec02f3d139c77d64d6a78a6,37,1,1,-46166.51772241469
main_seed0,0,d1c1eb972d85b5605cb5db7c2c6bc30520ef1b725ec02f3d139c77d64d6a78a6,37,2,1,-33786.487502390875
main_seed0,0,d1c1eb972d85b5605cb5db7c2c6bc30520ef1b725ec02f3d139c77d64d6a78a6,37,3,1,-20987.892530762638
main_seed0,0,d1c1eb972d85b5605cb5db7c2c6bc30520ef1b725ec02f3d139c77d64d6a78a6,38,1,1,-45243.7759685968
main_seed0,0,d1c1eb972d85b5605cb5db7c2c6bc30520ef1b725ec02f3d139c77d64d6a78a6,38,2,1,-31185.209998068087
main_seed0,0,d1c1eb972d85b5605cb5db7c2c6bc30520ef1b725ec02f3d139c77d64d6a78a6,38,3,1,-23998.4630686237
main_seed0,0,d1c1eb972d85b5605cb5db7c2c6bc30520ef1b725ec02f3d139c77d64d6a78a6,39,1,1,-48502.24882626749
main_seed0,0,d1c1eb972d85b5605cb5db7c2c6bc30520ef1b725ec02f3d139c77d64d6a78a6,39,2,1,-28439.32570001333
main_seed0,0,d1c1eb972d85b5605cb5db7c2c6bc30520ef1b725ec02f3d139c77d64d6a78a6,39,3,1,-22443.06183703807
main_seed0,0,d1c1eb972d85b5605cb5db7c2c6bc30520ef1b725ec02f3d139c77d64d6a78a6,40,1,1,-49162.58627447249
main_seed0,0,d1c1eb972d85b5605cb5db7c2c6bc30520ef1b725ec02f3d139c77d64d6a78a6,40,2,1,-25985.51182823175
main_seed0,0,d1c1eb972d85b5605cb5db7c2c6bc30520ef1b725ec02f3d139c77d64d6a78a6,40,3,1,-25115.31701065432
main_seed0,0,d1c1eb972d85b5605cb5db7c2c6bc30520ef1b725ec02f3d139c77d64d6a78a6,41,1,1,-50559.58376015174
main_seed0,0,d1c1eb972d85b5605cb5db7c2c6bc30520ef1b725ec02f3d139c77d64d6a78a6,41,2,1,-32805.84754685362
main_seed0,0,d1c1eb972d85b5605cb5db7c2c6bc30520ef1b725ec02f3d139c77d64d6a78a6,41,3,1,-22001.794201669207
main_seed0,0,d1c1eb972d85b5605cb5db7c2c6bc30520ef1b725ec02f3d139c77d64d6a78a6,42,1,1,-52665.90515296065
main_seed0,0,d1c1eb972d85b5605cb5db7c2c6bc30520ef1b725ec02f3d139c77d64d6a78a6,42,2,1,-31626.3276691524
main_seed0,0,d1c1eb972d85b5605cb5db7c2c6bc30520ef1b725ec02f3d139c77d64d6a78a6,42,3,1,-25718.329260457685
main_seed0,0,d1c1eb972d85b5605cb5db7c2c6bc30520ef1b725ec02f3d139c77d64d6a78a6,43,1,1,-52616.18769397741
main_seed0,0,d1c1eb972d85b5605cb5db7c2c6bc30520ef1b725ec02f3d139c77d64d6a78a6,43,2,1,-35313.36800435431
main_seed0,0,d1c1eb972d85b5605cb5db7c2c6bc30520ef1b725ec02f3d139c77d64d6a78a6,43,3,1,-26090.299018542515
main_seed0,0,d1c1eb972d85b5605cb5db7c2c6bc30520ef1b725ec02f3d139c77d64d6a78a6,44,1,1,-50595.57396450217
main_seed0,0,d1c1eb972d85b5605cb5db7c2c6bc30520ef1b725ec02f3d139c77d64d6a78a6,44,2,1,-30173.658469314865
main_seed0,0,d1c1eb972d85b5605cb5db7c2c6bc30520ef1b725ec02f3d139c77d64d6a78a6,44,3,1,-26511.92605741669
main_seed0,0,d1c1eb972d85b5605cb5db7c2c6bc30520ef1b725ec02f3d139c77d64d6a78a6,45,1,1,-51338.440437425306
main_seed0,0,d1c1eb972d85b5605cb5db7c2c6bc30520ef1b725ec02f3d139c77d64d6a78a6,45,2,1,-28373.028900441022
main_seed0,0,d1c1eb972d85b5605cb5db7c2c6bc30520ef1b725ec02f3d139c77d64d6a78a6,45,3,1,-21705.381452151218
main_seed0,0,d1c1eb972d85b5605cb5db7c2c6bc30520ef1b725ec02f3d139c77d64d6a78a6,46,1,1,-49176.50147066124
main_seed0,0,d1c1eb972d85b5605cb5db7c2c6bc30520ef1b725ec02f3d139c77d64d6a78a6,46,2,1,-30453.88554173105
main_seed0,0,d1c1eb972d85b5605cb5db7c2c6bc30520ef1b725ec02f3d139c77d64d6a78a6,46,3,1,-25399.66440062775
main_seed0,0,d1c1eb972d85b5605cb5db7c2c6bc30520ef1b725ec02f3d139c77d64d6a78a6,47,1,1,-47579.3745447565
main_seed0,0,d1c1eb972d85b5605cb5db7c2c6bc30520ef1b725ec02f3d139c77d64d6a78a6,47,2,1,-37769.15751356832
main_seed0,0,d1c1eb972d85b5605cb5db7c2c6bc30520ef1b725ec02f3d139c77d64d6a78a6,47,3,1,-23133.75200896071
main_seed0,0,d1c1eb972d85b5605cb5db7c2c6bc30520ef1b725ec02f3d139c77d64d6a78a6,48,1,1,-47098.38384012281
main_seed0,0,d1c1eb972d85b5605cb5db7c2c6bc30520ef1b725ec02f3d139c77d64d6a78a6,48,2,1,-32611.22181215163
main_seed0,0,d1c1eb972d85b5605cb5db7c2c6bc30520ef1b725ec02f3d139c77d64d6a78a6,48,3,1,-27829.53039031641
main_seed0,0,d1c1eb972d85b5605cb5db7c2c6bc30520ef1b725ec02f3d139c77d64d6a78a6,49,1,1,-50817.4718131792
main_seed0,0,d1c1eb972d85b5605cb5db7c2c6bc30520ef1b725ec02f3d139c77d64d6a78a6,49,2,1,-31600.387348896584
main_seed0,0,d1c1eb972d85b5605cb5db7c2c6bc30520ef1b725ec02f3d139c77d64d6a78a6,49,3,1,-25756.16602972153
main_seed0,0,d1c1eb972d85b5605cb5db7c2c6bc30520ef1b725ec02f3d139c77d64d6a78a6,50,1,1,-51211.61752674628
main_seed0,0,d1c1eb972d85b5605cb5db7c2c6bc30520ef1b725ec02f3d139c77d64d6a78a6,50,2,1,-32613.81830530792
main_seed0,0,d1c1eb972d85b5605cb5db7c2c6bc30520ef1b725ec02f3d139c77d64d6a78a6,50,3,1,-23019.99019622504
main_seed0,0,d1c1eb972d85b5605cb5db7c2c6bc30520ef1b725ec02f3d139c77d64d6a78a6,51,1,1,-44425.150706803564
main_seed0,0,d1c1eb972d85b5605cb5db7c2c6bc30520ef1b725ec02f3d139c77d64d6a78a6,51,2,1,-32349.351005365545
main_seed0,0,d1c1eb972d85b5605cb5db7c2c6bc30520ef1b725ec02f3d139c77d64d6a78a6,51,3,1,-27143.308886211835
main_seed0,0,d1c1eb972d85b5605cb5db7c2c6bc30520ef1b725ec02f3d139c77d64d6a78a6,52,1,1,-47409.22089399555
main_seed0,0,d1c1eb972d85b5605cb5db7c2c6bc30520ef1b725ec02f3d139c77d64d6a78a6,52,2,1,-31273.733669013604
main_seed0,0,d1c1eb972d85b5605cb5db7c2c6bc30520ef1b725ec02f3d139c77d64d6a78a6,52,3,1,-28671.161873914352
main_seed0,0,d1c1eb972d85b5605cb5db7c2c6bc30520ef1b725ec02f3d139c77d64d6a78a6,53,1,1,-50141.42796076894
main_seed0,0,d1c1eb972d85b5605cb5db7c2c6bc30520ef1b725ec02f3d139c77d64d6a78a6,53,2,1,-29575.72825382232
main_seed0,0,d1c1eb972d85b5605cb5db7c2c6bc30520ef1b725ec02f3d139c77d64d6a78a6,53,3,1,-24908.67063829767
main_seed0,0,d1c1eb972d85b5605cb5db7c2c6bc30520ef1b725ec02f3d139c77d64d6a78a6,54,1,1,-47853.18907568237
main_seed0,0,d1c1eb972d85b5605cb5db7c2c6bc30520ef1b725ec02f3d139c77d64d6a78a6,54,2,1,-34204.15083818656
main_seed0,0,d1c1eb972d85b5605cb5db7c2c6bc30520ef1b725ec02f3d139c77d64d6a78a6,54,3,1,-25624.11679705142
main_seed0,0,d1c1eb972d85b5605cb5db7c2c6bc30520ef1b725ec02f3d139c77d64d6a78a6,55,1,1,-47991.06146207839
main_seed0,0,d1c1eb972d85b5605cb5db7c2c6bc30520ef1b725ec02f3d139c77d64d6a78a6,55,2,1,-34098.675820765144
main_seed0,0,d1c1eb972d85b5605cb5db7c2c6bc30520ef1b725ec02f3d139c77d64d6a78a6,55,3,1,-30260.707033472205
main_seed0,0,d1c1eb972d85b5605cb5db7c2c6bc30520ef1b725ec02f3d139c77d64d6a78a6,56,1,1,-52517.40933976587
main_seed0,0,d1c1eb972d85b5605cb5db7c2c6bc30520ef1b725ec02f3d139c77d64d6a78a6,56,2,1,-36544.81737295649
main_seed0,0,d1c1eb972d85b5605cb5db7c2c6bc30520ef1b725ec02f3d139c77d64d6a78a6,56,3,1,-25346.993418540325
main_seed0,0,d1c1eb972d85b5605cb5db7c2c6bc30520ef1b725ec02f3d139c77d64d6a78a6,57,1,1,-52767.82058334179
main_seed0,0,d1c1eb972d85b5605cb5db7c2c6bc30520ef1b725ec02f3d139c77d64d6a78a6,57,2,1,-36247.23260281649
main_seed0,0,d1c1eb972d85b5605cb5db7c2c6bc30520ef1b725ec02f3d139c77d64d6a78a6,57,3,1,-24850.849989055205
main_seed0,0,d1c1eb972d85b5605cb5db7c2c6bc30520ef1b725ec02f3d139c77d64d6a78a6,58,1,1,-51911.80392098611
main_seed0,0,d1c1eb972d85b5605cb5db7c2c6bc30520ef1b725ec02f3d139c77d64d6a78a6,58,2,1,-32216.01478001509
main_seed0,0,d1c1eb972d85b5605cb5db7c2c6bc30520ef1b725ec02f3d139c77d64d6a78a6,58,3,1,-23716.131649726987
main_seed0,0,d1c1eb972d85b5605cb5db7c2c6bc30520ef1b725ec02f3d139c77d64d6a78a6,59,1,1,-50241.38355783977
main_seed0,0,d1c1eb972d85b5605cb5db7c2c6bc30520ef1b725ec02f3d139c77d64d6a78a6,59,2,1,-33631.90608296193
main_seed0,0,d1c1eb972d85b5605cb5db7c2c6bc30520ef1b725ec02f3d139c77d64d6a78a6,59,3,1,-22480.269732897348
main_seed0,0,d1c1eb972d85b5605cb5db7c2c6bc30520ef1b725ec02f3d139c77d64d6a78a6,60,1,1,-44348.84131311707
main_seed0,0,d1c1eb972d85b5605cb5db7c2c6bc30520ef1b725ec02f3d139c77d64d6a78a6,60,2,1,-36597.27125392633
main_seed0,0,d1c1eb972d85b5605cb5db7c2c6bc30520ef1b725ec02f3d139c77d64d6a78a6,60,3,1,-27107.483475469773
main_seed0,0,d1c1eb972d85b5605cb5db7c2c6bc30520ef1b725ec02f3d139c77d64d6a78a6,61,1,1,-47190.21494589459
main_seed0,0,d1c1eb972d85b5605cb5db7c2c6bc30520ef1b725ec02f3d139c77d64d6a78a6,61,2,1,-27018.834302554824
main_seed0,0,d1c1eb972d85b5605cb5db7c2c6bc30520ef1b725ec02f3d139c77d64d6a78a6,61,3,1,-23165.50491023697
main_seed0,0,d1c1eb972d85b5605cb5db7c2c6bc30520ef1b725ec02f3d139c77d64d6a78a6,62,1,1,-50096.87638946758
main_seed0,0,d1c1eb972d85b5605cb5db7c2c6bc30520ef1b725ec02f3d139c77d64d6a78a6,62,2,1,-26220.19722853389
main_seed0,0,d1c1eb972d85b5605cb5db7c2c6bc30520ef1b725ec02f3d139c77d64d6a78a6,62,3,1,-28310.254951786053
main_seed0,0,d1c1eb972d85b5605cb5db7c2c6bc30520ef1b725ec02f3d139c77d64d6a78a6,63,1,1,-50815.51475762758
main_seed0,0,d1c1eb972d85b5605cb5db7c2c6bc30520ef1b725ec02f3d139c77d64d6a78a6,63,2,1,-31878.49504099041
main_seed0,0,d1c1eb972d85b5605cb5db7c2c6bc30520ef1b725ec02f3d139c77d64d6a78a6,63,3,1,-30260.538315417278
main_seed0,0,d1c1eb972d85b5605cb5db7c2c6bc30520ef1b725ec02f3d139c77d64d6a78a6,64,1,1,-53084.65762018455
main_seed0,0,d1c1eb972d85b5605cb5db7c2c6bc30520ef1b725ec02f3d139c77d64d6a78a6,64,2,1,-33988.630723670445
main_seed0,0,d1c1eb972d85b5605cb5db7c2c6bc30520ef1b725ec02f3d139c77d64d6a78a6,64,3,1,-28349.00524999265
main_seed0,0,d1c1eb972d85b5605cb5db7c2c6bc30520ef1b725ec02f3d139c77d64d6a78a6,65,1,1,-48816.02739610102
main_seed0,0,d1c1eb972d85b5605cb5db7c2c6bc30520ef1b725ec02f3d139c77d64d6a78a6,65,2,1,-37700.49792043176
main_seed0,0,d1c1eb972d85b5605cb5db7c2c6bc30520ef1b725ec02f3d139c77d64d6a78a6,65,3,1,-23291.35220699253
main_seed0,0,d1c1eb972d85b5605cb5db7c2c6bc30520ef1b725ec02f3d139c77d64d6a78a6,66,1,1,-48085.01546285278
main_seed0,0,d1c1eb972d85b5605cb5db7c2c6bc30520ef1b725ec02f3d139c77d64d6a78a6,66,2,1,-29922.90996745861
main_seed0,0,d1c1eb972d85b5605cb5db7c2c6bc30520ef1b725ec02f3d139c77d64d6a78a6,66,3,1,-24830.40963632361
main_seed0,0,d1c1eb972d85b5605cb5db7c2c6bc30520ef1b725ec02f3d139c77d64d6a78a6,67,1,1,-48649.18518683162
main_seed0,0,d1c1eb972d85b5605cb5db7c2c6bc30520ef1b725ec02f3d139c77d64d6a78a6,67,2,1,-30393.34180606599
main_seed0,0,d1c1eb972d85b5605cb5db7c2c6bc30520ef1b725ec02f3d139c77d64d6a78a6,67,3,1,-24511.569691997523
main_seed0,0,d1c1eb972d85b5605cb5db7c2c6bc30520ef1b725ec02f3d139c77d64d6a78a6,68,1,1,-46744.041994664
main_seed0,0,d1c1eb972d85b5605cb5db7c2c6bc30520ef1b725ec02f3d139c77d64d6a78a6,68,2,1,-30343.172250914147
main_seed0,0,d1c1eb972d85b5605cb5db7c2c6bc30520ef1b725ec02f3d139c77d64d6a78a6,68,3,1,-26310.807309482418
main_seed0,0,d1c1eb972d85b5605cb5db7c2c6bc30520ef1b725ec02f3d139c77d64d6a78a6,69,1,1,-47039.25163255687
main_seed0,0,d1c1eb972d85b5605cb5db7c2c6bc30520ef1b725ec02f3d139c77d64d6a78a6,69,2,1,-32069.140884565437
main_seed0,0,d1c1eb972d85b5605cb5db7c2c6bc30520ef1b725ec02f3d139c77d64d6a78a6,69,3,1,-26302.98353194681
main_seed0,0,d1c1eb972d85b5605cb5db7c2c6bc30520ef1b725ec02f3d139c77d64d6a78a6,70,1,1,-45803.97117539309
main_seed0,0,d1c1eb972d85b5605cb5db7c2c6bc30520ef1b725ec02f3d139c77d64d6a78a6,70,2,1,-30357.276680478928
main_seed0,0,d1c1eb972d85b5605cb5db7c2c6bc30520ef1b725ec02f3d139c77d64d6a78a6,70,3,1,-24196.629977404253
main_seed0,0,d1c1eb972d85b5605cb5db7c2c6bc30520ef1b725ec02f3d139c77d64d6a78a6,71,1,1,-46500.795900351775
main_seed0,0,d1c1eb972d85b5605cb5db7c2c6bc30520ef1b725ec02f3d139c77d64d6a78a6,71,2,1,-33272.347903996146
main_seed0,0,d1c1eb972d85b5605cb5db7c2c6bc30520ef1b725ec02f3d139c77d64d6a78a6,71,3,1,-26048.585969343552
main_seed0,0,d1c1eb972d85b5605cb5db7c2c6bc30520ef1b725ec02f3d139c77d64d6a78a6,72,1,1,-49813.785153839606
main_seed0,0,d1c1eb972d85b5605cb5db7c2c6bc30520ef1b725ec02f3d139c77d64d6a78a6,72,2,1,-34072.566163918935
main_seed0,0,d1c1eb972d85b5605cb5db7c2c6bc30520ef1b725ec02f3d139c77d64d6a78a6,72,3,1,-25295.48903243464
main_seed0,0,d1c1eb972d85b5605cb5db7c2c6bc30520ef1b725ec02f3d139c77d64d6a78a6,73,1,1,-49527.594141873815
main_seed0,0,d1c1eb972d85b5605cb5db7c2c6bc30520ef1b725ec02f3d139c77d64d6a78a6,73,2,1,-38900.25208940103
main_seed0,0,d1c1eb972d85b5605cb5db7c2c6bc30520ef1b725ec02f3d139c77d64d6a78a6,73,3,1,-21629.288868381445
main_seed0,0,d1c1eb972d85b5605cb5db7c2c6bc30520ef1b725ec02f3d139c77d64d6a78a6,74,1,1,-48352.02756199801
main_seed0,0,d1c1eb972d85b5605cb5db7c2c6bc30520ef1b725ec02f3d139c77d64d6a78a6,74,2,1,-34545.97412253459
main_seed0,0,d1c1eb972d85b5605cb5db7c2c6bc30520ef1b725ec02f3d139c77d64d6a78a6,74,3,1,-22345.72851759409
main_seed0,0,d1c1eb972d85b5605cb5db7c2c6bc30520ef1b725ec02f3d139c77d64d6a78a6,75,1,1,-49728.04207589627
main_seed0,0,d1c1eb972d85b5605cb5db7c2c6bc30520ef1b725ec02f3d139c77d64d6a78a6,75,2,1,-35222.065139304206
main_seed0,0,d1c1eb972d85b5605cb5db7c2c6bc30520ef1b725ec02f3d139c77d64d6a78a6,75,3,1,-23646.358064628155
main_seed0,0,d1c1eb972d85b5605cb5db7c2c6bc30520ef1b725ec02f3d139c77d64d6a78a6,76,1,1,-47098.39976392065
main_seed0,0,d1c1eb972d85b5605cb5db7c2c6bc30520ef1b725ec02f3d139c77d64d6a78a6,76,2,1,-32068.16556284182
main_seed0,0,d1c1eb972d85b5605cb5db7c2c6bc30520ef1b725ec02f3d139c77d64d6a78a6,76,3,1,-25701.659273862984
main_seed0,0,d1c1eb972d85b5605cb5db7c2c6bc30520ef1b725ec02f3d139c77d64d6a78a6,77,1,1,-49463.17154702277
main_seed0,0,d1c1eb972d85b5605cb5db7c2c6bc30520ef1b725ec02f3d139c77d64d6a78a6,77,2,1,-36901.056786043
main_seed0,0,d1c1eb972d85b5605cb5db7c2c6bc30520ef1b725ec02f3d139c77d64d6a78a6,77,3,1,-24085.1960610479
main_seed0,0,d1c1eb972d85b5605cb5db7c2c6bc30520ef1b725ec02f3d139c77d64d6a78a6,78,1,1,-48505.64345395047
main_seed0,0,d1c1eb972d85b5605cb5db7c2c6bc30520ef1b725ec02f3d139c77d64d6a78a6,78,2,1,-33260.992069624954
main_seed0,0,d1c1eb972d85b5605cb5db7c2c6bc30520ef1b725ec02f3d139c77d64d6a78a6,78,3,1,-26026.299521868823
main_seed0,0,d1c1eb972d85b5605cb5db7c2c6bc30520ef1b725ec02f3d139c77d64d6a78a6,79,1,1,-46344.091876890205
main_seed0,0,d1c1eb972d85b5605cb5db7c2c6bc30520ef1b725ec02f3d139c77d64d6a78a6,79,2,1,-38874.021911430944
main_seed0,0,d1c1eb972d85b5605cb5db7c2c6bc30520ef1b725ec02f3d139c77d64d6a78a6,79,3,1,-24939.336384608687
main_seed0,0,d1c1eb972d85b5605cb5db7c2c6bc30520ef1b725ec02f3d139c77d64d6a78a6,80,1,1,-51524.43528622986
main_seed0,0,d1c1eb972d85b5605cb5db7c2c6bc30520ef1b725ec02f3d139c77d64d6a78a6,80,2,1,-37814.298184656334
main_seed0,0,d1c1eb972d85b5605cb5db7c2c6bc30520ef1b725ec02f3d139c77d64d6a78a6,80,3,1,-23024.26885167048
main_seed0,0,d1c1eb972d85b5605cb5db7c2c6bc30520ef1b725ec02f3d139c77d64d6a78a6,81,1,1,-48274.94243156252
main_seed0,0,d1c1eb972d85b5605cb5db7c2c6bc30520ef1b725ec02f3d139c77d64d6a78a6,81,2,1,-35650.79946975812
main_seed0,0,d1c1eb972d85b5605cb5db7c2c6bc30520ef1b725ec02f3d139c77d64d6a78a6,81,3,1,-23473.44540243179
main_seed0,0,d1c1eb972d85b5605cb5db7c2c6bc30520ef1b725ec02f3d139c77d64d6a78a6,82,1,1,-48283.40544417285
main_seed0,0,d1c1eb972d85b5605cb5db7c2c6bc30520ef1b725ec02f3d139c77d64d6a78a6,82,2,1,-29506.258257867383
main_seed0,0,d1c1eb972d85b5605cb5db7c2c6bc30520ef1b725ec02f3d139c77d64d6a78a6,82,3,1,-21336.670584939973
main_seed0,0,d1c1eb972d85b5605cb5db7c2c6bc30520ef1b725ec02f3d139c77d64d6a78a6,83,1,1,-51408.94641970805
main_seed0,0,d1c1eb972d85b5605cb5db7c2c6bc30520ef1b725ec02f3d139c77d64d6a78a6,83,2,1,-31887.15924095261
main_seed0,0,d1c1eb972d85b5605cb5db7c2c6bc30520ef1b725ec02f3d139c77d64d6a78a6,83,3,1,-21658.05300870034
main_seed0,0,d1c1eb972d85b5605cb5db7c2c6bc30520ef1b725ec02f3d139c77d64d6a78a6,84,1,1,-44563.1188583407
main_seed0,0,d1c1eb972d85b5605cb5db7c2c6bc30520ef1b725ec02f3d139c77d64d6a78a6,84,2,1,-34282.896617825776
main_seed0,0,d1c1eb972d85b5605cb5db7c2c6bc30520ef1b725ec02f3d139c77d64d6a78a6,84,3,1,-28896.08043456467
main_seed0,0,d1c1eb972d85b5605cb5db7c2c6bc30520ef1b725ec02f3d139c77d64d6a78a6,85,1,1,-47646.29043802664
main_seed0,0,d1c1eb972d85b5605cb5db7c2c6bc30520ef1b725ec02f3d139c77d64d6a78a6,85,2,1,-30363.376105064184
main_seed0,0,d1c1eb972d85b5605cb5db7c2c6bc30520ef1b725ec02f3d139c77d64d6a78a6,85,3,1,-24611.35890233163
main_seed0,0,d1c1eb972d85b5605cb5db7c2c6bc30520ef1b725ec02f3d139c77d64d6a78a6,86,1,1,-48119.17593293665
main_seed0,0,d1c1eb972d85b5605cb5db7c2c6bc30520ef1b725ec02f3d139c77d64d6a78a6,86,2,1,-30387.2947292323
main_seed0,0,d1c1eb972d85b5605cb5db7c2c6bc30520ef1b725ec02f3d139c77d64d6a78a6,86,3,1,-22930.9107269964
main_seed0,0,d1c1eb972d85b5605cb5db7c2c6bc30520ef1b725ec02f3d139c77d64d6a78a6,87,1,1,-49589.2284564431
main_seed0,0,d1c1eb972d85b5605cb5db7c2c6bc30520ef1b725ec02f3d139c77d64d6a78a6,87,2,1,-30078.812673165077
main_seed0,0,d1c1eb972d85b5605cb5db7c2c6bc30520ef1b725ec02f3d139c77d64d6a78a6,87,3,1,-20169.50613695461
main_seed0,0,d1c1eb972d85b5605cb5db7c2c6bc30520ef1b725ec02f3d139c77d64d6a78a6,88,1,1,-50390.986481691885
main_seed0,0,d1c1eb972d85b5605cb5db7c2c6bc30520ef1b725ec02f3d139c77d64d6a78a6,88,2,1,-34209.677794795934
main_seed0,0,d1c1eb972d85b5605cb5db7c2c6bc30520ef1b725ec02f3d139c77d64d6a78a6,88,3,1,-29165.714519541307
main_seed0,0,d1c1eb972d85b5605cb5db7c2c6bc30520ef1b725ec02f3d139c77d64d6a78a6,89,1,1,-49685.264194781805
main_seed0,0,d1c1eb972d85b5605cb5db7c2c6bc30520ef1b725ec02f3d139c77d64d6a78a6,89,2,1,-35441.16308327221
main_seed0,0,d1c1eb972d85b5605cb5db7c2c6bc30520ef1b725ec02f3d139c77d64d6a78a6,89,3,1,-24267.29333919999
main_seed0,0,d1c1eb972d85b5605cb5db7c2c6bc30520ef1b725ec02f3d139c77d64d6a78a6,90,1,1,-48170.08593802789
main_seed0,0,d1c1eb972d85b5605cb5db7c2c6bc30520ef1b725ec02f3d139c77d64d6a78a6,90,2,1,-37125.81537453277
main_seed0,0,d1c1eb972d85b5605cb5db7c2c6bc30520ef1b725ec02f3d139c77d64d6a78a6,90,3,1,-22030.787441998677
main_seed0,0,d1c1eb972d85b5605cb5db7c2c6bc30520ef1b725ec02f3d139c77d64d6a78a6,91,1,1,-45553.98544616048
main_seed0,0,d1c1eb972d85b5605cb5db7c2c6bc30520ef1b725ec02f3d139c77d64d6a78a6,91,2,1,-29119.928802828574
main_seed0,0,d1c1eb972d85b5605cb5db7c2c6bc30520ef1b725ec02f3d139c77d64d6a78a6,91,3,1,-21406.841812582148
main_seed0,0,d1c1eb972d85b5605cb5db7c2c6bc30520ef1b725ec02f3d139c77d64d6a78a6,92,1,1,-49113.77506011409
main_seed0,0,d1c1eb972d85b5605cb5db7c2c6bc30520ef1b725ec02f3d139c77d64d6a78a6,92,2,1,-33634.51208303175
main_seed0,0,d1c1eb972d85b5605cb5db7c2c6bc30520ef1b725ec02f3d139c77d64d6a78a6,92,3,1,-26345.803184776945
main_seed0,0,d1c1eb972d85b5605cb5db7c2c6bc30520ef1b725ec02f3d139c77d64d6a78a6,93,1,1,-48332.64336546337
main_seed0,0,d1c1eb972d85b5605cb5db7c2c6bc30520ef1b725ec02f3d139c77d64d6a78a6,93,2,1,-26849.78880390644
main_seed0,0,d1c1eb972d85b5605cb5db7c2c6bc30520ef1b725ec02f3d139c77d64d6a78a6,93,3,1,-25965.69195745472
main_seed0,0,d1c1eb972d85b5605cb5db7c2c6bc30520ef1b725ec02f3d139c77d64d6a78a6,94,1,1,-45433.766617116766
main_seed0,0,d1c1eb972d85b5605cb5db7c2c6bc30520ef1b725ec02f3d139c77d64d6a78a6,94,2,1,-30776.269517637465
main_seed0,0,d1c1eb972d85b5605cb5db7c2c6bc30520ef1b725ec02f3d139c77d64d6a78a6,94,3,1,-27347.85130833313
main_seed0,0,d1c1eb972d85b5605cb5db7c2c6bc30520ef1b725ec02f3d139c77d64d6a78a6,95,1,1,-46523.990903141246
main_seed0,0,d1c1eb972d85b5605cb5db7c2c6bc30520ef1b725ec02f3d139c77d64d6a78a6,95,2,1,-30878.33017999641
main_seed0,0,d1c1eb972d85b5605cb5db7c2c6bc30520ef1b725ec02f3d139c77d64d6a78a6,95,3,1,-25758.76302456217
main_seed0,0,d1c1eb972d85b5605cb5db7c2c6bc30520ef1b725ec02f3d139c77d64d6a78a6,96,1,1,-48293.01199936215
main_seed0,0,d1c1eb972d85b5605cb5db7c2c6bc30520ef1b725ec02f3d139c77d64d6a78a6,96,2,1,-30826.56563409403
main_seed0,0,d1c1eb972d85b5605cb5db7c2c6bc30520ef1b725ec02f3d139c77d64d6a78a6,96,3,1,-22983.11161436378
main_seed0,0,d1c1eb972d85b5605cb5db7c2c6bc30520ef1b725ec02f3d139c77d64d6a78a6,97,1,1,-43745.79900364441
main_seed0,0,d1c1eb972d85b5605cb5db7c2c6bc30520ef1b725ec02f3d139c77d64d6a78a6,97,2,1,-33556.9962091139
main_seed0,0,d1c1eb972d85b5605cb5db7c2c6bc30520ef1b725ec02f3d139c77d64d6a78a6,97,3,1,-28733.05015872963
main_seed0,0,d1c1eb972d85b5605cb5db7c2c6bc30520ef1b725ec02f3d139c77d64d6a78a6,98,1,1,-50038.584769040215
main_seed0,0,d1c1eb972d85b5605cb5db7c2c6bc30520ef1b725ec02f3d139c77d64d6a78a6,98,2,1,-28796.52838555044
main_seed0,0,d1c1eb972d85b5605cb5db7c2c6bc30520ef1b725ec02f3d139c77d64d6a78a6,98,3,1,-22888.756793928507
main_seed0,0,d1c1eb972d85b5605cb5db7c2c6bc30520ef1b725ec02f3d139c77d64d6a78a6,99,1,1,-53269.9126590967
main_seed0,0,d1c1eb972d85b5605cb5db7c2c6bc30520ef1b725ec02f3d139c77d64d6a78a6,99,2,1,-29527.740494043148
main_seed0,0,d1c1eb972d85b5605cb5db7c2c6bc30520ef1b725ec02f3d139c77d64d6a78a6,99,3,1,-23829.18672019345
main_seed0,0,d1c1eb972d85b5605cb5db7c2c6bc30520ef1b725ec02f3d139c77d64d6a78a6,100,1,1,-52858.33626376279
main_seed0,0,d1c1eb972d85b5605cb5db7c2c6bc30520ef1b725ec02f3d139c77d64d6a78a6,100,2,1,-29684.19308445724
main_seed0,0,d1c1eb972d85b5605cb5db7c2c6bc30520ef1b725ec02f3d139c77d64d6a78a6,100,3,1,-22523.49294942376
main_seed0,0,d1c1eb972d85b5605cb5db7c2c6bc30520ef1b725ec02f3d139c77d64d6a78a6,101,1,1,-52341.14291942376
main_seed0,0,d1c1eb972d85b5605cb5db7c2c6bc30520ef1b725ec02f3d139c77d64d6a78a6,101,2,1,-33374.21248860282
main_seed0,0,d1c1eb972d85b5605cb5db7c2c6bc30520ef1b725ec02f3d139c77d64d6a78a6,101,3,1,-23806.884887213964
main_seed0,0,d1c1eb972d85b5605cb5db7c2c6bc30520ef1b725ec02f3d139c77d64d6a78a6,102,1,1,-45855.611711628895
main_seed0,0,d1c1eb972d85b5605cb5db7c2c6bc30520ef1b725ec02f3d139c77d64d6a78a6,102,2,1,-27294.906976329294
main_seed0,0,d1c1eb972d85b5605cb5db7c2c6bc30520ef1b725ec02f3d139c77d64d6a78a6,102,3,1,-23601.408652979266
main_seed0,0,d1c1eb972d85b5605cb5db7c2c6bc30520ef1b725ec02f3d139c77d64d6a78a6,103,1,1,-43848.45440785348
main_seed0,0,d1c1eb972d85b5605cb5db7c2c6bc30520ef1b725ec02f3d139c77d64d6a78a6,103,2,1,-37143.65605346464
main_seed0,0,d1c1eb972d85b5605cb5db7c2c6bc30520ef1b725ec02f3d139c77d64d6a78a6,103,3,1,-28657.57122706361
main_seed0,0,d1c1eb972d85b5605cb5db7c2c6bc30520ef1b725ec02f3d139c77d64d6a78a6,104,1,1,-49507.79007713933
main_seed0,0,d1c1eb972d85b5605cb5db7c2c6bc30520ef1b725ec02f3d139c77d64d6a78a6,104,2,1,-36691.21603140711
main_seed0,0,d1c1eb972d85b5605cb5db7c2c6bc30520ef1b725ec02f3d139c77d64d6a78a6,104,3,1,-27605.50221930341
main_seed0,0,d1c1eb972d85b5605cb5db7c2c6bc30520ef1b725ec02f3d139c77d64d6a78a6,105,1,1,-50566.14761230168
main_seed0,0,d1c1eb972d85b5605cb5db7c2c6bc30520ef1b725ec02f3d139c77d64d6a78a6,105,2,1,-26944.36884551272
main_seed0,0,d1c1eb972d85b5605cb5db7c2c6bc30520ef1b725ec02f3d139c77d64d6a78a6,105,3,1,-24585.487895055645
main_seed0,0,d1c1eb972d85b5605cb5db7c2c6bc30520ef1b725ec02f3d139c77d64d6a78a6,106,1,1,-48398.37101672313
main_seed0,0,d1c1eb972d85b5605cb5db7c2c6bc30520ef1b725ec02f3d139c77d64d6a78a6,106,2,1,-26938.8423543946
main_seed0,0,d1c1eb972d85b5605cb5db7c2c6bc30520ef1b725ec02f3d139c77d64d6a78a6,106,3,1,-24921.845325193437
main_seed0,0,d1c1eb972d85b5605cb5db7c2c6bc30520ef1b725ec02f3d139c77d64d6a78a6,107,1,1,-50679.42708073397
main_seed0,0,d1c1eb972d85b5605cb5db7c2c6bc30520ef1b725ec02f3d139c77d64d6a78a6,107,2,1,-32907.01573072781
main_seed0,0,d1c1eb972d85b5605cb5db7c2c6bc30520ef1b725ec02f3d139c77d64d6a78a6,107,3,1,-29580.84811260621
main_seed0,0,d1c1eb972d85b5605cb5db7c2c6bc30520ef1b725ec02f3d139c77d64d6a78a6,108,1,1,-46746.847706129854
main_seed0,0,d1c1eb972d85b5605cb5db7c2c6bc30520ef1b725ec02f3d139c77d64d6a78a6,108,2,1,-33231.73657972846
main_seed0,0,d1c1eb972d85b5605cb5db7c2c6bc30520ef1b725ec02f3d139c77d64d6a78a6,108,3,1,-27723.586376694468
main_seed0,0,d1c1eb972d85b5605cb5db7c2c6bc30520ef1b725ec02f3d139c77d64d6a78a6,109,1,1,-47490.73353982469
main_seed0,0,d1c1eb972d85b5605cb5db7c2c6bc30520ef1b725ec02f3d139c77d64d6a78a6,109,2,1,-33848.0214020195
main_seed0,0,d1c1eb972d85b5605cb5db7c2c6bc30520ef1b725ec02f3d139c77d64d6a78a6,109,3,1,-21042.5504769806
main_seed0,0,d1c1eb972d85b5605cb5db7c2c6bc30520ef1b725ec02f3d139c77d64d6a78a6,110,1,1,-51649.43584664703
main_seed0,0,d1c1eb972d85b5605cb5db7c2c6bc30520ef1b725ec02f3d139c77d64d6a78a6,110,2,1,-37200.17181783078
main_seed0,0,d1c1eb972d85b5605cb5db7c2c6bc30520ef1b725ec02f3d139c77d64d6a78a6,110,3,1,-19940.184999767
main_seed0,0,d1c1eb972d85b5605cb5db7c2c6bc30520ef1b725ec02f3d139c77d64d6a78a6,111,1,1,-48183.024950439554
main_seed0,0,d1c1eb972d85b5605cb5db7c2c6bc30520ef1b725ec02f3d139c77d64d6a78a6,111,2,1,-35330.208997594505
main_seed0,0,d1c1eb972d85b5605cb5db7c2c6bc30520ef1b725ec02f3d139c77d64d6a78a6,111,3,1,-24124.035614925982
main_seed0,0,d1c1eb972d85b5605cb5db7c2c6bc30520ef1b725ec02f3d139c77d64d6a78a6,112,1,1,-48956.26538671093
main_seed0,0,d1c1eb972d85b5605cb5db7c2c6bc30520ef1b725ec02f3d139c77d64d6a78a6,112,2,1,-30415.87431374876
main_seed0,0,d1c1eb972d85b5605cb5db7c2c6bc30520ef1b725ec02f3d139c77d64d6a78a6,112,3,1,-26197.50853482477
main_seed0,0,d1c1eb972d85b5605cb5db7c2c6bc30520ef1b725ec02f3d139c77d64d6a78a6,113,1,1,-52177.32585921919
main_seed0,0,d1c1eb972d85b5605cb5db7c2c6bc30520ef1b725ec02f3d139c77d64d6a78a6,113,2,1,-36186.5330511547
main_seed0,0,d1c1eb972d85b5605cb5db7c2c6bc30520ef1b725ec02f3d139c77d64d6a78a6,113,3,1,-28131.404761457023
main_seed0,0,d1c1eb972d85b5605cb5db7c2c6bc30520ef1b725ec02f3d139c77d64d6a78a6,114,1,1,-47756.3121718447
main_seed0,0,d1c1eb972d85b5605cb5db7c2c6bc30520ef1b725ec02f3d139c77d64d6a78a6,114,2,1,-30486.78776225064
main_seed0,0,d1c1eb972d85b5605cb5db7c2c6bc30520ef1b725ec02f3d139c77d64d6a78a6,114,3,1,-24855.32344979837
main_seed0,0,d1c1eb972d85b5605cb5db7c2c6bc30520ef1b725ec02f3d139c77d64d6a78a6,115,1,1,-48566.64091012711
main_seed0,0,d1c1eb972d85b5605cb5db7c2c6bc30520ef1b725ec02f3d139c77d64d6a78a6,115,2,1,-25781.580413461797
main_seed0,0,d1c1eb972d85b5605cb5db7c2c6bc30520ef1b725ec02f3d139c77d64d6a78a6,115,3,1,-27446.70949281513
main_seed0,0,d1c1eb972d85b5605cb5db7c2c6bc30520ef1b725ec02f3d139c77d64d6a78a6,116,1,1,-48578.66613589952
main_seed0,0,d1c1eb972d85b5605cb5db7c2c6bc30520ef1b725ec02f3d139c77d64d6a78a6,116,2,1,-29437.61527126337
main_seed0,0,d1c1eb972d85b5605cb5db7c2c6bc30520ef1b725ec02f3d139c77d64d6a78a6,116,3,1,-23755.38501719498
main_seed0,0,d1c1eb972d85b5605cb5db7c2c6bc30520ef1b725ec02f3d139c77d64d6a78a6,117,1,1,-47614.661572803525
main_seed0,0,d1c1eb972d85b5605cb5db7c2c6bc30520ef1b725ec02f3d139c77d64d6a78a6,117,2,1,-30325.07585545535
main_seed0,0,d1c1eb972d85b5605cb5db7c2c6bc30520ef1b725ec02f3d139c77d64d6a78a6,117,3,1,-28191.46299854575
main_seed0,0,d1c1eb972d85b5605cb5db7c2c6bc30520ef1b725ec02f3d139c77d64d6a78a6,118,1,1,-47377.79775818144
main_seed0,0,d1c1eb972d85b5605cb5db7c2c6bc30520ef1b725ec02f3d139c77d64d6a78a6,118,2,1,-33202.68342947523
main_seed0,0,d1c1eb972d85b5605cb5db7c2c6bc30520ef1b725ec02f3d139c77d64d6a78a6,118,3,1,-27243.84397664816
main_seed0,0,d1c1eb972d85b5605cb5db7c2c6bc30520ef1b725ec02f3d139c77d64d6a78a6,119,1,1,-52149.495263402176
main_seed0,0,d1c1eb972d85b5605cb5db7c2c6bc30520ef1b725ec02f3d139c77d64d6a78a6,119,2,1,-30375.60303696789
main_seed0,0,d1c1eb972d85b5605cb5db7c2c6bc30520ef1b725ec02f3d139c77d64d6a78a6,119,3,1,-25219.875077567867
main_seed0,0,d1c1eb972d85b5605cb5db7c2c6bc30520ef1b725ec02f3d139c77d64d6a78a6,120,1,1,-52249.00871931965
main_seed0,0,d1c1eb972d85b5605cb5db7c2c6bc30520ef1b725ec02f3d139c77d64d6a78a6,120,2,1,-34830.4167911445
main_seed0,0,d1c1eb972d85b5605cb5db7c2c6bc30520ef1b725ec02f3d139c77d64d6a78a6,120,3,1,-24334.68854500619
main_seed0,0,d1c1eb972d85b5605cb5db7c2c6bc30520ef1b725ec02f3d139c77d64d6a78a6,121,1,1,-49543.65851438647
main_seed0,0,d1c1eb972d85b5605cb5db7c2c6bc30520ef1b725ec02f3d139c77d64d6a78a6,121,2,1,-32630.718126905787
main_seed0,0,d1c1eb972d85b5605cb5db7c2c6bc30520ef1b725ec02f3d139c77d64d6a78a6,121,3,1,-24156.023929832296
main_seed0,0,d1c1eb972d85b5605cb5db7c2c6bc30520ef1b725ec02f3d139c77d64d6a78a6,122,1,1,-48843.03726872867
main_seed0,0,d1c1eb972d85b5605cb5db7c2c6bc30520ef1b725ec02f3d139c77d64d6a78a6,122,2,1,-33583.17964388296
main_seed0,0,d1c1eb972d85b5605cb5db7c2c6bc30520ef1b725ec02f3d139c77d64d6a78a6,122,3,1,-24707.33281353656
main_seed0,0,d1c1eb972d85b5605cb5db7c2c6bc30520ef1b725ec02f3d139c77d64d6a78a6,123,1,1,-50469.211963694994
main_seed0,0,d1c1eb972d85b5605cb5db7c2c6bc30520ef1b725ec02f3d139c77d64d6a78a6,123,2,1,-36670.60932330282
main_seed0,0,d1c1eb972d85b5605cb5db7c2c6bc30520ef1b725ec02f3d139c77d64d6a78a6,123,3,1,-25574.3795803428
main_seed0,0,d1c1eb972d85b5605cb5db7c2c6bc30520ef1b725ec02f3d139c77d64d6a78a6,124,1,1,-51243.05142715704
main_seed0,0,d1c1eb972d85b5605cb5db7c2c6bc30520ef1b725ec02f3d139c77d64d6a78a6,124,2,1,-34800.483451874374
main_seed0,0,d1c1eb972d85b5605cb5db7c2c6bc30520ef1b725ec02f3d139c77d64d6a78a6,124,3,1,-26666.15161994889
main_seed0,0,d1c1eb972d85b5605cb5db7c2c6bc30520ef1b725ec02f3d139c77d64d6a78a6,125,1,1,-49221.59198188444
main_seed0,0,d1c1eb972d85b5605cb5db7c2c6bc30520ef1b725ec02f3d139c77d64d6a78a6,125,2,1,-29164.95051257796
main_seed0,0,d1c1eb972d85b5605cb5db7c2c6bc30520ef1b725ec02f3d139c77d64d6a78a6,125,3,1,-27216.19569725341
main_seed0,0,d1c1eb972d85b5605cb5db7c2c6bc30520ef1b725ec02f3d139c77d64d6a78a6,126,1,1,-49688.6988186102
main_seed0,0,d1c1eb972d85b5605cb5db7c2c6bc30520ef1b725ec02f3d139c77d64d6a78a6,126,2,1,-32164.423755557054
main_seed0,0,d1c1eb972d85b5605cb5db7c2c6bc30520ef1b725ec02f3d139c77d64d6a78a6,126,3,1,-24948.46366845003
main_seed0,0,d1c1eb972d85b5605cb5db7c2c6bc30520ef1b725ec02f3d139c77d64d6a78a6,127,1,1,-48238.78291991141
main_seed0,0,d1c1eb972d85b5605cb5db7c2c6bc30520ef1b725ec02f3d139c77d64d6a78a6,127,2,1,-34347.55838078824
main_seed0,0,d1c1eb972d85b5605cb5db7c2c6bc30520ef1b725ec02f3d139c77d64d6a78a6,127,3,1,-22275.46293926712
main_seed0,0,d1c1eb972d85b5605cb5db7c2c6bc30520ef1b725ec02f3d139c77d64d6a78a6,128,1,1,-49325.3845751137
main_seed0,0,d1c1eb972d85b5605cb5db7c2c6bc30520ef1b725ec02f3d139c77d64d6a78a6,128,2,1,-34174.64522077812
main_seed0,0,d1c1eb972d85b5605cb5db7c2c6bc30520ef1b725ec02f3d139c77d64d6a78a6,128,3,1,-23731.516935986125
main_seed0,0,d1c1eb972d85b5605cb5db7c2c6bc30520ef1b725ec02f3d139c77d64d6a78a6,129,1,1,-48960.633180710254
main_seed0,0,d1c1eb972d85b5605cb5db7c2c6bc30520ef1b725ec02f3d139c77d64d6a78a6,129,2,1,-31880.57959124689
main_seed0,0,d1c1eb972d85b5605cb5db7c2c6bc30520ef1b725ec02f3d139c77d64d6a78a6,129,3,1,-28073.44633288476
main_seed0,0,d1c1eb972d85b5605cb5db7c2c6bc30520ef1b725ec02f3d139c77d64d6a78a6,130,1,1,-50611.98507612508
main_seed0,0,d1c1eb972d85b5605cb5db7c2c6bc30520ef1b725ec02f3d139c77d64d6a78a6,130,2,1,-33519.72798483043
main_seed0,0,d1c1eb972d85b5605cb5db7c2c6bc30520ef1b725ec02f3d139c77d64d6a78a6,130,3,1,-20227.76589641366
main_seed0,0,d1c1eb972d85b5605cb5db7c2c6bc30520ef1b725ec02f3d139c77d64d6a78a6,131,1,1,-50163.90863724032
main_seed0,0,d1c1eb972d85b5605cb5db7c2c6bc30520ef1b725ec02f3d139c77d64d6a78a6,131,2,1,-27552.348952258413
main_seed0,0,d1c1eb972d85b5605cb5db7c2c6bc30520ef1b725ec02f3d139c77d64d6a78a6,131,3,1,-27162.529531543405
main_seed0,0,d1c1eb972d85b5605cb5db7c2c6bc30520ef1b725ec02f3d139c77d64d6a78a6,132,1,1,-51810.06727036962
main_seed0,0,d1c1eb972d85b5605cb5db7c2c6bc30520ef1b725ec02f3d139c77d64d6a78a6,132,2,1,-28953.715791627903
main_seed0,0,d1c1eb972d85b5605cb5db7c2c6bc30520ef1b725ec02f3d139c77d64d6a78a6,132,3,1,-27555.504744073827
main_seed0,0,d1c1eb972d85b5605cb5db7c2c6bc30520ef1b725ec02f3d139c77d64d6a78a6,133,1,1,-51429.2740961448
main_seed0,0,d1c1eb972d85b5605cb5db7c2c6bc30520ef1b725ec02f3d139c77d64d6a78a6,133,2,1,-26253.08468010285
main_seed0,0,d1c1eb972d85b5605cb5db7c2c6bc30520ef1b725ec02f3d139c77d64d6a78a6,133,3,1,-25606.265786958167
main_seed0,0,d1c1eb972d85b5605cb5db7c2c6bc30520ef1b725ec02f3d139c77d64d6a78a6,134,1,1,-49796.961697907886
main_seed0,0,d1c1eb972d85b5605cb5db7c2c6bc30520ef1b725ec02f3d139c77d64d6a78a6,134,2,1,-38390.06031412879
main_seed0,0,d1c1eb972d85b5605cb5db7c2c6bc30520ef1b725ec02f3d139c77d64d6a78a6,134,3,1,-23987.425717123777
main_seed0,0,d1c1eb972d85b5605cb5db7c2c6bc30520ef1b725ec02f3d139c77d64d6a78a6,135,1,1,-44631.10815350218
main_seed0,0,d1c1eb972d85b5605cb5db7c2c6bc30520ef1b725ec02f3d139c77d64d6a78a6,135,2,1,-29865.262037341083
main_seed0,0,d1c1eb972d85b5605cb5db7c2c6bc30520ef1b725ec02f3d139c77d64d6a78a6,135,3,1,-20360.975136219884
main_seed0,0,d1c1eb972d85b5605cb5db7c2c6bc30520ef1b725ec02f3d139c77d64d6a78a6,136,1,1,-49750.25644122709
main_seed0,0,d1c1eb972d85b5605cb5db7c2c6bc30520ef1b725ec02f3d139c77d64d6a78a6,136,2,1,-35347.673602588024
main_seed0,0,d1c1eb972d85b5605cb5db7c2c6bc30520ef1b725ec02f3d139c77d64d6a78a6,136,3,1,-24212.915755707552
main_seed0,0,d1c1eb972d85b5605cb5db7c2c6bc30520ef1b725ec02f3d139c77d64d6a78a6,137,1,1,-50478.8327705808
main_seed0,0,d1c1eb972d85b5605cb5db7c2c6bc30520ef1b725ec02f3d139c77d64d6a78a6,137,2,1,-27106.62897878979
main_seed0,0,d1c1eb972d85b5605cb5db7c2c6bc30520ef1b725ec02f3d139c77d64d6a78a6,137,3,1,-20530.75562442012
main_seed0,0,d1c1eb972d85b5605cb5db7c2c6bc30520ef1b725ec02f3d139c77d64d6a78a6,138,1,1,-51846.26039203083
main_seed0,0,d1c1eb972d85b5605cb5db7c2c6bc30520ef1b725ec02f3d139c77d64d6a78a6,138,2,1,-32761.35761873785
main_seed0,0,d1c1eb972d85b5605cb5db7c2c6bc30520ef1b725ec02f3d139c77d64d6a78a6,138,3,1,-23987.726167658027
main_seed0,0,d1c1eb972d85b5605cb5db7c2c6bc30520ef1b725ec02f3d139c77d64d6a78a6,139,1,1,-51653.36213487416
main_seed0,0,d1c1eb972d85b5605cb5db7c2c6bc30520ef1b725ec02f3d139c77d64d6a78a6,139,2,1,-29014.911098912613
main_seed0,0,d1c1eb972d85b5605cb5db7c2c6bc30520ef1b725ec02f3d139c77d64d6a78a6,139,3,1,-26031.463388452037
main_seed0,0,d1c1eb972d85b5605cb5db7c2c6bc30520ef1b725ec02f3d139c77d64d6a78a6,140,1,1,-46943.29259620445
main_seed0,0,d1c1eb972d85b5605cb5db7c2c6bc30520ef1b725ec02f3d139c77d64d6a78a6,140,2,1,-32280.427137422284
main_seed0,0,d1c1eb972d85b5605cb5db7c2c6bc30520ef1b725ec02f3d139c77d64d6a78a6,140,3,1,-21781.71313598361
main_seed0,0,d1c1eb972d85b5605cb5db7c2c6bc30520ef1b725ec02f3d139c77d64d6a78a6,141,1,1,-45804.176044379405
main_seed0,0,d1c1eb972d85b5605cb5db7c2c6bc30520ef1b725ec02f3d139c77d64d6a78a6,141,2,1,-36451.410453398814
main_seed0,0,d1c1eb972d85b5605cb5db7c2c6bc30520ef1b725ec02f3d139c77d64d6a78a6,141,3,1,-26745.623990186563
main_seed0,0,d1c1eb972d85b5605cb5db7c2c6bc30520ef1b725ec02f3d139c77d64d6a78a6,142,1,1,-47008.985576494175
main_seed0,0,d1c1eb972d85b5605cb5db7c2c6bc30520ef1b725ec02f3d139c77d64d6a78a6,142,2,1,-28971.507029076023
main_seed0,0,d1c1eb972d85b5605cb5db7c2c6bc30520ef1b725ec02f3d139c77d64d6a78a6,142,3,1,-28683.91286200118
main_seed0,0,d1c1eb972d85b5605cb5db7c2c6bc30520ef1b725ec02f3d139c77d64d6a78a6,143,1,1,-46402.38193158471
main_seed0,0,d1c1eb972d85b5605cb5db7c2c6bc30520ef1b725ec02f3d139c77d64d6a78a6,143,2,1,-30484.33193676322
main_seed0,0,d1c1eb972d85b5605cb5db7c2c6bc30520ef1b725ec02f3d139c77d64d6a78a6,143,3,1,-21590.113294940376
main_seed0,0,d1c1eb972d85b5605cb5db7c2c6bc30520ef1b725ec02f3d139c77d64d6a78a6,144,1,1,-46718.79251703667
main_seed0,0,d1c1eb972d85b5605cb5db7c2c6bc30520ef1b725ec02f3d139c77d64d6a78a6,144,2,1,-34490.573879250565
main_seed0,0,d1c1eb972d85b5605cb5db7c2c6bc30520ef1b725ec02f3d139c77d64d6a78a6,144,3,1,-19744.119234522488
main_seed0,0,d1c1eb972d85b5605cb5db7c2c6bc30520ef1b725ec02f3d139c77d64d6a78a6,145,1,1,-49764.72426787004
main_seed0,0,d1c1eb972d85b5605cb5db7c2c6bc30520ef1b725ec02f3d139c77d64d6a78a6,145,2,1,-39694.993500639226
main_seed0,0,d1c1eb972d85b5605cb5db7c2c6bc30520ef1b725ec02f3d139c77d64d6a78a6,145,3,1,-23611.073432064884
main_seed0,0,d1c1eb972d85b5605cb5db7c2c6bc30520ef1b725ec02f3d139c77d64d6a78a6,146,1,1,-50291.77800141153
main_seed0,0,d1c1eb972d85b5605cb5db7c2c6bc30520ef1b725ec02f3d139c77d64d6a78a6,146,2,1,-26003.45389529015
main_seed0,0,d1c1eb972d85b5605cb5db7c2c6bc30520ef1b725ec02f3d139c77d64d6a78a6,146,3,1,-28110.606473629174
main_seed0,0,d1c1eb972d85b5605cb5db7c2c6bc30520ef1b725ec02f3d139c77d64d6a78a6,147,1,1,-50612.54018868791
main_seed0,0,d1c1eb972d85b5605cb5db7c2c6bc30520ef1b725ec02f3d139c77d64d6a78a6,147,2,1,-35469.691311701245
main_seed0,0,d1c1eb972d85b5605cb5db7c2c6bc30520ef1b725ec02f3d139c77d64d6a78a6,147,3,1,-21472.58941313518
main_seed0,0,d1c1eb972d85b5605cb5db7c2c6bc30520ef1b725ec02f3d139c77d64d6a78a6,148,1,1,-48675.90533121675
main_seed0,0,d1c1eb972d85b5605cb5db7c2c6bc30520ef1b725ec02f3d139c77d64d6a78a6,148,2,1,-29914.356165582103
main_seed0,0,d1c1eb972d85b5605cb5db7c2c6bc30520ef1b725ec02f3d139c77d64d6a78a6,148,3,1,-25733.81609827862
main_seed0,0,d1c1eb972d85b5605cb5db7c2c6bc30520ef1b725ec02f3d139c77d64d6a78a6,149,1,1,-50496.98712042876
main_seed0,0,d1c1eb972d85b5605cb5db7c2c6bc30520ef1b725ec02f3d139c77d64d6a78a6,149,2,1,-33082.939601054524
main_seed0,0,d1c1eb972d85b5605cb5db7c2c6bc30520ef1b725ec02f3d139c77d64d6a78a6,149,3,1,-22796.333597136934
main_seed0,0,d1c1eb972d85b5605cb5db7c2c6bc30520ef1b725ec02f3d139c77d64d6a78a6,150,1,1,-51775.68221075937
main_seed0,0,d1c1eb972d85b5605cb5db7c2c6bc30520ef1b725ec02f3d139c77d64d6a78a6,150,2,1,-31638.072768387938
main_seed0,0,d1c1eb972d85b5605cb5db7c2c6bc30520ef1b725ec02f3d139c77d64d6a78a6,150,3,1,-26606.72029138779
main_seed0,0,d1c1eb972d85b5605cb5db7c2c6bc30520ef1b725ec02f3d139c77d64d6a78a6,151,1,1,-51469.6555429516
main_seed0,0,d1c1eb972d85b5605cb5db7c2c6bc30520ef1b725ec02f3d139c77d64d6a78a6,151,2,1,-30614.70658509379
main_seed0,0,d1c1eb972d85b5605cb5db7c2c6bc30520ef1b725ec02f3d139c77d64d6a78a6,151,3,1,-22410.346294972765
main_seed0,0,d1c1eb972d85b5605cb5db7c2c6bc30520ef1b725ec02f3d139c77d64d6a78a6,152,1,1,-47656.54029027104
main_seed0,0,d1c1eb972d85b5605cb5db7c2c6bc30520ef1b725ec02f3d139c77d64d6a78a6,152,2,1,-34136.22950321186
main_seed0,0,d1c1eb972d85b5605cb5db7c2c6bc30520ef1b725ec02f3d139c77d64d6a78a6,152,3,1,-23463.67440957676
main_seed0,0,d1c1eb972d85b5605cb5db7c2c6bc30520ef1b725ec02f3d139c77d64d6a78a6,153,1,1,-51436.46683708722
main_seed0,0,d1c1eb972d85b5605cb5db7c2c6bc30520ef1b725ec02f3d139c77d64d6a78a6,153,2,1,-30691.453699625385
main_seed0,0,d1c1eb972d85b5605cb5db7c2c6bc30520ef1b725ec02f3d139c77d64d6a78a6,153,3,1,-28382.89196893517
main_seed0,0,d1c1eb972d85b5605cb5db7c2c6bc30520ef1b725ec02f3d139c77d64d6a78a6,154,1,1,-47680.32874326076
main_seed0,0,d1c1eb972d85b5605cb5db7c2c6bc30520ef1b725ec02f3d139c77d64d6a78a6,154,2,1,-33913.49589945737
main_seed0,0,d1c1eb972d85b5605cb5db7c2c6bc30520ef1b725ec02f3d139c77d64d6a78a6,154,3,1,-21756.871306044377
main_seed0,0,d1c1eb972d85b5605cb5db7c2c6bc30520ef1b725ec02f3d139c77d64d6a78a6,155,1,1,-49658.8897105317
main_seed0,0,d1c1eb972d85b5605cb5db7c2c6bc30520ef1b725ec02f3d139c77d64d6a78a6,155,2,1,-24814.023458146057
main_seed0,0,d1c1eb972d85b5605cb5db7c2c6bc30520ef1b725ec02f3d139c77d64d6a78a6,155,3,1,-27077.072426479743
main_seed0,0,d1c1eb972d85b5605cb5db7c2c6bc30520ef1b725ec02f3d139c77d64d6a78a6,156,1,1,-46985.71943978917
main_seed0,0,d1c1eb972d85b5605cb5db7c2c6bc30520ef1b725ec02f3d139c77d64d6a78a6,156,2,1,-29067.910009040283
main_seed0,0,d1c1eb972d85b5605cb5db7c2c6bc30520ef1b725ec02f3d139c77d64d6a78a6,156,3,1,-29298.483483575517
main_seed0,0,d1c1eb972d85b5605cb5db7c2c6bc30520ef1b725ec02f3d139c77d64d6a78a6,157,1,1,-48184.81858983582
main_seed0,0,d1c1eb972d85b5605cb5db7c2c6bc30520ef1b725ec02f3d139c77d64d6a78a6,157,2,1,-25861.76916597937
main_seed0,0,d1c1eb972d85b5605cb5db7c2c6bc30520ef1b725ec02f3d139c77d64d6a78a6,157,3,1,-21056.143132637484
main_seed0,0,d1c1eb972d85b5605cb5db7c2c6bc30520ef1b725ec02f3d139c77d64d6a78a6,158,1,1,-45971.44376469587
main_seed0,0,d1c1eb972d85b5605cb5db7c2c6bc30520ef1b725ec02f3d139c77d64d6a78a6,158,2,1,-28705.23953775887
main_seed0,0,d1c1eb972d85b5605cb5db7c2c6bc30520ef1b725ec02f3d139c77d64d6a78a6,158,3,1,-24973.354709753923
main_seed0,0,d1c1eb972d85b5605cb5db7c2c6bc30520ef1b725ec02f3d139c77d64d6a78a6,159,1,1,-51172.81966160236
main_seed0,0,d1c1eb972d85b5605cb5db7c2c6bc30520ef1b725ec02f3d139c77d64d6a78a6,159,2,1,-32093.79909178486
main_seed0,0,d1c1eb972d85b5605cb5db7c2c6bc30520ef1b725ec02f3d139c77d64d6a78a6,159,3,1,-24531.374399599878
main_seed0,0,d1c1eb972d85b5605cb5db7c2c6bc30520ef1b725ec02f3d139c77d64d6a78a6,160,1,1,-46066.53450969093
main_seed0,0,d1c1eb972d85b5605cb5db7c2c6bc30520ef1b725ec02f3d139c77d64d6a78a6,160,2,1,-25468.87313365868
main_seed0,0,d1c1eb972d85b5605cb5db7c2c6bc30520ef1b725ec02f3d139c77d64d6a78a6,160,3,1,-28956.22268000189
main_seed0,0,d1c1eb972d85b5605cb5db7c2c6bc30520ef1b725ec02f3d139c77d64d6a78a6,161,1,1,-47783.8932255112
main_seed0,0,d1c1eb972d85b5605cb5db7c2c6bc30520ef1b725ec02f3d139c77d64d6a78a6,161,2,1,-33552.953065984635
main_seed0,0,d1c1eb972d85b5605cb5db7c2c6bc30520ef1b725ec02f3d139c77d64d6a78a6,161,3,1,-24467.413589433432
main_seed0,0,d1c1eb972d85b5605cb5db7c2c6bc30520ef1b725ec02f3d139c77d64d6a78a6,162,1,1,-47015.2981116453
main_seed0,0,d1c1eb972d85b5605cb5db7c2c6bc30520ef1b725ec02f3d139c77d64d6a78a6,162,2,1,-33172.42699560736
main_seed0,0,d1c1eb972d85b5605cb5db7c2c6bc30520ef1b725ec02f3d139c77d64d6a78a6,162,3,1,-23213.020940188624
main_seed0,0,d1c1eb972d85b5605cb5db7c2c6bc30520ef1b725ec02f3d139c77d64d6a78a6,163,1,1,-49021.22412334102
main_seed0,0,d1c1eb972d85b5605cb5db7c2c6bc30520ef1b725ec02f3d139c77d64d6a78a6,163,2,1,-29857.453068576546
main_seed0,0,d1c1eb972d85b5605cb5db7c2c6bc30520ef1b725ec02f3d139c77d64d6a78a6,163,3,1,-26199.928893045064
main_seed0,0,d1c1eb972d85b5605cb5db7c2c6bc30520ef1b725ec02f3d139c77d64d6a78a6,164,1,1,-49192.330044997725
main_seed0,0,d1c1eb972d85b5605cb5db7c2c6bc30520ef1b725ec02f3d139c77d64d6a78a6,164,2,1,-32295.714363503124
main_seed0,0,d1c1eb972d85b5605cb5db7c2c6bc30520ef1b725ec02f3d139c77d64d6a78a6,164,3,1,-26157.208777757383
main_seed0,0,d1c1eb972d85b5605cb5db7c2c6bc30520ef1b725ec02f3d139c77d64d6a78a6,165,1,1,-50995.17849520176
main_seed0,0,d1c1eb972d85b5605cb5db7c2c6bc30520ef1b725ec02f3d139c77d64d6a78a6,165,2,1,-30730.408203875875
main_seed0,0,d1c1eb972d85b5605cb5db7c2c6bc30520ef1b725ec02f3d139c77d64d6a78a6,165,3,1,-23939.195182256757
main_seed0,0,d1c1eb972d85b5605cb5db7c2c6bc30520ef1b725ec02f3d139c77d64d6a78a6,166,1,1,-51707.321273405
main_seed0,0,d1c1eb972d85b5605cb5db7c2c6bc30520ef1b725ec02f3d139c77d64d6a78a6,166,2,1,-30235.553979861084
main_seed0,0,d1c1eb972d85b5605cb5db7c2c6bc30520ef1b725ec02f3d139c77d64d6a78a6,166,3,1,-22773.381568472338
main_seed0,0,d1c1eb972d85b5605cb5db7c2c6bc30520ef1b725ec02f3d139c77d64d6a78a6,167,1,1,-46503.39465457605
main_seed0,0,d1c1eb972d85b5605cb5db7c2c6bc30520ef1b725ec02f3d139c77d64d6a78a6,167,2,1,-36513.6337791826
main_seed0,0,d1c1eb972d85b5605cb5db7c2c6bc30520ef1b725ec02f3d139c77d64d6a78a6,167,3,1,-25270.787713212787
main_seed0,0,d1c1eb972d85b5605cb5db7c2c6bc30520ef1b725ec02f3d139c77d64d6a78a6,168,1,1,-50875.961066135744
main_seed0,0,d1c1eb972d85b5605cb5db7c2c6bc30520ef1b725ec02f3d139c77d64d6a78a6,168,2,1,-30807.4734805058
main_seed0,0,d1c1eb972d85b5605cb5db7c2c6bc30520ef1b725ec02f3d139c77d64d6a78a6,168,3,1,-25129.719731966496
main_seed0,0,d1c1eb972d85b5605cb5db7c2c6bc30520ef1b725ec02f3d139c77d64d6a78a6,169,1,1,-46808.97157790218
main_seed0,0,d1c1eb972d85b5605cb5db7c2c6bc30520ef1b725ec02f3d139c77d64d6a78a6,169,2,1,-32076.13462556857
main_seed0,0,d1c1eb972d85b5605cb5db7c2c6bc30520ef1b725ec02f3d139c77d64d6a78a6,169,3,1,-22018.94406492788
main_seed0,0,d1c1eb972d85b5605cb5db7c2c6bc30520ef1b725ec02f3d139c77d64d6a78a6,170,1,1,-50092.12394692427
main_seed0,0,d1c1eb972d85b5605cb5db7c2c6bc30520ef1b725ec02f3d139c77d64d6a78a6,170,2,1,-28607.65688268352
main_seed0,0,d1c1eb972d85b5605cb5db7c2c6bc30520ef1b725ec02f3d139c77d64d6a78a6,170,3,1,-21252.29602667433
main_seed0,0,d1c1eb972d85b5605cb5db7c2c6bc30520ef1b725ec02f3d139c77d64d6a78a6,171,1,1,-50593.310968698526
main_seed0,0,d1c1eb972d85b5605cb5db7c2c6bc30520ef1b725ec02f3d139c77d64d6a78a6,171,2,1,-30269.862597141928
main_seed0,0,d1c1eb972d85b5605cb5db7c2c6bc30520ef1b725ec02f3d139c77d64d6a78a6,171,3,1,-28008.554199471728
main_seed0,0,d1c1eb972d85b5605cb5db7c2c6bc30520ef1b725ec02f3d139c77d64d6a78a6,172,1,1,-50044.50835214952
main_seed0,0,d1c1eb972d85b5605cb5db7c2c6bc30520ef1b725ec02f3d139c77d64d6a78a6,172,2,1,-35572.29785744486
main_seed0,0,d1c1eb972d85b5605cb5db7c2c6bc30520ef1b725ec02f3d139c77d64d6a78a6,172,3,1,-22431.7474911208
main_seed0,0,d1c1eb972d85b5605cb5db7c2c6bc30520ef1b725ec02f3d139c77d64d6a78a6,173,1,1,-52319.40935466268
main_seed0,0,d1c1eb972d85b5605cb5db7c2c6bc30520ef1b725ec02f3d139c77d64d6a78a6,173,2,1,-31032.83420347535
main_seed0,0,d1c1eb972d85b5605cb5db7c2c6bc30520ef1b725ec02f3d139c77d64d6a78a6,173,3,1,-23115.08211980153
main_seed0,0,d1c1eb972d85b5605cb5db7c2c6bc30520ef1b725ec02f3d139c77d64d6a78a6,174,1,1,-47442.29325360435
main_seed0,0,d1c1eb972d85b5605cb5db7c2c6bc30520ef1b725ec02f3d139c77d64d6a78a6,174,2,1,-25256.821425956943
main_seed0,0,d1c1eb972d85b5605cb5db7c2c6bc30520ef1b725ec02f3d139c77d64d6a78a6,174,3,1,-26643.296918044467
main_seed0,0,d1c1eb972d85b5605cb5db7c2c6bc30520ef1b725ec02f3d139c77d64d6a78a6,175,1,1,-47181.48863767233
main_seed0,0,d1c1eb972d85b5605cb5db7c2c6bc30520ef1b725ec02f3d139c77d64d6a78a6,175,2,1,-34651.06285059728
main_seed0,0,d1c1eb972d85b5605cb5db7c2c6bc30520ef1b725ec02f3d139c77d64d6a78a6,175,3,1,-22539.663521590708
main_seed0,0,d1c1eb972d85b5605cb5db7c2c6bc30520ef1b725ec02f3d139c77d64d6a78a6,176,1,1,-45210.0820006934
main_seed0,0,d1c1eb972d85b5605cb5db7c2c6bc30520ef1b725ec02f3d139c77d64d6a78a6,176,2,1,-31963.479817378557
main_seed0,0,d1c1eb972d85b5605cb5db7c2c6bc30520ef1b725ec02f3d139c77d64d6a78a6,176,3,1,-29308.83524004931
main_seed0,0,d1c1eb972d85b5605cb5db7c2c6bc30520ef1b725ec02f3d139c77d64d6a78a6,177,1,1,-49893.454897375246
main_seed0,0,d1c1eb972d85b5605cb5db7c2c6bc30520ef1b725ec02f3d139c77d64d6a78a6,177,2,1,-31783.41236713923
main_seed0,0,d1c1eb972d85b5605cb5db7c2c6bc30520ef1b725ec02f3d139c77d64d6a78a6,177,3,1,-25228.9180514398
main_seed0,0,d1c1eb972d85b5605cb5db7c2c6bc30520ef1b725ec02f3d139c77d64d6a78a6,178,1,1,-46322.880915572605
main_seed0,0,d1c1eb972d85b5605cb5db7c2c6bc30520ef1b725ec02f3d139c77d64d6a78a6,178,2,1,-31643.434645914967
main_seed0,0,d1c1eb972d85b5605cb5db7c2c6bc30520ef1b725ec02f3d139c77d64d6a78a6,178,3,1,-20554.88519593489
main_seed0,0,d1c1eb972d85b5605cb5db7c2c6bc30520ef1b725ec02f3d139c77d64d6a78a6,179,1,1,-44426.52407096379
main_seed0,0,d1c1eb972d85b5605cb5db7c2c6bc30520ef1b725ec02f3d139c77d64d6a78a6,179,2,1,-33346.592406421456
main_seed0,0,d1c1eb972d85b5605cb5db7c2c6bc30520ef1b725ec02f3d139c77d64d6a78a6,179,3,1,-25235.746314238146
main_seed0,0,d1c1eb972d85b5605cb5db7c2c6bc30520ef1b725ec02f3d139c77d64d6a78a6,180,1,1,-49164.7566967489
main_seed0,0,d1c1eb972d85b5605cb5db7c2c6bc30520ef1b725ec02f3d139c77d64d6a78a6,180,2,1,-34727.3740399571
main_seed0,0,d1c1eb972d85b5605cb5db7c2c6bc30520ef1b725ec02f3d139c77d64d6a78a6,180,3,1,-25838.365134152427
main_seed0,0,d1c1eb972d85b5605cb5db7c2c6bc30520ef1b725ec02f3d139c77d64d6a78a6,181,1,1,-46108.64845184531
main_seed0,0,d1c1eb972d85b5605cb5db7c2c6bc30520ef1b725ec02f3d139c77d64d6a78a6,181,2,1,-29710.92240481402
main_seed0,0,d1c1eb972d85b5605cb5db7c2c6bc30520ef1b725ec02f3d139c77d64d6a78a6,181,3,1,-22724.60588324469
main_seed0,0,d1c1eb972d85b5605cb5db7c2c6bc30520ef1b725ec02f3d139c77d64d6a78a6,182,1,1,-50738.56687153592
main_seed0,0,d1c1eb972d85b5605cb5db7c2c6bc30520ef1b725ec02f3d139c77d64d6a78a6,182,2,1,-31907.275399165977
main_seed0,0,d1c1eb972d85b5605cb5db7c2c6bc30520ef1b725ec02f3d139c77d64d6a78a6,182,3,1,-25263.1456426297
main_seed0,0,d1c1eb972d85b5605cb5db7c2c6bc30520ef1b725ec02f3d139c77d64d6a78a6,183,1,1,-48728.20431894058
main_seed0,0,d1c1eb972d85b5605cb5db7c2c6bc30520ef1b725ec02f3d139c77d64d6a78a6,183,2,1,-27327.26615074476
main_seed0,0,d1c1eb972d85b5605cb5db7c2c6bc30520ef1b725ec02f3d139c77d64d6a78a6,183,3,1,-20089.94224479332
main_seed0,0,d1c1eb972d85b5605cb5db7c2c6bc30520ef1b725ec02f3d139c77d64d6a78a6,184,1,1,-52479.751308291736
main_seed0,0,d1c1eb972d85b5605cb5db7c2c6bc30520ef1b725ec02f3d139c77d64d6a78a6,184,2,1,-25721.94547670571
main_seed0,0,d1c1eb972d85b5605cb5db7c2c6bc30520ef1b725ec02f3d139c77d64d6a78a6,184,3,1,-21413.521038221315
main_seed0,0,d1c1eb972d85b5605cb5db7c2c6bc30520ef1b725ec02f3d139c77d64d6a78a6,185,1,1,-49510.50570667394
main_seed0,0,d1c1eb972d85b5605cb5db7c2c6bc30520ef1b725ec02f3d139c77d64d6a78a6,185,2,1,-32116.181320208703
main_seed0,0,d1c1eb972d85b5605cb5db7c2c6bc30520ef1b725ec02f3d139c77d64d6a78a6,185,3,1,-25032.42495184066
main_seed0,0,d1c1eb972d85b5605cb5db7c2c6bc30520ef1b725ec02f3d139c77d64d6a78a6,186,1,1,-50241.855951122416
main_seed0,0,d1c1eb972d85b5605cb5db7c2c6bc30520ef1b725ec02f3d139c77d64d6a78a6,186,2,1,-30873.45271270468
main_seed0,0,d1c1eb972d85b5605cb5db7c2c6bc30520ef1b725ec02f3d139c77d64d6a78a6,186,3,1,-25060.4243439941
main_seed0,0,d1c1eb972d85b5605cb5db7c2c6bc30520ef1b725ec02f3d139c77d64d6a78a6,187,1,1,-44594.43525339023
main_seed0,0,d1c1eb972d85b5605cb5db7c2c6bc30520ef1b725ec02f3d139c77d64d6a78a6,187,2,1,-26680.41487730934
main_seed0,0,d1c1eb972d85b5605cb5db7c2c6bc30520ef1b725ec02f3d139c77d64d6a78a6,187,3,1,-25698.96703784127
main_seed0,0,d1c1eb972d85b5605cb5db7c2c6bc30520ef1b725ec02f3d139c77d64d6a78a6,188,1,1,-52371.2565082752
main_seed0,0,d1c1eb972d85b5605cb5db7c2c6bc30520ef1b725ec02f3d139c77d64d6a78a6,188,2,1,-32593.835785455456
main_seed0,0,d1c1eb972d85b5605cb5db7c2c6bc30520ef1b725ec02f3d139c77d64d6a78a6,188,3,1,-23712.511838707105
main_seed0,0,d1c1eb972d85b5605cb5db7c2c6bc30520ef1b725ec02f3d139c77d64d6a78a6,189,1,1,-50517.40513679308
main_seed0,0,d1c1eb972d85b5605cb5db7c2c6bc30520ef1b725ec02f3d139c77d64d6a78a6,189,2,1,-27776.366302545764
main_seed0,0,d1c1eb972d85b5605cb5db7c2c6bc30520ef1b725ec02f3d139c77d64d6a78a6,189,3,1,-29905.95785749788
main_seed0,0,d1c1eb972d85b5605cb5db7c2c6bc30520ef1b725ec02f3d139c77d64d6a78a6,190,1,1,-51248.28789389351
main_seed0,0,d1c1eb972d85b5605cb5db7c2c6bc30520ef1b725ec02f3d139c77d64d6a78a6,190,2,1,-30552.54978684168
main_seed0,0,d1c1eb972d85b5605cb5db7c2c6bc30520ef1b725ec02f3d139c77d64d6a78a6,190,3,1,-29421.817052087383
main_seed0,0,d1c1eb972d85b5605cb5db7c2c6bc30520ef1b725ec02f3d139c77d64d6a78a6,191,1,1,-52390.254948601134
main_seed0,0,d1c1eb972d85b5605cb5db7c2c6bc30520ef1b725ec02f3d139c77d64d6a78a6,191,2,1,-29977.038036644248
main_seed0,0,d1c1eb972d85b5605cb5db7c2c6bc30520ef1b725ec02f3d139c77d64d6a78a6,191,3,1,-19888.412453366374
main_seed0,0,d1c1eb972d85b5605cb5db7c2c6bc30520ef1b725ec02f3d139c77d64d6a78a6,192,1,1,-48109.90823114019
main_seed0,0,d1c1eb972d85b5605cb5db7c2c6bc30520ef1b725ec02f3d139c77d64d6a78a6,192,2,1,-32841.54975333894
main_seed0,0,d1c1eb972d85b5605cb5db7c2c6bc30520ef1b725ec02f3d139c77d64d6a78a6,192,3,1,-27221.463231896018
main_seed0,0,d1c1eb972d85b5605cb5db7c2c6bc30520ef1b725ec02f3d139c77d64d6a78a6,193,1,1,-48662.3610514481
main_seed0,0,d1c1eb972d85b5605cb5db7c2c6bc30520ef1b725ec02f3d139c77d64d6a78a6,193,2,1,-29599.93447765069
main_seed0,0,d1c1eb972d85b5605cb5db7c2c6bc30520ef1b725ec02f3d139c77d64d6a78a6,193,3,1,-26378.31141325342
main_seed0,0,d1c1eb972d85b5605cb5db7c2c6bc30520ef1b725ec02f3d139c77d64d6a78a6,194,1,1,-51581.06699609711
main_seed0,0,d1c1eb972d85b5605cb5db7c2c6bc30520ef1b725ec02f3d139c77d64d6a78a6,194,2,1,-36035.35401574505
main_seed0,0,d1c1eb972d85b5605cb5db7c2c6bc30520ef1b725ec02f3d139c77d64d6a78a6,194,3,1,-20792.234908941464
main_seed0,0,d1c1eb972d85b5605cb5db7c2c6bc30520ef1b725ec02f3d139c77d64d6a78a6,195,1,1,-48885.339171274616
main_seed0,0,d1c1eb972d85b5605cb5db7c2c6bc30520ef1b725ec02f3d139c77d64d6a78a6,195,2,1,-27379.07899174459
main_seed0,0,d1c1eb972d85b5605cb5db7c2c6bc30520ef1b725ec02f3d139c77d64d6a78a6,195,3,1,-22310.53026261663
main_seed0,0,d1c1eb972d85b5605cb5db7c2c6bc30520ef1b725ec02f3d139c77d64d6a78a6,196,1,1,-51227.23467600049
main_seed0,0,d1c1eb972d85b5605cb5db7c2c6bc30520ef1b725ec02f3d139c77d64d6a78a6,196,2,1,-27083.24036158969
main_seed0,0,d1c1eb972d85b5605cb5db7c2c6bc30520ef1b725ec02f3d139c77d64d6a78a6,196,3,1,-20863.580083289387
main_seed0,0,d1c1eb972d85b5605cb5db7c2c6bc30520ef1b725ec02f3d139c77d64d6a78a6,197,1,1,-51358.725193984224
main_seed0,0,d1c1eb972d85b5605cb5db7c2c6bc30520ef1b725ec02f3d139c77d64d6a78a6,197,2,1,-32614.3361873807
main_seed0,0,d1c1eb972d85b5605cb5db7c2c6bc30520ef1b725ec02f3d139c77d64d6a78a6,197,3,1,-23064.31018223972
main_seed0,0,d1c1eb972d85b5605cb5db7c2c6bc30520ef1b725ec02f3d139c77d64d6a78a6,198,1,1,-46831.82026673903
main_seed0,0,d1c1eb972d85b5605cb5db7c2c6bc30520ef1b725ec02f3d139c77d64d6a78a6,198,2,1,-34047.83087704127
main_seed0,0,d1c1eb972d85b5605cb5db7c2c6bc30520ef1b725ec02f3d139c77d64d6a78a6,198,3,1,-21113.427883472603
main_seed0,0,d1c1eb972d85b5605cb5db7c2c6bc30520ef1b725ec02f3d139c77d64d6a78a6,199,1,1,-47855.71446003287
main_seed0,0,d1c1eb972d85b5605cb5db7c2c6bc30520ef1b725ec02f3d139c77d64d6a78a6,199,2,1,-31600.568300453568
main_seed0,0,d1c1eb972d85b5605cb5db7c2c6bc30520ef1b725ec02f3d139c77d64d6a78a6,199,3,1,-23722.86158169372
main_seed0,0,d1c1eb972d85b5605cb5db7c2c6bc30520ef1b725ec02f3d139c77d64d6a78a6,200,1,1,-47962.30434004324
main_seed0,0,d1c1eb972d85b5605cb5db7c2c6bc30520ef1b725ec02f3d139c77d64d6a78a6,200,2,1,-33197.630989306424
main_seed0,0,d1c1eb972d85b5605cb5db7c2c6bc30520ef1b725ec02f3d139c77d64d6a78a6,200,3,1,-22672.364441974525
main_seed0,0,d1c1eb972d85b5605cb5db7c2c6bc30520ef1b725ec02f3d139c77d64d6a78a6,201,1,1,-46838.61477097061
main_seed0,0,d1c1eb972d85b5605cb5db7c2c6bc30520ef1b725ec02f3d139c77d64d6a78a6,201,2,1,-30343.121230751694
main_seed0,0,d1c1eb972d85b5605cb5db7c2c6bc30520ef1b725ec02f3d139c77d64d6a78a6,201,3,1,-25999.90938610958
main_seed0,0,d1c1eb972d85b5605cb5db7c2c6bc30520ef1b725ec02f3d139c77d64d6a78a6,202,1,1,-46792.74526398523
main_seed0,0,d1c1eb972d85b5605cb5db7c2c6bc30520ef1b725ec02f3d139c77d64d6a78a6,202,2,1,-34760.43011417278
main_seed0,0,d1c1eb972d85b5605cb5db7c2c6bc30520ef1b725ec02f3d139c77d64d6a78a6,202,3,1,-22233.18506090504
main_seed0,0,d1c1eb972d85b5605cb5db7c2c6bc30520ef1b725ec02f3d139c77d64d6a78a6,203,1,1,-45202.80767038718
main_seed0,0,d1c1eb972d85b5605cb5db7c2c6bc30520ef1b725ec02f3d139c77d64d6a78a6,203,2,1,-33000.75815748618
main_seed0,0,d1c1eb972d85b5605cb5db7c2c6bc30520ef1b725ec02f3d139c77d64d6a78a6,203,3,1,-22304.00631635599
main_seed0,0,d1c1eb972d85b5605cb5db7c2c6bc30520ef1b725ec02f3d139c77d64d6a78a6,204,1,1,-49109.7091576575
main_seed0,0,d1c1eb972d85b5605cb5db7c2c6bc30520ef1b725ec02f3d139c77d64d6a78a6,204,2,1,-29264.202559693345
main_seed0,0,d1c1eb972d85b5605cb5db7c2c6bc30520ef1b725ec02f3d139c77d64d6a78a6,204,3,1,-27443.009847735644
main_seed0,0,d1c1eb972d85b5605cb5db7c2c6bc30520ef1b725ec02f3d139c77d64d6a78a6,205,1,1,-49492.51125919907
main_seed0,0,d1c1eb972d85b5605cb5db7c2c6bc30520ef1b725ec02f3d139c77d64d6a78a6,205,2,1,-36884.61945935957
main_seed0,0,d1c1eb972d85b5605cb5db7c2c6bc30520ef1b725ec02f3d139c77d64d6a78a6,205,3,1,-24270.05947110211
main_seed0,0,d1c1eb972d85b5605cb5db7c2c6bc30520ef1b725ec02f3d139c77d64d6a78a6,206,1,1,-46993.80206924738
main_seed0,0,d1c1eb972d85b5605cb5db7c2c6bc30520ef1b725ec02f3d139c77d64d6a78a6,206,2,1,-29410.75249289582
main_seed0,0,d1c1eb972d85b5605cb5db7c2c6bc30520ef1b725ec02f3d139c77d64d6a78a6,206,3,1,-24918.614138651294
main_seed0,0,d1c1eb972d85b5605cb5db7c2c6bc30520ef1b725ec02f3d139c77d64d6a78a6,207,1,1,-49414.69886214917
main_seed0,0,d1c1eb972d85b5605cb5db7c2c6bc30520ef1b725ec02f3d139c77d64d6a78a6,207,2,1,-30776.19220210529
main_seed0,0,d1c1eb972d85b5605cb5db7c2c6bc30520ef1b725ec02f3d139c77d64d6a78a6,207,3,1,-26883.492180706497
main_seed0,0,d1c1eb972d85b5605cb5db7c2c6bc30520ef1b725ec02f3d139c77d64d6a78a6,208,1,1,-48764.677438050814
main_seed0,0,d1c1eb972d85b5605cb5db7c2c6bc30520ef1b725ec02f3d139c77d64d6a78a6,208,2,1,-30630.29496406602
main_seed0,0,d1c1eb972d85b5605cb5db7c2c6bc30520ef1b725ec02f3d139c77d64d6a78a6,208,3,1,-26619.71710329032
main_seed0,0,d1c1eb972d85b5605cb5db7c2c6bc30520ef1b725ec02f3d139c77d64d6a78a6,209,1,1,-49704.2850547446
main_seed0,0,d1c1eb972d85b5605cb5db7c2c6bc30520ef1b725ec02f3d139c77d64d6a78a6,209,2,1,-33674.64182567614
main_seed0,0,d1c1eb972d85b5605cb5db7c2c6bc30520ef1b725ec02f3d139c77d64d6a78a6,209,3,1,-26489.7353782242
main_seed0,0,d1c1eb972d85b5605cb5db7c2c6bc30520ef1b725ec02f3d139c77d64d6a78a6,210,1,1,-50745.94751752872
main_seed0,0,d1c1eb972d85b5605cb5db7c2c6bc30520ef1b725ec02f3d139c77d64d6a78a6,210,2,1,-28321.909435133774
main_seed0,0,d1c1eb972d85b5605cb5db7c2c6bc30520ef1b725ec02f3d139c77d64d6a78a6,210,3,1,-28371.179928455967
main_seed0,0,d1c1eb972d85b5605cb5db7c2c6bc30520ef1b725ec02f3d139c77d64d6a78a6,211,1,1,-49964.51301962695
main_seed0,0,d1c1eb972d85b5605cb5db7c2c6bc30520ef1b725ec02f3d139c77d64d6a78a6,211,2,1,-34046.973753289254
main_seed0,0,d1c1eb972d85b5605cb5db7c2c6bc30520ef1b725ec02f3d139c77d64d6a78a6,211,3,1,-21755.443438472223
main_seed0,0,d1c1eb972d85b5605cb5db7c2c6bc30520ef1b725ec02f3d139c77d64d6a78a6,212,1,1,-46409.93472527237
main_seed0,0,d1c1eb972d85b5605cb5db7c2c6bc30520ef1b725ec02f3d139c77d64d6a78a6,212,2,1,-31064.69602180368
main_seed0,0,d1c1eb972d85b5605cb5db7c2c6bc30520ef1b725ec02f3d139c77d64d6a78a6,212,3,1,-22897.160131051776
main_seed0,0,d1c1eb972d85b5605cb5db7c2c6bc30520ef1b725ec02f3d139c77d64d6a78a6,213,1,1,-49290.93995996944
main_seed0,0,d1c1eb972d85b5605cb5db7c2c6bc30520ef1b725ec02f3d139c77d64d6a78a6,213,2,1,-30852.90651787773
main_seed0,0,d1c1eb972d85b5605cb5db7c2c6bc30520ef1b725ec02f3d139c77d64d6a78a6,213,3,1,-26296.060486259397
main_seed0,0,d1c1eb972d85b5605cb5db7c2c6bc30520ef1b725ec02f3d139c77d64d6a78a6,214,1,1,-47391.72849741385
main_seed0,0,d1c1eb972d85b5605cb5db7c2c6bc30520ef1b725ec02f3d139c77d64d6a78a6,214,2,1,-31740.854096056268
main_seed0,0,d1c1eb972d85b5605cb5db7c2c6bc30520ef1b725ec02f3d139c77d64d6a78a6,214,3,1,-26646.847060712247
main_seed0,0,d1c1eb972d85b5605cb5db7c2c6bc30520ef1b725ec02f3d139c77d64d6a78a6,215,1,1,-47613.75069056413
main_seed0,0,d1c1eb972d85b5605cb5db7c2c6bc30520ef1b725ec02f3d139c77d64d6a78a6,215,2,1,-28015.236352725125
main_seed0,0,d1c1eb972d85b5605cb5db7c2c6bc30520ef1b725ec02f3d139c77d64d6a78a6,215,3,1,-25669.53638838403
main_seed0,0,d1c1eb972d85b5605cb5db7c2c6bc30520ef1b725ec02f3d139c77d64d6a78a6,216,1,1,-50934.7876816162
main_seed0,0,d1c1eb972d85b5605cb5db7c2c6bc30520ef1b725ec02f3d139c77d64d6a78a6,216,2,1,-31938.870494406838
main_seed0,0,d1c1eb972d85b5605cb5db7c2c6bc30520ef1b725ec02f3d139c77d64d6a78a6,216,3,1,-21817.09821919257
main_seed0,0,d1c1eb972d85b5605cb5db7c2c6bc30520ef1b725ec02f3d139c77d64d6a78a6,217,1,1,-52137.93472099864
main_seed0,0,d1c1eb972d85b5605cb5db7c2c6bc30520ef1b725ec02f3d139c77d64d6a78a6,217,2,1,-32572.95812085364
main_seed0,0,d1c1eb972d85b5605cb5db7c2c6bc30520ef1b725ec02f3d139c77d64d6a78a6,217,3,1,-27723.79885964656
main_seed0,0,d1c1eb972d85b5605cb5db7c2c6bc30520ef1b725ec02f3d139c77d64d6a78a6,218,1,1,-50339.63723151787
main_seed0,0,d1c1eb972d85b5605cb5db7c2c6bc30520ef1b725ec02f3d139c77d64d6a78a6,218,2,1,-30602.126511470626
main_seed0,0,d1c1eb972d85b5605cb5db7c2c6bc30520ef1b725ec02f3d139c77d64d6a78a6,218,3,1,-24574.068895598957
main_seed0,0,d1c1eb972d85b5605cb5db7c2c6bc30520ef1b725ec02f3d139c77d64d6a78a6,219,1,1,-50598.38889831773
main_seed0,0,d1c1eb972d85b5605cb5db7c2c6bc30520ef1b725ec02f3d139c77d64d6a78a6,219,2,1,-27157.09071715723
main_seed0,0,d1c1eb972d85b5605cb5db7c2c6bc30520ef1b725ec02f3d139c77d64d6a78a6,219,3,1,-27694.575196540914
main_seed0,0,d1c1eb972d85b5605cb5db7c2c6bc30520ef1b725ec02f3d139c77d64d6a78a6,220,1,1,-52117.322072875
main_seed0,0,d1c1eb972d85b5605cb5db7c2c6bc30520ef1b725ec02f3d139c77d64d6a78a6,220,2,1,-33152.85964265691
main_seed0,0,d1c1eb972d85b5605cb5db7c2c6bc30520ef1b725ec02f3d139c77d64d6a78a6,220,3,1,-26385.896755850867
main_seed0,0,d1c1eb972d85b5605cb5db7c2c6bc30520ef1b725ec02f3d139c77d64d6a78a6,221,1,1,-50769.23936114524
main_seed0,0,d1c1eb972d85b5605cb5db7c2c6bc30520ef1b725ec02f3d139c77d64d6a78a6,221,2,1,-33643.83312433725
main_seed0,0,d1c1eb972d85b5605cb5db7c2c6bc30520ef1b725ec02f3d139c77d64d6a78a6,221,3,1,-23548.022439618504
main_seed0,0,d1c1eb972d85b5605cb5db7c2c6bc30520ef1b725ec02f3d139c77d64d6a78a6,222,1,1,-51869.20251475996
main_seed0,0,d1c1eb972d85b5605cb5db7c2c6bc30520ef1b725ec02f3d139c77d64d6a78a6,222,2,1,-36597.58431919209
main_seed0,0,d1c1eb972d85b5605cb5db7c2c6bc30520ef1b725ec02f3d139c77d64d6a78a6,222,3,1,-22220.609113288152
main_seed0,0,d1c1eb972d85b5605cb5db7c2c6bc30520ef1b725ec02f3d139c77d64d6a78a6,223,1,1,-44697.31605712111
main_seed0,0,d1c1eb972d85b5605cb5db7c2c6bc30520ef1b725ec02f3d139c77d64d6a78a6,223,2,1,-28140.23738325676
main_seed0,0,d1c1eb972d85b5605cb5db7c2c6bc30520ef1b725ec02f3d139c77d64d6a78a6,223,3,1,-21062.69351565869
main_seed0,0,d1c1eb972d85b5605cb5db7c2c6bc30520ef1b725ec02f3d139c77d64d6a78a6,224,1,1,-49486.28030615625
main_seed0,0,d1c1eb972d85b5605cb5db7c2c6bc30520ef1b725ec02f3d139c77d64d6a78a6,224,2,1,-31486.95447650835
main_seed0,0,d1c1eb972d85b5605cb5db7c2c6bc30520ef1b725ec02f3d139c77d64d6a78a6,224,3,1,-24545.32918600435
main_seed0,0,d1c1eb972d85b5605cb5db7c2c6bc30520ef1b725ec02f3d139c77d64d6a78a6,225,1,1,-48951.73992903
main_seed0,0,d1c1eb972d85b5605cb5db7c2c6bc30520ef1b725ec02f3d139c77d64d6a78a6,225,2,1,-32153.34154438183
main_seed0,0,d1c1eb972d85b5605cb5db7c2c6bc30520ef1b725ec02f3d139c77d64d6a78a6,225,3,1,-25841.74190979219
main_seed0,0,d1c1eb972d85b5605cb5db7c2c6bc30520ef1b725ec02f3d139c77d64d6a78a6,226,1,1,-51512.1277756867
main_seed0,0,d1c1eb972d85b5605cb5db7c2c6bc30520ef1b725ec02f3d139c77d64d6a78a6,226,2,1,-27248.24623941516
main_seed0,0,d1c1eb972d85b5605cb5db7c2c6bc30520ef1b725ec02f3d139c77d64d6a78a6,226,3,1,-26046.349377244893
main_seed0,0,d1c1eb972d85b5605cb5db7c2c6bc30520ef1b725ec02f3d139c77d64d6a78a6,227,1,1,-51998.03158403353
main_seed0,0,d1c1eb972d85b5605cb5db7c2c6bc30520ef1b725ec02f3d139c77d64d6a78a6,227,2,1,-39255.96650017481
main_seed0,0,d1c1eb972d85b5605cb5db7c2c6bc30520ef1b725ec02f3d139c77d64d6a78a6,227,3,1,-27441.02568133278
main_seed0,0,d1c1eb972d85b5605cb5db7c2c6bc30520ef1b725ec02f3d139c77d64d6a78a6,228,1,1,-51255.15769259501
main_seed0,0,d1c1eb972d85b5605cb5db7c2c6bc30520ef1b725ec02f3d139c77d64d6a78a6,228,2,1,-32955.74750596285
main_seed0,0,d1c1eb972d85b5605cb5db7c2c6bc30520ef1b725ec02f3d139c77d64d6a78a6,228,3,1,-28053.92670594837
main_seed0,0,d1c1eb972d85b5605cb5db7c2c6bc30520ef1b725ec02f3d139c77d64d6a78a6,229,1,1,-51120.13330117204
main_seed0,0,d1c1eb972d85b5605cb5db7c2c6bc30520ef1b725ec02f3d139c77d64d6a78a6,229,2,1,-33159.311018541295
main_seed0,0,d1c1eb972d85b5605cb5db7c2c6bc30520ef1b725ec02f3d139c77d64d6a78a6,229,3,1,-19277.509358119503
main_seed0,0,d1c1eb972d85b5605cb5db7c2c6bc30520ef1b725ec02f3d139c77d64d6a78a6,230,1,1,-46549.34774526462
main_seed0,0,d1c1eb972d85b5605cb5db7c2c6bc30520ef1b725ec02f3d139c77d64d6a78a6,230,2,1,-26562.16617826257
main_seed0,0,d1c1eb972d85b5605cb5db7c2c6bc30520ef1b725ec02f3d139c77d64d6a78a6,230,3,1,-25158.415354622022
main_seed0,0,d1c1eb972d85b5605cb5db7c2c6bc30520ef1b725ec02f3d139c77d64d6a78a6,231,1,1,-49435.007444134426
main_seed0,0,d1c1eb972d85b5605cb5db7c2c6bc30520ef1b725ec02f3d139c77d64d6a78a6,231,2,1,-31049.538665731216
main_seed0,0,d1c1eb972d85b5605cb5db7c2c6bc30520ef1b725ec02f3d139c77d64d6a78a6,231,3,1,-26228.26323457507
main_seed0,0,d1c1eb972d85b5605cb5db7c2c6bc30520ef1b725ec02f3d139c77d64d6a78a6,232,1,1,-49880.25212353719
main_seed0,0,d1c1eb972d85b5605cb5db7c2c6bc30520ef1b725ec02f3d139c77d64d6a78a6,232,2,1,-36833.2156478489
main_seed0,0,d1c1eb972d85b5605cb5db7c2c6bc30520ef1b725ec02f3d139c77d64d6a78a6,232,3,1,-23733.150045792536
main_seed0,0,d1c1eb972d85b5605cb5db7c2c6bc30520ef1b725ec02f3d139c77d64d6a78a6,233,1,1,-47949.51041398971
main_seed0,0,d1c1eb972d85b5605cb5db7c2c6bc30520ef1b725ec02f3d139c77d64d6a78a6,233,2,1,-31283.400455584204
main_seed0,0,d1c1eb972d85b5605cb5db7c2c6bc30520ef1b725ec02f3d139c77d64d6a78a6,233,3,1,-23242.9908295874
main_seed0,0,d1c1eb972d85b5605cb5db7c2c6bc30520ef1b725ec02f3d139c77d64d6a78a6,234,1,1,-44517.96710196151
main_seed0,0,d1c1eb972d85b5605cb5db7c2c6bc30520ef1b725ec02f3d139c77d64d6a78a6,234,2,1,-27224.727418582657
main_seed0,0,d1c1eb972d85b5605cb5db7c2c6bc30520ef1b725ec02f3d139c77d64d6a78a6,234,3,1,-23606.766014188743
main_seed0,0,d1c1eb972d85b5605cb5db7c2c6bc30520ef1b725ec02f3d139c77d64d6a78a6,235,1,1,-50027.56270884717
main_seed0,0,d1c1eb972d85b5605cb5db7c2c6bc30520ef1b725ec02f3d139c77d64d6a78a6,235,2,1,-32680.99345075798
main_seed0,0,d1c1eb972d85b5605cb5db7c2c6bc30520ef1b725ec02f3d139c77d64d6a78a6,235,3,1,-25228.40217666513
main_seed0,0,d1c1eb972d85b5605cb5db7c2c6bc30520ef1b725ec02f3d139c77d64d6a78a6,236,1,1,-46429.09233071914
main_seed0,0,d1c1eb972d85b5605cb5db7c2c6bc30520ef1b725ec02f3d139c77d64d6a78a6,236,2,1,-27578.164804330267
main_seed0,0,d1c1eb972d85b5605cb5db7c2c6bc30520ef1b725ec02f3d139c77d64d6a78a6,236,3,1,-23638.61543983428
main_seed0,0,d1c1eb972d85b5605cb5db7c2c6bc30520ef1b725ec02f3d139c77d64d6a78a6,237,1,1,-47173.694833171765
main_seed0,0,d1c1eb972d85b5605cb5db7c2c6bc30520ef1b725ec02f3d139c77d64d6a78a6,237,2,1,-32488.712450658262
main_seed0,0,d1c1eb972d85b5605cb5db7c2c6bc30520ef1b725ec02f3d139c77d64d6a78a6,237,3,1,-24559.067362965165
main_seed0,0,d1c1eb972d85b5605cb5db7c2c6bc30520ef1b725ec02f3d139c77d64d6a78a6,238,1,1,-48095.88945317752
main_seed0,0,d1c1eb972d85b5605cb5db7c2c6bc30520ef1b725ec02f3d139c77d64d6a78a6,238,2,1,-39144.12224784768
main_seed0,0,d1c1eb972d85b5605cb5db7c2c6bc30520ef1b725ec02f3d139c77d64d6a78a6,238,3,1,-26473.709100753
main_seed0,0,d1c1eb972d85b5605cb5db7c2c6bc30520ef1b725ec02f3d139c77d64d6a78a6,239,1,1,-44444.72196770712
main_seed0,0,d1c1eb972d85b5605cb5db7c2c6bc30520ef1b725ec02f3d139c77d64d6a78a6,239,2,1,-31152.87991099348
main_seed0,0,d1c1eb972d85b5605cb5db7c2c6bc30520ef1b725ec02f3d139c77d64d6a78a6,239,3,1,-23683.91890722636
main_seed0,0,d1c1eb972d85b5605cb5db7c2c6bc30520ef1b725ec02f3d139c77d64d6a78a6,240,1,1,-47132.00340099306
main_seed0,0,d1c1eb972d85b5605cb5db7c2c6bc30520ef1b725ec02f3d139c77d64d6a78a6,240,2,1,-27536.68808244933
main_seed0,0,d1c1eb972d85b5605cb5db7c2c6bc30520ef1b725ec02f3d139c77d64d6a78a6,240,3,1,-27765.800620844413
main_seed0,0,d1c1eb972d85b5605cb5db7c2c6bc30520ef1b725ec02f3d139c77d64d6a78a6,241,1,1,-46344.91441398373
main_seed0,0,d1c1eb972d85b5605cb5db7c2c6bc30520ef1b725ec02f3d139c77d64d6a78a6,241,2,1,-27986.36902373404
main_seed0,0,d1c1eb972d85b5605cb5db7c2c6bc30520ef1b725ec02f3d139c77d64d6a78a6,241,3,1,-25141.865556952536
main_seed0,0,d1c1eb972d85b5605cb5db7c2c6bc30520ef1b725ec02f3d139c77d64d6a78a6,242,1,1,-47277.00254216802
main_seed0,0,d1c1eb972d85b5605cb5db7c2c6bc30520ef1b725ec02f3d139c77d64d6a78a6,242,2,1,-34064.36085237503
main_seed0,0,d1c1eb972d85b5605cb5db7c2c6bc30520ef1b725ec02f3d139c77d64d6a78a6,242,3,1,-23332.41677309179
main_seed0,0,d1c1eb972d85b5605cb5db7c2c6bc30520ef1b725ec02f3d139c77d64d6a78a6,243,1,1,-47587.24907904888
main_seed0,0,d1c1eb972d85b5605cb5db7c2c6bc30520ef1b725ec02f3d139c77d64d6a78a6,243,2,1,-25700.944288601004
main_seed0,0,d1c1eb972d85b5605cb5db7c2c6bc30520ef1b725ec02f3d139c77d64d6a78a6,243,3,1,-22844.95291742965
main_seed0,0,d1c1eb972d85b5605cb5db7c2c6bc30520ef1b725ec02f3d139c77d64d6a78a6,244,1,1,-46383.88726649649
main_seed0,0,d1c1eb972d85b5605cb5db7c2c6bc30520ef1b725ec02f3d139c77d64d6a78a6,244,2,1,-29239.933859667515
main_seed0,0,d1c1eb972d85b5605cb5db7c2c6bc30520ef1b725ec02f3d139c77d64d6a78a6,244,3,1,-24774.9164600592
main_seed0,0,d1c1eb972d85b5605cb5db7c2c6bc30520ef1b725ec02f3d139c77d64d6a78a6,245,1,1,-46651.20816186555
main_seed0,0,d1c1eb972d85b5605cb5db7c2c6bc30520ef1b725ec02f3d139c77d64d6a78a6,245,2,1,-32271.251263171664
main_seed0,0,d1c1eb972d85b5605cb5db7c2c6bc30520ef1b725ec02f3d139c77d64d6a78a6,245,3,1,-26247.42099178544
main_seed0,0,d1c1eb972d85b5605cb5db7c2c6bc30520ef1b725ec02f3d139c77d64d6a78a6,246,1,1,-49135.72630607468
main_seed0,0,d1c1eb972d85b5605cb5db7c2c6bc30520ef1b725ec02f3d139c77d64d6a78a6,246,2,1,-37244.27271815894
main_seed0,0,d1c1eb972d85b5605cb5db7c2c6bc30520ef1b725ec02f3d139c77d64d6a78a6,246,3,1,-25074.453293104496
main_seed0,0,d1c1eb972d85b5605cb5db7c2c6bc30520ef1b725ec02f3d139c77d64d6a78a6,247,1,1,-49709.170496037885
main_seed0,0,d1c1eb972d85b5605cb5db7c2c6bc30520ef1b725ec02f3d139c77d64d6a78a6,247,2,1,-30863.39328808328
main_seed0,0,d1c1eb972d85b5605cb5db7c2c6bc30520ef1b725ec02f3d139c77d64d6a78a6,247,3,1,-25731.622180932965
main_seed0,0,d1c1eb972d85b5605cb5db7c2c6bc30520ef1b725ec02f3d139c77d64d6a78a6,248,1,1,-49049.61687515961
main_seed0,0,d1c1eb972d85b5605cb5db7c2c6bc30520ef1b725ec02f3d139c77d64d6a78a6,248,2,1,-31523.800826549697
main_seed0,0,d1c1eb972d85b5605cb5db7c2c6bc30520ef1b725ec02f3d139c77d64d6a78a6,248,3,1,-25996.27171056208
main_seed0,0,d1c1eb972d85b5605cb5db7c2c6bc30520ef1b725ec02f3d139c77d64d6a78a6,249,1,1,-45839.15551684128
main_seed0,0,d1c1eb972d85b5605cb5db7c2c6bc30520ef1b725ec02f3d139c77d64d6a78a6,249,2,1,-27197.5822947137
main_seed0,0,d1c1eb972d85b5605cb5db7c2c6bc30520ef1b725ec02f3d139c77d64d6a78a6,249,3,1,-21272.400110939157
main_seed0,0,d1c1eb972d85b5605cb5db7c2c6bc30520ef1b725ec02f3d139c77d64d6a78a6,250,1,1,-44441.11866658321
main_seed0,0,d1c1eb972d85b5605cb5db7c2c6bc30520ef1b725ec02f3d139c77d64d6a78a6,250,2,1,-32342.136958337986
main_seed0,0,d1c1eb972d85b5605cb5db7c2c6bc30520ef1b725ec02f3d139c77d64d6a78a6,250,3,1,-25239.04895441167
main_seed0,0,d1c1eb972d85b5605cb5db7c2c6bc30520ef1b725ec02f3d139c77d64d6a78a6,251,1,1,-43661.30920089828
main_seed0,0,d1c1eb972d85b5605cb5db7c2c6bc30520ef1b725ec02f3d139c77d64d6a78a6,251,2,1,-26202.479042780025
main_seed0,0,d1c1eb972d85b5605cb5db7c2c6bc30520ef1b725ec02f3d139c77d64d6a78a6,251,3,1,-23458.73526199439
main_seed0,0,d1c1eb972d85b5605cb5db7c2c6bc30520ef1b725ec02f3d139c77d64d6a78a6,252,1,1,-45876.59146599573
main_seed0,0,d1c1eb972d85b5605cb5db7c2c6bc30520ef1b725ec02f3d139c77d64d6a78a6,252,2,1,-23464.742225621867
main_seed0,0,d1c1eb972d85b5605cb5db7c2c6bc30520ef1b725ec02f3d139c77d64d6a78a6,252,3,1,-23018.10073463164
main_seed0,0,d1c1eb972d85b5605cb5db7c2c6bc30520ef1b725ec02f3d139c77d64d6a78a6,253,1,1,-46152.01511704912
main_seed0,0,d1c1eb972d85b5605cb5db7c2c6bc30520ef1b725ec02f3d139c77d64d6a78a6,253,2,1,-28376.93034339708
main_seed0,0,d1c1eb972d85b5605cb5db7c2c6bc30520ef1b725ec02f3d139c77d64d6a78a6,253,3,1,-26415.697834586004
main_seed0,0,d1c1eb972d85b5605cb5db7c2c6bc30520ef1b725ec02f3d139c77d64d6a78a6,254,1,1,-48718.91823348335
main_seed0,0,d1c1eb972d85b5605cb5db7c2c6bc30520ef1b725ec02f3d139c77d64d6a78a6,254,2,1,-28724.870585703764
main_seed0,0,d1c1eb972d85b5605cb5db7c2c6bc30520ef1b725ec02f3d139c77d64d6a78a6,254,3,1,-24953.57081180699
main_seed0,0,d1c1eb972d85b5605cb5db7c2c6bc30520ef1b725ec02f3d139c77d64d6a78a6,255,1,1,-49119.17372216781
main_seed0,0,d1c1eb972d85b5605cb5db7c2c6bc30520ef1b725ec02f3d139c77d64d6a78a6,255,2,1,-34123.81242964245
main_seed0,0,d1c1eb972d85b5605cb5db7c2c6bc30520ef1b725ec02f3d139c77d64d6a78a6,255,3,1,-25027.905629020774
main_seed0,0,d1c1eb972d85b5605cb5db7c2c6bc30520ef1b725ec02f3d139c77d64d6a78a6,256,1,1,-47767.74167793875
main_seed0,0,d1c1eb972d85b5605cb5db7c2c6bc30520ef1b725ec02f3d139c77d64d6a78a6,256,2,1,-25093.74023847027
main_seed0,0,d1c1eb972d85b5605cb5db7c2c6bc30520ef1b725ec02f3d139c77d64d6a78a6,256,3,1,-26044.55598621373
main_seed0,0,d1c1eb972d85b5605cb5db7c2c6bc30520ef1b725ec02f3d139c77d64d6a78a6,257,1,1,-50122.1741645847
main_seed0,0,d1c1eb972d85b5605cb5db7c2c6bc30520ef1b725ec02f3d139c77d64d6a78a6,257,2,1,-29269.51840978264
main_seed0,0,d1c1eb972d85b5605cb5db7c2c6bc30520ef1b725ec02f3d139c77d64d6a78a6,257,3,1,-26770.69956578703
main_seed0,0,d1c1eb972d85b5605cb5db7c2c6bc30520ef1b725ec02f3d139c77d64d6a78a6,258,1,1,-47858.76230167944
main_seed0,0,d1c1eb972d85b5605cb5db7c2c6bc30520ef1b725ec02f3d139c77d64d6a78a6,258,2,1,-29749.658519154065
main_seed0,0,d1c1eb972d85b5605cb5db7c2c6bc30520ef1b725ec02f3d139c77d64d6a78a6,258,3,1,-22195.18888220941
main_seed0,0,d1c1eb972d85b5605cb5db7c2c6bc30520ef1b725ec02f3d139c77d64d6a78a6,259,1,1,-46924.73254082722
main_seed0,0,d1c1eb972d85b5605cb5db7c2c6bc30520ef1b725ec02f3d139c77d64d6a78a6,259,2,1,-35676.46616846521
main_seed0,0,d1c1eb972d85b5605cb5db7c2c6bc30520ef1b725ec02f3d139c77d64d6a78a6,259,3,1,-23621.750065581764
main_seed0,0,d1c1eb972d85b5605cb5db7c2c6bc30520ef1b725ec02f3d139c77d64d6a78a6,260,1,1,-49759.54391497077
main_seed0,0,d1c1eb972d85b5605cb5db7c2c6bc30520ef1b725ec02f3d139c77d64d6a78a6,260,2,1,-33517.19882668441
main_seed0,0,d1c1eb972d85b5605cb5db7c2c6bc30520ef1b725ec02f3d139c77d64d6a78a6,260,3,1,-22535.3114939736
main_seed0,0,d1c1eb972d85b5605cb5db7c2c6bc30520ef1b725ec02f3d139c77d64d6a78a6,261,1,1,-46117.13085507582
main_seed0,0,d1c1eb972d85b5605cb5db7c2c6bc30520ef1b725ec02f3d139c77d64d6a78a6,261,2,1,-28120.383116994657
main_seed0,0,d1c1eb972d85b5605cb5db7c2c6bc30520ef1b725ec02f3d139c77d64d6a78a6,261,3,1,-19850.409783207324
main_seed0,0,d1c1eb972d85b5605cb5db7c2c6bc30520ef1b725ec02f3d139c77d64d6a78a6,262,1,1,-51075.615162033966
main_seed0,0,d1c1eb972d85b5605cb5db7c2c6bc30520ef1b725ec02f3d139c77d64d6a78a6,262,2,1,-27398.35102220221
main_seed0,0,d1c1eb972d85b5605cb5db7c2c6bc30520ef1b725ec02f3d139c77d64d6a78a6,262,3,1,-21588.064405331133
main_seed0,0,d1c1eb972d85b5605cb5db7c2c6bc30520ef1b725ec02f3d139c77d64d6a78a6,263,1,1,-49780.776366197184
main_seed0,0,d1c1eb972d85b5605cb5db7c2c6bc30520ef1b725ec02f3d139c77d64d6a78a6,263,2,1,-31933.492558213053
main_seed0,0,d1c1eb972d85b5605cb5db7c2c6bc30520ef1b725ec02f3d139c77d64d6a78a6,263,3,1,-22520.44745316701
main_seed0,0,d1c1eb972d85b5605cb5db7c2c6bc30520ef1b725ec02f3d139c77d64d6a78a6,264,1,1,-46469.108966554966
main_seed0,0,d1c1eb972d85b5605cb5db7c2c6bc30520ef1b725ec02f3d139c77d64d6a78a6,264,2,1,-32417.538313773213
main_seed0,0,d1c1eb972d85b5605cb5db7c2c6bc30520ef1b725ec02f3d139c77d64d6a78a6,264,3,1,-19803.43672727434
main_seed0,0,d1c1eb972d85b5605cb5db7c2c6bc30520ef1b725ec02f3d139c77d64d6a78a6,265,1,1,-48498.61417021698
main_seed0,0,d1c1eb972d85b5605cb5db7c2c6bc30520ef1b725ec02f3d139c77d64d6a78a6,265,2,1,-34375.74457613337
main_seed0,0,d1c1eb972d85b5605cb5db7c2c6bc30520ef1b725ec02f3d139c77d64d6a78a6,265,3,1,-22787.97131809052
main_seed0,0,d1c1eb972d85b5605cb5db7c2c6bc30520ef1b725ec02f3d139c77d64d6a78a6,266,1,1,-48203.4411358972
main_seed0,0,d1c1eb972d85b5605cb5db7c2c6bc30520ef1b725ec02f3d139c77d64d6a78a6,266,2,1,-38211.259047533735
main_seed0,0,d1c1eb972d85b5605cb5db7c2c6bc30520ef1b725ec02f3d139c77d64d6a78a6,266,3,1,-22191.142491903032
main_seed0,0,d1c1eb972d85b5605cb5db7c2c6bc30520ef1b725ec02f3d139c77d64d6a78a6,267,1,1,-47439.88392618844
main_seed0,0,d1c1eb972d85b5605cb5db7c2c6bc30520ef1b725ec02f3d139c77d64d6a78a6,267,2,1,-31149.11715415025
main_seed0,0,d1c1eb972d85b5605cb5db7c2c6bc30520ef1b725ec02f3d139c77d64d6a78a6,267,3,1,-22103.70667228846
main_seed0,0,d1c1eb972d85b5605cb5db7c2c6bc30520ef1b725ec02f3d139c77d64d6a78a6,268,1,1,-47996.468309168165
main_seed0,0,d1c1eb972d85b5605cb5db7c2c6bc30520ef1b725ec02f3d139c77d64d6a78a6,268,2,1,-29433.96086270341
main_seed0,0,d1c1eb972d85b5605cb5db7c2c6bc30520ef1b725ec02f3d139c77d64d6a78a6,268,3,1,-29056.96969231113
main_seed0,0,d1c1eb972d85b5605cb5db7c2c6bc30520ef1b725ec02f3d139c77d64d6a78a6,269,1,1,-49446.54982468361
main_seed0,0,d1c1eb972d85b5605cb5db7c2c6bc30520ef1b725ec02f3d139c77d64d6a78a6,269,2,1,-26619.807149281616
main_seed0,0,d1c1eb972d85b5605cb5db7c2c6bc30520ef1b725ec02f3d139c77d64d6a78a6,269,3,1,-25045.96048648606
main_seed0,0,d1c1eb972d85b5605cb5db7c2c6bc30520ef1b725ec02f3d139c77d64d6a78a6,270,1,1,-46185.27394355265
main_seed0,0,d1c1eb972d85b5605cb5db7c2c6bc30520ef1b725ec02f3d139c77d64d6a78a6,270,2,1,-30459.34411504113
main_seed0,0,d1c1eb972d85b5605cb5db7c2c6bc30520ef1b725ec02f3d139c77d64d6a78a6,270,3,1,-21461.0294862452
main_seed0,0,d1c1eb972d85b5605cb5db7c2c6bc30520ef1b725ec02f3d139c77d64d6a78a6,271,1,1,-49043.26797329213
main_seed0,0,d1c1eb972d85b5605cb5db7c2c6bc30520ef1b725ec02f3d139c77d64d6a78a6,271,2,1,-34803.429017860806
main_seed0,0,d1c1eb972d85b5605cb5db7c2c6bc30520ef1b725ec02f3d139c77d64d6a78a6,271,3,1,-23114.756487494826
main_seed0,0,d1c1eb972d85b5605cb5db7c2c6bc30520ef1b725ec02f3d139c77d64d6a78a6,272,1,1,-46987.40901262073
main_seed0,0,d1c1eb972d85b5605cb5db7c2c6bc30520ef1b725ec02f3d139c77d64d6a78a6,272,2,1,-26229.232913813503
main_seed0,0,d1c1eb972d85b5605cb5db7c2c6bc30520ef1b725ec02f3d139c77d64d6a78a6,272,3,1,-25913.754149863395
main_seed0,0,d1c1eb972d85b5605cb5db7c2c6bc30520ef1b725ec02f3d139c77d64d6a78a6,273,1,1,-52129.77027169159
main_seed0,0,d1c1eb972d85b5605cb5db7c2c6bc30520ef1b725ec02f3d139c77d64d6a78a6,273,2,1,-34734.32251073975
main_seed0,0,d1c1eb972d85b5605cb5db7c2c6bc30520ef1b725ec02f3d139c77d64d6a78a6,273,3,1,-25034.27725030423
main_seed0,0,d1c1eb972d85b5605cb5db7c2c6bc30520ef1b725ec02f3d139c77d64d6a78a6,274,1,1,-46275.36534162777
main_seed0,0,d1c1eb972d85b5605cb5db7c2c6bc30520ef1b725ec02f3d139c77d64d6a78a6,274,2,1,-23746.000505931177
main_seed0,0,d1c1eb972d85b5605cb5db7c2c6bc30520ef1b725ec02f3d139c77d64d6a78a6,274,3,1,-25152.23477260565
main_seed0,0,d1c1eb972d85b5605cb5db7c2c6bc30520ef1b725ec02f3d139c77d64d6a78a6,275,1,1,-51002.96767314828
main_seed0,0,d1c1eb972d85b5605cb5db7c2c6bc30520ef1b725ec02f3d139c77d64d6a78a6,275,2,1,-28157.574664460764
main_seed0,0,d1c1eb972d85b5605cb5db7c2c6bc30520ef1b725ec02f3d139c77d64d6a78a6,275,3,1,-23785.227195653988
main_seed0,0,d1c1eb972d85b5605cb5db7c2c6bc30520ef1b725ec02f3d139c77d64d6a78a6,276,1,1,-49816.87439447016
main_seed0,0,d1c1eb972d85b5605cb5db7c2c6bc30520ef1b725ec02f3d139c77d64d6a78a6,276,2,1,-33135.53728191857
main_seed0,0,d1c1eb972d85b5605cb5db7c2c6bc30520ef1b725ec02f3d139c77d64d6a78a6,276,3,1,-24747.70111433936
main_seed0,0,d1c1eb972d85b5605cb5db7c2c6bc30520ef1b725ec02f3d139c77d64d6a78a6,277,1,1,-50303.94494194741
main_seed0,0,d1c1eb972d85b5605cb5db7c2c6bc30520ef1b725ec02f3d139c77d64d6a78a6,277,2,1,-32598.985499789032
main_seed0,0,d1c1eb972d85b5605cb5db7c2c6bc30520ef1b725ec02f3d139c77d64d6a78a6,277,3,1,-23513.89503655862
main_seed0,0,d1c1eb972d85b5605cb5db7c2c6bc30520ef1b725ec02f3d139c77d64d6a78a6,278,1,1,-45404.43003834516
main_seed0,0,d1c1eb972d85b5605cb5db7c2c6bc30520ef1b725ec02f3d139c77d64d6a78a6,278,2,1,-31883.480250231485
main_seed0,0,d1c1eb972d85b5605cb5db7c2c6bc30520ef1b725ec02f3d139c77d64d6a78a6,278,3,1,-26628.759916424904
main_seed0,0,d1c1eb972d85b5605cb5db7c2c6bc30520ef1b725ec02f3d139c77d64d6a78a6,279,1,1,-46124.41243107154
main_seed0,0,d1c1eb972d85b5605cb5db7c2c6bc30520ef1b725ec02f3d139c77d64d6a78a6,279,2,1,-30266.678210697675
main_seed0,0,d1c1eb972d85b5605cb5db7c2c6bc30520ef1b725ec02f3d139c77d64d6a78a6,279,3,1,-28671.66033359385
main_seed0,0,d1c1eb972d85b5605cb5db7c2c6bc30520ef1b725ec02f3d139c77d64d6a78a6,280,1,1,-46015.48970686903
main_seed0,0,d1c1eb972d85b5605cb5db7c2c6bc30520ef1b725ec02f3d139c77d64d6a78a6,280,2,1,-36919.413633975615
main_seed0,0,d1c1eb972d85b5605cb5db7c2c6bc30520ef1b725ec02f3d139c77d64d6a78a6,280,3,1,-24828.973565503853
main_seed0,0,d1c1eb972d85b5605cb5db7c2c6bc30520ef1b725ec02f3d139c77d64d6a78a6,281,1,1,-44179.2225281314
main_seed0,0,d1c1eb972d85b5605cb5db7c2c6bc30520ef1b725ec02f3d139c77d64d6a78a6,281,2,1,-32411.067772561
main_seed0,0,d1c1eb972d85b5605cb5db7c2c6bc30520ef1b725ec02f3d139c77d64d6a78a6,281,3,1,-23674.192335572014
main_seed0,0,d1c1eb972d85b5605cb5db7c2c6bc30520ef1b725ec02f3d139c77d64d6a78a6,282,1,1,-48270.03429026244
main_seed0,0,d1c1eb972d85b5605cb5db7c2c6bc30520ef1b725ec02f3d139c77d64d6a78a6,282,2,1,-28827.200290626773
main_seed0,0,d1c1eb972d85b5605cb5db7c2c6bc30520ef1b725ec02f3d139c77d64d6a78a6,282,3,1,-25368.42174943936
main_seed0,0,d1c1eb972d85b5605cb5db7c2c6bc30520ef1b725ec02f3d139c77d64d6a78a6,283,1,1,-45218.69964899219
main_seed0,0,d1c1eb972d85b5605cb5db7c2c6bc30520ef1b725ec02f3d139c77d64d6a78a6,283,2,1,-28156.53407695
main_seed0,0,d1c1eb972d85b5605cb5db7c2c6bc30520ef1b725ec02f3d139c77d64d6a78a6,283,3,1,-27375.24096253101
main_seed0,0,d1c1eb972d85b5605cb5db7c2c6bc30520ef1b725ec02f3d139c77d64d6a78a6,284,1,1,-47096.138191965496
main_seed0,0,d1c1eb972d85b5605cb5db7c2c6bc30520ef1b725ec02f3d139c77d64d6a78a6,284,2,1,-24873.97674870099
main_seed0,0,d1c1eb972d85b5605cb5db7c2c6bc30520ef1b725ec02f3d139c77d64d6a78a6,284,3,1,-24416.059607080773
main_seed0,0,d1c1eb972d85b5605cb5db7c2c6bc30520ef1b725ec02f3d139c77d64d6a78a6,285,1,1,-49015.61708602602
main_seed0,0,d1c1eb972d85b5605cb5db7c2c6bc30520ef1b725ec02f3d139c77d64d6a78a6,285,2,1,-34634.130818246806
main_seed0,0,d1c1eb972d85b5605cb5db7c2c6bc30520ef1b725ec02f3d139c77d64d6a78a6,285,3,1,-25615.915457225423
main_seed0,0,d1c1eb972d85b5605cb5db7c2c6bc30520ef1b725ec02f3d139c77d64d6a78a6,286,1,1,-49964.93550157533
main_seed0,0,d1c1eb972d85b5605cb5db7c2c6bc30520ef1b725ec02f3d139c77d64d6a78a6,286,2,1,-27127.96316059077
main_seed0,0,d1c1eb972d85b5605cb5db7c2c6bc30520ef1b725ec02f3d139c77d64d6a78a6,286,3,1,-26109.10341863772
main_seed0,0,d1c1eb972d85b5605cb5db7c2c6bc30520ef1b725ec02f3d139c77d64d6a78a6,287,1,1,-46621.0169089184
main_seed0,0,d1c1eb972d85b5605cb5db7c2c6bc30520ef1b725ec02f3d139c77d64d6a78a6,287,2,1,-31450.320368303263
main_seed0,0,d1c1eb972d85b5605cb5db7c2c6bc30520ef1b725ec02f3d139c77d64d6a78a6,287,3,1,-28825.191870125705
main_seed0,0,d1c1eb972d85b5605cb5db7c2c6bc30520ef1b725ec02f3d139c77d64d6a78a6,288,1,1,-49338.736470116775
main_seed0,0,d1c1eb972d85b5605cb5db7c2c6bc30520ef1b725ec02f3d139c77d64d6a78a6,288,2,1,-30042.08289781163
main_seed0,0,d1c1eb972d85b5605cb5db7c2c6bc30520ef1b725ec02f3d139c77d64d6a78a6,288,3,1,-22769.645129171717
main_seed0,0,d1c1eb972d85b5605cb5db7c2c6bc30520ef1b725ec02f3d139c77d64d6a78a6,289,1,1,-48212.84236781914
main_seed0,0,d1c1eb972d85b5605cb5db7c2c6bc30520ef1b725ec02f3d139c77d64d6a78a6,289,2,1,-29593.323966227774
main_seed0,0,d1c1eb972d85b5605cb5db7c2c6bc30520ef1b725ec02f3d139c77d64d6a78a6,289,3,1,-25616.563192146947
main_seed0,0,d1c1eb972d85b5605cb5db7c2c6bc30520ef1b725ec02f3d139c77d64d6a78a6,290,1,1,-44278.12516067593
main_seed0,0,d1c1eb972d85b5605cb5db7c2c6bc30520ef1b725ec02f3d139c77d64d6a78a6,290,2,1,-31267.82332551969
main_seed0,0,d1c1eb972d85b5605cb5db7c2c6bc30520ef1b725ec02f3d139c77d64d6a78a6,290,3,1,-24845.032461787145
main_seed0,0,d1c1eb972d85b5605cb5db7c2c6bc30520ef1b725ec02f3d139c77d64d6a78a6,291,1,1,-48887.9912342787
main_seed0,0,d1c1eb972d85b5605cb5db7c2c6bc30520ef1b725ec02f3d139c77d64d6a78a6,291,2,1,-33202.706091626955
main_seed0,0,d1c1eb972d85b5605cb5db7c2c6bc30520ef1b725ec02f3d139c77d64d6a78a6,291,3,1,-25522.11950877869
main_seed0,0,d1c1eb972d85b5605cb5db7c2c6bc30520ef1b725ec02f3d139c77d64d6a78a6,292,1,1,-48368.38333375155
main_seed0,0,d1c1eb972d85b5605cb5db7c2c6bc30520ef1b725ec02f3d139c77d64d6a78a6,292,2,1,-30024.25797703183
main_seed0,0,d1c1eb972d85b5605cb5db7c2c6bc30520ef1b725ec02f3d139c77d64d6a78a6,292,3,1,-27846.434002070982
main_seed0,0,d1c1eb972d85b5605cb5db7c2c6bc30520ef1b725ec02f3d139c77d64d6a78a6,293,1,1,-46945.24210428095
main_seed0,0,d1c1eb972d85b5605cb5db7c2c6bc30520ef1b725ec02f3d139c77d64d6a78a6,293,2,1,-30474.13367126817
main_seed0,0,d1c1eb972d85b5605cb5db7c2c6bc30520ef1b725ec02f3d139c77d64d6a78a6,293,3,1,-30010.45482421401
main_seed0,0,d1c1eb972d85b5605cb5db7c2c6bc30520ef1b725ec02f3d139c77d64d6a78a6,294,1,1,-50248.7040424531
main_seed0,0,d1c1eb972d85b5605cb5db7c2c6bc30520ef1b725ec02f3d139c77d64d6a78a6,294,2,1,-31708.61962353603
main_seed0,0,d1c1eb972d85b5605cb5db7c2c6bc30520ef1b725ec02f3d139c77d64d6a78a6,294,3,1,-25103.17182312156
main_seed0,0,d1c1eb972d85b5605cb5db7c2c6bc30520ef1b725ec02f3d139c77d64d6a78a6,295,1,1,-51830.2153370676
main_seed0,0,d1c1eb972d85b5605cb5db7c2c6bc30520ef1b725ec02f3d139c77d64d6a78a6,295,2,1,-29196.72452894706
main_seed0,0,d1c1eb972d85b5605cb5db7c2c6bc30520ef1b725ec02f3d139c77d64d6a78a6,295,3,1,-23996.741201266366
main_seed0,0,d1c1eb972d85b5605cb5db7c2c6bc30520ef1b725ec02f3d139c77d64d6a78a6,296,1,1,-48750.30859636684
main_seed0,0,d1c1eb972d85b5605cb5db7c2c6bc30520ef1b725ec02f3d139c77d64d6a78a6,296,2,1,-36031.0433016312
main_seed0,0,d1c1eb972d85b5605cb5db7c2c6bc30520ef1b725ec02f3d139c77d64d6a78a6,296,3,1,-26375.474208449108
main_seed0,0,d1c1eb972d85b5605cb5db7c2c6bc30520ef1b725ec02f3d139c77d64d6a78a6,297,1,1,-48919.64968696635
main_seed0,0,d1c1eb972d85b5605cb5db7c2c6bc30520ef1b725ec02f3d139c77d64d6a78a6,297,2,1,-30738.10745813969
main_seed0,0,d1c1eb972d85b5605cb5db7c2c6bc30520ef1b725ec02f3d139c77d64d6a78a6,297,3,1,-21392.67961504643
main_seed0,0,d1c1eb972d85b5605cb5db7c2c6bc30520ef1b725ec02f3d139c77d64d6a78a6,298,1,1,-44143.698852484136
main_seed0,0,d1c1eb972d85b5605cb5db7c2c6bc30520ef1b725ec02f3d139c77d64d6a78a6,298,2,1,-32968.091698708406
main_seed0,0,d1c1eb972d85b5605cb5db7c2c6bc30520ef1b725ec02f3d139c77d64d6a78a6,298,3,1,-26530.69610990832
main_seed0,0,d1c1eb972d85b5605cb5db7c2c6bc30520ef1b725ec02f3d139c77d64d6a78a6,299,1,1,-48469.93934970746
main_seed0,0,d1c1eb972d85b5605cb5db7c2c6bc30520ef1b725ec02f3d139c77d64d6a78a6,299,2,1,-35397.520063618766
main_seed0,0,d1c1eb972d85b5605cb5db7c2c6bc30520ef1b725ec02f3d139c77d64d6a78a6,299,3,1,-28048.505258325826
main_seed0,0,d1c1eb972d85b5605cb5db7c2c6bc30520ef1b725ec02f3d139c77d64d6a78a6,300,1,1,-46569.497410347714
main_seed0,0,d1c1eb972d85b5605cb5db7c2c6bc30520ef1b725ec02f3d139c77d64d6a78a6,300,2,1,-25825.69765487151
main_seed0,0,d1c1eb972d85b5605cb5db7c2c6bc30520ef1b725ec02f3d139c77d64d6a78a6,300,3,1,-25664.87314437532
main_seed0,0,d1c1eb972d85b5605cb5db7c2c6bc30520ef1b725ec02f3d139c77d64d6a78a6,301,1,1,-46748.35473761823
main_seed0,0,d1c1eb972d85b5605cb5db7c2c6bc30520ef1b725ec02f3d139c77d64d6a78a6,301,2,1,-28903.900070256845
main_seed0,0,d1c1eb972d85b5605cb5db7c2c6bc30520ef1b725ec02f3d139c77d64d6a78a6,301,3,1,-23710.37092756483
main_seed0,0,d1c1eb972d85b5605cb5db7c2c6bc30520ef1b725ec02f3d139c77d64d6a78a6,302,1,1,-48476.07723601618
main_seed0,0,d1c1eb972d85b5605cb5db7c2c6bc30520ef1b725ec02f3d139c77d64d6a78a6,302,2,1,-26093.723832487118
main_seed0,0,d1c1eb972d85b5605cb5db7c2c6bc30520ef1b725ec02f3d139c77d64d6a78a6,302,3,1,-24594.59607150196
main_seed0,0,d1c1eb972d85b5605cb5db7c2c6bc30520ef1b725ec02f3d139c77d64d6a78a6,303,1,1,-48020.9400005723
main_seed0,0,d1c1eb972d85b5605cb5db7c2c6bc30520ef1b725ec02f3d139c77d64d6a78a6,303,2,1,-27089.807418034437
main_seed0,0,d1c1eb972d85b5605cb5db7c2c6bc30520ef1b725ec02f3d139c77d64d6a78a6,303,3,1,-26319.24902204918
main_seed0,0,d1c1eb972d85b5605cb5db7c2c6bc30520ef1b725ec02f3d139c77d64d6a78a6,304,1,1,-51385.24487378344
main_seed0,0,d1c1eb972d85b5605cb5db7c2c6bc30520ef1b725ec02f3d139c77d64d6a78a6,304,2,1,-25390.913710348403
main_seed0,0,d1c1eb972d85b5605cb5db7c2c6bc30520ef1b725ec02f3d139c77d64d6a78a6,304,3,1,-21792.203445653075
main_seed0,0,d1c1eb972d85b5605cb5db7c2c6bc30520ef1b725ec02f3d139c77d64d6a78a6,305,1,1,-45819.41776071489
main_seed0,0,d1c1eb972d85b5605cb5db7c2c6bc30520ef1b725ec02f3d139c77d64d6a78a6,305,2,1,-33985.09998065581
main_seed0,0,d1c1eb972d85b5605cb5db7c2c6bc30520ef1b725ec02f3d139c77d64d6a78a6,305,3,1,-28701.429446489437
main_seed0,0,d1c1eb972d85b5605cb5db7c2c6bc30520ef1b725ec02f3d139c77d64d6a78a6,306,1,1,-48504.60000026357
main_seed0,0,d1c1eb972d85b5605cb5db7c2c6bc30520ef1b725ec02f3d139c77d64d6a78a6,306,2,1,-32608.738873521408
main_seed0,0,d1c1eb972d85b5605cb5db7c2c6bc30520ef1b725ec02f3d139c77d64d6a78a6,306,3,1,-26164.33219786957
main_seed0,0,d1c1eb972d85b5605cb5db7c2c6bc30520ef1b725ec02f3d139c77d64d6a78a6,307,1,1,-45120.25910114735
main_seed0,0,d1c1eb972d85b5605cb5db7c2c6bc30520ef1b725ec02f3d139c77d64d6a78a6,307,2,1,-30450.18838764019
main_seed0,0,d1c1eb972d85b5605cb5db7c2c6bc30520ef1b725ec02f3d139c77d64d6a78a6,307,3,1,-22529.941695909205
main_seed0,0,d1c1eb972d85b5605cb5db7c2c6bc30520ef1b725ec02f3d139c77d64d6a78a6,308,1,1,-47607.310504558365
main_seed0,0,d1c1eb972d85b5605cb5db7c2c6bc30520ef1b725ec02f3d139c77d64d6a78a6,308,2,1,-33660.77256511687
main_seed0,0,d1c1eb972d85b5605cb5db7c2c6bc30520ef1b725ec02f3d139c77d64d6a78a6,308,3,1,-22206.107678277094
main_seed0,0,d1c1eb972d85b5605cb5db7c2c6bc30520ef1b725ec02f3d139c77d64d6a78a6,309,1,1,-45397.4094531438
main_seed0,0,d1c1eb972d85b5605cb5db7c2c6bc30520ef1b725ec02f3d139c77d64d6a78a6,309,2,1,-26871.5920888092
main_seed0,0,d1c1eb972d85b5605cb5db7c2c6bc30520ef1b725ec02f3d139c77d64d6a78a6,309,3,1,-26893.933974032403
main_seed0,0,d1c1eb972d85b5605cb5db7c2c6bc30520ef1b725ec02f3d139c77d64d6a78a6,310,1,1,-52714.54685724562
main_seed0,0,d1c1eb972d85b5605cb5db7c2c6bc30520ef1b725ec02f3d139c77d64d6a78a6,310,2,1,-27664.620355439893
main_seed0,0,d1c1eb972d85b5605cb5db7c2c6bc30520ef1b725ec02f3d139c77d64d6a78a6,310,3,1,-24742.805885279056
main_seed0,0,d1c1eb972d85b5605cb5db7c2c6bc30520ef1b725ec02f3d139c77d64d6a78a6,311,1,1,-49935.985427424304
main_seed0,0,d1c1eb972d85b5605cb5db7c2c6bc30520ef1b725ec02f3d139c77d64d6a78a6,311,2,1,-26087.123579720726
main_seed0,0,d1c1eb972d85b5605cb5db7c2c6bc30520ef1b725ec02f3d139c77d64d6a78a6,311,3,1,-23111.987191227712
main_seed0,0,d1c1eb972d85b5605cb5db7c2c6bc30520ef1b725ec02f3d139c77d64d6a78a6,312,1,1,-51277.3038403753
main_seed0,0,d1c1eb972d85b5605cb5db7c2c6bc30520ef1b725ec02f3d139c77d64d6a78a6,312,2,1,-28045.60938203095
main_seed0,0,d1c1eb972d85b5605cb5db7c2c6bc30520ef1b725ec02f3d139c77d64d6a78a6,312,3,1,-25186.22922964913
main_seed0,0,d1c1eb972d85b5605cb5db7c2c6bc30520ef1b725ec02f3d139c77d64d6a78a6,313,1,1,-46488.35697406826
main_seed0,0,d1c1eb972d85b5605cb5db7c2c6bc30520ef1b725ec02f3d139c77d64d6a78a6,313,2,1,-33426.14826247108
main_seed0,0,d1c1eb972d85b5605cb5db7c2c6bc30520ef1b725ec02f3d139c77d64d6a78a6,313,3,1,-27286.426467380552
main_seed0,0,d1c1eb972d85b5605cb5db7c2c6bc30520ef1b725ec02f3d139c77d64d6a78a6,314,1,1,-43410.60686140739
main_seed0,0,d1c1eb972d85b5605cb5db7c2c6bc30520ef1b725ec02f3d139c77d64d6a78a6,314,2,1,-26899.955287700053
main_seed0,0,d1c1eb972d85b5605cb5db7c2c6bc30520ef1b725ec02f3d139c77d64d6a78a6,314,3,1,-26763.53004610701
main_seed0,0,d1c1eb972d85b5605cb5db7c2c6bc30520ef1b725ec02f3d139c77d64d6a78a6,315,1,1,-53705.67049158144
main_seed0,0,d1c1eb972d85b5605cb5db7c2c6bc30520ef1b725ec02f3d139c77d64d6a78a6,315,2,1,-25725.192375167542
main_seed0,0,d1c1eb972d85b5605cb5db7c2c6bc30520ef1b725ec02f3d139c77d64d6a78a6,315,3,1,-21494.178663956463
main_seed0,0,d1c1eb972d85b5605cb5db7c2c6bc30520ef1b725ec02f3d139c77d64d6a78a6,316,1,1,-46359.868210083645
main_seed0,0,d1c1eb972d85b5605cb5db7c2c6bc30520ef1b725ec02f3d139c77d64d6a78a6,316,2,1,-33079.64240110684
main_seed0,0,d1c1eb972d85b5605cb5db7c2c6bc30520ef1b725ec02f3d139c77d64d6a78a6,316,3,1,-25529.800458303456
main_seed0,0,d1c1eb972d85b5605cb5db7c2c6bc30520ef1b725ec02f3d139c77d64d6a78a6,317,1,1,-52336.92352359658
main_seed0,0,d1c1eb972d85b5605cb5db7c2c6bc30520ef1b725ec02f3d139c77d64d6a78a6,317,2,1,-31739.301765950368
main_seed0,0,d1c1eb972d85b5605cb5db7c2c6bc30520ef1b725ec02f3d139c77d64d6a78a6,317,3,1,-28663.694778612764
main_seed0,0,d1c1eb972d85b5605cb5db7c2c6bc30520ef1b725ec02f3d139c77d64d6a78a6,318,1,1,-53025.32859353423
main_seed0,0,d1c1eb972d85b5605cb5db7c2c6bc30520ef1b725ec02f3d139c77d64d6a78a6,318,2,1,-29914.68281297201
main_seed0,0,d1c1eb972d85b5605cb5db7c2c6bc30520ef1b725ec02f3d139c77d64d6a78a6,318,3,1,-28747.500191662
main_seed0,0,d1c1eb972d85b5605cb5db7c2c6bc30520ef1b725ec02f3d139c77d64d6a78a6,319,1,1,-46191.730322137504
main_seed0,0,d1c1eb972d85b5605cb5db7c2c6bc30520ef1b725ec02f3d139c77d64d6a78a6,319,2,1,-30196.73342475104
main_seed0,0,d1c1eb972d85b5605cb5db7c2c6bc30520ef1b725ec02f3d139c77d64d6a78a6,319,3,1,-23213.39845738086
main_seed0,0,d1c1eb972d85b5605cb5db7c2c6bc30520ef1b725ec02f3d139c77d64d6a78a6,320,1,1,-47760.6910391336
main_seed0,0,d1c1eb972d85b5605cb5db7c2c6bc30520ef1b725ec02f3d139c77d64d6a78a6,320,2,1,-29437.90481570955
main_seed0,0,d1c1eb972d85b5605cb5db7c2c6bc30520ef1b725ec02f3d139c77d64d6a78a6,320,3,1,-25420.351039891
main_seed0,0,d1c1eb972d85b5605cb5db7c2c6bc30520ef1b725ec02f3d139c77d64d6a78a6,321,1,1,-47624.91658061043
main_seed0,0,d1c1eb972d85b5605cb5db7c2c6bc30520ef1b725ec02f3d139c77d64d6a78a6,321,2,1,-30643.293911648696
main_seed0,0,d1c1eb972d85b5605cb5db7c2c6bc30520ef1b725ec02f3d139c77d64d6a78a6,321,3,1,-22181.355723312547
main_seed0,0,d1c1eb972d85b5605cb5db7c2c6bc30520ef1b725ec02f3d139c77d64d6a78a6,322,1,1,-50036.97421028593
main_seed0,0,d1c1eb972d85b5605cb5db7c2c6bc30520ef1b725ec02f3d139c77d64d6a78a6,322,2,1,-27625.55397028544
main_seed0,0,d1c1eb972d85b5605cb5db7c2c6bc30520ef1b725ec02f3d139c77d64d6a78a6,322,3,1,-27625.8518009857
main_seed0,0,d1c1eb972d85b5605cb5db7c2c6bc30520ef1b725ec02f3d139c77d64d6a78a6,323,1,1,-47438.63631703747
main_seed0,0,d1c1eb972d85b5605cb5db7c2c6bc30520ef1b725ec02f3d139c77d64d6a78a6,323,2,1,-33857.01107474881
main_seed0,0,d1c1eb972d85b5605cb5db7c2c6bc30520ef1b725ec02f3d139c77d64d6a78a6,323,3,1,-25283.572309771767
main_seed0,0,d1c1eb972d85b5605cb5db7c2c6bc30520ef1b725ec02f3d139c77d64d6a78a6,324,1,1,-47508.70013053167
main_seed0,0,d1c1eb972d85b5605cb5db7c2c6bc30520ef1b725ec02f3d139c77d64d6a78a6,324,2,1,-31739.8448045355
main_seed0,0,d1c1eb972d85b5605cb5db7c2c6bc30520ef1b725ec02f3d139c77d64d6a78a6,324,3,1,-21715.91797776847
main_seed0,0,d1c1eb972d85b5605cb5db7c2c6bc30520ef1b725ec02f3d139c77d64d6a78a6,325,1,1,-49418.68236927664
main_seed0,0,d1c1eb972d85b5605cb5db7c2c6bc30520ef1b725ec02f3d139c77d64d6a78a6,325,2,1,-29645.460906035238
main_seed0,0,d1c1eb972d85b5605cb5db7c2c6bc30520ef1b725ec02f3d139c77d64d6a78a6,325,3,1,-26207.74090416157
main_seed0,0,d1c1eb972d85b5605cb5db7c2c6bc30520ef1b725ec02f3d139c77d64d6a78a6,326,1,1,-44983.84185063522
main_seed0,0,d1c1eb972d85b5605cb5db7c2c6bc30520ef1b725ec02f3d139c77d64d6a78a6,326,2,1,-33459.662780237595
main_seed0,0,d1c1eb972d85b5605cb5db7c2c6bc30520ef1b725ec02f3d139c77d64d6a78a6,326,3,1,-24021.338967389915
main_seed0,0,d1c1eb972d85b5605cb5db7c2c6bc30520ef1b725ec02f3d139c77d64d6a78a6,327,1,1,-50095.65926942912
main_seed0,0,d1c1eb972d85b5605cb5db7c2c6bc30520ef1b725ec02f3d139c77d64d6a78a6,327,2,1,-31527.80818572406
main_seed0,0,d1c1eb972d85b5605cb5db7c2c6bc30520ef1b725ec02f3d139c77d64d6a78a6,327,3,1,-21012.53270233669
main_seed0,0,d1c1eb972d85b5605cb5db7c2c6bc30520ef1b725ec02f3d139c77d64d6a78a6,328,1,1,-50772.02114407608
main_seed0,0,d1c1eb972d85b5605cb5db7c2c6bc30520ef1b725ec02f3d139c77d64d6a78a6,328,2,1,-32988.69012234257
main_seed0,0,d1c1eb972d85b5605cb5db7c2c6bc30520ef1b725ec02f3d139c77d64d6a78a6,328,3,1,-26361.979634985564
main_seed0,0,d1c1eb972d85b5605cb5db7c2c6bc30520ef1b725ec02f3d139c77d64d6a78a6,329,1,1,-48566.779370347824
main_seed0,0,d1c1eb972d85b5605cb5db7c2c6bc30520ef1b725ec02f3d139c77d64d6a78a6,329,2,1,-29767.114966270707
main_seed0,0,d1c1eb972d85b5605cb5db7c2c6bc30520ef1b725ec02f3d139c77d64d6a78a6,329,3,1,-23775.334498530327
main_seed0,0,d1c1eb972d85b5605cb5db7c2c6bc30520ef1b725ec02f3d139c77d64d6a78a6,330,1,1,-47151.5022497084
main_seed0,0,d1c1eb972d85b5605cb5db7c2c6bc30520ef1b725ec02f3d139c77d64d6a78a6,330,2,1,-29092.427923343745
main_seed0,0,d1c1eb972d85b5605cb5db7c2c6bc30520ef1b725ec02f3d139c77d64d6a78a6,330,3,1,-20687.51103386269
main_seed0,0,d1c1eb972d85b5605cb5db7c2c6bc30520ef1b725ec02f3d139c77d64d6a78a6,331,1,1,-44830.49875013749
main_seed0,0,d1c1eb972d85b5605cb5db7c2c6bc30520ef1b725ec02f3d139c77d64d6a78a6,331,2,1,-38449.29701696516
main_seed0,0,d1c1eb972d85b5605cb5db7c2c6bc30520ef1b725ec02f3d139c77d64d6a78a6,331,3,1,-24802.656478758858
main_seed0,0,d1c1eb972d85b5605cb5db7c2c6bc30520ef1b725ec02f3d139c77d64d6a78a6,332,1,1,-45955.30412721314
main_seed0,0,d1c1eb972d85b5605cb5db7c2c6bc30520ef1b725ec02f3d139c77d64d6a78a6,332,2,1,-33568.25289940484
main_seed0,0,d1c1eb972d85b5605cb5db7c2c6bc30520ef1b725ec02f3d139c77d64d6a78a6,332,3,1,-29095.248277260856
main_seed0,0,d1c1eb972d85b5605cb5db7c2c6bc30520ef1b725ec02f3d139c77d64d6a78a6,333,1,1,-52149.028821223095
main_seed0,0,d1c1eb972d85b5605cb5db7c2c6bc30520ef1b725ec02f3d139c77d64d6a78a6,333,2,1,-34755.94064786343
main_seed0,0,d1c1eb972d85b5605cb5db7c2c6bc30520ef1b725ec02f3d139c77d64d6a78a6,333,3,1,-26552.826800503863
main_seed0,0,d1c1eb972d85b5605cb5db7c2c6bc30520ef1b725ec02f3d139c77d64d6a78a6,334,1,1,-51039.66797742887
main_seed0,0,d1c1eb972d85b5605cb5db7c2c6bc30520ef1b725ec02f3d139c77d64d6a78a6,334,2,1,-33231.10593258021
main_seed0,0,d1c1eb972d85b5605cb5db7c2c6bc30520ef1b725ec02f3d139c77d64d6a78a6,334,3,1,-24533.23912910698
main_seed0,0,d1c1eb972d85b5605cb5db7c2c6bc30520ef1b725ec02f3d139c77d64d6a78a6,335,1,1,-49061.7309128574
main_seed0,0,d1c1eb972d85b5605cb5db7c2c6bc30520ef1b725ec02f3d139c77d64d6a78a6,335,2,1,-32265.577254214364
main_seed0,0,d1c1eb972d85b5605cb5db7c2c6bc30520ef1b725ec02f3d139c77d64d6a78a6,335,3,1,-23748.45514672158
main_seed0,0,d1c1eb972d85b5605cb5db7c2c6bc30520ef1b725ec02f3d139c77d64d6a78a6,336,1,1,-49024.74490998223
main_seed0,0,d1c1eb972d85b5605cb5db7c2c6bc30520ef1b725ec02f3d139c77d64d6a78a6,336,2,1,-28929.025285988824
main_seed0,0,d1c1eb972d85b5605cb5db7c2c6bc30520ef1b725ec02f3d139c77d64d6a78a6,336,3,1,-25304.43078023897
main_seed0,0,d1c1eb972d85b5605cb5db7c2c6bc30520ef1b725ec02f3d139c77d64d6a78a6,337,1,1,-51070.41165124688
main_seed0,0,d1c1eb972d85b5605cb5db7c2c6bc30520ef1b725ec02f3d139c77d64d6a78a6,337,2,1,-29688.66937602945
main_seed0,0,d1c1eb972d85b5605cb5db7c2c6bc30520ef1b725ec02f3d139c77d64d6a78a6,337,3,1,-23991.96193753167
main_seed0,0,d1c1eb972d85b5605cb5db7c2c6bc30520ef1b725ec02f3d139c77d64d6a78a6,338,1,1,-50108.36954178724
main_seed0,0,d1c1eb972d85b5605cb5db7c2c6bc30520ef1b725ec02f3d139c77d64d6a78a6,338,2,1,-31983.020445410908
main_seed0,0,d1c1eb972d85b5605cb5db7c2c6bc30520ef1b725ec02f3d139c77d64d6a78a6,338,3,1,-22783.37669956075
main_seed0,0,d1c1eb972d85b5605cb5db7c2c6bc30520ef1b725ec02f3d139c77d64d6a78a6,339,1,1,-50728.46251658648
main_seed0,0,d1c1eb972d85b5605cb5db7c2c6bc30520ef1b725ec02f3d139c77d64d6a78a6,339,2,1,-29435.24745307857
main_seed0,0,d1c1eb972d85b5605cb5db7c2c6bc30520ef1b725ec02f3d139c77d64d6a78a6,339,3,1,-26753.753850822795
main_seed0,0,d1c1eb972d85b5605cb5db7c2c6bc30520ef1b725ec02f3d139c77d64d6a78a6,340,1,1,-49088.48643002741
main_seed0,0,d1c1eb972d85b5605cb5db7c2c6bc30520ef1b725ec02f3d139c77d64d6a78a6,340,2,1,-32942.271510461855
main_seed0,0,d1c1eb972d85b5605cb5db7c2c6bc30520ef1b725ec02f3d139c77d64d6a78a6,340,3,1,-22621.426580961117
main_seed0,0,d1c1eb972d85b5605cb5db7c2c6bc30520ef1b725ec02f3d139c77d64d6a78a6,341,1,1,-46705.64771115885
main_seed0,0,d1c1eb972d85b5605cb5db7c2c6bc30520ef1b725ec02f3d139c77d64d6a78a6,341,2,1,-30543.81638141601
main_seed0,0,d1c1eb972d85b5605cb5db7c2c6bc30520ef1b725ec02f3d139c77d64d6a78a6,341,3,1,-22246.837836473715
main_seed0,0,d1c1eb972d85b5605cb5db7c2c6bc30520ef1b725ec02f3d139c77d64d6a78a6,342,1,1,-50436.382710051694
main_seed0,0,d1c1eb972d85b5605cb5db7c2c6bc30520ef1b725ec02f3d139c77d64d6a78a6,342,2,1,-29190.88240151567
main_seed0,0,d1c1eb972d85b5605cb5db7c2c6bc30520ef1b725ec02f3d139c77d64d6a78a6,342,3,1,-21455.070993662983
main_seed0,0,d1c1eb972d85b5605cb5db7c2c6bc30520ef1b725ec02f3d139c77d64d6a78a6,343,1,1,-46998.41547506686
main_seed0,0,d1c1eb972d85b5605cb5db7c2c6bc30520ef1b725ec02f3d139c77d64d6a78a6,343,2,1,-29627.76650681056
main_seed0,0,d1c1eb972d85b5605cb5db7c2c6bc30520ef1b725ec02f3d139c77d64d6a78a6,343,3,1,-25685.120444019743
main_seed0,0,d1c1eb972d85b5605cb5db7c2c6bc30520ef1b725ec02f3d139c77d64d6a78a6,344,1,1,-50655.82143238909
main_seed0,0,d1c1eb972d85b5605cb5db7c2c6bc30520ef1b725ec02f3d139c77d64d6a78a6,344,2,1,-32586.06301102038
main_seed0,0,d1c1eb972d85b5605cb5db7c2c6bc30520ef1b725ec02f3d139c77d64d6a78a6,344,3,1,-22228.9494905402
main_seed0,0,d1c1eb972d85b5605cb5db7c2c6bc30520ef1b725ec02f3d139c77d64d6a78a6,345,1,1,-46059.98403448813
main_seed0,0,d1c1eb972d85b5605cb5db7c2c6bc30520ef1b725ec02f3d139c77d64d6a78a6,345,2,1,-32751.935804721965
main_seed0,0,d1c1eb972d85b5605cb5db7c2c6bc30520ef1b725ec02f3d139c77d64d6a78a6,345,3,1,-24147.622895391487
main_seed0,0,d1c1eb972d85b5605cb5db7c2c6bc30520ef1b725ec02f3d139c77d64d6a78a6,346,1,1,-50176.773157719086
main_seed0,0,d1c1eb972d85b5605cb5db7c2c6bc30520ef1b725ec02f3d139c77d64d6a78a6,346,2,1,-31609.832703837837
main_seed0,0,d1c1eb972d85b5605cb5db7c2c6bc30520ef1b725ec02f3d139c77d64d6a78a6,346,3,1,-23617.471874886483
main_seed0,0,d1c1eb972d85b5605cb5db7c2c6bc30520ef1b725ec02f3d139c77d64d6a78a6,347,1,1,-48834.777498329546
main_seed0,0,d1c1eb972d85b5605cb5db7c2c6bc30520ef1b725ec02f3d139c77d64d6a78a6,347,2,1,-31224.500381975355
main_seed0,0,d1c1eb972d85b5605cb5db7c2c6bc30520ef1b725ec02f3d139c77d64d6a78a6,347,3,1,-25418.44126234287
main_seed0,0,d1c1eb972d85b5605cb5db7c2c6bc30520ef1b725ec02f3d139c77d64d6a78a6,348,1,1,-52549.751380742266
main_seed0,0,d1c1eb972d85b5605cb5db7c2c6bc30520ef1b725ec02f3d139c77d64d6a78a6,348,2,1,-28961.759412487416
main_seed0,0,d1c1eb972d85b5605cb5db7c2c6bc30520ef1b725ec02f3d139c77d64d6a78a6,348,3,1,-23035.033815929208
main_seed0,0,d1c1eb972d85b5605cb5db7c2c6bc30520ef1b725ec02f3d139c77d64d6a78a6,349,1,1,-48513.02305731776
main_seed0,0,d1c1eb972d85b5605cb5db7c2c6bc30520ef1b725ec02f3d139c77d64d6a78a6,349,2,1,-31561.77381944411
main_seed0,0,d1c1eb972d85b5605cb5db7c2c6bc30520ef1b725ec02f3d139c77d64d6a78a6,349,3,1,-20719.104640959424
main_seed0,0,d1c1eb972d85b5605cb5db7c2c6bc30520ef1b725ec02f3d139c77d64d6a78a6,350,1,1,-51370.6385083871
main_seed0,0,d1c1eb972d85b5605cb5db7c2c6bc30520ef1b725ec02f3d139c77d64d6a78a6,350,2,1,-31930.804324021377
main_seed0,0,d1c1eb972d85b5605cb5db7c2c6bc30520ef1b725ec02f3d139c77d64d6a78a6,350,3,1,-21197.73921669314
main_seed0,0,d1c1eb972d85b5605cb5db7c2c6bc30520ef1b725ec02f3d139c77d64d6a78a6,351,1,1,-49951.87061618895
main_seed0,0,d1c1eb972d85b5605cb5db7c2c6bc30520ef1b725ec02f3d139c77d64d6a78a6,351,2,1,-24294.962808339857
main_seed0,0,d1c1eb972d85b5605cb5db7c2c6bc30520ef1b725ec02f3d139c77d64d6a78a6,351,3,1,-24603.56847027097
main_seed0,0,d1c1eb972d85b5605cb5db7c2c6bc30520ef1b725ec02f3d139c77d64d6a78a6,352,1,1,-49184.3300661026
main_seed0,0,d1c1eb972d85b5605cb5db7c2c6bc30520ef1b725ec02f3d139c77d64d6a78a6,352,2,1,-27290.387261888573
main_seed0,0,d1c1eb972d85b5605cb5db7c2c6bc30520ef1b725ec02f3d139c77d64d6a78a6,352,3,1,-21552.518751485783
main_seed0,0,d1c1eb972d85b5605cb5db7c2c6bc30520ef1b725ec02f3d139c77d64d6a78a6,353,1,1,-47051.00687079122
main_seed0,0,d1c1eb972d85b5605cb5db7c2c6bc30520ef1b725ec02f3d139c77d64d6a78a6,353,2,1,-29930.60973762813
main_seed0,0,d1c1eb972d85b5605cb5db7c2c6bc30520ef1b725ec02f3d139c77d64d6a78a6,353,3,1,-28765.4406726646
main_seed0,0,d1c1eb972d85b5605cb5db7c2c6bc30520ef1b725ec02f3d139c77d64d6a78a6,354,1,1,-46612.32814416556
main_seed0,0,d1c1eb972d85b5605cb5db7c2c6bc30520ef1b725ec02f3d139c77d64d6a78a6,354,2,1,-31934.3578035447
main_seed0,0,d1c1eb972d85b5605cb5db7c2c6bc30520ef1b725ec02f3d139c77d64d6a78a6,354,3,1,-26283.57132477769
main_seed0,0,d1c1eb972d85b5605cb5db7c2c6bc30520ef1b725ec02f3d139c77d64d6a78a6,355,1,1,-47156.50737365864
main_seed0,0,d1c1eb972d85b5605cb5db7c2c6bc30520ef1b725ec02f3d139c77d64d6a78a6,355,2,1,-33226.080628890275
main_seed0,0,d1c1eb972d85b5605cb5db7c2c6bc30520ef1b725ec02f3d139c77d64d6a78a6,355,3,1,-24214.90597157196
main_seed0,0,d1c1eb972d85b5605cb5db7c2c6bc30520ef1b725ec02f3d139c77d64d6a78a6,356,1,1,-48979.33001753384
main_seed0,0,d1c1eb972d85b5605cb5db7c2c6bc30520ef1b725ec02f3d139c77d64d6a78a6,356,2,1,-31457.681757983955
main_seed0,0,d1c1eb972d85b5605cb5db7c2c6bc30520ef1b725ec02f3d139c77d64d6a78a6,356,3,1,-26580.568438064754
main_seed0,0,d1c1eb972d85b5605cb5db7c2c6bc30520ef1b725ec02f3d139c77d64d6a78a6,357,1,1,-48030.33343709227
main_seed0,0,d1c1eb972d85b5605cb5db7c2c6bc30520ef1b725ec02f3d139c77d64d6a78a6,357,2,1,-32281.58976762928
main_seed0,0,d1c1eb972d85b5605cb5db7c2c6bc30520ef1b725ec02f3d139c77d64d6a78a6,357,3,1,-21208.486950131937
main_seed0,0,d1c1eb972d85b5605cb5db7c2c6bc30520ef1b725ec02f3d139c77d64d6a78a6,358,1,1,-49866.98335113398
main_seed0,0,d1c1eb972d85b5605cb5db7c2c6bc30520ef1b725ec02f3d139c77d64d6a78a6,358,2,1,-31258.846409406186
main_seed0,0,d1c1eb972d85b5605cb5db7c2c6bc30520ef1b725ec02f3d139c77d64d6a78a6,358,3,1,-21910.10994788929
main_seed0,0,d1c1eb972d85b5605cb5db7c2c6bc30520ef1b725ec02f3d139c77d64d6a78a6,359,1,1,-50145.226753862655
main_seed0,0,d1c1eb972d85b5605cb5db7c2c6bc30520ef1b725ec02f3d139c77d64d6a78a6,359,2,1,-34803.08115749659
main_seed0,0,d1c1eb972d85b5605cb5db7c2c6bc30520ef1b725ec02f3d139c77d64d6a78a6,359,3,1,-25257.438514169124
main_seed0,0,d1c1eb972d85b5605cb5db7c2c6bc30520ef1b725ec02f3d139c77d64d6a78a6,360,1,1,-52087.853699965446
main_seed0,0,d1c1eb972d85b5605cb5db7c2c6bc30520ef1b725ec02f3d139c77d64d6a78a6,360,2,1,-32587.590032512857
main_seed0,0,d1c1eb972d85b5605cb5db7c2c6bc30520ef1b725ec02f3d139c77d64d6a78a6,360,3,1,-25625.16374997211
main_seed0,0,d1c1eb972d85b5605cb5db7c2c6bc30520ef1b725ec02f3d139c77d64d6a78a6,361,1,1,-47067.58612864676
main_seed0,0,d1c1eb972d85b5605cb5db7c2c6bc30520ef1b725ec02f3d139c77d64d6a78a6,361,2,1,-32996.15292357847
main_seed0,0,d1c1eb972d85b5605cb5db7c2c6bc30520ef1b725ec02f3d139c77d64d6a78a6,361,3,1,-20991.727203370887
main_seed0,0,d1c1eb972d85b5605cb5db7c2c6bc30520ef1b725ec02f3d139c77d64d6a78a6,362,1,1,-46986.380862222766
main_seed0,0,d1c1eb972d85b5605cb5db7c2c6bc30520ef1b725ec02f3d139c77d64d6a78a6,362,2,1,-28910.55611486124
main_seed0,0,d1c1eb972d85b5605cb5db7c2c6bc30520ef1b725ec02f3d139c77d64d6a78a6,362,3,1,-24072.036763627933
main_seed0,0,d1c1eb972d85b5605cb5db7c2c6bc30520ef1b725ec02f3d139c77d64d6a78a6,363,1,1,-48244.25523505564
main_seed0,0,d1c1eb972d85b5605cb5db7c2c6bc30520ef1b725ec02f3d139c77d64d6a78a6,363,2,1,-36501.68056653599
main_seed0,0,d1c1eb972d85b5605cb5db7c2c6bc30520ef1b725ec02f3d139c77d64d6a78a6,363,3,1,-28465.762824222373
main_seed0,0,d1c1eb972d85b5605cb5db7c2c6bc30520ef1b725ec02f3d139c77d64d6a78a6,364,1,1,-51491.1070832858
main_seed0,0,d1c1eb972d85b5605cb5db7c2c6bc30520ef1b725ec02f3d139c77d64d6a78a6,364,2,1,-28084.23891278588
main_seed0,0,d1c1eb972d85b5605cb5db7c2c6bc30520ef1b725ec02f3d139c77d64d6a78a6,364,3,1,-25880.449247873494
main_seed0,0,d1c1eb972d85b5605cb5db7c2c6bc30520ef1b725ec02f3d139c77d64d6a78a6,365,1,1,-48235.61135065418
main_seed0,0,d1c1eb972d85b5605cb5db7c2c6bc30520ef1b725ec02f3d139c77d64d6a78a6,365,2,1,-31308.579615445808
main_seed0,0,d1c1eb972d85b5605cb5db7c2c6bc30520ef1b725ec02f3d139c77d64d6a78a6,365,3,1,-23872.722628558226
main_seed0,0,d1c1eb972d85b5605cb5db7c2c6bc30520ef1b725ec02f3d139c77d64d6a78a6,366,1,1,-48897.48137155551
main_seed0,0,d1c1eb972d85b5605cb5db7c2c6bc30520ef1b725ec02f3d139c77d64d6a78a6,366,2,1,-28877.732638899437
main_seed0,0,d1c1eb972d85b5605cb5db7c2c6bc30520ef1b725ec02f3d139c77d64d6a78a6,366,3,1,-27081.62120410177
main_seed0,0,d1c1eb972d85b5605cb5db7c2c6bc30520ef1b725ec02f3d139c77d64d6a78a6,367,1,1,-47159.09945554583
main_seed0,0,d1c1eb972d85b5605cb5db7c2c6bc30520ef1b725ec02f3d139c77d64d6a78a6,367,2,1,-29910.36690465442
main_seed0,0,d1c1eb972d85b5605cb5db7c2c6bc30520ef1b725ec02f3d139c77d64d6a78a6,367,3,1,-24878.91983841933
main_seed0,0,d1c1eb972d85b5605cb5db7c2c6bc30520ef1b725ec02f3d139c77d64d6a78a6,368,1,1,-51122.78459741375
main_seed0,0,d1c1eb972d85b5605cb5db7c2c6bc30520ef1b725ec02f3d139c77d64d6a78a6,368,2,1,-27079.25920894724
main_seed0,0,d1c1eb972d85b5605cb5db7c2c6bc30520ef1b725ec02f3d139c77d64d6a78a6,368,3,1,-25163.834448299054
main_seed0,0,d1c1eb972d85b5605cb5db7c2c6bc30520ef1b725ec02f3d139c77d64d6a78a6,369,1,1,-49422.12916391928
main_seed0,0,d1c1eb972d85b5605cb5db7c2c6bc30520ef1b725ec02f3d139c77d64d6a78a6,369,2,1,-33669.5478869861
main_seed0,0,d1c1eb972d85b5605cb5db7c2c6bc30520ef1b725ec02f3d139c77d64d6a78a6,369,3,1,-25556.609315372498
main_seed0,0,d1c1eb972d85b5605cb5db7c2c6bc30520ef1b725ec02f3d139c77d64d6a78a6,370,1,1,-47119.23623375413
main_seed0,0,d1c1eb972d85b5605cb5db7c2c6bc30520ef1b725ec02f3d139c77d64d6a78a6,370,2,1,-32237.487305423678
main_seed0,0,d1c1eb972d85b5605cb5db7c2c6bc30520ef1b725ec02f3d139c77d64d6a78a6,370,3,1,-24913.787895766865
main_seed0,0,d1c1eb972d85b5605cb5db7c2c6bc30520ef1b725ec02f3d139c77d64d6a78a6,371,1,1,-46521.11519411728
main_seed0,0,d1c1eb972d85b5605cb5db7c2c6bc30520ef1b725ec02f3d139c77d64d6a78a6,371,2,1,-30148.620821677887
main_seed0,0,d1c1eb972d85b5605cb5db7c2c6bc30520ef1b725ec02f3d139c77d64d6a78a6,371,3,1,-27097.44473668769
main_seed0,0,d1c1eb972d85b5605cb5db7c2c6bc30520ef1b725ec02f3d139c77d64d6a78a6,372,1,1,-51163.15936923511
main_seed0,0,d1c1eb972d85b5605cb5db7c2c6bc30520ef1b725ec02f3d139c77d64d6a78a6,372,2,1,-27766.772990540045
main_seed0,0,d1c1eb972d85b5605cb5db7c2c6bc30520ef1b725ec02f3d139c77d64d6a78a6,372,3,1,-22786.951312441204
main_seed0,0,d1c1eb972d85b5605cb5db7c2c6bc30520ef1b725ec02f3d139c77d64d6a78a6,373,1,1,-46815.523433186914
main_seed0,0,d1c1eb972d85b5605cb5db7c2c6bc30520ef1b725ec02f3d139c77d64d6a78a6,373,2,1,-30249.81064024664
main_seed0,0,d1c1eb972d85b5605cb5db7c2c6bc30520ef1b725ec02f3d139c77d64d6a78a6,373,3,1,-26077.540996312917
main_seed0,0,d1c1eb972d85b5605cb5db7c2c6bc30520ef1b725ec02f3d139c77d64d6a78a6,374,1,1,-46149.23634266875
main_seed0,0,d1c1eb972d85b5605cb5db7c2c6bc30520ef1b725ec02f3d139c77d64d6a78a6,374,2,1,-31903.29094318349
main_seed0,0,d1c1eb972d85b5605cb5db7c2c6bc30520ef1b725ec02f3d139c77d64d6a78a6,374,3,1,-24591.4379626006
main_seed0,0,d1c1eb972d85b5605cb5db7c2c6bc30520ef1b725ec02f3d139c77d64d6a78a6,375,1,1,-50027.28222186475
main_seed0,0,d1c1eb972d85b5605cb5db7c2c6bc30520ef1b725ec02f3d139c77d64d6a78a6,375,2,1,-29802.806442271794
main_seed0,0,d1c1eb972d85b5605cb5db7c2c6bc30520ef1b725ec02f3d139c77d64d6a78a6,375,3,1,-25134.532346097105
main_seed0,0,d1c1eb972d85b5605cb5db7c2c6bc30520ef1b725ec02f3d139c77d64d6a78a6,376,1,1,-46678.07748172844
main_seed0,0,d1c1eb972d85b5605cb5db7c2c6bc30520ef1b725ec02f3d139c77d64d6a78a6,376,2,1,-31962.51414723292
main_seed0,0,d1c1eb972d85b5605cb5db7c2c6bc30520ef1b725ec02f3d139c77d64d6a78a6,376,3,1,-24966.27769008365
main_seed0,0,d1c1eb972d85b5605cb5db7c2c6bc30520ef1b725ec02f3d139c77d64d6a78a6,377,1,1,-46735.14894369504
main_seed0,0,d1c1eb972d85b5605cb5db7c2c6bc30520ef1b725ec02f3d139c77d64d6a78a6,377,2,1,-27679.678803103743
main_seed0,0,d1c1eb972d85b5605cb5db7c2c6bc30520ef1b725ec02f3d139c77d64d6a78a6,377,3,1,-24164.860077112997
main_seed0,0,d1c1eb972d85b5605cb5db7c2c6bc30520ef1b725ec02f3d139c77d64d6a78a6,378,1,1,-48725.42381185839
main_seed0,0,d1c1eb972d85b5605cb5db7c2c6bc30520ef1b725ec02f3d139c77d64d6a78a6,378,2,1,-37003.99460556633
main_seed0,0,d1c1eb972d85b5605cb5db7c2c6bc30520ef1b725ec02f3d139c77d64d6a78a6,378,3,1,-24618.10924724037
main_seed0,0,d1c1eb972d85b5605cb5db7c2c6bc30520ef1b725ec02f3d139c77d64d6a78a6,379,1,1,-46185.42155622667
main_seed0,0,d1c1eb972d85b5605cb5db7c2c6bc30520ef1b725ec02f3d139c77d64d6a78a6,379,2,1,-37978.43785815041
main_seed0,0,d1c1eb972d85b5605cb5db7c2c6bc30520ef1b725ec02f3d139c77d64d6a78a6,379,3,1,-27944.2962716833
main_seed0,0,d1c1eb972d85b5605cb5db7c2c6bc30520ef1b725ec02f3d139c77d64d6a78a6,380,1,1,-47108.63120160653
main_seed0,0,d1c1eb972d85b5605cb5db7c2c6bc30520ef1b725ec02f3d139c77d64d6a78a6,380,2,1,-34169.85936132745
main_seed0,0,d1c1eb972d85b5605cb5db7c2c6bc30520ef1b725ec02f3d139c77d64d6a78a6,380,3,1,-27337.85514193585
main_seed0,0,d1c1eb972d85b5605cb5db7c2c6bc30520ef1b725ec02f3d139c77d64d6a78a6,381,1,1,-48593.63662656999
main_seed0,0,d1c1eb972d85b5605cb5db7c2c6bc30520ef1b725ec02f3d139c77d64d6a78a6,381,2,1,-35655.08244613449
main_seed0,0,d1c1eb972d85b5605cb5db7c2c6bc30520ef1b725ec02f3d139c77d64d6a78a6,381,3,1,-22981.462939792487
main_seed0,0,d1c1eb972d85b5605cb5db7c2c6bc30520ef1b725ec02f3d139c77d64d6a78a6,382,1,1,-51266.06881587692
main_seed0,0,d1c1eb972d85b5605cb5db7c2c6bc30520ef1b725ec02f3d139c77d64d6a78a6,382,2,1,-31157.258493808757
main_seed0,0,d1c1eb972d85b5605cb5db7c2c6bc30520ef1b725ec02f3d139c77d64d6a78a6,382,3,1,-24064.629243218485
main_seed0,0,d1c1eb972d85b5605cb5db7c2c6bc30520ef1b725ec02f3d139c77d64d6a78a6,383,1,1,-51657.36706774881
main_seed0,0,d1c1eb972d85b5605cb5db7c2c6bc30520ef1b725ec02f3d139c77d64d6a78a6,383,2,1,-30975.360248091863
main_seed0,0,d1c1eb972d85b5605cb5db7c2c6bc30520ef1b725ec02f3d139c77d64d6a78a6,383,3,1,-24703.29572674425
main_seed0,0,d1c1eb972d85b5605cb5db7c2c6bc30520ef1b725ec02f3d139c77d64d6a78a6,384,1,1,-44512.51298198667
main_seed0,0,d1c1eb972d85b5605cb5db7c2c6bc30520ef1b725ec02f3d139c77d64d6a78a6,384,2,1,-33250.38832556352
main_seed0,0,d1c1eb972d85b5605cb5db7c2c6bc30520ef1b725ec02f3d139c77d64d6a78a6,384,3,1,-23824.74417678678
main_seed0,0,d1c1eb972d85b5605cb5db7c2c6bc30520ef1b725ec02f3d139c77d64d6a78a6,385,1,1,-46918.12870736799
main_seed0,0,d1c1eb972d85b5605cb5db7c2c6bc30520ef1b725ec02f3d139c77d64d6a78a6,385,2,1,-31343.330123935244
main_seed0,0,d1c1eb972d85b5605cb5db7c2c6bc30520ef1b725ec02f3d139c77d64d6a78a6,385,3,1,-24476.533126489085
main_seed0,0,d1c1eb972d85b5605cb5db7c2c6bc30520ef1b725ec02f3d139c77d64d6a78a6,386,1,1,-48398.9392020572
main_seed0,0,d1c1eb972d85b5605cb5db7c2c6bc30520ef1b725ec02f3d139c77d64d6a78a6,386,2,1,-28526.290970179747
main_seed0,0,d1c1eb972d85b5605cb5db7c2c6bc30520ef1b725ec02f3d139c77d64d6a78a6,386,3,1,-26257.959525444865
main_seed0,0,d1c1eb972d85b5605cb5db7c2c6bc30520ef1b725ec02f3d139c77d64d6a78a6,387,1,1,-46398.84528123561
main_seed0,0,d1c1eb972d85b5605cb5db7c2c6bc30520ef1b725ec02f3d139c77d64d6a78a6,387,2,1,-38779.06211427302
main_seed0,0,d1c1eb972d85b5605cb5db7c2c6bc30520ef1b725ec02f3d139c77d64d6a78a6,387,3,1,-26531.55971232792
main_seed0,0,d1c1eb972d85b5605cb5db7c2c6bc30520ef1b725ec02f3d139c77d64d6a78a6,388,1,1,-44447.00204962145
main_seed0,0,d1c1eb972d85b5605cb5db7c2c6bc30520ef1b725ec02f3d139c77d64d6a78a6,388,2,1,-30554.359045096357
main_seed0,0,d1c1eb972d85b5605cb5db7c2c6bc30520ef1b725ec02f3d139c77d64d6a78a6,388,3,1,-28087.009132724816
main_seed0,0,d1c1eb972d85b5605cb5db7c2c6bc30520ef1b725ec02f3d139c77d64d6a78a6,389,1,1,-47941.67608241884
main_seed0,0,d1c1eb972d85b5605cb5db7c2c6bc30520ef1b725ec02f3d139c77d64d6a78a6,389,2,1,-33625.89880943738
main_seed0,0,d1c1eb972d85b5605cb5db7c2c6bc30520ef1b725ec02f3d139c77d64d6a78a6,389,3,1,-27650.65001839532
main_seed0,0,d1c1eb972d85b5605cb5db7c2c6bc30520ef1b725ec02f3d139c77d64d6a78a6,390,1,1,-47634.07415423365
main_seed0,0,d1c1eb972d85b5605cb5db7c2c6bc30520ef1b725ec02f3d139c77d64d6a78a6,390,2,1,-34007.44395838996
main_seed0,0,d1c1eb972d85b5605cb5db7c2c6bc30520ef1b725ec02f3d139c77d64d6a78a6,390,3,1,-24470.2696182012
main_seed0,0,d1c1eb972d85b5605cb5db7c2c6bc30520ef1b725ec02f3d139c77d64d6a78a6,391,1,1,-49419.06078715221
main_seed0,0,d1c1eb972d85b5605cb5db7c2c6bc30520ef1b725ec02f3d139c77d64d6a78a6,391,2,1,-33270.88566329876
main_seed0,0,d1c1eb972d85b5605cb5db7c2c6bc30520ef1b725ec02f3d139c77d64d6a78a6,391,3,1,-26777.33539237632
main_seed0,0,d1c1eb972d85b5605cb5db7c2c6bc30520ef1b725ec02f3d139c77d64d6a78a6,392,1,1,-48380.71728443809
main_seed0,0,d1c1eb972d85b5605cb5db7c2c6bc30520ef1b725ec02f3d139c77d64d6a78a6,392,2,1,-34958.77806820613
main_seed0,0,d1c1eb972d85b5605cb5db7c2c6bc30520ef1b725ec02f3d139c77d64d6a78a6,392,3,1,-24582.50425867847
main_seed0,0,d1c1eb972d85b5605cb5db7c2c6bc30520ef1b725ec02f3d139c77d64d6a78a6,393,1,1,-50182.06873246745
main_seed0,0,d1c1eb972d85b5605cb5db7c2c6bc30520ef1b725ec02f3d139c77d64d6a78a6,393,2,1,-32498.065043632767
main_seed0,0,d1c1eb972d85b5605cb5db7c2c6bc30520ef1b725ec02f3d139c77d64d6a78a6,393,3,1,-22167.863083218843
main_seed0,0,d1c1eb972d85b5605cb5db7c2c6bc30520ef1b725ec02f3d139c77d64d6a78a6,394,1,1,-49257.59279967575
main_seed0,0,d1c1eb972d85b5605cb5db7c2c6bc30520ef1b725ec02f3d139c77d64d6a78a6,394,2,1,-33761.85555906869
main_seed0,0,d1c1eb972d85b5605cb5db7c2c6bc30520ef1b725ec02f3d139c77d64d6a78a6,394,3,1,-29206.796473221573
main_seed0,0,d1c1eb972d85b5605cb5db7c2c6bc30520ef1b725ec02f3d139c77d64d6a78a6,395,1,1,-49730.47412174739
main_seed0,0,d1c1eb972d85b5605cb5db7c2c6bc30520ef1b725ec02f3d139c77d64d6a78a6,395,2,1,-30781.499238063752
main_seed0,0,d1c1eb972d85b5605cb5db7c2c6bc30520ef1b725ec02f3d139c77d64d6a78a6,395,3,1,-27863.449134420025
main_seed0,0,d1c1eb972d85b5605cb5db7c2c6bc30520ef1b725ec02f3d139c77d64d6a78a6,396,1,1,-46453.88717382238
main_seed0,0,d1c1eb972d85b5605cb5db7c2c6bc30520ef1b725ec02f3d139c77d64d6a78a6,396,2,1,-30844.594679116344
main_seed0,0,d1c1eb972d85b5605cb5db7c2c6bc30520ef1b725ec02f3d139c77d64d6a78a6,396,3,1,-21838.919354901194
main_seed0,0,d1c1eb972d85b5605cb5db7c2c6bc30520ef1b725ec02f3d139c77d64d6a78a6,397,1,1,-45327.48225665007
main_seed0,0,d1c1eb972d85b5605cb5db7c2c6bc30520ef1b725ec02f3d139c77d64d6a78a6,397,2,1,-35271.81877234728
main_seed0,0,d1c1eb972d85b5605cb5db7c2c6bc30520ef1b725ec02f3d139c77d64d6a78a6,397,3,1,-23312.63462476348
main_seed0,0,d1c1eb972d85b5605cb5db7c2c6bc30520ef1b725ec02f3d139c77d64d6a78a6,398,1,1,-47939.49203487417
main_seed0,0,d1c1eb972d85b5605cb5db7c2c6bc30520ef1b725ec02f3d139c77d64d6a78a6,398,2,1,-31019.129764542
main_seed0,0,d1c1eb972d85b5605cb5db7c2c6bc30520ef1b725ec02f3d139c77d64d6a78a6,398,3,1,-24411.178003655696
main_seed0,0,d1c1eb972d85b5605cb5db7c2c6bc30520ef1b725ec02f3d139c77d64d6a78a6,399,1,1,-49920.680369431626
main_seed0,0,d1c1eb972d85b5605cb5db7c2c6bc30520ef1b725ec02f3d139c77d64d6a78a6,399,2,1,-31082.592417207085
main_seed0,0,d1c1eb972d85b5605cb5db7c2c6bc30520ef1b725ec02f3d139c77d64d6a78a6,399,3,1,-26829.392542373047
main_seed0,0,d1c1eb972d85b5605cb5db7c2c6bc30520ef1b725ec02f3d139c77d64d6a78a6,400,1,1,-48567.02080507079
main_seed0,0,d1c1eb972d85b5605cb5db7c2c6bc30520ef1b725ec02f3d139c77d64d6a78a6,400,2,1,-33535.817000964904
main_seed0,0,d1c1eb972d85b5605cb5db7c2c6bc30520ef1b725ec02f3d139c77d64d6a78a6,400,3,1,-20957.37444782236
main_seed0,0,d1c1eb972d85b5605cb5db7c2c6bc30520ef1b725ec02f3d139c77d64d6a78a6,401,1,1,-44877.6823189977
main_seed0,0,d1c1eb972d85b5605cb5db7c2c6bc30520ef1b725ec02f3d139c77d64d6a78a6,401,2,1,-30515.763048891604
main_seed0,0,d1c1eb972d85b5605cb5db7c2c6bc30520ef1b725ec02f3d139c77d64d6a78a6,401,3,1,-29727.38779274393
main_seed0,0,d1c1eb972d85b5605cb5db7c2c6bc30520ef1b725ec02f3d139c77d64d6a78a6,402,1,1,-48094.07093517848
main_seed0,0,d1c1eb972d85b5605cb5db7c2c6bc30520ef1b725ec02f3d139c77d64d6a78a6,402,2,1,-33633.225598663375
main_seed0,0,d1c1eb972d85b5605cb5db7c2c6bc30520ef1b725ec02f3d139c77d64d6a78a6,402,3,1,-26709.013490300407
main_seed0,0,d1c1eb972d85b5605cb5db7c2c6bc30520ef1b725ec02f3d139c77d64d6a78a6,403,1,1,-47359.26061635696
main_seed0,0,d1c1eb972d85b5605cb5db7c2c6bc30520ef1b725ec02f3d139c77d64d6a78a6,403,2,1,-30294.395580408847
main_seed0,0,d1c1eb972d85b5605cb5db7c2c6bc30520ef1b725ec02f3d139c77d64d6a78a6,403,3,1,-23235.170940941705
main_seed0,0,d1c1eb972d85b5605cb5db7c2c6bc30520ef1b725ec02f3d139c77d64d6a78a6,404,1,1,-50436.26345378442
main_seed0,0,d1c1eb972d85b5605cb5db7c2c6bc30520ef1b725ec02f3d139c77d64d6a78a6,404,2,1,-33293.12182487061
main_seed0,0,d1c1eb972d85b5605cb5db7c2c6bc30520ef1b725ec02f3d139c77d64d6a78a6,404,3,1,-26551.92541924197
main_seed0,0,d1c1eb972d85b5605cb5db7c2c6bc30520ef1b725ec02f3d139c77d64d6a78a6,405,1,1,-47523.50851148726
main_seed0,0,d1c1eb972d85b5605cb5db7c2c6bc30520ef1b725ec02f3d139c77d64d6a78a6,405,2,1,-28786.497679852557
main_seed0,0,d1c1eb972d85b5605cb5db7c2c6bc30520ef1b725ec02f3d139c77d64d6a78a6,405,3,1,-21933.39027372326
main_seed0,0,d1c1eb972d85b5605cb5db7c2c6bc30520ef1b725ec02f3d139c77d64d6a78a6,406,1,1,-49697.9947154003
main_seed0,0,d1c1eb972d85b5605cb5db7c2c6bc30520ef1b725ec02f3d139c77d64d6a78a6,406,2,1,-32405.170899754783
main_seed0,0,d1c1eb972d85b5605cb5db7c2c6bc30520ef1b725ec02f3d139c77d64d6a78a6,406,3,1,-27178.39066071086
main_seed0,0,d1c1eb972d85b5605cb5db7c2c6bc30520ef1b725ec02f3d139c77d64d6a78a6,407,1,1,-50923.84459421135
main_seed0,0,d1c1eb972d85b5605cb5db7c2c6bc30520ef1b725ec02f3d139c77d64d6a78a6,407,2,1,-37451.28830278039
main_seed0,0,d1c1eb972d85b5605cb5db7c2c6bc30520ef1b725ec02f3d139c77d64d6a78a6,407,3,1,-22773.4524593757
main_seed0,0,d1c1eb972d85b5605cb5db7c2c6bc30520ef1b725ec02f3d139c77d64d6a78a6,408,1,1,-48913.21055664527
main_seed0,0,d1c1eb972d85b5605cb5db7c2c6bc30520ef1b725ec02f3d139c77d64d6a78a6,408,2,1,-33159.39258898201
main_seed0,0,d1c1eb972d85b5605cb5db7c2c6bc30520ef1b725ec02f3d139c77d64d6a78a6,408,3,1,-25645.471702826995
main_seed0,0,d1c1eb972d85b5605cb5db7c2c6bc30520ef1b725ec02f3d139c77d64d6a78a6,409,1,1,-47185.85375953384
main_seed0,0,d1c1eb972d85b5605cb5db7c2c6bc30520ef1b725ec02f3d139c77d64d6a78a6,409,2,1,-32748.26619958101
main_seed0,0,d1c1eb972d85b5605cb5db7c2c6bc30520ef1b725ec02f3d139c77d64d6a78a6,409,3,1,-19873.455240199943
main_seed0,0,d1c1eb972d85b5605cb5db7c2c6bc30520ef1b725ec02f3d139c77d64d6a78a6,410,1,1,-46739.07283782071
main_seed0,0,d1c1eb972d85b5605cb5db7c2c6bc30520ef1b725ec02f3d139c77d64d6a78a6,410,2,1,-36364.45140141234
main_seed0,0,d1c1eb972d85b5605cb5db7c2c6bc30520ef1b725ec02f3d139c77d64d6a78a6,410,3,1,-29506.136285107037
main_seed0,0,d1c1eb972d85b5605cb5db7c2c6bc30520ef1b725ec02f3d139c77d64d6a78a6,411,1,1,-48580.54313804433
main_seed0,0,d1c1eb972d85b5605cb5db7c2c6bc30520ef1b725ec02f3d139c77d64d6a78a6,411,2,1,-30525.195030406667
main_seed0,0,d1c1eb972d85b5605cb5db7c2c6bc30520ef1b725ec02f3d139c77d64d6a78a6,411,3,1,-22922.87764253601
main_seed0,0,d1c1eb972d85b5605cb5db7c2c6bc30520ef1b725ec02f3d139c77d64d6a78a6,412,1,1,-51078.944132418736
main_seed0,0,d1c1eb972d85b5605cb5db7c2c6bc30520ef1b725ec02f3d139c77d64d6a78a6,412,2,1,-31316.63454358861
main_seed0,0,d1c1eb972d85b5605cb5db7c2c6bc30520ef1b725ec02f3d139c77d64d6a78a6,412,3,1,-21995.76501810483
main_seed0,0,d1c1eb972d85b5605cb5db7c2c6bc30520ef1b725ec02f3d139c77d64d6a78a6,413,1,1,-46477.7683301486
main_seed0,0,d1c1eb972d85b5605cb5db7c2c6bc30520ef1b725ec02f3d139c77d64d6a78a6,413,2,1,-32707.609415595674
main_seed0,0,d1c1eb972d85b5605cb5db7c2c6bc30520ef1b725ec02f3d139c77d64d6a78a6,413,3,1,-22340.71120761741
main_seed0,0,d1c1eb972d85b5605cb5db7c2c6bc30520ef1b725ec02f3d139c77d64d6a78a6,414,1,1,-49402.398779991854
main_seed0,0,d1c1eb972d85b5605cb5db7c2c6bc30520ef1b725ec02f3d139c77d64d6a78a6,414,2,1,-33011.26997944855
main_seed0,0,d1c1eb972d85b5605cb5db7c2c6bc30520ef1b725ec02f3d139c77d64d6a78a6,414,3,1,-25671.17190982595
main_seed0,0,d1c1eb972d85b5605cb5db7c2c6bc30520ef1b725ec02f3d139c77d64d6a78a6,415,1,1,-46908.05115855524
main_seed0,0,d1c1eb972d85b5605cb5db7c2c6bc30520ef1b725ec02f3d139c77d64d6a78a6,415,2,1,-33047.461188776
main_seed0,0,d1c1eb972d85b5605cb5db7c2c6bc30520ef1b725ec02f3d139c77d64d6a78a6,415,3,1,-22697.808820170565
main_seed0,0,d1c1eb972d85b5605cb5db7c2c6bc30520ef1b725ec02f3d139c77d64d6a78a6,416,1,1,-47323.645585064674
main_seed0,0,d1c1eb972d85b5605cb5db7c2c6bc30520ef1b725ec02f3d139c77d64d6a78a6,416,2,1,-30305.842199164435
main_seed0,0,d1c1eb972d85b5605cb5db7c2c6bc30520ef1b725ec02f3d139c77d64d6a78a6,416,3,1,-22038.04827493885
main_seed0,0,d1c1eb972d85b5605cb5db7c2c6bc30520ef1b725ec02f3d139c77d64d6a78a6,417,1,1,-47777.00284924468
main_seed0,0,d1c1eb972d85b5605cb5db7c2c6bc30520ef1b725ec02f3d139c77d64d6a78a6,417,2,1,-35800.83776569294
main_seed0,0,d1c1eb972d85b5605cb5db7c2c6bc30520ef1b725ec02f3d139c77d64d6a78a6,417,3,1,-19679.52652664573
main_seed0,0,d1c1eb972d85b5605cb5db7c2c6bc30520ef1b725ec02f3d139c77d64d6a78a6,418,1,1,-51758.83949044358
main_seed0,0,d1c1eb972d85b5605cb5db7c2c6bc30520ef1b725ec02f3d139c77d64d6a78a6,418,2,1,-28897.57615585368
main_seed0,0,d1c1eb972d85b5605cb5db7c2c6bc30520ef1b725ec02f3d139c77d64d6a78a6,418,3,1,-21262.07816068503
main_seed0,0,d1c1eb972d85b5605cb5db7c2c6bc30520ef1b725ec02f3d139c77d64d6a78a6,419,1,1,-47793.89257271393
main_seed0,0,d1c1eb972d85b5605cb5db7c2c6bc30520ef1b725ec02f3d139c77d64d6a78a6,419,2,1,-34258.5646564604
main_seed0,0,d1c1eb972d85b5605cb5db7c2c6bc30520ef1b725ec02f3d139c77d64d6a78a6,419,3,1,-27975.06742149362
main_seed0,0,d1c1eb972d85b5605cb5db7c2c6bc30520ef1b725ec02f3d139c77d64d6a78a6,420,1,1,-49937.314317088254
main_seed0,0,d1c1eb972d85b5605cb5db7c2c6bc30520ef1b725ec02f3d139c77d64d6a78a6,420,2,1,-34939.555717521645
main_seed0,0,d1c1eb972d85b5605cb5db7c2c6bc30520ef1b725ec02f3d139c77d64d6a78a6,420,3,1,-26366.26944276318
main_seed0,0,d1c1eb972d85b5605cb5db7c2c6bc30520ef1b725ec02f3d139c77d64d6a78a6,421,1,1,-45624.18216998219
main_seed0,0,d1c1eb972d85b5605cb5db7c2c6bc30520ef1b725ec02f3d139c77d64d6a78a6,421,2,1,-28854.14417450209
main_seed0,0,d1c1eb972d85b5605cb5db7c2c6bc30520ef1b725ec02f3d139c77d64d6a78a6,421,3,1,-24194.698345921584
main_seed0,0,d1c1eb972d85b5605cb5db7c2c6bc30520ef1b725ec02f3d139c77d64d6a78a6,422,1,1,-49860.37164587382
main_seed0,0,d1c1eb972d85b5605cb5db7c2c6bc30520ef1b725ec02f3d139c77d64d6a78a6,422,2,1,-33159.334413324745
main_seed0,0,d1c1eb972d85b5605cb5db7c2c6bc30520ef1b725ec02f3d139c77d64d6a78a6,422,3,1,-26053.056877174186
main_seed0,0,d1c1eb972d85b5605cb5db7c2c6bc30520ef1b725ec02f3d139c77d64d6a78a6,423,1,1,-51994.23083415401
main_seed0,0,d1c1eb972d85b5605cb5db7c2c6bc30520ef1b725ec02f3d139c77d64d6a78a6,423,2,1,-29062.319113900663
main_seed0,0,d1c1eb972d85b5605cb5db7c2c6bc30520ef1b725ec02f3d139c77d64d6a78a6,423,3,1,-23338.526287071945
main_seed0,0,d1c1eb972d85b5605cb5db7c2c6bc30520ef1b725ec02f3d139c77d64d6a78a6,424,1,1,-49921.26036367871
main_seed0,0,d1c1eb972d85b5605cb5db7c2c6bc30520ef1b725ec02f3d139c77d64d6a78a6,424,2,1,-27843.4311222882
main_seed0,0,d1c1eb972d85b5605cb5db7c2c6bc30520ef1b725ec02f3d139c77d64d6a78a6,424,3,1,-20047.416579903635
main_seed0,0,d1c1eb972d85b5605cb5db7c2c6bc30520ef1b725ec02f3d139c77d64d6a78a6,425,1,1,-46642.34609736225
main_seed0,0,d1c1eb972d85b5605cb5db7c2c6bc30520ef1b725ec02f3d139c77d64d6a78a6,425,2,1,-30904.350557134323
main_seed0,0,d1c1eb972d85b5605cb5db7c2c6bc30520ef1b725ec02f3d139c77d64d6a78a6,425,3,1,-27353.74622149443
main_seed0,0,d1c1eb972d85b5605cb5db7c2c6bc30520ef1b725ec02f3d139c77d64d6a78a6,426,1,1,-46959.50384434742
main_seed0,0,d1c1eb972d85b5605cb5db7c2c6bc30520ef1b725ec02f3d139c77d64d6a78a6,426,2,1,-27636.632913100068
main_seed0,0,d1c1eb972d85b5605cb5db7c2c6bc30520ef1b725ec02f3d139c77d64d6a78a6,426,3,1,-20748.38982548535
main_seed0,0,d1c1eb972d85b5605cb5db7c2c6bc30520ef1b725ec02f3d139c77d64d6a78a6,427,1,1,-47592.38366712065
main_seed0,0,d1c1eb972d85b5605cb5db7c2c6bc30520ef1b725ec02f3d139c77d64d6a78a6,427,2,1,-29255.155294589407
main_seed0,0,d1c1eb972d85b5605cb5db7c2c6bc30520ef1b725ec02f3d139c77d64d6a78a6,427,3,1,-23517.16158895095
main_seed0,0,d1c1eb972d85b5605cb5db7c2c6bc30520ef1b725ec02f3d139c77d64d6a78a6,428,1,1,-47756.92802637158
main_seed0,0,d1c1eb972d85b5605cb5db7c2c6bc30520ef1b725ec02f3d139c77d64d6a78a6,428,2,1,-26400.19861254294
main_seed0,0,d1c1eb972d85b5605cb5db7c2c6bc30520ef1b725ec02f3d139c77d64d6a78a6,428,3,1,-23913.074333233977
main_seed0,0,d1c1eb972d85b5605cb5db7c2c6bc30520ef1b725ec02f3d139c77d64d6a78a6,429,1,1,-47686.1791040692
main_seed0,0,d1c1eb972d85b5605cb5db7c2c6bc30520ef1b725ec02f3d139c77d64d6a78a6,429,2,1,-34990.01603852919
main_seed0,0,d1c1eb972d85b5605cb5db7c2c6bc30520ef1b725ec02f3d139c77d64d6a78a6,429,3,1,-28885.17596727174
main_seed0,0,d1c1eb972d85b5605cb5db7c2c6bc30520ef1b725ec02f3d139c77d64d6a78a6,430,1,1,-49751.20467317829
main_seed0,0,d1c1eb972d85b5605cb5db7c2c6bc30520ef1b725ec02f3d139c77d64d6a78a6,430,2,1,-34398.81101689678
main_seed0,0,d1c1eb972d85b5605cb5db7c2c6bc30520ef1b725ec02f3d139c77d64d6a78a6,430,3,1,-26016.234726320523
main_seed0,0,d1c1eb972d85b5605cb5db7c2c6bc30520ef1b725ec02f3d139c77d64d6a78a6,431,1,1,-51884.47762066742
main_seed0,0,d1c1eb972d85b5605cb5db7c2c6bc30520ef1b725ec02f3d139c77d64d6a78a6,431,2,1,-29797.524955195386
main_seed0,0,d1c1eb972d85b5605cb5db7c2c6bc30520ef1b725ec02f3d139c77d64d6a78a6,431,3,1,-27005.30735389737
main_seed0,0,d1c1eb972d85b5605cb5db7c2c6bc30520ef1b725ec02f3d139c77d64d6a78a6,432,1,1,-49231.93572913583
main_seed0,0,d1c1eb972d85b5605cb5db7c2c6bc30520ef1b725ec02f3d139c77d64d6a78a6,432,2,1,-34916.748141771124
main_seed0,0,d1c1eb972d85b5605cb5db7c2c6bc30520ef1b725ec02f3d139c77d64d6a78a6,432,3,1,-27411.735483797445
main_seed0,0,d1c1eb972d85b5605cb5db7c2c6bc30520ef1b725ec02f3d139c77d64d6a78a6,433,1,1,-52877.131857614775
main_seed0,0,d1c1eb972d85b5605cb5db7c2c6bc30520ef1b725ec02f3d139c77d64d6a78a6,433,2,1,-30095.0932068386
main_seed0,0,d1c1eb972d85b5605cb5db7c2c6bc30520ef1b725ec02f3d139c77d64d6a78a6,433,3,1,-24892.64389771185
main_seed0,0,d1c1eb972d85b5605cb5db7c2c6bc30520ef1b725ec02f3d139c77d64d6a78a6,434,1,1,-44035.73354906368
main_seed0,0,d1c1eb972d85b5605cb5db7c2c6bc30520ef1b725ec02f3d139c77d64d6a78a6,434,2,1,-36749.25456354057
main_seed0,0,d1c1eb972d85b5605cb5db7c2c6bc30520ef1b725ec02f3d139c77d64d6a78a6,434,3,1,-22778.105646080763
main_seed0,0,d1c1eb972d85b5605cb5db7c2c6bc30520ef1b725ec02f3d139c77d64d6a78a6,435,1,1,-45414.27276771393
main_seed0,0,d1c1eb972d85b5605cb5db7c2c6bc30520ef1b725ec02f3d139c77d64d6a78a6,435,2,1,-32522.01810714828
main_seed0,0,d1c1eb972d85b5605cb5db7c2c6bc30520ef1b725ec02f3d139c77d64d6a78a6,435,3,1,-23256.13433376968
main_seed0,0,d1c1eb972d85b5605cb5db7c2c6bc30520ef1b725ec02f3d139c77d64d6a78a6,436,1,1,-49987.66947614887
main_seed0,0,d1c1eb972d85b5605cb5db7c2c6bc30520ef1b725ec02f3d139c77d64d6a78a6,436,2,1,-33629.99991616365
main_seed0,0,d1c1eb972d85b5605cb5db7c2c6bc30520ef1b725ec02f3d139c77d64d6a78a6,436,3,1,-22090.09371309195
main_seed0,0,d1c1eb972d85b5605cb5db7c2c6bc30520ef1b725ec02f3d139c77d64d6a78a6,437,1,1,-48815.209471921145
main_seed0,0,d1c1eb972d85b5605cb5db7c2c6bc30520ef1b725ec02f3d139c77d64d6a78a6,437,2,1,-29754.046238908995
main_seed0,0,d1c1eb972d85b5605cb5db7c2c6bc30520ef1b725ec02f3d139c77d64d6a78a6,437,3,1,-23764.21530009853
main_seed0,0,d1c1eb972d85b5605cb5db7c2c6bc30520ef1b725ec02f3d139c77d64d6a78a6,438,1,1,-47633.74343659775
main_seed0,0,d1c1eb972d85b5605cb5db7c2c6bc30520ef1b725ec02f3d139c77d64d6a78a6,438,2,1,-33144.305034278186
main_seed0,0,d1c1eb972d85b5605cb5db7c2c6bc30520ef1b725ec02f3d139c77d64d6a78a6,438,3,1,-20119.552383747672
main_seed0,0,d1c1eb972d85b5605cb5db7c2c6bc30520ef1b725ec02f3d139c77d64d6a78a6,439,1,1,-46993.15301445928
main_seed0,0,d1c1eb972d85b5605cb5db7c2c6bc30520ef1b725ec02f3d139c77d64d6a78a6,439,2,1,-29229.955795082456
main_seed0,0,d1c1eb972d85b5605cb5db7c2c6bc30520ef1b725ec02f3d139c77d64d6a78a6,439,3,1,-24294.79156164227
main_seed0,0,d1c1eb972d85b5605cb5db7c2c6bc30520ef1b725ec02f3d139c77d64d6a78a6,440,1,1,-48928.99496915842
main_seed0,0,d1c1eb972d85b5605cb5db7c2c6bc30520ef1b725ec02f3d139c77d64d6a78a6,440,2,1,-37611.59000851341
main_seed0,0,d1c1eb972d85b5605cb5db7c2c6bc30520ef1b725ec02f3d139c77d64d6a78a6,440,3,1,-25273.833875337285
main_seed0,0,d1c1eb972d85b5605cb5db7c2c6bc30520ef1b725ec02f3d139c77d64d6a78a6,441,1,1,-47546.583728315694
main_seed0,0,d1c1eb972d85b5605cb5db7c2c6bc30520ef1b725ec02f3d139c77d64d6a78a6,441,2,1,-25409.51313733089
main_seed0,0,d1c1eb972d85b5605cb5db7c2c6bc30520ef1b725ec02f3d139c77d64d6a78a6,441,3,1,-25850.75201384574
main_seed0,0,d1c1eb972d85b5605cb5db7c2c6bc30520ef1b725ec02f3d139c77d64d6a78a6,442,1,1,-43580.09642754299
main_seed0,0,d1c1eb972d85b5605cb5db7c2c6bc30520ef1b725ec02f3d139c77d64d6a78a6,442,2,1,-29918.589024881512
main_seed0,0,d1c1eb972d85b5605cb5db7c2c6bc30520ef1b725ec02f3d139c77d64d6a78a6,442,3,1,-29827.52004735625
main_seed0,0,d1c1eb972d85b5605cb5db7c2c6bc30520ef1b725ec02f3d139c77d64d6a78a6,443,1,1,-45873.98331187615
main_seed0,0,d1c1eb972d85b5605cb5db7c2c6bc30520ef1b725ec02f3d139c77d64d6a78a6,443,2,1,-29653.46611805628
main_seed0,0,d1c1eb972d85b5605cb5db7c2c6bc30520ef1b725ec02f3d139c77d64d6a78a6,443,3,1,-27225.362951169904
main_seed0,0,d1c1eb972d85b5605cb5db7c2c6bc30520ef1b725ec02f3d139c77d64d6a78a6,444,1,1,-49280.76164899468
main_seed0,0,d1c1eb972d85b5605cb5db7c2c6bc30520ef1b725ec02f3d139c77d64d6a78a6,444,2,1,-27452.618234805304
main_seed0,0,d1c1eb972d85b5605cb5db7c2c6bc30520ef1b725ec02f3d139c77d64d6a78a6,444,3,1,-24005.53612052226
main_seed0,0,d1c1eb972d85b5605cb5db7c2c6bc30520ef1b725ec02f3d139c77d64d6a78a6,445,1,1,-50738.19318448517
main_seed0,0,d1c1eb972d85b5605cb5db7c2c6bc30520ef1b725ec02f3d139c77d64d6a78a6,445,2,1,-31380.24321550219
main_seed0,0,d1c1eb972d85b5605cb5db7c2c6bc30520ef1b725ec02f3d139c77d64d6a78a6,445,3,1,-25905.835371671343
main_seed0,0,d1c1eb972d85b5605cb5db7c2c6bc30520ef1b725ec02f3d139c77d64d6a78a6,446,1,1,-48080.59963814924
main_seed0,0,d1c1eb972d85b5605cb5db7c2c6bc30520ef1b725ec02f3d139c77d64d6a78a6,446,2,1,-27728.375502643823
main_seed0,0,d1c1eb972d85b5605cb5db7c2c6bc30520ef1b725ec02f3d139c77d64d6a78a6,446,3,1,-22407.540828030214
main_seed0,0,d1c1eb972d85b5605cb5db7c2c6bc30520ef1b725ec02f3d139c77d64d6a78a6,447,1,1,-48176.35497270959
main_seed0,0,d1c1eb972d85b5605cb5db7c2c6bc30520ef1b725ec02f3d139c77d64d6a78a6,447,2,1,-30668.982352382336
main_seed0,0,d1c1eb972d85b5605cb5db7c2c6bc30520ef1b725ec02f3d139c77d64d6a78a6,447,3,1,-24291.850452853803
main_seed0,0,d1c1eb972d85b5605cb5db7c2c6bc30520ef1b725ec02f3d139c77d64d6a78a6,448,1,1,-44667.6058119565
main_seed0,0,d1c1eb972d85b5605cb5db7c2c6bc30520ef1b725ec02f3d139c77d64d6a78a6,448,2,1,-31932.83449442955
main_seed0,0,d1c1eb972d85b5605cb5db7c2c6bc30520ef1b725ec02f3d139c77d64d6a78a6,448,3,1,-18745.001204436925
main_seed0,0,d1c1eb972d85b5605cb5db7c2c6bc30520ef1b725ec02f3d139c77d64d6a78a6,449,1,1,-50179.94228468738
main_seed0,0,d1c1eb972d85b5605cb5db7c2c6bc30520ef1b725ec02f3d139c77d64d6a78a6,449,2,1,-33985.38456901766
main_seed0,0,d1c1eb972d85b5605cb5db7c2c6bc30520ef1b725ec02f3d139c77d64d6a78a6,449,3,1,-24169.924532267112
main_seed0,0,d1c1eb972d85b5605cb5db7c2c6bc30520ef1b725ec02f3d139c77d64d6a78a6,450,1,1,-45735.17236023651
main_seed0,0,d1c1eb972d85b5605cb5db7c2c6bc30520ef1b725ec02f3d139c77d64d6a78a6,450,2,1,-34874.06402994184
main_seed0,0,d1c1eb972d85b5605cb5db7c2c6bc30520ef1b725ec02f3d139c77d64d6a78a6,450,3,1,-24426.827295884184
main_seed0,0,d1c1eb972d85b5605cb5db7c2c6bc30520ef1b725ec02f3d139c77d64d6a78a6,451,1,1,-50663.18601039814
main_seed0,0,d1c1eb972d85b5605cb5db7c2c6bc30520ef1b725ec02f3d139c77d64d6a78a6,451,2,1,-30795.23790715933
main_seed0,0,d1c1eb972d85b5605cb5db7c2c6bc30520ef1b725ec02f3d139c77d64d6a78a6,451,3,1,-20803.5259917824
main_seed0,0,d1c1eb972d85b5605cb5db7c2c6bc30520ef1b725ec02f3d139c77d64d6a78a6,452,1,1,-49973.629759591975
main_seed0,0,d1c1eb972d85b5605cb5db7c2c6bc30520ef1b725ec02f3d139c77d64d6a78a6,452,2,1,-34116.12225676665
main_seed0,0,d1c1eb972d85b5605cb5db7c2c6bc30520ef1b725ec02f3d139c77d64d6a78a6,452,3,1,-27033.313897076856
main_seed0,0,d1c1eb972d85b5605cb5db7c2c6bc30520ef1b725ec02f3d139c77d64d6a78a6,453,1,1,-49095.57969309396
main_seed0,0,d1c1eb972d85b5605cb5db7c2c6bc30520ef1b725ec02f3d139c77d64d6a78a6,453,2,1,-35608.49870593286
main_seed0,0,d1c1eb972d85b5605cb5db7c2c6bc30520ef1b725ec02f3d139c77d64d6a78a6,453,3,1,-25492.8020856352
main_seed0,0,d1c1eb972d85b5605cb5db7c2c6bc30520ef1b725ec02f3d139c77d64d6a78a6,454,1,1,-47131.48874988354
main_seed0,0,d1c1eb972d85b5605cb5db7c2c6bc30520ef1b725ec02f3d139c77d64d6a78a6,454,2,1,-34372.640151937885
main_seed0,0,d1c1eb972d85b5605cb5db7c2c6bc30520ef1b725ec02f3d139c77d64d6a78a6,454,3,1,-22697.526672627984
main_seed0,0,d1c1eb972d85b5605cb5db7c2c6bc30520ef1b725ec02f3d139c77d64d6a78a6,455,1,1,-50570.39489170042
main_seed0,0,d1c1eb972d85b5605cb5db7c2c6bc30520ef1b725ec02f3d139c77d64d6a78a6,455,2,1,-32929.565940449414
main_seed0,0,d1c1eb972d85b5605cb5db7c2c6bc30520ef1b725ec02f3d139c77d64d6a78a6,455,3,1,-24413.47348850749
main_seed0,0,d1c1eb972d85b5605cb5db7c2c6bc30520ef1b725ec02f3d139c77d64d6a78a6,456,1,1,-51944.55460913197
main_seed0,0,d1c1eb972d85b5605cb5db7c2c6bc30520ef1b725ec02f3d139c77d64d6a78a6,456,2,1,-31147.507569026217
main_seed0,0,d1c1eb972d85b5605cb5db7c2c6bc30520ef1b725ec02f3d139c77d64d6a78a6,456,3,1,-21655.79832487881
main_seed0,0,d1c1eb972d85b5605cb5db7c2c6bc30520ef1b725ec02f3d139c77d64d6a78a6,457,1,1,-46296.01144345525
main_seed0,0,d1c1eb972d85b5605cb5db7c2c6bc30520ef1b725ec02f3d139c77d64d6a78a6,457,2,1,-33521.631705442065
main_seed0,0,d1c1eb972d85b5605cb5db7c2c6bc30520ef1b725ec02f3d139c77d64d6a78a6,457,3,1,-24422.898522676343
main_seed0,0,d1c1eb972d85b5605cb5db7c2c6bc30520ef1b725ec02f3d139c77d64d6a78a6,458,1,1,-49975.74472399174
main_seed0,0,d1c1eb972d85b5605cb5db7c2c6bc30520ef1b725ec02f3d139c77d64d6a78a6,458,2,1,-32796.63015636321
main_seed0,0,d1c1eb972d85b5605cb5db7c2c6bc30520ef1b725ec02f3d139c77d64d6a78a6,458,3,1,-23264.105225386047
main_seed0,0,d1c1eb972d85b5605cb5db7c2c6bc30520ef1b725ec02f3d139c77d64d6a78a6,459,1,1,-47717.43393879048
main_seed0,0,d1c1eb972d85b5605cb5db7c2c6bc30520ef1b725ec02f3d139c77d64d6a78a6,459,2,1,-38102.08141881057
main_seed0,0,d1c1eb972d85b5605cb5db7c2c6bc30520ef1b725ec02f3d139c77d64d6a78a6,459,3,1,-22344.051943027465
main_seed0,0,d1c1eb972d85b5605cb5db7c2c6bc30520ef1b725ec02f3d139c77d64d6a78a6,460,1,1,-48305.4675268967
main_seed0,0,d1c1eb972d85b5605cb5db7c2c6bc30520ef1b725ec02f3d139c77d64d6a78a6,460,2,1,-34116.85236994457
main_seed0,0,d1c1eb972d85b5605cb5db7c2c6bc30520ef1b725ec02f3d139c77d64d6a78a6,460,3,1,-27656.809303406084
main_seed0,0,d1c1eb972d85b5605cb5db7c2c6bc30520ef1b725ec02f3d139c77d64d6a78a6,461,1,1,-49516.18566517526
main_seed0,0,d1c1eb972d85b5605cb5db7c2c6bc30520ef1b725ec02f3d139c77d64d6a78a6,461,2,1,-29073.61560827546
main_seed0,0,d1c1eb972d85b5605cb5db7c2c6bc30520ef1b725ec02f3d139c77d64d6a78a6,461,3,1,-20133.60369453493
main_seed0,0,d1c1eb972d85b5605cb5db7c2c6bc30520ef1b725ec02f3d139c77d64d6a78a6,462,1,1,-49215.93809144288
main_seed0,0,d1c1eb972d85b5605cb5db7c2c6bc30520ef1b725ec02f3d139c77d64d6a78a6,462,2,1,-29931.13959869158
main_seed0,0,d1c1eb972d85b5605cb5db7c2c6bc30520ef1b725ec02f3d139c77d64d6a78a6,462,3,1,-26642.86431449198
main_seed0,0,d1c1eb972d85b5605cb5db7c2c6bc30520ef1b725ec02f3d139c77d64d6a78a6,463,1,1,-50016.86137661632
main_seed0,0,d1c1eb972d85b5605cb5db7c2c6bc30520ef1b725ec02f3d139c77d64d6a78a6,463,2,1,-32852.216833578714
main_seed0,0,d1c1eb972d85b5605cb5db7c2c6bc30520ef1b725ec02f3d139c77d64d6a78a6,463,3,1,-24327.13244144125
main_seed0,0,d1c1eb972d85b5605cb5db7c2c6bc30520ef1b725ec02f3d139c77d64d6a78a6,464,1,1,-47850.46382956339
main_seed0,0,d1c1eb972d85b5605cb5db7c2c6bc30520ef1b725ec02f3d139c77d64d6a78a6,464,2,1,-33607.95271227136
main_seed0,0,d1c1eb972d85b5605cb5db7c2c6bc30520ef1b725ec02f3d139c77d64d6a78a6,464,3,1,-24486.49201609108
main_seed0,0,d1c1eb972d85b5605cb5db7c2c6bc30520ef1b725ec02f3d139c77d64d6a78a6,465,1,1,-48593.92101612911
main_seed0,0,d1c1eb972d85b5605cb5db7c2c6bc30520ef1b725ec02f3d139c77d64d6a78a6,465,2,1,-29923.028541948384
main_seed0,0,d1c1eb972d85b5605cb5db7c2c6bc30520ef1b725ec02f3d139c77d64d6a78a6,465,3,1,-22113.503705959083
main_seed0,0,d1c1eb972d85b5605cb5db7c2c6bc30520ef1b725ec02f3d139c77d64d6a78a6,466,1,1,-47277.08357971938
main_seed0,0,d1c1eb972d85b5605cb5db7c2c6bc30520ef1b725ec02f3d139c77d64d6a78a6,466,2,1,-32395.738240185736
main_seed0,0,d1c1eb972d85b5605cb5db7c2c6bc30520ef1b725ec02f3d139c77d64d6a78a6,466,3,1,-24501.70098654515
main_seed0,0,d1c1eb972d85b5605cb5db7c2c6bc30520ef1b725ec02f3d139c77d64d6a78a6,467,1,1,-49686.89992957322
main_seed0,0,d1c1eb972d85b5605cb5db7c2c6bc30520ef1b725ec02f3d139c77d64d6a78a6,467,2,1,-28526.727686079565
main_seed0,0,d1c1eb972d85b5605cb5db7c2c6bc30520ef1b725ec02f3d139c77d64d6a78a6,467,3,1,-24374.226917529457
main_seed0,0,d1c1eb972d85b5605cb5db7c2c6bc30520ef1b725ec02f3d139c77d64d6a78a6,468,1,1,-49384.92030466841
main_seed0,0,d1c1eb972d85b5605cb5db7c2c6bc30520ef1b725ec02f3d139c77d64d6a78a6,468,2,1,-29255.405257352963
main_seed0,0,d1c1eb972d85b5605cb5db7c2c6bc30520ef1b725ec02f3d139c77d64d6a78a6,468,3,1,-26683.402012740225
main_seed0,0,d1c1eb972d85b5605cb5db7c2c6bc30520ef1b725ec02f3d139c77d64d6a78a6,469,1,1,-49512.75034537735
main_seed0,0,d1c1eb972d85b5605cb5db7c2c6bc30520ef1b725ec02f3d139c77d64d6a78a6,469,2,1,-33633.08306962836
main_seed0,0,d1c1eb972d85b5605cb5db7c2c6bc30520ef1b725ec02f3d139c77d64d6a78a6,469,3,1,-23972.71209355694
main_seed0,0,d1c1eb972d85b5605cb5db7c2c6bc30520ef1b725ec02f3d139c77d64d6a78a6,470,1,1,-46888.30081917768
main_seed0,0,d1c1eb972d85b5605cb5db7c2c6bc30520ef1b725ec02f3d139c77d64d6a78a6,470,2,1,-36484.09755249537
main_seed0,0,d1c1eb972d85b5605cb5db7c2c6bc30520ef1b725ec02f3d139c77d64d6a78a6,470,3,1,-23589.50919586671
main_seed0,0,d1c1eb972d85b5605cb5db7c2c6bc30520ef1b725ec02f3d139c77d64d6a78a6,471,1,1,-45191.5727715212
main_seed0,0,d1c1eb972d85b5605cb5db7c2c6bc30520ef1b725ec02f3d139c77d64d6a78a6,471,2,1,-26685.437064229947
main_seed0,0,d1c1eb972d85b5605cb5db7c2c6bc30520ef1b725ec02f3d139c77d64d6a78a6,471,3,1,-30034.71574542224
main_seed0,0,d1c1eb972d85b5605cb5db7c2c6bc30520ef1b725ec02f3d139c77d64d6a78a6,472,1,1,-48802.75444962924
main_seed0,0,d1c1eb972d85b5605cb5db7c2c6bc30520ef1b725ec02f3d139c77d64d6a78a6,472,2,1,-31280.363889796197
main_seed0,0,d1c1eb972d85b5605cb5db7c2c6bc30520ef1b725ec02f3d139c77d64d6a78a6,472,3,1,-23258.619776426058
main_seed0,0,d1c1eb972d85b5605cb5db7c2c6bc30520ef1b725ec02f3d139c77d64d6a78a6,473,1,1,-49662.73736074749
main_seed0,0,d1c1eb972d85b5605cb5db7c2c6bc30520ef1b725ec02f3d139c77d64d6a78a6,473,2,1,-30250.16841172413
main_seed0,0,d1c1eb972d85b5605cb5db7c2c6bc30520ef1b725ec02f3d139c77d64d6a78a6,473,3,1,-22244.7149351149
main_seed0,0,d1c1eb972d85b5605cb5db7c2c6bc30520ef1b725ec02f3d139c77d64d6a78a6,474,1,1,-46444.90711648487
main_seed0,0,d1c1eb972d85b5605cb5db7c2c6bc30520ef1b725ec02f3d139c77d64d6a78a6,474,2,1,-31575.72766195248
main_seed0,0,d1c1eb972d85b5605cb5db7c2c6bc30520ef1b725ec02f3d139c77d64d6a78a6,474,3,1,-19348.87789391761
main_seed0,0,d1c1eb972d85b5605cb5db7c2c6bc30520ef1b725ec02f3d139c77d64d6a78a6,475,1,1,-50351.378773726814
main_seed0,0,d1c1eb972d85b5605cb5db7c2c6bc30520ef1b725ec02f3d139c77d64d6a78a6,475,2,1,-32781.199859465385
main_seed0,0,d1c1eb972d85b5605cb5db7c2c6bc30520ef1b725ec02f3d139c77d64d6a78a6,475,3,1,-29036.595726239124
main_seed0,0,d1c1eb972d85b5605cb5db7c2c6bc30520ef1b725ec02f3d139c77d64d6a78a6,476,1,1,-51336.92034379165
main_seed0,0,d1c1eb972d85b5605cb5db7c2c6bc30520ef1b725ec02f3d139c77d64d6a78a6,476,2,1,-28168.091589220097
main_seed0,0,d1c1eb972d85b5605cb5db7c2c6bc30520ef1b725ec02f3d139c77d64d6a78a6,476,3,1,-27429.382502788834
main_seed0,0,d1c1eb972d85b5605cb5db7c2c6bc30520ef1b725ec02f3d139c77d64d6a78a6,477,1,1,-47865.410848004045
main_seed0,0,d1c1eb972d85b5605cb5db7c2c6bc30520ef1b725ec02f3d139c77d64d6a78a6,477,2,1,-31505.196150752414
main_seed0,0,d1c1eb972d85b5605cb5db7c2c6bc30520ef1b725ec02f3d139c77d64d6a78a6,477,3,1,-20602.223438220244
main_seed0,0,d1c1eb972d85b5605cb5db7c2c6bc30520ef1b725ec02f3d139c77d64d6a78a6,478,1,1,-44839.00973986625
main_seed0,0,d1c1eb972d85b5605cb5db7c2c6bc30520ef1b725ec02f3d139c77d64d6a78a6,478,2,1,-32952.98164439368
main_seed0,0,d1c1eb972d85b5605cb5db7c2c6bc30520ef1b725ec02f3d139c77d64d6a78a6,478,3,1,-29222.067670456927
main_seed0,0,d1c1eb972d85b5605cb5db7c2c6bc30520ef1b725ec02f3d139c77d64d6a78a6,479,1,1,-46899.967354664346
main_seed0,0,d1c1eb972d85b5605cb5db7c2c6bc30520ef1b725ec02f3d139c77d64d6a78a6,479,2,1,-27888.898146207983
main_seed0,0,d1c1eb972d85b5605cb5db7c2c6bc30520ef1b725ec02f3d139c77d64d6a78a6,479,3,1,-28386.03704464924
main_seed0,0,d1c1eb972d85b5605cb5db7c2c6bc30520ef1b725ec02f3d139c77d64d6a78a6,480,1,1,-44733.68595500666
main_seed0,0,d1c1eb972d85b5605cb5db7c2c6bc30520ef1b725ec02f3d139c77d64d6a78a6,480,2,1,-33184.55013588669
main_seed0,0,d1c1eb972d85b5605cb5db7c2c6bc30520ef1b725ec02f3d139c77d64d6a78a6,480,3,1,-20852.25580843505
main_seed0,0,d1c1eb972d85b5605cb5db7c2c6bc30520ef1b725ec02f3d139c77d64d6a78a6,481,1,1,-51054.142373972885
main_seed0,0,d1c1eb972d85b5605cb5db7c2c6bc30520ef1b725ec02f3d139c77d64d6a78a6,481,2,1,-29534.65620756296
main_seed0,0,d1c1eb972d85b5605cb5db7c2c6bc30520ef1b725ec02f3d139c77d64d6a78a6,481,3,1,-26163.76782633857
main_seed0,0,d1c1eb972d85b5605cb5db7c2c6bc30520ef1b725ec02f3d139c77d64d6a78a6,482,1,1,-46252.26329141967
main_seed0,0,d1c1eb972d85b5605cb5db7c2c6bc30520ef1b725ec02f3d139c77d64d6a78a6,482,2,1,-30230.196524072187
main_seed0,0,d1c1eb972d85b5605cb5db7c2c6bc30520ef1b725ec02f3d139c77d64d6a78a6,482,3,1,-24068.82440295684
main_seed0,0,d1c1eb972d85b5605cb5db7c2c6bc30520ef1b725ec02f3d139c77d64d6a78a6,483,1,1,-50304.11525038497
main_seed0,0,d1c1eb972d85b5605cb5db7c2c6bc30520ef1b725ec02f3d139c77d64d6a78a6,483,2,1,-36024.919611221136
main_seed0,0,d1c1eb972d85b5605cb5db7c2c6bc30520ef1b725ec02f3d139c77d64d6a78a6,483,3,1,-21895.02522569401
main_seed0,0,d1c1eb972d85b5605cb5db7c2c6bc30520ef1b725ec02f3d139c77d64d6a78a6,484,1,1,-46372.23937582516
main_seed0,0,d1c1eb972d85b5605cb5db7c2c6bc30520ef1b725ec02f3d139c77d64d6a78a6,484,2,1,-34626.28718029707
main_seed0,0,d1c1eb972d85b5605cb5db7c2c6bc30520ef1b725ec02f3d139c77d64d6a78a6,484,3,1,-24452.04302103869
main_seed0,0,d1c1eb972d85b5605cb5db7c2c6bc30520ef1b725ec02f3d139c77d64d6a78a6,485,1,1,-48974.21426688328
main_seed0,0,d1c1eb972d85b5605cb5db7c2c6bc30520ef1b725ec02f3d139c77d64d6a78a6,485,2,1,-31817.140096196486
main_seed0,0,d1c1eb972d85b5605cb5db7c2c6bc30520ef1b725ec02f3d139c77d64d6a78a6,485,3,1,-21897.97102854087
main_seed0,0,d1c1eb972d85b5605cb5db7c2c6bc30520ef1b725ec02f3d139c77d64d6a78a6,486,1,1,-50226.49815397239
main_seed0,0,d1c1eb972d85b5605cb5db7c2c6bc30520ef1b725ec02f3d139c77d64d6a78a6,486,2,1,-32789.564863550404
main_seed0,0,d1c1eb972d85b5605cb5db7c2c6bc30520ef1b725ec02f3d139c77d64d6a78a6,486,3,1,-26630.900525518504
main_seed0,0,d1c1eb972d85b5605cb5db7c2c6bc30520ef1b725ec02f3d139c77d64d6a78a6,487,1,1,-48059.3413873911
main_seed0,0,d1c1eb972d85b5605cb5db7c2c6bc30520ef1b725ec02f3d139c77d64d6a78a6,487,2,1,-31692.722453398565
main_seed0,0,d1c1eb972d85b5605cb5db7c2c6bc30520ef1b725ec02f3d139c77d64d6a78a6,487,3,1,-23941.28304257309
main_seed0,0,d1c1eb972d85b5605cb5db7c2c6bc30520ef1b725ec02f3d139c77d64d6a78a6,488,1,1,-52046.905332506256
main_seed0,0,d1c1eb972d85b5605cb5db7c2c6bc30520ef1b725ec02f3d139c77d64d6a78a6,488,2,1,-31236.58561458724
main_seed0,0,d1c1eb972d85b5605cb5db7c2c6bc30520ef1b725ec02f3d139c77d64d6a78a6,488,3,1,-18819.7925581746
main_seed0,0,d1c1eb972d85b5605cb5db7c2c6bc30520ef1b725ec02f3d139c77d64d6a78a6,489,1,1,-52724.36901551675
main_seed0,0,d1c1eb972d85b5605cb5db7c2c6bc30520ef1b725ec02f3d139c77d64d6a78a6,489,2,1,-32088.00135003321
main_seed0,0,d1c1eb972d85b5605cb5db7c2c6bc30520ef1b725ec02f3d139c77d64d6a78a6,489,3,1,-24158.15432569004
main_seed0,0,d1c1eb972d85b5605cb5db7c2c6bc30520ef1b725ec02f3d139c77d64d6a78a6,490,1,1,-45608.02344545587
main_seed0,0,d1c1eb972d85b5605cb5db7c2c6bc30520ef1b725ec02f3d139c77d64d6a78a6,490,2,1,-34393.539246782966
main_seed0,0,d1c1eb972d85b5605cb5db7c2c6bc30520ef1b725ec02f3d139c77d64d6a78a6,490,3,1,-23161.637689656272
main_seed0,0,d1c1eb972d85b5605cb5db7c2c6bc30520ef1b725ec02f3d139c77d64d6a78a6,491,1,1,-50864.9381348153
main_seed0,0,d1c1eb972d85b5605cb5db7c2c6bc30520ef1b725ec02f3d139c77d64d6a78a6,491,2,1,-32482.36391581408
main_seed0,0,d1c1eb972d85b5605cb5db7c2c6bc30520ef1b725ec02f3d139c77d64d6a78a6,491,3,1,-28828.266375407835
main_seed0,0,d1c1eb972d85b5605cb5db7c2c6bc30520ef1b725ec02f3d139c77d64d6a78a6,492,1,1,-49170.237629470685
main_seed0,0,d1c1eb972d85b5605cb5db7c2c6bc30520ef1b725ec02f3d139c77d64d6a78a6,492,2,1,-31257.225703557637
main_seed0,0,d1c1eb972d85b5605cb5db7c2c6bc30520ef1b725ec02f3d139c77d64d6a78a6,492,3,1,-20541.14513736215
main_seed0,0,d1c1eb972d85b5605cb5db7c2c6bc30520ef1b725ec02f3d139c77d64d6a78a6,493,1,1,-50641.93521538941
main_seed0,0,d1c1eb972d85b5605cb5db7c2c6bc30520ef1b725ec02f3d139c77d64d6a78a6,493,2,1,-29879.748172696527
main_seed0,0,d1c1eb972d85b5605cb5db7c2c6bc30520ef1b725ec02f3d139c77d64d6a78a6,493,3,1,-24460.922016884324
main_seed0,0,d1c1eb972d85b5605cb5db7c2c6bc30520ef1b725ec02f3d139c77d64d6a78a6,494,1,1,-51336.52115015567
main_seed0,0,d1c1eb972d85b5605cb5db7c2c6bc30520ef1b725ec02f3d139c77d64d6a78a6,494,2,1,-32303.97921714773
main_seed0,0,d1c1eb972d85b5605cb5db7c2c6bc30520ef1b725ec02f3d139c77d64d6a78a6,494,3,1,-26313.914683473588
main_seed0,0,d1c1eb972d85b5605cb5db7c2c6bc30520ef1b725ec02f3d139c77d64d6a78a6,495,1,1,-48006.65901595088
main_seed0,0,d1c1eb972d85b5605cb5db7c2c6bc30520ef1b725ec02f3d139c77d64d6a78a6,495,2,1,-32132.07939444612
main_seed0,0,d1c1eb972d85b5605cb5db7c2c6bc30520ef1b725ec02f3d139c77d64d6a78a6,495,3,1,-24996.59072220843
main_seed0,0,d1c1eb972d85b5605cb5db7c2c6bc30520ef1b725ec02f3d139c77d64d6a78a6,496,1,1,-52385.99040986372
main_seed0,0,d1c1eb972d85b5605cb5db7c2c6bc30520ef1b725ec02f3d139c77d64d6a78a6,496,2,1,-29924.982936237277
main_seed0,0,d1c1eb972d85b5605cb5db7c2c6bc30520ef1b725ec02f3d139c77d64d6a78a6,496,3,1,-23334.606452775653
main_seed0,0,d1c1eb972d85b5605cb5db7c2c6bc30520ef1b725ec02f3d139c77d64d6a78a6,497,1,1,-44826.800591212326
main_seed0,0,d1c1eb972d85b5605cb5db7c2c6bc30520ef1b725ec02f3d139c77d64d6a78a6,497,2,1,-29616.170155172756
main_seed0,0,d1c1eb972d85b5605cb5db7c2c6bc30520ef1b725ec02f3d139c77d64d6a78a6,497,3,1,-25324.61755932005
main_seed0,0,d1c1eb972d85b5605cb5db7c2c6bc30520ef1b725ec02f3d139c77d64d6a78a6,498,1,1,-45955.534368106
main_seed0,0,d1c1eb972d85b5605cb5db7c2c6bc30520ef1b725ec02f3d139c77d64d6a78a6,498,2,1,-35216.76629537522
main_seed0,0,d1c1eb972d85b5605cb5db7c2c6bc30520ef1b725ec02f3d139c77d64d6a78a6,498,3,1,-23425.110743555848
main_seed0,0,d1c1eb972d85b5605cb5db7c2c6bc30520ef1b725ec02f3d139c77d64d6a78a6,499,1,1,-48997.39472328517
main_seed0,0,d1c1eb972d85b5605cb5db7c2c6bc30520ef1b725ec02f3d139c77d64d6a78a6,499,2,1,-33399.82878404127
main_seed0,0,d1c1eb972d85b5605cb5db7c2c6bc30520ef1b725ec02f3d139c77d64d6a78a6,499,3,1,-23765.52286752165
main_seed0,0,d1c1eb972d85b5605cb5db7c2c6bc30520ef1b725ec02f3d139c77d64d6a78a6,500,1,1,-52499.50897732631
main_seed0,0,d1c1eb972d85b5605cb5db7c2c6bc30520ef1b725ec02f3d139c77d64d6a78a6,500,2,1,-27202.611572421592
main_seed0,0,d1c1eb972d85b5605cb5db7c2c6bc30520ef1b725ec02f3d139c77d64d6a78a6,500,3,1,-24099.597433615192
main_seed0,0,d1c1eb972d85b5605cb5db7c2c6bc30520ef1b725ec02f3d139c77d64d6a78a6,501,1,2,-50124.73418471012
main_seed0,0,d1c1eb972d85b5605cb5db7c2c6bc30520ef1b725ec02f3d139c77d64d6a78a6,501,2,2,-28211.257889099084
main_seed0,0,d1c1eb972d85b5605cb5db7c2c6bc30520ef1b725ec02f3d139c77d64d6a78a6,501,3,2,-27541.094084457694
main_seed0,0,d1c1eb972d85b5605cb5db7c2c6bc30520ef1b725ec02f3d139c77d64d6a78a6,502,1,2,-45661.90590287321
main_seed0,0,d1c1eb972d85b5605cb5db7c2c6bc30520ef1b725ec02f3d139c77d64d6a78a6,502,2,2,-35731.91777820638
main_seed0,0,d1c1eb972d85b5605cb5db7c2c6bc30520ef1b725ec02f3d139c77d64d6a78a6,502,3,2,-23535.78568429709
main_seed0,0,d1c1eb972d85b5605cb5db7c2c6bc30520ef1b725ec02f3d139c77d64d6a78a6,503,1,2,-52491.42794703352
main_seed0,0,d1c1eb972d85b5605cb5db7c2c6bc30520ef1b725ec02f3d139c77d64d6a78a6,503,2,2,-37586.15385330327
main_seed0,0,d1c1eb972d85b5605cb5db7c2c6bc30520ef1b725ec02f3d139c77d64d6a78a6,503,3,2,-23263.467929647184
main_seed0,0,d1c1eb972d85b5605cb5db7c2c6bc30520ef1b725ec02f3d139c77d64d6a78a6,504,1,2,-47156.1393987033
main_seed0,0,d1c1eb972d85b5605cb5db7c2c6bc30520ef1b725ec02f3d139c77d64d6a78a6,504,2,2,-28344.908241928533
main_seed0,0,d1c1eb972d85b5605cb5db7c2c6bc30520ef1b725ec02f3d139c77d64d6a78a6,504,3,2,-25480.709183155937
main_seed0,0,d1c1eb972d85b5605cb5db7c2c6bc30520ef1b725ec02f3d139c77d64d6a78a6,505,1,2,-50671.45815778408
main_seed0,0,d1c1eb972d85b5605cb5db7c2c6bc30520ef1b725ec02f3d139c77d64d6a78a6,505,2,2,-32340.89413137505
main_seed0,0,d1c1eb972d85b5605cb5db7c2c6bc30520ef1b725ec02f3d139c77d64d6a78a6,505,3,2,-25769.85303082224
main_seed0,0,d1c1eb972d85b5605cb5db7c2c6bc30520ef1b725ec02f3d139c77d64d6a78a6,506,1,2,-45482.15496442925
main_seed0,0,d1c1eb972d85b5605cb5db7c2c6bc30520ef1b725ec02f3d139c77d64d6a78a6,506,2,2,-30725.262615451556
main_seed0,0,d1c1eb972d85b5605cb5db7c2c6bc30520ef1b725ec02f3d139c77d64d6a78a6,506,3,2,-21665.581215930608
main_seed0,0,d1c1eb972d85b5605cb5db7c2c6bc30520ef1b725ec02f3d139c77d64d6a78a6,507,1,2,-48063.756470013934
main_seed0,0,d1c1eb972d85b5605cb5db7c2c6bc30520ef1b725ec02f3d139c77d64d6a78a6,507,2,2,-35059.79246048407
main_seed0,0,d1c1eb972d85b5605cb5db7c2c6bc30520ef1b725ec02f3d139c77d64d6a78a6,507,3,2,-23630.184002705417
main_seed0,0,d1c1eb972d85b5605cb5db7c2c6bc30520ef1b725ec02f3d139c77d64d6a78a6,508,1,2,-51818.46336241546
main_seed0,0,d1c1eb972d85b5605cb5db7c2c6bc30520ef1b725ec02f3d139c77d64d6a78a6,508,2,2,-36387.86458694523
main_seed0,0,d1c1eb972d85b5605cb5db7c2c6bc30520ef1b725ec02f3d139c77d64d6a78a6,508,3,2,-26573.230523443097
main_seed0,0,d1c1eb972d85b5605cb5db7c2c6bc30520ef1b725ec02f3d139c77d64d6a78a6,509,1,2,-53782.01675955705
main_seed0,0,d1c1eb972d85b5605cb5db7c2c6bc30520ef1b725ec02f3d139c77d64d6a78a6,509,2,2,-33935.22781259015
main_seed0,0,d1c1eb972d85b5605cb5db7c2c6bc30520ef1b725ec02f3d139c77d64d6a78a6,509,3,2,-22889.030193998773
main_seed0,0,d1c1eb972d85b5605cb5db7c2c6bc30520ef1b725ec02f3d139c77d64d6a78a6,510,1,2,-51158.3952873032
main_seed0,0,d1c1eb972d85b5605cb5db7c2c6bc30520ef1b725ec02f3d139c77d64d6a78a6,510,2,2,-40462.10991472109
main_seed0,0,d1c1eb972d85b5605cb5db7c2c6bc30520ef1b725ec02f3d139c77d64d6a78a6,510,3,2,-26226.40281123438
main_seed0,0,d1c1eb972d85b5605cb5db7c2c6bc30520ef1b725ec02f3d139c77d64d6a78a6,511,1,2,-52090.25937614494
main_seed0,0,d1c1eb972d85b5605cb5db7c2c6bc30520ef1b725ec02f3d139c77d64d6a78a6,511,2,2,-33416.95553820429
main_seed0,0,d1c1eb972d85b5605cb5db7c2c6bc30520ef1b725ec02f3d139c77d64d6a78a6,511,3,2,-28315.86750077728
main_seed0,0,d1c1eb972d85b5605cb5db7c2c6bc30520ef1b725ec02f3d139c77d64d6a78a6,512,1,2,-46280.18039101504
main_seed0,0,d1c1eb972d85b5605cb5db7c2c6bc30520ef1b725ec02f3d139c77d64d6a78a6,512,2,2,-37823.63037691562
main_seed0,0,d1c1eb972d85b5605cb5db7c2c6bc30520ef1b725ec02f3d139c77d64d6a78a6,512,3,2,-20727.19443998515
main_seed0,0,d1c1eb972d85b5605cb5db7c2c6bc30520ef1b725ec02f3d139c77d64d6a78a6,513,1,2,-49691.03419043335
main_seed0,0,d1c1eb972d85b5605cb5db7c2c6bc30520ef1b725ec02f3d139c77d64d6a78a6,513,2,2,-31698.55023117389
main_seed0,0,d1c1eb972d85b5605cb5db7c2c6bc30520ef1b725ec02f3d139c77d64d6a78a6,513,3,2,-24278.43673341041
main_seed0,0,d1c1eb972d85b5605cb5db7c2c6bc30520ef1b725ec02f3d139c77d64d6a78a6,514,1,2,-46297.87737894024
main_seed0,0,d1c1eb972d85b5605cb5db7c2c6bc30520ef1b725ec02f3d139c77d64d6a78a6,514,2,2,-37044.63327655467
main_seed0,0,d1c1eb972d85b5605cb5db7c2c6bc30520ef1b725ec02f3d139c77d64d6a78a6,514,3,2,-21040.28650831697
main_seed0,0,d1c1eb972d85b5605cb5db7c2c6bc30520ef1b725ec02f3d139c77d64d6a78a6,515,1,2,-49661.71666872348
main_seed0,0,d1c1eb972d85b5605cb5db7c2c6bc30520ef1b725ec02f3d139c77d64d6a78a6,515,2,2,-31668.44808704797
main_seed0,0,d1c1eb972d85b5605cb5db7c2c6bc30520ef1b725ec02f3d139c77d64d6a78a6,515,3,2,-26449.218164399204
main_seed0,0,d1c1eb972d85b5605cb5db7c2c6bc30520ef1b725ec02f3d139c77d64d6a78a6,516,1,2,-53525.43580734025
main_seed0,0,d1c1eb972d85b5605cb5db7c2c6bc30520ef1b725ec02f3d139c77d64d6a78a6,516,2,2,-31825.41884719564
main_seed0,0,d1c1eb972d85b5605cb5db7c2c6bc30520ef1b725ec02f3d139c77d64d6a78a6,516,3,2,-27189.489371980464
main_seed0,0,d1c1eb972d85b5605cb5db7c2c6bc30520ef1b725ec02f3d139c77d64d6a78a6,517,1,2,-50897.56473942674
main_seed0,0,d1c1eb972d85b5605cb5db7c2c6bc30520ef1b725ec02f3d139c77d64d6a78a6,517,2,2,-30495.626930489947
main_seed0,0,d1c1eb972d85b5605cb5db7c2c6bc30520ef1b725ec02f3d139c77d64d6a78a6,517,3,2,-23623.085200775597
main_seed0,0,d1c1eb972d85b5605cb5db7c2c6bc30520ef1b725ec02f3d139c77d64d6a78a6,518,1,2,-50626.10035310573
main_seed0,0,d1c1eb972d85b5605cb5db7c2c6bc30520ef1b725ec02f3d139c77d64d6a78a6,518,2,2,-31758.994182740164
main_seed0,0,d1c1eb972d85b5605cb5db7c2c6bc30520ef1b725ec02f3d139c77d64d6a78a6,518,3,2,-23490.41866037832
main_seed0,0,d1c1eb972d85b5605cb5db7c2c6bc30520ef1b725ec02f3d139c77d64d6a78a6,519,1,2,-48121.2172230579
main_seed0,0,d1c1eb972d85b5605cb5db7c2c6bc30520ef1b725ec02f3d139c77d64d6a78a6,519,2,2,-35335.317238271185
main_seed0,0,d1c1eb972d85b5605cb5db7c2c6bc30520ef1b725ec02f3d139c77d64d6a78a6,519,3,2,-24220.332012534414
main_seed0,0,d1c1eb972d85b5605cb5db7c2c6bc30520ef1b725ec02f3d139c77d64d6a78a6,520,1,2,-48956.201093298965
main_seed0,0,d1c1eb972d85b5605cb5db7c2c6bc30520ef1b725ec02f3d139c77d64d6a78a6,520,2,2,-33462.637876329194
main_seed0,0,d1c1eb972d85b5605cb5db7c2c6bc30520ef1b725ec02f3d139c77d64d6a78a6,520,3,2,-26612.1665832749
main_seed0,0,d1c1eb972d85b5605cb5db7c2c6bc30520ef1b725ec02f3d139c77d64d6a78a6,521,1,2,-53385.73862446244
main_seed0,0,d1c1eb972d85b5605cb5db7c2c6bc30520ef1b725ec02f3d139c77d64d6a78a6,521,2,2,-32355.67512283638
main_seed0,0,d1c1eb972d85b5605cb5db7c2c6bc30520ef1b725ec02f3d139c77d64d6a78a6,521,3,2,-27042.392489622627
main_seed0,0,d1c1eb972d85b5605cb5db7c2c6bc30520ef1b725ec02f3d139c77d64d6a78a6,522,1,2,-52523.89827786502
main_seed0,0,d1c1eb972d85b5605cb5db7c2c6bc30520ef1b725ec02f3d139c77d64d6a78a6,522,2,2,-34317.27188655289
main_seed0,0,d1c1eb972d85b5605cb5db7c2c6bc30520ef1b725ec02f3d139c77d64d6a78a6,522,3,2,-26300.64125707828
main_seed0,0,d1c1eb972d85b5605cb5db7c2c6bc30520ef1b725ec02f3d139c77d64d6a78a6,523,1,2,-52992.94198130182
main_seed0,0,d1c1eb972d85b5605cb5db7c2c6bc30520ef1b725ec02f3d139c77d64d6a78a6,523,2,2,-34919.15254899392
main_seed0,0,d1c1eb972d85b5605cb5db7c2c6bc30520ef1b725ec02f3d139c77d64d6a78a6,523,3,2,-23946.849033326427
main_seed0,0,d1c1eb972d85b5605cb5db7c2c6bc30520ef1b725ec02f3d139c77d64d6a78a6,524,1,2,-51458.6038039784
main_seed0,0,d1c1eb972d85b5605cb5db7c2c6bc30520ef1b725ec02f3d139c77d64d6a78a6,524,2,2,-31697.297774311814
main_seed0,0,d1c1eb972d85b5605cb5db7c2c6bc30520ef1b725ec02f3d139c77d64d6a78a6,524,3,2,-28026.51968976227
main_seed0,0,d1c1eb972d85b5605cb5db7c2c6bc30520ef1b725ec02f3d139c77d64d6a78a6,525,1,2,-51222.12021042663
main_seed0,0,d1c1eb972d85b5605cb5db7c2c6bc30520ef1b725ec02f3d139c77d64d6a78a6,525,2,2,-34924.19215940335
main_seed0,0,d1c1eb972d85b5605cb5db7c2c6bc30520ef1b725ec02f3d139c77d64d6a78a6,525,3,2,-26501.118810661
main_seed0,0,d1c1eb972d85b5605cb5db7c2c6bc30520ef1b725ec02f3d139c77d64d6a78a6,526,1,2,-46588.450076246096
main_seed0,0,d1c1eb972d85b5605cb5db7c2c6bc30520ef1b725ec02f3d139c77d64d6a78a6,526,2,2,-34106.68558763823
main_seed0,0,d1c1eb972d85b5605cb5db7c2c6bc30520ef1b725ec02f3d139c77d64d6a78a6,526,3,2,-26241.80040748669
main_seed0,0,d1c1eb972d85b5605cb5db7c2c6bc30520ef1b725ec02f3d139c77d64d6a78a6,527,1,2,-51633.60623072572
main_seed0,0,d1c1eb972d85b5605cb5db7c2c6bc30520ef1b725ec02f3d139c77d64d6a78a6,527,2,2,-33345.44521779026
main_seed0,0,d1c1eb972d85b5605cb5db7c2c6bc30520ef1b725ec02f3d139c77d64d6a78a6,527,3,2,-22492.939844899345
main_seed0,0,d1c1eb972d85b5605cb5db7c2c6bc30520ef1b725ec02f3d139c77d64d6a78a6,528,1,2,-48764.52528772725
main_seed0,0,d1c1eb972d85b5605cb5db7c2c6bc30520ef1b725ec02f3d139c77d64d6a78a6,528,2,2,-31524.33633687122
main_seed0,0,d1c1eb972d85b5605cb5db7c2c6bc30520ef1b725ec02f3d139c77d64d6a78a6,528,3,2,-23067.908991975644
main_seed0,0,d1c1eb972d85b5605cb5db7c2c6bc30520ef1b725ec02f3d139c77d64d6a78a6,529,1,2,-52709.30257598475
main_seed0,0,d1c1eb972d85b5605cb5db7c2c6bc30520ef1b725ec02f3d139c77d64d6a78a6,529,2,2,-33564.70709574856
main_seed0,0,d1c1eb972d85b5605cb5db7c2c6bc30520ef1b725ec02f3d139c77d64d6a78a6,529,3,2,-28051.715320844636
main_seed0,0,d1c1eb972d85b5605cb5db7c2c6bc30520ef1b725ec02f3d139c77d64d6a78a6,530,1,2,-51293.99579061451
main_seed0,0,d1c1eb972d85b5605cb5db7c2c6bc30520ef1b725ec02f3d139c77d64d6a78a6,530,2,2,-36011.55000683894
main_seed0,0,d1c1eb972d85b5605cb5db7c2c6bc30520ef1b725ec02f3d139c77d64d6a78a6,530,3,2,-26523.888533142846
main_seed0,0,d1c1eb972d85b5605cb5db7c2c6bc30520ef1b725ec02f3d139c77d64d6a78a6,531,1,2,-48834.57540535695
main_seed0,0,d1c1eb972d85b5605cb5db7c2c6bc30520ef1b725ec02f3d139c77d64d6a78a6,531,2,2,-33085.61541250885
main_seed0,0,d1c1eb972d85b5605cb5db7c2c6bc30520ef1b725ec02f3d139c77d64d6a78a6,531,3,2,-28078.399386260244
main_seed0,0,d1c1eb972d85b5605cb5db7c2c6bc30520ef1b725ec02f3d139c77d64d6a78a6,532,1,2,-51002.549499626126
main_seed0,0,d1c1eb972d85b5605cb5db7c2c6bc30520ef1b725ec02f3d139c77d64d6a78a6,532,2,2,-32862.29540558492
main_seed0,0,d1c1eb972d85b5605cb5db7c2c6bc30520ef1b725ec02f3d139c77d64d6a78a6,532,3,2,-26179.687721263363
main_seed0,0,d1c1eb972d85b5605cb5db7c2c6bc30520ef1b725ec02f3d139c77d64d6a78a6,533,1,2,-52604.993241142125
main_seed0,0,d1c1eb972d85b5605cb5db7c2c6bc30520ef1b725ec02f3d139c77d64d6a78a6,533,2,2,-35816.85209659263
main_seed0,0,d1c1eb972d85b5605cb5db7c2c6bc30520ef1b725ec02f3d139c77d64d6a78a6,533,3,2,-28050.890256809464
main_seed0,0,d1c1eb972d85b5605cb5db7c2c6bc30520ef1b725ec02f3d139c77d64d6a78a6,534,1,2,-51664.97999744341
main_seed0,0,d1c1eb972d85b5605cb5db7c2c6bc30520ef1b725ec02f3d139c77d64d6a78a6,534,2,2,-34090.57714254952
main_seed0,0,d1c1eb972d85b5605cb5db7c2c6bc30520ef1b725ec02f3d139c77d64d6a78a6,534,3,2,-29292.610348353137
main_seed0,0,d1c1eb972d85b5605cb5db7c2c6bc30520ef1b725ec02f3d139c77d64d6a78a6,535,1,2,-50920.54319316342
main_seed0,0,d1c1eb972d85b5605cb5db7c2c6bc30520ef1b725ec02f3d139c77d64d6a78a6,535,2,2,-32256.937284087937
main_seed0,0,d1c1eb972d85b5605cb5db7c2c6bc30520ef1b725ec02f3d139c77d64d6a78a6,535,3,2,-26283.86663086697
main_seed0,0,d1c1eb972d85b5605cb5db7c2c6bc30520ef1b725ec02f3d139c77d64d6a78a6,536,1,2,-51101.965072738734
main_seed0,0,d1c1eb972d85b5605cb5db7c2c6bc30520ef1b725ec02f3d139c77d64d6a78a6,536,2,2,-29423.99131680883
main_seed0,0,d1c1eb972d85b5605cb5db7c2c6bc30520ef1b725ec02f3d139c77d64d6a78a6,536,3,2,-26242.87333252517
main_seed0,0,d1c1eb972d85b5605cb5db7c2c6bc30520ef1b725ec02f3d139c77d64d6a78a6,537,1,2,-51513.5966142299
main_seed0,0,d1c1eb972d85b5605cb5db7c2c6bc30520ef1b725ec02f3d139c77d64d6a78a6,537,2,2,-32290.0836717188
main_seed0,0,d1c1eb972d85b5605cb5db7c2c6bc30520ef1b725ec02f3d139c77d64d6a78a6,537,3,2,-20301.37233406359
main_seed0,0,d1c1eb972d85b5605cb5db7c2c6bc30520ef1b725ec02f3d139c77d64d6a78a6,538,1,2,-51292.417242720985
main_seed0,0,d1c1eb972d85b5605cb5db7c2c6bc30520ef1b725ec02f3d139c77d64d6a78a6,538,2,2,-37523.797141486255
main_seed0,0,d1c1eb972d85b5605cb5db7c2c6bc30520ef1b725ec02f3d139c77d64d6a78a6,538,3,2,-27932.1186894838
main_seed0,0,d1c1eb972d85b5605cb5db7c2c6bc30520ef1b725ec02f3d139c77d64d6a78a6,539,1,2,-50572.12389208336
main_seed0,0,d1c1eb972d85b5605cb5db7c2c6bc30520ef1b725ec02f3d139c77d64d6a78a6,539,2,2,-30330.14985661643
main_seed0,0,d1c1eb972d85b5605cb5db7c2c6bc30520ef1b725ec02f3d139c77d64d6a78a6,539,3,2,-25878.046668192816
main_seed0,0,d1c1eb972d85b5605cb5db7c2c6bc30520ef1b725ec02f3d139c77d64d6a78a6,540,1,2,-48641.57715461847
main_seed0,0,d1c1eb972d85b5605cb5db7c2c6bc30520ef1b725ec02f3d139c77d64d6a78a6,540,2,2,-26610.191711200103
main_seed0,0,d1c1eb972d85b5605cb5db7c2c6bc30520ef1b725ec02f3d139c77d64d6a78a6,540,3,2,-18275.229818120028
main_seed0,0,d1c1eb972d85b5605cb5db7c2c6bc30520ef1b725ec02f3d139c77d64d6a78a6,541,1,2,-52270.63322481386
main_seed0,0,d1c1eb972d85b5605cb5db7c2c6bc30520ef1b725ec02f3d139c77d64d6a78a6,541,2,2,-29827.96237218916
main_seed0,0,d1c1eb972d85b5605cb5db7c2c6bc30520ef1b725ec02f3d139c77d64d6a78a6,541,3,2,-24365.799050658687
main_seed0,0,d1c1eb972d85b5605cb5db7c2c6bc30520ef1b725ec02f3d139c77d64d6a78a6,542,1,2,-50870.21603188248
main_seed0,0,d1c1eb972d85b5605cb5db7c2c6bc30520ef1b725ec02f3d139c77d64d6a78a6,542,2,2,-33625.046788108004
main_seed0,0,d1c1eb972d85b5605cb5db7c2c6bc30520ef1b725ec02f3d139c77d64d6a78a6,542,3,2,-25404.91060812571
main_seed0,0,d1c1eb972d85b5605cb5db7c2c6bc30520ef1b725ec02f3d139c77d64d6a78a6,543,1,2,-48019.32354379359
main_seed0,0,d1c1eb972d85b5605cb5db7c2c6bc30520ef1b725ec02f3d139c77d64d6a78a6,543,2,2,-35429.95754994619
main_seed0,0,d1c1eb972d85b5605cb5db7c2c6bc30520ef1b725ec02f3d139c77d64d6a78a6,543,3,2,-23845.270568150143
main_seed0,0,d1c1eb972d85b5605cb5db7c2c6bc30520ef1b725ec02f3d139c77d64d6a78a6,544,1,2,-49520.905208183176
main_seed0,0,d1c1eb972d85b5605cb5db7c2c6bc30520ef1b725ec02f3d139c77d64d6a78a6,544,2,2,-31341.491973752018
main_seed0,0,d1c1eb972d85b5605cb5db7c2c6bc30520ef1b725ec02f3d139c77d64d6a78a6,544,3,2,-24059.133869103876
main_seed0,0,d1c1eb972d85b5605cb5db7c2c6bc30520ef1b725ec02f3d139c77d64d6a78a6,545,1,2,-50969.41337242522
main_seed0,0,d1c1eb972d85b5605cb5db7c2c6bc30520ef1b725ec02f3d139c77d64d6a78a6,545,2,2,-33398.13216099386
main_seed0,0,d1c1eb972d85b5605cb5db7c2c6bc30520ef1b725ec02f3d139c77d64d6a78a6,545,3,2,-28921.743989809274
main_seed0,0,d1c1eb972d85b5605cb5db7c2c6bc30520ef1b725ec02f3d139c77d64d6a78a6,546,1,2,-52111.12928609952
main_seed0,0,d1c1eb972d85b5605cb5db7c2c6bc30520ef1b725ec02f3d139c77d64d6a78a6,546,2,2,-32665.0308882044
main_seed0,0,d1c1eb972d85b5605cb5db7c2c6bc30520ef1b725ec02f3d139c77d64d6a78a6,546,3,2,-28207.95885857597
main_seed0,0,d1c1eb972d85b5605cb5db7c2c6bc30520ef1b725ec02f3d139c77d64d6a78a6,547,1,2,-48416.44166813072
main_seed0,0,d1c1eb972d85b5605cb5db7c2c6bc30520ef1b725ec02f3d139c77d64d6a78a6,547,2,2,-31180.128912959
main_seed0,0,d1c1eb972d85b5605cb5db7c2c6bc30520ef1b725ec02f3d139c77d64d6a78a6,547,3,2,-29341.426444701312
main_seed0,0,d1c1eb972d85b5605cb5db7c2c6bc30520ef1b725ec02f3d139c77d64d6a78a6,548,1,2,-49394.16817397904
main_seed0,0,d1c1eb972d85b5605cb5db7c2c6bc30520ef1b725ec02f3d139c77d64d6a78a6,548,2,2,-29096.92411048206
main_seed0,0,d1c1eb972d85b5605cb5db7c2c6bc30520ef1b725ec02f3d139c77d64d6a78a6,548,3,2,-26951.98403247473
main_seed0,0,d1c1eb972d85b5605cb5db7c2c6bc30520ef1b725ec02f3d139c77d64d6a78a6,549,1,2,-48429.08732204817
main_seed0,0,d1c1eb972d85b5605cb5db7c2c6bc30520ef1b725ec02f3d139c77d64d6a78a6,549,2,2,-32446.72353306052
main_seed0,0,d1c1eb972d85b5605cb5db7c2c6bc30520ef1b725ec02f3d139c77d64d6a78a6,549,3,2,-28154.59284340868
main_seed0,0,d1c1eb972d85b5605cb5db7c2c6bc30520ef1b725ec02f3d139c77d64d6a78a6,550,1,2,-51643.90181396465
main_seed0,0,d1c1eb972d85b5605cb5db7c2c6bc30520ef1b725ec02f3d139c77d64d6a78a6,550,2,2,-32233.91662590295
main_seed0,0,d1c1eb972d85b5605cb5db7c2c6bc30520ef1b725ec02f3d139c77d64d6a78a6,550,3,2,-21345.43016259945
main_seed0,0,d1c1eb972d85b5605cb5db7c2c6bc30520ef1b725ec02f3d139c77d64d6a78a6,551,1,2,-49606.8187278031
main_seed0,0,d1c1eb972d85b5605cb5db7c2c6bc30520ef1b725ec02f3d139c77d64d6a78a6,551,2,2,-31212.92400445819
main_seed0,0,d1c1eb972d85b5605cb5db7c2c6bc30520ef1b725ec02f3d139c77d64d6a78a6,551,3,2,-26631.46894831244
main_seed0,0,d1c1eb972d85b5605cb5db7c2c6bc30520ef1b725ec02f3d139c77d64d6a78a6,552,1,2,-52616.01710084715
main_seed0,0,d1c1eb972d85b5605cb5db7c2c6bc30520ef1b725ec02f3d139c77d64d6a78a6,552,2,2,-33536.661919753795
main_seed0,0,d1c1eb972d85b5605cb5db7c2c6bc30520ef1b725ec02f3d139c77d64d6a78a6,552,3,2,-24430.16783919505
main_seed0,0,d1c1eb972d85b5605cb5db7c2c6bc30520ef1b725ec02f3d139c77d64d6a78a6,553,1,2,-51610.44954184092
main_seed0,0,d1c1eb972d85b5605cb5db7c2c6bc30520ef1b725ec02f3d139c77d64d6a78a6,553,2,2,-30354.49333268392
main_seed0,0,d1c1eb972d85b5605cb5db7c2c6bc30520ef1b725ec02f3d139c77d64d6a78a6,553,3,2,-28395.956747461023
main_seed0,0,d1c1eb972d85b5605cb5db7c2c6bc30520ef1b725ec02f3d139c77d64d6a78a6,554,1,2,-47581.68757987484
main_seed0,0,d1c1eb972d85b5605cb5db7c2c6bc30520ef1b725ec02f3d139c77d64d6a78a6,554,2,2,-32409.49998921836
main_seed0,0,d1c1eb972d85b5605cb5db7c2c6bc30520ef1b725ec02f3d139c77d64d6a78a6,554,3,2,-27862.04460194351
main_seed0,0,d1c1eb972d85b5605cb5db7c2c6bc30520ef1b725ec02f3d139c77d64d6a78a6,555,1,2,-51194.5784047948
main_seed0,0,d1c1eb972d85b5605cb5db7c2c6bc30520ef1b725ec02f3d139c77d64d6a78a6,555,2,2,-33438.40012246741
main_seed0,0,d1c1eb972d85b5605cb5db7c2c6bc30520ef1b725ec02f3d139c77d64d6a78a6,555,3,2,-25041.212691920293
main_seed0,0,d1c1eb972d85b5605cb5db7c2c6bc30520ef1b725ec02f3d139c77d64d6a78a6,556,1,2,-51276.847312322825
main_seed0,0,d1c1eb972d85b5605cb5db7c2c6bc30520ef1b725ec02f3d139c77d64d6a78a6,556,2,2,-35701.73218164392
main_seed0,0,d1c1eb972d85b5605cb5db7c2c6bc30520ef1b725ec02f3d139c77d64d6a78a6,556,3,2,-26747.837754086693
main_seed0,0,d1c1eb972d85b5605cb5db7c2c6bc30520ef1b725ec02f3d139c77d64d6a78a6,557,1,2,-53061.05945132983
main_seed0,0,d1c1eb972d85b5605cb5db7c2c6bc30520ef1b725ec02f3d139c77d64d6a78a6,557,2,2,-30735.66036398721
main_seed0,0,d1c1eb972d85b5605cb5db7c2c6bc30520ef1b725ec02f3d139c77d64d6a78a6,557,3,2,-25027.984216976023
main_seed0,0,d1c1eb972d85b5605cb5db7c2c6bc30520ef1b725ec02f3d139c77d64d6a78a6,558,1,2,-47121.04278039386
main_seed0,0,d1c1eb972d85b5605cb5db7c2c6bc30520ef1b725ec02f3d139c77d64d6a78a6,558,2,2,-32215.75472709061
main_seed0,0,d1c1eb972d85b5605cb5db7c2c6bc30520ef1b725ec02f3d139c77d64d6a78a6,558,3,2,-23467.46348264611
main_seed0,0,d1c1eb972d85b5605cb5db7c2c6bc30520ef1b725ec02f3d139c77d64d6a78a6,559,1,2,-53366.75219774907
main_seed0,0,d1c1eb972d85b5605cb5db7c2c6bc30520ef1b725ec02f3d139c77d64d6a78a6,559,2,2,-28412.997150409465
main_seed0,0,d1c1eb972d85b5605cb5db7c2c6bc30520ef1b725ec02f3d139c77d64d6a78a6,559,3,2,-27220.873487266377
main_seed0,0,d1c1eb972d85b5605cb5db7c2c6bc30520ef1b725ec02f3d139c77d64d6a78a6,560,1,2,-49900.37246440209
main_seed0,0,d1c1eb972d85b5605cb5db7c2c6bc30520ef1b725ec02f3d139c77d64d6a78a6,560,2,2,-26154.58804203235
main_seed0,0,d1c1eb972d85b5605cb5db7c2c6bc30520ef1b725ec02f3d139c77d64d6a78a6,560,3,2,-23081.91213358903
main_seed0,0,d1c1eb972d85b5605cb5db7c2c6bc30520ef1b725ec02f3d139c77d64d6a78a6,561,1,2,-51714.963633930805
main_seed0,0,d1c1eb972d85b5605cb5db7c2c6bc30520ef1b725ec02f3d139c77d64d6a78a6,561,2,2,-34293.22984749067
main_seed0,0,d1c1eb972d85b5605cb5db7c2c6bc30520ef1b725ec02f3d139c77d64d6a78a6,561,3,2,-19474.05313608137
main_seed0,0,d1c1eb972d85b5605cb5db7c2c6bc30520ef1b725ec02f3d139c77d64d6a78a6,562,1,2,-50005.49511423346
main_seed0,0,d1c1eb972d85b5605cb5db7c2c6bc30520ef1b725ec02f3d139c77d64d6a78a6,562,2,2,-35755.0534526592
main_seed0,0,d1c1eb972d85b5605cb5db7c2c6bc30520ef1b725ec02f3d139c77d64d6a78a6,562,3,2,-24454.218571572004
main_seed0,0,d1c1eb972d85b5605cb5db7c2c6bc30520ef1b725ec02f3d139c77d64d6a78a6,563,1,2,-50759.63736084064
main_seed0,0,d1c1eb972d85b5605cb5db7c2c6bc30520ef1b725ec02f3d139c77d64d6a78a6,563,2,2,-31632.788823212468
main_seed0,0,d1c1eb972d85b5605cb5db7c2c6bc30520ef1b725ec02f3d139c77d64d6a78a6,563,3,2,-26218.433823420524
main_seed0,0,d1c1eb972d85b5605cb5db7c2c6bc30520ef1b725ec02f3d139c77d64d6a78a6,564,1,2,-50484.79384637511
main_seed0,0,d1c1eb972d85b5605cb5db7c2c6bc30520ef1b725ec02f3d139c77d64d6a78a6,564,2,2,-33322.252383135674
main_seed0,0,d1c1eb972d85b5605cb5db7c2c6bc30520ef1b725ec02f3d139c77d64d6a78a6,564,3,2,-26286.60621151304
main_seed0,0,d1c1eb972d85b5605cb5db7c2c6bc30520ef1b725ec02f3d139c77d64d6a78a6,565,1,2,-52901.36156505671
main_seed0,0,d1c1eb972d85b5605cb5db7c2c6bc30520ef1b725ec02f3d139c77d64d6a78a6,565,2,2,-33151.99485414496
main_seed0,0,d1c1eb972d85b5605cb5db7c2c6bc30520ef1b725ec02f3d139c77d64d6a78a6,565,3,2,-25699.087482058203
main_seed0,0,d1c1eb972d85b5605cb5db7c2c6bc30520ef1b725ec02f3d139c77d64d6a78a6,566,1,2,-49066.75351095701
main_seed0,0,d1c1eb972d85b5605cb5db7c2c6bc30520ef1b725ec02f3d139c77d64d6a78a6,566,2,2,-30501.46216638045
main_seed0,0,d1c1eb972d85b5605cb5db7c2c6bc30520ef1b725ec02f3d139c77d64d6a78a6,566,3,2,-25369.450165869323
main_seed0,0,d1c1eb972d85b5605cb5db7c2c6bc30520ef1b725ec02f3d139c77d64d6a78a6,567,1,2,-47728.29034372346
main_seed0,0,d1c1eb972d85b5605cb5db7c2c6bc30520ef1b725ec02f3d139c77d64d6a78a6,567,2,2,-32652.13125690201
main_seed0,0,d1c1eb972d85b5605cb5db7c2c6bc30520ef1b725ec02f3d139c77d64d6a78a6,567,3,2,-28344.273038687366
main_seed0,0,d1c1eb972d85b5605cb5db7c2c6bc30520ef1b725ec02f3d139c77d64d6a78a6,568,1,2,-47895.18363310161
main_seed0,0,d1c1eb972d85b5605cb5db7c2c6bc30520ef1b725ec02f3d139c77d64d6a78a6,568,2,2,-24779.300120654567
main_seed0,0,d1c1eb972d85b5605cb5db7c2c6bc30520ef1b725ec02f3d139c77d64d6a78a6,568,3,2,-26731.63258568399
main_seed0,0,d1c1eb972d85b5605cb5db7c2c6bc30520ef1b725ec02f3d139c77d64d6a78a6,569,1,2,-53423.8539216286
main_seed0,0,d1c1eb972d85b5605cb5db7c2c6bc30520ef1b725ec02f3d139c77d64d6a78a6,569,2,2,-28702.159323820208
main_seed0,0,d1c1eb972d85b5605cb5db7c2c6bc30520ef1b725ec02f3d139c77d64d6a78a6,569,3,2,-26794.64623647044
main_seed0,0,d1c1eb972d85b5605cb5db7c2c6bc30520ef1b725ec02f3d139c77d64d6a78a6,570,1,2,-49965.089262592286
main_seed0,0,d1c1eb972d85b5605cb5db7c2c6bc30520ef1b725ec02f3d139c77d64d6a78a6,570,2,2,-31105.853823880727
main_seed0,0,d1c1eb972d85b5605cb5db7c2c6bc30520ef1b725ec02f3d139c77d64d6a78a6,570,3,2,-23852.995521140947
main_seed0,0,d1c1eb972d85b5605cb5db7c2c6bc30520ef1b725ec02f3d139c77d64d6a78a6,571,1,2,-50714.047891598326
main_seed0,0,d1c1eb972d85b5605cb5db7c2c6bc30520ef1b725ec02f3d139c77d64d6a78a6,571,2,2,-29176.057322004574
main_seed0,0,d1c1eb972d85b5605cb5db7c2c6bc30520ef1b725ec02f3d139c77d64d6a78a6,571,3,2,-22723.595817026595
main_seed0,0,d1c1eb972d85b5605cb5db7c2c6bc30520ef1b725ec02f3d139c77d64d6a78a6,572,1,2,-49382.0774892912
main_seed0,0,d1c1eb972d85b5605cb5db7c2c6bc30520ef1b725ec02f3d139c77d64d6a78a6,572,2,2,-30140.10109720578
main_seed0,0,d1c1eb972d85b5605cb5db7c2c6bc30520ef1b725ec02f3d139c77d64d6a78a6,572,3,2,-27728.572725064398
main_seed0,0,d1c1eb972d85b5605cb5db7c2c6bc30520ef1b725ec02f3d139c77d64d6a78a6,573,1,2,-49445.22295878691
main_seed0,0,d1c1eb972d85b5605cb5db7c2c6bc30520ef1b725ec02f3d139c77d64d6a78a6,573,2,2,-32253.114519244227
main_seed0,0,d1c1eb972d85b5605cb5db7c2c6bc30520ef1b725ec02f3d139c77d64d6a78a6,573,3,2,-25142.20166031868
main_seed0,0,d1c1eb972d85b5605cb5db7c2c6bc30520ef1b725ec02f3d139c77d64d6a78a6,574,1,2,-46696.59445462393
main_seed0,0,d1c1eb972d85b5605cb5db7c2c6bc30520ef1b725ec02f3d139c77d64d6a78a6,574,2,2,-26039.629912769866
main_seed0,0,d1c1eb972d85b5605cb5db7c2c6bc30520ef1b725ec02f3d139c77d64d6a78a6,574,3,2,-28523.2871057192
main_seed0,0,d1c1eb972d85b5605cb5db7c2c6bc30520ef1b725ec02f3d139c77d64d6a78a6,575,1,2,-51706.82651440652
main_seed0,0,d1c1eb972d85b5605cb5db7c2c6bc30520ef1b725ec02f3d139c77d64d6a78a6,575,2,2,-35174.05025390847
main_seed0,0,d1c1eb972d85b5605cb5db7c2c6bc30520ef1b725ec02f3d139c77d64d6a78a6,575,3,2,-26983.2303282617
main_seed0,0,d1c1eb972d85b5605cb5db7c2c6bc30520ef1b725ec02f3d139c77d64d6a78a6,576,1,2,-47623.557223887066
main_seed0,0,d1c1eb972d85b5605cb5db7c2c6bc30520ef1b725ec02f3d139c77d64d6a78a6,576,2,2,-25914.433010407367
main_seed0,0,d1c1eb972d85b5605cb5db7c2c6bc30520ef1b725ec02f3d139c77d64d6a78a6,576,3,2,-27001.562844611188
main_seed0,0,d1c1eb972d85b5605cb5db7c2c6bc30520ef1b725ec02f3d139c77d64d6a78a6,577,1,2,-50351.20899600645
main_seed0,0,d1c1eb972d85b5605cb5db7c2c6bc30520ef1b725ec02f3d139c77d64d6a78a6,577,2,2,-31333.572133418795
main_seed0,0,d1c1eb972d85b5605cb5db7c2c6bc30520ef1b725ec02f3d139c77d64d6a78a6,577,3,2,-27407.17908066658
main_seed0,0,d1c1eb972d85b5605cb5db7c2c6bc30520ef1b725ec02f3d139c77d64d6a78a6,578,1,2,-52651.43629971477
main_seed0,0,d1c1eb972d85b5605cb5db7c2c6bc30520ef1b725ec02f3d139c77d64d6a78a6,578,2,2,-31559.0056937098
main_seed0,0,d1c1eb972d85b5605cb5db7c2c6bc30520ef1b725ec02f3d139c77d64d6a78a6,578,3,2,-21960.61522042649
main_seed0,0,d1c1eb972d85b5605cb5db7c2c6bc30520ef1b725ec02f3d139c77d64d6a78a6,579,1,2,-52548.78567196213
main_seed0,0,d1c1eb972d85b5605cb5db7c2c6bc30520ef1b725ec02f3d139c77d64d6a78a6,579,2,2,-28331.05796184171
main_seed0,0,d1c1eb972d85b5605cb5db7c2c6bc30520ef1b725ec02f3d139c77d64d6a78a6,579,3,2,-26534.74250180668
main_seed0,0,d1c1eb972d85b5605cb5db7c2c6bc30520ef1b725ec02f3d139c77d64d6a78a6,580,1,2,-53542.30542089116
main_seed0,0,d1c1eb972d85b5605cb5db7c2c6bc30520ef1b725ec02f3d139c77d64d6a78a6,580,2,2,-32147.42105633785
main_seed0,0,d1c1eb972d85b5605cb5db7c2c6bc30520ef1b725ec02f3d139c77d64d6a78a6,580,3,2,-27179.03717671184
main_seed0,0,d1c1eb972d85b5605cb5db7c2c6bc30520ef1b725ec02f3d139c77d64d6a78a6,581,1,2,-44803.2079662808
main_seed0,0,d1c1eb972d85b5605cb5db7c2c6bc30520ef1b725ec02f3d139c77d64d6a78a6,581,2,2,-32358.789230486032
main_seed0,0,d1c1eb972d85b5605cb5db7c2c6bc30520ef1b725ec02f3d139c77d64d6a78a6,581,3,2,-21919.87894249809
main_seed0,0,d1c1eb972d85b5605cb5db7c2c6bc30520ef1b725ec02f3d139c77d64d6a78a6,582,1,2,-52631.453522591546
main_seed0,0,d1c1eb972d85b5605cb5db7c2c6bc30520ef1b725ec02f3d139c77d64d6a78a6,582,2,2,-37382.75873034449
main_seed0,0,d1c1eb972d85b5605cb5db7c2c6bc30520ef1b725ec02f3d139c77d64d6a78a6,582,3,2,-29358.22979844601
main_seed0,0,d1c1eb972d85b5605cb5db7c2c6bc30520ef1b725ec02f3d139c77d64d6a78a6,583,1,2,-47907.40647336634
main_seed0,0,d1c1eb972d85b5605cb5db7c2c6bc30520ef1b725ec02f3d139c77d64d6a78a6,583,2,2,-30575.91110785089
main_seed0,0,d1c1eb972d85b5605cb5db7c2c6bc30520ef1b725ec02f3d139c77d64d6a78a6,583,3,2,-28771.7209574585
main_seed0,0,d1c1eb972d85b5605cb5db7c2c6bc30520ef1b725ec02f3d139c77d64d6a78a6,584,1,2,-49482.27416396998
main_seed0,0,d1c1eb972d85b5605cb5db7c2c6bc30520ef1b725ec02f3d139c77d64d6a78a6,584,2,2,-30017.190831189386
main_seed0,0,d1c1eb972d85b5605cb5db7c2c6bc30520ef1b725ec02f3d139c77d64d6a78a6,584,3,2,-26521.45892618149
main_seed0,0,d1c1eb972d85b5605cb5db7c2c6bc30520ef1b725ec02f3d139c77d64d6a78a6,585,1,2,-49229.063755447816
main_seed0,0,d1c1eb972d85b5605cb5db7c2c6bc30520ef1b725ec02f3d139c77d64d6a78a6,585,2,2,-38646.000959103294
main_seed0,0,d1c1eb972d85b5605cb5db7c2c6bc30520ef1b725ec02f3d139c77d64d6a78a6,585,3,2,-21576.05602987681
main_seed0,0,d1c1eb972d85b5605cb5db7c2c6bc30520ef1b725ec02f3d139c77d64d6a78a6,586,1,2,-47802.53923276336
main_seed0,0,d1c1eb972d85b5605cb5db7c2c6bc30520ef1b725ec02f3d139c77d64d6a78a6,586,2,2,-33830.850977234964
main_seed0,0,d1c1eb972d85b5605cb5db7c2c6bc30520ef1b725ec02f3d139c77d64d6a78a6,586,3,2,-27014.72999010906
main_seed0,0,d1c1eb972d85b5605cb5db7c2c6bc30520ef1b725ec02f3d139c77d64d6a78a6,587,1,2,-51340.55460896589
main_seed0,0,d1c1eb972d85b5605cb5db7c2c6bc30520ef1b725ec02f3d139c77d64d6a78a6,587,2,2,-35934.105397920015
main_seed0,0,d1c1eb972d85b5605cb5db7c2c6bc30520ef1b725ec02f3d139c77d64d6a78a6,587,3,2,-29248.177885129266
main_seed0,0,d1c1eb972d85b5605cb5db7c2c6bc30520ef1b725ec02f3d139c77d64d6a78a6,588,1,2,-50863.21953621463
main_seed0,0,d1c1eb972d85b5605cb5db7c2c6bc30520ef1b725ec02f3d139c77d64d6a78a6,588,2,2,-34323.81534310966
main_seed0,0,d1c1eb972d85b5605cb5db7c2c6bc30520ef1b725ec02f3d139c77d64d6a78a6,588,3,2,-25658.308800046445
main_seed0,0,d1c1eb972d85b5605cb5db7c2c6bc30520ef1b725ec02f3d139c77d64d6a78a6,589,1,2,-50507.97178183535
main_seed0,0,d1c1eb972d85b5605cb5db7c2c6bc30520ef1b725ec02f3d139c77d64d6a78a6,589,2,2,-33206.971842208375
main_seed0,0,d1c1eb972d85b5605cb5db7c2c6bc30520ef1b725ec02f3d139c77d64d6a78a6,589,3,2,-28586.04032335338
main_seed0,0,d1c1eb972d85b5605cb5db7c2c6bc30520ef1b725ec02f3d139c77d64d6a78a6,590,1,2,-47047.03676203244
main_seed0,0,d1c1eb972d85b5605cb5db7c2c6bc30520ef1b725ec02f3d139c77d64d6a78a6,590,2,2,-33940.00308427689
main_seed0,0,d1c1eb972d85b5605cb5db7c2c6bc30520ef1b725ec02f3d139c77d64d6a78a6,590,3,2,-24552.685835530632
main_seed0,0,d1c1eb972d85b5605cb5db7c2c6bc30520ef1b725ec02f3d139c77d64d6a78a6,591,1,2,-52866.95975331058
main_seed0,0,d1c1eb972d85b5605cb5db7c2c6bc30520ef1b725ec02f3d139c77d64d6a78a6,591,2,2,-29459.01751945645
main_seed0,0,d1c1eb972d85b5605cb5db7c2c6bc30520ef1b725ec02f3d139c77d64d6a78a6,591,3,2,-27077.573832707527
main_seed0,0,d1c1eb972d85b5605cb5db7c2c6bc30520ef1b725ec02f3d139c77d64d6a78a6,592,1,2,-51312.012775336334
main_seed0,0,d1c1eb972d85b5605cb5db7c2c6bc30520ef1b725ec02f3d139c77d64d6a78a6,592,2,2,-33415.22912990893
main_seed0,0,d1c1eb972d85b5605cb5db7c2c6bc30520ef1b725ec02f3d139c77d64d6a78a6,592,3,2,-24759.310812194584
main_seed0,0,d1c1eb972d85b5605cb5db7c2c6bc30520ef1b725ec02f3d139c77d64d6a78a6,593,1,2,-49571.88910896455
main_seed0,0,d1c1eb972d85b5605cb5db7c2c6bc30520ef1b725ec02f3d139c77d64d6a78a6,593,2,2,-29549.873120380453
main_seed0,0,d1c1eb972d85b5605cb5db7c2c6bc30520ef1b725ec02f3d139c77d64d6a78a6,593,3,2,-24856.296522358025
main_seed0,0,d1c1eb972d85b5605cb5db7c2c6bc30520ef1b725ec02f3d139c77d64d6a78a6,594,1,2,-52038.81602242489
main_seed0,0,d1c1eb972d85b5605cb5db7c2c6bc30520ef1b725ec02f3d139c77d64d6a78a6,594,2,2,-32993.45535172777
main_seed0,0,d1c1eb972d85b5605cb5db7c2c6bc30520ef1b725ec02f3d139c77d64d6a78a6,594,3,2,-27093.887312084174
main_seed0,0,d1c1eb972d85b5605cb5db7c2c6bc30520ef1b725ec02f3d139c77d64d6a78a6,595,1,2,-50321.712567121234
main_seed0,0,d1c1eb972d85b5605cb5db7c2c6bc30520ef1b725ec02f3d139c77d64d6a78a6,595,2,2,-32019.189611237765
main_seed0,0,d1c1eb972d85b5605cb5db7c2c6bc30520ef1b725ec02f3d139c77d64d6a78a6,595,3,2,-23861.15664116516
main_seed0,0,d1c1eb972d85b5605cb5db7c2c6bc30520ef1b725ec02f3d139c77d64d6a78a6,596,1,2,-49892.66772455836
main_seed0,0,d1c1eb972d85b5605cb5db7c2c6bc30520ef1b725ec02f3d139c77d64d6a78a6,596,2,2,-28212.682002650898
main_seed0,0,d1c1eb972d85b5605cb5db7c2c6bc30520ef1b725ec02f3d139c77d64d6a78a6,596,3,2,-26826.70003572352
main_seed0,0,d1c1eb972d85b5605cb5db7c2c6bc30520ef1b725ec02f3d139c77d64d6a78a6,597,1,2,-49565.84517065599
main_seed0,0,d1c1eb972d85b5605cb5db7c2c6bc30520ef1b725ec02f3d139c77d64d6a78a6,597,2,2,-38013.704978553
main_seed0,0,d1c1eb972d85b5605cb5db7c2c6bc30520ef1b725ec02f3d139c77d64d6a78a6,597,3,2,-27461.611637107715
main_seed0,0,d1c1eb972d85b5605cb5db7c2c6bc30520ef1b725ec02f3d139c77d64d6a78a6,598,1,2,-48530.59703579569
main_seed0,0,d1c1eb972d85b5605cb5db7c2c6bc30520ef1b725ec02f3d139c77d64d6a78a6,598,2,2,-33368.36708053047
main_seed0,0,d1c1eb972d85b5605cb5db7c2c6bc30520ef1b725ec02f3d139c77d64d6a78a6,598,3,2,-21738.49949289774
main_seed0,0,d1c1eb972d85b5605cb5db7c2c6bc30520ef1b725ec02f3d139c77d64d6a78a6,599,1,2,-45953.69158806339
main_seed0,0,d1c1eb972d85b5605cb5db7c2c6bc30520ef1b725ec02f3d139c77d64d6a78a6,599,2,2,-32353.85158816789
main_seed0,0,d1c1eb972d85b5605cb5db7c2c6bc30520ef1b725ec02f3d139c77d64d6a78a6,599,3,2,-24199.37639226632
main_seed0,0,d1c1eb972d85b5605cb5db7c2c6bc30520ef1b725ec02f3d139c77d64d6a78a6,600,1,2,-51847.96573301942
main_seed0,0,d1c1eb972d85b5605cb5db7c2c6bc30520ef1b725ec02f3d139c77d64d6a78a6,600,2,2,-34741.526357890245
main_seed0,0,d1c1eb972d85b5605cb5db7c2c6bc30520ef1b725ec02f3d139c77d64d6a78a6,600,3,2,-26426.42148381212
main_seed0,0,d1c1eb972d85b5605cb5db7c2c6bc30520ef1b725ec02f3d139c77d64d6a78a6,601,1,2,-51291.70338344501
main_seed0,0,d1c1eb972d85b5605cb5db7c2c6bc30520ef1b725ec02f3d139c77d64d6a78a6,601,2,2,-35296.27634656387
main_seed0,0,d1c1eb972d85b5605cb5db7c2c6bc30520ef1b725ec02f3d139c77d64d6a78a6,601,3,2,-27827.733203082957
main_seed0,0,d1c1eb972d85b5605cb5db7c2c6bc30520ef1b725ec02f3d139c77d64d6a78a6,602,1,2,-51719.33852481803
main_seed0,0,d1c1eb972d85b5605cb5db7c2c6bc30520ef1b725ec02f3d139c77d64d6a78a6,602,2,2,-30446.208569760776
main_seed0,0,d1c1eb972d85b5605cb5db7c2c6bc30520ef1b725ec02f3d139c77d64d6a78a6,602,3,2,-27227.05019276394
main_seed0,0,d1c1eb972d85b5605cb5db7c2c6bc30520ef1b725ec02f3d139c77d64d6a78a6,603,1,2,-50293.99927133598
main_seed0,0,d1c1eb972d85b5605cb5db7c2c6bc30520ef1b725ec02f3d139c77d64d6a78a6,603,2,2,-38941.65407961099
main_seed0,0,d1c1eb972d85b5605cb5db7c2c6bc30520ef1b725ec02f3d139c77d64d6a78a6,603,3,2,-26200.38245164568
main_seed0,0,d1c1eb972d85b5605cb5db7c2c6bc30520ef1b725ec02f3d139c77d64d6a78a6,604,1,2,-53495.75757043708
main_seed0,0,d1c1eb972d85b5605cb5db7c2c6bc30520ef1b725ec02f3d139c77d64d6a78a6,604,2,2,-33534.330572094754
main_seed0,0,d1c1eb972d85b5605cb5db7c2c6bc30520ef1b725ec02f3d139c77d64d6a78a6,604,3,2,-26475.746201442213
main_seed0,0,d1c1eb972d85b5605cb5db7c2c6bc30520ef1b725ec02f3d139c77d64d6a78a6,605,1,2,-52748.24964231452
main_seed0,0,d1c1eb972d85b5605cb5db7c2c6bc30520ef1b725ec02f3d139c77d64d6a78a6,605,2,2,-27246.291994515243
main_seed0,0,d1c1eb972d85b5605cb5db7c2c6bc30520ef1b725ec02f3d139c77d64d6a78a6,605,3,2,-24224.29934173249
main_seed0,0,d1c1eb972d85b5605cb5db7c2c6bc30520ef1b725ec02f3d139c77d64d6a78a6,606,1,2,-48459.390394055226
main_seed0,0,d1c1eb972d85b5605cb5db7c2c6bc30520ef1b725ec02f3d139c77d64d6a78a6,606,2,2,-31439.564092197437
main_seed0,0,d1c1eb972d85b5605cb5db7c2c6bc30520ef1b725ec02f3d139c77d64d6a78a6,606,3,2,-25458.188834960965
main_seed0,0,d1c1eb972d85b5605cb5db7c2c6bc30520ef1b725ec02f3d139c77d64d6a78a6,607,1,2,-52252.73523265918
main_seed0,0,d1c1eb972d85b5605cb5db7c2c6bc30520ef1b725ec02f3d139c77d64d6a78a6,607,2,2,-33363.66845557474
main_seed0,0,d1c1eb972d85b5605cb5db7c2c6bc30520ef1b725ec02f3d139c77d64d6a78a6,607,3,2,-22281.443278652907
main_seed0,0,d1c1eb972d85b5605cb5db7c2c6bc30520ef1b725ec02f3d139c77d64d6a78a6,608,1,2,-48667.59352146418
main_seed0,0,d1c1eb972d85b5605cb5db7c2c6bc30520ef1b725ec02f3d139c77d64d6a78a6,608,2,2,-30902.8137116724
main_seed0,0,d1c1eb972d85b5605cb5db7c2c6bc30520ef1b725ec02f3d139c77d64d6a78a6,608,3,2,-24684.017245255334
main_seed0,0,d1c1eb972d85b5605cb5db7c2c6bc30520ef1b725ec02f3d139c77d64d6a78a6,609,1,2,-46003.19880721335
main_seed0,0,d1c1eb972d85b5605cb5db7c2c6bc30520ef1b725ec02f3d139c77d64d6a78a6,609,2,2,-35395.92561493339
main_seed0,0,d1c1eb972d85b5605cb5db7c2c6bc30520ef1b725ec02f3d139c77d64d6a78a6,609,3,2,-26090.345130883383
main_seed0,0,d1c1eb972d85b5605cb5db7c2c6bc30520ef1b725ec02f3d139c77d64d6a78a6,610,1,2,-48777.27297812705
main_seed0,0,d1c1eb972d85b5605cb5db7c2c6bc30520ef1b725ec02f3d139c77d64d6a78a6,610,2,2,-27876.88073477925
main_seed0,0,d1c1eb972d85b5605cb5db7c2c6bc30520ef1b725ec02f3d139c77d64d6a78a6,610,3,2,-23648.639099553453
main_seed0,0,d1c1eb972d85b5605cb5db7c2c6bc30520ef1b725ec02f3d139c77d64d6a78a6,611,1,2,-46733.7071350945
main_seed0,0,d1c1eb972d85b5605cb5db7c2c6bc30520ef1b725ec02f3d139c77d64d6a78a6,611,2,2,-37197.78962048399
main_seed0,0,d1c1eb972d85b5605cb5db7c2c6bc30520ef1b725ec02f3d139c77d64d6a78a6,611,3,2,-23330.590539036908
main_seed0,0,d1c1eb972d85b5605cb5db7c2c6bc30520ef1b725ec02f3d139c77d64d6a78a6,612,1,2,-54844.3097142135
main_seed0,0,d1c1eb972d85b5605cb5db7c2c6bc30520ef1b725ec02f3d139c77d64d6a78a6,612,2,2,-31884.1620916892
main_seed0,0,d1c1eb972d85b5605cb5db7c2c6bc30520ef1b725ec02f3d139c77d64d6a78a6,612,3,2,-24688.815014778676
main_seed0,0,d1c1eb972d85b5605cb5db7c2c6bc30520ef1b725ec02f3d139c77d64d6a78a6,613,1,2,-53686.33666359281
main_seed0,0,d1c1eb972d85b5605cb5db7c2c6bc30520ef1b725ec02f3d139c77d64d6a78a6,613,2,2,-30068.96440825255
main_seed0,0,d1c1eb972d85b5605cb5db7c2c6bc30520ef1b725ec02f3d139c77d64d6a78a6,613,3,2,-23960.43794432936
main_seed0,0,d1c1eb972d85b5605cb5db7c2c6bc30520ef1b725ec02f3d139c77d64d6a78a6,614,1,2,-49520.38678478957
main_seed0,0,d1c1eb972d85b5605cb5db7c2c6bc30520ef1b725ec02f3d139c77d64d6a78a6,614,2,2,-32169.19514759025
main_seed0,0,d1c1eb972d85b5605cb5db7c2c6bc30520ef1b725ec02f3d139c77d64d6a78a6,614,3,2,-21760.320986591843
main_seed0,0,d1c1eb972d85b5605cb5db7c2c6bc30520ef1b725ec02f3d139c77d64d6a78a6,615,1,2,-48522.53952189365
main_seed0,0,d1c1eb972d85b5605cb5db7c2c6bc30520ef1b725ec02f3d139c77d64d6a78a6,615,2,2,-32873.70681123469
main_seed0,0,d1c1eb972d85b5605cb5db7c2c6bc30520ef1b725ec02f3d139c77d64d6a78a6,615,3,2,-28380.224230344214
main_seed0,0,d1c1eb972d85b5605cb5db7c2c6bc30520ef1b725ec02f3d139c77d64d6a78a6,616,1,2,-52112.71831718668
main_seed0,0,d1c1eb972d85b5605cb5db7c2c6bc30520ef1b725ec02f3d139c77d64d6a78a6,616,2,2,-31803.32009081427
main_seed0,0,d1c1eb972d85b5605cb5db7c2c6bc30520ef1b725ec02f3d139c77d64d6a78a6,616,3,2,-26318.4918584126
main_seed0,0,d1c1eb972d85b5605cb5db7c2c6bc30520ef1b725ec02f3d139c77d64d6a78a6,617,1,2,-51381.75600562176
main_seed0,0,d1c1eb972d85b5605cb5db7c2c6bc30520ef1b725ec02f3d139c77d64d6a78a6,617,2,2,-32230.4460672477
main_seed0,0,d1c1eb972d85b5605cb5db7c2c6bc30520ef1b725ec02f3d139c77d64d6a78a6,617,3,2,-25501.39642193811
main_seed0,0,d1c1eb972d85b5605cb5db7c2c6bc30520ef1b725ec02f3d139c77d64d6a78a6,618,1,2,-50778.606354904965
main_seed0,0,d1c1eb972d85b5605cb5db7c2c6bc30520ef1b725ec02f3d139c77d64d6a78a6,618,2,2,-34408.7241045998
main_seed0,0,d1c1eb972d85b5605cb5db7c2c6bc30520ef1b725ec02f3d139c77d64d6a78a6,618,3,2,-25873.412082771312
main_seed0,0,d1c1eb972d85b5605cb5db7c2c6bc30520ef1b725ec02f3d139c77d64d6a78a6,619,1,2,-47635.826248064346
main_seed0,0,d1c1eb972d85b5605cb5db7c2c6bc30520ef1b725ec02f3d139c77d64d6a78a6,619,2,2,-30320.77859810884
main_seed0,0,d1c1eb972d85b5605cb5db7c2c6bc30520ef1b725ec02f3d139c77d64d6a78a6,619,3,2,-22442.85174532486
main_seed0,0,d1c1eb972d85b5605cb5db7c2c6bc30520ef1b725ec02f3d139c77d64d6a78a6,620,1,2,-51500.6897729752
main_seed0,0,d1c1eb972d85b5605cb5db7c2c6bc30520ef1b725ec02f3d139c77d64d6a78a6,620,2,2,-30620.36892551997
main_seed0,0,d1c1eb972d85b5605cb5db7c2c6bc30520ef1b725ec02f3d139c77d64d6a78a6,620,3,2,-26413.363950820232
main_seed0,0,d1c1eb972d85b5605cb5db7c2c6bc30520ef1b725ec02f3d139c77d64d6a78a6,621,1,2,-51678.00741704072
main_seed0,0,d1c1eb972d85b5605cb5db7c2c6bc30520ef1b725ec02f3d139c77d64d6a78a6,621,2,2,-35443.86455265148
main_seed0,0,d1c1eb972d85b5605cb5db7c2c6bc30520ef1b725ec02f3d139c77d64d6a78a6,621,3,2,-25455.90633032464
main_seed0,0,d1c1eb972d85b5605cb5db7c2c6bc30520ef1b725ec02f3d139c77d64d6a78a6,622,1,2,-47311.366456853386
main_seed0,0,d1c1eb972d85b5605cb5db7c2c6bc30520ef1b725ec02f3d139c77d64d6a78a6,622,2,2,-31771.794981707117
main_seed0,0,d1c1eb972d85b5605cb5db7c2c6bc30520ef1b725ec02f3d139c77d64d6a78a6,622,3,2,-27931.0578703083
main_seed0,0,d1c1eb972d85b5605cb5db7c2c6bc30520ef1b725ec02f3d139c77d64d6a78a6,623,1,2,-49231.93666975386
main_seed0,0,d1c1eb972d85b5605cb5db7c2c6bc30520ef1b725ec02f3d139c77d64d6a78a6,623,2,2,-27503.291495308906
main_seed0,0,d1c1eb972d85b5605cb5db7c2c6bc30520ef1b725ec02f3d139c77d64d6a78a6,623,3,2,-24344.92035111722
main_seed0,0,d1c1eb972d85b5605cb5db7c2c6bc30520ef1b725ec02f3d139c77d64d6a78a6,624,1,2,-48431.025732598064
main_seed0,0,d1c1eb972d85b5605cb5db7c2c6bc30520ef1b725ec02f3d139c77d64d6a78a6,624,2,2,-24986.24164414403
main_seed0,0,d1c1eb972d85b5605cb5db7c2c6bc30520ef1b725ec02f3d139c77d64d6a78a6,624,3,2,-24111.60512355704
main_seed0,0,d1c1eb972d85b5605cb5db7c2c6bc30520ef1b725ec02f3d139c77d64d6a78a6,625,1,2,-48910.60929784828
main_seed0,0,d1c1eb972d85b5605cb5db7c2c6bc30520ef1b725ec02f3d139c77d64d6a78a6,625,2,2,-29620.95008732096
main_seed0,0,d1c1eb972d85b5605cb5db7c2c6bc30520ef1b725ec02f3d139c77d64d6a78a6,625,3,2,-25864.14964416536
main_seed0,0,d1c1eb972d85b5605cb5db7c2c6bc30520ef1b725ec02f3d139c77d64d6a78a6,626,1,2,-48380.63424557804
main_seed0,0,d1c1eb972d85b5605cb5db7c2c6bc30520ef1b725ec02f3d139c77d64d6a78a6,626,2,2,-28537.845203858586
main_seed0,0,d1c1eb972d85b5605cb5db7c2c6bc30520ef1b725ec02f3d139c77d64d6a78a6,626,3,2,-23198.074904315938
main_seed0,0,d1c1eb972d85b5605cb5db7c2c6bc30520ef1b725ec02f3d139c77d64d6a78a6,627,1,2,-47226.77309852671
main_seed0,0,d1c1eb972d85b5605cb5db7c2c6bc30520ef1b725ec02f3d139c77d64d6a78a6,627,2,2,-32651.567860426407
main_seed0,0,d1c1eb972d85b5605cb5db7c2c6bc30520ef1b725ec02f3d139c77d64d6a78a6,627,3,2,-21075.25928573624
main_seed0,0,d1c1eb972d85b5605cb5db7c2c6bc30520ef1b725ec02f3d139c77d64d6a78a6,628,1,2,-48039.03477418165
main_seed0,0,d1c1eb972d85b5605cb5db7c2c6bc30520ef1b725ec02f3d139c77d64d6a78a6,628,2,2,-24756.58543462425
main_seed0,0,d1c1eb972d85b5605cb5db7c2c6bc30520ef1b725ec02f3d139c77d64d6a78a6,628,3,2,-23218.37912048123
main_seed0,0,d1c1eb972d85b5605cb5db7c2c6bc30520ef1b725ec02f3d139c77d64d6a78a6,629,1,2,-46988.21863449102
main_seed0,0,d1c1eb972d85b5605cb5db7c2c6bc30520ef1b725ec02f3d139c77d64d6a78a6,629,2,2,-24266.295567502428
main_seed0,0,d1c1eb972d85b5605cb5db7c2c6bc30520ef1b725ec02f3d139c77d64d6a78a6,629,3,2,-22852.778525626927
main_seed0,0,d1c1eb972d85b5605cb5db7c2c6bc30520ef1b725ec02f3d139c77d64d6a78a6,630,1,2,-51174.55593822237
main_seed0,0,d1c1eb972d85b5605cb5db7c2c6bc30520ef1b725ec02f3d139c77d64d6a78a6,630,2,2,-32133.933379979368
main_seed0,0,d1c1eb972d85b5605cb5db7c2c6bc30520ef1b725ec02f3d139c77d64d6a78a6,630,3,2,-25514.82927573401
main_seed0,0,d1c1eb972d85b5605cb5db7c2c6bc30520ef1b725ec02f3d139c77d64d6a78a6,631,1,2,-50614.57810434729
main_seed0,0,d1c1eb972d85b5605cb5db7c2c6bc30520ef1b725ec02f3d139c77d64d6a78a6,631,2,2,-34587.07561942552
main_seed0,0,d1c1eb972d85b5605cb5db7c2c6bc30520ef1b725ec02f3d139c77d64d6a78a6,631,3,2,-25826.871618121808
main_seed0,0,d1c1eb972d85b5605cb5db7c2c6bc30520ef1b725ec02f3d139c77d64d6a78a6,632,1,2,-52488.95152771092
main_seed0,0,d1c1eb972d85b5605cb5db7c2c6bc30520ef1b725ec02f3d139c77d64d6a78a6,632,2,2,-34462.71496048559
main_seed0,0,d1c1eb972d85b5605cb5db7c2c6bc30520ef1b725ec02f3d139c77d64d6a78a6,632,3,2,-22002.52241100486
main_seed0,0,d1c1eb972d85b5605cb5db7c2c6bc30520ef1b725ec02f3d139c77d64d6a78a6,633,1,2,-52358.445215730295
main_seed0,0,d1c1eb972d85b5605cb5db7c2c6bc30520ef1b725ec02f3d139c77d64d6a78a6,633,2,2,-33498.4037766026
main_seed0,0,d1c1eb972d85b5605cb5db7c2c6bc30520ef1b725ec02f3d139c77d64d6a78a6,633,3,2,-23832.31683155992
main_seed0,0,d1c1eb972d85b5605cb5db7c2c6bc30520ef1b725ec02f3d139c77d64d6a78a6,634,1,2,-51021.53657354548
main_seed0,0,d1c1eb972d85b5605cb5db7c2c6bc30520ef1b725ec02f3d139c77d64d6a78a6,634,2,2,-31510.47600048516
main_seed0,0,d1c1eb972d85b5605cb5db7c2c6bc30520ef1b725ec02f3d139c77d64d6a78a6,634,3,2,-23610.252702806487
main_seed0,0,d1c1eb972d85b5605cb5db7c2c6bc30520ef1b725ec02f3d139c77d64d6a78a6,635,1,2,-53609.90366028807
main_seed0,0,d1c1eb972d85b5605cb5db7c2c6bc30520ef1b725ec02f3d139c77d64d6a78a6,635,2,2,-30012.74756030557
main_seed0,0,d1c1eb972d85b5605cb5db7c2c6bc30520ef1b725ec02f3d139c77d64d6a78a6,635,3,2,-21609.94309681861
main_seed0,0,d1c1eb972d85b5605cb5db7c2c6bc30520ef1b725ec02f3d139c77d64d6a78a6,636,1,2,-52403.48129804697
main_seed0,0,d1c1eb972d85b5605cb5db7c2c6bc30520ef1b725ec02f3d139c77d64d6a78a6,636,2,2,-32615.595028778764
main_seed0,0,d1c1eb972d85b5605cb5db7c2c6bc30520ef1b725ec02f3d139c77d64d6a78a6,636,3,2,-27226.91865567776
main_seed0,0,d1c1eb972d85b5605cb5db7c2c6bc30520ef1b725ec02f3d139c77d64d6a78a6,637,1,2,-47611.11872587504
main_seed0,0,d1c1eb972d85b5605cb5db7c2c6bc30520ef1b725ec02f3d139c77d64d6a78a6,637,2,2,-27845.061510242856
main_seed0,0,d1c1eb972d85b5605cb5db7c2c6bc30520ef1b725ec02f3d139c77d64d6a78a6,637,3,2,-24305.514145792265
main_seed0,0,d1c1eb972d85b5605cb5db7c2c6bc30520ef1b725ec02f3d139c77d64d6a78a6,638,1,2,-47106.46114686987
main_seed0,0,d1c1eb972d85b5605cb5db7c2c6bc30520ef1b725ec02f3d139c77d64d6a78a6,638,2,2,-33247.62071480329
main_seed0,0,d1c1eb972d85b5605cb5db7c2c6bc30520ef1b725ec02f3d139c77d64d6a78a6,638,3,2,-22353.44690744972
main_seed0,0,d1c1eb972d85b5605cb5db7c2c6bc30520ef1b725ec02f3d139c77d64d6a78a6,639,1,2,-52197.97184947785
main_seed0,0,d1c1eb972d85b5605cb5db7c2c6bc30520ef1b725ec02f3d139c77d64d6a78a6,639,2,2,-30530.65264559873
main_seed0,0,d1c1eb972d85b5605cb5db7c2c6bc30520ef1b725ec02f3d139c77d64d6a78a6,639,3,2,-25792.820440846957
main_seed0,0,d1c1eb972d85b5605cb5db7c2c6bc30520ef1b725ec02f3d139c77d64d6a78a6,640,1,2,-48195.6781089488
main_seed0,0,d1c1eb972d85b5605cb5db7c2c6bc30520ef1b725ec02f3d139c77d64d6a78a6,640,2,2,-32896.313863091826
main_seed0,0,d1c1eb972d85b5605cb5db7c2c6bc30520ef1b725ec02f3d139c77d64d6a78a6,640,3,2,-26729.380865498024
main_seed0,0,d1c1eb972d85b5605cb5db7c2c6bc30520ef1b725ec02f3d139c77d64d6a78a6,641,1,2,-52637.054522832936
main_seed0,0,d1c1eb972d85b5605cb5db7c2c6bc30520ef1b725ec02f3d139c77d64d6a78a6,641,2,2,-33777.61408539863
main_seed0,0,d1c1eb972d85b5605cb5db7c2c6bc30520ef1b725ec02f3d139c77d64d6a78a6,641,3,2,-23644.853838382554
main_seed0,0,d1c1eb972d85b5605cb5db7c2c6bc30520ef1b725ec02f3d139c77d64d6a78a6,642,1,2,-51461.89762519687
main_seed0,0,d1c1eb972d85b5605cb5db7c2c6bc30520ef1b725ec02f3d139c77d64d6a78a6,642,2,2,-29037.78255839544
main_seed0,0,d1c1eb972d85b5605cb5db7c2c6bc30520ef1b725ec02f3d139c77d64d6a78a6,642,3,2,-23560.971033314352
main_seed0,0,d1c1eb972d85b5605cb5db7c2c6bc30520ef1b725ec02f3d139c77d64d6a78a6,643,1,2,-50950.61493004412
main_seed0,0,d1c1eb972d85b5605cb5db7c2c6bc30520ef1b725ec02f3d139c77d64d6a78a6,643,2,2,-30028.195938493096
main_seed0,0,d1c1eb972d85b5605cb5db7c2c6bc30520ef1b725ec02f3d139c77d64d6a78a6,643,3,2,-27616.05340321693
main_seed0,0,d1c1eb972d85b5605cb5db7c2c6bc30520ef1b725ec02f3d139c77d64d6a78a6,644,1,2,-49539.39091698616
main_seed0,0,d1c1eb972d85b5605cb5db7c2c6bc30520ef1b725ec02f3d139c77d64d6a78a6,644,2,2,-28591.96884287558
main_seed0,0,d1c1eb972d85b5605cb5db7c2c6bc30520ef1b725ec02f3d139c77d64d6a78a6,644,3,2,-23962.80700615855
main_seed0,0,d1c1eb972d85b5605cb5db7c2c6bc30520ef1b725ec02f3d139c77d64d6a78a6,645,1,2,-52828.06974729745
main_seed0,0,d1c1eb972d85b5605cb5db7c2c6bc30520ef1b725ec02f3d139c77d64d6a78a6,645,2,2,-27927.512305593056
main_seed0,0,d1c1eb972d85b5605cb5db7c2c6bc30520ef1b725ec02f3d139c77d64d6a78a6,645,3,2,-29453.84484612781
main_seed0,0,d1c1eb972d85b5605cb5db7c2c6bc30520ef1b725ec02f3d139c77d64d6a78a6,646,1,2,-50552.30992822869
main_seed0,0,d1c1eb972d85b5605cb5db7c2c6bc30520ef1b725ec02f3d139c77d64d6a78a6,646,2,2,-31631.87933714071
main_seed0,0,d1c1eb972d85b5605cb5db7c2c6bc30520ef1b725ec02f3d139c77d64d6a78a6,646,3,2,-21693.39040815315
main_seed0,0,d1c1eb972d85b5605cb5db7c2c6bc30520ef1b725ec02f3d139c77d64d6a78a6,647,1,2,-46036.58820327344
main_seed0,0,d1c1eb972d85b5605cb5db7c2c6bc30520ef1b725ec02f3d139c77d64d6a78a6,647,2,2,-27107.04939433933
main_seed0,0,d1c1eb972d85b5605cb5db7c2c6bc30520ef1b725ec02f3d139c77d64d6a78a6,647,3,2,-25890.08634490117
main_seed0,0,d1c1eb972d85b5605cb5db7c2c6bc30520ef1b725ec02f3d139c77d64d6a78a6,648,1,2,-51233.754359041006
main_seed0,0,d1c1eb972d85b5605cb5db7c2c6bc30520ef1b725ec02f3d139c77d64d6a78a6,648,2,2,-33167.02086786829
main_seed0,0,d1c1eb972d85b5605cb5db7c2c6bc30520ef1b725ec02f3d139c77d64d6a78a6,648,3,2,-23479.719741053617
main_seed0,0,d1c1eb972d85b5605cb5db7c2c6bc30520ef1b725ec02f3d139c77d64d6a78a6,649,1,2,-53361.87191358461
main_seed0,0,d1c1eb972d85b5605cb5db7c2c6bc30520ef1b725ec02f3d139c77d64d6a78a6,649,2,2,-32273.14300796648
main_seed0,0,d1c1eb972d85b5605cb5db7c2c6bc30520ef1b725ec02f3d139c77d64d6a78a6,649,3,2,-21987.29005771833
main_seed0,0,d1c1eb972d85b5605cb5db7c2c6bc30520ef1b725ec02f3d139c77d64d6a78a6,650,1,2,-52535.16484647454
main_seed0,0,d1c1eb972d85b5605cb5db7c2c6bc30520ef1b725ec02f3d139c77d64d6a78a6,650,2,2,-26613.024130534992
main_seed0,0,d1c1eb972d85b5605cb5db7c2c6bc30520ef1b725ec02f3d139c77d64d6a78a6,650,3,2,-24402.28441555472
main_seed0,0,d1c1eb972d85b5605cb5db7c2c6bc30520ef1b725ec02f3d139c77d64d6a78a6,651,1,2,-48934.22263746151
main_seed0,0,d1c1eb972d85b5605cb5db7c2c6bc30520ef1b725ec02f3d139c77d64d6a78a6,651,2,2,-27557.16987399412
main_seed0,0,d1c1eb972d85b5605cb5db7c2c6bc30520ef1b725ec02f3d139c77d64d6a78a6,651,3,2,-24177.790996730822
main_seed0,0,d1c1eb972d85b5605cb5db7c2c6bc30520ef1b725ec02f3d139c77d64d6a78a6,652,1,2,-50114.7999072267
main_seed0,0,d1c1eb972d85b5605cb5db7c2c6bc30520ef1b725ec02f3d139c77d64d6a78a6,652,2,2,-27226.427050237784
main_seed0,0,d1c1eb972d85b5605cb5db7c2c6bc30520ef1b725ec02f3d139c77d64d6a78a6,652,3,2,-19578.78154160554
main_seed0,0,d1c1eb972d85b5605cb5db7c2c6bc30520ef1b725ec02f3d139c77d64d6a78a6,653,1,2,-53507.61472661652
main_seed0,0,d1c1eb972d85b5605cb5db7c2c6bc30520ef1b725ec02f3d139c77d64d6a78a6,653,2,2,-31329.072495088654
main_seed0,0,d1c1eb972d85b5605cb5db7c2c6bc30520ef1b725ec02f3d139c77d64d6a78a6,653,3,2,-25788.95208097854
main_seed0,0,d1c1eb972d85b5605cb5db7c2c6bc30520ef1b725ec02f3d139c77d64d6a78a6,654,1,2,-50425.821637158006
main_seed0,0,d1c1eb972d85b5605cb5db7c2c6bc30520ef1b725ec02f3d139c77d64d6a78a6,654,2,2,-31674.30038491833
main_seed0,0,d1c1eb972d85b5605cb5db7c2c6bc30520ef1b725ec02f3d139c77d64d6a78a6,654,3,2,-26388.81864056408
main_seed0,0,d1c1eb972d85b5605cb5db7c2c6bc30520ef1b725ec02f3d139c77d64d6a78a6,655,1,2,-48848.72582482302
main_seed0,0,d1c1eb972d85b5605cb5db7c2c6bc30520ef1b725ec02f3d139c77d64d6a78a6,655,2,2,-26788.534100182424
main_seed0,0,d1c1eb972d85b5605cb5db7c2c6bc30520ef1b725ec02f3d139c77d64d6a78a6,655,3,2,-20734.36599884122
main_seed0,0,d1c1eb972d85b5605cb5db7c2c6bc30520ef1b725ec02f3d139c77d64d6a78a6,656,1,2,-53441.65768221578
main_seed0,0,d1c1eb972d85b5605cb5db7c2c6bc30520ef1b725ec02f3d139c77d64d6a78a6,656,2,2,-25537.1794212452
main_seed0,0,d1c1eb972d85b5605cb5db7c2c6bc30520ef1b725ec02f3d139c77d64d6a78a6,656,3,2,-26864.873498118766
main_seed0,0,d1c1eb972d85b5605cb5db7c2c6bc30520ef1b725ec02f3d139c77d64d6a78a6,657,1,2,-52620.84177996642
main_seed0,0,d1c1eb972d85b5605cb5db7c2c6bc30520ef1b725ec02f3d139c77d64d6a78a6,657,2,2,-29148.48726536361
main_seed0,0,d1c1eb972d85b5605cb5db7c2c6bc30520ef1b725ec02f3d139c77d64d6a78a6,657,3,2,-20912.49016811089
main_seed0,0,d1c1eb972d85b5605cb5db7c2c6bc30520ef1b725ec02f3d139c77d64d6a78a6,658,1,2,-52372.70309196316
main_seed0,0,d1c1eb972d85b5605cb5db7c2c6bc30520ef1b725ec02f3d139c77d64d6a78a6,658,2,2,-32075.067513921636
main_seed0,0,d1c1eb972d85b5605cb5db7c2c6bc30520ef1b725ec02f3d139c77d64d6a78a6,658,3,2,-23722.124808671346
main_seed0,0,d1c1eb972d85b5605cb5db7c2c6bc30520ef1b725ec02f3d139c77d64d6a78a6,659,1,2,-50113.01360273296
main_seed0,0,d1c1eb972d85b5605cb5db7c2c6bc30520ef1b725ec02f3d139c77d64d6a78a6,659,2,2,-29319.11614833324
main_seed0,0,d1c1eb972d85b5605cb5db7c2c6bc30520ef1b725ec02f3d139c77d64d6a78a6,659,3,2,-25470.1481142487
main_seed0,0,d1c1eb972d85b5605cb5db7c2c6bc30520ef1b725ec02f3d139c77d64d6a78a6,660,1,2,-50200.59564895376
main_seed0,0,d1c1eb972d85b5605cb5db7c2c6bc30520ef1b725ec02f3d139c77d64d6a78a6,660,2,2,-32202.537452363697
main_seed0,0,d1c1eb972d85b5605cb5db7c2c6bc30520ef1b725ec02f3d139c77d64d6a78a6,660,3,2,-22684.917349282645
main_seed0,0,d1c1eb972d85b5605cb5db7c2c6bc30520ef1b725ec02f3d139c77d64d6a78a6,661,1,2,-49697.79435929036
main_seed0,0,d1c1eb972d85b5605cb5db7c2c6bc30520ef1b725ec02f3d139c77d64d6a78a6,661,2,2,-29443.872151108128
main_seed0,0,d1c1eb972d85b5605cb5db7c2c6bc30520ef1b725ec02f3d139c77d64d6a78a6,661,3,2,-22216.502545411586
main_seed0,0,d1c1eb972d85b5605cb5db7c2c6bc30520ef1b725ec02f3d139c77d64d6a78a6,662,1,2,-49137.8921460641
main_seed0,0,d1c1eb972d85b5605cb5db7c2c6bc30520ef1b725ec02f3d139c77d64d6a78a6,662,2,2,-36426.03980577724
main_seed0,0,d1c1eb972d85b5605cb5db7c2c6bc30520ef1b725ec02f3d139c77d64d6a78a6,662,3,2,-29548.96685570889
main_seed0,0,d1c1eb972d85b5605cb5db7c2c6bc30520ef1b725ec02f3d139c77d64d6a78a6,663,1,2,-51144.37896198535
main_seed0,0,d1c1eb972d85b5605cb5db7c2c6bc30520ef1b725ec02f3d139c77d64d6a78a6,663,2,2,-23692.642984267823
main_seed0,0,d1c1eb972d85b5605cb5db7c2c6bc30520ef1b725ec02f3d139c77d64d6a78a6,663,3,2,-25560.94519442167
main_seed0,0,d1c1eb972d85b5605cb5db7c2c6bc30520ef1b725ec02f3d139c77d64d6a78a6,664,1,2,-48747.5356690655
main_seed0,0,d1c1eb972d85b5605cb5db7c2c6bc30520ef1b725ec02f3d139c77d64d6a78a6,664,2,2,-29596.783111197885
main_seed0,0,d1c1eb972d85b5605cb5db7c2c6bc30520ef1b725ec02f3d139c77d64d6a78a6,664,3,2,-27910.895059040457
main_seed0,0,d1c1eb972d85b5605cb5db7c2c6bc30520ef1b725ec02f3d139c77d64d6a78a6,665,1,2,-51115.87950549517
main_seed0,0,d1c1eb972d85b5605cb5db7c2c6bc30520ef1b725ec02f3d139c77d64d6a78a6,665,2,2,-28022.812152044076
main_seed0,0,d1c1eb972d85b5605cb5db7c2c6bc30520ef1b725ec02f3d139c77d64d6a78a6,665,3,2,-25671.51581632838
main_seed0,0,d1c1eb972d85b5605cb5db7c2c6bc30520ef1b725ec02f3d139c77d64d6a78a6,666,1,2,-47226.56285279144
main_seed0,0,d1c1eb972d85b5605cb5db7c2c6bc30520ef1b725ec02f3d139c77d64d6a78a6,666,2,2,-29990.18972733545
main_seed0,0,d1c1eb972d85b5605cb5db7c2c6bc30520ef1b725ec02f3d139c77d64d6a78a6,666,3,2,-25431.967296284525
main_seed0,0,d1c1eb972d85b5605cb5db7c2c6bc30520ef1b725ec02f3d139c77d64d6a78a6,667,1,2,-45313.39140335621
main_seed0,0,d1c1eb972d85b5605cb5db7c2c6bc30520ef1b725ec02f3d139c77d64d6a78a6,667,2,2,-28459.229151403644
main_seed0,0,d1c1eb972d85b5605cb5db7c2c6bc30520ef1b725ec02f3d139c77d64d6a78a6,667,3,2,-20436.437833513977
main_seed0,0,d1c1eb972d85b5605cb5db7c2c6bc30520ef1b725ec02f3d139c77d64d6a78a6,668,1,2,-46824.56109604635
main_seed0,0,d1c1eb972d85b5605cb5db7c2c6bc30520ef1b725ec02f3d139c77d64d6a78a6,668,2,2,-27181.91132261444
main_seed0,0,d1c1eb972d85b5605cb5db7c2c6bc30520ef1b725ec02f3d139c77d64d6a78a6,668,3,2,-21068.167701267288
main_seed0,0,d1c1eb972d85b5605cb5db7c2c6bc30520ef1b725ec02f3d139c77d64d6a78a6,669,1,2,-52590.6806317373
main_seed0,0,d1c1eb972d85b5605cb5db7c2c6bc30520ef1b725ec02f3d139c77d64d6a78a6,669,2,2,-35243.20716125186
main_seed0,0,d1c1eb972d85b5605cb5db7c2c6bc30520ef1b725ec02f3d139c77d64d6a78a6,669,3,2,-23926.56607321288
main_seed0,0,d1c1eb972d85b5605cb5db7c2c6bc30520ef1b725ec02f3d139c77d64d6a78a6,670,1,2,-50976.97169271507
main_seed0,0,d1c1eb972d85b5605cb5db7c2c6bc30520ef1b725ec02f3d139c77d64d6a78a6,670,2,2,-31967.381821808078
main_seed0,0,d1c1eb972d85b5605cb5db7c2c6bc30520ef1b725ec02f3d139c77d64d6a78a6,670,3,2,-24835.314354422484
main_seed0,0,d1c1eb972d85b5605cb5db7c2c6bc30520ef1b725ec02f3d139c77d64d6a78a6,671,1,2,-53874.63702476301
main_seed0,0,d1c1eb972d85b5605cb5db7c2c6bc30520ef1b725ec02f3d139c77d64d6a78a6,671,2,2,-34771.76039528052
main_seed0,0,d1c1eb972d85b5605cb5db7c2c6bc30520ef1b725ec02f3d139c77d64d6a78a6,671,3,2,-27567.89457922193
main_seed0,0,d1c1eb972d85b5605cb5db7c2c6bc30520ef1b725ec02f3d139c77d64d6a78a6,672,1,2,-46448.2652894977
main_seed0,0,d1c1eb972d85b5605cb5db7c2c6bc30520ef1b725ec02f3d139c77d64d6a78a6,672,2,2,-30818.47939780437
main_seed0,0,d1c1eb972d85b5605cb5db7c2c6bc30520ef1b725ec02f3d139c77d64d6a78a6,672,3,2,-25365.189637274103
main_seed0,0,d1c1eb972d85b5605cb5db7c2c6bc30520ef1b725ec02f3d139c77d64d6a78a6,673,1,2,-47396.39306896899
main_seed0,0,d1c1eb972d85b5605cb5db7c2c6bc30520ef1b725ec02f3d139c77d64d6a78a6,673,2,2,-32751.98355330596
main_seed0,0,d1c1eb972d85b5605cb5db7c2c6bc30520ef1b725ec02f3d139c77d64d6a78a6,673,3,2,-20303.181662821888
main_seed0,0,d1c1eb972d85b5605cb5db7c2c6bc30520ef1b725ec02f3d139c77d64d6a78a6,674,1,2,-52724.5561770089
main_seed0,0,d1c1eb972d85b5605cb5db7c2c6bc30520ef1b725ec02f3d139c77d64d6a78a6,674,2,2,-33430.29181387347
main_seed0,0,d1c1eb972d85b5605cb5db7c2c6bc30520ef1b725ec02f3d139c77d64d6a78a6,674,3,2,-23647.1175947002
main_seed0,0,d1c1eb972d85b5605cb5db7c2c6bc30520ef1b725ec02f3d139c77d64d6a78a6,675,1,2,-49047.13253383952
main_seed0,0,d1c1eb972d85b5605cb5db7c2c6bc30520ef1b725ec02f3d139c77d64d6a78a6,675,2,2,-30643.585572714608
main_seed0,0,d1c1eb972d85b5605cb5db7c2c6bc30520ef1b725ec02f3d139c77d64d6a78a6,675,3,2,-18734.749758768943
main_seed0,0,d1c1eb972d85b5605cb5db7c2c6bc30520ef1b725ec02f3d139c77d64d6a78a6,676,1,2,-49547.05686035369
main_seed0,0,d1c1eb972d85b5605cb5db7c2c6bc30520ef1b725ec02f3d139c77d64d6a78a6,676,2,2,-25775.242866284447
main_seed0,0,d1c1eb972d85b5605cb5db7c2c6bc30520ef1b725ec02f3d139c77d64d6a78a6,676,3,2,-24640.58981435981
main_seed0,0,d1c1eb972d85b5605cb5db7c2c6bc30520ef1b725ec02f3d139c77d64d6a78a6,677,1,2,-45873.4001006295
main_seed0,0,d1c1eb972d85b5605cb5db7c2c6bc30520ef1b725ec02f3d139c77d64d6a78a6,677,2,2,-29823.949890502096
main_seed0,0,d1c1eb972d85b5605cb5db7c2c6bc30520ef1b725ec02f3d139c77d64d6a78a6,677,3,2,-21477.249625735225
main_seed0,0,d1c1eb972d85b5605cb5db7c2c6bc30520ef1b725ec02f3d139c77d64d6a78a6,678,1,2,-49798.54396485781
main_seed0,0,d1c1eb972d85b5605cb5db7c2c6bc30520ef1b725ec02f3d139c77d64d6a78a6,678,2,2,-31686.319718690665
main_seed0,0,d1c1eb972d85b5605cb5db7c2c6bc30520ef1b725ec02f3d139c77d64d6a78a6,678,3,2,-23602.159506880023
main_seed0,0,d1c1eb972d85b5605cb5db7c2c6bc30520ef1b725ec02f3d139c77d64d6a78a6,679,1,2,-52913.8303342727
main_seed0,0,d1c1eb972d85b5605cb5db7c2c6bc30520ef1b725ec02f3d139c77d64d6a78a6,679,2,2,-27714.13940958285
main_seed0,0,d1c1eb972d85b5605cb5db7c2c6bc30520ef1b725ec02f3d139c77d64d6a78a6,679,3,2,-24991.883386132497
main_seed0,0,d1c1eb972d85b5605cb5db7c2c6bc30520ef1b725ec02f3d139c77d64d6a78a6,680,1,2,-49458.37394475726
main_seed0,0,d1c1eb972d85b5605cb5db7c2c6bc30520ef1b725ec02f3d139c77d64d6a78a6,680,2,2,-35669.664401850474
main_seed0,0,d1c1eb972d85b5605cb5db7c2c6bc30520ef1b725ec02f3d139c77d64d6a78a6,680,3,2,-22892.069874369125
main_seed0,0,d1c1eb972d85b5605cb5db7c2c6bc30520ef1b725ec02f3d139c77d64d6a78a6,681,1,2,-52371.23820258808
main_seed0,0,d1c1eb972d85b5605cb5db7c2c6bc30520ef1b725ec02f3d139c77d64d6a78a6,681,2,2,-28494.68246900226
main_seed0,0,d1c1eb972d85b5605cb5db7c2c6bc30520ef1b725ec02f3d139c77d64d6a78a6,681,3,2,-20414.49234826324
main_seed0,0,d1c1eb972d85b5605cb5db7c2c6bc30520ef1b725ec02f3d139c77d64d6a78a6,682,1,2,-49547.66758938428
main_seed0,0,d1c1eb972d85b5605cb5db7c2c6bc30520ef1b725ec02f3d139c77d64d6a78a6,682,2,2,-31867.9356108469
main_seed0,0,d1c1eb972d85b5605cb5db7c2c6bc30520ef1b725ec02f3d139c77d64d6a78a6,682,3,2,-24888.39152326841
main_seed0,0,d1c1eb972d85b5605cb5db7c2c6bc30520ef1b725ec02f3d139c77d64d6a78a6,683,1,2,-48690.37218082407
main_seed0,0,d1c1eb972d85b5605cb5db7c2c6bc30520ef1b725ec02f3d139c77d64d6a78a6,683,2,2,-25158.92980888366
main_seed0,0,d1c1eb972d85b5605cb5db7c2c6bc30520ef1b725ec02f3d139c77d64d6a78a6,683,3,2,-25774.96791936405
main_seed0,0,d1c1eb972d85b5605cb5db7c2c6bc30520ef1b725ec02f3d139c77d64d6a78a6,684,1,2,-51831.0332268826
main_seed0,0,d1c1eb972d85b5605cb5db7c2c6bc30520ef1b725ec02f3d139c77d64d6a78a6,684,2,2,-28713.66868636168
main_seed0,0,d1c1eb972d85b5605cb5db7c2c6bc30520ef1b725ec02f3d139c77d64d6a78a6,684,3,2,-23727.86872402658
main_seed0,0,d1c1eb972d85b5605cb5db7c2c6bc30520ef1b725ec02f3d139c77d64d6a78a6,685,1,2,-45558.63977337207
main_seed0,0,d1c1eb972d85b5605cb5db7c2c6bc30520ef1b725ec02f3d139c77d64d6a78a6,685,2,2,-31590.16688039078
main_seed0,0,d1c1eb972d85b5605cb5db7c2c6bc30520ef1b725ec02f3d139c77d64d6a78a6,685,3,2,-27813.032139739305
main_seed0,0,d1c1eb972d85b5605cb5db7c2c6bc30520ef1b725ec02f3d139c77d64d6a78a6,686,1,2,-49115.105798396544
main_seed0,0,d1c1eb972d85b5605cb5db7c2c6bc30520ef1b725ec02f3d139c77d64d6a78a6,686,2,2,-33544.767720862044
main_seed0,0,d1c1eb972d85b5605cb5db7c2c6bc30520ef1b725ec02f3d139c77d64d6a78a6,686,3,2,-20758.869175572738
main_seed0,0,d1c1eb972d85b5605cb5db7c2c6bc30520ef1b725ec02f3d139c77d64d6a78a6,687,1,2,-49633.8177631634
main_seed0,0,d1c1eb972d85b5605cb5db7c2c6bc30520ef1b725ec02f3d139c77d64d6a78a6,687,2,2,-30240.051783061623
main_seed0,0,d1c1eb972d85b5605cb5db7c2c6bc30520ef1b725ec02f3d139c77d64d6a78a6,687,3,2,-21029.202148622186
main_seed0,0,d1c1eb972d85b5605cb5db7c2c6bc30520ef1b725ec02f3d139c77d64d6a78a6,688,1,2,-51843.481995653885
main_seed0,0,d1c1eb972d85b5605cb5db7c2c6bc30520ef1b725ec02f3d139c77d64d6a78a6,688,2,2,-30844.67525323559
main_seed0,0,d1c1eb972d85b5605cb5db7c2c6bc30520ef1b725ec02f3d139c77d64d6a78a6,688,3,2,-21369.310825096552
main_seed0,0,d1c1eb972d85b5605cb5db7c2c6bc30520ef1b725ec02f3d139c77d64d6a78a6,689,1,2,-53280.15056007075
main_seed0,0,d1c1eb972d85b5605cb5db7c2c6bc30520ef1b725ec02f3d139c77d64d6a78a6,689,2,2,-34011.643476723686
main_seed0,0,d1c1eb972d85b5605cb5db7c2c6bc30520ef1b725ec02f3d139c77d64d6a78a6,689,3,2,-23830.291779923427
main_seed0,0,d1c1eb972d85b5605cb5db7c2c6bc30520ef1b725ec02f3d139c77d64d6a78a6,690,1,2,-50247.8745070967
main_seed0,0,d1c1eb972d85b5605cb5db7c2c6bc30520ef1b725ec02f3d139c77d64d6a78a6,690,2,2,-28001.81858512498
main_seed0,0,d1c1eb972d85b5605cb5db7c2c6bc30520ef1b725ec02f3d139c77d64d6a78a6,690,3,2,-26032.10423566904
main_seed0,0,d1c1eb972d85b5605cb5db7c2c6bc30520ef1b725ec02f3d139c77d64d6a78a6,691,1,2,-49529.56171547872
main_seed0,0,d1c1eb972d85b5605cb5db7c2c6bc30520ef1b725ec02f3d139c77d64d6a78a6,691,2,2,-35063.60977391021
main_seed0,0,d1c1eb972d85b5605cb5db7c2c6bc30520ef1b725ec02f3d139c77d64d6a78a6,691,3,2,-24797.57268170204
main_seed0,0,d1c1eb972d85b5605cb5db7c2c6bc30520ef1b725ec02f3d139c77d64d6a78a6,692,1,2,-48390.04531486824
main_seed0,0,d1c1eb972d85b5605cb5db7c2c6bc30520ef1b725ec02f3d139c77d64d6a78a6,692,2,2,-32042.5213148982
main_seed0,0,d1c1eb972d85b5605cb5db7c2c6bc30520ef1b725ec02f3d139c77d64d6a78a6,692,3,2,-25470.78107297449
main_seed0,0,d1c1eb972d85b5605cb5db7c2c6bc30520ef1b725ec02f3d139c77d64d6a78a6,693,1,2,-46768.62331822177
main_seed0,0,d1c1eb972d85b5605cb5db7c2c6bc30520ef1b725ec02f3d139c77d64d6a78a6,693,2,2,-28358.01587606583
main_seed0,0,d1c1eb972d85b5605cb5db7c2c6bc30520ef1b725ec02f3d139c77d64d6a78a6,693,3,2,-27272.56760388967
main_seed0,0,d1c1eb972d85b5605cb5db7c2c6bc30520ef1b725ec02f3d139c77d64d6a78a6,694,1,2,-51355.019741053504
main_seed0,0,d1c1eb972d85b5605cb5db7c2c6bc30520ef1b725ec02f3d139c77d64d6a78a6,694,2,2,-33863.07930929075
main_seed0,0,d1c1eb972d85b5605cb5db7c2c6bc30520ef1b725ec02f3d139c77d64d6a78a6,694,3,2,-22545.51524469812
main_seed0,0,d1c1eb972d85b5605cb5db7c2c6bc30520ef1b725ec02f3d139c77d64d6a78a6,695,1,2,-53305.914700401656
main_seed0,0,d1c1eb972d85b5605cb5db7c2c6bc30520ef1b725ec02f3d139c77d64d6a78a6,695,2,2,-26929.52804229333
main_seed0,0,d1c1eb972d85b5605cb5db7c2c6bc30520ef1b725ec02f3d139c77d64d6a78a6,695,3,2,-21152.56293379098
main_seed0,0,d1c1eb972d85b5605cb5db7c2c6bc30520ef1b725ec02f3d139c77d64d6a78a6,696,1,2,-46683.79167049789
main_seed0,0,d1c1eb972d85b5605cb5db7c2c6bc30520ef1b725ec02f3d139c77d64d6a78a6,696,2,2,-31536.959854122302
main_seed0,0,d1c1eb972d85b5605cb5db7c2c6bc30520ef1b725ec02f3d139c77d64d6a78a6,696,3,2,-24691.42763720191
main_seed0,0,d1c1eb972d85b5605cb5db7c2c6bc30520ef1b725ec02f3d139c77d64d6a78a6,697,1,2,-51421.41178660859
main_seed0,0,d1c1eb972d85b5605cb5db7c2c6bc30520ef1b725ec02f3d139c77d64d6a78a6,697,2,2,-30450.18728887259
main_seed0,0,d1c1eb972d85b5605cb5db7c2c6bc30520ef1b725ec02f3d139c77d64d6a78a6,697,3,2,-23233.468473467045
main_seed0,0,d1c1eb972d85b5605cb5db7c2c6bc30520ef1b725ec02f3d139c77d64d6a78a6,698,1,2,-49959.01516160335
main_seed0,0,d1c1eb972d85b5605cb5db7c2c6bc30520ef1b725ec02f3d139c77d64d6a78a6,698,2,2,-29829.28023080848
main_seed0,0,d1c1eb972d85b5605cb5db7c2c6bc30520ef1b725ec02f3d139c77d64d6a78a6,698,3,2,-25296.451119218887
main_seed0,0,d1c1eb972d85b5605cb5db7c2c6bc30520ef1b725ec02f3d139c77d64d6a78a6,699,1,2,-46494.94996445837
main_seed0,0,d1c1eb972d85b5605cb5db7c2c6bc30520ef1b725ec02f3d139c77d64d6a78a6,699,2,2,-28237.83529122477
main_seed0,0,d1c1eb972d85b5605cb5db7c2c6bc30520ef1b725ec02f3d139c77d64d6a78a6,699,3,2,-28356.26703185383
main_seed0,0,d1c1eb972d85b5605cb5db7c2c6bc30520ef1b725ec02f3d139c77d64d6a78a6,700,1,2,-50599.878992635975
main_seed0,0,d1c1eb972d85b5605cb5db7c2c6bc30520ef1b725ec02f3d139c77d64d6a78a6,700,2,2,-29561.8978282976
main_seed0,0,d1c1eb972d85b5605cb5db7c2c6bc30520ef1b725ec02f3d139c77d64d6a78a6,700,3,2,-20395.806084251897
main_seed0,0,d1c1eb972d85b5605cb5db7c2c6bc30520ef1b725ec02f3d139c77d64d6a78a6,701,1,2,-46695.89124505739
main_seed0,0,d1c1eb972d85b5605cb5db7c2c6bc30520ef1b725ec02f3d139c77d64d6a78a6,701,2,2,-28135.350483343045
main_seed0,0,d1c1eb972d85b5605cb5db7c2c6bc30520ef1b725ec02f3d139c77d64d6a78a6,701,3,2,-23422.32371507474
main_seed0,0,d1c1eb972d85b5605cb5db7c2c6bc30520ef1b725ec02f3d139c77d64d6a78a6,702,1,2,-49206.35118285834
main_seed0,0,d1c1eb972d85b5605cb5db7c2c6bc30520ef1b725ec02f3d139c77d64d6a78a6,702,2,2,-32428.442111847377
main_seed0,0,d1c1eb972d85b5605cb5db7c2c6bc30520ef1b725ec02f3d139c77d64d6a78a6,702,3,2,-19909.207414819888
main_seed0,0,d1c1eb972d85b5605cb5db7c2c6bc30520ef1b725ec02f3d139c77d64d6a78a6,703,1,2,-52233.59278918772
main_seed0,0,d1c1eb972d85b5605cb5db7c2c6bc30520ef1b725ec02f3d139c77d64d6a78a6,703,2,2,-31349.35274516122
main_seed0,0,d1c1eb972d85b5605cb5db7c2c6bc30520ef1b725ec02f3d139c77d64d6a78a6,703,3,2,-27732.08909954153
main_seed0,0,d1c1eb972d85b5605cb5db7c2c6bc30520ef1b725ec02f3d139c77d64d6a78a6,704,1,2,-46823.36681363128
main_seed0,0,d1c1eb972d85b5605cb5db7c2c6bc30520ef1b725ec02f3d139c77d64d6a78a6,704,2,2,-29817.435934209312
main_seed0,0,d1c1eb972d85b5605cb5db7c2c6bc30520ef1b725ec02f3d139c77d64d6a78a6,704,3,2,-24126.47171163417
main_seed0,0,d1c1eb972d85b5605cb5db7c2c6bc30520ef1b725ec02f3d139c77d64d6a78a6,705,1,2,-48656.59590106453
main_seed0,0,d1c1eb972d85b5605cb5db7c2c6bc30520ef1b725ec02f3d139c77d64d6a78a6,705,2,2,-25134.24906920705
main_seed0,0,d1c1eb972d85b5605cb5db7c2c6bc30520ef1b725ec02f3d139c77d64d6a78a6,705,3,2,-21551.522054442023
main_seed0,0,d1c1eb972d85b5605cb5db7c2c6bc30520ef1b725ec02f3d139c77d64d6a78a6,706,1,2,-52511.36547030411
main_seed0,0,d1c1eb972d85b5605cb5db7c2c6bc30520ef1b725ec02f3d139c77d64d6a78a6,706,2,2,-32935.736928829574
main_seed0,0,d1c1eb972d85b5605cb5db7c2c6bc30520ef1b725ec02f3d139c77d64d6a78a6,706,3,2,-27867.799644517807
main_seed0,0,d1c1eb972d85b5605cb5db7c2c6bc30520ef1b725ec02f3d139c77d64d6a78a6,707,1,2,-48446.8885542866
main_seed0,0,d1c1eb972d85b5605cb5db7c2c6bc30520ef1b725ec02f3d139c77d64d6a78a6,707,2,2,-24818.05791614562
main_seed0,0,d1c1eb972d85b5605cb5db7c2c6bc30520ef1b725ec02f3d139c77d64d6a78a6,707,3,2,-23736.07475063145
main_seed0,0,d1c1eb972d85b5605cb5db7c2c6bc30520ef1b725ec02f3d139c77d64d6a78a6,708,1,2,-51400.92047830798
main_seed0,0,d1c1eb972d85b5605cb5db7c2c6bc30520ef1b725ec02f3d139c77d64d6a78a6,708,2,2,-33994.854880641
main_seed0,0,d1c1eb972d85b5605cb5db7c2c6bc30520ef1b725ec02f3d139c77d64d6a78a6,708,3,2,-25662.243498754448
main_seed0,0,d1c1eb972d85b5605cb5db7c2c6bc30520ef1b725ec02f3d139c77d64d6a78a6,709,1,2,-49528.21651465117
main_seed0,0,d1c1eb972d85b5605cb5db7c2c6bc30520ef1b725ec02f3d139c77d64d6a78a6,709,2,2,-29079.177552250225
main_seed0,0,d1c1eb972d85b5605cb5db7c2c6bc30520ef1b725ec02f3d139c77d64d6a78a6,709,3,2,-22880.508278785223
main_seed0,0,d1c1eb972d85b5605cb5db7c2c6bc30520ef1b725ec02f3d139c77d64d6a78a6,710,1,2,-52213.065973317134
main_seed0,0,d1c1eb972d85b5605cb5db7c2c6bc30520ef1b725ec02f3d139c77d64d6a78a6,710,2,2,-23586.52319281273
main_seed0,0,d1c1eb972d85b5605cb5db7c2c6bc30520ef1b725ec02f3d139c77d64d6a78a6,710,3,2,-24446.438372448232
main_seed0,0,d1c1eb972d85b5605cb5db7c2c6bc30520ef1b725ec02f3d139c77d64d6a78a6,711,1,2,-50269.67118903366
main_seed0,0,d1c1eb972d85b5605cb5db7c2c6bc30520ef1b725ec02f3d139c77d64d6a78a6,711,2,2,-23717.436935853413
main_seed0,0,d1c1eb972d85b5605cb5db7c2c6bc30520ef1b725ec02f3d139c77d64d6a78a6,711,3,2,-27981.14289000175
main_seed0,0,d1c1eb972d85b5605cb5db7c2c6bc30520ef1b725ec02f3d139c77d64d6a78a6,712,1,2,-49935.498614632656
main_seed0,0,d1c1eb972d85b5605cb5db7c2c6bc30520ef1b725ec02f3d139c77d64d6a78a6,712,2,2,-27505.427774783697
main_seed0,0,d1c1eb972d85b5605cb5db7c2c6bc30520ef1b725ec02f3d139c77d64d6a78a6,712,3,2,-22348.41092239892
main_seed0,0,d1c1eb972d85b5605cb5db7c2c6bc30520ef1b725ec02f3d139c77d64d6a78a6,713,1,2,-50330.280448113146
main_seed0,0,d1c1eb972d85b5605cb5db7c2c6bc30520ef1b725ec02f3d139c77d64d6a78a6,713,2,2,-29025.6904128113
main_seed0,0,d1c1eb972d85b5605cb5db7c2c6bc30520ef1b725ec02f3d139c77d64d6a78a6,713,3,2,-22101.307937668545
main_seed0,0,d1c1eb972d85b5605cb5db7c2c6bc30520ef1b725ec02f3d139c77d64d6a78a6,714,1,2,-49009.06253132961
main_seed0,0,d1c1eb972d85b5605cb5db7c2c6bc30520ef1b725ec02f3d139c77d64d6a78a6,714,2,2,-26922.732709439457
main_seed0,0,d1c1eb972d85b5605cb5db7c2c6bc30520ef1b725ec02f3d139c77d64d6a78a6,714,3,2,-21846.556676682343
main_seed0,0,d1c1eb972d85b5605cb5db7c2c6bc30520ef1b725ec02f3d139c77d64d6a78a6,715,1,2,-46419.263591562
main_seed0,0,d1c1eb972d85b5605cb5db7c2c6bc30520ef1b725ec02f3d139c77d64d6a78a6,715,2,2,-25655.858493840627
main_seed0,0,d1c1eb972d85b5605cb5db7c2c6bc30520ef1b725ec02f3d139c77d64d6a78a6,715,3,2,-28102.870474692736
main_seed0,0,d1c1eb972d85b5605cb5db7c2c6bc30520ef1b725ec02f3d139c77d64d6a78a6,716,1,2,-46962.90484611494
main_seed0,0,d1c1eb972d85b5605cb5db7c2c6bc30520ef1b725ec02f3d139c77d64d6a78a6,716,2,2,-29620.221177907348
main_seed0,0,d1c1eb972d85b5605cb5db7c2c6bc30520ef1b725ec02f3d139c77d64d6a78a6,716,3,2,-24397.74652485321
main_seed0,0,d1c1eb972d85b5605cb5db7c2c6bc30520ef1b725ec02f3d139c77d64d6a78a6,717,1,2,-53193.79297530381
main_seed0,0,d1c1eb972d85b5605cb5db7c2c6bc30520ef1b725ec02f3d139c77d64d6a78a6,717,2,2,-27763.517527290234
main_seed0,0,d1c1eb972d85b5605cb5db7c2c6bc30520ef1b725ec02f3d139c77d64d6a78a6,717,3,2,-25668.422496829928
main_seed0,0,d1c1eb972d85b5605cb5db7c2c6bc30520ef1b725ec02f3d139c77d64d6a78a6,718,1,2,-49730.2955900816
main_seed0,0,d1c1eb972d85b5605cb5db7c2c6bc30520ef1b725ec02f3d139c77d64d6a78a6,718,2,2,-28551.78398019918
main_seed0,0,d1c1eb972d85b5605cb5db7c2c6bc30520ef1b725ec02f3d139c77d64d6a78a6,718,3,2,-25462.696175965302
main_seed0,0,d1c1eb972d85b5605cb5db7c2c6bc30520ef1b725ec02f3d139c77d64d6a78a6,719,1,2,-53267.25814481954
main_seed0,0,d1c1eb972d85b5605cb5db7c2c6bc30520ef1b725ec02f3d139c77d64d6a78a6,719,2,2,-24007.533657153283
main_seed0,0,d1c1eb972d85b5605cb5db7c2c6bc30520ef1b725ec02f3d139c77d64d6a78a6,719,3,2,-21304.65991347037
main_seed0,0,d1c1eb972d85b5605cb5db7c2c6bc30520ef1b725ec02f3d139c77d64d6a78a6,720,1,2,-47918.582299387344
main_seed0,0,d1c1eb972d85b5605cb5db7c2c6bc30520ef1b725ec02f3d139c77d64d6a78a6,720,2,2,-32103.10672460048
main_seed0,0,d1c1eb972d85b5605cb5db7c2c6bc30520ef1b725ec02f3d139c77d64d6a78a6,720,3,2,-27320.3205172217
main_seed0,0,d1c1eb972d85b5605cb5db7c2c6bc30520ef1b725ec02f3d139c77d64d6a78a6,721,1,2,-51999.59176201225
main_seed0,0,d1c1eb972d85b5605cb5db7c2c6bc30520ef1b725ec02f3d139c77d64d6a78a6,721,2,2,-22580.34788270589
main_seed0,0,d1c1eb972d85b5605cb5db7c2c6bc30520ef1b725ec02f3d139c77d64d6a78a6,721,3,2,-23277.98437199797
main_seed0,0,d1c1eb972d85b5605cb5db7c2c6bc30520ef1b725ec02f3d139c77d64d6a78a6,722,1,2,-52808.39128646594
main_seed0,0,d1c1eb972d85b5605cb5db7c2c6bc30520ef1b725ec02f3d139c77d64d6a78a6,722,2,2,-29638.775952746302
main_seed0,0,d1c1eb972d85b5605cb5db7c2c6bc30520ef1b725ec02f3d139c77d64d6a78a6,722,3,2,-22183.948062554748
main_seed0,0,d1c1eb972d85b5605cb5db7c2c6bc30520ef1b725ec02f3d139c77d64d6a78a6,723,1,2,-50113.378015819966
main_seed0,0,d1c1eb972d85b5605cb5db7c2c6bc30520ef1b725ec02f3d139c77d64d6a78a6,723,2,2,-29572.45236190465
main_seed0,0,d1c1eb972d85b5605cb5db7c2c6bc30520ef1b725ec02f3d139c77d64d6a78a6,723,3,2,-28055.299569992218
main_seed0,0,d1c1eb972d85b5605cb5db7c2c6bc30520ef1b725ec02f3d139c77d64d6a78a6,724,1,2,-52805.134618043536
main_seed0,0,d1c1eb972d85b5605cb5db7c2c6bc30520ef1b725ec02f3d139c77d64d6a78a6,724,2,2,-28355.03923511261
main_seed0,0,d1c1eb972d85b5605cb5db7c2c6bc30520ef1b725ec02f3d139c77d64d6a78a6,724,3,2,-21740.390023685963
main_seed0,0,d1c1eb972d85b5605cb5db7c2c6bc30520ef1b725ec02f3d139c77d64d6a78a6,725,1,2,-52145.67484577038
main_seed0,0,d1c1eb972d85b5605cb5db7c2c6bc30520ef1b725ec02f3d139c77d64d6a78a6,725,2,2,-29597.84154126975
main_seed0,0,d1c1eb972d85b5605cb5db7c2c6bc30520ef1b725ec02f3d139c77d64d6a78a6,725,3,2,-18853.59294336814
main_seed0,0,d1c1eb972d85b5605cb5db7c2c6bc30520ef1b725ec02f3d139c77d64d6a78a6,726,1,2,-49928.63846705489
main_seed0,0,d1c1eb972d85b5605cb5db7c2c6bc30520ef1b725ec02f3d139c77d64d6a78a6,726,2,2,-26604.71744375809
main_seed0,0,d1c1eb972d85b5605cb5db7c2c6bc30520ef1b725ec02f3d139c77d64d6a78a6,726,3,2,-26678.98267021716
main_seed0,0,d1c1eb972d85b5605cb5db7c2c6bc30520ef1b725ec02f3d139c77d64d6a78a6,727,1,2,-52777.77552743019
main_seed0,0,d1c1eb972d85b5605cb5db7c2c6bc30520ef1b725ec02f3d139c77d64d6a78a6,727,2,2,-28723.69507823827
main_seed0,0,d1c1eb972d85b5605cb5db7c2c6bc30520ef1b725ec02f3d139c77d64d6a78a6,727,3,2,-29036.948594145804
main_seed0,0,d1c1eb972d85b5605cb5db7c2c6bc30520ef1b725ec02f3d139c77d64d6a78a6,728,1,2,-48908.94456749621
main_seed0,0,d1c1eb972d85b5605cb5db7c2c6bc30520ef1b725ec02f3d139c77d64d6a78a6,728,2,2,-36206.58108491513
main_seed0,0,d1c1eb972d85b5605cb5db7c2c6bc30520ef1b725ec02f3d139c77d64d6a78a6,728,3,2,-26847.966629328963
main_seed0,0,d1c1eb972d85b5605cb5db7c2c6bc30520ef1b725ec02f3d139c77d64d6a78a6,729,1,2,-46303.486016235736
main_seed0,0,d1c1eb972d85b5605cb5db7c2c6bc30520ef1b725ec02f3d139c77d64d6a78a6,729,2,2,-27000.52806158882
main_seed0,0,d1c1eb972d85b5605cb5db7c2c6bc30520ef1b725ec02f3d139c77d64d6a78a6,729,3,2,-24358.08568280764
main_seed0,0,d1c1eb972d85b5605cb5db7c2c6bc30520ef1b725ec02f3d139c77d64d6a78a6,730,1,2,-48099.52860305895
main_seed0,0,d1c1eb972d85b5605cb5db7c2c6bc30520ef1b725ec02f3d139c77d64d6a78a6,730,2,2,-29460.85453365088
main_seed0,0,d1c1eb972d85b5605cb5db7c2c6bc30520ef1b725ec02f3d139c77d64d6a78a6,730,3,2,-24115.13258010643
main_seed0,0,d1c1eb972d85b5605cb5db7c2c6bc30520ef1b725ec02f3d139c77d64d6a78a6,731,1,2,-47109.41177843399
main_seed0,0,d1c1eb972d85b5605cb5db7c2c6bc30520ef1b725ec02f3d139c77d64d6a78a6,731,2,2,-26371.70967602331
main_seed0,0,d1c1eb972d85b5605cb5db7c2c6bc30520ef1b725ec02f3d139c77d64d6a78a6,731,3,2,-20471.621921154176
main_seed0,0,d1c1eb972d85b5605cb5db7c2c6bc30520ef1b725ec02f3d139c77d64d6a78a6,732,1,2,-51508.801705440186
main_seed0,0,d1c1eb972d85b5605cb5db7c2c6bc30520ef1b725ec02f3d139c77d64d6a78a6,732,2,2,-23195.09964555332
main_seed0,0,d1c1eb972d85b5605cb5db7c2c6bc30520ef1b725ec02f3d139c77d64d6a78a6,732,3,2,-23759.87664470397
main_seed0,0,d1c1eb972d85b5605cb5db7c2c6bc30520ef1b725ec02f3d139c77d64d6a78a6,733,1,2,-51083.241538170754
main_seed0,0,d1c1eb972d85b5605cb5db7c2c6bc30520ef1b725ec02f3d139c77d64d6a78a6,733,2,2,-33334.19158430222
main_seed0,0,d1c1eb972d85b5605cb5db7c2c6bc30520ef1b725ec02f3d139c77d64d6a78a6,733,3,2,-21609.61255878445
main_seed0,0,d1c1eb972d85b5605cb5db7c2c6bc30520ef1b725ec02f3d139c77d64d6a78a6,734,1,2,-49791.77138254783
main_seed0,0,d1c1eb972d85b5605cb5db7c2c6bc30520ef1b725ec02f3d139c77d64d6a78a6,734,2,2,-24879.48882601728
main_seed0,0,d1c1eb972d85b5605cb5db7c2c6bc30520ef1b725ec02f3d139c77d64d6a78a6,734,3,2,-21732.80780768723
main_seed0,0,d1c1eb972d85b5605cb5db7c2c6bc30520ef1b725ec02f3d139c77d64d6a78a6,735,1,2,-54002.07703547656
main_seed0,0,d1c1eb972d85b5605cb5db7c2c6bc30520ef1b725ec02f3d139c77d64d6a78a6,735,2,2,-33824.68955642521
main_seed0,0,d1c1eb972d85b5605cb5db7c2c6bc30520ef1b725ec02f3d139c77d64d6a78a6,735,3,2,-24340.97089844031
main_seed0,0,d1c1eb972d85b5605cb5db7c2c6bc30520ef1b725ec02f3d139c77d64d6a78a6,736,1,2,-49362.6094113088
main_seed0,0,d1c1eb972d85b5605cb5db7c2c6bc30520ef1b725ec02f3d139c77d64d6a78a6,736,2,2,-24552.72027894496
main_seed0,0,d1c1eb972d85b5605cb5db7c2c6bc30520ef1b725ec02f3d139c77d64d6a78a6,736,3,2,-22258.05251291268
main_seed0,0,d1c1eb972d85b5605cb5db7c2c6bc30520ef1b725ec02f3d139c77d64d6a78a6,737,1,2,-48636.70988095458
main_seed0,0,d1c1eb972d85b5605cb5db7c2c6bc30520ef1b725ec02f3d139c77d64d6a78a6,737,2,2,-27304.79825438872
main_seed0,0,d1c1eb972d85b5605cb5db7c2c6bc30520ef1b725ec02f3d139c77d64d6a78a6,737,3,2,-25432.99821092341
main_seed0,0,d1c1eb972d85b5605cb5db7c2c6bc30520ef1b725ec02f3d139c77d64d6a78a6,738,1,2,-49909.5215706715
main_seed0,0,d1c1eb972d85b5605cb5db7c2c6bc30520ef1b725ec02f3d139c77d64d6a78a6,738,2,2,-25277.49403677411
main_seed0,0,d1c1eb972d85b5605cb5db7c2c6bc30520ef1b725ec02f3d139c77d64d6a78a6,738,3,2,-21713.71025050568
main_seed0,0,d1c1eb972d85b5605cb5db7c2c6bc30520ef1b725ec02f3d139c77d64d6a78a6,739,1,2,-50549.60976279533
main_seed0,0,d1c1eb972d85b5605cb5db7c2c6bc30520ef1b725ec02f3d139c77d64d6a78a6,739,2,2,-27560.700936125337
main_seed0,0,d1c1eb972d85b5605cb5db7c2c6bc30520ef1b725ec02f3d139c77d64d6a78a6,739,3,2,-23711.067600772687
main_seed0,0,d1c1eb972d85b5605cb5db7c2c6bc30520ef1b725ec02f3d139c77d64d6a78a6,740,1,2,-51219.648981788734
main_seed0,0,d1c1eb972d85b5605cb5db7c2c6bc30520ef1b725ec02f3d139c77d64d6a78a6,740,2,2,-28623.616266162942
main_seed0,0,d1c1eb972d85b5605cb5db7c2c6bc30520ef1b725ec02f3d139c77d64d6a78a6,740,3,2,-26303.67930731188
main_seed0,0,d1c1eb972d85b5605cb5db7c2c6bc30520ef1b725ec02f3d139c77d64d6a78a6,741,1,2,-47739.99154389249
main_seed0,0,d1c1eb972d85b5605cb5db7c2c6bc30520ef1b725ec02f3d139c77d64d6a78a6,741,2,2,-30151.28080045252
main_seed0,0,d1c1eb972d85b5605cb5db7c2c6bc30520ef1b725ec02f3d139c77d64d6a78a6,741,3,2,-23046.07339148112
main_seed0,0,d1c1eb972d85b5605cb5db7c2c6bc30520ef1b725ec02f3d139c77d64d6a78a6,742,1,2,-49946.55468500122
main_seed0,0,d1c1eb972d85b5605cb5db7c2c6bc30520ef1b725ec02f3d139c77d64d6a78a6,742,2,2,-28339.061887058237
main_seed0,0,d1c1eb972d85b5605cb5db7c2c6bc30520ef1b725ec02f3d139c77d64d6a78a6,742,3,2,-22292.01289084812
main_seed0,0,d1c1eb972d85b5605cb5db7c2c6bc30520ef1b725ec02f3d139c77d64d6a78a6,743,1,2,-49670.49695534808
main_seed0,0,d1c1eb972d85b5605cb5db7c2c6bc30520ef1b725ec02f3d139c77d64d6a78a6,743,2,2,-28624.231485562144
main_seed0,0,d1c1eb972d85b5605cb5db7c2c6bc30520ef1b725ec02f3d139c77d64d6a78a6,743,3,2,-24728.983825255968
main_seed0,0,d1c1eb972d85b5605cb5db7c2c6bc30520ef1b725ec02f3d139c77d64d6a78a6,744,1,2,-48577.1542956042
main_seed0,0,d1c1eb972d85b5605cb5db7c2c6bc30520ef1b725ec02f3d139c77d64d6a78a6,744,2,2,-24360.56956138954
main_seed0,0,d1c1eb972d85b5605cb5db7c2c6bc30520ef1b725ec02f3d139c77d64d6a78a6,744,3,2,-21620.30446150533
main_seed0,0,d1c1eb972d85b5605cb5db7c2c6bc30520ef1b725ec02f3d139c77d64d6a78a6,745,1,2,-50476.81081707288
main_seed0,0,d1c1eb972d85b5605cb5db7c2c6bc30520ef1b725ec02f3d139c77d64d6a78a6,745,2,2,-29259.51383556542
main_seed0,0,d1c1eb972d85b5605cb5db7c2c6bc30520ef1b725ec02f3d139c77d64d6a78a6,745,3,2,-23061.8439532528
main_seed0,0,d1c1eb972d85b5605cb5db7c2c6bc30520ef1b725ec02f3d139c77d64d6a78a6,746,1,2,-49607.48716242368
main_seed0,0,d1c1eb972d85b5605cb5db7c2c6bc30520ef1b725ec02f3d139c77d64d6a78a6,746,2,2,-25794.005153208356
main_seed0,0,d1c1eb972d85b5605cb5db7c2c6bc30520ef1b725ec02f3d139c77d64d6a78a6,746,3,2,-21478.0819086938
main_seed0,0,d1c1eb972d85b5605cb5db7c2c6bc30520ef1b725ec02f3d139c77d64d6a78a6,747,1,2,-45377.47338429134
main_seed0,0,d1c1eb972d85b5605cb5db7c2c6bc30520ef1b725ec02f3d139c77d64d6a78a6,747,2,2,-24032.81271148172
main_seed0,0,d1c1eb972d85b5605cb5db7c2c6bc30520ef1b725ec02f3d139c77d64d6a78a6,747,3,2,-21013.019477026035
main_seed0,0,d1c1eb972d85b5605cb5db7c2c6bc30520ef1b725ec02f3d139c77d64d6a78a6,748,1,2,-52063.3785357731
main_seed0,0,d1c1eb972d85b5605cb5db7c2c6bc30520ef1b725ec02f3d139c77d64d6a78a6,748,2,2,-26535.677630756138
main_seed0,0,d1c1eb972d85b5605cb5db7c2c6bc30520ef1b725ec02f3d139c77d64d6a78a6,748,3,2,-26098.680726964594
main_seed0,0,d1c1eb972d85b5605cb5db7c2c6bc30520ef1b725ec02f3d139c77d64d6a78a6,749,1,2,-49894.245279587805
main_seed0,0,d1c1eb972d85b5605cb5db7c2c6bc30520ef1b725ec02f3d139c77d64d6a78a6,749,2,2,-26612.32239852785
main_seed0,0,d1c1eb972d85b5605cb5db7c2c6bc30520ef1b725ec02f3d139c77d64d6a78a6,749,3,2,-22353.715187988622
main_seed0,0,d1c1eb972d85b5605cb5db7c2c6bc30520ef1b725ec02f3d139c77d64d6a78a6,750,1,2,-44251.05612645422
main_seed0,0,d1c1eb972d85b5605cb5db7c2c6bc30520ef1b725ec02f3d139c77d64d6a78a6,750,2,2,-27512.94789411519
main_seed0,0,d1c1eb972d85b5605cb5db7c2c6bc30520ef1b725ec02f3d139c77d64d6a78a6,750,3,2,-19233.86060162888
main_seed0,0,d1c1eb972d85b5605cb5db7c2c6bc30520ef1b725ec02f3d139c77d64d6a78a6,751,1,2,-53125.59501243123
main_seed0,0,d1c1eb972d85b5605cb5db7c2c6bc30520ef1b725ec02f3d139c77d64d6a78a6,751,2,2,-25875.176021183
main_seed0,0,d1c1eb972d85b5605cb5db7c2c6bc30520ef1b725ec02f3d139c77d64d6a78a6,751,3,2,-24113.948466972382
main_seed0,0,d1c1eb972d85b5605cb5db7c2c6bc30520ef1b725ec02f3d139c77d64d6a78a6,752,1,2,-48491.48887170333
main_seed0,0,d1c1eb972d85b5605cb5db7c2c6bc30520ef1b725ec02f3d139c77d64d6a78a6,752,2,2,-25814.33138810643
main_seed0,0,d1c1eb972d85b5605cb5db7c2c6bc30520ef1b725ec02f3d139c77d64d6a78a6,752,3,2,-24847.887793190293
main_seed0,0,d1c1eb972d85b5605cb5db7c2c6bc30520ef1b725ec02f3d139c77d64d6a78a6,753,1,2,-47443.08611959638
main_seed0,0,d1c1eb972d85b5605cb5db7c2c6bc30520ef1b725ec02f3d139c77d64d6a78a6,753,2,2,-29421.18743805741
main_seed0,0,d1c1eb972d85b5605cb5db7c2c6bc30520ef1b725ec02f3d139c77d64d6a78a6,753,3,2,-18323.28991295898
main_seed0,0,d1c1eb972d85b5605cb5db7c2c6bc30520ef1b725ec02f3d139c77d64d6a78a6,754,1,2,-47561.02635756639
main_seed0,0,d1c1eb972d85b5605cb5db7c2c6bc30520ef1b725ec02f3d139c77d64d6a78a6,754,2,2,-25688.768611440617
main_seed0,0,d1c1eb972d85b5605cb5db7c2c6bc30520ef1b725ec02f3d139c77d64d6a78a6,754,3,2,-23338.57210142271
main_seed0,0,d1c1eb972d85b5605cb5db7c2c6bc30520ef1b725ec02f3d139c77d64d6a78a6,755,1,2,-49358.43953979468
main_seed0,0,d1c1eb972d85b5605cb5db7c2c6bc30520ef1b725ec02f3d139c77d64d6a78a6,755,2,2,-22104.97661403077
main_seed0,0,d1c1eb972d85b5605cb5db7c2c6bc30520ef1b725ec02f3d139c77d64d6a78a6,755,3,2,-20278.647937351743
main_seed0,0,d1c1eb972d85b5605cb5db7c2c6bc30520ef1b725ec02f3d139c77d64d6a78a6,756,1,2,-46129.73937943059
main_seed0,0,d1c1eb972d85b5605cb5db7c2c6bc30520ef1b725ec02f3d139c77d64d6a78a6,756,2,2,-25403.300496215397
main_seed0,0,d1c1eb972d85b5605cb5db7c2c6bc30520ef1b725ec02f3d139c77d64d6a78a6,756,3,2,-27642.405558658145
main_seed0,0,d1c1eb972d85b5605cb5db7c2c6bc30520ef1b725ec02f3d139c77d64d6a78a6,757,1,2,-49998.94867250523
main_seed0,0,d1c1eb972d85b5605cb5db7c2c6bc30520ef1b725ec02f3d139c77d64d6a78a6,757,2,2,-24675.54514720304
main_seed0,0,d1c1eb972d85b5605cb5db7c2c6bc30520ef1b725ec02f3d139c77d64d6a78a6,757,3,2,-25211.414109428773
main_seed0,0,d1c1eb972d85b5605cb5db7c2c6bc30520ef1b725ec02f3d139c77d64d6a78a6,758,1,2,-52010.6585928842
main_seed0,0,d1c1eb972d85b5605cb5db7c2c6bc30520ef1b725ec02f3d139c77d64d6a78a6,758,2,2,-25639.214805075324
main_seed0,0,d1c1eb972d85b5605cb5db7c2c6bc30520ef1b725ec02f3d139c77d64d6a78a6,758,3,2,-22547.03229457025
main_seed0,0,d1c1eb972d85b5605cb5db7c2c6bc30520ef1b725ec02f3d139c77d64d6a78a6,759,1,2,-47198.14553821237
main_seed0,0,d1c1eb972d85b5605cb5db7c2c6bc30520ef1b725ec02f3d139c77d64d6a78a6,759,2,2,-31335.131911342403
main_seed0,0,d1c1eb972d85b5605cb5db7c2c6bc30520ef1b725ec02f3d139c77d64d6a78a6,759,3,2,-22249.55922015692
main_seed0,0,d1c1eb972d85b5605cb5db7c2c6bc30520ef1b725ec02f3d139c77d64d6a78a6,760,1,2,-46733.19774039146
main_seed0,0,d1c1eb972d85b5605cb5db7c2c6bc30520ef1b725ec02f3d139c77d64d6a78a6,760,2,2,-26649.118465865227
main_seed0,0,d1c1eb972d85b5605cb5db7c2c6bc30520ef1b725ec02f3d139c77d64d6a78a6,760,3,2,-20433.51329801987
main_seed0,0,d1c1eb972d85b5605cb5db7c2c6bc30520ef1b725ec02f3d139c77d64d6a78a6,761,1,2,-48366.36167292718
main_seed0,0,d1c1eb972d85b5605cb5db7c2c6bc30520ef1b725ec02f3d139c77d64d6a78a6,761,2,2,-25653.827362613963
main_seed0,0,d1c1eb972d85b5605cb5db7c2c6bc30520ef1b725ec02f3d139c77d64d6a78a6,761,3,2,-23331.76301951897
main_seed0,0,d1c1eb972d85b5605cb5db7c2c6bc30520ef1b725ec02f3d139c77d64d6a78a6,762,1,2,-53117.804049390026
main_seed0,0,d1c1eb972d85b5605cb5db7c2c6bc30520ef1b725ec02f3d139c77d64d6a78a6,762,2,2,-31184.588272780507
main_seed0,0,d1c1eb972d85b5605cb5db7c2c6bc30520ef1b725ec02f3d139c77d64d6a78a6,762,3,2,-21880.084939428834
main_seed0,0,d1c1eb972d85b5605cb5db7c2c6bc30520ef1b725ec02f3d139c77d64d6a78a6,763,1,2,-50456.60067068391
main_seed0,0,d1c1eb972d85b5605cb5db7c2c6bc30520ef1b725ec02f3d139c77d64d6a78a6,763,2,2,-24836.22045969764
main_seed0,0,d1c1eb972d85b5605cb5db7c2c6bc30520ef1b725ec02f3d139c77d64d6a78a6,763,3,2,-22263.67244345396
main_seed0,0,d1c1eb972d85b5605cb5db7c2c6bc30520ef1b725ec02f3d139c77d64d6a78a6,764,1,2,-50992.90701556551
main_seed0,0,d1c1eb972d85b5605cb5db7c2c6bc30520ef1b725ec02f3d139c77d64d6a78a6,764,2,2,-23541.41204717355
main_seed0,0,d1c1eb972d85b5605cb5db7c2c6bc30520ef1b725ec02f3d139c77d64d6a78a6,764,3,2,-22032.559250410275
main_seed0,0,d1c1eb972d85b5605cb5db7c2c6bc30520ef1b725ec02f3d139c77d64d6a78a6,765,1,2,-48676.828745213614
main_seed0,0,d1c1eb972d85b5605cb5db7c2c6bc30520ef1b725ec02f3d139c77d64d6a78a6,765,2,2,-28846.76847326012
main_seed0,0,d1c1eb972d85b5605cb5db7c2c6bc30520ef1b725ec02f3d139c77d64d6a78a6,765,3,2,-20136.00202497115
main_seed0,0,d1c1eb972d85b5605cb5db7c2c6bc30520ef1b725ec02f3d139c77d64d6a78a6,766,1,2,-50071.70237933009
main_seed0,0,d1c1eb972d85b5605cb5db7c2c6bc30520ef1b725ec02f3d139c77d64d6a78a6,766,2,2,-25797.42159458079
main_seed0,0,d1c1eb972d85b5605cb5db7c2c6bc30520ef1b725ec02f3d139c77d64d6a78a6,766,3,2,-23770.255142135164
main_seed0,0,d1c1eb972d85b5605cb5db7c2c6bc30520ef1b725ec02f3d139c77d64d6a78a6,767,1,2,-51250.42286184925
main_seed0,0,d1c1eb972d85b5605cb5db7c2c6bc30520ef1b725ec02f3d139c77d64d6a78a6,767,2,2,-23974.57509932309
main_seed0,0,d1c1eb972d85b5605cb5db7c2c6bc30520ef1b725ec02f3d139c77d64d6a78a6,767,3,2,-20783.616615760508
main_seed0,0,d1c1eb972d85b5605cb5db7c2c6bc30520ef1b725ec02f3d139c77d64d6a78a6,768,1,2,-47458.317589096114
main_seed0,0,d1c1eb972d85b5605cb5db7c2c6bc30520ef1b725ec02f3d139c77d64d6a78a6,768,2,2,-26397.47539169496
main_seed0,0,d1c1eb972d85b5605cb5db7c2c6bc30520ef1b725ec02f3d139c77d64d6a78a6,768,3,2,-20227.49257225709
main_seed0,0,d1c1eb972d85b5605cb5db7c2c6bc30520ef1b725ec02f3d139c77d64d6a78a6,769,1,2,-53550.80863793993
main_seed0,0,d1c1eb972d85b5605cb5db7c2c6bc30520ef1b725ec02f3d139c77d64d6a78a6,769,2,2,-23977.49926673103
main_seed0,0,d1c1eb972d85b5605cb5db7c2c6bc30520ef1b725ec02f3d139c77d64d6a78a6,769,3,2,-24335.798358103748
main_seed0,0,d1c1eb972d85b5605cb5db7c2c6bc30520ef1b725ec02f3d139c77d64d6a78a6,770,1,2,-51435.26829188867
main_seed0,0,d1c1eb972d85b5605cb5db7c2c6bc30520ef1b725ec02f3d139c77d64d6a78a6,770,2,2,-24130.548127058417
main_seed0,0,d1c1eb972d85b5605cb5db7c2c6bc30520ef1b725ec02f3d139c77d64d6a78a6,770,3,2,-25401.306925732773
main_seed0,0,d1c1eb972d85b5605cb5db7c2c6bc30520ef1b725ec02f3d139c77d64d6a78a6,771,1,2,-51446.557441429
main_seed0,0,d1c1eb972d85b5605cb5db7c2c6bc30520ef1b725ec02f3d139c77d64d6a78a6,771,2,2,-24902.830603992243
main_seed0,0,d1c1eb972d85b5605cb5db7c2c6bc30520ef1b725ec02f3d139c77d64d6a78a6,771,3,2,-23871.377582629957
main_seed0,0,d1c1eb972d85b5605cb5db7c2c6bc30520ef1b725ec02f3d139c77d64d6a78a6,772,1,2,-50111.32568650316
main_seed0,0,d1c1eb972d85b5605cb5db7c2c6bc30520ef1b725ec02f3d139c77d64d6a78a6,772,2,2,-25398.939632656333
main_seed0,0,d1c1eb972d85b5605cb5db7c2c6bc30520ef1b725ec02f3d139c77d64d6a78a6,772,3,2,-25756.149746372324
main_seed0,0,d1c1eb972d85b5605cb5db7c2c6bc30520ef1b725ec02f3d139c77d64d6a78a6,773,1,2,-47623.34988201542
main_seed0,0,d1c1eb972d85b5605cb5db7c2c6bc30520ef1b725ec02f3d139c77d64d6a78a6,773,2,2,-28438.02547166709
main_seed0,0,d1c1eb972d85b5605cb5db7c2c6bc30520ef1b725ec02f3d139c77d64d6a78a6,773,3,2,-24100.658051898597
main_seed0,0,d1c1eb972d85b5605cb5db7c2c6bc30520ef1b725ec02f3d139c77d64d6a78a6,774,1,2,-50724.40940472136
main_seed0,0,d1c1eb972d85b5605cb5db7c2c6bc30520ef1b725ec02f3d139c77d64d6a78a6,774,2,2,-23876.14911067944
main_seed0,0,d1c1eb972d85b5605cb5db7c2c6bc30520ef1b725ec02f3d139c77d64d6a78a6,774,3,2,-20982.093255458447
main_seed0,0,d1c1eb972d85b5605cb5db7c2c6bc30520ef1b725ec02f3d139c77d64d6a78a6,775,1,2,-48615.59358991947
main_seed0,0,d1c1eb972d85b5605cb5db7c2c6bc30520ef1b725ec02f3d139c77d64d6a78a6,775,2,2,-28229.313991072293
main_seed0,0,d1c1eb972d85b5605cb5db7c2c6bc30520ef1b725ec02f3d139c77d64d6a78a6,775,3,2,-24412.44564215395
main_seed0,0,d1c1eb972d85b5605cb5db7c2c6bc30520ef1b725ec02f3d139c77d64d6a78a6,776,1,2,-47627.4391053877
main_seed0,0,d1c1eb972d85b5605cb5db7c2c6bc30520ef1b725ec02f3d139c77d64d6a78a6,776,2,2,-21504.45367352144
main_seed0,0,d1c1eb972d85b5605cb5db7c2c6bc30520ef1b725ec02f3d139c77d64d6a78a6,776,3,2,-18075.906912524617
main_seed0,0,d1c1eb972d85b5605cb5db7c2c6bc30520ef1b725ec02f3d139c77d64d6a78a6,777,1,2,-53693.11051459244
main_seed0,0,d1c1eb972d85b5605cb5db7c2c6bc30520ef1b725ec02f3d139c77d64d6a78a6,777,2,2,-28695.88091595729
main_seed0,0,d1c1eb972d85b5605cb5db7c2c6bc30520ef1b725ec02f3d139c77d64d6a78a6,777,3,2,-24971.5877374983
main_seed0,0,d1c1eb972d85b5605cb5db7c2c6bc30520ef1b725ec02f3d139c77d64d6a78a6,778,1,2,-50023.040049648014
main_seed0,0,d1c1eb972d85b5605cb5db7c2c6bc30520ef1b725ec02f3d139c77d64d6a78a6,778,2,2,-21813.409126476785
main_seed0,0,d1c1eb972d85b5605cb5db7c2c6bc30520ef1b725ec02f3d139c77d64d6a78a6,778,3,2,-22763.434497984977
main_seed0,0,d1c1eb972d85b5605cb5db7c2c6bc30520ef1b725ec02f3d139c77d64d6a78a6,779,1,2,-50280.09555746512
main_seed0,0,d1c1eb972d85b5605cb5db7c2c6bc30520ef1b725ec02f3d139c77d64d6a78a6,779,2,2,-21453.859128260672
main_seed0,0,d1c1eb972d85b5605cb5db7c2c6bc30520ef1b725ec02f3d139c77d64d6a78a6,779,3,2,-21869.623059994723
main_seed0,0,d1c1eb972d85b5605cb5db7c2c6bc30520ef1b725ec02f3d139c77d64d6a78a6,780,1,2,-47736.700296217234
main_seed0,0,d1c1eb972d85b5605cb5db7c2c6bc30520ef1b725ec02f3d139c77d64d6a78a6,780,2,2,-27222.03516029154
main_seed0,0,d1c1eb972d85b5605cb5db7c2c6bc30520ef1b725ec02f3d139c77d64d6a78a6,780,3,2,-19627.446658634777
main_seed0,0,d1c1eb972d85b5605cb5db7c2c6bc30520ef1b725ec02f3d139c77d64d6a78a6,781,1,2,-44867.79718819476
main_seed0,0,d1c1eb972d85b5605cb5db7c2c6bc30520ef1b725ec02f3d139c77d64d6a78a6,781,2,2,-26610.40256857996
main_seed0,0,d1c1eb972d85b5605cb5db7c2c6bc30520ef1b725ec02f3d139c77d64d6a78a6,781,3,2,-21721.49642092673
main_seed0,0,d1c1eb972d85b5605cb5db7c2c6bc30520ef1b725ec02f3d139c77d64d6a78a6,782,1,2,-47905.65353670882
main_seed0,0,d1c1eb972d85b5605cb5db7c2c6bc30520ef1b725ec02f3d139c77d64d6a78a6,782,2,2,-23243.894802263327
main_seed0,0,d1c1eb972d85b5605cb5db7c2c6bc30520ef1b725ec02f3d139c77d64d6a78a6,782,3,2,-18925.851352501595
main_seed0,0,d1c1eb972d85b5605cb5db7c2c6bc30520ef1b725ec02f3d139c77d64d6a78a6,783,1,2,-51742.8708624646
main_seed0,0,d1c1eb972d85b5605cb5db7c2c6bc30520ef1b725ec02f3d139c77d64d6a78a6,783,2,2,-28003.868687038062
main_seed0,0,d1c1eb972d85b5605cb5db7c2c6bc30520ef1b725ec02f3d139c77d64d6a78a6,783,3,2,-23111.398596644394
main_seed0,0,d1c1eb972d85b5605cb5db7c2c6bc30520ef1b725ec02f3d139c77d64d6a78a6,784,1,2,-51287.23697738063
main_seed0,0,d1c1eb972d85b5605cb5db7c2c6bc30520ef1b725ec02f3d139c77d64d6a78a6,784,2,2,-26282.646250055783
main_seed0,0,d1c1eb972d85b5605cb5db7c2c6bc30520ef1b725ec02f3d139c77d64d6a78a6,784,3,2,-17585.059597496118
main_seed0,0,d1c1eb972d85b5605cb5db7c2c6bc30520ef1b725ec02f3d139c77d64d6a78a6,785,1,2,-51194.06931821822
main_seed0,0,d1c1eb972d85b5605cb5db7c2c6bc30520ef1b725ec02f3d139c77d64d6a78a6,785,2,2,-30466.597274527165
main_seed0,0,d1c1eb972d85b5605cb5db7c2c6bc30520ef1b725ec02f3d139c77d64d6a78a6,785,3,2,-23124.46846381665
main_seed0,0,d1c1eb972d85b5605cb5db7c2c6bc30520ef1b725ec02f3d139c77d64d6a78a6,786,1,2,-49123.29987500451
main_seed0,0,d1c1eb972d85b5605cb5db7c2c6bc30520ef1b725ec02f3d139c77d64d6a78a6,786,2,2,-25827.61807945176
main_seed0,0,d1c1eb972d85b5605cb5db7c2c6bc30520ef1b725ec02f3d139c77d64d6a78a6,786,3,2,-23296.3618468527
main_seed0,0,d1c1eb972d85b5605cb5db7c2c6bc30520ef1b725ec02f3d139c77d64d6a78a6,787,1,2,-51863.3942656246
main_seed0,0,d1c1eb972d85b5605cb5db7c2c6bc30520ef1b725ec02f3d139c77d64d6a78a6,787,2,2,-23795.35108293381
main_seed0,0,d1c1eb972d85b5605cb5db7c2c6bc30520ef1b725ec02f3d139c77d64d6a78a6,787,3,2,-28372.63215923552
main_seed0,0,d1c1eb972d85b5605cb5db7c2c6bc30520ef1b725ec02f3d139c77d64d6a78a6,788,1,2,-44510.10263152446
main_seed0,0,d1c1eb972d85b5605cb5db7c2c6bc30520ef1b725ec02f3d139c77d64d6a78a6,788,2,2,-27547.688676522783
main_seed0,0,d1c1eb972d85b5605cb5db7c2c6bc30520ef1b725ec02f3d139c77d64d6a78a6,788,3,2,-23691.098986733043
main_seed0,0,d1c1eb972d85b5605cb5db7c2c6bc30520ef1b725ec02f3d139c77d64d6a78a6,789,1,2,-49813.54895610824
main_seed0,0,d1c1eb972d85b5605cb5db7c2c6bc30520ef1b725ec02f3d139c77d64d6a78a6,789,2,2,-23775.11627245937
main_seed0,0,d1c1eb972d85b5605cb5db7c2c6bc30520ef1b725ec02f3d139c77d64d6a78a6,789,3,2,-24427.81911742457
main_seed0,0,d1c1eb972d85b5605cb5db7c2c6bc30520ef1b725ec02f3d139c77d64d6a78a6,790,1,2,-51250.85167936504
main_seed0,0,d1c1eb972d85b5605cb5db7c2c6bc30520ef1b725ec02f3d139c77d64d6a78a6,790,2,2,-29328.27337154894
main_seed0,0,d1c1eb972d85b5605cb5db7c2c6bc30520ef1b725ec02f3d139c77d64d6a78a6,790,3,2,-20912.95805347419
main_seed0,0,d1c1eb972d85b5605cb5db7c2c6bc30520ef1b725ec02f3d139c77d64d6a78a6,791,1,2,-50557.1818135949
main_seed0,0,d1c1eb972d85b5605cb5db7c2c6bc30520ef1b725ec02f3d139c77d64d6a78a6,791,2,2,-24703.54792354416
main_seed0,0,d1c1eb972d85b5605cb5db7c2c6bc30520ef1b725ec02f3d139c77d64d6a78a6,791,3,2,-23900.476946917523
main_seed0,0,d1c1eb972d85b5605cb5db7c2c6bc30520ef1b725ec02f3d139c77d64d6a78a6,792,1,2,-50019.55017212511
main_seed0,0,d1c1eb972d85b5605cb5db7c2c6bc30520ef1b725ec02f3d139c77d64d6a78a6,792,2,2,-25392.64957572444
main_seed0,0,d1c1eb972d85b5605cb5db7c2c6bc30520ef1b725ec02f3d139c77d64d6a78a6,792,3,2,-23074.289131307145
main_seed0,0,d1c1eb972d85b5605cb5db7c2c6bc30520ef1b725ec02f3d139c77d64d6a78a6,793,1,2,-52667.620997785605
main_seed0,0,d1c1eb972d85b5605cb5db7c2c6bc30520ef1b725ec02f3d139c77d64d6a78a6,793,2,2,-23998.884988674014
main_seed0,0,d1c1eb972d85b5605cb5db7c2c6bc30520ef1b725ec02f3d139c77d64d6a78a6,793,3,2,-23830.65664231617
main_seed0,0,d1c1eb972d85b5605cb5db7c2c6bc30520ef1b725ec02f3d139c77d64d6a78a6,794,1,2,-50005.08932643879
main_seed0,0,d1c1eb972d85b5605cb5db7c2c6bc30520ef1b725ec02f3d139c77d64d6a78a6,794,2,2,-23769.35884282312
main_seed0,0,d1c1eb972d85b5605cb5db7c2c6bc30520ef1b725ec02f3d139c77d64d6a78a6,794,3,2,-24245.443709400108
main_seed0,0,d1c1eb972d85b5605cb5db7c2c6bc30520ef1b725ec02f3d139c77d64d6a78a6,795,1,2,-45768.44322509378
main_seed0,0,d1c1eb972d85b5605cb5db7c2c6bc30520ef1b725ec02f3d139c77d64d6a78a6,795,2,2,-21817.96357551851
main_seed0,0,d1c1eb972d85b5605cb5db7c2c6bc30520ef1b725ec02f3d139c77d64d6a78a6,795,3,2,-19409.651433270465
main_seed0,0,d1c1eb972d85b5605cb5db7c2c6bc30520ef1b725ec02f3d139c77d64d6a78a6,796,1,2,-46478.83413366395
main_seed0,0,d1c1eb972d85b5605cb5db7c2c6bc30520ef1b725ec02f3d139c77d64d6a78a6,796,2,2,-21396.438482414447
main_seed0,0,d1c1eb972d85b5605cb5db7c2c6bc30520ef1b725ec02f3d139c77d64d6a78a6,796,3,2,-19922.305364477907
main_seed0,0,d1c1eb972d85b5605cb5db7c2c6bc30520ef1b725ec02f3d139c77d64d6a78a6,797,1,2,-51385.205962925706
main_seed0,0,d1c1eb972d85b5605cb5db7c2c6bc30520ef1b725ec02f3d139c77d64d6a78a6,797,2,2,-25301.08306312776
main_seed0,0,d1c1eb972d85b5605cb5db7c2c6bc30520ef1b725ec02f3d139c77d64d6a78a6,797,3,2,-26343.579846482804
main_seed0,0,d1c1eb972d85b5605cb5db7c2c6bc30520ef1b725ec02f3d139c77d64d6a78a6,798,1,2,-52255.17263218581
main_seed0,0,d1c1eb972d85b5605cb5db7c2c6bc30520ef1b725ec02f3d139c77d64d6a78a6,798,2,2,-26900.284509138557
main_seed0,0,d1c1eb972d85b5605cb5db7c2c6bc30520ef1b725ec02f3d139c77d64d6a78a6,798,3,2,-24312.8029819473
main_seed0,0,d1c1eb972d85b5605cb5db7c2c6bc30520ef1b725ec02f3d139c77d64d6a78a6,799,1,2,-50733.08745269285
main_seed0,0,d1c1eb972d85b5605cb5db7c2c6bc30520ef1b725ec02f3d139c77d64d6a78a6,799,2,2,-25779.78996276731
main_seed0,0,d1c1eb972d85b5605cb5db7c2c6bc30520ef1b725ec02f3d139c77d64d6a78a6,799,3,2,-18325.587087256677
main_seed0,0,d1c1eb972d85b5605cb5db7c2c6bc30520ef1b725ec02f3d139c77d64d6a78a6,800,1,2,-49302.78597650162
main_seed0,0,d1c1eb972d85b5605cb5db7c2c6bc30520ef1b725ec02f3d139c77d64d6a78a6,800,2,2,-21097.79445494297
main_seed0,0,d1c1eb972d85b5605cb5db7c2c6bc30520ef1b725ec02f3d139c77d64d6a78a6,800,3,2,-19957.204152553742
main_seed0,0,d1c1eb972d85b5605cb5db7c2c6bc30520ef1b725ec02f3d139c77d64d6a78a6,801,1,2,-46484.16441865152
main_seed0,0,d1c1eb972d85b5605cb5db7c2c6bc30520ef1b725ec02f3d139c77d64d6a78a6,801,2,2,-22684.977379180247
main_seed0,0,d1c1eb972d85b5605cb5db7c2c6bc30520ef1b725ec02f3d139c77d64d6a78a6,801,3,2,-18628.842975216223
main_seed0,0,d1c1eb972d85b5605cb5db7c2c6bc30520ef1b725ec02f3d139c77d64d6a78a6,802,1,2,-50703.28489272466
main_seed0,0,d1c1eb972d85b5605cb5db7c2c6bc30520ef1b725ec02f3d139c77d64d6a78a6,802,2,2,-23222.805920794835
main_seed0,0,d1c1eb972d85b5605cb5db7c2c6bc30520ef1b725ec02f3d139c77d64d6a78a6,802,3,2,-24685.77323088756
main_seed0,0,d1c1eb972d85b5605cb5db7c2c6bc30520ef1b725ec02f3d139c77d64d6a78a6,803,1,2,-45280.40176751256
main_seed0,0,d1c1eb972d85b5605cb5db7c2c6bc30520ef1b725ec02f3d139c77d64d6a78a6,803,2,2,-24936.867824241363
main_seed0,0,d1c1eb972d85b5605cb5db7c2c6bc30520ef1b725ec02f3d139c77d64d6a78a6,803,3,2,-23700.257181923334
main_seed0,0,d1c1eb972d85b5605cb5db7c2c6bc30520ef1b725ec02f3d139c77d64d6a78a6,804,1,2,-47013.3513489579
main_seed0,0,d1c1eb972d85b5605cb5db7c2c6bc30520ef1b725ec02f3d139c77d64d6a78a6,804,2,2,-22395.11749841303
main_seed0,0,d1c1eb972d85b5605cb5db7c2c6bc30520ef1b725ec02f3d139c77d64d6a78a6,804,3,2,-22489.054832343933
main_seed0,0,d1c1eb972d85b5605cb5db7c2c6bc30520ef1b725ec02f3d139c77d64d6a78a6,805,1,2,-48211.90976840278
main_seed0,0,d1c1eb972d85b5605cb5db7c2c6bc30520ef1b725ec02f3d139c77d64d6a78a6,805,2,2,-22018.563622266636
main_seed0,0,d1c1eb972d85b5605cb5db7c2c6bc30520ef1b725ec02f3d139c77d64d6a78a6,805,3,2,-18336.449036653223
main_seed0,0,d1c1eb972d85b5605cb5db7c2c6bc30520ef1b725ec02f3d139c77d64d6a78a6,806,1,2,-47058.37988696063
main_seed0,0,d1c1eb972d85b5605cb5db7c2c6bc30520ef1b725ec02f3d139c77d64d6a78a6,806,2,2,-23479.11916886649
main_seed0,0,d1c1eb972d85b5605cb5db7c2c6bc30520ef1b725ec02f3d139c77d64d6a78a6,806,3,2,-20634.181536704767
main_seed0,0,d1c1eb972d85b5605cb5db7c2c6bc30520ef1b725ec02f3d139c77d64d6a78a6,807,1,2,-52255.22196183662
main_seed0,0,d1c1eb972d85b5605cb5db7c2c6bc30520ef1b725ec02f3d139c77d64d6a78a6,807,2,2,-19655.36649184224
main_seed0,0,d1c1eb972d85b5605cb5db7c2c6bc30520ef1b725ec02f3d139c77d64d6a78a6,807,3,2,-18772.643850061195
main_seed0,0,d1c1eb972d85b5605cb5db7c2c6bc30520ef1b725ec02f3d139c77d64d6a78a6,808,1,2,-50088.84818273413
main_seed0,0,d1c1eb972d85b5605cb5db7c2c6bc30520ef1b725ec02f3d139c77d64d6a78a6,808,2,2,-27750.857927120804
main_seed0,0,d1c1eb972d85b5605cb5db7c2c6bc30520ef1b725ec02f3d139c77d64d6a78a6,808,3,2,-18635.3298230425
main_seed0,0,d1c1eb972d85b5605cb5db7c2c6bc30520ef1b725ec02f3d139c77d64d6a78a6,809,1,2,-50887.22648758584
main_seed0,0,d1c1eb972d85b5605cb5db7c2c6bc30520ef1b725ec02f3d139c77d64d6a78a6,809,2,2,-25361.55476696266
main_seed0,0,d1c1eb972d85b5605cb5db7c2c6bc30520ef1b725ec02f3d139c77d64d6a78a6,809,3,2,-17942.428450185478
main_seed0,0,d1c1eb972d85b5605cb5db7c2c6bc30520ef1b725ec02f3d139c77d64d6a78a6,810,1,2,-53422.2292155984
main_seed0,0,d1c1eb972d85b5605cb5db7c2c6bc30520ef1b725ec02f3d139c77d64d6a78a6,810,2,2,-21727.9914411953
main_seed0,0,d1c1eb972d85b5605cb5db7c2c6bc30520ef1b725ec02f3d139c77d64d6a78a6,810,3,2,-18518.326974682524
main_seed0,0,d1c1eb972d85b5605cb5db7c2c6bc30520ef1b725ec02f3d139c77d64d6a78a6,811,1,2,-51136.53567790947
main_seed0,0,d1c1eb972d85b5605cb5db7c2c6bc30520ef1b725ec02f3d139c77d64d6a78a6,811,2,2,-23974.433576351832
main_seed0,0,d1c1eb972d85b5605cb5db7c2c6bc30520ef1b725ec02f3d139c77d64d6a78a6,811,3,2,-20422.995449795075
main_seed0,0,d1c1eb972d85b5605cb5db7c2c6bc30520ef1b725ec02f3d139c77d64d6a78a6,812,1,2,-47520.45205344894
main_seed0,0,d1c1eb972d85b5605cb5db7c2c6bc30520ef1b725ec02f3d139c77d64d6a78a6,812,2,2,-24454.34988880345
main_seed0,0,d1c1eb972d85b5605cb5db7c2c6bc30520ef1b725ec02f3d139c77d64d6a78a6,812,3,2,-23839.686979036123
main_seed0,0,d1c1eb972d85b5605cb5db7c2c6bc30520ef1b725ec02f3d139c77d64d6a78a6,813,1,2,-48448.300499746976
main_seed0,0,d1c1eb972d85b5605cb5db7c2c6bc30520ef1b725ec02f3d139c77d64d6a78a6,813,2,2,-22095.103987771818
main_seed0,0,d1c1eb972d85b5605cb5db7c2c6bc30520ef1b725ec02f3d139c77d64d6a78a6,813,3,2,-21543.027450412563
main_seed0,0,d1c1eb972d85b5605cb5db7c2c6bc30520ef1b725ec02f3d139c77d64d6a78a6,814,1,2,-49768.1788452363
main_seed0,0,d1c1eb972d85b5605cb5db7c2c6bc30520ef1b725ec02f3d139c77d64d6a78a6,814,2,2,-25054.1301926564
main_seed0,0,d1c1eb972d85b5605cb5db7c2c6bc30520ef1b725ec02f3d139c77d64d6a78a6,814,3,2,-24279.76912044716
main_seed0,0,d1c1eb972d85b5605cb5db7c2c6bc30520ef1b725ec02f3d139c77d64d6a78a6,815,1,2,-48678.7592644446
main_seed0,0,d1c1eb972d85b5605cb5db7c2c6bc30520ef1b725ec02f3d139c77d64d6a78a6,815,2,2,-24461.65255539216
main_seed0,0,d1c1eb972d85b5605cb5db7c2c6bc30520ef1b725ec02f3d139c77d64d6a78a6,815,3,2,-20715.979978938405
main_seed0,0,d1c1eb972d85b5605cb5db7c2c6bc30520ef1b725ec02f3d139c77d64d6a78a6,816,1,2,-48530.89317214732
main_seed0,0,d1c1eb972d85b5605cb5db7c2c6bc30520ef1b725ec02f3d139c77d64d6a78a6,816,2,2,-25802.3342101217
main_seed0,0,d1c1eb972d85b5605cb5db7c2c6bc30520ef1b725ec02f3d139c77d64d6a78a6,816,3,2,-20434.000094867744
main_seed0,0,d1c1eb972d85b5605cb5db7c2c6bc30520ef1b725ec02f3d139c77d64d6a78a6,817,1,2,-52643.7738050825
main_seed0,0,d1c1eb972d85b5605cb5db7c2c6bc30520ef1b725ec02f3d139c77d64d6a78a6,817,2,2,-22531.6398217346
main_seed0,0,d1c1eb972d85b5605cb5db7c2c6bc30520ef1b725ec02f3d139c77d64d6a78a6,817,3,2,-18988.1766835868
main_seed0,0,d1c1eb972d85b5605cb5db7c2c6bc30520ef1b725ec02f3d139c77d64d6a78a6,818,1,2,-49673.579677599366
main_seed0,0,d1c1eb972d85b5605cb5db7c2c6bc30520ef1b725ec02f3d139c77d64d6a78a6,818,2,2,-20211.30315032785
main_seed0,0,d1c1eb972d85b5605cb5db7c2c6bc30520ef1b725ec02f3d139c77d64d6a78a6,818,3,2,-19318.031463760348
main_seed0,0,d1c1eb972d85b5605cb5db7c2c6bc30520ef1b725ec02f3d139c77d64d6a78a6,819,1,2,-50047.6461875282
main_seed0,0,d1c1eb972d85b5605cb5db7c2c6bc30520ef1b725ec02f3d139c77d64d6a78a6,819,2,2,-29109.80353433461
main_seed0,0,d1c1eb972d85b5605cb5db7c2c6bc30520ef1b725ec02f3d139c77d64d6a78a6,819,3,2,-20168.28127862897
main_seed0,0,d1c1eb972d85b5605cb5db7c2c6bc30520ef1b725ec02f3d139c77d64d6a78a6,820,1,2,-53458.94527447197
main_seed0,0,d1c1eb972d85b5605cb5db7c2c6bc30520ef1b725ec02f3d139c77d64d6a78a6,820,2,2,-25027.296435230845
main_seed0,0,d1c1eb972d85b5605cb5db7c2c6bc30520ef1b725ec02f3d139c77d64d6a78a6,820,3,2,-20320.79188516371
main_seed0,0,d1c1eb972d85b5605cb5db7c2c6bc30520ef1b725ec02f3d139c77d64d6a78a6,821,1,2,-49926.85479094328
main_seed0,0,d1c1eb972d85b5605cb5db7c2c6bc30520ef1b725ec02f3d139c77d64d6a78a6,821,2,2,-23777.85503138086
main_seed0,0,d1c1eb972d85b5605cb5db7c2c6bc30520ef1b725ec02f3d139c77d64d6a78a6,821,3,2,-18460.031367588093
main_seed0,0,d1c1eb972d85b5605cb5db7c2c6bc30520ef1b725ec02f3d139c77d64d6a78a6,822,1,2,-52179.45703780212
main_seed0,0,d1c1eb972d85b5605cb5db7c2c6bc30520ef1b725ec02f3d139c77d64d6a78a6,822,2,2,-22763.04326324781
main_seed0,0,d1c1eb972d85b5605cb5db7c2c6bc30520ef1b725ec02f3d139c77d64d6a78a6,822,3,2,-24236.342696133957
main_seed0,0,d1c1eb972d85b5605cb5db7c2c6bc30520ef1b725ec02f3d139c77d64d6a78a6,823,1,2,-49381.58546757604
main_seed0,0,d1c1eb972d85b5605cb5db7c2c6bc30520ef1b725ec02f3d139c77d64d6a78a6,823,2,2,-21981.65411966657
main_seed0,0,d1c1eb972d85b5605cb5db7c2c6bc30520ef1b725ec02f3d139c77d64d6a78a6,823,3,2,-19879.34584149396
main_seed0,0,d1c1eb972d85b5605cb5db7c2c6bc30520ef1b725ec02f3d139c77d64d6a78a6,824,1,2,-51946.75103150056
main_seed0,0,d1c1eb972d85b5605cb5db7c2c6bc30520ef1b725ec02f3d139c77d64d6a78a6,824,2,2,-25338.86938642358
main_seed0,0,d1c1eb972d85b5605cb5db7c2c6bc30520ef1b725ec02f3d139c77d64d6a78a6,824,3,2,-21942.916735016828
main_seed0,0,d1c1eb972d85b5605cb5db7c2c6bc30520ef1b725ec02f3d139c77d64d6a78a6,825,1,2,-48895.52579083806
main_seed0,0,d1c1eb972d85b5605cb5db7c2c6bc30520ef1b725ec02f3d139c77d64d6a78a6,825,2,2,-23074.620025721488
main_seed0,0,d1c1eb972d85b5605cb5db7c2c6bc30520ef1b725ec02f3d139c77d64d6a78a6,825,3,2,-20161.703730835052
main_seed0,0,d1c1eb972d85b5605cb5db7c2c6bc30520ef1b725ec02f3d139c77d64d6a78a6,826,1,2,-48044.75815194244
main_seed0,0,d1c1eb972d85b5605cb5db7c2c6bc30520ef1b725ec02f3d139c77d64d6a78a6,826,2,2,-23182.05386463969
main_seed0,0,d1c1eb972d85b5605cb5db7c2c6bc30520ef1b725ec02f3d139c77d64d6a78a6,826,3,2,-17903.114615038314
main_seed0,0,d1c1eb972d85b5605cb5db7c2c6bc30520ef1b725ec02f3d139c77d64d6a78a6,827,1,2,-51001.13520205945
main_seed0,0,d1c1eb972d85b5605cb5db7c2c6bc30520ef1b725ec02f3d139c77d64d6a78a6,827,2,2,-25332.299910373764
main_seed0,0,d1c1eb972d85b5605cb5db7c2c6bc30520ef1b725ec02f3d139c77d64d6a78a6,827,3,2,-19767.7090585172
main_seed0,0,d1c1eb972d85b5605cb5db7c2c6bc30520ef1b725ec02f3d139c77d64d6a78a6,828,1,2,-45988.833100093296
main_seed0,0,d1c1eb972d85b5605cb5db7c2c6bc30520ef1b725ec02f3d139c77d64d6a78a6,828,2,2,-25472.348438165038
main_seed0,0,d1c1eb972d85b5605cb5db7c2c6bc30520ef1b725ec02f3d139c77d64d6a78a6,828,3,2,-23608.694835712588
main_seed0,0,d1c1eb972d85b5605cb5db7c2c6bc30520ef1b725ec02f3d139c77d64d6a78a6,829,1,2,-47653.59938780031
main_seed0,0,d1c1eb972d85b5605cb5db7c2c6bc30520ef1b725ec02f3d139c77d64d6a78a6,829,2,2,-23860.113779541185
main_seed0,0,d1c1eb972d85b5605cb5db7c2c6bc30520ef1b725ec02f3d139c77d64d6a78a6,829,3,2,-24366.148378018363
main_seed0,0,d1c1eb972d85b5605cb5db7c2c6bc30520ef1b725ec02f3d139c77d64d6a78a6,830,1,2,-50444.97234061646
main_seed0,0,d1c1eb972d85b5605cb5db7c2c6bc30520ef1b725ec02f3d139c77d64d6a78a6,830,2,2,-23702.84453095666
main_seed0,0,d1c1eb972d85b5605cb5db7c2c6bc30520ef1b725ec02f3d139c77d64d6a78a6,830,3,2,-20395.47840994358
main_seed0,0,d1c1eb972d85b5605cb5db7c2c6bc30520ef1b725ec02f3d139c77d64d6a78a6,831,1,2,-54595.389692672106
main_seed0,0,d1c1eb972d85b5605cb5db7c2c6bc30520ef1b725ec02f3d139c77d64d6a78a6,831,2,2,-21425.21441262196
main_seed0,0,d1c1eb972d85b5605cb5db7c2c6bc30520ef1b725ec02f3d139c77d64d6a78a6,831,3,2,-19534.947241187623
main_seed0,0,d1c1eb972d85b5605cb5db7c2c6bc30520ef1b725ec02f3d139c77d64d6a78a6,832,1,2,-50597.350136140885
main_seed0,0,d1c1eb972d85b5605cb5db7c2c6bc30520ef1b725ec02f3d139c77d64d6a78a6,832,2,2,-23182.76468833241
main_seed0,0,d1c1eb972d85b5605cb5db7c2c6bc30520ef1b725ec02f3d139c77d64d6a78a6,832,3,2,-22209.779592262865
main_seed0,0,d1c1eb972d85b5605cb5db7c2c6bc30520ef1b725ec02f3d139c77d64d6a78a6,833,1,2,-45413.212473526735
main_seed0,0,d1c1eb972d85b5605cb5db7c2c6bc30520ef1b725ec02f3d139c77d64d6a78a6,833,2,2,-22513.325902237364
main_seed0,0,d1c1eb972d85b5605cb5db7c2c6bc30520ef1b725ec02f3d139c77d64d6a78a6,833,3,2,-19376.693808270968
main_seed0,0,d1c1eb972d85b5605cb5db7c2c6bc30520ef1b725ec02f3d139c77d64d6a78a6,834,1,2,-46445.334825103695
main_seed0,0,d1c1eb972d85b5605cb5db7c2c6bc30520ef1b725ec02f3d139c77d64d6a78a6,834,2,2,-24344.58386377217
main_seed0,0,d1c1eb972d85b5605cb5db7c2c6bc30520ef1b725ec02f3d139c77d64d6a78a6,834,3,2,-20183.089552277383
main_seed0,0,d1c1eb972d85b5605cb5db7c2c6bc30520ef1b725ec02f3d139c77d64d6a78a6,835,1,2,-52580.571816740834
main_seed0,0,d1c1eb972d85b5605cb5db7c2c6bc30520ef1b725ec02f3d139c77d64d6a78a6,835,2,2,-22394.45948769591
main_seed0,0,d1c1eb972d85b5605cb5db7c2c6bc30520ef1b725ec02f3d139c77d64d6a78a6,835,3,2,-17687.665221169053
main_seed0,0,d1c1eb972d85b5605cb5db7c2c6bc30520ef1b725ec02f3d139c77d64d6a78a6,836,1,2,-49493.03674678641
main_seed0,0,d1c1eb972d85b5605cb5db7c2c6bc30520ef1b725ec02f3d139c77d64d6a78a6,836,2,2,-20726.042017159984
main_seed0,0,d1c1eb972d85b5605cb5db7c2c6bc30520ef1b725ec02f3d139c77d64d6a78a6,836,3,2,-19644.403494084727
main_seed0,0,d1c1eb972d85b5605cb5db7c2c6bc30520ef1b725ec02f3d139c77d64d6a78a6,837,1,2,-52558.61117538432
main_seed0,0,d1c1eb972d85b5605cb5db7c2c6bc30520ef1b725ec02f3d139c77d64d6a78a6,837,2,2,-22441.61782027569
main_seed0,0,d1c1eb972d85b5605cb5db7c2c6bc30520ef1b725ec02f3d139c77d64d6a78a6,837,3,2,-19168.927241513964
main_seed0,0,d1c1eb972d85b5605cb5db7c2c6bc30520ef1b725ec02f3d139c77d64d6a78a6,838,1,2,-50295.57282396786
main_seed0,0,d1c1eb972d85b5605cb5db7c2c6bc30520ef1b725ec02f3d139c77d64d6a78a6,838,2,2,-20969.1538927695
main_seed0,0,d1c1eb972d85b5605cb5db7c2c6bc30520ef1b725ec02f3d139c77d64d6a78a6,838,3,2,-18715.62813238083
main_seed0,0,d1c1eb972d85b5605cb5db7c2c6bc30520ef1b725ec02f3d139c77d64d6a78a6,839,1,2,-49881.751678106506
main_seed0,0,d1c1eb972d85b5605cb5db7c2c6bc30520ef1b725ec02f3d139c77d64d6a78a6,839,2,2,-23525.266043205127
main_seed0,0,d1c1eb972d85b5605cb5db7c2c6bc30520ef1b725ec02f3d139c77d64d6a78a6,839,3,2,-19981.25624527948
main_seed0,0,d1c1eb972d85b5605cb5db7c2c6bc30520ef1b725ec02f3d139c77d64d6a78a6,840,1,2,-53844.59458603992
main_seed0,0,d1c1eb972d85b5605cb5db7c2c6bc30520ef1b725ec02f3d139c77d64d6a78a6,840,2,2,-22402.450425396823
main_seed0,0,d1c1eb972d85b5605cb5db7c2c6bc30520ef1b725ec02f3d139c77d64d6a78a6,840,3,2,-19080.873383698323
main_seed0,0,d1c1eb972d85b5605cb5db7c2c6bc30520ef1b725ec02f3d139c77d64d6a78a6,841,1,2,-51555.75129474659
main_seed0,0,d1c1eb972d85b5605cb5db7c2c6bc30520ef1b725ec02f3d139c77d64d6a78a6,841,2,2,-28767.538735336515
main_seed0,0,d1c1eb972d85b5605cb5db7c2c6bc30520ef1b725ec02f3d139c77d64d6a78a6,841,3,2,-21762.591158121308
main_seed0,0,d1c1eb972d85b5605cb5db7c2c6bc30520ef1b725ec02f3d139c77d64d6a78a6,842,1,2,-47190.65457877113
main_seed0,0,d1c1eb972d85b5605cb5db7c2c6bc30520ef1b725ec02f3d139c77d64d6a78a6,842,2,2,-22632.32220099973
main_seed0,0,d1c1eb972d85b5605cb5db7c2c6bc30520ef1b725ec02f3d139c77d64d6a78a6,842,3,2,-20086.291120383143
main_seed0,0,d1c1eb972d85b5605cb5db7c2c6bc30520ef1b725ec02f3d139c77d64d6a78a6,843,1,2,-48705.125010591815
main_seed0,0,d1c1eb972d85b5605cb5db7c2c6bc30520ef1b725ec02f3d139c77d64d6a78a6,843,2,2,-21890.40513151708
main_seed0,0,d1c1eb972d85b5605cb5db7c2c6bc30520ef1b725ec02f3d139c77d64d6a78a6,843,3,2,-18100.368736860102
main_seed0,0,d1c1eb972d85b5605cb5db7c2c6bc30520ef1b725ec02f3d139c77d64d6a78a6,844,1,2,-50551.94415839111
main_seed0,0,d1c1eb972d85b5605cb5db7c2c6bc30520ef1b725ec02f3d139c77d64d6a78a6,844,2,2,-22154.57177704774
main_seed0,0,d1c1eb972d85b5605cb5db7c2c6bc30520ef1b725ec02f3d139c77d64d6a78a6,844,3,2,-18394.682705290048
main_seed0,0,d1c1eb972d85b5605cb5db7c2c6bc30520ef1b725ec02f3d139c77d64d6a78a6,845,1,2,-46959.836282245305
main_seed0,0,d1c1eb972d85b5605cb5db7c2c6bc30520ef1b725ec02f3d139c77d64d6a78a6,845,2,2,-28314.755820278773
main_seed0,0,d1c1eb972d85b5605cb5db7c2c6bc30520ef1b725ec02f3d139c77d64d6a78a6,845,3,2,-18137.97962485636
main_seed0,0,d1c1eb972d85b5605cb5db7c2c6bc30520ef1b725ec02f3d139c77d64d6a78a6,846,1,2,-46374.14743188272
main_seed0,0,d1c1eb972d85b5605cb5db7c2c6bc30520ef1b725ec02f3d139c77d64d6a78a6,846,2,2,-21116.07930249395
main_seed0,0,d1c1eb972d85b5605cb5db7c2c6bc30520ef1b725ec02f3d139c77d64d6a78a6,846,3,2,-22872.329875845226
main_seed0,0,d1c1eb972d85b5605cb5db7c2c6bc30520ef1b725ec02f3d139c77d64d6a78a6,847,1,2,-52812.46943054395
main_seed0,0,d1c1eb972d85b5605cb5db7c2c6bc30520ef1b725ec02f3d139c77d64d6a78a6,847,2,2,-25119.783571923173
main_seed0,0,d1c1eb972d85b5605cb5db7c2c6bc30520ef1b725ec02f3d139c77d64d6a78a6,847,3,2,-18759.806372814102
main_seed0,0,d1c1eb972d85b5605cb5db7c2c6bc30520ef1b725ec02f3d139c77d64d6a78a6,848,1,2,-48146.07807877996
main_seed0,0,d1c1eb972d85b5605cb5db7c2c6bc30520ef1b725ec02f3d139c77d64d6a78a6,848,2,2,-24618.869760049474
main_seed0,0,d1c1eb972d85b5605cb5db7c2c6bc30520ef1b725ec02f3d139c77d64d6a78a6,848,3,2,-20002.7374724858
main_seed0,0,d1c1eb972d85b5605cb5db7c2c6bc30520ef1b725ec02f3d139c77d64d6a78a6,849,1,2,-55743.95603537087
main_seed0,0,d1c1eb972d85b5605cb5db7c2c6bc30520ef1b725ec02f3d139c77d64d6a78a6,849,2,2,-23324.7856740912
main_seed0,0,d1c1eb972d85b5605cb5db7c2c6bc30520ef1b725ec02f3d139c77d64d6a78a6,849,3,2,-18316.05828903068
main_seed0,0,d1c1eb972d85b5605cb5db7c2c6bc30520ef1b725ec02f3d139c77d64d6a78a6,850,1,2,-49335.00260197489
main_seed0,0,d1c1eb972d85b5605cb5db7c2c6bc30520ef1b725ec02f3d139c77d64d6a78a6,850,2,2,-27414.65576843792
main_seed0,0,d1c1eb972d85b5605cb5db7c2c6bc30520ef1b725ec02f3d139c77d64d6a78a6,850,3,2,-22236.12325608605
main_seed0,0,d1c1eb972d85b5605cb5db7c2c6bc30520ef1b725ec02f3d139c77d64d6a78a6,851,1,2,-52556.29988130706
main_seed0,0,d1c1eb972d85b5605cb5db7c2c6bc30520ef1b725ec02f3d139c77d64d6a78a6,851,2,2,-23834.317557118928
main_seed0,0,d1c1eb972d85b5605cb5db7c2c6bc30520ef1b725ec02f3d139c77d64d6a78a6,851,3,2,-19115.66956873548
main_seed0,0,d1c1eb972d85b5605cb5db7c2c6bc30520ef1b725ec02f3d139c77d64d6a78a6,852,1,2,-49148.46014124472
main_seed0,0,d1c1eb972d85b5605cb5db7c2c6bc30520ef1b725ec02f3d139c77d64d6a78a6,852,2,2,-22139.86897902648
main_seed0,0,d1c1eb972d85b5605cb5db7c2c6bc30520ef1b725ec02f3d139c77d64d6a78a6,852,3,2,-19358.81929698623
main_seed0,0,d1c1eb972d85b5605cb5db7c2c6bc30520ef1b725ec02f3d139c77d64d6a78a6,853,1,2,-44939.5928742832
main_seed0,0,d1c1eb972d85b5605cb5db7c2c6bc30520ef1b725ec02f3d139c77d64d6a78a6,853,2,2,-22620.89870752902
main_seed0,0,d1c1eb972d85b5605cb5db7c2c6bc30520ef1b725ec02f3d139c77d64d6a78a6,853,3,2,-16747.39035901099
main_seed0,0,d1c1eb972d85b5605cb5db7c2c6bc30520ef1b725ec02f3d139c77d64d6a78a6,854,1,2,-47185.84185461006
main_seed0,0,d1c1eb972d85b5605cb5db7c2c6bc30520ef1b725ec02f3d139c77d64d6a78a6,854,2,2,-23705.07178709369
main_seed0,0,d1c1eb972d85b5605cb5db7c2c6bc30520ef1b725ec02f3d139c77d64d6a78a6,854,3,2,-23632.528320251586
main_seed0,0,d1c1eb972d85b5605cb5db7c2c6bc30520ef1b725ec02f3d139c77d64d6a78a6,855,1,2,-48494.162236165015
main_seed0,0,d1c1eb972d85b5605cb5db7c2c6bc30520ef1b725ec02f3d139c77d64d6a78a6,855,2,2,-21804.546595965752
main_seed0,0,d1c1eb972d85b5605cb5db7c2c6bc30520ef1b725ec02f3d139c77d64d6a78a6,855,3,2,-19007.79083199039
main_seed0,0,d1c1eb972d85b5605cb5db7c2c6bc30520ef1b725ec02f3d139c77d64d6a78a6,856,1,2,-52948.56160761547
main_seed0,0,d1c1eb972d85b5605cb5db7c2c6bc30520ef1b725ec02f3d139c77d64d6a78a6,856,2,2,-21680.90168860074
main_seed0,0,d1c1eb972d85b5605cb5db7c2c6bc30520ef1b725ec02f3d139c77d64d6a78a6,856,3,2,-19717.926098879176
main_seed0,0,d1c1eb972d85b5605cb5db7c2c6bc30520ef1b725ec02f3d139c77d64d6a78a6,857,1,2,-53720.36523464075
main_seed0,0,d1c1eb972d85b5605cb5db7c2c6bc30520ef1b725ec02f3d139c77d64d6a78a6,857,2,2,-22870.989906034327
main_seed0,0,d1c1eb972d85b5605cb5db7c2c6bc30520ef1b725ec02f3d139c77d64d6a78a6,857,3,2,-22239.85525702736
main_seed0,0,d1c1eb972d85b5605cb5db7c2c6bc30520ef1b725ec02f3d139c77d64d6a78a6,858,1,2,-49025.84777140488
main_seed0,0,d1c1eb972d85b5605cb5db7c2c6bc30520ef1b725ec02f3d139c77d64d6a78a6,858,2,2,-22262.537724155995
main_seed0,0,d1c1eb972d85b5605cb5db7c2c6bc30520ef1b725ec02f3d139c77d64d6a78a6,858,3,2,-20151.326162085126
main_seed0,0,d1c1eb972d85b5605cb5db7c2c6bc30520ef1b725ec02f3d139c77d64d6a78a6,859,1,2,-52417.66592466021
main_seed0,0,d1c1eb972d85b5605cb5db7c2c6bc30520ef1b725ec02f3d139c77d64d6a78a6,859,2,2,-19748.75804234049
main_seed0,0,d1c1eb972d85b5605cb5db7c2c6bc30520ef1b725ec02f3d139c77d64d6a78a6,859,3,2,-23539.654273066863
main_seed0,0,d1c1eb972d85b5605cb5db7c2c6bc30520ef1b725ec02f3d139c77d64d6a78a6,860,1,2,-47636.45824109136
main_seed0,0,d1c1eb972d85b5605cb5db7c2c6bc30520ef1b725ec02f3d139c77d64d6a78a6,860,2,2,-21884.39135063681
main_seed0,0,d1c1eb972d85b5605cb5db7c2c6bc30520ef1b725ec02f3d139c77d64d6a78a6,860,3,2,-19699.611088762114
main_seed0,0,d1c1eb972d85b5605cb5db7c2c6bc30520ef1b725ec02f3d139c77d64d6a78a6,861,1,2,-50209.52709002139
main_seed0,0,d1c1eb972d85b5605cb5db7c2c6bc30520ef1b725ec02f3d139c77d64d6a78a6,861,2,2,-22281.34164561852
main_seed0,0,d1c1eb972d85b5605cb5db7c2c6bc30520ef1b725ec02f3d139c77d64d6a78a6,861,3,2,-21122.26763889146
main_seed0,0,d1c1eb972d85b5605cb5db7c2c6bc30520ef1b725ec02f3d139c77d64d6a78a6,862,1,2,-52428.16653077279
main_seed0,0,d1c1eb972d85b5605cb5db7c2c6bc30520ef1b725ec02f3d139c77d64d6a78a6,862,2,2,-19875.21318274376
main_seed0,0,d1c1eb972d85b5605cb5db7c2c6bc30520ef1b725ec02f3d139c77d64d6a78a6,862,3,2,-19388.88779570326
main_seed0,0,d1c1eb972d85b5605cb5db7c2c6bc30520ef1b725ec02f3d139c77d64d6a78a6,863,1,2,-48363.95341554789
main_seed0,0,d1c1eb972d85b5605cb5db7c2c6bc30520ef1b725ec02f3d139c77d64d6a78a6,863,2,2,-20775.66469958608
main_seed0,0,d1c1eb972d85b5605cb5db7c2c6bc30520ef1b725ec02f3d139c77d64d6a78a6,863,3,2,-18724.676284857727
main_seed0,0,d1c1eb972d85b5605cb5db7c2c6bc30520ef1b725ec02f3d139c77d64d6a78a6,864,1,2,-48437.33446288125
main_seed0,0,d1c1eb972d85b5605cb5db7c2c6bc30520ef1b725ec02f3d139c77d64d6a78a6,864,2,2,-22435.72747104099
main_seed0,0,d1c1eb972d85b5605cb5db7c2c6bc30520ef1b725ec02f3d139c77d64d6a78a6,864,3,2,-17899.8938222754
main_seed0,0,d1c1eb972d85b5605cb5db7c2c6bc30520ef1b725ec02f3d139c77d64d6a78a6,865,1,2,-48610.150147519525
main_seed0,0,d1c1eb972d85b5605cb5db7c2c6bc30520ef1b725ec02f3d139c77d64d6a78a6,865,2,2,-21478.358651564115
main_seed0,0,d1c1eb972d85b5605cb5db7c2c6bc30520ef1b725ec02f3d139c77d64d6a78a6,865,3,2,-20275.32566684985
main_seed0,0,d1c1eb972d85b5605cb5db7c2c6bc30520ef1b725ec02f3d139c77d64d6a78a6,866,1,2,-52858.93655343984
main_seed0,0,d1c1eb972d85b5605cb5db7c2c6bc30520ef1b725ec02f3d139c77d64d6a78a6,866,2,2,-19346.9628349193
main_seed0,0,d1c1eb972d85b5605cb5db7c2c6bc30520ef1b725ec02f3d139c77d64d6a78a6,866,3,2,-18536.487507476857
main_seed0,0,d1c1eb972d85b5605cb5db7c2c6bc30520ef1b725ec02f3d139c77d64d6a78a6,867,1,2,-48761.01604034472
main_seed0,0,d1c1eb972d85b5605cb5db7c2c6bc30520ef1b725ec02f3d139c77d64d6a78a6,867,2,2,-24248.376428931355
main_seed0,0,d1c1eb972d85b5605cb5db7c2c6bc30520ef1b725ec02f3d139c77d64d6a78a6,867,3,2,-19537.181032387474
main_seed0,0,d1c1eb972d85b5605cb5db7c2c6bc30520ef1b725ec02f3d139c77d64d6a78a6,868,1,2,-48824.8743866765
main_seed0,0,d1c1eb972d85b5605cb5db7c2c6bc30520ef1b725ec02f3d139c77d64d6a78a6,868,2,2,-20266.8623000646
main_seed0,0,d1c1eb972d85b5605cb5db7c2c6bc30520ef1b725ec02f3d139c77d64d6a78a6,868,3,2,-17760.94569094333
main_seed0,0,d1c1eb972d85b5605cb5db7c2c6bc30520ef1b725ec02f3d139c77d64d6a78a6,869,1,2,-49914.437680545394
main_seed0,0,d1c1eb972d85b5605cb5db7c2c6bc30520ef1b725ec02f3d139c77d64d6a78a6,869,2,2,-21806.853842038312
main_seed0,0,d1c1eb972d85b5605cb5db7c2c6bc30520ef1b725ec02f3d139c77d64d6a78a6,869,3,2,-19530.660006291346
main_seed0,0,d1c1eb972d85b5605cb5db7c2c6bc30520ef1b725ec02f3d139c77d64d6a78a6,870,1,2,-52477.60105592075
main_seed0,0,d1c1eb972d85b5605cb5db7c2c6bc30520ef1b725ec02f3d139c77d64d6a78a6,870,2,2,-20484.993644803457
main_seed0,0,d1c1eb972d85b5605cb5db7c2c6bc30520ef1b725ec02f3d139c77d64d6a78a6,870,3,2,-20112.940937607287
main_seed0,0,d1c1eb972d85b5605cb5db7c2c6bc30520ef1b725ec02f3d139c77d64d6a78a6,871,1,2,-47296.421043369744
main_seed0,0,d1c1eb972d85b5605cb5db7c2c6bc30520ef1b725ec02f3d139c77d64d6a78a6,871,2,2,-22618.644060339742
main_seed0,0,d1c1eb972d85b5605cb5db7c2c6bc30520ef1b725ec02f3d139c77d64d6a78a6,871,3,2,-18849.55922709467
main_seed0,0,d1c1eb972d85b5605cb5db7c2c6bc30520ef1b725ec02f3d139c77d64d6a78a6,872,1,2,-51978.35989939222
main_seed0,0,d1c1eb972d85b5605cb5db7c2c6bc30520ef1b725ec02f3d139c77d64d6a78a6,872,2,2,-19798.76727928562
main_seed0,0,d1c1eb972d85b5605cb5db7c2c6bc30520ef1b725ec02f3d139c77d64d6a78a6,872,3,2,-21290.929564343747
main_seed0,0,d1c1eb972d85b5605cb5db7c2c6bc30520ef1b725ec02f3d139c77d64d6a78a6,873,1,2,-49665.07296655378
main_seed0,0,d1c1eb972d85b5605cb5db7c2c6bc30520ef1b725ec02f3d139c77d64d6a78a6,873,2,2,-21636.19818922531
main_seed0,0,d1c1eb972d85b5605cb5db7c2c6bc30520ef1b725ec02f3d139c77d64d6a78a6,873,3,2,-23170.097655373
main_seed0,0,d1c1eb972d85b5605cb5db7c2c6bc30520ef1b725ec02f3d139c77d64d6a78a6,874,1,2,-51950.64647718114
main_seed0,0,d1c1eb972d85b5605cb5db7c2c6bc30520ef1b725ec02f3d139c77d64d6a78a6,874,2,2,-20841.138011195697
main_seed0,0,d1c1eb972d85b5605cb5db7c2c6bc30520ef1b725ec02f3d139c77d64d6a78a6,874,3,2,-21543.84625002803
main_seed0,0,d1c1eb972d85b5605cb5db7c2c6bc30520ef1b725ec02f3d139c77d64d6a78a6,875,1,2,-47907.053817581
main_seed0,0,d1c1eb972d85b5605cb5db7c2c6bc30520ef1b725ec02f3d139c77d64d6a78a6,875,2,2,-21787.65356521397
main_seed0,0,d1c1eb972d85b5605cb5db7c2c6bc30520ef1b725ec02f3d139c77d64d6a78a6,875,3,2,-21550.673037005625
main_seed0,0,d1c1eb972d85b5605cb5db7c2c6bc30520ef1b725ec02f3d139c77d64d6a78a6,876,1,2,-48257.96741085994
main_seed0,0,d1c1eb972d85b5605cb5db7c2c6bc30520ef1b725ec02f3d139c77d64d6a78a6,876,2,2,-21696.392601769163
main_seed0,0,d1c1eb972d85b5605cb5db7c2c6bc30520ef1b725ec02f3d139c77d64d6a78a6,876,3,2,-20050.843534982603
main_seed0,0,d1c1eb972d85b5605cb5db7c2c6bc30520ef1b725ec02f3d139c77d64d6a78a6,877,1,2,-51599.79902670411
main_seed0,0,d1c1eb972d85b5605cb5db7c2c6bc30520ef1b725ec02f3d139c77d64d6a78a6,877,2,2,-22191.39763809556
main_seed0,0,d1c1eb972d85b5605cb5db7c2c6bc30520ef1b725ec02f3d139c77d64d6a78a6,877,3,2,-20521.779768530658
main_seed0,0,d1c1eb972d85b5605cb5db7c2c6bc30520ef1b725ec02f3d139c77d64d6a78a6,878,1,2,-52469.67386260252
main_seed0,0,d1c1eb972d85b5605cb5db7c2c6bc30520ef1b725ec02f3d139c77d64d6a78a6,878,2,2,-20931.886810718537
main_seed0,0,d1c1eb972d85b5605cb5db7c2c6bc30520ef1b725ec02f3d139c77d64d6a78a6,878,3,2,-19054.573095705902
main_seed0,0,d1c1eb972d85b5605cb5db7c2c6bc30520ef1b725ec02f3d139c77d64d6a78a6,879,1,2,-52263.01674966578
main_seed0,0,d1c1eb972d85b5605cb5db7c2c6bc30520ef1b725ec02f3d139c77d64d6a78a6,879,2,2,-21706.411662148334
main_seed0,0,d1c1eb972d85b5605cb5db7c2c6bc30520ef1b725ec02f3d139c77d64d6a78a6,879,3,2,-20213.196372872408
main_seed0,0,d1c1eb972d85b5605cb5db7c2c6bc30520ef1b725ec02f3d139c77d64d6a78a6,880,1,2,-50090.43703164842
main_seed0,0,d1c1eb972d85b5605cb5db7c2c6bc30520ef1b725ec02f3d139c77d64d6a78a6,880,2,2,-22571.500963707767
main_seed0,0,d1c1eb972d85b5605cb5db7c2c6bc30520ef1b725ec02f3d139c77d64d6a78a6,880,3,2,-18994.770305110385
main_seed0,0,d1c1eb972d85b5605cb5db7c2c6bc30520ef1b725ec02f3d139c77d64d6a78a6,881,1,2,-49296.52876824648
main_seed0,0,d1c1eb972d85b5605cb5db7c2c6bc30520ef1b725ec02f3d139c77d64d6a78a6,881,2,2,-20096.000549328503
main_seed0,0,d1c1eb972d85b5605cb5db7c2c6bc30520ef1b725ec02f3d139c77d64d6a78a6,881,3,2,-21178.21098614052
main_seed0,0,d1c1eb972d85b5605cb5db7c2c6bc30520ef1b725ec02f3d139c77d64d6a78a6,882,1,2,-53596.30361337488
main_seed0,0,d1c1eb972d85b5605cb5db7c2c6bc30520ef1b725ec02f3d139c77d64d6a78a6,882,2,2,-22978.5948699176
main_seed0,0,d1c1eb972d85b5605cb5db7c2c6bc30520ef1b725ec02f3d139c77d64d6a78a6,882,3,2,-20841.39330548488
main_seed0,0,d1c1eb972d85b5605cb5db7c2c6bc30520ef1b725ec02f3d139c77d64d6a78a6,883,1,2,-48265.86472983801
main_seed0,0,d1c1eb972d85b5605cb5db7c2c6bc30520ef1b725ec02f3d139c77d64d6a78a6,883,2,2,-24237.448562748217
main_seed0,0,d1c1eb972d85b5605cb5db7c2c6bc30520ef1b725ec02f3d139c77d64d6a78a6,883,3,2,-18244.91555380382
main_seed0,0,d1c1eb972d85b5605cb5db7c2c6bc30520ef1b725ec02f3d139c77d64d6a78a6,884,1,2,-48788.57829235314
main_seed0,0,d1c1eb972d85b5605cb5db7c2c6bc30520ef1b725ec02f3d139c77d64d6a78a6,884,2,2,-22198.87654991844
main_seed0,0,d1c1eb972d85b5605cb5db7c2c6bc30520ef1b725ec02f3d139c77d64d6a78a6,884,3,2,-20327.490472241763
main_seed0,0,d1c1eb972d85b5605cb5db7c2c6bc30520ef1b725ec02f3d139c77d64d6a78a6,885,1,2,-50050.4857340046
main_seed0,0,d1c1eb972d85b5605cb5db7c2c6bc30520ef1b725ec02f3d139c77d64d6a78a6,885,2,2,-20005.38160343428
main_seed0,0,d1c1eb972d85b5605cb5db7c2c6bc30520ef1b725ec02f3d139c77d64d6a78a6,885,3,2,-19161.44926896146
main_seed0,0,d1c1eb972d85b5605cb5db7c2c6bc30520ef1b725ec02f3d139c77d64d6a78a6,886,1,2,-51427.28028578025
main_seed0,0,d1c1eb972d85b5605cb5db7c2c6bc30520ef1b725ec02f3d139c77d64d6a78a6,886,2,2,-20606.578389179333
main_seed0,0,d1c1eb972d85b5605cb5db7c2c6bc30520ef1b725ec02f3d139c77d64d6a78a6,886,3,2,-19639.536630115475
main_seed0,0,d1c1eb972d85b5605cb5db7c2c6bc30520ef1b725ec02f3d139c77d64d6a78a6,887,1,2,-52936.58954684533
main_seed0,0,d1c1eb972d85b5605cb5db7c2c6bc30520ef1b725ec02f3d139c77d64d6a78a6,887,2,2,-21992.771685355143
main_seed0,0,d1c1eb972d85b5605cb5db7c2c6bc30520ef1b725ec02f3d139c77d64d6a78a6,887,3,2,-22243.65936802549
main_seed0,0,d1c1eb972d85b5605cb5db7c2c6bc30520ef1b725ec02f3d139c77d64d6a78a6,888,1,2,-47336.98807450285
main_seed0,0,d1c1eb972d85b5605cb5db7c2c6bc30520ef1b725ec02f3d139c77d64d6a78a6,888,2,2,-22970.62175894469
main_seed0,0,d1c1eb972d85b5605cb5db7c2c6bc30520ef1b725ec02f3d139c77d64d6a78a6,888,3,2,-18833.933018246094
main_seed0,0,d1c1eb972d85b5605cb5db7c2c6bc30520ef1b725ec02f3d139c77d64d6a78a6,889,1,2,-49915.5198222943
main_seed0,0,d1c1eb972d85b5605cb5db7c2c6bc30520ef1b725ec02f3d139c77d64d6a78a6,889,2,2,-22623.173531013323
main_seed0,0,d1c1eb972d85b5605cb5db7c2c6bc30520ef1b725ec02f3d139c77d64d6a78a6,889,3,2,-22123.687261632145
main_seed0,0,d1c1eb972d85b5605cb5db7c2c6bc30520ef1b725ec02f3d139c77d64d6a78a6,890,1,2,-48441.52472226256
main_seed0,0,d1c1eb972d85b5605cb5db7c2c6bc30520ef1b725ec02f3d139c77d64d6a78a6,890,2,2,-23441.20132420784
main_seed0,0,d1c1eb972d85b5605cb5db7c2c6bc30520ef1b725ec02f3d139c77d64d6a78a6,890,3,2,-19612.736751659628
main_seed0,0,d1c1eb972d85b5605cb5db7c2c6bc30520ef1b725ec02f3d139c77d64d6a78a6,891,1,2,-52248.9413278009
main_seed0,0,d1c1eb972d85b5605cb5db7c2c6bc30520ef1b725ec02f3d139c77d64d6a78a6,891,2,2,-20717.192980365195
main_seed0,0,d1c1eb972d85b5605cb5db7c2c6bc30520ef1b725ec02f3d139c77d64d6a78a6,891,3,2,-20168.053086425894
main_seed0,0,d1c1eb972d85b5605cb5db7c2c6bc30520ef1b725ec02f3d139c77d64d6a78a6,892,1,2,-48000.07900625188
main_seed0,0,d1c1eb972d85b5605cb5db7c2c6bc30520ef1b725ec02f3d139c77d64d6a78a6,892,2,2,-21259.30962658579
main_seed0,0,d1c1eb972d85b5605cb5db7c2c6bc30520ef1b725ec02f3d139c77d64d6a78a6,892,3,2,-19993.28010563663
main_seed0,0,d1c1eb972d85b5605cb5db7c2c6bc30520ef1b725ec02f3d139c77d64d6a78a6,893,1,2,-50320.90758086785
main_seed0,0,d1c1eb972d85b5605cb5db7c2c6bc30520ef1b725ec02f3d139c77d64d6a78a6,893,2,2,-22752.804257495285
main_seed0,0,d1c1eb972d85b5605cb5db7c2c6bc30520ef1b725ec02f3d139c77d64d6a78a6,893,3,2,-22417.57894355188
main_seed0,0,d1c1eb972d85b5605cb5db7c2c6bc30520ef1b725ec02f3d139c77d64d6a78a6,894,1,2,-49035.21736151703
main_seed0,0,d1c1eb972d85b5605cb5db7c2c6bc30520ef1b725ec02f3d139c77d64d6a78a6,894,2,2,-21159.90761502667
main_seed0,0,d1c1eb972d85b5605cb5db7c2c6bc30520ef1b725ec02f3d139c77d64d6a78a6,894,3,2,-17940.573904315163
main_seed0,0,d1c1eb972d85b5605cb5db7c2c6bc30520ef1b725ec02f3d139c77d64d6a78a6,895,1,2,-52224.57280857991
main_seed0,0,d1c1eb972d85b5605cb5db7c2c6bc30520ef1b725ec02f3d139c77d64d6a78a6,895,2,2,-22382.478313940355
main_seed0,0,d1c1eb972d85b5605cb5db7c2c6bc30520ef1b725ec02f3d139c77d64d6a78a6,895,3,2,-21053.172446157485
main_seed0,0,d1c1eb972d85b5605cb5db7c2c6bc30520ef1b725ec02f3d139c77d64d6a78a6,896,1,2,-53189.190745699365
main_seed0,0,d1c1eb972d85b5605cb5db7c2c6bc30520ef1b725ec02f3d139c77d64d6a78a6,896,2,2,-19932.14670800627
main_seed0,0,d1c1eb972d85b5605cb5db7c2c6bc30520ef1b725ec02f3d139c77d64d6a78a6,896,3,2,-22496.932752939992
main_seed0,0,d1c1eb972d85b5605cb5db7c2c6bc30520ef1b725ec02f3d139c77d64d6a78a6,897,1,2,-48385.93971932223
main_seed0,0,d1c1eb972d85b5605cb5db7c2c6bc30520ef1b725ec02f3d139c77d64d6a78a6,897,2,2,-20809.907479022477
main_seed0,0,d1c1eb972d85b5605cb5db7c2c6bc30520ef1b725ec02f3d139c77d64d6a78a6,897,3,2,-18954.995767520537
main_seed0,0,d1c1eb972d85b5605cb5db7c2c6bc30520ef1b725ec02f3d139c77d64d6a78a6,898,1,2,-52696.47056874485
main_seed0,0,d1c1eb972d85b5605cb5db7c2c6bc30520ef1b725ec02f3d139c77d64d6a78a6,898,2,2,-23546.98380909339
main_seed0,0,d1c1eb972d85b5605cb5db7c2c6bc30520ef1b725ec02f3d139c77d64d6a78a6,898,3,2,-20169.328142513765
main_seed0,0,d1c1eb972d85b5605cb5db7c2c6bc30520ef1b725ec02f3d139c77d64d6a78a6,899,1,2,-50399.18465592579
main_seed0,0,d1c1eb972d85b5605cb5db7c2c6bc30520ef1b725ec02f3d139c77d64d6a78a6,899,2,2,-19796.5652496262
main_seed0,0,d1c1eb972d85b5605cb5db7c2c6bc30520ef1b725ec02f3d139c77d64d6a78a6,899,3,2,-18584.06923216381
main_seed0,0,d1c1eb972d85b5605cb5db7c2c6bc30520ef1b725ec02f3d139c77d64d6a78a6,900,1,2,-45746.80495496772
main_seed0,0,d1c1eb972d85b5605cb5db7c2c6bc30520ef1b725ec02f3d139c77d64d6a78a6,900,2,2,-19495.02404276149
main_seed0,0,d1c1eb972d85b5605cb5db7c2c6bc30520ef1b725ec02f3d139c77d64d6a78a6,900,3,2,-21268.406551308028
main_seed0,0,d1c1eb972d85b5605cb5db7c2c6bc30520ef1b725ec02f3d139c77d64d6a78a6,901,1,2,-49642.9008790541
main_seed0,0,d1c1eb972d85b5605cb5db7c2c6bc30520ef1b725ec02f3d139c77d64d6a78a6,901,2,2,-19291.529547559658
main_seed0,0,d1c1eb972d85b5605cb5db7c2c6bc30520ef1b725ec02f3d139c77d64d6a78a6,901,3,2,-19912.38709561552
main_seed0,0,d1c1eb972d85b5605cb5db7c2c6bc30520ef1b725ec02f3d139c77d64d6a78a6,902,1,2,-52447.51251048147
main_seed0,0,d1c1eb972d85b5605cb5db7c2c6bc30520ef1b725ec02f3d139c77d64d6a78a6,902,2,2,-21143.22147619982
main_seed0,0,d1c1eb972d85b5605cb5db7c2c6bc30520ef1b725ec02f3d139c77d64d6a78a6,902,3,2,-18470.797190024576
main_seed0,0,d1c1eb972d85b5605cb5db7c2c6bc30520ef1b725ec02f3d139c77d64d6a78a6,903,1,2,-54290.10197988619
main_seed0,0,d1c1eb972d85b5605cb5db7c2c6bc30520ef1b725ec02f3d139c77d64d6a78a6,903,2,2,-22221.41565465318
main_seed0,0,d1c1eb972d85b5605cb5db7c2c6bc30520ef1b725ec02f3d139c77d64d6a78a6,903,3,2,-18757.06492783917
main_seed0,0,d1c1eb972d85b5605cb5db7c2c6bc30520ef1b725ec02f3d139c77d64d6a78a6,904,1,2,-49656.88696236252
main_seed0,0,d1c1eb972d85b5605cb5db7c2c6bc30520ef1b725ec02f3d139c77d64d6a78a6,904,2,2,-20734.321930302176
main_seed0,0,d1c1eb972d85b5605cb5db7c2c6bc30520ef1b725ec02f3d139c77d64d6a78a6,904,3,2,-20360.172703620126
main_seed0,0,d1c1eb972d85b5605cb5db7c2c6bc30520ef1b725ec02f3d139c77d64d6a78a6,905,1,2,-51788.10567700596
main_seed0,0,d1c1eb972d85b5605cb5db7c2c6bc30520ef1b725ec02f3d139c77d64d6a78a6,905,2,2,-21031.11869550284
main_seed0,0,d1c1eb972d85b5605cb5db7c2c6bc30520ef1b725ec02f3d139c77d64d6a78a6,905,3,2,-19214.665133646173
main_seed0,0,d1c1eb972d85b5605cb5db7c2c6bc30520ef1b725ec02f3d139c77d64d6a78a6,906,1,2,-51755.15005692313
main_seed0,0,d1c1eb972d85b5605cb5db7c2c6bc30520ef1b725ec02f3d139c77d64d6a78a6,906,2,2,-19686.72299447128
main_seed0,0,d1c1eb972d85b5605cb5db7c2c6bc30520ef1b725ec02f3d139c77d64d6a78a6,906,3,2,-19418.25606658788
main_seed0,0,d1c1eb972d85b5605cb5db7c2c6bc30520ef1b725ec02f3d139c77d64d6a78a6,907,1,2,-50471.893529671885
main_seed0,0,d1c1eb972d85b5605cb5db7c2c6bc30520ef1b725ec02f3d139c77d64d6a78a6,907,2,2,-21202.404961063243
main_seed0,0,d1c1eb972d85b5605cb5db7c2c6bc30520ef1b725ec02f3d139c77d64d6a78a6,907,3,2,-20243.518965183222
main_seed0,0,d1c1eb972d85b5605cb5db7c2c6bc30520ef1b725ec02f3d139c77d64d6a78a6,908,1,2,-50793.16194610149
main_seed0,0,d1c1eb972d85b5605cb5db7c2c6bc30520ef1b725ec02f3d139c77d64d6a78a6,908,2,2,-19699.83880763004
main_seed0,0,d1c1eb972d85b5605cb5db7c2c6bc30520ef1b725ec02f3d139c77d64d6a78a6,908,3,2,-22303.75524688929
main_seed0,0,d1c1eb972d85b5605cb5db7c2c6bc30520ef1b725ec02f3d139c77d64d6a78a6,909,1,2,-48488.960240182016
main_seed0,0,d1c1eb972d85b5605cb5db7c2c6bc30520ef1b725ec02f3d139c77d64d6a78a6,909,2,2,-21187.24666261349
main_seed0,0,d1c1eb972d85b5605cb5db7c2c6bc30520ef1b725ec02f3d139c77d64d6a78a6,909,3,2,-19861.978727199075
main_seed0,0,d1c1eb972d85b5605cb5db7c2c6bc30520ef1b725ec02f3d139c77d64d6a78a6,910,1,2,-48326.19929486252
main_seed0,0,d1c1eb972d85b5605cb5db7c2c6bc30520ef1b725ec02f3d139c77d64d6a78a6,910,2,2,-19524.30986998321
main_seed0,0,d1c1eb972d85b5605cb5db7c2c6bc30520ef1b725ec02f3d139c77d64d6a78a6,910,3,2,-20506.53977085284
main_seed0,0,d1c1eb972d85b5605cb5db7c2c6bc30520ef1b725ec02f3d139c77d64d6a78a6,911,1,2,-48779.78225510593
main_seed0,0,d1c1eb972d85b5605cb5db7c2c6bc30520ef1b725ec02f3d139c77d64d6a78a6,911,2,2,-23018.40830103946
main_seed0,0,d1c1eb972d85b5605cb5db7c2c6bc30520ef1b725ec02f3d139c77d64d6a78a6,911,3,2,-20135.45810389862
main_seed0,0,d1c1eb972d85b5605cb5db7c2c6bc30520ef1b725ec02f3d139c77d64d6a78a6,912,1,2,-47899.03020366228
main_seed0,0,d1c1eb972d85b5605cb5db7c2c6bc30520ef1b725ec02f3d139c77d64d6a78a6,912,2,2,-22417.809831846687
main_seed0,0,d1c1eb972d85b5605cb5db7c2c6bc30520ef1b725ec02f3d139c77d64d6a78a6,912,3,2,-20431.95167030528
main_seed0,0,d1c1eb972d85b5605cb5db7c2c6bc30520ef1b725ec02f3d139c77d64d6a78a6,913,1,2,-51650.19988501421
main_seed0,0,d1c1eb972d85b5605cb5db7c2c6bc30520ef1b725ec02f3d139c77d64d6a78a6,913,2,2,-22660.274855819684
main_seed0,0,d1c1eb972d85b5605cb5db7c2c6bc30520ef1b725ec02f3d139c77d64d6a78a6,913,3,2,-21370.25918778392
main_seed0,0,d1c1eb972d85b5605cb5db7c2c6bc30520ef1b725ec02f3d139c77d64d6a78a6,914,1,2,-50491.84256943041
main_seed0,0,d1c1eb972d85b5605cb5db7c2c6bc30520ef1b725ec02f3d139c77d64d6a78a6,914,2,2,-22509.290705638232
main_seed0,0,d1c1eb972d85b5605cb5db7c2c6bc30520ef1b725ec02f3d139c77d64d6a78a6,914,3,2,-21466.58130948534
main_seed0,0,d1c1eb972d85b5605cb5db7c2c6bc30520ef1b725ec02f3d139c77d64d6a78a6,915,1,2,-51157.57255744911
main_seed0,0,d1c1eb972d85b5605cb5db7c2c6bc30520ef1b725ec02f3d139c77d64d6a78a6,915,2,2,-19642.92991557932
main_seed0,0,d1c1eb972d85b5605cb5db7c2c6bc30520ef1b725ec02f3d139c77d64d6a78a6,915,3,2,-19633.711978894586
main_seed0,0,d1c1eb972d85b5605cb5db7c2c6bc30520ef1b725ec02f3d139c77d64d6a78a6,916,1,2,-50702.1424079228
main_seed0,0,d1c1eb972d85b5605cb5db7c2c6bc30520ef1b725ec02f3d139c77d64d6a78a6,916,2,2,-22703.58915040359
main_seed0,0,d1c1eb972d85b5605cb5db7c2c6bc30520ef1b725ec02f3d139c77d64d6a78a6,916,3,2,-20039.337005211943
main_seed0,0,d1c1eb972d85b5605cb5db7c2c6bc30520ef1b725ec02f3d139c77d64d6a78a6,917,1,2,-52140.61604851211
main_seed0,0,d1c1eb972d85b5605cb5db7c2c6bc30520ef1b725ec02f3d139c77d64d6a78a6,917,2,2,-20157.635521375763
main_seed0,0,d1c1eb972d85b5605cb5db7c2c6bc30520ef1b725ec02f3d139c77d64d6a78a6,917,3,2,-18209.942905136697
main_seed0,0,d1c1eb972d85b5605cb5db7c2c6bc30520ef1b725ec02f3d139c77d64d6a78a6,918,1,2,-48290.65281712892
main_seed0,0,d1c1eb972d85b5605cb5db7c2c6bc30520ef1b725ec02f3d139c77d64d6a78a6,918,2,2,-23099.701108861373
main_seed0,0,d1c1eb972d85b5605cb5db7c2c6bc30520ef1b725ec02f3d139c77d64d6a78a6,918,3,2,-17686.782249360345
main_seed0,0,d1c1eb972d85b5605cb5db7c2c6bc30520ef1b725ec02f3d139c77d64d6a78a6,919,1,2,-50019.96886418252
main_seed0,0,d1c1eb972d85b5605cb5db7c2c6bc30520ef1b725ec02f3d139c77d64d6a78a6,919,2,2,-22647.17467814443
main_seed0,0,d1c1eb972d85b5605cb5db7c2c6bc30520ef1b725ec02f3d139c77d64d6a78a6,919,3,2,-18472.22869378096
main_seed0,0,d1c1eb972d85b5605cb5db7c2c6bc30520ef1b725ec02f3d139c77d64d6a78a6,920,1,2,-46200.038909675546
main_seed0,0,d1c1eb972d85b5605cb5db7c2c6bc30520ef1b725ec02f3d139c77d64d6a78a6,920,2,2,-22671.671972554403
main_seed0,0,d1c1eb972d85b5605cb5db7c2c6bc30520ef1b725ec02f3d139c77d64d6a78a6,920,3,2,-21900.1765614564
main_seed0,0,d1c1eb972d85b5605cb5db7c2c6bc30520ef1b725ec02f3d139c77d64d6a78a6,921,1,2,-51054.49892206075
main_seed0,0,d1c1eb972d85b5605cb5db7c2c6bc30520ef1b725ec02f3d139c77d64d6a78a6,921,2,2,-22930.09950306468
main_seed0,0,d1c1eb972d85b5605cb5db7c2c6bc30520ef1b725ec02f3d139c77d64d6a78a6,921,3,2,-20510.56305558337
main_seed0,0,d1c1eb972d85b5605cb5db7c2c6bc30520ef1b725ec02f3d139c77d64d6a78a6,922,1,2,-49712.30196739503
main_seed0,0,d1c1eb972d85b5605cb5db7c2c6bc30520ef1b725ec02f3d139c77d64d6a78a6,922,2,2,-20650.701729537806
main_seed0,0,d1c1eb972d85b5605cb5db7c2c6bc30520ef1b725ec02f3d139c77d64d6a78a6,922,3,2,-19786.29543630901
main_seed0,0,d1c1eb972d85b5605cb5db7c2c6bc30520ef1b725ec02f3d139c77d64d6a78a6,923,1,2,-50560.76655331627
main_seed0,0,d1c1eb972d85b5605cb5db7c2c6bc30520ef1b725ec02f3d139c77d64d6a78a6,923,2,2,-19128.46840605057
main_seed0,0,d1c1eb972d85b5605cb5db7c2c6bc30520ef1b725ec02f3d139c77d64d6a78a6,923,3,2,-17887.38446222449
main_seed0,0,d1c1eb972d85b5605cb5db7c2c6bc30520ef1b725ec02f3d139c77d64d6a78a6,924,1,2,-50679.81145076742
main_seed0,0,d1c1eb972d85b5605cb5db7c2c6bc30520ef1b725ec02f3d139c77d64d6a78a6,924,2,2,-21757.810591681653
main_seed0,0,d1c1eb972d85b5605cb5db7c2c6bc30520ef1b725ec02f3d139c77d64d6a78a6,924,3,2,-22956.625395391893
main_seed0,0,d1c1eb972d85b5605cb5db7c2c6bc30520ef1b725ec02f3d139c77d64d6a78a6,925,1,2,-48526.92294647078
main_seed0,0,d1c1eb972d85b5605cb5db7c2c6bc30520ef1b725ec02f3d139c77d64d6a78a6,925,2,2,-23037.14861566612
main_seed0,0,d1c1eb972d85b5605cb5db7c2c6bc30520ef1b725ec02f3d139c77d64d6a78a6,925,3,2,-18974.56423429861
main_seed0,0,d1c1eb972d85b5605cb5db7c2c6bc30520ef1b725ec02f3d139c77d64d6a78a6,926,1,2,-51133.81110656217
main_seed0,0,d1c1eb972d85b5605cb5db7c2c6bc30520ef1b725ec02f3d139c77d64d6a78a6,926,2,2,-20702.669913977712
main_seed0,0,d1c1eb972d85b5605cb5db7c2c6bc30520ef1b725ec02f3d139c77d64d6a78a6,926,3,2,-21631.10275223366
main_seed0,0,d1c1eb972d85b5605cb5db7c2c6bc30520ef1b725ec02f3d139c77d64d6a78a6,927,1,2,-50418.106326941066
main_seed0,0,d1c1eb972d85b5605cb5db7c2c6bc30520ef1b725ec02f3d139c77d64d6a78a6,927,2,2,-20930.904244786605
main_seed0,0,d1c1eb972d85b5605cb5db7c2c6bc30520ef1b725ec02f3d139c77d64d6a78a6,927,3,2,-20418.2543547327
main_seed0,0,d1c1eb972d85b5605cb5db7c2c6bc30520ef1b725ec02f3d139c77d64d6a78a6,928,1,2,-48738.17731094582
main_seed0,0,d1c1eb972d85b5605cb5db7c2c6bc30520ef1b725ec02f3d139c77d64d6a78a6,928,2,2,-21464.74324897564
main_seed0,0,d1c1eb972d85b5605cb5db7c2c6bc30520ef1b725ec02f3d139c77d64d6a78a6,928,3,2,-17920.84218271247
main_seed0,0,d1c1eb972d85b5605cb5db7c2c6bc30520ef1b725ec02f3d139c77d64d6a78a6,929,1,2,-45213.84339927464
main_seed0,0,d1c1eb972d85b5605cb5db7c2c6bc30520ef1b725ec02f3d139c77d64d6a78a6,929,2,2,-20622.87224465512
main_seed0,0,d1c1eb972d85b5605cb5db7c2c6bc30520ef1b725ec02f3d139c77d64d6a78a6,929,3,2,-17510.362260294143
main_seed0,0,d1c1eb972d85b5605cb5db7c2c6bc30520ef1b725ec02f3d139c77d64d6a78a6,930,1,2,-48825.02966049255
main_seed0,0,d1c1eb972d85b5605cb5db7c2c6bc30520ef1b725ec02f3d139c77d64d6a78a6,930,2,2,-20339.63912335192
main_seed0,0,d1c1eb972d85b5605cb5db7c2c6bc30520ef1b725ec02f3d139c77d64d6a78a6,930,3,2,-18830.38010405678
main_seed0,0,d1c1eb972d85b5605cb5db7c2c6bc30520ef1b725ec02f3d139c77d64d6a78a6,931,1,2,-45212.64772425766
main_seed0,0,d1c1eb972d85b5605cb5db7c2c6bc30520ef1b725ec02f3d139c77d64d6a78a6,931,2,2,-21284.65005260257
main_seed0,0,d1c1eb972d85b5605cb5db7c2c6bc30520ef1b725ec02f3d139c77d64d6a78a6,931,3,2,-19080.65310668231
main_seed0,0,d1c1eb972d85b5605cb5db7c2c6bc30520ef1b725ec02f3d139c77d64d6a78a6,932,1,2,-51328.41830379516
main_seed0,0,d1c1eb972d85b5605cb5db7c2c6bc30520ef1b725ec02f3d139c77d64d6a78a6,932,2,2,-19966.22295986809
main_seed0,0,d1c1eb972d85b5605cb5db7c2c6bc30520ef1b725ec02f3d139c77d64d6a78a6,932,3,2,-19377.490512287903
main_seed0,0,d1c1eb972d85b5605cb5db7c2c6bc30520ef1b725ec02f3d139c77d64d6a78a6,933,1,2,-49517.59133317464
main_seed0,0,d1c1eb972d85b5605cb5db7c2c6bc30520ef1b725ec02f3d139c77d64d6a78a6,933,2,2,-22110.109298241277
main_seed0,0,d1c1eb972d85b5605cb5db7c2c6bc30520ef1b725ec02f3d139c77d64d6a78a6,933,3,2,-18936.63017139419
main_seed0,0,d1c1eb972d85b5605cb5db7c2c6bc30520ef1b725ec02f3d139c77d64d6a78a6,934,1,2,-47571.71650158029
main_seed0,0,d1c1eb972d85b5605cb5db7c2c6bc30520ef1b725ec02f3d139c77d64d6a78a6,934,2,2,-19237.026385874626
main_seed0,0,d1c1eb972d85b5605cb5db7c2c6bc30520ef1b725ec02f3d139c77d64d6a78a6,934,3,2,-19731.83327326965
main_seed0,0,d1c1eb972d85b5605cb5db7c2c6bc30520ef1b725ec02f3d139c77d64d6a78a6,935,1,2,-50611.59993583803
main_seed0,0,d1c1eb972d85b5605cb5db7c2c6bc30520ef1b725ec02f3d139c77d64d6a78a6,935,2,2,-21899.08331026015
main_seed0,0,d1c1eb972d85b5605cb5db7c2c6bc30520ef1b725ec02f3d139c77d64d6a78a6,935,3,2,-18531.85522800516
main_seed0,0,d1c1eb972d85b5605cb5db7c2c6bc30520ef1b725ec02f3d139c77d64d6a78a6,936,1,2,-47824.35752648603
main_seed0,0,d1c1eb972d85b5605cb5db7c2c6bc30520ef1b725ec02f3d139c77d64d6a78a6,936,2,2,-21505.96481542242
main_seed0,0,d1c1eb972d85b5605cb5db7c2c6bc30520ef1b725ec02f3d139c77d64d6a78a6,936,3,2,-17840.640503687606
main_seed0,0,d1c1eb972d85b5605cb5db7c2c6bc30520ef1b725ec02f3d139c77d64d6a78a6,937,1,2,-48588.45471693034
main_seed0,0,d1c1eb972d85b5605cb5db7c2c6bc30520ef1b725ec02f3d139c77d64d6a78a6,937,2,2,-21425.111908457544
main_seed0,0,d1c1eb972d85b5605cb5db7c2c6bc30520ef1b725ec02f3d139c77d64d6a78a6,937,3,2,-19317.51406929642
main_seed0,0,d1c1eb972d85b5605cb5db7c2c6bc30520ef1b725ec02f3d139c77d64d6a78a6,938,1,2,-49689.95272672124
main_seed0,0,d1c1eb972d85b5605cb5db7c2c6bc30520ef1b725ec02f3d139c77d64d6a78a6,938,2,2,-21880.7877393289
main_seed0,0,d1c1eb972d85b5605cb5db7c2c6bc30520ef1b725ec02f3d139c77d64d6a78a6,938,3,2,-21365.73099468472
main_seed0,0,d1c1eb972d85b5605cb5db7c2c6bc30520ef1b725ec02f3d139c77d64d6a78a6,939,1,2,-50904.642273461
main_seed0,0,d1c1eb972d85b5605cb5db7c2c6bc30520ef1b725ec02f3d139c77d64d6a78a6,939,2,2,-20916.7889676458
main_seed0,0,d1c1eb972d85b5605cb5db7c2c6bc30520ef1b725ec02f3d139c77d64d6a78a6,939,3,2,-19801.881364230845
main_seed0,0,d1c1eb972d85b5605cb5db7c2c6bc30520ef1b725ec02f3d139c77d64d6a78a6,940,1,2,-48868.52648176467
main_seed0,0,d1c1eb972d85b5605cb5db7c2c6bc30520ef1b725ec02f3d139c77d64d6a78a6,940,2,2,-22905.630560313948
main_seed0,0,d1c1eb972d85b5605cb5db7c2c6bc30520ef1b725ec02f3d139c77d64d6a78a6,940,3,2,-18628.47625679912
main_seed0,0,d1c1eb972d85b5605cb5db7c2c6bc30520ef1b725ec02f3d139c77d64d6a78a6,941,1,2,-51295.07515222769
main_seed0,0,d1c1eb972d85b5605cb5db7c2c6bc30520ef1b725ec02f3d139c77d64d6a78a6,941,2,2,-20151.19876170416
main_seed0,0,d1c1eb972d85b5605cb5db7c2c6bc30520ef1b725ec02f3d139c77d64d6a78a6,941,3,2,-19342.295087902705
main_seed0,0,d1c1eb972d85b5605cb5db7c2c6bc30520ef1b725ec02f3d139c77d64d6a78a6,942,1,2,-46947.4153385446
main_seed0,0,d1c1eb972d85b5605cb5db7c2c6bc30520ef1b725ec02f3d139c77d64d6a78a6,942,2,2,-21122.09866791708
main_seed0,0,d1c1eb972d85b5605cb5db7c2c6bc30520ef1b725ec02f3d139c77d64d6a78a6,942,3,2,-19115.11428820197
main_seed0,0,d1c1eb972d85b5605cb5db7c2c6bc30520ef1b725ec02f3d139c77d64d6a78a6,943,1,2,-46624.68069045719
main_seed0,0,d1c1eb972d85b5605cb5db7c2c6bc30520ef1b725ec02f3d139c77d64d6a78a6,943,2,2,-22338.533995020836
main_seed0,0,d1c1eb972d85b5605cb5db7c2c6bc30520ef1b725ec02f3d139c77d64d6a78a6,943,3,2,-19918.897987488734
main_seed0,0,d1c1eb972d85b5605cb5db7c2c6bc30520ef1b725ec02f3d139c77d64d6a78a6,944,1,2,-52198.93007435216
main_seed0,0,d1c1eb972d85b5605cb5db7c2c6bc30520ef1b725ec02f3d139c77d64d6a78a6,944,2,2,-20613.853760609418
main_seed0,0,d1c1eb972d85b5605cb5db7c2c6bc30520ef1b725ec02f3d139c77d64d6a78a6,944,3,2,-19265.341574631108
main_seed0,0,d1c1eb972d85b5605cb5db7c2c6bc30520ef1b725ec02f3d139c77d64d6a78a6,945,1,2,-45977.08103894876
main_seed0,0,d1c1eb972d85b5605cb5db7c2c6bc30520ef1b725ec02f3d139c77d64d6a78a6,945,2,2,-20518.14793658903
main_seed0,0,d1c1eb972d85b5605cb5db7c2c6bc30520ef1b725ec02f3d139c77d64d6a78a6,945,3,2,-19897.587591718875
main_seed0,0,d1c1eb972d85b5605cb5db7c2c6bc30520ef1b725ec02f3d139c77d64d6a78a6,946,1,2,-49559.76072448718
main_seed0,0,d1c1eb972d85b5605cb5db7c2c6bc30520ef1b725ec02f3d139c77d64d6a78a6,946,2,2,-19820.5414262598
main_seed0,0,d1c1eb972d85b5605cb5db7c2c6bc30520ef1b725ec02f3d139c77d64d6a78a6,946,3,2,-18323.361223481126
main_seed0,0,d1c1eb972d85b5605cb5db7c2c6bc30520ef1b725ec02f3d139c77d64d6a78a6,947,1,2,-49212.924618608944
main_seed0,0,d1c1eb972d85b5605cb5db7c2c6bc30520ef1b725ec02f3d139c77d64d6a78a6,947,2,2,-20733.36099956134
main_seed0,0,d1c1eb972d85b5605cb5db7c2c6bc30520ef1b725ec02f3d139c77d64d6a78a6,947,3,2,-19255.61723671781
main_seed0,0,d1c1eb972d85b5605cb5db7c2c6bc30520ef1b725ec02f3d139c77d64d6a78a6,948,1,2,-48747.33453509749
main_seed0,0,d1c1eb972d85b5605cb5db7c2c6bc30520ef1b725ec02f3d139c77d64d6a78a6,948,2,2,-19225.49583950368
main_seed0,0,d1c1eb972d85b5605cb5db7c2c6bc30520ef1b725ec02f3d139c77d64d6a78a6,948,3,2,-18432.10908168684
main_seed0,0,d1c1eb972d85b5605cb5db7c2c6bc30520ef1b725ec02f3d139c77d64d6a78a6,949,1,2,-50839.57695407552
main_seed0,0,d1c1eb972d85b5605cb5db7c2c6bc30520ef1b725ec02f3d139c77d64d6a78a6,949,2,2,-19936.397347687856
main_seed0,0,d1c1eb972d85b5605cb5db7c2c6bc30520ef1b725ec02f3d139c77d64d6a78a6,949,3,2,-18797.724618616227
main_seed0,0,d1c1eb972d85b5605cb5db7c2c6bc30520ef1b725ec02f3d139c77d64d6a78a6,950,1,2,-50937.19861087162
main_seed0,0,d1c1eb972d85b5605cb5db7c2c6bc30520ef1b725ec02f3d139c77d64d6a78a6,950,2,2,-20330.3824317561
main_seed0,0,d1c1eb972d85b5605cb5db7c2c6bc30520ef1b725ec02f3d139c77d64d6a78a6,950,3,2,-20353.98395619426
main_seed0,0,d1c1eb972d85b5605cb5db7c2c6bc30520ef1b725ec02f3d139c77d64d6a78a6,951,1,2,-48479.462205076496
main_seed0,0,d1c1eb972d85b5605cb5db7c2c6bc30520ef1b725ec02f3d139c77d64d6a78a6,951,2,2,-21245.178229440968
main_seed0,0,d1c1eb972d85b5605cb5db7c2c6bc30520ef1b725ec02f3d139c77d64d6a78a6,951,3,2,-19092.84118135675
main_seed0,0,d1c1eb972d85b5605cb5db7c2c6bc30520ef1b725ec02f3d139c77d64d6a78a6,952,1,2,-52321.02196843328
main_seed0,0,d1c1eb972d85b5605cb5db7c2c6bc30520ef1b725ec02f3d139c77d64d6a78a6,952,2,2,-20763.38499346164
main_seed0,0,d1c1eb972d85b5605cb5db7c2c6bc30520ef1b725ec02f3d139c77d64d6a78a6,952,3,2,-21556.324676646636
main_seed0,0,d1c1eb972d85b5605cb5db7c2c6bc30520ef1b725ec02f3d139c77d64d6a78a6,953,1,2,-49983.75355092743
main_seed0,0,d1c1eb972d85b5605cb5db7c2c6bc30520ef1b725ec02f3d139c77d64d6a78a6,953,2,2,-20987.03174296218
main_seed0,0,d1c1eb972d85b5605cb5db7c2c6bc30520ef1b725ec02f3d139c77d64d6a78a6,953,3,2,-19420.42156676765
main_seed0,0,d1c1eb972d85b5605cb5db7c2c6bc30520ef1b725ec02f3d139c77d64d6a78a6,954,1,2,-47922.757761536544
main_seed0,0,d1c1eb972d85b5605cb5db7c2c6bc30520ef1b725ec02f3d139c77d64d6a78a6,954,2,2,-22509.008926908995
main_seed0,0,d1c1eb972d85b5605cb5db7c2c6bc30520ef1b725ec02f3d139c77d64d6a78a6,954,3,2,-20110.79619446336
main_seed0,0,d1c1eb972d85b5605cb5db7c2c6bc30520ef1b725ec02f3d139c77d64d6a78a6,955,1,2,-48397.59478295306
main_seed0,0,d1c1eb972d85b5605cb5db7c2c6bc30520ef1b725ec02f3d139c77d64d6a78a6,955,2,2,-20375.756428808847
main_seed0,0,d1c1eb972d85b5605cb5db7c2c6bc30520ef1b725ec02f3d139c77d64d6a78a6,955,3,2,-19849.58437277217
main_seed0,0,d1c1eb972d85b5605cb5db7c2c6bc30520ef1b725ec02f3d139c77d64d6a78a6,956,1,2,-50065.70996997783
main_seed0,0,d1c1eb972d85b5605cb5db7c2c6bc30520ef1b725ec02f3d139c77d64d6a78a6,956,2,2,-18820.95147700908
main_seed0,0,d1c1eb972d85b5605cb5db7c2c6bc30520ef1b725ec02f3d139c77d64d6a78a6,956,3,2,-18329.016171677387
main_seed0,0,d1c1eb972d85b5605cb5db7c2c6bc30520ef1b725ec02f3d139c77d64d6a78a6,957,1,2,-44526.10669688838
main_seed0,0,d1c1eb972d85b5605cb5db7c2c6bc30520ef1b725ec02f3d139c77d64d6a78a6,957,2,2,-22073.45977969624
main_seed0,0,d1c1eb972d85b5605cb5db7c2c6bc30520ef1b725ec02f3d139c77d64d6a78a6,957,3,2,-20455.47490556012
main_seed0,0,d1c1eb972d85b5605cb5db7c2c6bc30520ef1b725ec02f3d139c77d64d6a78a6,958,1,2,-46918.325930424005
main_seed0,0,d1c1eb972d85b5605cb5db7c2c6bc30520ef1b725ec02f3d139c77d64d6a78a6,958,2,2,-21285.350446648143
main_seed0,0,d1c1eb972d85b5605cb5db7c2c6bc30520ef1b725ec02f3d139c77d64d6a78a6,958,3,2,-20765.45777259629
main_seed0,0,d1c1eb972d85b5605cb5db7c2c6bc30520ef1b725ec02f3d139c77d64d6a78a6,959,1,2,-51289.55939578026
main_seed0,0,d1c1eb972d85b5605cb5db7c2c6bc30520ef1b725ec02f3d139c77d64d6a78a6,959,2,2,-22241.87309073707
main_seed0,0,d1c1eb972d85b5605cb5db7c2c6bc30520ef1b725ec02f3d139c77d64d6a78a6,959,3,2,-18857.43344799552
main_seed0,0,d1c1eb972d85b5605cb5db7c2c6bc30520ef1b725ec02f3d139c77d64d6a78a6,960,1,2,-52255.74014060108
main_seed0,0,d1c1eb972d85b5605cb5db7c2c6bc30520ef1b725ec02f3d139c77d64d6a78a6,960,2,2,-20602.8342094992
main_seed0,0,d1c1eb972d85b5605cb5db7c2c6bc30520ef1b725ec02f3d139c77d64d6a78a6,960,3,2,-18815.714463823955
main_seed0,0,d1c1eb972d85b5605cb5db7c2c6bc30520ef1b725ec02f3d139c77d64d6a78a6,961,1,2,-46666.39489270145
main_seed0,0,d1c1eb972d85b5605cb5db7c2c6bc30520ef1b725ec02f3d139c77d64d6a78a6,961,2,2,-19889.76985388535
main_seed0,0,d1c1eb972d85b5605cb5db7c2c6bc30520ef1b725ec02f3d139c77d64d6a78a6,961,3,2,-19651.352942172874
main_seed0,0,d1c1eb972d85b5605cb5db7c2c6bc30520ef1b725ec02f3d139c77d64d6a78a6,962,1,2,-47998.4069375675
main_seed0,0,d1c1eb972d85b5605cb5db7c2c6bc30520ef1b725ec02f3d139c77d64d6a78a6,962,2,2,-19459.563865042604
main_seed0,0,d1c1eb972d85b5605cb5db7c2c6bc30520ef1b725ec02f3d139c77d64d6a78a6,962,3,2,-19794.198998196785
main_seed0,0,d1c1eb972d85b5605cb5db7c2c6bc30520ef1b725ec02f3d139c77d64d6a78a6,963,1,2,-50085.516165166526
main_seed0,0,d1c1eb972d85b5605cb5db7c2c6bc30520ef1b725ec02f3d139c77d64d6a78a6,963,2,2,-20570.723506212984
main_seed0,0,d1c1eb972d85b5605cb5db7c2c6bc30520ef1b725ec02f3d139c77d64d6a78a6,963,3,2,-19993.466795558383
main_seed0,0,d1c1eb972d85b5605cb5db7c2c6bc30520ef1b725ec02f3d139c77d64d6a78a6,964,1,2,-46359.09521137623
main_seed0,0,d1c1eb972d85b5605cb5db7c2c6bc30520ef1b725ec02f3d139c77d64d6a78a6,964,2,2,-20295.170018797628
main_seed0,0,d1c1eb972d85b5605cb5db7c2c6bc30520ef1b725ec02f3d139c77d64d6a78a6,964,3,2,-20253.23871778915
main_seed0,0,d1c1eb972d85b5605cb5db7c2c6bc30520ef1b725ec02f3d139c77d64d6a78a6,965,1,2,-49811.77172516548
main_seed0,0,d1c1eb972d85b5605cb5db7c2c6bc30520ef1b725ec02f3d139c77d64d6a78a6,965,2,2,-19318.176214065308
main_seed0,0,d1c1eb972d85b5605cb5db7c2c6bc30520ef1b725ec02f3d139c77d64d6a78a6,965,3,2,-19284.945477184425
main_seed0,0,d1c1eb972d85b5605cb5db7c2c6bc30520ef1b725ec02f3d139c77d64d6a78a6,966,1,2,-51145.47881310927
main_seed0,0,d1c1eb972d85b5605cb5db7c2c6bc30520ef1b725ec02f3d139c77d64d6a78a6,966,2,2,-21868.961477510988
main_seed0,0,d1c1eb972d85b5605cb5db7c2c6bc30520ef1b725ec02f3d139c77d64d6a78a6,966,3,2,-18571.103836247847
main_seed0,0,d1c1eb972d85b5605cb5db7c2c6bc30520ef1b725ec02f3d139c77d64d6a78a6,967,1,2,-44313.68205639254
main_seed0,0,d1c1eb972d85b5605cb5db7c2c6bc30520ef1b725ec02f3d139c77d64d6a78a6,967,2,2,-21226.983523518265
main_seed0,0,d1c1eb972d85b5605cb5db7c2c6bc30520ef1b725ec02f3d139c77d64d6a78a6,967,3,2,-20770.08042192067
main_seed0,0,d1c1eb972d85b5605cb5db7c2c6bc30520ef1b725ec02f3d139c77d64d6a78a6,968,1,2,-48422.22682326934
main_seed0,0,d1c1eb972d85b5605cb5db7c2c6bc30520ef1b725ec02f3d139c77d64d6a78a6,968,2,2,-20596.29397373212
main_seed0,0,d1c1eb972d85b5605cb5db7c2c6bc30520ef1b725ec02f3d139c77d64d6a78a6,968,3,2,-20194.427416141232
main_seed0,0,d1c1eb972d85b5605cb5db7c2c6bc30520ef1b725ec02f3d139c77d64d6a78a6,969,1,2,-49237.9786686566
main_seed0,0,d1c1eb972d85b5605cb5db7c2c6bc30520ef1b725ec02f3d139c77d64d6a78a6,969,2,2,-19511.909098410597
main_seed0,0,d1c1eb972d85b5605cb5db7c2c6bc30520ef1b725ec02f3d139c77d64d6a78a6,969,3,2,-19771.33501247821
main_seed0,0,d1c1eb972d85b5605cb5db7c2c6bc30520ef1b725ec02f3d139c77d64d6a78a6,970,1,2,-52347.14558328207
main_seed0,0,d1c1eb972d85b5605cb5db7c2c6bc30520ef1b725ec02f3d139c77d64d6a78a6,970,2,2,-21097.173987105267
main_seed0,0,d1c1eb972d85b5605cb5db7c2c6bc30520ef1b725ec02f3d139c77d64d6a78a6,970,3,2,-20151.008119361384
main_seed0,0,d1c1eb972d85b5605cb5db7c2c6bc30520ef1b725ec02f3d139c77d64d6a78a6,971,1,2,-46422.90219735457
main_seed0,0,d1c1eb972d85b5605cb5db7c2c6bc30520ef1b725ec02f3d139c77d64d6a78a6,971,2,2,-20563.866890864854
main_seed0,0,d1c1eb972d85b5605cb5db7c2c6bc30520ef1b725ec02f3d139c77d64d6a78a6,971,3,2,-20736.81272762653
main_seed0,0,d1c1eb972d85b5605cb5db7c2c6bc30520ef1b725ec02f3d139c77d64d6a78a6,972,1,2,-51971.27056695924
main_seed0,0,d1c1eb972d85b5605cb5db7c2c6bc30520ef1b725ec02f3d139c77d64d6a78a6,972,2,2,-22123.917598505
main_seed0,0,d1c1eb972d85b5605cb5db7c2c6bc30520ef1b725ec02f3d139c77d64d6a78a6,972,3,2,-20161.730762096984
main_seed0,0,d1c1eb972d85b5605cb5db7c2c6bc30520ef1b725ec02f3d139c77d64d6a78a6,973,1,2,-48759.41079913743
main_seed0,0,d1c1eb972d85b5605cb5db7c2c6bc30520ef1b725ec02f3d139c77d64d6a78a6,973,2,2,-21631.28483054076
main_seed0,0,d1c1eb972d85b5605cb5db7c2c6bc30520ef1b725ec02f3d139c77d64d6a78a6,973,3,2,-20553.99396537652
main_seed0,0,d1c1eb972d85b5605cb5db7c2c6bc30520ef1b725ec02f3d139c77d64d6a78a6,974,1,2,-46856.45325247073
main_seed0,0,d1c1eb972d85b5605cb5db7c2c6bc30520ef1b725ec02f3d139c77d64d6a78a6,974,2,2,-21357.22412334611
main_seed0,0,d1c1eb972d85b5605cb5db7c2c6bc30520ef1b725ec02f3d139c77d64d6a78a6,974,3,2,-19511.640833747893
main_seed0,0,d1c1eb972d85b5605cb5db7c2c6bc30520ef1b725ec02f3d139c77d64d6a78a6,975,1,2,-50735.58369521339
main_seed0,0,d1c1eb972d85b5605cb5db7c2c6bc30520ef1b725ec02f3d139c77d64d6a78a6,975,2,2,-20693.0163046253
main_seed0,0,d1c1eb972d85b5605cb5db7c2c6bc30520ef1b725ec02f3d139c77d64d6a78a6,975,3,2,-18717.673105937614
main_seed0,0,d1c1eb972d85b5605cb5db7c2c6bc30520ef1b725ec02f3d139c77d64d6a78a6,976,1,2,-45804.409724618
main_seed0,0,d1c1eb972d85b5605cb5db7c2c6bc30520ef1b725ec02f3d139c77d64d6a78a6,976,2,2,-19847.5995942264
main_seed0,0,d1c1eb972d85b5605cb5db7c2c6bc30520ef1b725ec02f3d139c77d64d6a78a6,976,3,2,-18938.56736100028
main_seed0,0,d1c1eb972d85b5605cb5db7c2c6bc30520ef1b725ec02f3d139c77d64d6a78a6,977,1,2,-49566.30592392421
main_seed0,0,d1c1eb972d85b5605cb5db7c2c6bc30520ef1b725ec02f3d139c77d64d6a78a6,977,2,2,-20839.00182082902
main_seed0,0,d1c1eb972d85b5605cb5db7c2c6bc30520ef1b725ec02f3d139c77d64d6a78a6,977,3,2,-18969.539756719358
main_seed0,0,d1c1eb972d85b5605cb5db7c2c6bc30520ef1b725ec02f3d139c77d64d6a78a6,978,1,2,-49629.46997399515
main_seed0,0,d1c1eb972d85b5605cb5db7c2c6bc30520ef1b725ec02f3d139c77d64d6a78a6,978,2,2,-20008.339843206464
main_seed0,0,d1c1eb972d85b5605cb5db7c2c6bc30520ef1b725ec02f3d139c77d64d6a78a6,978,3,2,-18677.87981880337
main_seed0,0,d1c1eb972d85b5605cb5db7c2c6bc30520ef1b725ec02f3d139c77d64d6a78a6,979,1,2,-52293.67257702319
main_seed0,0,d1c1eb972d85b5605cb5db7c2c6bc30520ef1b725ec02f3d139c77d64d6a78a6,979,2,2,-20282.49188487276
main_seed0,0,d1c1eb972d85b5605cb5db7c2c6bc30520ef1b725ec02f3d139c77d64d6a78a6,979,3,2,-20192.68861876189
main_seed0,0,d1c1eb972d85b5605cb5db7c2c6bc30520ef1b725ec02f3d139c77d64d6a78a6,980,1,2,-54180.15843953633
main_seed0,0,d1c1eb972d85b5605cb5db7c2c6bc30520ef1b725ec02f3d139c77d64d6a78a6,980,2,2,-20150.929902757176
main_seed0,0,d1c1eb972d85b5605cb5db7c2c6bc30520ef1b725ec02f3d139c77d64d6a78a6,980,3,2,-19395.144825417345
main_seed0,0,d1c1eb972d85b5605cb5db7c2c6bc30520ef1b725ec02f3d139c77d64d6a78a6,981,1,2,-46084.58634895084
main_seed0,0,d1c1eb972d85b5605cb5db7c2c6bc30520ef1b725ec02f3d139c77d64d6a78a6,981,2,2,-21898.211614950487
main_seed0,0,d1c1eb972d85b5605cb5db7c2c6bc30520ef1b725ec02f3d139c77d64d6a78a6,981,3,2,-21052.579382081894
main_seed0,0,d1c1eb972d85b5605cb5db7c2c6bc30520ef1b725ec02f3d139c77d64d6a78a6,982,1,2,-53229.87322692765
main_seed0,0,d1c1eb972d85b5605cb5db7c2c6bc30520ef1b725ec02f3d139c77d64d6a78a6,982,2,2,-23627.564078780764
main_seed0,0,d1c1eb972d85b5605cb5db7c2c6bc30520ef1b725ec02f3d139c77d64d6a78a6,982,3,2,-21441.956377445666
main_seed0,0,d1c1eb972d85b5605cb5db7c2c6bc30520ef1b725ec02f3d139c77d64d6a78a6,983,1,2,-51298.65404580595
main_seed0,0,d1c1eb972d85b5605cb5db7c2c6bc30520ef1b725ec02f3d139c77d64d6a78a6,983,2,2,-20102.49870176579
main_seed0,0,d1c1eb972d85b5605cb5db7c2c6bc30520ef1b725ec02f3d139c77d64d6a78a6,983,3,2,-19761.558998893328
main_seed0,0,d1c1eb972d85b5605cb5db7c2c6bc30520ef1b725ec02f3d139c77d64d6a78a6,984,1,2,-52297.20480158873
main_seed0,0,d1c1eb972d85b5605cb5db7c2c6bc30520ef1b725ec02f3d139c77d64d6a78a6,984,2,2,-21408.757368647974
main_seed0,0,d1c1eb972d85b5605cb5db7c2c6bc30520ef1b725ec02f3d139c77d64d6a78a6,984,3,2,-18989.898368638904
main_seed0,0,d1c1eb972d85b5605cb5db7c2c6bc30520ef1b725ec02f3d139c77d64d6a78a6,985,1,2,-48692.971017164746
main_seed0,0,d1c1eb972d85b5605cb5db7c2c6bc30520ef1b725ec02f3d139c77d64d6a78a6,985,2,2,-21437.92203181771
main_seed0,0,d1c1eb972d85b5605cb5db7c2c6bc30520ef1b725ec02f3d139c77d64d6a78a6,985,3,2,-18496.2104330534
main_seed0,0,d1c1eb972d85b5605cb5db7c2c6bc30520ef1b725ec02f3d139c77d64d6a78a6,986,1,2,-48143.68812373947
main_seed0,0,d1c1eb972d85b5605cb5db7c2c6bc30520ef1b725ec02f3d139c77d64d6a78a6,986,2,2,-21722.720413734347
main_seed0,0,d1c1eb972d85b5605cb5db7c2c6bc30520ef1b725ec02f3d139c77d64d6a78a6,986,3,2,-18493.06763107108
main_seed0,0,d1c1eb972d85b5605cb5db7c2c6bc30520ef1b725ec02f3d139c77d64d6a78a6,987,1,2,-48581.37088250033
main_seed0,0,d1c1eb972d85b5605cb5db7c2c6bc30520ef1b725ec02f3d139c77d64d6a78a6,987,2,2,-18909.93228072744
main_seed0,0,d1c1eb972d85b5605cb5db7c2c6bc30520ef1b725ec02f3d139c77d64d6a78a6,987,3,2,-21233.479095840303
main_seed0,0,d1c1eb972d85b5605cb5db7c2c6bc30520ef1b725ec02f3d139c77d64d6a78a6,988,1,2,-50342.29766028231
main_seed0,0,d1c1eb972d85b5605cb5db7c2c6bc30520ef1b725ec02f3d139c77d64d6a78a6,988,2,2,-22783.00926551989
main_seed0,0,d1c1eb972d85b5605cb5db7c2c6bc30520ef1b725ec02f3d139c77d64d6a78a6,988,3,2,-18785.52532704092
main_seed0,0,d1c1eb972d85b5605cb5db7c2c6bc30520ef1b725ec02f3d139c77d64d6a78a6,989,1,2,-48593.53156928971
main_seed0,0,d1c1eb972d85b5605cb5db7c2c6bc30520ef1b725ec02f3d139c77d64d6a78a6,989,2,2,-26661.20520361165
main_seed0,0,d1c1eb972d85b5605cb5db7c2c6bc30520ef1b725ec02f3d139c77d64d6a78a6,989,3,2,-21228.08162246277
main_seed0,0,d1c1eb972d85b5605cb5db7c2c6bc30520ef1b725ec02f3d139c77d64d6a78a6,990,1,2,-47952.08516346077
main_seed0,0,d1c1eb972d85b5605cb5db7c2c6bc30520ef1b725ec02f3d139c77d64d6a78a6,990,2,2,-20793.08115690654
main_seed0,0,d1c1eb972d85b5605cb5db7c2c6bc30520ef1b725ec02f3d139c77d64d6a78a6,990,3,2,-19675.868821842458
main_seed0,0,d1c1eb972d85b5605cb5db7c2c6bc30520ef1b725ec02f3d139c77d64d6a78a6,991,1,2,-51463.02492724516
main_seed0,0,d1c1eb972d85b5605cb5db7c2c6bc30520ef1b725ec02f3d139c77d64d6a78a6,991,2,2,-23779.94487540031
main_seed0,0,d1c1eb972d85b5605cb5db7c2c6bc30520ef1b725ec02f3d139c77d64d6a78a6,991,3,2,-20074.563275247383
main_seed0,0,d1c1eb972d85b5605cb5db7c2c6bc30520ef1b725ec02f3d139c77d64d6a78a6,992,1,2,-48906.19301467379
main_seed0,0,d1c1eb972d85b5605cb5db7c2c6bc30520ef1b725ec02f3d139c77d64d6a78a6,992,2,2,-20952.91699061389
main_seed0,0,d1c1eb972d85b5605cb5db7c2c6bc30520ef1b725ec02f3d139c77d64d6a78a6,992,3,2,-18269.09412908918
main_seed0,0,d1c1eb972d85b5605cb5db7c2c6bc30520ef1b725ec02f3d139c77d64d6a78a6,993,1,2,-46371.47316825751
main_seed0,0,d1c1eb972d85b5605cb5db7c2c6bc30520ef1b725ec02f3d139c77d64d6a78a6,993,2,2,-19703.73309680969
main_seed0,0,d1c1eb972d85b5605cb5db7c2c6bc30520ef1b725ec02f3d139c77d64d6a78a6,993,3,2,-20766.70525230228
main_seed0,0,d1c1eb972d85b5605cb5db7c2c6bc30520ef1b725ec02f3d139c77d64d6a78a6,994,1,2,-50525.56190122509
main_seed0,0,d1c1eb972d85b5605cb5db7c2c6bc30520ef1b725ec02f3d139c77d64d6a78a6,994,2,2,-19979.23570125023
main_seed0,0,d1c1eb972d85b5605cb5db7c2c6bc30520ef1b725ec02f3d139c77d64d6a78a6,994,3,2,-22508.62622088771
main_seed0,0,d1c1eb972d85b5605cb5db7c2c6bc30520ef1b725ec02f3d139c77d64d6a78a6,995,1,2,-49456.25818991008
main_seed0,0,d1c1eb972d85b5605cb5db7c2c6bc30520ef1b725ec02f3d139c77d64d6a78a6,995,2,2,-21424.11138401412
main_seed0,0,d1c1eb972d85b5605cb5db7c2c6bc30520ef1b725ec02f3d139c77d64d6a78a6,995,3,2,-20341.818683220725
main_seed0,0,d1c1eb972d85b5605cb5db7c2c6bc30520ef1b725ec02f3d139c77d64d6a78a6,996,1,2,-52976.33139452449
main_seed0,0,d1c1eb972d85b5605cb5db7c2c6bc30520ef1b725ec02f3d139c77d64d6a78a6,996,2,2,-22384.745729531434
main_seed0,0,d1c1eb972d85b5605cb5db7c2c6bc30520ef1b725ec02f3d139c77d64d6a78a6,996,3,2,-20085.24648141898
main_seed0,0,d1c1eb972d85b5605cb5db7c2c6bc30520ef1b725ec02f3d139c77d64d6a78a6,997,1,2,-49202.190498854914
main_seed0,0,d1c1eb972d85b5605cb5db7c2c6bc30520ef1b725ec02f3d139c77d64d6a78a6,997,2,2,-18725.61850765942
main_seed0,0,d1c1eb972d85b5605cb5db7c2c6bc30520ef1b725ec02f3d139c77d64d6a78a6,997,3,2,-20121.536656749417
main_seed0,0,d1c1eb972d85b5605cb5db7c2c6bc30520ef1b725ec02f3d139c77d64d6a78a6,998,1,2,-48484.58354088824
main_seed0,0,d1c1eb972d85b5605cb5db7c2c6bc30520ef1b725ec02f3d139c77d64d6a78a6,998,2,2,-21921.62644671516
main_seed0,0,d1c1eb972d85b5605cb5db7c2c6bc30520ef1b725ec02f3d139c77d64d6a78a6,998,3,2,-20315.504044030724
main_seed0,0,d1c1eb972d85b5605cb5db7c2c6bc30520ef1b725ec02f3d139c77d64d6a78a6,999,1,2,-51366.45562946139
main_seed0,0,d1c1eb972d85b5605cb5db7c2c6bc30520ef1b725ec02f3d139c77d64d6a78a6,999,2,2,-20834.796175027503
main_seed0,0,d1c1eb972d85b5605cb5db7c2c6bc30520ef1b725ec02f3d139c77d64d6a78a6,999,3,2,-18871.84888234511
main_seed0,0,d1c1eb972d85b5605cb5db7c2c6bc30520ef1b725ec02f3d139c77d64d6a78a6,1000,1,2,-50664.14342738311
main_seed0,0,d1c1eb972d85b5605cb5db7c2c6bc30520ef1b725ec02f3d139c77d64d6a78a6,1000,2,2,-19458.109575013208
main_seed0,0,d1c1eb972d85b5605cb5db7c2c6bc30520ef1b725ec02f3d139c77d64d6a78a6,1000,3,2,-19948.67938417509
main_seed0,0,d1c1eb972d85b5605cb5db7c2c6bc30520ef1b725ec02f3d139c77d64d6a78a6,1001,1,3,-50702.18419187014
main_seed0,0,d1c1eb972d85b5605cb5db7c2c6bc30520ef1b725ec02f3d139c77d64d6a78a6,1001,2,3,-22603.0855854454
main_seed0,0,d1c1eb972d85b5605cb5db7c2c6bc30520ef1b725ec02f3d139c77d64d6a78a6,1001,3,3,-24040.647687056346
main_seed0,0,d1c1eb972d85b5605cb5db7c2c6bc30520ef1b725ec02f3d139c77d64d6a78a6,1002,1,3,-46742.14503914988
main_seed0,0,d1c1eb972d85b5605cb5db7c2c6bc30520ef1b725ec02f3d139c77d64d6a78a6,1002,2,3,-26286.195972309528
main_seed0,0,d1c1eb972d85b5605cb5db7c2c6bc30520ef1b725ec02f3d139c77d64d6a78a6,1002,3,3,-20483.545291581948
main_seed0,0,d1c1eb972d85b5605cb5db7c2c6bc30520ef1b725ec02f3d139c77d64d6a78a6,1003,1,3,-47252.39382145356
main_seed0,0,d1c1eb972d85b5605cb5db7c2c6bc30520ef1b725ec02f3d139c77d64d6a78a6,1003,2,3,-24978.4792823401
main_seed0,0,d1c1eb972d85b5605cb5db7c2c6bc30520ef1b725ec02f3d139c77d64d6a78a6,1003,3,3,-22723.42945709249
main_seed0,0,d1c1eb972d85b5605cb5db7c2c6bc30520ef1b725ec02f3d139c77d64d6a78a6,1004,1,3,-46319.61126348909
main_seed0,0,d1c1eb972d85b5605cb5db7c2c6bc30520ef1b725ec02f3d139c77d64d6a78a6,1004,2,3,-21947.810973804662
main_seed0,0,d1c1eb972d85b5605cb5db7c2c6bc30520ef1b725ec02f3d139c77d64d6a78a6,1004,3,3,-25633.99345261072
main_seed0,0,d1c1eb972d85b5605cb5db7c2c6bc30520ef1b725ec02f3d139c77d64d6a78a6,1005,1,3,-47532.43674855592
main_seed0,0,d1c1eb972d85b5605cb5db7c2c6bc30520ef1b725ec02f3d139c77d64d6a78a6,1005,2,3,-26622.35899001947
main_seed0,0,d1c1eb972d85b5605cb5db7c2c6bc30520ef1b725ec02f3d139c77d64d6a78a6,1005,3,3,-26686.556119388504
main_seed0,0,d1c1eb972d85b5605cb5db7c2c6bc30520ef1b725ec02f3d139c77d64d6a78a6,1006,1,3,-47145.21047334401
main_seed0,0,d1c1eb972d85b5605cb5db7c2c6bc30520ef1b725ec02f3d139c77d64d6a78a6,1006,2,3,-25731.250820978832
main_seed0,0,d1c1eb972d85b5605cb5db7c2c6bc30520ef1b725ec02f3d139c77d64d6a78a6,1006,3,3,-20710.591938594363
main_seed0,0,d1c1eb972d85b5605cb5db7c2c6bc30520ef1b725ec02f3d139c77d64d6a78a6,1007,1,3,-47412.74073316591
main_seed0,0,d1c1eb972d85b5605cb5db7c2c6bc30520ef1b725ec02f3d139c77d64d6a78a6,1007,2,3,-28442.671109558883
main_seed0,0,d1c1eb972d85b5605cb5db7c2c6bc30520ef1b725ec02f3d139c77d64d6a78a6,1007,3,3,-19949.00807259749
main_seed0,0,d1c1eb972d85b5605cb5db7c2c6bc30520ef1b725ec02f3d139c77d64d6a78a6,1008,1,3,-47837.83913152448
main_seed0,0,d1c1eb972d85b5605cb5db7c2c6bc30520ef1b725ec02f3d139c77d64d6a78a6,1008,2,3,-31274.973262429117
main_seed0,0,d1c1eb972d85b5605cb5db7c2c6bc30520ef1b725ec02f3d139c77d64d6a78a6,1008,3,3,-23281.787204659115
main_seed0,0,d1c1eb972d85b5605cb5db7c2c6bc30520ef1b725ec02f3d139c77d64d6a78a6,1009,1,3,-46928.23352130524
main_seed0,0,d1c1eb972d85b5605cb5db7c2c6bc30520ef1b725ec02f3d139c77d64d6a78a6,1009,2,3,-23465.32168594135
main_seed0,0,d1c1eb972d85b5605cb5db7c2c6bc30520ef1b725ec02f3d139c77d64d6a78a6,1009,3,3,-25255.18214131022
main_seed0,0,d1c1eb972d85b5605cb5db7c2c6bc30520ef1b725ec02f3d139c77d64d6a78a6,1010,1,3,-47782.51648637531
main_seed0,0,d1c1eb972d85b5605cb5db7c2c6bc30520ef1b725ec02f3d139c77d64d6a78a6,1010,2,3,-25711.50206970369
main_seed0,0,d1c1eb972d85b5605cb5db7c2c6bc30520ef1b725ec02f3d139c77d64d6a78a6,1010,3,3,-21014.57182998514
main_seed0,0,d1c1eb972d85b5605cb5db7c2c6bc30520ef1b725ec02f3d139c77d64d6a78a6,1011,1,3,-48072.20849980225
main_seed0,0,d1c1eb972d85b5605cb5db7c2c6bc30520ef1b725ec02f3d139c77d64d6a78a6,1011,2,3,-24553.943247013733
main_seed0,0,d1c1eb972d85b5605cb5db7c2c6bc30520ef1b725ec02f3d139c77d64d6a78a6,1011,3,3,-20209.9261665671
main_seed0,0,d1c1eb972d85b5605cb5db7c2c6bc30520ef1b725ec02f3d139c77d64d6a78a6,1012,1,3,-44503.32043239432
main_seed0,0,d1c1eb972d85b5605cb5db7c2c6bc30520ef1b725ec02f3d139c77d64d6a78a6,1012,2,3,-28434.77366524457
main_seed0,0,d1c1eb972d85b5605cb5db7c2c6bc30520ef1b725ec02f3d139c77d64d6a78a6,1012,3,3,-20973.23032155586
main_seed0,0,d1c1eb972d85b5605cb5db7c2c6bc30520ef1b725ec02f3d139c77d64d6a78a6,1013,1,3,-49391.790739656135
main_seed0,0,d1c1eb972d85b5605cb5db7c2c6bc30520ef1b725ec02f3d139c77d64d6a78a6,1013,2,3,-28932.810007178843
main_seed0,0,d1c1eb972d85b5605cb5db7c2c6bc30520ef1b725ec02f3d139c77d64d6a78a6,1013,3,3,-23782.91667872557
main_seed0,0,d1c1eb972d85b5605cb5db7c2c6bc30520ef1b725ec02f3d139c77d64d6a78a6,1014,1,3,-49364.43602154224
main_seed0,0,d1c1eb972d85b5605cb5db7c2c6bc30520ef1b725ec02f3d139c77d64d6a78a6,1014,2,3,-28141.47013763137
main_seed0,0,d1c1eb972d85b5605cb5db7c2c6bc30520ef1b725ec02f3d139c77d64d6a78a6,1014,3,3,-19467.94008588316
main_seed0,0,d1c1eb972d85b5605cb5db7c2c6bc30520ef1b725ec02f3d139c77d64d6a78a6,1015,1,3,-45670.08969797318
main_seed0,0,d1c1eb972d85b5605cb5db7c2c6bc30520ef1b725ec02f3d139c77d64d6a78a6,1015,2,3,-28066.109973990056
main_seed0,0,d1c1eb972d85b5605cb5db7c2c6bc30520ef1b725ec02f3d139c77d64d6a78a6,1015,3,3,-21449.102714810368
main_seed0,0,d1c1eb972d85b5605cb5db7c2c6bc30520ef1b725ec02f3d139c77d64d6a78a6,1016,1,3,-46332.79969483349
main_seed0,0,d1c1eb972d85b5605cb5db7c2c6bc30520ef1b725ec02f3d139c77d64d6a78a6,1016,2,3,-29824.561689755363
main_seed0,0,d1c1eb972d85b5605cb5db7c2c6bc30520ef1b725ec02f3d139c77d64d6a78a6,1016,3,3,-20830.71647912609
main_seed0,0,d1c1eb972d85b5605cb5db7c2c6bc30520ef1b725ec02f3d139c77d64d6a78a6,1017,1,3,-46643.28265642566
main_seed0,0,d1c1eb972d85b5605cb5db7c2c6bc30520ef1b725ec02f3d139c77d64d6a78a6,1017,2,3,-24081.83439541385
main_seed0,0,d1c1eb972d85b5605cb5db7c2c6bc30520ef1b725ec02f3d139c77d64d6a78a6,1017,3,3,-24247.57785162593
main_seed0,0,d1c1eb972d85b5605cb5db7c2c6bc30520ef1b725ec02f3d139c77d64d6a78a6,1018,1,3,-46136.80635415359
main_seed0,0,d1c1eb972d85b5605cb5db7c2c6bc30520ef1b725ec02f3d139c77d64d6a78a6,1018,2,3,-28157.266822773032
main_seed0,0,d1c1eb972d85b5605cb5db7c2c6bc30520ef1b725ec02f3d139c77d64d6a78a6,1018,3,3,-20837.04189333777
main_seed0,0,d1c1eb972d85b5605cb5db7c2c6bc30520ef1b725ec02f3d139c77d64d6a78a6,1019,1,3,-49340.59934838279
main_seed0,0,d1c1eb972d85b5605cb5db7c2c6bc30520ef1b725ec02f3d139c77d64d6a78a6,1019,2,3,-24405.00580048429
main_seed0,0,d1c1eb972d85b5605cb5db7c2c6bc30520ef1b725ec02f3d139c77d64d6a78a6,1019,3,3,-20719.31408097444
main_seed0,0,d1c1eb972d85b5605cb5db7c2c6bc30520ef1b725ec02f3d139c77d64d6a78a6,1020,1,3,-47247.64360276799
main_seed0,0,d1c1eb972d85b5605cb5db7c2c6bc30520ef1b725ec02f3d139c77d64d6a78a6,1020,2,3,-28182.4347958174
main_seed0,0,d1c1eb972d85b5605cb5db7c2c6bc30520ef1b725ec02f3d139c77d64d6a78a6,1020,3,3,-25268.96560730147
main_seed0,0,d1c1eb972d85b5605cb5db7c2c6bc30520ef1b725ec02f3d139c77d64d6a78a6,1021,1,3,-46405.6955817646
main_seed0,0,d1c1eb972d85b5605cb5db7c2c6bc30520ef1b725ec02f3d139c77d64d6a78a6,1021,2,3,-29435.630579377583
main_seed0,0,d1c1eb972d85b5605cb5db7c2c6bc30520ef1b725ec02f3d139c77d64d6a78a6,1021,3,3,-21853.456240751144
main_seed0,0,d1c1eb972d85b5605cb5db7c2c6bc30520ef1b725ec02f3d139c77d64d6a78a6,1022,1,3,-46493.3028187334
main_seed0,0,d1c1eb972d85b5605cb5db7c2c6bc30520ef1b725ec02f3d139c77d64d6a78a6,1022,2,3,-25862.173495938518
main_seed0,0,d1c1eb972d85b5605cb5db7c2c6bc30520ef1b725ec02f3d139c77d64d6a78a6,1022,3,3,-24171.87983990037
main_seed0,0,d1c1eb972d85b5605cb5db7c2c6bc30520ef1b725ec02f3d139c77d64d6a78a6,1023,1,3,-47191.18703065718
main_seed0,0,d1c1eb972d85b5605cb5db7c2c6bc30520ef1b725ec02f3d139c77d64d6a78a6,1023,2,3,-26767.84637625095
main_seed0,0,d1c1eb972d85b5605cb5db7c2c6bc30520ef1b725ec02f3d139c77d64d6a78a6,1023,3,3,-21465.249455268746
main_seed0,0,d1c1eb972d85b5605cb5db7c2c6bc30520ef1b725ec02f3d139c77d64d6a78a6,1024,1,3,-48875.13967930119
main_seed0,0,d1c1eb972d85b5605cb5db7c2c6bc30520ef1b725ec02f3d139c77d64d6a78a6,1024,2,3,-27468.10886858034
main_seed0,0,d1c1eb972d85b5605cb5db7c2c6bc30520ef1b725ec02f3d139c77d64d6a78a6,1024,3,3,-27725.064940736025
main_seed0,0,d1c1eb972d85b5605cb5db7c2c6bc30520ef1b725ec02f3d139c77d64d6a78a6,1025,1,3,-48260.18413979835
main_seed0,0,d1c1eb972d85b5605cb5db7c2c6bc30520ef1b725ec02f3d139c77d64d6a78a6,1025,2,3,-31402.69096907444
main_seed0,0,d1c1eb972d85b5605cb5db7c2c6bc30520ef1b725ec02f3d139c77d64d6a78a6,1025,3,3,-20534.73182333032
main_seed0,0,d1c1eb972d85b5605cb5db7c2c6bc30520ef1b725ec02f3d139c77d64d6a78a6,1026,1,3,-46118.311142227736
main_seed0,0,d1c1eb972d85b5605cb5db7c2c6bc30520ef1b725ec02f3d139c77d64d6a78a6,1026,2,3,-23511.746335608797
main_seed0,0,d1c1eb972d85b5605cb5db7c2c6bc30520ef1b725ec02f3d139c77d64d6a78a6,1026,3,3,-25382.433186292328
main_seed0,0,d1c1eb972d85b5605cb5db7c2c6bc30520ef1b725ec02f3d139c77d64d6a78a6,1027,1,3,-46558.98898632819
main_seed0,0,d1c1eb972d85b5605cb5db7c2c6bc30520ef1b725ec02f3d139c77d64d6a78a6,1027,2,3,-27593.70926683266
main_seed0,0,d1c1eb972d85b5605cb5db7c2c6bc30520ef1b725ec02f3d139c77d64d6a78a6,1027,3,3,-18491.822145949543
main_seed0,0,d1c1eb972d85b5605cb5db7c2c6bc30520ef1b725ec02f3d139c77d64d6a78a6,1028,1,3,-48345.502158987336
main_seed0,0,d1c1eb972d85b5605cb5db7c2c6bc30520ef1b725ec02f3d139c77d64d6a78a6,1028,2,3,-30270.673669643314
main_seed0,0,d1c1eb972d85b5605cb5db7c2c6bc30520ef1b725ec02f3d139c77d64d6a78a6,1028,3,3,-20115.53078049613
main_seed0,0,d1c1eb972d85b5605cb5db7c2c6bc30520ef1b725ec02f3d139c77d64d6a78a6,1029,1,3,-46206.31509079979
main_seed0,0,d1c1eb972d85b5605cb5db7c2c6bc30520ef1b725ec02f3d139c77d64d6a78a6,1029,2,3,-27157.35839605458
main_seed0,0,d1c1eb972d85b5605cb5db7c2c6bc30520ef1b725ec02f3d139c77d64d6a78a6,1029,3,3,-21740.13831753852
main_seed0,0,d1c1eb972d85b5605cb5db7c2c6bc30520ef1b725ec02f3d139c77d64d6a78a6,1030,1,3,-47902.30813095615
main_seed0,0,d1c1eb972d85b5605cb5db7c2c6bc30520ef1b725ec02f3d139c77d64d6a78a6,1030,2,3,-33555.321774079304
main_seed0,0,d1c1eb972d85b5605cb5db7c2c6bc30520ef1b725ec02f3d139c77d64d6a78a6,1030,3,3,-20102.5713743838
main_seed0,0,d1c1eb972d85b5605cb5db7c2c6bc30520ef1b725ec02f3d139c77d64d6a78a6,1031,1,3,-45201.7546325436
main_seed0,0,d1c1eb972d85b5605cb5db7c2c6bc30520ef1b725ec02f3d139c77d64d6a78a6,1031,2,3,-26093.240098867907
main_seed0,0,d1c1eb972d85b5605cb5db7c2c6bc30520ef1b725ec02f3d139c77d64d6a78a6,1031,3,3,-21064.183830082213
main_seed0,0,d1c1eb972d85b5605cb5db7c2c6bc30520ef1b725ec02f3d139c77d64d6a78a6,1032,1,3,-46498.78406851274
main_seed0,0,d1c1eb972d85b5605cb5db7c2c6bc30520ef1b725ec02f3d139c77d64d6a78a6,1032,2,3,-26662.896003958107
main_seed0,0,d1c1eb972d85b5605cb5db7c2c6bc30520ef1b725ec02f3d139c77d64d6a78a6,1032,3,3,-18097.020311936227
main_seed0,0,d1c1eb972d85b5605cb5db7c2c6bc30520ef1b725ec02f3d139c77d64d6a78a6,1033,1,3,-45955.31975173679
main_seed0,0,d1c1eb972d85b5605cb5db7c2c6bc30520ef1b725ec02f3d139c77d64d6a78a6,1033,2,3,-25059.26262887229
main_seed0,0,d1c1eb972d85b5605cb5db7c2c6bc30520ef1b725ec02f3d139c77d64d6a78a6,1033,3,3,-23807.536292061064
main_seed0,0,d1c1eb972d85b5605cb5db7c2c6bc30520ef1b725ec02f3d139c77d64d6a78a6,1034,1,3,-46980.55981833146
main_seed0,0,d1c1eb972d85b5605cb5db7c2c6bc30520ef1b725ec02f3d139c77d64d6a78a6,1034,2,3,-29646.24943960736
main_seed0,0,d1c1eb972d85b5605cb5db7c2c6bc30520ef1b725ec02f3d139c77d64d6a78a6,1034,3,3,-19174.36327942312
main_seed0,0,d1c1eb972d85b5605cb5db7c2c6bc30520ef1b725ec02f3d139c77d64d6a78a6,1035,1,3,-52151.83779286513
main_seed0,0,d1c1eb972d85b5605cb5db7c2c6bc30520ef1b725ec02f3d139c77d64d6a78a6,1035,2,3,-28328.35442467394
main_seed0,0,d1c1eb972d85b5605cb5db7c2c6bc30520ef1b725ec02f3d139c77d64d6a78a6,1035,3,3,-24812.284764171454
main_seed0,0,d1c1eb972d85b5605cb5db7c2c6bc30520ef1b725ec02f3d139c77d64d6a78a6,1036,1,3,-48463.18168056206
main_seed0,0,d1c1eb972d85b5605cb5db7c2c6bc30520ef1b725ec02f3d139c77d64d6a78a6,1036,2,3,-27744.550763709827
main_seed0,0,d1c1eb972d85b5605cb5db7c2c6bc30520ef1b725ec02f3d139c77d64d6a78a6,1036,3,3,-20471.06901673716
main_seed0,0,d1c1eb972d85b5605cb5db7c2c6bc30520ef1b725ec02f3d139c77d64d6a78a6,1037,1,3,-48656.66985959539
main_seed0,0,d1c1eb972d85b5605cb5db7c2c6bc30520ef1b725ec02f3d139c77d64d6a78a6,1037,2,3,-33272.4115585838
main_seed0,0,d1c1eb972d85b5605cb5db7c2c6bc30520ef1b725ec02f3d139c77d64d6a78a6,1037,3,3,-19425.179478730653
main_seed0,0,d1c1eb972d85b5605cb5db7c2c6bc30520ef1b725ec02f3d139c77d64d6a78a6,1038,1,3,-43912.1641718516
main_seed0,0,d1c1eb972d85b5605cb5db7c2c6bc30520ef1b725ec02f3d139c77d64d6a78a6,1038,2,3,-23607.571514965868
main_seed0,0,d1c1eb972d85b5605cb5db7c2c6bc30520ef1b725ec02f3d139c77d64d6a78a6,1038,3,3,-20282.356339539725
main_seed0,0,d1c1eb972d85b5605cb5db7c2c6bc30520ef1b725ec02f3d139c77d64d6a78a6,1039,1,3,-47153.921943139096
main_seed0,0,d1c1eb972d85b5605cb5db7c2c6bc30520ef1b725ec02f3d139c77d64d6a78a6,1039,2,3,-24479.882553569856
main_seed0,0,d1c1eb972d85b5605cb5db7c2c6bc30520ef1b725ec02f3d139c77d64d6a78a6,1039,3,3,-27534.530865212124
main_seed0,0,d1c1eb972d85b5605cb5db7c2c6bc30520ef1b725ec02f3d139c77d64d6a78a6,1040,1,3,-47801.6347084511
main_seed0,0,d1c1eb972d85b5605cb5db7c2c6bc30520ef1b725ec02f3d139c77d64d6a78a6,1040,2,3,-23248.02033416924
main_seed0,0,d1c1eb972d85b5605cb5db7c2c6bc30520ef1b725ec02f3d139c77d64d6a78a6,1040,3,3,-20381.503437316176
main_seed0,0,d1c1eb972d85b5605cb5db7c2c6bc30520ef1b725ec02f3d139c77d64d6a78a6,1041,1,3,-48642.48524089789
main_seed0,0,d1c1eb972d85b5605cb5db7c2c6bc30520ef1b725ec02f3d139c77d64d6a78a6,1041,2,3,-21898.45316000556
main_seed0,0,d1c1eb972d85b5605cb5db7c2c6bc30520ef1b725ec02f3d139c77d64d6a78a6,1041,3,3,-19863.42293346932
main_seed0,0,d1c1eb972d85b5605cb5db7c2c6bc30520ef1b725ec02f3d139c77d64d6a78a6,1042,1,3,-45822.607121741945
main_seed0,0,d1c1eb972d85b5605cb5db7c2c6bc30520ef1b725ec02f3d139c77d64d6a78a6,1042,2,3,-23132.19515167508
main_seed0,0,d1c1eb972d85b5605cb5db7c2c6bc30520ef1b725ec02f3d139c77d64d6a78a6,1042,3,3,-22518.31159081745
main_seed0,0,d1c1eb972d85b5605cb5db7c2c6bc30520ef1b725ec02f3d139c77d64d6a78a6,1043,1,3,-46552.51830817299
main_seed0,0,d1c1eb972d85b5605cb5db7c2c6bc30520ef1b725ec02f3d139c77d64d6a78a6,1043,2,3,-28866.536946604967
main_seed0,0,d1c1eb972d85b5605cb5db7c2c6bc30520ef1b725ec02f3d139c77d64d6a78a6,1043,3,3,-21658.842049540635
main_seed0,0,d1c1eb972d85b5605cb5db7c2c6bc30520ef1b725ec02f3d139c77d64d6a78a6,1044,1,3,-48116.19019032417
main_seed0,0,d1c1eb972d85b5605cb5db7c2c6bc30520ef1b725ec02f3d139c77d64d6a78a6,1044,2,3,-22718.94897541283
main_seed0,0,d1c1eb972d85b5605cb5db7c2c6bc30520ef1b725ec02f3d139c77d64d6a78a6,1044,3,3,-22150.67849385445
main_seed0,0,d1c1eb972d85b5605cb5db7c2c6bc30520ef1b725ec02f3d139c77d64d6a78a6,1045,1,3,-44660.890882099055
main_seed0,0,d1c1eb972d85b5605cb5db7c2c6bc30520ef1b725ec02f3d139c77d64d6a78a6,1045,2,3,-21423.633365569145
main_seed0,0,d1c1eb972d85b5605cb5db7c2c6bc30520ef1b725ec02f3d139c77d64d6a78a6,1045,3,3,-18622.43415200557
main_seed0,0,d1c1eb972d85b5605cb5db7c2c6bc30520ef1b725ec02f3d139c77d64d6a78a6,1046,1,3,-50398.79032338227
main_seed0,0,d1c1eb972d85b5605cb5db7c2c6bc30520ef1b725ec02f3d139c77d64d6a78a6,1046,2,3,-23729.516344316064
main_seed0,0,d1c1eb972d85b5605cb5db7c2c6bc30520ef1b725ec02f3d139c77d64d6a78a6,1046,3,3,-21348.22441384263
main_seed0,0,d1c1eb972d85b5605cb5db7c2c6bc30520ef1b725ec02f3d139c77d64d6a78a6,1047,1,3,-47932.90843505443
main_seed0,0,d1c1eb972d85b5605cb5db7c2c6bc30520ef1b725ec02f3d139c77d64d6a78a6,1047,2,3,-26811.949840820624
main_seed0,0,d1c1eb972d85b5605cb5db7c2c6bc30520ef1b725ec02f3d139c77d64d6a78a6,1047,3,3,-24432.834610263057
main_seed0,0,d1c1eb972d85b5605cb5db7c2c6bc30520ef1b725ec02f3d139c77d64d6a78a6,1048,1,3,-51839.19756773093
main_seed0,0,d1c1eb972d85b5605cb5db7c2c6bc30520ef1b725ec02f3d139c77d64d6a78a6,1048,2,3,-26028.5758662539
main_seed0,0,d1c1eb972d85b5605cb5db7c2c6bc30520ef1b725ec02f3d139c77d64d6a78a6,1048,3,3,-20212.06070056801
main_seed0,0,d1c1eb972d85b5605cb5db7c2c6bc30520ef1b725ec02f3d139c77d64d6a78a6,1049,1,3,-46819.14094755957
main_seed0,0,d1c1eb972d85b5605cb5db7c2c6bc30520ef1b725ec02f3d139c77d64d6a78a6,1049,2,3,-22353.58860021612
main_seed0,0,d1c1eb972d85b5605cb5db7c2c6bc30520ef1b725ec02f3d139c77d64d6a78a6,1049,3,3,-19556.132739199
main_seed0,0,d1c1eb972d85b5605cb5db7c2c6bc30520ef1b725ec02f3d139c77d64d6a78a6,1050,1,3,-47559.88866135182
main_seed0,0,d1c1eb972d85b5605cb5db7c2c6bc30520ef1b725ec02f3d139c77d64d6a78a6,1050,2,3,-23804.59097048772
main_seed0,0,d1c1eb972d85b5605cb5db7c2c6bc30520ef1b725ec02f3d139c77d64d6a78a6,1050,3,3,-23697.85422165142
main_seed0,0,d1c1eb972d85b5605cb5db7c2c6bc30520ef1b725ec02f3d139c77d64d6a78a6,1051,1,3,-51822.95209353139
main_seed0,0,d1c1eb972d85b5605cb5db7c2c6bc30520ef1b725ec02f3d139c77d64d6a78a6,1051,2,3,-22436.872993667224
main_seed0,0,d1c1eb972d85b5605cb5db7c2c6bc30520ef1b725ec02f3d139c77d64d6a78a6,1051,3,3,-18041.74785883126
main_seed0,0,d1c1eb972d85b5605cb5db7c2c6bc30520ef1b725ec02f3d139c77d64d6a78a6,1052,1,3,-46367.0359367136
main_seed0,0,d1c1eb972d85b5605cb5db7c2c6bc30520ef1b725ec02f3d139c77d64d6a78a6,1052,2,3,-29123.14905080988
main_seed0,0,d1c1eb972d85b5605cb5db7c2c6bc30520ef1b725ec02f3d139c77d64d6a78a6,1052,3,3,-20707.74607718321
main_seed0,0,d1c1eb972d85b5605cb5db7c2c6bc30520ef1b725ec02f3d139c77d64d6a78a6,1053,1,3,-45714.23550537393
main_seed0,0,d1c1eb972d85b5605cb5db7c2c6bc30520ef1b725ec02f3d139c77d64d6a78a6,1053,2,3,-22361.008371112992
main_seed0,0,d1c1eb972d85b5605cb5db7c2c6bc30520ef1b725ec02f3d139c77d64d6a78a6,1053,3,3,-24953.26381808509
main_seed0,0,d1c1eb972d85b5605cb5db7c2c6bc30520ef1b725ec02f3d139c77d64d6a78a6,1054,1,3,-46551.23681743111
main_seed0,0,d1c1eb972d85b5605cb5db7c2c6bc30520ef1b725ec02f3d139c77d64d6a78a6,1054,2,3,-24969.3818275338
main_seed0,0,d1c1eb972d85b5605cb5db7c2c6bc30520ef1b725ec02f3d139c77d64d6a78a6,1054,3,3,-25817.178731756227
main_seed0,0,d1c1eb972d85b5605cb5db7c2c6bc30520ef1b725ec02f3d139c77d64d6a78a6,1055,1,3,-46172.9131860248
main_seed0,0,d1c1eb972d85b5605cb5db7c2c6bc30520ef1b725ec02f3d139c77d64d6a78a6,1055,2,3,-30116.38938071092
main_seed0,0,d1c1eb972d85b5605cb5db7c2c6bc30520ef1b725ec02f3d139c77d64d6a78a6,1055,3,3,-23597.24538231385
main_seed0,0,d1c1eb972d85b5605cb5db7c2c6bc30520ef1b725ec02f3d139c77d64d6a78a6,1056,1,3,-48792.72991579758
main_seed0,0,d1c1eb972d85b5605cb5db7c2c6bc30520ef1b725ec02f3d139c77d64d6a78a6,1056,2,3,-23976.544510413376
main_seed0,0,d1c1eb972d85b5605cb5db7c2c6bc30520ef1b725ec02f3d139c77d64d6a78a6,1056,3,3,-20138.414893669807
main_seed0,0,d1c1eb972d85b5605cb5db7c2c6bc30520ef1b725ec02f3d139c77d64d6a78a6,1057,1,3,-46161.59425464255
main_seed0,0,d1c1eb972d85b5605cb5db7c2c6bc30520ef1b725ec02f3d139c77d64d6a78a6,1057,2,3,-25026.85201747837
main_seed0,0,d1c1eb972d85b5605cb5db7c2c6bc30520ef1b725ec02f3d139c77d64d6a78a6,1057,3,3,-25015.77995534984
main_seed0,0,d1c1eb972d85b5605cb5db7c2c6bc30520ef1b725ec02f3d139c77d64d6a78a6,1058,1,3,-47707.8216263507
main_seed0,0,d1c1eb972d85b5605cb5db7c2c6bc30520ef1b725ec02f3d139c77d64d6a78a6,1058,2,3,-25123.553865555008
main_seed0,0,d1c1eb972d85b5605cb5db7c2c6bc30520ef1b725ec02f3d139c77d64d6a78a6,1058,3,3,-20393.561039140557
main_seed0,0,d1c1eb972d85b5605cb5db7c2c6bc30520ef1b725ec02f3d139c77d64d6a78a6,1059,1,3,-46345.86147551374
main_seed0,0,d1c1eb972d85b5605cb5db7c2c6bc30520ef1b725ec02f3d139c77d64d6a78a6,1059,2,3,-26433.65739372903
main_seed0,0,d1c1eb972d85b5605cb5db7c2c6bc30520ef1b725ec02f3d139c77d64d6a78a6,1059,3,3,-21426.54422122786
main_seed0,0,d1c1eb972d85b5605cb5db7c2c6bc30520ef1b725ec02f3d139c77d64d6a78a6,1060,1,3,-47077.44431123135
main_seed0,0,d1c1eb972d85b5605cb5db7c2c6bc30520ef1b725ec02f3d139c77d64d6a78a6,1060,2,3,-23808.1686644362
main_seed0,0,d1c1eb972d85b5605cb5db7c2c6bc30520ef1b725ec02f3d139c77d64d6a78a6,1060,3,3,-23135.76734523088
main_seed0,0,d1c1eb972d85b5605cb5db7c2c6bc30520ef1b725ec02f3d139c77d64d6a78a6,1061,1,3,-46855.62090884945
main_seed0,0,d1c1eb972d85b5605cb5db7c2c6bc30520ef1b725ec02f3d139c77d64d6a78a6,1061,2,3,-31145.46167160876
main_seed0,0,d1c1eb972d85b5605cb5db7c2c6bc30520ef1b725ec02f3d139c77d64d6a78a6,1061,3,3,-21886.040173221983
main_seed0,0,d1c1eb972d85b5605cb5db7c2c6bc30520ef1b725ec02f3d139c77d64d6a78a6,1062,1,3,-46416.59401562915
main_seed0,0,d1c1eb972d85b5605cb5db7c2c6bc30520ef1b725ec02f3d139c77d64d6a78a6,1062,2,3,-27166.79530779632
main_seed0,0,d1c1eb972d85b5605cb5db7c2c6bc30520ef1b725ec02f3d139c77d64d6a78a6,1062,3,3,-20426.684255092565
main_seed0,0,d1c1eb972d85b5605cb5db7c2c6bc30520ef1b725ec02f3d139c77d64d6a78a6,1063,1,3,-52430.03455976747
main_seed0,0,d1c1eb972d85b5605cb5db7c2c6bc30520ef1b725ec02f3d139c77d64d6a78a6,1063,2,3,-23525.841092547213
main_seed0,0,d1c1eb972d85b5605cb5db7c2c6bc30520ef1b725ec02f3d139c77d64d6a78a6,1063,3,3,-19534.076781423715
main_seed0,0,d1c1eb972d85b5605cb5db7c2c6bc30520ef1b725ec02f3d139c77d64d6a78a6,1064,1,3,-48569.88445213479
main_seed0,0,d1c1eb972d85b5605cb5db7c2c6bc30520ef1b725ec02f3d139c77d64d6a78a6,1064,2,3,-23074.15711196384
main_seed0,0,d1c1eb972d85b5605cb5db7c2c6bc30520ef1b725ec02f3d139c77d64d6a78a6,1064,3,3,-25143.63330758917
main_seed0,0,d1c1eb972d85b5605cb5db7c2c6bc30520ef1b725ec02f3d139c77d64d6a78a6,1065,1,3,-46028.60769090868
main_seed0,0,d1c1eb972d85b5605cb5db7c2c6bc30520ef1b725ec02f3d139c77d64d6a78a6,1065,2,3,-24321.27368300783
main_seed0,0,d1c1eb972d85b5605cb5db7c2c6bc30520ef1b725ec02f3d139c77d64d6a78a6,1065,3,3,-20845.39331373424
main_seed0,0,d1c1eb972d85b5605cb5db7c2c6bc30520ef1b725ec02f3d139c77d64d6a78a6,1066,1,3,-45667.37362068364
main_seed0,0,d1c1eb972d85b5605cb5db7c2c6bc30520ef1b725ec02f3d139c77d64d6a78a6,1066,2,3,-26561.107113933074
main_seed0,0,d1c1eb972d85b5605cb5db7c2c6bc30520ef1b725ec02f3d139c77d64d6a78a6,1066,3,3,-21551.44718891303
main_seed0,0,d1c1eb972d85b5605cb5db7c2c6bc30520ef1b725ec02f3d139c77d64d6a78a6,1067,1,3,-46608.58638543857
main_seed0,0,d1c1eb972d85b5605cb5db7c2c6bc30520ef1b725ec02f3d139c77d64d6a78a6,1067,2,3,-24588.94193407397
main_seed0,0,d1c1eb972d85b5605cb5db7c2c6bc30520ef1b725ec02f3d139c77d64d6a78a6,1067,3,3,-21138.413623445
main_seed0,0,d1c1eb972d85b5605cb5db7c2c6bc30520ef1b725ec02f3d139c77d64d6a78a6,1068,1,3,-47259.00545324391
main_seed0,0,d1c1eb972d85b5605cb5db7c2c6bc30520ef1b725ec02f3d139c77d64d6a78a6,1068,2,3,-25638.87702446833
main_seed0,0,d1c1eb972d85b5605cb5db7c2c6bc30520ef1b725ec02f3d139c77d64d6a78a6,1068,3,3,-18865.10468130233
main_seed0,0,d1c1eb972d85b5605cb5db7c2c6bc30520ef1b725ec02f3d139c77d64d6a78a6,1069,1,3,-45790.921417343256
main_seed0,0,d1c1eb972d85b5605cb5db7c2c6bc30520ef1b725ec02f3d139c77d64d6a78a6,1069,2,3,-27330.314756401134
main_seed0,0,d1c1eb972d85b5605cb5db7c2c6bc30520ef1b725ec02f3d139c77d64d6a78a6,1069,3,3,-20396.916599224187
main_seed0,0,d1c1eb972d85b5605cb5db7c2c6bc30520ef1b725ec02f3d139c77d64d6a78a6,1070,1,3,-48032.95403551511
main_seed0,0,d1c1eb972d85b5605cb5db7c2c6bc30520ef1b725ec02f3d139c77d64d6a78a6,1070,2,3,-26985.207158625155
main_seed0,0,d1c1eb972d85b5605cb5db7c2c6bc30520ef1b725ec02f3d139c77d64d6a78a6,1070,3,3,-23437.610237339
main_seed0,0,d1c1eb972d85b5605cb5db7c2c6bc30520ef1b725ec02f3d139c77d64d6a78a6,1071,1,3,-47159.86721426588
main_seed0,0,d1c1eb972d85b5605cb5db7c2c6bc30520ef1b725ec02f3d139c77d64d6a78a6,1071,2,3,-26878.70744638553
main_seed0,0,d1c1eb972d85b5605cb5db7c2c6bc30520ef1b725ec02f3d139c77d64d6a78a6,1071,3,3,-21335.614352111774
main_seed0,0,d1c1eb972d85b5605cb5db7c2c6bc30520ef1b725ec02f3d139c77d64d6a78a6,1072,1,3,-45544.18333808152
main_seed0,0,d1c1eb972d85b5605cb5db7c2c6bc30520ef1b725ec02f3d139c77d64d6a78a6,1072,2,3,-24841.22918720985
main_seed0,0,d1c1eb972d85b5605cb5db7c2c6bc30520ef1b725ec02f3d139c77d64d6a78a6,1072,3,3,-23905.222531691044
main_seed0,0,d1c1eb972d85b5605cb5db7c2c6bc30520ef1b725ec02f3d139c77d64d6a78a6,1073,1,3,-46677.92283863486
main_seed0,0,d1c1eb972d85b5605cb5db7c2c6bc30520ef1b725ec02f3d139c77d64d6a78a6,1073,2,3,-30454.9306558942
main_seed0,0,d1c1eb972d85b5605cb5db7c2c6bc30520ef1b725ec02f3d139c77d64d6a78a6,1073,3,3,-18559.359836844265
main_seed0,0,d1c1eb972d85b5605cb5db7c2c6bc30520ef1b725ec02f3d139c77d64d6a78a6,1074,1,3,-47121.97516062631
main_seed0,0,d1c1eb972d85b5605cb5db7c2c6bc30520ef1b725ec02f3d139c77d64d6a78a6,1074,2,3,-28310.15358122357
main_seed0,0,d1c1eb972d85b5605cb5db7c2c6bc30520ef1b725ec02f3d139c77d64d6a78a6,1074,3,3,-21142.82980218839
main_seed0,0,d1c1eb972d85b5605cb5db7c2c6bc30520ef1b725ec02f3d139c77d64d6a78a6,1075,1,3,-46807.2399130572
main_seed0,0,d1c1eb972d85b5605cb5db7c2c6bc30520ef1b725ec02f3d139c77d64d6a78a6,1075,2,3,-28894.530687352388
main_seed0,0,d1c1eb972d85b5605cb5db7c2c6bc30520ef1b725ec02f3d139c77d64d6a78a6,1075,3,3,-19781.17484880518
main_seed0,0,d1c1eb972d85b5605cb5db7c2c6bc30520ef1b725ec02f3d139c77d64d6a78a6,1076,1,3,-46412.987731262896
main_seed0,0,d1c1eb972d85b5605cb5db7c2c6bc30520ef1b725ec02f3d139c77d64d6a78a6,1076,2,3,-25990.25264972078
main_seed0,0,d1c1eb972d85b5605cb5db7c2c6bc30520ef1b725ec02f3d139c77d64d6a78a6,1076,3,3,-21595.233785890745
main_seed0,0,d1c1eb972d85b5605cb5db7c2c6bc30520ef1b725ec02f3d139c77d64d6a78a6,1077,1,3,-46102.78157026452
main_seed0,0,d1c1eb972d85b5605cb5db7c2c6bc30520ef1b725ec02f3d139c77d64d6a78a6,1077,2,3,-23559.18617830387
main_seed0,0,d1c1eb972d85b5605cb5db7c2c6bc30520ef1b725ec02f3d139c77d64d6a78a6,1077,3,3,-19202.593927838105
main_seed0,0,d1c1eb972d85b5605cb5db7c2c6bc30520ef1b725ec02f3d139c77d64d6a78a6,1078,1,3,-47109.03379786773
main_seed0,0,d1c1eb972d85b5605cb5db7c2c6bc30520ef1b725ec02f3d139c77d64d6a78a6,1078,2,3,-25005.773437381595
main_seed0,0,d1c1eb972d85b5605cb5db7c2c6bc30520ef1b725ec02f3d139c77d64d6a78a6,1078,3,3,-20720.642897879094
main_seed0,0,d1c1eb972d85b5605cb5db7c2c6bc30520ef1b725ec02f3d139c77d64d6a78a6,1079,1,3,-45607.485720411416
main_seed0,0,d1c1eb972d85b5605cb5db7c2c6bc30520ef1b725ec02f3d139c77d64d6a78a6,1079,2,3,-24118.23765026399
main_seed0,0,d1c1eb972d85b5605cb5db7c2c6bc30520ef1b725ec02f3d139c77d64d6a78a6,1079,3,3,-21053.92805072421
main_seed0,0,d1c1eb972d85b5605cb5db7c2c6bc30520ef1b725ec02f3d139c77d64d6a78a6,1080,1,3,-45970.92028883571
main_seed0,0,d1c1eb972d85b5605cb5db7c2c6bc30520ef1b725ec02f3d139c77d64d6a78a6,1080,2,3,-27137.515113675254
main_seed0,0,d1c1eb972d85b5605cb5db7c2c6bc30520ef1b725ec02f3d139c77d64d6a78a6,1080,3,3,-23952.79773122289
main_seed0,0,d1c1eb972d85b5605cb5db7c2c6bc30520ef1b725ec02f3d139c77d64d6a78a6,1081,1,3,-46593.91676476538
main_seed0,0,d1c1eb972d85b5605cb5db7c2c6bc30520ef1b725ec02f3d139c77d64d6a78a6,1081,2,3,-29748.054038479557
main_seed0,0,d1c1eb972d85b5605cb5db7c2c6bc30520ef1b725ec02f3d139c77d64d6a78a6,1081,3,3,-17933.035616274145
main_seed0,0,d1c1eb972d85b5605cb5db7c2c6bc30520ef1b725ec02f3d139c77d64d6a78a6,1082,1,3,-46216.20822804802
main_seed0,0,d1c1eb972d85b5605cb5db7c2c6bc30520ef1b725ec02f3d139c77d64d6a78a6,1082,2,3,-23996.836010231174
main_seed0,0,d1c1eb972d85b5605cb5db7c2c6bc30520ef1b725ec02f3d139c77d64d6a78a6,1082,3,3,-23474.36533717446
main_seed0,0,d1c1eb972d85b5605cb5db7c2c6bc30520ef1b725ec02f3d139c77d64d6a78a6,1083,1,3,-48726.01843341679
main_seed0,0,d1c1eb972d85b5605cb5db7c2c6bc30520ef1b725ec02f3d139c77d64d6a78a6,1083,2,3,-31933.72053880417
main_seed0,0,d1c1eb972d85b5605cb5db7c2c6bc30520ef1b725ec02f3d139c77d64d6a78a6,1083,3,3,-24850.899145094445
main_seed0,0,d1c1eb972d85b5605cb5db7c2c6bc30520ef1b725ec02f3d139c77d64d6a78a6,1084,1,3,-46360.68571575278
main_seed0,0,d1c1eb972d85b5605cb5db7c2c6bc30520ef1b725ec02f3d139c77d64d6a78a6,1084,2,3,-25430.589097771797
main_seed0,0,d1c1eb972d85b5605cb5db7c2c6bc30520ef1b725ec02f3d139c77d64d6a78a6,1084,3,3,-24888.93659401143
main_seed0,0,d1c1eb972d85b5605cb5db7c2c6bc30520ef1b725ec02f3d139c77d64d6a78a6,1085,1,3,-48202.86245438965
main_seed0,0,d1c1eb972d85b5605cb5db7c2c6bc30520ef1b725ec02f3d139c77d64d6a78a6,1085,2,3,-27877.115048108517
main_seed0,0,d1c1eb972d85b5605cb5db7c2c6bc30520ef1b725ec02f3d139c77d64d6a78a6,1085,3,3,-18880.22250578388
main_seed0,0,d1c1eb972d85b5605cb5db7c2c6bc30520ef1b725ec02f3d139c77d64d6a78a6,1086,1,3,-46043.67171729176
main_seed0,0,d1c1eb972d85b5605cb5db7c2c6bc30520ef1b725ec02f3d139c77d64d6a78a6,1086,2,3,-28659.93401588234
main_seed0,0,d1c1eb972d85b5605cb5db7c2c6bc30520ef1b725ec02f3d139c77d64d6a78a6,1086,3,3,-20944.239253815267
main_seed0,0,d1c1eb972d85b5605cb5db7c2c6bc30520ef1b725ec02f3d139c77d64d6a78a6,1087,1,3,-48515.08025511219
main_seed0,0,d1c1eb972d85b5605cb5db7c2c6bc30520ef1b725ec02f3d139c77d64d6a78a6,1087,2,3,-26340.83731741452
main_seed0,0,d1c1eb972d85b5605cb5db7c2c6bc30520ef1b725ec02f3d139c77d64d6a78a6,1087,3,3,-21011.855765841407
main_seed0,0,d1c1eb972d85b5605cb5db7c2c6bc30520ef1b725ec02f3d139c77d64d6a78a6,1088,1,3,-46329.85474525507
main_seed0,0,d1c1eb972d85b5605cb5db7c2c6bc30520ef1b725ec02f3d139c77d64d6a78a6,1088,2,3,-23296.27253883553
main_seed0,0,d1c1eb972d85b5605cb5db7c2c6bc30520ef1b725ec02f3d139c77d64d6a78a6,1088,3,3,-20139.049883815096
main_seed0,0,d1c1eb972d85b5605cb5db7c2c6bc30520ef1b725ec02f3d139c77d64d6a78a6,1089,1,3,-47480.258289033765
main_seed0,0,d1c1eb972d85b5605cb5db7c2c6bc30520ef1b725ec02f3d139c77d64d6a78a6,1089,2,3,-24148.859370312937
main_seed0,0,d1c1eb972d85b5605cb5db7c2c6bc30520ef1b725ec02f3d139c77d64d6a78a6,1089,3,3,-21900.65674701336
main_seed0,0,d1c1eb972d85b5605cb5db7c2c6bc30520ef1b725ec02f3d139c77d64d6a78a6,1090,1,3,-49954.3199437355
main_seed0,0,d1c1eb972d85b5605cb5db7c2c6bc30520ef1b725ec02f3d139c77d64d6a78a6,1090,2,3,-20465.077420467373
main_seed0,0,d1c1eb972d85b5605cb5db7c2c6bc30520ef1b725ec02f3d139c77d64d6a78a6,1090,3,3,-19551.077121761224
main_seed0,0,d1c1eb972d85b5605cb5db7c2c6bc30520ef1b725ec02f3d139c77d64d6a78a6,1091,1,3,-47096.554843684426
main_seed0,0,d1c1eb972d85b5605cb5db7c2c6bc30520ef1b725ec02f3d139c77d64d6a78a6,1091,2,3,-23444.17291596324
main_seed0,0,d1c1eb972d85b5605cb5db7c2c6bc30520ef1b725ec02f3d139c77d64d6a78a6,1091,3,3,-20699.36651642752
main_seed0,0,d1c1eb972d85b5605cb5db7c2c6bc30520ef1b725ec02f3d139c77d64d6a78a6,1092,1,3,-46882.218531179045
main_seed0,0,d1c1eb972d85b5605cb5db7c2c6bc30520ef1b725ec02f3d139c77d64d6a78a6,1092,2,3,-25841.557277653406
main_seed0,0,d1c1eb972d85b5605cb5db7c2c6bc30520ef1b725ec02f3d139c77d64d6a78a6,1092,3,3,-21194.45999701581
main_seed0,0,d1c1eb972d85b5605cb5db7c2c6bc30520ef1b725ec02f3d139c77d64d6a78a6,1093,1,3,-46621.919555203305
main_seed0,0,d1c1eb972d85b5605cb5db7c2c6bc30520ef1b725ec02f3d139c77d64d6a78a6,1093,2,3,-28243.69116928924
main_seed0,0,d1c1eb972d85b5605cb5db7c2c6bc30520ef1b725ec02f3d139c77d64d6a78a6,1093,3,3,-20282.067921637543
main_seed0,0,d1c1eb972d85b5605cb5db7c2c6bc30520ef1b725ec02f3d139c77d64d6a78a6,1094,1,3,-46526.69179645655
main_seed0,0,d1c1eb972d85b5605cb5db7c2c6bc30520ef1b725ec02f3d139c77d64d6a78a6,1094,2,3,-29034.047566077374
main_seed0,0,d1c1eb972d85b5605cb5db7c2c6bc30520ef1b725ec02f3d139c77d64d6a78a6,1094,3,3,-26622.22068745261
main_seed0,0,d1c1eb972d85b5605cb5db7c2c6bc30520ef1b725ec02f3d139c77d64d6a78a6,1095,1,3,-46664.55718589283
main_seed0,0,d1c1eb972d85b5605cb5db7c2c6bc30520ef1b725ec02f3d139c77d64d6a78a6,1095,2,3,-25927.9184027648
main_seed0,0,d1c1eb972d85b5605cb5db7c2c6bc30520ef1b725ec02f3d139c77d64d6a78a6,1095,3,3,-20138.434121769355
main_seed0,0,d1c1eb972d85b5605cb5db7c2c6bc30520ef1b725ec02f3d139c77d64d6a78a6,1096,1,3,-47165.70716188161
main_seed0,0,d1c1eb972d85b5605cb5db7c2c6bc30520ef1b725ec02f3d139c77d64d6a78a6,1096,2,3,-28432.45435720053
main_seed0,0,d1c1eb972d85b5605cb5db7c2c6bc30520ef1b725ec02f3d139c77d64d6a78a6,1096,3,3,-21942.536962987968
main_seed0,0,d1c1eb972d85b5605cb5db7c2c6bc30520ef1b725ec02f3d139c77d64d6a78a6,1097,1,3,-48663.38647416534
main_seed0,0,d1c1eb972d85b5605cb5db7c2c6bc30520ef1b725ec02f3d139c77d64d6a78a6,1097,2,3,-25657.753469571224
main_seed0,0,d1c1eb972d85b5605cb5db7c2c6bc30520ef1b725ec02f3d139c77d64d6a78a6,1097,3,3,-19454.03508449365
main_seed0,0,d1c1eb972d85b5605cb5db7c2c6bc30520ef1b725ec02f3d139c77d64d6a78a6,1098,1,3,-48723.3660767534
main_seed0,0,d1c1eb972d85b5605cb5db7c2c6bc30520ef1b725ec02f3d139c77d64d6a78a6,1098,2,3,-29597.03921607156
main_seed0,0,d1c1eb972d85b5605cb5db7c2c6bc30520ef1b725ec02f3d139c77d64d6a78a6,1098,3,3,-20916.25083283229
main_seed0,0,d1c1eb972d85b5605cb5db7c2c6bc30520ef1b725ec02f3d139c77d64d6a78a6,1099,1,3,-46870.69014840331
main_seed0,0,d1c1eb972d85b5605cb5db7c2c6bc30520ef1b725ec02f3d139c77d64d6a78a6,1099,2,3,-27405.357781450075
main_seed0,0,d1c1eb972d85b5605cb5db7c2c6bc30520ef1b725ec02f3d139c77d64d6a78a6,1099,3,3,-19687.325197267182
main_seed0,0,d1c1eb972d85b5605cb5db7c2c6bc30520ef1b725ec02f3d139c77d64d6a78a6,1100,1,3,-46185.22491017884
main_seed0,0,d1c1eb972d85b5605cb5db7c2c6bc30520ef1b725ec02f3d139c77d64d6a78a6,1100,2,3,-27599.89503090018
main_seed0,0,d1c1eb972d85b5605cb5db7c2c6bc30520ef1b725ec02f3d139c77d64d6a78a6,1100,3,3,-20025.093010073502
main_seed0,0,d1c1eb972d85b5605cb5db7c2c6bc30520ef1b725ec02f3d139c77d64d6a78a6,1101,1,3,-47292.24233229195
main_seed0,0,d1c1eb972d85b5605cb5db7c2c6bc30520ef1b725ec02f3d139c77d64d6a78a6,1101,2,3,-24187.8974196463
main_seed0,0,d1c1eb972d85b5605cb5db7c2c6bc30520ef1b725ec02f3d139c77d64d6a78a6,1101,3,3,-17952.021281485308
main_seed0,0,d1c1eb972d85b5605cb5db7c2c6bc30520ef1b725ec02f3d139c77d64d6a78a6,1102,1,3,-47226.43527238138
main_seed0,0,d1c1eb972d85b5605cb5db7c2c6bc30520ef1b725ec02f3d139c77d64d6a78a6,1102,2,3,-31806.831324539176
main_seed0,0,d1c1eb972d85b5605cb5db7c2c6bc30520ef1b725ec02f3d139c77d64d6a78a6,1102,3,3,-20356.802511597743
main_seed0,0,d1c1eb972d85b5605cb5db7c2c6bc30520ef1b725ec02f3d139c77d64d6a78a6,1103,1,3,-46879.29296326067
main_seed0,0,d1c1eb972d85b5605cb5db7c2c6bc30520ef1b725ec02f3d139c77d64d6a78a6,1103,2,3,-26204.67264569532
main_seed0,0,d1c1eb972d85b5605cb5db7c2c6bc30520ef1b725ec02f3d139c77d64d6a78a6,1103,3,3,-18283.58733660719
main_seed0,0,d1c1eb972d85b5605cb5db7c2c6bc30520ef1b725ec02f3d139c77d64d6a78a6,1104,1,3,-46557.64066235571
main_seed0,0,d1c1eb972d85b5605cb5db7c2c6bc30520ef1b725ec02f3d139c77d64d6a78a6,1104,2,3,-28845.81906269564
main_seed0,0,d1c1eb972d85b5605cb5db7c2c6bc30520ef1b725ec02f3d139c77d64d6a78a6,1104,3,3,-22235.713454200617
main_seed0,0,d1c1eb972d85b5605cb5db7c2c6bc30520ef1b725ec02f3d139c77d64d6a78a6,1105,1,3,-47848.40331778338
main_seed0,0,d1c1eb972d85b5605cb5db7c2c6bc30520ef1b725ec02f3d139c77d64d6a78a6,1105,2,3,-30654.427505070187
main_seed0,0,d1c1eb972d85b5605cb5db7c2c6bc30520ef1b725ec02f3d139c77d64d6a78a6,1105,3,3,-23589.7830045402
main_seed0,0,d1c1eb972d85b5605cb5db7c2c6bc30520ef1b725ec02f3d139c77d64d6a78a6,1106,1,3,-47577.47757830841
main_seed0,0,d1c1eb972d85b5605cb5db7c2c6bc30520ef1b725ec02f3d139c77d64d6a78a6,1106,2,3,-27300.954030196343
main_seed0,0,d1c1eb972d85b5605cb5db7c2c6bc30520ef1b725ec02f3d139c77d64d6a78a6,1106,3,3,-19032.782639552257
main_seed0,0,d1c1eb972d85b5605cb5db7c2c6bc30520ef1b725ec02f3d139c77d64d6a78a6,1107,1,3,-48126.560289203175
main_seed0,0,d1c1eb972d85b5605cb5db7c2c6bc30520ef1b725ec02f3d139c77d64d6a78a6,1107,2,3,-24955.448125685183
main_seed0,0,d1c1eb972d85b5605cb5db7c2c6bc30520ef1b725ec02f3d139c77d64d6a78a6,1107,3,3,-22049.73780596976
main_seed0,0,d1c1eb972d85b5605cb5db7c2c6bc30520ef1b725ec02f3d139c77d64d6a78a6,1108,1,3,-47807.231454681736
main_seed0,0,d1c1eb972d85b5605cb5db7c2c6bc30520ef1b725ec02f3d139c77d64d6a78a6,1108,2,3,-23217.68039565562
main_seed0,0,d1c1eb972d85b5605cb5db7c2c6bc30520ef1b725ec02f3d139c77d64d6a78a6,1108,3,3,-19599.05309046933
main_seed0,0,d1c1eb972d85b5605cb5db7c2c6bc30520ef1b725ec02f3d139c77d64d6a78a6,1109,1,3,-47078.53474072929
main_seed0,0,d1c1eb972d85b5605cb5db7c2c6bc30520ef1b725ec02f3d139c77d64d6a78a6,1109,2,3,-29317.14745708233
main_seed0,0,d1c1eb972d85b5605cb5db7c2c6bc30520ef1b725ec02f3d139c77d64d6a78a6,1109,3,3,-19938.49062047296
main_seed0,0,d1c1eb972d85b5605cb5db7c2c6bc30520ef1b725ec02f3d139c77d64d6a78a6,1110,1,3,-46926.775770398526
main_seed0,0,d1c1eb972d85b5605cb5db7c2c6bc30520ef1b725ec02f3d139c77d64d6a78a6,1110,2,3,-26752.978315381013
main_seed0,0,d1c1eb972d85b5605cb5db7c2c6bc30520ef1b725ec02f3d139c77d64d6a78a6,1110,3,3,-19431.61036999288
main_seed0,0,d1c1eb972d85b5605cb5db7c2c6bc30520ef1b725ec02f3d139c77d64d6a78a6,1111,1,3,-46919.06929697053
main_seed0,0,d1c1eb972d85b5605cb5db7c2c6bc30520ef1b725ec02f3d139c77d64d6a78a6,1111,2,3,-28410.035880046184
main_seed0,0,d1c1eb972d85b5605cb5db7c2c6bc30520ef1b725ec02f3d139c77d64d6a78a6,1111,3,3,-20196.1142909442
main_seed0,0,d1c1eb972d85b5605cb5db7c2c6bc30520ef1b725ec02f3d139c77d64d6a78a6,1112,1,3,-46413.51702208315
main_seed0,0,d1c1eb972d85b5605cb5db7c2c6bc30520ef1b725ec02f3d139c77d64d6a78a6,1112,2,3,-27470.005450064207
main_seed0,0,d1c1eb972d85b5605cb5db7c2c6bc30520ef1b725ec02f3d139c77d64d6a78a6,1112,3,3,-18761.74417956821
main_seed0,0,d1c1eb972d85b5605cb5db7c2c6bc30520ef1b725ec02f3d139c77d64d6a78a6,1113,1,3,-47453.45329021901
main_seed0,0,d1c1eb972d85b5605cb5db7c2c6bc30520ef1b725ec02f3d139c77d64d6a78a6,1113,2,3,-21847.590780468665
main_seed0,0,d1c1eb972d85b5605cb5db7c2c6bc30520ef1b725ec02f3d139c77d64d6a78a6,1113,3,3,-19583.711138736136
main_seed0,0,d1c1eb972d85b5605cb5db7c2c6bc30520ef1b725ec02f3d139c77d64d6a78a6,1114,1,3,-48634.31439016461
main_seed0,0,d1c1eb972d85b5605cb5db7c2c6bc30520ef1b725ec02f3d139c77d64d6a78a6,1114,2,3,-29092.25578120205
main_seed0,0,d1c1eb972d85b5605cb5db7c2c6bc30520ef1b725ec02f3d139c77d64d6a78a6,1114,3,3,-23454.57157228785
main_seed0,0,d1c1eb972d85b5605cb5db7c2c6bc30520ef1b725ec02f3d139c77d64d6a78a6,1115,1,3,-46890.81752389816
main_seed0,0,d1c1eb972d85b5605cb5db7c2c6bc30520ef1b725ec02f3d139c77d64d6a78a6,1115,2,3,-32018.63025811245
main_seed0,0,d1c1eb972d85b5605cb5db7c2c6bc30520ef1b725ec02f3d139c77d64d6a78a6,1115,3,3,-19125.06351978744
main_seed0,0,d1c1eb972d85b5605cb5db7c2c6bc30520ef1b725ec02f3d139c77d64d6a78a6,1116,1,3,-46768.41884499056
main_seed0,0,d1c1eb972d85b5605cb5db7c2c6bc30520ef1b725ec02f3d139c77d64d6a78a6,1116,2,3,-30025.483943275445
main_seed0,0,d1c1eb972d85b5605cb5db7c2c6bc30520ef1b725ec02f3d139c77d64d6a78a6,1116,3,3,-19760.695293029632
main_seed0,0,d1c1eb972d85b5605cb5db7c2c6bc30520ef1b725ec02f3d139c77d64d6a78a6,1117,1,3,-48127.42143662102
main_seed0,0,d1c1eb972d85b5605cb5db7c2c6bc30520ef1b725ec02f3d139c77d64d6a78a6,1117,2,3,-30145.482342257517
main_seed0,0,d1c1eb972d85b5605cb5db7c2c6bc30520ef1b725ec02f3d139c77d64d6a78a6,1117,3,3,-17364.607690445613
main_seed0,0,d1c1eb972d85b5605cb5db7c2c6bc30520ef1b725ec02f3d139c77d64d6a78a6,1118,1,3,-47074.39003834184
main_seed0,0,d1c1eb972d85b5605cb5db7c2c6bc30520ef1b725ec02f3d139c77d64d6a78a6,1118,2,3,-24148.011485990926
main_seed0,0,d1c1eb972d85b5605cb5db7c2c6bc30520ef1b725ec02f3d139c77d64d6a78a6,1118,3,3,-18575.909289456336
main_seed0,0,d1c1eb972d85b5605cb5db7c2c6bc30520ef1b725ec02f3d139c77d64d6a78a6,1119,1,3,-46914.45054366897
main_seed0,0,d1c1eb972d85b5605cb5db7c2c6bc30520ef1b725ec02f3d139c77d64d6a78a6,1119,2,3,-25489.080338548003
main_seed0,0,d1c1eb972d85b5605cb5db7c2c6bc30520ef1b725ec02f3d139c77d64d6a78a6,1119,3,3,-20233.287102926613
main_seed0,0,d1c1eb972d85b5605cb5db7c2c6bc30520ef1b725ec02f3d139c77d64d6a78a6,1120,1,3,-46418.65292528534
main_seed0,0,d1c1eb972d85b5605cb5db7c2c6bc30520ef1b725ec02f3d139c77d64d6a78a6,1120,2,3,-24560.88518668968
main_seed0,0,d1c1eb972d85b5605cb5db7c2c6bc30520ef1b725ec02f3d139c77d64d6a78a6,1120,3,3,-19958.280082037712
main_seed0,0,d1c1eb972d85b5605cb5db7c2c6bc30520ef1b725ec02f3d139c77d64d6a78a6,1121,1,3,-47432.61361467947
main_seed0,0,d1c1eb972d85b5605cb5db7c2c6bc30520ef1b725ec02f3d139c77d64d6a78a6,1121,2,3,-30763.15909803844
main_seed0,0,d1c1eb972d85b5605cb5db7c2c6bc30520ef1b725ec02f3d139c77d64d6a78a6,1121,3,3,-22449.154026548746
main_seed0,0,d1c1eb972d85b5605cb5db7c2c6bc30520ef1b725ec02f3d139c77d64d6a78a6,1122,1,3,-49454.426391744826
main_seed0,0,d1c1eb972d85b5605cb5db7c2c6bc30520ef1b725ec02f3d139c77d64d6a78a6,1122,2,3,-29387.89299014385
main_seed0,0,d1c1eb972d85b5605cb5db7c2c6bc30520ef1b725ec02f3d139c77d64d6a78a6,1122,3,3,-19604.804316963466
main_seed0,0,d1c1eb972d85b5605cb5db7c2c6bc30520ef1b725ec02f3d139c77d64d6a78a6,1123,1,3,-48248.688893092105
main_seed0,0,d1c1eb972d85b5605cb5db7c2c6bc30520ef1b725ec02f3d139c77d64d6a78a6,1123,2,3,-26029.935340891578
main_seed0,0,d1c1eb972d85b5605cb5db7c2c6bc30520ef1b725ec02f3d139c77d64d6a78a6,1123,3,3,-18299.35036730051
main_seed0,0,d1c1eb972d85b5605cb5db7c2c6bc30520ef1b725ec02f3d139c77d64d6a78a6,1124,1,3,-45890.21761384565
main_seed0,0,d1c1eb972d85b5605cb5db7c2c6bc30520ef1b725ec02f3d139c77d64d6a78a6,1124,2,3,-27937.13358794645
main_seed0,0,d1c1eb972d85b5605cb5db7c2c6bc30520ef1b725ec02f3d139c77d64d6a78a6,1124,3,3,-18931.190272140106
main_seed0,0,d1c1eb972d85b5605cb5db7c2c6bc30520ef1b725ec02f3d139c77d64d6a78a6,1125,1,3,-46027.88789536693
main_seed0,0,d1c1eb972d85b5605cb5db7c2c6bc30520ef1b725ec02f3d139c77d64d6a78a6,1125,2,3,-27341.949512033127
main_seed0,0,d1c1eb972d85b5605cb5db7c2c6bc30520ef1b725ec02f3d139c77d64d6a78a6,1125,3,3,-21728.70565745565
main_seed0,0,d1c1eb972d85b5605cb5db7c2c6bc30520ef1b725ec02f3d139c77d64d6a78a6,1126,1,3,-46345.54976260472
main_seed0,0,d1c1eb972d85b5605cb5db7c2c6bc30520ef1b725ec02f3d139c77d64d6a78a6,1126,2,3,-29913.744518370622
main_seed0,0,d1c1eb972d85b5605cb5db7c2c6bc30520ef1b725ec02f3d139c77d64d6a78a6,1126,3,3,-19621.61404037709
main_seed0,0,d1c1eb972d85b5605cb5db7c2c6bc30520ef1b725ec02f3d139c77d64d6a78a6,1127,1,3,-48145.32791417437
main_seed0,0,d1c1eb972d85b5605cb5db7c2c6bc30520ef1b725ec02f3d139c77d64d6a78a6,1127,2,3,-24119.96536673045
main_seed0,0,d1c1eb972d85b5605cb5db7c2c6bc30520ef1b725ec02f3d139c77d64d6a78a6,1127,3,3,-19162.05401391636
main_seed0,0,d1c1eb972d85b5605cb5db7c2c6bc30520ef1b725ec02f3d139c77d64d6a78a6,1128,1,3,-46225.34652345619
main_seed0,0,d1c1eb972d85b5605cb5db7c2c6bc30520ef1b725ec02f3d139c77d64d6a78a6,1128,2,3,-25304.98061104828
main_seed0,0,d1c1eb972d85b5605cb5db7c2c6bc30520ef1b725ec02f3d139c77d64d6a78a6,1128,3,3,-18920.713660271234
main_seed0,0,d1c1eb972d85b5605cb5db7c2c6bc30520ef1b725ec02f3d139c77d64d6a78a6,1129,1,3,-47255.56863167306
main_seed0,0,d1c1eb972d85b5605cb5db7c2c6bc30520ef1b725ec02f3d139c77d64d6a78a6,1129,2,3,-24916.26217752817
main_seed0,0,d1c1eb972d85b5605cb5db7c2c6bc30520ef1b725ec02f3d139c77d64d6a78a6,1129,3,3,-20706.93220467685
main_seed0,0,d1c1eb972d85b5605cb5db7c2c6bc30520ef1b725ec02f3d139c77d64d6a78a6,1130,1,3,-45826.341689452485
main_seed0,0,d1c1eb972d85b5605cb5db7c2c6bc30520ef1b725ec02f3d139c77d64d6a78a6,1130,2,3,-27979.864434299823
main_seed0,0,d1c1eb972d85b5605cb5db7c2c6bc30520ef1b725ec02f3d139c77d64d6a78a6,1130,3,3,-20043.074005612023
main_seed0,0,d1c1eb972d85b5605cb5db7c2c6bc30520ef1b725ec02f3d139c77d64d6a78a6,1131,1,3,-45344.21489110723
main_seed0,0,d1c1eb972d85b5605cb5db7c2c6bc30520ef1b725ec02f3d139c77d64d6a78a6,1131,2,3,-27664.41066155894
main_seed0,0,d1c1eb972d85b5605cb5db7c2c6bc30520ef1b725ec02f3d139c77d64d6a78a6,1131,3,3,-19679.95694457991
main_seed0,0,d1c1eb972d85b5605cb5db7c2c6bc30520ef1b725ec02f3d139c77d64d6a78a6,1132,1,3,-47281.346399619135
main_seed0,0,d1c1eb972d85b5605cb5db7c2c6bc30520ef1b725ec02f3d139c77d64d6a78a6,1132,2,3,-26980.15759787734
main_seed0,0,d1c1eb972d85b5605cb5db7c2c6bc30520ef1b725ec02f3d139c77d64d6a78a6,1132,3,3,-18836.56789115396
main_seed0,0,d1c1eb972d85b5605cb5db7c2c6bc30520ef1b725ec02f3d139c77d64d6a78a6,1133,1,3,-46845.53664973517
main_seed0,0,d1c1eb972d85b5605cb5db7c2c6bc30520ef1b725ec02f3d139c77d64d6a78a6,1133,2,3,-21341.39427549824
main_seed0,0,d1c1eb972d85b5605cb5db7c2c6bc30520ef1b725ec02f3d139c77d64d6a78a6,1133,3,3,-19582.97996642603
main_seed0,0,d1c1eb972d85b5605cb5db7c2c6bc30520ef1b725ec02f3d139c77d64d6a78a6,1134,1,3,-47567.61610089478
main_seed0,0,d1c1eb972d85b5605cb5db7c2c6bc30520ef1b725ec02f3d139c77d64d6a78a6,1134,2,3,-25765.29584423014
main_seed0,0,d1c1eb972d85b5605cb5db7c2c6bc30520ef1b725ec02f3d139c77d64d6a78a6,1134,3,3,-18650.30412672298
main_seed0,0,d1c1eb972d85b5605cb5db7c2c6bc30520ef1b725ec02f3d139c77d64d6a78a6,1135,1,3,-48342.21912207895
main_seed0,0,d1c1eb972d85b5605cb5db7c2c6bc30520ef1b725ec02f3d139c77d64d6a78a6,1135,2,3,-24894.56920848524
main_seed0,0,d1c1eb972d85b5605cb5db7c2c6bc30520ef1b725ec02f3d139c77d64d6a78a6,1135,3,3,-21971.586812949943
main_seed0,0,d1c1eb972d85b5605cb5db7c2c6bc30520ef1b725ec02f3d139c77d64d6a78a6,1136,1,3,-47703.0434319647
main_seed0,0,d1c1eb972d85b5605cb5db7c2c6bc30520ef1b725ec02f3d139c77d64d6a78a6,1136,2,3,-29812.29902046981
main_seed0,0,d1c1eb972d85b5605cb5db7c2c6bc30520ef1b725ec02f3d139c77d64d6a78a6,1136,3,3,-19664.821812039903
main_seed0,0,d1c1eb972d85b5605cb5db7c2c6bc30520ef1b725ec02f3d139c77d64d6a78a6,1137,1,3,-47233.827871443325
main_seed0,0,d1c1eb972d85b5605cb5db7c2c6bc30520ef1b725ec02f3d139c77d64d6a78a6,1137,2,3,-27669.45888118784
main_seed0,0,d1c1eb972d85b5605cb5db7c2c6bc30520ef1b725ec02f3d139c77d64d6a78a6,1137,3,3,-20893.458526077837
main_seed0,0,d1c1eb972d85b5605cb5db7c2c6bc30520ef1b725ec02f3d139c77d64d6a78a6,1138,1,3,-48142.627289173695
main_seed0,0,d1c1eb972d85b5605cb5db7c2c6bc30520ef1b725ec02f3d139c77d64d6a78a6,1138,2,3,-25598.90287780418
main_seed0,0,d1c1eb972d85b5605cb5db7c2c6bc30520ef1b725ec02f3d139c77d64d6a78a6,1138,3,3,-19685.613097712197
main_seed0,0,d1c1eb972d85b5605cb5db7c2c6bc30520ef1b725ec02f3d139c77d64d6a78a6,1139,1,3,-47087.92835396889
main_seed0,0,d1c1eb972d85b5605cb5db7c2c6bc30520ef1b725ec02f3d139c77d64d6a78a6,1139,2,3,-24727.829225813155
main_seed0,0,d1c1eb972d85b5605cb5db7c2c6bc30520ef1b725ec02f3d139c77d64d6a78a6,1139,3,3,-18678.22962963614
main_seed0,0,d1c1eb972d85b5605cb5db7c2c6bc30520ef1b725ec02f3d139c77d64d6a78a6,1140,1,3,-46860.39275024952
main_seed0,0,d1c1eb972d85b5605cb5db7c2c6bc30520ef1b725ec02f3d139c77d64d6a78a6,1140,2,3,-24182.16695124627
main_seed0,0,d1c1eb972d85b5605cb5db7c2c6bc30520ef1b725ec02f3d139c77d64d6a78a6,1140,3,3,-19864.48492576996
main_seed0,0,d1c1eb972d85b5605cb5db7c2c6bc30520ef1b725ec02f3d139c77d64d6a78a6,1141,1,3,-53454.84329201106
main_seed0,0,d1c1eb972d85b5605cb5db7c2c6bc30520ef1b725ec02f3d139c77d64d6a78a6,1141,2,3,-25697.95594521403
main_seed0,0,d1c1eb972d85b5605cb5db7c2c6bc30520ef1b725ec02f3d139c77d64d6a78a6,1141,3,3,-18799.41411247341
main_seed0,0,d1c1eb972d85b5605cb5db7c2c6bc30520ef1b725ec02f3d139c77d64d6a78a6,1142,1,3,-47252.70742605493
main_seed0,0,d1c1eb972d85b5605cb5db7c2c6bc30520ef1b725ec02f3d139c77d64d6a78a6,1142,2,3,-28931.02313558678
main_seed0,0,d1c1eb972d85b5605cb5db7c2c6bc30520ef1b725ec02f3d139c77d64d6a78a6,1142,3,3,-19513.433818884256
main_seed0,0,d1c1eb972d85b5605cb5db7c2c6bc30520ef1b725ec02f3d139c77d64d6a78a6,1143,1,3,-47581.101568482336
main_seed0,0,d1c1eb972d85b5605cb5db7c2c6bc30520ef1b725ec02f3d139c77d64d6a78a6,1143,2,3,-24430.41401772367
main_seed0,0,d1c1eb972d85b5605cb5db7c2c6bc30520ef1b725ec02f3d139c77d64d6a78a6,1143,3,3,-19685.733452663248
main_seed0,0,d1c1eb972d85b5605cb5db7c2c6bc30520ef1b725ec02f3d139c77d64d6a78a6,1144,1,3,-48529.17825247378
main_seed0,0,d1c1eb972d85b5605cb5db7c2c6bc30520ef1b725ec02f3d139c77d64d6a78a6,1144,2,3,-29895.333276860874
main_seed0,0,d1c1eb972d85b5605cb5db7c2c6bc30520ef1b725ec02f3d139c77d64d6a78a6,1144,3,3,-19591.854020720268
main_seed0,0,d1c1eb972d85b5605cb5db7c2c6bc30520ef1b725ec02f3d139c77d64d6a78a6,1145,1,3,-45872.92302974052
main_seed0,0,d1c1eb972d85b5605cb5db7c2c6bc30520ef1b725ec02f3d139c77d64d6a78a6,1145,2,3,-23954.04716234315
main_seed0,0,d1c1eb972d85b5605cb5db7c2c6bc30520ef1b725ec02f3d139c77d64d6a78a6,1145,3,3,-18880.76374647147
main_seed0,0,d1c1eb972d85b5605cb5db7c2c6bc30520ef1b725ec02f3d139c77d64d6a78a6,1146,1,3,-46596.09618197374
main_seed0,0,d1c1eb972d85b5605cb5db7c2c6bc30520ef1b725ec02f3d139c77d64d6a78a6,1146,2,3,-26904.10272565309
main_seed0,0,d1c1eb972d85b5605cb5db7c2c6bc30520ef1b725ec02f3d139c77d64d6a78a6,1146,3,3,-19987.00208385833
main_seed0,0,d1c1eb972d85b5605cb5db7c2c6bc30520ef1b725ec02f3d139c77d64d6a78a6,1147,1,3,-46345.106368515095
main_seed0,0,d1c1eb972d85b5605cb5db7c2c6bc30520ef1b725ec02f3d139c77d64d6a78a6,1147,2,3,-25816.15298627651
main_seed0,0,d1c1eb972d85b5605cb5db7c2c6bc30520ef1b725ec02f3d139c77d64d6a78a6,1147,3,3,-20470.04432215521
main_seed0,0,d1c1eb972d85b5605cb5db7c2c6bc30520ef1b725ec02f3d139c77d64d6a78a6,1148,1,3,-47574.92924094396
main_seed0,0,d1c1eb972d85b5605cb5db7c2c6bc30520ef1b725ec02f3d139c77d64d6a78a6,1148,2,3,-22318.378015201848
main_seed0,0,d1c1eb972d85b5605cb5db7c2c6bc30520ef1b725ec02f3d139c77d64d6a78a6,1148,3,3,-19706.536311975688
main_seed0,0,d1c1eb972d85b5605cb5db7c2c6bc30520ef1b725ec02f3d139c77d64d6a78a6,1149,1,3,-46867.9613183529
main_seed0,0,d1c1eb972d85b5605cb5db7c2c6bc30520ef1b725ec02f3d139c77d64d6a78a6,1149,2,3,-26591.40444921812
main_seed0,0,d1c1eb972d85b5605cb5db7c2c6bc30520ef1b725ec02f3d139c77d64d6a78a6,1149,3,3,-18083.11491717493
main_seed0,0,d1c1eb972d85b5605cb5db7c2c6bc30520ef1b725ec02f3d139c77d64d6a78a6,1150,1,3,-47936.784538286665
main_seed0,0,d1c1eb972d85b5605cb5db7c2c6bc30520ef1b725ec02f3d139c77d64d6a78a6,1150,2,3,-22614.58630518336
main_seed0,0,d1c1eb972d85b5605cb5db7c2c6bc30520ef1b725ec02f3d139c77d64d6a78a6,1150,3,3,-18893.936621886787
main_seed0,0,d1c1eb972d85b5605cb5db7c2c6bc30520ef1b725ec02f3d139c77d64d6a78a6,1151,1,3,-47187.273946490495
main_seed0,0,d1c1eb972d85b5605cb5db7c2c6bc30520ef1b725ec02f3d139c77d64d6a78a6,1151,2,3,-26281.34740822934
main_seed0,0,d1c1eb972d85b5605cb5db7c2c6bc30520ef1b725ec02f3d139c77d64d6a78a6,1151,3,3,-19403.232941363596
main_seed0,0,d1c1eb972d85b5605cb5db7c2c6bc30520ef1b725ec02f3d139c77d64d6a78a6,1152,1,3,-47380.98701574393
main_seed0,0,d1c1eb972d85b5605cb5db7c2c6bc30520ef1b725ec02f3d139c77d64d6a78a6,1152,2,3,-30322.142707433308
main_seed0,0,d1c1eb972d85b5605cb5db7c2c6bc30520ef1b725ec02f3d139c77d64d6a78a6,1152,3,3,-19938.71898873958
main_seed0,0,d1c1eb972d85b5605cb5db7c2c6bc30520ef1b725ec02f3d139c77d64d6a78a6,1153,1,3,-47433.39626256959
main_seed0,0,d1c1eb972d85b5605cb5db7c2c6bc30520ef1b725ec02f3d139c77d64d6a78a6,1153,2,3,-27110.60968284333
main_seed0,0,d1c1eb972d85b5605cb5db7c2c6bc30520ef1b725ec02f3d139c77d64d6a78a6,1153,3,3,-20813.9358375851
main_seed0,0,d1c1eb972d85b5605cb5db7c2c6bc30520ef1b725ec02f3d139c77d64d6a78a6,1154,1,3,-47166.62978439075
main_seed0,0,d1c1eb972d85b5605cb5db7c2c6bc30520ef1b725ec02f3d139c77d64d6a78a6,1154,2,3,-28539.20729833107
main_seed0,0,d1c1eb972d85b5605cb5db7c2c6bc30520ef1b725ec02f3d139c77d64d6a78a6,1154,3,3,-19137.742746792057
main_seed0,0,d1c1eb972d85b5605cb5db7c2c6bc30520ef1b725ec02f3d139c77d64d6a78a6,1155,1,3,-47162.37250976906
main_seed0,0,d1c1eb972d85b5605cb5db7c2c6bc30520ef1b725ec02f3d139c77d64d6a78a6,1155,2,3,-28012.1305034376
main_seed0,0,d1c1eb972d85b5605cb5db7c2c6bc30520ef1b725ec02f3d139c77d64d6a78a6,1155,3,3,-21185.98337549819
main_seed0,0,d1c1eb972d85b5605cb5db7c2c6bc30520ef1b725ec02f3d139c77d64d6a78a6,1156,1,3,-50943.59811039779
main_seed0,0,d1c1eb972d85b5605cb5db7c2c6bc30520ef1b725ec02f3d139c77d64d6a78a6,1156,2,3,-25999.427632908497
main_seed0,0,d1c1eb972d85b5605cb5db7c2c6bc30520ef1b725ec02f3d139c77d64d6a78a6,1156,3,3,-20050.15837839203
main_seed0,0,d1c1eb972d85b5605cb5db7c2c6bc30520ef1b725ec02f3d139c77d64d6a78a6,1157,1,3,-46552.45088845627
main_seed0,0,d1c1eb972d85b5605cb5db7c2c6bc30520ef1b725ec02f3d139c77d64d6a78a6,1157,2,3,-33739.53267949741
main_seed0,0,d1c1eb972d85b5605cb5db7c2c6bc30520ef1b725ec02f3d139c77d64d6a78a6,1157,3,3,-19826.9220757398
main_seed0,0,d1c1eb972d85b5605cb5db7c2c6bc30520ef1b725ec02f3d139c77d64d6a78a6,1158,1,3,-47800.42173872098
main_seed0,0,d1c1eb972d85b5605cb5db7c2c6bc30520ef1b725ec02f3d139c77d64d6a78a6,1158,2,3,-29628.34112110344
main_seed0,0,d1c1eb972d85b5605cb5db7c2c6bc30520ef1b725ec02f3d139c77d64d6a78a6,1158,3,3,-19902.23877156564
main_seed0,0,d1c1eb972d85b5605cb5db7c2c6bc30520ef1b725ec02f3d139c77d64d6a78a6,1159,1,3,-47880.50312139843
main_seed0,0,d1c1eb972d85b5605cb5db7c2c6bc30520ef1b725ec02f3d139c77d64d6a78a6,1159,2,3,-28032.091240013597
main_seed0,0,d1c1eb972d85b5605cb5db7c2c6bc30520ef1b725ec02f3d139c77d64d6a78a6,1159,3,3,-23191.40010442878
main_seed0,0,d1c1eb972d85b5605cb5db7c2c6bc30520ef1b725ec02f3d139c77d64d6a78a6,1160,1,3,-46622.52946604783
main_seed0,0,d1c1eb972d85b5605cb5db7c2c6bc30520ef1b725ec02f3d139c77d64d6a78a6,1160,2,3,-28420.682701735896
main_seed0,0,d1c1eb972d85b5605cb5db7c2c6bc30520ef1b725ec02f3d139c77d64d6a78a6,1160,3,3,-20413.309651095253
main_seed0,0,d1c1eb972d85b5605cb5db7c2c6bc30520ef1b725ec02f3d139c77d64d6a78a6,1161,1,3,-46261.267682614285
main_seed0,0,d1c1eb972d85b5605cb5db7c2c6bc30520ef1b725ec02f3d139c77d64d6a78a6,1161,2,3,-28254.92967536816
main_seed0,0,d1c1eb972d85b5605cb5db7c2c6bc30520ef1b725ec02f3d139c77d64d6a78a6,1161,3,3,-26423.258944383248
main_seed0,0,d1c1eb972d85b5605cb5db7c2c6bc30520ef1b725ec02f3d139c77d64d6a78a6,1162,1,3,-46735.82365754373
main_seed0,0,d1c1eb972d85b5605cb5db7c2c6bc30520ef1b725ec02f3d139c77d64d6a78a6,1162,2,3,-32792.86865275991
main_seed0,0,d1c1eb972d85b5605cb5db7c2c6bc30520ef1b725ec02f3d139c77d64d6a78a6,1162,3,3,-19395.68641894241
main_seed0,0,d1c1eb972d85b5605cb5db7c2c6bc30520ef1b725ec02f3d139c77d64d6a78a6,1163,1,3,-46576.34809838282
main_seed0,0,d1c1eb972d85b5605cb5db7c2c6bc30520ef1b725ec02f3d139c77d64d6a78a6,1163,2,3,-24988.913971807524
main_seed0,0,d1c1eb972d85b5605cb5db7c2c6bc30520ef1b725ec02f3d139c77d64d6a78a6,1163,3,3,-20148.89193502173
main_seed0,0,d1c1eb972d85b5605cb5db7c2c6bc30520ef1b725ec02f3d139c77d64d6a78a6,1164,1,3,-46735.92742833862
main_seed0,0,d1c1eb972d85b5605cb5db7c2c6bc30520ef1b725ec02f3d139c77d64d6a78a6,1164,2,3,-27462.59775082044
main_seed0,0,d1c1eb972d85b5605cb5db7c2c6bc30520ef1b725ec02f3d139c77d64d6a78a6,1164,3,3,-21622.23741295101
main_seed0,0,d1c1eb972d85b5605cb5db7c2c6bc30520ef1b725ec02f3d139c77d64d6a78a6,1165,1,3,-46593.19962797778
main_seed0,0,d1c1eb972d85b5605cb5db7c2c6bc30520ef1b725ec02f3d139c77d64d6a78a6,1165,2,3,-24757.61067339877
main_seed0,0,d1c1eb972d85b5605cb5db7c2c6bc30520ef1b725ec02f3d139c77d64d6a78a6,1165,3,3,-21606.32654645174
main_seed0,0,d1c1eb972d85b5605cb5db7c2c6bc30520ef1b725ec02f3d139c77d64d6a78a6,1166,1,3,-47041.74786269027
main_seed0,0,d1c1eb972d85b5605cb5db7c2c6bc30520ef1b725ec02f3d139c77d64d6a78a6,1166,2,3,-30997.160809189423
main_seed0,0,d1c1eb972d85b5605cb5db7c2c6bc30520ef1b725ec02f3d139c77d64d6a78a6,1166,3,3,-20499.964673733324
main_seed0,0,d1c1eb972d85b5605cb5db7c2c6bc30520ef1b725ec02f3d139c77d64d6a78a6,1167,1,3,-47295.717423801005
main_seed0,0,d1c1eb972d85b5605cb5db7c2c6bc30520ef1b725ec02f3d139c77d64d6a78a6,1167,2,3,-28660.702063136887
main_seed0,0,d1c1eb972d85b5605cb5db7c2c6bc30520ef1b725ec02f3d139c77d64d6a78a6,1167,3,3,-18535.421714895216
main_seed0,0,d1c1eb972d85b5605cb5db7c2c6bc30520ef1b725ec02f3d139c77d64d6a78a6,1168,1,3,-47323.94571106535
main_seed0,0,d1c1eb972d85b5605cb5db7c2c6bc30520ef1b725ec02f3d139c77d64d6a78a6,1168,2,3,-28686.797708647435
main_seed0,0,d1c1eb972d85b5605cb5db7c2c6bc30520ef1b725ec02f3d139c77d64d6a78a6,1168,3,3,-21515.615481373992
main_seed0,0,d1c1eb972d85b5605cb5db7c2c6bc30520ef1b725ec02f3d139c77d64d6a78a6,1169,1,3,-46984.87657911
main_seed0,0,d1c1eb972d85b5605cb5db7c2c6bc30520ef1b725ec02f3d139c77d64d6a78a6,1169,2,3,-25937.625632979227
main_seed0,0,d1c1eb972d85b5605cb5db7c2c6bc30520ef1b725ec02f3d139c77d64d6a78a6,1169,3,3,-19351.09048059118
main_seed0,0,d1c1eb972d85b5605cb5db7c2c6bc30520ef1b725ec02f3d139c77d64d6a78a6,1170,1,3,-46203.37714360478
main_seed0,0,d1c1eb972d85b5605cb5db7c2c6bc30520ef1b725ec02f3d139c77d64d6a78a6,1170,2,3,-34376.63836857957
main_seed0,0,d1c1eb972d85b5605cb5db7c2c6bc30520ef1b725ec02f3d139c77d64d6a78a6,1170,3,3,-21865.21954661937
main_seed0,0,d1c1eb972d85b5605cb5db7c2c6bc30520ef1b725ec02f3d139c77d64d6a78a6,1171,1,3,-46313.15198028659
main_seed0,0,d1c1eb972d85b5605cb5db7c2c6bc30520ef1b725ec02f3d139c77d64d6a78a6,1171,2,3,-31177.39333418701
main_seed0,0,d1c1eb972d85b5605cb5db7c2c6bc30520ef1b725ec02f3d139c77d64d6a78a6,1171,3,3,-19474.21108964116
main_seed0,0,d1c1eb972d85b5605cb5db7c2c6bc30520ef1b725ec02f3d139c77d64d6a78a6,1172,1,3,-46761.42249857819
main_seed0,0,d1c1eb972d85b5605cb5db7c2c6bc30520ef1b725ec02f3d139c77d64d6a78a6,1172,2,3,-26377.096707633707
main_seed0,0,d1c1eb972d85b5605cb5db7c2c6bc30520ef1b725ec02f3d139c77d64d6a78a6,1172,3,3,-20660.664534638832
main_seed0,0,d1c1eb972d85b5605cb5db7c2c6bc30520ef1b725ec02f3d139c77d64d6a78a6,1173,1,3,-47326.634061434524
main_seed0,0,d1c1eb972d85b5605cb5db7c2c6bc30520ef1b725ec02f3d139c77d64d6a78a6,1173,2,3,-21248.129941216925
main_seed0,0,d1c1eb972d85b5605cb5db7c2c6bc30520ef1b725ec02f3d139c77d64d6a78a6,1173,3,3,-21503.703623642254
main_seed0,0,d1c1eb972d85b5605cb5db7c2c6bc30520ef1b725ec02f3d139c77d64d6a78a6,1174,1,3,-47147.02869163062
main_seed0,0,d1c1eb972d85b5605cb5db7c2c6bc30520ef1b725ec02f3d139c77d64d6a78a6,1174,2,3,-21155.87567963937
main_seed0,0,d1c1eb972d85b5605cb5db7c2c6bc30520ef1b725ec02f3d139c77d64d6a78a6,1174,3,3,-19706.43156789335
main_seed0,0,d1c1eb972d85b5605cb5db7c2c6bc30520ef1b725ec02f3d139c77d64d6a78a6,1175,1,3,-46927.08022786966
main_seed0,0,d1c1eb972d85b5605cb5db7c2c6bc30520ef1b725ec02f3d139c77d64d6a78a6,1175,2,3,-28360.346654484038
main_seed0,0,d1c1eb972d85b5605cb5db7c2c6bc30520ef1b725ec02f3d139c77d64d6a78a6,1175,3,3,-19459.3881218274
main_seed0,0,d1c1eb972d85b5605cb5db7c2c6bc30520ef1b725ec02f3d139c77d64d6a78a6,1176,1,3,-46884.08070165239
main_seed0,0,d1c1eb972d85b5605cb5db7c2c6bc30520ef1b725ec02f3d139c77d64d6a78a6,1176,2,3,-34811.14412537376
main_seed0,0,d1c1eb972d85b5605cb5db7c2c6bc30520ef1b725ec02f3d139c77d64d6a78a6,1176,3,3,-21127.379597245417
main_seed0,0,d1c1eb972d85b5605cb5db7c2c6bc30520ef1b725ec02f3d139c77d64d6a78a6,1177,1,3,-46746.00335265724
main_seed0,0,d1c1eb972d85b5605cb5db7c2c6bc30520ef1b725ec02f3d139c77d64d6a78a6,1177,2,3,-29854.93014213338
main_seed0,0,d1c1eb972d85b5605cb5db7c2c6bc30520ef1b725ec02f3d139c77d64d6a78a6,1177,3,3,-19430.148303923423
main_seed0,0,d1c1eb972d85b5605cb5db7c2c6bc30520ef1b725ec02f3d139c77d64d6a78a6,1178,1,3,-46376.56957074996
main_seed0,0,d1c1eb972d85b5605cb5db7c2c6bc30520ef1b725ec02f3d139c77d64d6a78a6,1178,2,3,-30474.569496709635
main_seed0,0,d1c1eb972d85b5605cb5db7c2c6bc30520ef1b725ec02f3d139c77d64d6a78a6,1178,3,3,-20039.0619494212
main_seed0,0,d1c1eb972d85b5605cb5db7c2c6bc30520ef1b725ec02f3d139c77d64d6a78a6,1179,1,3,-46549.72045169176
main_seed0,0,d1c1eb972d85b5605cb5db7c2c6bc30520ef1b725ec02f3d139c77d64d6a78a6,1179,2,3,-29540.63547448912
main_seed0,0,d1c1eb972d85b5605cb5db7c2c6bc30520ef1b725ec02f3d139c77d64d6a78a6,1179,3,3,-21733.522029315936
main_seed0,0,d1c1eb972d85b5605cb5db7c2c6bc30520ef1b725ec02f3d139c77d64d6a78a6,1180,1,3,-46902.84419781375
main_seed0,0,d1c1eb972d85b5605cb5db7c2c6bc30520ef1b725ec02f3d139c77d64d6a78a6,1180,2,3,-29150.81804240848
main_seed0,0,d1c1eb972d85b5605cb5db7c2c6bc30520ef1b725ec02f3d139c77d64d6a78a6,1180,3,3,-21940.734408646684
main_seed0,0,d1c1eb972d85b5605cb5db7c2c6bc30520ef1b725ec02f3d139c77d64d6a78a6,1181,1,3,-45910.77584623132
main_seed0,0,d1c1eb972d85b5605cb5db7c2c6bc30520ef1b725ec02f3d139c77d64d6a78a6,1181,2,3,-21947.309179058157
main_seed0,0,d1c1eb972d85b5605cb5db7c2c6bc30520ef1b725ec02f3d139c77d64d6a78a6,1181,3,3,-21770.82087172247
main_seed0,0,d1c1eb972d85b5605cb5db7c2c6bc30520ef1b725ec02f3d139c77d64d6a78a6,1182,1,3,-47253.97830100343
main_seed0,0,d1c1eb972d85b5605cb5db7c2c6bc30520ef1b725ec02f3d139c77d64d6a78a6,1182,2,3,-23679.99380068637
main_seed0,0,d1c1eb972d85b5605cb5db7c2c6bc30520ef1b725ec02f3d139c77d64d6a78a6,1182,3,3,-20081.69755398441
main_seed0,0,d1c1eb972d85b5605cb5db7c2c6bc30520ef1b725ec02f3d139c77d64d6a78a6,1183,1,3,-46816.503318112766
main_seed0,0,d1c1eb972d85b5605cb5db7c2c6bc30520ef1b725ec02f3d139c77d64d6a78a6,1183,2,3,-29934.956141203354
main_seed0,0,d1c1eb972d85b5605cb5db7c2c6bc30520ef1b725ec02f3d139c77d64d6a78a6,1183,3,3,-24112.405917130767
main_seed0,0,d1c1eb972d85b5605cb5db7c2c6bc30520ef1b725ec02f3d139c77d64d6a78a6,1184,1,3,-45986.35685363598
main_seed0,0,d1c1eb972d85b5605cb5db7c2c6bc30520ef1b725ec02f3d139c77d64d6a78a6,1184,2,3,-22607.930046706915
main_seed0,0,d1c1eb972d85b5605cb5db7c2c6bc30520ef1b725ec02f3d139c77d64d6a78a6,1184,3,3,-22519.06406047833
main_seed0,0,d1c1eb972d85b5605cb5db7c2c6bc30520ef1b725ec02f3d139c77d64d6a78a6,1185,1,3,-46592.83816688524
main_seed0,0,d1c1eb972d85b5605cb5db7c2c6bc30520ef1b725ec02f3d139c77d64d6a78a6,1185,2,3,-24725.22438822898
main_seed0,0,d1c1eb972d85b5605cb5db7c2c6bc30520ef1b725ec02f3d139c77d64d6a78a6,1185,3,3,-18348.92244863177
main_seed0,0,d1c1eb972d85b5605cb5db7c2c6bc30520ef1b725ec02f3d139c77d64d6a78a6,1186,1,3,-46992.21911326419
main_seed0,0,d1c1eb972d85b5605cb5db7c2c6bc30520ef1b725ec02f3d139c77d64d6a78a6,1186,2,3,-32034.00803406218
main_seed0,0,d1c1eb972d85b5605cb5db7c2c6bc30520ef1b725ec02f3d139c77d64d6a78a6,1186,3,3,-18969.26150813969
main_seed0,0,d1c1eb972d85b5605cb5db7c2c6bc30520ef1b725ec02f3d139c77d64d6a78a6,1187,1,3,-47637.56356063912
main_seed0,0,d1c1eb972d85b5605cb5db7c2c6bc30520ef1b725ec02f3d139c77d64d6a78a6,1187,2,3,-24073.05313931159
main_seed0,0,d1c1eb972d85b5605cb5db7c2c6bc30520ef1b725ec02f3d139c77d64d6a78a6,1187,3,3,-19796.371119868705
main_seed0,0,d1c1eb972d85b5605cb5db7c2c6bc30520ef1b725ec02f3d139c77d64d6a78a6,1188,1,3,-46708.93935250573
main_seed0,0,d1c1eb972d85b5605cb5db7c2c6bc30520ef1b725ec02f3d139c77d64d6a78a6,1188,2,3,-27596.381965830653
main_seed0,0,d1c1eb972d85b5605cb5db7c2c6bc30520ef1b725ec02f3d139c77d64d6a78a6,1188,3,3,-18882.566075515533
main_seed0,0,d1c1eb972d85b5605cb5db7c2c6bc30520ef1b725ec02f3d139c77d64d6a78a6,1189,1,3,-45638.94564128661
main_seed0,0,d1c1eb972d85b5605cb5db7c2c6bc30520ef1b725ec02f3d139c77d64d6a78a6,1189,2,3,-23245.27411885054
main_seed0,0,d1c1eb972d85b5605cb5db7c2c6bc30520ef1b725ec02f3d139c77d64d6a78a6,1189,3,3,-22251.005852455983
main_seed0,0,d1c1eb972d85b5605cb5db7c2c6bc30520ef1b725ec02f3d139c77d64d6a78a6,1190,1,3,-49268.6804637377
main_seed0,0,d1c1eb972d85b5605cb5db7c2c6bc30520ef1b725ec02f3d139c77d64d6a78a6,1190,2,3,-26723.731658123288
main_seed0,0,d1c1eb972d85b5605cb5db7c2c6bc30520ef1b725ec02f3d139c77d64d6a78a6,1190,3,3,-20227.51041083323
main_seed0,0,d1c1eb972d85b5605cb5db7c2c6bc30520ef1b725ec02f3d139c77d64d6a78a6,1191,1,3,-46963.817038066976
main_seed0,0,d1c1eb972d85b5605cb5db7c2c6bc30520ef1b725ec02f3d139c77d64d6a78a6,1191,2,3,-29656.543478845437
main_seed0,0,d1c1eb972d85b5605cb5db7c2c6bc30520ef1b725ec02f3d139c77d64d6a78a6,1191,3,3,-21311.69070165066
main_seed0,0,d1c1eb972d85b5605cb5db7c2c6bc30520ef1b725ec02f3d139c77d64d6a78a6,1192,1,3,-47956.49445079491
main_seed0,0,d1c1eb972d85b5605cb5db7c2c6bc30520ef1b725ec02f3d139c77d64d6a78a6,1192,2,3,-23779.23405005016
main_seed0,0,d1c1eb972d85b5605cb5db7c2c6bc30520ef1b725ec02f3d139c77d64d6a78a6,1192,3,3,-21243.97599140511
main_seed0,0,d1c1eb972d85b5605cb5db7c2c6bc30520ef1b725ec02f3d139c77d64d6a78a6,1193,1,3,-46393.3851619356
main_seed0,0,d1c1eb972d85b5605cb5db7c2c6bc30520ef1b725ec02f3d139c77d64d6a78a6,1193,2,3,-35217.05961822397
main_seed0,0,d1c1eb972d85b5605cb5db7c2c6bc30520ef1b725ec02f3d139c77d64d6a78a6,1193,3,3,-18381.454082881966
main_seed0,0,d1c1eb972d85b5605cb5db7c2c6bc30520ef1b725ec02f3d139c77d64d6a78a6,1194,1,3,-46671.02611526918
main_seed0,0,d1c1eb972d85b5605cb5db7c2c6bc30520ef1b725ec02f3d139c77d64d6a78a6,1194,2,3,-35301.56288925829
main_seed0,0,d1c1eb972d85b5605cb5db7c2c6bc30520ef1b725ec02f3d139c77d64d6a78a6,1194,3,3,-20975.211071595702
main_seed0,0,d1c1eb972d85b5605cb5db7c2c6bc30520ef1b725ec02f3d139c77d64d6a78a6,1195,1,3,-46679.007927775456
main_seed0,0,d1c1eb972d85b5605cb5db7c2c6bc30520ef1b725ec02f3d139c77d64d6a78a6,1195,2,3,-31006.46850271999
main_seed0,0,d1c1eb972d85b5605cb5db7c2c6bc30520ef1b725ec02f3d139c77d64d6a78a6,1195,3,3,-20121.44363168627
main_seed0,0,d1c1eb972d85b5605cb5db7c2c6bc30520ef1b725ec02f3d139c77d64d6a78a6,1196,1,3,-45917.37182155433
main_seed0,0,d1c1eb972d85b5605cb5db7c2c6bc30520ef1b725ec02f3d139c77d64d6a78a6,1196,2,3,-27607.33858810772
main_seed0,0,d1c1eb972d85b5605cb5db7c2c6bc30520ef1b725ec02f3d139c77d64d6a78a6,1196,3,3,-20107.68087690541
main_seed0,0,d1c1eb972d85b5605cb5db7c2c6bc30520ef1b725ec02f3d139c77d64d6a78a6,1197,1,3,-46132.28963572386
main_seed0,0,d1c1eb972d85b5605cb5db7c2c6bc30520ef1b725ec02f3d139c77d64d6a78a6,1197,2,3,-26029.19701790494
main_seed0,0,d1c1eb972d85b5605cb5db7c2c6bc30520ef1b725ec02f3d139c77d64d6a78a6,1197,3,3,-19576.15151069165
main_seed0,0,d1c1eb972d85b5605cb5db7c2c6bc30520ef1b725ec02f3d139c77d64d6a78a6,1198,1,3,-46710.353123666006
main_seed0,0,d1c1eb972d85b5605cb5db7c2c6bc30520ef1b725ec02f3d139c77d64d6a78a6,1198,2,3,-23285.22214208061
main_seed0,0,d1c1eb972d85b5605cb5db7c2c6bc30520ef1b725ec02f3d139c77d64d6a78a6,1198,3,3,-18691.78109277732
main_seed0,0,d1c1eb972d85b5605cb5db7c2c6bc30520ef1b725ec02f3d139c77d64d6a78a6,1199,1,3,-46478.55271745277
main_seed0,0,d1c1eb972d85b5605cb5db7c2c6bc30520ef1b725ec02f3d139c77d64d6a78a6,1199,2,3,-33553.52817908835
main_seed0,0,d1c1eb972d85b5605cb5db7c2c6bc30520ef1b725ec02f3d139c77d64d6a78a6,1199,3,3,-19963.50411365662
main_seed0,0,d1c1eb972d85b5605cb5db7c2c6bc30520ef1b725ec02f3d139c77d64d6a78a6,1200,1,3,-46568.18624195692
main_seed0,0,d1c1eb972d85b5605cb5db7c2c6bc30520ef1b725ec02f3d139c77d64d6a78a6,1200,2,3,-26053.193549868287
main_seed0,0,d1c1eb972d85b5605cb5db7c2c6bc30520ef1b725ec02f3d139c77d64d6a78a6,1200,3,3,-18678.16552888215
main_seed0,0,d1c1eb972d85b5605cb5db7c2c6bc30520ef1b725ec02f3d139c77d64d6a78a6,1201,1,3,-47138.67359321572
main_seed0,0,d1c1eb972d85b5605cb5db7c2c6bc30520ef1b725ec02f3d139c77d64d6a78a6,1201,2,3,-33753.64301489896
main_seed0,0,d1c1eb972d85b5605cb5db7c2c6bc30520ef1b725ec02f3d139c77d64d6a78a6,1201,3,3,-18541.97938198081
main_seed0,0,d1c1eb972d85b5605cb5db7c2c6bc30520ef1b725ec02f3d139c77d64d6a78a6,1202,1,3,-45099.14140983522
main_seed0,0,d1c1eb972d85b5605cb5db7c2c6bc30520ef1b725ec02f3d139c77d64d6a78a6,1202,2,3,-25648.88528854792
main_seed0,0,d1c1eb972d85b5605cb5db7c2c6bc30520ef1b725ec02f3d139c77d64d6a78a6,1202,3,3,-22397.76888627989
main_seed0,0,d1c1eb972d85b5605cb5db7c2c6bc30520ef1b725ec02f3d139c77d64d6a78a6,1203,1,3,-45983.475046518746
main_seed0,0,d1c1eb972d85b5605cb5db7c2c6bc30520ef1b725ec02f3d139c77d64d6a78a6,1203,2,3,-29354.593657023004
main_seed0,0,d1c1eb972d85b5605cb5db7c2c6bc30520ef1b725ec02f3d139c77d64d6a78a6,1203,3,3,-19015.962364571613
main_seed0,0,d1c1eb972d85b5605cb5db7c2c6bc30520ef1b725ec02f3d139c77d64d6a78a6,1204,1,3,-46452.15108039366
main_seed0,0,d1c1eb972d85b5605cb5db7c2c6bc30520ef1b725ec02f3d139c77d64d6a78a6,1204,2,3,-27469.70672648172
main_seed0,0,d1c1eb972d85b5605cb5db7c2c6bc30520ef1b725ec02f3d139c77d64d6a78a6,1204,3,3,-18948.70848939128
main_seed0,0,d1c1eb972d85b5605cb5db7c2c6bc30520ef1b725ec02f3d139c77d64d6a78a6,1205,1,3,-46472.75722774717
main_seed0,0,d1c1eb972d85b5605cb5db7c2c6bc30520ef1b725ec02f3d139c77d64d6a78a6,1205,2,3,-31222.680840573183
main_seed0,0,d1c1eb972d85b5605cb5db7c2c6bc30520ef1b725ec02f3d139c77d64d6a78a6,1205,3,3,-20043.76631587244
main_seed0,0,d1c1eb972d85b5605cb5db7c2c6bc30520ef1b725ec02f3d139c77d64d6a78a6,1206,1,3,-48379.05451044048
main_seed0,0,d1c1eb972d85b5605cb5db7c2c6bc30520ef1b725ec02f3d139c77d64d6a78a6,1206,2,3,-26414.569352607832
main_seed0,0,d1c1eb972d85b5605cb5db7c2c6bc30520ef1b725ec02f3d139c77d64d6a78a6,1206,3,3,-20596.844031223365
main_seed0,0,d1c1eb972d85b5605cb5db7c2c6bc30520ef1b725ec02f3d139c77d64d6a78a6,1207,1,3,-45924.73072385945
main_seed0,0,d1c1eb972d85b5605cb5db7c2c6bc30520ef1b725ec02f3d139c77d64d6a78a6,1207,2,3,-28693.860791137624
main_seed0,0,d1c1eb972d85b5605cb5db7c2c6bc30520ef1b725ec02f3d139c77d64d6a78a6,1207,3,3,-18765.45355494435
main_seed0,0,d1c1eb972d85b5605cb5db7c2c6bc30520ef1b725ec02f3d139c77d64d6a78a6,1208,1,3,-45984.03880785889
main_seed0,0,d1c1eb972d85b5605cb5db7c2c6bc30520ef1b725ec02f3d139c77d64d6a78a6,1208,2,3,-27825.305949127018
main_seed0,0,d1c1eb972d85b5605cb5db7c2c6bc30520ef1b725ec02f3d139c77d64d6a78a6,1208,3,3,-19687.795447696662
main_seed0,0,d1c1eb972d85b5605cb5db7c2c6bc30520ef1b725ec02f3d139c77d64d6a78a6,1209,1,3,-45776.13003009767
main_seed0,0,d1c1eb972d85b5605cb5db7c2c6bc30520ef1b725ec02f3d139c77d64d6a78a6,1209,2,3,-26193.19223822115
main_seed0,0,d1c1eb972d85b5605cb5db7c2c6bc30520ef1b725ec02f3d139c77d64d6a78a6,1209,3,3,-20230.504867042957
main_seed0,0,d1c1eb972d85b5605cb5db7c2c6bc30520ef1b725ec02f3d139c77d64d6a78a6,1210,1,3,-46749.2407596775
main_seed0,0,d1c1eb972d85b5605cb5db7c2c6bc30520ef1b725ec02f3d139c77d64d6a78a6,1210,2,3,-27480.65289962321
main_seed0,0,d1c1eb972d85b5605cb5db7c2c6bc30520ef1b725ec02f3d139c77d64d6a78a6,1210,3,3,-21779.081179082008
main_seed0,0,d1c1eb972d85b5605cb5db7c2c6bc30520ef1b725ec02f3d139c77d64d6a78a6,1211,1,3,-46216.98977443928
main_seed0,0,d1c1eb972d85b5605cb5db7c2c6bc30520ef1b725ec02f3d139c77d64d6a78a6,1211,2,3,-24765.64786744269
main_seed0,0,d1c1eb972d85b5605cb5db7c2c6bc30520ef1b725ec02f3d139c77d64d6a78a6,1211,3,3,-21361.823426108425
main_seed0,0,d1c1eb972d85b5605cb5db7c2c6bc30520ef1b725ec02f3d139c77d64d6a78a6,1212,1,3,-46470.85633762431
main_seed0,0,d1c1eb972d85b5605cb5db7c2c6bc30520ef1b725ec02f3d139c77d64d6a78a6,1212,2,3,-26112.654529148647
main_seed0,0,d1c1eb972d85b5605cb5db7c2c6bc30520ef1b725ec02f3d139c77d64d6a78a6,1212,3,3,-20101.07194623109
main_seed0,0,d1c1eb972d85b5605cb5db7c2c6bc30520ef1b725ec02f3d139c77d64d6a78a6,1213,1,3,-45251.32605443207
main_seed0,0,d1c1eb972d85b5605cb5db7c2c6bc30520ef1b725ec02f3d139c77d64d6a78a6,1213,2,3,-23770.32250704765
main_seed0,0,d1c1eb972d85b5605cb5db7c2c6bc30520ef1b725ec02f3d139c77d64d6a78a6,1213,3,3,-18579.731191942054
main_seed0,0,d1c1eb972d85b5605cb5db7c2c6bc30520ef1b725ec02f3d139c77d64d6a78a6,1214,1,3,-47790.31427654857
main_seed0,0,d1c1eb972d85b5605cb5db7c2c6bc30520ef1b725ec02f3d139c77d64d6a78a6,1214,2,3,-25068.434349393312
main_seed0,0,d1c1eb972d85b5605cb5db7c2c6bc30520ef1b725ec02f3d139c77d64d6a78a6,1214,3,3,-20343.340275919225
main_seed0,0,d1c1eb972d85b5605cb5db7c2c6bc30520ef1b725ec02f3d139c77d64d6a78a6,1215,1,3,-44684.90209517797
main_seed0,0,d1c1eb972d85b5605cb5db7c2c6bc30520ef1b725ec02f3d139c77d64d6a78a6,1215,2,3,-25065.15331799651
main_seed0,0,d1c1eb972d85b5605cb5db7c2c6bc30520ef1b725ec02f3d139c77d64d6a78a6,1215,3,3,-18389.92106563931
main_seed0,0,d1c1eb972d85b5605cb5db7c2c6bc30520ef1b725ec02f3d139c77d64d6a78a6,1216,1,3,-46490.82056489404
main_seed0,0,d1c1eb972d85b5605cb5db7c2c6bc30520ef1b725ec02f3d139c77d64d6a78a6,1216,2,3,-22983.151371469743
main_seed0,0,d1c1eb972d85b5605cb5db7c2c6bc30520ef1b725ec02f3d139c77d64d6a78a6,1216,3,3,-19709.62542493218
main_seed0,0,d1c1eb972d85b5605cb5db7c2c6bc30520ef1b725ec02f3d139c77d64d6a78a6,1217,1,3,-46808.26728950383
main_seed0,0,d1c1eb972d85b5605cb5db7c2c6bc30520ef1b725ec02f3d139c77d64d6a78a6,1217,2,3,-26517.97717160703
main_seed0,0,d1c1eb972d85b5605cb5db7c2c6bc30520ef1b725ec02f3d139c77d64d6a78a6,1217,3,3,-21503.3105775112
main_seed0,0,d1c1eb972d85b5605cb5db7c2c6bc30520ef1b725ec02f3d139c77d64d6a78a6,1218,1,3,-46662.93249807172
main_seed0,0,d1c1eb972d85b5605cb5db7c2c6bc30520ef1b725ec02f3d139c77d64d6a78a6,1218,2,3,-32019.26230569824
main_seed0,0,d1c1eb972d85b5605cb5db7c2c6bc30520ef1b725ec02f3d139c77d64d6a78a6,1218,3,3,-19106.63179529591
main_seed0,0,d1c1eb972d85b5605cb5db7c2c6bc30520ef1b725ec02f3d139c77d64d6a78a6,1219,1,3,-46902.60038988669
main_seed0,0,d1c1eb972d85b5605cb5db7c2c6bc30520ef1b725ec02f3d139c77d64d6a78a6,1219,2,3,-23060.566562148662
main_seed0,0,d1c1eb972d85b5605cb5db7c2c6bc30520ef1b725ec02f3d139c77d64d6a78a6,1219,3,3,-19651.114156649208
main_seed0,0,d1c1eb972d85b5605cb5db7c2c6bc30520ef1b725ec02f3d139c77d64d6a78a6,1220,1,3,-45613.68870537103
main_seed0,0,d1c1eb972d85b5605cb5db7c2c6bc30520ef1b725ec02f3d139c77d64d6a78a6,1220,2,3,-25363.020970671016
main_seed0,0,d1c1eb972d85b5605cb5db7c2c6bc30520ef1b725ec02f3d139c77d64d6a78a6,1220,3,3,-19629.95516712357
main_seed0,0,d1c1eb972d85b5605cb5db7c2c6bc30520ef1b725ec02f3d139c77d64d6a78a6,1221,1,3,-47647.76185276713
main_seed0,0,d1c1eb972d85b5605cb5db7c2c6bc30520ef1b725ec02f3d139c77d64d6a78a6,1221,2,3,-27135.17967094248
main_seed0,0,d1c1eb972d85b5605cb5db7c2c6bc30520ef1b725ec02f3d139c77d64d6a78a6,1221,3,3,-21088.61170472128
main_seed0,0,d1c1eb972d85b5605cb5db7c2c6bc30520ef1b725ec02f3d139c77d64d6a78a6,1222,1,3,-45917.18762820432
main_seed0,0,d1c1eb972d85b5605cb5db7c2c6bc30520ef1b725ec02f3d139c77d64d6a78a6,1222,2,3,-24658.027097202237
main_seed0,0,d1c1eb972d85b5605cb5db7c2c6bc30520ef1b725ec02f3d139c77d64d6a78a6,1222,3,3,-18953.15836821989
main_seed0,0,d1c1eb972d85b5605cb5db7c2c6bc30520ef1b725ec02f3d139c77d64d6a78a6,1223,1,3,-47214.0511047558
main_seed0,0,d1c1eb972d85b5605cb5db7c2c6bc30520ef1b725ec02f3d139c77d64d6a78a6,1223,2,3,-26039.85684874176
main_seed0,0,d1c1eb972d85b5605cb5db7c2c6bc30520ef1b725ec02f3d139c77d64d6a78a6,1223,3,3,-20547.59496014949
main_seed0,0,d1c1eb972d85b5605cb5db7c2c6bc30520ef1b725ec02f3d139c77d64d6a78a6,1224,1,3,-46544.44625204678
main_seed0,0,d1c1eb972d85b5605cb5db7c2c6bc30520ef1b725ec02f3d139c77d64d6a78a6,1224,2,3,-26006.26550752538
main_seed0,0,d1c1eb972d85b5605cb5db7c2c6bc30520ef1b725ec02f3d139c77d64d6a78a6,1224,3,3,-23681.11652139796
main_seed0,0,d1c1eb972d85b5605cb5db7c2c6bc30520ef1b725ec02f3d139c77d64d6a78a6,1225,1,3,-45272.9107769137
main_seed0,0,d1c1eb972d85b5605cb5db7c2c6bc30520ef1b725ec02f3d139c77d64d6a78a6,1225,2,3,-25066.85028686268
main_seed0,0,d1c1eb972d85b5605cb5db7c2c6bc30520ef1b725ec02f3d139c77d64d6a78a6,1225,3,3,-18354.33848830229
main_seed0,0,d1c1eb972d85b5605cb5db7c2c6bc30520ef1b725ec02f3d139c77d64d6a78a6,1226,1,3,-46608.985285766845
main_seed0,0,d1c1eb972d85b5605cb5db7c2c6bc30520ef1b725ec02f3d139c77d64d6a78a6,1226,2,3,-24185.3096253927
main_seed0,0,d1c1eb972d85b5605cb5db7c2c6bc30520ef1b725ec02f3d139c77d64d6a78a6,1226,3,3,-17353.54007013963
main_seed0,0,d1c1eb972d85b5605cb5db7c2c6bc30520ef1b725ec02f3d139c77d64d6a78a6,1227,1,3,-46047.50977747432
main_seed0,0,d1c1eb972d85b5605cb5db7c2c6bc30520ef1b725ec02f3d139c77d64d6a78a6,1227,2,3,-27104.006659350463
main_seed0,0,d1c1eb972d85b5605cb5db7c2c6bc30520ef1b725ec02f3d139c77d64d6a78a6,1227,3,3,-19818.4263384307
main_seed0,0,d1c1eb972d85b5605cb5db7c2c6bc30520ef1b725ec02f3d139c77d64d6a78a6,1228,1,3,-46170.30097235082
main_seed0,0,d1c1eb972d85b5605cb5db7c2c6bc30520ef1b725ec02f3d139c77d64d6a78a6,1228,2,3,-27149.93632307972
main_seed0,0,d1c1eb972d85b5605cb5db7c2c6bc30520ef1b725ec02f3d139c77d64d6a78a6,1228,3,3,-19951.796340032222
main_seed0,0,d1c1eb972d85b5605cb5db7c2c6bc30520ef1b725ec02f3d139c77d64d6a78a6,1229,1,3,-46138.56324290037
main_seed0,0,d1c1eb972d85b5605cb5db7c2c6bc30520ef1b725ec02f3d139c77d64d6a78a6,1229,2,3,-23130.00463316479
main_seed0,0,d1c1eb972d85b5605cb5db7c2c6bc30520ef1b725ec02f3d139c77d64d6a78a6,1229,3,3,-21084.76415565617
main_seed0,0,d1c1eb972d85b5605cb5db7c2c6bc30520ef1b725ec02f3d139c77d64d6a78a6,1230,1,3,-45772.90951302298
main_seed0,0,d1c1eb972d85b5605cb5db7c2c6bc30520ef1b725ec02f3d139c77d64d6a78a6,1230,2,3,-26611.052982421865
main_seed0,0,d1c1eb972d85b5605cb5db7c2c6bc30520ef1b725ec02f3d139c77d64d6a78a6,1230,3,3,-20088.396148841384
main_seed0,0,d1c1eb972d85b5605cb5db7c2c6bc30520ef1b725ec02f3d139c77d64d6a78a6,1231,1,3,-45487.77133564174
main_seed0,0,d1c1eb972d85b5605cb5db7c2c6bc30520ef1b725ec02f3d139c77d64d6a78a6,1231,2,3,-25891.863766805174
main_seed0,0,d1c1eb972d85b5605cb5db7c2c6bc30520ef1b725ec02f3d139c77d64d6a78a6,1231,3,3,-18532.27691626712
main_seed0,0,d1c1eb972d85b5605cb5db7c2c6bc30520ef1b725ec02f3d139c77d64d6a78a6,1232,1,3,-46226.94684359016
main_seed0,0,d1c1eb972d85b5605cb5db7c2c6bc30520ef1b725ec02f3d139c77d64d6a78a6,1232,2,3,-25128.19230136674
main_seed0,0,d1c1eb972d85b5605cb5db7c2c6bc30520ef1b725ec02f3d139c77d64d6a78a6,1232,3,3,-19577.097324106075
main_seed0,0,d1c1eb972d85b5605cb5db7c2c6bc30520ef1b725ec02f3d139c77d64d6a78a6,1233,1,3,-45845.78685954419
main_seed0,0,d1c1eb972d85b5605cb5db7c2c6bc30520ef1b725ec02f3d139c77d64d6a78a6,1233,2,3,-23172.49970953639
main_seed0,0,d1c1eb972d85b5605cb5db7c2c6bc30520ef1b725ec02f3d139c77d64d6a78a6,1233,3,3,-19624.4463121804
main_seed0,0,d1c1eb972d85b5605cb5db7c2c6bc30520ef1b725ec02f3d139c77d64d6a78a6,1234,1,3,-48399.30665545439
main_seed0,0,d1c1eb972d85b5605cb5db7c2c6bc30520ef1b725ec02f3d139c77d64d6a78a6,1234,2,3,-23974.249307074548
main_seed0,0,d1c1eb972d85b5605cb5db7c2c6bc30520ef1b725ec02f3d139c77d64d6a78a6,1234,3,3,-19241.038540494912
main_seed0,0,d1c1eb972d85b5605cb5db7c2c6bc30520ef1b725ec02f3d139c77d64d6a78a6,1235,1,3,-45269.32000362175
main_seed0,0,d1c1eb972d85b5605cb5db7c2c6bc30520ef1b725ec02f3d139c77d64d6a78a6,1235,2,3,-26380.672096974144
main_seed0,0,d1c1eb972d85b5605cb5db7c2c6bc30520ef1b725ec02f3d139c77d64d6a78a6,1235,3,3,-20636.29571743971
main_seed0,0,d1c1eb972d85b5605cb5db7c2c6bc30520ef1b725ec02f3d139c77d64d6a78a6,1236,1,3,-45705.523264275085
main_seed0,0,d1c1eb972d85b5605cb5db7c2c6bc30520ef1b725ec02f3d139c77d64d6a78a6,1236,2,3,-24973.933951274084
main_seed0,0,d1c1eb972d85b5605cb5db7c2c6bc30520ef1b725ec02f3d139c77d64d6a78a6,1236,3,3,-20445.485464239027
main_seed0,0,d1c1eb972d85b5605cb5db7c2c6bc30520ef1b725ec02f3d139c77d64d6a78a6,1237,1,3,-47175.0018367952
main_seed0,0,d1c1eb972d85b5605cb5db7c2c6bc30520ef1b725ec02f3d139c77d64d6a78a6,1237,2,3,-27371.541419122044
main_seed0,0,d1c1eb972d85b5605cb5db7c2c6bc30520ef1b725ec02f3d139c77d64d6a78a6,1237,3,3,-17869.118567975027
main_seed0,0,d1c1eb972d85b5605cb5db7c2c6bc30520ef1b725ec02f3d139c77d64d6a78a6,1238,1,3,-45526.63198786689
main_seed0,0,d1c1eb972d85b5605cb5db7c2c6bc30520ef1b725ec02f3d139c77d64d6a78a6,1238,2,3,-27807.48247831007
main_seed0,0,d1c1eb972d85b5605cb5db7c2c6bc30520ef1b725ec02f3d139c77d64d6a78a6,1238,3,3,-19809.436536545232
main_seed0,0,d1c1eb972d85b5605cb5db7c2c6bc30520ef1b725ec02f3d139c77d64d6a78a6,1239,1,3,-44917.47990284406
main_seed0,0,d1c1eb972d85b5605cb5db7c2c6bc30520ef1b725ec02f3d139c77d64d6a78a6,1239,2,3,-25264.61644880945
main_seed0,0,d1c1eb972d85b5605cb5db7c2c6bc30520ef1b725ec02f3d139c77d64d6a78a6,1239,3,3,-21054.050128404982
main_seed0,0,d1c1eb972d85b5605cb5db7c2c6bc30520ef1b725ec02f3d139c77d64d6a78a6,1240,1,3,-45104.13989665893
main_seed0,0,d1c1eb972d85b5605cb5db7c2c6bc30520ef1b725ec02f3d139c77d64d6a78a6,1240,2,3,-25977.60204512109
main_seed0,0,d1c1eb972d85b5605cb5db7c2c6bc30520ef1b725ec02f3d139c77d64d6a78a6,1240,3,3,-18477.56231864781
main_seed0,0,d1c1eb972d85b5605cb5db7c2c6bc30520ef1b725ec02f3d139c77d64d6a78a6,1241,1,3,-47195.68573067895
main_seed0,0,d1c1eb972d85b5605cb5db7c2c6bc30520ef1b725ec02f3d139c77d64d6a78a6,1241,2,3,-28479.88032203028
main_seed0,0,d1c1eb972d85b5605cb5db7c2c6bc30520ef1b725ec02f3d139c77d64d6a78a6,1241,3,3,-19358.749669931305
main_seed0,0,d1c1eb972d85b5605cb5db7c2c6bc30520ef1b725ec02f3d139c77d64d6a78a6,1242,1,3,-45922.45786961626
main_seed0,0,d1c1eb972d85b5605cb5db7c2c6bc30520ef1b725ec02f3d139c77d64d6a78a6,1242,2,3,-25158.554886261954
main_seed0,0,d1c1eb972d85b5605cb5db7c2c6bc30520ef1b725ec02f3d139c77d64d6a78a6,1242,3,3,-20023.011811419445
main_seed0,0,d1c1eb972d85b5605cb5db7c2c6bc30520ef1b725ec02f3d139c77d64d6a78a6,1243,1,3,-44552.34254288484
main_seed0,0,d1c1eb972d85b5605cb5db7c2c6bc30520ef1b725ec02f3d139c77d64d6a78a6,1243,2,3,-21785.451524912067
main_seed0,0,d1c1eb972d85b5605cb5db7c2c6bc30520ef1b725ec02f3d139c77d64d6a78a6,1243,3,3,-22103.378268582688
main_seed0,0,d1c1eb972d85b5605cb5db7c2c6bc30520ef1b725ec02f3d139c77d64d6a78a6,1244,1,3,-45102.30103971033
main_seed0,0,d1c1eb972d85b5605cb5db7c2c6bc30520ef1b725ec02f3d139c77d64d6a78a6,1244,2,3,-27103.6439160152
main_seed0,0,d1c1eb972d85b5605cb5db7c2c6bc30520ef1b725ec02f3d139c77d64d6a78a6,1244,3,3,-18792.870018791364
main_seed0,0,d1c1eb972d85b5605cb5db7c2c6bc30520ef1b725ec02f3d139c77d64d6a78a6,1245,1,3,-45205.86494106028
main_seed0,0,d1c1eb972d85b5605cb5db7c2c6bc30520ef1b725ec02f3d139c77d64d6a78a6,1245,2,3,-24204.612949360904
main_seed0,0,d1c1eb972d85b5605cb5db7c2c6bc30520ef1b725ec02f3d139c77d64d6a78a6,1245,3,3,-20514.036874935635
main_seed0,0,d1c1eb972d85b5605cb5db7c2c6bc30520ef1b725ec02f3d139c77d64d6a78a6,1246,1,3,-45564.61577453402
main_seed0,0,d1c1eb972d85b5605cb5db7c2c6bc30520ef1b725ec02f3d139c77d64d6a78a6,1246,2,3,-25469.51635742457
main_seed0,0,d1c1eb972d85b5605cb5db7c2c6bc30520ef1b725ec02f3d139c77d64d6a78a6,1246,3,3,-17872.455273948046
main_seed0,0,d1c1eb972d85b5605cb5db7c2c6bc30520ef1b725ec02f3d139c77d64d6a78a6,1247,1,3,-45289.602295192526
main_seed0,0,d1c1eb972d85b5605cb5db7c2c6bc30520ef1b725ec02f3d139c77d64d6a78a6,1247,2,3,-26877.4864156135
main_seed0,0,d1c1eb972d85b5605cb5db7c2c6bc30520ef1b725ec02f3d139c77d64d6a78a6,1247,3,3,-19291.274629933
main_seed0,0,d1c1eb972d85b5605cb5db7c2c6bc30520ef1b725ec02f3d139c77d64d6a78a6,1248,1,3,-45426.21459078479
main_seed0,0,d1c1eb972d85b5605cb5db7c2c6bc30520ef1b725ec02f3d139c77d64d6a78a6,1248,2,3,-26296.499633390355
main_seed0,0,d1c1eb972d85b5605cb5db7c2c6bc30520ef1b725ec02f3d139c77d64d6a78a6,1248,3,3,-22781.8961927106
main_seed0,0,d1c1eb972d85b5605cb5db7c2c6bc30520ef1b725ec02f3d139c77d64d6a78a6,1249,1,3,-45596.84112284302
main_seed0,0,d1c1eb972d85b5605cb5db7c2c6bc30520ef1b725ec02f3d139c77d64d6a78a6,1249,2,3,-22959.447477107897
main_seed0,0,d1c1eb972d85b5605cb5db7c2c6bc30520ef1b725ec02f3d139c77d64d6a78a6,1249,3,3,-20468.180150114586
main_seed0,0,d1c1eb972d85b5605cb5db7c2c6bc30520ef1b725ec02f3d139c77d64d6a78a6,1250,1,3,-45104.73182907584
main_seed0,0,d1c1eb972d85b5605cb5db7c2c6bc30520ef1b725ec02f3d139c77d64d6a78a6,1250,2,3,-23867.838109936725
main_seed0,0,d1c1eb972d85b5605cb5db7c2c6bc30520ef1b725ec02f3d139c77d64d6a78a6,1250,3,3,-20221.10292369425
main_seed0,0,d1c1eb972d85b5605cb5db7c2c6bc30520ef1b725ec02f3d139c77d64d6a78a6,1251,1,3,-44489.56255885986
main_seed0,0,d1c1eb972d85b5605cb5db7c2c6bc30520ef1b725ec02f3d139c77d64d6a78a6,1251,2,3,-22195.12770977012
main_seed0,0,d1c1eb972d85b5605cb5db7c2c6bc30520ef1b725ec02f3d139c77d64d6a78a6,1251,3,3,-18060.99994563633
main_seed0,0,d1c1eb972d85b5605cb5db7c2c6bc30520ef1b725ec02f3d139c77d64d6a78a6,1252,1,3,-44766.61995793518
main_seed0,0,d1c1eb972d85b5605cb5db7c2c6bc30520ef1b725ec02f3d139c77d64d6a78a6,1252,2,3,-25105.127694400504
main_seed0,0,d1c1eb972d85b5605cb5db7c2c6bc30520ef1b725ec02f3d139c77d64d6a78a6,1252,3,3,-18053.98279146495
main_seed0,0,d1c1eb972d85b5605cb5db7c2c6bc30520ef1b725ec02f3d139c77d64d6a78a6,1253,1,3,-45849.7476342171
main_seed0,0,d1c1eb972d85b5605cb5db7c2c6bc30520ef1b725ec02f3d139c77d64d6a78a6,1253,2,3,-22835.551300204334
main_seed0,0,d1c1eb972d85b5605cb5db7c2c6bc30520ef1b725ec02f3d139c77d64d6a78a6,1253,3,3,-21643.04466020232
main_seed0,0,d1c1eb972d85b5605cb5db7c2c6bc30520ef1b725ec02f3d139c77d64d6a78a6,1254,1,3,-46190.31046280393
main_seed0,0,d1c1eb972d85b5605cb5db7c2c6bc30520ef1b725ec02f3d139c77d64d6a78a6,1254,2,3,-24989.261651641275
main_seed0,0,d1c1eb972d85b5605cb5db7c2c6bc30520ef1b725ec02f3d139c77d64d6a78a6,1254,3,3,-17286.575367159847
main_seed0,0,d1c1eb972d85b5605cb5db7c2c6bc30520ef1b725ec02f3d139c77d64d6a78a6,1255,1,3,-43697.9772811592
main_seed0,0,d1c1eb972d85b5605cb5db7c2c6bc30520ef1b725ec02f3d139c77d64d6a78a6,1255,2,3,-20544.696964559535
main_seed0,0,d1c1eb972d85b5605cb5db7c2c6bc30520ef1b725ec02f3d139c77d64d6a78a6,1255,3,3,-19604.11003413893
main_seed0,0,d1c1eb972d85b5605cb5db7c2c6bc30520ef1b725ec02f3d139c77d64d6a78a6,1256,1,3,-44912.74795811188
main_seed0,0,d1c1eb972d85b5605cb5db7c2c6bc30520ef1b725ec02f3d139c77d64d6a78a6,1256,2,3,-21941.04460541972
main_seed0,0,d1c1eb972d85b5605cb5db7c2c6bc30520ef1b725ec02f3d139c77d64d6a78a6,1256,3,3,-20873.987319094456
main_seed0,0,d1c1eb972d85b5605cb5db7c2c6bc30520ef1b725ec02f3d139c77d64d6a78a6,1257,1,3,-43862.55930474587
main_seed0,0,d1c1eb972d85b5605cb5db7c2c6bc30520ef1b725ec02f3d139c77d64d6a78a6,1257,2,3,-23128.82802552972
main_seed0,0,d1c1eb972d85b5605cb5db7c2c6bc30520ef1b725ec02f3d139c77d64d6a78a6,1257,3,3,-19964.83068974856
main_seed0,0,d1c1eb972d85b5605cb5db7c2c6bc30520ef1b725ec02f3d139c77d64d6a78a6,1258,1,3,-46312.3047492725
main_seed0,0,d1c1eb972d85b5605cb5db7c2c6bc30520ef1b725ec02f3d139c77d64d6a78a6,1258,2,3,-22856.55194287569
main_seed0,0,d1c1eb972d85b5605cb5db7c2c6bc30520ef1b725ec02f3d139c77d64d6a78a6,1258,3,3,-18634.407727365928
main_seed0,0,d1c1eb972d85b5605cb5db7c2c6bc30520ef1b725ec02f3d139c77d64d6a78a6,1259,1,3,-45346.50866380331
main_seed0,0,d1c1eb972d85b5605cb5db7c2c6bc30520ef1b725ec02f3d139c77d64d6a78a6,1259,2,3,-21016.31531877965
main_seed0,0,d1c1eb972d85b5605cb5db7c2c6bc30520ef1b725ec02f3d139c77d64d6a78a6,1259,3,3,-18943.811581761824
main_seed0,0,d1c1eb972d85b5605cb5db7c2c6bc30520ef1b725ec02f3d139c77d64d6a78a6,1260,1,3,-44296.98610157924
main_seed0,0,d1c1eb972d85b5605cb5db7c2c6bc30520ef1b725ec02f3d139c77d64d6a78a6,1260,2,3,-24588.41359866172
main_seed0,0,d1c1eb972d85b5605cb5db7c2c6bc30520ef1b725ec02f3d139c77d64d6a78a6,1260,3,3,-18235.998004973462
main_seed0,0,d1c1eb972d85b5605cb5db7c2c6bc30520ef1b725ec02f3d139c77d64d6a78a6,1261,1,3,-45330.88296906234
main_seed0,0,d1c1eb972d85b5605cb5db7c2c6bc30520ef1b725ec02f3d139c77d64d6a78a6,1261,2,3,-22205.381309830205
main_seed0,0,d1c1eb972d85b5605cb5db7c2c6bc30520ef1b725ec02f3d139c77d64d6a78a6,1261,3,3,-18632.5172345662
main_seed0,0,d1c1eb972d85b5605cb5db7c2c6bc30520ef1b725ec02f3d139c77d64d6a78a6,1262,1,3,-46428.25522758412
main_seed0,0,d1c1eb972d85b5605cb5db7c2c6bc30520ef1b725ec02f3d139c77d64d6a78a6,1262,2,3,-23933.563091272248
main_seed0,0,d1c1eb972d85b5605cb5db7c2c6bc30520ef1b725ec02f3d139c77d64d6a78a6,1262,3,3,-23822.193031030547
main_seed0,0,d1c1eb972d85b5605cb5db7c2c6bc30520ef1b725ec02f3d139c77d64d6a78a6,1263,1,3,-44763.48596189976
main_seed0,0,d1c1eb972d85b5605cb5db7c2c6bc30520ef1b725ec02f3d139c77d64d6a78a6,1263,2,3,-21507.467080748567
main_seed0,0,d1c1eb972d85b5605cb5db7c2c6bc30520ef1b725ec02f3d139c77d64d6a78a6,1263,3,3,-18874.58304291177
main_seed0,0,d1c1eb972d85b5605cb5db7c2c6bc30520ef1b725ec02f3d139c77d64d6a78a6,1264,1,3,-45908.72642550258
main_seed0,0,d1c1eb972d85b5605cb5db7c2c6bc30520ef1b725ec02f3d139c77d64d6a78a6,1264,2,3,-20437.71373092766
main_seed0,0,d1c1eb972d85b5605cb5db7c2c6bc30520ef1b725ec02f3d139c77d64d6a78a6,1264,3,3,-19498.87127482433
main_seed0,0,d1c1eb972d85b5605cb5db7c2c6bc30520ef1b725ec02f3d139c77d64d6a78a6,1265,1,3,-44844.30658681163
main_seed0,0,d1c1eb972d85b5605cb5db7c2c6bc30520ef1b725ec02f3d139c77d64d6a78a6,1265,2,3,-21520.949814252377
main_seed0,0,d1c1eb972d85b5605cb5db7c2c6bc30520ef1b725ec02f3d139c77d64d6a78a6,1265,3,3,-18818.2832214114
main_seed0,0,d1c1eb972d85b5605cb5db7c2c6bc30520ef1b725ec02f3d139c77d64d6a78a6,1266,1,3,-45298.34813920859
main_seed0,0,d1c1eb972d85b5605cb5db7c2c6bc30520ef1b725ec02f3d139c77d64d6a78a6,1266,2,3,-20949.560143301675
main_seed0,0,d1c1eb972d85b5605cb5db7c2c6bc30520ef1b725ec02f3d139c77d64d6a78a6,1266,3,3,-19398.64345345704
main_seed0,0,d1c1eb972d85b5605cb5db7c2c6bc30520ef1b725ec02f3d139c77d64d6a78a6,1267,1,3,-45185.45561057287
main_seed0,0,d1c1eb972d85b5605cb5db7c2c6bc30520ef1b725ec02f3d139c77d64d6a78a6,1267,2,3,-21063.74111111436
main_seed0,0,d1c1eb972d85b5605cb5db7c2c6bc30520ef1b725ec02f3d139c77d64d6a78a6,1267,3,3,-18893.31487143337
main_seed0,0,d1c1eb972d85b5605cb5db7c2c6bc30520ef1b725ec02f3d139c77d64d6a78a6,1268,1,3,-46703.38488624523
main_seed0,0,d1c1eb972d85b5605cb5db7c2c6bc30520ef1b725ec02f3d139c77d64d6a78a6,1268,2,3,-20745.51534837458
main_seed0,0,d1c1eb972d85b5605cb5db7c2c6bc30520ef1b725ec02f3d139c77d64d6a78a6,1268,3,3,-19381.3854690203
main_seed0,0,d1c1eb972d85b5605cb5db7c2c6bc30520ef1b725ec02f3d139c77d64d6a78a6,1269,1,3,-43822.30927703861
main_seed0,0,d1c1eb972d85b5605cb5db7c2c6bc30520ef1b725ec02f3d139c77d64d6a78a6,1269,2,3,-24519.9218706624
main_seed0,0,d1c1eb972d85b5605cb5db7c2c6bc30520ef1b725ec02f3d139c77d64d6a78a6,1269,3,3,-18053.612976888828
main_seed0,0,d1c1eb972d85b5605cb5db7c2c6bc30520ef1b725ec02f3d139c77d64d6a78a6,1270,1,3,-43649.925865081634
main_seed0,0,d1c1eb972d85b5605cb5db7c2c6bc30520ef1b725ec02f3d139c77d64d6a78a6,1270,2,3,-23596.994296298788
main_seed0,0,d1c1eb972d85b5605cb5db7c2c6bc30520ef1b725ec02f3d139c77d64d6a78a6,1270,3,3,-20012.08438527708
main_seed0,0,d1c1eb972d85b5605cb5db7c2c6bc30520ef1b725ec02f3d139c77d64d6a78a6,1271,1,3,-46337.11342381146
main_seed0,0,d1c1eb972d85b5605cb5db7c2c6bc30520ef1b725ec02f3d139c77d64d6a78a6,1271,2,3,-24645.58949562464
main_seed0,0,d1c1eb972d85b5605cb5db7c2c6bc30520ef1b725ec02f3d139c77d64d6a78a6,1271,3,3,-17859.527817242342
main_seed0,0,d1c1eb972d85b5605cb5db7c2c6bc30520ef1b725ec02f3d139c77d64d6a78a6,1272,1,3,-45156.26533535421
main_seed0,0,d1c1eb972d85b5605cb5db7c2c6bc30520ef1b725ec02f3d139c77d64d6a78a6,1272,2,3,-21648.60038084939
main_seed0,0,d1c1eb972d85b5605cb5db7c2c6bc30520ef1b725ec02f3d139c77d64d6a78a6,1272,3,3,-21009.02640206281
main_seed0,0,d1c1eb972d85b5605cb5db7c2c6bc30520ef1b725ec02f3d139c77d64d6a78a6,1273,1,3,-47590.66967853734
main_seed0,0,d1c1eb972d85b5605cb5db7c2c6bc30520ef1b725ec02f3d139c77d64d6a78a6,1273,2,3,-23380.151129827573
main_seed0,0,d1c1eb972d85b5605cb5db7c2c6bc30520ef1b725ec02f3d139c77d64d6a78a6,1273,3,3,-18246.66828777465
main_seed0,0,d1c1eb972d85b5605cb5db7c2c6bc30520ef1b725ec02f3d139c77d64d6a78a6,1274,1,3,-46602.1618259624
main_seed0,0,d1c1eb972d85b5605cb5db7c2c6bc30520ef1b725ec02f3d139c77d64d6a78a6,1274,2,3,-23596.753363298467
main_seed0,0,d1c1eb972d85b5605cb5db7c2c6bc30520ef1b725ec02f3d139c77d64d6a78a6,1274,3,3,-19834.196888961003
main_seed0,0,d1c1eb972d85b5605cb5db7c2c6bc30520ef1b725ec02f3d139c77d64d6a78a6,1275,1,3,-43499.71858540851
main_seed0,0,d1c1eb972d85b5605cb5db7c2c6bc30520ef1b725ec02f3d139c77d64d6a78a6,1275,2,3,-23794.65609808361
main_seed0,0,d1c1eb972d85b5605cb5db7c2c6bc30520ef1b725ec02f3d139c77d64d6a78a6,1275,3,3,-18577.81392936957
main_seed0,0,d1c1eb972d85b5605cb5db7c2c6bc30520ef1b725ec02f3d139c77d64d6a78a6,1276,1,3,-44301.04334176752
main_seed0,0,d1c1eb972d85b5605cb5db7c2c6bc30520ef1b725ec02f3d139c77d64d6a78a6,1276,2,3,-28767.67901503905
main_seed0,0,d1c1eb972d85b5605cb5db7c2c6bc30520ef1b725ec02f3d139c77d64d6a78a6,1276,3,3,-19360.410840314144
main_seed0,0,d1c1eb972d85b5605cb5db7c2c6bc30520ef1b725ec02f3d139c77d64d6a78a6,1277,1,3,-44263.77992504873
main_seed0,0,d1c1eb972d85b5605cb5db7c2c6bc30520ef1b725ec02f3d139c77d64d6a78a6,1277,2,3,-25181.55445905799
main_seed0,0,d1c1eb972d85b5605cb5db7c2c6bc30520ef1b725ec02f3d139c77d64d6a78a6,1277,3,3,-19043.587932537703
main_seed0,0,d1c1eb972d85b5605cb5db7c2c6bc30520ef1b725ec02f3d139c77d64d6a78a6,1278,1,3,-44809.87633676328
main_seed0,0,d1c1eb972d85b5605cb5db7c2c6bc30520ef1b725ec02f3d139c77d64d6a78a6,1278,2,3,-21383.79597089046
main_seed0,0,d1c1eb972d85b5605cb5db7c2c6bc30520ef1b725ec02f3d139c77d64d6a78a6,1278,3,3,-19276.43250713554
main_seed0,0,d1c1eb972d85b5605cb5db7c2c6bc30520ef1b725ec02f3d139c77d64d6a78a6,1279,1,3,-45368.75616426671
main_seed0,0,d1c1eb972d85b5605cb5db7c2c6bc30520ef1b725ec02f3d139c77d64d6a78a6,1279,2,3,-21448.03940756007
main_seed0,0,d1c1eb972d85b5605cb5db7c2c6bc30520ef1b725ec02f3d139c77d64d6a78a6,1279,3,3,-18672.54947220764
main_seed0,0,d1c1eb972d85b5605cb5db7c2c6bc30520ef1b725ec02f3d139c77d64d6a78a6,1280,1,3,-45712.31730016713
main_seed0,0,d1c1eb972d85b5605cb5db7c2c6bc30520ef1b725ec02f3d139c77d64d6a78a6,1280,2,3,-27707.060951726955
main_seed0,0,d1c1eb972d85b5605cb5db7c2c6bc30520ef1b725ec02f3d139c77d64d6a78a6,1280,3,3,-17514.110901825516
main_seed0,0,d1c1eb972d85b5605cb5db7c2c6bc30520ef1b725ec02f3d139c77d64d6a78a6,1281,1,3,-45863.80538150868
main_seed0,0,d1c1eb972d85b5605cb5db7c2c6bc30520ef1b725ec02f3d139c77d64d6a78a6,1281,2,3,-20935.758615994822
main_seed0,0,d1c1eb972d85b5605cb5db7c2c6bc30520ef1b725ec02f3d139c77d64d6a78a6,1281,3,3,-20371.587793400224
main_seed0,0,d1c1eb972d85b5605cb5db7c2c6bc30520ef1b725ec02f3d139c77d64d6a78a6,1282,1,3,-46720.29110589045
main_seed0,0,d1c1eb972d85b5605cb5db7c2c6bc30520ef1b725ec02f3d139c77d64d6a78a6,1282,2,3,-22897.975122681222
main_seed0,0,d1c1eb972d85b5605cb5db7c2c6bc30520ef1b725ec02f3d139c77d64d6a78a6,1282,3,3,-20404.411422932822
main_seed0,0,d1c1eb972d85b5605cb5db7c2c6bc30520ef1b725ec02f3d139c77d64d6a78a6,1283,1,3,-46530.249400230525
main_seed0,0,d1c1eb972d85b5605cb5db7c2c6bc30520ef1b725ec02f3d139c77d64d6a78a6,1283,2,3,-19954.79628673724
main_seed0,0,d1c1eb972d85b5605cb5db7c2c6bc30520ef1b725ec02f3d139c77d64d6a78a6,1283,3,3,-19544.79649237512
main_seed0,0,d1c1eb972d85b5605cb5db7c2c6bc30520ef1b725ec02f3d139c77d64d6a78a6,1284,1,3,-44332.43391671679
main_seed0,0,d1c1eb972d85b5605cb5db7c2c6bc30520ef1b725ec02f3d139c77d64d6a78a6,1284,2,3,-26131.680203248376
main_seed0,0,d1c1eb972d85b5605cb5db7c2c6bc30520ef1b725ec02f3d139c77d64d6a78a6,1284,3,3,-19484.282060735688
main_seed0,0,d1c1eb972d85b5605cb5db7c2c6bc30520ef1b725ec02f3d139c77d64d6a78a6,1285,1,3,-44055.43829411299
main_seed0,0,d1c1eb972d85b5605cb5db7c2c6bc30520ef1b725ec02f3d139c77d64d6a78a6,1285,2,3,-23389.660933623905
main_seed0,0,d1c1eb972d85b5605cb5db7c2c6bc30520ef1b725ec02f3d139c77d64d6a78a6,1285,3,3,-19360.95080577894
main_seed0,0,d1c1eb972d85b5605cb5db7c2c6bc30520ef1b725ec02f3d139c77d64d6a78a6,1286,1,3,-45855.8407479871
main_seed0,0,d1c1eb972d85b5605cb5db7c2c6bc30520ef1b725ec02f3d139c77d64d6a78a6,1286,2,3,-20224.59831725829
main_seed0,0,d1c1eb972d85b5605cb5db7c2c6bc30520ef1b725ec02f3d139c77d64d6a78a6,1286,3,3,-18348.2220905443
main_seed0,0,d1c1eb972d85b5605cb5db7c2c6bc30520ef1b725ec02f3d139c77d64d6a78a6,1287,1,3,-45070.43379170345
main_seed0,0,d1c1eb972d85b5605cb5db7c2c6bc30520ef1b725ec02f3d139c77d64d6a78a6,1287,2,3,-29859.3381159201
main_seed0,0,d1c1eb972d85b5605cb5db7c2c6bc30520ef1b725ec02f3d139c77d64d6a78a6,1287,3,3,-19402.14823238217
main_seed0,0,d1c1eb972d85b5605cb5db7c2c6bc30520ef1b725ec02f3d139c77d64d6a78a6,1288,1,3,-44938.19385777706
main_seed0,0,d1c1eb972d85b5605cb5db7c2c6bc30520ef1b725ec02f3d139c77d64d6a78a6,1288,2,3,-24026.37479908012
main_seed0,0,d1c1eb972d85b5605cb5db7c2c6bc30520ef1b725ec02f3d139c77d64d6a78a6,1288,3,3,-19449.61691942178
main_seed0,0,d1c1eb972d85b5605cb5db7c2c6bc30520ef1b725ec02f3d139c77d64d6a78a6,1289,1,3,-44853.95567399668
main_seed0,0,d1c1eb972d85b5605cb5db7c2c6bc30520ef1b725ec02f3d139c77d64d6a78a6,1289,2,3,-23395.824345528054
main_seed0,0,d1c1eb972d85b5605cb5db7c2c6bc30520ef1b725ec02f3d139c77d64d6a78a6,1289,3,3,-19940.51138297017
main_seed0,0,d1c1eb972d85b5605cb5db7c2c6bc30520ef1b725ec02f3d139c77d64d6a78a6,1290,1,3,-44398.65947816616
main_seed0,0,d1c1eb972d85b5605cb5db7c2c6bc30520ef1b725ec02f3d139c77d64d6a78a6,1290,2,3,-21103.065114011653
main_seed0,0,d1c1eb972d85b5605cb5db7c2c6bc30520ef1b725ec02f3d139c77d64d6a78a6,1290,3,3,-18788.52622152602
main_seed0,0,d1c1eb972d85b5605cb5db7c2c6bc30520ef1b725ec02f3d139c77d64d6a78a6,1291,1,3,-47333.46023624831
main_seed0,0,d1c1eb972d85b5605cb5db7c2c6bc30520ef1b725ec02f3d139c77d64d6a78a6,1291,2,3,-24640.79987708466
main_seed0,0,d1c1eb972d85b5605cb5db7c2c6bc30520ef1b725ec02f3d139c77d64d6a78a6,1291,3,3,-18623.41399472188
main_seed0,0,d1c1eb972d85b5605cb5db7c2c6bc30520ef1b725ec02f3d139c77d64d6a78a6,1292,1,3,-44345.300803321545
main_seed0,0,d1c1eb972d85b5605cb5db7c2c6bc30520ef1b725ec02f3d139c77d64d6a78a6,1292,2,3,-22706.18205557972
main_seed0,0,d1c1eb972d85b5605cb5db7c2c6bc30520ef1b725ec02f3d139c77d64d6a78a6,1292,3,3,-18655.628692666367
main_seed0,0,d1c1eb972d85b5605cb5db7c2c6bc30520ef1b725ec02f3d139c77d64d6a78a6,1293,1,3,-46811.29630886775
main_seed0,0,d1c1eb972d85b5605cb5db7c2c6bc30520ef1b725ec02f3d139c77d64d6a78a6,1293,2,3,-24373.76136847521
main_seed0,0,d1c1eb972d85b5605cb5db7c2c6bc30520ef1b725ec02f3d139c77d64d6a78a6,1293,3,3,-19007.59883456668
main_seed0,0,d1c1eb972d85b5605cb5db7c2c6bc30520ef1b725ec02f3d139c77d64d6a78a6,1294,1,3,-44481.27383152825
main_seed0,0,d1c1eb972d85b5605cb5db7c2c6bc30520ef1b725ec02f3d139c77d64d6a78a6,1294,2,3,-29830.781606526063
main_seed0,0,d1c1eb972d85b5605cb5db7c2c6bc30520ef1b725ec02f3d139c77d64d6a78a6,1294,3,3,-18516.13041804828
main_seed0,0,d1c1eb972d85b5605cb5db7c2c6bc30520ef1b725ec02f3d139c77d64d6a78a6,1295,1,3,-45222.26997622053
main_seed0,0,d1c1eb972d85b5605cb5db7c2c6bc30520ef1b725ec02f3d139c77d64d6a78a6,1295,2,3,-21971.877994834744
main_seed0,0,d1c1eb972d85b5605cb5db7c2c6bc30520ef1b725ec02f3d139c77d64d6a78a6,1295,3,3,-20293.24202364409
main_seed0,0,d1c1eb972d85b5605cb5db7c2c6bc30520ef1b725ec02f3d139c77d64d6a78a6,1296,1,3,-45657.81652125756
main_seed0,0,d1c1eb972d85b5605cb5db7c2c6bc30520ef1b725ec02f3d139c77d64d6a78a6,1296,2,3,-23239.624575242757
main_seed0,0,d1c1eb972d85b5605cb5db7c2c6bc30520ef1b725ec02f3d139c77d64d6a78a6,1296,3,3,-18210.404101893877
main_seed0,0,d1c1eb972d85b5605cb5db7c2c6bc30520ef1b725ec02f3d139c77d64d6a78a6,1297,1,3,-44746.28988188935
main_seed0,0,d1c1eb972d85b5605cb5db7c2c6bc30520ef1b725ec02f3d139c77d64d6a78a6,1297,2,3,-22410.599207904
main_seed0,0,d1c1eb972d85b5605cb5db7c2c6bc30520ef1b725ec02f3d139c77d64d6a78a6,1297,3,3,-18169.61189711336
main_seed0,0,d1c1eb972d85b5605cb5db7c2c6bc30520ef1b725ec02f3d139c77d64d6a78a6,1298,1,3,-44889.73491011805
main_seed0,0,d1c1eb972d85b5605cb5db7c2c6bc30520ef1b725ec02f3d139c77d64d6a78a6,1298,2,3,-26530.28185685725
main_seed0,0,d1c1eb972d85b5605cb5db7c2c6bc30520ef1b725ec02f3d139c77d64d6a78a6,1298,3,3,-18007.980836242852
main_seed0,0,d1c1eb972d85b5605cb5db7c2c6bc30520ef1b725ec02f3d139c77d64d6a78a6,1299,1,3,-44146.57807378867
main_seed0,0,d1c1eb972d85b5605cb5db7c2c6bc30520ef1b725ec02f3d139c77d64d6a78a6,1299,2,3,-21802.951996514086
main_seed0,0,d1c1eb972d85b5605cb5db7c2c6bc30520ef1b725ec02f3d139c77d64d6a78a6,1299,3,3,-19032.73990812732
main_seed0,0,d1c1eb972d85b5605cb5db7c2c6bc30520ef1b725ec02f3d139c77d64d6a78a6,1300,1,3,-46600.86702301967
main_seed0,0,d1c1eb972d85b5605cb5db7c2c6bc30520ef1b725ec02f3d139c77d64d6a78a6,1300,2,3,-25199.325671470197
main_seed0,0,d1c1eb972d85b5605cb5db7c2c6bc30520ef1b725ec02f3d139c77d64d6a78a6,1300,3,3,-20093.68509984205
main_seed0,0,d1c1eb972d85b5605cb5db7c2c6bc30520ef1b725ec02f3d139c77d64d6a78a6,1301,1,3,-43758.52183868348
main_seed0,0,d1c1eb972d85b5605cb5db7c2c6bc30520ef1b725ec02f3d139c77d64d6a78a6,1301,2,3,-25968.61781788089
main_seed0,0,d1c1eb972d85b5605cb5db7c2c6bc30520ef1b725ec02f3d139c77d64d6a78a6,1301,3,3,-21120.250987985724
main_seed0,0,d1c1eb972d85b5605cb5db7c2c6bc30520ef1b725ec02f3d139c77d64d6a78a6,1302,1,3,-48592.00896583794
main_seed0,0,d1c1eb972d85b5605cb5db7c2c6bc30520ef1b725ec02f3d139c77d64d6a78a6,1302,2,3,-27511.49428452734
main_seed0,0,d1c1eb972d85b5605cb5db7c2c6bc30520ef1b725ec02f3d139c77d64d6a78a6,1302,3,3,-18906.828258124344
main_seed0,0,d1c1eb972d85b5605cb5db7c2c6bc30520ef1b725ec02f3d139c77d64d6a78a6,1303,1,3,-44593.03796631642
main_seed0,0,d1c1eb972d85b5605cb5db7c2c6bc30520ef1b725ec02f3d139c77d64d6a78a6,1303,2,3,-26851.557381694623
main_seed0,0,d1c1eb972d85b5605cb5db7c2c6bc30520ef1b725ec02f3d139c77d64d6a78a6,1303,3,3,-20117.04488684152
main_seed0,0,d1c1eb972d85b5605cb5db7c2c6bc30520ef1b725ec02f3d139c77d64d6a78a6,1304,1,3,-45203.80355027784
main_seed0,0,d1c1eb972d85b5605cb5db7c2c6bc30520ef1b725ec02f3d139c77d64d6a78a6,1304,2,3,-23581.43102324643
main_seed0,0,d1c1eb972d85b5605cb5db7c2c6bc30520ef1b725ec02f3d139c77d64d6a78a6,1304,3,3,-19111.769681746293
main_seed0,0,d1c1eb972d85b5605cb5db7c2c6bc30520ef1b725ec02f3d139c77d64d6a78a6,1305,1,3,-46043.84534897766
main_seed0,0,d1c1eb972d85b5605cb5db7c2c6bc30520ef1b725ec02f3d139c77d64d6a78a6,1305,2,3,-27527.759637629184
main_seed0,0,d1c1eb972d85b5605cb5db7c2c6bc30520ef1b725ec02f3d139c77d64d6a78a6,1305,3,3,-19122.256871166588
main_seed0,0,d1c1eb972d85b5605cb5db7c2c6bc30520ef1b725ec02f3d139c77d64d6a78a6,1306,1,3,-44949.42272532434
main_seed0,0,d1c1eb972d85b5605cb5db7c2c6bc30520ef1b725ec02f3d139c77d64d6a78a6,1306,2,3,-30136.54409623873
main_seed0,0,d1c1eb972d85b5605cb5db7c2c6bc30520ef1b725ec02f3d139c77d64d6a78a6,1306,3,3,-17513.168439173518
main_seed0,0,d1c1eb972d85b5605cb5db7c2c6bc30520ef1b725ec02f3d139c77d64d6a78a6,1307,1,3,-48359.19885800117
main_seed0,0,d1c1eb972d85b5605cb5db7c2c6bc30520ef1b725ec02f3d139c77d64d6a78a6,1307,2,3,-24469.164376124587
main_seed0,0,d1c1eb972d85b5605cb5db7c2c6bc30520ef1b725ec02f3d139c77d64d6a78a6,1307,3,3,-19255.346860364327
main_seed0,0,d1c1eb972d85b5605cb5db7c2c6bc30520ef1b725ec02f3d139c77d64d6a78a6,1308,1,3,-44277.68300334919
main_seed0,0,d1c1eb972d85b5605cb5db7c2c6bc30520ef1b725ec02f3d139c77d64d6a78a6,1308,2,3,-25967.8590874552
main_seed0,0,d1c1eb972d85b5605cb5db7c2c6bc30520ef1b725ec02f3d139c77d64d6a78a6,1308,3,3,-17446.561714913012
main_seed0,0,d1c1eb972d85b5605cb5db7c2c6bc30520ef1b725ec02f3d139c77d64d6a78a6,1309,1,3,-44384.44246979264
main_seed0,0,d1c1eb972d85b5605cb5db7c2c6bc30520ef1b725ec02f3d139c77d64d6a78a6,1309,2,3,-27140.51304397584
main_seed0,0,d1c1eb972d85b5605cb5db7c2c6bc30520ef1b725ec02f3d139c77d64d6a78a6,1309,3,3,-19658.97768001791
main_seed0,0,d1c1eb972d85b5605cb5db7c2c6bc30520ef1b725ec02f3d139c77d64d6a78a6,1310,1,3,-46677.35935241761
main_seed0,0,d1c1eb972d85b5605cb5db7c2c6bc30520ef1b725ec02f3d139c77d64d6a78a6,1310,2,3,-27468.47211153673
main_seed0,0,d1c1eb972d85b5605cb5db7c2c6bc30520ef1b725ec02f3d139c77d64d6a78a6,1310,3,3,-18251.615871113143
main_seed0,0,d1c1eb972d85b5605cb5db7c2c6bc30520ef1b725ec02f3d139c77d64d6a78a6,1311,1,3,-45825.71143080381
main_seed0,0,d1c1eb972d85b5605cb5db7c2c6bc30520ef1b725ec02f3d139c77d64d6a78a6,1311,2,3,-22463.81732645784
main_seed0,0,d1c1eb972d85b5605cb5db7c2c6bc30520ef1b725ec02f3d139c77d64d6a78a6,1311,3,3,-19872.63265808311
main_seed0,0,d1c1eb972d85b5605cb5db7c2c6bc30520ef1b725ec02f3d139c77d64d6a78a6,1312,1,3,-46173.49486763226
main_seed0,0,d1c1eb972d85b5605cb5db7c2c6bc30520ef1b725ec02f3d139c77d64d6a78a6,1312,2,3,-28027.75254366524
main_seed0,0,d1c1eb972d85b5605cb5db7c2c6bc30520ef1b725ec02f3d139c77d64d6a78a6,1312,3,3,-24551.763644822626
main_seed0,0,d1c1eb972d85b5605cb5db7c2c6bc30520ef1b725ec02f3d139c77d64d6a78a6,1313,1,3,-47065.00594504955
main_seed0,0,d1c1eb972d85b5605cb5db7c2c6bc30520ef1b725ec02f3d139c77d64d6a78a6,1313,2,3,-26185.011888141264
main_seed0,0,d1c1eb972d85b5605cb5db7c2c6bc30520ef1b725ec02f3d139c77d64d6a78a6,1313,3,3,-22124.04498825993
main_seed0,0,d1c1eb972d85b5605cb5db7c2c6bc30520ef1b725ec02f3d139c77d64d6a78a6,1314,1,3,-44706.53482115468
main_seed0,0,d1c1eb972d85b5605cb5db7c2c6bc30520ef1b725ec02f3d139c77d64d6a78a6,1314,2,3,-27146.779579896047
main_seed0,0,d1c1eb972d85b5605cb5db7c2c6bc30520ef1b725ec02f3d139c77d64d6a78a6,1314,3,3,-20247.44656983312
main_seed0,0,d1c1eb972d85b5605cb5db7c2c6bc30520ef1b725ec02f3d139c77d64d6a78a6,1315,1,3,-46829.71235417128
main_seed0,0,d1c1eb972d85b5605cb5db7c2c6bc30520ef1b725ec02f3d139c77d64d6a78a6,1315,2,3,-23301.768423792077
main_seed0,0,d1c1eb972d85b5605cb5db7c2c6bc30520ef1b725ec02f3d139c77d64d6a78a6,1315,3,3,-18125.01001918713
main_seed0,0,d1c1eb972d85b5605cb5db7c2c6bc30520ef1b725ec02f3d139c77d64d6a78a6,1316,1,3,-46554.90916776893
main_seed0,0,d1c1eb972d85b5605cb5db7c2c6bc30520ef1b725ec02f3d139c77d64d6a78a6,1316,2,3,-21722.96138347798
main_seed0,0,d1c1eb972d85b5605cb5db7c2c6bc30520ef1b725ec02f3d139c77d64d6a78a6,1316,3,3,-17502.69414534082
main_seed0,0,d1c1eb972d85b5605cb5db7c2c6bc30520ef1b725ec02f3d139c77d64d6a78a6,1317,1,3,-46426.8219192335
main_seed0,0,d1c1eb972d85b5605cb5db7c2c6bc30520ef1b725ec02f3d139c77d64d6a78a6,1317,2,3,-27760.511603526214
main_seed0,0,d1c1eb972d85b5605cb5db7c2c6bc30520ef1b725ec02f3d139c77d64d6a78a6,1317,3,3,-18642.94478443202
main_seed0,0,d1c1eb972d85b5605cb5db7c2c6bc30520ef1b725ec02f3d139c77d64d6a78a6,1318,1,3,-48309.43251788401
main_seed0,0,d1c1eb972d85b5605cb5db7c2c6bc30520ef1b725ec02f3d139c77d64d6a78a6,1318,2,3,-26310.744191564
main_seed0,0,d1c1eb972d85b5605cb5db7c2c6bc30520ef1b725ec02f3d139c77d64d6a78a6,1318,3,3,-17325.5776185242
main_seed0,0,d1c1eb972d85b5605cb5db7c2c6bc30520ef1b725ec02f3d139c77d64d6a78a6,1319,1,3,-47726.16030754647
main_seed0,0,d1c1eb972d85b5605cb5db7c2c6bc30520ef1b725ec02f3d139c77d64d6a78a6,1319,2,3,-26657.953151161517
main_seed0,0,d1c1eb972d85b5605cb5db7c2c6bc30520ef1b725ec02f3d139c77d64d6a78a6,1319,3,3,-18787.653050958008
main_seed0,0,d1c1eb972d85b5605cb5db7c2c6bc30520ef1b725ec02f3d139c77d64d6a78a6,1320,1,3,-45433.56234190645
main_seed0,0,d1c1eb972d85b5605cb5db7c2c6bc30520ef1b725ec02f3d139c77d64d6a78a6,1320,2,3,-25696.38609570536
main_seed0,0,d1c1eb972d85b5605cb5db7c2c6bc30520ef1b725ec02f3d139c77d64d6a78a6,1320,3,3,-19198.659631056453
main_seed0,0,d1c1eb972d85b5605cb5db7c2c6bc30520ef1b725ec02f3d139c77d64d6a78a6,1321,1,3,-46261.565791502704
main_seed0,0,d1c1eb972d85b5605cb5db7c2c6bc30520ef1b725ec02f3d139c77d64d6a78a6,1321,2,3,-28054.253160833417
main_seed0,0,d1c1eb972d85b5605cb5db7c2c6bc30520ef1b725ec02f3d139c77d64d6a78a6,1321,3,3,-19658.356611486983
main_seed0,0,d1c1eb972d85b5605cb5db7c2c6bc30520ef1b725ec02f3d139c77d64d6a78a6,1322,1,3,-44613.23690812381
main_seed0,0,d1c1eb972d85b5605cb5db7c2c6bc30520ef1b725ec02f3d139c77d64d6a78a6,1322,2,3,-22785.43231705296
main_seed0,0,d1c1eb972d85b5605cb5db7c2c6bc30520ef1b725ec02f3d139c77d64d6a78a6,1322,3,3,-21596.83784048753
main_seed0,0,d1c1eb972d85b5605cb5db7c2c6bc30520ef1b725ec02f3d139c77d64d6a78a6,1323,1,3,-45294.14289714684
main_seed0,0,d1c1eb972d85b5605cb5db7c2c6bc30520ef1b725ec02f3d139c77d64d6a78a6,1323,2,3,-24383.93176126253
main_seed0,0,d1c1eb972d85b5605cb5db7c2c6bc30520ef1b725ec02f3d139c77d64d6a78a6,1323,3,3,-17652.92799643828
main_seed0,0,d1c1eb972d85b5605cb5db7c2c6bc30520ef1b725ec02f3d139c77d64d6a78a6,1324,1,3,-46369.609474566365
main_seed0,0,d1c1eb972d85b5605cb5db7c2c6bc30520ef1b725ec02f3d139c77d64d6a78a6,1324,2,3,-23532.878739879347
main_seed0,0,d1c1eb972d85b5605cb5db7c2c6bc30520ef1b725ec02f3d139c77d64d6a78a6,1324,3,3,-19951.90647827689
main_seed0,0,d1c1eb972d85b5605cb5db7c2c6bc30520ef1b725ec02f3d139c77d64d6a78a6,1325,1,3,-44666.72451819462
main_seed0,0,d1c1eb972d85b5605cb5db7c2c6bc30520ef1b725ec02f3d139c77d64d6a78a6,1325,2,3,-32895.88896380141
main_seed0,0,d1c1eb972d85b5605cb5db7c2c6bc30520ef1b725ec02f3d139c77d64d6a78a6,1325,3,3,-18439.87249600338
main_seed0,0,d1c1eb972d85b5605cb5db7c2c6bc30520ef1b725ec02f3d139c77d64d6a78a6,1326,1,3,-44147.77352661244
main_seed0,0,d1c1eb972d85b5605cb5db7c2c6bc30520ef1b725ec02f3d139c77d64d6a78a6,1326,2,3,-23259.391430759504
main_seed0,0,d1c1eb972d85b5605cb5db7c2c6bc30520ef1b725ec02f3d139c77d64d6a78a6,1326,3,3,-18968.630704964933
main_seed0,0,d1c1eb972d85b5605cb5db7c2c6bc30520ef1b725ec02f3d139c77d64d6a78a6,1327,1,3,-48529.12129696151
main_seed0,0,d1c1eb972d85b5605cb5db7c2c6bc30520ef1b725ec02f3d139c77d64d6a78a6,1327,2,3,-34254.10289357946
main_seed0,0,d1c1eb972d85b5605cb5db7c2c6bc30520ef1b725ec02f3d139c77d64d6a78a6,1327,3,3,-17367.979258183732
main_seed0,0,d1c1eb972d85b5605cb5db7c2c6bc30520ef1b725ec02f3d139c77d64d6a78a6,1328,1,3,-43444.62060284009
main_seed0,0,d1c1eb972d85b5605cb5db7c2c6bc30520ef1b725ec02f3d139c77d64d6a78a6,1328,2,3,-23475.52288952493
main_seed0,0,d1c1eb972d85b5605cb5db7c2c6bc30520ef1b725ec02f3d139c77d64d6a78a6,1328,3,3,-20180.601228392083
main_seed0,0,d1c1eb972d85b5605cb5db7c2c6bc30520ef1b725ec02f3d139c77d64d6a78a6,1329,1,3,-45849.57486183076
main_seed0,0,d1c1eb972d85b5605cb5db7c2c6bc30520ef1b725ec02f3d139c77d64d6a78a6,1329,2,3,-23690.20343292
main_seed0,0,d1c1eb972d85b5605cb5db7c2c6bc30520ef1b725ec02f3d139c77d64d6a78a6,1329,3,3,-18790.710589279654
main_seed0,0,d1c1eb972d85b5605cb5db7c2c6bc30520ef1b725ec02f3d139c77d64d6a78a6,1330,1,3,-46297.47284978953
main_seed0,0,d1c1eb972d85b5605cb5db7c2c6bc30520ef1b725ec02f3d139c77d64d6a78a6,1330,2,3,-30398.87226507539
main_seed0,0,d1c1eb972d85b5605cb5db7c2c6bc30520ef1b725ec02f3d139c77d64d6a78a6,1330,3,3,-19143.653888407272
main_seed0,0,d1c1eb972d85b5605cb5db7c2c6bc30520ef1b725ec02f3d139c77d64d6a78a6,1331,1,3,-44984.09562562147
main_seed0,0,d1c1eb972d85b5605cb5db7c2c6bc30520ef1b725ec02f3d139c77d64d6a78a6,1331,2,3,-24929.851556594764
main_seed0,0,d1c1eb972d85b5605cb5db7c2c6bc30520ef1b725ec02f3d139c77d64d6a78a6,1331,3,3,-17962.617605004896
main_seed0,0,d1c1eb972d85b5605cb5db7c2c6bc30520ef1b725ec02f3d139c77d64d6a78a6,1332,1,3,-49569.18077076851
main_seed0,0,d1c1eb972d85b5605cb5db7c2c6bc30520ef1b725ec02f3d139c77d64d6a78a6,1332,2,3,-26690.788806021763
main_seed0,0,d1c1eb972d85b5605cb5db7c2c6bc30520ef1b725ec02f3d139c77d64d6a78a6,1332,3,3,-19363.380548566834
main_seed0,0,d1c1eb972d85b5605cb5db7c2c6bc30520ef1b725ec02f3d139c77d64d6a78a6,1333,1,3,-47415.56719333716
main_seed0,0,d1c1eb972d85b5605cb5db7c2c6bc30520ef1b725ec02f3d139c77d64d6a78a6,1333,2,3,-27889.56154367119
main_seed0,0,d1c1eb972d85b5605cb5db7c2c6bc30520ef1b725ec02f3d139c77d64d6a78a6,1333,3,3,-19494.58169001014
main_seed0,0,d1c1eb972d85b5605cb5db7c2c6bc30520ef1b725ec02f3d139c77d64d6a78a6,1334,1,3,-50237.06659391796
main_seed0,0,d1c1eb972d85b5605cb5db7c2c6bc30520ef1b725ec02f3d139c77d64d6a78a6,1334,2,3,-22607.45492202531
main_seed0,0,d1c1eb972d85b5605cb5db7c2c6bc30520ef1b725ec02f3d139c77d64d6a78a6,1334,3,3,-17493.968431314028
main_seed0,0,d1c1eb972d85b5605cb5db7c2c6bc30520ef1b725ec02f3d139c77d64d6a78a6,1335,1,3,-46667.99257842515
main_seed0,0,d1c1eb972d85b5605cb5db7c2c6bc30520ef1b725ec02f3d139c77d64d6a78a6,1335,2,3,-22338.350034083996
main_seed0,0,d1c1eb972d85b5605cb5db7c2c6bc30520ef1b725ec02f3d139c77d64d6a78a6,1335,3,3,-18568.161407065287
main_seed0,0,d1c1eb972d85b5605cb5db7c2c6bc30520ef1b725ec02f3d139c77d64d6a78a6,1336,1,3,-47246.52697710502
main_seed0,0,d1c1eb972d85b5605cb5db7c2c6bc30520ef1b725ec02f3d139c77d64d6a78a6,1336,2,3,-22771.13334722064
main_seed0,0,d1c1eb972d85b5605cb5db7c2c6bc30520ef1b725ec02f3d139c77d64d6a78a6,1336,3,3,-19981.45424382478
main_seed0,0,d1c1eb972d85b5605cb5db7c2c6bc30520ef1b725ec02f3d139c77d64d6a78a6,1337,1,3,-45795.35058254768
main_seed0,0,d1c1eb972d85b5605cb5db7c2c6bc30520ef1b725ec02f3d139c77d64d6a78a6,1337,2,3,-24529.9138926447
main_seed0,0,d1c1eb972d85b5605cb5db7c2c6bc30520ef1b725ec02f3d139c77d64d6a78a6,1337,3,3,-19177.87296283601
main_seed0,0,d1c1eb972d85b5605cb5db7c2c6bc30520ef1b725ec02f3d139c77d64d6a78a6,1338,1,3,-44318.31233773628
main_seed0,0,d1c1eb972d85b5605cb5db7c2c6bc30520ef1b725ec02f3d139c77d64d6a78a6,1338,2,3,-23637.05226858626
main_seed0,0,d1c1eb972d85b5605cb5db7c2c6bc30520ef1b725ec02f3d139c77d64d6a78a6,1338,3,3,-18543.73557753928
main_seed0,0,d1c1eb972d85b5605cb5db7c2c6bc30520ef1b725ec02f3d139c77d64d6a78a6,1339,1,3,-46634.746571289885
main_seed0,0,d1c1eb972d85b5605cb5db7c2c6bc30520ef1b725ec02f3d139c77d64d6a78a6,1339,2,3,-23508.78581105182
main_seed0,0,d1c1eb972d85b5605cb5db7c2c6bc30520ef1b725ec02f3d139c77d64d6a78a6,1339,3,3,-19537.542164132148
main_seed0,0,d1c1eb972d85b5605cb5db7c2c6bc30520ef1b725ec02f3d139c77d64d6a78a6,1340,1,3,-45465.54327107087
main_seed0,0,d1c1eb972d85b5605cb5db7c2c6bc30520ef1b725ec02f3d139c77d64d6a78a6,1340,2,3,-23451.35420223977
main_seed0,0,d1c1eb972d85b5605cb5db7c2c6bc30520ef1b725ec02f3d139c77d64d6a78a6,1340,3,3,-21665.00793851125
main_seed0,0,d1c1eb972d85b5605cb5db7c2c6bc30520ef1b725ec02f3d139c77d64d6a78a6,1341,1,3,-45963.567562786746
main_seed0,0,d1c1eb972d85b5605cb5db7c2c6bc30520ef1b725ec02f3d139c77d64d6a78a6,1341,2,3,-20059.56305355153
main_seed0,0,d1c1eb972d85b5605cb5db7c2c6bc30520ef1b725ec02f3d139c77d64d6a78a6,1341,3,3,-19078.088912738414
main_seed0,0,d1c1eb972d85b5605cb5db7c2c6bc30520ef1b725ec02f3d139c77d64d6a78a6,1342,1,3,-46004.12210744576
main_seed0,0,d1c1eb972d85b5605cb5db7c2c6bc30520ef1b725ec02f3d139c77d64d6a78a6,1342,2,3,-21607.48017205444
main_seed0,0,d1c1eb972d85b5605cb5db7c2c6bc30520ef1b725ec02f3d139c77d64d6a78a6,1342,3,3,-18750.23899810366
main_seed0,0,d1c1eb972d85b5605cb5db7c2c6bc30520ef1b725ec02f3d139c77d64d6a78a6,1343,1,3,-48180.28651474498
main_seed0,0,d1c1eb972d85b5605cb5db7c2c6bc30520ef1b725ec02f3d139c77d64d6a78a6,1343,2,3,-24278.96366799085
main_seed0,0,d1c1eb972d85b5605cb5db7c2c6bc30520ef1b725ec02f3d139c77d64d6a78a6,1343,3,3,-20459.822052723204
main_seed0,0,d1c1eb972d85b5605cb5db7c2c6bc30520ef1b725ec02f3d139c77d64d6a78a6,1344,1,3,-47206.00822137918
main_seed0,0,d1c1eb972d85b5605cb5db7c2c6bc30520ef1b725ec02f3d139c77d64d6a78a6,1344,2,3,-27626.02587962044
main_seed0,0,d1c1eb972d85b5605cb5db7c2c6bc30520ef1b725ec02f3d139c77d64d6a78a6,1344,3,3,-19127.13054572665
main_seed0,0,d1c1eb972d85b5605cb5db7c2c6bc30520ef1b725ec02f3d139c77d64d6a78a6,1345,1,3,-45416.108499896975
main_seed0,0,d1c1eb972d85b5605cb5db7c2c6bc30520ef1b725ec02f3d139c77d64d6a78a6,1345,2,3,-28131.86515991677
main_seed0,0,d1c1eb972d85b5605cb5db7c2c6bc30520ef1b725ec02f3d139c77d64d6a78a6,1345,3,3,-19420.539851120622
main_seed0,0,d1c1eb972d85b5605cb5db7c2c6bc30520ef1b725ec02f3d139c77d64d6a78a6,1346,1,3,-50456.59263777734
main_seed0,0,d1c1eb972d85b5605cb5db7c2c6bc30520ef1b725ec02f3d139c77d64d6a78a6,1346,2,3,-24693.4428459691
main_seed0,0,d1c1eb972d85b5605cb5db7c2c6bc30520ef1b725ec02f3d139c77d64d6a78a6,1346,3,3,-18027.986142689955
main_seed0,0,d1c1eb972d85b5605cb5db7c2c6bc30520ef1b725ec02f3d139c77d64d6a78a6,1347,1,3,-46272.50267757033
main_seed0,0,d1c1eb972d85b5605cb5db7c2c6bc30520ef1b725ec02f3d139c77d64d6a78a6,1347,2,3,-20643.30358338288
main_seed0,0,d1c1eb972d85b5605cb5db7c2c6bc30520ef1b725ec02f3d139c77d64d6a78a6,1347,3,3,-18300.148351589636
main_seed0,0,d1c1eb972d85b5605cb5db7c2c6bc30520ef1b725ec02f3d139c77d64d6a78a6,1348,1,3,-45169.218166746745
main_seed0,0,d1c1eb972d85b5605cb5db7c2c6bc30520ef1b725ec02f3d139c77d64d6a78a6,1348,2,3,-24285.087995741076
main_seed0,0,d1c1eb972d85b5605cb5db7c2c6bc30520ef1b725ec02f3d139c77d64d6a78a6,1348,3,3,-20151.2708429858
main_seed0,0,d1c1eb972d85b5605cb5db7c2c6bc30520ef1b725ec02f3d139c77d64d6a78a6,1349,1,3,-44537.80168270331
main_seed0,0,d1c1eb972d85b5605cb5db7c2c6bc30520ef1b725ec02f3d139c77d64d6a78a6,1349,2,3,-30406.410269113552
main_seed0,0,d1c1eb972d85b5605cb5db7c2c6bc30520ef1b725ec02f3d139c77d64d6a78a6,1349,3,3,-18083.950535871238
main_seed0,0,d1c1eb972d85b5605cb5db7c2c6bc30520ef1b725ec02f3d139c77d64d6a78a6,1350,1,3,-44125.30946606566
main_seed0,0,d1c1eb972d85b5605cb5db7c2c6bc30520ef1b725ec02f3d139c77d64d6a78a6,1350,2,3,-27744.10318333317
main_seed0,0,d1c1eb972d85b5605cb5db7c2c6bc30520ef1b725ec02f3d139c77d64d6a78a6,1350,3,3,-22107.784022623728
main_seed0,0,d1c1eb972d85b5605cb5db7c2c6bc30520ef1b725ec02f3d139c77d64d6a78a6,1351,1,3,-47657.86208026066
main_seed0,0,d1c1eb972d85b5605cb5db7c2c6bc30520ef1b725ec02f3d139c77d64d6a78a6,1351,2,3,-21904.3462401778
main_seed0,0,d1c1eb972d85b5605cb5db7c2c6bc30520ef1b725ec02f3d139c77d64d6a78a6,1351,3,3,-19042.675963796803
main_seed0,0,d1c1eb972d85b5605cb5db7c2c6bc30520ef1b725ec02f3d139c77d64d6a78a6,1352,1,3,-46637.83655173961
main_seed0,0,d1c1eb972d85b5605cb5db7c2c6bc30520ef1b725ec02f3d139c77d64d6a78a6,1352,2,3,-22653.908287758783
main_seed0,0,d1c1eb972d85b5605cb5db7c2c6bc30520ef1b725ec02f3d139c77d64d6a78a6,1352,3,3,-19940.172057996104
main_seed0,0,d1c1eb972d85b5605cb5db7c2c6bc30520ef1b725ec02f3d139c77d64d6a78a6,1353,1,3,-48410.13118040936
main_seed0,0,d1c1eb972d85b5605cb5db7c2c6bc30520ef1b725ec02f3d139c77d64d6a78a6,1353,2,3,-26506.6968662544
main_seed0,0,d1c1eb972d85b5605cb5db7c2c6bc30520ef1b725ec02f3d139c77d64d6a78a6,1353,3,3,-17876.65352699573
main_seed0,0,d1c1eb972d85b5605cb5db7c2c6bc30520ef1b725ec02f3d139c77d64d6a78a6,1354,1,3,-46237.48211648478
main_seed0,0,d1c1eb972d85b5605cb5db7c2c6bc30520ef1b725ec02f3d139c77d64d6a78a6,1354,2,3,-25500.470115895278
main_seed0,0,d1c1eb972d85b5605cb5db7c2c6bc30520ef1b725ec02f3d139c77d64d6a78a6,1354,3,3,-19503.44577840739
main_seed0,0,d1c1eb972d85b5605cb5db7c2c6bc30520ef1b725ec02f3d139c77d64d6a78a6,1355,1,3,-47998.3808733024
main_seed0,0,d1c1eb972d85b5605cb5db7c2c6bc30520ef1b725ec02f3d139c77d64d6a78a6,1355,2,3,-23488.0035824446
main_seed0,0,d1c1eb972d85b5605cb5db7c2c6bc30520ef1b725ec02f3d139c77d64d6a78a6,1355,3,3,-19723.547793197948
main_seed0,0,d1c1eb972d85b5605cb5db7c2c6bc30520ef1b725ec02f3d139c77d64d6a78a6,1356,1,3,-47909.248531207806
main_seed0,0,d1c1eb972d85b5605cb5db7c2c6bc30520ef1b725ec02f3d139c77d64d6a78a6,1356,2,3,-26559.83553685479
main_seed0,0,d1c1eb972d85b5605cb5db7c2c6bc30520ef1b725ec02f3d139c77d64d6a78a6,1356,3,3,-20234.16202467688
main_seed0,0,d1c1eb972d85b5605cb5db7c2c6bc30520ef1b725ec02f3d139c77d64d6a78a6,1357,1,3,-46096.71407184584
main_seed0,0,d1c1eb972d85b5605cb5db7c2c6bc30520ef1b725ec02f3d139c77d64d6a78a6,1357,2,3,-26143.13100054189
main_seed0,0,d1c1eb972d85b5605cb5db7c2c6bc30520ef1b725ec02f3d139c77d64d6a78a6,1357,3,3,-21053.38319701661
main_seed0,0,d1c1eb972d85b5605cb5db7c2c6bc30520ef1b725ec02f3d139c77d64d6a78a6,1358,1,3,-46870.43549289554
main_seed0,0,d1c1eb972d85b5605cb5db7c2c6bc30520ef1b725ec02f3d139c77d64d6a78a6,1358,2,3,-22898.189779953354
main_seed0,0,d1c1eb972d85b5605cb5db7c2c6bc30520ef1b725ec02f3d139c77d64d6a78a6,1358,3,3,-17673.24012048639
main_seed0,0,d1c1eb972d85b5605cb5db7c2c6bc30520ef1b725ec02f3d139c77d64d6a78a6,1359,1,3,-48794.84967537032
main_seed0,0,d1c1eb972d85b5605cb5db7c2c6bc30520ef1b725ec02f3d139c77d64d6a78a6,1359,2,3,-24500.11774627433
main_seed0,0,d1c1eb972d85b5605cb5db7c2c6bc30520ef1b725ec02f3d139c77d64d6a78a6,1359,3,3,-19330.81925750811
main_seed0,0,d1c1eb972d85b5605cb5db7c2c6bc30520ef1b725ec02f3d139c77d64d6a78a6,1360,1,3,-45563.70082394166
main_seed0,0,d1c1eb972d85b5605cb5db7c2c6bc30520ef1b725ec02f3d139c77d64d6a78a6,1360,2,3,-24543.56336267512
main_seed0,0,d1c1eb972d85b5605cb5db7c2c6bc30520ef1b725ec02f3d139c77d64d6a78a6,1360,3,3,-19896.542208857467
main_seed0,0,d1c1eb972d85b5605cb5db7c2c6bc30520ef1b725ec02f3d139c77d64d6a78a6,1361,1,3,-47480.37441787444
main_seed0,0,d1c1eb972d85b5605cb5db7c2c6bc30520ef1b725ec02f3d139c77d64d6a78a6,1361,2,3,-20771.570567244496
main_seed0,0,d1c1eb972d85b5605cb5db7c2c6bc30520ef1b725ec02f3d139c77d64d6a78a6,1361,3,3,-17481.712380534154
main_seed0,0,d1c1eb972d85b5605cb5db7c2c6bc30520ef1b725ec02f3d139c77d64d6a78a6,1362,1,3,-44474.91529990683
main_seed0,0,d1c1eb972d85b5605cb5db7c2c6bc30520ef1b725ec02f3d139c77d64d6a78a6,1362,2,3,-21318.42884553202
main_seed0,0,d1c1eb972d85b5605cb5db7c2c6bc30520ef1b725ec02f3d139c77d64d6a78a6,1362,3,3,-19486.964835840223
main_seed0,0,d1c1eb972d85b5605cb5db7c2c6bc30520ef1b725ec02f3d139c77d64d6a78a6,1363,1,3,-47754.35417298453
main_seed0,0,d1c1eb972d85b5605cb5db7c2c6bc30520ef1b725ec02f3d139c77d64d6a78a6,1363,2,3,-26534.886931702116
main_seed0,0,d1c1eb972d85b5605cb5db7c2c6bc30520ef1b725ec02f3d139c77d64d6a78a6,1363,3,3,-20186.42624694908
main_seed0,0,d1c1eb972d85b5605cb5db7c2c6bc30520ef1b725ec02f3d139c77d64d6a78a6,1364,1,3,-47615.16485397959
main_seed0,0,d1c1eb972d85b5605cb5db7c2c6bc30520ef1b725ec02f3d139c77d64d6a78a6,1364,2,3,-21213.7498780913
main_seed0,0,d1c1eb972d85b5605cb5db7c2c6bc30520ef1b725ec02f3d139c77d64d6a78a6,1364,3,3,-17393.91577541615
main_seed0,0,d1c1eb972d85b5605cb5db7c2c6bc30520ef1b725ec02f3d139c77d64d6a78a6,1365,1,3,-46096.35560297035
main_seed0,0,d1c1eb972d85b5605cb5db7c2c6bc30520ef1b725ec02f3d139c77d64d6a78a6,1365,2,3,-21383.140527029696
main_seed0,0,d1c1eb972d85b5605cb5db7c2c6bc30520ef1b725ec02f3d139c77d64d6a78a6,1365,3,3,-20107.17883726983
main_seed0,0,d1c1eb972d85b5605cb5db7c2c6bc30520ef1b725ec02f3d139c77d64d6a78a6,1366,1,3,-44193.43303888115
main_seed0,0,d1c1eb972d85b5605cb5db7c2c6bc30520ef1b725ec02f3d139c77d64d6a78a6,1366,2,3,-23833.18488447267
main_seed0,0,d1c1eb972d85b5605cb5db7c2c6bc30520ef1b725ec02f3d139c77d64d6a78a6,1366,3,3,-17848.97441321738
main_seed0,0,d1c1eb972d85b5605cb5db7c2c6bc30520ef1b725ec02f3d139c77d64d6a78a6,1367,1,3,-45433.68643321405
main_seed0,0,d1c1eb972d85b5605cb5db7c2c6bc30520ef1b725ec02f3d139c77d64d6a78a6,1367,2,3,-23699.667494050547
main_seed0,0,d1c1eb972d85b5605cb5db7c2c6bc30520ef1b725ec02f3d139c77d64d6a78a6,1367,3,3,-17996.67496811849
main_seed0,0,d1c1eb972d85b5605cb5db7c2c6bc30520ef1b725ec02f3d139c77d64d6a78a6,1368,1,3,-45748.01033144048
main_seed0,0,d1c1eb972d85b5605cb5db7c2c6bc30520ef1b725ec02f3d139c77d64d6a78a6,1368,2,3,-25830.15352925303
main_seed0,0,d1c1eb972d85b5605cb5db7c2c6bc30520ef1b725ec02f3d139c77d64d6a78a6,1368,3,3,-18398.789084124688
main_seed0,0,d1c1eb972d85b5605cb5db7c2c6bc30520ef1b725ec02f3d139c77d64d6a78a6,1369,1,3,-46072.43416302278
main_seed0,0,d1c1eb972d85b5605cb5db7c2c6bc30520ef1b725ec02f3d139c77d64d6a78a6,1369,2,3,-24785.26561756388
main_seed0,0,d1c1eb972d85b5605cb5db7c2c6bc30520ef1b725ec02f3d139c77d64d6a78a6,1369,3,3,-19933.874811671336
main_seed0,0,d1c1eb972d85b5605cb5db7c2c6bc30520ef1b725ec02f3d139c77d64d6a78a6,1370,1,3,-45799.4509125664
main_seed0,0,d1c1eb972d85b5605cb5db7c2c6bc30520ef1b725ec02f3d139c77d64d6a78a6,1370,2,3,-23369.605495356736
main_seed0,0,d1c1eb972d85b5605cb5db7c2c6bc30520ef1b725ec02f3d139c77d64d6a78a6,1370,3,3,-19868.614818976832
main_seed0,0,d1c1eb972d85b5605cb5db7c2c6bc30520ef1b725ec02f3d139c77d64d6a78a6,1371,1,3,-46391.21983810327
main_seed0,0,d1c1eb972d85b5605cb5db7c2c6bc30520ef1b725ec02f3d139c77d64d6a78a6,1371,2,3,-29505.683853206174
main_seed0,0,d1c1eb972d85b5605cb5db7c2c6bc30520ef1b725ec02f3d139c77d64d6a78a6,1371,3,3,-19518.99894519493
main_seed0,0,d1c1eb972d85b5605cb5db7c2c6bc30520ef1b725ec02f3d139c77d64d6a78a6,1372,1,3,-45299.85717309437
main_seed0,0,d1c1eb972d85b5605cb5db7c2c6bc30520ef1b725ec02f3d139c77d64d6a78a6,1372,2,3,-23575.82467463243
main_seed0,0,d1c1eb972d85b5605cb5db7c2c6bc30520ef1b725ec02f3d139c77d64d6a78a6,1372,3,3,-18162.28041047568
main_seed0,0,d1c1eb972d85b5605cb5db7c2c6bc30520ef1b725ec02f3d139c77d64d6a78a6,1373,1,3,-47462.569562087214
main_seed0,0,d1c1eb972d85b5605cb5db7c2c6bc30520ef1b725ec02f3d139c77d64d6a78a6,1373,2,3,-24365.547516328323
main_seed0,0,d1c1eb972d85b5605cb5db7c2c6bc30520ef1b725ec02f3d139c77d64d6a78a6,1373,3,3,-21359.715225203545
main_seed0,0,d1c1eb972d85b5605cb5db7c2c6bc30520ef1b725ec02f3d139c77d64d6a78a6,1374,1,3,-47283.53217975224
main_seed0,0,d1c1eb972d85b5605cb5db7c2c6bc30520ef1b725ec02f3d139c77d64d6a78a6,1374,2,3,-23260.175730963656
main_seed0,0,d1c1eb972d85b5605cb5db7c2c6bc30520ef1b725ec02f3d139c77d64d6a78a6,1374,3,3,-20960.69589528437
main_seed0,0,d1c1eb972d85b5605cb5db7c2c6bc30520ef1b725ec02f3d139c77d64d6a78a6,1375,1,3,-45272.79183938896
main_seed0,0,d1c1eb972d85b5605cb5db7c2c6bc30520ef1b725ec02f3d139c77d64d6a78a6,1375,2,3,-27609.283659280525
main_seed0,0,d1c1eb972d85b5605cb5db7c2c6bc30520ef1b725ec02f3d139c77d64d6a78a6,1375,3,3,-19178.489821798743
main_seed0,0,d1c1eb972d85b5605cb5db7c2c6bc30520ef1b725ec02f3d139c77d64d6a78a6,1376,1,3,-45183.21164428846
main_seed0,0,d1c1eb972d85b5605cb5db7c2c6bc30520ef1b725ec02f3d139c77d64d6a78a6,1376,2,3,-24998.3140016533
main_seed0,0,d1c1eb972d85b5605cb5db7c2c6bc30520ef1b725ec02f3d139c77d64d6a78a6,1376,3,3,-18402.542293272265
main_seed0,0,d1c1eb972d85b5605cb5db7c2c6bc30520ef1b725ec02f3d139c77d64d6a78a6,1377,1,3,-45311.91819018438
main_seed0,0,d1c1eb972d85b5605cb5db7c2c6bc30520ef1b725ec02f3d139c77d64d6a78a6,1377,2,3,-24853.080763823284
main_seed0,0,d1c1eb972d85b5605cb5db7c2c6bc30520ef1b725ec02f3d139c77d64d6a78a6,1377,3,3,-17298.415984739353
main_seed0,0,d1c1eb972d85b5605cb5db7c2c6bc30520ef1b725ec02f3d139c77d64d6a78a6,1378,1,3,-46087.3380181078
main_seed0,0,d1c1eb972d85b5605cb5db7c2c6bc30520ef1b725ec02f3d139c77d64d6a78a6,1378,2,3,-18231.864358457
main_seed0,0,d1c1eb972d85b5605cb5db7c2c6bc30520ef1b725ec02f3d139c77d64d6a78a6,1378,3,3,-17961.956721585957
main_seed0,0,d1c1eb972d85b5605cb5db7c2c6bc30520ef1b725ec02f3d139c77d64d6a78a6,1379,1,3,-45973.16851719117
main_seed0,0,d1c1eb972d85b5605cb5db7c2c6bc30520ef1b725ec02f3d139c77d64d6a78a6,1379,2,3,-29904.49107185896
main_seed0,0,d1c1eb972d85b5605cb5db7c2c6bc30520ef1b725ec02f3d139c77d64d6a78a6,1379,3,3,-19975.001779638427
main_seed0,0,d1c1eb972d85b5605cb5db7c2c6bc30520ef1b725ec02f3d139c77d64d6a78a6,1380,1,3,-46051.29228775917
main_seed0,0,d1c1eb972d85b5605cb5db7c2c6bc30520ef1b725ec02f3d139c77d64d6a78a6,1380,2,3,-22053.72231696934
main_seed0,0,d1c1eb972d85b5605cb5db7c2c6bc30520ef1b725ec02f3d139c77d64d6a78a6,1380,3,3,-18399.64146842128
main_seed0,0,d1c1eb972d85b5605cb5db7c2c6bc30520ef1b725ec02f3d139c77d64d6a78a6,1381,1,3,-43624.61658313111
main_seed0,0,d1c1eb972d85b5605cb5db7c2c6bc30520ef1b725ec02f3d139c77d64d6a78a6,1381,2,3,-23058.27494450937
main_seed0,0,d1c1eb972d85b5605cb5db7c2c6bc30520ef1b725ec02f3d139c77d64d6a78a6,1381,3,3,-22766.29209945086
main_seed0,0,d1c1eb972d85b5605cb5db7c2c6bc30520ef1b725ec02f3d139c77d64d6a78a6,1382,1,3,-47162.380213181415
main_seed0,0,d1c1eb972d85b5605cb5db7c2c6bc30520ef1b725ec02f3d139c77d64d6a78a6,1382,2,3,-25981.798621194208
main_seed0,0,d1c1eb972d85b5605cb5db7c2c6bc30520ef1b725ec02f3d139c77d64d6a78a6,1382,3,3,-17802.57970067134
main_seed0,0,d1c1eb972d85b5605cb5db7c2c6bc30520ef1b725ec02f3d139c77d64d6a78a6,1383,1,3,-46660.563534696965
main_seed0,0,d1c1eb972d85b5605cb5db7c2c6bc30520ef1b725ec02f3d139c77d64d6a78a6,1383,2,3,-22681.995350111338
main_seed0,0,d1c1eb972d85b5605cb5db7c2c6bc30520ef1b725ec02f3d139c77d64d6a78a6,1383,3,3,-19502.840987428965
main_seed0,0,d1c1eb972d85b5605cb5db7c2c6bc30520ef1b725ec02f3d139c77d64d6a78a6,1384,1,3,-46024.643239222845
main_seed0,0,d1c1eb972d85b5605cb5db7c2c6bc30520ef1b725ec02f3d139c77d64d6a78a6,1384,2,3,-27200.110004343103
main_seed0,0,d1c1eb972d85b5605cb5db7c2c6bc30520ef1b725ec02f3d139c77d64d6a78a6,1384,3,3,-19181.70835925197
main_seed0,0,d1c1eb972d85b5605cb5db7c2c6bc30520ef1b725ec02f3d139c77d64d6a78a6,1385,1,3,-44457.79651006685
main_seed0,0,d1c1eb972d85b5605cb5db7c2c6bc30520ef1b725ec02f3d139c77d64d6a78a6,1385,2,3,-25385.19655903957
main_seed0,0,d1c1eb972d85b5605cb5db7c2c6bc30520ef1b725ec02f3d139c77d64d6a78a6,1385,3,3,-21678.66745080291
main_seed0,0,d1c1eb972d85b5605cb5db7c2c6bc30520ef1b725ec02f3d139c77d64d6a78a6,1386,1,3,-45075.16799583048
main_seed0,0,d1c1eb972d85b5605cb5db7c2c6bc30520ef1b725ec02f3d139c77d64d6a78a6,1386,2,3,-23428.145773585435
main_seed0,0,d1c1eb972d85b5605cb5db7c2c6bc30520ef1b725ec02f3d139c77d64d6a78a6,1386,3,3,-17428.27169293478
main_seed0,0,d1c1eb972d85b5605cb5db7c2c6bc30520ef1b725ec02f3d139c77d64d6a78a6,1387,1,3,-44677.37724055681
main_seed0,0,d1c1eb972d85b5605cb5db7c2c6bc30520ef1b725ec02f3d139c77d64d6a78a6,1387,2,3,-27204.215264986706
main_seed0,0,d1c1eb972d85b5605cb5db7c2c6bc30520ef1b725ec02f3d139c77d64d6a78a6,1387,3,3,-19414.1772363663
main_seed0,0,d1c1eb972d85b5605cb5db7c2c6bc30520ef1b725ec02f3d139c77d64d6a78a6,1388,1,3,-46182.912499787926
main_seed0,0,d1c1eb972d85b5605cb5db7c2c6bc30520ef1b725ec02f3d139c77d64d6a78a6,1388,2,3,-23269.6116797042
main_seed0,0,d1c1eb972d85b5605cb5db7c2c6bc30520ef1b725ec02f3d139c77d64d6a78a6,1388,3,3,-19455.762823982965
main_seed0,0,d1c1eb972d85b5605cb5db7c2c6bc30520ef1b725ec02f3d139c77d64d6a78a6,1389,1,3,-49144.648850295365
main_seed0,0,d1c1eb972d85b5605cb5db7c2c6bc30520ef1b725ec02f3d139c77d64d6a78a6,1389,2,3,-26206.081874678945
main_seed0,0,d1c1eb972d85b5605cb5db7c2c6bc30520ef1b725ec02f3d139c77d64d6a78a6,1389,3,3,-19089.187040057157
main_seed0,0,d1c1eb972d85b5605cb5db7c2c6bc30520ef1b725ec02f3d139c77d64d6a78a6,1390,1,3,-43545.36705652995
main_seed0,0,d1c1eb972d85b5605cb5db7c2c6bc30520ef1b725ec02f3d139c77d64d6a78a6,1390,2,3,-24488.2088243467
main_seed0,0,d1c1eb972d85b5605cb5db7c2c6bc30520ef1b725ec02f3d139c77d64d6a78a6,1390,3,3,-20523.754893871104
main_seed0,0,d1c1eb972d85b5605cb5db7c2c6bc30520ef1b725ec02f3d139c77d64d6a78a6,1391,1,3,-49530.32601312097
main_seed0,0,d1c1eb972d85b5605cb5db7c2c6bc30520ef1b725ec02f3d139c77d64d6a78a6,1391,2,3,-25194.78865011157
main_seed0,0,d1c1eb972d85b5605cb5db7c2c6bc30520ef1b725ec02f3d139c77d64d6a78a6,1391,3,3,-17610.33803623188
main_seed0,0,d1c1eb972d85b5605cb5db7c2c6bc30520ef1b725ec02f3d139c77d64d6a78a6,1392,1,3,-45775.03808972338
main_seed0,0,d1c1eb972d85b5605cb5db7c2c6bc30520ef1b725ec02f3d139c77d64d6a78a6,1392,2,3,-25252.40628856053
main_seed0,0,d1c1eb972d85b5605cb5db7c2c6bc30520ef1b725ec02f3d139c77d64d6a78a6,1392,3,3,-17470.91976408349
main_seed0,0,d1c1eb972d85b5605cb5db7c2c6bc30520ef1b725ec02f3d139c77d64d6a78a6,1393,1,3,-45683.64797938087
main_seed0,0,d1c1eb972d85b5605cb5db7c2c6bc30520ef1b725ec02f3d139c77d64d6a78a6,1393,2,3,-23965.169868081783
main_seed0,0,d1c1eb972d85b5605cb5db7c2c6bc30520ef1b725ec02f3d139c77d64d6a78a6,1393,3,3,-19910.262346512856
main_seed0,0,d1c1eb972d85b5605cb5db7c2c6bc30520ef1b725ec02f3d139c77d64d6a78a6,1394,1,3,-46941.28898625079
main_seed0,0,d1c1eb972d85b5605cb5db7c2c6bc30520ef1b725ec02f3d139c77d64d6a78a6,1394,2,3,-25477.45567440511
main_seed0,0,d1c1eb972d85b5605cb5db7c2c6bc30520ef1b725ec02f3d139c77d64d6a78a6,1394,3,3,-17628.367576360004
main_seed0,0,d1c1eb972d85b5605cb5db7c2c6bc30520ef1b725ec02f3d139c77d64d6a78a6,1395,1,3,-46561.76562288187
main_seed0,0,d1c1eb972d85b5605cb5db7c2c6bc30520ef1b725ec02f3d139c77d64d6a78a6,1395,2,3,-26051.25133723373
main_seed0,0,d1c1eb972d85b5605cb5db7c2c6bc30520ef1b725ec02f3d139c77d64d6a78a6,1395,3,3,-18954.198860859186
main_seed0,0,d1c1eb972d85b5605cb5db7c2c6bc30520ef1b725ec02f3d139c77d64d6a78a6,1396,1,3,-45306.84180235713
main_seed0,0,d1c1eb972d85b5605cb5db7c2c6bc30520ef1b725ec02f3d139c77d64d6a78a6,1396,2,3,-21971.040478010505
main_seed0,0,d1c1eb972d85b5605cb5db7c2c6bc30520ef1b725ec02f3d139c77d64d6a78a6,1396,3,3,-19054.996919317386
main_seed0,0,d1c1eb972d85b5605cb5db7c2c6bc30520ef1b725ec02f3d139c77d64d6a78a6,1397,1,3,-48296.85794148287
main_seed0,0,d1c1eb972d85b5605cb5db7c2c6bc30520ef1b725ec02f3d139c77d64d6a78a6,1397,2,3,-24150.79340414733
main_seed0,0,d1c1eb972d85b5605cb5db7c2c6bc30520ef1b725ec02f3d139c77d64d6a78a6,1397,3,3,-20194.367254370605
main_seed0,0,d1c1eb972d85b5605cb5db7c2c6bc30520ef1b725ec02f3d139c77d64d6a78a6,1398,1,3,-47603.70292668225
main_seed0,0,d1c1eb972d85b5605cb5db7c2c6bc30520ef1b725ec02f3d139c77d64d6a78a6,1398,2,3,-27151.78966959077
main_seed0,0,d1c1eb972d85b5605cb5db7c2c6bc30520ef1b725ec02f3d139c77d64d6a78a6,1398,3,3,-20702.95704477853
main_seed0,0,d1c1eb972d85b5605cb5db7c2c6bc30520ef1b725ec02f3d139c77d64d6a78a6,1399,1,3,-46292.46851924593
main_seed0,0,d1c1eb972d85b5605cb5db7c2c6bc30520ef1b725ec02f3d139c77d64d6a78a6,1399,2,3,-24951.16395106782
main_seed0,0,d1c1eb972d85b5605cb5db7c2c6bc30520ef1b725ec02f3d139c77d64d6a78a6,1399,3,3,-19709.322110184337
main_seed0,0,d1c1eb972d85b5605cb5db7c2c6bc30520ef1b725ec02f3d139c77d64d6a78a6,1400,1,3,-46666.83328443589
main_seed0,0,d1c1eb972d85b5605cb5db7c2c6bc30520ef1b725ec02f3d139c77d64d6a78a6,1400,2,3,-28387.31657613568
main_seed0,0,d1c1eb972d85b5605cb5db7c2c6bc30520ef1b725ec02f3d139c77d64d6a78a6,1400,3,3,-18047.574476120662
main_seed0,0,d1c1eb972d85b5605cb5db7c2c6bc30520ef1b725ec02f3d139c77d64d6a78a6,1401,1,3,-46103.498405882725
main_seed0,0,d1c1eb972d85b5605cb5db7c2c6bc30520ef1b725ec02f3d139c77d64d6a78a6,1401,2,3,-26779.963025327637
main_seed0,0,d1c1eb972d85b5605cb5db7c2c6bc30520ef1b725ec02f3d139c77d64d6a78a6,1401,3,3,-16560.50778027583
main_seed0,0,d1c1eb972d85b5605cb5db7c2c6bc30520ef1b725ec02f3d139c77d64d6a78a6,1402,1,3,-45350.07292592137
main_seed0,0,d1c1eb972d85b5605cb5db7c2c6bc30520ef1b725ec02f3d139c77d64d6a78a6,1402,2,3,-25602.476835805297
main_seed0,0,d1c1eb972d85b5605cb5db7c2c6bc30520ef1b725ec02f3d139c77d64d6a78a6,1402,3,3,-17874.130333108194
main_seed0,0,d1c1eb972d85b5605cb5db7c2c6bc30520ef1b725ec02f3d139c77d64d6a78a6,1403,1,3,-45463.48358224645
main_seed0,0,d1c1eb972d85b5605cb5db7c2c6bc30520ef1b725ec02f3d139c77d64d6a78a6,1403,2,3,-22227.119751377955
main_seed0,0,d1c1eb972d85b5605cb5db7c2c6bc30520ef1b725ec02f3d139c77d64d6a78a6,1403,3,3,-18895.974038646127
main_seed0,0,d1c1eb972d85b5605cb5db7c2c6bc30520ef1b725ec02f3d139c77d64d6a78a6,1404,1,3,-46864.29357550125
main_seed0,0,d1c1eb972d85b5605cb5db7c2c6bc30520ef1b725ec02f3d139c77d64d6a78a6,1404,2,3,-27317.328459553868
main_seed0,0,d1c1eb972d85b5605cb5db7c2c6bc30520ef1b725ec02f3d139c77d64d6a78a6,1404,3,3,-17939.568801579146
main_seed0,0,d1c1eb972d85b5605cb5db7c2c6bc30520ef1b725ec02f3d139c77d64d6a78a6,1405,1,3,-49997.750145242055
main_seed0,0,d1c1eb972d85b5605cb5db7c2c6bc30520ef1b725ec02f3d139c77d64d6a78a6,1405,2,3,-23911.81824118292
main_seed0,0,d1c1eb972d85b5605cb5db7c2c6bc30520ef1b725ec02f3d139c77d64d6a78a6,1405,3,3,-17795.655875840443
main_seed0,0,d1c1eb972d85b5605cb5db7c2c6bc30520ef1b725ec02f3d139c77d64d6a78a6,1406,1,3,-47497.13182956977
main_seed0,0,d1c1eb972d85b5605cb5db7c2c6bc30520ef1b725ec02f3d139c77d64d6a78a6,1406,2,3,-25118.073062636184
main_seed0,0,d1c1eb972d85b5605cb5db7c2c6bc30520ef1b725ec02f3d139c77d64d6a78a6,1406,3,3,-19315.899829345137
main_seed0,0,d1c1eb972d85b5605cb5db7c2c6bc30520ef1b725ec02f3d139c77d64d6a78a6,1407,1,3,-45734.61293794727
main_seed0,0,d1c1eb972d85b5605cb5db7c2c6bc30520ef1b725ec02f3d139c77d64d6a78a6,1407,2,3,-24573.13816854995
main_seed0,0,d1c1eb972d85b5605cb5db7c2c6bc30520ef1b725ec02f3d139c77d64d6a78a6,1407,3,3,-18343.306148883494
main_seed0,0,d1c1eb972d85b5605cb5db7c2c6bc30520ef1b725ec02f3d139c77d64d6a78a6,1408,1,3,-47335.42644016189
main_seed0,0,d1c1eb972d85b5605cb5db7c2c6bc30520ef1b725ec02f3d139c77d64d6a78a6,1408,2,3,-23122.872560961943
main_seed0,0,d1c1eb972d85b5605cb5db7c2c6bc30520ef1b725ec02f3d139c77d64d6a78a6,1408,3,3,-20370.29443806829
main_seed0,0,d1c1eb972d85b5605cb5db7c2c6bc30520ef1b725ec02f3d139c77d64d6a78a6,1409,1,3,-44362.89280846575
main_seed0,0,d1c1eb972d85b5605cb5db7c2c6bc30520ef1b725ec02f3d139c77d64d6a78a6,1409,2,3,-24290.231221625472
main_seed0,0,d1c1eb972d85b5605cb5db7c2c6bc30520ef1b725ec02f3d139c77d64d6a78a6,1409,3,3,-18924.82712639935
main_seed0,0,d1c1eb972d85b5605cb5db7c2c6bc30520ef1b725ec02f3d139c77d64d6a78a6,1410,1,3,-49138.25574484189
main_seed0,0,d1c1eb972d85b5605cb5db7c2c6bc30520ef1b725ec02f3d139c77d64d6a78a6,1410,2,3,-26738.131129549325
main_seed0,0,d1c1eb972d85b5605cb5db7c2c6bc30520ef1b725ec02f3d139c77d64d6a78a6,1410,3,3,-17530.81461509935
main_seed0,0,d1c1eb972d85b5605cb5db7c2c6bc30520ef1b725ec02f3d139c77d64d6a78a6,1411,1,3,-47193.10550221484
main_seed0,0,d1c1eb972d85b5605cb5db7c2c6bc30520ef1b725ec02f3d139c77d64d6a78a6,1411,2,3,-27258.94686154192
main_seed0,0,d1c1eb972d85b5605cb5db7c2c6bc30520ef1b725ec02f3d139c77d64d6a78a6,1411,3,3,-18195.609063743515
main_seed0,0,d1c1eb972d85b5605cb5db7c2c6bc30520ef1b725ec02f3d139c77d64d6a78a6,1412,1,3,-45905.97547255369
main_seed0,0,d1c1eb972d85b5605cb5db7c2c6bc30520ef1b725ec02f3d139c77d64d6a78a6,1412,2,3,-24367.234334944027
main_seed0,0,d1c1eb972d85b5605cb5db7c2c6bc30520ef1b725ec02f3d139c77d64d6a78a6,1412,3,3,-19247.74298576112
main_seed0,0,d1c1eb972d85b5605cb5db7c2c6bc30520ef1b725ec02f3d139c77d64d6a78a6,1413,1,3,-48898.44407719503
main_seed0,0,d1c1eb972d85b5605cb5db7c2c6bc30520ef1b725ec02f3d139c77d64d6a78a6,1413,2,3,-25980.01439370168
main_seed0,0,d1c1eb972d85b5605cb5db7c2c6bc30520ef1b725ec02f3d139c77d64d6a78a6,1413,3,3,-19466.127704444385
main_seed0,0,d1c1eb972d85b5605cb5db7c2c6bc30520ef1b725ec02f3d139c77d64d6a78a6,1414,1,3,-48084.73391362386
main_seed0,0,d1c1eb972d85b5605cb5db7c2c6bc30520ef1b725ec02f3d139c77d64d6a78a6,1414,2,3,-24352.14050982252
main_seed0,0,d1c1eb972d85b5605cb5db7c2c6bc30520ef1b725ec02f3d139c77d64d6a78a6,1414,3,3,-20240.352091615845
main_seed0,0,d1c1eb972d85b5605cb5db7c2c6bc30520ef1b725ec02f3d139c77d64d6a78a6,1415,1,3,-48347.230864780926
main_seed0,0,d1c1eb972d85b5605cb5db7c2c6bc30520ef1b725ec02f3d139c77d64d6a78a6,1415,2,3,-24291.722930993536
main_seed0,0,d1c1eb972d85b5605cb5db7c2c6bc30520ef1b725ec02f3d139c77d64d6a78a6,1415,3,3,-19405.89197302865
main_seed0,0,d1c1eb972d85b5605cb5db7c2c6bc30520ef1b725ec02f3d139c77d64d6a78a6,1416,1,3,-48033.38072452394
main_seed0,0,d1c1eb972d85b5605cb5db7c2c6bc30520ef1b725ec02f3d139c77d64d6a78a6,1416,2,3,-26618.2776858756
main_seed0,0,d1c1eb972d85b5605cb5db7c2c6bc30520ef1b725ec02f3d139c77d64d6a78a6,1416,3,3,-18892.78801355014
main_seed0,0,d1c1eb972d85b5605cb5db7c2c6bc30520ef1b725ec02f3d139c77d64d6a78a6,1417,1,3,-48878.153333364186
main_seed0,0,d1c1eb972d85b5605cb5db7c2c6bc30520ef1b725ec02f3d139c77d64d6a78a6,1417,2,3,-24702.7322584584
main_seed0,0,d1c1eb972d85b5605cb5db7c2c6bc30520ef1b725ec02f3d139c77d64d6a78a6,1417,3,3,-19009.062207035007
main_seed0,0,d1c1eb972d85b5605cb5db7c2c6bc30520ef1b725ec02f3d139c77d64d6a78a6,1418,1,3,-47421.163487144
main_seed0,0,d1c1eb972d85b5605cb5db7c2c6bc30520ef1b725ec02f3d139c77d64d6a78a6,1418,2,3,-21444.99496297664
main_seed0,0,d1c1eb972d85b5605cb5db7c2c6bc30520ef1b725ec02f3d139c77d64d6a78a6,1418,3,3,-19140.191862281525
main_seed0,0,d1c1eb972d85b5605cb5db7c2c6bc30520ef1b725ec02f3d139c77d64d6a78a6,1419,1,3,-50408.01350481216
main_seed0,0,d1c1eb972d85b5605cb5db7c2c6bc30520ef1b725ec02f3d139c77d64d6a78a6,1419,2,3,-25247.72907232697
main_seed0,0,d1c1eb972d85b5605cb5db7c2c6bc30520ef1b725ec02f3d139c77d64d6a78a6,1419,3,3,-18237.7174891652
main_seed0,0,d1c1eb972d85b5605cb5db7c2c6bc30520ef1b725ec02f3d139c77d64d6a78a6,1420,1,3,-50619.68134932306
main_seed0,0,d1c1eb972d85b5605cb5db7c2c6bc30520ef1b725ec02f3d139c77d64d6a78a6,1420,2,3,-22148.8255746144
main_seed0,0,d1c1eb972d85b5605cb5db7c2c6bc30520ef1b725ec02f3d139c77d64d6a78a6,1420,3,3,-18007.391103971102
main_seed0,0,d1c1eb972d85b5605cb5db7c2c6bc30520ef1b725ec02f3d139c77d64d6a78a6,1421,1,3,-45737.65841034852
main_seed0,0,d1c1eb972d85b5605cb5db7c2c6bc30520ef1b725ec02f3d139c77d64d6a78a6,1421,2,3,-25528.32735271721
main_seed0,0,d1c1eb972d85b5605cb5db7c2c6bc30520ef1b725ec02f3d139c77d64d6a78a6,1421,3,3,-19195.587577172028
main_seed0,0,d1c1eb972d85b5605cb5db7c2c6bc30520ef1b725ec02f3d139c77d64d6a78a6,1422,1,3,-48765.22044176181
main_seed0,0,d1c1eb972d85b5605cb5db7c2c6bc30520ef1b725ec02f3d139c77d64d6a78a6,1422,2,3,-21506.36874769485
main_seed0,0,d1c1eb972d85b5605cb5db7c2c6bc30520ef1b725ec02f3d139c77d64d6a78a6,1422,3,3,-20060.51458696586
main_seed0,0,d1c1eb972d85b5605cb5db7c2c6bc30520ef1b725ec02f3d139c77d64d6a78a6,1423,1,3,-46142.22509665047
main_seed0,0,d1c1eb972d85b5605cb5db7c2c6bc30520ef1b725ec02f3d139c77d64d6a78a6,1423,2,3,-24676.12174295812
main_seed0,0,d1c1eb972d85b5605cb5db7c2c6bc30520ef1b725ec02f3d139c77d64d6a78a6,1423,3,3,-20138.36116027175
main_seed0,0,d1c1eb972d85b5605cb5db7c2c6bc30520ef1b725ec02f3d139c77d64d6a78a6,1424,1,3,-46987.36859710979
main_seed0,0,d1c1eb972d85b5605cb5db7c2c6bc30520ef1b725ec02f3d139c77d64d6a78a6,1424,2,3,-24942.91229368707
main_seed0,0,d1c1eb972d85b5605cb5db7c2c6bc30520ef1b725ec02f3d139c77d64d6a78a6,1424,3,3,-18652.95616252751
main_seed0,0,d1c1eb972d85b5605cb5db7c2c6bc30520ef1b725ec02f3d139c77d64d6a78a6,1425,1,3,-46835.94505629384
main_seed0,0,d1c1eb972d85b5605cb5db7c2c6bc30520ef1b725ec02f3d139c77d64d6a78a6,1425,2,3,-25774.580618810334
main_seed0,0,d1c1eb972d85b5605cb5db7c2c6bc30520ef1b725ec02f3d139c77d64d6a78a6,1425,3,3,-20224.63800777965
main_seed0,0,d1c1eb972d85b5605cb5db7c2c6bc30520ef1b725ec02f3d139c77d64d6a78a6,1426,1,3,-47908.70585173582
main_seed0,0,d1c1eb972d85b5605cb5db7c2c6bc30520ef1b725ec02f3d139c77d64d6a78a6,1426,2,3,-22799.81769132296
main_seed0,0,d1c1eb972d85b5605cb5db7c2c6bc30520ef1b725ec02f3d139c77d64d6a78a6,1426,3,3,-18320.73063663781
main_seed0,0,d1c1eb972d85b5605cb5db7c2c6bc30520ef1b725ec02f3d139c77d64d6a78a6,1427,1,3,-46530.74586785169
main_seed0,0,d1c1eb972d85b5605cb5db7c2c6bc30520ef1b725ec02f3d139c77d64d6a78a6,1427,2,3,-25700.376989679266
main_seed0,0,d1c1eb972d85b5605cb5db7c2c6bc30520ef1b725ec02f3d139c77d64d6a78a6,1427,3,3,-21349.568415254584
main_seed0,0,d1c1eb972d85b5605cb5db7c2c6bc30520ef1b725ec02f3d139c77d64d6a78a6,1428,1,3,-45650.9287326576
main_seed0,0,d1c1eb972d85b5605cb5db7c2c6bc30520ef1b725ec02f3d139c77d64d6a78a6,1428,2,3,-21889.066374512997
main_seed0,0,d1c1eb972d85b5605cb5db7c2c6bc30520ef1b725ec02f3d139c77d64d6a78a6,1428,3,3,-19143.157845801084
main_seed0,0,d1c1eb972d85b5605cb5db7c2c6bc30520ef1b725ec02f3d139c77d64d6a78a6,1429,1,3,-47423.25401484717
main_seed0,0,d1c1eb972d85b5605cb5db7c2c6bc30520ef1b725ec02f3d139c77d64d6a78a6,1429,2,3,-22325.016706788847
main_seed0,0,d1c1eb972d85b5605cb5db7c2c6bc30520ef1b725ec02f3d139c77d64d6a78a6,1429,3,3,-19066.840488806647
main_seed0,0,d1c1eb972d85b5605cb5db7c2c6bc30520ef1b725ec02f3d139c77d64d6a78a6,1430,1,3,-45485.612675847486
main_seed0,0,d1c1eb972d85b5605cb5db7c2c6bc30520ef1b725ec02f3d139c77d64d6a78a6,1430,2,3,-24399.635064070742
main_seed0,0,d1c1eb972d85b5605cb5db7c2c6bc30520ef1b725ec02f3d139c77d64d6a78a6,1430,3,3,-20063.4047377983
main_seed0,0,d1c1eb972d85b5605cb5db7c2c6bc30520ef1b725ec02f3d139c77d64d6a78a6,1431,1,3,-46574.47652320143
main_seed0,0,d1c1eb972d85b5605cb5db7c2c6bc30520ef1b725ec02f3d139c77d64d6a78a6,1431,2,3,-23534.963991730863
main_seed0,0,d1c1eb972d85b5605cb5db7c2c6bc30520ef1b725ec02f3d139c77d64d6a78a6,1431,3,3,-18079.125225147687
main_seed0,0,d1c1eb972d85b5605cb5db7c2c6bc30520ef1b725ec02f3d139c77d64d6a78a6,1432,1,3,-45736.437269581584
main_seed0,0,d1c1eb972d85b5605cb5db7c2c6bc30520ef1b725ec02f3d139c77d64d6a78a6,1432,2,3,-20675.39479571365
main_seed0,0,d1c1eb972d85b5605cb5db7c2c6bc30520ef1b725ec02f3d139c77d64d6a78a6,1432,3,3,-19081.638050896567
main_seed0,0,d1c1eb972d85b5605cb5db7c2c6bc30520ef1b725ec02f3d139c77d64d6a78a6,1433,1,3,-46650.92613745197
main_seed0,0,d1c1eb972d85b5605cb5db7c2c6bc30520ef1b725ec02f3d139c77d64d6a78a6,1433,2,3,-21720.10109926866
main_seed0,0,d1c1eb972d85b5605cb5db7c2c6bc30520ef1b725ec02f3d139c77d64d6a78a6,1433,3,3,-18912.082052499038
main_seed0,0,d1c1eb972d85b5605cb5db7c2c6bc30520ef1b725ec02f3d139c77d64d6a78a6,1434,1,3,-46089.01780637514
main_seed0,0,d1c1eb972d85b5605cb5db7c2c6bc30520ef1b725ec02f3d139c77d64d6a78a6,1434,2,3,-20750.83834247958
main_seed0,0,d1c1eb972d85b5605cb5db7c2c6bc30520ef1b725ec02f3d139c77d64d6a78a6,1434,3,3,-19291.446829246583
main_seed0,0,d1c1eb972d85b5605cb5db7c2c6bc30520ef1b725ec02f3d139c77d64d6a78a6,1435,1,3,-43807.38549643284
main_seed0,0,d1c1eb972d85b5605cb5db7c2c6bc30520ef1b725ec02f3d139c77d64d6a78a6,1435,2,3,-21617.410677697888
main_seed0,0,d1c1eb972d85b5605cb5db7c2c6bc30520ef1b725ec02f3d139c77d64d6a78a6,1435,3,3,-18429.857456918
main_seed0,0,d1c1eb972d85b5605cb5db7c2c6bc30520ef1b725ec02f3d139c77d64d6a78a6,1436,1,3,-46668.748836622166
main_seed0,0,d1c1eb972d85b5605cb5db7c2c6bc30520ef1b725ec02f3d139c77d64d6a78a6,1436,2,3,-25774.481928071764
main_seed0,0,d1c1eb972d85b5605cb5db7c2c6bc30520ef1b725ec02f3d139c77d64d6a78a6,1436,3,3,-18612.42695067401
main_seed0,0,d1c1eb972d85b5605cb5db7c2c6bc30520ef1b725ec02f3d139c77d64d6a78a6,1437,1,3,-44639.395226450215
main_seed0,0,d1c1eb972d85b5605cb5db7c2c6bc30520ef1b725ec02f3d139c77d64d6a78a6,1437,2,3,-22376.11225713648
main_seed0,0,d1c1eb972d85b5605cb5db7c2c6bc30520ef1b725ec02f3d139c77d64d6a78a6,1437,3,3,-19104.16491944824
main_seed0,0,d1c1eb972d85b5605cb5db7c2c6bc30520ef1b725ec02f3d139c77d64d6a78a6,1438,1,3,-46379.27498183669
main_seed0,0,d1c1eb972d85b5605cb5db7c2c6bc30520ef1b725ec02f3d139c77d64d6a78a6,1438,2,3,-26573.636148989663
main_seed0,0,d1c1eb972d85b5605cb5db7c2c6bc30520ef1b725ec02f3d139c77d64d6a78a6,1438,3,3,-19246.53310447587
main_seed0,0,d1c1eb972d85b5605cb5db7c2c6bc30520ef1b725ec02f3d139c77d64d6a78a6,1439,1,3,-48206.61150665067
main_seed0,0,d1c1eb972d85b5605cb5db7c2c6bc30520ef1b725ec02f3d139c77d64d6a78a6,1439,2,3,-28563.85549390148
main_seed0,0,d1c1eb972d85b5605cb5db7c2c6bc30520ef1b725ec02f3d139c77d64d6a78a6,1439,3,3,-18220.92157723148
main_seed0,0,d1c1eb972d85b5605cb5db7c2c6bc30520ef1b725ec02f3d139c77d64d6a78a6,1440,1,3,-47318.985891264434
main_seed0,0,d1c1eb972d85b5605cb5db7c2c6bc30520ef1b725ec02f3d139c77d64d6a78a6,1440,2,3,-23279.98040723727
main_seed0,0,d1c1eb972d85b5605cb5db7c2c6bc30520ef1b725ec02f3d139c77d64d6a78a6,1440,3,3,-19509.403126538386
main_seed0,0,d1c1eb972d85b5605cb5db7c2c6bc30520ef1b725ec02f3d139c77d64d6a78a6,1441,1,3,-48593.294138725294
main_seed0,0,d1c1eb972d85b5605cb5db7c2c6bc30520ef1b725ec02f3d139c77d64d6a78a6,1441,2,3,-22196.44764340756
main_seed0,0,d1c1eb972d85b5605cb5db7c2c6bc30520ef1b725ec02f3d139c77d64d6a78a6,1441,3,3,-19332.07387744981
main_seed0,0,d1c1eb972d85b5605cb5db7c2c6bc30520ef1b725ec02f3d139c77d64d6a78a6,1442,1,3,-45772.636380196265
main_seed0,0,d1c1eb972d85b5605cb5db7c2c6bc30520ef1b725ec02f3d139c77d64d6a78a6,1442,2,3,-22042.34350450069
main_seed0,0,d1c1eb972d85b5605cb5db7c2c6bc30520ef1b725ec02f3d139c77d64d6a78a6,1442,3,3,-18471.3575474898
main_seed0,0,d1c1eb972d85b5605cb5db7c2c6bc30520ef1b725ec02f3d139c77d64d6a78a6,1443,1,3,-45761.35011305995
main_seed0,0,d1c1eb972d85b5605cb5db7c2c6bc30520ef1b725ec02f3d139c77d64d6a78a6,1443,2,3,-25943.625971449404
main_seed0,0,d1c1eb972d85b5605cb5db7c2c6bc30520ef1b725ec02f3d139c77d64d6a78a6,1443,3,3,-18967.589736414808
main_seed0,0,d1c1eb972d85b5605cb5db7c2c6bc30520ef1b725ec02f3d139c77d64d6a78a6,1444,1,3,-44515.73473045345
main_seed0,0,d1c1eb972d85b5605cb5db7c2c6bc30520ef1b725ec02f3d139c77d64d6a78a6,1444,2,3,-24961.66778000423
main_seed0,0,d1c1eb972d85b5605cb5db7c2c6bc30520ef1b725ec02f3d139c77d64d6a78a6,1444,3,3,-20383.314917082276
main_seed0,0,d1c1eb972d85b5605cb5db7c2c6bc30520ef1b725ec02f3d139c77d64d6a78a6,1445,1,3,-44618.67916613
main_seed0,0,d1c1eb972d85b5605cb5db7c2c6bc30520ef1b725ec02f3d139c77d64d6a78a6,1445,2,3,-25371.694399533928
main_seed0,0,d1c1eb972d85b5605cb5db7c2c6bc30520ef1b725ec02f3d139c77d64d6a78a6,1445,3,3,-16765.716307820523
main_seed0,0,d1c1eb972d85b5605cb5db7c2c6bc30520ef1b725ec02f3d139c77d64d6a78a6,1446,1,3,-44958.21029230094
main_seed0,0,d1c1eb972d85b5605cb5db7c2c6bc30520ef1b725ec02f3d139c77d64d6a78a6,1446,2,3,-23016.130892878013
main_seed0,0,d1c1eb972d85b5605cb5db7c2c6bc30520ef1b725ec02f3d139c77d64d6a78a6,1446,3,3,-18050.69644590299
main_seed0,0,d1c1eb972d85b5605cb5db7c2c6bc30520ef1b725ec02f3d139c77d64d6a78a6,1447,1,3,-47332.989564688585
main_seed0,0,d1c1eb972d85b5605cb5db7c2c6bc30520ef1b725ec02f3d139c77d64d6a78a6,1447,2,3,-25709.446398697743
main_seed0,0,d1c1eb972d85b5605cb5db7c2c6bc30520ef1b725ec02f3d139c77d64d6a78a6,1447,3,3,-18136.33888054346
main_seed0,0,d1c1eb972d85b5605cb5db7c2c6bc30520ef1b725ec02f3d139c77d64d6a78a6,1448,1,3,-47335.92923612625
main_seed0,0,d1c1eb972d85b5605cb5db7c2c6bc30520ef1b725ec02f3d139c77d64d6a78a6,1448,2,3,-23835.902118478716
main_seed0,0,d1c1eb972d85b5605cb5db7c2c6bc30520ef1b725ec02f3d139c77d64d6a78a6,1448,3,3,-17794.516612982974
main_seed0,0,d1c1eb972d85b5605cb5db7c2c6bc30520ef1b725ec02f3d139c77d64d6a78a6,1449,1,3,-48164.07775811407
main_seed0,0,d1c1eb972d85b5605cb5db7c2c6bc30520ef1b725ec02f3d139c77d64d6a78a6,1449,2,3,-22710.971177396703
main_seed0,0,d1c1eb972d85b5605cb5db7c2c6bc30520ef1b725ec02f3d139c77d64d6a78a6,1449,3,3,-18491.09867726492
main_seed0,0,d1c1eb972d85b5605cb5db7c2c6bc30520ef1b725ec02f3d139c77d64d6a78a6,1450,1,3,-44753.283213855146
main_seed0,0,d1c1eb972d85b5605cb5db7c2c6bc30520ef1b725ec02f3d139c77d64d6a78a6,1450,2,3,-27452.22411113085
main_seed0,0,d1c1eb972d85b5605cb5db7c2c6bc30520ef1b725ec02f3d139c77d64d6a78a6,1450,3,3,-18162.215417221934
main_seed0,0,d1c1eb972d85b5605cb5db7c2c6bc30520ef1b725ec02f3d139c77d64d6a78a6,1451,1,3,-46426.35776337854
main_seed0,0,d1c1eb972d85b5605cb5db7c2c6bc30520ef1b725ec02f3d139c77d64d6a78a6,1451,2,3,-28135.117151248876
main_seed0,0,d1c1eb972d85b5605cb5db7c2c6bc30520ef1b725ec02f3d139c77d64d6a78a6,1451,3,3,-19134.07283309014
main_seed0,0,d1c1eb972d85b5605cb5db7c2c6bc30520ef1b725ec02f3d139c77d64d6a78a6,1452,1,3,-46794.67241307465
main_seed0,0,d1c1eb972d85b5605cb5db7c2c6bc30520ef1b725ec02f3d139c77d64d6a78a6,1452,2,3,-22448.65824457149
main_seed0,0,d1c1eb972d85b5605cb5db7c2c6bc30520ef1b725ec02f3d139c77d64d6a78a6,1452,3,3,-18893.655352279384
main_seed0,0,d1c1eb972d85b5605cb5db7c2c6bc30520ef1b725ec02f3d139c77d64d6a78a6,1453,1,3,-44067.67385581019
main_seed0,0,d1c1eb972d85b5605cb5db7c2c6bc30520ef1b725ec02f3d139c77d64d6a78a6,1453,2,3,-28276.51111306403
main_seed0,0,d1c1eb972d85b5605cb5db7c2c6bc30520ef1b725ec02f3d139c77d64d6a78a6,1453,3,3,-21196.92863424839
main_seed0,0,d1c1eb972d85b5605cb5db7c2c6bc30520ef1b725ec02f3d139c77d64d6a78a6,1454,1,3,-44062.80577572394
main_seed0,0,d1c1eb972d85b5605cb5db7c2c6bc30520ef1b725ec02f3d139c77d64d6a78a6,1454,2,3,-24363.9364375598
main_seed0,0,d1c1eb972d85b5605cb5db7c2c6bc30520ef1b725ec02f3d139c77d64d6a78a6,1454,3,3,-18060.014534161288
main_seed0,0,d1c1eb972d85b5605cb5db7c2c6bc30520ef1b725ec02f3d139c77d64d6a78a6,1455,1,3,-43011.56592413405
main_seed0,0,d1c1eb972d85b5605cb5db7c2c6bc30520ef1b725ec02f3d139c77d64d6a78a6,1455,2,3,-26023.717295739298
main_seed0,0,d1c1eb972d85b5605cb5db7c2c6bc30520ef1b725ec02f3d139c77d64d6a78a6,1455,3,3,-19019.68983151987
main_seed0,0,d1c1eb972d85b5605cb5db7c2c6bc30520ef1b725ec02f3d139c77d64d6a78a6,1456,1,3,-45551.7746652116
main_seed0,0,d1c1eb972d85b5605cb5db7c2c6bc30520ef1b725ec02f3d139c77d64d6a78a6,1456,2,3,-21759.93143621024
main_seed0,0,d1c1eb972d85b5605cb5db7c2c6bc30520ef1b725ec02f3d139c77d64d6a78a6,1456,3,3,-19392.29643383279
main_seed0,0,d1c1eb972d85b5605cb5db7c2c6bc30520ef1b725ec02f3d139c77d64d6a78a6,1457,1,3,-44644.59423109106
main_seed0,0,d1c1eb972d85b5605cb5db7c2c6bc30520ef1b725ec02f3d139c77d64d6a78a6,1457,2,3,-25952.09468540222
main_seed0,0,d1c1eb972d85b5605cb5db7c2c6bc30520ef1b725ec02f3d139c77d64d6a78a6,1457,3,3,-20397.31949324345
main_seed0,0,d1c1eb972d85b5605cb5db7c2c6bc30520ef1b725ec02f3d139c77d64d6a78a6,1458,1,3,-48657.79270715291
main_seed0,0,d1c1eb972d85b5605cb5db7c2c6bc30520ef1b725ec02f3d139c77d64d6a78a6,1458,2,3,-22360.27821344829
main_seed0,0,d1c1eb972d85b5605cb5db7c2c6bc30520ef1b725ec02f3d139c77d64d6a78a6,1458,3,3,-18201.08033280116
main_seed0,0,d1c1eb972d85b5605cb5db7c2c6bc30520ef1b725ec02f3d139c77d64d6a78a6,1459,1,3,-45988.06089953754
main_seed0,0,d1c1eb972d85b5605cb5db7c2c6bc30520ef1b725ec02f3d139c77d64d6a78a6,1459,2,3,-25932.175739875533
main_seed0,0,d1c1eb972d85b5605cb5db7c2c6bc30520ef1b725ec02f3d139c77d64d6a78a6,1459,3,3,-19117.770586195507
main_seed0,0,d1c1eb972d85b5605cb5db7c2c6bc30520ef1b725ec02f3d139c77d64d6a78a6,1460,1,3,-46806.59081550536
main_seed0,0,d1c1eb972d85b5605cb5db7c2c6bc30520ef1b725ec02f3d139c77d64d6a78a6,1460,2,3,-24953.34240015599
main_seed0,0,d1c1eb972d85b5605cb5db7c2c6bc30520ef1b725ec02f3d139c77d64d6a78a6,1460,3,3,-18471.66416757049
main_seed0,0,d1c1eb972d85b5605cb5db7c2c6bc30520ef1b725ec02f3d139c77d64d6a78a6,1461,1,3,-44523.38225856796
main_seed0,0,d1c1eb972d85b5605cb5db7c2c6bc30520ef1b725ec02f3d139c77d64d6a78a6,1461,2,3,-24395.457271473875
main_seed0,0,d1c1eb972d85b5605cb5db7c2c6bc30520ef1b725ec02f3d139c77d64d6a78a6,1461,3,3,-19770.39470900262
main_seed0,0,d1c1eb972d85b5605cb5db7c2c6bc30520ef1b725ec02f3d139c77d64d6a78a6,1462,1,3,-46948.35006602823
main_seed0,0,d1c1eb972d85b5605cb5db7c2c6bc30520ef1b725ec02f3d139c77d64d6a78a6,1462,2,3,-23110.440395802365
main_seed0,0,d1c1eb972d85b5605cb5db7c2c6bc30520ef1b725ec02f3d139c77d64d6a78a6,1462,3,3,-19320.556426796305
main_seed0,0,d1c1eb972d85b5605cb5db7c2c6bc30520ef1b725ec02f3d139c77d64d6a78a6,1463,1,3,-47143.614771848166
main_seed0,0,d1c1eb972d85b5605cb5db7c2c6bc30520ef1b725ec02f3d139c77d64d6a78a6,1463,2,3,-21414.12638786376
main_seed0,0,d1c1eb972d85b5605cb5db7c2c6bc30520ef1b725ec02f3d139c77d64d6a78a6,1463,3,3,-18282.15542650356
main_seed0,0,d1c1eb972d85b5605cb5db7c2c6bc30520ef1b725ec02f3d139c77d64d6a78a6,1464,1,3,-48696.71134641025
main_seed0,0,d1c1eb972d85b5605cb5db7c2c6bc30520ef1b725ec02f3d139c77d64d6a78a6,1464,2,3,-25010.93485278463
main_seed0,0,d1c1eb972d85b5605cb5db7c2c6bc30520ef1b725ec02f3d139c77d64d6a78a6,1464,3,3,-17323.649064354897
main_seed0,0,d1c1eb972d85b5605cb5db7c2c6bc30520ef1b725ec02f3d139c77d64d6a78a6,1465,1,3,-44109.51410263922
main_seed0,0,d1c1eb972d85b5605cb5db7c2c6bc30520ef1b725ec02f3d139c77d64d6a78a6,1465,2,3,-23855.274637448056
main_seed0,0,d1c1eb972d85b5605cb5db7c2c6bc30520ef1b725ec02f3d139c77d64d6a78a6,1465,3,3,-18755.93091798919
main_seed0,0,d1c1eb972d85b5605cb5db7c2c6bc30520ef1b725ec02f3d139c77d64d6a78a6,1466,1,3,-44768.00780543327
main_seed0,0,d1c1eb972d85b5605cb5db7c2c6bc30520ef1b725ec02f3d139c77d64d6a78a6,1466,2,3,-25750.84927878957
main_seed0,0,d1c1eb972d85b5605cb5db7c2c6bc30520ef1b725ec02f3d139c77d64d6a78a6,1466,3,3,-20683.6178303776
main_seed0,0,d1c1eb972d85b5605cb5db7c2c6bc30520ef1b725ec02f3d139c77d64d6a78a6,1467,1,3,-45054.34787386725
main_seed0,0,d1c1eb972d85b5605cb5db7c2c6bc30520ef1b725ec02f3d139c77d64d6a78a6,1467,2,3,-24625.03078254647
main_seed0,0,d1c1eb972d85b5605cb5db7c2c6bc30520ef1b725ec02f3d139c77d64d6a78a6,1467,3,3,-18737.95298510915
main_seed0,0,d1c1eb972d85b5605cb5db7c2c6bc30520ef1b725ec02f3d139c77d64d6a78a6,1468,1,3,-46654.9618625676
main_seed0,0,d1c1eb972d85b5605cb5db7c2c6bc30520ef1b725ec02f3d139c77d64d6a78a6,1468,2,3,-20956.01458742928
main_seed0,0,d1c1eb972d85b5605cb5db7c2c6bc30520ef1b725ec02f3d139c77d64d6a78a6,1468,3,3,-18187.770225965243
main_seed0,0,d1c1eb972d85b5605cb5db7c2c6bc30520ef1b725ec02f3d139c77d64d6a78a6,1469,1,3,-45101.94462493606
main_seed0,0,d1c1eb972d85b5605cb5db7c2c6bc30520ef1b725ec02f3d139c77d64d6a78a6,1469,2,3,-21683.221312639114
main_seed0,0,d1c1eb972d85b5605cb5db7c2c6bc30520ef1b725ec02f3d139c77d64d6a78a6,1469,3,3,-19991.61545354141
main_seed0,0,d1c1eb972d85b5605cb5db7c2c6bc30520ef1b725ec02f3d139c77d64d6a78a6,1470,1,3,-45091.11467751615
main_seed0,0,d1c1eb972d85b5605cb5db7c2c6bc30520ef1b725ec02f3d139c77d64d6a78a6,1470,2,3,-24117.906511808244
main_seed0,0,d1c1eb972d85b5605cb5db7c2c6bc30520ef1b725ec02f3d139c77d64d6a78a6,1470,3,3,-18486.695069565285
main_seed0,0,d1c1eb972d85b5605cb5db7c2c6bc30520ef1b725ec02f3d139c77d64d6a78a6,1471,1,3,-44973.96531045888
main_seed0,0,d1c1eb972d85b5605cb5db7c2c6bc30520ef1b725ec02f3d139c77d64d6a78a6,1471,2,3,-24152.72685260172
main_seed0,0,d1c1eb972d85b5605cb5db7c2c6bc30520ef1b725ec02f3d139c77d64d6a78a6,1471,3,3,-18938.248897850823
main_seed0,0,d1c1eb972d85b5605cb5db7c2c6bc30520ef1b725ec02f3d139c77d64d6a78a6,1472,1,3,-45984.16444211319
main_seed0,0,d1c1eb972d85b5605cb5db7c2c6bc30520ef1b725ec02f3d139c77d64d6a78a6,1472,2,3,-20721.79457793966
main_seed0,0,d1c1eb972d85b5605cb5db7c2c6bc30520ef1b725ec02f3d139c77d64d6a78a6,1472,3,3,-20487.01524938137
main_seed0,0,d1c1eb972d85b5605cb5db7c2c6bc30520ef1b725ec02f3d139c77d64d6a78a6,1473,1,3,-43788.16412779513
main_seed0,0,d1c1eb972d85b5605cb5db7c2c6bc30520ef1b725ec02f3d139c77d64d6a78a6,1473,2,3,-23907.45619961476
main_seed0,0,d1c1eb972d85b5605cb5db7c2c6bc30520ef1b725ec02f3d139c77d64d6a78a6,1473,3,3,-17672.735193782435
main_seed0,0,d1c1eb972d85b5605cb5db7c2c6bc30520ef1b725ec02f3d139c77d64d6a78a6,1474,1,3,-46202.60421800433
main_seed0,0,d1c1eb972d85b5605cb5db7c2c6bc30520ef1b725ec02f3d139c77d64d6a78a6,1474,2,3,-25811.336824223712
main_seed0,0,d1c1eb972d85b5605cb5db7c2c6bc30520ef1b725ec02f3d139c77d64d6a78a6,1474,3,3,-19095.852481999347
main_seed0,0,d1c1eb972d85b5605cb5db7c2c6bc30520ef1b725ec02f3d139c77d64d6a78a6,1475,1,3,-47741.41611429807
main_seed0,0,d1c1eb972d85b5605cb5db7c2c6bc30520ef1b725ec02f3d139c77d64d6a78a6,1475,2,3,-22121.823577461248
main_seed0,0,d1c1eb972d85b5605cb5db7c2c6bc30520ef1b725ec02f3d139c77d64d6a78a6,1475,3,3,-18018.594426680676
main_seed0,0,d1c1eb972d85b5605cb5db7c2c6bc30520ef1b725ec02f3d139c77d64d6a78a6,1476,1,3,-50047.9921392906
main_seed0,0,d1c1eb972d85b5605cb5db7c2c6bc30520ef1b725ec02f3d139c77d64d6a78a6,1476,2,3,-28056.279930089466
main_seed0,0,d1c1eb972d85b5605cb5db7c2c6bc30520ef1b725ec02f3d139c77d64d6a78a6,1476,3,3,-18249.79411793156
main_seed0,0,d1c1eb972d85b5605cb5db7c2c6bc30520ef1b725ec02f3d139c77d64d6a78a6,1477,1,3,-45448.42885103762
main_seed0,0,d1c1eb972d85b5605cb5db7c2c6bc30520ef1b725ec02f3d139c77d64d6a78a6,1477,2,3,-23143.075511451912
main_seed0,0,d1c1eb972d85b5605cb5db7c2c6bc30520ef1b725ec02f3d139c77d64d6a78a6,1477,3,3,-18609.88292894564
main_seed0,0,d1c1eb972d85b5605cb5db7c2c6bc30520ef1b725ec02f3d139c77d64d6a78a6,1478,1,3,-46473.44456224994
main_seed0,0,d1c1eb972d85b5605cb5db7c2c6bc30520ef1b725ec02f3d139c77d64d6a78a6,1478,2,3,-23314.62101029737
main_seed0,0,d1c1eb972d85b5605cb5db7c2c6bc30520ef1b725ec02f3d139c77d64d6a78a6,1478,3,3,-19238.463296594888
main_seed0,0,d1c1eb972d85b5605cb5db7c2c6bc30520ef1b725ec02f3d139c77d64d6a78a6,1479,1,3,-47398.90309338498
main_seed0,0,d1c1eb972d85b5605cb5db7c2c6bc30520ef1b725ec02f3d139c77d64d6a78a6,1479,2,3,-22478.12692831835
main_seed0,0,d1c1eb972d85b5605cb5db7c2c6bc30520ef1b725ec02f3d139c77d64d6a78a6,1479,3,3,-19347.640134918875
main_seed0,0,d1c1eb972d85b5605cb5db7c2c6bc30520ef1b725ec02f3d139c77d64d6a78a6,1480,1,3,-42882.974078694606
main_seed0,0,d1c1eb972d85b5605cb5db7c2c6bc30520ef1b725ec02f3d139c77d64d6a78a6,1480,2,3,-21278.710155059634
main_seed0,0,d1c1eb972d85b5605cb5db7c2c6bc30520ef1b725ec02f3d139c77d64d6a78a6,1480,3,3,-18015.733350894378
main_seed0,0,d1c1eb972d85b5605cb5db7c2c6bc30520ef1b725ec02f3d139c77d64d6a78a6,1481,1,3,-45626.04361613814
main_seed0,0,d1c1eb972d85b5605cb5db7c2c6bc30520ef1b725ec02f3d139c77d64d6a78a6,1481,2,3,-23566.87962062637
main_seed0,0,d1c1eb972d85b5605cb5db7c2c6bc30520ef1b725ec02f3d139c77d64d6a78a6,1481,3,3,-19521.063760329816
main_seed0,0,d1c1eb972d85b5605cb5db7c2c6bc30520ef1b725ec02f3d139c77d64d6a78a6,1482,1,3,-44989.20452094428
main_seed0,0,d1c1eb972d85b5605cb5db7c2c6bc30520ef1b725ec02f3d139c77d64d6a78a6,1482,2,3,-18808.10895221337
main_seed0,0,d1c1eb972d85b5605cb5db7c2c6bc30520ef1b725ec02f3d139c77d64d6a78a6,1482,3,3,-18733.439936502324
main_seed0,0,d1c1eb972d85b5605cb5db7c2c6bc30520ef1b725ec02f3d139c77d64d6a78a6,1483,1,3,-44384.58617251858
main_seed0,0,d1c1eb972d85b5605cb5db7c2c6bc30520ef1b725ec02f3d139c77d64d6a78a6,1483,2,3,-22064.105789886395
main_seed0,0,d1c1eb972d85b5605cb5db7c2c6bc30520ef1b725ec02f3d139c77d64d6a78a6,1483,3,3,-18408.26713778094
main_seed0,0,d1c1eb972d85b5605cb5db7c2c6bc30520ef1b725ec02f3d139c77d64d6a78a6,1484,1,3,-45300.86520101421
main_seed0,0,d1c1eb972d85b5605cb5db7c2c6bc30520ef1b725ec02f3d139c77d64d6a78a6,1484,2,3,-22550.8104274801
main_seed0,0,d1c1eb972d85b5605cb5db7c2c6bc30520ef1b725ec02f3d139c77d64d6a78a6,1484,3,3,-19195.309676504843
main_seed0,0,d1c1eb972d85b5605cb5db7c2c6bc30520ef1b725ec02f3d139c77d64d6a78a6,1485,1,3,-44685.152843054006
main_seed0,0,d1c1eb972d85b5605cb5db7c2c6bc30520ef1b725ec02f3d139c77d64d6a78a6,1485,2,3,-23086.934592835714
main_seed0,0,d1c1eb972d85b5605cb5db7c2c6bc30520ef1b725ec02f3d139c77d64d6a78a6,1485,3,3,-19068.2530167978
main_seed0,0,d1c1eb972d85b5605cb5db7c2c6bc30520ef1b725ec02f3d139c77d64d6a78a6,1486,1,3,-45607.98638903484
main_seed0,0,d1c1eb972d85b5605cb5db7c2c6bc30520ef1b725ec02f3d139c77d64d6a78a6,1486,2,3,-22327.783262992056
main_seed0,0,d1c1eb972d85b5605cb5db7c2c6bc30520ef1b725ec02f3d139c77d64d6a78a6,1486,3,3,-17962.463079050653
main_seed0,0,d1c1eb972d85b5605cb5db7c2c6bc30520ef1b725ec02f3d139c77d64d6a78a6,1487,1,3,-47779.83061148001
main_seed0,0,d1c1eb972d85b5605cb5db7c2c6bc30520ef1b725ec02f3d139c77d64d6a78a6,1487,2,3,-22360.75533299422
main_seed0,0,d1c1eb972d85b5605cb5db7c2c6bc30520ef1b725ec02f3d139c77d64d6a78a6,1487,3,3,-18360.53874367205
main_seed0,0,d1c1eb972d85b5605cb5db7c2c6bc30520ef1b725ec02f3d139c77d64d6a78a6,1488,1,3,-45768.21608235956
main_seed0,0,d1c1eb972d85b5605cb5db7c2c6bc30520ef1b725ec02f3d139c77d64d6a78a6,1488,2,3,-23281.37979328652
main_seed0,0,d1c1eb972d85b5605cb5db7c2c6bc30520ef1b725ec02f3d139c77d64d6a78a6,1488,3,3,-18798.408224217565
main_seed0,0,d1c1eb972d85b5605cb5db7c2c6bc30520ef1b725ec02f3d139c77d64d6a78a6,1489,1,3,-43693.017780415394
main_seed0,0,d1c1eb972d85b5605cb5db7c2c6bc30520ef1b725ec02f3d139c77d64d6a78a6,1489,2,3,-21061.671822302
main_seed0,0,d1c1eb972d85b5605cb5db7c2c6bc30520ef1b725ec02f3d139c77d64d6a78a6,1489,3,3,-18034.14018454252
main_seed0,0,d1c1eb972d85b5605cb5db7c2c6bc30520ef1b725ec02f3d139c77d64d6a78a6,1490,1,3,-47839.48336808256
main_seed0,0,d1c1eb972d85b5605cb5db7c2c6bc30520ef1b725ec02f3d139c77d64d6a78a6,1490,2,3,-24651.49343013343
main_seed0,0,d1c1eb972d85b5605cb5db7c2c6bc30520ef1b725ec02f3d139c77d64d6a78a6,1490,3,3,-19787.44114093107
main_seed0,0,d1c1eb972d85b5605cb5db7c2c6bc30520ef1b725ec02f3d139c77d64d6a78a6,1491,1,3,-44052.31807099633
main_seed0,0,d1c1eb972d85b5605cb5db7c2c6bc30520ef1b725ec02f3d139c77d64d6a78a6,1491,2,3,-23379.086252397225
main_seed0,0,d1c1eb972d85b5605cb5db7c2c6bc30520ef1b725ec02f3d139c77d64d6a78a6,1491,3,3,-18137.786544245253
main_seed0,0,d1c1eb972d85b5605cb5db7c2c6bc30520ef1b725ec02f3d139c77d64d6a78a6,1492,1,3,-44620.182305612696
main_seed0,0,d1c1eb972d85b5605cb5db7c2c6bc30520ef1b725ec02f3d139c77d64d6a78a6,1492,2,3,-20867.47755474768
main_seed0,0,d1c1eb972d85b5605cb5db7c2c6bc30520ef1b725ec02f3d139c77d64d6a78a6,1492,3,3,-17550.146288765543
main_seed0,0,d1c1eb972d85b5605cb5db7c2c6bc30520ef1b725ec02f3d139c77d64d6a78a6,1493,1,3,-44608.68791291738
main_seed0,0,d1c1eb972d85b5605cb5db7c2c6bc30520ef1b725ec02f3d139c77d64d6a78a6,1493,2,3,-21156.442580406096
main_seed0,0,d1c1eb972d85b5605cb5db7c2c6bc30520ef1b725ec02f3d139c77d64d6a78a6,1493,3,3,-18475.08533769405
main_seed0,0,d1c1eb972d85b5605cb5db7c2c6bc30520ef1b725ec02f3d139c77d64d6a78a6,1494,1,3,-46071.19917038016
main_seed0,0,d1c1eb972d85b5605cb5db7c2c6bc30520ef1b725ec02f3d139c77d64d6a78a6,1494,2,3,-20944.12287631768
main_seed0,0,d1c1eb972d85b5605cb5db7c2c6bc30520ef1b725ec02f3d139c77d64d6a78a6,1494,3,3,-21312.88071876659
main_seed0,0,d1c1eb972d85b5605cb5db7c2c6bc30520ef1b725ec02f3d139c77d64d6a78a6,1495,1,3,-47101.57647683467
main_seed0,0,d1c1eb972d85b5605cb5db7c2c6bc30520ef1b725ec02f3d139c77d64d6a78a6,1495,2,3,-21576.024768761607
main_seed0,0,d1c1eb972d85b5605cb5db7c2c6bc30520ef1b725ec02f3d139c77d64d6a78a6,1495,3,3,-18938.47781562677
main_seed0,0,d1c1eb972d85b5605cb5db7c2c6bc30520ef1b725ec02f3d139c77d64d6a78a6,1496,1,3,-46883.442036652064
main_seed0,0,d1c1eb972d85b5605cb5db7c2c6bc30520ef1b725ec02f3d139c77d64d6a78a6,1496,2,3,-22461.576475804563
main_seed0,0,d1c1eb972d85b5605cb5db7c2c6bc30520ef1b725ec02f3d139c77d64d6a78a6,1496,3,3,-17706.88945674422
main_seed0,0,d1c1eb972d85b5605cb5db7c2c6bc30520ef1b725ec02f3d139c77d64d6a78a6,1497,1,3,-44939.21207451662
main_seed0,0,d1c1eb972d85b5605cb5db7c2c6bc30520ef1b725ec02f3d139c77d64d6a78a6,1497,2,3,-19361.306329360985
main_seed0,0,d1c1eb972d85b5605cb5db7c2c6bc30520ef1b725ec02f3d139c77d64d6a78a6,1497,3,3,-19032.01294311245
main_seed0,0,d1c1eb972d85b5605cb5db7c2c6bc30520ef1b725ec02f3d139c77d64d6a78a6,1498,1,3,-44846.5442953121
main_seed0,0,d1c1eb972d85b5605cb5db7c2c6bc30520ef1b725ec02f3d139c77d64d6a78a6,1498,2,3,-22535.982826476768
main_seed0,0,d1c1eb972d85b5605cb5db7c2c6bc30520ef1b725ec02f3d139c77d64d6a78a6,1498,3,3,-18199.50651305964
main_seed0,0,d1c1eb972d85b5605cb5db7c2c6bc30520ef1b725ec02f3d139c77d64d6a78a6,1499,1,3,-43833.73290208355
main_seed0,0,d1c1eb972d85b5605cb5db7c2c6bc30520ef1b725ec02f3d139c77d64d6a78a6,1499,2,3,-21078.8649147186
main_seed0,0,d1c1eb972d85b5605cb5db7c2c6bc30520ef1b725ec02f3d139c77d64d6a78a6,1499,3,3,-18038.74134248661
main_seed0,0,d1c1eb972d85b5605cb5db7c2c6bc30520ef1b725ec02f3d139c77d64d6a78a6,1500,1,3,-46260.36410439095
main_seed0,0,d1c1eb972d85b5605cb5db7c2c6bc30520ef1b725ec02f3d139c77d64d6a78a6,1500,2,3,-20318.97057466341
main_seed0,0,d1c1eb972d85b5605cb5db7c2c6bc30520ef1b725ec02f3d139c77d64d6a78a6,1500,3,3,-19309.85022058801
