run_id,seed,config_hash,iteration,mg,phase,episode_reward,display_reward
inferred_20260921_seed0,0,11ed1195aabfcd298bcaf379e7f064ad8010cd8ca67a057b647baa8bf9ef6e77,1,1,1,-30593.648432351245,-30593.648432351245
inferred_20260921_seed0,0,11ed1195aabfcd298bcaf379e7f064ad8010cd8ca67a057b647baa8bf9ef6e77,1,2,1,-8533.644541237487,-8533.644541237487
inferred_20260921_seed0,0,11ed1195aabfcd298bcaf379e7f064ad8010cd8ca67a057b647baa8bf9ef6e77,1,3,1,-7625.019790821091,-7625.019790821091
inferred_20260921_seed0,0,11ed1195aabfcd298bcaf379e7f064ad8010cd8ca67a057b647baa8bf9ef6e77,2,1,1,-33354.42216530934,-31974.03529883029
inferred_20260921_seed0,0,11ed1195aabfcd298bcaf379e7f064ad8010cd8ca67a057b647baa8bf9ef6e77,2,2,1,-9120.279520990976,-8826.962031114232
inferred_20260921_seed0,0,11ed1195aabfcd298bcaf379e7f064ad8010cd8ca67a057b647baa8bf9ef6e77,2,3,1,-9067.209536703918,-8346.114663762504
inferred_20260921_seed0,0,11ed1195aabfcd298bcaf379e7f064ad8010cd8ca67a057b647baa8bf9ef6e77,3,1,1,-32540.02402254767,-32162.698206736084
inferred_20260921_seed0,0,11ed1195aabfcd298bcaf379e7f064ad8010cd8ca67a057b647baa8bf9ef6e77,3,2,1,-12081.713893953263,-9911.879318727242
inferred_20260921_seed0,0,11ed1195aabfcd298bcaf379e7f064ad8010cd8ca67a057b647baa8bf9ef6e77,3,3,1,-6169.497654543066,-7620.575660689358
inferred_20260921_seed0,0,11ed1195aabfcd298bcaf379e7f064ad8010cd8ca67a057b647baa8bf9ef6e77,4,1,1,-30650.579167261298,-31784.66844686739
inferred_20260921_seed0,0,11ed1195aabfcd298bcaf379e7f064ad8010cd8ca67a057b647baa8bf9ef6e77,4,2,1,-10553.299555946402,-10072.234378032032
inferred_20260921_seed0,0,11ed1195aabfcd298bcaf379e7f064ad8010cd8ca67a057b647baa8bf9ef6e77,4,3,1,-6888.46031382081,-7437.546823972221
inferred_20260921_seed0,0,11ed1195aabfcd298bcaf379e7f064ad8010cd8ca67a057b647baa8bf9ef6e77,5,1,1,-30868.61150243736,-31601.45705798138
inferred_20260921_seed0,0,11ed1195aabfcd298bcaf379e7f064ad8010cd8ca67a057b647baa8bf9ef6e77,5,2,1,-8707.627509019805,-9799.313004229587
inferred_20260921_seed0,0,11ed1195aabfcd298bcaf379e7f064ad8010cd8ca67a057b647baa8bf9ef6e77,5,3,1,-6169.596014026472,-7183.956661983071
inferred_20260921_seed0,0,11ed1195aabfcd298bcaf379e7f064ad8010cd8ca67a057b647baa8bf9ef6e77,6,1,1,-30417.13487058817,-31404.07002674918
inferred_20260921_seed0,0,11ed1195aabfcd298bcaf379e7f064ad8010cd8ca67a057b647baa8bf9ef6e77,6,2,1,-9689.891088963475,-9781.076018351901
inferred_20260921_seed0,0,11ed1195aabfcd298bcaf379e7f064ad8010cd8ca67a057b647baa8bf9ef6e77,6,3,1,-6592.054885829544,-7085.306365957484
inferred_20260921_seed0,0,11ed1195aabfcd298bcaf379e7f064ad8010cd8ca67a057b647baa8bf9ef6e77,7,1,1,-29132.951201943877,-31079.624480348422
inferred_20260921_seed0,0,11ed1195aabfcd298bcaf379e7f064ad8010cd8ca67a057b647baa8bf9ef6e77,7,2,1,-11154.52889000854,-9977.283571445707
inferred_20260921_seed0,0,11ed1195aabfcd298bcaf379e7f064ad8010cd8ca67a057b647baa8bf9ef6e77,7,3,1,-8338.47086913348,-7264.329866411198
inferred_20260921_seed0,0,11ed1195aabfcd298bcaf379e7f064ad8010cd8ca67a057b647baa8bf9ef6e77,8,1,1,-28993.98483106981,-30818.919524188597
inferred_20260921_seed0,0,11ed1195aabfcd298bcaf379e7f064ad8010cd8ca67a057b647baa8bf9ef6e77,8,2,1,-9494.516955732704,-9916.937744481582
inferred_20260921_seed0,0,11ed1195aabfcd298bcaf379e7f064ad8010cd8ca67a057b647baa8bf9ef6e77,8,3,1,-9043.502228081608,-7486.7264116199985
inferred_20260921_seed0,0,11ed1195aabfcd298bcaf379e7f064ad8010cd8ca67a057b647baa8bf9ef6e77,9,1,1,-28424.095356772435,-30552.827950031246
inferred_20260921_seed0,0,11ed1195aabfcd298bcaf379e7f064ad8010cd8ca67a057b647baa8bf9ef6e77,9,2,1,-7012.518627764272,-9594.224509290769
inferred_20260921_seed0,0,11ed1195aabfcd298bcaf379e7f064ad8010cd8ca67a057b647baa8bf9ef6e77,9,3,1,-7394.452112997171,-7476.473711773017
inferred_20260921_seed0,0,11ed1195aabfcd298bcaf379e7f064ad8010cd8ca67a057b647baa8bf9ef6e77,10,1,1,-30226.217171393077,-30520.16687216743
inferred_20260921_seed0,0,11ed1195aabfcd298bcaf379e7f064ad8010cd8ca67a057b647baa8bf9ef6e77,10,2,1,-10093.60291628142,-9644.162349989834
inferred_20260921_seed0,0,11ed1195aabfcd298bcaf379e7f064ad8010cd8ca67a057b647baa8bf9ef6e77,10,3,1,-8071.060264116517,-7535.932367007367
inferred_20260921_seed0,0,11ed1195aabfcd298bcaf379e7f064ad8010cd8ca67a057b647baa8bf9ef6e77,11,1,1,-32315.559550814687,-30683.38438840809
inferred_20260921_seed0,0,11ed1195aabfcd298bcaf379e7f064ad8010cd8ca67a057b647baa8bf9ef6e77,11,2,1,-8553.453921294302,-9545.007038290241
inferred_20260921_seed0,0,11ed1195aabfcd298bcaf379e7f064ad8010cd8ca67a057b647baa8bf9ef6e77,11,3,1,-7553.398846933115,-7537.5202288188
inferred_20260921_seed0,0,11ed1195aabfcd298bcaf379e7f064ad8010cd8ca67a057b647baa8bf9ef6e77,12,1,1,-31618.08879909372,-30761.276422631887
inferred_20260921_seed0,0,11ed1195aabfcd298bcaf379e7f064ad8010cd8ca67a057b647baa8bf9ef6e77,12,2,1,-9803.559433708066,-9566.553071241726
inferred_20260921_seed0,0,11ed1195aabfcd298bcaf379e7f064ad8010cd8ca67a057b647baa8bf9ef6e77,12,3,1,-6332.38437747085,-7437.092241206471
inferred_20260921_seed0,0,11ed1195aabfcd298bcaf379e7f064ad8010cd8ca67a057b647baa8bf9ef6e77,13,1,1,-30366.020068742502,-30730.872087717322
inferred_20260921_seed0,0,11ed1195aabfcd298bcaf379e7f064ad8010cd8ca67a057b647baa8bf9ef6e77,13,2,1,-10203.121903148249,-9615.519904465305
inferred_20260921_seed0,0,11ed1195aabfcd298bcaf379e7f064ad8010cd8ca67a057b647baa8bf9ef6e77,13,3,1,-8309.01196606245,-7504.162989272315
inferred_20260921_seed0,0,11ed1195aabfcd298bcaf379e7f064ad8010cd8ca67a057b647baa8bf9ef6e77,14,1,1,-30480.15401656911,-30712.96365406388
inferred_20260921_seed0,0,11ed1195aabfcd298bcaf379e7f064ad8010cd8ca67a057b647baa8bf9ef6e77,14,2,1,-11143.40763970454,-9724.654742696677
inferred_20260921_seed0,0,11ed1195aabfcd298bcaf379e7f064ad8010cd8ca67a057b647baa8bf9ef6e77,14,3,1,-7821.461204028855,-7526.82714746921
inferred_20260921_seed0,0,11ed1195aabfcd298bcaf379e7f064ad8010cd8ca67a057b647baa8bf9ef6e77,15,1,1,-30747.2396648813,-30715.24872145171
inferred_20260921_seed0,0,11ed1195aabfcd298bcaf379e7f064ad8010cd8ca67a057b647baa8bf9ef6e77,15,2,1,-7688.674912570076,-9588.92275402157
inferred_20260921_seed0,0,11ed1195aabfcd298bcaf379e7f064ad8010cd8ca67a057b647baa8bf9ef6e77,15,3,1,-7710.918009908319,-7539.099871631817
inferred_20260921_seed0,0,11ed1195aabfcd298bcaf379e7f064ad8010cd8ca67a057b647baa8bf9ef6e77,16,1,1,-32140.731758568465,-30804.341411271504
inferred_20260921_seed0,0,11ed1195aabfcd298bcaf379e7f064ad8010cd8ca67a057b647baa8bf9ef6e77,16,2,1,-9781.871058686727,-9600.982023063145
inferred_20260921_seed0,0,11ed1195aabfcd298bcaf379e7f064ad8010cd8ca67a057b647baa8bf9ef6e77,16,3,1,-8890.589360896543,-7623.567964710863
inferred_20260921_seed0,0,11ed1195aabfcd298bcaf379e7f064ad8010cd8ca67a057b647baa8bf9ef6e77,17,1,1,-29297.0531078916,-30715.677393425627
inferred_20260921_seed0,0,11ed1195aabfcd298bcaf379e7f064ad8010cd8ca67a057b647baa8bf9ef6e77,17,2,1,-9631.026612783717,-9602.749351870236
inferred_20260921_seed0,0,11ed1195aabfcd298bcaf379e7f064ad8010cd8ca67a057b647baa8bf9ef6e77,17,3,1,-6417.168272393321,-7552.603276927479
inferred_20260921_seed0,0,11ed1195aabfcd298bcaf379e7f064ad8010cd8ca67a057b647baa8bf9ef6e77,18,1,1,-31758.59733086983,-30773.617389950305
inferred_20260921_seed0,0,11ed1195aabfcd298bcaf379e7f064ad8010cd8ca67a057b647baa8bf9ef6e77,18,2,1,-9747.776825678126,-9610.806433748452
inferred_20260921_seed0,0,11ed1195aabfcd298bcaf379e7f064ad8010cd8ca67a057b647baa8bf9ef6e77,18,3,1,-8177.885894514365,-7587.341200126751
inferred_20260921_seed0,0,11ed1195aabfcd298bcaf379e7f064ad8010cd8ca67a057b647baa8bf9ef6e77,19,1,1,-33197.58820637317,-30901.194801340982
inferred_20260921_seed0,0,11ed1195aabfcd298bcaf379e7f064ad8010cd8ca67a057b647baa8bf9ef6e77,19,2,1,-9898.568148343287,-9625.95178714818
inferred_20260921_seed0,0,11ed1195aabfcd298bcaf379e7f064ad8010cd8ca67a057b647baa8bf9ef6e77,19,3,1,-5466.2596025523935,-7475.705326570204
inferred_20260921_seed0,0,11ed1195aabfcd298bcaf379e7f064ad8010cd8ca67a057b647baa8bf9ef6e77,20,1,1,-31264.801902380605,-30919.375156392965
inferred_20260921_seed0,0,11ed1195aabfcd298bcaf379e7f064ad8010cd8ca67a057b647baa8bf9ef6e77,20,2,1,-8815.13395154613,-9585.410895368079
inferred_20260921_seed0,0,11ed1195aabfcd298bcaf379e7f064ad8010cd8ca67a057b647baa8bf9ef6e77,20,3,1,-7556.596567730077,-7479.749888628199
inferred_20260921_seed0,0,11ed1195aabfcd298bcaf379e7f064ad8010cd8ca67a057b647baa8bf9ef6e77,21,1,1,-29498.471270800845,-30851.713066602864
inferred_20260921_seed0,0,11ed1195aabfcd298bcaf379e7f064ad8010cd8ca67a057b647baa8bf9ef6e77,21,2,1,-8509.033995552389,-9534.154852519712
inferred_20260921_seed0,0,11ed1195aabfcd298bcaf379e7f064ad8010cd8ca67a057b647baa8bf9ef6e77,21,3,1,-7758.35942570537,-7493.017009441397
inferred_20260921_seed0,0,11ed1195aabfcd298bcaf379e7f064ad8010cd8ca67a057b647baa8bf9ef6e77,22,1,1,-28380.583291001727,-30739.388985893722
inferred_20260921_seed0,0,11ed1195aabfcd298bcaf379e7f064ad8010cd8ca67a057b647baa8bf9ef6e77,22,2,1,-9887.917036498771,-9550.234951791486
inferred_20260921_seed0,0,11ed1195aabfcd298bcaf379e7f064ad8010cd8ca67a057b647baa8bf9ef6e77,22,3,1,-6925.610658694597,-7467.225811680179
inferred_20260921_seed0,0,11ed1195aabfcd298bcaf379e7f064ad8010cd8ca67a057b647baa8bf9ef6e77,23,1,1,-30823.67311503729,-30743.05351324779
inferred_20260921_seed0,0,11ed1195aabfcd298bcaf379e7f064ad8010cd8ca67a057b647baa8bf9ef6e77,23,2,1,-11322.128448991658,-9627.273799495842
inferred_20260921_seed0,0,11ed1195aabfcd298bcaf379e7f064ad8010cd8ca67a057b647baa8bf9ef6e77,23,3,1,-6492.747898636648,-7424.857206765242
inferred_20260921_seed0,0,11ed1195aabfcd298bcaf379e7f064ad8010cd8ca67a057b647baa8bf9ef6e77,24,1,1,-31200.198539563724,-30762.10122267762
inferred_20260921_seed0,0,11ed1195aabfcd298bcaf379e7f064ad8010cd8ca67a057b647baa8bf9ef6e77,24,2,1,-7800.979292224298,-9551.178195026196
inferred_20260921_seed0,0,11ed1195aabfcd298bcaf379e7f064ad8010cd8ca67a057b647baa8bf9ef6e77,24,3,1,-9499.935875803849,-7511.318817975185
inferred_20260921_seed0,0,11ed1195aabfcd298bcaf379e7f064ad8010cd8ca67a057b647baa8bf9ef6e77,25,1,1,-30931.674163002102,-30768.8841402906
inferred_20260921_seed0,0,11ed1195aabfcd298bcaf379e7f064ad8010cd8ca67a057b647baa8bf9ef6e77,25,2,1,-9791.615412345487,-9560.795683718967
inferred_20260921_seed0,0,11ed1195aabfcd298bcaf379e7f064ad8010cd8ca67a057b647baa8bf9ef6e77,25,3,1,-8618.804370737476,-7555.618240085676
inferred_20260921_seed0,0,11ed1195aabfcd298bcaf379e7f064ad8010cd8ca67a057b647baa8bf9ef6e77,26,1,1,-31263.89505541933,-30795.694005213318
inferred_20260921_seed0,0,11ed1195aabfcd298bcaf379e7f064ad8010cd8ca67a057b647baa8bf9ef6e77,26,2,1,-10336.060784681547,-9632.89233345673
inferred_20260921_seed0,0,11ed1195aabfcd298bcaf379e7f064ad8010cd8ca67a057b647baa8bf9ef6e77,26,3,1,-6952.961045532889,-7528.735890274148
inferred_20260921_seed0,0,11ed1195aabfcd298bcaf379e7f064ad8010cd8ca67a057b647baa8bf9ef6e77,27,1,1,-28984.74899823224,-30620.90707853024
inferred_20260921_seed0,0,11ed1195aabfcd298bcaf379e7f064ad8010cd8ca67a057b647baa8bf9ef6e77,27,2,1,-9300.946823134824,-9640.119025542483
inferred_20260921_seed0,0,11ed1195aabfcd298bcaf379e7f064ad8010cd8ca67a057b647baa8bf9ef6e77,27,3,1,-10698.025161844644,-7593.968515279777
inferred_20260921_seed0,0,11ed1195aabfcd298bcaf379e7f064ad8010cd8ca67a057b647baa8bf9ef6e77,28,1,1,-30131.952778764244,-30524.584228778902
inferred_20260921_seed0,0,11ed1195aabfcd298bcaf379e7f064ad8010cd8ca67a057b647baa8bf9ef6e77,28,2,1,-11242.135791729794,-9606.535901453544
inferred_20260921_seed0,0,11ed1195aabfcd298bcaf379e7f064ad8010cd8ca67a057b647baa8bf9ef6e77,28,3,1,-7074.750326447122,-7630.17862215594
inferred_20260921_seed0,0,11ed1195aabfcd298bcaf379e7f064ad8010cd8ca67a057b647baa8bf9ef6e77,29,1,1,-33192.7990945778,-30626.27302587156
inferred_20260921_seed0,0,11ed1195aabfcd298bcaf379e7f064ad8010cd8ca67a057b647baa8bf9ef6e77,29,2,1,-9081.563164808687,-9547.666445808036
inferred_20260921_seed0,0,11ed1195aabfcd298bcaf379e7f064ad8010cd8ca67a057b647baa8bf9ef6e77,29,3,1,-6576.523799028551,-7617.70116156425
inferred_20260921_seed0,0,11ed1195aabfcd298bcaf379e7f064ad8010cd8ca67a057b647baa8bf9ef6e77,30,1,1,-31463.461421761906,-30650.067022644544
inferred_20260921_seed0,0,11ed1195aabfcd298bcaf379e7f064ad8010cd8ca67a057b647baa8bf9ef6e77,30,2,1,-7533.013371565924,-9500.681880309881
inferred_20260921_seed0,0,11ed1195aabfcd298bcaf379e7f064ad8010cd8ca67a057b647baa8bf9ef6e77,30,3,1,-6564.651076126544,-7633.5033640482525
inferred_20260921_seed0,0,11ed1195aabfcd298bcaf379e7f064ad8010cd8ca67a057b647baa8bf9ef6e77,31,1,1,-31265.6588512578,-30684.007981871328
inferred_20260921_seed0,0,11ed1195aabfcd298bcaf379e7f064ad8010cd8ca67a057b647baa8bf9ef6e77,31,2,1,-10769.82564843717,-9543.879262688828
inferred_20260921_seed0,0,11ed1195aabfcd298bcaf379e7f064ad8010cd8ca67a057b647baa8bf9ef6e77,31,3,1,-7382.038667851975,-7665.10271532915
inferred_20260921_seed0,0,11ed1195aabfcd298bcaf379e7f064ad8010cd8ca67a057b647baa8bf9ef6e77,32,1,1,-30395.12370362501,-30734.49488193857
inferred_20260921_seed0,0,11ed1195aabfcd298bcaf379e7f064ad8010cd8ca67a057b647baa8bf9ef6e77,32,2,1,-8410.725053652404,-9434.127109234581
inferred_20260921_seed0,0,11ed1195aabfcd298bcaf379e7f064ad8010cd8ca67a057b647baa8bf9ef6e77,32,3,1,-8738.09453347449,-7681.0876619027895
inferred_20260921_seed0,0,11ed1195aabfcd298bcaf379e7f064ad8010cd8ca67a057b647baa8bf9ef6e77,33,1,1,-32935.81108136307,-30892.167931950306
inferred_20260921_seed0,0,11ed1195aabfcd298bcaf379e7f064ad8010cd8ca67a057b647baa8bf9ef6e77,33,2,1,-8590.986138970395,-9397.985876564091
inferred_20260921_seed0,0,11ed1195aabfcd298bcaf379e7f064ad8010cd8ca67a057b647baa8bf9ef6e77,33,3,1,-9398.13702922018,-7695.273053948332
inferred_20260921_seed0,0,11ed1195aabfcd298bcaf379e7f064ad8010cd8ca67a057b647baa8bf9ef6e77,34,1,1,-28100.45764932837,-30879.22242365254
inferred_20260921_seed0,0,11ed1195aabfcd298bcaf379e7f064ad8010cd8ca67a057b647baa8bf9ef6e77,34,2,1,-8085.202677812889,-9440.893238566036
inferred_20260921_seed0,0,11ed1195aabfcd298bcaf379e7f064ad8010cd8ca67a057b647baa8bf9ef6e77,34,3,1,-7688.785099330302,-7707.046373401657
inferred_20260921_seed0,0,11ed1195aabfcd298bcaf379e7f064ad8010cd8ca67a057b647baa8bf9ef6e77,35,1,1,-33001.2879707102,-30990.225255625228
inferred_20260921_seed0,0,11ed1195aabfcd298bcaf379e7f064ad8010cd8ca67a057b647baa8bf9ef6e77,35,2,1,-9606.441335642656,-9421.406775340485
inferred_20260921_seed0,0,11ed1195aabfcd298bcaf379e7f064ad8010cd8ca67a057b647baa8bf9ef6e77,35,3,1,-6700.8407176020255,-7652.237591541078
inferred_20260921_seed0,0,11ed1195aabfcd298bcaf379e7f064ad8010cd8ca67a057b647baa8bf9ef6e77,36,1,1,-28656.242667928484,-30843.85258030978
inferred_20260921_seed0,0,11ed1195aabfcd298bcaf379e7f064ad8010cd8ca67a057b647baa8bf9ef6e77,36,2,1,-12306.741582620378,-9571.538281793526
inferred_20260921_seed0,0,11ed1195aabfcd298bcaf379e7f064ad8010cd8ca67a057b647baa8bf9ef6e77,36,3,1,-8114.692160331314,-7674.689324077006
inferred_20260921_seed0,0,11ed1195aabfcd298bcaf379e7f064ad8010cd8ca67a057b647baa8bf9ef6e77,37,1,1,-30658.07576686572,-30805.45205902066
inferred_20260921_seed0,0,11ed1195aabfcd298bcaf379e7f064ad8010cd8ca67a057b647baa8bf9ef6e77,37,2,1,-10459.983257966209,-9597.795234763853
inferred_20260921_seed0,0,11ed1195aabfcd298bcaf379e7f064ad8010cd8ca67a057b647baa8bf9ef6e77,37,3,1,-7822.50864951502,-7734.294294958772
inferred_20260921_seed0,0,11ed1195aabfcd298bcaf379e7f064ad8010cd8ca67a057b647baa8bf9ef6e77,38,1,1,-30437.122968958,-30808.296175029278
inferred_20260921_seed0,0,11ed1195aabfcd298bcaf379e7f064ad8010cd8ca67a057b647baa8bf9ef6e77,38,2,1,-9030.803627791458,-9550.902503749581
inferred_20260921_seed0,0,11ed1195aabfcd298bcaf379e7f064ad8010cd8ca67a057b647baa8bf9ef6e77,38,3,1,-8311.153964651827,-7734.379974902348
inferred_20260921_seed0,0,11ed1195aabfcd298bcaf379e7f064ad8010cd8ca67a057b647baa8bf9ef6e77,39,1,1,-28915.41655177062,-30745.706676437338
inferred_20260921_seed0,0,11ed1195aabfcd298bcaf379e7f064ad8010cd8ca67a057b647baa8bf9ef6e77,39,2,1,-7996.027661704986,-9425.0073046296
inferred_20260921_seed0,0,11ed1195aabfcd298bcaf379e7f064ad8010cd8ca67a057b647baa8bf9ef6e77,39,3,1,-7856.604079502953,-7735.785689921311
inferred_20260921_seed0,0,11ed1195aabfcd298bcaf379e7f064ad8010cd8ca67a057b647baa8bf9ef6e77,40,1,1,-29713.04198931224,-30704.338769414575
inferred_20260921_seed0,0,11ed1195aabfcd298bcaf379e7f064ad8010cd8ca67a057b647baa8bf9ef6e77,40,2,1,-6681.438922517559,-9384.717865027498
inferred_20260921_seed0,0,11ed1195aabfcd298bcaf379e7f064ad8010cd8ca67a057b647baa8bf9ef6e77,40,3,1,-9250.382700281498,-7797.364277536238
inferred_20260921_seed0,0,11ed1195aabfcd298bcaf379e7f064ad8010cd8ca67a057b647baa8bf9ef6e77,41,1,1,-31288.429188934057,-30670.2466666292
inferred_20260921_seed0,0,11ed1195aabfcd298bcaf379e7f064ad8010cd8ca67a057b647baa8bf9ef6e77,41,2,1,-8797.749932621398,-9345.353019984885
inferred_20260921_seed0,0,11ed1195aabfcd298bcaf379e7f064ad8010cd8ca67a057b647baa8bf9ef6e77,41,3,1,-6736.173426141664,-7711.187640146044
inferred_20260921_seed0,0,11ed1195aabfcd298bcaf379e7f064ad8010cd8ca67a057b647baa8bf9ef6e77,42,1,1,-31136.66819755426,-30743.831270215705
inferred_20260921_seed0,0,11ed1195aabfcd298bcaf379e7f064ad8010cd8ca67a057b647baa8bf9ef6e77,42,2,1,-9001.171554125052,-9320.15881763854
inferred_20260921_seed0,0,11ed1195aabfcd298bcaf379e7f064ad8010cd8ca67a057b647baa8bf9ef6e77,42,3,1,-8420.466143026642,-7791.319554971377
inferred_20260921_seed0,0,11ed1195aabfcd298bcaf379e7f064ad8010cd8ca67a057b647baa8bf9ef6e77,43,1,1,-31000.85524127681,-30713.521586631985
inferred_20260921_seed0,0,11ed1195aabfcd298bcaf379e7f064ad8010cd8ca67a057b647baa8bf9ef6e77,43,2,1,-10420.94819591927,-9347.085672448186
inferred_20260921_seed0,0,11ed1195aabfcd298bcaf379e7f064ad8010cd8ca67a057b647baa8bf9ef6e77,43,3,1,-6198.914716610452,-7712.16070785522
inferred_20260921_seed0,0,11ed1195aabfcd298bcaf379e7f064ad8010cd8ca67a057b647baa8bf9ef6e77,44,1,1,-31060.214324097666,-30628.026631340967
inferred_20260921_seed0,0,11ed1195aabfcd298bcaf379e7f064ad8010cd8ca67a057b647baa8bf9ef6e77,44,2,1,-9680.665533689213,-9338.36956786202
inferred_20260921_seed0,0,11ed1195aabfcd298bcaf379e7f064ad8010cd8ca67a057b647baa8bf9ef6e77,44,3,1,-9394.48854423636,-7869.289865522579
inferred_20260921_seed0,0,11ed1195aabfcd298bcaf379e7f064ad8010cd8ca67a057b647baa8bf9ef6e77,45,1,1,-32779.87225811863,-30688.629445570485
inferred_20260921_seed0,0,11ed1195aabfcd298bcaf379e7f064ad8010cd8ca67a057b647baa8bf9ef6e77,45,2,1,-7684.770038210418,-9293.155011328592
inferred_20260921_seed0,0,11ed1195aabfcd298bcaf379e7f064ad8010cd8ca67a057b647baa8bf9ef6e77,45,3,1,-7631.938682924788,-7872.303550130367
inferred_20260921_seed0,0,11ed1195aabfcd298bcaf379e7f064ad8010cd8ca67a057b647baa8bf9ef6e77,46,1,1,-32293.895941228344,-30800.446432387587
inferred_20260921_seed0,0,11ed1195aabfcd298bcaf379e7f064ad8010cd8ca67a057b647baa8bf9ef6e77,46,2,1,-8749.125376980606,-9302.758666585722
inferred_20260921_seed0,0,11ed1195aabfcd298bcaf379e7f064ad8010cd8ca67a057b647baa8bf9ef6e77,46,3,1,-6807.376569717261,-7834.264235890843
inferred_20260921_seed0,0,11ed1195aabfcd298bcaf379e7f064ad8010cd8ca67a057b647baa8bf9ef6e77,47,1,1,-28167.654251339314,-30791.929270801087
inferred_20260921_seed0,0,11ed1195aabfcd298bcaf379e7f064ad8010cd8ca67a057b647baa8bf9ef6e77,47,2,1,-10597.567881321844,-9331.144700378645
inferred_20260921_seed0,0,11ed1195aabfcd298bcaf379e7f064ad8010cd8ca67a057b647baa8bf9ef6e77,47,3,1,-7225.996022802556,-7846.279650455162
inferred_20260921_seed0,0,11ed1195aabfcd298bcaf379e7f064ad8010cd8ca67a057b647baa8bf9ef6e77,48,1,1,-29329.87140792012,-30732.177202516403
inferred_20260921_seed0,0,11ed1195aabfcd298bcaf379e7f064ad8010cd8ca67a057b647baa8bf9ef6e77,48,2,1,-9153.797870535069,-9244.411477240383
inferred_20260921_seed0,0,11ed1195aabfcd298bcaf379e7f064ad8010cd8ca67a057b647baa8bf9ef6e77,48,3,1,-6107.361568725042,-7830.8641972586975
inferred_20260921_seed0,0,11ed1195aabfcd298bcaf379e7f064ad8010cd8ca67a057b647baa8bf9ef6e77,49,1,1,-29346.01151772429,-30658.009721642826
inferred_20260921_seed0,0,11ed1195aabfcd298bcaf379e7f064ad8010cd8ca67a057b647baa8bf9ef6e77,49,2,1,-7945.32130926483,-9250.185157922002
inferred_20260921_seed0,0,11ed1195aabfcd298bcaf379e7f064ad8010cd8ca67a057b647baa8bf9ef6e77,49,3,1,-6718.06615050466,-7719.589408246729
inferred_20260921_seed0,0,11ed1195aabfcd298bcaf379e7f064ad8010cd8ca67a057b647baa8bf9ef6e77,50,1,1,-31007.615364186982,-30661.04736969022
inferred_20260921_seed0,0,11ed1195aabfcd298bcaf379e7f064ad8010cd8ca67a057b647baa8bf9ef6e77,50,2,1,-10391.062570029026,-9274.163044229344
inferred_20260921_seed0,0,11ed1195aabfcd298bcaf379e7f064ad8010cd8ca67a057b647baa8bf9ef6e77,50,3,1,-7423.923043833261,-7671.794155170562
inferred_20260921_seed0,0,11ed1195aabfcd298bcaf379e7f064ad8010cd8ca67a057b647baa8bf9ef6e77,51,1,1,-26827.0480972656,-30483.57349136407
inferred_20260921_seed0,0,11ed1195aabfcd298bcaf379e7f064ad8010cd8ca67a057b647baa8bf9ef6e77,51,2,1,-10332.19031234766,-9274.008225335989
inferred_20260921_seed0,0,11ed1195aabfcd298bcaf379e7f064ad8010cd8ca67a057b647baa8bf9ef6e77,51,3,1,-7790.762333095602,-7705.306206673069
inferred_20260921_seed0,0,11ed1195aabfcd298bcaf379e7f064ad8010cd8ca67a057b647baa8bf9ef6e77,52,1,1,-30915.39502243601,-30560.79933233222
inferred_20260921_seed0,0,11ed1195aabfcd298bcaf379e7f064ad8010cd8ca67a057b647baa8bf9ef6e77,52,2,1,-7870.501392869601,-9216.79040812538
inferred_20260921_seed0,0,11ed1195aabfcd298bcaf379e7f064ad8010cd8ca67a057b647baa8bf9ef6e77,52,3,1,-9353.41101978247,-7651.5216409905825
inferred_20260921_seed0,0,11ed1195aabfcd298bcaf379e7f064ad8010cd8ca67a057b647baa8bf9ef6e77,53,1,1,-30952.041695838838,-30593.602889015205
inferred_20260921_seed0,0,11ed1195aabfcd298bcaf379e7f064ad8010cd8ca67a057b647baa8bf9ef6e77,53,2,1,-9042.594559794748,-9128.808758847978
inferred_20260921_seed0,0,11ed1195aabfcd298bcaf379e7f064ad8010cd8ca67a057b647baa8bf9ef6e77,53,3,1,-8201.959059250645,-7696.609990302723
inferred_20260921_seed0,0,11ed1195aabfcd298bcaf379e7f064ad8010cd8ca67a057b647baa8bf9ef6e77,54,1,1,-28614.68059333579,-30410.478148965525
inferred_20260921_seed0,0,11ed1195aabfcd298bcaf379e7f064ad8010cd8ca67a057b647baa8bf9ef6e77,54,2,1,-9468.80529019536,-9144.298443863445
inferred_20260921_seed0,0,11ed1195aabfcd298bcaf379e7f064ad8010cd8ca67a057b647baa8bf9ef6e77,54,3,1,-8362.218057483477,-7768.03776064092
inferred_20260921_seed0,0,11ed1195aabfcd298bcaf379e7f064ad8010cd8ca67a057b647baa8bf9ef6e77,55,1,1,-30486.41872617137,-30371.396441141904
inferred_20260921_seed0,0,11ed1195aabfcd298bcaf379e7f064ad8010cd8ca67a057b647baa8bf9ef6e77,55,2,1,-10017.25781360433,-9243.66822154498
inferred_20260921_seed0,0,11ed1195aabfcd298bcaf379e7f064ad8010cd8ca67a057b647baa8bf9ef6e77,55,3,1,-9732.89445309962,-7894.767495719843
inferred_20260921_seed0,0,11ed1195aabfcd298bcaf379e7f064ad8010cd8ca67a057b647baa8bf9ef6e77,56,1,1,-30126.81786785462,-30325.842801805775
inferred_20260921_seed0,0,11ed1195aabfcd298bcaf379e7f064ad8010cd8ca67a057b647baa8bf9ef6e77,56,2,1,-11767.716216537649,-9283.583844269
inferred_20260921_seed0,0,11ed1195aabfcd298bcaf379e7f064ad8010cd8ca67a057b647baa8bf9ef6e77,56,3,1,-7594.289746804974,-7903.257538877963
inferred_20260921_seed0,0,11ed1195aabfcd298bcaf379e7f064ad8010cd8ca67a057b647baa8bf9ef6e77,57,1,1,-32408.40381212611,-30406.37400614582
inferred_20260921_seed0,0,11ed1195aabfcd298bcaf379e7f064ad8010cd8ca67a057b647baa8bf9ef6e77,57,2,1,-7919.817831415676,-9263.947555379531
inferred_20260921_seed0,0,11ed1195aabfcd298bcaf379e7f064ad8010cd8ca67a057b647baa8bf9ef6e77,57,3,1,-7441.719033936186,-7851.4025188964315
inferred_20260921_seed0,0,11ed1195aabfcd298bcaf379e7f064ad8010cd8ca67a057b647baa8bf9ef6e77,58,1,1,-31089.66227139749,-30332.528053747195
inferred_20260921_seed0,0,11ed1195aabfcd298bcaf379e7f064ad8010cd8ca67a057b647baa8bf9ef6e77,58,2,1,-9438.244452003337,-9297.837887900849
inferred_20260921_seed0,0,11ed1195aabfcd298bcaf379e7f064ad8010cd8ca67a057b647baa8bf9ef6e77,58,3,1,-6528.361019239574,-7736.611478497207
inferred_20260921_seed0,0,11ed1195aabfcd298bcaf379e7f064ad8010cd8ca67a057b647baa8bf9ef6e77,59,1,1,-30411.574362970336,-30424.972722292874
inferred_20260921_seed0,0,11ed1195aabfcd298bcaf379e7f064ad8010cd8ca67a057b647baa8bf9ef6e77,59,2,1,-10043.246723624356,-9376.159649733307
inferred_20260921_seed0,0,11ed1195aabfcd298bcaf379e7f064ad8010cd8ca67a057b647baa8bf9ef6e77,59,3,1,-6950.307469834663,-7707.072373317383
inferred_20260921_seed0,0,11ed1195aabfcd298bcaf379e7f064ad8010cd8ca67a057b647baa8bf9ef6e77,60,1,1,-28679.49689761257,-30252.101079368967
inferred_20260921_seed0,0,11ed1195aabfcd298bcaf379e7f064ad8010cd8ca67a057b647baa8bf9ef6e77,60,2,1,-11407.418995209486,-9448.19875611598
inferred_20260921_seed0,0,11ed1195aabfcd298bcaf379e7f064ad8010cd8ca67a057b647baa8bf9ef6e77,60,3,1,-7709.184470151353,-7747.406123419355
inferred_20260921_seed0,0,11ed1195aabfcd298bcaf379e7f064ad8010cd8ca67a057b647baa8bf9ef6e77,61,1,1,-29861.28701770596,-30300.30285336007
inferred_20260921_seed0,0,11ed1195aabfcd298bcaf379e7f064ad8010cd8ca67a057b647baa8bf9ef6e77,61,2,1,-9065.805029503868,-9318.561293991319
inferred_20260921_seed0,0,11ed1195aabfcd298bcaf379e7f064ad8010cd8ca67a057b647baa8bf9ef6e77,61,3,1,-8236.42998090725,-7752.275636242392
inferred_20260921_seed0,0,11ed1195aabfcd298bcaf379e7f064ad8010cd8ca67a057b647baa8bf9ef6e77,62,1,1,-30210.794936373062,-30282.41162014036
inferred_20260921_seed0,0,11ed1195aabfcd298bcaf379e7f064ad8010cd8ca67a057b647baa8bf9ef6e77,62,2,1,-8509.557239017407,-9240.54425323337
inferred_20260921_seed0,0,11ed1195aabfcd298bcaf379e7f064ad8010cd8ca67a057b647baa8bf9ef6e77,62,3,1,-8392.556951731252,-7775.077568331042
inferred_20260921_seed0,0,11ed1195aabfcd298bcaf379e7f064ad8010cd8ca67a057b647baa8bf9ef6e77,63,1,1,-28797.914859619123,-30216.843295766805
inferred_20260921_seed0,0,11ed1195aabfcd298bcaf379e7f064ad8010cd8ca67a057b647baa8bf9ef6e77,63,2,1,-9354.521216301426,-9253.492956773767
inferred_20260921_seed0,0,11ed1195aabfcd298bcaf379e7f064ad8010cd8ca67a057b647baa8bf9ef6e77,63,3,1,-9291.441813137388,-7814.289082270464
inferred_20260921_seed0,0,11ed1195aabfcd298bcaf379e7f064ad8010cd8ca67a057b647baa8bf9ef6e77,64,1,1,-30766.54321848712,-30290.88836243547
inferred_20260921_seed0,0,11ed1195aabfcd298bcaf379e7f064ad8010cd8ca67a057b647baa8bf9ef6e77,64,2,1,-10850.449801970151,-9367.669842384374
inferred_20260921_seed0,0,11ed1195aabfcd298bcaf379e7f064ad8010cd8ca67a057b647baa8bf9ef6e77,64,3,1,-7040.884329654362,-7781.66029227652
inferred_20260921_seed0,0,11ed1195aabfcd298bcaf379e7f064ad8010cd8ca67a057b647baa8bf9ef6e77,65,1,1,-29309.18991523182,-30274.73427947225
inferred_20260921_seed0,0,11ed1195aabfcd298bcaf379e7f064ad8010cd8ca67a057b647baa8bf9ef6e77,65,2,1,-9879.519384852383,-9495.593060877767
inferred_20260921_seed0,0,11ed1195aabfcd298bcaf379e7f064ad8010cd8ca67a057b647baa8bf9ef6e77,65,3,1,-8079.857614162581,-7734.839288831764
inferred_20260921_seed0,0,11ed1195aabfcd298bcaf379e7f064ad8010cd8ca67a057b647baa8bf9ef6e77,66,1,1,-31308.14579603047,-30275.52294375611
inferred_20260921_seed0,0,11ed1195aabfcd298bcaf379e7f064ad8010cd8ca67a057b647baa8bf9ef6e77,66,2,1,-9821.130958630032,-9536.528301918112
inferred_20260921_seed0,0,11ed1195aabfcd298bcaf379e7f064ad8010cd8ca67a057b647baa8bf9ef6e77,66,3,1,-8611.775160871617,-7809.863358220961
inferred_20260921_seed0,0,11ed1195aabfcd298bcaf379e7f064ad8010cd8ca67a057b647baa8bf9ef6e77,67,1,1,-32447.838425263213,-30327.969752864465
inferred_20260921_seed0,0,11ed1195aabfcd298bcaf379e7f064ad8010cd8ca67a057b647baa8bf9ef6e77,67,2,1,-8848.933518315967,-9530.438780485747
inferred_20260921_seed0,0,11ed1195aabfcd298bcaf379e7f064ad8010cd8ca67a057b647baa8bf9ef6e77,67,3,1,-7717.704660675538,-7781.752898926917
inferred_20260921_seed0,0,11ed1195aabfcd298bcaf379e7f064ad8010cd8ca67a057b647baa8bf9ef6e77,68,1,1,-28459.8915745903,-30226.331206197006
inferred_20260921_seed0,0,11ed1195aabfcd298bcaf379e7f064ad8010cd8ca67a057b647baa8bf9ef6e77,68,2,1,-8180.748153477263,-9440.830778788068
inferred_20260921_seed0,0,11ed1195aabfcd298bcaf379e7f064ad8010cd8ca67a057b647baa8bf9ef6e77,68,3,1,-7436.833962442615,-7831.269668760203
inferred_20260921_seed0,0,11ed1195aabfcd298bcaf379e7f064ad8010cd8ca67a057b647baa8bf9ef6e77,69,1,1,-28384.475258842773,-30119.301643586805
inferred_20260921_seed0,0,11ed1195aabfcd298bcaf379e7f064ad8010cd8ca67a057b647baa8bf9ef6e77,69,2,1,-8419.443772042116,-9390.381908322184
inferred_20260921_seed0,0,11ed1195aabfcd298bcaf379e7f064ad8010cd8ca67a057b647baa8bf9ef6e77,69,3,1,-7070.627988757633,-7738.315246541056
inferred_20260921_seed0,0,11ed1195aabfcd298bcaf379e7f064ad8010cd8ca67a057b647baa8bf9ef6e77,70,1,1,-28728.849810390908,-29957.2607456777
inferred_20260921_seed0,0,11ed1195aabfcd298bcaf379e7f064ad8010cd8ca67a057b647baa8bf9ef6e77,70,2,1,-9762.345285819316,-9473.48491822654
inferred_20260921_seed0,0,11ed1195aabfcd298bcaf379e7f064ad8010cd8ca67a057b647baa8bf9ef6e77,70,3,1,-7556.03300655854,-7735.279019486405
inferred_20260921_seed0,0,11ed1195aabfcd298bcaf379e7f064ad8010cd8ca67a057b647baa8bf9ef6e77,71,1,1,-31961.99903996289,-29943.984869627082
inferred_20260921_seed0,0,11ed1195aabfcd298bcaf379e7f064ad8010cd8ca67a057b647baa8bf9ef6e77,71,2,1,-8108.1122131102275,-9447.844391671726
inferred_20260921_seed0,0,11ed1195aabfcd298bcaf379e7f064ad8010cd8ca67a057b647baa8bf9ef6e77,71,3,1,-5278.06964198813,-7674.106742377239
inferred_20260921_seed0,0,11ed1195aabfcd298bcaf379e7f064ad8010cd8ca67a057b647baa8bf9ef6e77,72,1,1,-28288.45141954753,-29948.816756355413
inferred_20260921_seed0,0,11ed1195aabfcd298bcaf379e7f064ad8010cd8ca67a057b647baa8bf9ef6e77,72,2,1,-10021.261661869608,-9424.792142893635
inferred_20260921_seed0,0,11ed1195aabfcd298bcaf379e7f064ad8010cd8ca67a057b647baa8bf9ef6e77,72,3,1,-7441.178494861459,-7682.714041259596
inferred_20260921_seed0,0,11ed1195aabfcd298bcaf379e7f064ad8010cd8ca67a057b647baa8bf9ef6e77,73,1,1,-31259.58486161464,-30026.005294503193
inferred_20260921_seed0,0,11ed1195aabfcd298bcaf379e7f064ad8010cd8ca67a057b647baa8bf9ef6e77,73,2,1,-14486.869382663974,-9638.115003378793
inferred_20260921_seed0,0,11ed1195aabfcd298bcaf379e7f064ad8010cd8ca67a057b647baa8bf9ef6e77,73,3,1,-5762.6892441975615,-7668.927148278496
inferred_20260921_seed0,0,11ed1195aabfcd298bcaf379e7f064ad8010cd8ca67a057b647baa8bf9ef6e77,74,1,1,-30782.77877853168,-30083.47598493549
inferred_20260921_seed0,0,11ed1195aabfcd298bcaf379e7f064ad8010cd8ca67a057b647baa8bf9ef6e77,74,2,1,-9869.663334575642,-9715.088684391225
inferred_20260921_seed0,0,11ed1195aabfcd298bcaf379e7f064ad8010cd8ca67a057b647baa8bf9ef6e77,74,3,1,-7656.674332940847,-7706.471475575943
inferred_20260921_seed0,0,11ed1195aabfcd298bcaf379e7f064ad8010cd8ca67a057b647baa8bf9ef6e77,75,1,1,-32339.442063698207,-30136.749052915937
inferred_20260921_seed0,0,11ed1195aabfcd298bcaf379e7f064ad8010cd8ca67a057b647baa8bf9ef6e77,75,2,1,-10388.353028857677,-9714.98030274437
inferred_20260921_seed0,0,11ed1195aabfcd298bcaf379e7f064ad8010cd8ca67a057b647baa8bf9ef6e77,75,3,1,-7752.202210781063,-7719.602642253856
inferred_20260921_seed0,0,11ed1195aabfcd298bcaf379e7f064ad8010cd8ca67a057b647baa8bf9ef6e77,76,1,1,-27707.07401648752,-30171.950089684815
inferred_20260921_seed0,0,11ed1195aabfcd298bcaf379e7f064ad8010cd8ca67a057b647baa8bf9ef6e77,76,2,1,-10303.213619197384,-9713.82123501836
inferred_20260921_seed0,0,11ed1195aabfcd298bcaf379e7f064ad8010cd8ca67a057b647baa8bf9ef6e77,76,3,1,-8225.186188292419,-7736.979596461728
inferred_20260921_seed0,0,11ed1195aabfcd298bcaf379e7f064ad8010cd8ca67a057b647baa8bf9ef6e77,77,1,1,-31724.49098546603,-30204.313928206015
inferred_20260921_seed0,0,11ed1195aabfcd298bcaf379e7f064ad8010cd8ca67a057b647baa8bf9ef6e77,77,2,1,-11472.850407916014,-9857.915195620217
inferred_20260921_seed0,0,11ed1195aabfcd298bcaf379e7f064ad8010cd8ca67a057b647baa8bf9ef6e77,77,3,1,-8391.724488856344,-7698.512135224683
inferred_20260921_seed0,0,11ed1195aabfcd298bcaf379e7f064ad8010cd8ca67a057b647baa8bf9ef6e77,78,1,1,-29109.890735866797,-30130.627889807136
inferred_20260921_seed0,0,11ed1195aabfcd298bcaf379e7f064ad8010cd8ca67a057b647baa8bf9ef6e77,78,2,1,-11088.71583731889,-9939.760046721181
inferred_20260921_seed0,0,11ed1195aabfcd298bcaf379e7f064ad8010cd8ca67a057b647baa8bf9ef6e77,78,3,1,-8974.593765137022,-7729.417523460139
inferred_20260921_seed0,0,11ed1195aabfcd298bcaf379e7f064ad8010cd8ca67a057b647baa8bf9ef6e77,79,1,1,-30867.450335539917,-30220.7386794953
inferred_20260921_seed0,0,11ed1195aabfcd298bcaf379e7f064ad8010cd8ca67a057b647baa8bf9ef6e77,79,2,1,-11329.484773748783,-10014.187226063317
inferred_20260921_seed0,0,11ed1195aabfcd298bcaf379e7f064ad8010cd8ca67a057b647baa8bf9ef6e77,79,3,1,-7932.405123037653,-7712.225006082304
inferred_20260921_seed0,0,11ed1195aabfcd298bcaf379e7f064ad8010cd8ca67a057b647baa8bf9ef6e77,80,1,1,-30536.586594646764,-30222.745394234316
inferred_20260921_seed0,0,11ed1195aabfcd298bcaf379e7f064ad8010cd8ca67a057b647baa8bf9ef6e77,80,2,1,-10483.180790460032,-10032.824145137547
inferred_20260921_seed0,0,11ed1195aabfcd298bcaf379e7f064ad8010cd8ca67a057b647baa8bf9ef6e77,80,3,1,-7818.6832294751075,-7635.656557137325
inferred_20260921_seed0,0,11ed1195aabfcd298bcaf379e7f064ad8010cd8ca67a057b647baa8bf9ef6e77,81,1,1,-28809.74234038253,-30170.062373135428
inferred_20260921_seed0,0,11ed1195aabfcd298bcaf379e7f064ad8010cd8ca67a057b647baa8bf9ef6e77,81,2,1,-8933.010793006957,-9919.435928196319
inferred_20260921_seed0,0,11ed1195aabfcd298bcaf379e7f064ad8010cd8ca67a057b647baa8bf9ef6e77,81,3,1,-6344.68017199194,-7585.672174144804
inferred_20260921_seed0,0,11ed1195aabfcd298bcaf379e7f064ad8010cd8ca67a057b647baa8bf9ef6e77,82,1,1,-32590.919362190198,-30177.362995137995
inferred_20260921_seed0,0,11ed1195aabfcd298bcaf379e7f064ad8010cd8ca67a057b647baa8bf9ef6e77,82,2,1,-8611.778938536292,-9947.114372481145
inferred_20260921_seed0,0,11ed1195aabfcd298bcaf379e7f064ad8010cd8ca67a057b647baa8bf9ef6e77,82,3,1,-7862.058291349296,-7602.485744441328
inferred_20260921_seed0,0,11ed1195aabfcd298bcaf379e7f064ad8010cd8ca67a057b647baa8bf9ef6e77,83,1,1,-29665.107765104363,-30120.38081488627
inferred_20260921_seed0,0,11ed1195aabfcd298bcaf379e7f064ad8010cd8ca67a057b647baa8bf9ef6e77,83,2,1,-8032.075942508151,-9890.867632101335
inferred_20260921_seed0,0,11ed1195aabfcd298bcaf379e7f064ad8010cd8ca67a057b647baa8bf9ef6e77,83,3,1,-5891.559802966198,-7577.013695790392
inferred_20260921_seed0,0,11ed1195aabfcd298bcaf379e7f064ad8010cd8ca67a057b647baa8bf9ef6e77,84,1,1,-29269.53846935353,-30074.699379141595
inferred_20260921_seed0,0,11ed1195aabfcd298bcaf379e7f064ad8010cd8ca67a057b647baa8bf9ef6e77,84,2,1,-10698.962977978828,-9917.096282275515
inferred_20260921_seed0,0,11ed1195aabfcd298bcaf379e7f064ad8010cd8ca67a057b647baa8bf9ef6e77,84,3,1,-8086.898920336183,-7622.477353810454
inferred_20260921_seed0,0,11ed1195aabfcd298bcaf379e7f064ad8010cd8ca67a057b647baa8bf9ef6e77,85,1,1,-28231.08842311997,-30056.76304016189
inferred_20260921_seed0,0,11ed1195aabfcd298bcaf379e7f064ad8010cd8ca67a057b647baa8bf9ef6e77,85,2,1,-8843.164355750898,-9814.526096697171
inferred_20260921_seed0,0,11ed1195aabfcd298bcaf379e7f064ad8010cd8ca67a057b647baa8bf9ef6e77,85,3,1,-7669.59160797836,-7620.893639323534
inferred_20260921_seed0,0,11ed1195aabfcd298bcaf379e7f064ad8010cd8ca67a057b647baa8bf9ef6e77,86,1,1,-32102.08127997023,-30146.394810652462
inferred_20260921_seed0,0,11ed1195aabfcd298bcaf379e7f064ad8010cd8ca67a057b647baa8bf9ef6e77,86,2,1,-9865.433230451385,-9846.511224735073
inferred_20260921_seed0,0,11ed1195aabfcd298bcaf379e7f064ad8010cd8ca67a057b647baa8bf9ef6e77,86,3,1,-6876.693426581105,-7566.504177150488
inferred_20260921_seed0,0,11ed1195aabfcd298bcaf379e7f064ad8010cd8ca67a057b647baa8bf9ef6e77,87,1,1,-32370.035255862986,-30232.76442343206
inferred_20260921_seed0,0,11ed1195aabfcd298bcaf379e7f064ad8010cd8ca67a057b647baa8bf9ef6e77,87,2,1,-9193.651314229037,-9873.874987743538
inferred_20260921_seed0,0,11ed1195aabfcd298bcaf379e7f064ad8010cd8ca67a057b647baa8bf9ef6e77,87,3,1,-6959.512463705789,-7509.18239762947
inferred_20260921_seed0,0,11ed1195aabfcd298bcaf379e7f064ad8010cd8ca67a057b647baa8bf9ef6e77,88,1,1,-29313.03054038449,-30253.36905066267
inferred_20260921_seed0,0,11ed1195aabfcd298bcaf379e7f064ad8010cd8ca67a057b647baa8bf9ef6e77,88,2,1,-10991.043768652333,-9939.335889837574
inferred_20260921_seed0,0,11ed1195aabfcd298bcaf379e7f064ad8010cd8ca67a057b647baa8bf9ef6e77,88,3,1,-8356.78925912688,-7471.796295469049
inferred_20260921_seed0,0,11ed1195aabfcd298bcaf379e7f064ad8010cd8ca67a057b647baa8bf9ef6e77,89,1,1,-30170.64670381737,-30229.533190075887
inferred_20260921_seed0,0,11ed1195aabfcd298bcaf379e7f064ad8010cd8ca67a057b647baa8bf9ef6e77,89,2,1,-9272.58295955041,-9876.221216140784
inferred_20260921_seed0,0,11ed1195aabfcd298bcaf379e7f064ad8010cd8ca67a057b647baa8bf9ef6e77,89,3,1,-7103.621745667079,-7474.305792109558
inferred_20260921_seed0,0,11ed1195aabfcd298bcaf379e7f064ad8010cd8ca67a057b647baa8bf9ef6e77,90,1,1,-30122.43357523279,-30262.062936475922
inferred_20260921_seed0,0,11ed1195aabfcd298bcaf379e7f064ad8010cd8ca67a057b647baa8bf9ef6e77,90,2,1,-12018.955615812549,-9961.79866537919
inferred_20260921_seed0,0,11ed1195aabfcd298bcaf379e7f064ad8010cd8ca67a057b647baa8bf9ef6e77,90,3,1,-6905.560258926938,-7427.333897900132
inferred_20260921_seed0,0,11ed1195aabfcd298bcaf379e7f064ad8010cd8ca67a057b647baa8bf9ef6e77,91,1,1,-28768.11420069816,-30160.46167266263
inferred_20260921_seed0,0,11ed1195aabfcd298bcaf379e7f064ad8010cd8ca67a057b647baa8bf9ef6e77,91,2,1,-9421.298189497473,-9945.805354613889
inferred_20260921_seed0,0,11ed1195aabfcd298bcaf379e7f064ad8010cd8ca67a057b647baa8bf9ef6e77,91,3,1,-6289.275571554497,-7334.4339143274465
inferred_20260921_seed0,0,11ed1195aabfcd298bcaf379e7f064ad8010cd8ca67a057b647baa8bf9ef6e77,92,1,1,-30703.72884030176,-30090.697289264175
inferred_20260921_seed0,0,11ed1195aabfcd298bcaf379e7f064ad8010cd8ca67a057b647baa8bf9ef6e77,92,2,1,-9017.41506742006,-9952.544616578052
inferred_20260921_seed0,0,11ed1195aabfcd298bcaf379e7f064ad8010cd8ca67a057b647baa8bf9ef6e77,92,3,1,-7863.96990394475,-7340.284524058216
inferred_20260921_seed0,0,11ed1195aabfcd298bcaf379e7f064ad8010cd8ca67a057b647baa8bf9ef6e77,93,1,1,-29533.4903023668,-30133.641238375232
inferred_20260921_seed0,0,11ed1195aabfcd298bcaf379e7f064ad8010cd8ca67a057b647baa8bf9ef6e77,93,2,1,-7151.341895025254,-9911.368366239973
inferred_20260921_seed0,0,11ed1195aabfcd298bcaf379e7f064ad8010cd8ca67a057b647baa8bf9ef6e77,93,3,1,-6894.9427739938255,-7318.608876520265
inferred_20260921_seed0,0,11ed1195aabfcd298bcaf379e7f064ad8010cd8ca67a057b647baa8bf9ef6e77,94,1,1,-27660.761316574477,-30104.692680684504
inferred_20260921_seed0,0,11ed1195aabfcd298bcaf379e7f064ad8010cd8ca67a057b647baa8bf9ef6e77,94,2,1,-8513.383586380989,-9915.125958813527
inferred_20260921_seed0,0,11ed1195aabfcd298bcaf379e7f064ad8010cd8ca67a057b647baa8bf9ef6e77,94,3,1,-6907.232855011524,-7312.07307117042
inferred_20260921_seed0,0,11ed1195aabfcd298bcaf379e7f064ad8010cd8ca67a057b647baa8bf9ef6e77,95,1,1,-28906.248011604268,-30111.788608733033
inferred_20260921_seed0,0,11ed1195aabfcd298bcaf379e7f064ad8010cd8ca67a057b647baa8bf9ef6e77,95,2,1,-9214.025806017007,-9893.193179621434
inferred_20260921_seed0,0,11ed1195aabfcd298bcaf379e7f064ad8010cd8ca67a057b647baa8bf9ef6e77,95,3,1,-7327.165765239097,-7302.918381517644
inferred_20260921_seed0,0,11ed1195aabfcd298bcaf379e7f064ad8010cd8ca67a057b647baa8bf9ef6e77,96,1,1,-29341.37578225809,-30006.963678424843
inferred_20260921_seed0,0,11ed1195aabfcd298bcaf379e7f064ad8010cd8ca67a057b647baa8bf9ef6e77,96,2,1,-7831.238843643572,-9882.118244842768
inferred_20260921_seed0,0,11ed1195aabfcd298bcaf379e7f064ad8010cd8ca67a057b647baa8bf9ef6e77,96,3,1,-9269.135940423734,-7462.561033455067
inferred_20260921_seed0,0,11ed1195aabfcd298bcaf379e7f064ad8010cd8ca67a057b647baa8bf9ef6e77,97,1,1,-29419.309982879822,-30052.198020958138
inferred_20260921_seed0,0,11ed1195aabfcd298bcaf379e7f064ad8010cd8ca67a057b647baa8bf9ef6e77,97,2,1,-9615.003464895924,-9865.86791696382
inferred_20260921_seed0,0,11ed1195aabfcd298bcaf379e7f064ad8010cd8ca67a057b647baa8bf9ef6e77,97,3,1,-7268.994517080544,-7455.6736743438305
inferred_20260921_seed0,0,11ed1195aabfcd298bcaf379e7f064ad8010cd8ca67a057b647baa8bf9ef6e77,98,1,1,-30325.73145370644,-30014.843884641807
inferred_20260921_seed0,0,11ed1195aabfcd298bcaf379e7f064ad8010cd8ca67a057b647baa8bf9ef6e77,98,2,1,-7820.525644599901,-9599.214167441258
inferred_20260921_seed0,0,11ed1195aabfcd298bcaf379e7f064ad8010cd8ca67a057b647baa8bf9ef6e77,98,3,1,-7091.03760715499,-7508.807608862127
inferred_20260921_seed0,0,11ed1195aabfcd298bcaf379e7f064ad8010cd8ca67a057b647baa8bf9ef6e77,99,1,1,-30019.96144507709,-29984.331191303623
inferred_20260921_seed0,0,11ed1195aabfcd298bcaf379e7f064ad8010cd8ca67a057b647baa8bf9ef6e77,99,2,1,-6408.667352406307,-9460.774328154484
inferred_20260921_seed0,0,11ed1195aabfcd298bcaf379e7f064ad8010cd8ca67a057b647baa8bf9ef6e77,99,3,1,-7197.139575741613,-7490.426218574157
inferred_20260921_seed0,0,11ed1195aabfcd298bcaf379e7f064ad8010cd8ca67a057b647baa8bf9ef6e77,100,1,1,-31996.782974727856,-29970.624827744807
inferred_20260921_seed0,0,11ed1195aabfcd298bcaf379e7f064ad8010cd8ca67a057b647baa8bf9ef6e77,100,2,1,-9156.744057209646,-9411.509969288563
inferred_20260921_seed0,0,11ed1195aabfcd298bcaf379e7f064ad8010cd8ca67a057b647baa8bf9ef6e77,100,3,1,-7764.492549007252,-7490.917832103205
inferred_20260921_seed0,0,11ed1195aabfcd298bcaf379e7f064ad8010cd8ca67a057b647baa8bf9ef6e77,101,1,1,-30497.019747172468,-30082.222656972208
inferred_20260921_seed0,0,11ed1195aabfcd298bcaf379e7f064ad8010cd8ca67a057b647baa8bf9ef6e77,101,2,1,-9141.78552574839,-9365.052845550603
inferred_20260921_seed0,0,11ed1195aabfcd298bcaf379e7f064ad8010cd8ca67a057b647baa8bf9ef6e77,101,3,1,-5900.231513431807,-7397.919645108781
inferred_20260921_seed0,0,11ed1195aabfcd298bcaf379e7f064ad8010cd8ca67a057b647baa8bf9ef6e77,102,1,1,-26844.34167687872,-29887.016684628717
inferred_20260921_seed0,0,11ed1195aabfcd298bcaf379e7f064ad8010cd8ca67a057b647baa8bf9ef6e77,102,2,1,-7951.568661328376,-9224.201575687099
inferred_20260921_seed0,0,11ed1195aabfcd298bcaf379e7f064ad8010cd8ca67a057b647baa8bf9ef6e77,102,3,1,-5909.522370689272,-7298.631560382098
inferred_20260921_seed0,0,11ed1195aabfcd298bcaf379e7f064ad8010cd8ca67a057b647baa8bf9ef6e77,103,1,1,-25894.57858130288,-29758.40419844616
inferred_20260921_seed0,0,11ed1195aabfcd298bcaf379e7f064ad8010cd8ca67a057b647baa8bf9ef6e77,103,2,1,-10070.880355531915,-9183.488156415619
inferred_20260921_seed0,0,11ed1195aabfcd298bcaf379e7f064ad8010cd8ca67a057b647baa8bf9ef6e77,103,3,1,-7299.550267735645,-7231.629820486043
inferred_20260921_seed0,0,11ed1195aabfcd298bcaf379e7f064ad8010cd8ca67a057b647baa8bf9ef6e77,104,1,1,-30143.895357969013,-29729.461999343323
inferred_20260921_seed0,0,11ed1195aabfcd298bcaf379e7f064ad8010cd8ca67a057b647baa8bf9ef6e77,104,2,1,-11675.938754050843,-9197.346315627701
inferred_20260921_seed0,0,11ed1195aabfcd298bcaf379e7f064ad8010cd8ca67a057b647baa8bf9ef6e77,104,3,1,-8913.053417379087,-7270.855752259701
inferred_20260921_seed0,0,11ed1195aabfcd298bcaf379e7f064ad8010cd8ca67a057b647baa8bf9ef6e77,105,1,1,-31934.22645155004,-29785.367593619452
inferred_20260921_seed0,0,11ed1195aabfcd298bcaf379e7f064ad8010cd8ca67a057b647baa8bf9ef6e77,105,2,1,-7392.88774620603,-9073.73459385754
inferred_20260921_seed0,0,11ed1195aabfcd298bcaf379e7f064ad8010cd8ca67a057b647baa8bf9ef6e77,105,3,1,-6619.349724549667,-7222.882412062683
inferred_20260921_seed0,0,11ed1195aabfcd298bcaf379e7f064ad8010cd8ca67a057b647baa8bf9ef6e77,106,1,1,-31218.215089852834,-29881.706503598267
inferred_20260921_seed0,0,11ed1195aabfcd298bcaf379e7f064ad8010cd8ca67a057b647baa8bf9ef6e77,106,2,1,-7001.672283094683,-8996.481053461051
inferred_20260921_seed0,0,11ed1195aabfcd298bcaf379e7f064ad8010cd8ca67a057b647baa8bf9ef6e77,106,3,1,-7652.779029770133,-7275.206366373811
inferred_20260921_seed0,0,11ed1195aabfcd298bcaf379e7f064ad8010cd8ca67a057b647baa8bf9ef6e77,107,1,1,-30402.922147007343,-29794.18661499095
inferred_20260921_seed0,0,11ed1195aabfcd298bcaf379e7f064ad8010cd8ca67a057b647baa8bf9ef6e77,107,2,1,-8782.001870164077,-9003.28997072616
inferred_20260921_seed0,0,11ed1195aabfcd298bcaf379e7f064ad8010cd8ca67a057b647baa8bf9ef6e77,107,3,1,-8529.444302788852,-7301.901806831393
inferred_20260921_seed0,0,11ed1195aabfcd298bcaf379e7f064ad8010cd8ca67a057b647baa8bf9ef6e77,108,1,1,-28856.53757317782,-29761.84380731389
inferred_20260921_seed0,0,11ed1195aabfcd298bcaf379e7f064ad8010cd8ca67a057b647baa8bf9ef6e77,108,2,1,-9672.896804370976,-9068.922805200675
inferred_20260921_seed0,0,11ed1195aabfcd298bcaf379e7f064ad8010cd8ca67a057b647baa8bf9ef6e77,108,3,1,-9358.925973271504,-7440.596453643605
inferred_20260921_seed0,0,11ed1195aabfcd298bcaf379e7f064ad8010cd8ca67a057b647baa8bf9ef6e77,109,1,1,-30747.553140965538,-29820.964394178372
inferred_20260921_seed0,0,11ed1195aabfcd298bcaf379e7f064ad8010cd8ca67a057b647baa8bf9ef6e77,109,2,1,-9191.083720423838,-9008.607634898475
inferred_20260921_seed0,0,11ed1195aabfcd298bcaf379e7f064ad8010cd8ca67a057b647baa8bf9ef6e77,109,3,1,-5691.459169865224,-7344.778863624766
inferred_20260921_seed0,0,11ed1195aabfcd298bcaf379e7f064ad8010cd8ca67a057b647baa8bf9ef6e77,110,1,1,-29532.57079464125,-29873.023689039223
inferred_20260921_seed0,0,11ed1195aabfcd298bcaf379e7f064ad8010cd8ca67a057b647baa8bf9ef6e77,110,2,1,-9430.323657843355,-9032.094006982174
inferred_20260921_seed0,0,11ed1195aabfcd298bcaf379e7f064ad8010cd8ca67a057b647baa8bf9ef6e77,110,3,1,-6594.360072228212,-7301.76960219476
inferred_20260921_seed0,0,11ed1195aabfcd298bcaf379e7f064ad8010cd8ca67a057b647baa8bf9ef6e77,111,1,1,-31237.65322380844,-29838.44656679275
inferred_20260921_seed0,0,11ed1195aabfcd298bcaf379e7f064ad8010cd8ca67a057b647baa8bf9ef6e77,111,2,1,-9427.41832670731,-9014.573410832409
inferred_20260921_seed0,0,11ed1195aabfcd298bcaf379e7f064ad8010cd8ca67a057b647baa8bf9ef6e77,111,3,1,-7838.040333101539,-7340.2234784555785
inferred_20260921_seed0,0,11ed1195aabfcd298bcaf379e7f064ad8010cd8ca67a057b647baa8bf9ef6e77,112,1,1,-30159.276849190668,-29750.01623052586
inferred_20260921_seed0,0,11ed1195aabfcd298bcaf379e7f064ad8010cd8ca67a057b647baa8bf9ef6e77,112,2,1,-9741.640018732818,-9036.492959012561
inferred_20260921_seed0,0,11ed1195aabfcd298bcaf379e7f064ad8010cd8ca67a057b647baa8bf9ef6e77,112,3,1,-8011.470813900903,-7382.301812463383
inferred_20260921_seed0,0,11ed1195aabfcd298bcaf379e7f064ad8010cd8ca67a057b647baa8bf9ef6e77,113,1,1,-30723.46703824578,-29806.43369044031
inferred_20260921_seed0,0,11ed1195aabfcd298bcaf379e7f064ad8010cd8ca67a057b647baa8bf9ef6e77,113,2,1,-12965.259558530051,-9115.461590607669
inferred_20260921_seed0,0,11ed1195aabfcd298bcaf379e7f064ad8010cd8ca67a057b647baa8bf9ef6e77,113,3,1,-7686.905454507382,-7355.506460278602
inferred_20260921_seed0,0,11ed1195aabfcd298bcaf379e7f064ad8010cd8ca67a057b647baa8bf9ef6e77,114,1,1,-32770.2205204967,-29910.41664310748
inferred_20260921_seed0,0,11ed1195aabfcd298bcaf379e7f064ad8010cd8ca67a057b647baa8bf9ef6e77,114,2,1,-10076.144295772094,-9147.604044056538
inferred_20260921_seed0,0,11ed1195aabfcd298bcaf379e7f064ad8010cd8ca67a057b647baa8bf9ef6e77,114,3,1,-9234.240741444864,-7440.731220109714
inferred_20260921_seed0,0,11ed1195aabfcd298bcaf379e7f064ad8010cd8ca67a057b647baa8bf9ef6e77,115,1,1,-31911.70326800106,-29981.987430818215
inferred_20260921_seed0,0,11ed1195aabfcd298bcaf379e7f064ad8010cd8ca67a057b647baa8bf9ef6e77,115,2,1,-8129.226891562425,-8992.014895086533
inferred_20260921_seed0,0,11ed1195aabfcd298bcaf379e7f064ad8010cd8ca67a057b647baa8bf9ef6e77,115,3,1,-6858.211407532884,-7438.837266053952
inferred_20260921_seed0,0,11ed1195aabfcd298bcaf379e7f064ad8010cd8ca67a057b647baa8bf9ef6e77,116,1,1,-29020.26292630223,-29992.073379842375
inferred_20260921_seed0,0,11ed1195aabfcd298bcaf379e7f064ad8010cd8ca67a057b647baa8bf9ef6e77,116,2,1,-7734.619571640249,-8924.547750372243
inferred_20260921_seed0,0,11ed1195aabfcd298bcaf379e7f064ad8010cd8ca67a057b647baa8bf9ef6e77,116,3,1,-7253.880832322838,-7477.4214764846865
inferred_20260921_seed0,0,11ed1195aabfcd298bcaf379e7f064ad8010cd8ca67a057b647baa8bf9ef6e77,117,1,1,-31156.01541733159,-30010.16484292357
inferred_20260921_seed0,0,11ed1195aabfcd298bcaf379e7f064ad8010cd8ca67a057b647baa8bf9ef6e77,117,2,1,-10267.764264105132,-8974.561718239647
inferred_20260921_seed0,0,11ed1195aabfcd298bcaf379e7f064ad8010cd8ca67a057b647baa8bf9ef6e77,117,3,1,-9312.013754300464,-7535.343230498914
inferred_20260921_seed0,0,11ed1195aabfcd298bcaf379e7f064ad8010cd8ca67a057b647baa8bf9ef6e77,118,1,1,-29681.510592933897,-30016.085654546256
inferred_20260921_seed0,0,11ed1195aabfcd298bcaf379e7f064ad8010cd8ca67a057b647baa8bf9ef6e77,118,2,1,-11030.602202881786,-9129.732130553908
inferred_20260921_seed0,0,11ed1195aabfcd298bcaf379e7f064ad8010cd8ca67a057b647baa8bf9ef6e77,118,3,1,-6786.974123633085,-7531.024484484485
inferred_20260921_seed0,0,11ed1195aabfcd298bcaf379e7f064ad8010cd8ca67a057b647baa8bf9ef6e77,119,1,1,-32451.118473276503,-30207.699940814335
inferred_20260921_seed0,0,11ed1195aabfcd298bcaf379e7f064ad8010cd8ca67a057b647baa8bf9ef6e77,119,2,1,-9246.73167623556,-9159.06605414809
inferred_20260921_seed0,0,11ed1195aabfcd298bcaf379e7f064ad8010cd8ca67a057b647baa8bf9ef6e77,119,3,1,-7322.245443003033,-7547.624988004145
inferred_20260921_seed0,0,11ed1195aabfcd298bcaf379e7f064ad8010cd8ca67a057b647baa8bf9ef6e77,120,1,1,-31872.48900815389,-30326.349580676324
inferred_20260921_seed0,0,11ed1195aabfcd298bcaf379e7f064ad8010cd8ca67a057b647baa8bf9ef6e77,120,2,1,-11537.886635331955,-9252.02048732069
inferred_20260921_seed0,0,11ed1195aabfcd298bcaf379e7f064ad8010cd8ca67a057b647baa8bf9ef6e77,120,3,1,-8513.506555425212,-7595.07861961159
inferred_20260921_seed0,0,11ed1195aabfcd298bcaf379e7f064ad8010cd8ca67a057b647baa8bf9ef6e77,121,1,1,-31801.753228306312,-30424.76467851825
inferred_20260921_seed0,0,11ed1195aabfcd298bcaf379e7f064ad8010cd8ca67a057b647baa8bf9ef6e77,121,2,1,-9562.02637638703,-9321.251988630427
inferred_20260921_seed0,0,11ed1195aabfcd298bcaf379e7f064ad8010cd8ca67a057b647baa8bf9ef6e77,121,3,1,-6858.78467043393,-7498.664568811997
inferred_20260921_seed0,0,11ed1195aabfcd298bcaf379e7f064ad8010cd8ca67a057b647baa8bf9ef6e77,122,1,1,-30459.794542557756,-30466.384060905366
inferred_20260921_seed0,0,11ed1195aabfcd298bcaf379e7f064ad8010cd8ca67a057b647baa8bf9ef6e77,122,2,1,-8452.42943480489,-9274.749027426786
inferred_20260921_seed0,0,11ed1195aabfcd298bcaf379e7f064ad8010cd8ca67a057b647baa8bf9ef6e77,122,3,1,-7619.741255435867,-7512.69443834621
inferred_20260921_seed0,0,11ed1195aabfcd298bcaf379e7f064ad8010cd8ca67a057b647baa8bf9ef6e77,123,1,1,-30110.89841391344,-30457.790739313645
inferred_20260921_seed0,0,11ed1195aabfcd298bcaf379e7f064ad8010cd8ca67a057b647baa8bf9ef6e77,123,2,1,-10198.871321041452,-9369.882854484447
inferred_20260921_seed0,0,11ed1195aabfcd298bcaf379e7f064ad8010cd8ca67a057b647baa8bf9ef6e77,123,3,1,-8406.589504004605,-7565.316514220194
inferred_20260921_seed0,0,11ed1195aabfcd298bcaf379e7f064ad8010cd8ca67a057b647baa8bf9ef6e77,124,1,1,-30477.36218603622,-30476.086768952013
inferred_20260921_seed0,0,11ed1195aabfcd298bcaf379e7f064ad8010cd8ca67a057b647baa8bf9ef6e77,124,2,1,-9287.752886926311,-9485.046275865248
inferred_20260921_seed0,0,11ed1195aabfcd298bcaf379e7f064ad8010cd8ca67a057b647baa8bf9ef6e77,124,3,1,-7309.359092284622,-7569.805294881916
inferred_20260921_seed0,0,11ed1195aabfcd298bcaf379e7f064ad8010cd8ca67a057b647baa8bf9ef6e77,125,1,1,-31799.22305334148,-30468.184372096555
inferred_20260921_seed0,0,11ed1195aabfcd298bcaf379e7f064ad8010cd8ca67a057b647baa8bf9ef6e77,125,2,1,-9134.1034973731,-9484.140653471786
inferred_20260921_seed0,0,11ed1195aabfcd298bcaf379e7f064ad8010cd8ca67a057b647baa8bf9ef6e77,125,3,1,-8959.655939862452,-7617.6118305161235
inferred_20260921_seed0,0,11ed1195aabfcd298bcaf379e7f064ad8010cd8ca67a057b647baa8bf9ef6e77,126,1,1,-30610.93364503594,-30472.740928011095
inferred_20260921_seed0,0,11ed1195aabfcd298bcaf379e7f064ad8010cd8ca67a057b647baa8bf9ef6e77,126,2,1,-11121.703075890748,-9563.33735547748
inferred_20260921_seed0,0,11ed1195aabfcd298bcaf379e7f064ad8010cd8ca67a057b647baa8bf9ef6e77,126,3,1,-7037.458747201092,-7663.100919866894
inferred_20260921_seed0,0,11ed1195aabfcd298bcaf379e7f064ad8010cd8ca67a057b647baa8bf9ef6e77,127,1,1,-28589.23250353681,-30542.536561077417
inferred_20260921_seed0,0,11ed1195aabfcd298bcaf379e7f064ad8010cd8ca67a057b647baa8bf9ef6e77,127,2,1,-11249.892845261917,-9695.270322834822
inferred_20260921_seed0,0,11ed1195aabfcd298bcaf379e7f064ad8010cd8ca67a057b647baa8bf9ef6e77,127,3,1,-7124.327359024504,-7711.693119400305
inferred_20260921_seed0,0,11ed1195aabfcd298bcaf379e7f064ad8010cd8ca67a057b647baa8bf9ef6e77,128,1,1,-30854.36878219228,-30740.92816911299
inferred_20260921_seed0,0,11ed1195aabfcd298bcaf379e7f064ad8010cd8ca67a057b647baa8bf9ef6e77,128,2,1,-8833.405762974562,-9645.771339132527
inferred_20260921_seed0,0,11ed1195aabfcd298bcaf379e7f064ad8010cd8ca67a057b647baa8bf9ef6e77,128,3,1,-7976.187634437713,-7738.758614068386
inferred_20260921_seed0,0,11ed1195aabfcd298bcaf379e7f064ad8010cd8ca67a057b647baa8bf9ef6e77,129,1,1,-31290.99260120286,-30786.812058842348
inferred_20260921_seed0,0,11ed1195aabfcd298bcaf379e7f064ad8010cd8ca67a057b647baa8bf9ef6e77,129,2,1,-10936.488538492633,-9616.1933305102
inferred_20260921_seed0,0,11ed1195aabfcd298bcaf379e7f064ad8010cd8ca67a057b647baa8bf9ef6e77,129,3,1,-8086.450606830636,-7705.694501646449
inferred_20260921_seed0,0,11ed1195aabfcd298bcaf379e7f064ad8010cd8ca67a057b647baa8bf9ef6e77,130,1,1,-30857.02773506681,-30743.72411018302
inferred_20260921_seed0,0,11ed1195aabfcd298bcaf379e7f064ad8010cd8ca67a057b647baa8bf9ef6e77,130,2,1,-8893.515690243794,-9676.218448271711
inferred_20260921_seed0,0,11ed1195aabfcd298bcaf379e7f064ad8010cd8ca67a057b647baa8bf9ef6e77,130,3,1,-8825.953172848927,-7793.95863957842
inferred_20260921_seed0,0,11ed1195aabfcd298bcaf379e7f064ad8010cd8ca67a057b647baa8bf9ef6e77,131,1,1,-31147.98288965203,-30740.914822174986
inferred_20260921_seed0,0,11ed1195aabfcd298bcaf379e7f064ad8010cd8ca67a057b647baa8bf9ef6e77,131,2,1,-7940.240642958928,-9713.76118266628
inferred_20260921_seed0,0,11ed1195aabfcd298bcaf379e7f064ad8010cd8ca67a057b647baa8bf9ef6e77,131,3,1,-6335.319947292119,-7741.2602762792985
inferred_20260921_seed0,0,11ed1195aabfcd298bcaf379e7f064ad8010cd8ca67a057b647baa8bf9ef6e77,132,1,1,-30983.403373740315,-30764.134071244305
inferred_20260921_seed0,0,11ed1195aabfcd298bcaf379e7f064ad8010cd8ca67a057b647baa8bf9ef6e77,132,2,1,-6623.257004822304,-9627.41138805261
inferred_20260921_seed0,0,11ed1195aabfcd298bcaf379e7f064ad8010cd8ca67a057b647baa8bf9ef6e77,132,3,1,-6176.17746121147,-7647.129602616204
inferred_20260921_seed0,0,11ed1195aabfcd298bcaf379e7f064ad8010cd8ca67a057b647baa8bf9ef6e77,133,1,1,-30599.495541795688,-30833.85238998902
inferred_20260921_seed0,0,11ed1195aabfcd298bcaf379e7f064ad8010cd8ca67a057b647baa8bf9ef6e77,133,2,1,-7327.332457400051,-9533.588814173772
inferred_20260921_seed0,0,11ed1195aabfcd298bcaf379e7f064ad8010cd8ca67a057b647baa8bf9ef6e77,133,3,1,-6003.812061074103,-7512.925046128307
inferred_20260921_seed0,0,11ed1195aabfcd298bcaf379e7f064ad8010cd8ca67a057b647baa8bf9ef6e77,134,1,1,-32825.64892834217,-30916.976221484085
inferred_20260921_seed0,0,11ed1195aabfcd298bcaf379e7f064ad8010cd8ca67a057b647baa8bf9ef6e77,134,2,1,-12554.313816349642,-9668.118018010804
inferred_20260921_seed0,0,11ed1195aabfcd298bcaf379e7f064ad8010cd8ca67a057b647baa8bf9ef6e77,134,3,1,-7003.677420031862,-7565.413776134973
inferred_20260921_seed0,0,11ed1195aabfcd298bcaf379e7f064ad8010cd8ca67a057b647baa8bf9ef6e77,135,1,1,-26591.750918177684,-30799.34342642554
inferred_20260921_seed0,0,11ed1195aabfcd298bcaf379e7f064ad8010cd8ca67a057b647baa8bf9ef6e77,135,2,1,-9157.568625141635,-9657.207816702736
inferred_20260921_seed0,0,11ed1195aabfcd298bcaf379e7f064ad8010cd8ca67a057b647baa8bf9ef6e77,135,3,1,-7955.416884924924,-7619.856048642841
inferred_20260921_seed0,0,11ed1195aabfcd298bcaf379e7f064ad8010cd8ca67a057b647baa8bf9ef6e77,136,1,1,-30819.943163773343,-30782.63502402414
inferred_20260921_seed0,0,11ed1195aabfcd298bcaf379e7f064ad8010cd8ca67a057b647baa8bf9ef6e77,136,2,1,-8902.744077619383,-9636.220846739217
inferred_20260921_seed0,0,11ed1195aabfcd298bcaf379e7f064ad8010cd8ca67a057b647baa8bf9ef6e77,136,3,1,-7605.182047919656,-7610.541717235566
inferred_20260921_seed0,0,11ed1195aabfcd298bcaf379e7f064ad8010cd8ca67a057b647baa8bf9ef6e77,137,1,1,-31375.44995318693,-30831.28194818399
inferred_20260921_seed0,0,11ed1195aabfcd298bcaf379e7f064ad8010cd8ca67a057b647baa8bf9ef6e77,137,2,1,-8183.199503567443,-9573.883226132602
inferred_20260921_seed0,0,11ed1195aabfcd298bcaf379e7f064ad8010cd8ca67a057b647baa8bf9ef6e77,137,3,1,-6707.2385730931655,-7558.372427603256
inferred_20260921_seed0,0,11ed1195aabfcd298bcaf379e7f064ad8010cd8ca67a057b647baa8bf9ef6e77,138,1,1,-32435.35378563833,-30899.757418079695
inferred_20260921_seed0,0,11ed1195aabfcd298bcaf379e7f064ad8010cd8ca67a057b647baa8bf9ef6e77,138,2,1,-8809.005857406573,-9407.633078087665
inferred_20260921_seed0,0,11ed1195aabfcd298bcaf379e7f064ad8010cd8ca67a057b647baa8bf9ef6e77,138,3,1,-6963.235183345852,-7529.425616756796
inferred_20260921_seed0,0,11ed1195aabfcd298bcaf379e7f064ad8010cd8ca67a057b647baa8bf9ef6e77,139,1,1,-30941.75742293459,-30826.618894177205
inferred_20260921_seed0,0,11ed1195aabfcd298bcaf379e7f064ad8010cd8ca67a057b647baa8bf9ef6e77,139,2,1,-7727.806407766586,-9313.699562567443
inferred_20260921_seed0,0,11ed1195aabfcd298bcaf379e7f064ad8010cd8ca67a057b647baa8bf9ef6e77,139,3,1,-7823.61292013773,-7473.00050390451
inferred_20260921_seed0,0,11ed1195aabfcd298bcaf379e7f064ad8010cd8ca67a057b647baa8bf9ef6e77,140,1,1,-31609.20557212182,-30814.51898634204
inferred_20260921_seed0,0,11ed1195aabfcd298bcaf379e7f064ad8010cd8ca67a057b647baa8bf9ef6e77,140,2,1,-9596.650294545749,-9372.396498686776
inferred_20260921_seed0,0,11ed1195aabfcd298bcaf379e7f064ad8010cd8ca67a057b647baa8bf9ef6e77,140,3,1,-6424.253059055036,-7455.6421699653965
inferred_20260921_seed0,0,11ed1195aabfcd298bcaf379e7f064ad8010cd8ca67a057b647baa8bf9ef6e77,141,1,1,-29745.903837355178,-30843.544622784153
inferred_20260921_seed0,0,11ed1195aabfcd298bcaf379e7f064ad8010cd8ca67a057b647baa8bf9ef6e77,141,2,1,-10439.697540421075,-9480.59961743801
inferred_20260921_seed0,0,11ed1195aabfcd298bcaf379e7f064ad8010cd8ca67a057b647baa8bf9ef6e77,141,3,1,-7370.353493224335,-7460.301076401456
inferred_20260921_seed0,0,11ed1195aabfcd298bcaf379e7f064ad8010cd8ca67a057b647baa8bf9ef6e77,142,1,1,-28841.17486384455,-30750.951000644676
inferred_20260921_seed0,0,11ed1195aabfcd298bcaf379e7f064ad8010cd8ca67a057b647baa8bf9ef6e77,142,2,1,-7965.584115285006,-9388.512411485204
inferred_20260921_seed0,0,11ed1195aabfcd298bcaf379e7f064ad8010cd8ca67a057b647baa8bf9ef6e77,142,3,1,-8062.398238952073,-7410.316455787521
inferred_20260921_seed0,0,11ed1195aabfcd298bcaf379e7f064ad8010cd8ca67a057b647baa8bf9ef6e77,143,1,1,-28468.81604870911,-30702.44321887568
inferred_20260921_seed0,0,11ed1195aabfcd298bcaf379e7f064ad8010cd8ca67a057b647baa8bf9ef6e77,143,2,1,-8219.060579580319,-9276.050746553146
inferred_20260921_seed0,0,11ed1195aabfcd298bcaf379e7f064ad8010cd8ca67a057b647baa8bf9ef6e77,143,3,1,-7672.629636784276,-7445.742676313568
inferred_20260921_seed0,0,11ed1195aabfcd298bcaf379e7f064ad8010cd8ca67a057b647baa8bf9ef6e77,144,1,1,-29089.215784118584,-30567.96711130936
inferred_20260921_seed0,0,11ed1195aabfcd298bcaf379e7f064ad8010cd8ca67a057b647baa8bf9ef6e77,144,2,1,-11789.60248870076,-9377.765579051753
inferred_20260921_seed0,0,11ed1195aabfcd298bcaf379e7f064ad8010cd8ca67a057b647baa8bf9ef6e77,144,3,1,-5634.466507632512,-7378.231518898747
inferred_20260921_seed0,0,11ed1195aabfcd298bcaf379e7f064ad8010cd8ca67a057b647baa8bf9ef6e77,145,1,1,-32429.194777486395,-30590.235342082662
inferred_20260921_seed0,0,11ed1195aabfcd298bcaf379e7f064ad8010cd8ca67a057b647baa8bf9ef6e77,145,2,1,-11750.80321753884,-9386.282242340028
inferred_20260921_seed0,0,11ed1195aabfcd298bcaf379e7f064ad8010cd8ca67a057b647baa8bf9ef6e77,145,3,1,-5699.402890439127,-7265.667372299304
inferred_20260921_seed0,0,11ed1195aabfcd298bcaf379e7f064ad8010cd8ca67a057b647baa8bf9ef6e77,146,1,1,-31112.002205079065,-30562.64530115357
inferred_20260921_seed0,0,11ed1195aabfcd298bcaf379e7f064ad8010cd8ca67a057b647baa8bf9ef6e77,146,2,1,-8379.384425613704,-9338.976564309096
inferred_20260921_seed0,0,11ed1195aabfcd298bcaf379e7f064ad8010cd8ca67a057b647baa8bf9ef6e77,146,3,1,-7756.350715739487,-7301.570014111526
inferred_20260921_seed0,0,11ed1195aabfcd298bcaf379e7f064ad8010cd8ca67a057b647baa8bf9ef6e77,147,1,1,-31762.89022401794,-30614.769128411986
inferred_20260921_seed0,0,11ed1195aabfcd298bcaf379e7f064ad8010cd8ca67a057b647baa8bf9ef6e77,147,2,1,-9680.576360104133,-9388.102441321065
inferred_20260921_seed0,0,11ed1195aabfcd298bcaf379e7f064ad8010cd8ca67a057b647baa8bf9ef6e77,147,3,1,-8883.018107096454,-7352.101088177949
inferred_20260921_seed0,0,11ed1195aabfcd298bcaf379e7f064ad8010cd8ca67a057b647baa8bf9ef6e77,148,1,1,-31096.569757809157,-30654.195982167814
inferred_20260921_seed0,0,11ed1195aabfcd298bcaf379e7f064ad8010cd8ca67a057b647baa8bf9ef6e77,148,2,1,-8619.252227180852,-9324.917677566642
inferred_20260921_seed0,0,11ed1195aabfcd298bcaf379e7f064ad8010cd8ca67a057b647baa8bf9ef6e77,148,3,1,-6276.422210544228,-7266.894396439535
inferred_20260921_seed0,0,11ed1195aabfcd298bcaf379e7f064ad8010cd8ca67a057b647baa8bf9ef6e77,149,1,1,-32276.593308437423,-30726.16522706386
inferred_20260921_seed0,0,11ed1195aabfcd298bcaf379e7f064ad8010cd8ca67a057b647baa8bf9ef6e77,149,2,1,-10724.82146330488,-9382.400420621785
inferred_20260921_seed0,0,11ed1195aabfcd298bcaf379e7f064ad8010cd8ca67a057b647baa8bf9ef6e77,149,3,1,-6301.956550201514,-7226.59829475621
inferred_20260921_seed0,0,11ed1195aabfcd298bcaf379e7f064ad8010cd8ca67a057b647baa8bf9ef6e77,150,1,1,-30286.36644689922,-30665.650962806172
inferred_20260921_seed0,0,11ed1195aabfcd298bcaf379e7f064ad8010cd8ca67a057b647baa8bf9ef6e77,150,2,1,-9542.292326058005,-9398.72797376918
inferred_20260921_seed0,0,11ed1195aabfcd298bcaf379e7f064ad8010cd8ca67a057b647baa8bf9ef6e77,150,3,1,-9274.058869306864,-7239.174411933986
inferred_20260921_seed0,0,11ed1195aabfcd298bcaf379e7f064ad8010cd8ca67a057b647baa8bf9ef6e77,151,1,1,-31425.231731112683,-30698.22288624924
inferred_20260921_seed0,0,11ed1195aabfcd298bcaf379e7f064ad8010cd8ca67a057b647baa8bf9ef6e77,151,2,1,-9893.22888754782,-9349.589006235463
inferred_20260921_seed0,0,11ed1195aabfcd298bcaf379e7f064ad8010cd8ca67a057b647baa8bf9ef6e77,151,3,1,-6692.96123951246,-7225.394511626442
inferred_20260921_seed0,0,11ed1195aabfcd298bcaf379e7f064ad8010cd8ca67a057b647baa8bf9ef6e77,152,1,1,-30641.5752433214,-30780.31659584062
inferred_20260921_seed0,0,11ed1195aabfcd298bcaf379e7f064ad8010cd8ca67a057b647baa8bf9ef6e77,152,2,1,-10958.034037063862,-9337.914653907541
inferred_20260921_seed0,0,11ed1195aabfcd298bcaf379e7f064ad8010cd8ca67a057b647baa8bf9ef6e77,152,3,1,-6395.7745582111065,-7196.252399593905
inferred_20260921_seed0,0,11ed1195aabfcd298bcaf379e7f064ad8010cd8ca67a057b647baa8bf9ef6e77,153,1,1,-32237.9055593653,-30835.658066927543
inferred_20260921_seed0,0,11ed1195aabfcd298bcaf379e7f064ad8010cd8ca67a057b647baa8bf9ef6e77,153,2,1,-10538.457478838458,-9406.116722542096
inferred_20260921_seed0,0,11ed1195aabfcd298bcaf379e7f064ad8010cd8ca67a057b647baa8bf9ef6e77,153,3,1,-7257.808037622568,-7167.5172157213
inferred_20260921_seed0,0,11ed1195aabfcd298bcaf379e7f064ad8010cd8ca67a057b647baa8bf9ef6e77,154,1,1,-28821.73338520802,-30736.88769828775
inferred_20260921_seed0,0,11ed1195aabfcd298bcaf379e7f064ad8010cd8ca67a057b647baa8bf9ef6e77,154,2,1,-8341.513290561772,-9302.317712624863
inferred_20260921_seed0,0,11ed1195aabfcd298bcaf379e7f064ad8010cd8ca67a057b647baa8bf9ef6e77,154,3,1,-6203.7900137390725,-7092.210791997637
inferred_20260921_seed0,0,11ed1195aabfcd298bcaf379e7f064ad8010cd8ca67a057b647baa8bf9ef6e77,155,1,1,-32014.24620383685,-30783.176437038546
inferred_20260921_seed0,0,11ed1195aabfcd298bcaf379e7f064ad8010cd8ca67a057b647baa8bf9ef6e77,155,2,1,-8188.976015149659,-9274.136125621097
inferred_20260921_seed0,0,11ed1195aabfcd298bcaf379e7f064ad8010cd8ca67a057b647baa8bf9ef6e77,155,3,1,-7423.127670760043,-7036.097771914081
inferred_20260921_seed0,0,11ed1195aabfcd298bcaf379e7f064ad8010cd8ca67a057b647baa8bf9ef6e77,156,1,1,-30472.42736820347,-30756.154216180606
inferred_20260921_seed0,0,11ed1195aabfcd298bcaf379e7f064ad8010cd8ca67a057b647baa8bf9ef6e77,156,2,1,-6971.903882536224,-9235.402655204189
inferred_20260921_seed0,0,11ed1195aabfcd298bcaf379e7f064ad8010cd8ca67a057b647baa8bf9ef6e77,156,3,1,-7440.486942993239,-7080.304451742127
inferred_20260921_seed0,0,11ed1195aabfcd298bcaf379e7f064ad8010cd8ca67a057b647baa8bf9ef6e77,157,1,1,-30344.25701921409,-30730.58836199956
inferred_20260921_seed0,0,11ed1195aabfcd298bcaf379e7f064ad8010cd8ca67a057b647baa8bf9ef6e77,157,2,1,-7697.227052855488,-9278.361457125517
inferred_20260921_seed0,0,11ed1195aabfcd298bcaf379e7f064ad8010cd8ca67a057b647baa8bf9ef6e77,157,3,1,-7219.11988589197,-7122.022148729347
inferred_20260921_seed0,0,11ed1195aabfcd298bcaf379e7f064ad8010cd8ca67a057b647baa8bf9ef6e77,158,1,1,-29523.938272709383,-30687.566071236106
inferred_20260921_seed0,0,11ed1195aabfcd298bcaf379e7f064ad8010cd8ca67a057b647baa8bf9ef6e77,158,2,1,-9440.448030161351,-9362.886080035967
inferred_20260921_seed0,0,11ed1195aabfcd298bcaf379e7f064ad8010cd8ca67a057b647baa8bf9ef6e77,158,3,1,-5695.257294661341,-7109.679958072836
inferred_20260921_seed0,0,11ed1195aabfcd298bcaf379e7f064ad8010cd8ca67a057b647baa8bf9ef6e77,159,1,1,-29650.943946357747,-30560.577871956728
inferred_20260921_seed0,0,11ed1195aabfcd298bcaf379e7f064ad8010cd8ca67a057b647baa8bf9ef6e77,159,2,1,-10525.427935378506,-9281.730644797122
inferred_20260921_seed0,0,11ed1195aabfcd298bcaf379e7f064ad8010cd8ca67a057b647baa8bf9ef6e77,159,3,1,-7032.788850872685,-7110.844415306468
inferred_20260921_seed0,0,11ed1195aabfcd298bcaf379e7f064ad8010cd8ca67a057b647baa8bf9ef6e77,160,1,1,-31050.058175122653,-30738.91016223453
inferred_20260921_seed0,0,11ed1195aabfcd298bcaf379e7f064ad8010cd8ca67a057b647baa8bf9ef6e77,160,2,1,-8620.186200363643,-9260.235347806003
inferred_20260921_seed0,0,11ed1195aabfcd298bcaf379e7f064ad8010cd8ca67a057b647baa8bf9ef6e77,160,3,1,-7684.453123797337,-7100.005864861366
inferred_20260921_seed0,0,11ed1195aabfcd298bcaf379e7f064ad8010cd8ca67a057b647baa8bf9ef6e77,161,1,1,-30759.788075256856,-30736.50395869387
inferred_20260921_seed0,0,11ed1195aabfcd298bcaf379e7f064ad8010cd8ca67a057b647baa8bf9ef6e77,161,2,1,-8353.778706535884,-9238.276732962664
inferred_20260921_seed0,0,11ed1195aabfcd298bcaf379e7f064ad8010cd8ca67a057b647baa8bf9ef6e77,161,3,1,-8934.152940920745,-7153.164700581408
inferred_20260921_seed0,0,11ed1195aabfcd298bcaf379e7f064ad8010cd8ca67a057b647baa8bf9ef6e77,162,1,1,-29982.562006749074,-30680.788440836357
inferred_20260921_seed0,0,11ed1195aabfcd298bcaf379e7f064ad8010cd8ca67a057b647baa8bf9ef6e77,162,2,1,-8320.960647030817,-9243.787178701199
inferred_20260921_seed0,0,11ed1195aabfcd298bcaf379e7f064ad8010cd8ca67a057b647baa8bf9ef6e77,162,3,1,-8793.420668720235,-7236.611984406491
inferred_20260921_seed0,0,11ed1195aabfcd298bcaf379e7f064ad8010cd8ca67a057b647baa8bf9ef6e77,163,1,1,-28854.732432875426,-30537.56358672584
inferred_20260921_seed0,0,11ed1195aabfcd298bcaf379e7f064ad8010cd8ca67a057b647baa8bf9ef6e77,163,2,1,-7998.965107970554,-9211.385548723758
inferred_20260921_seed0,0,11ed1195aabfcd298bcaf379e7f064ad8010cd8ca67a057b647baa8bf9ef6e77,163,3,1,-8619.836695548225,-7302.876044894586
inferred_20260921_seed0,0,11ed1195aabfcd298bcaf379e7f064ad8010cd8ca67a057b647baa8bf9ef6e77,164,1,1,-28251.9832601045,-30429.972620212637
inferred_20260921_seed0,0,11ed1195aabfcd298bcaf379e7f064ad8010cd8ca67a057b647baa8bf9ef6e77,164,2,1,-9968.619340275636,-9301.01806602412
inferred_20260921_seed0,0,11ed1195aabfcd298bcaf379e7f064ad8010cd8ca67a057b647baa8bf9ef6e77,164,3,1,-6841.34602104083,-7263.585368930711
inferred_20260921_seed0,0,11ed1195aabfcd298bcaf379e7f064ad8010cd8ca67a057b647baa8bf9ef6e77,165,1,1,-30538.665843768755,-30387.15103107851
inferred_20260921_seed0,0,11ed1195aabfcd298bcaf379e7f064ad8010cd8ca67a057b647baa8bf9ef6e77,165,2,1,-8390.317204058216,-9252.764742404619
inferred_20260921_seed0,0,11ed1195aabfcd298bcaf379e7f064ad8010cd8ca67a057b647baa8bf9ef6e77,165,3,1,-7516.125545368861,-7307.260268383264
inferred_20260921_seed0,0,11ed1195aabfcd298bcaf379e7f064ad8010cd8ca67a057b647baa8bf9ef6e77,166,1,1,-32081.38844188962,-30480.570415259892
inferred_20260921_seed0,0,11ed1195aabfcd298bcaf379e7f064ad8010cd8ca67a057b647baa8bf9ef6e77,166,2,1,-8054.435360126121,-9157.35425519282
inferred_20260921_seed0,0,11ed1195aabfcd298bcaf379e7f064ad8010cd8ca67a057b647baa8bf9ef6e77,166,3,1,-7339.829813496765,-7306.039321194161
inferred_20260921_seed0,0,11ed1195aabfcd298bcaf379e7f064ad8010cd8ca67a057b647baa8bf9ef6e77,167,1,1,-29872.42626463445,-30521.820471291485
inferred_20260921_seed0,0,11ed1195aabfcd298bcaf379e7f064ad8010cd8ca67a057b647baa8bf9ef6e77,167,2,1,-10055.301058956917,-9240.942932939697
inferred_20260921_seed0,0,11ed1195aabfcd298bcaf379e7f064ad8010cd8ca67a057b647baa8bf9ef6e77,167,3,1,-8481.979401510373,-7322.822567696493
inferred_20260921_seed0,0,11ed1195aabfcd298bcaf379e7f064ad8010cd8ca67a057b647baa8bf9ef6e77,168,1,1,-33340.03041117696,-30716.6690457902
inferred_20260921_seed0,0,11ed1195aabfcd298bcaf379e7f064ad8010cd8ca67a057b647baa8bf9ef6e77,168,2,1,-8919.628663371788,-9268.965656291355
inferred_20260921_seed0,0,11ed1195aabfcd298bcaf379e7f064ad8010cd8ca67a057b647baa8bf9ef6e77,168,3,1,-6923.434928475504,-7292.854779364142
inferred_20260921_seed0,0,11ed1195aabfcd298bcaf379e7f064ad8010cd8ca67a057b647baa8bf9ef6e77,169,1,1,-30759.16489594093,-30783.4670102631
inferred_20260921_seed0,0,11ed1195aabfcd298bcaf379e7f064ad8010cd8ca67a057b647baa8bf9ef6e77,169,2,1,-10424.85696131733,-9214.375835196019
inferred_20260921_seed0,0,11ed1195aabfcd298bcaf379e7f064ad8010cd8ca67a057b647baa8bf9ef6e77,169,3,1,-7644.563672107556,-7373.258665943144
inferred_20260921_seed0,0,11ed1195aabfcd298bcaf379e7f064ad8010cd8ca67a057b647baa8bf9ef6e77,170,1,1,-30959.261307173037,-30724.669671450563
inferred_20260921_seed0,0,11ed1195aabfcd298bcaf379e7f064ad8010cd8ca67a057b647baa8bf9ef6e77,170,2,1,-9027.223023933208,-9105.432627451793
inferred_20260921_seed0,0,11ed1195aabfcd298bcaf379e7f064ad8010cd8ca67a057b647baa8bf9ef6e77,170,3,1,-6980.457226318544,-7424.50083937832
inferred_20260921_seed0,0,11ed1195aabfcd298bcaf379e7f064ad8010cd8ca67a057b647baa8bf9ef6e77,171,1,1,-31699.44823167721,-30748.16751251449
inferred_20260921_seed0,0,11ed1195aabfcd298bcaf379e7f064ad8010cd8ca67a057b647baa8bf9ef6e77,171,2,1,-8938.26153707461,-9127.787711910229
inferred_20260921_seed0,0,11ed1195aabfcd298bcaf379e7f064ad8010cd8ca67a057b647baa8bf9ef6e77,171,3,1,-8002.380115284013,-7434.342015360101
inferred_20260921_seed0,0,11ed1195aabfcd298bcaf379e7f064ad8010cd8ca67a057b647baa8bf9ef6e77,172,1,1,-29333.36978057063,-30650.98669477659
inferred_20260921_seed0,0,11ed1195aabfcd298bcaf379e7f064ad8010cd8ca67a057b647baa8bf9ef6e77,172,2,1,-10219.29034238834,-9149.336271201599
inferred_20260921_seed0,0,11ed1195aabfcd298bcaf379e7f064ad8010cd8ca67a057b647baa8bf9ef6e77,172,3,1,-7582.39043401904,-7382.316908437006
inferred_20260921_seed0,0,11ed1195aabfcd298bcaf379e7f064ad8010cd8ca67a057b647baa8bf9ef6e77,173,1,1,-30494.21767387892,-30626.892611419382
inferred_20260921_seed0,0,11ed1195aabfcd298bcaf379e7f064ad8010cd8ca67a057b647baa8bf9ef6e77,173,2,1,-8714.056583601725,-9153.128445458433
inferred_20260921_seed0,0,11ed1195aabfcd298bcaf379e7f064ad8010cd8ca67a057b647baa8bf9ef6e77,173,3,1,-8222.067785067913,-7460.142731417952
inferred_20260921_seed0,0,11ed1195aabfcd298bcaf379e7f064ad8010cd8ca67a057b647baa8bf9ef6e77,174,1,1,-30651.91701817349,-30561.905559808827
inferred_20260921_seed0,0,11ed1195aabfcd298bcaf379e7f064ad8010cd8ca67a057b647baa8bf9ef6e77,174,2,1,-7456.862606443673,-9022.410091183985
inferred_20260921_seed0,0,11ed1195aabfcd298bcaf379e7f064ad8010cd8ca67a057b647baa8bf9ef6e77,174,3,1,-6214.740131813374,-7456.654074682427
inferred_20260921_seed0,0,11ed1195aabfcd298bcaf379e7f064ad8010cd8ca67a057b647baa8bf9ef6e77,175,1,1,-29540.87062546771,-30532.085726951565
inferred_20260921_seed0,0,11ed1195aabfcd298bcaf379e7f064ad8010cd8ca67a057b647baa8bf9ef6e77,175,2,1,-8831.983713602602,-8993.997746685769
inferred_20260921_seed0,0,11ed1195aabfcd298bcaf379e7f064ad8010cd8ca67a057b647baa8bf9ef6e77,175,3,1,-8157.007355102867,-7411.972014114266
inferred_20260921_seed0,0,11ed1195aabfcd298bcaf379e7f064ad8010cd8ca67a057b647baa8bf9ef6e77,176,1,1,-30002.515860512496,-30475.177092127557
inferred_20260921_seed0,0,11ed1195aabfcd298bcaf379e7f064ad8010cd8ca67a057b647baa8bf9ef6e77,176,2,1,-9435.579736899686,-8975.691780659843
inferred_20260921_seed0,0,11ed1195aabfcd298bcaf379e7f064ad8010cd8ca67a057b647baa8bf9ef6e77,176,3,1,-6687.16099263296,-7411.740004239087
inferred_20260921_seed0,0,11ed1195aabfcd298bcaf379e7f064ad8010cd8ca67a057b647baa8bf9ef6e77,177,1,1,-30771.63228007004,-30480.3793735975
inferred_20260921_seed0,0,11ed1195aabfcd298bcaf379e7f064ad8010cd8ca67a057b647baa8bf9ef6e77,177,2,1,-9933.672356112686,-8934.717313421796
inferred_20260921_seed0,0,11ed1195aabfcd298bcaf379e7f064ad8010cd8ca67a057b647baa8bf9ef6e77,177,3,1,-9557.91297981796,-7538.225541103361
inferred_20260921_seed0,0,11ed1195aabfcd298bcaf379e7f064ad8010cd8ca67a057b647baa8bf9ef6e77,178,1,1,-28175.72693628593,-30317.89222867433
inferred_20260921_seed0,0,11ed1195aabfcd298bcaf379e7f064ad8010cd8ca67a057b647baa8bf9ef6e77,178,2,1,-9839.115816845178,-8906.743646942065
inferred_20260921_seed0,0,11ed1195aabfcd298bcaf379e7f064ad8010cd8ca67a057b647baa8bf9ef6e77,178,3,1,-7012.060845206985,-7528.395653406737
inferred_20260921_seed0,0,11ed1195aabfcd298bcaf379e7f064ad8010cd8ca67a057b647baa8bf9ef6e77,179,1,1,-29016.333968368766,-30325.67625200076
inferred_20260921_seed0,0,11ed1195aabfcd298bcaf379e7f064ad8010cd8ca67a057b647baa8bf9ef6e77,179,2,1,-9116.140690482182,-8937.728742938882
inferred_20260921_seed0,0,11ed1195aabfcd298bcaf379e7f064ad8010cd8ca67a057b647baa8bf9ef6e77,179,3,1,-7812.86489710593,-7592.758648741412
inferred_20260921_seed0,0,11ed1195aabfcd298bcaf379e7f064ad8010cd8ca67a057b647baa8bf9ef6e77,180,1,1,-32528.09447911533,-30346.2301830119
inferred_20260921_seed0,0,11ed1195aabfcd298bcaf379e7f064ad8010cd8ca67a057b647baa8bf9ef6e77,180,2,1,-9168.10884693072,-8976.894056210123
inferred_20260921_seed0,0,11ed1195aabfcd298bcaf379e7f064ad8010cd8ca67a057b647baa8bf9ef6e77,180,3,1,-7840.365626557254,-7609.4481669732995
inferred_20260921_seed0,0,11ed1195aabfcd298bcaf379e7f064ad8010cd8ca67a057b647baa8bf9ef6e77,181,1,1,-29967.746533100064,-30326.042949607763
inferred_20260921_seed0,0,11ed1195aabfcd298bcaf379e7f064ad8010cd8ca67a057b647baa8bf9ef6e77,181,2,1,-8768.09179035918,-9048.741572523042
inferred_20260921_seed0,0,11ed1195aabfcd298bcaf379e7f064ad8010cd8ca67a057b647baa8bf9ef6e77,181,3,1,-8162.280875828134,-7638.319924286696
inferred_20260921_seed0,0,11ed1195aabfcd298bcaf379e7f064ad8010cd8ca67a057b647baa8bf9ef6e77,182,1,1,-31242.534245971576,-30361.97403867806
inferred_20260921_seed0,0,11ed1195aabfcd298bcaf379e7f064ad8010cd8ca67a057b647baa8bf9ef6e77,182,2,1,-9573.102416878402,-9123.77658708396
inferred_20260921_seed0,0,11ed1195aabfcd298bcaf379e7f064ad8010cd8ca67a057b647baa8bf9ef6e77,182,3,1,-7358.31500122755,-7643.887728900119
inferred_20260921_seed0,0,11ed1195aabfcd298bcaf379e7f064ad8010cd8ca67a057b647baa8bf9ef6e77,183,1,1,-28497.66130046432,-30320.92295978826
inferred_20260921_seed0,0,11ed1195aabfcd298bcaf379e7f064ad8010cd8ca67a057b647baa8bf9ef6e77,183,2,1,-8609.777309089264,-9090.549758241074
inferred_20260921_seed0,0,11ed1195aabfcd298bcaf379e7f064ad8010cd8ca67a057b647baa8bf9ef6e77,183,3,1,-7341.692722851588,-7709.745146027729
inferred_20260921_seed0,0,11ed1195aabfcd298bcaf379e7f064ad8010cd8ca67a057b647baa8bf9ef6e77,184,1,1,-30766.92141489869,-30365.5620585299
inferred_20260921_seed0,0,11ed1195aabfcd298bcaf379e7f064ad8010cd8ca67a057b647baa8bf9ef6e77,184,2,1,-7101.0899996237285,-8953.576240810884
inferred_20260921_seed0,0,11ed1195aabfcd298bcaf379e7f064ad8010cd8ca67a057b647baa8bf9ef6e77,184,3,1,-7302.981673857999,-7720.552858947141
inferred_20260921_seed0,0,11ed1195aabfcd298bcaf379e7f064ad8010cd8ca67a057b647baa8bf9ef6e77,185,1,1,-29204.156212840884,-30291.725980038624
inferred_20260921_seed0,0,11ed1195aabfcd298bcaf379e7f064ad8010cd8ca67a057b647baa8bf9ef6e77,185,2,1,-9525.55145504827,-8989.79085099827
inferred_20260921_seed0,0,11ed1195aabfcd298bcaf379e7f064ad8010cd8ca67a057b647baa8bf9ef6e77,185,3,1,-9169.16622917792,-7779.941383162364
inferred_20260921_seed0,0,11ed1195aabfcd298bcaf379e7f064ad8010cd8ca67a057b647baa8bf9ef6e77,186,1,1,-30554.04925236948,-30283.496427123133
inferred_20260921_seed0,0,11ed1195aabfcd298bcaf379e7f064ad8010cd8ca67a057b647baa8bf9ef6e77,186,2,1,-10465.10819458841,-9074.244030520369
inferred_20260921_seed0,0,11ed1195aabfcd298bcaf379e7f064ad8010cd8ca67a057b647baa8bf9ef6e77,186,3,1,-6162.824195019185,-7669.088233326303
inferred_20260921_seed0,0,11ed1195aabfcd298bcaf379e7f064ad8010cd8ca67a057b647baa8bf9ef6e77,187,1,1,-27971.86238788045,-30203.068442368385
inferred_20260921_seed0,0,11ed1195aabfcd298bcaf379e7f064ad8010cd8ca67a057b647baa8bf9ef6e77,187,2,1,-7745.45549429581,-9051.22382441097
inferred_20260921_seed0,0,11ed1195aabfcd298bcaf379e7f064ad8010cd8ca67a057b647baa8bf9ef6e77,187,3,1,-8275.41746768834,-7648.368105285027
inferred_20260921_seed0,0,11ed1195aabfcd298bcaf379e7f064ad8010cd8ca67a057b647baa8bf9ef6e77,188,1,1,-31687.467874792084,-30316.37786004505
inferred_20260921_seed0,0,11ed1195aabfcd298bcaf379e7f064ad8010cd8ca67a057b647baa8bf9ef6e77,188,2,1,-8540.683423765411,-9072.892557042762
inferred_20260921_seed0,0,11ed1195aabfcd298bcaf379e7f064ad8010cd8ca67a057b647baa8bf9ef6e77,188,3,1,-7563.478410480682,-7606.113773882325
inferred_20260921_seed0,0,11ed1195aabfcd298bcaf379e7f064ad8010cd8ca67a057b647baa8bf9ef6e77,189,1,1,-27967.26518024803,-30304.989136850796
inferred_20260921_seed0,0,11ed1195aabfcd298bcaf379e7f064ad8010cd8ca67a057b647baa8bf9ef6e77,189,2,1,-8588.470520985607,-9017.686604271163
inferred_20260921_seed0,0,11ed1195aabfcd298bcaf379e7f064ad8010cd8ca67a057b647baa8bf9ef6e77,189,3,1,-7825.508916414903,-7645.480289697287
inferred_20260921_seed0,0,11ed1195aabfcd298bcaf379e7f064ad8010cd8ca67a057b647baa8bf9ef6e77,190,1,1,-30409.7136974314,-30299.8310509973
inferred_20260921_seed0,0,11ed1195aabfcd298bcaf379e7f064ad8010cd8ca67a057b647baa8bf9ef6e77,190,2,1,-10130.192655112043,-9087.281622313316
inferred_20260921_seed0,0,11ed1195aabfcd298bcaf379e7f064ad8010cd8ca67a057b647baa8bf9ef6e77,190,3,1,-8214.735747203118,-7673.424697770658
inferred_20260921_seed0,0,11ed1195aabfcd298bcaf379e7f064ad8010cd8ca67a057b647baa8bf9ef6e77,191,1,1,-31803.442687007184,-30288.713220802
inferred_20260921_seed0,0,11ed1195aabfcd298bcaf379e7f064ad8010cd8ca67a057b647baa8bf9ef6e77,191,2,1,-8573.657844988376,-9108.050521707806
inferred_20260921_seed0,0,11ed1195aabfcd298bcaf379e7f064ad8010cd8ca67a057b647baa8bf9ef6e77,191,3,1,-5661.99017129031,-7606.3111120824005
inferred_20260921_seed0,0,11ed1195aabfcd298bcaf379e7f064ad8010cd8ca67a057b647baa8bf9ef6e77,192,1,1,-31399.660631944123,-30349.802595494388
inferred_20260921_seed0,0,11ed1195aabfcd298bcaf379e7f064ad8010cd8ca67a057b647baa8bf9ef6e77,192,2,1,-10428.617569659327,-9122.983182135902
inferred_20260921_seed0,0,11ed1195aabfcd298bcaf379e7f064ad8010cd8ca67a057b647baa8bf9ef6e77,192,3,1,-8071.561503307651,-7589.894396154292
inferred_20260921_seed0,0,11ed1195aabfcd298bcaf379e7f064ad8010cd8ca67a057b647baa8bf9ef6e77,193,1,1,-28528.46163138091,-30157.339844302543
inferred_20260921_seed0,0,11ed1195aabfcd298bcaf379e7f064ad8010cd8ca67a057b647baa8bf9ef6e77,193,2,1,-9905.680974253784,-9162.425274571182
inferred_20260921_seed0,0,11ed1195aabfcd298bcaf379e7f064ad8010cd8ca67a057b647baa8bf9ef6e77,193,3,1,-8746.14896283831,-7662.802957528804
inferred_20260921_seed0,0,11ed1195aabfcd298bcaf379e7f064ad8010cd8ca67a057b647baa8bf9ef6e77,194,1,1,-32214.798043050643,-30215.565170186936
inferred_20260921_seed0,0,11ed1195aabfcd298bcaf379e7f064ad8010cd8ca67a057b647baa8bf9ef6e77,194,2,1,-9905.308359048806,-9141.643330480441
inferred_20260921_seed0,0,11ed1195aabfcd298bcaf379e7f064ad8010cd8ca67a057b647baa8bf9ef6e77,194,3,1,-5738.390223421343,-7586.556019581355
inferred_20260921_seed0,0,11ed1195aabfcd298bcaf379e7f064ad8010cd8ca67a057b647baa8bf9ef6e77,195,1,1,-30090.949467122195,-30180.832696584905
inferred_20260921_seed0,0,11ed1195aabfcd298bcaf379e7f064ad8010cd8ca67a057b647baa8bf9ef6e77,195,2,1,-9609.814187521148,-9164.94697702396
inferred_20260921_seed0,0,11ed1195aabfcd298bcaf379e7f064ad8010cd8ca67a057b647baa8bf9ef6e77,195,3,1,-6311.202248226016,-7559.785820457653
inferred_20260921_seed0,0,11ed1195aabfcd298bcaf379e7f064ad8010cd8ca67a057b647baa8bf9ef6e77,196,1,1,-30172.64013102605,-30119.760372558856
inferred_20260921_seed0,0,11ed1195aabfcd298bcaf379e7f064ad8010cd8ca67a057b647baa8bf9ef6e77,196,2,1,-7914.960903827175,-9124.014951694062
inferred_20260921_seed0,0,11ed1195aabfcd298bcaf379e7f064ad8010cd8ca67a057b647baa8bf9ef6e77,196,3,1,-6977.143857194758,-7518.776370134084
inferred_20260921_seed0,0,11ed1195aabfcd298bcaf379e7f064ad8010cd8ca67a057b647baa8bf9ef6e77,197,1,1,-29695.95280410489,-30134.263693500227
inferred_20260921_seed0,0,11ed1195aabfcd298bcaf379e7f064ad8010cd8ca67a057b647baa8bf9ef6e77,197,2,1,-10727.386771160172,-9144.338808844936
inferred_20260921_seed0,0,11ed1195aabfcd298bcaf379e7f064ad8010cd8ca67a057b647baa8bf9ef6e77,197,3,1,-5444.835904614421,-7433.274188957899
inferred_20260921_seed0,0,11ed1195aabfcd298bcaf379e7f064ad8010cd8ca67a057b647baa8bf9ef6e77,198,1,1,-30670.300501982507,-30141.307006624367
inferred_20260921_seed0,0,11ed1195aabfcd298bcaf379e7f064ad8010cd8ca67a057b647baa8bf9ef6e77,198,2,1,-10021.99136346326,-9196.656200039397
inferred_20260921_seed0,0,11ed1195aabfcd298bcaf379e7f064ad8010cd8ca67a057b647baa8bf9ef6e77,198,3,1,-6516.782985698443,-7365.06279698312
inferred_20260921_seed0,0,11ed1195aabfcd298bcaf379e7f064ad8010cd8ca67a057b647baa8bf9ef6e77,199,1,1,-29684.964373382543,-30102.628900832733
inferred_20260921_seed0,0,11ed1195aabfcd298bcaf379e7f064ad8010cd8ca67a057b647baa8bf9ef6e77,199,2,1,-8261.688118327154,-9228.849220514736
inferred_20260921_seed0,0,11ed1195aabfcd298bcaf379e7f064ad8010cd8ca67a057b647baa8bf9ef6e77,199,3,1,-8794.392884953062,-7468.2489071087075
inferred_20260921_seed0,0,11ed1195aabfcd298bcaf379e7f064ad8010cd8ca67a057b647baa8bf9ef6e77,200,1,1,-30079.60019033213,-30124.178083427305
inferred_20260921_seed0,0,11ed1195aabfcd298bcaf379e7f064ad8010cd8ca67a057b647baa8bf9ef6e77,200,2,1,-8640.59602109549,-9221.193712814451
inferred_20260921_seed0,0,11ed1195aabfcd298bcaf379e7f064ad8010cd8ca67a057b647baa8bf9ef6e77,200,3,1,-5943.770522810512,-7379.719433817014
inferred_20260921_seed0,0,11ed1195aabfcd298bcaf379e7f064ad8010cd8ca67a057b647baa8bf9ef6e77,201,1,1,-27025.444374234503,-30005.095223976186
inferred_20260921_seed0,0,11ed1195aabfcd298bcaf379e7f064ad8010cd8ca67a057b647baa8bf9ef6e77,201,2,1,-9886.639417417262,-9239.236100035154
inferred_20260921_seed0,0,11ed1195aabfcd298bcaf379e7f064ad8010cd8ca67a057b647baa8bf9ef6e77,201,3,1,-6653.616753279269,-7378.377664242866
inferred_20260921_seed0,0,11ed1195aabfcd298bcaf379e7f064ad8010cd8ca67a057b647baa8bf9ef6e77,202,1,1,-30278.31470625387,-29985.362521023544
inferred_20260921_seed0,0,11ed1195aabfcd298bcaf379e7f064ad8010cd8ca67a057b647baa8bf9ef6e77,202,2,1,-11380.772118583043,-9297.120090533968
inferred_20260921_seed0,0,11ed1195aabfcd298bcaf379e7f064ad8010cd8ca67a057b647baa8bf9ef6e77,202,3,1,-7132.804806385377,-7281.373337305562
inferred_20260921_seed0,0,11ed1195aabfcd298bcaf379e7f064ad8010cd8ca67a057b647baa8bf9ef6e77,203,1,1,-28295.9376766058,-29990.170950636337
inferred_20260921_seed0,0,11ed1195aabfcd298bcaf379e7f064ad8010cd8ca67a057b647baa8bf9ef6e77,203,2,1,-8519.087844355805,-9244.318971634393
inferred_20260921_seed0,0,11ed1195aabfcd298bcaf379e7f064ad8010cd8ca67a057b647baa8bf9ef6e77,203,3,1,-7944.892160503634,-7318.686589917429
inferred_20260921_seed0,0,11ed1195aabfcd298bcaf379e7f064ad8010cd8ca67a057b647baa8bf9ef6e77,204,1,1,-29603.57486987106,-30013.66058669643
inferred_20260921_seed0,0,11ed1195aabfcd298bcaf379e7f064ad8010cd8ca67a057b647baa8bf9ef6e77,204,2,1,-9528.173216014722,-9260.800272655695
inferred_20260921_seed0,0,11ed1195aabfcd298bcaf379e7f064ad8010cd8ca67a057b647baa8bf9ef6e77,204,3,1,-5980.9857783663,-7245.411425167843
inferred_20260921_seed0,0,11ed1195aabfcd298bcaf379e7f064ad8010cd8ca67a057b647baa8bf9ef6e77,205,1,1,-31120.658078934368,-29957.363130689195
inferred_20260921_seed0,0,11ed1195aabfcd298bcaf379e7f064ad8010cd8ca67a057b647baa8bf9ef6e77,205,2,1,-10067.700629834068,-9296.783943971828
inferred_20260921_seed0,0,11ed1195aabfcd298bcaf379e7f064ad8010cd8ca67a057b647baa8bf9ef6e77,205,3,1,-6173.303992747595,-7178.7289598154575
inferred_20260921_seed0,0,11ed1195aabfcd298bcaf379e7f064ad8010cd8ca67a057b647baa8bf9ef6e77,206,1,1,-29368.11652769171,-29933.377930472856
inferred_20260921_seed0,0,11ed1195aabfcd298bcaf379e7f064ad8010cd8ca67a057b647baa8bf9ef6e77,206,2,1,-9479.994050234738,-9325.260034366853
inferred_20260921_seed0,0,11ed1195aabfcd298bcaf379e7f064ad8010cd8ca67a057b647baa8bf9ef6e77,206,3,1,-7508.602014721366,-7152.5818053711855
inferred_20260921_seed0,0,11ed1195aabfcd298bcaf379e7f064ad8010cd8ca67a057b647baa8bf9ef6e77,207,1,1,-30120.9185097247,-29888.51330102298
inferred_20260921_seed0,0,11ed1195aabfcd298bcaf379e7f064ad8010cd8ca67a057b647baa8bf9ef6e77,207,2,1,-10100.251288074684,-9346.345989214702
inferred_20260921_seed0,0,11ed1195aabfcd298bcaf379e7f064ad8010cd8ca67a057b647baa8bf9ef6e77,207,3,1,-6105.101041911647,-7102.453246998551
inferred_20260921_seed0,0,11ed1195aabfcd298bcaf379e7f064ad8010cd8ca67a057b647baa8bf9ef6e77,208,1,1,-28744.29718279209,-29898.37873631609
inferred_20260921_seed0,0,11ed1195aabfcd298bcaf379e7f064ad8010cd8ca67a057b647baa8bf9ef6e77,208,2,1,-9330.027915167037,-9375.156013457814
inferred_20260921_seed0,0,11ed1195aabfcd298bcaf379e7f064ad8010cd8ca67a057b647baa8bf9ef6e77,208,3,1,-7553.853221413113,-7110.939666941011
inferred_20260921_seed0,0,11ed1195aabfcd298bcaf379e7f064ad8010cd8ca67a057b647baa8bf9ef6e77,209,1,1,-30222.95681159775,-29876.620152184052
inferred_20260921_seed0,0,11ed1195aabfcd298bcaf379e7f064ad8010cd8ca67a057b647baa8bf9ef6e77,209,2,1,-9542.442815538994,-9472.810126094424
inferred_20260921_seed0,0,11ed1195aabfcd298bcaf379e7f064ad8010cd8ca67a057b647baa8bf9ef6e77,209,3,1,-6844.764392769097,-7092.610975697455
inferred_20260921_seed0,0,11ed1195aabfcd298bcaf379e7f064ad8010cd8ca67a057b647baa8bf9ef6e77,210,1,1,-29253.235906125905,-29878.583339915458
inferred_20260921_seed0,0,11ed1195aabfcd298bcaf379e7f064ad8010cd8ca67a057b647baa8bf9ef6e77,210,2,1,-10749.502818129808,-9521.768180617686
inferred_20260921_seed0,0,11ed1195aabfcd298bcaf379e7f064ad8010cd8ca67a057b647baa8bf9ef6e77,210,3,1,-7543.933337683536,-7027.60166003768
inferred_20260921_seed0,0,11ed1195aabfcd298bcaf379e7f064ad8010cd8ca67a057b647baa8bf9ef6e77,211,1,1,-30083.92813579294,-29859.778495252394
inferred_20260921_seed0,0,11ed1195aabfcd298bcaf379e7f064ad8010cd8ca67a057b647baa8bf9ef6e77,211,2,1,-9199.00084182466,-9471.123886507135
inferred_20260921_seed0,0,11ed1195aabfcd298bcaf379e7f064ad8010cd8ca67a057b647baa8bf9ef6e77,211,3,1,-5976.584831334231,-7020.152085490281
inferred_20260921_seed0,0,11ed1195aabfcd298bcaf379e7f064ad8010cd8ca67a057b647baa8bf9ef6e77,212,1,1,-30000.19919235547,-29940.91196743139
inferred_20260921_seed0,0,11ed1195aabfcd298bcaf379e7f064ad8010cd8ca67a057b647baa8bf9ef6e77,212,2,1,-9353.612332989169,-9535.45016005487
inferred_20260921_seed0,0,11ed1195aabfcd298bcaf379e7f064ad8010cd8ca67a057b647baa8bf9ef6e77,212,3,1,-6875.093240220625,-6964.139116391573
inferred_20260921_seed0,0,11ed1195aabfcd298bcaf379e7f064ad8010cd8ca67a057b647baa8bf9ef6e77,213,1,1,-28250.488069194333,-29803.432775207482
inferred_20260921_seed0,0,11ed1195aabfcd298bcaf379e7f064ad8010cd8ca67a057b647baa8bf9ef6e77,213,2,1,-8442.758701028586,-9531.533171145396
inferred_20260921_seed0,0,11ed1195aabfcd298bcaf379e7f064ad8010cd8ca67a057b647baa8bf9ef6e77,213,3,1,-6395.493483038403,-6917.419719293881
inferred_20260921_seed0,0,11ed1195aabfcd298bcaf379e7f064ad8010cd8ca67a057b647baa8bf9ef6e77,214,1,1,-28787.53273289192,-29836.24347731324
inferred_20260921_seed0,0,11ed1195aabfcd298bcaf379e7f064ad8010cd8ca67a057b647baa8bf9ef6e77,214,2,1,-10227.547935803286,-9597.096267738103
inferred_20260921_seed0,0,11ed1195aabfcd298bcaf379e7f064ad8010cd8ca67a057b647baa8bf9ef6e77,214,3,1,-7255.665593851534,-6894.6259863913465
inferred_20260921_seed0,0,11ed1195aabfcd298bcaf379e7f064ad8010cd8ca67a057b647baa8bf9ef6e77,215,1,1,-30471.18217262139,-29838.70221632084
inferred_20260921_seed0,0,11ed1195aabfcd298bcaf379e7f064ad8010cd8ca67a057b647baa8bf9ef6e77,215,2,1,-9446.042978149628,-9569.730280659607
inferred_20260921_seed0,0,11ed1195aabfcd298bcaf379e7f064ad8010cd8ca67a057b647baa8bf9ef6e77,215,3,1,-7370.73452766619,-6860.86593760987
inferred_20260921_seed0,0,11ed1195aabfcd298bcaf379e7f064ad8010cd8ca67a057b647baa8bf9ef6e77,216,1,1,-31595.725487028874,-29830.393528321707
inferred_20260921_seed0,0,11ed1195aabfcd298bcaf379e7f064ad8010cd8ca67a057b647baa8bf9ef6e77,216,2,1,-8523.876323719735,-9567.739019808861
inferred_20260921_seed0,0,11ed1195aabfcd298bcaf379e7f064ad8010cd8ca67a057b647baa8bf9ef6e77,216,3,1,-7178.285332723963,-6921.517744067216
inferred_20260921_seed0,0,11ed1195aabfcd298bcaf379e7f064ad8010cd8ca67a057b647baa8bf9ef6e77,217,1,1,-31025.005853106595,-29815.407337168203
inferred_20260921_seed0,0,11ed1195aabfcd298bcaf379e7f064ad8010cd8ca67a057b647baa8bf9ef6e77,217,2,1,-9910.33804120536,-9547.007838670703
inferred_20260921_seed0,0,11ed1195aabfcd298bcaf379e7f064ad8010cd8ca67a057b647baa8bf9ef6e77,217,3,1,-8329.639486436261,-6931.84086339236
inferred_20260921_seed0,0,11ed1195aabfcd298bcaf379e7f064ad8010cd8ca67a057b647baa8bf9ef6e77,218,1,1,-30932.6342346004,-29911.574241296985
inferred_20260921_seed0,0,11ed1195aabfcd298bcaf379e7f064ad8010cd8ca67a057b647baa8bf9ef6e77,218,2,1,-10205.90316292201,-9559.016726217431
inferred_20260921_seed0,0,11ed1195aabfcd298bcaf379e7f064ad8010cd8ca67a057b647baa8bf9ef6e77,218,3,1,-8509.072708721094,-6922.3578132276725
inferred_20260921_seed0,0,11ed1195aabfcd298bcaf379e7f064ad8010cd8ca67a057b647baa8bf9ef6e77,219,1,1,-30234.928151511624,-29832.379445635426
inferred_20260921_seed0,0,11ed1195aabfcd298bcaf379e7f064ad8010cd8ca67a057b647baa8bf9ef6e77,219,2,1,-7194.231140264816,-9450.573637466072
inferred_20260921_seed0,0,11ed1195aabfcd298bcaf379e7f064ad8010cd8ca67a057b647baa8bf9ef6e77,219,3,1,-6390.531617865167,-6948.443469005425
inferred_20260921_seed0,0,11ed1195aabfcd298bcaf379e7f064ad8010cd8ca67a057b647baa8bf9ef6e77,220,1,1,-29226.765462509327,-29797.81208545091
inferred_20260921_seed0,0,11ed1195aabfcd298bcaf379e7f064ad8010cd8ca67a057b647baa8bf9ef6e77,220,2,1,-8996.120055744599,-9426.02587219501
inferred_20260921_seed0,0,11ed1195aabfcd298bcaf379e7f064ad8010cd8ca67a057b647baa8bf9ef6e77,220,3,1,-6982.910556209579,-6975.311801324768
inferred_20260921_seed0,0,11ed1195aabfcd298bcaf379e7f064ad8010cd8ca67a057b647baa8bf9ef6e77,221,1,1,-30129.814575996337,-29796.09906324972
inferred_20260921_seed0,0,11ed1195aabfcd298bcaf379e7f064ad8010cd8ca67a057b647baa8bf9ef6e77,221,2,1,-9631.389241620054,-9494.683005706725
inferred_20260921_seed0,0,11ed1195aabfcd298bcaf379e7f064ad8010cd8ca67a057b647baa8bf9ef6e77,221,3,1,-6575.994195030675,-6959.265814838204
inferred_20260921_seed0,0,11ed1195aabfcd298bcaf379e7f064ad8010cd8ca67a057b647baa8bf9ef6e77,222,1,1,-31763.792564584637,-29878.81265366891
inferred_20260921_seed0,0,11ed1195aabfcd298bcaf379e7f064ad8010cd8ca67a057b647baa8bf9ef6e77,222,2,1,-11270.08865835645,-9516.391081194575
inferred_20260921_seed0,0,11ed1195aabfcd298bcaf379e7f064ad8010cd8ca67a057b647baa8bf9ef6e77,222,3,1,-6481.410062088143,-7000.7287811371525
inferred_20260921_seed0,0,11ed1195aabfcd298bcaf379e7f064ad8010cd8ca67a057b647baa8bf9ef6e77,223,1,1,-28378.46840697345,-29787.139369868553
inferred_20260921_seed0,0,11ed1195aabfcd298bcaf379e7f064ad8010cd8ca67a057b647baa8bf9ef6e77,223,2,1,-8083.802036166976,-9438.863508102724
inferred_20260921_seed0,0,11ed1195aabfcd298bcaf379e7f064ad8010cd8ca67a057b647baa8bf9ef6e77,223,3,1,-7684.652170817498,-7047.443548541914
inferred_20260921_seed0,0,11ed1195aabfcd298bcaf379e7f064ad8010cd8ca67a057b647baa8bf9ef6e77,224,1,1,-29901.604839702868,-29795.804988521362
inferred_20260921_seed0,0,11ed1195aabfcd298bcaf379e7f064ad8010cd8ca67a057b647baa8bf9ef6e77,224,2,1,-8011.035601815537,-9428.83740744226
inferred_20260921_seed0,0,11ed1195aabfcd298bcaf379e7f064ad8010cd8ca67a057b647baa8bf9ef6e77,224,3,1,-6539.775301058365,-6957.258845186127
inferred_20260921_seed0,0,11ed1195aabfcd298bcaf379e7f064ad8010cd8ca67a057b647baa8bf9ef6e77,225,1,1,-29622.97552791333,-29777.540002024612
inferred_20260921_seed0,0,11ed1195aabfcd298bcaf379e7f064ad8010cd8ca67a057b647baa8bf9ef6e77,225,2,1,-9163.61613574971,-9449.75821202843
inferred_20260921_seed0,0,11ed1195aabfcd298bcaf379e7f064ad8010cd8ca67a057b647baa8bf9ef6e77,225,3,1,-6912.2288444897895,-6995.997178053297
inferred_20260921_seed0,0,11ed1195aabfcd298bcaf379e7f064ad8010cd8ca67a057b647baa8bf9ef6e77,226,1,1,-30777.59269606859,-29927.625934897973
inferred_20260921_seed0,0,11ed1195aabfcd298bcaf379e7f064ad8010cd8ca67a057b647baa8bf9ef6e77,226,2,1,-9281.503909219036,-9425.5527917005
inferred_20260921_seed0,0,11ed1195aabfcd298bcaf379e7f064ad8010cd8ca67a057b647baa8bf9ef6e77,226,3,1,-6076.661774679105,-6972.918978909292
inferred_20260921_seed0,0,11ed1195aabfcd298bcaf379e7f064ad8010cd8ca67a057b647baa8bf9ef6e77,227,1,1,-29009.64698196837,-29876.879225926554
inferred_20260921_seed0,0,11ed1195aabfcd298bcaf379e7f064ad8010cd8ca67a057b647baa8bf9ef6e77,227,2,1,-13162.73498102271,-9496.831306198086
inferred_20260921_seed0,0,11ed1195aabfcd298bcaf379e7f064ad8010cd8ca67a057b647baa8bf9ef6e77,227,3,1,-7558.773374519221,-6989.957721634646
inferred_20260921_seed0,0,11ed1195aabfcd298bcaf379e7f064ad8010cd8ca67a057b647baa8bf9ef6e77,228,1,1,-30560.944337221405,-29967.479492351176
inferred_20260921_seed0,0,11ed1195aabfcd298bcaf379e7f064ad8010cd8ca67a057b647baa8bf9ef6e77,228,2,1,-9889.302479667156,-9551.63989161054
inferred_20260921_seed0,0,11ed1195aabfcd298bcaf379e7f064ad8010cd8ca67a057b647baa8bf9ef6e77,228,3,1,-7847.248947790224,-6986.051993126109
inferred_20260921_seed0,0,11ed1195aabfcd298bcaf379e7f064ad8010cd8ca67a057b647baa8bf9ef6e77,229,1,1,-27484.437376839625,-29882.71399262992
inferred_20260921_seed0,0,11ed1195aabfcd298bcaf379e7f064ad8010cd8ca67a057b647baa8bf9ef6e77,229,2,1,-10599.413810453272,-9594.489515388083
inferred_20260921_seed0,0,11ed1195aabfcd298bcaf379e7f064ad8010cd8ca67a057b647baa8bf9ef6e77,229,3,1,-6368.478847150438,-7001.5517158774755
inferred_20260921_seed0,0,11ed1195aabfcd298bcaf379e7f064ad8010cd8ca67a057b647baa8bf9ef6e77,230,1,1,-30652.621768074936,-29863.99254019554
inferred_20260921_seed0,0,11ed1195aabfcd298bcaf379e7f064ad8010cd8ca67a057b647baa8bf9ef6e77,230,2,1,-8940.19177864247,-9549.38916134042
inferred_20260921_seed0,0,11ed1195aabfcd298bcaf379e7f064ad8010cd8ca67a057b647baa8bf9ef6e77,230,3,1,-5542.504935282045,-6976.319753578852
inferred_20260921_seed0,0,11ed1195aabfcd298bcaf379e7f064ad8010cd8ca67a057b647baa8bf9ef6e77,231,1,1,-30615.00713727947,-29913.868164579053
inferred_20260921_seed0,0,11ed1195aabfcd298bcaf379e7f064ad8010cd8ca67a057b647baa8bf9ef6e77,231,2,1,-10506.321708654645,-9590.442267677216
inferred_20260921_seed0,0,11ed1195aabfcd298bcaf379e7f064ad8010cd8ca67a057b647baa8bf9ef6e77,231,3,1,-6329.348035129071,-6929.14959439516
inferred_20260921_seed0,0,11ed1195aabfcd298bcaf379e7f064ad8010cd8ca67a057b647baa8bf9ef6e77,232,1,1,-30471.4421192488,-29927.88910896002
inferred_20260921_seed0,0,11ed1195aabfcd298bcaf379e7f064ad8010cd8ca67a057b647baa8bf9ef6e77,232,2,1,-13500.654847786684,-9726.458410065696
inferred_20260921_seed0,0,11ed1195aabfcd298bcaf379e7f064ad8010cd8ca67a057b647baa8bf9ef6e77,232,3,1,-5392.138475300311,-6900.631091730706
inferred_20260921_seed0,0,11ed1195aabfcd298bcaf379e7f064ad8010cd8ca67a057b647baa8bf9ef6e77,233,1,1,-33133.09639776386,-30103.441077558888
inferred_20260921_seed0,0,11ed1195aabfcd298bcaf379e7f064ad8010cd8ca67a057b647baa8bf9ef6e77,233,2,1,-10240.968191721677,-9762.89602112788
inferred_20260921_seed0,0,11ed1195aabfcd298bcaf379e7f064ad8010cd8ca67a057b647baa8bf9ef6e77,233,3,1,-7778.22217197234,-6909.605849753077
inferred_20260921_seed0,0,11ed1195aabfcd298bcaf379e7f064ad8010cd8ca67a057b647baa8bf9ef6e77,234,1,1,-28744.8423790562,-30044.31650025723
inferred_20260921_seed0,0,11ed1195aabfcd298bcaf379e7f064ad8010cd8ca67a057b647baa8bf9ef6e77,234,2,1,-8173.048161601887,-9708.120234970396
inferred_20260921_seed0,0,11ed1195aabfcd298bcaf379e7f064ad8010cd8ca67a057b647baa8bf9ef6e77,234,3,1,-6441.946066055188,-6893.49311668452
inferred_20260921_seed0,0,11ed1195aabfcd298bcaf379e7f064ad8010cd8ca67a057b647baa8bf9ef6e77,235,1,1,-30652.440962670524,-30100.28470251901
inferred_20260921_seed0,0,11ed1195aabfcd298bcaf379e7f064ad8010cd8ca67a057b647baa8bf9ef6e77,235,2,1,-9404.954452008473,-9654.338300325544
inferred_20260921_seed0,0,11ed1195aabfcd298bcaf379e7f064ad8010cd8ca67a057b647baa8bf9ef6e77,235,3,1,-8321.735101605063,-6924.605187241382
inferred_20260921_seed0,0,11ed1195aabfcd298bcaf379e7f064ad8010cd8ca67a057b647baa8bf9ef6e77,236,1,1,-29945.587768984296,-30094.751087846664
inferred_20260921_seed0,0,11ed1195aabfcd298bcaf379e7f064ad8010cd8ca67a057b647baa8bf9ef6e77,236,2,1,-8687.868626371122,-9633.893011707401
inferred_20260921_seed0,0,11ed1195aabfcd298bcaf379e7f064ad8010cd8ca67a057b647baa8bf9ef6e77,236,3,1,-7664.8366874949315,-6992.135261487809
inferred_20260921_seed0,0,11ed1195aabfcd298bcaf379e7f064ad8010cd8ca67a057b647baa8bf9ef6e77,237,1,1,-29204.887134074877,-30062.938605515446
inferred_20260921_seed0,0,11ed1195aabfcd298bcaf379e7f064ad8010cd8ca67a057b647baa8bf9ef6e77,237,2,1,-9628.903363310346,-9644.90465292025
inferred_20260921_seed0,0,11ed1195aabfcd298bcaf379e7f064ad8010cd8ca67a057b647baa8bf9ef6e77,237,3,1,-7591.828192249073,-7020.804659568947
inferred_20260921_seed0,0,11ed1195aabfcd298bcaf379e7f064ad8010cd8ca67a057b647baa8bf9ef6e77,238,1,1,-30096.05809318849,-30136.76140647521
inferred_20260921_seed0,0,11ed1195aabfcd298bcaf379e7f064ad8010cd8ca67a057b647baa8bf9ef6e77,238,2,1,-12196.360356137362,-9795.0487191246
inferred_20260921_seed0,0,11ed1195aabfcd298bcaf379e7f064ad8010cd8ca67a057b647baa8bf9ef6e77,238,3,1,-8531.720418332627,-7106.253736980716
inferred_20260921_seed0,0,11ed1195aabfcd298bcaf379e7f064ad8010cd8ca67a057b647baa8bf9ef6e77,239,1,1,-28974.272376911074,-30144.230992235975
inferred_20260921_seed0,0,11ed1195aabfcd298bcaf379e7f064ad8010cd8ca67a057b647baa8bf9ef6e77,239,2,1,-10704.38480626794,-9814.122193943187
inferred_20260921_seed0,0,11ed1195aabfcd298bcaf379e7f064ad8010cd8ca67a057b647baa8bf9ef6e77,239,3,1,-6826.436023038997,-7089.084554148215
inferred_20260921_seed0,0,11ed1195aabfcd298bcaf379e7f064ad8010cd8ca67a057b647baa8bf9ef6e77,240,1,1,-29755.71036775392,-30115.612120041274
inferred_20260921_seed0,0,11ed1195aabfcd298bcaf379e7f064ad8010cd8ca67a057b647baa8bf9ef6e77,240,2,1,-8838.208698469703,-9789.808822755987
inferred_20260921_seed0,0,11ed1195aabfcd298bcaf379e7f064ad8010cd8ca67a057b647baa8bf9ef6e77,240,3,1,-6584.231915216418,-7057.624449650222
inferred_20260921_seed0,0,11ed1195aabfcd298bcaf379e7f064ad8010cd8ca67a057b647baa8bf9ef6e77,241,1,1,-27525.902034127816,-29952.819181925235
inferred_20260921_seed0,0,11ed1195aabfcd298bcaf379e7f064ad8010cd8ca67a057b647baa8bf9ef6e77,241,2,1,-10280.675905801476,-9860.08080603926
inferred_20260921_seed0,0,11ed1195aabfcd298bcaf379e7f064ad8010cd8ca67a057b647baa8bf9ef6e77,241,3,1,-7982.633836731294,-7089.798389810517
inferred_20260921_seed0,0,11ed1195aabfcd298bcaf379e7f064ad8010cd8ca67a057b647baa8bf9ef6e77,242,1,1,-28557.50320416496,-29854.119075967566
inferred_20260921_seed0,0,11ed1195aabfcd298bcaf379e7f064ad8010cd8ca67a057b647baa8bf9ef6e77,242,2,1,-10572.7984080975,-9886.579220714944
inferred_20260921_seed0,0,11ed1195aabfcd298bcaf379e7f064ad8010cd8ca67a057b647baa8bf9ef6e77,242,3,1,-5945.266158029075,-6994.423456674229
inferred_20260921_seed0,0,11ed1195aabfcd298bcaf379e7f064ad8010cd8ca67a057b647baa8bf9ef6e77,243,1,1,-28872.98511966629,-29771.733111370206
inferred_20260921_seed0,0,11ed1195aabfcd298bcaf379e7f064ad8010cd8ca67a057b647baa8bf9ef6e77,243,2,1,-7103.015471712821,-9762.463713066576
inferred_20260921_seed0,0,11ed1195aabfcd298bcaf379e7f064ad8010cd8ca67a057b647baa8bf9ef6e77,243,3,1,-6991.099161888937,-6933.704514800942
inferred_20260921_seed0,0,11ed1195aabfcd298bcaf379e7f064ad8010cd8ca67a057b647baa8bf9ef6e77,244,1,1,-30312.799897413104,-29774.84798120626
inferred_20260921_seed0,0,11ed1195aabfcd298bcaf379e7f064ad8010cd8ca67a057b647baa8bf9ef6e77,244,2,1,-8259.478445061883,-9805.07360525846
inferred_20260921_seed0,0,11ed1195aabfcd298bcaf379e7f064ad8010cd8ca67a057b647baa8bf9ef6e77,244,3,1,-7988.68018974667,-6997.630457676202
inferred_20260921_seed0,0,11ed1195aabfcd298bcaf379e7f064ad8010cd8ca67a057b647baa8bf9ef6e77,245,1,1,-28848.936044916754,-29759.734804502557
inferred_20260921_seed0,0,11ed1195aabfcd298bcaf379e7f064ad8010cd8ca67a057b647baa8bf9ef6e77,245,2,1,-9280.143543373595,-9816.43454476362
inferred_20260921_seed0,0,11ed1195aabfcd298bcaf379e7f064ad8010cd8ca67a057b647baa8bf9ef6e77,245,3,1,-6999.150613989151,-6998.280059987385
inferred_20260921_seed0,0,11ed1195aabfcd298bcaf379e7f064ad8010cd8ca67a057b647baa8bf9ef6e77,246,1,1,-32263.40549380698,-29845.078441214984
inferred_20260921_seed0,0,11ed1195aabfcd298bcaf379e7f064ad8010cd8ca67a057b647baa8bf9ef6e77,246,2,1,-11697.381760586435,-9899.074245522275
inferred_20260921_seed0,0,11ed1195aabfcd298bcaf379e7f064ad8010cd8ca67a057b647baa8bf9ef6e77,246,3,1,-5610.208561838431,-6959.648634659696
inferred_20260921_seed0,0,11ed1195aabfcd298bcaf379e7f064ad8010cd8ca67a057b647baa8bf9ef6e77,247,1,1,-27683.23096282732,-29681.855977144693
inferred_20260921_seed0,0,11ed1195aabfcd298bcaf379e7f064ad8010cd8ca67a057b647baa8bf9ef6e77,247,2,1,-11871.657872791253,-9923.137014099666
inferred_20260921_seed0,0,11ed1195aabfcd298bcaf379e7f064ad8010cd8ca67a057b647baa8bf9ef6e77,247,3,1,-8112.2357680224595,-7024.881662897068
inferred_20260921_seed0,0,11ed1195aabfcd298bcaf379e7f064ad8010cd8ca67a057b647baa8bf9ef6e77,248,1,1,-29893.84938295999,-29742.471216184153
inferred_20260921_seed0,0,11ed1195aabfcd298bcaf379e7f064ad8010cd8ca67a057b647baa8bf9ef6e77,248,2,1,-10328.010358631862,-10012.905346998263
inferred_20260921_seed0,0,11ed1195aabfcd298bcaf379e7f064ad8010cd8ca67a057b647baa8bf9ef6e77,248,3,1,-6717.728843116819,-6986.204729789042
inferred_20260921_seed0,0,11ed1195aabfcd298bcaf379e7f064ad8010cd8ca67a057b647baa8bf9ef6e77,249,1,1,-25962.468801866173,-29584.905774670686
inferred_20260921_seed0,0,11ed1195aabfcd298bcaf379e7f064ad8010cd8ca67a057b647baa8bf9ef6e77,249,2,1,-7288.312103181342,-9983.996407052895
inferred_20260921_seed0,0,11ed1195aabfcd298bcaf379e7f064ad8010cd8ca67a057b647baa8bf9ef6e77,249,3,1,-6155.416668976493,-6970.830384505767
inferred_20260921_seed0,0,11ed1195aabfcd298bcaf379e7f064ad8010cd8ca67a057b647baa8bf9ef6e77,250,1,1,-26912.74674257,-29476.496623256953
inferred_20260921_seed0,0,11ed1195aabfcd298bcaf379e7f064ad8010cd8ca67a057b647baa8bf9ef6e77,250,2,1,-9876.072456836157,-10012.494659896352
inferred_20260921_seed0,0,11ed1195aabfcd298bcaf379e7f064ad8010cd8ca67a057b647baa8bf9ef6e77,250,3,1,-8733.061136360815,-7043.663676180608
inferred_20260921_seed0,0,11ed1195aabfcd298bcaf379e7f064ad8010cd8ca67a057b647baa8bf9ef6e77,251,1,1,-26395.86416486973,-29301.227482009
inferred_20260921_seed0,0,11ed1195aabfcd298bcaf379e7f064ad8010cd8ca67a057b647baa8bf9ef6e77,251,2,1,-7800.921913403495,-9953.27138006373
inferred_20260921_seed0,0,11ed1195aabfcd298bcaf379e7f064ad8010cd8ca67a057b647baa8bf9ef6e77,251,3,1,-5961.821034221801,-7039.070046562316
inferred_20260921_seed0,0,11ed1195aabfcd298bcaf379e7f064ad8010cd8ca67a057b647baa8bf9ef6e77,252,1,1,-31272.53496997693,-29391.743001529343
inferred_20260921_seed0,0,11ed1195aabfcd298bcaf379e7f064ad8010cd8ca67a057b647baa8bf9ef6e77,252,2,1,-7445.896035947704,-9724.59782226073
inferred_20260921_seed0,0,11ed1195aabfcd298bcaf379e7f064ad8010cd8ca67a057b647baa8bf9ef6e77,252,3,1,-7293.706220156657,-7028.467360387814
inferred_20260921_seed0,0,11ed1195aabfcd298bcaf379e7f064ad8010cd8ca67a057b647baa8bf9ef6e77,253,1,1,-29571.41029877345,-29352.161639991427
inferred_20260921_seed0,0,11ed1195aabfcd298bcaf379e7f064ad8010cd8ca67a057b647baa8bf9ef6e77,253,2,1,-8950.313902689677,-9687.03827918163
inferred_20260921_seed0,0,11ed1195aabfcd298bcaf379e7f064ad8010cd8ca67a057b647baa8bf9ef6e77,253,3,1,-7421.763485488394,-7011.447941895741
inferred_20260921_seed0,0,11ed1195aabfcd298bcaf379e7f064ad8010cd8ca67a057b647baa8bf9ef6e77,254,1,1,-27772.721605589893,-29363.693009141432
inferred_20260921_seed0,0,11ed1195aabfcd298bcaf379e7f064ad8010cd8ca67a057b647baa8bf9ef6e77,254,2,1,-9945.862137635848,-9660.896212268934
inferred_20260921_seed0,0,11ed1195aabfcd298bcaf379e7f064ad8010cd8ca67a057b647baa8bf9ef6e77,254,3,1,-6681.091971207023,-7023.9524668580025
inferred_20260921_seed0,0,11ed1195aabfcd298bcaf379e7f064ad8010cd8ca67a057b647baa8bf9ef6e77,255,1,1,-29809.45981110956,-29329.966530862817
inferred_20260921_seed0,0,11ed1195aabfcd298bcaf379e7f064ad8010cd8ca67a057b647baa8bf9ef6e77,255,2,1,-9051.987219515584,-9665.368029903859
inferred_20260921_seed0,0,11ed1195aabfcd298bcaf379e7f064ad8010cd8ca67a057b647baa8bf9ef6e77,255,3,1,-6975.852771156428,-7081.28638029298
inferred_20260921_seed0,0,11ed1195aabfcd298bcaf379e7f064ad8010cd8ca67a057b647baa8bf9ef6e77,256,1,1,-30024.579445614505,-29306.349423196218
inferred_20260921_seed0,0,11ed1195aabfcd298bcaf379e7f064ad8010cd8ca67a057b647baa8bf9ef6e77,256,2,1,-8527.832451185572,-9586.228459605096
inferred_20260921_seed0,0,11ed1195aabfcd298bcaf379e7f064ad8010cd8ca67a057b647baa8bf9ef6e77,256,3,1,-8491.311169053539,-7167.764905649958
inferred_20260921_seed0,0,11ed1195aabfcd298bcaf379e7f064ad8010cd8ca67a057b647baa8bf9ef6e77,257,1,1,-29507.133347074683,-29267.777072309254
inferred_20260921_seed0,0,11ed1195aabfcd298bcaf379e7f064ad8010cd8ca67a057b647baa8bf9ef6e77,257,2,1,-7554.286197259635,-9348.373713584013
inferred_20260921_seed0,0,11ed1195aabfcd298bcaf379e7f064ad8010cd8ca67a057b647baa8bf9ef6e77,257,3,1,-6126.673985769785,-7197.146326068736
inferred_20260921_seed0,0,11ed1195aabfcd298bcaf379e7f064ad8010cd8ca67a057b647baa8bf9ef6e77,258,1,1,-28592.64886580054,-29086.159171030722
inferred_20260921_seed0,0,11ed1195aabfcd298bcaf379e7f064ad8010cd8ca67a057b647baa8bf9ef6e77,258,2,1,-9066.383228377728,-9301.390315050257
inferred_20260921_seed0,0,11ed1195aabfcd298bcaf379e7f064ad8010cd8ca67a057b647baa8bf9ef6e77,258,3,1,-7167.7704950708885,-7172.728258992678
inferred_20260921_seed0,0,11ed1195aabfcd298bcaf379e7f064ad8010cd8ca67a057b647baa8bf9ef6e77,259,1,1,-29899.49481478407,-29132.345268459838
inferred_20260921_seed0,0,11ed1195aabfcd298bcaf379e7f064ad8010cd8ca67a057b647baa8bf9ef6e77,259,2,1,-11486.285474805554,-9433.919807578402
inferred_20260921_seed0,0,11ed1195aabfcd298bcaf379e7f064ad8010cd8ca67a057b647baa8bf9ef6e77,259,3,1,-8389.157321841645,-7250.616709224136
inferred_20260921_seed0,0,11ed1195aabfcd298bcaf379e7f064ad8010cd8ca67a057b647baa8bf9ef6e77,260,1,1,-30076.95020809569,-29109.32563827684
inferred_20260921_seed0,0,11ed1195aabfcd298bcaf379e7f064ad8010cd8ca67a057b647baa8bf9ef6e77,260,2,1,-9641.78588849413,-9443.393065037828
inferred_20260921_seed0,0,11ed1195aabfcd298bcaf379e7f064ad8010cd8ca67a057b647baa8bf9ef6e77,260,3,1,-7052.440403193334,-7199.844921287668
inferred_20260921_seed0,0,11ed1195aabfcd298bcaf379e7f064ad8010cd8ca67a057b647baa8bf9ef6e77,261,1,1,-28038.8037045232,-29033.0542756984
inferred_20260921_seed0,0,11ed1195aabfcd298bcaf379e7f064ad8010cd8ca67a057b647baa8bf9ef6e77,261,2,1,-8684.616145114232,-9443.262965787553
inferred_20260921_seed0,0,11ed1195aabfcd298bcaf379e7f064ad8010cd8ca67a057b647baa8bf9ef6e77,261,3,1,-5938.8664628197375,-7130.806112300659
inferred_20260921_seed0,0,11ed1195aabfcd298bcaf379e7f064ad8010cd8ca67a057b647baa8bf9ef6e77,262,1,1,-29858.990243594613,-29059.21840007919
inferred_20260921_seed0,0,11ed1195aabfcd298bcaf379e7f064ad8010cd8ca67a057b647baa8bf9ef6e77,262,2,1,-9049.209876908812,-9420.075226331492
inferred_20260921_seed0,0,11ed1195aabfcd298bcaf379e7f064ad8010cd8ca67a057b647baa8bf9ef6e77,262,3,1,-4876.377557773625,-7022.188086921641
inferred_20260921_seed0,0,11ed1195aabfcd298bcaf379e7f064ad8010cd8ca67a057b647baa8bf9ef6e77,263,1,1,-28711.123159412145,-29003.82100272814
inferred_20260921_seed0,0,11ed1195aabfcd298bcaf379e7f064ad8010cd8ca67a057b647baa8bf9ef6e77,263,2,1,-10194.985481612404,-9340.020231350494
inferred_20260921_seed0,0,11ed1195aabfcd298bcaf379e7f064ad8010cd8ca67a057b647baa8bf9ef6e77,263,3,1,-6055.576522979271,-6923.142331107508
inferred_20260921_seed0,0,11ed1195aabfcd298bcaf379e7f064ad8010cd8ca67a057b647baa8bf9ef6e77,264,1,1,-30094.823486786147,-29048.643047123136
inferred_20260921_seed0,0,11ed1195aabfcd298bcaf379e7f064ad8010cd8ca67a057b647baa8bf9ef6e77,264,2,1,-8569.007682297015,-9254.605146391656
inferred_20260921_seed0,0,11ed1195aabfcd298bcaf379e7f064ad8010cd8ca67a057b647baa8bf9ef6e77,264,3,1,-7476.121110345817,-6949.12973459978
inferred_20260921_seed0,0,11ed1195aabfcd298bcaf379e7f064ad8010cd8ca67a057b647baa8bf9ef6e77,265,1,1,-29496.74053379877,-29038.284253764934
inferred_20260921_seed0,0,11ed1195aabfcd298bcaf379e7f064ad8010cd8ca67a057b647baa8bf9ef6e77,265,2,1,-9599.968360145724,-9285.075532858698
inferred_20260921_seed0,0,11ed1195aabfcd298bcaf379e7f064ad8010cd8ca67a057b647baa8bf9ef6e77,265,3,1,-6489.242371229384,-6945.330152840299
inferred_20260921_seed0,0,11ed1195aabfcd298bcaf379e7f064ad8010cd8ca67a057b647baa8bf9ef6e77,266,1,1,-30689.02665155329,-29164.80923846195
inferred_20260921_seed0,0,11ed1195aabfcd298bcaf379e7f064ad8010cd8ca67a057b647baa8bf9ef6e77,266,2,1,-12673.077262270848,-9380.771587117473
inferred_20260921_seed0,0,11ed1195aabfcd298bcaf379e7f064ad8010cd8ca67a057b647baa8bf9ef6e77,266,3,1,-5626.749835607217,-6851.094792795335
inferred_20260921_seed0,0,11ed1195aabfcd298bcaf379e7f064ad8010cd8ca67a057b647baa8bf9ef6e77,267,1,1,-28119.1757961431,-29147.27614214108
inferred_20260921_seed0,0,11ed1195aabfcd298bcaf379e7f064ad8010cd8ca67a057b647baa8bf9ef6e77,267,2,1,-10896.617091349412,-9393.724334447548
inferred_20260921_seed0,0,11ed1195aabfcd298bcaf379e7f064ad8010cd8ca67a057b647baa8bf9ef6e77,267,3,1,-6731.7943454694005,-6882.555920292949
inferred_20260921_seed0,0,11ed1195aabfcd298bcaf379e7f064ad8010cd8ca67a057b647baa8bf9ef6e77,268,1,1,-28274.79310048945,-29123.348461374004
inferred_20260921_seed0,0,11ed1195aabfcd298bcaf379e7f064ad8010cd8ca67a057b647baa8bf9ef6e77,268,2,1,-8044.169678044975,-9431.370502700835
inferred_20260921_seed0,0,11ed1195aabfcd298bcaf379e7f064ad8010cd8ca67a057b647baa8bf9ef6e77,268,3,1,-8066.659726761225,-6925.57834288784
inferred_20260921_seed0,0,11ed1195aabfcd298bcaf379e7f064ad8010cd8ca67a057b647baa8bf9ef6e77,269,1,1,-30600.018630651084,-29134.83721070352
inferred_20260921_seed0,0,11ed1195aabfcd298bcaf379e7f064ad8010cd8ca67a057b647baa8bf9ef6e77,269,2,1,-6864.241378910101,-9375.561020054764
inferred_20260921_seed0,0,11ed1195aabfcd298bcaf379e7f064ad8010cd8ca67a057b647baa8bf9ef6e77,269,3,1,-5581.483437010789,-6829.290472778405
inferred_20260921_seed0,0,11ed1195aabfcd298bcaf379e7f064ad8010cd8ca67a057b647baa8bf9ef6e77,270,1,1,-28483.57867276838,-29120.222915817587
inferred_20260921_seed0,0,11ed1195aabfcd298bcaf379e7f064ad8010cd8ca67a057b647baa8bf9ef6e77,270,2,1,-7332.682534524932,-9297.662579700818
inferred_20260921_seed0,0,11ed1195aabfcd298bcaf379e7f064ad8010cd8ca67a057b647baa8bf9ef6e77,270,3,1,-4854.640123007566,-6743.510053139142
inferred_20260921_seed0,0,11ed1195aabfcd298bcaf379e7f064ad8010cd8ca67a057b647baa8bf9ef6e77,271,1,1,-28191.45709370341,-28957.34497981345
inferred_20260921_seed0,0,11ed1195aabfcd298bcaf379e7f064ad8010cd8ca67a057b647baa8bf9ef6e77,271,2,1,-10490.956014361702,-9249.405549851828
inferred_20260921_seed0,0,11ed1195aabfcd298bcaf379e7f064ad8010cd8ca67a057b647baa8bf9ef6e77,271,3,1,-6271.202537833986,-6769.949812178965
inferred_20260921_seed0,0,11ed1195aabfcd298bcaf379e7f064ad8010cd8ca67a057b647baa8bf9ef6e77,272,1,1,-29251.85976292824,-29020.090131817484
inferred_20260921_seed0,0,11ed1195aabfcd298bcaf379e7f064ad8010cd8ca67a057b647baa8bf9ef6e77,272,2,1,-7131.690217380923,-9059.806843635415
inferred_20260921_seed0,0,11ed1195aabfcd298bcaf379e7f064ad8010cd8ca67a057b647baa8bf9ef6e77,272,3,1,-6417.031934646259,-6702.141658843916
inferred_20260921_seed0,0,11ed1195aabfcd298bcaf379e7f064ad8010cd8ca67a057b647baa8bf9ef6e77,273,1,1,-31816.428219886595,-29096.99328529455
inferred_20260921_seed0,0,11ed1195aabfcd298bcaf379e7f064ad8010cd8ca67a057b647baa8bf9ef6e77,273,2,1,-10873.685584901215,-9081.633852686187
inferred_20260921_seed0,0,11ed1195aabfcd298bcaf379e7f064ad8010cd8ca67a057b647baa8bf9ef6e77,273,3,1,-7682.817706928889,-6740.745213396398
inferred_20260921_seed0,0,11ed1195aabfcd298bcaf379e7f064ad8010cd8ca67a057b647baa8bf9ef6e77,274,1,1,-30609.172261707005,-29282.86142368818
inferred_20260921_seed0,0,11ed1195aabfcd298bcaf379e7f064ad8010cd8ca67a057b647baa8bf9ef6e77,274,2,1,-6769.517763474785,-9060.882079097926
inferred_20260921_seed0,0,11ed1195aabfcd298bcaf379e7f064ad8010cd8ca67a057b647baa8bf9ef6e77,274,3,1,-7656.234611784218,-6800.777931108708
inferred_20260921_seed0,0,11ed1195aabfcd298bcaf379e7f064ad8010cd8ca67a057b647baa8bf9ef6e77,275,1,1,-28191.967578442345,-29334.030257123075
inferred_20260921_seed0,0,11ed1195aabfcd298bcaf379e7f064ad8010cd8ca67a057b647baa8bf9ef6e77,275,2,1,-9045.00519031358,-9027.639388437023
inferred_20260921_seed0,0,11ed1195aabfcd298bcaf379e7f064ad8010cd8ca67a057b647baa8bf9ef6e77,275,3,1,-6260.9401866419,-6701.893093119952
inferred_20260921_seed0,0,11ed1195aabfcd298bcaf379e7f064ad8010cd8ca67a057b647baa8bf9ef6e77,276,1,1,-28155.553026966925,-29404.41781160696
inferred_20260921_seed0,0,11ed1195aabfcd298bcaf379e7f064ad8010cd8ca67a057b647baa8bf9ef6e77,276,2,1,-9727.447061502104,-9104.700394360967
inferred_20260921_seed0,0,11ed1195aabfcd298bcaf379e7f064ad8010cd8ca67a057b647baa8bf9ef6e77,276,3,1,-5107.372427468366,-6667.715148849813
inferred_20260921_seed0,0,11ed1195aabfcd298bcaf379e7f064ad8010cd8ca67a057b647baa8bf9ef6e77,277,1,1,-29474.25639329247,-29332.486668539583
inferred_20260921_seed0,0,11ed1195aabfcd298bcaf379e7f064ad8010cd8ca67a057b647baa8bf9ef6e77,277,2,1,-9811.767167497384,-9199.335239622955
inferred_20260921_seed0,0,11ed1195aabfcd298bcaf379e7f064ad8010cd8ca67a057b647baa8bf9ef6e77,277,3,1,-6626.980973899874,-6641.046138999543
inferred_20260921_seed0,0,11ed1195aabfcd298bcaf379e7f064ad8010cd8ca67a057b647baa8bf9ef6e77,278,1,1,-27792.70260663433,-29261.338360854013
inferred_20260921_seed0,0,11ed1195aabfcd298bcaf379e7f064ad8010cd8ca67a057b647baa8bf9ef6e77,278,2,1,-10727.8663924887,-9270.437339214915
inferred_20260921_seed0,0,11ed1195aabfcd298bcaf379e7f064ad8010cd8ca67a057b647baa8bf9ef6e77,278,3,1,-7318.782038609852,-6636.9268811244
inferred_20260921_seed0,0,11ed1195aabfcd298bcaf379e7f064ad8010cd8ca67a057b647baa8bf9ef6e77,279,1,1,-28612.18334433828,-29294.916830403952
inferred_20260921_seed0,0,11ed1195aabfcd298bcaf379e7f064ad8010cd8ca67a057b647baa8bf9ef6e77,279,2,1,-9830.243391538694,-9265.812589371031
inferred_20260921_seed0,0,11ed1195aabfcd298bcaf379e7f064ad8010cd8ca67a057b647baa8bf9ef6e77,279,3,1,-8093.086725061175,-6693.406671278568
inferred_20260921_seed0,0,11ed1195aabfcd298bcaf379e7f064ad8010cd8ca67a057b647baa8bf9ef6e77,280,1,1,-29786.186489142303,-29293.98589752526
inferred_20260921_seed0,0,11ed1195aabfcd298bcaf379e7f064ad8010cd8ca67a057b647baa8bf9ef6e77,280,2,1,-11416.724710970018,-9360.402089029207
inferred_20260921_seed0,0,11ed1195aabfcd298bcaf379e7f064ad8010cd8ca67a057b647baa8bf9ef6e77,280,3,1,-6684.534881377089,-6681.753955687393
inferred_20260921_seed0,0,11ed1195aabfcd298bcaf379e7f064ad8010cd8ca67a057b647baa8bf9ef6e77,281,1,1,-25296.630323579368,-29104.867932643858
inferred_20260921_seed0,0,11ed1195aabfcd298bcaf379e7f064ad8010cd8ca67a057b647baa8bf9ef6e77,281,2,1,-10863.804402377918,-9453.840967076902
inferred_20260921_seed0,0,11ed1195aabfcd298bcaf379e7f064ad8010cd8ca67a057b647baa8bf9ef6e77,281,3,1,-6420.179115502233,-6598.908673545341
inferred_20260921_seed0,0,11ed1195aabfcd298bcaf379e7f064ad8010cd8ca67a057b647baa8bf9ef6e77,282,1,1,-31226.598498064886,-29173.646538683464
inferred_20260921_seed0,0,11ed1195aabfcd298bcaf379e7f064ad8010cd8ca67a057b647baa8bf9ef6e77,282,2,1,-8971.798681561073,-9510.541466448958
inferred_20260921_seed0,0,11ed1195aabfcd298bcaf379e7f064ad8010cd8ca67a057b647baa8bf9ef6e77,282,3,1,-8192.454437628414,-6681.539891619687
inferred_20260921_seed0,0,11ed1195aabfcd298bcaf379e7f064ad8010cd8ca67a057b647baa8bf9ef6e77,283,1,1,-27468.14641501595,-29128.666440652083
inferred_20260921_seed0,0,11ed1195aabfcd298bcaf379e7f064ad8010cd8ca67a057b647baa8bf9ef6e77,283,2,1,-9492.323150792923,-9527.579063345567
inferred_20260921_seed0,0,11ed1195aabfcd298bcaf379e7f064ad8010cd8ca67a057b647baa8bf9ef6e77,283,3,1,-7302.544158496308,-6686.930838156703
inferred_20260921_seed0,0,11ed1195aabfcd298bcaf379e7f064ad8010cd8ca67a057b647baa8bf9ef6e77,284,1,1,-26854.819395054878,-29006.879423862916
inferred_20260921_seed0,0,11ed1195aabfcd298bcaf379e7f064ad8010cd8ca67a057b647baa8bf9ef6e77,284,2,1,-6549.93241063352,-9330.124940778685
inferred_20260921_seed0,0,11ed1195aabfcd298bcaf379e7f064ad8010cd8ca67a057b647baa8bf9ef6e77,284,3,1,-6334.041239448572,-6604.72619486098
inferred_20260921_seed0,0,11ed1195aabfcd298bcaf379e7f064ad8010cd8ca67a057b647baa8bf9ef6e77,285,1,1,-29071.071091402173,-28966.644259195175
inferred_20260921_seed0,0,11ed1195aabfcd298bcaf379e7f064ad8010cd8ca67a057b647baa8bf9ef6e77,285,2,1,-9832.965159417648,-9337.772111615626
inferred_20260921_seed0,0,11ed1195aabfcd298bcaf379e7f064ad8010cd8ca67a057b647baa8bf9ef6e77,285,3,1,-6589.086642625405,-6586.192044438262
inferred_20260921_seed0,0,11ed1195aabfcd298bcaf379e7f064ad8010cd8ca67a057b647baa8bf9ef6e77,286,1,1,-27195.646978247845,-28932.91799014416
inferred_20260921_seed0,0,11ed1195aabfcd298bcaf379e7f064ad8010cd8ca67a057b647baa8bf9ef6e77,286,2,1,-7949.830514565131,-9308.380686393662
inferred_20260921_seed0,0,11ed1195aabfcd298bcaf379e7f064ad8010cd8ca67a057b647baa8bf9ef6e77,286,3,1,-7050.636159995527,-6630.662832325295
inferred_20260921_seed0,0,11ed1195aabfcd298bcaf379e7f064ad8010cd8ca67a057b647baa8bf9ef6e77,287,1,1,-29690.314728900976,-28926.170969556413
inferred_20260921_seed0,0,11ed1195aabfcd298bcaf379e7f064ad8010cd8ca67a057b647baa8bf9ef6e77,287,2,1,-10455.847569308258,-9364.646194089639
inferred_20260921_seed0,0,11ed1195aabfcd298bcaf379e7f064ad8010cd8ca67a057b647baa8bf9ef6e77,287,3,1,-6868.986739483931,-6710.367199593707
inferred_20260921_seed0,0,11ed1195aabfcd298bcaf379e7f064ad8010cd8ca67a057b647baa8bf9ef6e77,288,1,1,-29103.745510142347,-28941.87586358562
inferred_20260921_seed0,0,11ed1195aabfcd298bcaf379e7f064ad8010cd8ca67a057b647baa8bf9ef6e77,288,2,1,-9159.444817484262,-9323.224567524514
inferred_20260921_seed0,0,11ed1195aabfcd298bcaf379e7f064ad8010cd8ca67a057b647baa8bf9ef6e77,288,3,1,-7416.246464976863,-6764.79399727361
inferred_20260921_seed0,0,11ed1195aabfcd298bcaf379e7f064ad8010cd8ca67a057b647baa8bf9ef6e77,289,1,1,-29415.089990278862,-28914.68652372533
inferred_20260921_seed0,0,11ed1195aabfcd298bcaf379e7f064ad8010cd8ca67a057b647baa8bf9ef6e77,289,2,1,-7048.90468761768,-9262.42044773734
inferred_20260921_seed0,0,11ed1195aabfcd298bcaf379e7f064ad8010cd8ca67a057b647baa8bf9ef6e77,289,3,1,-6991.617519803436,-6745.413853651915
inferred_20260921_seed0,0,11ed1195aabfcd298bcaf379e7f064ad8010cd8ca67a057b647baa8bf9ef6e77,290,1,1,-29853.84920349104,-28928.970870513018
inferred_20260921_seed0,0,11ed1195aabfcd298bcaf379e7f064ad8010cd8ca67a057b647baa8bf9ef6e77,290,2,1,-9757.385895605035,-9268.717149155713
inferred_20260921_seed0,0,11ed1195aabfcd298bcaf379e7f064ad8010cd8ca67a057b647baa8bf9ef6e77,290,3,1,-9380.10625969344,-6861.048409190478
inferred_20260921_seed0,0,11ed1195aabfcd298bcaf379e7f064ad8010cd8ca67a057b647baa8bf9ef6e77,291,1,1,-29550.91159724644,-28883.44626834075
inferred_20260921_seed0,0,11ed1195aabfcd298bcaf379e7f064ad8010cd8ca67a057b647baa8bf9ef6e77,291,2,1,-11271.480031255913,-9212.653259915116
inferred_20260921_seed0,0,11ed1195aabfcd298bcaf379e7f064ad8010cd8ca67a057b647baa8bf9ef6e77,291,3,1,-6107.090079441475,-6880.2620189438485
inferred_20260921_seed0,0,11ed1195aabfcd298bcaf379e7f064ad8010cd8ca67a057b647baa8bf9ef6e77,292,1,1,-28650.204301793885,-28904.687408566777
inferred_20260921_seed0,0,11ed1195aabfcd298bcaf379e7f064ad8010cd8ca67a057b647baa8bf9ef6e77,292,2,1,-8471.225283104865,-9115.637587585334
inferred_20260921_seed0,0,11ed1195aabfcd298bcaf379e7f064ad8010cd8ca67a057b647baa8bf9ef6e77,292,3,1,-5553.711908550129,-6833.138721467078
inferred_20260921_seed0,0,11ed1195aabfcd298bcaf379e7f064ad8010cd8ca67a057b647baa8bf9ef6e77,293,1,1,-27510.20048493531,-28874.103703944613
inferred_20260921_seed0,0,11ed1195aabfcd298bcaf379e7f064ad8010cd8ca67a057b647baa8bf9ef6e77,293,2,1,-8084.149405133956,-9117.236776668893
inferred_20260921_seed0,0,11ed1195aabfcd298bcaf379e7f064ad8010cd8ca67a057b647baa8bf9ef6e77,293,3,1,-7362.852378882629,-6804.986427551933
inferred_20260921_seed0,0,11ed1195aabfcd298bcaf379e7f064ad8010cd8ca67a057b647baa8bf9ef6e77,294,1,1,-30201.867218952284,-28858.177647476663
inferred_20260921_seed0,0,11ed1195aabfcd298bcaf379e7f064ad8010cd8ca67a057b647baa8bf9ef6e77,294,2,1,-11260.948445113414,-9293.105059317026
inferred_20260921_seed0,0,11ed1195aabfcd298bcaf379e7f064ad8010cd8ca67a057b647baa8bf9ef6e77,294,3,1,-6600.8468838788485,-6845.760965426655
inferred_20260921_seed0,0,11ed1195aabfcd298bcaf379e7f064ad8010cd8ca67a057b647baa8bf9ef6e77,295,1,1,-32123.98717717888,-29003.79398765308
inferred_20260921_seed0,0,11ed1195aabfcd298bcaf379e7f064ad8010cd8ca67a057b647baa8bf9ef6e77,295,2,1,-10328.116842815474,-9412.922431648647
inferred_20260921_seed0,0,11ed1195aabfcd298bcaf379e7f064ad8010cd8ca67a057b647baa8bf9ef6e77,295,3,1,-7262.94834939677,-6942.093294482224
inferred_20260921_seed0,0,11ed1195aabfcd298bcaf379e7f064ad8010cd8ca67a057b647baa8bf9ef6e77,296,1,1,-29451.93091757887,-29054.212940608097
inferred_20260921_seed0,0,11ed1195aabfcd298bcaf379e7f064ad8010cd8ca67a057b647baa8bf9ef6e77,296,2,1,-11372.263581297204,-9448.174734326067
inferred_20260921_seed0,0,11ed1195aabfcd298bcaf379e7f064ad8010cd8ca67a057b647baa8bf9ef6e77,296,3,1,-7083.675651005018,-6974.592219009064
inferred_20260921_seed0,0,11ed1195aabfcd298bcaf379e7f064ad8010cd8ca67a057b647baa8bf9ef6e77,297,1,1,-31007.22243150378,-29124.427447351118
inferred_20260921_seed0,0,11ed1195aabfcd298bcaf379e7f064ad8010cd8ca67a057b647baa8bf9ef6e77,297,2,1,-10012.636929428758,-9563.41260280798
inferred_20260921_seed0,0,11ed1195aabfcd298bcaf379e7f064ad8010cd8ca67a057b647baa8bf9ef6e77,297,3,1,-7166.445951143098,-7004.568779668938
inferred_20260921_seed0,0,11ed1195aabfcd298bcaf379e7f064ad8010cd8ca67a057b647baa8bf9ef6e77,298,1,1,-27578.69749601213,-28954.918218396142
inferred_20260921_seed0,0,11ed1195aabfcd298bcaf379e7f064ad8010cd8ca67a057b647baa8bf9ef6e77,298,2,1,-8922.313964770763,-9485.357738002764
inferred_20260921_seed0,0,11ed1195aabfcd298bcaf379e7f064ad8010cd8ca67a057b647baa8bf9ef6e77,298,3,1,-7970.444042716027,-7016.073833100424
inferred_20260921_seed0,0,11ed1195aabfcd298bcaf379e7f064ad8010cd8ca67a057b647baa8bf9ef6e77,299,1,1,-28933.133887047275,-28887.876683409748
inferred_20260921_seed0,0,11ed1195aabfcd298bcaf379e7f064ad8010cd8ca67a057b647baa8bf9ef6e77,299,2,1,-12699.850880428916,-9722.571062680929
inferred_20260921_seed0,0,11ed1195aabfcd298bcaf379e7f064ad8010cd8ca67a057b647baa8bf9ef6e77,299,3,1,-7164.0305375290845,-6996.385670130219
inferred_20260921_seed0,0,11ed1195aabfcd298bcaf379e7f064ad8010cd8ca67a057b647baa8bf9ef6e77,300,1,1,-27420.293063480814,-28857.009702811294
inferred_20260921_seed0,0,11ed1195aabfcd298bcaf379e7f064ad8010cd8ca67a057b647baa8bf9ef6e77,300,2,1,-8759.011652938898,-9711.13132118594
inferred_20260921_seed0,0,11ed1195aabfcd298bcaf379e7f064ad8010cd8ca67a057b647baa8bf9ef6e77,300,3,1,-7603.476056535375,-7050.087104925958
inferred_20260921_seed0,0,11ed1195aabfcd298bcaf379e7f064ad8010cd8ca67a057b647baa8bf9ef6e77,301,1,1,-27715.20772392315,-28839.395890689542
inferred_20260921_seed0,0,11ed1195aabfcd298bcaf379e7f064ad8010cd8ca67a057b647baa8bf9ef6e77,301,2,1,-9385.74773581949,-9697.463348158635
inferred_20260921_seed0,0,11ed1195aabfcd298bcaf379e7f064ad8010cd8ca67a057b647baa8bf9ef6e77,301,3,1,-4871.388592605199,-7040.647751531431
inferred_20260921_seed0,0,11ed1195aabfcd298bcaf379e7f064ad8010cd8ca67a057b647baa8bf9ef6e77,302,1,1,-27582.58210243805,-28763.728919055364
inferred_20260921_seed0,0,11ed1195aabfcd298bcaf379e7f064ad8010cd8ca67a057b647baa8bf9ef6e77,302,2,1,-7109.198825508465,-9589.36061447908
inferred_20260921_seed0,0,11ed1195aabfcd298bcaf379e7f064ad8010cd8ca67a057b647baa8bf9ef6e77,302,3,1,-6125.414805520066,-7020.585104796238
inferred_20260921_seed0,0,11ed1195aabfcd298bcaf379e7f064ad8010cd8ca67a057b647baa8bf9ef6e77,303,1,1,-29487.54025840945,-28831.52242512637
inferred_20260921_seed0,0,11ed1195aabfcd298bcaf379e7f064ad8010cd8ca67a057b647baa8bf9ef6e77,303,2,1,-10286.30937218166,-9571.698333666798
inferred_20260921_seed0,0,11ed1195aabfcd298bcaf379e7f064ad8010cd8ca67a057b647baa8bf9ef6e77,303,3,1,-6141.749722892408,-6973.503812167541
inferred_20260921_seed0,0,11ed1195aabfcd298bcaf379e7f064ad8010cd8ca67a057b647baa8bf9ef6e77,304,1,1,-28724.987610145945,-28836.034595758676
inferred_20260921_seed0,0,11ed1195aabfcd298bcaf379e7f064ad8010cd8ca67a057b647baa8bf9ef6e77,304,2,1,-5465.466545687128,-9397.107259832736
inferred_20260921_seed0,0,11ed1195aabfcd298bcaf379e7f064ad8010cd8ca67a057b647baa8bf9ef6e77,304,3,1,-6482.181135811963,-6909.0675885975725
inferred_20260921_seed0,0,11ed1195aabfcd298bcaf379e7f064ad8010cd8ca67a057b647baa8bf9ef6e77,305,1,1,-27288.734103629977,-28736.13650033818
inferred_20260921_seed0,0,11ed1195aabfcd298bcaf379e7f064ad8010cd8ca67a057b647baa8bf9ef6e77,305,2,1,-11138.728082918264,-9385.987394710664
inferred_20260921_seed0,0,11ed1195aabfcd298bcaf379e7f064ad8010cd8ca67a057b647baa8bf9ef6e77,305,3,1,-7133.418818727059,-6927.022946091572
inferred_20260921_seed0,0,11ed1195aabfcd298bcaf379e7f064ad8010cd8ca67a057b647baa8bf9ef6e77,306,1,1,-29090.43211873011,-28887.88857214421
inferred_20260921_seed0,0,11ed1195aabfcd298bcaf379e7f064ad8010cd8ca67a057b647baa8bf9ef6e77,306,2,1,-10195.2584615426,-9359.24555707725
inferred_20260921_seed0,0,11ed1195aabfcd298bcaf379e7f064ad8010cd8ca67a057b647baa8bf9ef6e77,306,3,1,-6916.239025787084,-6946.865342502965
inferred_20260921_seed0,0,11ed1195aabfcd298bcaf379e7f064ad8010cd8ca67a057b647baa8bf9ef6e77,307,1,1,-28535.122250457527,-28780.22952223992
inferred_20260921_seed0,0,11ed1195aabfcd298bcaf379e7f064ad8010cd8ca67a057b647baa8bf9ef6e77,307,2,1,-8304.489796889533,-9332.55320169039
inferred_20260921_seed0,0,11ed1195aabfcd298bcaf379e7f064ad8010cd8ca67a057b647baa8bf9ef6e77,307,3,1,-6277.527344666209,-6870.2682587844765
inferred_20260921_seed0,0,11ed1195aabfcd298bcaf379e7f064ad8010cd8ca67a057b647baa8bf9ef6e77,308,1,1,-28453.783547499,-28819.655007539244
inferred_20260921_seed0,0,11ed1195aabfcd298bcaf379e7f064ad8010cd8ca67a057b647baa8bf9ef6e77,308,2,1,-8823.853476078428,-9305.81441470181
inferred_20260921_seed0,0,11ed1195aabfcd298bcaf379e7f064ad8010cd8ca67a057b647baa8bf9ef6e77,308,3,1,-5222.631484060078,-6787.071751807027
inferred_20260921_seed0,0,11ed1195aabfcd298bcaf379e7f064ad8010cd8ca67a057b647baa8bf9ef6e77,309,1,1,-27808.204887316253,-28857.790427229695
inferred_20260921_seed0,0,11ed1195aabfcd298bcaf379e7f064ad8010cd8ca67a057b647baa8bf9ef6e77,309,2,1,-9974.127508415568,-9442.782218613092
inferred_20260921_seed0,0,11ed1195aabfcd298bcaf379e7f064ad8010cd8ca67a057b647baa8bf9ef6e77,309,3,1,-7071.370496065677,-6816.564922071711
inferred_20260921_seed0,0,11ed1195aabfcd298bcaf379e7f064ad8010cd8ca67a057b647baa8bf9ef6e77,310,1,1,-30201.8676165782,-28903.022288236738
inferred_20260921_seed0,0,11ed1195aabfcd298bcaf379e7f064ad8010cd8ca67a057b647baa8bf9ef6e77,310,2,1,-9555.46436301118,-9431.682186756834
inferred_20260921_seed0,0,11ed1195aabfcd298bcaf379e7f064ad8010cd8ca67a057b647baa8bf9ef6e77,310,3,1,-7187.735455759336,-6840.510874597069
inferred_20260921_seed0,0,11ed1195aabfcd298bcaf379e7f064ad8010cd8ca67a057b647baa8bf9ef6e77,311,1,1,-28854.00623792206,-28969.356658623703
inferred_20260921_seed0,0,11ed1195aabfcd298bcaf379e7f064ad8010cd8ca67a057b647baa8bf9ef6e77,311,2,1,-9162.66734805415,-9480.195660096395
inferred_20260921_seed0,0,11ed1195aabfcd298bcaf379e7f064ad8010cd8ca67a057b647baa8bf9ef6e77,311,3,1,-6259.7342507301855,-6808.874798226456
inferred_20260921_seed0,0,11ed1195aabfcd298bcaf379e7f064ad8010cd8ca67a057b647baa8bf9ef6e77,312,1,1,-28387.389259670577,-28917.23963985449
inferred_20260921_seed0,0,11ed1195aabfcd298bcaf379e7f064ad8010cd8ca67a057b647baa8bf9ef6e77,312,2,1,-8802.13261042008,-9414.047061740868
inferred_20260921_seed0,0,11ed1195aabfcd298bcaf379e7f064ad8010cd8ca67a057b647baa8bf9ef6e77,312,3,1,-6922.3342475611735,-6811.008698549545
inferred_20260921_seed0,0,11ed1195aabfcd298bcaf379e7f064ad8010cd8ca67a057b647baa8bf9ef6e77,313,1,1,-28671.762639210967,-28899.960325017233
inferred_20260921_seed0,0,11ed1195aabfcd298bcaf379e7f064ad8010cd8ca67a057b647baa8bf9ef6e77,313,2,1,-9196.943232413769,-9415.546998338048
inferred_20260921_seed0,0,11ed1195aabfcd298bcaf379e7f064ad8010cd8ca67a057b647baa8bf9ef6e77,313,3,1,-9380.806602391893,-6889.591104046146
inferred_20260921_seed0,0,11ed1195aabfcd298bcaf379e7f064ad8010cd8ca67a057b647baa8bf9ef6e77,314,1,1,-23557.55887875881,-28665.65908055643
inferred_20260921_seed0,0,11ed1195aabfcd298bcaf379e7f064ad8010cd8ca67a057b647baa8bf9ef6e77,314,2,1,-9753.065972174723,-9523.71344972033
inferred_20260921_seed0,0,11ed1195aabfcd298bcaf379e7f064ad8010cd8ca67a057b647baa8bf9ef6e77,314,3,1,-7620.301743471218,-6914.738472992858
inferred_20260921_seed0,0,11ed1195aabfcd298bcaf379e7f064ad8010cd8ca67a057b647baa8bf9ef6e77,315,1,1,-29249.585134289915,-28641.488517788388
inferred_20260921_seed0,0,11ed1195aabfcd298bcaf379e7f064ad8010cd8ca67a057b647baa8bf9ef6e77,315,2,1,-8117.465886796869,-9458.116649368003
inferred_20260921_seed0,0,11ed1195aabfcd298bcaf379e7f064ad8010cd8ca67a057b647baa8bf9ef6e77,315,3,1,-8010.402044584305,-6859.950304388492
inferred_20260921_seed0,0,11ed1195aabfcd298bcaf379e7f064ad8010cd8ca67a057b647baa8bf9ef6e77,316,1,1,-28067.750237473985,-28582.162063397485
inferred_20260921_seed0,0,11ed1195aabfcd298bcaf379e7f064ad8010cd8ca67a057b647baa8bf9ef6e77,316,2,1,-9425.663400565263,-9384.283984140377
inferred_20260921_seed0,0,11ed1195aabfcd298bcaf379e7f064ad8010cd8ca67a057b647baa8bf9ef6e77,316,3,1,-7472.728532728887,-6914.575842519989
inferred_20260921_seed0,0,11ed1195aabfcd298bcaf379e7f064ad8010cd8ca67a057b647baa8bf9ef6e77,317,1,1,-30799.628352667853,-28668.13902543245
inferred_20260921_seed0,0,11ed1195aabfcd298bcaf379e7f064ad8010cd8ca67a057b647baa8bf9ef6e77,317,2,1,-9197.460239020513,-9413.333382377003
inferred_20260921_seed0,0,11ed1195aabfcd298bcaf379e7f064ad8010cd8ca67a057b647baa8bf9ef6e77,317,3,1,-6907.45869242198,-6968.725713874862
inferred_20260921_seed0,0,11ed1195aabfcd298bcaf379e7f064ad8010cd8ca67a057b647baa8bf9ef6e77,318,1,1,-30440.88436388752,-28785.366380590534
inferred_20260921_seed0,0,11ed1195aabfcd298bcaf379e7f064ad8010cd8ca67a057b647baa8bf9ef6e77,318,2,1,-8981.756588180087,-9449.237669698847
inferred_20260921_seed0,0,11ed1195aabfcd298bcaf379e7f064ad8010cd8ca67a057b647baa8bf9ef6e77,318,3,1,-7700.497320984754,-6982.231511558947
inferred_20260921_seed0,0,11ed1195aabfcd298bcaf379e7f064ad8010cd8ca67a057b647baa8bf9ef6e77,319,1,1,-27124.02584961198,-28662.252725816925
inferred_20260921_seed0,0,11ed1195aabfcd298bcaf379e7f064ad8010cd8ca67a057b647baa8bf9ef6e77,319,2,1,-10251.220778132902,-9408.848563019628
inferred_20260921_seed0,0,11ed1195aabfcd298bcaf379e7f064ad8010cd8ca67a057b647baa8bf9ef6e77,319,3,1,-6726.178858443036,-6987.244790541516
inferred_20260921_seed0,0,11ed1195aabfcd298bcaf379e7f064ad8010cd8ca67a057b647baa8bf9ef6e77,320,1,1,-28008.86288252951,-28497.64775403095
inferred_20260921_seed0,0,11ed1195aabfcd298bcaf379e7f064ad8010cd8ca67a057b647baa8bf9ef6e77,320,2,1,-7826.660832776484,-9308.790322618068
inferred_20260921_seed0,0,11ed1195aabfcd298bcaf379e7f064ad8010cd8ca67a057b647baa8bf9ef6e77,320,3,1,-5285.195902880191,-6908.134692680852
inferred_20260921_seed0,0,11ed1195aabfcd298bcaf379e7f064ad8010cd8ca67a057b647baa8bf9ef6e77,321,1,1,-29044.565809712218,-28481.353149716288
inferred_20260921_seed0,0,11ed1195aabfcd298bcaf379e7f064ad8010cd8ca67a057b647baa8bf9ef6e77,321,2,1,-8725.311672799064,-9202.912246278143
inferred_20260921_seed0,0,11ed1195aabfcd298bcaf379e7f064ad8010cd8ca67a057b647baa8bf9ef6e77,321,3,1,-6928.130060217924,-6901.912869049369
inferred_20260921_seed0,0,11ed1195aabfcd298bcaf379e7f064ad8010cd8ca67a057b647baa8bf9ef6e77,322,1,1,-29058.24985552593,-28403.39424667717
inferred_20260921_seed0,0,11ed1195aabfcd298bcaf379e7f064ad8010cd8ca67a057b647baa8bf9ef6e77,322,2,1,-10065.688650056372,-9205.034315103247
inferred_20260921_seed0,0,11ed1195aabfcd298bcaf379e7f064ad8010cd8ca67a057b647baa8bf9ef6e77,322,3,1,-6863.977868550841,-6889.814145745678
inferred_20260921_seed0,0,11ed1195aabfcd298bcaf379e7f064ad8010cd8ca67a057b647baa8bf9ef6e77,323,1,1,-29157.52756810861,-28466.547449561025
inferred_20260921_seed0,0,11ed1195aabfcd298bcaf379e7f064ad8010cd8ca67a057b647baa8bf9ef6e77,323,2,1,-11305.350399364765,-9300.355772487006
inferred_20260921_seed0,0,11ed1195aabfcd298bcaf379e7f064ad8010cd8ca67a057b647baa8bf9ef6e77,323,3,1,-6654.265300162568,-6837.16699604354
inferred_20260921_seed0,0,11ed1195aabfcd298bcaf379e7f064ad8010cd8ca67a057b647baa8bf9ef6e77,324,1,1,-27175.20987211212,-28396.23048896362
inferred_20260921_seed0,0,11ed1195aabfcd298bcaf379e7f064ad8010cd8ca67a057b647baa8bf9ef6e77,324,2,1,-9704.218869238515,-9180.53049203939
inferred_20260921_seed0,0,11ed1195aabfcd298bcaf379e7f064ad8010cd8ca67a057b647baa8bf9ef6e77,324,3,1,-7140.851506541965,-6836.239834804055
inferred_20260921_seed0,0,11ed1195aabfcd298bcaf379e7f064ad8010cd8ca67a057b647baa8bf9ef6e77,325,1,1,-28783.62996286105,-28450.76396493883
inferred_20260921_seed0,0,11ed1195aabfcd298bcaf379e7f064ad8010cd8ca67a057b647baa8bf9ef6e77,325,2,1,-8562.420860668433,-9172.666860348572
inferred_20260921_seed0,0,11ed1195aabfcd298bcaf379e7f064ad8010cd8ca67a057b647baa8bf9ef6e77,325,3,1,-9024.242277181726,-6893.070483629908
inferred_20260921_seed0,0,11ed1195aabfcd298bcaf379e7f064ad8010cd8ca67a057b647baa8bf9ef6e77,326,1,1,-26680.707632769183,-28409.38396129267
inferred_20260921_seed0,0,11ed1195aabfcd298bcaf379e7f064ad8010cd8ca67a057b647baa8bf9ef6e77,326,2,1,-10431.539301074636,-9214.498522958778
inferred_20260921_seed0,0,11ed1195aabfcd298bcaf379e7f064ad8010cd8ca67a057b647baa8bf9ef6e77,326,3,1,-7591.269441299861,-7001.865717577695
inferred_20260921_seed0,0,11ed1195aabfcd298bcaf379e7f064ad8010cd8ca67a057b647baa8bf9ef6e77,327,1,1,-29405.78002243059,-28482.311878092372
inferred_20260921_seed0,0,11ed1195aabfcd298bcaf379e7f064ad8010cd8ca67a057b647baa8bf9ef6e77,327,2,1,-7552.285641660132,-9232.221995604845
inferred_20260921_seed0,0,11ed1195aabfcd298bcaf379e7f064ad8010cd8ca67a057b647baa8bf9ef6e77,327,3,1,-5854.91754903802,-6991.045827318414
inferred_20260921_seed0,0,11ed1195aabfcd298bcaf379e7f064ad8010cd8ca67a057b647baa8bf9ef6e77,328,1,1,-26209.57071426651,-28351.193096326653
inferred_20260921_seed0,0,11ed1195aabfcd298bcaf379e7f064ad8010cd8ca67a057b647baa8bf9ef6e77,328,2,1,-10402.844149522414,-9236.883386698475
inferred_20260921_seed0,0,11ed1195aabfcd298bcaf379e7f064ad8010cd8ca67a057b647baa8bf9ef6e77,328,3,1,-5984.100340664187,-6984.7398520292845
inferred_20260921_seed0,0,11ed1195aabfcd298bcaf379e7f064ad8010cd8ca67a057b647baa8bf9ef6e77,329,1,1,-29029.474095226095,-28363.37255572986
inferred_20260921_seed0,0,11ed1195aabfcd298bcaf379e7f064ad8010cd8ca67a057b647baa8bf9ef6e77,329,2,1,-9152.353432172747,-9384.3588621579
inferred_20260921_seed0,0,11ed1195aabfcd298bcaf379e7f064ad8010cd8ca67a057b647baa8bf9ef6e77,329,3,1,-4372.332948118885,-6900.345924521561
inferred_20260921_seed0,0,11ed1195aabfcd298bcaf379e7f064ad8010cd8ca67a057b647baa8bf9ef6e77,330,1,1,-28580.389440237563,-28415.03876919416
inferred_20260921_seed0,0,11ed1195aabfcd298bcaf379e7f064ad8010cd8ca67a057b647baa8bf9ef6e77,330,2,1,-9046.736590389344,-9300.679202456742
inferred_20260921_seed0,0,11ed1195aabfcd298bcaf379e7f064ad8010cd8ca67a057b647baa8bf9ef6e77,330,3,1,-6216.681563274472,-6863.676434303458
inferred_20260921_seed0,0,11ed1195aabfcd298bcaf379e7f064ad8010cd8ca67a057b647baa8bf9ef6e77,331,1,1,-26130.50022568475,-28296.641493472354
inferred_20260921_seed0,0,11ed1195aabfcd298bcaf379e7f064ad8010cd8ca67a057b647baa8bf9ef6e77,331,2,1,-12513.2549011231,-9393.399060039963
inferred_20260921_seed0,0,11ed1195aabfcd298bcaf379e7f064ad8010cd8ca67a057b647baa8bf9ef6e77,331,3,1,-8280.601020762235,-6918.250914102463
inferred_20260921_seed0,0,11ed1195aabfcd298bcaf379e7f064ad8010cd8ca67a057b647baa8bf9ef6e77,332,1,1,-27210.589395605784,-28243.660179278282
inferred_20260921_seed0,0,11ed1195aabfcd298bcaf379e7f064ad8010cd8ca67a057b647baa8bf9ef6e77,332,2,1,-9460.55517704006,-9439.641675245985
inferred_20260921_seed0,0,11ed1195aabfcd298bcaf379e7f064ad8010cd8ca67a057b647baa8bf9ef6e77,332,3,1,-7113.292112444188,-6951.681504813584
inferred_20260921_seed0,0,11ed1195aabfcd298bcaf379e7f064ad8010cd8ca67a057b647baa8bf9ef6e77,333,1,1,-30462.762474468567,-28324.01933635706
inferred_20260921_seed0,0,11ed1195aabfcd298bcaf379e7f064ad8010cd8ca67a057b647baa8bf9ef6e77,333,2,1,-10346.348033586572,-9500.541457546311
inferred_20260921_seed0,0,11ed1195aabfcd298bcaf379e7f064ad8010cd8ca67a057b647baa8bf9ef6e77,333,3,1,-7981.956472325104,-7062.054504344185
inferred_20260921_seed0,0,11ed1195aabfcd298bcaf379e7f064ad8010cd8ca67a057b647baa8bf9ef6e77,334,1,1,-28394.2692355918,-28347.461910288086
inferred_20260921_seed0,0,11ed1195aabfcd298bcaf379e7f064ad8010cd8ca67a057b647baa8bf9ef6e77,334,2,1,-9147.29930545218,-9467.468329427775
inferred_20260921_seed0,0,11ed1195aabfcd298bcaf379e7f064ad8010cd8ca67a057b647baa8bf9ef6e77,334,3,1,-6614.071478169,-7043.762543628317
inferred_20260921_seed0,0,11ed1195aabfcd298bcaf379e7f064ad8010cd8ca67a057b647baa8bf9ef6e77,335,1,1,-29459.860079323244,-28317.781608797886
inferred_20260921_seed0,0,11ed1195aabfcd298bcaf379e7f064ad8010cd8ca67a057b647baa8bf9ef6e77,335,2,1,-8584.46734445856,-9428.62844868567
inferred_20260921_seed0,0,11ed1195aabfcd298bcaf379e7f064ad8010cd8ca67a057b647baa8bf9ef6e77,335,3,1,-6758.467326277571,-7026.5918184490465
inferred_20260921_seed0,0,11ed1195aabfcd298bcaf379e7f064ad8010cd8ca67a057b647baa8bf9ef6e77,336,1,1,-28906.438670005155,-28319.878906081212
inferred_20260921_seed0,0,11ed1195aabfcd298bcaf379e7f064ad8010cd8ca67a057b647baa8bf9ef6e77,336,2,1,-9097.656792485355,-9426.028026462918
inferred_20260921_seed0,0,11ed1195aabfcd298bcaf379e7f064ad8010cd8ca67a057b647baa8bf9ef6e77,336,3,1,-7424.597523588169,-7073.1863493633655
inferred_20260921_seed0,0,11ed1195aabfcd298bcaf379e7f064ad8010cd8ca67a057b647baa8bf9ef6e77,337,1,1,-28819.670640502118,-28337.170161314472
inferred_20260921_seed0,0,11ed1195aabfcd298bcaf379e7f064ad8010cd8ca67a057b647baa8bf9ef6e77,337,2,1,-9276.833850150924,-9445.016076052152
inferred_20260921_seed0,0,11ed1195aabfcd298bcaf379e7f064ad8010cd8ca67a057b647baa8bf9ef6e77,337,3,1,-5955.399998678668,-7034.508979408066
inferred_20260921_seed0,0,11ed1195aabfcd298bcaf379e7f064ad8010cd8ca67a057b647baa8bf9ef6e77,338,1,1,-28609.423398132447,-28334.676591671334
inferred_20260921_seed0,0,11ed1195aabfcd298bcaf379e7f064ad8010cd8ca67a057b647baa8bf9ef6e77,338,2,1,-7771.951020943919,-9388.016387593358
inferred_20260921_seed0,0,11ed1195aabfcd298bcaf379e7f064ad8010cd8ca67a057b647baa8bf9ef6e77,338,3,1,-6207.786872341994,-6907.58819020607
inferred_20260921_seed0,0,11ed1195aabfcd298bcaf379e7f064ad8010cd8ca67a057b647baa8bf9ef6e77,339,1,1,-26716.99083534505,-28461.05386993478
inferred_20260921_seed0,0,11ed1195aabfcd298bcaf379e7f064ad8010cd8ca67a057b647baa8bf9ef6e77,339,2,1,-8794.304576724433,-9349.665931775346
inferred_20260921_seed0,0,11ed1195aabfcd298bcaf379e7f064ad8010cd8ca67a057b647baa8bf9ef6e77,339,3,1,-7767.122001473943,-6913.461000526178
inferred_20260921_seed0,0,11ed1195aabfcd298bcaf379e7f064ad8010cd8ca67a057b647baa8bf9ef6e77,340,1,1,-29267.481224842348,-28461.769713556878
inferred_20260921_seed0,0,11ed1195aabfcd298bcaf379e7f064ad8010cd8ca67a057b647baa8bf9ef6e77,340,2,1,-8897.08562203353,-9380.850721184812
inferred_20260921_seed0,0,11ed1195aabfcd298bcaf379e7f064ad8010cd8ca67a057b647baa8bf9ef6e77,340,3,1,-5530.749714907654,-6814.274907339113
inferred_20260921_seed0,0,11ed1195aabfcd298bcaf379e7f064ad8010cd8ca67a057b647baa8bf9ef6e77,341,1,1,-26318.013483708448,-28391.780243406258
inferred_20260921_seed0,0,11ed1195aabfcd298bcaf379e7f064ad8010cd8ca67a057b647baa8bf9ef6e77,341,2,1,-8092.555597573411,-9327.526409065138
inferred_20260921_seed0,0,11ed1195aabfcd298bcaf379e7f064ad8010cd8ca67a057b647baa8bf9ef6e77,341,3,1,-8842.090473357683,-6869.049384964264
inferred_20260921_seed0,0,11ed1195aabfcd298bcaf379e7f064ad8010cd8ca67a057b647baa8bf9ef6e77,342,1,1,-30310.94931815924,-28372.233082025912
inferred_20260921_seed0,0,11ed1195aabfcd298bcaf379e7f064ad8010cd8ca67a057b647baa8bf9ef6e77,342,2,1,-9377.186156033602,-9334.715445745662
inferred_20260921_seed0,0,11ed1195aabfcd298bcaf379e7f064ad8010cd8ca67a057b647baa8bf9ef6e77,342,3,1,-6806.602869495334,-6865.0151520472
inferred_20260921_seed0,0,11ed1195aabfcd298bcaf379e7f064ad8010cd8ca67a057b647baa8bf9ef6e77,343,1,1,-27964.91687220676,-28273.19438235868
inferred_20260921_seed0,0,11ed1195aabfcd298bcaf379e7f064ad8010cd8ca67a057b647baa8bf9ef6e77,343,2,1,-9777.24150257666,-9366.534842321526
inferred_20260921_seed0,0,11ed1195aabfcd298bcaf379e7f064ad8010cd8ca67a057b647baa8bf9ef6e77,343,3,1,-5616.449437457947,-6781.653236706127
inferred_20260921_seed0,0,11ed1195aabfcd298bcaf379e7f064ad8010cd8ca67a057b647baa8bf9ef6e77,344,1,1,-25920.461791990965,-28225.051820053846
inferred_20260921_seed0,0,11ed1195aabfcd298bcaf379e7f064ad8010cd8ca67a057b647baa8bf9ef6e77,344,2,1,-8735.51825072345,-9305.906741225146
inferred_20260921_seed0,0,11ed1195aabfcd298bcaf379e7f064ad8010cd8ca67a057b647baa8bf9ef6e77,344,3,1,-7867.688344118489,-6827.313616133145
inferred_20260921_seed0,0,11ed1195aabfcd298bcaf379e7f064ad8010cd8ca67a057b647baa8bf9ef6e77,345,1,1,-28870.05331166936,-28259.499437219434
inferred_20260921_seed0,0,11ed1195aabfcd298bcaf379e7f064ad8010cd8ca67a057b647baa8bf9ef6e77,345,2,1,-9412.313184022138,-9369.332835274972
inferred_20260921_seed0,0,11ed1195aabfcd298bcaf379e7f064ad8010cd8ca67a057b647baa8bf9ef6e77,345,3,1,-6824.055888034599,-6888.868015539321
inferred_20260921_seed0,0,11ed1195aabfcd298bcaf379e7f064ad8010cd8ca67a057b647baa8bf9ef6e77,346,1,1,-27488.38573045448,-28197.252234049123
inferred_20260921_seed0,0,11ed1195aabfcd298bcaf379e7f064ad8010cd8ca67a057b647baa8bf9ef6e77,346,2,1,-9584.943802696394,-9403.718120470865
inferred_20260921_seed0,0,11ed1195aabfcd298bcaf379e7f064ad8010cd8ca67a057b647baa8bf9ef6e77,346,3,1,-6654.856971953958,-6877.937092008762
inferred_20260921_seed0,0,11ed1195aabfcd298bcaf379e7f064ad8010cd8ca67a057b647baa8bf9ef6e77,347,1,1,-27635.706537835475,-28140.35050134151
inferred_20260921_seed0,0,11ed1195aabfcd298bcaf379e7f064ad8010cd8ca67a057b647baa8bf9ef6e77,347,2,1,-10596.30163890818,-9424.942640024938
inferred_20260921_seed0,0,11ed1195aabfcd298bcaf379e7f064ad8010cd8ca67a057b647baa8bf9ef6e77,347,3,1,-6332.844237521556,-6856.691746767592
inferred_20260921_seed0,0,11ed1195aabfcd298bcaf379e7f064ad8010cd8ca67a057b647baa8bf9ef6e77,348,1,1,-30028.8282905448,-28175.202530238956
inferred_20260921_seed0,0,11ed1195aabfcd298bcaf379e7f064ad8010cd8ca67a057b647baa8bf9ef6e77,348,2,1,-10306.772012578129,-9384.999504553472
inferred_20260921_seed0,0,11ed1195aabfcd298bcaf379e7f064ad8010cd8ca67a057b647baa8bf9ef6e77,348,3,1,-6814.828225884239,-6863.1142637964585
inferred_20260921_seed0,0,11ed1195aabfcd298bcaf379e7f064ad8010cd8ca67a057b647baa8bf9ef6e77,349,1,1,-27843.16896811332,-28201.92089407901
inferred_20260921_seed0,0,11ed1195aabfcd298bcaf379e7f064ad8010cd8ca67a057b647baa8bf9ef6e77,349,2,1,-9371.9812687369,-9371.710000533409
inferred_20260921_seed0,0,11ed1195aabfcd298bcaf379e7f064ad8010cd8ca67a057b647baa8bf9ef6e77,349,3,1,-7321.030279650226,-6870.321414720787
inferred_20260921_seed0,0,11ed1195aabfcd298bcaf379e7f064ad8010cd8ca67a057b647baa8bf9ef6e77,350,1,1,-29223.15640428888,-28219.501951736118
inferred_20260921_seed0,0,11ed1195aabfcd298bcaf379e7f064ad8010cd8ca67a057b647baa8bf9ef6e77,350,2,1,-8680.567888678343,-9376.435881653804
inferred_20260921_seed0,0,11ed1195aabfcd298bcaf379e7f064ad8010cd8ca67a057b647baa8bf9ef6e77,350,3,1,-6505.966593790628,-6769.590387385144
inferred_20260921_seed0,0,11ed1195aabfcd298bcaf379e7f064ad8010cd8ca67a057b647baa8bf9ef6e77,351,1,1,-26245.374256964413,-28202.088616703924
inferred_20260921_seed0,0,11ed1195aabfcd298bcaf379e7f064ad8010cd8ca67a057b647baa8bf9ef6e77,351,2,1,-5918.09062593322,-9195.897934648148
inferred_20260921_seed0,0,11ed1195aabfcd298bcaf379e7f064ad8010cd8ca67a057b647baa8bf9ef6e77,351,3,1,-4987.519678058958,-6665.440396855509
inferred_20260921_seed0,0,11ed1195aabfcd298bcaf379e7f064ad8010cd8ca67a057b647baa8bf9ef6e77,352,1,1,-26672.7849942166,-28092.768815575364
inferred_20260921_seed0,0,11ed1195aabfcd298bcaf379e7f064ad8010cd8ca67a057b647baa8bf9ef6e77,352,2,1,-7656.233149827551,-9200.055834974844
inferred_20260921_seed0,0,11ed1195aabfcd298bcaf379e7f064ad8010cd8ca67a057b647baa8bf9ef6e77,352,3,1,-5736.983648017551,-6660.72304081469
inferred_20260921_seed0,0,11ed1195aabfcd298bcaf379e7f064ad8010cd8ca67a057b647baa8bf9ef6e77,353,1,1,-25332.114534408684,-28057.670568381054
inferred_20260921_seed0,0,11ed1195aabfcd298bcaf379e7f064ad8010cd8ca67a057b647baa8bf9ef6e77,353,2,1,-9968.18906613388,-9182.669631639303
inferred_20260921_seed0,0,11ed1195aabfcd298bcaf379e7f064ad8010cd8ca67a057b647baa8bf9ef6e77,353,3,1,-7362.032293493151,-6715.840318927849
inferred_20260921_seed0,0,11ed1195aabfcd298bcaf379e7f064ad8010cd8ca67a057b647baa8bf9ef6e77,354,1,1,-27660.50245939591,-28002.91170294785
inferred_20260921_seed0,0,11ed1195aabfcd298bcaf379e7f064ad8010cd8ca67a057b647baa8bf9ef6e77,354,2,1,-7484.745892438705,-9115.965330049941
inferred_20260921_seed0,0,11ed1195aabfcd298bcaf379e7f064ad8010cd8ca67a057b647baa8bf9ef6e77,354,3,1,-7732.072678706194,-6850.22990815134
inferred_20260921_seed0,0,11ed1195aabfcd298bcaf379e7f064ad8010cd8ca67a057b647baa8bf9ef6e77,355,1,1,-27892.960863650034,-27975.414559884346
inferred_20260921_seed0,0,11ed1195aabfcd298bcaf379e7f064ad8010cd8ca67a057b647baa8bf9ef6e77,355,2,1,-9266.164964366224,-9124.742465009016
inferred_20260921_seed0,0,11ed1195aabfcd298bcaf379e7f064ad8010cd8ca67a057b647baa8bf9ef6e77,355,3,1,-4690.921519129065,-6789.199506385525
inferred_20260921_seed0,0,11ed1195aabfcd298bcaf379e7f064ad8010cd8ca67a057b647baa8bf9ef6e77,356,1,1,-26681.966691896203,-27997.4732185328
inferred_20260921_seed0,0,11ed1195aabfcd298bcaf379e7f064ad8010cd8ca67a057b647baa8bf9ef6e77,356,2,1,-8097.377753796667,-8948.107379115958
inferred_20260921_seed0,0,11ed1195aabfcd298bcaf379e7f064ad8010cd8ca67a057b647baa8bf9ef6e77,356,3,1,-7938.001768304808,-6775.495536287228
inferred_20260921_seed0,0,11ed1195aabfcd298bcaf379e7f064ad8010cd8ca67a057b647baa8bf9ef6e77,357,1,1,-27414.657683026264,-28005.635950029624
inferred_20260921_seed0,0,11ed1195aabfcd298bcaf379e7f064ad8010cd8ca67a057b647baa8bf9ef6e77,357,2,1,-9701.757209377964,-8957.755460409475
inferred_20260921_seed0,0,11ed1195aabfcd298bcaf379e7f064ad8010cd8ca67a057b647baa8bf9ef6e77,357,3,1,-5367.870453195401,-6705.678669917275
inferred_20260921_seed0,0,11ed1195aabfcd298bcaf379e7f064ad8010cd8ca67a057b647baa8bf9ef6e77,358,1,1,-29653.939680020834,-27973.283038251717
inferred_20260921_seed0,0,11ed1195aabfcd298bcaf379e7f064ad8010cd8ca67a057b647baa8bf9ef6e77,358,2,1,-9039.037857549769,-8905.463053368003
inferred_20260921_seed0,0,11ed1195aabfcd298bcaf379e7f064ad8010cd8ca67a057b647baa8bf9ef6e77,358,3,1,-5338.2265798952,-6599.929474220079
inferred_20260921_seed0,0,11ed1195aabfcd298bcaf379e7f064ad8010cd8ca67a057b647baa8bf9ef6e77,359,1,1,-26579.64592310337,-27900.698105752173
inferred_20260921_seed0,0,11ed1195aabfcd298bcaf379e7f064ad8010cd8ca67a057b647baa8bf9ef6e77,359,2,1,-9728.547520508771,-8928.712981970268
inferred_20260921_seed0,0,11ed1195aabfcd298bcaf379e7f064ad8010cd8ca67a057b647baa8bf9ef6e77,359,3,1,-7313.437816605636,-6627.904127757546
inferred_20260921_seed0,0,11ed1195aabfcd298bcaf379e7f064ad8010cd8ca67a057b647baa8bf9ef6e77,360,1,1,-28173.131680759237,-27849.228969809617
inferred_20260921_seed0,0,11ed1195aabfcd298bcaf379e7f064ad8010cd8ca67a057b647baa8bf9ef6e77,360,2,1,-9543.498750828669,-8967.074238225072
inferred_20260921_seed0,0,11ed1195aabfcd298bcaf379e7f064ad8010cd8ca67a057b647baa8bf9ef6e77,360,3,1,-6737.903393054152,-6627.081570428609
inferred_20260921_seed0,0,11ed1195aabfcd298bcaf379e7f064ad8010cd8ca67a057b647baa8bf9ef6e77,361,1,1,-26846.51543650533,-27766.832040469624
inferred_20260921_seed0,0,11ed1195aabfcd298bcaf379e7f064ad8010cd8ca67a057b647baa8bf9ef6e77,361,2,1,-9306.002191449852,-8975.40805418365
inferred_20260921_seed0,0,11ed1195aabfcd298bcaf379e7f064ad8010cd8ca67a057b647baa8bf9ef6e77,361,3,1,-6593.632328204438,-6593.842962613259
inferred_20260921_seed0,0,11ed1195aabfcd298bcaf379e7f064ad8010cd8ca67a057b647baa8bf9ef6e77,362,1,1,-28082.434582293747,-27737.342598141287
inferred_20260921_seed0,0,11ed1195aabfcd298bcaf379e7f064ad8010cd8ca67a057b647baa8bf9ef6e77,362,2,1,-8723.586103710237,-8953.278144326025
inferred_20260921_seed0,0,11ed1195aabfcd298bcaf379e7f064ad8010cd8ca67a057b647baa8bf9ef6e77,362,3,1,-6479.59174304023,-6614.810632387721
inferred_20260921_seed0,0,11ed1195aabfcd298bcaf379e7f064ad8010cd8ca67a057b647baa8bf9ef6e77,363,1,1,-28815.01969710555,-27745.56645010021
inferred_20260921_seed0,0,11ed1195aabfcd298bcaf379e7f064ad8010cd8ca67a057b647baa8bf9ef6e77,363,2,1,-10970.321196368342,-9081.212951343
inferred_20260921_seed0,0,11ed1195aabfcd298bcaf379e7f064ad8010cd8ca67a057b647baa8bf9ef6e77,363,3,1,-7696.86016380589,-6674.373564046276
inferred_20260921_seed0,0,11ed1195aabfcd298bcaf379e7f064ad8010cd8ca67a057b647baa8bf9ef6e77,364,1,1,-27286.30576816218,-27768.3390474129
inferred_20260921_seed0,0,11ed1195aabfcd298bcaf379e7f064ad8010cd8ca67a057b647baa8bf9ef6e77,364,2,1,-7445.193307293815,-9027.248500565776
inferred_20260921_seed0,0,11ed1195aabfcd298bcaf379e7f064ad8010cd8ca67a057b647baa8bf9ef6e77,364,3,1,-6646.896234614054,-6629.564533371882
inferred_20260921_seed0,0,11ed1195aabfcd298bcaf379e7f064ad8010cd8ca67a057b647baa8bf9ef6e77,365,1,1,-26794.882425773776,-27669.435095450157
inferred_20260921_seed0,0,11ed1195aabfcd298bcaf379e7f064ad8010cd8ca67a057b647baa8bf9ef6e77,365,2,1,-7371.327700778354,-8966.21818371557
inferred_20260921_seed0,0,11ed1195aabfcd298bcaf379e7f064ad8010cd8ca67a057b647baa8bf9ef6e77,365,3,1,-6517.87923623147,-6669.049714224834
inferred_20260921_seed0,0,11ed1195aabfcd298bcaf379e7f064ad8010cd8ca67a057b647baa8bf9ef6e77,366,1,1,-26399.7428855209,-27672.704271522653
inferred_20260921_seed0,0,11ed1195aabfcd298bcaf379e7f064ad8010cd8ca67a057b647baa8bf9ef6e77,366,2,1,-9570.368759274355,-9025.330710183607
inferred_20260921_seed0,0,11ed1195aabfcd298bcaf379e7f064ad8010cd8ca67a057b647baa8bf9ef6e77,366,3,1,-7709.652688088104,-6623.752202814051
inferred_20260921_seed0,0,11ed1195aabfcd298bcaf379e7f064ad8010cd8ca67a057b647baa8bf9ef6e77,367,1,1,-26661.70764706753,-27526.734604678983
inferred_20260921_seed0,0,11ed1195aabfcd298bcaf379e7f064ad8010cd8ca67a057b647baa8bf9ef6e77,367,2,1,-8401.579657066613,-8986.306450224925
inferred_20260921_seed0,0,11ed1195aabfcd298bcaf379e7f064ad8010cd8ca67a057b647baa8bf9ef6e77,367,3,1,-7105.145803472062,-6635.69392017312
inferred_20260921_seed0,0,11ed1195aabfcd298bcaf379e7f064ad8010cd8ca67a057b647baa8bf9ef6e77,368,1,1,-29095.437729360725,-27571.955438965146
inferred_20260921_seed0,0,11ed1195aabfcd298bcaf379e7f064ad8010cd8ca67a057b647baa8bf9ef6e77,368,2,1,-8569.260694505843,-8937.987217902095
inferred_20260921_seed0,0,11ed1195aabfcd298bcaf379e7f064ad8010cd8ca67a057b647baa8bf9ef6e77,368,3,1,-7417.395392684039,-6707.731758382163
inferred_20260921_seed0,0,11ed1195aabfcd298bcaf379e7f064ad8010cd8ca67a057b647baa8bf9ef6e77,369,1,1,-27395.108342024083,-27630.941300966464
inferred_20260921_seed0,0,11ed1195aabfcd298bcaf379e7f064ad8010cd8ca67a057b647baa8bf9ef6e77,369,2,1,-7654.9399738320035,-8894.764086826437
inferred_20260921_seed0,0,11ed1195aabfcd298bcaf379e7f064ad8010cd8ca67a057b647baa8bf9ef6e77,369,3,1,-7017.876448766223,-6673.739282568073
inferred_20260921_seed0,0,11ed1195aabfcd298bcaf379e7f064ad8010cd8ca67a057b647baa8bf9ef6e77,370,1,1,-26643.218130181427,-27541.867893706953
inferred_20260921_seed0,0,11ed1195aabfcd298bcaf379e7f064ad8010cd8ca67a057b647baa8bf9ef6e77,370,2,1,-9349.870914925898,-8892.266396062587
inferred_20260921_seed0,0,11ed1195aabfcd298bcaf379e7f064ad8010cd8ca67a057b647baa8bf9ef6e77,370,3,1,-8191.440953209224,-6728.434685175058
inferred_20260921_seed0,0,11ed1195aabfcd298bcaf379e7f064ad8010cd8ca67a057b647baa8bf9ef6e77,371,1,1,-28477.86051992984,-27581.446885285965
inferred_20260921_seed0,0,11ed1195aabfcd298bcaf379e7f064ad8010cd8ca67a057b647baa8bf9ef6e77,371,2,1,-7638.67782610038,-8814.415756998747
inferred_20260921_seed0,0,11ed1195aabfcd298bcaf379e7f064ad8010cd8ca67a057b647baa8bf9ef6e77,371,3,1,-6844.255599373684,-6736.010630271848
inferred_20260921_seed0,0,11ed1195aabfcd298bcaf379e7f064ad8010cd8ca67a057b647baa8bf9ef6e77,372,1,1,-28470.298831440377,-27614.83057703016
inferred_20260921_seed0,0,11ed1195aabfcd298bcaf379e7f064ad8010cd8ca67a057b647baa8bf9ef6e77,372,2,1,-7985.270646568559,-8709.974517305161
inferred_20260921_seed0,0,11ed1195aabfcd298bcaf379e7f064ad8010cd8ca67a057b647baa8bf9ef6e77,372,3,1,-6497.723710207555,-6742.6058091792875
inferred_20260921_seed0,0,11ed1195aabfcd298bcaf379e7f064ad8010cd8ca67a057b647baa8bf9ef6e77,373,1,1,-27044.17367921304,-27495.444392576886
inferred_20260921_seed0,0,11ed1195aabfcd298bcaf379e7f064ad8010cd8ca67a057b647baa8bf9ef6e77,373,2,1,-8283.409327360961,-8629.040009896476
inferred_20260921_seed0,0,11ed1195aabfcd298bcaf379e7f064ad8010cd8ca67a057b647baa8bf9ef6e77,373,3,1,-7514.454259184633,-6770.590850511303
inferred_20260921_seed0,0,11ed1195aabfcd298bcaf379e7f064ad8010cd8ca67a057b647baa8bf9ef6e77,374,1,1,-28532.019416817697,-27522.998410525062
inferred_20260921_seed0,0,11ed1195aabfcd298bcaf379e7f064ad8010cd8ca67a057b647baa8bf9ef6e77,374,2,1,-9152.847809592658,-8620.274671530706
inferred_20260921_seed0,0,11ed1195aabfcd298bcaf379e7f064ad8010cd8ca67a057b647baa8bf9ef6e77,374,3,1,-8123.165316544833,-6802.676251987087
inferred_20260921_seed0,0,11ed1195aabfcd298bcaf379e7f064ad8010cd8ca67a057b647baa8bf9ef6e77,375,1,1,-27382.78914634745,-27449.38372020741
inferred_20260921_seed0,0,11ed1195aabfcd298bcaf379e7f064ad8010cd8ca67a057b647baa8bf9ef6e77,375,2,1,-8661.69925875169,-8619.51992633364
inferred_20260921_seed0,0,11ed1195aabfcd298bcaf379e7f064ad8010cd8ca67a057b647baa8bf9ef6e77,375,3,1,-6107.966658201352,-6786.756254563516
inferred_20260921_seed0,0,11ed1195aabfcd298bcaf379e7f064ad8010cd8ca67a057b647baa8bf9ef6e77,376,1,1,-28322.79448881008,-27532.480529481232
inferred_20260921_seed0,0,11ed1195aabfcd298bcaf379e7f064ad8010cd8ca67a057b647baa8bf9ef6e77,376,2,1,-9033.966886651177,-8744.154976762358
inferred_20260921_seed0,0,11ed1195aabfcd298bcaf379e7f064ad8010cd8ca67a057b647baa8bf9ef6e77,376,3,1,-7109.082115157763,-6871.618752047469
inferred_20260921_seed0,0,11ed1195aabfcd298bcaf379e7f064ad8010cd8ca67a057b647baa8bf9ef6e77,377,1,1,-26367.42629777403,-27520.266181623534
inferred_20260921_seed0,0,11ed1195aabfcd298bcaf379e7f064ad8010cd8ca67a057b647baa8bf9ef6e77,377,2,1,-7934.75185747821,-8755.295725068383
inferred_20260921_seed0,0,11ed1195aabfcd298bcaf379e7f064ad8010cd8ca67a057b647baa8bf9ef6e77,377,3,1,-6801.690361470724,-6914.207020585595
inferred_20260921_seed0,0,11ed1195aabfcd298bcaf379e7f064ad8010cd8ca67a057b647baa8bf9ef6e77,378,1,1,-28898.203304474548,-27662.909732426164
inferred_20260921_seed0,0,11ed1195aabfcd298bcaf379e7f064ad8010cd8ca67a057b647baa8bf9ef6e77,378,2,1,-10968.731043251442,-8795.317404153086
inferred_20260921_seed0,0,11ed1195aabfcd298bcaf379e7f064ad8010cd8ca67a057b647baa8bf9ef6e77,378,3,1,-5968.58359705857,-6858.469072728211
inferred_20260921_seed0,0,11ed1195aabfcd298bcaf379e7f064ad8010cd8ca67a057b647baa8bf9ef6e77,379,1,1,-26821.68296451924,-27629.356952631097
inferred_20260921_seed0,0,11ed1195aabfcd298bcaf379e7f064ad8010cd8ca67a057b647baa8bf9ef6e77,379,2,1,-11982.03119316306,-8975.208816182061
inferred_20260921_seed0,0,11ed1195aabfcd298bcaf379e7f064ad8010cd8ca67a057b647baa8bf9ef6e77,379,3,1,-7021.41137103322,-6830.0426204212945
inferred_20260921_seed0,0,11ed1195aabfcd298bcaf379e7f064ad8010cd8ca67a057b647baa8bf9ef6e77,380,1,1,-24621.99264712841,-27498.518223970234
inferred_20260921_seed0,0,11ed1195aabfcd298bcaf379e7f064ad8010cd8ca67a057b647baa8bf9ef6e77,380,2,1,-9914.239036044552,-9001.131779049194
inferred_20260921_seed0,0,11ed1195aabfcd298bcaf379e7f064ad8010cd8ca67a057b647baa8bf9ef6e77,380,3,1,-6190.916989864343,-6890.042439250705
inferred_20260921_seed0,0,11ed1195aabfcd298bcaf379e7f064ad8010cd8ca67a057b647baa8bf9ef6e77,381,1,1,-27759.62546020385,-27541.62457470254
inferred_20260921_seed0,0,11ed1195aabfcd298bcaf379e7f064ad8010cd8ca67a057b647baa8bf9ef6e77,381,2,1,-11222.219429437087,-9126.125446074811
inferred_20260921_seed0,0,11ed1195aabfcd298bcaf379e7f064ad8010cd8ca67a057b647baa8bf9ef6e77,381,3,1,-6623.54313569373,-6837.464093946261
inferred_20260921_seed0,0,11ed1195aabfcd298bcaf379e7f064ad8010cd8ca67a057b647baa8bf9ef6e77,382,1,1,-28236.023275763648,-27574.47919841204
inferred_20260921_seed0,0,11ed1195aabfcd298bcaf379e7f064ad8010cd8ca67a057b647baa8bf9ef6e77,382,2,1,-9070.503184809715,-9100.87528509208
inferred_20260921_seed0,0,11ed1195aabfcd298bcaf379e7f064ad8010cd8ca67a057b647baa8bf9ef6e77,382,3,1,-7063.203046938516,-6905.277397695986
inferred_20260921_seed0,0,11ed1195aabfcd298bcaf379e7f064ad8010cd8ca67a057b647baa8bf9ef6e77,383,1,1,-27506.438584202904,-27488.57915457932
inferred_20260921_seed0,0,11ed1195aabfcd298bcaf379e7f064ad8010cd8ca67a057b647baa8bf9ef6e77,383,2,1,-8335.316915234745,-9072.72644739948
inferred_20260921_seed0,0,11ed1195aabfcd298bcaf379e7f064ad8010cd8ca67a057b647baa8bf9ef6e77,383,3,1,-7244.462249135533,-6981.526824465599
inferred_20260921_seed0,0,11ed1195aabfcd298bcaf379e7f064ad8010cd8ca67a057b647baa8bf9ef6e77,384,1,1,-26048.691104142246,-27467.340961820875
inferred_20260921_seed0,0,11ed1195aabfcd298bcaf379e7f064ad8010cd8ca67a057b647baa8bf9ef6e77,384,2,1,-9922.100729867048,-9080.468575773812
inferred_20260921_seed0,0,11ed1195aabfcd298bcaf379e7f064ad8010cd8ca67a057b647baa8bf9ef6e77,384,3,1,-6572.358486247545,-6951.883651251275
inferred_20260921_seed0,0,11ed1195aabfcd298bcaf379e7f064ad8010cd8ca67a057b647baa8bf9ef6e77,385,1,1,-25831.663217685287,-27373.682223297918
inferred_20260921_seed0,0,11ed1195aabfcd298bcaf379e7f064ad8010cd8ca67a057b647baa8bf9ef6e77,385,2,1,-10836.838627588964,-9132.202170844223
inferred_20260921_seed0,0,11ed1195aabfcd298bcaf379e7f064ad8010cd8ca67a057b647baa8bf9ef6e77,385,3,1,-7594.614674694929,-6986.152102516906
inferred_20260921_seed0,0,11ed1195aabfcd298bcaf379e7f064ad8010cd8ca67a057b647baa8bf9ef6e77,386,1,1,-27788.97207251376,-27411.380488738254
inferred_20260921_seed0,0,11ed1195aabfcd298bcaf379e7f064ad8010cd8ca67a057b647baa8bf9ef6e77,386,2,1,-8384.961698798703,-9095.360551138177
inferred_20260921_seed0,0,11ed1195aabfcd298bcaf379e7f064ad8010cd8ca67a057b647baa8bf9ef6e77,386,3,1,-7942.567567002264,-7040.109512068821
inferred_20260921_seed0,0,11ed1195aabfcd298bcaf379e7f064ad8010cd8ca67a057b647baa8bf9ef6e77,387,1,1,-27003.797447981106,-27368.23500336575
inferred_20260921_seed0,0,11ed1195aabfcd298bcaf379e7f064ad8010cd8ca67a057b647baa8bf9ef6e77,387,2,1,-10693.103401214848,-9174.14124303836
inferred_20260921_seed0,0,11ed1195aabfcd298bcaf379e7f064ad8010cd8ca67a057b647baa8bf9ef6e77,387,3,1,-7406.2969746921535,-7077.177721334897
inferred_20260921_seed0,0,11ed1195aabfcd298bcaf379e7f064ad8010cd8ca67a057b647baa8bf9ef6e77,388,1,1,-26920.915505244036,-27292.47083569129
inferred_20260921_seed0,0,11ed1195aabfcd298bcaf379e7f064ad8010cd8ca67a057b647baa8bf9ef6e77,388,2,1,-9194.76155122732,-9103.11885723272
inferred_20260921_seed0,0,11ed1195aabfcd298bcaf379e7f064ad8010cd8ca67a057b647baa8bf9ef6e77,388,3,1,-7428.258466727404,-7066.433653451757
inferred_20260921_seed0,0,11ed1195aabfcd298bcaf379e7f064ad8010cd8ca67a057b647baa8bf9ef6e77,389,1,1,-25158.91942705745,-27207.375382047096
inferred_20260921_seed0,0,11ed1195aabfcd298bcaf379e7f064ad8010cd8ca67a057b647baa8bf9ef6e77,389,2,1,-9656.568415881018,-9191.573861576207
inferred_20260921_seed0,0,11ed1195aabfcd298bcaf379e7f064ad8010cd8ca67a057b647baa8bf9ef6e77,389,3,1,-8004.261961301507,-7120.728282519255
inferred_20260921_seed0,0,11ed1195aabfcd298bcaf379e7f064ad8010cd8ca67a057b647baa8bf9ef6e77,390,1,1,-27423.619264356785,-27232.524855590415
inferred_20260921_seed0,0,11ed1195aabfcd298bcaf379e7f064ad8010cd8ca67a057b647baa8bf9ef6e77,390,2,1,-11994.4804845626,-9376.499972927579
inferred_20260921_seed0,0,11ed1195aabfcd298bcaf379e7f064ad8010cd8ca67a057b647baa8bf9ef6e77,390,3,1,-6971.980470222652,-7138.892331878901
inferred_20260921_seed0,0,11ed1195aabfcd298bcaf379e7f064ad8010cd8ca67a057b647baa8bf9ef6e77,391,1,1,-26938.90639674807,-27254.091396039505
inferred_20260921_seed0,0,11ed1195aabfcd298bcaf379e7f064ad8010cd8ca67a057b647baa8bf9ef6e77,391,2,1,-9810.60734336431,-9386.109516291177
inferred_20260921_seed0,0,11ed1195aabfcd298bcaf379e7f064ad8010cd8ca67a057b647baa8bf9ef6e77,391,3,1,-6513.234317515718,-7091.035597056008
inferred_20260921_seed0,0,11ed1195aabfcd298bcaf379e7f064ad8010cd8ca67a057b647baa8bf9ef6e77,392,1,1,-27523.999300142365,-27288.583062162495
inferred_20260921_seed0,0,11ed1195aabfcd298bcaf379e7f064ad8010cd8ca67a057b647baa8bf9ef6e77,392,2,1,-9755.998108884894,-9440.286254363908
inferred_20260921_seed0,0,11ed1195aabfcd298bcaf379e7f064ad8010cd8ca67a057b647baa8bf9ef6e77,392,3,1,-6984.187275232967,-7086.197255926443
inferred_20260921_seed0,0,11ed1195aabfcd298bcaf379e7f064ad8010cd8ca67a057b647baa8bf9ef6e77,393,1,1,-26143.35808551833,-27170.4998764088
inferred_20260921_seed0,0,11ed1195aabfcd298bcaf379e7f064ad8010cd8ca67a057b647baa8bf9ef6e77,393,2,1,-9355.782916738184,-9471.747143253202
inferred_20260921_seed0,0,11ed1195aabfcd298bcaf379e7f064ad8010cd8ca67a057b647baa8bf9ef6e77,393,3,1,-7039.829176715034,-7071.094607287684
inferred_20260921_seed0,0,11ed1195aabfcd298bcaf379e7f064ad8010cd8ca67a057b647baa8bf9ef6e77,394,1,1,-27323.5007653256,-27167.635573340864
inferred_20260921_seed0,0,11ed1195aabfcd298bcaf379e7f064ad8010cd8ca67a057b647baa8bf9ef6e77,394,2,1,-9653.28305162908,-9551.680866365083
inferred_20260921_seed0,0,11ed1195aabfcd298bcaf379e7f064ad8010cd8ca67a057b647baa8bf9ef6e77,394,3,1,-8062.709830606736,-7112.887942561305
inferred_20260921_seed0,0,11ed1195aabfcd298bcaf379e7f064ad8010cd8ca67a057b647baa8bf9ef6e77,395,1,1,-26284.906488310105,-27153.30310766601
inferred_20260921_seed0,0,11ed1195aabfcd298bcaf379e7f064ad8010cd8ca67a057b647baa8bf9ef6e77,395,2,1,-8250.41483750807,-9507.702623268371
inferred_20260921_seed0,0,11ed1195aabfcd298bcaf379e7f064ad8010cd8ca67a057b647baa8bf9ef6e77,395,3,1,-7217.552518172031,-7073.932405159816
inferred_20260921_seed0,0,11ed1195aabfcd298bcaf379e7f064ad8010cd8ca67a057b647baa8bf9ef6e77,396,1,1,-24305.19121247743,-26986.396335367914
inferred_20260921_seed0,0,11ed1195aabfcd298bcaf379e7f064ad8010cd8ca67a057b647baa8bf9ef6e77,396,2,1,-8427.30620186073,-9539.247758298785
inferred_20260921_seed0,0,11ed1195aabfcd298bcaf379e7f064ad8010cd8ca67a057b647baa8bf9ef6e77,396,3,1,-8577.263771285263,-7143.252732036279
inferred_20260921_seed0,0,11ed1195aabfcd298bcaf379e7f064ad8010cd8ca67a057b647baa8bf9ef6e77,397,1,1,-22459.4164356615,-26745.96103953676
inferred_20260921_seed0,0,11ed1195aabfcd298bcaf379e7f064ad8010cd8ca67a057b647baa8bf9ef6e77,397,2,1,-9952.87554265104,-9617.951954142085
inferred_20260921_seed0,0,11ed1195aabfcd298bcaf379e7f064ad8010cd8ca67a057b647baa8bf9ef6e77,397,3,1,-6565.557902116295,-7145.966099712628
inferred_20260921_seed0,0,11ed1195aabfcd298bcaf379e7f064ad8010cd8ca67a057b647baa8bf9ef6e77,398,1,1,-24983.318592493637,-26663.526836067984
inferred_20260921_seed0,0,11ed1195aabfcd298bcaf379e7f064ad8010cd8ca67a057b647baa8bf9ef6e77,398,2,1,-8729.373288496903,-9635.79051258752
inferred_20260921_seed0,0,11ed1195aabfcd298bcaf379e7f064ad8010cd8ca67a057b647baa8bf9ef6e77,398,3,1,-7550.327093707127,-7147.401013093528
inferred_20260921_seed0,0,11ed1195aabfcd298bcaf379e7f064ad8010cd8ca67a057b647baa8bf9ef6e77,399,1,1,-24246.807857065996,-26492.118373677917
inferred_20260921_seed0,0,11ed1195aabfcd298bcaf379e7f064ad8010cd8ca67a057b647baa8bf9ef6e77,399,2,1,-9755.919772025882,-9659.913391084852
inferred_20260921_seed0,0,11ed1195aabfcd298bcaf379e7f064ad8010cd8ca67a057b647baa8bf9ef6e77,399,3,1,-8159.859333753204,-7148.868773781864
inferred_20260921_seed0,0,11ed1195aabfcd298bcaf379e7f064ad8010cd8ca67a057b647baa8bf9ef6e77,400,1,1,-25874.453411749084,-26431.784944293984
inferred_20260921_seed0,0,11ed1195aabfcd298bcaf379e7f064ad8010cd8ca67a057b647baa8bf9ef6e77,400,2,1,-10516.131832972264,-9734.090694053673
inferred_20260921_seed0,0,11ed1195aabfcd298bcaf379e7f064ad8010cd8ca67a057b647baa8bf9ef6e77,400,3,1,-6845.590903659047,-7178.373743600171
inferred_20260921_seed0,0,11ed1195aabfcd298bcaf379e7f064ad8010cd8ca67a057b647baa8bf9ef6e77,401,1,1,-24167.93288135939,-26265.590479995954
inferred_20260921_seed0,0,11ed1195aabfcd298bcaf379e7f064ad8010cd8ca67a057b647baa8bf9ef6e77,401,2,1,-8757.518347183768,-9723.032752474977
inferred_20260921_seed0,0,11ed1195aabfcd298bcaf379e7f064ad8010cd8ca67a057b647baa8bf9ef6e77,401,3,1,-8975.92531848196,-7253.047471733139
inferred_20260921_seed0,0,11ed1195aabfcd298bcaf379e7f064ad8010cd8ca67a057b647baa8bf9ef6e77,402,1,1,-26419.64453979841,-26267.679209676924
inferred_20260921_seed0,0,11ed1195aabfcd298bcaf379e7f064ad8010cd8ca67a057b647baa8bf9ef6e77,402,2,1,-8965.715802132854,-9764.271310261163
inferred_20260921_seed0,0,11ed1195aabfcd298bcaf379e7f064ad8010cd8ca67a057b647baa8bf9ef6e77,402,3,1,-7415.413293955069,-7277.596389032513
inferred_20260921_seed0,0,11ed1195aabfcd298bcaf379e7f064ad8010cd8ca67a057b647baa8bf9ef6e77,403,1,1,-25109.30019859255,-26116.12308544165
inferred_20260921_seed0,0,11ed1195aabfcd298bcaf379e7f064ad8010cd8ca67a057b647baa8bf9ef6e77,403,2,1,-7940.114174694541,-9643.126635518887
inferred_20260921_seed0,0,11ed1195aabfcd298bcaf379e7f064ad8010cd8ca67a057b647baa8bf9ef6e77,403,3,1,-5996.825407947727,-7278.726061468079
inferred_20260921_seed0,0,11ed1195aabfcd298bcaf379e7f064ad8010cd8ca67a057b647baa8bf9ef6e77,404,1,1,-26432.88797781854,-26100.57128597362
inferred_20260921_seed0,0,11ed1195aabfcd298bcaf379e7f064ad8010cd8ca67a057b647baa8bf9ef6e77,404,2,1,-8468.548369226732,-9502.587322561434
inferred_20260921_seed0,0,11ed1195aabfcd298bcaf379e7f064ad8010cd8ca67a057b647baa8bf9ef6e77,404,3,1,-8366.98144023135,-7332.548864236003
inferred_20260921_seed0,0,11ed1195aabfcd298bcaf379e7f064ad8010cd8ca67a057b647baa8bf9ef6e77,405,1,1,-25594.738520884523,-26139.481120923865
inferred_20260921_seed0,0,11ed1195aabfcd298bcaf379e7f064ad8010cd8ca67a057b647baa8bf9ef6e77,405,2,1,-9077.73535585143,-9469.12717535371
inferred_20260921_seed0,0,11ed1195aabfcd298bcaf379e7f064ad8010cd8ca67a057b647baa8bf9ef6e77,405,3,1,-7069.146568714568,-7367.6780473900135
inferred_20260921_seed0,0,11ed1195aabfcd298bcaf379e7f064ad8010cd8ca67a057b647baa8bf9ef6e77,406,1,1,-25050.150838533827,-26031.102136057067
inferred_20260921_seed0,0,11ed1195aabfcd298bcaf379e7f064ad8010cd8ca67a057b647baa8bf9ef6e77,406,2,1,-8913.259215562828,-9376.76876679874
inferred_20260921_seed0,0,11ed1195aabfcd298bcaf379e7f064ad8010cd8ca67a057b647baa8bf9ef6e77,406,3,1,-6456.11608853589,-7360.9809655037
inferred_20260921_seed0,0,11ed1195aabfcd298bcaf379e7f064ad8010cd8ca67a057b647baa8bf9ef6e77,407,1,1,-25143.27612350755,-25907.39224996682
inferred_20260921_seed0,0,11ed1195aabfcd298bcaf379e7f064ad8010cd8ca67a057b647baa8bf9ef6e77,407,2,1,-11648.17723680098,-9479.875728878389
inferred_20260921_seed0,0,11ed1195aabfcd298bcaf379e7f064ad8010cd8ca67a057b647baa8bf9ef6e77,407,3,1,-6871.108578885663,-7353.297186781586
inferred_20260921_seed0,0,11ed1195aabfcd298bcaf379e7f064ad8010cd8ca67a057b647baa8bf9ef6e77,408,1,1,-24922.85725744732,-25804.048996896596
inferred_20260921_seed0,0,11ed1195aabfcd298bcaf379e7f064ad8010cd8ca67a057b647baa8bf9ef6e77,408,2,1,-9843.574924878088,-9540.206049264123
inferred_20260921_seed0,0,11ed1195aabfcd298bcaf379e7f064ad8010cd8ca67a057b647baa8bf9ef6e77,408,3,1,-7648.329769696485,-7369.451887604024
inferred_20260921_seed0,0,11ed1195aabfcd298bcaf379e7f064ad8010cd8ca67a057b647baa8bf9ef6e77,409,1,1,-25752.467817477147,-25792.20006542999
inferred_20260921_seed0,0,11ed1195aabfcd298bcaf379e7f064ad8010cd8ca67a057b647baa8bf9ef6e77,409,2,1,-9598.977765828762,-9527.281130702591
inferred_20260921_seed0,0,11ed1195aabfcd298bcaf379e7f064ad8010cd8ca67a057b647baa8bf9ef6e77,409,3,1,-6648.835829919612,-7372.510981350907
inferred_20260921_seed0,0,11ed1195aabfcd298bcaf379e7f064ad8010cd8ca67a057b647baa8bf9ef6e77,410,1,1,-24300.67667457416,-25730.960603705546
inferred_20260921_seed0,0,11ed1195aabfcd298bcaf379e7f064ad8010cd8ca67a057b647baa8bf9ef6e77,410,2,1,-9375.905899190562,-9468.843821566656
inferred_20260921_seed0,0,11ed1195aabfcd298bcaf379e7f064ad8010cd8ca67a057b647baa8bf9ef6e77,410,3,1,-5774.317822061541,-7299.699107245571
inferred_20260921_seed0,0,11ed1195aabfcd298bcaf379e7f064ad8010cd8ca67a057b647baa8bf9ef6e77,411,1,1,-24615.35731078465,-25604.01601323638
inferred_20260921_seed0,0,11ed1195aabfcd298bcaf379e7f064ad8010cd8ca67a057b647baa8bf9ef6e77,411,2,1,-10405.041772725372,-9549.647024523723
inferred_20260921_seed0,0,11ed1195aabfcd298bcaf379e7f064ad8010cd8ca67a057b647baa8bf9ef6e77,411,3,1,-5981.314120682055,-7221.248969392761
inferred_20260921_seed0,0,11ed1195aabfcd298bcaf379e7f064ad8010cd8ca67a057b647baa8bf9ef6e77,412,1,1,-27460.36586490154,-25622.2787499132
inferred_20260921_seed0,0,11ed1195aabfcd298bcaf379e7f064ad8010cd8ca67a057b647baa8bf9ef6e77,412,2,1,-7442.58161723324,-9419.626153164458
inferred_20260921_seed0,0,11ed1195aabfcd298bcaf379e7f064ad8010cd8ca67a057b647baa8bf9ef6e77,412,3,1,-5681.14748617959,-7152.24298985226
inferred_20260921_seed0,0,11ed1195aabfcd298bcaf379e7f064ad8010cd8ca67a057b647baa8bf9ef6e77,413,1,1,-25574.64606864857,-25568.427972449383
inferred_20260921_seed0,0,11ed1195aabfcd298bcaf379e7f064ad8010cd8ca67a057b647baa8bf9ef6e77,413,2,1,-10131.787746048976,-9457.107200957324
inferred_20260921_seed0,0,11ed1195aabfcd298bcaf379e7f064ad8010cd8ca67a057b647baa8bf9ef6e77,413,3,1,-5751.58778122531,-7085.176162432176
inferred_20260921_seed0,0,11ed1195aabfcd298bcaf379e7f064ad8010cd8ca67a057b647baa8bf9ef6e77,414,1,1,-26029.74171396601,-25603.260863925727
inferred_20260921_seed0,0,11ed1195aabfcd298bcaf379e7f064ad8010cd8ca67a057b647baa8bf9ef6e77,414,2,1,-9475.989353591838,-9449.884038465756
inferred_20260921_seed0,0,11ed1195aabfcd298bcaf379e7f064ad8010cd8ca67a057b647baa8bf9ef6e77,414,3,1,-8580.900745241754,-7108.2417137897855
inferred_20260921_seed0,0,11ed1195aabfcd298bcaf379e7f064ad8010cd8ca67a057b647baa8bf9ef6e77,415,1,1,-25679.74652115341,-25533.50595419759
inferred_20260921_seed0,0,11ed1195aabfcd298bcaf379e7f064ad8010cd8ca67a057b647baa8bf9ef6e77,415,2,1,-11762.098161687623,-9440.588745550758
inferred_20260921_seed0,0,11ed1195aabfcd298bcaf379e7f064ad8010cd8ca67a057b647baa8bf9ef6e77,415,3,1,-7745.130714760042,-7139.167723571281
inferred_20260921_seed0,0,11ed1195aabfcd298bcaf379e7f064ad8010cd8ca67a057b647baa8bf9ef6e77,416,1,1,-23882.46899341189,-25411.24845806414
inferred_20260921_seed0,0,11ed1195aabfcd298bcaf379e7f064ad8010cd8ca67a057b647baa8bf9ef6e77,416,2,1,-10091.597785252434,-9451.828363226283
inferred_20260921_seed0,0,11ed1195aabfcd298bcaf379e7f064ad8010cd8ca67a057b647baa8bf9ef6e77,416,3,1,-5668.828404533606,-7105.3914870519975
inferred_20260921_seed0,0,11ed1195aabfcd298bcaf379e7f064ad8010cd8ca67a057b647baa8bf9ef6e77,417,1,1,-25845.899952172174,-25344.124484145334
inferred_20260921_seed0,0,11ed1195aabfcd298bcaf379e7f064ad8010cd8ca67a057b647baa8bf9ef6e77,417,2,1,-9397.25514194983,-9437.47864454888
inferred_20260921_seed0,0,11ed1195aabfcd298bcaf379e7f064ad8010cd8ca67a057b647baa8bf9ef6e77,417,3,1,-5631.750527314776,-7051.294017135269
inferred_20260921_seed0,0,11ed1195aabfcd298bcaf379e7f064ad8010cd8ca67a057b647baa8bf9ef6e77,418,1,1,-24199.6326987874,-25266.375468676095
inferred_20260921_seed0,0,11ed1195aabfcd298bcaf379e7f064ad8010cd8ca67a057b647baa8bf9ef6e77,418,2,1,-8511.145950279155,-9403.693165890518
inferred_20260921_seed0,0,11ed1195aabfcd298bcaf379e7f064ad8010cd8ca67a057b647baa8bf9ef6e77,418,3,1,-6323.791673501686,-7022.652517006735
inferred_20260921_seed0,0,11ed1195aabfcd298bcaf379e7f064ad8010cd8ca67a057b647baa8bf9ef6e77,419,1,1,-25842.95933942324,-25207.153811640004
inferred_20260921_seed0,0,11ed1195aabfcd298bcaf379e7f064ad8010cd8ca67a057b647baa8bf9ef6e77,419,2,1,-11445.700052590251,-9475.389845928967
inferred_20260921_seed0,0,11ed1195aabfcd298bcaf379e7f064ad8010cd8ca67a057b647baa8bf9ef6e77,419,3,1,-8902.22527643812,-7056.23313483999
inferred_20260921_seed0,0,11ed1195aabfcd298bcaf379e7f064ad8010cd8ca67a057b647baa8bf9ef6e77,420,1,1,-23640.42140078298,-25101.374408138916
inferred_20260921_seed0,0,11ed1195aabfcd298bcaf379e7f064ad8010cd8ca67a057b647baa8bf9ef6e77,420,2,1,-10439.472499079442,-9562.952152391821
inferred_20260921_seed0,0,11ed1195aabfcd298bcaf379e7f064ad8010cd8ca67a057b647baa8bf9ef6e77,420,3,1,-7085.111119873784,-7050.935478908061
inferred_20260921_seed0,0,11ed1195aabfcd298bcaf379e7f064ad8010cd8ca67a057b647baa8bf9ef6e77,421,1,1,-23997.705052239457,-25089.0749617294
inferred_20260921_seed0,0,11ed1195aabfcd298bcaf379e7f064ad8010cd8ca67a057b647baa8bf9ef6e77,421,2,1,-7537.658433201925,-9527.36624164547
inferred_20260921_seed0,0,11ed1195aabfcd298bcaf379e7f064ad8010cd8ca67a057b647baa8bf9ef6e77,421,3,1,-7811.658059305202,-7020.311250428857
inferred_20260921_seed0,0,11ed1195aabfcd298bcaf379e7f064ad8010cd8ca67a057b647baa8bf9ef6e77,422,1,1,-27406.3926174253,-25286.95400899995
inferred_20260921_seed0,0,11ed1195aabfcd298bcaf379e7f064ad8010cd8ca67a057b647baa8bf9ef6e77,422,2,1,-10038.543096254669,-9530.792943789615
inferred_20260921_seed0,0,11ed1195aabfcd298bcaf379e7f064ad8010cd8ca67a057b647baa8bf9ef6e77,422,3,1,-7401.159514550834,-7053.73531492624
inferred_20260921_seed0,0,11ed1195aabfcd298bcaf379e7f064ad8010cd8ca67a057b647baa8bf9ef6e77,423,1,1,-28984.203303499657,-25446.989397440193
inferred_20260921_seed0,0,11ed1195aabfcd298bcaf379e7f064ad8010cd8ca67a057b647baa8bf9ef6e77,423,2,1,-8893.641426428814,-9537.363669306891
inferred_20260921_seed0,0,11ed1195aabfcd298bcaf379e7f064ad8010cd8ca67a057b647baa8bf9ef6e77,423,3,1,-7881.337790803085,-7066.975742810078
inferred_20260921_seed0,0,11ed1195aabfcd298bcaf379e7f064ad8010cd8ca67a057b647baa8bf9ef6e77,424,1,1,-26056.543403168485,-25519.37881928429
inferred_20260921_seed0,0,11ed1195aabfcd298bcaf379e7f064ad8010cd8ca67a057b647baa8bf9ef6e77,424,2,1,-7575.388094182887,-9450.14240219317
inferred_20260921_seed0,0,11ed1195aabfcd298bcaf379e7f064ad8010cd8ca67a057b647baa8bf9ef6e77,424,3,1,-6752.188661248852,-7010.668915909905
inferred_20260921_seed0,0,11ed1195aabfcd298bcaf379e7f064ad8010cd8ca67a057b647baa8bf9ef6e77,425,1,1,-26651.925704331275,-25550.477710987576
inferred_20260921_seed0,0,11ed1195aabfcd298bcaf379e7f064ad8010cd8ca67a057b647baa8bf9ef6e77,425,2,1,-8011.414954852695,-9349.953727068387
inferred_20260921_seed0,0,11ed1195aabfcd298bcaf379e7f064ad8010cd8ca67a057b647baa8bf9ef6e77,425,3,1,-7604.788995252449,-7041.0368395736405
inferred_20260921_seed0,0,11ed1195aabfcd298bcaf379e7f064ad8010cd8ca67a057b647baa8bf9ef6e77,426,1,1,-23681.175965921862,-25531.007434370076
inferred_20260921_seed0,0,11ed1195aabfcd298bcaf379e7f064ad8010cd8ca67a057b647baa8bf9ef6e77,426,2,1,-8349.307633169408,-9333.625298507814
inferred_20260921_seed0,0,11ed1195aabfcd298bcaf379e7f064ad8010cd8ca67a057b647baa8bf9ef6e77,426,3,1,-6605.728938205104,-6946.228984362566
inferred_20260921_seed0,0,11ed1195aabfcd298bcaf379e7f064ad8010cd8ca67a057b647baa8bf9ef6e77,427,1,1,-23803.26961159787,-25426.352437242054
inferred_20260921_seed0,0,11ed1195aabfcd298bcaf379e7f064ad8010cd8ca67a057b647baa8bf9ef6e77,427,2,1,-6809.473671238431,-9247.375613272037
inferred_20260921_seed0,0,11ed1195aabfcd298bcaf379e7f064ad8010cd8ca67a057b647baa8bf9ef6e77,427,3,1,-7254.48581084598,-6939.791885038203
inferred_20260921_seed0,0,11ed1195aabfcd298bcaf379e7f064ad8010cd8ca67a057b647baa8bf9ef6e77,428,1,1,-26321.80339579203,-25474.852565130033
inferred_20260921_seed0,0,11ed1195aabfcd298bcaf379e7f064ad8010cd8ca67a057b647baa8bf9ef6e77,428,2,1,-7870.885210957738,-9244.606454722565
inferred_20260921_seed0,0,11ed1195aabfcd298bcaf379e7f064ad8010cd8ca67a057b647baa8bf9ef6e77,428,3,1,-5773.474845758547,-6930.857862550635
inferred_20260921_seed0,0,11ed1195aabfcd298bcaf379e7f064ad8010cd8ca67a057b647baa8bf9ef6e77,429,1,1,-25998.6048707058,-25457.48124084553
inferred_20260921_seed0,0,11ed1195aabfcd298bcaf379e7f064ad8010cd8ca67a057b647baa8bf9ef6e77,429,2,1,-12001.039878417683,-9385.906115090202
inferred_20260921_seed0,0,11ed1195aabfcd298bcaf379e7f064ad8010cd8ca67a057b647baa8bf9ef6e77,429,3,1,-7726.662346503453,-6905.24509880152
inferred_20260921_seed0,0,11ed1195aabfcd298bcaf379e7f064ad8010cd8ca67a057b647baa8bf9ef6e77,430,1,1,-26291.45060809328,-25485.34972433388
inferred_20260921_seed0,0,11ed1195aabfcd298bcaf379e7f064ad8010cd8ca67a057b647baa8bf9ef6e77,430,2,1,-10298.041505609424,-9434.718361080522
inferred_20260921_seed0,0,11ed1195aabfcd298bcaf379e7f064ad8010cd8ca67a057b647baa8bf9ef6e77,430,3,1,-6567.9613356603495,-6885.197689479351
inferred_20260921_seed0,0,11ed1195aabfcd298bcaf379e7f064ad8010cd8ca67a057b647baa8bf9ef6e77,431,1,1,-27578.343985994536,-25586.4774502323
inferred_20260921_seed0,0,11ed1195aabfcd298bcaf379e7f064ad8010cd8ca67a057b647baa8bf9ef6e77,431,2,1,-9442.901579575744,-9455.904055641038
inferred_20260921_seed0,0,11ed1195aabfcd298bcaf379e7f064ad8010cd8ca67a057b647baa8bf9ef6e77,431,3,1,-7314.271487957756,-6919.523905456225
inferred_20260921_seed0,0,11ed1195aabfcd298bcaf379e7f064ad8010cd8ca67a057b647baa8bf9ef6e77,432,1,1,-23716.189662315577,-25529.393991784626
inferred_20260921_seed0,0,11ed1195aabfcd298bcaf379e7f064ad8010cd8ca67a057b647baa8bf9ef6e77,432,2,1,-10337.206746536229,-9403.465236030448
inferred_20260921_seed0,0,11ed1195aabfcd298bcaf379e7f064ad8010cd8ca67a057b647baa8bf9ef6e77,432,3,1,-8034.202267372197,-6966.047652995687
inferred_20260921_seed0,0,11ed1195aabfcd298bcaf379e7f064ad8010cd8ca67a057b647baa8bf9ef6e77,433,1,1,-25576.62265022613,-25555.544607495776
inferred_20260921_seed0,0,11ed1195aabfcd298bcaf379e7f064ad8010cd8ca67a057b647baa8bf9ef6e77,433,2,1,-10025.650175022683,-9410.748246036232
inferred_20260921_seed0,0,11ed1195aabfcd298bcaf379e7f064ad8010cd8ca67a057b647baa8bf9ef6e77,433,3,1,-7934.771355602235,-6977.505316431917
inferred_20260921_seed0,0,11ed1195aabfcd298bcaf379e7f064ad8010cd8ca67a057b647baa8bf9ef6e77,434,1,1,-24282.68273685509,-25496.753204270895
inferred_20260921_seed0,0,11ed1195aabfcd298bcaf379e7f064ad8010cd8ca67a057b647baa8bf9ef6e77,434,2,1,-9533.762306084587,-9408.139627646466
inferred_20260921_seed0,0,11ed1195aabfcd298bcaf379e7f064ad8010cd8ca67a057b647baa8bf9ef6e77,434,3,1,-6714.77130246989,-6980.142735333928
inferred_20260921_seed0,0,11ed1195aabfcd298bcaf379e7f064ad8010cd8ca67a057b647baa8bf9ef6e77,435,1,1,-25192.77360602886,-25532.437081529082
inferred_20260921_seed0,0,11ed1195aabfcd298bcaf379e7f064ad8010cd8ca67a057b647baa8bf9ef6e77,435,2,1,-8804.504057839898,-9385.283553992438
inferred_20260921_seed0,0,11ed1195aabfcd298bcaf379e7f064ad8010cd8ca67a057b647baa8bf9ef6e77,435,3,1,-7165.458580791124,-7035.788365683111
inferred_20260921_seed0,0,11ed1195aabfcd298bcaf379e7f064ad8010cd8ca67a057b647baa8bf9ef6e77,436,1,1,-24341.536863910424,-25521.484263654114
inferred_20260921_seed0,0,11ed1195aabfcd298bcaf379e7f064ad8010cd8ca67a057b647baa8bf9ef6e77,436,2,1,-10076.033175551209,-9372.123210105472
inferred_20260921_seed0,0,11ed1195aabfcd298bcaf379e7f064ad8010cd8ca67a057b647baa8bf9ef6e77,436,3,1,-8348.030026330567,-7130.457001909052
inferred_20260921_seed0,0,11ed1195aabfcd298bcaf379e7f064ad8010cd8ca67a057b647baa8bf9ef6e77,437,1,1,-23896.138449581777,-25378.915167041323
inferred_20260921_seed0,0,11ed1195aabfcd298bcaf379e7f064ad8010cd8ca67a057b647baa8bf9ef6e77,437,2,1,-8593.940947688057,-9418.177583323666
inferred_20260921_seed0,0,11ed1195aabfcd298bcaf379e7f064ad8010cd8ca67a057b647baa8bf9ef6e77,437,3,1,-6443.865856802064,-7160.9657367339505
inferred_20260921_seed0,0,11ed1195aabfcd298bcaf379e7f064ad8010cd8ca67a057b647baa8bf9ef6e77,438,1,1,-25692.546901667723,-25383.63120036209
inferred_20260921_seed0,0,11ed1195aabfcd298bcaf379e7f064ad8010cd8ca67a057b647baa8bf9ef6e77,438,2,1,-8556.133886855021,-9355.151428955907
inferred_20260921_seed0,0,11ed1195aabfcd298bcaf379e7f064ad8010cd8ca67a057b647baa8bf9ef6e77,438,3,1,-6627.930683566434,-7196.019452827596
inferred_20260921_seed0,0,11ed1195aabfcd298bcaf379e7f064ad8010cd8ca67a057b647baa8bf9ef6e77,439,1,1,-24316.22689174608,-25315.090607473292
inferred_20260921_seed0,0,11ed1195aabfcd298bcaf379e7f064ad8010cd8ca67a057b647baa8bf9ef6e77,439,2,1,-9651.021123983575,-9362.152699771577
inferred_20260921_seed0,0,11ed1195aabfcd298bcaf379e7f064ad8010cd8ca67a057b647baa8bf9ef6e77,439,3,1,-6519.250787293644,-7113.553454509671
inferred_20260921_seed0,0,11ed1195aabfcd298bcaf379e7f064ad8010cd8ca67a057b647baa8bf9ef6e77,440,1,1,-25035.252650770395,-25289.31085265797
inferred_20260921_seed0,0,11ed1195aabfcd298bcaf379e7f064ad8010cd8ca67a057b647baa8bf9ef6e77,440,2,1,-12003.165113042189,-9371.79537782576
inferred_20260921_seed0,0,11ed1195aabfcd298bcaf379e7f064ad8010cd8ca67a057b647baa8bf9ef6e77,440,3,1,-8056.878701549712,-7126.0233739812575
inferred_20260921_seed0,0,11ed1195aabfcd298bcaf379e7f064ad8010cd8ca67a057b647baa8bf9ef6e77,441,1,1,-25059.3636609244,-25336.386639358472
inferred_20260921_seed0,0,11ed1195aabfcd298bcaf379e7f064ad8010cd8ca67a057b647baa8bf9ef6e77,441,2,1,-5938.160815566598,-9205.657899038326
inferred_20260921_seed0,0,11ed1195aabfcd298bcaf379e7f064ad8010cd8ca67a057b647baa8bf9ef6e77,441,3,1,-8542.620244677295,-7240.975047587005
inferred_20260921_seed0,0,11ed1195aabfcd298bcaf379e7f064ad8010cd8ca67a057b647baa8bf9ef6e77,442,1,1,-24025.39606944861,-25263.56648404953
inferred_20260921_seed0,0,11ed1195aabfcd298bcaf379e7f064ad8010cd8ca67a057b647baa8bf9ef6e77,442,2,1,-7831.302987703631,-9143.019812868477
inferred_20260921_seed0,0,11ed1195aabfcd298bcaf379e7f064ad8010cd8ca67a057b647baa8bf9ef6e77,442,3,1,-6565.320384050052,-7278.317841856417
inferred_20260921_seed0,0,11ed1195aabfcd298bcaf379e7f064ad8010cd8ca67a057b647baa8bf9ef6e77,443,1,1,-23247.64848792096,-25225.487115614877
inferred_20260921_seed0,0,11ed1195aabfcd298bcaf379e7f064ad8010cd8ca67a057b647baa8bf9ef6e77,443,2,1,-10634.890008033855,-9227.969575178666
inferred_20260921_seed0,0,11ed1195aabfcd298bcaf379e7f064ad8010cd8ca67a057b647baa8bf9ef6e77,443,3,1,-7314.161120420334,-7317.932619733163
inferred_20260921_seed0,0,11ed1195aabfcd298bcaf379e7f064ad8010cd8ca67a057b647baa8bf9ef6e77,444,1,1,-26848.490944963,-25265.70837983646
inferred_20260921_seed0,0,11ed1195aabfcd298bcaf379e7f064ad8010cd8ca67a057b647baa8bf9ef6e77,444,2,1,-8396.12952126361,-9105.9867539256
inferred_20260921_seed0,0,11ed1195aabfcd298bcaf379e7f064ad8010cd8ca67a057b647baa8bf9ef6e77,444,3,1,-7534.764652939972,-7263.234194793236
inferred_20260921_seed0,0,11ed1195aabfcd298bcaf379e7f064ad8010cd8ca67a057b647baa8bf9ef6e77,445,1,1,-23345.63610511711,-25253.91696800983
inferred_20260921_seed0,0,11ed1195aabfcd298bcaf379e7f064ad8010cd8ca67a057b647baa8bf9ef6e77,445,2,1,-9913.779875395428,-9084.959048978239
inferred_20260921_seed0,0,11ed1195aabfcd298bcaf379e7f064ad8010cd8ca67a057b647baa8bf9ef6e77,445,3,1,-7387.820191863371,-7275.34255767282
inferred_20260921_seed0,0,11ed1195aabfcd298bcaf379e7f064ad8010cd8ca67a057b647baa8bf9ef6e77,446,1,1,-24775.81360465232,-25285.041310106342
inferred_20260921_seed0,0,11ed1195aabfcd298bcaf379e7f064ad8010cd8ca67a057b647baa8bf9ef6e77,446,2,1,-7625.671690974275,-9088.479579289133
inferred_20260921_seed0,0,11ed1195aabfcd298bcaf379e7f064ad8010cd8ca67a057b647baa8bf9ef6e77,446,3,1,-7287.470132443528,-7254.375040598354
inferred_20260921_seed0,0,11ed1195aabfcd298bcaf379e7f064ad8010cd8ca67a057b647baa8bf9ef6e77,447,1,1,-26152.71803037221,-25234.894326624217
inferred_20260921_seed0,0,11ed1195aabfcd298bcaf379e7f064ad8010cd8ca67a057b647baa8bf9ef6e77,447,2,1,-8593.563472129945,-9030.680394324145
inferred_20260921_seed0,0,11ed1195aabfcd298bcaf379e7f064ad8010cd8ca67a057b647baa8bf9ef6e77,447,3,1,-8846.691354026043,-7312.196314177362
inferred_20260921_seed0,0,11ed1195aabfcd298bcaf379e7f064ad8010cd8ca67a057b647baa8bf9ef6e77,448,1,1,-24286.75365017095,-25046.996340491067
inferred_20260921_seed0,0,11ed1195aabfcd298bcaf379e7f064ad8010cd8ca67a057b647baa8bf9ef6e77,448,2,1,-9239.496138739076,-9044.514582816555
inferred_20260921_seed0,0,11ed1195aabfcd298bcaf379e7f064ad8010cd8ca67a057b647baa8bf9ef6e77,448,3,1,-5675.27150705616,-7223.953662827484
inferred_20260921_seed0,0,11ed1195aabfcd298bcaf379e7f064ad8010cd8ca67a057b647baa8bf9ef6e77,449,1,1,-24182.655428071837,-24972.040821487204
inferred_20260921_seed0,0,11ed1195aabfcd298bcaf379e7f064ad8010cd8ca67a057b647baa8bf9ef6e77,449,2,1,-9229.517076414815,-9110.679742105833
inferred_20260921_seed0,0,11ed1195aabfcd298bcaf379e7f064ad8010cd8ca67a057b647baa8bf9ef6e77,449,3,1,-7412.227436702175,-7250.355213845617
inferred_20260921_seed0,0,11ed1195aabfcd298bcaf379e7f064ad8010cd8ca67a057b647baa8bf9ef6e77,450,1,1,-22324.373417021787,-24798.93872999483
inferred_20260921_seed0,0,11ed1195aabfcd298bcaf379e7f064ad8010cd8ca67a057b647baa8bf9ef6e77,450,2,1,-10586.328414454358,-9213.676280489899
inferred_20260921_seed0,0,11ed1195aabfcd298bcaf379e7f064ad8010cd8ca67a057b647baa8bf9ef6e77,450,3,1,-6022.539761329547,-7187.065244488701
inferred_20260921_seed0,0,11ed1195aabfcd298bcaf379e7f064ad8010cd8ca67a057b647baa8bf9ef6e77,451,1,1,-26841.88233977309,-24925.366984948876
inferred_20260921_seed0,0,11ed1195aabfcd298bcaf379e7f064ad8010cd8ca67a057b647baa8bf9ef6e77,451,2,1,-9239.310610430208,-9249.27639958033
inferred_20260921_seed0,0,11ed1195aabfcd298bcaf379e7f064ad8010cd8ca67a057b647baa8bf9ef6e77,451,3,1,-7060.943306571175,-7205.273819223345
inferred_20260921_seed0,0,11ed1195aabfcd298bcaf379e7f064ad8010cd8ca67a057b647baa8bf9ef6e77,452,1,1,-23997.747542814628,-24933.14610219755
inferred_20260921_seed0,0,11ed1195aabfcd298bcaf379e7f064ad8010cd8ca67a057b647baa8bf9ef6e77,452,2,1,-8459.500207154935,-9315.27746101699
inferred_20260921_seed0,0,11ed1195aabfcd298bcaf379e7f064ad8010cd8ca67a057b647baa8bf9ef6e77,452,3,1,-9589.824949768525,-7298.687384780245
inferred_20260921_seed0,0,11ed1195aabfcd298bcaf379e7f064ad8010cd8ca67a057b647baa8bf9ef6e77,453,1,1,-24771.93904213017,-24871.151528051072
inferred_20260921_seed0,0,11ed1195aabfcd298bcaf379e7f064ad8010cd8ca67a057b647baa8bf9ef6e77,453,2,1,-10143.837125372347,-9406.195537593576
inferred_20260921_seed0,0,11ed1195aabfcd298bcaf379e7f064ad8010cd8ca67a057b647baa8bf9ef6e77,453,3,1,-11196.511691342032,-7515.608858603586
inferred_20260921_seed0,0,11ed1195aabfcd298bcaf379e7f064ad8010cd8ca67a057b647baa8bf9ef6e77,454,1,1,-23639.024554701296,-24776.76831541089
inferred_20260921_seed0,0,11ed1195aabfcd298bcaf379e7f064ad8010cd8ca67a057b647baa8bf9ef6e77,454,2,1,-10533.855852891218,-9347.508176572517
inferred_20260921_seed0,0,11ed1195aabfcd298bcaf379e7f064ad8010cd8ca67a057b647baa8bf9ef6e77,454,3,1,-7347.300564387185,-7500.434387318935
inferred_20260921_seed0,0,11ed1195aabfcd298bcaf379e7f064ad8010cd8ca67a057b647baa8bf9ef6e77,455,1,1,-24828.679810850776,-24718.25748352119
inferred_20260921_seed0,0,11ed1195aabfcd298bcaf379e7f064ad8010cd8ca67a057b647baa8bf9ef6e77,455,2,1,-8523.140341909766,-9276.51213002453
inferred_20260921_seed0,0,11ed1195aabfcd298bcaf379e7f064ad8010cd8ca67a057b647baa8bf9ef6e77,455,3,1,-6968.057339835823,-7516.438227485953
inferred_20260921_seed0,0,11ed1195aabfcd298bcaf379e7f064ad8010cd8ca67a057b647baa8bf9ef6e77,456,1,1,-26219.64224366829,-24663.909413828143
inferred_20260921_seed0,0,11ed1195aabfcd298bcaf379e7f064ad8010cd8ca67a057b647baa8bf9ef6e77,456,2,1,-7949.705401170731,-9216.78428288833
inferred_20260921_seed0,0,11ed1195aabfcd298bcaf379e7f064ad8010cd8ca67a057b647baa8bf9ef6e77,456,3,1,-5727.304770307634,-7452.959558779949
inferred_20260921_seed0,0,11ed1195aabfcd298bcaf379e7f064ad8010cd8ca67a057b647baa8bf9ef6e77,457,1,1,-22346.988742516554,-24609.141377036176
inferred_20260921_seed0,0,11ed1195aabfcd298bcaf379e7f064ad8010cd8ca67a057b647baa8bf9ef6e77,457,2,1,-8247.739601420708,-9133.20559708371
inferred_20260921_seed0,0,11ed1195aabfcd298bcaf379e7f064ad8010cd8ca67a057b647baa8bf9ef6e77,457,3,1,-8089.925616130786,-7455.188492730293
inferred_20260921_seed0,0,11ed1195aabfcd298bcaf379e7f064ad8010cd8ca67a057b647baa8bf9ef6e77,458,1,1,-24784.91340997236,-24577.47300742603
inferred_20260921_seed0,0,11ed1195aabfcd298bcaf379e7f064ad8010cd8ca67a057b647baa8bf9ef6e77,458,2,1,-9549.06876157461,-9114.142340545786
inferred_20260921_seed0,0,11ed1195aabfcd298bcaf379e7f064ad8010cd8ca67a057b647baa8bf9ef6e77,458,3,1,-6143.82073071163,-7383.550467734667
inferred_20260921_seed0,0,11ed1195aabfcd298bcaf379e7f064ad8010cd8ca67a057b647baa8bf9ef6e77,459,1,1,-23559.516305183806,-24548.546350159173
inferred_20260921_seed0,0,11ed1195aabfcd298bcaf379e7f064ad8010cd8ca67a057b647baa8bf9ef6e77,459,2,1,-10239.97898458103,-9142.391007685645
inferred_20260921_seed0,0,11ed1195aabfcd298bcaf379e7f064ad8010cd8ca67a057b647baa8bf9ef6e77,459,3,1,-7964.291363125775,-7433.531270160904
inferred_20260921_seed0,0,11ed1195aabfcd298bcaf379e7f064ad8010cd8ca67a057b647baa8bf9ef6e77,460,1,1,-24422.61790164088,-24517.740121983654
inferred_20260921_seed0,0,11ed1195aabfcd298bcaf379e7f064ad8010cd8ca67a057b647baa8bf9ef6e77,460,2,1,-9474.976050149446,-9169.209887378027
inferred_20260921_seed0,0,11ed1195aabfcd298bcaf379e7f064ad8010cd8ca67a057b647baa8bf9ef6e77,460,3,1,-7487.115951881124,-7446.397565004503
inferred_20260921_seed0,0,11ed1195aabfcd298bcaf379e7f064ad8010cd8ca67a057b647baa8bf9ef6e77,461,1,1,-26057.906681633485,-24586.39491469258
inferred_20260921_seed0,0,11ed1195aabfcd298bcaf379e7f064ad8010cd8ca67a057b647baa8bf9ef6e77,461,2,1,-7046.178960497731,-9048.015718775887
inferred_20260921_seed0,0,11ed1195aabfcd298bcaf379e7f064ad8010cd8ca67a057b647baa8bf9ef6e77,461,3,1,-6484.462409456992,-7371.85486032956
inferred_20260921_seed0,0,11ed1195aabfcd298bcaf379e7f064ad8010cd8ca67a057b647baa8bf9ef6e77,462,1,1,-24520.002326080383,-24611.34946975252
inferred_20260921_seed0,0,11ed1195aabfcd298bcaf379e7f064ad8010cd8ca67a057b647baa8bf9ef6e77,462,2,1,-9443.450123853858,-9081.996085822519
inferred_20260921_seed0,0,11ed1195aabfcd298bcaf379e7f064ad8010cd8ca67a057b647baa8bf9ef6e77,462,3,1,-6613.94290859311,-7378.6579424012025
inferred_20260921_seed0,0,11ed1195aabfcd298bcaf379e7f064ad8010cd8ca67a057b647baa8bf9ef6e77,463,1,1,-25351.226719423463,-24597.69666246275
inferred_20260921_seed0,0,11ed1195aabfcd298bcaf379e7f064ad8010cd8ca67a057b647baa8bf9ef6e77,463,2,1,-8332.569222860311,-9073.053499262729
inferred_20260921_seed0,0,11ed1195aabfcd298bcaf379e7f064ad8010cd8ca67a057b647baa8bf9ef6e77,463,3,1,-6421.076873271915,-7370.383789989421
inferred_20260921_seed0,0,11ed1195aabfcd298bcaf379e7f064ad8010cd8ca67a057b647baa8bf9ef6e77,464,1,1,-22078.09154027228,-24508.1712484038
inferred_20260921_seed0,0,11ed1195aabfcd298bcaf379e7f064ad8010cd8ca67a057b647baa8bf9ef6e77,464,2,1,-10322.81445761946,-9099.925232608166
inferred_20260921_seed0,0,11ed1195aabfcd298bcaf379e7f064ad8010cd8ca67a057b647baa8bf9ef6e77,464,3,1,-6912.192204626449,-7386.101446682734
inferred_20260921_seed0,0,11ed1195aabfcd298bcaf379e7f064ad8010cd8ca67a057b647baa8bf9ef6e77,465,1,1,-23325.89600905507,-24439.79698273519
inferred_20260921_seed0,0,11ed1195aabfcd298bcaf379e7f064ad8010cd8ca67a057b647baa8bf9ef6e77,465,2,1,-8580.272200484726,-8963.009516105867
inferred_20260921_seed0,0,11ed1195aabfcd298bcaf379e7f064ad8010cd8ca67a057b647baa8bf9ef6e77,465,3,1,-7230.990326419718,-7353.065911677534
inferred_20260921_seed0,0,11ed1195aabfcd298bcaf379e7f064ad8010cd8ca67a057b647baa8bf9ef6e77,466,1,1,-23398.302608357582,-24373.354540632517
inferred_20260921_seed0,0,11ed1195aabfcd298bcaf379e7f064ad8010cd8ca67a057b647baa8bf9ef6e77,466,2,1,-8279.180724785156,-9056.650312474609
inferred_20260921_seed0,0,11ed1195aabfcd298bcaf379e7f064ad8010cd8ca67a057b647baa8bf9ef6e77,466,3,1,-7946.8339628163185,-7329.234460403095
inferred_20260921_seed0,0,11ed1195aabfcd298bcaf379e7f064ad8010cd8ca67a057b647baa8bf9ef6e77,467,1,1,-25245.177891659478,-24422.14581352095
inferred_20260921_seed0,0,11ed1195aabfcd298bcaf379e7f064ad8010cd8ca67a057b647baa8bf9ef6e77,467,2,1,-9181.849764481522,-9110.672183545725
inferred_20260921_seed0,0,11ed1195aabfcd298bcaf379e7f064ad8010cd8ca67a057b647baa8bf9ef6e77,467,3,1,-5893.595752928502,-7302.365475158233
inferred_20260921_seed0,0,11ed1195aabfcd298bcaf379e7f064ad8010cd8ca67a057b647baa8bf9ef6e77,468,1,1,-25656.088674964343,-24518.483421002682
inferred_20260921_seed0,0,11ed1195aabfcd298bcaf379e7f064ad8010cd8ca67a057b647baa8bf9ef6e77,468,2,1,-8785.33152750348,-9036.68984432451
inferred_20260921_seed0,0,11ed1195aabfcd298bcaf379e7f064ad8010cd8ca67a057b647baa8bf9ef6e77,468,3,1,-7907.55773368558,-7326.101339688842
inferred_20260921_seed0,0,11ed1195aabfcd298bcaf379e7f064ad8010cd8ca67a057b647baa8bf9ef6e77,469,1,1,-25081.597086658923,-24447.80766667052
inferred_20260921_seed0,0,11ed1195aabfcd298bcaf379e7f064ad8010cd8ca67a057b647baa8bf9ef6e77,469,2,1,-10263.351919613544,-9111.378740258508
inferred_20260921_seed0,0,11ed1195aabfcd298bcaf379e7f064ad8010cd8ca67a057b647baa8bf9ef6e77,469,3,1,-7550.259318350758,-7326.721126305275
inferred_20260921_seed0,0,11ed1195aabfcd298bcaf379e7f064ad8010cd8ca67a057b647baa8bf9ef6e77,470,1,1,-22361.12598128812,-24408.427261717363
inferred_20260921_seed0,0,11ed1195aabfcd298bcaf379e7f064ad8010cd8ca67a057b647baa8bf9ef6e77,470,2,1,-10453.649286885608,-9132.973516718113
inferred_20260921_seed0,0,11ed1195aabfcd298bcaf379e7f064ad8010cd8ca67a057b647baa8bf9ef6e77,470,3,1,-5185.632674753654,-7238.633625620885
inferred_20260921_seed0,0,11ed1195aabfcd298bcaf379e7f064ad8010cd8ca67a057b647baa8bf9ef6e77,471,1,1,-23757.28455446312,-24367.686099709794
inferred_20260921_seed0,0,11ed1195aabfcd298bcaf379e7f064ad8010cd8ca67a057b647baa8bf9ef6e77,471,2,1,-8279.189965484737,-9159.114247698533
inferred_20260921_seed0,0,11ed1195aabfcd298bcaf379e7f064ad8010cd8ca67a057b647baa8bf9ef6e77,471,3,1,-8912.10489050016,-7303.619015943151
inferred_20260921_seed0,0,11ed1195aabfcd298bcaf379e7f064ad8010cd8ca67a057b647baa8bf9ef6e77,472,1,1,-22986.291445068684,-24241.029036297652
inferred_20260921_seed0,0,11ed1195aabfcd298bcaf379e7f064ad8010cd8ca67a057b647baa8bf9ef6e77,472,2,1,-8279.320060386706,-9146.544511228803
inferred_20260921_seed0,0,11ed1195aabfcd298bcaf379e7f064ad8010cd8ca67a057b647baa8bf9ef6e77,472,3,1,-6404.129902891771,-7205.91655789778
inferred_20260921_seed0,0,11ed1195aabfcd298bcaf379e7f064ad8010cd8ca67a057b647baa8bf9ef6e77,473,1,1,-22851.72267059416,-24183.627797114583
inferred_20260921_seed0,0,11ed1195aabfcd298bcaf379e7f064ad8010cd8ca67a057b647baa8bf9ef6e77,473,2,1,-10373.168652379984,-9191.891411774439
inferred_20260921_seed0,0,11ed1195aabfcd298bcaf379e7f064ad8010cd8ca67a057b647baa8bf9ef6e77,473,3,1,-7183.432296429126,-7266.242989472699
inferred_20260921_seed0,0,11ed1195aabfcd298bcaf379e7f064ad8010cd8ca67a057b647baa8bf9ef6e77,474,1,1,-23742.038260180045,-24166.00311039891
inferred_20260921_seed0,0,11ed1195aabfcd298bcaf379e7f064ad8010cd8ca67a057b647baa8bf9ef6e77,474,2,1,-8057.695325212545,-9145.01854172635
inferred_20260921_seed0,0,11ed1195aabfcd298bcaf379e7f064ad8010cd8ca67a057b647baa8bf9ef6e77,474,3,1,-5863.368848299455,-7204.288645936591
inferred_20260921_seed0,0,11ed1195aabfcd298bcaf379e7f064ad8010cd8ca67a057b647baa8bf9ef6e77,475,1,1,-23041.19405616138,-24194.675935964497
inferred_20260921_seed0,0,11ed1195aabfcd298bcaf379e7f064ad8010cd8ca67a057b647baa8bf9ef6e77,475,2,1,-9559.388278115734,-9103.940936272804
inferred_20260921_seed0,0,11ed1195aabfcd298bcaf379e7f064ad8010cd8ca67a057b647baa8bf9ef6e77,475,3,1,-8289.99092544541,-7294.986692501224
inferred_20260921_seed0,0,11ed1195aabfcd298bcaf379e7f064ad8010cd8ca67a057b647baa8bf9ef6e77,476,1,1,-24667.315723533266,-24107.693271314904
inferred_20260921_seed0,0,11ed1195aabfcd298bcaf379e7f064ad8010cd8ca67a057b647baa8bf9ef6e77,476,2,1,-7022.038818223571,-9015.25006458454
inferred_20260921_seed0,0,11ed1195aabfcd298bcaf379e7f064ad8010cd8ca67a057b647baa8bf9ef6e77,476,3,1,-7570.751118574585,-7315.379004981361
inferred_20260921_seed0,0,11ed1195aabfcd298bcaf379e7f064ad8010cd8ca67a057b647baa8bf9ef6e77,477,1,1,-22094.941629015146,-24031.58103476292
inferred_20260921_seed0,0,11ed1195aabfcd298bcaf379e7f064ad8010cd8ca67a057b647baa8bf9ef6e77,477,2,1,-10136.079226533486,-9082.31322535968
inferred_20260921_seed0,0,11ed1195aabfcd298bcaf379e7f064ad8010cd8ca67a057b647baa8bf9ef6e77,477,3,1,-7676.094178414595,-7238.8297741272045
inferred_20260921_seed0,0,11ed1195aabfcd298bcaf379e7f064ad8010cd8ca67a057b647baa8bf9ef6e77,478,1,1,-23946.3230047074,-23998.55639326601
inferred_20260921_seed0,0,11ed1195aabfcd298bcaf379e7f064ad8010cd8ca67a057b647baa8bf9ef6e77,478,2,1,-8533.598972497919,-9017.903699244704
inferred_20260921_seed0,0,11ed1195aabfcd298bcaf379e7f064ad8010cd8ca67a057b647baa8bf9ef6e77,478,3,1,-8620.395605380814,-7135.785130688754
inferred_20260921_seed0,0,11ed1195aabfcd298bcaf379e7f064ad8010cd8ca67a057b647baa8bf9ef6e77,479,1,1,-26179.82073531377,-24100.188240490508
inferred_20260921_seed0,0,11ed1195aabfcd298bcaf379e7f064ad8010cd8ca67a057b647baa8bf9ef6e77,479,2,1,-8569.85945161196,-8939.343843193532
inferred_20260921_seed0,0,11ed1195aabfcd298bcaf379e7f064ad8010cd8ca67a057b647baa8bf9ef6e77,479,3,1,-6867.156383130267,-7116.579363438479
inferred_20260921_seed0,0,11ed1195aabfcd298bcaf379e7f064ad8010cd8ca67a057b647baa8bf9ef6e77,480,1,1,-21812.196647937853,-23979.528913973994
inferred_20260921_seed0,0,11ed1195aabfcd298bcaf379e7f064ad8010cd8ca67a057b647baa8bf9ef6e77,480,2,1,-8548.2329801879,-8940.347548724658
inferred_20260921_seed0,0,11ed1195aabfcd298bcaf379e7f064ad8010cd8ca67a057b647baa8bf9ef6e77,480,3,1,-6299.73938454288,-7089.84664522676
inferred_20260921_seed0,0,11ed1195aabfcd298bcaf379e7f064ad8010cd8ca67a057b647baa8bf9ef6e77,481,1,1,-24606.16714763695,-23914.98991013274
inferred_20260921_seed0,0,11ed1195aabfcd298bcaf379e7f064ad8010cd8ca67a057b647baa8bf9ef6e77,481,2,1,-9098.066027471974,-8986.281973776708
inferred_20260921_seed0,0,11ed1195aabfcd298bcaf379e7f064ad8010cd8ca67a057b647baa8bf9ef6e77,481,3,1,-8474.331714468004,-7199.727722993175
inferred_20260921_seed0,0,11ed1195aabfcd298bcaf379e7f064ad8010cd8ca67a057b647baa8bf9ef6e77,482,1,1,-22990.57934293873,-23940.73353414963
inferred_20260921_seed0,0,11ed1195aabfcd298bcaf379e7f064ad8010cd8ca67a057b647baa8bf9ef6e77,482,2,1,-7945.84978435242,-8974.206381093978
inferred_20260921_seed0,0,11ed1195aabfcd298bcaf379e7f064ad8010cd8ca67a057b647baa8bf9ef6e77,482,3,1,-7204.531854731686,-7164.311972537211
inferred_20260921_seed0,0,11ed1195aabfcd298bcaf379e7f064ad8010cd8ca67a057b647baa8bf9ef6e77,483,1,1,-25365.098462766444,-23963.940936261388
inferred_20260921_seed0,0,11ed1195aabfcd298bcaf379e7f064ad8010cd8ca67a057b647baa8bf9ef6e77,483,2,1,-11887.851378810745,-9067.757685783423
inferred_20260921_seed0,0,11ed1195aabfcd298bcaf379e7f064ad8010cd8ca67a057b647baa8bf9ef6e77,483,3,1,-7475.147266381523,-7217.565033964007
inferred_20260921_seed0,0,11ed1195aabfcd298bcaf379e7f064ad8010cd8ca67a057b647baa8bf9ef6e77,484,1,1,-22095.73898069749,-23905.389843281937
inferred_20260921_seed0,0,11ed1195aabfcd298bcaf379e7f064ad8010cd8ca67a057b647baa8bf9ef6e77,484,2,1,-10874.63514254806,-9093.143932102104
inferred_20260921_seed0,0,11ed1195aabfcd298bcaf379e7f064ad8010cd8ca67a057b647baa8bf9ef6e77,484,3,1,-7366.548312267487,-7193.655311929676
inferred_20260921_seed0,0,11ed1195aabfcd298bcaf379e7f064ad8010cd8ca67a057b647baa8bf9ef6e77,485,1,1,-22939.117897326025,-23846.049843109347
inferred_20260921_seed0,0,11ed1195aabfcd298bcaf379e7f064ad8010cd8ca67a057b647baa8bf9ef6e77,485,2,1,-9844.547355094226,-9107.926784299894
inferred_20260921_seed0,0,11ed1195aabfcd298bcaf379e7f064ad8010cd8ca67a057b647baa8bf9ef6e77,485,3,1,-7956.377654473042,-7212.425780033353
inferred_20260921_seed0,0,11ed1195aabfcd298bcaf379e7f064ad8010cd8ca67a057b647baa8bf9ef6e77,486,1,1,-22529.971828897764,-23704.932448999913
inferred_20260921_seed0,0,11ed1195aabfcd298bcaf379e7f064ad8010cd8ca67a057b647baa8bf9ef6e77,486,2,1,-10361.541791339168,-9240.541297533551
inferred_20260921_seed0,0,11ed1195aabfcd298bcaf379e7f064ad8010cd8ca67a057b647baa8bf9ef6e77,486,3,1,-8264.334585035871,-7283.620667056506
inferred_20260921_seed0,0,11ed1195aabfcd298bcaf379e7f064ad8010cd8ca67a057b647baa8bf9ef6e77,487,1,1,-22859.282572599208,-23638.50365886067
inferred_20260921_seed0,0,11ed1195aabfcd298bcaf379e7f064ad8010cd8ca67a057b647baa8bf9ef6e77,487,2,1,-8863.669755878494,-9217.350082814537
inferred_20260921_seed0,0,11ed1195aabfcd298bcaf379e7f064ad8010cd8ca67a057b647baa8bf9ef6e77,487,3,1,-6826.281999517236,-7292.114230693472
inferred_20260921_seed0,0,11ed1195aabfcd298bcaf379e7f064ad8010cd8ca67a057b647baa8bf9ef6e77,488,1,1,-24040.595759596177,-23586.078420467577
inferred_20260921_seed0,0,11ed1195aabfcd298bcaf379e7f064ad8010cd8ca67a057b647baa8bf9ef6e77,488,2,1,-10809.31029330514,-9316.419725632331
inferred_20260921_seed0,0,11ed1195aabfcd298bcaf379e7f064ad8010cd8ca67a057b647baa8bf9ef6e77,488,3,1,-5790.869164548849,-7266.90592234455
inferred_20260921_seed0,0,11ed1195aabfcd298bcaf379e7f064ad8010cd8ca67a057b647baa8bf9ef6e77,489,1,1,-22907.75064188927,-23619.264784532254
inferred_20260921_seed0,0,11ed1195aabfcd298bcaf379e7f064ad8010cd8ca67a057b647baa8bf9ef6e77,489,2,1,-9028.34077384973,-9264.64077828154
inferred_20260921_seed0,0,11ed1195aabfcd298bcaf379e7f064ad8010cd8ca67a057b647baa8bf9ef6e77,489,3,1,-6399.40554189764,-7246.394455835398
inferred_20260921_seed0,0,11ed1195aabfcd298bcaf379e7f064ad8010cd8ca67a057b647baa8bf9ef6e77,490,1,1,-23793.967526932225,-23637.98764524734
inferred_20260921_seed0,0,11ed1195aabfcd298bcaf379e7f064ad8010cd8ca67a057b647baa8bf9ef6e77,490,2,1,-10193.91718628982,-9329.186577713745
inferred_20260921_seed0,0,11ed1195aabfcd298bcaf379e7f064ad8010cd8ca67a057b647baa8bf9ef6e77,490,3,1,-7051.234723564659,-7239.204231721194
inferred_20260921_seed0,0,11ed1195aabfcd298bcaf379e7f064ad8010cd8ca67a057b647baa8bf9ef6e77,491,1,1,-23827.6006031184,-23655.15956503778
inferred_20260921_seed0,0,11ed1195aabfcd298bcaf379e7f064ad8010cd8ca67a057b647baa8bf9ef6e77,491,2,1,-9220.0710087666,-9366.822189073002
inferred_20260921_seed0,0,11ed1195aabfcd298bcaf379e7f064ad8010cd8ca67a057b647baa8bf9ef6e77,491,3,1,-8712.763160601698,-7269.84139963261
inferred_20260921_seed0,0,11ed1195aabfcd298bcaf379e7f064ad8010cd8ca67a057b647baa8bf9ef6e77,492,1,1,-23130.88474641624,-23570.587839228047
inferred_20260921_seed0,0,11ed1195aabfcd298bcaf379e7f064ad8010cd8ca67a057b647baa8bf9ef6e77,492,2,1,-7912.69453808634,-9316.055980017196
inferred_20260921_seed0,0,11ed1195aabfcd298bcaf379e7f064ad8010cd8ca67a057b647baa8bf9ef6e77,492,3,1,-7520.800763520856,-7334.929600056305
inferred_20260921_seed0,0,11ed1195aabfcd298bcaf379e7f064ad8010cd8ca67a057b647baa8bf9ef6e77,493,1,1,-23152.91628667261,-23470.460943696376
inferred_20260921_seed0,0,11ed1195aabfcd298bcaf379e7f064ad8010cd8ca67a057b647baa8bf9ef6e77,493,2,1,-10099.763024897524,-9368.633239912957
inferred_20260921_seed0,0,11ed1195aabfcd298bcaf379e7f064ad8010cd8ca67a057b647baa8bf9ef6e77,493,3,1,-7509.660162597611,-7319.013697212786
inferred_20260921_seed0,0,11ed1195aabfcd298bcaf379e7f064ad8010cd8ca67a057b647baa8bf9ef6e77,494,1,1,-24507.117318961456,-23447.48175298848
inferred_20260921_seed0,0,11ed1195aabfcd298bcaf379e7f064ad8010cd8ca67a057b647baa8bf9ef6e77,494,2,1,-9025.82483451303,-9319.132156508938
inferred_20260921_seed0,0,11ed1195aabfcd298bcaf379e7f064ad8010cd8ca67a057b647baa8bf9ef6e77,494,3,1,-5605.132633995139,-7241.208629838561
inferred_20260921_seed0,0,11ed1195aabfcd298bcaf379e7f064ad8010cd8ca67a057b647baa8bf9ef6e77,495,1,1,-23694.822810858022,-23500.82962617127
inferred_20260921_seed0,0,11ed1195aabfcd298bcaf379e7f064ad8010cd8ca67a057b647baa8bf9ef6e77,495,2,1,-8698.176812313537,-9248.913257526054
inferred_20260921_seed0,0,11ed1195aabfcd298bcaf379e7f064ad8010cd8ca67a057b647baa8bf9ef6e77,495,3,1,-7884.968211005207,-7349.1820512886225
inferred_20260921_seed0,0,11ed1195aabfcd298bcaf379e7f064ad8010cd8ca67a057b647baa8bf9ef6e77,496,1,1,-24720.25150138453,-23539.34830404813
inferred_20260921_seed0,0,11ed1195aabfcd298bcaf379e7f064ad8010cd8ca67a057b647baa8bf9ef6e77,496,2,1,-10591.789262756754,-9341.417229416935
inferred_20260921_seed0,0,11ed1195aabfcd298bcaf379e7f064ad8010cd8ca67a057b647baa8bf9ef6e77,496,3,1,-7021.524745455992,-7273.558845486857
inferred_20260921_seed0,0,11ed1195aabfcd298bcaf379e7f064ad8010cd8ca67a057b647baa8bf9ef6e77,497,1,1,-21475.06785250047,-23478.8993603454
inferred_20260921_seed0,0,11ed1195aabfcd298bcaf379e7f064ad8010cd8ca67a057b647baa8bf9ef6e77,497,2,1,-8831.389468116628,-9363.500005726131
inferred_20260921_seed0,0,11ed1195aabfcd298bcaf379e7f064ad8010cd8ca67a057b647baa8bf9ef6e77,497,3,1,-5389.98780331855,-7232.993161503928
inferred_20260921_seed0,0,11ed1195aabfcd298bcaf379e7f064ad8010cd8ca67a057b647baa8bf9ef6e77,498,1,1,-21976.01749183665,-23443.8711531951
inferred_20260921_seed0,0,11ed1195aabfcd298bcaf379e7f064ad8010cd8ca67a057b647baa8bf9ef6e77,498,2,1,-10169.200216780717,-9355.341268302162
inferred_20260921_seed0,0,11ed1195aabfcd298bcaf379e7f064ad8010cd8ca67a057b647baa8bf9ef6e77,498,3,1,-6626.852199938625,-7210.729957644307
inferred_20260921_seed0,0,11ed1195aabfcd298bcaf379e7f064ad8010cd8ca67a057b647baa8bf9ef6e77,499,1,1,-24379.650960045383,-23469.375661189715
inferred_20260921_seed0,0,11ed1195aabfcd298bcaf379e7f064ad8010cd8ca67a057b647baa8bf9ef6e77,499,2,1,-8959.731869623714,-9391.422730078608
inferred_20260921_seed0,0,11ed1195aabfcd298bcaf379e7f064ad8010cd8ca67a057b647baa8bf9ef6e77,499,3,1,-6646.254393937028,-7242.0453794698105
inferred_20260921_seed0,0,11ed1195aabfcd298bcaf379e7f064ad8010cd8ca67a057b647baa8bf9ef6e77,500,1,1,-22761.71477746854,-23458.196490042
inferred_20260921_seed0,0,11ed1195aabfcd298bcaf379e7f064ad8010cd8ca67a057b647baa8bf9ef6e77,500,2,1,-7595.663157143441,-9312.873725239717
inferred_20260921_seed0,0,11ed1195aabfcd298bcaf379e7f064ad8010cd8ca67a057b647baa8bf9ef6e77,500,3,1,-8148.172403971826,-7236.3726386108665
inferred_20260921_seed0,0,11ed1195aabfcd298bcaf379e7f064ad8010cd8ca67a057b647baa8bf9ef6e77,501,1,2,-28167.80054598952,-28167.80054598952
inferred_20260921_seed0,0,11ed1195aabfcd298bcaf379e7f064ad8010cd8ca67a057b647baa8bf9ef6e77,501,2,2,-8191.104594967004,-8191.104594967004
inferred_20260921_seed0,0,11ed1195aabfcd298bcaf379e7f064ad8010cd8ca67a057b647baa8bf9ef6e77,501,3,2,-7795.573341427625,-7795.573341427625
inferred_20260921_seed0,0,11ed1195aabfcd298bcaf379e7f064ad8010cd8ca67a057b647baa8bf9ef6e77,502,1,2,-28259.541087203004,-28213.670816596263
inferred_20260921_seed0,0,11ed1195aabfcd298bcaf379e7f064ad8010cd8ca67a057b647baa8bf9ef6e77,502,2,2,-11119.233291387902,-9655.168943177454
inferred_20260921_seed0,0,11ed1195aabfcd298bcaf379e7f064ad8010cd8ca67a057b647baa8bf9ef6e77,502,3,2,-5477.600263037648,-6636.586802232636
inferred_20260921_seed0,0,11ed1195aabfcd298bcaf379e7f064ad8010cd8ca67a057b647baa8bf9ef6e77,503,1,2,-29841.293971129344,-28756.21186810729
inferred_20260921_seed0,0,11ed1195aabfcd298bcaf379e7f064ad8010cd8ca67a057b647baa8bf9ef6e77,503,2,2,-11108.635301660985,-10139.65772933863
inferred_20260921_seed0,0,11ed1195aabfcd298bcaf379e7f064ad8010cd8ca67a057b647baa8bf9ef6e77,503,3,2,-5402.858384704288,-6225.343996389854
inferred_20260921_seed0,0,11ed1195aabfcd298bcaf379e7f064ad8010cd8ca67a057b647baa8bf9ef6e77,504,1,2,-28012.646885786795,-28570.320622527164
inferred_20260921_seed0,0,11ed1195aabfcd298bcaf379e7f064ad8010cd8ca67a057b647baa8bf9ef6e77,504,2,2,-9401.247546540792,-9955.055183639171
inferred_20260921_seed0,0,11ed1195aabfcd298bcaf379e7f064ad8010cd8ca67a057b647baa8bf9ef6e77,504,3,2,-6303.112071464367,-6244.786015158482
inferred_20260921_seed0,0,11ed1195aabfcd298bcaf379e7f064ad8010cd8ca67a057b647baa8bf9ef6e77,505,1,2,-28076.36219931546,-28471.52893788483
inferred_20260921_seed0,0,11ed1195aabfcd298bcaf379e7f064ad8010cd8ca67a057b647baa8bf9ef6e77,505,2,2,-11036.701930841553,-10171.384533079647
inferred_20260921_seed0,0,11ed1195aabfcd298bcaf379e7f064ad8010cd8ca67a057b647baa8bf9ef6e77,505,3,2,-5492.33520322425,-6094.2958527716355
inferred_20260921_seed0,0,11ed1195aabfcd298bcaf379e7f064ad8010cd8ca67a057b647baa8bf9ef6e77,506,1,2,-28920.51862182402,-28546.36055187469
inferred_20260921_seed0,0,11ed1195aabfcd298bcaf379e7f064ad8010cd8ca67a057b647baa8bf9ef6e77,506,2,2,-9798.93091466542,-10109.30893001061
inferred_20260921_seed0,0,11ed1195aabfcd298bcaf379e7f064ad8010cd8ca67a057b647baa8bf9ef6e77,506,3,2,-5568.214232523367,-6006.615582730257
inferred_20260921_seed0,0,11ed1195aabfcd298bcaf379e7f064ad8010cd8ca67a057b647baa8bf9ef6e77,507,1,2,-27579.984744834976,-28408.306865154733
inferred_20260921_seed0,0,11ed1195aabfcd298bcaf379e7f064ad8010cd8ca67a057b647baa8bf9ef6e77,507,2,2,-10337.32828239507,-10141.88312320839
inferred_20260921_seed0,0,11ed1195aabfcd298bcaf379e7f064ad8010cd8ca67a057b647baa8bf9ef6e77,507,3,2,-6483.428801418591,-6074.731756828592
inferred_20260921_seed0,0,11ed1195aabfcd298bcaf379e7f064ad8010cd8ca67a057b647baa8bf9ef6e77,508,1,2,-31422.36383890381,-28785.063986873367
inferred_20260921_seed0,0,11ed1195aabfcd298bcaf379e7f064ad8010cd8ca67a057b647baa8bf9ef6e77,508,2,2,-11302.393069377342,-10286.946866479508
inferred_20260921_seed0,0,11ed1195aabfcd298bcaf379e7f064ad8010cd8ca67a057b647baa8bf9ef6e77,508,3,2,-6370.869917333341,-6111.7490268916845
inferred_20260921_seed0,0,11ed1195aabfcd298bcaf379e7f064ad8010cd8ca67a057b647baa8bf9ef6e77,509,1,2,-29988.80437819076,-28918.812919241966
inferred_20260921_seed0,0,11ed1195aabfcd298bcaf379e7f064ad8010cd8ca67a057b647baa8bf9ef6e77,509,2,2,-11118.31152170283,-10379.320717059878
inferred_20260921_seed0,0,11ed1195aabfcd298bcaf379e7f064ad8010cd8ca67a057b647baa8bf9ef6e77,509,3,2,-8884.535534578798,-6419.836416634697
inferred_20260921_seed0,0,11ed1195aabfcd298bcaf379e7f064ad8010cd8ca67a057b647baa8bf9ef6e77,510,1,2,-28412.77079205733,-28868.208706523503
inferred_20260921_seed0,0,11ed1195aabfcd298bcaf379e7f064ad8010cd8ca67a057b647baa8bf9ef6e77,510,2,2,-12877.997240576038,-10629.188369411493
inferred_20260921_seed0,0,11ed1195aabfcd298bcaf379e7f064ad8010cd8ca67a057b647baa8bf9ef6e77,510,3,2,-9297.497502764509,-6707.602525247678
inferred_20260921_seed0,0,11ed1195aabfcd298bcaf379e7f064ad8010cd8ca67a057b647baa8bf9ef6e77,511,1,2,-29061.846880464615,-28885.812176881787
inferred_20260921_seed0,0,11ed1195aabfcd298bcaf379e7f064ad8010cd8ca67a057b647baa8bf9ef6e77,511,2,2,-11594.201244555685,-10716.91681260642
inferred_20260921_seed0,0,11ed1195aabfcd298bcaf379e7f064ad8010cd8ca67a057b647baa8bf9ef6e77,511,3,2,-6171.537165072326,-6658.869310686283
inferred_20260921_seed0,0,11ed1195aabfcd298bcaf379e7f064ad8010cd8ca67a057b647baa8bf9ef6e77,512,1,2,-26314.763594845237,-28671.558128378736
inferred_20260921_seed0,0,11ed1195aabfcd298bcaf379e7f064ad8010cd8ca67a057b647baa8bf9ef6e77,512,2,2,-11934.02120056072,-10818.342178269279
inferred_20260921_seed0,0,11ed1195aabfcd298bcaf379e7f064ad8010cd8ca67a057b647baa8bf9ef6e77,512,3,2,-4293.867535871745,-6461.785829451738
inferred_20260921_seed0,0,11ed1195aabfcd298bcaf379e7f064ad8010cd8ca67a057b647baa8bf9ef6e77,513,1,2,-26718.421550600156,-28521.316853165004
inferred_20260921_seed0,0,11ed1195aabfcd298bcaf379e7f064ad8010cd8ca67a057b647baa8bf9ef6e77,513,2,2,-10084.546518189914,-10761.896358263173
inferred_20260921_seed0,0,11ed1195aabfcd298bcaf379e7f064ad8010cd8ca67a057b647baa8bf9ef6e77,513,3,2,-6257.274633623269,-6446.054199003394
inferred_20260921_seed0,0,11ed1195aabfcd298bcaf379e7f064ad8010cd8ca67a057b647baa8bf9ef6e77,514,1,2,-26197.511363745205,-28355.330746777876
inferred_20260921_seed0,0,11ed1195aabfcd298bcaf379e7f064ad8010cd8ca67a057b647baa8bf9ef6e77,514,2,2,-12416.622698481428,-10880.09109685019
inferred_20260921_seed0,0,11ed1195aabfcd298bcaf379e7f064ad8010cd8ca67a057b647baa8bf9ef6e77,514,3,2,-6120.399891882022,-6422.7931770661535
inferred_20260921_seed0,0,11ed1195aabfcd298bcaf379e7f064ad8010cd8ca67a057b647baa8bf9ef6e77,515,1,2,-30075.47649447255,-28470.007129957517
inferred_20260921_seed0,0,11ed1195aabfcd298bcaf379e7f064ad8010cd8ca67a057b647baa8bf9ef6e77,515,2,2,-12198.424900305265,-10967.98001708053
inferred_20260921_seed0,0,11ed1195aabfcd298bcaf379e7f064ad8010cd8ca67a057b647baa8bf9ef6e77,515,3,2,-7491.233930485443,-6494.022560627439
inferred_20260921_seed0,0,11ed1195aabfcd298bcaf379e7f064ad8010cd8ca67a057b647baa8bf9ef6e77,516,1,2,-30424.89965880474,-28592.18791301047
inferred_20260921_seed0,0,11ed1195aabfcd298bcaf379e7f064ad8010cd8ca67a057b647baa8bf9ef6e77,516,2,2,-7807.512961471404,-10770.45082610496
inferred_20260921_seed0,0,11ed1195aabfcd298bcaf379e7f064ad8010cd8ca67a057b647baa8bf9ef6e77,516,3,2,-7543.92179899298,-6559.641263025285
inferred_20260921_seed0,0,11ed1195aabfcd298bcaf379e7f064ad8010cd8ca67a057b647baa8bf9ef6e77,517,1,2,-28654.22533416269,-28595.837173078246
inferred_20260921_seed0,0,11ed1195aabfcd298bcaf379e7f064ad8010cd8ca67a057b647baa8bf9ef6e77,517,2,2,-8336.940629092642,-10627.303167457176
inferred_20260921_seed0,0,11ed1195aabfcd298bcaf379e7f064ad8010cd8ca67a057b647baa8bf9ef6e77,517,3,2,-5505.60987079709,-6497.639416423627
inferred_20260921_seed0,0,11ed1195aabfcd298bcaf379e7f064ad8010cd8ca67a057b647baa8bf9ef6e77,518,1,2,-28252.685535146684,-28576.77319319316
inferred_20260921_seed0,0,11ed1195aabfcd298bcaf379e7f064ad8010cd8ca67a057b647baa8bf9ef6e77,518,2,2,-10182.147179596952,-10602.572279242719
inferred_20260921_seed0,0,11ed1195aabfcd298bcaf379e7f064ad8010cd8ca67a057b647baa8bf9ef6e77,518,3,2,-6160.305117786044,-6478.898622054872
inferred_20260921_seed0,0,11ed1195aabfcd298bcaf379e7f064ad8010cd8ca67a057b647baa8bf9ef6e77,519,1,2,-27456.08868338835,-28517.78979794028
inferred_20260921_seed0,0,11ed1195aabfcd298bcaf379e7f064ad8010cd8ca67a057b647baa8bf9ef6e77,519,2,2,-10966.26181725434,-10621.71383387491
inferred_20260921_seed0,0,11ed1195aabfcd298bcaf379e7f064ad8010cd8ca67a057b647baa8bf9ef6e77,519,3,2,-6156.624020230931,-6461.936800906244
inferred_20260921_seed0,0,11ed1195aabfcd298bcaf379e7f064ad8010cd8ca67a057b647baa8bf9ef6e77,520,1,2,-27589.685508412476,-28471.384583463885
inferred_20260921_seed0,0,11ed1195aabfcd298bcaf379e7f064ad8010cd8ca67a057b647baa8bf9ef6e77,520,2,2,-10893.892946239272,-10635.322789493128
inferred_20260921_seed0,0,11ed1195aabfcd298bcaf379e7f064ad8010cd8ca67a057b647baa8bf9ef6e77,520,3,2,-6801.636785892507,-6478.921800155557
inferred_20260921_seed0,0,11ed1195aabfcd298bcaf379e7f064ad8010cd8ca67a057b647baa8bf9ef6e77,521,1,2,-31792.504427515,-28629.533147466318
inferred_20260921_seed0,0,11ed1195aabfcd298bcaf379e7f064ad8010cd8ca67a057b647baa8bf9ef6e77,521,2,2,-11159.581128042522,-10660.287472281194
inferred_20260921_seed0,0,11ed1195aabfcd298bcaf379e7f064ad8010cd8ca67a057b647baa8bf9ef6e77,521,3,2,-7076.403644159218,-6507.373316536684
inferred_20260921_seed0,0,11ed1195aabfcd298bcaf379e7f064ad8010cd8ca67a057b647baa8bf9ef6e77,522,1,2,-28632.530545500027,-28629.669392831485
inferred_20260921_seed0,0,11ed1195aabfcd298bcaf379e7f064ad8010cd8ca67a057b647baa8bf9ef6e77,522,2,2,-11329.56584357186,-10690.70921643077
inferred_20260921_seed0,0,11ed1195aabfcd298bcaf379e7f064ad8010cd8ca67a057b647baa8bf9ef6e77,522,3,2,-8730.1629804655,-6608.4092103516305
inferred_20260921_seed0,0,11ed1195aabfcd298bcaf379e7f064ad8010cd8ca67a057b647baa8bf9ef6e77,523,1,2,-31398.058340172003,-28750.034129672382
inferred_20260921_seed0,0,11ed1195aabfcd298bcaf379e7f064ad8010cd8ca67a057b647baa8bf9ef6e77,523,2,2,-10922.897359233288,-10700.804353074358
inferred_20260921_seed0,0,11ed1195aabfcd298bcaf379e7f064ad8010cd8ca67a057b647baa8bf9ef6e77,523,3,2,-6241.204236811647,-6592.443776719457
inferred_20260921_seed0,0,11ed1195aabfcd298bcaf379e7f064ad8010cd8ca67a057b647baa8bf9ef6e77,524,1,2,-27881.90575885693,-28713.862114221734
inferred_20260921_seed0,0,11ed1195aabfcd298bcaf379e7f064ad8010cd8ca67a057b647baa8bf9ef6e77,524,2,2,-11628.776797820115,-10739.469871605432
inferred_20260921_seed0,0,11ed1195aabfcd298bcaf379e7f064ad8010cd8ca67a057b647baa8bf9ef6e77,524,3,2,-7073.050857145271,-6612.4690717372
inferred_20260921_seed0,0,11ed1195aabfcd298bcaf379e7f064ad8010cd8ca67a057b647baa8bf9ef6e77,525,1,2,-25768.576384071373,-28596.05068501572
inferred_20260921_seed0,0,11ed1195aabfcd298bcaf379e7f064ad8010cd8ca67a057b647baa8bf9ef6e77,525,2,2,-10259.07466778306,-10720.254063452536
inferred_20260921_seed0,0,11ed1195aabfcd298bcaf379e7f064ad8010cd8ca67a057b647baa8bf9ef6e77,525,3,2,-7606.430629756736,-6652.22753405798
inferred_20260921_seed0,0,11ed1195aabfcd298bcaf379e7f064ad8010cd8ca67a057b647baa8bf9ef6e77,526,1,2,-27513.4287845641,-28569.875814558705
inferred_20260921_seed0,0,11ed1195aabfcd298bcaf379e7f064ad8010cd8ca67a057b647baa8bf9ef6e77,526,2,2,-11697.3695868407,-10860.504663127484
inferred_20260921_seed0,0,11ed1195aabfcd298bcaf379e7f064ad8010cd8ca67a057b647baa8bf9ef6e77,526,3,2,-8224.171668484283,-6669.371467140247
inferred_20260921_seed0,0,11ed1195aabfcd298bcaf379e7f064ad8010cd8ca67a057b647baa8bf9ef6e77,527,1,2,-30103.198432557205,-28643.622108372874
inferred_20260921_seed0,0,11ed1195aabfcd298bcaf379e7f064ad8010cd8ca67a057b647baa8bf9ef6e77,527,2,2,-11242.891367693614,-10865.450986179712
inferred_20260921_seed0,0,11ed1195aabfcd298bcaf379e7f064ad8010cd8ca67a057b647baa8bf9ef6e77,527,3,2,-7631.766326790163,-6755.5381096903475
inferred_20260921_seed0,0,11ed1195aabfcd298bcaf379e7f064ad8010cd8ca67a057b647baa8bf9ef6e77,528,1,2,-28623.328732688533,-28594.903498835243
inferred_20260921_seed0,0,11ed1195aabfcd298bcaf379e7f064ad8010cd8ca67a057b647baa8bf9ef6e77,528,2,2,-12040.181099798105,-10902.712818105198
inferred_20260921_seed0,0,11ed1195aabfcd298bcaf379e7f064ad8010cd8ca67a057b647baa8bf9ef6e77,528,3,2,-5838.128725219555,-6772.948923310958
inferred_20260921_seed0,0,11ed1195aabfcd298bcaf379e7f064ad8010cd8ca67a057b647baa8bf9ef6e77,529,1,2,-30869.404861222585,-28709.173817852676
inferred_20260921_seed0,0,11ed1195aabfcd298bcaf379e7f064ad8010cd8ca67a057b647baa8bf9ef6e77,529,2,2,-9984.204502416487,-10926.031096340224
inferred_20260921_seed0,0,11ed1195aabfcd298bcaf379e7f064ad8010cd8ca67a057b647baa8bf9ef6e77,529,3,2,-8452.451542277016,-6858.922502143465
inferred_20260921_seed0,0,11ed1195aabfcd298bcaf379e7f064ad8010cd8ca67a057b647baa8bf9ef6e77,530,1,2,-30715.92839500825,-28814.756465680384
inferred_20260921_seed0,0,11ed1195aabfcd298bcaf379e7f064ad8010cd8ca67a057b647baa8bf9ef6e77,530,2,2,-10500.313059606751,-10904.575541490833
inferred_20260921_seed0,0,11ed1195aabfcd298bcaf379e7f064ad8010cd8ca67a057b647baa8bf9ef6e77,530,3,2,-6643.226795377082,-6904.958165829577
inferred_20260921_seed0,0,11ed1195aabfcd298bcaf379e7f064ad8010cd8ca67a057b647baa8bf9ef6e77,531,1,2,-27953.916486319067,-28776.092380260183
inferred_20260921_seed0,0,11ed1195aabfcd298bcaf379e7f064ad8010cd8ca67a057b647baa8bf9ef6e77,531,2,2,-10493.58102022026,-10932.361545713027
inferred_20260921_seed0,0,11ed1195aabfcd298bcaf379e7f064ad8010cd8ca67a057b647baa8bf9ef6e77,531,3,2,-8126.396413317143,-7007.285453061329
inferred_20260921_seed0,0,11ed1195aabfcd298bcaf379e7f064ad8010cd8ca67a057b647baa8bf9ef6e77,532,1,2,-30165.01723651925,-28879.493679927557
inferred_20260921_seed0,0,11ed1195aabfcd298bcaf379e7f064ad8010cd8ca67a057b647baa8bf9ef6e77,532,2,2,-11894.624736424184,-10994.65340387419
inferred_20260921_seed0,0,11ed1195aabfcd298bcaf379e7f064ad8010cd8ca67a057b647baa8bf9ef6e77,532,3,2,-7634.306951998573,-7053.320579084527
inferred_20260921_seed0,0,11ed1195aabfcd298bcaf379e7f064ad8010cd8ca67a057b647baa8bf9ef6e77,533,1,2,-29489.883591749232,-28802.19447004137
inferred_20260921_seed0,0,11ed1195aabfcd298bcaf379e7f064ad8010cd8ca67a057b647baa8bf9ef6e77,533,2,2,-11187.429198837686,-10990.054849052603
inferred_20260921_seed0,0,11ed1195aabfcd298bcaf379e7f064ad8010cd8ca67a057b647baa8bf9ef6e77,533,3,2,-8153.94128508804,-7124.643433794716
inferred_20260921_seed0,0,11ed1195aabfcd298bcaf379e7f064ad8010cd8ca67a057b647baa8bf9ef6e77,534,1,2,-29557.78077572176,-28784.953525942612
inferred_20260921_seed0,0,11ed1195aabfcd298bcaf379e7f064ad8010cd8ca67a057b647baa8bf9ef6e77,534,2,2,-11269.662616523095,-10996.108892845416
inferred_20260921_seed0,0,11ed1195aabfcd298bcaf379e7f064ad8010cd8ca67a057b647baa8bf9ef6e77,534,3,2,-8510.449712753776,-7109.680000921714
inferred_20260921_seed0,0,11ed1195aabfcd298bcaf379e7f064ad8010cd8ca67a057b647baa8bf9ef6e77,535,1,2,-29501.84505556464,-28828.516496482905
inferred_20260921_seed0,0,11ed1195aabfcd298bcaf379e7f064ad8010cd8ca67a057b647baa8bf9ef6e77,535,2,2,-12628.754231397474,-10986.139172478272
inferred_20260921_seed0,0,11ed1195aabfcd298bcaf379e7f064ad8010cd8ca67a057b647baa8bf9ef6e77,535,3,2,-7990.60131812032,-7057.404153535948
inferred_20260921_seed0,0,11ed1195aabfcd298bcaf379e7f064ad8010cd8ca67a057b647baa8bf9ef6e77,536,1,2,-27838.266038055503,-28779.573262786544
inferred_20260921_seed0,0,11ed1195aabfcd298bcaf379e7f064ad8010cd8ca67a057b647baa8bf9ef6e77,536,2,2,-8783.87236189202,-10873.726017171726
inferred_20260921_seed0,0,11ed1195aabfcd298bcaf379e7f064ad8010cd8ca67a057b647baa8bf9ef6e77,536,3,2,-6958.300754755203,-7088.874697123262
inferred_20260921_seed0,0,11ed1195aabfcd298bcaf379e7f064ad8010cd8ca67a057b647baa8bf9ef6e77,537,1,2,-28312.7961640518,-28859.4945655548
inferred_20260921_seed0,0,11ed1195aabfcd298bcaf379e7f064ad8010cd8ca67a057b647baa8bf9ef6e77,537,2,2,-11701.36379961159,-10864.419721133763
inferred_20260921_seed0,0,11ed1195aabfcd298bcaf379e7f064ad8010cd8ca67a057b647baa8bf9ef6e77,537,3,2,-7092.017983214259,-7200.800715016962
inferred_20260921_seed0,0,11ed1195aabfcd298bcaf379e7f064ad8010cd8ca67a057b647baa8bf9ef6e77,538,1,2,-28109.28448648048,-28915.129082990017
inferred_20260921_seed0,0,11ed1195aabfcd298bcaf379e7f064ad8010cd8ca67a057b647baa8bf9ef6e77,538,2,2,-10966.822740671296,-10899.710770033016
inferred_20260921_seed0,0,11ed1195aabfcd298bcaf379e7f064ad8010cd8ca67a057b647baa8bf9ef6e77,538,3,2,-8050.531181212207,-7272.5309769205205
inferred_20260921_seed0,0,11ed1195aabfcd298bcaf379e7f064ad8010cd8ca67a057b647baa8bf9ef6e77,539,1,2,-29180.6038019058,-29034.45278051644
inferred_20260921_seed0,0,11ed1195aabfcd298bcaf379e7f064ad8010cd8ca67a057b647baa8bf9ef6e77,539,2,2,-10599.346099178474,-10827.019706060899
inferred_20260921_seed0,0,11ed1195aabfcd298bcaf379e7f064ad8010cd8ca67a057b647baa8bf9ef6e77,539,3,2,-6613.624436739587,-7292.259958714823
inferred_20260921_seed0,0,11ed1195aabfcd298bcaf379e7f064ad8010cd8ca67a057b647baa8bf9ef6e77,540,1,2,-28616.80865852981,-28976.106067078734
inferred_20260921_seed0,0,11ed1195aabfcd298bcaf379e7f064ad8010cd8ca67a057b647baa8bf9ef6e77,540,2,2,-9678.985446651364,-10726.24212791474
inferred_20260921_seed0,0,11ed1195aabfcd298bcaf379e7f064ad8010cd8ca67a057b647baa8bf9ef6e77,540,3,2,-5343.616489234959,-7206.355261064804
inferred_20260921_seed0,0,11ed1195aabfcd298bcaf379e7f064ad8010cd8ca67a057b647baa8bf9ef6e77,541,1,2,-27395.24246974263,-28854.919779516244
inferred_20260921_seed0,0,11ed1195aabfcd298bcaf379e7f064ad8010cd8ca67a057b647baa8bf9ef6e77,541,2,2,-10429.883727658676,-10831.136958562234
inferred_20260921_seed0,0,11ed1195aabfcd298bcaf379e7f064ad8010cd8ca67a057b647baa8bf9ef6e77,541,3,2,-8288.605235107188,-7236.142598509372
inferred_20260921_seed0,0,11ed1195aabfcd298bcaf379e7f064ad8010cd8ca67a057b647baa8bf9ef6e77,542,1,2,-30043.51785072921,-28910.49148017891
inferred_20260921_seed0,0,11ed1195aabfcd298bcaf379e7f064ad8010cd8ca67a057b647baa8bf9ef6e77,542,2,2,-11453.98895362531,-10955.81889154354
inferred_20260921_seed0,0,11ed1195aabfcd298bcaf379e7f064ad8010cd8ca67a057b647baa8bf9ef6e77,542,3,2,-6712.710408038551,-7284.426619999031
inferred_20260921_seed0,0,11ed1195aabfcd298bcaf379e7f064ad8010cd8ca67a057b647baa8bf9ef6e77,543,1,2,-27621.86668954505,-28885.25872635484
inferred_20260921_seed0,0,11ed1195aabfcd298bcaf379e7f064ad8010cd8ca67a057b647baa8bf9ef6e77,543,2,2,-10930.071132684054,-10985.735849667024
inferred_20260921_seed0,0,11ed1195aabfcd298bcaf379e7f064ad8010cd8ca67a057b647baa8bf9ef6e77,543,3,2,-7147.526963223663,-7323.915493816536
inferred_20260921_seed0,0,11ed1195aabfcd298bcaf379e7f064ad8010cd8ca67a057b647baa8bf9ef6e77,544,1,2,-29452.20057851019,-28965.103202159717
inferred_20260921_seed0,0,11ed1195aabfcd298bcaf379e7f064ad8010cd8ca67a057b647baa8bf9ef6e77,544,2,2,-10127.759465108427,-10952.195755581188
inferred_20260921_seed0,0,11ed1195aabfcd298bcaf379e7f064ad8010cd8ca67a057b647baa8bf9ef6e77,544,3,2,-5873.759050497201,-7312.600895027186
inferred_20260921_seed0,0,11ed1195aabfcd298bcaf379e7f064ad8010cd8ca67a057b647baa8bf9ef6e77,545,1,2,-29047.92918743793,-29023.432949320733
inferred_20260921_seed0,0,11ed1195aabfcd298bcaf379e7f064ad8010cd8ca67a057b647baa8bf9ef6e77,545,2,2,-11028.674250513948,-10957.587007752176
inferred_20260921_seed0,0,11ed1195aabfcd298bcaf379e7f064ad8010cd8ca67a057b647baa8bf9ef6e77,545,3,2,-7442.535407404101,-7338.23683988765
inferred_20260921_seed0,0,11ed1195aabfcd298bcaf379e7f064ad8010cd8ca67a057b647baa8bf9ef6e77,546,1,2,-27758.86243333688,-28862.087269553613
inferred_20260921_seed0,0,11ed1195aabfcd298bcaf379e7f064ad8010cd8ca67a057b647baa8bf9ef6e77,546,2,2,-10848.926691415962,-10945.160830287112
inferred_20260921_seed0,0,11ed1195aabfcd298bcaf379e7f064ad8010cd8ca67a057b647baa8bf9ef6e77,546,3,2,-5881.238485210319,-7290.430233529693
inferred_20260921_seed0,0,11ed1195aabfcd298bcaf379e7f064ad8010cd8ca67a057b647baa8bf9ef6e77,547,1,2,-27930.530207487885,-28834.00725603313
inferred_20260921_seed0,0,11ed1195aabfcd298bcaf379e7f064ad8010cd8ca67a057b647baa8bf9ef6e77,547,2,2,-10065.31879195252,-10894.590948222338
inferred_20260921_seed0,0,11ed1195aabfcd298bcaf379e7f064ad8010cd8ca67a057b647baa8bf9ef6e77,547,3,2,-7913.208264712304,-7257.752044899565
inferred_20260921_seed0,0,11ed1195aabfcd298bcaf379e7f064ad8010cd8ca67a057b647baa8bf9ef6e77,548,1,2,-26447.02960178997,-28635.966106497843
inferred_20260921_seed0,0,11ed1195aabfcd298bcaf379e7f064ad8010cd8ca67a057b647baa8bf9ef6e77,548,2,2,-8896.950789024768,-10813.553085413996
inferred_20260921_seed0,0,11ed1195aabfcd298bcaf379e7f064ad8010cd8ca67a057b647baa8bf9ef6e77,548,3,2,-8216.131707177092,-7336.749143714183
inferred_20260921_seed0,0,11ed1195aabfcd298bcaf379e7f064ad8010cd8ca67a057b647baa8bf9ef6e77,549,1,2,-26458.667358811213,-28579.036570496013
inferred_20260921_seed0,0,11ed1195aabfcd298bcaf379e7f064ad8010cd8ca67a057b647baa8bf9ef6e77,549,2,2,-11040.608038235692,-10790.02633503062
inferred_20260921_seed0,0,11ed1195aabfcd298bcaf379e7f064ad8010cd8ca67a057b647baa8bf9ef6e77,549,3,2,-7157.048981971477,-7340.109068707231
inferred_20260921_seed0,0,11ed1195aabfcd298bcaf379e7f064ad8010cd8ca67a057b647baa8bf9ef6e77,550,1,2,-27044.39164439524,-28630.069180908973
inferred_20260921_seed0,0,11ed1195aabfcd298bcaf379e7f064ad8010cd8ca67a057b647baa8bf9ef6e77,550,2,2,-10552.528452320035,-10801.764486412101
inferred_20260921_seed0,0,11ed1195aabfcd298bcaf379e7f064ad8010cd8ca67a057b647baa8bf9ef6e77,550,3,2,-5837.646287281603,-7269.357695008228
inferred_20260921_seed0,0,11ed1195aabfcd298bcaf379e7f064ad8010cd8ca67a057b647baa8bf9ef6e77,551,1,2,-28830.3792283474,-28682.747198660298
inferred_20260921_seed0,0,11ed1195aabfcd298bcaf379e7f064ad8010cd8ca67a057b647baa8bf9ef6e77,551,2,2,-9825.063362563882,-10726.872237441028
inferred_20260921_seed0,0,11ed1195aabfcd298bcaf379e7f064ad8010cd8ca67a057b647baa8bf9ef6e77,551,3,2,-8288.863462137131,-7271.945366754341
inferred_20260921_seed0,0,11ed1195aabfcd298bcaf379e7f064ad8010cd8ca67a057b647baa8bf9ef6e77,552,1,2,-27664.03165776097,-28585.18052766845
inferred_20260921_seed0,0,11ed1195aabfcd298bcaf379e7f064ad8010cd8ca67a057b647baa8bf9ef6e77,552,2,2,-10791.978683423147,-10708.835730070208
inferred_20260921_seed0,0,11ed1195aabfcd298bcaf379e7f064ad8010cd8ca67a057b647baa8bf9ef6e77,552,3,2,-6016.351317931938,-7207.328766400011
inferred_20260921_seed0,0,11ed1195aabfcd298bcaf379e7f064ad8010cd8ca67a057b647baa8bf9ef6e77,553,1,2,-26269.67612807473,-28491.0344234839
inferred_20260921_seed0,0,11ed1195aabfcd298bcaf379e7f064ad8010cd8ca67a057b647baa8bf9ef6e77,553,2,2,-10237.055124880537,-10636.710691073504
inferred_20260921_seed0,0,11ed1195aabfcd298bcaf379e7f064ad8010cd8ca67a057b647baa8bf9ef6e77,553,3,2,-6719.783895482665,-7242.594973210536
inferred_20260921_seed0,0,11ed1195aabfcd298bcaf379e7f064ad8010cd8ca67a057b647baa8bf9ef6e77,554,1,2,-25852.518243991468,-28290.35895879465
inferred_20260921_seed0,0,11ed1195aabfcd298bcaf379e7f064ad8010cd8ca67a057b647baa8bf9ef6e77,554,2,2,-9699.294685391707,-10625.314298392514
inferred_20260921_seed0,0,11ed1195aabfcd298bcaf379e7f064ad8010cd8ca67a057b647baa8bf9ef6e77,554,3,2,-5996.680889761112,-7144.3641471099
inferred_20260921_seed0,0,11ed1195aabfcd298bcaf379e7f064ad8010cd8ca67a057b647baa8bf9ef6e77,555,1,2,-28833.99975287453,-28215.081813109307
inferred_20260921_seed0,0,11ed1195aabfcd298bcaf379e7f064ad8010cd8ca67a057b647baa8bf9ef6e77,555,2,2,-11788.497365753386,-10676.841670638381
inferred_20260921_seed0,0,11ed1195aabfcd298bcaf379e7f064ad8010cd8ca67a057b647baa8bf9ef6e77,555,3,2,-6744.382674828852,-7148.410382287971
inferred_20260921_seed0,0,11ed1195aabfcd298bcaf379e7f064ad8010cd8ca67a057b647baa8bf9ef6e77,556,1,2,-28459.0828614214,-28235.288468113402
inferred_20260921_seed0,0,11ed1195aabfcd298bcaf379e7f064ad8010cd8ca67a057b647baa8bf9ef6e77,556,2,2,-11239.554091879558,-10706.680593504752
inferred_20260921_seed0,0,11ed1195aabfcd298bcaf379e7f064ad8010cd8ca67a057b647baa8bf9ef6e77,556,3,2,-6569.335203318954,-7086.127933888043
inferred_20260921_seed0,0,11ed1195aabfcd298bcaf379e7f064ad8010cd8ca67a057b647baa8bf9ef6e77,557,1,2,-28836.791704794294,-28182.159446844402
inferred_20260921_seed0,0,11ed1195aabfcd298bcaf379e7f064ad8010cd8ca67a057b647baa8bf9ef6e77,557,2,2,-10603.948880868757,-10655.053559282534
inferred_20260921_seed0,0,11ed1195aabfcd298bcaf379e7f064ad8010cd8ca67a057b647baa8bf9ef6e77,557,3,2,-6359.993995666509,-7035.155415634761
inferred_20260921_seed0,0,11ed1195aabfcd298bcaf379e7f064ad8010cd8ca67a057b647baa8bf9ef6e77,558,1,2,-26464.765912703697,-28061.15473968258
inferred_20260921_seed0,0,11ed1195aabfcd298bcaf379e7f064ad8010cd8ca67a057b647baa8bf9ef6e77,558,2,2,-11814.969146447114,-10680.155157186911
inferred_20260921_seed0,0,11ed1195aabfcd298bcaf379e7f064ad8010cd8ca67a057b647baa8bf9ef6e77,558,3,2,-7534.946606029052,-7010.395628472401
inferred_20260921_seed0,0,11ed1195aabfcd298bcaf379e7f064ad8010cd8ca67a057b647baa8bf9ef6e77,559,1,2,-31409.807133174,-28135.23579398067
inferred_20260921_seed0,0,11ed1195aabfcd298bcaf379e7f064ad8010cd8ca67a057b647baa8bf9ef6e77,559,2,2,-9213.7495385908,-10597.91863406962
inferred_20260921_seed0,0,11ed1195aabfcd298bcaf379e7f064ad8010cd8ca67a057b647baa8bf9ef6e77,559,3,2,-6613.109343412645,-6934.502013698756
inferred_20260921_seed0,0,11ed1195aabfcd298bcaf379e7f064ad8010cd8ca67a057b647baa8bf9ef6e77,560,1,2,-30822.57375647469,-28188.06494201707
inferred_20260921_seed0,0,11ed1195aabfcd298bcaf379e7f064ad8010cd8ca67a057b647baa8bf9ef6e77,560,2,2,-7424.545690483864,-10389.750292433075
inferred_20260921_seed0,0,11ed1195aabfcd298bcaf379e7f064ad8010cd8ca67a057b647baa8bf9ef6e77,560,3,2,-5999.4331019328565,-6854.855285051257
inferred_20260921_seed0,0,11ed1195aabfcd298bcaf379e7f064ad8010cd8ca67a057b647baa8bf9ef6e77,561,1,2,-30970.526459261902,-28313.355358865327
inferred_20260921_seed0,0,11ed1195aabfcd298bcaf379e7f064ad8010cd8ca67a057b647baa8bf9ef6e77,561,2,2,-11451.21484522502,-10496.443991766395
inferred_20260921_seed0,0,11ed1195aabfcd298bcaf379e7f064ad8010cd8ca67a057b647baa8bf9ef6e77,561,3,2,-6217.6310916120365,-6825.228498525531
inferred_20260921_seed0,0,11ed1195aabfcd298bcaf379e7f064ad8010cd8ca67a057b647baa8bf9ef6e77,562,1,2,-29600.43832987809,-28364.861045498383
inferred_20260921_seed0,0,11ed1195aabfcd298bcaf379e7f064ad8010cd8ca67a057b647baa8bf9ef6e77,562,2,2,-12233.362326202074,-10517.723932830017
inferred_20260921_seed0,0,11ed1195aabfcd298bcaf379e7f064ad8010cd8ca67a057b647baa8bf9ef6e77,562,3,2,-6059.914859486984,-6783.94437357644
inferred_20260921_seed0,0,11ed1195aabfcd298bcaf379e7f064ad8010cd8ca67a057b647baa8bf9ef6e77,563,1,2,-28076.34533597246,-28363.543479478056
inferred_20260921_seed0,0,11ed1195aabfcd298bcaf379e7f064ad8010cd8ca67a057b647baa8bf9ef6e77,563,2,2,-10161.362372265206,-10485.50551809377
inferred_20260921_seed0,0,11ed1195aabfcd298bcaf379e7f064ad8010cd8ca67a057b647baa8bf9ef6e77,563,3,2,-7701.036593419496,-6769.964590064731
inferred_20260921_seed0,0,11ed1195aabfcd298bcaf379e7f064ad8010cd8ca67a057b647baa8bf9ef6e77,564,1,2,-28945.03178303461,-28354.120598723213
inferred_20260921_seed0,0,11ed1195aabfcd298bcaf379e7f064ad8010cd8ca67a057b647baa8bf9ef6e77,564,2,2,-11244.240835519102,-10511.301307547397
inferred_20260921_seed0,0,11ed1195aabfcd298bcaf379e7f064ad8010cd8ca67a057b647baa8bf9ef6e77,564,3,2,-7318.309853841076,-6798.152006748791
inferred_20260921_seed0,0,11ed1195aabfcd298bcaf379e7f064ad8010cd8ca67a057b647baa8bf9ef6e77,565,1,2,-30182.467289045107,-28416.74694394382
inferred_20260921_seed0,0,11ed1195aabfcd298bcaf379e7f064ad8010cd8ca67a057b647baa8bf9ef6e77,565,2,2,-9314.188041629248,-10496.709411346512
inferred_20260921_seed0,0,11ed1195aabfcd298bcaf379e7f064ad8010cd8ca67a057b647baa8bf9ef6e77,565,3,2,-7007.819069205943,-6864.72010994763
inferred_20260921_seed0,0,11ed1195aabfcd298bcaf379e7f064ad8010cd8ca67a057b647baa8bf9ef6e77,566,1,2,-27893.63296170609,-28436.682563622362
inferred_20260921_seed0,0,11ed1195aabfcd298bcaf379e7f064ad8010cd8ca67a057b647baa8bf9ef6e77,566,2,2,-10138.1032669729,-10485.03819291908
inferred_20260921_seed0,0,11ed1195aabfcd298bcaf379e7f064ad8010cd8ca67a057b647baa8bf9ef6e77,566,3,2,-7424.300148449819,-6830.147906481336
inferred_20260921_seed0,0,11ed1195aabfcd298bcaf379e7f064ad8010cd8ca67a057b647baa8bf9ef6e77,567,1,2,-31317.050333637668,-28487.6238629387
inferred_20260921_seed0,0,11ed1195aabfcd298bcaf379e7f064ad8010cd8ca67a057b647baa8bf9ef6e77,567,2,2,-11138.398457193032,-10472.41457306179
inferred_20260921_seed0,0,11ed1195aabfcd298bcaf379e7f064ad8010cd8ca67a057b647baa8bf9ef6e77,567,3,2,-5748.615728859736,-6791.584119314183
inferred_20260921_seed0,0,11ed1195aabfcd298bcaf379e7f064ad8010cd8ca67a057b647baa8bf9ef6e77,568,1,2,-28066.240705631804,-28505.39882358217
inferred_20260921_seed0,0,11ed1195aabfcd298bcaf379e7f064ad8010cd8ca67a057b647baa8bf9ef6e77,568,2,2,-8712.514929079287,-10383.7123249176
inferred_20260921_seed0,0,11ed1195aabfcd298bcaf379e7f064ad8010cd8ca67a057b647baa8bf9ef6e77,568,3,2,-6631.077161094976,-6770.926127229035
inferred_20260921_seed0,0,11ed1195aabfcd298bcaf379e7f064ad8010cd8ca67a057b647baa8bf9ef6e77,569,1,2,-30619.965251881207,-28552.109410517012
inferred_20260921_seed0,0,11ed1195aabfcd298bcaf379e7f064ad8010cd8ca67a057b647baa8bf9ef6e77,569,2,2,-11355.06677467616,-10432.804617300308
inferred_20260921_seed0,0,11ed1195aabfcd298bcaf379e7f064ad8010cd8ca67a057b647baa8bf9ef6e77,569,3,2,-6331.047365872704,-6789.217659844056
inferred_20260921_seed0,0,11ed1195aabfcd298bcaf379e7f064ad8010cd8ca67a057b647baa8bf9ef6e77,570,1,2,-30362.43447901507,-28604.689622180093
inferred_20260921_seed0,0,11ed1195aabfcd298bcaf379e7f064ad8010cd8ca67a057b647baa8bf9ef6e77,570,2,2,-10692.978801687796,-10419.376799347263
inferred_20260921_seed0,0,11ed1195aabfcd298bcaf379e7f064ad8010cd8ca67a057b647baa8bf9ef6e77,570,3,2,-6393.664663616964,-6747.262830092571
inferred_20260921_seed0,0,11ed1195aabfcd298bcaf379e7f064ad8010cd8ca67a057b647baa8bf9ef6e77,571,1,2,-29827.683167784937,-28687.442451558014
inferred_20260921_seed0,0,11ed1195aabfcd298bcaf379e7f064ad8010cd8ca67a057b647baa8bf9ef6e77,571,2,2,-9231.064082583838,-10354.662294993977
inferred_20260921_seed0,0,11ed1195aabfcd298bcaf379e7f064ad8010cd8ca67a057b647baa8bf9ef6e77,571,3,2,-6976.603891081506,-6791.077446327417
inferred_20260921_seed0,0,11ed1195aabfcd298bcaf379e7f064ad8010cd8ca67a057b647baa8bf9ef6e77,572,1,2,-30312.102967785235,-28782.705361969907
inferred_20260921_seed0,0,11ed1195aabfcd298bcaf379e7f064ad8010cd8ca67a057b647baa8bf9ef6e77,572,2,2,-9182.868582762056,-10319.364286626358
inferred_20260921_seed0,0,11ed1195aabfcd298bcaf379e7f064ad8010cd8ca67a057b647baa8bf9ef6e77,572,3,2,-5581.099733083518,-6697.7931050622665
inferred_20260921_seed0,0,11ed1195aabfcd298bcaf379e7f064ad8010cd8ca67a057b647baa8bf9ef6e77,573,1,2,-29590.487833469917,-28908.443691237113
inferred_20260921_seed0,0,11ed1195aabfcd298bcaf379e7f064ad8010cd8ca67a057b647baa8bf9ef6e77,573,2,2,-10690.234967578854,-10391.095653768522
inferred_20260921_seed0,0,11ed1195aabfcd298bcaf379e7f064ad8010cd8ca67a057b647baa8bf9ef6e77,573,3,2,-6562.105073734596,-6631.632039724565
inferred_20260921_seed0,0,11ed1195aabfcd298bcaf379e7f064ad8010cd8ca67a057b647baa8bf9ef6e77,574,1,2,-27934.337693758687,-28967.47050463501
inferred_20260921_seed0,0,11ed1195aabfcd298bcaf379e7f064ad8010cd8ca67a057b647baa8bf9ef6e77,574,2,2,-9398.18294840679,-10325.398650175366
inferred_20260921_seed0,0,11ed1195aabfcd298bcaf379e7f064ad8010cd8ca67a057b647baa8bf9ef6e77,574,3,2,-6670.728307871146,-6612.179212760553
inferred_20260921_seed0,0,11ed1195aabfcd298bcaf379e7f064ad8010cd8ca67a057b647baa8bf9ef6e77,575,1,2,-28745.953577068176,-29035.532981941924
inferred_20260921_seed0,0,11ed1195aabfcd298bcaf379e7f064ad8010cd8ca67a057b647baa8bf9ef6e77,575,2,2,-10058.74354648911,-10305.647253942128
inferred_20260921_seed0,0,11ed1195aabfcd298bcaf379e7f064ad8010cd8ca67a057b647baa8bf9ef6e77,575,3,2,-6736.063159731831,-6648.115887658561
inferred_20260921_seed0,0,11ed1195aabfcd298bcaf379e7f064ad8010cd8ca67a057b647baa8bf9ef6e77,576,1,2,-27504.90167703985,-28982.513879889622
inferred_20260921_seed0,0,11ed1195aabfcd298bcaf379e7f064ad8010cd8ca67a057b647baa8bf9ef6e77,576,2,2,-8825.61417588763,-10265.669286475078
inferred_20260921_seed0,0,11ed1195aabfcd298bcaf379e7f064ad8010cd8ca67a057b647baa8bf9ef6e77,576,3,2,-8077.700234489032,-6639.669358552638
inferred_20260921_seed0,0,11ed1195aabfcd298bcaf379e7f064ad8010cd8ca67a057b647baa8bf9ef6e77,577,1,2,-31391.907749777525,-29131.628923570286
inferred_20260921_seed0,0,11ed1195aabfcd298bcaf379e7f064ad8010cd8ca67a057b647baa8bf9ef6e77,577,2,2,-10336.529641122046,-10247.451324783035
inferred_20260921_seed0,0,11ed1195aabfcd298bcaf379e7f064ad8010cd8ca67a057b647baa8bf9ef6e77,577,3,2,-8582.38114670506,-6742.310551703562
inferred_20260921_seed0,0,11ed1195aabfcd298bcaf379e7f064ad8010cd8ca67a057b647baa8bf9ef6e77,578,1,2,-28766.528357100266,-29231.503012731308
inferred_20260921_seed0,0,11ed1195aabfcd298bcaf379e7f064ad8010cd8ca67a057b647baa8bf9ef6e77,578,2,2,-10275.9958263726,-10249.008952842716
inferred_20260921_seed0,0,11ed1195aabfcd298bcaf379e7f064ad8010cd8ca67a057b647baa8bf9ef6e77,578,3,2,-7010.345676448816,-6753.9330229422085
inferred_20260921_seed0,0,11ed1195aabfcd298bcaf379e7f064ad8010cd8ca67a057b647baa8bf9ef6e77,579,1,2,-30029.94879055273,-29398.60023459376
inferred_20260921_seed0,0,11ed1195aabfcd298bcaf379e7f064ad8010cd8ca67a057b647baa8bf9ef6e77,579,2,2,-8984.246243386886,-10220.407015162524
inferred_20260921_seed0,0,11ed1195aabfcd298bcaf379e7f064ad8010cd8ca67a057b647baa8bf9ef6e77,579,3,2,-6562.673251294605,-6776.572717403548
inferred_20260921_seed0,0,11ed1195aabfcd298bcaf379e7f064ad8010cd8ca67a057b647baa8bf9ef6e77,580,1,2,-30041.531879936952,-29446.901519676252
inferred_20260921_seed0,0,11ed1195aabfcd298bcaf379e7f064ad8010cd8ca67a057b647baa8bf9ef6e77,580,2,2,-11036.702743313714,-10190.335230264938
inferred_20260921_seed0,0,11ed1195aabfcd298bcaf379e7f064ad8010cd8ca67a057b647baa8bf9ef6e77,580,3,2,-6244.072040256441,-6756.560292020652
inferred_20260921_seed0,0,11ed1195aabfcd298bcaf379e7f064ad8010cd8ca67a057b647baa8bf9ef6e77,581,1,2,-28240.367948410705,-29438.152923155827
inferred_20260921_seed0,0,11ed1195aabfcd298bcaf379e7f064ad8010cd8ca67a057b647baa8bf9ef6e77,581,2,2,-11296.323536478982,-10192.606008048915
inferred_20260921_seed0,0,11ed1195aabfcd298bcaf379e7f064ad8010cd8ca67a057b647baa8bf9ef6e77,581,3,2,-6635.008945820735,-6759.187241720722
inferred_20260921_seed0,0,11ed1195aabfcd298bcaf379e7f064ad8010cd8ca67a057b647baa8bf9ef6e77,582,1,2,-28157.283724048524,-29410.972603926
inferred_20260921_seed0,0,11ed1195aabfcd298bcaf379e7f064ad8010cd8ca67a057b647baa8bf9ef6e77,582,2,2,-11811.845320347093,-10240.921865628048
inferred_20260921_seed0,0,11ed1195aabfcd298bcaf379e7f064ad8010cd8ca67a057b647baa8bf9ef6e77,582,3,2,-6263.647560506723,-6755.333384314332
inferred_20260921_seed0,0,11ed1195aabfcd298bcaf379e7f064ad8010cd8ca67a057b647baa8bf9ef6e77,583,1,2,-28938.057856935822,-29509.90428169528
inferred_20260921_seed0,0,11ed1195aabfcd298bcaf379e7f064ad8010cd8ca67a057b647baa8bf9ef6e77,583,2,2,-9580.192276722311,-10151.530790839055
inferred_20260921_seed0,0,11ed1195aabfcd298bcaf379e7f064ad8010cd8ca67a057b647baa8bf9ef6e77,583,3,2,-6956.78853426012,-6732.207061443574
inferred_20260921_seed0,0,11ed1195aabfcd298bcaf379e7f064ad8010cd8ca67a057b647baa8bf9ef6e77,584,1,2,-27226.38185124338,-29342.567270418058
inferred_20260921_seed0,0,11ed1195aabfcd298bcaf379e7f064ad8010cd8ca67a057b647baa8bf9ef6e77,584,2,2,-9095.906469972426,-10146.817068094322
inferred_20260921_seed0,0,11ed1195aabfcd298bcaf379e7f064ad8010cd8ca67a057b647baa8bf9ef6e77,584,3,2,-6723.9199702112255,-6736.639486515519
inferred_20260921_seed0,0,11ed1195aabfcd298bcaf379e7f064ad8010cd8ca67a057b647baa8bf9ef6e77,585,1,2,-27345.53565969537,-29203.48574654688
inferred_20260921_seed0,0,11ed1195aabfcd298bcaf379e7f064ad8010cd8ca67a057b647baa8bf9ef6e77,585,2,2,-13442.579897452164,-10387.538436373054
inferred_20260921_seed0,0,11ed1195aabfcd298bcaf379e7f064ad8010cd8ca67a057b647baa8bf9ef6e77,585,3,2,-7781.318747067239,-6807.914912320894
inferred_20260921_seed0,0,11ed1195aabfcd298bcaf379e7f064ad8010cd8ca67a057b647baa8bf9ef6e77,586,1,2,-30442.816750213795,-29182.37735818496
inferred_20260921_seed0,0,11ed1195aabfcd298bcaf379e7f064ad8010cd8ca67a057b647baa8bf9ef6e77,586,2,2,-10322.603239899254,-10342.393972160022
inferred_20260921_seed0,0,11ed1195aabfcd298bcaf379e7f064ad8010cd8ca67a057b647baa8bf9ef6e77,586,3,2,-5751.29167124285,-6789.261335506126
inferred_20260921_seed0,0,11ed1195aabfcd298bcaf379e7f064ad8010cd8ca67a057b647baa8bf9ef6e77,587,1,2,-30187.06690997415,-29205.842501388797
inferred_20260921_seed0,0,11ed1195aabfcd298bcaf379e7f064ad8010cd8ca67a057b647baa8bf9ef6e77,587,2,2,-13694.106694174738,-10400.823746878928
inferred_20260921_seed0,0,11ed1195aabfcd298bcaf379e7f064ad8010cd8ca67a057b647baa8bf9ef6e77,587,3,2,-8749.889290774321,-6896.860312757619
inferred_20260921_seed0,0,11ed1195aabfcd298bcaf379e7f064ad8010cd8ca67a057b647baa8bf9ef6e77,588,1,2,-29556.870461933755,-29265.063506427254
inferred_20260921_seed0,0,11ed1195aabfcd298bcaf379e7f064ad8010cd8ca67a057b647baa8bf9ef6e77,588,2,2,-9095.80452055105,-10358.201432810361
inferred_20260921_seed0,0,11ed1195aabfcd298bcaf379e7f064ad8010cd8ca67a057b647baa8bf9ef6e77,588,3,2,-6048.74129459484,-6830.768500804634
inferred_20260921_seed0,0,11ed1195aabfcd298bcaf379e7f064ad8010cd8ca67a057b647baa8bf9ef6e77,589,1,2,-28002.59452840748,-29227.36601624217
inferred_20260921_seed0,0,11ed1195aabfcd298bcaf379e7f064ad8010cd8ca67a057b647baa8bf9ef6e77,589,2,2,-9435.874507397932,-10285.866779685515
inferred_20260921_seed0,0,11ed1195aabfcd298bcaf379e7f064ad8010cd8ca67a057b647baa8bf9ef6e77,589,3,2,-7056.652198129087,-6820.302194576153
inferred_20260921_seed0,0,11ed1195aabfcd298bcaf379e7f064ad8010cd8ca67a057b647baa8bf9ef6e77,590,1,2,-29441.40803859439,-29197.723646224138
inferred_20260921_seed0,0,11ed1195aabfcd298bcaf379e7f064ad8010cd8ca67a057b647baa8bf9ef6e77,590,2,2,-11782.986355556124,-10384.61871224259
inferred_20260921_seed0,0,11ed1195aabfcd298bcaf379e7f064ad8010cd8ca67a057b647baa8bf9ef6e77,590,3,2,-5673.692292262254,-6766.9371234984055
inferred_20260921_seed0,0,11ed1195aabfcd298bcaf379e7f064ad8010cd8ca67a057b647baa8bf9ef6e77,591,1,2,-28382.97518578638,-29217.29733518735
inferred_20260921_seed0,0,11ed1195aabfcd298bcaf379e7f064ad8010cd8ca67a057b647baa8bf9ef6e77,591,2,2,-7925.325928940399,-10296.107618721291
inferred_20260921_seed0,0,11ed1195aabfcd298bcaf379e7f064ad8010cd8ca67a057b647baa8bf9ef6e77,591,3,2,-5663.966842399281,-6696.523791256384
inferred_20260921_seed0,0,11ed1195aabfcd298bcaf379e7f064ad8010cd8ca67a057b647baa8bf9ef6e77,592,1,2,-30122.633917349776,-29169.520678535835
inferred_20260921_seed0,0,11ed1195aabfcd298bcaf379e7f064ad8010cd8ca67a057b647baa8bf9ef6e77,592,2,2,-10402.569164783316,-10266.674447024903
inferred_20260921_seed0,0,11ed1195aabfcd298bcaf379e7f064ad8010cd8ca67a057b647baa8bf9ef6e77,592,3,2,-5981.022525352239,-6705.8200631160835
inferred_20260921_seed0,0,11ed1195aabfcd298bcaf379e7f064ad8010cd8ca67a057b647baa8bf9ef6e77,593,1,2,-29639.41916978501,-29232.447817101962
inferred_20260921_seed0,0,11ed1195aabfcd298bcaf379e7f064ad8010cd8ca67a057b647baa8bf9ef6e77,593,2,2,-8403.710307441615,-10254.322262159396
inferred_20260921_seed0,0,11ed1195aabfcd298bcaf379e7f064ad8010cd8ca67a057b647baa8bf9ef6e77,593,3,2,-7704.496917630595,-6748.756853377509
inferred_20260921_seed0,0,11ed1195aabfcd298bcaf379e7f064ad8010cd8ca67a057b647baa8bf9ef6e77,594,1,2,-29334.265699306223,-29181.019834998966
inferred_20260921_seed0,0,11ed1195aabfcd298bcaf379e7f064ad8010cd8ca67a057b647baa8bf9ef6e77,594,2,2,-11036.647526098364,-10241.585492216283
inferred_20260921_seed0,0,11ed1195aabfcd298bcaf379e7f064ad8010cd8ca67a057b647baa8bf9ef6e77,594,3,2,-7818.073583832227,-6808.237902095891
inferred_20260921_seed0,0,11ed1195aabfcd298bcaf379e7f064ad8010cd8ca67a057b647baa8bf9ef6e77,595,1,2,-29068.02141470597,-29129.2433124266
inferred_20260921_seed0,0,11ed1195aabfcd298bcaf379e7f064ad8010cd8ca67a057b647baa8bf9ef6e77,595,2,2,-11925.383591140093,-10290.881683794376
inferred_20260921_seed0,0,11ed1195aabfcd298bcaf379e7f064ad8010cd8ca67a057b647baa8bf9ef6e77,595,3,2,-7050.996820220736,-6834.531188360041
inferred_20260921_seed0,0,11ed1195aabfcd298bcaf379e7f064ad8010cd8ca67a057b647baa8bf9ef6e77,596,1,2,-29527.126113549337,-29117.221030257177
inferred_20260921_seed0,0,11ed1195aabfcd298bcaf379e7f064ad8010cd8ca67a057b647baa8bf9ef6e77,596,2,2,-7192.4728226881525,-10209.338033398548
inferred_20260921_seed0,0,11ed1195aabfcd298bcaf379e7f064ad8010cd8ca67a057b647baa8bf9ef6e77,596,3,2,-6660.538943390371,-6821.888590452395
inferred_20260921_seed0,0,11ed1195aabfcd298bcaf379e7f064ad8010cd8ca67a057b647baa8bf9ef6e77,597,1,2,-27743.72555297013,-29014.48593366457
inferred_20260921_seed0,0,11ed1195aabfcd298bcaf379e7f064ad8010cd8ca67a057b647baa8bf9ef6e77,597,2,2,-12239.647580045284,-10331.609193289876
inferred_20260921_seed0,0,11ed1195aabfcd298bcaf379e7f064ad8010cd8ca67a057b647baa8bf9ef6e77,597,3,2,-6420.030263828964,-6855.445811682213
inferred_20260921_seed0,0,11ed1195aabfcd298bcaf379e7f064ad8010cd8ca67a057b647baa8bf9ef6e77,598,1,2,-29262.92953747256,-29001.38360182468
inferred_20260921_seed0,0,11ed1195aabfcd298bcaf379e7f064ad8010cd8ca67a057b647baa8bf9ef6e77,598,2,2,-10159.926375025088,-10310.396849587727
inferred_20260921_seed0,0,11ed1195aabfcd298bcaf379e7f064ad8010cd8ca67a057b647baa8bf9ef6e77,598,3,2,-7013.78675310857,-6873.513078857172
inferred_20260921_seed0,0,11ed1195aabfcd298bcaf379e7f064ad8010cd8ca67a057b647baa8bf9ef6e77,599,1,2,-27150.06745549689,-28970.01279229421
inferred_20260921_seed0,0,11ed1195aabfcd298bcaf379e7f064ad8010cd8ca67a057b647baa8bf9ef6e77,599,2,2,-9261.836367741296,-10304.942986361108
inferred_20260921_seed0,0,11ed1195aabfcd298bcaf379e7f064ad8010cd8ca67a057b647baa8bf9ef6e77,599,3,2,-7253.222113281219,-6896.812831073576
inferred_20260921_seed0,0,11ed1195aabfcd298bcaf379e7f064ad8010cd8ca67a057b647baa8bf9ef6e77,600,1,2,-30134.603017359223,-29025.558769905845
inferred_20260921_seed0,0,11ed1195aabfcd298bcaf379e7f064ad8010cd8ca67a057b647baa8bf9ef6e77,600,2,2,-10866.603899168456,-10337.257400468281
inferred_20260921_seed0,0,11ed1195aabfcd298bcaf379e7f064ad8010cd8ca67a057b647baa8bf9ef6e77,600,3,2,-7743.183056516298,-6937.097626944954
inferred_20260921_seed0,0,11ed1195aabfcd298bcaf379e7f064ad8010cd8ca67a057b647baa8bf9ef6e77,601,1,2,-30655.995349172736,-29151.602516791165
inferred_20260921_seed0,0,11ed1195aabfcd298bcaf379e7f064ad8010cd8ca67a057b647baa8bf9ef6e77,601,2,2,-11765.926217589737,-10454.869882136365
inferred_20260921_seed0,0,11ed1195aabfcd298bcaf379e7f064ad8010cd8ca67a057b647baa8bf9ef6e77,601,3,2,-6334.940495406944,-6867.387237381669
inferred_20260921_seed0,0,11ed1195aabfcd298bcaf379e7f064ad8010cd8ca67a057b647baa8bf9ef6e77,602,1,2,-30958.444169516548,-29134.263973580724
inferred_20260921_seed0,0,11ed1195aabfcd298bcaf379e7f064ad8010cd8ca67a057b647baa8bf9ef6e77,602,2,2,-10514.653756193393,-10461.994846739219
inferred_20260921_seed0,0,11ed1195aabfcd298bcaf379e7f064ad8010cd8ca67a057b647baa8bf9ef6e77,602,3,2,-6946.894408964617,-6801.967767872054
inferred_20260921_seed0,0,11ed1195aabfcd298bcaf379e7f064ad8010cd8ca67a057b647baa8bf9ef6e77,603,1,2,-28667.35617774287,-29130.29708640643
inferred_20260921_seed0,0,11ed1195aabfcd298bcaf379e7f064ad8010cd8ca67a057b647baa8bf9ef6e77,603,2,2,-12967.562736994812,-10569.657523164107
inferred_20260921_seed0,0,11ed1195aabfcd298bcaf379e7f064ad8010cd8ca67a057b647baa8bf9ef6e77,603,3,2,-4863.615726115901,-6716.098569858736
inferred_20260921_seed0,0,11ed1195aabfcd298bcaf379e7f064ad8010cd8ca67a057b647baa8bf9ef6e77,604,1,2,-29236.11693732572,-29098.54381227735
inferred_20260921_seed0,0,11ed1195aabfcd298bcaf379e7f064ad8010cd8ca67a057b647baa8bf9ef6e77,604,2,2,-10669.550798704862,-10637.069705376827
inferred_20260921_seed0,0,11ed1195aabfcd298bcaf379e7f064ad8010cd8ca67a057b647baa8bf9ef6e77,604,3,2,-7334.76241991502,-6746.982136603553
inferred_20260921_seed0,0,11ed1195aabfcd298bcaf379e7f064ad8010cd8ca67a057b647baa8bf9ef6e77,605,1,2,-28184.880182893867,-29024.277744395626
inferred_20260921_seed0,0,11ed1195aabfcd298bcaf379e7f064ad8010cd8ca67a057b647baa8bf9ef6e77,605,2,2,-7140.7125862615385,-10481.230099094739
inferred_20260921_seed0,0,11ed1195aabfcd298bcaf379e7f064ad8010cd8ca67a057b647baa8bf9ef6e77,605,3,2,-7025.373835597813,-6778.234208417208
inferred_20260921_seed0,0,11ed1195aabfcd298bcaf379e7f064ad8010cd8ca67a057b647baa8bf9ef6e77,606,1,2,-29769.687203346144,-29085.45051459304
inferred_20260921_seed0,0,11ed1195aabfcd298bcaf379e7f064ad8010cd8ca67a057b647baa8bf9ef6e77,606,2,2,-9001.483268699994,-10389.43648838358
inferred_20260921_seed0,0,11ed1195aabfcd298bcaf379e7f064ad8010cd8ca67a057b647baa8bf9ef6e77,606,3,2,-6973.982760784382,-6791.793161015754
inferred_20260921_seed0,0,11ed1195aabfcd298bcaf379e7f064ad8010cd8ca67a057b647baa8bf9ef6e77,607,1,2,-27574.186105672605,-29062.126609858005
inferred_20260921_seed0,0,11ed1195aabfcd298bcaf379e7f064ad8010cd8ca67a057b647baa8bf9ef6e77,607,2,2,-9518.997288667224,-10297.722567116385
inferred_20260921_seed0,0,11ed1195aabfcd298bcaf379e7f064ad8010cd8ca67a057b647baa8bf9ef6e77,607,3,2,-6513.419376877763,-6801.784033670596
inferred_20260921_seed0,0,11ed1195aabfcd298bcaf379e7f064ad8010cd8ca67a057b647baa8bf9ef6e77,608,1,2,-29762.66964101815,-29095.1110812213
inferred_20260921_seed0,0,11ed1195aabfcd298bcaf379e7f064ad8010cd8ca67a057b647baa8bf9ef6e77,608,2,2,-10588.08579980294,-10338.03830803961
inferred_20260921_seed0,0,11ed1195aabfcd298bcaf379e7f064ad8010cd8ca67a057b647baa8bf9ef6e77,608,3,2,-6486.6844628477775,-6782.979870814102
inferred_20260921_seed0,0,11ed1195aabfcd298bcaf379e7f064ad8010cd8ca67a057b647baa8bf9ef6e77,609,1,2,-29489.996948481847,-29185.655685110836
inferred_20260921_seed0,0,11ed1195aabfcd298bcaf379e7f064ad8010cd8ca67a057b647baa8bf9ef6e77,609,2,2,-10337.73038259312,-10387.711264544438
inferred_20260921_seed0,0,11ed1195aabfcd298bcaf379e7f064ad8010cd8ca67a057b647baa8bf9ef6e77,609,3,2,-6854.914727686679,-6788.219661113119
inferred_20260921_seed0,0,11ed1195aabfcd298bcaf379e7f064ad8010cd8ca67a057b647baa8bf9ef6e77,610,1,2,-31097.41263308128,-29335.730764046275
inferred_20260921_seed0,0,11ed1195aabfcd298bcaf379e7f064ad8010cd8ca67a057b647baa8bf9ef6e77,610,2,2,-9351.138344806965,-10224.05360243863
inferred_20260921_seed0,0,11ed1195aabfcd298bcaf379e7f064ad8010cd8ca67a057b647baa8bf9ef6e77,610,3,2,-7372.033520210099,-6771.848252038833
inferred_20260921_seed0,0,11ed1195aabfcd298bcaf379e7f064ad8010cd8ca67a057b647baa8bf9ef6e77,611,1,2,-28212.959202362304,-29246.536462132215
inferred_20260921_seed0,0,11ed1195aabfcd298bcaf379e7f064ad8010cd8ca67a057b647baa8bf9ef6e77,611,2,2,-10047.914730563723,-10213.066062065209
inferred_20260921_seed0,0,11ed1195aabfcd298bcaf379e7f064ad8010cd8ca67a057b647baa8bf9ef6e77,611,3,2,-5465.022576766402,-6760.397488259776
inferred_20260921_seed0,0,11ed1195aabfcd298bcaf379e7f064ad8010cd8ca67a057b647baa8bf9ef6e77,612,1,2,-31574.559627016737,-29302.03617081392
inferred_20260921_seed0,0,11ed1195aabfcd298bcaf379e7f064ad8010cd8ca67a057b647baa8bf9ef6e77,612,2,2,-8755.70359979282,-10015.529938289932
inferred_20260921_seed0,0,11ed1195aabfcd298bcaf379e7f064ad8010cd8ca67a057b647baa8bf9ef6e77,612,3,2,-7097.337939131792,-6694.295434194076
inferred_20260921_seed0,0,11ed1195aabfcd298bcaf379e7f064ad8010cd8ca67a057b647baa8bf9ef6e77,613,1,2,-29427.97413426612,-29296.88031770721
inferred_20260921_seed0,0,11ed1195aabfcd298bcaf379e7f064ad8010cd8ca67a057b647baa8bf9ef6e77,613,2,2,-9204.523594267834,-10019.878701238604
inferred_20260921_seed0,0,11ed1195aabfcd298bcaf379e7f064ad8010cd8ca67a057b647baa8bf9ef6e77,613,3,2,-6716.594849347872,-6721.0095763841955
inferred_20260921_seed0,0,11ed1195aabfcd298bcaf379e7f064ad8010cd8ca67a057b647baa8bf9ef6e77,614,1,2,-28200.45273082124,-29304.794645803762
inferred_20260921_seed0,0,11ed1195aabfcd298bcaf379e7f064ad8010cd8ca67a057b647baa8bf9ef6e77,614,2,2,-9903.622346679886,-10038.588614809882
inferred_20260921_seed0,0,11ed1195aabfcd298bcaf379e7f064ad8010cd8ca67a057b647baa8bf9ef6e77,614,3,2,-5989.860689199813,-6678.337916027026
inferred_20260921_seed0,0,11ed1195aabfcd298bcaf379e7f064ad8010cd8ca67a057b647baa8bf9ef6e77,615,1,2,-28067.54072443369,-29249.839953237333
inferred_20260921_seed0,0,11ed1195aabfcd298bcaf379e7f064ad8010cd8ca67a057b647baa8bf9ef6e77,615,2,2,-10844.89050452967,-10001.064780768824
inferred_20260921_seed0,0,11ed1195aabfcd298bcaf379e7f064ad8010cd8ca67a057b647baa8bf9ef6e77,615,3,2,-6570.44012683908,-6714.207829410098
inferred_20260921_seed0,0,11ed1195aabfcd298bcaf379e7f064ad8010cd8ca67a057b647baa8bf9ef6e77,616,1,2,-28240.11565560504,-29244.125572030083
inferred_20260921_seed0,0,11ed1195aabfcd298bcaf379e7f064ad8010cd8ca67a057b647baa8bf9ef6e77,616,2,2,-9581.48798482176,-10067.311263004078
inferred_20260921_seed0,0,11ed1195aabfcd298bcaf379e7f064ad8010cd8ca67a057b647baa8bf9ef6e77,616,3,2,-7222.344857510439,-6776.542950014544
inferred_20260921_seed0,0,11ed1195aabfcd298bcaf379e7f064ad8010cd8ca67a057b647baa8bf9ef6e77,617,1,2,-29905.66203344457,-29235.44669667387
inferred_20260921_seed0,0,11ed1195aabfcd298bcaf379e7f064ad8010cd8ca67a057b647baa8bf9ef6e77,617,2,2,-10142.127413162463,-10056.893592939245
inferred_20260921_seed0,0,11ed1195aabfcd298bcaf379e7f064ad8010cd8ca67a057b647baa8bf9ef6e77,617,3,2,-5851.658514655905,-6771.368389586691
inferred_20260921_seed0,0,11ed1195aabfcd298bcaf379e7f064ad8010cd8ca67a057b647baa8bf9ef6e77,618,1,2,-29045.371763847765,-29211.684800436382
inferred_20260921_seed0,0,11ed1195aabfcd298bcaf379e7f064ad8010cd8ca67a057b647baa8bf9ef6e77,618,2,2,-10508.2858777544,-10141.076615751756
inferred_20260921_seed0,0,11ed1195aabfcd298bcaf379e7f064ad8010cd8ca67a057b647baa8bf9ef6e77,618,3,2,-8454.640467896872,-6801.374131597342
inferred_20260921_seed0,0,11ed1195aabfcd298bcaf379e7f064ad8010cd8ca67a057b647baa8bf9ef6e77,619,1,2,-27151.044958772567,-29124.35597081504
inferred_20260921_seed0,0,11ed1195aabfcd298bcaf379e7f064ad8010cd8ca67a057b647baa8bf9ef6e77,619,2,2,-9163.012714852037,-10066.131223301902
inferred_20260921_seed0,0,11ed1195aabfcd298bcaf379e7f064ad8010cd8ca67a057b647baa8bf9ef6e77,619,3,2,-6547.112600457574,-6750.535692262356
inferred_20260921_seed0,0,11ed1195aabfcd298bcaf379e7f064ad8010cd8ca67a057b647baa8bf9ef6e77,620,1,2,-28539.51171542804,-29103.21558284392
inferred_20260921_seed0,0,11ed1195aabfcd298bcaf379e7f064ad8010cd8ca67a057b647baa8bf9ef6e77,620,2,2,-9736.090143031975,-9978.559485377576
inferred_20260921_seed0,0,11ed1195aabfcd298bcaf379e7f064ad8010cd8ca67a057b647baa8bf9ef6e77,620,3,2,-6502.958118115261,-6728.614144178137
inferred_20260921_seed0,0,11ed1195aabfcd298bcaf379e7f064ad8010cd8ca67a057b647baa8bf9ef6e77,621,1,2,-29382.449663664756,-29097.428524848536
inferred_20260921_seed0,0,11ed1195aabfcd298bcaf379e7f064ad8010cd8ca67a057b647baa8bf9ef6e77,621,2,2,-12320.585629139208,-10183.68399763562
inferred_20260921_seed0,0,11ed1195aabfcd298bcaf379e7f064ad8010cd8ca67a057b647baa8bf9ef6e77,621,3,2,-6431.5158535616665,-6719.45322058499
inferred_20260921_seed0,0,11ed1195aabfcd298bcaf379e7f064ad8010cd8ca67a057b647baa8bf9ef6e77,622,1,2,-29271.8389442576,-29158.55306050003
inferred_20260921_seed0,0,11ed1195aabfcd298bcaf379e7f064ad8010cd8ca67a057b647baa8bf9ef6e77,622,2,2,-9619.247481383069,-10078.867993689131
inferred_20260921_seed0,0,11ed1195aabfcd298bcaf379e7f064ad8010cd8ca67a057b647baa8bf9ef6e77,622,3,2,-7741.956362870033,-6772.330264546633
inferred_20260921_seed0,0,11ed1195aabfcd298bcaf379e7f064ad8010cd8ca67a057b647baa8bf9ef6e77,623,1,2,-28348.27818466299,-29121.96700638765
inferred_20260921_seed0,0,11ed1195aabfcd298bcaf379e7f064ad8010cd8ca67a057b647baa8bf9ef6e77,623,2,2,-8521.142240361207,-10013.316628302575
inferred_20260921_seed0,0,11ed1195aabfcd298bcaf379e7f064ad8010cd8ca67a057b647baa8bf9ef6e77,623,3,2,-7092.598594898127,-6775.482738218215
inferred_20260921_seed0,0,11ed1195aabfcd298bcaf379e7f064ad8010cd8ca67a057b647baa8bf9ef6e77,624,1,2,-30202.98596914172,-29244.083746933444
inferred_20260921_seed0,0,11ed1195aabfcd298bcaf379e7f064ad8010cd8ca67a057b647baa8bf9ef6e77,624,2,2,-8040.578351986547,-9964.466307672386
inferred_20260921_seed0,0,11ed1195aabfcd298bcaf379e7f064ad8010cd8ca67a057b647baa8bf9ef6e77,624,3,2,-5491.215126656345,-6705.002458753219
inferred_20260921_seed0,0,11ed1195aabfcd298bcaf379e7f064ad8010cd8ca67a057b647baa8bf9ef6e77,625,1,2,-28068.7664203536,-29161.45028305322
inferred_20260921_seed0,0,11ed1195aabfcd298bcaf379e7f064ad8010cd8ca67a057b647baa8bf9ef6e77,625,2,2,-9474.704292883656,-9908.790323420993
inferred_20260921_seed0,0,11ed1195aabfcd298bcaf379e7f064ad8010cd8ca67a057b647baa8bf9ef6e77,625,3,2,-5796.3380023979735,-6627.128656588487
inferred_20260921_seed0,0,11ed1195aabfcd298bcaf379e7f064ad8010cd8ca67a057b647baa8bf9ef6e77,626,1,2,-27108.82042544638,-29019.56328610417
inferred_20260921_seed0,0,11ed1195aabfcd298bcaf379e7f064ad8010cd8ca67a057b647baa8bf9ef6e77,626,2,2,-10127.150554710744,-9843.239296905835
inferred_20260921_seed0,0,11ed1195aabfcd298bcaf379e7f064ad8010cd8ca67a057b647baa8bf9ef6e77,626,3,2,-7922.663373910761,-6690.637571728639
inferred_20260921_seed0,0,11ed1195aabfcd298bcaf379e7f064ad8010cd8ca67a057b647baa8bf9ef6e77,627,1,2,-28263.28699881694,-28911.756999276182
inferred_20260921_seed0,0,11ed1195aabfcd298bcaf379e7f064ad8010cd8ca67a057b647baa8bf9ef6e77,627,2,2,-10687.031343814382,-9850.134400410672
inferred_20260921_seed0,0,11ed1195aabfcd298bcaf379e7f064ad8010cd8ca67a057b647baa8bf9ef6e77,627,3,2,-6449.683619147241,-6670.749140135943
inferred_20260921_seed0,0,11ed1195aabfcd298bcaf379e7f064ad8010cd8ca67a057b647baa8bf9ef6e77,628,1,2,-29244.922399636656,-28934.859648151934
inferred_20260921_seed0,0,11ed1195aabfcd298bcaf379e7f064ad8010cd8ca67a057b647baa8bf9ef6e77,628,2,2,-6511.01834804554,-9591.872624852702
inferred_20260921_seed0,0,11ed1195aabfcd298bcaf379e7f064ad8010cd8ca67a057b647baa8bf9ef6e77,628,3,2,-7297.654495148698,-6768.110690897256
inferred_20260921_seed0,0,11ed1195aabfcd298bcaf379e7f064ad8010cd8ca67a057b647baa8bf9ef6e77,629,1,2,-27667.40826585354,-28872.111301293047
inferred_20260921_seed0,0,11ed1195aabfcd298bcaf379e7f064ad8010cd8ca67a057b647baa8bf9ef6e77,629,2,2,-8822.355478019059,-9517.98481202527
inferred_20260921_seed0,0,11ed1195aabfcd298bcaf379e7f064ad8010cd8ca67a057b647baa8bf9ef6e77,629,3,2,-7658.498972810157,-6781.060153013062
inferred_20260921_seed0,0,11ed1195aabfcd298bcaf379e7f064ad8010cd8ca67a057b647baa8bf9ef6e77,630,1,2,-29124.48168999144,-28909.695361576953
inferred_20260921_seed0,0,11ed1195aabfcd298bcaf379e7f064ad8010cd8ca67a057b647baa8bf9ef6e77,630,2,2,-11442.0375696191,-9690.037811359573
inferred_20260921_seed0,0,11ed1195aabfcd298bcaf379e7f064ad8010cd8ca67a057b647baa8bf9ef6e77,630,3,2,-6950.563402202586,-6778.067735677252
inferred_20260921_seed0,0,11ed1195aabfcd298bcaf379e7f064ad8010cd8ca67a057b647baa8bf9ef6e77,631,1,2,-29769.66251488045,-28909.69437403832
inferred_20260921_seed0,0,11ed1195aabfcd298bcaf379e7f064ad8010cd8ca67a057b647baa8bf9ef6e77,631,2,2,-10979.806249038777,-9769.170730573125
inferred_20260921_seed0,0,11ed1195aabfcd298bcaf379e7f064ad8010cd8ca67a057b647baa8bf9ef6e77,631,3,2,-7300.352195975692,-6791.122513084904
inferred_20260921_seed0,0,11ed1195aabfcd298bcaf379e7f064ad8010cd8ca67a057b647baa8bf9ef6e77,632,1,2,-29531.357571541623,-28987.981232673083
inferred_20260921_seed0,0,11ed1195aabfcd298bcaf379e7f064ad8010cd8ca67a057b647baa8bf9ef6e77,632,2,2,-10138.00553373816,-9793.93106037596
inferred_20260921_seed0,0,11ed1195aabfcd298bcaf379e7f064ad8010cd8ca67a057b647baa8bf9ef6e77,632,3,2,-6498.875296441669,-6790.54074986746
inferred_20260921_seed0,0,11ed1195aabfcd298bcaf379e7f064ad8010cd8ca67a057b647baa8bf9ef6e77,633,1,2,-27838.49757474212,-28911.01435002204
inferred_20260921_seed0,0,11ed1195aabfcd298bcaf379e7f064ad8010cd8ca67a057b647baa8bf9ef6e77,633,2,2,-9724.45073885295,-9759.385657937963
inferred_20260921_seed0,0,11ed1195aabfcd298bcaf379e7f064ad8010cd8ca67a057b647baa8bf9ef6e77,633,3,2,-7794.120460345468,-6842.838189767369
inferred_20260921_seed0,0,11ed1195aabfcd298bcaf379e7f064ad8010cd8ca67a057b647baa8bf9ef6e77,634,1,2,-27826.080646808132,-28844.45769795509
inferred_20260921_seed0,0,11ed1195aabfcd298bcaf379e7f064ad8010cd8ca67a057b647baa8bf9ef6e77,634,2,2,-9264.486554837713,-9716.455904827746
inferred_20260921_seed0,0,11ed1195aabfcd298bcaf379e7f064ad8010cd8ca67a057b647baa8bf9ef6e77,634,3,2,-6529.045530603158,-6829.803421884028
inferred_20260921_seed0,0,11ed1195aabfcd298bcaf379e7f064ad8010cd8ca67a057b647baa8bf9ef6e77,635,1,2,-28898.832369774824,-28756.514487422835
inferred_20260921_seed0,0,11ed1195aabfcd298bcaf379e7f064ad8010cd8ca67a057b647baa8bf9ef6e77,635,2,2,-7713.925244548932,-9650.967380817425
inferred_20260921_seed0,0,11ed1195aabfcd298bcaf379e7f064ad8010cd8ca67a057b647baa8bf9ef6e77,635,3,2,-6139.588242552222,-6780.505610777713
inferred_20260921_seed0,0,11ed1195aabfcd298bcaf379e7f064ad8010cd8ca67a057b647baa8bf9ef6e77,636,1,2,-29736.370030954557,-28817.450920566524
inferred_20260921_seed0,0,11ed1195aabfcd298bcaf379e7f064ad8010cd8ca67a057b647baa8bf9ef6e77,636,2,2,-10517.461841091575,-9669.749265238537
inferred_20260921_seed0,0,11ed1195aabfcd298bcaf379e7f064ad8010cd8ca67a057b647baa8bf9ef6e77,636,3,2,-7392.062197423438,-6857.587195603995
inferred_20260921_seed0,0,11ed1195aabfcd298bcaf379e7f064ad8010cd8ca67a057b647baa8bf9ef6e77,637,1,2,-29550.40444611876,-28736.484713330603
inferred_20260921_seed0,0,11ed1195aabfcd298bcaf379e7f064ad8010cd8ca67a057b647baa8bf9ef6e77,637,2,2,-7899.78835649308,-9635.512655506549
inferred_20260921_seed0,0,11ed1195aabfcd298bcaf379e7f064ad8010cd8ca67a057b647baa8bf9ef6e77,637,3,2,-6763.543901800855,-6844.235434110756
inferred_20260921_seed0,0,11ed1195aabfcd298bcaf379e7f064ad8010cd8ca67a057b647baa8bf9ef6e77,638,1,2,-28371.454503616857,-28694.223928104635
inferred_20260921_seed0,0,11ed1195aabfcd298bcaf379e7f064ad8010cd8ca67a057b647baa8bf9ef6e77,638,2,2,-12287.91686901794,-9758.848386496553
inferred_20260921_seed0,0,11ed1195aabfcd298bcaf379e7f064ad8010cd8ca67a057b647baa8bf9ef6e77,638,3,2,-6205.131505564309,-6823.776900359413
inferred_20260921_seed0,0,11ed1195aabfcd298bcaf379e7f064ad8010cd8ca67a057b647baa8bf9ef6e77,639,1,2,-29435.87125845797,-28743.6406692101
inferred_20260921_seed0,0,11ed1195aabfcd298bcaf379e7f064ad8010cd8ca67a057b647baa8bf9ef6e77,639,2,2,-10992.254547441124,-9802.393674527002
inferred_20260921_seed0,0,11ed1195aabfcd298bcaf379e7f064ad8010cd8ca67a057b647baa8bf9ef6e77,639,3,2,-6385.808991818212,-6839.614832464149
inferred_20260921_seed0,0,11ed1195aabfcd298bcaf379e7f064ad8010cd8ca67a057b647baa8bf9ef6e77,640,1,2,-27049.370348290337,-28702.91385416437
inferred_20260921_seed0,0,11ed1195aabfcd298bcaf379e7f064ad8010cd8ca67a057b647baa8bf9ef6e77,640,2,2,-10393.946280540304,-9784.355905567429
inferred_20260921_seed0,0,11ed1195aabfcd298bcaf379e7f064ad8010cd8ca67a057b647baa8bf9ef6e77,640,3,2,-7401.088792385378,-6872.840779086002
inferred_20260921_seed0,0,11ed1195aabfcd298bcaf379e7f064ad8010cd8ca67a057b647baa8bf9ef6e77,641,1,2,-30551.91179980276,-28795.385699932278
inferred_20260921_seed0,0,11ed1195aabfcd298bcaf379e7f064ad8010cd8ca67a057b647baa8bf9ef6e77,641,2,2,-10570.7190511817,-9823.925148221824
inferred_20260921_seed0,0,11ed1195aabfcd298bcaf379e7f064ad8010cd8ca67a057b647baa8bf9ef6e77,641,3,2,-6370.277710175727,-6838.758093192613
inferred_20260921_seed0,0,11ed1195aabfcd298bcaf379e7f064ad8010cd8ca67a057b647baa8bf9ef6e77,642,1,2,-30949.85928222322,-28837.153589883426
inferred_20260921_seed0,0,11ed1195aabfcd298bcaf379e7f064ad8010cd8ca67a057b647baa8bf9ef6e77,642,2,2,-9119.310877963424,-9783.012486813865
inferred_20260921_seed0,0,11ed1195aabfcd298bcaf379e7f064ad8010cd8ca67a057b647baa8bf9ef6e77,642,3,2,-5746.125642594521,-6834.536778310157
inferred_20260921_seed0,0,11ed1195aabfcd298bcaf379e7f064ad8010cd8ca67a057b647baa8bf9ef6e77,643,1,2,-28356.366433568277,-28809.593376672245
inferred_20260921_seed0,0,11ed1195aabfcd298bcaf379e7f064ad8010cd8ca67a057b647baa8bf9ef6e77,643,2,2,-8047.608191713678,-9684.585379372236
inferred_20260921_seed0,0,11ed1195aabfcd298bcaf379e7f064ad8010cd8ca67a057b647baa8bf9ef6e77,643,3,2,-7086.255852244196,-6779.801393684051
inferred_20260921_seed0,0,11ed1195aabfcd298bcaf379e7f064ad8010cd8ca67a057b647baa8bf9ef6e77,644,1,2,-28731.58778597597,-28872.81508976038
inferred_20260921_seed0,0,11ed1195aabfcd298bcaf379e7f064ad8010cd8ca67a057b647baa8bf9ef6e77,644,2,2,-10514.084276189904,-9738.62824182575
inferred_20260921_seed0,0,11ed1195aabfcd298bcaf379e7f064ad8010cd8ca67a057b647baa8bf9ef6e77,644,3,2,-6954.832703459849,-6796.1101978041415
inferred_20260921_seed0,0,11ed1195aabfcd298bcaf379e7f064ad8010cd8ca67a057b647baa8bf9ef6e77,645,1,2,-29884.49915524461,-28926.614587353044
inferred_20260921_seed0,0,11ed1195aabfcd298bcaf379e7f064ad8010cd8ca67a057b647baa8bf9ef6e77,645,2,2,-8701.579269054424,-9697.247806866648
inferred_20260921_seed0,0,11ed1195aabfcd298bcaf379e7f064ad8010cd8ca67a057b647baa8bf9ef6e77,645,3,2,-6006.913943240257,-6776.268430809142
inferred_20260921_seed0,0,11ed1195aabfcd298bcaf379e7f064ad8010cd8ca67a057b647baa8bf9ef6e77,646,1,2,-29599.39371425642,-28935.292349376712
inferred_20260921_seed0,0,11ed1195aabfcd298bcaf379e7f064ad8010cd8ca67a057b647baa8bf9ef6e77,646,2,2,-8278.361143241786,-9535.55882743075
inferred_20260921_seed0,0,11ed1195aabfcd298bcaf379e7f064ad8010cd8ca67a057b647baa8bf9ef6e77,646,3,2,-4626.487956205123,-6704.06731491488
inferred_20260921_seed0,0,11ed1195aabfcd298bcaf379e7f064ad8010cd8ca67a057b647baa8bf9ef6e77,647,1,2,-29026.864149851062,-28925.493357600448
inferred_20260921_seed0,0,11ed1195aabfcd298bcaf379e7f064ad8010cd8ca67a057b647baa8bf9ef6e77,647,2,2,-7533.723761069182,-9452.137878618196
inferred_20260921_seed0,0,11ed1195aabfcd298bcaf379e7f064ad8010cd8ca67a057b647baa8bf9ef6e77,647,3,2,-7476.366873100471,-6693.443735324096
inferred_20260921_seed0,0,11ed1195aabfcd298bcaf379e7f064ad8010cd8ca67a057b647baa8bf9ef6e77,648,1,2,-28952.6759777534,-28949.669269324066
inferred_20260921_seed0,0,11ed1195aabfcd298bcaf379e7f064ad8010cd8ca67a057b647baa8bf9ef6e77,648,2,2,-8922.179118485825,-9468.17935374318
inferred_20260921_seed0,0,11ed1195aabfcd298bcaf379e7f064ad8010cd8ca67a057b647baa8bf9ef6e77,648,3,2,-5760.895393422703,-6640.1756072650805
inferred_20260921_seed0,0,11ed1195aabfcd298bcaf379e7f064ad8010cd8ca67a057b647baa8bf9ef6e77,649,1,2,-30696.95812745837,-28969.428155656733
inferred_20260921_seed0,0,11ed1195aabfcd298bcaf379e7f064ad8010cd8ca67a057b647baa8bf9ef6e77,649,2,2,-9767.560321694911,-9537.258632531513
inferred_20260921_seed0,0,11ed1195aabfcd298bcaf379e7f064ad8010cd8ca67a057b647baa8bf9ef6e77,649,3,2,-5748.68071726971,-6650.474230889615
inferred_20260921_seed0,0,11ed1195aabfcd298bcaf379e7f064ad8010cd8ca67a057b647baa8bf9ef6e77,650,1,2,-29525.485866032606,-29027.696933483894
inferred_20260921_seed0,0,11ed1195aabfcd298bcaf379e7f064ad8010cd8ca67a057b647baa8bf9ef6e77,650,2,2,-8595.939364998252,-9502.108035416099
inferred_20260921_seed0,0,11ed1195aabfcd298bcaf379e7f064ad8010cd8ca67a057b647baa8bf9ef6e77,650,3,2,-5607.581048441476,-6642.923952731355
inferred_20260921_seed0,0,11ed1195aabfcd298bcaf379e7f064ad8010cd8ca67a057b647baa8bf9ef6e77,651,1,2,-26829.083535355072,-29016.507457880238
inferred_20260921_seed0,0,11ed1195aabfcd298bcaf379e7f064ad8010cd8ca67a057b647baa8bf9ef6e77,651,2,2,-9494.941220291355,-9476.819662039323
inferred_20260921_seed0,0,11ed1195aabfcd298bcaf379e7f064ad8010cd8ca67a057b647baa8bf9ef6e77,651,3,2,-7787.297361512034,-6637.509312235406
inferred_20260921_seed0,0,11ed1195aabfcd298bcaf379e7f064ad8010cd8ca67a057b647baa8bf9ef6e77,652,1,2,-27330.107604028053,-28979.180282088684
inferred_20260921_seed0,0,11ed1195aabfcd298bcaf379e7f064ad8010cd8ca67a057b647baa8bf9ef6e77,652,2,2,-9564.83218400986,-9431.931695647141
inferred_20260921_seed0,0,11ed1195aabfcd298bcaf379e7f064ad8010cd8ca67a057b647baa8bf9ef6e77,652,3,2,-7068.428737148088,-6662.25911695544
inferred_20260921_seed0,0,11ed1195aabfcd298bcaf379e7f064ad8010cd8ca67a057b647baa8bf9ef6e77,653,1,2,-30303.64476459074,-29021.529176686843
inferred_20260921_seed0,0,11ed1195aabfcd298bcaf379e7f064ad8010cd8ca67a057b647baa8bf9ef6e77,653,2,2,-9557.125104139775,-9553.77596589091
inferred_20260921_seed0,0,11ed1195aabfcd298bcaf379e7f064ad8010cd8ca67a057b647baa8bf9ef6e77,653,3,2,-6712.04256151763,-6638.834639610196
inferred_20260921_seed0,0,11ed1195aabfcd298bcaf379e7f064ad8010cd8ca67a057b647baa8bf9ef6e77,654,1,2,-28360.14482136496,-29049.238638907304
inferred_20260921_seed0,0,11ed1195aabfcd298bcaf379e7f064ad8010cd8ca67a057b647baa8bf9ef6e77,654,2,2,-9277.921458227062,-9571.998605099232
inferred_20260921_seed0,0,11ed1195aabfcd298bcaf379e7f064ad8010cd8ca67a057b647baa8bf9ef6e77,654,3,2,-8013.323534394523,-6653.027622073571
inferred_20260921_seed0,0,11ed1195aabfcd298bcaf379e7f064ad8010cd8ca67a057b647baa8bf9ef6e77,655,1,2,-27873.399972318897,-28999.195370200403
inferred_20260921_seed0,0,11ed1195aabfcd298bcaf379e7f064ad8010cd8ca67a057b647baa8bf9ef6e77,655,2,2,-8714.84402678894,-9462.910863386025
inferred_20260921_seed0,0,11ed1195aabfcd298bcaf379e7f064ad8010cd8ca67a057b647baa8bf9ef6e77,655,3,2,-5936.203917647473,-6612.453242691367
inferred_20260921_seed0,0,11ed1195aabfcd298bcaf379e7f064ad8010cd8ca67a057b647baa8bf9ef6e77,656,1,2,-29471.562859113896,-28987.271383969743
inferred_20260921_seed0,0,11ed1195aabfcd298bcaf379e7f064ad8010cd8ca67a057b647baa8bf9ef6e77,656,2,2,-8750.892315502786,-9373.754306044586
inferred_20260921_seed0,0,11ed1195aabfcd298bcaf379e7f064ad8010cd8ca67a057b647baa8bf9ef6e77,656,3,2,-6108.911513633542,-6564.795615397681
inferred_20260921_seed0,0,11ed1195aabfcd298bcaf379e7f064ad8010cd8ca67a057b647baa8bf9ef6e77,657,1,2,-31000.841841031102,-29046.050754749318
inferred_20260921_seed0,0,11ed1195aabfcd298bcaf379e7f064ad8010cd8ca67a057b647baa8bf9ef6e77,657,2,2,-8497.817629962265,-9308.14678989355
inferred_20260921_seed0,0,11ed1195aabfcd298bcaf379e7f064ad8010cd8ca67a057b647baa8bf9ef6e77,657,3,2,-6225.619308953241,-6553.865375898144
inferred_20260921_seed0,0,11ed1195aabfcd298bcaf379e7f064ad8010cd8ca67a057b647baa8bf9ef6e77,658,1,2,-29884.15280583421,-29127.876963993003
inferred_20260921_seed0,0,11ed1195aabfcd298bcaf379e7f064ad8010cd8ca67a057b647baa8bf9ef6e77,658,2,2,-8982.493232753517,-9278.468489649571
inferred_20260921_seed0,0,11ed1195aabfcd298bcaf379e7f064ad8010cd8ca67a057b647baa8bf9ef6e77,658,3,2,-7430.105636473427,-6539.304782943263
inferred_20260921_seed0,0,11ed1195aabfcd298bcaf379e7f064ad8010cd8ca67a057b647baa8bf9ef6e77,659,1,2,-27600.84952892392,-29118.867719277634
inferred_20260921_seed0,0,11ed1195aabfcd298bcaf379e7f064ad8010cd8ca67a057b647baa8bf9ef6e77,659,2,2,-10772.933706065489,-9338.806375698683
inferred_20260921_seed0,0,11ed1195aabfcd298bcaf379e7f064ad8010cd8ca67a057b647baa8bf9ef6e77,659,3,2,-5661.5933464851205,-6504.606695578541
inferred_20260921_seed0,0,11ed1195aabfcd298bcaf379e7f064ad8010cd8ca67a057b647baa8bf9ef6e77,660,1,2,-27951.733654292144,-29080.983770658328
inferred_20260921_seed0,0,11ed1195aabfcd298bcaf379e7f064ad8010cd8ca67a057b647baa8bf9ef6e77,660,2,2,-9370.5479740076,-9405.07128487703
inferred_20260921_seed0,0,11ed1195aabfcd298bcaf379e7f064ad8010cd8ca67a057b647baa8bf9ef6e77,660,3,2,-6948.725307031598,-6536.9721781577155
inferred_20260921_seed0,0,11ed1195aabfcd298bcaf379e7f064ad8010cd8ca67a057b647baa8bf9ef6e77,661,1,2,-31535.80323115657,-29152.961098666405
inferred_20260921_seed0,0,11ed1195aabfcd298bcaf379e7f064ad8010cd8ca67a057b647baa8bf9ef6e77,661,2,2,-11589.445456792417,-9447.950629505065
inferred_20260921_seed0,0,11ed1195aabfcd298bcaf379e7f064ad8010cd8ca67a057b647baa8bf9ef6e77,661,3,2,-6987.698238719204,-6520.797619809547
inferred_20260921_seed0,0,11ed1195aabfcd298bcaf379e7f064ad8010cd8ca67a057b647baa8bf9ef6e77,662,1,2,-28934.34860710353,-29128.318865105797
inferred_20260921_seed0,0,11ed1195aabfcd298bcaf379e7f064ad8010cd8ca67a057b647baa8bf9ef6e77,662,2,2,-11807.069303984816,-9604.241867404733
inferred_20260921_seed0,0,11ed1195aabfcd298bcaf379e7f064ad8010cd8ca67a057b647baa8bf9ef6e77,662,3,2,-7587.141704157268,-6553.741531903803
inferred_20260921_seed0,0,11ed1195aabfcd298bcaf379e7f064ad8010cd8ca67a057b647baa8bf9ef6e77,663,1,2,-29383.52927877433,-29168.8018561121
inferred_20260921_seed0,0,11ed1195aabfcd298bcaf379e7f064ad8010cd8ca67a057b647baa8bf9ef6e77,663,2,2,-8913.118498039728,-9469.249932565604
inferred_20260921_seed0,0,11ed1195aabfcd298bcaf379e7f064ad8010cd8ca67a057b647baa8bf9ef6e77,663,3,2,-8641.220797017093,-6651.185103561916
inferred_20260921_seed0,0,11ed1195aabfcd298bcaf379e7f064ad8010cd8ca67a057b647baa8bf9ef6e77,664,1,2,-26892.88024903647,-29067.082215735238
inferred_20260921_seed0,0,11ed1195aabfcd298bcaf379e7f064ad8010cd8ca67a057b647baa8bf9ef6e77,664,2,2,-9485.840570840031,-9408.993373501562
inferred_20260921_seed0,0,11ed1195aabfcd298bcaf379e7f064ad8010cd8ca67a057b647baa8bf9ef6e77,664,3,2,-7146.95340298906,-6681.630880008748
inferred_20260921_seed0,0,11ed1195aabfcd298bcaf379e7f064ad8010cd8ca67a057b647baa8bf9ef6e77,665,1,2,-27250.040753855443,-29075.109031957843
inferred_20260921_seed0,0,11ed1195aabfcd298bcaf379e7f064ad8010cd8ca67a057b647baa8bf9ef6e77,665,2,2,-7887.593366709325,-9308.739256948322
inferred_20260921_seed0,0,11ed1195aabfcd298bcaf379e7f064ad8010cd8ca67a057b647baa8bf9ef6e77,665,3,2,-4997.374580562502,-6585.482311535833
inferred_20260921_seed0,0,11ed1195aabfcd298bcaf379e7f064ad8010cd8ca67a057b647baa8bf9ef6e77,666,1,2,-30072.73896057832,-29055.942118388866
inferred_20260921_seed0,0,11ed1195aabfcd298bcaf379e7f064ad8010cd8ca67a057b647baa8bf9ef6e77,666,2,2,-9225.395026471992,-9254.926295959935
inferred_20260921_seed0,0,11ed1195aabfcd298bcaf379e7f064ad8010cd8ca67a057b647baa8bf9ef6e77,666,3,2,-7232.581517327226,-6619.974463821893
inferred_20260921_seed0,0,11ed1195aabfcd298bcaf379e7f064ad8010cd8ca67a057b647baa8bf9ef6e77,667,1,2,-28348.73573282647,-28951.897176412993
inferred_20260921_seed0,0,11ed1195aabfcd298bcaf379e7f064ad8010cd8ca67a057b647baa8bf9ef6e77,667,2,2,-8008.202903169924,-9210.481976968194
inferred_20260921_seed0,0,11ed1195aabfcd298bcaf379e7f064ad8010cd8ca67a057b647baa8bf9ef6e77,667,3,2,-5803.549208668424,-6622.27140646485
inferred_20260921_seed0,0,11ed1195aabfcd298bcaf379e7f064ad8010cd8ca67a057b647baa8bf9ef6e77,668,1,2,-27514.65674280779,-28918.228788782577
inferred_20260921_seed0,0,11ed1195aabfcd298bcaf379e7f064ad8010cd8ca67a057b647baa8bf9ef6e77,668,2,2,-8833.910735829651,-9241.934078732833
inferred_20260921_seed0,0,11ed1195aabfcd298bcaf379e7f064ad8010cd8ca67a057b647baa8bf9ef6e77,668,3,2,-6558.224682037431,-6601.150159656579
inferred_20260921_seed0,0,11ed1195aabfcd298bcaf379e7f064ad8010cd8ca67a057b647baa8bf9ef6e77,669,1,2,-29848.32551571445,-28962.898297972115
inferred_20260921_seed0,0,11ed1195aabfcd298bcaf379e7f064ad8010cd8ca67a057b647baa8bf9ef6e77,669,2,2,-11428.294238249462,-9278.502477215216
inferred_20260921_seed0,0,11ed1195aabfcd298bcaf379e7f064ad8010cd8ca67a057b647baa8bf9ef6e77,669,3,2,-6858.193510208202,-6597.284591926513
inferred_20260921_seed0,0,11ed1195aabfcd298bcaf379e7f064ad8010cd8ca67a057b647baa8bf9ef6e77,670,1,2,-28230.74061639192,-28896.747956418003
inferred_20260921_seed0,0,11ed1195aabfcd298bcaf379e7f064ad8010cd8ca67a057b647baa8bf9ef6e77,670,2,2,-10029.563733494208,-9331.621855792806
inferred_20260921_seed0,0,11ed1195aabfcd298bcaf379e7f064ad8010cd8ca67a057b647baa8bf9ef6e77,670,3,2,-8182.498886145627,-6684.307989642727
inferred_20260921_seed0,0,11ed1195aabfcd298bcaf379e7f064ad8010cd8ca67a057b647baa8bf9ef6e77,671,1,2,-31388.866085949296,-28968.326851285718
inferred_20260921_seed0,0,11ed1195aabfcd298bcaf379e7f064ad8010cd8ca67a057b647baa8bf9ef6e77,671,2,2,-12037.111648715018,-9481.971876011736
inferred_20260921_seed0,0,11ed1195aabfcd298bcaf379e7f064ad8010cd8ca67a057b647baa8bf9ef6e77,671,3,2,-7839.65923926676,-6812.834840965193
inferred_20260921_seed0,0,11ed1195aabfcd298bcaf379e7f064ad8010cd8ca67a057b647baa8bf9ef6e77,672,1,2,-28429.36871266477,-28944.42703379827
inferred_20260921_seed0,0,11ed1195aabfcd298bcaf379e7f064ad8010cd8ca67a057b647baa8bf9ef6e77,672,2,2,-11467.59013907874,-9639.32653113212
inferred_20260921_seed0,0,11ed1195aabfcd298bcaf379e7f064ad8010cd8ca67a057b647baa8bf9ef6e77,672,3,2,-6384.872275711658,-6769.175057069642
inferred_20260921_seed0,0,11ed1195aabfcd298bcaf379e7f064ad8010cd8ca67a057b647baa8bf9ef6e77,673,1,2,-27631.1733174029,-28891.56692738425
inferred_20260921_seed0,0,11ed1195aabfcd298bcaf379e7f064ad8010cd8ca67a057b647baa8bf9ef6e77,673,2,2,-10470.200931346788,-9701.247403646556
inferred_20260921_seed0,0,11ed1195aabfcd298bcaf379e7f064ad8010cd8ca67a057b647baa8bf9ef6e77,673,3,2,-7329.404335732784,-6831.915414762044
inferred_20260921_seed0,0,11ed1195aabfcd298bcaf379e7f064ad8010cd8ca67a057b647baa8bf9ef6e77,674,1,2,-29689.85515669292,-28851.28280855363
inferred_20260921_seed0,0,11ed1195aabfcd298bcaf379e7f064ad8010cd8ca67a057b647baa8bf9ef6e77,674,2,2,-10719.356515303787,-9739.319251390913
inferred_20260921_seed0,0,11ed1195aabfcd298bcaf379e7f064ad8010cd8ca67a057b647baa8bf9ef6e77,674,3,2,-6063.177333671751,-6844.495279418125
inferred_20260921_seed0,0,11ed1195aabfcd298bcaf379e7f064ad8010cd8ca67a057b647baa8bf9ef6e77,675,1,2,-27691.03266826534,-28777.904680642936
inferred_20260921_seed0,0,11ed1195aabfcd298bcaf379e7f064ad8010cd8ca67a057b647baa8bf9ef6e77,675,2,2,-10063.741180776133,-9798.031324022028
inferred_20260921_seed0,0,11ed1195aabfcd298bcaf379e7f064ad8010cd8ca67a057b647baa8bf9ef6e77,675,3,2,-5204.637443970504,-6828.377535239287
inferred_20260921_seed0,0,11ed1195aabfcd298bcaf379e7f064ad8010cd8ca67a057b647baa8bf9ef6e77,676,1,2,-28154.09954079546,-28830.90532086055
inferred_20260921_seed0,0,11ed1195aabfcd298bcaf379e7f064ad8010cd8ca67a057b647baa8bf9ef6e77,676,2,2,-7755.326873169168,-9728.446750137138
inferred_20260921_seed0,0,11ed1195aabfcd298bcaf379e7f064ad8010cd8ca67a057b647baa8bf9ef6e77,676,3,2,-4787.82635875867,-6708.398695129153
inferred_20260921_seed0,0,11ed1195aabfcd298bcaf379e7f064ad8010cd8ca67a057b647baa8bf9ef6e77,677,1,2,-27728.21673137467,-28846.82968595442
inferred_20260921_seed0,0,11ed1195aabfcd298bcaf379e7f064ad8010cd8ca67a057b647baa8bf9ef6e77,677,2,2,-9391.277378182462,-9721.504557904042
inferred_20260921_seed0,0,11ed1195aabfcd298bcaf379e7f064ad8010cd8ca67a057b647baa8bf9ef6e77,677,3,2,-7084.155379919677,-6709.0277608400165
inferred_20260921_seed0,0,11ed1195aabfcd298bcaf379e7f064ad8010cd8ca67a057b647baa8bf9ef6e77,678,1,2,-28433.980608559563,-28772.043119713177
inferred_20260921_seed0,0,11ed1195aabfcd298bcaf379e7f064ad8010cd8ca67a057b647baa8bf9ef6e77,678,2,2,-10528.753590739969,-9760.36969736805
inferred_20260921_seed0,0,11ed1195aabfcd298bcaf379e7f064ad8010cd8ca67a057b647baa8bf9ef6e77,678,3,2,-6025.679885271033,-6681.573253790152
inferred_20260921_seed0,0,11ed1195aabfcd298bcaf379e7f064ad8010cd8ca67a057b647baa8bf9ef6e77,679,1,2,-31333.96661111319,-28890.9959913031
inferred_20260921_seed0,0,11ed1195aabfcd298bcaf379e7f064ad8010cd8ca67a057b647baa8bf9ef6e77,679,2,2,-10992.159315500045,-9828.93921165897
inferred_20260921_seed0,0,11ed1195aabfcd298bcaf379e7f064ad8010cd8ca67a057b647baa8bf9ef6e77,679,3,2,-7179.236042147854,-6648.209754100286
inferred_20260921_seed0,0,11ed1195aabfcd298bcaf379e7f064ad8010cd8ca67a057b647baa8bf9ef6e77,680,1,2,-27194.42790154368,-28863.837108472093
inferred_20260921_seed0,0,11ed1195aabfcd298bcaf379e7f064ad8010cd8ca67a057b647baa8bf9ef6e77,680,2,2,-10232.56612103087,-9889.648095428647
inferred_20260921_seed0,0,11ed1195aabfcd298bcaf379e7f064ad8010cd8ca67a057b647baa8bf9ef6e77,680,3,2,-6620.821275996887,-6675.594448434263
inferred_20260921_seed0,0,11ed1195aabfcd298bcaf379e7f064ad8010cd8ca67a057b647baa8bf9ef6e77,681,1,2,-29490.079432552902,-28864.57777140965
inferred_20260921_seed0,0,11ed1195aabfcd298bcaf379e7f064ad8010cd8ca67a057b647baa8bf9ef6e77,681,2,2,-9310.538552103724,-9912.033944892686
inferred_20260921_seed0,0,11ed1195aabfcd298bcaf379e7f064ad8010cd8ca67a057b647baa8bf9ef6e77,681,3,2,-7164.834931546324,-6717.831385150773
inferred_20260921_seed0,0,11ed1195aabfcd298bcaf379e7f064ad8010cd8ca67a057b647baa8bf9ef6e77,682,1,2,-27710.666575575808,-28732.970760791442
inferred_20260921_seed0,0,11ed1195aabfcd298bcaf379e7f064ad8010cd8ca67a057b647baa8bf9ef6e77,682,2,2,-9369.313551099898,-9946.89378173819
inferred_20260921_seed0,0,11ed1195aabfcd298bcaf379e7f064ad8010cd8ca67a057b647baa8bf9ef6e77,682,3,2,-6015.770156931783,-6709.4374190699145
inferred_20260921_seed0,0,11ed1195aabfcd298bcaf379e7f064ad8010cd8ca67a057b647baa8bf9ef6e77,683,1,2,-29127.74565109465,-28702.714474601857
inferred_20260921_seed0,0,11ed1195aabfcd298bcaf379e7f064ad8010cd8ca67a057b647baa8bf9ef6e77,683,2,2,-8979.635530716323,-9946.779473656703
inferred_20260921_seed0,0,11ed1195aabfcd298bcaf379e7f064ad8010cd8ca67a057b647baa8bf9ef6e77,683,3,2,-7230.175252308141,-6701.440203703303
inferred_20260921_seed0,0,11ed1195aabfcd298bcaf379e7f064ad8010cd8ca67a057b647baa8bf9ef6e77,684,1,2,-28524.777377247286,-28739.671588534795
inferred_20260921_seed0,0,11ed1195aabfcd298bcaf379e7f064ad8010cd8ca67a057b647baa8bf9ef6e77,684,2,2,-7869.451705102974,-9830.640193618201
inferred_20260921_seed0,0,11ed1195aabfcd298bcaf379e7f064ad8010cd8ca67a057b647baa8bf9ef6e77,684,3,2,-8244.538527053162,-6804.758010926025
inferred_20260921_seed0,0,11ed1195aabfcd298bcaf379e7f064ad8010cd8ca67a057b647baa8bf9ef6e77,685,1,2,-27297.44403846612,-28713.500003901754
inferred_20260921_seed0,0,11ed1195aabfcd298bcaf379e7f064ad8010cd8ca67a057b647baa8bf9ef6e77,685,2,2,-9406.043669600316,-9832.06002144191
inferred_20260921_seed0,0,11ed1195aabfcd298bcaf379e7f064ad8010cd8ca67a057b647baa8bf9ef6e77,685,3,2,-8408.238896844585,-6863.138554518545
inferred_20260921_seed0,0,11ed1195aabfcd298bcaf379e7f064ad8010cd8ca67a057b647baa8bf9ef6e77,686,1,2,-29989.583964414225,-28651.65123323206
inferred_20260921_seed0,0,11ed1195aabfcd298bcaf379e7f064ad8010cd8ca67a057b647baa8bf9ef6e77,686,2,2,-9199.40684297608,-9736.458476889256
inferred_20260921_seed0,0,11ed1195aabfcd298bcaf379e7f064ad8010cd8ca67a057b647baa8bf9ef6e77,686,3,2,-5585.575348821269,-6807.053638922627
inferred_20260921_seed0,0,11ed1195aabfcd298bcaf379e7f064ad8010cd8ca67a057b647baa8bf9ef6e77,687,1,2,-30191.70939656613,-28701.945664810562
inferred_20260921_seed0,0,11ed1195aabfcd298bcaf379e7f064ad8010cd8ca67a057b647baa8bf9ef6e77,687,2,2,-10626.19839235894,-9689.223640424221
inferred_20260921_seed0,0,11ed1195aabfcd298bcaf379e7f064ad8010cd8ca67a057b647baa8bf9ef6e77,687,3,2,-6195.323258016642,-6751.380901077002
inferred_20260921_seed0,0,11ed1195aabfcd298bcaf379e7f064ad8010cd8ca67a057b647baa8bf9ef6e77,688,1,2,-29800.28899003342,-28718.61605326093
inferred_20260921_seed0,0,11ed1195aabfcd298bcaf379e7f064ad8010cd8ca67a057b647baa8bf9ef6e77,688,2,2,-8398.741310435238,-9668.648552920044
inferred_20260921_seed0,0,11ed1195aabfcd298bcaf379e7f064ad8010cd8ca67a057b647baa8bf9ef6e77,688,3,2,-6322.930761436208,-6658.649299653766
inferred_20260921_seed0,0,11ed1195aabfcd298bcaf379e7f064ad8010cd8ca67a057b647baa8bf9ef6e77,689,1,2,-30455.554357008885,-28861.123017579826
inferred_20260921_seed0,0,11ed1195aabfcd298bcaf379e7f064ad8010cd8ca67a057b647baa8bf9ef6e77,689,2,2,-11531.820870324977,-9750.48776489944
inferred_20260921_seed0,0,11ed1195aabfcd298bcaf379e7f064ad8010cd8ca67a057b647baa8bf9ef6e77,689,3,2,-7192.690137682603,-6660.478769041508
inferred_20260921_seed0,0,11ed1195aabfcd298bcaf379e7f064ad8010cd8ca67a057b647baa8bf9ef6e77,690,1,2,-29030.084636325228,-28932.324772878615
inferred_20260921_seed0,0,11ed1195aabfcd298bcaf379e7f064ad8010cd8ca67a057b647baa8bf9ef6e77,690,2,2,-9913.169802487737,-9831.510822330578
inferred_20260921_seed0,0,11ed1195aabfcd298bcaf379e7f064ad8010cd8ca67a057b647baa8bf9ef6e77,690,3,2,-5842.345850555746,-6694.277619841238
inferred_20260921_seed0,0,11ed1195aabfcd298bcaf379e7f064ad8010cd8ca67a057b647baa8bf9ef6e77,691,1,2,-27686.735288451604,-28836.88462599354
inferred_20260921_seed0,0,11ed1195aabfcd298bcaf379e7f064ad8010cd8ca67a057b647baa8bf9ef6e77,691,2,2,-11145.152626267038,-9908.301126322378
inferred_20260921_seed0,0,11ed1195aabfcd298bcaf379e7f064ad8010cd8ca67a057b647baa8bf9ef6e77,691,3,2,-7313.361699698842,-6697.508827136103
inferred_20260921_seed0,0,11ed1195aabfcd298bcaf379e7f064ad8010cd8ca67a057b647baa8bf9ef6e77,692,1,2,-27221.354492615104,-28791.78937638509
inferred_20260921_seed0,0,11ed1195aabfcd298bcaf379e7f064ad8010cd8ca67a057b647baa8bf9ef6e77,692,2,2,-9895.609638693211,-9983.797395743311
inferred_20260921_seed0,0,11ed1195aabfcd298bcaf379e7f064ad8010cd8ca67a057b647baa8bf9ef6e77,692,3,2,-7633.138671165572,-6770.6924056359885
inferred_20260921_seed0,0,11ed1195aabfcd298bcaf379e7f064ad8010cd8ca67a057b647baa8bf9ef6e77,693,1,2,-27836.24303245458,-28804.652827970964
inferred_20260921_seed0,0,11ed1195aabfcd298bcaf379e7f064ad8010cd8ca67a057b647baa8bf9ef6e77,693,2,2,-9639.031109681484,-10016.002210697383
inferred_20260921_seed0,0,11ed1195aabfcd298bcaf379e7f064ad8010cd8ca67a057b647baa8bf9ef6e77,693,3,2,-6551.701543736355,-6770.431480103945
inferred_20260921_seed0,0,11ed1195aabfcd298bcaf379e7f064ad8010cd8ca67a057b647baa8bf9ef6e77,694,1,2,-29363.44350000348,-28785.25754734252
inferred_20260921_seed0,0,11ed1195aabfcd298bcaf379e7f064ad8010cd8ca67a057b647baa8bf9ef6e77,694,2,2,-9301.952537261846,-9930.94854265788
inferred_20260921_seed0,0,11ed1195aabfcd298bcaf379e7f064ad8010cd8ca67a057b647baa8bf9ef6e77,694,3,2,-5429.661634157535,-6713.290205061919
inferred_20260921_seed0,0,11ed1195aabfcd298bcaf379e7f064ad8010cd8ca67a057b647baa8bf9ef6e77,695,1,2,-30249.83547564612,-28866.021341712694
inferred_20260921_seed0,0,11ed1195aabfcd298bcaf379e7f064ad8010cd8ca67a057b647baa8bf9ef6e77,695,2,2,-9461.87340603326,-9908.24092955944
inferred_20260921_seed0,0,11ed1195aabfcd298bcaf379e7f064ad8010cd8ca67a057b647baa8bf9ef6e77,695,3,2,-6910.973121132569,-6662.429174461397
inferred_20260921_seed0,0,11ed1195aabfcd298bcaf379e7f064ad8010cd8ca67a057b647baa8bf9ef6e77,696,1,2,-27188.072395306648,-28697.98959408699
inferred_20260921_seed0,0,11ed1195aabfcd298bcaf379e7f064ad8010cd8ca67a057b647baa8bf9ef6e77,696,2,2,-10567.106564321237,-9849.44072618369
inferred_20260921_seed0,0,11ed1195aabfcd298bcaf379e7f064ad8010cd8ca67a057b647baa8bf9ef6e77,696,3,2,-5946.481655732676,-6586.702071120034
inferred_20260921_seed0,0,11ed1195aabfcd298bcaf379e7f064ad8010cd8ca67a057b647baa8bf9ef6e77,697,1,2,-29509.36717164672,-28741.189532446264
inferred_20260921_seed0,0,11ed1195aabfcd298bcaf379e7f064ad8010cd8ca67a057b647baa8bf9ef6e77,697,2,2,-10835.619005056851,-9824.161880822814
inferred_20260921_seed0,0,11ed1195aabfcd298bcaf379e7f064ad8010cd8ca67a057b647baa8bf9ef6e77,697,3,2,-7995.721497659154,-6651.136039997933
inferred_20260921_seed0,0,11ed1195aabfcd298bcaf379e7f064ad8010cd8ca67a057b647baa8bf9ef6e77,698,1,2,-28222.384340830515,-28764.837973383368
inferred_20260921_seed0,0,11ed1195aabfcd298bcaf379e7f064ad8010cd8ca67a057b647baa8bf9ef6e77,698,2,2,-10784.305264200631,-9836.726054136969
inferred_20260921_seed0,0,11ed1195aabfcd298bcaf379e7f064ad8010cd8ca67a057b647baa8bf9ef6e77,698,3,2,-6574.383830767481,-6620.935219799321
inferred_20260921_seed0,0,11ed1195aabfcd298bcaf379e7f064ad8010cd8ca67a057b647baa8bf9ef6e77,699,1,2,-27648.06949123342,-28683.166546764987
inferred_20260921_seed0,0,11ed1195aabfcd298bcaf379e7f064ad8010cd8ca67a057b647baa8bf9ef6e77,699,2,2,-9980.472286723589,-9807.17068499376
inferred_20260921_seed0,0,11ed1195aabfcd298bcaf379e7f064ad8010cd8ca67a057b647baa8bf9ef6e77,699,3,2,-7918.62424830296,-6695.153096384569
inferred_20260921_seed0,0,11ed1195aabfcd298bcaf379e7f064ad8010cd8ca67a057b647baa8bf9ef6e77,700,1,2,-29636.104593033542,-28760.96942375572
inferred_20260921_seed0,0,11ed1195aabfcd298bcaf379e7f064ad8010cd8ca67a057b647baa8bf9ef6e77,700,2,2,-9493.651198681477,-9784.367085709973
inferred_20260921_seed0,0,11ed1195aabfcd298bcaf379e7f064ad8010cd8ca67a057b647baa8bf9ef6e77,700,3,2,-5330.426167711008,-6700.184645334189
inferred_20260921_seed0,0,11ed1195aabfcd298bcaf379e7f064ad8010cd8ca67a057b647baa8bf9ef6e77,701,1,2,-27337.72198530354,-28728.314321536043
inferred_20260921_seed0,0,11ed1195aabfcd298bcaf379e7f064ad8010cd8ca67a057b647baa8bf9ef6e77,701,2,2,-9937.830162782468,-9871.667217294505
inferred_20260921_seed0,0,11ed1195aabfcd298bcaf379e7f064ad8010cd8ca67a057b647baa8bf9ef6e77,701,3,2,-6791.369984887504,-6780.326390379342
inferred_20260921_seed0,0,11ed1195aabfcd298bcaf379e7f064ad8010cd8ca67a057b647baa8bf9ef6e77,702,1,2,-28416.48349857189,-28755.84499222393
inferred_20260921_seed0,0,11ed1195aabfcd298bcaf379e7f064ad8010cd8ca67a057b647baa8bf9ef6e77,702,2,2,-10021.118548137722,-9896.860864092718
inferred_20260921_seed0,0,11ed1195aabfcd298bcaf379e7f064ad8010cd8ca67a057b647baa8bf9ef6e77,702,3,2,-6905.192887501598,-6773.16789068262
inferred_20260921_seed0,0,11ed1195aabfcd298bcaf379e7f064ad8010cd8ca67a057b647baa8bf9ef6e77,703,1,2,-28263.18594566892,-28749.013205708303
inferred_20260921_seed0,0,11ed1195aabfcd298bcaf379e7f064ad8010cd8ca67a057b647baa8bf9ef6e77,703,2,2,-9377.746189822969,-9850.820568056037
inferred_20260921_seed0,0,11ed1195aabfcd298bcaf379e7f064ad8010cd8ca67a057b647baa8bf9ef6e77,703,3,2,-6432.703457908903,-6789.448833588133
inferred_20260921_seed0,0,11ed1195aabfcd298bcaf379e7f064ad8010cd8ca67a057b647baa8bf9ef6e77,704,1,2,-28431.423470552465,-28632.911480085877
inferred_20260921_seed0,0,11ed1195aabfcd298bcaf379e7f064ad8010cd8ca67a057b647baa8bf9ef6e77,704,2,2,-10130.004638910836,-9816.334380992466
inferred_20260921_seed0,0,11ed1195aabfcd298bcaf379e7f064ad8010cd8ca67a057b647baa8bf9ef6e77,704,3,2,-6082.466700552544,-6745.578059924322
inferred_20260921_seed0,0,11ed1195aabfcd298bcaf379e7f064ad8010cd8ca67a057b647baa8bf9ef6e77,705,1,2,-27018.64717187848,-28625.880250899267
inferred_20260921_seed0,0,11ed1195aabfcd298bcaf379e7f064ad8010cd8ca67a057b647baa8bf9ef6e77,705,2,2,-8089.836074438469,-9730.625179128772
inferred_20260921_seed0,0,11ed1195aabfcd298bcaf379e7f064ad8010cd8ca67a057b647baa8bf9ef6e77,705,3,2,-6068.917514187306,-6723.501909451938
inferred_20260921_seed0,0,11ed1195aabfcd298bcaf379e7f064ad8010cd8ca67a057b647baa8bf9ef6e77,706,1,2,-31475.594613414258,-28705.30085813372
inferred_20260921_seed0,0,11ed1195aabfcd298bcaf379e7f064ad8010cd8ca67a057b647baa8bf9ef6e77,706,2,2,-10539.461665801417,-9779.78210367668
inferred_20260921_seed0,0,11ed1195aabfcd298bcaf379e7f064ad8010cd8ca67a057b647baa8bf9ef6e77,706,3,2,-5805.226470480717,-6669.117571009315
inferred_20260921_seed0,0,11ed1195aabfcd298bcaf379e7f064ad8010cd8ca67a057b647baa8bf9ef6e77,707,1,2,-28632.05820778515,-28742.156523422094
inferred_20260921_seed0,0,11ed1195aabfcd298bcaf379e7f064ad8010cd8ca67a057b647baa8bf9ef6e77,707,2,2,-8134.606681242249,-9730.393828882374
inferred_20260921_seed0,0,11ed1195aabfcd298bcaf379e7f064ad8010cd8ca67a057b647baa8bf9ef6e77,707,3,2,-7378.786391494626,-6723.638220391827
inferred_20260921_seed0,0,11ed1195aabfcd298bcaf379e7f064ad8010cd8ca67a057b647baa8bf9ef6e77,708,1,2,-27992.56553648056,-28696.749318837534
inferred_20260921_seed0,0,11ed1195aabfcd298bcaf379e7f064ad8010cd8ca67a057b647baa8bf9ef6e77,708,2,2,-11927.192463725482,-9848.296106202739
inferred_20260921_seed0,0,11ed1195aabfcd298bcaf379e7f064ad8010cd8ca67a057b647baa8bf9ef6e77,708,3,2,-5825.741558163787,-6667.460872626054
inferred_20260921_seed0,0,11ed1195aabfcd298bcaf379e7f064ad8010cd8ca67a057b647baa8bf9ef6e77,709,1,2,-29879.437328713982,-28750.935716896198
inferred_20260921_seed0,0,11ed1195aabfcd298bcaf379e7f064ad8010cd8ca67a057b647baa8bf9ef6e77,709,2,2,-8433.822914954202,-9870.870954596789
inferred_20260921_seed0,0,11ed1195aabfcd298bcaf379e7f064ad8010cd8ca67a057b647baa8bf9ef6e77,709,3,2,-5306.851506222537,-6549.953391792829
inferred_20260921_seed0,0,11ed1195aabfcd298bcaf379e7f064ad8010cd8ca67a057b647baa8bf9ef6e77,710,1,2,-28407.53549022518,-28795.33937496656
inferred_20260921_seed0,0,11ed1195aabfcd298bcaf379e7f064ad8010cd8ca67a057b647baa8bf9ef6e77,710,2,2,-7369.15399871774,-9789.395367761486
inferred_20260921_seed0,0,11ed1195aabfcd298bcaf379e7f064ad8010cd8ca67a057b647baa8bf9ef6e77,710,3,2,-7188.603762911866,-6501.16798643552
inferred_20260921_seed0,0,11ed1195aabfcd298bcaf379e7f064ad8010cd8ca67a057b647baa8bf9ef6e77,711,1,2,-28991.696481381536,-28755.423875645254
inferred_20260921_seed0,0,11ed1195aabfcd298bcaf379e7f064ad8010cd8ca67a057b647baa8bf9ef6e77,711,2,2,-8200.365361195805,-9749.433708490275
inferred_20260921_seed0,0,11ed1195aabfcd298bcaf379e7f064ad8010cd8ca67a057b647baa8bf9ef6e77,711,3,2,-7794.308702987805,-6589.517320602181
inferred_20260921_seed0,0,11ed1195aabfcd298bcaf379e7f064ad8010cd8ca67a057b647baa8bf9ef6e77,712,1,2,-29762.68916267129,-28738.263066289463
inferred_20260921_seed0,0,11ed1195aabfcd298bcaf379e7f064ad8010cd8ca67a057b647baa8bf9ef6e77,712,2,2,-8605.767936216678,-9668.616490244585
inferred_20260921_seed0,0,11ed1195aabfcd298bcaf379e7f064ad8010cd8ca67a057b647baa8bf9ef6e77,712,3,2,-7089.269165275609,-6625.2751568925405
inferred_20260921_seed0,0,11ed1195aabfcd298bcaf379e7f064ad8010cd8ca67a057b647baa8bf9ef6e77,713,1,2,-27633.408582257347,-28651.58784997842
inferred_20260921_seed0,0,11ed1195aabfcd298bcaf379e7f064ad8010cd8ca67a057b647baa8bf9ef6e77,713,2,2,-9803.344531477816,-9724.800619086287
inferred_20260921_seed0,0,11ed1195aabfcd298bcaf379e7f064ad8010cd8ca67a057b647baa8bf9ef6e77,713,3,2,-5827.421320860281,-6605.454779269503
inferred_20260921_seed0,0,11ed1195aabfcd298bcaf379e7f064ad8010cd8ca67a057b647baa8bf9ef6e77,714,1,2,-25209.141321087565,-28441.731328541566
inferred_20260921_seed0,0,11ed1195aabfcd298bcaf379e7f064ad8010cd8ca67a057b647baa8bf9ef6e77,714,2,2,-9507.993808567942,-9643.847536616006
inferred_20260921_seed0,0,11ed1195aabfcd298bcaf379e7f064ad8010cd8ca67a057b647baa8bf9ef6e77,714,3,2,-5842.6905382154855,-6551.454795290819
inferred_20260921_seed0,0,11ed1195aabfcd298bcaf379e7f064ad8010cd8ca67a057b647baa8bf9ef6e77,715,1,2,-26168.983148556203,-28327.287269030803
inferred_20260921_seed0,0,11ed1195aabfcd298bcaf379e7f064ad8010cd8ca67a057b647baa8bf9ef6e77,715,2,2,-7626.686350324588,-9552.38819852948
inferred_20260921_seed0,0,11ed1195aabfcd298bcaf379e7f064ad8010cd8ca67a057b647baa8bf9ef6e77,715,3,2,-7701.344363275606,-6625.814735799613
inferred_20260921_seed0,0,11ed1195aabfcd298bcaf379e7f064ad8010cd8ca67a057b647baa8bf9ef6e77,716,1,2,-28295.445226584256,-28351.63566655611
inferred_20260921_seed0,0,11ed1195aabfcd298bcaf379e7f064ad8010cd8ca67a057b647baa8bf9ef6e77,716,2,2,-8844.148456953764,-9460.34803175695
inferred_20260921_seed0,0,11ed1195aabfcd298bcaf379e7f064ad8010cd8ca67a057b647baa8bf9ef6e77,716,3,2,-6038.200510642235,-6574.808288237349
inferred_20260921_seed0,0,11ed1195aabfcd298bcaf379e7f064ad8010cd8ca67a057b647baa8bf9ef6e77,717,1,2,-29162.299277164137,-28429.273457938074
inferred_20260921_seed0,0,11ed1195aabfcd298bcaf379e7f064ad8010cd8ca67a057b647baa8bf9ef6e77,717,2,2,-6916.220044411427,-9341.172447985677
inferred_20260921_seed0,0,11ed1195aabfcd298bcaf379e7f064ad8010cd8ca67a057b647baa8bf9ef6e77,717,3,2,-6668.770015378218,-6536.233542005855
inferred_20260921_seed0,0,11ed1195aabfcd298bcaf379e7f064ad8010cd8ca67a057b647baa8bf9ef6e77,718,1,2,-28354.627662104656,-28450.008843124077
inferred_20260921_seed0,0,11ed1195aabfcd298bcaf379e7f064ad8010cd8ca67a057b647baa8bf9ef6e77,718,2,2,-8977.812715752458,-9314.723712228519
inferred_20260921_seed0,0,11ed1195aabfcd298bcaf379e7f064ad8010cd8ca67a057b647baa8bf9ef6e77,718,3,2,-7537.5499537089,-6575.667478404756
inferred_20260921_seed0,0,11ed1195aabfcd298bcaf379e7f064ad8010cd8ca67a057b647baa8bf9ef6e77,719,1,2,-29638.461987280796,-28461.00958261517
inferred_20260921_seed0,0,11ed1195aabfcd298bcaf379e7f064ad8010cd8ca67a057b647baa8bf9ef6e77,719,2,2,-6122.04483870568,-9187.52740428627
inferred_20260921_seed0,0,11ed1195aabfcd298bcaf379e7f064ad8010cd8ca67a057b647baa8bf9ef6e77,719,3,2,-5865.785718962166,-6593.112441796942
inferred_20260921_seed0,0,11ed1195aabfcd298bcaf379e7f064ad8010cd8ca67a057b647baa8bf9ef6e77,720,1,2,-28395.020567629654,-28386.816986294507
inferred_20260921_seed0,0,11ed1195aabfcd298bcaf379e7f064ad8010cd8ca67a057b647baa8bf9ef6e77,720,2,2,-10435.609192400298,-9226.476835740952
inferred_20260921_seed0,0,11ed1195aabfcd298bcaf379e7f064ad8010cd8ca67a057b647baa8bf9ef6e77,720,3,2,-7841.667913395566,-6630.340233487461
inferred_20260921_seed0,0,11ed1195aabfcd298bcaf379e7f064ad8010cd8ca67a057b647baa8bf9ef6e77,721,1,2,-28901.952167615145,-28455.372177186844
inferred_20260921_seed0,0,11ed1195aabfcd298bcaf379e7f064ad8010cd8ca67a057b647baa8bf9ef6e77,721,2,2,-6275.79131061553,-9054.824225592723
inferred_20260921_seed0,0,11ed1195aabfcd298bcaf379e7f064ad8010cd8ca67a057b647baa8bf9ef6e77,721,3,2,-8547.531777406934,-6734.382238354431
inferred_20260921_seed0,0,11ed1195aabfcd298bcaf379e7f064ad8010cd8ca67a057b647baa8bf9ef6e77,722,1,2,-29174.081460990117,-28441.960748760583
inferred_20260921_seed0,0,11ed1195aabfcd298bcaf379e7f064ad8010cd8ca67a057b647baa8bf9ef6e77,722,2,2,-8894.949703950802,-8977.197453548482
inferred_20260921_seed0,0,11ed1195aabfcd298bcaf379e7f064ad8010cd8ca67a057b647baa8bf9ef6e77,722,3,2,-7551.923284534978,-6716.630309829464
inferred_20260921_seed0,0,11ed1195aabfcd298bcaf379e7f064ad8010cd8ca67a057b647baa8bf9ef6e77,723,1,2,-28623.243781647485,-28457.995126393263
inferred_20260921_seed0,0,11ed1195aabfcd298bcaf379e7f064ad8010cd8ca67a057b647baa8bf9ef6e77,723,2,2,-9142.726870276809,-8911.534317791527
inferred_20260921_seed0,0,11ed1195aabfcd298bcaf379e7f064ad8010cd8ca67a057b647baa8bf9ef6e77,723,3,2,-7042.693673478258,-6735.362703537896
inferred_20260921_seed0,0,11ed1195aabfcd298bcaf379e7f064ad8010cd8ca67a057b647baa8bf9ef6e77,724,1,2,-29048.144707972395,-28513.998135062822
inferred_20260921_seed0,0,11ed1195aabfcd298bcaf379e7f064ad8010cd8ca67a057b647baa8bf9ef6e77,724,2,2,-10095.882682118285,-8916.150733607315
inferred_20260921_seed0,0,11ed1195aabfcd298bcaf379e7f064ad8010cd8ca67a057b647baa8bf9ef6e77,724,3,2,-7262.563532012658,-6709.120274886284
inferred_20260921_seed0,0,11ed1195aabfcd298bcaf379e7f064ad8010cd8ca67a057b647baa8bf9ef6e77,725,1,2,-27571.10524564638,-28431.398161167333
inferred_20260921_seed0,0,11ed1195aabfcd298bcaf379e7f064ad8010cd8ca67a057b647baa8bf9ef6e77,725,2,2,-9966.70183787233,-8935.072759174951
inferred_20260921_seed0,0,11ed1195aabfcd298bcaf379e7f064ad8010cd8ca67a057b647baa8bf9ef6e77,725,3,2,-6056.765621355036,-6738.173853032045
inferred_20260921_seed0,0,11ed1195aabfcd298bcaf379e7f064ad8010cd8ca67a057b647baa8bf9ef6e77,726,1,2,-27409.04719528891,-28434.25116956675
inferred_20260921_seed0,0,11ed1195aabfcd298bcaf379e7f064ad8010cd8ca67a057b647baa8bf9ef6e77,726,2,2,-9235.715769499846,-8906.988183443646
inferred_20260921_seed0,0,11ed1195aabfcd298bcaf379e7f064ad8010cd8ca67a057b647baa8bf9ef6e77,726,3,2,-8241.373153408578,-6796.173979772888
inferred_20260921_seed0,0,11ed1195aabfcd298bcaf379e7f064ad8010cd8ca67a057b647baa8bf9ef6e77,727,1,2,-30619.38517112093,-28522.367236468708
inferred_20260921_seed0,0,11ed1195aabfcd298bcaf379e7f064ad8010cd8ca67a057b647baa8bf9ef6e77,727,2,2,-9050.328145399037,-8868.1565673341
inferred_20260921_seed0,0,11ed1195aabfcd298bcaf379e7f064ad8010cd8ca67a057b647baa8bf9ef6e77,727,3,2,-6786.772978636014,-6791.437183418265
inferred_20260921_seed0,0,11ed1195aabfcd298bcaf379e7f064ad8010cd8ca67a057b647baa8bf9ef6e77,728,1,2,-29482.31844962077,-28571.13253662679
inferred_20260921_seed0,0,11ed1195aabfcd298bcaf379e7f064ad8010cd8ca67a057b647baa8bf9ef6e77,728,2,2,-10880.801576059504,-8928.27878278356
inferred_20260921_seed0,0,11ed1195aabfcd298bcaf379e7f064ad8010cd8ca67a057b647baa8bf9ef6e77,728,3,2,-7382.014335117261,-6829.409618506599
inferred_20260921_seed0,0,11ed1195aabfcd298bcaf379e7f064ad8010cd8ca67a057b647baa8bf9ef6e77,729,1,2,-28116.92478610705,-28558.552589248968
inferred_20260921_seed0,0,11ed1195aabfcd298bcaf379e7f064ad8010cd8ca67a057b647baa8bf9ef6e77,729,2,2,-7436.1624866398,-8820.52509669272
inferred_20260921_seed0,0,11ed1195aabfcd298bcaf379e7f064ad8010cd8ca67a057b647baa8bf9ef6e77,729,3,2,-6184.334200803692,-6833.484318516645
inferred_20260921_seed0,0,11ed1195aabfcd298bcaf379e7f064ad8010cd8ca67a057b647baa8bf9ef6e77,730,1,2,-28692.855633335097,-28625.520927707235
inferred_20260921_seed0,0,11ed1195aabfcd298bcaf379e7f064ad8010cd8ca67a057b647baa8bf9ef6e77,730,2,2,-11001.792285690142,-8937.003345142786
inferred_20260921_seed0,0,11ed1195aabfcd298bcaf379e7f064ad8010cd8ca67a057b647baa8bf9ef6e77,730,3,2,-7218.628672105473,-6879.472764833372
inferred_20260921_seed0,0,11ed1195aabfcd298bcaf379e7f064ad8010cd8ca67a057b647baa8bf9ef6e77,731,1,2,-26374.823568767715,-28421.490085921378
inferred_20260921_seed0,0,11ed1195aabfcd298bcaf379e7f064ad8010cd8ca67a057b647baa8bf9ef6e77,731,2,2,-8472.736181335264,-8854.334325764139
inferred_20260921_seed0,0,11ed1195aabfcd298bcaf379e7f064ad8010cd8ca67a057b647baa8bf9ef6e77,731,3,2,-7376.32296996227,-6942.316624812634
inferred_20260921_seed0,0,11ed1195aabfcd298bcaf379e7f064ad8010cd8ca67a057b647baa8bf9ef6e77,732,1,2,-28306.368756124004,-28408.462507854925
inferred_20260921_seed0,0,11ed1195aabfcd298bcaf379e7f064ad8010cd8ca67a057b647baa8bf9ef6e77,732,2,2,-7587.955732203857,-8832.468287802603
inferred_20260921_seed0,0,11ed1195aabfcd298bcaf379e7f064ad8010cd8ca67a057b647baa8bf9ef6e77,732,3,2,-6048.473085160175,-6889.104092559256
inferred_20260921_seed0,0,11ed1195aabfcd298bcaf379e7f064ad8010cd8ca67a057b647baa8bf9ef6e77,733,1,2,-27497.344282926697,-28388.653657712774
inferred_20260921_seed0,0,11ed1195aabfcd298bcaf379e7f064ad8010cd8ca67a057b647baa8bf9ef6e77,733,2,2,-9402.358350114346,-8731.474923258158
inferred_20260921_seed0,0,11ed1195aabfcd298bcaf379e7f064ad8010cd8ca67a057b647baa8bf9ef6e77,733,3,2,-7271.80207059415,-6946.9465130564695
inferred_20260921_seed0,0,11ed1195aabfcd298bcaf379e7f064ad8010cd8ca67a057b647baa8bf9ef6e77,734,1,2,-28512.475101038195,-28333.97516860574
inferred_20260921_seed0,0,11ed1195aabfcd298bcaf379e7f064ad8010cd8ca67a057b647baa8bf9ef6e77,734,2,2,-6282.8324476929065,-8645.435304567707
inferred_20260921_seed0,0,11ed1195aabfcd298bcaf379e7f064ad8010cd8ca67a057b647baa8bf9ef6e77,734,3,2,-7905.389361063157,-7050.888027250095
inferred_20260921_seed0,0,11ed1195aabfcd298bcaf379e7f064ad8010cd8ca67a057b647baa8bf9ef6e77,735,1,2,-31663.366654230864,-28464.208415165966
inferred_20260921_seed0,0,11ed1195aabfcd298bcaf379e7f064ad8010cd8ca67a057b647baa8bf9ef6e77,735,2,2,-9837.408282925458,-8744.165475936015
inferred_20260921_seed0,0,11ed1195aabfcd298bcaf379e7f064ad8010cd8ca67a057b647baa8bf9ef6e77,735,3,2,-8101.503975148582,-7087.404035739563
inferred_20260921_seed0,0,11ed1195aabfcd298bcaf379e7f064ad8010cd8ca67a057b647baa8bf9ef6e77,736,1,2,-28107.13763934189,-28428.826061484386
inferred_20260921_seed0,0,11ed1195aabfcd298bcaf379e7f064ad8010cd8ca67a057b647baa8bf9ef6e77,736,2,2,-8490.244790781631,-8755.760653119447
inferred_20260921_seed0,0,11ed1195aabfcd298bcaf379e7f064ad8010cd8ca67a057b647baa8bf9ef6e77,736,3,2,-7314.081786166565,-7068.194959066714
inferred_20260921_seed0,0,11ed1195aabfcd298bcaf379e7f064ad8010cd8ca67a057b647baa8bf9ef6e77,737,1,2,-29112.640734875316,-28402.824124372542
inferred_20260921_seed0,0,11ed1195aabfcd298bcaf379e7f064ad8010cd8ca67a057b647baa8bf9ef6e77,737,2,2,-7670.71931726492,-8718.358708361378
inferred_20260921_seed0,0,11ed1195aabfcd298bcaf379e7f064ad8010cd8ca67a057b647baa8bf9ef6e77,737,3,2,-5739.205511870643,-7014.192412930515
inferred_20260921_seed0,0,11ed1195aabfcd298bcaf379e7f064ad8010cd8ca67a057b647baa8bf9ef6e77,738,1,2,-27320.44419168544,-28390.305548749668
inferred_20260921_seed0,0,11ed1195aabfcd298bcaf379e7f064ad8010cd8ca67a057b647baa8bf9ef6e77,738,2,2,-8870.54964833032,-8681.046913035478
inferred_20260921_seed0,0,11ed1195aabfcd298bcaf379e7f064ad8010cd8ca67a057b647baa8bf9ef6e77,738,3,2,-8347.58012346768,-7114.998765034812
inferred_20260921_seed0,0,11ed1195aabfcd298bcaf379e7f064ad8010cd8ca67a057b647baa8bf9ef6e77,739,1,2,-28490.27621390175,-28521.550944462233
inferred_20260921_seed0,0,11ed1195aabfcd298bcaf379e7f064ad8010cd8ca67a057b647baa8bf9ef6e77,739,2,2,-8348.847280905364,-8634.681051928974
inferred_20260921_seed0,0,11ed1195aabfcd298bcaf379e7f064ad8010cd8ca67a057b647baa8bf9ef6e77,739,3,2,-7033.817768059465,-7162.643854228571
inferred_20260921_seed0,0,11ed1195aabfcd298bcaf379e7f064ad8010cd8ca67a057b647baa8bf9ef6e77,740,1,2,-27729.329300390607,-28583.964790535607
inferred_20260921_seed0,0,11ed1195aabfcd298bcaf379e7f064ad8010cd8ca67a057b647baa8bf9ef6e77,740,2,2,-11050.531558971878,-8771.634860274866
inferred_20260921_seed0,0,11ed1195aabfcd298bcaf379e7f064ad8010cd8ca67a057b647baa8bf9ef6e77,740,3,2,-9499.970411557912,-7234.588896159863
inferred_20260921_seed0,0,11ed1195aabfcd298bcaf379e7f064ad8010cd8ca67a057b647baa8bf9ef6e77,741,1,2,-26581.22882974248,-28515.39613466194
inferred_20260921_seed0,0,11ed1195aabfcd298bcaf379e7f064ad8010cd8ca67a057b647baa8bf9ef6e77,741,2,2,-9524.54013170764,-8798.850527265022
inferred_20260921_seed0,0,11ed1195aabfcd298bcaf379e7f064ad8010cd8ca67a057b647baa8bf9ef6e77,741,3,2,-6243.696004827449,-7242.808715927272
inferred_20260921_seed0,0,11ed1195aabfcd298bcaf379e7f064ad8010cd8ca67a057b647baa8bf9ef6e77,742,1,2,-28017.00012754853,-28469.584168677316
inferred_20260921_seed0,0,11ed1195aabfcd298bcaf379e7f064ad8010cd8ca67a057b647baa8bf9ef6e77,742,2,2,-10414.996431777488,-8938.801582759665
inferred_20260921_seed0,0,11ed1195aabfcd298bcaf379e7f064ad8010cd8ca67a057b647baa8bf9ef6e77,742,3,2,-7048.535056973456,-7257.999317591081
inferred_20260921_seed0,0,11ed1195aabfcd298bcaf379e7f064ad8010cd8ca67a057b647baa8bf9ef6e77,743,1,2,-28623.738436161337,-28480.348599639583
inferred_20260921_seed0,0,11ed1195aabfcd298bcaf379e7f064ad8010cd8ca67a057b647baa8bf9ef6e77,743,2,2,-8222.910127195502,-8908.605479217385
inferred_20260921_seed0,0,11ed1195aabfcd298bcaf379e7f064ad8010cd8ca67a057b647baa8bf9ef6e77,743,3,2,-6238.830340212204,-7206.050533051212
inferred_20260921_seed0,0,11ed1195aabfcd298bcaf379e7f064ad8010cd8ca67a057b647baa8bf9ef6e77,744,1,2,-29972.203122519,-28493.69824504911
inferred_20260921_seed0,0,11ed1195aabfcd298bcaf379e7f064ad8010cd8ca67a057b647baa8bf9ef6e77,744,2,2,-7798.508382457981,-8975.664020967477
inferred_20260921_seed0,0,11ed1195aabfcd298bcaf379e7f064ad8010cd8ca67a057b647baa8bf9ef6e77,744,3,2,-5194.214008999279,-7179.187664652697
inferred_20260921_seed0,0,11ed1195aabfcd298bcaf379e7f064ad8010cd8ca67a057b647baa8bf9ef6e77,745,1,2,-28639.63696369837,-28503.482900891864
inferred_20260921_seed0,0,11ed1195aabfcd298bcaf379e7f064ad8010cd8ca67a057b647baa8bf9ef6e77,745,2,2,-8383.41943428819,-8893.576430642994
inferred_20260921_seed0,0,11ed1195aabfcd298bcaf379e7f064ad8010cd8ca67a057b647baa8bf9ef6e77,745,3,2,-7079.376936016262,-7148.696025557525
inferred_20260921_seed0,0,11ed1195aabfcd298bcaf379e7f064ad8010cd8ca67a057b647baa8bf9ef6e77,746,1,2,-29271.22350692122,-28518.253754464105
inferred_20260921_seed0,0,11ed1195aabfcd298bcaf379e7f064ad8010cd8ca67a057b647baa8bf9ef6e77,746,2,2,-8679.046736688988,-8989.70664768593
inferred_20260921_seed0,0,11ed1195aabfcd298bcaf379e7f064ad8010cd8ca67a057b647baa8bf9ef6e77,746,3,2,-7233.247402432245,-7096.124650558539
inferred_20260921_seed0,0,11ed1195aabfcd298bcaf379e7f064ad8010cd8ca67a057b647baa8bf9ef6e77,747,1,2,-29215.84503366769,-28519.924297371203
inferred_20260921_seed0,0,11ed1195aabfcd298bcaf379e7f064ad8010cd8ca67a057b647baa8bf9ef6e77,747,2,2,-7888.212532935028,-8949.4371608453
inferred_20260921_seed0,0,11ed1195aabfcd298bcaf379e7f064ad8010cd8ca67a057b647baa8bf9ef6e77,747,3,2,-6111.779341058245,-7038.518892819469
inferred_20260921_seed0,0,11ed1195aabfcd298bcaf379e7f064ad8010cd8ca67a057b647baa8bf9ef6e77,748,1,2,-29762.47617755126,-28565.493593207357
inferred_20260921_seed0,0,11ed1195aabfcd298bcaf379e7f064ad8010cd8ca67a057b647baa8bf9ef6e77,748,2,2,-8790.400758656442,-8935.344116380486
inferred_20260921_seed0,0,11ed1195aabfcd298bcaf379e7f064ad8010cd8ca67a057b647baa8bf9ef6e77,748,3,2,-7133.843301829703,-7042.164877953526
inferred_20260921_seed0,0,11ed1195aabfcd298bcaf379e7f064ad8010cd8ca67a057b647baa8bf9ef6e77,749,1,2,-30048.31623714169,-28605.500454374123
inferred_20260921_seed0,0,11ed1195aabfcd298bcaf379e7f064ad8010cd8ca67a057b647baa8bf9ef6e77,749,2,2,-7158.695307261216,-8817.856621386203
inferred_20260921_seed0,0,11ed1195aabfcd298bcaf379e7f064ad8010cd8ca67a057b647baa8bf9ef6e77,749,3,2,-6853.26720158062,-7025.793024736245
inferred_20260921_seed0,0,11ed1195aabfcd298bcaf379e7f064ad8010cd8ca67a057b647baa8bf9ef6e77,750,1,2,-26021.140444045363,-28543.501862310088
inferred_20260921_seed0,0,11ed1195aabfcd298bcaf379e7f064ad8010cd8ca67a057b647baa8bf9ef6e77,750,2,2,-10824.112294503748,-8852.15303965146
inferred_20260921_seed0,0,11ed1195aabfcd298bcaf379e7f064ad8010cd8ca67a057b647baa8bf9ef6e77,750,3,2,-6120.460402973342,-7028.340816000977
inferred_20260921_seed0,0,11ed1195aabfcd298bcaf379e7f064ad8010cd8ca67a057b647baa8bf9ef6e77,751,1,2,-29838.04181450116,-28640.661647078578
inferred_20260921_seed0,0,11ed1195aabfcd298bcaf379e7f064ad8010cd8ca67a057b647baa8bf9ef6e77,751,2,2,-7831.834577662738,-8795.997791977976
inferred_20260921_seed0,0,11ed1195aabfcd298bcaf379e7f064ad8010cd8ca67a057b647baa8bf9ef6e77,751,3,2,-7977.766324346696,-7017.796542838501
inferred_20260921_seed0,0,11ed1195aabfcd298bcaf379e7f064ad8010cd8ca67a057b647baa8bf9ef6e77,752,1,2,-26825.93171823397,-28488.9235089631
inferred_20260921_seed0,0,11ed1195aabfcd298bcaf379e7f064ad8010cd8ca67a057b647baa8bf9ef6e77,752,2,2,-8562.5402389876,-8776.486275721518
inferred_20260921_seed0,0,11ed1195aabfcd298bcaf379e7f064ad8010cd8ca67a057b647baa8bf9ef6e77,752,3,2,-5726.844178160325,-6975.399390819474
inferred_20260921_seed0,0,11ed1195aabfcd298bcaf379e7f064ad8010cd8ca67a057b647baa8bf9ef6e77,753,1,2,-24780.42618495688,-28300.847818376544
inferred_20260921_seed0,0,11ed1195aabfcd298bcaf379e7f064ad8010cd8ca67a057b647baa8bf9ef6e77,753,2,2,-10945.975948521267,-8779.09325061999
inferred_20260921_seed0,0,11ed1195aabfcd298bcaf379e7f064ad8010cd8ca67a057b647baa8bf9ef6e77,753,3,2,-5187.439644122761,-6887.616403179693
inferred_20260921_seed0,0,11ed1195aabfcd298bcaf379e7f064ad8010cd8ca67a057b647baa8bf9ef6e77,754,1,2,-23703.85075617901,-28124.32485717942
inferred_20260921_seed0,0,11ed1195aabfcd298bcaf379e7f064ad8010cd8ca67a057b647baa8bf9ef6e77,754,2,2,-8895.081285499171,-8837.450002574364
inferred_20260921_seed0,0,11ed1195aabfcd298bcaf379e7f064ad8010cd8ca67a057b647baa8bf9ef6e77,754,3,2,-6900.576652691517,-6916.266101255207
inferred_20260921_seed0,0,11ed1195aabfcd298bcaf379e7f064ad8010cd8ca67a057b647baa8bf9ef6e77,755,1,2,-28887.033143412424,-28132.091957582514
inferred_20260921_seed0,0,11ed1195aabfcd298bcaf379e7f064ad8010cd8ca67a057b647baa8bf9ef6e77,755,2,2,-7128.054492544378,-8682.500490848533
inferred_20260921_seed0,0,11ed1195aabfcd298bcaf379e7f064ad8010cd8ca67a057b647baa8bf9ef6e77,755,3,2,-5833.28034171388,-6860.852168039543
inferred_20260921_seed0,0,11ed1195aabfcd298bcaf379e7f064ad8010cd8ca67a057b647baa8bf9ef6e77,756,1,2,-26168.57103201849,-28123.841856112544
inferred_20260921_seed0,0,11ed1195aabfcd298bcaf379e7f064ad8010cd8ca67a057b647baa8bf9ef6e77,756,2,2,-8063.535238784409,-8666.1324531465
inferred_20260921_seed0,0,11ed1195aabfcd298bcaf379e7f064ad8010cd8ca67a057b647baa8bf9ef6e77,756,3,2,-8549.928678122638,-6907.796396365958
inferred_20260921_seed0,0,11ed1195aabfcd298bcaf379e7f064ad8010cd8ca67a057b647baa8bf9ef6e77,757,1,2,-26948.90198099544,-28069.543185107406
inferred_20260921_seed0,0,11ed1195aabfcd298bcaf379e7f064ad8010cd8ca67a057b647baa8bf9ef6e77,757,2,2,-8076.911234605204,-8685.690673242552
inferred_20260921_seed0,0,11ed1195aabfcd298bcaf379e7f064ad8010cd8ca67a057b647baa8bf9ef6e77,757,3,2,-8090.180194759385,-6989.464680749927
inferred_20260921_seed0,0,11ed1195aabfcd298bcaf379e7f064ad8010cd8ca67a057b647baa8bf9ef6e77,758,1,2,-28360.14390633148,-28104.055170043594
inferred_20260921_seed0,0,11ed1195aabfcd298bcaf379e7f064ad8010cd8ca67a057b647baa8bf9ef6e77,758,2,2,-9387.576352435844,-8685.099393335413
inferred_20260921_seed0,0,11ed1195aabfcd298bcaf379e7f064ad8010cd8ca67a057b647baa8bf9ef6e77,758,3,2,-5806.416233256179,-6930.849247256408
inferred_20260921_seed0,0,11ed1195aabfcd298bcaf379e7f064ad8010cd8ca67a057b647baa8bf9ef6e77,759,1,2,-27855.1417274075,-28077.76183509837
inferred_20260921_seed0,0,11ed1195aabfcd298bcaf379e7f064ad8010cd8ca67a057b647baa8bf9ef6e77,759,2,2,-10942.43465390364,-8871.483481583842
inferred_20260921_seed0,0,11ed1195aabfcd298bcaf379e7f064ad8010cd8ca67a057b647baa8bf9ef6e77,759,3,2,-6519.420105346267,-6875.410477027731
inferred_20260921_seed0,0,11ed1195aabfcd298bcaf379e7f064ad8010cd8ca67a057b647baa8bf9ef6e77,760,1,2,-27977.935478872925,-27930.344588084048
inferred_20260921_seed0,0,11ed1195aabfcd298bcaf379e7f064ad8010cd8ca67a057b647baa8bf9ef6e77,760,2,2,-10281.382956241405,-8889.24246851648
inferred_20260921_seed0,0,11ed1195aabfcd298bcaf379e7f064ad8010cd8ca67a057b647baa8bf9ef6e77,760,3,2,-7847.664888047536,-6865.256913543691
inferred_20260921_seed0,0,11ed1195aabfcd298bcaf379e7f064ad8010cd8ca67a057b647baa8bf9ef6e77,761,1,2,-27971.56742777685,-27924.921779621443
inferred_20260921_seed0,0,11ed1195aabfcd298bcaf379e7f064ad8010cd8ca67a057b647baa8bf9ef6e77,761,2,2,-9825.486692767106,-8942.652144595899
inferred_20260921_seed0,0,11ed1195aabfcd298bcaf379e7f064ad8010cd8ca67a057b647baa8bf9ef6e77,761,3,2,-6989.395693170248,-6852.269469823837
inferred_20260921_seed0,0,11ed1195aabfcd298bcaf379e7f064ad8010cd8ca67a057b647baa8bf9ef6e77,762,1,2,-28241.75553658566,-27890.086371689864
inferred_20260921_seed0,0,11ed1195aabfcd298bcaf379e7f064ad8010cd8ca67a057b647baa8bf9ef6e77,762,2,2,-11949.081677994978,-9113.7866390251
inferred_20260921_seed0,0,11ed1195aabfcd298bcaf379e7f064ad8010cd8ca67a057b647baa8bf9ef6e77,762,3,2,-6295.607408093594,-6874.5255456727555
inferred_20260921_seed0,0,11ed1195aabfcd298bcaf379e7f064ad8010cd8ca67a057b647baa8bf9ef6e77,763,1,2,-28355.92500853815,-27931.505604363967
inferred_20260921_seed0,0,11ed1195aabfcd298bcaf379e7f064ad8010cd8ca67a057b647baa8bf9ef6e77,763,2,2,-9632.457449105425,-9144.262951056106
inferred_20260921_seed0,0,11ed1195aabfcd298bcaf379e7f064ad8010cd8ca67a057b647baa8bf9ef6e77,763,3,2,-6268.874805941015,-6791.377332971689
inferred_20260921_seed0,0,11ed1195aabfcd298bcaf379e7f064ad8010cd8ca67a057b647baa8bf9ef6e77,764,1,2,-26652.64008756404,-27858.00015931046
inferred_20260921_seed0,0,11ed1195aabfcd298bcaf379e7f064ad8010cd8ca67a057b647baa8bf9ef6e77,764,2,2,-7580.28635234016,-9113.520513913498
inferred_20260921_seed0,0,11ed1195aabfcd298bcaf379e7f064ad8010cd8ca67a057b647baa8bf9ef6e77,764,3,2,-6389.736434809012,-6765.61407964167
inferred_20260921_seed0,0,11ed1195aabfcd298bcaf379e7f064ad8010cd8ca67a057b647baa8bf9ef6e77,765,1,2,-27227.189269453844,-27837.914558072993
inferred_20260921_seed0,0,11ed1195aabfcd298bcaf379e7f064ad8010cd8ca67a057b647baa8bf9ef6e77,765,2,2,-9576.950989339775,-9054.577291128213
inferred_20260921_seed0,0,11ed1195aabfcd298bcaf379e7f064ad8010cd8ca67a057b647baa8bf9ef6e77,765,3,2,-6802.097562154482,-6657.699165665533
inferred_20260921_seed0,0,11ed1195aabfcd298bcaf379e7f064ad8010cd8ca67a057b647baa8bf9ef6e77,766,1,2,-29043.343390163456,-27936.399140489826
inferred_20260921_seed0,0,11ed1195aabfcd298bcaf379e7f064ad8010cd8ca67a057b647baa8bf9ef6e77,766,2,2,-8787.63143323446,-9025.100943189285
inferred_20260921_seed0,0,11ed1195aabfcd298bcaf379e7f064ad8010cd8ca67a057b647baa8bf9ef6e77,766,3,2,-6220.079322503293,-6656.754498372567
inferred_20260921_seed0,0,11ed1195aabfcd298bcaf379e7f064ad8010cd8ca67a057b647baa8bf9ef6e77,767,1,2,-29509.7921755104,-27996.1108224083
inferred_20260921_seed0,0,11ed1195aabfcd298bcaf379e7f064ad8010cd8ca67a057b647baa8bf9ef6e77,767,2,2,-8738.603755928203,-8958.045236155314
inferred_20260921_seed0,0,11ed1195aabfcd298bcaf379e7f064ad8010cd8ca67a057b647baa8bf9ef6e77,767,3,2,-6384.189699516134,-6630.180684074274
inferred_20260921_seed0,0,11ed1195aabfcd298bcaf379e7f064ad8010cd8ca67a057b647baa8bf9ef6e77,768,1,2,-27678.962671868416,-27958.319791836584
inferred_20260921_seed0,0,11ed1195aabfcd298bcaf379e7f064ad8010cd8ca67a057b647baa8bf9ef6e77,768,2,2,-8856.468422629994,-8983.387567972695
inferred_20260921_seed0,0,11ed1195aabfcd298bcaf379e7f064ad8010cd8ca67a057b647baa8bf9ef6e77,768,3,2,-6755.831477642068,-6650.860729571469
inferred_20260921_seed0,0,11ed1195aabfcd298bcaf379e7f064ad8010cd8ca67a057b647baa8bf9ef6e77,769,1,2,-29822.460559021983,-27952.33008929671
inferred_20260921_seed0,0,11ed1195aabfcd298bcaf379e7f064ad8010cd8ca67a057b647baa8bf9ef6e77,769,2,2,-7325.028043436135,-8964.44835441182
inferred_20260921_seed0,0,11ed1195aabfcd298bcaf379e7f064ad8010cd8ca67a057b647baa8bf9ef6e77,769,3,2,-8304.862027703886,-6775.286650319654
inferred_20260921_seed0,0,11ed1195aabfcd298bcaf379e7f064ad8010cd8ca67a057b647baa8bf9ef6e77,770,1,2,-29350.922063061076,-27980.781493271214
inferred_20260921_seed0,0,11ed1195aabfcd298bcaf379e7f064ad8010cd8ca67a057b647baa8bf9ef6e77,770,2,2,-9319.959179827194,-9001.909944233379
inferred_20260921_seed0,0,11ed1195aabfcd298bcaf379e7f064ad8010cd8ca67a057b647baa8bf9ef6e77,770,3,2,-6209.833491155362,-6740.504912525217
inferred_20260921_seed0,0,11ed1195aabfcd298bcaf379e7f064ad8010cd8ca67a057b647baa8bf9ef6e77,771,1,2,-28633.606726774364,-27955.276822065338
inferred_20260921_seed0,0,11ed1195aabfcd298bcaf379e7f064ad8010cd8ca67a057b647baa8bf9ef6e77,771,2,2,-8396.32597767983,-8990.601113873014
inferred_20260921_seed0,0,11ed1195aabfcd298bcaf379e7f064ad8010cd8ca67a057b647baa8bf9ef6e77,771,3,2,-5867.948196635903,-6685.892944293363
inferred_20260921_seed0,0,11ed1195aabfcd298bcaf379e7f064ad8010cd8ca67a057b647baa8bf9ef6e77,772,1,2,-28094.372318401885,-27910.417913454712
inferred_20260921_seed0,0,11ed1195aabfcd298bcaf379e7f064ad8010cd8ca67a057b647baa8bf9ef6e77,772,2,2,-9157.531490606452,-9041.37387217987
inferred_20260921_seed0,0,11ed1195aabfcd298bcaf379e7f064ad8010cd8ca67a057b647baa8bf9ef6e77,772,3,2,-6052.061775339727,-6683.504241664623
inferred_20260921_seed0,0,11ed1195aabfcd298bcaf379e7f064ad8010cd8ca67a057b647baa8bf9ef6e77,773,1,2,-28625.17936870751,-27864.926041100956
inferred_20260921_seed0,0,11ed1195aabfcd298bcaf379e7f064ad8010cd8ca67a057b647baa8bf9ef6e77,773,2,2,-9805.76938855967,-9081.988617376
inferred_20260921_seed0,0,11ed1195aabfcd298bcaf379e7f064ad8010cd8ca67a057b647baa8bf9ef6e77,773,3,2,-7485.116236961759,-6697.555159069906
inferred_20260921_seed0,0,11ed1195aabfcd298bcaf379e7f064ad8010cd8ca67a057b647baa8bf9ef6e77,774,1,2,-26290.193283675304,-27714.601122962307
inferred_20260921_seed0,0,11ed1195aabfcd298bcaf379e7f064ad8010cd8ca67a057b647baa8bf9ef6e77,774,2,2,-9096.17995952427,-9159.488003466522
inferred_20260921_seed0,0,11ed1195aabfcd298bcaf379e7f064ad8010cd8ca67a057b647baa8bf9ef6e77,774,3,2,-5749.8890984117725,-6653.420034943151
inferred_20260921_seed0,0,11ed1195aabfcd298bcaf379e7f064ad8010cd8ca67a057b647baa8bf9ef6e77,775,1,2,-26940.314502077257,-27751.368085283582
inferred_20260921_seed0,0,11ed1195aabfcd298bcaf379e7f064ad8010cd8ca67a057b647baa8bf9ef6e77,775,2,2,-12479.600134002554,-9225.707517046474
inferred_20260921_seed0,0,11ed1195aabfcd298bcaf379e7f064ad8010cd8ca67a057b647baa8bf9ef6e77,775,3,2,-6680.971257175244,-6675.840469111227
inferred_20260921_seed0,0,11ed1195aabfcd298bcaf379e7f064ad8010cd8ca67a057b647baa8bf9ef6e77,776,1,2,-27474.079704406045,-27656.809600879773
inferred_20260921_seed0,0,11ed1195aabfcd298bcaf379e7f064ad8010cd8ca67a057b647baa8bf9ef6e77,776,2,2,-7660.52477184322,-9218.855124813694
inferred_20260921_seed0,0,11ed1195aabfcd298bcaf379e7f064ad8010cd8ca67a057b647baa8bf9ef6e77,776,3,2,-4984.895828607758,-6556.12564928167
inferred_20260921_seed0,0,11ed1195aabfcd298bcaf379e7f064ad8010cd8ca67a057b647baa8bf9ef6e77,777,1,2,-28712.01958469632,-27732.25311553827
inferred_20260921_seed0,0,11ed1195aabfcd298bcaf379e7f064ad8010cd8ca67a057b647baa8bf9ef6e77,777,2,2,-9287.148480803078,-9247.839454486313
inferred_20260921_seed0,0,11ed1195aabfcd298bcaf379e7f064ad8010cd8ca67a057b647baa8bf9ef6e77,777,3,2,-7188.536180366238,-6614.593329369906
inferred_20260921_seed0,0,11ed1195aabfcd298bcaf379e7f064ad8010cd8ca67a057b647baa8bf9ef6e77,778,1,2,-28837.59908486197,-27894.54003153447
inferred_20260921_seed0,0,11ed1195aabfcd298bcaf379e7f064ad8010cd8ca67a057b647baa8bf9ef6e77,778,2,2,-8208.025572151902,-9138.321439431538
inferred_20260921_seed0,0,11ed1195aabfcd298bcaf379e7f064ad8010cd8ca67a057b647baa8bf9ef6e77,778,3,2,-7713.799021785585,-6715.64770447642
inferred_20260921_seed0,0,11ed1195aabfcd298bcaf379e7f064ad8010cd8ca67a057b647baa8bf9ef6e77,779,1,2,-28664.002664812404,-28092.94610787981
inferred_20260921_seed0,0,11ed1195aabfcd298bcaf379e7f064ad8010cd8ca67a057b647baa8bf9ef6e77,779,2,2,-7543.931900472919,-9084.275464030488
inferred_20260921_seed0,0,11ed1195aabfcd298bcaf379e7f064ad8010cd8ca67a057b647baa8bf9ef6e77,779,3,2,-5654.297275602731,-6665.796529392868
inferred_20260921_seed0,0,11ed1195aabfcd298bcaf379e7f064ad8010cd8ca67a057b647baa8bf9ef6e77,780,1,2,-27457.562199723183,-28035.767270132237
inferred_20260921_seed0,0,11ed1195aabfcd298bcaf379e7f064ad8010cd8ca67a057b647baa8bf9ef6e77,780,2,2,-10261.43715584731,-9209.610770562605
inferred_20260921_seed0,0,11ed1195aabfcd298bcaf379e7f064ad8010cd8ca67a057b647baa8bf9ef6e77,780,3,2,-6050.913427832225,-6674.5018528376
inferred_20260921_seed0,0,11ed1195aabfcd298bcaf379e7f064ad8010cd8ca67a057b647baa8bf9ef6e77,781,1,2,-26582.149873741702,-28052.310423801166
inferred_20260921_seed0,0,11ed1195aabfcd298bcaf379e7f064ad8010cd8ca67a057b647baa8bf9ef6e77,781,2,2,-9391.754162952722,-9262.739527529338
inferred_20260921_seed0,0,11ed1195aabfcd298bcaf379e7f064ad8010cd8ca67a057b647baa8bf9ef6e77,781,3,2,-6471.14871436813,-6591.350654287421
inferred_20260921_seed0,0,11ed1195aabfcd298bcaf379e7f064ad8010cd8ca67a057b647baa8bf9ef6e77,782,1,2,-25640.186840056453,-27999.961818163603
inferred_20260921_seed0,0,11ed1195aabfcd298bcaf379e7f064ad8010cd8ca67a057b647baa8bf9ef6e77,782,2,2,-7927.36083295469,-9256.757511463318
inferred_20260921_seed0,0,11ed1195aabfcd298bcaf379e7f064ad8010cd8ca67a057b647baa8bf9ef6e77,782,3,2,-6067.5951630195295,-6510.447253017827
inferred_20260921_seed0,0,11ed1195aabfcd298bcaf379e7f064ad8010cd8ca67a057b647baa8bf9ef6e77,783,1,2,-29267.2124393352,-28036.24455948375
inferred_20260921_seed0,0,11ed1195aabfcd298bcaf379e7f064ad8010cd8ca67a057b647baa8bf9ef6e77,783,2,2,-11373.06759540025,-9336.177161181893
inferred_20260921_seed0,0,11ed1195aabfcd298bcaf379e7f064ad8010cd8ca67a057b647baa8bf9ef6e77,783,3,2,-8988.982869646796,-6637.7499184734515
inferred_20260921_seed0,0,11ed1195aabfcd298bcaf379e7f064ad8010cd8ca67a057b647baa8bf9ef6e77,784,1,2,-28176.7381680138,-28049.108417108007
inferred_20260921_seed0,0,11ed1195aabfcd298bcaf379e7f064ad8010cd8ca67a057b647baa8bf9ef6e77,784,2,2,-9702.268686668196,-9286.570522492475
inferred_20260921_seed0,0,11ed1195aabfcd298bcaf379e7f064ad8010cd8ca67a057b647baa8bf9ef6e77,784,3,2,-5830.327731525301,-6610.186223520614
inferred_20260921_seed0,0,11ed1195aabfcd298bcaf379e7f064ad8010cd8ca67a057b647baa8bf9ef6e77,785,1,2,-29183.913860835102,-28097.347552386498
inferred_20260921_seed0,0,11ed1195aabfcd298bcaf379e7f064ad8010cd8ca67a057b647baa8bf9ef6e77,785,2,2,-12381.289789847822,-9370.566795836732
inferred_20260921_seed0,0,11ed1195aabfcd298bcaf379e7f064ad8010cd8ca67a057b647baa8bf9ef6e77,785,3,2,-6977.829000180844,-6575.3927880059455
inferred_20260921_seed0,0,11ed1195aabfcd298bcaf379e7f064ad8010cd8ca67a057b647baa8bf9ef6e77,786,1,2,-28258.59545552822,-28108.828673496548
inferred_20260921_seed0,0,11ed1195aabfcd298bcaf379e7f064ad8010cd8ca67a057b647baa8bf9ef6e77,786,2,2,-8758.382845335904,-9327.882641939485
inferred_20260921_seed0,0,11ed1195aabfcd298bcaf379e7f064ad8010cd8ca67a057b647baa8bf9ef6e77,786,3,2,-6369.274236496242,-6550.587929738986
inferred_20260921_seed0,0,11ed1195aabfcd298bcaf379e7f064ad8010cd8ca67a057b647baa8bf9ef6e77,787,1,2,-28017.72281390286,-28099.867364589238
inferred_20260921_seed0,0,11ed1195aabfcd298bcaf379e7f064ad8010cd8ca67a057b647baa8bf9ef6e77,787,2,2,-8905.75493569508,-9206.149572247488
inferred_20260921_seed0,0,11ed1195aabfcd298bcaf379e7f064ad8010cd8ca67a057b647baa8bf9ef6e77,787,3,2,-6270.114153343535,-6549.568199548983
inferred_20260921_seed0,0,11ed1195aabfcd298bcaf379e7f064ad8010cd8ca67a057b647baa8bf9ef6e77,788,1,2,-24107.171939846503,-27929.91724184157
inferred_20260921_seed0,0,11ed1195aabfcd298bcaf379e7f064ad8010cd8ca67a057b647baa8bf9ef6e77,788,2,2,-9563.761118045612,-9203.401719005096
inferred_20260921_seed0,0,11ed1195aabfcd298bcaf379e7f064ad8010cd8ca67a057b647baa8bf9ef6e77,788,3,2,-6888.833162510928,-6574.366533811779
inferred_20260921_seed0,0,11ed1195aabfcd298bcaf379e7f064ad8010cd8ca67a057b647baa8bf9ef6e77,789,1,2,-28721.15974698873,-28012.65802821856
inferred_20260921_seed0,0,11ed1195aabfcd298bcaf379e7f064ad8010cd8ca67a057b647baa8bf9ef6e77,789,2,2,-8419.034440099076,-9236.951642515452
inferred_20260921_seed0,0,11ed1195aabfcd298bcaf379e7f064ad8010cd8ca67a057b647baa8bf9ef6e77,789,3,2,-6741.993550017774,-6588.456818420129
inferred_20260921_seed0,0,11ed1195aabfcd298bcaf379e7f064ad8010cd8ca67a057b647baa8bf9ef6e77,790,1,2,-27191.600637024378,-28011.23448292138
inferred_20260921_seed0,0,11ed1195aabfcd298bcaf379e7f064ad8010cd8ca67a057b647baa8bf9ef6e77,790,2,2,-11367.8662514282,-9308.58825299899
inferred_20260921_seed0,0,11ed1195aabfcd298bcaf379e7f064ad8010cd8ca67a057b647baa8bf9ef6e77,790,3,2,-5401.417394426697,-6532.429611711019
inferred_20260921_seed0,0,11ed1195aabfcd298bcaf379e7f064ad8010cd8ca67a057b647baa8bf9ef6e77,791,1,2,-27107.745636896405,-27933.8105727907
inferred_20260921_seed0,0,11ed1195aabfcd298bcaf379e7f064ad8010cd8ca67a057b647baa8bf9ef6e77,791,2,2,-9361.85814850648,-9331.557321609871
inferred_20260921_seed0,0,11ed1195aabfcd298bcaf379e7f064ad8010cd8ca67a057b647baa8bf9ef6e77,791,3,2,-8123.767896428903,-6608.5771546680435
inferred_20260921_seed0,0,11ed1195aabfcd298bcaf379e7f064ad8010cd8ca67a057b647baa8bf9ef6e77,792,1,2,-26875.469188179966,-27828.437653297486
inferred_20260921_seed0,0,11ed1195aabfcd298bcaf379e7f064ad8010cd8ca67a057b647baa8bf9ef6e77,792,2,2,-9453.668674373022,-9360.159918347663
inferred_20260921_seed0,0,11ed1195aabfcd298bcaf379e7f064ad8010cd8ca67a057b647baa8bf9ef6e77,792,3,2,-5898.912560027482,-6589.166069088496
inferred_20260921_seed0,0,11ed1195aabfcd298bcaf379e7f064ad8010cd8ca67a057b647baa8bf9ef6e77,793,1,2,-28555.198228607856,-27863.48707556706
inferred_20260921_seed0,0,11ed1195aabfcd298bcaf379e7f064ad8010cd8ca67a057b647baa8bf9ef6e77,793,2,2,-9014.925195469732,-9366.498189261252
inferred_20260921_seed0,0,11ed1195aabfcd298bcaf379e7f064ad8010cd8ca67a057b647baa8bf9ef6e77,793,3,2,-6413.665562485316,-6575.479432482227
inferred_20260921_seed0,0,11ed1195aabfcd298bcaf379e7f064ad8010cd8ca67a057b647baa8bf9ef6e77,794,1,2,-28428.9341384348,-27807.74601874357
inferred_20260921_seed0,0,11ed1195aabfcd298bcaf379e7f064ad8010cd8ca67a057b647baa8bf9ef6e77,794,2,2,-8589.551638807654,-9417.079133076113
inferred_20260921_seed0,0,11ed1195aabfcd298bcaf379e7f064ad8010cd8ca67a057b647baa8bf9ef6e77,794,3,2,-5937.649682563099,-6480.790938676596
inferred_20260921_seed0,0,11ed1195aabfcd298bcaf379e7f064ad8010cd8ca67a057b647baa8bf9ef6e77,795,1,2,-27055.79750267229,-27715.941036328022
inferred_20260921_seed0,0,11ed1195aabfcd298bcaf379e7f064ad8010cd8ca67a057b647baa8bf9ef6e77,795,2,2,-6707.221710117474,-9312.569634287725
inferred_20260921_seed0,0,11ed1195aabfcd298bcaf379e7f064ad8010cd8ca67a057b647baa8bf9ef6e77,795,3,2,-6255.307773466879,-6482.609909969056
inferred_20260921_seed0,0,11ed1195aabfcd298bcaf379e7f064ad8010cd8ca67a057b647baa8bf9ef6e77,796,1,2,-27227.813799962,-27659.70931925553
inferred_20260921_seed0,0,11ed1195aabfcd298bcaf379e7f064ad8010cd8ca67a057b647baa8bf9ef6e77,796,2,2,-5937.634683735147,-9214.221982529938
inferred_20260921_seed0,0,11ed1195aabfcd298bcaf379e7f064ad8010cd8ca67a057b647baa8bf9ef6e77,796,3,2,-7231.84632606763,-6537.165835146326
inferred_20260921_seed0,0,11ed1195aabfcd298bcaf379e7f064ad8010cd8ca67a057b647baa8bf9ef6e77,797,1,2,-25327.462484811174,-27549.032925911895
inferred_20260921_seed0,0,11ed1195aabfcd298bcaf379e7f064ad8010cd8ca67a057b647baa8bf9ef6e77,797,2,2,-9315.54250904432,-9220.542423267452
inferred_20260921_seed0,0,11ed1195aabfcd298bcaf379e7f064ad8010cd8ca67a057b647baa8bf9ef6e77,797,3,2,-7450.572591060622,-6593.106267775161
inferred_20260921_seed0,0,11ed1195aabfcd298bcaf379e7f064ad8010cd8ca67a057b647baa8bf9ef6e77,798,1,2,-28924.050884750308,-27560.98778655361
inferred_20260921_seed0,0,11ed1195aabfcd298bcaf379e7f064ad8010cd8ca67a057b647baa8bf9ef6e77,798,2,2,-10434.068354265031,-9245.674381895666
inferred_20260921_seed0,0,11ed1195aabfcd298bcaf379e7f064ad8010cd8ca67a057b647baa8bf9ef6e77,798,3,2,-7166.114262750733,-6580.3461888067195
inferred_20260921_seed0,0,11ed1195aabfcd298bcaf379e7f064ad8010cd8ca67a057b647baa8bf9ef6e77,799,1,2,-28237.212971998517,-27638.868574086533
inferred_20260921_seed0,0,11ed1195aabfcd298bcaf379e7f064ad8010cd8ca67a057b647baa8bf9ef6e77,799,2,2,-10667.662072447984,-9308.533666412615
inferred_20260921_seed0,0,11ed1195aabfcd298bcaf379e7f064ad8010cd8ca67a057b647baa8bf9ef6e77,799,3,2,-6204.84444148422,-6598.544402529618
inferred_20260921_seed0,0,11ed1195aabfcd298bcaf379e7f064ad8010cd8ca67a057b647baa8bf9ef6e77,800,1,2,-27111.90204442564,-27645.73207578047
inferred_20260921_seed0,0,11ed1195aabfcd298bcaf379e7f064ad8010cd8ca67a057b647baa8bf9ef6e77,800,2,2,-7784.036333391346,-9120.711114388167
inferred_20260921_seed0,0,11ed1195aabfcd298bcaf379e7f064ad8010cd8ca67a057b647baa8bf9ef6e77,800,3,2,-6706.401026138524,-6599.561593288148
inferred_20260921_seed0,0,11ed1195aabfcd298bcaf379e7f064ad8010cd8ca67a057b647baa8bf9ef6e77,801,1,2,-27024.2057815928,-27627.737118867943
inferred_20260921_seed0,0,11ed1195aabfcd298bcaf379e7f064ad8010cd8ca67a057b647baa8bf9ef6e77,801,2,2,-8869.452363276796,-9169.06821804551
inferred_20260921_seed0,0,11ed1195aabfcd298bcaf379e7f064ad8010cd8ca67a057b647baa8bf9ef6e77,801,3,2,-6586.226679448017,-6663.61482732176
inferred_20260921_seed0,0,11ed1195aabfcd298bcaf379e7f064ad8010cd8ca67a057b647baa8bf9ef6e77,802,1,2,-27180.462814406557,-27566.47484805635
inferred_20260921_seed0,0,11ed1195aabfcd298bcaf379e7f064ad8010cd8ca67a057b647baa8bf9ef6e77,802,2,2,-7734.096615194437,-9106.946143421164
inferred_20260921_seed0,0,11ed1195aabfcd298bcaf379e7f064ad8010cd8ca67a057b647baa8bf9ef6e77,802,3,2,-6273.302317674277,-6627.005472814081
inferred_20260921_seed0,0,11ed1195aabfcd298bcaf379e7f064ad8010cd8ca67a057b647baa8bf9ef6e77,803,1,2,-24240.382683029573,-27382.586191983057
inferred_20260921_seed0,0,11ed1195aabfcd298bcaf379e7f064ad8010cd8ca67a057b647baa8bf9ef6e77,803,2,2,-10446.4145270456,-9196.481701616913
inferred_20260921_seed0,0,11ed1195aabfcd298bcaf379e7f064ad8010cd8ca67a057b647baa8bf9ef6e77,803,3,2,-6590.014038419737,-6582.054073479447
inferred_20260921_seed0,0,11ed1195aabfcd298bcaf379e7f064ad8010cd8ca67a057b647baa8bf9ef6e77,804,1,2,-27022.66404858236,-27316.93264733386
inferred_20260921_seed0,0,11ed1195aabfcd298bcaf379e7f064ad8010cd8ca67a057b647baa8bf9ef6e77,804,2,2,-7944.407478690691,-9212.500724745621
inferred_20260921_seed0,0,11ed1195aabfcd298bcaf379e7f064ad8010cd8ca67a057b647baa8bf9ef6e77,804,3,2,-7970.077273923285,-6674.685273412269
inferred_20260921_seed0,0,11ed1195aabfcd298bcaf379e7f064ad8010cd8ca67a057b647baa8bf9ef6e77,805,1,2,-29007.462537005416,-27378.928660825142
inferred_20260921_seed0,0,11ed1195aabfcd298bcaf379e7f064ad8010cd8ca67a057b647baa8bf9ef6e77,805,2,2,-7085.121848826315,-9085.448112464783
inferred_20260921_seed0,0,11ed1195aabfcd298bcaf379e7f064ad8010cd8ca67a057b647baa8bf9ef6e77,805,3,2,-6929.016731009431,-6709.809405539357
inferred_20260921_seed0,0,11ed1195aabfcd298bcaf379e7f064ad8010cd8ca67a057b647baa8bf9ef6e77,806,1,2,-25831.257573143463,-27348.892968801214
inferred_20260921_seed0,0,11ed1195aabfcd298bcaf379e7f064ad8010cd8ca67a057b647baa8bf9ef6e77,806,2,2,-8483.454946153597,-9049.116143792817
inferred_20260921_seed0,0,11ed1195aabfcd298bcaf379e7f064ad8010cd8ca67a057b647baa8bf9ef6e77,806,3,2,-6782.508345027623,-6722.263790765736
inferred_20260921_seed0,0,11ed1195aabfcd298bcaf379e7f064ad8010cd8ca67a057b647baa8bf9ef6e77,807,1,2,-26589.08321717901,-27386.848823886117
inferred_20260921_seed0,0,11ed1195aabfcd298bcaf379e7f064ad8010cd8ca67a057b647baa8bf9ef6e77,807,2,2,-7011.180348265425,-9012.468924405248
inferred_20260921_seed0,0,11ed1195aabfcd298bcaf379e7f064ad8010cd8ca67a057b647baa8bf9ef6e77,807,3,2,-6406.60509823109,-6735.824188174201
inferred_20260921_seed0,0,11ed1195aabfcd298bcaf379e7f064ad8010cd8ca67a057b647baa8bf9ef6e77,808,1,2,-26577.697238015586,-27279.268215833334
inferred_20260921_seed0,0,11ed1195aabfcd298bcaf379e7f064ad8010cd8ca67a057b647baa8bf9ef6e77,808,2,2,-11624.714383485343,-9022.534795928652
inferred_20260921_seed0,0,11ed1195aabfcd298bcaf379e7f064ad8010cd8ca67a057b647baa8bf9ef6e77,808,3,2,-5963.800391021888,-6614.816889029204
inferred_20260921_seed0,0,11ed1195aabfcd298bcaf379e7f064ad8010cd8ca67a057b647baa8bf9ef6e77,809,1,2,-28082.15597145059,-27275.484927970803
inferred_20260921_seed0,0,11ed1195aabfcd298bcaf379e7f064ad8010cd8ca67a057b647baa8bf9ef6e77,809,2,2,-7486.880542519806,-8933.919270162716
inferred_20260921_seed0,0,11ed1195aabfcd298bcaf379e7f064ad8010cd8ca67a057b647baa8bf9ef6e77,809,3,2,-6251.768715841236,-6631.674528401841
inferred_20260921_seed0,0,11ed1195aabfcd298bcaf379e7f064ad8010cd8ca67a057b647baa8bf9ef6e77,810,1,2,-28721.963531351845,-27257.006914791473
inferred_20260921_seed0,0,11ed1195aabfcd298bcaf379e7f064ad8010cd8ca67a057b647baa8bf9ef6e77,810,2,2,-8067.460109987413,-8761.3660829683
inferred_20260921_seed0,0,11ed1195aabfcd298bcaf379e7f064ad8010cd8ca67a057b647baa8bf9ef6e77,810,3,2,-5601.53973585731,-6576.622957828899
inferred_20260921_seed0,0,11ed1195aabfcd298bcaf379e7f064ad8010cd8ca67a057b647baa8bf9ef6e77,811,1,2,-25677.278715445093,-27153.754245188153
inferred_20260921_seed0,0,11ed1195aabfcd298bcaf379e7f064ad8010cd8ca67a057b647baa8bf9ef6e77,811,2,2,-7931.79578540884,-8728.302600571216
inferred_20260921_seed0,0,11ed1195aabfcd298bcaf379e7f064ad8010cd8ca67a057b647baa8bf9ef6e77,811,3,2,-7915.164315737169,-6638.458560998536
inferred_20260921_seed0,0,11ed1195aabfcd298bcaf379e7f064ad8010cd8ca67a057b647baa8bf9ef6e77,812,1,2,-27694.61888151802,-27140.83008789276
inferred_20260921_seed0,0,11ed1195aabfcd298bcaf379e7f064ad8010cd8ca67a057b647baa8bf9ef6e77,812,2,2,-8693.987444344602,-8719.8319009172
inferred_20260921_seed0,0,11ed1195aabfcd298bcaf379e7f064ad8010cd8ca67a057b647baa8bf9ef6e77,812,3,2,-6323.1558969981215,-6640.580230744719
inferred_20260921_seed0,0,11ed1195aabfcd298bcaf379e7f064ad8010cd8ca67a057b647baa8bf9ef6e77,813,1,2,-27259.331667923296,-27266.916477015828
inferred_20260921_seed0,0,11ed1195aabfcd298bcaf379e7f064ad8010cd8ca67a057b647baa8bf9ef6e77,813,2,2,-7685.254160020808,-8644.691622596205
inferred_20260921_seed0,0,11ed1195aabfcd298bcaf379e7f064ad8010cd8ca67a057b647baa8bf9ef6e77,813,3,2,-6346.972779145177,-6618.90581541009
inferred_20260921_seed0,0,11ed1195aabfcd298bcaf379e7f064ad8010cd8ca67a057b647baa8bf9ef6e77,814,1,2,-27671.45442250145,-27224.928264036338
inferred_20260921_seed0,0,11ed1195aabfcd298bcaf379e7f064ad8010cd8ca67a057b647baa8bf9ef6e77,814,2,2,-10624.5758779853,-8732.913280111656
inferred_20260921_seed0,0,11ed1195aabfcd298bcaf379e7f064ad8010cd8ca67a057b647baa8bf9ef6e77,814,3,2,-6337.675425158344,-6602.733090415713
inferred_20260921_seed0,0,11ed1195aabfcd298bcaf379e7f064ad8010cd8ca67a057b647baa8bf9ef6e77,815,1,2,-26905.537970900677,-27213.485757391387
inferred_20260921_seed0,0,11ed1195aabfcd298bcaf379e7f064ad8010cd8ca67a057b647baa8bf9ef6e77,815,2,2,-7496.469837893354,-8578.05742357026
inferred_20260921_seed0,0,11ed1195aabfcd298bcaf379e7f064ad8010cd8ca67a057b647baa8bf9ef6e77,815,3,2,-6800.449327311337,-6658.694367731098
inferred_20260921_seed0,0,11ed1195aabfcd298bcaf379e7f064ad8010cd8ca67a057b647baa8bf9ef6e77,816,1,2,-25873.44485610055,-27164.113726159554
inferred_20260921_seed0,0,11ed1195aabfcd298bcaf379e7f064ad8010cd8ca67a057b647baa8bf9ef6e77,816,2,2,-9581.624335483795,-8586.848071049353
inferred_20260921_seed0,0,11ed1195aabfcd298bcaf379e7f064ad8010cd8ca67a057b647baa8bf9ef6e77,816,3,2,-7148.132302486776,-6619.668943973413
inferred_20260921_seed0,0,11ed1195aabfcd298bcaf379e7f064ad8010cd8ca67a057b647baa8bf9ef6e77,817,1,2,-28683.305373661256,-27236.427173578806
inferred_20260921_seed0,0,11ed1195aabfcd298bcaf379e7f064ad8010cd8ca67a057b647baa8bf9ef6e77,817,2,2,-8000.790149538248,-8528.732930055963
inferred_20260921_seed0,0,11ed1195aabfcd298bcaf379e7f064ad8010cd8ca67a057b647baa8bf9ef6e77,817,3,2,-7622.96171388069,-6688.630910127541
inferred_20260921_seed0,0,11ed1195aabfcd298bcaf379e7f064ad8010cd8ca67a057b647baa8bf9ef6e77,818,1,2,-26949.4959678221,-27172.199083147374
inferred_20260921_seed0,0,11ed1195aabfcd298bcaf379e7f064ad8010cd8ca67a057b647baa8bf9ef6e77,818,2,2,-7129.342607762252,-8453.309626547663
inferred_20260921_seed0,0,11ed1195aabfcd298bcaf379e7f064ad8010cd8ca67a057b647baa8bf9ef6e77,818,3,2,-6430.65035491095,-6689.310301824567
inferred_20260921_seed0,0,11ed1195aabfcd298bcaf379e7f064ad8010cd8ca67a057b647baa8bf9ef6e77,819,1,2,-25448.982099087152,-27053.00100157347
inferred_20260921_seed0,0,11ed1195aabfcd298bcaf379e7f064ad8010cd8ca67a057b647baa8bf9ef6e77,819,2,2,-9833.392618516707,-8503.063265736026
inferred_20260921_seed0,0,11ed1195aabfcd298bcaf379e7f064ad8010cd8ca67a057b647baa8bf9ef6e77,819,3,2,-6652.952655488774,-6717.922420741594
inferred_20260921_seed0,0,11ed1195aabfcd298bcaf379e7f064ad8010cd8ca67a057b647baa8bf9ef6e77,820,1,2,-29595.09457476329,-27154.572884457106
inferred_20260921_seed0,0,11ed1195aabfcd298bcaf379e7f064ad8010cd8ca67a057b647baa8bf9ef6e77,820,2,2,-10186.3475447909,-8642.228299122962
inferred_20260921_seed0,0,11ed1195aabfcd298bcaf379e7f064ad8010cd8ca67a057b647baa8bf9ef6e77,820,3,2,-7106.885748475999,-6751.985539741959
inferred_20260921_seed0,0,11ed1195aabfcd298bcaf379e7f064ad8010cd8ca67a057b647baa8bf9ef6e77,821,1,2,-25808.686947620445,-27097.807810363443
inferred_20260921_seed0,0,11ed1195aabfcd298bcaf379e7f064ad8010cd8ca67a057b647baa8bf9ef6e77,821,2,2,-8098.941536625984,-8728.680573238596
inferred_20260921_seed0,0,11ed1195aabfcd298bcaf379e7f064ad8010cd8ca67a057b647baa8bf9ef6e77,821,3,2,-6384.319397834679,-6718.08446261264
inferred_20260921_seed0,0,11ed1195aabfcd298bcaf379e7f064ad8010cd8ca67a057b647baa8bf9ef6e77,822,1,2,-27990.9664108579,-27204.34796740532
inferred_20260921_seed0,0,11ed1195aabfcd298bcaf379e7f064ad8010cd8ca67a057b647baa8bf9ef6e77,822,2,2,-7684.611942380807,-8663.443350572055
inferred_20260921_seed0,0,11ed1195aabfcd298bcaf379e7f064ad8010cd8ca67a057b647baa8bf9ef6e77,822,3,2,-6449.414404768207,-6678.038135160943
inferred_20260921_seed0,0,11ed1195aabfcd298bcaf379e7f064ad8010cd8ca67a057b647baa8bf9ef6e77,823,1,2,-26422.03823018549,-27104.267461222724
inferred_20260921_seed0,0,11ed1195aabfcd298bcaf379e7f064ad8010cd8ca67a057b647baa8bf9ef6e77,823,2,2,-6977.8776910705565,-8525.195724044277
inferred_20260921_seed0,0,11ed1195aabfcd298bcaf379e7f064ad8010cd8ca67a057b647baa8bf9ef6e77,823,3,2,-6596.784117168945,-6655.264929337673
inferred_20260921_seed0,0,11ed1195aabfcd298bcaf379e7f064ad8010cd8ca67a057b647baa8bf9ef6e77,824,1,2,-25591.1351953895,-26998.424350158362
inferred_20260921_seed0,0,11ed1195aabfcd298bcaf379e7f064ad8010cd8ca67a057b647baa8bf9ef6e77,824,2,2,-8938.598750370962,-8456.033191161196
inferred_20260921_seed0,0,11ed1195aabfcd298bcaf379e7f064ad8010cd8ca67a057b647baa8bf9ef6e77,824,3,2,-5778.8042920688085,-6638.223323361055
inferred_20260921_seed0,0,11ed1195aabfcd298bcaf379e7f064ad8010cd8ca67a057b647baa8bf9ef6e77,825,1,2,-24799.805837274667,-26905.940501872323
inferred_20260921_seed0,0,11ed1195aabfcd298bcaf379e7f064ad8010cd8ca67a057b647baa8bf9ef6e77,825,2,2,-10152.655067562284,-8550.777940528033
inferred_20260921_seed0,0,11ed1195aabfcd298bcaf379e7f064ad8010cd8ca67a057b647baa8bf9ef6e77,825,3,2,-6604.858777389021,-6634.161633411077
inferred_20260921_seed0,0,11ed1195aabfcd298bcaf379e7f064ad8010cd8ca67a057b647baa8bf9ef6e77,826,1,2,-27231.657544053294,-26914.238572370745
inferred_20260921_seed0,0,11ed1195aabfcd298bcaf379e7f064ad8010cd8ca67a057b647baa8bf9ef6e77,826,2,2,-8454.11397050285,-8534.164404817077
inferred_20260921_seed0,0,11ed1195aabfcd298bcaf379e7f064ad8010cd8ca67a057b647baa8bf9ef6e77,826,3,2,-6217.291359660929,-6619.404220619592
inferred_20260921_seed0,0,11ed1195aabfcd298bcaf379e7f064ad8010cd8ca67a057b647baa8bf9ef6e77,827,1,2,-25596.146098909565,-26850.865903750862
inferred_20260921_seed0,0,11ed1195aabfcd298bcaf379e7f064ad8010cd8ca67a057b647baa8bf9ef6e77,827,2,2,-9878.089200142613,-8619.924108215002
inferred_20260921_seed0,0,11ed1195aabfcd298bcaf379e7f064ad8010cd8ca67a057b647baa8bf9ef6e77,827,3,2,-6837.55851781231,-6641.974468625113
inferred_20260921_seed0,0,11ed1195aabfcd298bcaf379e7f064ad8010cd8ca67a057b647baa8bf9ef6e77,828,1,2,-24626.87729862399,-26866.325688374644
inferred_20260921_seed0,0,11ed1195aabfcd298bcaf379e7f064ad8010cd8ca67a057b647baa8bf9ef6e77,828,2,2,-8906.954217629222,-8558.345695838347
inferred_20260921_seed0,0,11ed1195aabfcd298bcaf379e7f064ad8010cd8ca67a057b647baa8bf9ef6e77,828,3,2,-6813.273433891853,-6650.904844443999
inferred_20260921_seed0,0,11ed1195aabfcd298bcaf379e7f064ad8010cd8ca67a057b647baa8bf9ef6e77,829,1,2,-27008.008051899607,-26865.739448507327
inferred_20260921_seed0,0,11ed1195aabfcd298bcaf379e7f064ad8010cd8ca67a057b647baa8bf9ef6e77,829,2,2,-9626.08069281912,-8625.612624403486
inferred_20260921_seed0,0,11ed1195aabfcd298bcaf379e7f064ad8010cd8ca67a057b647baa8bf9ef6e77,829,3,2,-7644.9930669831265,-6637.901476166391
inferred_20260921_seed0,0,11ed1195aabfcd298bcaf379e7f064ad8010cd8ca67a057b647baa8bf9ef6e77,830,1,2,-27038.065831517444,-26786.96358028781
inferred_20260921_seed0,0,11ed1195aabfcd298bcaf379e7f064ad8010cd8ca67a057b647baa8bf9ef6e77,830,2,2,-8735.200892038485,-8691.615786131972
inferred_20260921_seed0,0,11ed1195aabfcd298bcaf379e7f064ad8010cd8ca67a057b647baa8bf9ef6e77,830,3,2,-5882.51776385522,-6596.041517480223
inferred_20260921_seed0,0,11ed1195aabfcd298bcaf379e7f064ad8010cd8ca67a057b647baa8bf9ef6e77,831,1,2,-28413.880708486035,-26890.268505701515
inferred_20260921_seed0,0,11ed1195aabfcd298bcaf379e7f064ad8010cd8ca67a057b647baa8bf9ef6e77,831,2,2,-7993.045613145765,-8671.999412811658
inferred_20260921_seed0,0,11ed1195aabfcd298bcaf379e7f064ad8010cd8ca67a057b647baa8bf9ef6e77,831,3,2,-7652.510675945316,-6630.841610716931
inferred_20260921_seed0,0,11ed1195aabfcd298bcaf379e7f064ad8010cd8ca67a057b647baa8bf9ef6e77,832,1,2,-26813.63735767744,-26899.250671321453
inferred_20260921_seed0,0,11ed1195aabfcd298bcaf379e7f064ad8010cd8ca67a057b647baa8bf9ef6e77,832,2,2,-7684.612045044405,-8698.936680682817
inferred_20260921_seed0,0,11ed1195aabfcd298bcaf379e7f064ad8010cd8ca67a057b647baa8bf9ef6e77,832,3,2,-6582.349766043364,-6637.871397429423
inferred_20260921_seed0,0,11ed1195aabfcd298bcaf379e7f064ad8010cd8ca67a057b647baa8bf9ef6e77,833,1,2,-24441.128681703925,-26813.787929068985
inferred_20260921_seed0,0,11ed1195aabfcd298bcaf379e7f064ad8010cd8ca67a057b647baa8bf9ef6e77,833,2,2,-8048.369039875071,-8555.882866938406
inferred_20260921_seed0,0,11ed1195aabfcd298bcaf379e7f064ad8010cd8ca67a057b647baa8bf9ef6e77,833,3,2,-8617.537388354605,-6744.0208773227305
inferred_20260921_seed0,0,11ed1195aabfcd298bcaf379e7f064ad8010cd8ca67a057b647baa8bf9ef6e77,834,1,2,-25717.015486841083,-26719.182309684606
inferred_20260921_seed0,0,11ed1195aabfcd298bcaf379e7f064ad8010cd8ca67a057b647baa8bf9ef6e77,834,2,2,-9322.224983153168,-8629.29664456374
inferred_20260921_seed0,0,11ed1195aabfcd298bcaf379e7f064ad8010cd8ca67a057b647baa8bf9ef6e77,834,3,2,-6678.751142425187,-6761.100174386089
inferred_20260921_seed0,0,11ed1195aabfcd298bcaf379e7f064ad8010cd8ca67a057b647baa8bf9ef6e77,835,1,2,-27755.28917691452,-26680.51533550711
inferred_20260921_seed0,0,11ed1195aabfcd298bcaf379e7f064ad8010cd8ca67a057b647baa8bf9ef6e77,835,2,2,-8545.114602705973,-8648.402824272482
inferred_20260921_seed0,0,11ed1195aabfcd298bcaf379e7f064ad8010cd8ca67a057b647baa8bf9ef6e77,835,3,2,-6268.845397374904,-6787.792400846793
inferred_20260921_seed0,0,11ed1195aabfcd298bcaf379e7f064ad8010cd8ca67a057b647baa8bf9ef6e77,836,1,2,-27865.8416319598,-26768.057852167698
inferred_20260921_seed0,0,11ed1195aabfcd298bcaf379e7f064ad8010cd8ca67a057b647baa8bf9ef6e77,836,2,2,-7159.117416230441,-8617.495689505347
inferred_20260921_seed0,0,11ed1195aabfcd298bcaf379e7f064ad8010cd8ca67a057b647baa8bf9ef6e77,836,3,2,-5741.206679406898,-6700.834095393581
inferred_20260921_seed0,0,11ed1195aabfcd298bcaf379e7f064ad8010cd8ca67a057b647baa8bf9ef6e77,837,1,2,-25990.43322601109,-26699.890425947422
inferred_20260921_seed0,0,11ed1195aabfcd298bcaf379e7f064ad8010cd8ca67a057b647baa8bf9ef6e77,837,2,2,-7255.76102701044,-8559.96663281198
inferred_20260921_seed0,0,11ed1195aabfcd298bcaf379e7f064ad8010cd8ca67a057b647baa8bf9ef6e77,837,3,2,-6671.562248984888,-6714.770349473052
inferred_20260921_seed0,0,11ed1195aabfcd298bcaf379e7f064ad8010cd8ca67a057b647baa8bf9ef6e77,838,1,2,-27443.0404752038,-26707.23877823864
inferred_20260921_seed0,0,11ed1195aabfcd298bcaf379e7f064ad8010cd8ca67a057b647baa8bf9ef6e77,838,2,2,-7857.073832829741,-8566.839419724338
inferred_20260921_seed0,0,11ed1195aabfcd298bcaf379e7f064ad8010cd8ca67a057b647baa8bf9ef6e77,838,3,2,-7156.657219729528,-6747.157727096426
inferred_20260921_seed0,0,11ed1195aabfcd298bcaf379e7f064ad8010cd8ca67a057b647baa8bf9ef6e77,839,1,2,-25188.30153073348,-26607.91266256792
inferred_20260921_seed0,0,11ed1195aabfcd298bcaf379e7f064ad8010cd8ca67a057b647baa8bf9ef6e77,839,2,2,-9803.68504992385,-8534.003786601881
inferred_20260921_seed0,0,11ed1195aabfcd298bcaf379e7f064ad8010cd8ca67a057b647baa8bf9ef6e77,839,3,2,-5749.080296286189,-6723.61392194154
inferred_20260921_seed0,0,11ed1195aabfcd298bcaf379e7f064ad8010cd8ca67a057b647baa8bf9ef6e77,840,1,2,-28616.610930977837,-26676.35558097101
inferred_20260921_seed0,0,11ed1195aabfcd298bcaf379e7f064ad8010cd8ca67a057b647baa8bf9ef6e77,840,2,2,-7731.909767499847,-8543.421383786139
inferred_20260921_seed0,0,11ed1195aabfcd298bcaf379e7f064ad8010cd8ca67a057b647baa8bf9ef6e77,840,3,2,-7965.996498783839,-6770.23580880044
inferred_20260921_seed0,0,11ed1195aabfcd298bcaf379e7f064ad8010cd8ca67a057b647baa8bf9ef6e77,841,1,2,-29191.97510980825,-26809.09679111932
inferred_20260921_seed0,0,11ed1195aabfcd298bcaf379e7f064ad8010cd8ca67a057b647baa8bf9ef6e77,841,2,2,-9461.36836919557,-8538.611145134611
inferred_20260921_seed0,0,11ed1195aabfcd298bcaf379e7f064ad8010cd8ca67a057b647baa8bf9ef6e77,841,3,2,-6418.74131700725,-6741.06016938126
inferred_20260921_seed0,0,11ed1195aabfcd298bcaf379e7f064ad8010cd8ca67a057b647baa8bf9ef6e77,842,1,2,-24521.928472924024,-26642.641715089827
inferred_20260921_seed0,0,11ed1195aabfcd298bcaf379e7f064ad8010cd8ca67a057b647baa8bf9ef6e77,842,2,2,-6865.36283731774,-8493.19405264579
inferred_20260921_seed0,0,11ed1195aabfcd298bcaf379e7f064ad8010cd8ca67a057b647baa8bf9ef6e77,842,3,2,-6588.877113780882,-6699.696785377268
inferred_20260921_seed0,0,11ed1195aabfcd298bcaf379e7f064ad8010cd8ca67a057b647baa8bf9ef6e77,843,1,2,-28037.12909927064,-26686.147040347772
inferred_20260921_seed0,0,11ed1195aabfcd298bcaf379e7f064ad8010cd8ca67a057b647baa8bf9ef6e77,843,2,2,-7233.785811945884,-8497.371780813135
inferred_20260921_seed0,0,11ed1195aabfcd298bcaf379e7f064ad8010cd8ca67a057b647baa8bf9ef6e77,843,3,2,-4668.738706230772,-6629.22031943006
inferred_20260921_seed0,0,11ed1195aabfcd298bcaf379e7f064ad8010cd8ca67a057b647baa8bf9ef6e77,844,1,2,-27808.754627196584,-26780.53794147215
inferred_20260921_seed0,0,11ed1195aabfcd298bcaf379e7f064ad8010cd8ca67a057b647baa8bf9ef6e77,844,2,2,-8095.063496898758,-8427.838615948416
inferred_20260921_seed0,0,11ed1195aabfcd298bcaf379e7f064ad8010cd8ca67a057b647baa8bf9ef6e77,844,3,2,-5625.73607147859,-6588.131656069652
inferred_20260921_seed0,0,11ed1195aabfcd298bcaf379e7f064ad8010cd8ca67a057b647baa8bf9ef6e77,845,1,2,-25854.028204939877,-26630.895286679213
inferred_20260921_seed0,0,11ed1195aabfcd298bcaf379e7f064ad8010cd8ca67a057b647baa8bf9ef6e77,845,2,2,-9771.183895956525,-8411.232069995043
inferred_20260921_seed0,0,11ed1195aabfcd298bcaf379e7f064ad8010cd8ca67a057b647baa8bf9ef6e77,845,3,2,-7234.320778924213,-6593.229057287581
inferred_20260921_seed0,0,11ed1195aabfcd298bcaf379e7f064ad8010cd8ca67a057b647baa8bf9ef6e77,846,1,2,-26835.102232081303,-26671.951898057647
inferred_20260921_seed0,0,11ed1195aabfcd298bcaf379e7f064ad8010cd8ca67a057b647baa8bf9ef6e77,846,2,2,-7715.175002038839,-8395.881408611556
inferred_20260921_seed0,0,11ed1195aabfcd298bcaf379e7f064ad8010cd8ca67a057b647baa8bf9ef6e77,846,3,2,-7349.450845134541,-6631.834315179574
inferred_20260921_seed0,0,11ed1195aabfcd298bcaf379e7f064ad8010cd8ca67a057b647baa8bf9ef6e77,847,1,2,-27083.566981650594,-26635.65592088935
inferred_20260921_seed0,0,11ed1195aabfcd298bcaf379e7f064ad8010cd8ca67a057b647baa8bf9ef6e77,847,2,2,-10249.972348111938,-8498.4958248408
inferred_20260921_seed0,0,11ed1195aabfcd298bcaf379e7f064ad8010cd8ca67a057b647baa8bf9ef6e77,847,3,2,-7497.044518843408,-6673.739519742583
inferred_20260921_seed0,0,11ed1195aabfcd298bcaf379e7f064ad8010cd8ca67a057b647baa8bf9ef6e77,848,1,2,-24480.548692569697,-26557.99633938472
inferred_20260921_seed0,0,11ed1195aabfcd298bcaf379e7f064ad8010cd8ca67a057b647baa8bf9ef6e77,848,2,2,-9643.942634162744,-8605.138422564489
inferred_20260921_seed0,0,11ed1195aabfcd298bcaf379e7f064ad8010cd8ca67a057b647baa8bf9ef6e77,848,3,2,-7672.2506193659265,-6716.758179830463
inferred_20260921_seed0,0,11ed1195aabfcd298bcaf379e7f064ad8010cd8ca67a057b647baa8bf9ef6e77,849,1,2,-29839.906594943877,-26727.9471953669
inferred_20260921_seed0,0,11ed1195aabfcd298bcaf379e7f064ad8010cd8ca67a057b647baa8bf9ef6e77,849,2,2,-8735.509174088493,-8597.014839513191
inferred_20260921_seed0,0,11ed1195aabfcd298bcaf379e7f064ad8010cd8ca67a057b647baa8bf9ef6e77,849,3,2,-6468.072807863313,-6744.328920462243
inferred_20260921_seed0,0,11ed1195aabfcd298bcaf379e7f064ad8010cd8ca67a057b647baa8bf9ef6e77,850,1,2,-26236.286045554458,-26785.40640369809
inferred_20260921_seed0,0,11ed1195aabfcd298bcaf379e7f064ad8010cd8ca67a057b647baa8bf9ef6e77,850,2,2,-9797.220548672753,-8582.79745875761
inferred_20260921_seed0,0,11ed1195aabfcd298bcaf379e7f064ad8010cd8ca67a057b647baa8bf9ef6e77,850,3,2,-5980.613187293716,-6719.35909685843
inferred_20260921_seed0,0,11ed1195aabfcd298bcaf379e7f064ad8010cd8ca67a057b647baa8bf9ef6e77,851,1,2,-27582.663402423,-26799.446638032874
inferred_20260921_seed0,0,11ed1195aabfcd298bcaf379e7f064ad8010cd8ca67a057b647baa8bf9ef6e77,851,2,2,-7436.987529030519,-8542.112401098717
inferred_20260921_seed0,0,11ed1195aabfcd298bcaf379e7f064ad8010cd8ca67a057b647baa8bf9ef6e77,851,3,2,-7569.597799477959,-6773.451354451112
inferred_20260921_seed0,0,11ed1195aabfcd298bcaf379e7f064ad8010cd8ca67a057b647baa8bf9ef6e77,852,1,2,-27428.876439415835,-26872.755851653124
inferred_20260921_seed0,0,11ed1195aabfcd298bcaf379e7f064ad8010cd8ca67a057b647baa8bf9ef6e77,852,2,2,-8796.602646920019,-8498.852938969812
inferred_20260921_seed0,0,11ed1195aabfcd298bcaf379e7f064ad8010cd8ca67a057b647baa8bf9ef6e77,852,3,2,-8009.117527982984,-6820.313714857938
inferred_20260921_seed0,0,11ed1195aabfcd298bcaf379e7f064ad8010cd8ca67a057b647baa8bf9ef6e77,853,1,2,-24890.56400902113,-26883.30332006901
inferred_20260921_seed0,0,11ed1195aabfcd298bcaf379e7f064ad8010cd8ca67a057b647baa8bf9ef6e77,853,2,2,-9040.22195560116,-8504.18364848869
inferred_20260921_seed0,0,11ed1195aabfcd298bcaf379e7f064ad8010cd8ca67a057b647baa8bf9ef6e77,853,3,2,-4360.71431228929,-6722.211349993836
inferred_20260921_seed0,0,11ed1195aabfcd298bcaf379e7f064ad8010cd8ca67a057b647baa8bf9ef6e77,854,1,2,-26486.53531097526,-26862.444410432036
inferred_20260921_seed0,0,11ed1195aabfcd298bcaf379e7f064ad8010cd8ca67a057b647baa8bf9ef6e77,854,2,2,-9558.305423203688,-8501.472637704072
inferred_20260921_seed0,0,11ed1195aabfcd298bcaf379e7f064ad8010cd8ca67a057b647baa8bf9ef6e77,854,3,2,-9245.925989022206,-6786.2486668754
inferred_20260921_seed0,0,11ed1195aabfcd298bcaf379e7f064ad8010cd8ca67a057b647baa8bf9ef6e77,855,1,2,-24584.73817143812,-26764.311304028866
inferred_20260921_seed0,0,11ed1195aabfcd298bcaf379e7f064ad8010cd8ca67a057b647baa8bf9ef6e77,855,2,2,-8723.969214866895,-8501.02337061721
inferred_20260921_seed0,0,11ed1195aabfcd298bcaf379e7f064ad8010cd8ca67a057b647baa8bf9ef6e77,855,3,2,-6891.699124222856,-6826.615921290105
inferred_20260921_seed0,0,11ed1195aabfcd298bcaf379e7f064ad8010cd8ca67a057b647baa8bf9ef6e77,856,1,2,-28982.55939070936,-26787.0584513178
inferred_20260921_seed0,0,11ed1195aabfcd298bcaf379e7f064ad8010cd8ca67a057b647baa8bf9ef6e77,856,2,2,-8597.977421388498,-8525.220642946917
inferred_20260921_seed0,0,11ed1195aabfcd298bcaf379e7f064ad8010cd8ca67a057b647baa8bf9ef6e77,856,3,2,-8255.69925592297,-6850.743464489211
inferred_20260921_seed0,0,11ed1195aabfcd298bcaf379e7f064ad8010cd8ca67a057b647baa8bf9ef6e77,857,1,2,-27157.60983614706,-26800.817350456586
inferred_20260921_seed0,0,11ed1195aabfcd298bcaf379e7f064ad8010cd8ca67a057b647baa8bf9ef6e77,857,2,2,-9039.837924754174,-8579.42967813531
inferred_20260921_seed0,0,11ed1195aabfcd298bcaf379e7f064ad8010cd8ca67a057b647baa8bf9ef6e77,857,3,2,-5760.310856208077,-6817.861908095799
inferred_20260921_seed0,0,11ed1195aabfcd298bcaf379e7f064ad8010cd8ca67a057b647baa8bf9ef6e77,858,1,2,-26278.769289098243,-26874.322974752355
inferred_20260921_seed0,0,11ed1195aabfcd298bcaf379e7f064ad8010cd8ca67a057b647baa8bf9ef6e77,858,2,2,-8811.394831584013,-8609.950709803667
inferred_20260921_seed0,0,11ed1195aabfcd298bcaf379e7f064ad8010cd8ca67a057b647baa8bf9ef6e77,858,3,2,-7504.741667136201,-6773.350079247063
inferred_20260921_seed0,0,11ed1195aabfcd298bcaf379e7f064ad8010cd8ca67a057b647baa8bf9ef6e77,859,1,2,-26075.53865663768,-26888.663901544223
inferred_20260921_seed0,0,11ed1195aabfcd298bcaf379e7f064ad8010cd8ca67a057b647baa8bf9ef6e77,859,2,2,-7737.05117216034,-8546.543757363954
inferred_20260921_seed0,0,11ed1195aabfcd298bcaf379e7f064ad8010cd8ca67a057b647baa8bf9ef6e77,859,3,2,-7555.202520602814,-6808.408134374168
inferred_20260921_seed0,0,11ed1195aabfcd298bcaf379e7f064ad8010cd8ca67a057b647baa8bf9ef6e77,860,1,2,-25417.340220982915,-26795.145943306958
inferred_20260921_seed0,0,11ed1195aabfcd298bcaf379e7f064ad8010cd8ca67a057b647baa8bf9ef6e77,860,2,2,-7775.512880254024,-8515.759688465876
inferred_20260921_seed0,0,11ed1195aabfcd298bcaf379e7f064ad8010cd8ca67a057b647baa8bf9ef6e77,860,3,2,-6985.500542758904,-6837.074340189529
inferred_20260921_seed0,0,11ed1195aabfcd298bcaf379e7f064ad8010cd8ca67a057b647baa8bf9ef6e77,861,1,2,-27891.7066032916,-26796.18054216023
inferred_20260921_seed0,0,11ed1195aabfcd298bcaf379e7f064ad8010cd8ca67a057b647baa8bf9ef6e77,861,2,2,-8338.048257890874,-8562.916922132292
inferred_20260921_seed0,0,11ed1195aabfcd298bcaf379e7f064ad8010cd8ca67a057b647baa8bf9ef6e77,861,3,2,-6907.945680635839,-6883.743900238686
inferred_20260921_seed0,0,11ed1195aabfcd298bcaf379e7f064ad8010cd8ca67a057b647baa8bf9ef6e77,862,1,2,-28248.08123333944,-26886.486462453362
inferred_20260921_seed0,0,11ed1195aabfcd298bcaf379e7f064ad8010cd8ca67a057b647baa8bf9ef6e77,862,2,2,-6901.262714429631,-8548.736989629062
inferred_20260921_seed0,0,11ed1195aabfcd298bcaf379e7f064ad8010cd8ca67a057b647baa8bf9ef6e77,862,3,2,-7053.245990840451,-6899.011249912908
inferred_20260921_seed0,0,11ed1195aabfcd298bcaf379e7f064ad8010cd8ca67a057b647baa8bf9ef6e77,863,1,2,-26581.1836071011,-26852.012187729255
inferred_20260921_seed0,0,11ed1195aabfcd298bcaf379e7f064ad8010cd8ca67a057b647baa8bf9ef6e77,863,2,2,-7907.670851325962,-8550.76087036891
inferred_20260921_seed0,0,11ed1195aabfcd298bcaf379e7f064ad8010cd8ca67a057b647baa8bf9ef6e77,863,3,2,-6023.015659392164,-6853.665587499414
inferred_20260921_seed0,0,11ed1195aabfcd298bcaf379e7f064ad8010cd8ca67a057b647baa8bf9ef6e77,864,1,2,-24943.54123330931,-26842.221775832288
inferred_20260921_seed0,0,11ed1195aabfcd298bcaf379e7f064ad8010cd8ca67a057b647baa8bf9ef6e77,864,2,2,-8444.894509737633,-8496.40924876146
inferred_20260921_seed0,0,11ed1195aabfcd298bcaf379e7f064ad8010cd8ca67a057b647baa8bf9ef6e77,864,3,2,-5194.034431075197,-6831.463752890974
inferred_20260921_seed0,0,11ed1195aabfcd298bcaf379e7f064ad8010cd8ca67a057b647baa8bf9ef6e77,865,1,2,-23912.82116256134,-26654.070185095632
inferred_20260921_seed0,0,11ed1195aabfcd298bcaf379e7f064ad8010cd8ca67a057b647baa8bf9ef6e77,865,2,2,-9024.840084681724,-8548.126461448735
inferred_20260921_seed0,0,11ed1195aabfcd298bcaf379e7f064ad8010cd8ca67a057b647baa8bf9ef6e77,865,3,2,-7099.838321223252,-6796.81742578855
inferred_20260921_seed0,0,11ed1195aabfcd298bcaf379e7f064ad8010cd8ca67a057b647baa8bf9ef6e77,866,1,2,-26278.396352034248,-26537.527034784667
inferred_20260921_seed0,0,11ed1195aabfcd298bcaf379e7f064ad8010cd8ca67a057b647baa8bf9ef6e77,866,2,2,-6253.773839220752,-8419.822680249743
inferred_20260921_seed0,0,11ed1195aabfcd298bcaf379e7f064ad8010cd8ca67a057b647baa8bf9ef6e77,866,3,2,-5082.208555701001,-6743.356115336301
inferred_20260921_seed0,0,11ed1195aabfcd298bcaf379e7f064ad8010cd8ca67a057b647baa8bf9ef6e77,867,1,2,-25365.84704986711,-26571.28377786239
inferred_20260921_seed0,0,11ed1195aabfcd298bcaf379e7f064ad8010cd8ca67a057b647baa8bf9ef6e77,867,2,2,-9721.329436638594,-8534.061344222579
inferred_20260921_seed0,0,11ed1195aabfcd298bcaf379e7f064ad8010cd8ca67a057b647baa8bf9ef6e77,867,3,2,-8535.162376528806,-6821.207525846217
inferred_20260921_seed0,0,11ed1195aabfcd298bcaf379e7f064ad8010cd8ca67a057b647baa8bf9ef6e77,868,1,2,-26426.61252062924,-26506.863114716733
inferred_20260921_seed0,0,11ed1195aabfcd298bcaf379e7f064ad8010cd8ca67a057b647baa8bf9ef6e77,868,2,2,-7793.858572454179,-8556.46425464291
inferred_20260921_seed0,0,11ed1195aabfcd298bcaf379e7f064ad8010cd8ca67a057b647baa8bf9ef6e77,868,3,2,-5622.452339478602,-6859.356071176131
inferred_20260921_seed0,0,11ed1195aabfcd298bcaf379e7f064ad8010cd8ca67a057b647baa8bf9ef6e77,869,1,2,-26037.61113680364,-26436.017375101015
inferred_20260921_seed0,0,11ed1195aabfcd298bcaf379e7f064ad8010cd8ca67a057b647baa8bf9ef6e77,869,2,2,-8186.367194828804,-8560.11640256011
inferred_20260921_seed0,0,11ed1195aabfcd298bcaf379e7f064ad8010cd8ca67a057b647baa8bf9ef6e77,869,3,2,-6559.230733853143,-6896.695857671114
inferred_20260921_seed0,0,11ed1195aabfcd298bcaf379e7f064ad8010cd8ca67a057b647baa8bf9ef6e77,870,1,2,-27190.830821209955,-26489.489479751825
inferred_20260921_seed0,0,11ed1195aabfcd298bcaf379e7f064ad8010cd8ca67a057b647baa8bf9ef6e77,870,2,2,-7358.18271249515,-8463.596355221656
inferred_20260921_seed0,0,11ed1195aabfcd298bcaf379e7f064ad8010cd8ca67a057b647baa8bf9ef6e77,870,3,2,-7435.523741969943,-6904.743976192943
inferred_20260921_seed0,0,11ed1195aabfcd298bcaf379e7f064ad8010cd8ca67a057b647baa8bf9ef6e77,871,1,2,-25720.043590073583,-26444.887134071512
inferred_20260921_seed0,0,11ed1195aabfcd298bcaf379e7f064ad8010cd8ca67a057b647baa8bf9ef6e77,871,2,2,-9004.382245013028,-8515.164644940623
inferred_20260921_seed0,0,11ed1195aabfcd298bcaf379e7f064ad8010cd8ca67a057b647baa8bf9ef6e77,871,3,2,-6731.001217262095,-6880.005991078044
inferred_20260921_seed0,0,11ed1195aabfcd298bcaf379e7f064ad8010cd8ca67a057b647baa8bf9ef6e77,872,1,2,-27160.068264286067,-26447.947185376936
inferred_20260921_seed0,0,11ed1195aabfcd298bcaf379e7f064ad8010cd8ca67a057b647baa8bf9ef6e77,872,2,2,-6912.182891238277,-8381.653066665676
inferred_20260921_seed0,0,11ed1195aabfcd298bcaf379e7f064ad8010cd8ca67a057b647baa8bf9ef6e77,872,3,2,-7125.241763057226,-6865.133880846598
inferred_20260921_seed0,0,11ed1195aabfcd298bcaf379e7f064ad8010cd8ca67a057b647baa8bf9ef6e77,873,1,2,-26389.051273540717,-26524.287288615775
inferred_20260921_seed0,0,11ed1195aabfcd298bcaf379e7f064ad8010cd8ca67a057b647baa8bf9ef6e77,873,2,2,-6783.518884522015,-8267.236116680047
inferred_20260921_seed0,0,11ed1195aabfcd298bcaf379e7f064ad8010cd8ca67a057b647baa8bf9ef6e77,873,3,2,-7727.006996843458,-6867.324135945698
inferred_20260921_seed0,0,11ed1195aabfcd298bcaf379e7f064ad8010cd8ca67a057b647baa8bf9ef6e77,874,1,2,-27584.919557291523,-26434.087807109678
inferred_20260921_seed0,0,11ed1195aabfcd298bcaf379e7f064ad8010cd8ca67a057b647baa8bf9ef6e77,874,2,2,-9297.94839497935,-8289.733685515683
inferred_20260921_seed0,0,11ed1195aabfcd298bcaf379e7f064ad8010cd8ca67a057b647baa8bf9ef6e77,874,3,2,-7204.797148262026,-6896.793109561648
inferred_20260921_seed0,0,11ed1195aabfcd298bcaf379e7f064ad8010cd8ca67a057b647baa8bf9ef6e77,875,1,2,-24991.95509835536,-26384.31456922171
inferred_20260921_seed0,0,11ed1195aabfcd298bcaf379e7f064ad8010cd8ca67a057b647baa8bf9ef6e77,875,2,2,-8404.038834554998,-8234.006416950971
inferred_20260921_seed0,0,11ed1195aabfcd298bcaf379e7f064ad8010cd8ca67a057b647baa8bf9ef6e77,875,3,2,-5976.055337577441,-6896.610795572996
inferred_20260921_seed0,0,11ed1195aabfcd298bcaf379e7f064ad8010cd8ca67a057b647baa8bf9ef6e77,876,1,2,-25967.597849943835,-26319.711947122552
inferred_20260921_seed0,0,11ed1195aabfcd298bcaf379e7f064ad8010cd8ca67a057b647baa8bf9ef6e77,876,2,2,-7436.234513947395,-8233.976296347648
inferred_20260921_seed0,0,11ed1195aabfcd298bcaf379e7f064ad8010cd8ca67a057b647baa8bf9ef6e77,876,3,2,-6994.197286694694,-6873.594775061665
inferred_20260921_seed0,0,11ed1195aabfcd298bcaf379e7f064ad8010cd8ca67a057b647baa8bf9ef6e77,877,1,2,-24985.96506730924,-26221.995492238286
inferred_20260921_seed0,0,11ed1195aabfcd298bcaf379e7f064ad8010cd8ca67a057b647baa8bf9ef6e77,877,2,2,-8242.227173603642,-8211.801277414992
inferred_20260921_seed0,0,11ed1195aabfcd298bcaf379e7f064ad8010cd8ca67a057b647baa8bf9ef6e77,877,3,2,-7992.191210698557,-6872.917722370289
inferred_20260921_seed0,0,11ed1195aabfcd298bcaf379e7f064ad8010cd8ca67a057b647baa8bf9ef6e77,878,1,2,-27143.90593824094,-26312.12916940708
inferred_20260921_seed0,0,11ed1195aabfcd298bcaf379e7f064ad8010cd8ca67a057b647baa8bf9ef6e77,878,2,2,-7438.287174123265,-8147.723886155876
inferred_20260921_seed0,0,11ed1195aabfcd298bcaf379e7f064ad8010cd8ca67a057b647baa8bf9ef6e77,878,3,2,-7290.899981902388,-6990.125149154814
inferred_20260921_seed0,0,11ed1195aabfcd298bcaf379e7f064ad8010cd8ca67a057b647baa8bf9ef6e77,879,1,2,-26662.187523775898,-26319.1552579191
inferred_20260921_seed0,0,11ed1195aabfcd298bcaf379e7f064ad8010cd8ca67a057b647baa8bf9ef6e77,879,2,2,-7828.510327170104,-8078.532082314533
inferred_20260921_seed0,0,11ed1195aabfcd298bcaf379e7f064ad8010cd8ca67a057b647baa8bf9ef6e77,879,3,2,-6919.229006640754,-6897.057269859555
inferred_20260921_seed0,0,11ed1195aabfcd298bcaf379e7f064ad8010cd8ca67a057b647baa8bf9ef6e77,880,1,2,-27926.176355814183,-26452.812785294143
inferred_20260921_seed0,0,11ed1195aabfcd298bcaf379e7f064ad8010cd8ca67a057b647baa8bf9ef6e77,880,2,2,-9733.885764236627,-8118.928744289322
inferred_20260921_seed0,0,11ed1195aabfcd298bcaf379e7f064ad8010cd8ca67a057b647baa8bf9ef6e77,880,3,2,-5100.073226272774,-6825.392233941551
inferred_20260921_seed0,0,11ed1195aabfcd298bcaf379e7f064ad8010cd8ca67a057b647baa8bf9ef6e77,881,1,2,-25487.010105697656,-26312.990813893677
inferred_20260921_seed0,0,11ed1195aabfcd298bcaf379e7f064ad8010cd8ca67a057b647baa8bf9ef6e77,881,2,2,-6561.181465480146,-8037.456906052988
inferred_20260921_seed0,0,11ed1195aabfcd298bcaf379e7f064ad8010cd8ca67a057b647baa8bf9ef6e77,881,3,2,-6697.677989769645,-6763.071383295418
inferred_20260921_seed0,0,11ed1195aabfcd298bcaf379e7f064ad8010cd8ca67a057b647baa8bf9ef6e77,882,1,2,-27325.6277657937,-26319.71153107954
inferred_20260921_seed0,0,11ed1195aabfcd298bcaf379e7f064ad8010cd8ca67a057b647baa8bf9ef6e77,882,2,2,-9423.56619386096,-8052.806036817259
inferred_20260921_seed0,0,11ed1195aabfcd298bcaf379e7f064ad8010cd8ca67a057b647baa8bf9ef6e77,882,3,2,-6890.621594005318,-6808.283812807308
inferred_20260921_seed0,0,11ed1195aabfcd298bcaf379e7f064ad8010cd8ca67a057b647baa8bf9ef6e77,883,1,2,-26677.33333689641,-26335.65409299147
inferred_20260921_seed0,0,11ed1195aabfcd298bcaf379e7f064ad8010cd8ca67a057b647baa8bf9ef6e77,883,2,2,-9770.396572381782,-8091.16610644917
inferred_20260921_seed0,0,11ed1195aabfcd298bcaf379e7f064ad8010cd8ca67a057b647baa8bf9ef6e77,883,3,2,-7337.233627956191,-6801.583491240108
inferred_20260921_seed0,0,11ed1195aabfcd298bcaf379e7f064ad8010cd8ca67a057b647baa8bf9ef6e77,884,1,2,-26486.93666581801,-26352.11001335868
inferred_20260921_seed0,0,11ed1195aabfcd298bcaf379e7f064ad8010cd8ca67a057b647baa8bf9ef6e77,884,2,2,-7148.680132034449,-8067.631264844134
inferred_20260921_seed0,0,11ed1195aabfcd298bcaf379e7f064ad8010cd8ca67a057b647baa8bf9ef6e77,884,3,2,-5933.965660714079,-6736.734016844558
inferred_20260921_seed0,0,11ed1195aabfcd298bcaf379e7f064ad8010cd8ca67a057b647baa8bf9ef6e77,885,1,2,-26886.05440369392,-26410.85858066712
inferred_20260921_seed0,0,11ed1195aabfcd298bcaf379e7f064ad8010cd8ca67a057b647baa8bf9ef6e77,885,2,2,-6563.532724538021,-8019.152058615495
inferred_20260921_seed0,0,11ed1195aabfcd298bcaf379e7f064ad8010cd8ca67a057b647baa8bf9ef6e77,885,3,2,-6038.417860236455,-6698.85070954366
inferred_20260921_seed0,0,11ed1195aabfcd298bcaf379e7f064ad8010cd8ca67a057b647baa8bf9ef6e77,886,1,2,-25103.22308124988,-26299.31923978545
inferred_20260921_seed0,0,11ed1195aabfcd298bcaf379e7f064ad8010cd8ca67a057b647baa8bf9ef6e77,886,2,2,-8177.714728580823,-8012.738717443092
inferred_20260921_seed0,0,11ed1195aabfcd298bcaf379e7f064ad8010cd8ca67a057b647baa8bf9ef6e77,886,3,2,-5327.030368307909,-6635.614097050542
inferred_20260921_seed0,0,11ed1195aabfcd298bcaf379e7f064ad8010cd8ca67a057b647baa8bf9ef6e77,887,1,2,-26202.479711037795,-26217.49517889339
inferred_20260921_seed0,0,11ed1195aabfcd298bcaf379e7f064ad8010cd8ca67a057b647baa8bf9ef6e77,887,2,2,-9352.523217251151,-8110.789137555952
inferred_20260921_seed0,0,11ed1195aabfcd298bcaf379e7f064ad8010cd8ca67a057b647baa8bf9ef6e77,887,3,2,-6188.014798540435,-6601.004849358542
inferred_20260921_seed0,0,11ed1195aabfcd298bcaf379e7f064ad8010cd8ca67a057b647baa8bf9ef6e77,888,1,2,-26957.722737950036,-26232.55674412735
inferred_20260921_seed0,0,11ed1195aabfcd298bcaf379e7f064ad8010cd8ca67a057b647baa8bf9ef6e77,888,2,2,-8154.499767440016,-8120.662294200516
inferred_20260921_seed0,0,11ed1195aabfcd298bcaf379e7f064ad8010cd8ca67a057b647baa8bf9ef6e77,888,3,2,-7147.971214837037,-6646.003071576337
inferred_20260921_seed0,0,11ed1195aabfcd298bcaf379e7f064ad8010cd8ca67a057b647baa8bf9ef6e77,889,1,2,-27051.99581123565,-26316.8949272444
inferred_20260921_seed0,0,11ed1195aabfcd298bcaf379e7f064ad8010cd8ca67a057b647baa8bf9ef6e77,889,2,2,-7711.679820748317,-8091.333706640942
inferred_20260921_seed0,0,11ed1195aabfcd298bcaf379e7f064ad8010cd8ca67a057b647baa8bf9ef6e77,889,3,2,-6309.518785033573,-6690.622445734672
inferred_20260921_seed0,0,11ed1195aabfcd298bcaf379e7f064ad8010cd8ca67a057b647baa8bf9ef6e77,890,1,2,-25106.88900900661,-26364.657641102207
inferred_20260921_seed0,0,11ed1195aabfcd298bcaf379e7f064ad8010cd8ca67a057b647baa8bf9ef6e77,890,2,2,-8850.525411085273,-8084.361119697085
inferred_20260921_seed0,0,11ed1195aabfcd298bcaf379e7f064ad8010cd8ca67a057b647baa8bf9ef6e77,890,3,2,-6539.823568231508,-6668.221855615003
inferred_20260921_seed0,0,11ed1195aabfcd298bcaf379e7f064ad8010cd8ca67a057b647baa8bf9ef6e77,891,1,2,-25351.32028466982,-26327.574598407635
inferred_20260921_seed0,0,11ed1195aabfcd298bcaf379e7f064ad8010cd8ca67a057b647baa8bf9ef6e77,891,2,2,-7421.445686301953,-8131.067993580332
inferred_20260921_seed0,0,11ed1195aabfcd298bcaf379e7f064ad8010cd8ca67a057b647baa8bf9ef6e77,891,3,2,-6747.7846465711045,-6734.844899249807
inferred_20260921_seed0,0,11ed1195aabfcd298bcaf379e7f064ad8010cd8ca67a057b647baa8bf9ef6e77,892,1,2,-23830.52786851001,-26266.161831153346
inferred_20260921_seed0,0,11ed1195aabfcd298bcaf379e7f064ad8010cd8ca67a057b647baa8bf9ef6e77,892,2,2,-7511.755475456926,-8042.685035133066
inferred_20260921_seed0,0,11ed1195aabfcd298bcaf379e7f064ad8010cd8ca67a057b647baa8bf9ef6e77,892,3,2,-8036.0337965010685,-6714.879756048696
inferred_20260921_seed0,0,11ed1195aabfcd298bcaf379e7f064ad8010cd8ca67a057b647baa8bf9ef6e77,893,1,2,-27502.595456079493,-26309.20114857136
inferred_20260921_seed0,0,11ed1195aabfcd298bcaf379e7f064ad8010cd8ca67a057b647baa8bf9ef6e77,893,2,2,-7450.226229825719,-8028.939741427927
inferred_20260921_seed0,0,11ed1195aabfcd298bcaf379e7f064ad8010cd8ca67a057b647baa8bf9ef6e77,893,3,2,-7113.931235598062,-6774.538911893476
inferred_20260921_seed0,0,11ed1195aabfcd298bcaf379e7f064ad8010cd8ca67a057b647baa8bf9ef6e77,894,1,2,-23933.383085271005,-26225.032026510053
inferred_20260921_seed0,0,11ed1195aabfcd298bcaf379e7f064ad8010cd8ca67a057b647baa8bf9ef6e77,894,2,2,-8383.799159233155,-8036.837020004102
inferred_20260921_seed0,0,11ed1195aabfcd298bcaf379e7f064ad8010cd8ca67a057b647baa8bf9ef6e77,894,3,2,-5943.432011662468,-6749.906963005848
inferred_20260921_seed0,0,11ed1195aabfcd298bcaf379e7f064ad8010cd8ca67a057b647baa8bf9ef6e77,895,1,2,-26120.639557302064,-26182.224375953734
inferred_20260921_seed0,0,11ed1195aabfcd298bcaf379e7f064ad8010cd8ca67a057b647baa8bf9ef6e77,895,2,2,-8812.304355248687,-8095.001885714243
inferred_20260921_seed0,0,11ed1195aabfcd298bcaf379e7f064ad8010cd8ca67a057b647baa8bf9ef6e77,895,3,2,-5177.853400436697,-6659.600149344519
inferred_20260921_seed0,0,11ed1195aabfcd298bcaf379e7f064ad8010cd8ca67a057b647baa8bf9ef6e77,896,1,2,-26552.767738101746,-26215.533341874863
inferred_20260921_seed0,0,11ed1195aabfcd298bcaf379e7f064ad8010cd8ca67a057b647baa8bf9ef6e77,896,2,2,-7750.198008580371,-8044.834516256937
inferred_20260921_seed0,0,11ed1195aabfcd298bcaf379e7f064ad8010cd8ca67a057b647baa8bf9ef6e77,896,3,2,-6488.929606876987,-6649.917284929114
inferred_20260921_seed0,0,11ed1195aabfcd298bcaf379e7f064ad8010cd8ca67a057b647baa8bf9ef6e77,897,1,2,-23477.945168589074,-26068.24841804698
inferred_20260921_seed0,0,11ed1195aabfcd298bcaf379e7f064ad8010cd8ca67a057b647baa8bf9ef6e77,897,2,2,-7565.450970527589,-8070.96523942851
inferred_20260921_seed0,0,11ed1195aabfcd298bcaf379e7f064ad8010cd8ca67a057b647baa8bf9ef6e77,897,3,2,-6497.336062009292,-6624.801056887197
inferred_20260921_seed0,0,11ed1195aabfcd298bcaf379e7f064ad8010cd8ca67a057b647baa8bf9ef6e77,898,1,2,-26205.637747290893,-26060.91187699699
inferred_20260921_seed0,0,11ed1195aabfcd298bcaf379e7f064ad8010cd8ca67a057b647baa8bf9ef6e77,898,2,2,-8651.282989464169,-8145.675803626196
inferred_20260921_seed0,0,11ed1195aabfcd298bcaf379e7f064ad8010cd8ca67a057b647baa8bf9ef6e77,898,3,2,-6770.706281771983,-6586.5490282843375
inferred_20260921_seed0,0,11ed1195aabfcd298bcaf379e7f064ad8010cd8ca67a057b647baa8bf9ef6e77,899,1,2,-24811.797079843906,-25949.986977899083
inferred_20260921_seed0,0,11ed1195aabfcd298bcaf379e7f064ad8010cd8ca67a057b647baa8bf9ef6e77,899,2,2,-7466.645649718678,-8072.423693815769
inferred_20260921_seed0,0,11ed1195aabfcd298bcaf379e7f064ad8010cd8ca67a057b647baa8bf9ef6e77,899,3,2,-5504.312650954971,-6518.5296483920565
inferred_20260921_seed0,0,11ed1195aabfcd298bcaf379e7f064ad8010cd8ca67a057b647baa8bf9ef6e77,900,1,2,-25368.227081430497,-25965.03785722209
inferred_20260921_seed0,0,11ed1195aabfcd298bcaf379e7f064ad8010cd8ca67a057b647baa8bf9ef6e77,900,2,2,-7284.11498902246,-8027.626739994468
inferred_20260921_seed0,0,11ed1195aabfcd298bcaf379e7f064ad8010cd8ca67a057b647baa8bf9ef6e77,900,3,2,-6608.309441309034,-6543.819812541319
inferred_20260921_seed0,0,11ed1195aabfcd298bcaf379e7f064ad8010cd8ca67a057b647baa8bf9ef6e77,901,1,2,-24209.257423771687,-25894.7042401752
inferred_20260921_seed0,0,11ed1195aabfcd298bcaf379e7f064ad8010cd8ca67a057b647baa8bf9ef6e77,901,2,2,-5917.674434797847,-7966.884336828484
inferred_20260921_seed0,0,11ed1195aabfcd298bcaf379e7f064ad8010cd8ca67a057b647baa8bf9ef6e77,901,3,2,-6649.121419872286,-6530.016777868424
inferred_20260921_seed0,0,11ed1195aabfcd298bcaf379e7f064ad8010cd8ca67a057b647baa8bf9ef6e77,902,1,2,-26094.86961303229,-25939.060422004128
inferred_20260921_seed0,0,11ed1195aabfcd298bcaf379e7f064ad8010cd8ca67a057b647baa8bf9ef6e77,902,2,2,-8862.093407325483,-7991.678986177359
inferred_20260921_seed0,0,11ed1195aabfcd298bcaf379e7f064ad8010cd8ca67a057b647baa8bf9ef6e77,902,3,2,-6212.360763129717,-6458.823559965669
inferred_20260921_seed0,0,11ed1195aabfcd298bcaf379e7f064ad8010cd8ca67a057b647baa8bf9ef6e77,903,1,2,-26504.92826858744,-25913.501315217985
inferred_20260921_seed0,0,11ed1195aabfcd298bcaf379e7f064ad8010cd8ca67a057b647baa8bf9ef6e77,903,2,2,-7681.989064885708,-8001.427061807856
inferred_20260921_seed0,0,11ed1195aabfcd298bcaf379e7f064ad8010cd8ca67a057b647baa8bf9ef6e77,903,3,2,-7122.088218287136,-6452.071089421059
inferred_20260921_seed0,0,11ed1195aabfcd298bcaf379e7f064ad8010cd8ca67a057b647baa8bf9ef6e77,904,1,2,-24458.182929996885,-25825.341131466826
inferred_20260921_seed0,0,11ed1195aabfcd298bcaf379e7f064ad8010cd8ca67a057b647baa8bf9ef6e77,904,2,2,-7132.887019151294,-7973.602129487104
inferred_20260921_seed0,0,11ed1195aabfcd298bcaf379e7f064ad8010cd8ca67a057b647baa8bf9ef6e77,904,3,2,-7881.450169807338,-6490.559935947722
inferred_20260921_seed0,0,11ed1195aabfcd298bcaf379e7f064ad8010cd8ca67a057b647baa8bf9ef6e77,905,1,2,-22945.501324278383,-25626.114130205395
inferred_20260921_seed0,0,11ed1195aabfcd298bcaf379e7f064ad8010cd8ca67a057b647baa8bf9ef6e77,905,2,2,-8309.925961486428,-7916.643737377096
inferred_20260921_seed0,0,11ed1195aabfcd298bcaf379e7f064ad8010cd8ca67a057b647baa8bf9ef6e77,905,3,2,-6881.998976754512,-6561.836965966992
inferred_20260921_seed0,0,11ed1195aabfcd298bcaf379e7f064ad8010cd8ca67a057b647baa8bf9ef6e77,906,1,2,-25280.845731764104,-25617.867555248053
inferred_20260921_seed0,0,11ed1195aabfcd298bcaf379e7f064ad8010cd8ca67a057b647baa8bf9ef6e77,906,2,2,-7160.699978866169,-7940.624477912537
inferred_20260921_seed0,0,11ed1195aabfcd298bcaf379e7f064ad8010cd8ca67a057b647baa8bf9ef6e77,906,3,2,-5969.809285847112,-6532.722217810091
inferred_20260921_seed0,0,11ed1195aabfcd298bcaf379e7f064ad8010cd8ca67a057b647baa8bf9ef6e77,907,1,2,-22822.506942614767,-25437.74272232089
inferred_20260921_seed0,0,11ed1195aabfcd298bcaf379e7f064ad8010cd8ca67a057b647baa8bf9ef6e77,907,2,2,-8441.90876095377,-7901.358180596249
inferred_20260921_seed0,0,11ed1195aabfcd298bcaf379e7f064ad8010cd8ca67a057b647baa8bf9ef6e77,907,3,2,-6231.26278406808,-6506.347865412601
inferred_20260921_seed0,0,11ed1195aabfcd298bcaf379e7f064ad8010cd8ca67a057b647baa8bf9ef6e77,908,1,2,-24822.00945919552,-25363.529767212858
inferred_20260921_seed0,0,11ed1195aabfcd298bcaf379e7f064ad8010cd8ca67a057b647baa8bf9ef6e77,908,2,2,-7391.536220748275,-7806.203766530909
inferred_20260921_seed0,0,11ed1195aabfcd298bcaf379e7f064ad8010cd8ca67a057b647baa8bf9ef6e77,908,3,2,-6407.284557677163,-6469.14990260144
inferred_20260921_seed0,0,11ed1195aabfcd298bcaf379e7f064ad8010cd8ca67a057b647baa8bf9ef6e77,909,1,2,-23717.81359994836,-25252.764844578076
inferred_20260921_seed0,0,11ed1195aabfcd298bcaf379e7f064ad8010cd8ca67a057b647baa8bf9ef6e77,909,2,2,-8818.036876664537,-7872.978036316113
inferred_20260921_seed0,0,11ed1195aabfcd298bcaf379e7f064ad8010cd8ca67a057b647baa8bf9ef6e77,909,3,2,-5413.719507641045,-6448.340056478519
inferred_20260921_seed0,0,11ed1195aabfcd298bcaf379e7f064ad8010cd8ca67a057b647baa8bf9ef6e77,910,1,2,-24952.699021203065,-25175.430629278435
inferred_20260921_seed0,0,11ed1195aabfcd298bcaf379e7f064ad8010cd8ca67a057b647baa8bf9ef6e77,910,2,2,-7559.979888200578,-7912.835922862615
inferred_20260921_seed0,0,11ed1195aabfcd298bcaf379e7f064ad8010cd8ca67a057b647baa8bf9ef6e77,910,3,2,-6394.4396145831215,-6462.580926652386
inferred_20260921_seed0,0,11ed1195aabfcd298bcaf379e7f064ad8010cd8ca67a057b647baa8bf9ef6e77,911,1,2,-23948.78716274436,-25129.253192538217
inferred_20260921_seed0,0,11ed1195aabfcd298bcaf379e7f064ad8010cd8ca67a057b647baa8bf9ef6e77,911,2,2,-9697.974515416234,-7973.6463143360315
inferred_20260921_seed0,0,11ed1195aabfcd298bcaf379e7f064ad8010cd8ca67a057b647baa8bf9ef6e77,911,3,2,-6383.7302673553095,-6504.848922614282
inferred_20260921_seed0,0,11ed1195aabfcd298bcaf379e7f064ad8010cd8ca67a057b647baa8bf9ef6e77,912,1,2,-26102.195082862538,-25125.241807411207
inferred_20260921_seed0,0,11ed1195aabfcd298bcaf379e7f064ad8010cd8ca67a057b647baa8bf9ef6e77,912,2,2,-9561.984480181827,-7982.024764853259
inferred_20260921_seed0,0,11ed1195aabfcd298bcaf379e7f064ad8010cd8ca67a057b647baa8bf9ef6e77,912,3,2,-6568.562612512909,-6520.07083517318
inferred_20260921_seed0,0,11ed1195aabfcd298bcaf379e7f064ad8010cd8ca67a057b647baa8bf9ef6e77,913,1,2,-24012.29226640867,-25007.42458854955
inferred_20260921_seed0,0,11ed1195aabfcd298bcaf379e7f064ad8010cd8ca67a057b647baa8bf9ef6e77,913,2,2,-8839.301531932373,-8009.416835432952
inferred_20260921_seed0,0,11ed1195aabfcd298bcaf379e7f064ad8010cd8ca67a057b647baa8bf9ef6e77,913,3,2,-7386.624055457468,-6529.616948797997
inferred_20260921_seed0,0,11ed1195aabfcd298bcaf379e7f064ad8010cd8ca67a057b647baa8bf9ef6e77,914,1,2,-25402.92414438268,-24941.461721875436
inferred_20260921_seed0,0,11ed1195aabfcd298bcaf379e7f064ad8010cd8ca67a057b647baa8bf9ef6e77,914,2,2,-8772.934642053231,-8051.86702828515
inferred_20260921_seed0,0,11ed1195aabfcd298bcaf379e7f064ad8010cd8ca67a057b647baa8bf9ef6e77,914,3,2,-6456.587218351871,-6535.49968613073
inferred_20260921_seed0,0,11ed1195aabfcd298bcaf379e7f064ad8010cd8ca67a057b647baa8bf9ef6e77,915,1,2,-23971.34628265396,-24896.040012821333
inferred_20260921_seed0,0,11ed1195aabfcd298bcaf379e7f064ad8010cd8ca67a057b647baa8bf9ef6e77,915,2,2,-6379.997662965177,-7953.045918360345
inferred_20260921_seed0,0,11ed1195aabfcd298bcaf379e7f064ad8010cd8ca67a057b647baa8bf9ef6e77,915,3,2,-6815.110227459948,-6546.511152499867
inferred_20260921_seed0,0,11ed1195aabfcd298bcaf379e7f064ad8010cd8ca67a057b647baa8bf9ef6e77,916,1,2,-24179.52960741082,-24849.16838573097
inferred_20260921_seed0,0,11ed1195aabfcd298bcaf379e7f064ad8010cd8ca67a057b647baa8bf9ef6e77,916,2,2,-9663.323512141016,-8042.721031393909
inferred_20260921_seed0,0,11ed1195aabfcd298bcaf379e7f064ad8010cd8ca67a057b647baa8bf9ef6e77,916,3,2,-5736.804654602033,-6506.071952821105
inferred_20260921_seed0,0,11ed1195aabfcd298bcaf379e7f064ad8010cd8ca67a057b647baa8bf9ef6e77,917,1,2,-24664.25303985461,-24882.517392584752
inferred_20260921_seed0,0,11ed1195aabfcd298bcaf379e7f064ad8010cd8ca67a057b647baa8bf9ef6e77,917,2,2,-7696.284699137692,-8050.102200341138
inferred_20260921_seed0,0,11ed1195aabfcd298bcaf379e7f064ad8010cd8ca67a057b647baa8bf9ef6e77,917,3,2,-6835.538621841749,-6458.052145834732
inferred_20260921_seed0,0,11ed1195aabfcd298bcaf379e7f064ad8010cd8ca67a057b647baa8bf9ef6e77,918,1,2,-25297.912161153617,-24794.330060787717
inferred_20260921_seed0,0,11ed1195aabfcd298bcaf379e7f064ad8010cd8ca67a057b647baa8bf9ef6e77,918,2,2,-9317.285094602335,-8124.784554932203
inferred_20260921_seed0,0,11ed1195aabfcd298bcaf379e7f064ad8010cd8ca67a057b647baa8bf9ef6e77,918,3,2,-6045.439179511486,-6415.312463591269
inferred_20260921_seed0,0,11ed1195aabfcd298bcaf379e7f064ad8010cd8ca67a057b647baa8bf9ef6e77,919,1,2,-24529.846888972526,-24818.18861293578
inferred_20260921_seed0,0,11ed1195aabfcd298bcaf379e7f064ad8010cd8ca67a057b647baa8bf9ef6e77,919,2,2,-8370.420887970968,-8124.249424081716
inferred_20260921_seed0,0,11ed1195aabfcd298bcaf379e7f064ad8010cd8ca67a057b647baa8bf9ef6e77,919,3,2,-5501.146210439445,-6397.621031542349
inferred_20260921_seed0,0,11ed1195aabfcd298bcaf379e7f064ad8010cd8ca67a057b647baa8bf9ef6e77,920,1,2,-24715.23608388841,-24761.972473999234
inferred_20260921_seed0,0,11ed1195aabfcd298bcaf379e7f064ad8010cd8ca67a057b647baa8bf9ef6e77,920,2,2,-9307.594647459173,-8144.061035770134
inferred_20260921_seed0,0,11ed1195aabfcd298bcaf379e7f064ad8010cd8ca67a057b647baa8bf9ef6e77,920,3,2,-7471.09371829838,-6489.350644256815
inferred_20260921_seed0,0,11ed1195aabfcd298bcaf379e7f064ad8010cd8ca67a057b647baa8bf9ef6e77,921,1,2,-23401.725534317386,-24635.930785847857
inferred_20260921_seed0,0,11ed1195aabfcd298bcaf379e7f064ad8010cd8ca67a057b647baa8bf9ef6e77,921,2,2,-9104.716026905371,-8198.241756503136
inferred_20260921_seed0,0,11ed1195aabfcd298bcaf379e7f064ad8010cd8ca67a057b647baa8bf9ef6e77,921,3,2,-6905.13939485124,-6505.999035775786
inferred_20260921_seed0,0,11ed1195aabfcd298bcaf379e7f064ad8010cd8ca67a057b647baa8bf9ef6e77,922,1,2,-25600.576500027517,-24720.836039105398
inferred_20260921_seed0,0,11ed1195aabfcd298bcaf379e7f064ad8010cd8ca67a057b647baa8bf9ef6e77,922,2,2,-7321.98193593691,-8188.502995119508
inferred_20260921_seed0,0,11ed1195aabfcd298bcaf379e7f064ad8010cd8ca67a057b647baa8bf9ef6e77,922,3,2,-6815.360259601282,-6518.720003679465
inferred_20260921_seed0,0,11ed1195aabfcd298bcaf379e7f064ad8010cd8ca67a057b647baa8bf9ef6e77,923,1,2,-24297.069254894537,-24644.493299409543
inferred_20260921_seed0,0,11ed1195aabfcd298bcaf379e7f064ad8010cd8ca67a057b647baa8bf9ef6e77,923,2,2,-6370.02544103107,-8097.252693182185
inferred_20260921_seed0,0,11ed1195aabfcd298bcaf379e7f064ad8010cd8ca67a057b647baa8bf9ef6e77,923,3,2,-5468.29016912453,-6466.623359173568
inferred_20260921_seed0,0,11ed1195aabfcd298bcaf379e7f064ad8010cd8ca67a057b647baa8bf9ef6e77,924,1,2,-24639.55941999006,-24637.603793015387
inferred_20260921_seed0,0,11ed1195aabfcd298bcaf379e7f064ad8010cd8ca67a057b647baa8bf9ef6e77,924,2,2,-8224.697591572021,-8127.574770856318
inferred_20260921_seed0,0,11ed1195aabfcd298bcaf379e7f064ad8010cd8ca67a057b647baa8bf9ef6e77,924,3,2,-7537.879396740575,-6547.966029004991
inferred_20260921_seed0,0,11ed1195aabfcd298bcaf379e7f064ad8010cd8ca67a057b647baa8bf9ef6e77,925,1,2,-23011.98616064556,-24543.354156183992
inferred_20260921_seed0,0,11ed1195aabfcd298bcaf379e7f064ad8010cd8ca67a057b647baa8bf9ef6e77,925,2,2,-9626.500920380404,-8221.270208110634
inferred_20260921_seed0,0,11ed1195aabfcd298bcaf379e7f064ad8010cd8ca67a057b647baa8bf9ef6e77,925,3,2,-6395.276779406605,-6539.444722528894
inferred_20260921_seed0,0,11ed1195aabfcd298bcaf379e7f064ad8010cd8ca67a057b647baa8bf9ef6e77,926,1,2,-24172.14340294906,-24541.869595351083
inferred_20260921_seed0,0,11ed1195aabfcd298bcaf379e7f064ad8010cd8ca67a057b647baa8bf9ef6e77,926,2,2,-7987.353597248997,-8304.057374608681
inferred_20260921_seed0,0,11ed1195aabfcd298bcaf379e7f064ad8010cd8ca67a057b647baa8bf9ef6e77,926,3,2,-7618.285050672967,-6578.211267760921
inferred_20260921_seed0,0,11ed1195aabfcd298bcaf379e7f064ad8010cd8ca67a057b647baa8bf9ef6e77,927,1,2,-23747.12110023892,-24447.95965483935
inferred_20260921_seed0,0,11ed1195aabfcd298bcaf379e7f064ad8010cd8ca67a057b647baa8bf9ef6e77,927,2,2,-8204.231031336789,-8277.742879569134
inferred_20260921_seed0,0,11ed1195aabfcd298bcaf379e7f064ad8010cd8ca67a057b647baa8bf9ef6e77,927,3,2,-4653.249928037591,-6515.846834357235
inferred_20260921_seed0,0,11ed1195aabfcd298bcaf379e7f064ad8010cd8ca67a057b647baa8bf9ef6e77,928,1,2,-25133.53271726933,-24393.103832786623
inferred_20260921_seed0,0,11ed1195aabfcd298bcaf379e7f064ad8010cd8ca67a057b647baa8bf9ef6e77,928,2,2,-7987.684335673675,-8289.970690400653
inferred_20260921_seed0,0,11ed1195aabfcd298bcaf379e7f064ad8010cd8ca67a057b647baa8bf9ef6e77,928,3,2,-6583.668589288593,-6494.310049197295
inferred_20260921_seed0,0,11ed1195aabfcd298bcaf379e7f064ad8010cd8ca67a057b647baa8bf9ef6e77,929,1,2,-22734.3740518481,-24324.15147766068
inferred_20260921_seed0,0,11ed1195aabfcd298bcaf379e7f064ad8010cd8ca67a057b647baa8bf9ef6e77,929,2,2,-8507.029916747037,-8344.936406304483
inferred_20260921_seed0,0,11ed1195aabfcd298bcaf379e7f064ad8010cd8ca67a057b647baa8bf9ef6e77,929,3,2,-6422.4668255465385,-6435.950715426863
inferred_20260921_seed0,0,11ed1195aabfcd298bcaf379e7f064ad8010cd8ca67a057b647baa8bf9ef6e77,930,1,2,-21999.707587082205,-24286.319728172828
inferred_20260921_seed0,0,11ed1195aabfcd298bcaf379e7f064ad8010cd8ca67a057b647baa8bf9ef6e77,930,2,2,-7811.735896571829,-8325.008803707899
inferred_20260921_seed0,0,11ed1195aabfcd298bcaf379e7f064ad8010cd8ca67a057b647baa8bf9ef6e77,930,3,2,-7227.959439280265,-6449.789133927892
inferred_20260921_seed0,0,11ed1195aabfcd298bcaf379e7f064ad8010cd8ca67a057b647baa8bf9ef6e77,931,1,2,-22157.57173730842,-24161.388768394598
inferred_20260921_seed0,0,11ed1195aabfcd298bcaf379e7f064ad8010cd8ca67a057b647baa8bf9ef6e77,931,2,2,-8487.170689629233,-8378.06763213842
inferred_20260921_seed0,0,11ed1195aabfcd298bcaf379e7f064ad8010cd8ca67a057b647baa8bf9ef6e77,931,3,2,-6611.068776024904,-6475.439513535003
inferred_20260921_seed0,0,11ed1195aabfcd298bcaf379e7f064ad8010cd8ca67a057b647baa8bf9ef6e77,932,1,2,-23258.92578382937,-24178.84552204319
inferred_20260921_seed0,0,11ed1195aabfcd298bcaf379e7f064ad8010cd8ca67a057b647baa8bf9ef6e77,932,2,2,-7968.553413130466,-8359.133418225489
inferred_20260921_seed0,0,11ed1195aabfcd298bcaf379e7f064ad8010cd8ca67a057b647baa8bf9ef6e77,932,3,2,-5915.442733081402,-6462.8067114955375
inferred_20260921_seed0,0,11ed1195aabfcd298bcaf379e7f064ad8010cd8ca67a057b647baa8bf9ef6e77,933,1,2,-23085.22729632445,-24109.374235528343
inferred_20260921_seed0,0,11ed1195aabfcd298bcaf379e7f064ad8010cd8ca67a057b647baa8bf9ef6e77,933,2,2,-8364.773632910357,-8398.06291471197
inferred_20260921_seed0,0,11ed1195aabfcd298bcaf379e7f064ad8010cd8ca67a057b647baa8bf9ef6e77,933,3,2,-8029.470430337182,-6527.694146401938
inferred_20260921_seed0,0,11ed1195aabfcd298bcaf379e7f064ad8010cd8ca67a057b647baa8bf9ef6e77,934,1,2,-23306.47258614478,-24092.920594976196
inferred_20260921_seed0,0,11ed1195aabfcd298bcaf379e7f064ad8010cd8ca67a057b647baa8bf9ef6e77,934,2,2,-7355.998079210594,-8339.581362813815
inferred_20260921_seed0,0,11ed1195aabfcd298bcaf379e7f064ad8010cd8ca67a057b647baa8bf9ef6e77,934,3,2,-4600.2017967743,-6495.153437967268
inferred_20260921_seed0,0,11ed1195aabfcd298bcaf379e7f064ad8010cd8ca67a057b647baa8bf9ef6e77,935,1,2,-23327.88782408617,-24027.928147091527
inferred_20260921_seed0,0,11ed1195aabfcd298bcaf379e7f064ad8010cd8ca67a057b647baa8bf9ef6e77,935,2,2,-8541.517890236682,-8378.842882895258
inferred_20260921_seed0,0,11ed1195aabfcd298bcaf379e7f064ad8010cd8ca67a057b647baa8bf9ef6e77,935,3,2,-7100.699007224406,-6523.403813672919
inferred_20260921_seed0,0,11ed1195aabfcd298bcaf379e7f064ad8010cd8ca67a057b647baa8bf9ef6e77,936,1,2,-21848.73150602558,-23943.92592082277
inferred_20260921_seed0,0,11ed1195aabfcd298bcaf379e7f064ad8010cd8ca67a057b647baa8bf9ef6e77,936,2,2,-7867.824048601213,-8305.636864222659
inferred_20260921_seed0,0,11ed1195aabfcd298bcaf379e7f064ad8010cd8ca67a057b647baa8bf9ef6e77,936,3,2,-7165.585850023868,-6554.678036979662
inferred_20260921_seed0,0,11ed1195aabfcd298bcaf379e7f064ad8010cd8ca67a057b647baa8bf9ef6e77,937,1,2,-22012.646989364053,-23780.343997082833
inferred_20260921_seed0,0,11ed1195aabfcd298bcaf379e7f064ad8010cd8ca67a057b647baa8bf9ef6e77,937,2,2,-7879.074477482938,-8238.320464114702
inferred_20260921_seed0,0,11ed1195aabfcd298bcaf379e7f064ad8010cd8ca67a057b647baa8bf9ef6e77,937,3,2,-6965.77180538192,-6570.566404694422
inferred_20260921_seed0,0,11ed1195aabfcd298bcaf379e7f064ad8010cd8ca67a057b647baa8bf9ef6e77,938,1,2,-22517.783964668142,-23720.56366501321
inferred_20260921_seed0,0,11ed1195aabfcd298bcaf379e7f064ad8010cd8ca67a057b647baa8bf9ef6e77,938,2,2,-8770.042859896723,-8235.550117233277
inferred_20260921_seed0,0,11ed1195aabfcd298bcaf379e7f064ad8010cd8ca67a057b647baa8bf9ef6e77,938,3,2,-5378.424224872899,-6490.238411471039
inferred_20260921_seed0,0,11ed1195aabfcd298bcaf379e7f064ad8010cd8ca67a057b647baa8bf9ef6e77,939,1,2,-22969.463789650523,-23623.22525082392
inferred_20260921_seed0,0,11ed1195aabfcd298bcaf379e7f064ad8010cd8ca67a057b647baa8bf9ef6e77,939,2,2,-8127.966043589536,-8209.751373294728
inferred_20260921_seed0,0,11ed1195aabfcd298bcaf379e7f064ad8010cd8ca67a057b647baa8bf9ef6e77,939,3,2,-6587.735928869173,-6495.484359891731
inferred_20260921_seed0,0,11ed1195aabfcd298bcaf379e7f064ad8010cd8ca67a057b647baa8bf9ef6e77,940,1,2,-23960.494263124485,-23622.791170042743
inferred_20260921_seed0,0,11ed1195aabfcd298bcaf379e7f064ad8010cd8ca67a057b647baa8bf9ef6e77,940,2,2,-9203.990232529288,-8322.711076077292
inferred_20260921_seed0,0,11ed1195aabfcd298bcaf379e7f064ad8010cd8ca67a057b647baa8bf9ef6e77,940,3,2,-6342.580853064561,-6476.583184915916
inferred_20260921_seed0,0,11ed1195aabfcd298bcaf379e7f064ad8010cd8ca67a057b647baa8bf9ef6e77,941,1,2,-22732.49179790954,-23564.90965766269
inferred_20260921_seed0,0,11ed1195aabfcd298bcaf379e7f064ad8010cd8ca67a057b647baa8bf9ef6e77,941,2,2,-7144.89726873797,-8221.974026341171
inferred_20260921_seed0,0,11ed1195aabfcd298bcaf379e7f064ad8010cd8ca67a057b647baa8bf9ef6e77,941,3,2,-7150.303789242184,-6533.123150301521
inferred_20260921_seed0,0,11ed1195aabfcd298bcaf379e7f064ad8010cd8ca67a057b647baa8bf9ef6e77,942,1,2,-22361.565973254445,-23472.80217499869
inferred_20260921_seed0,0,11ed1195aabfcd298bcaf379e7f064ad8010cd8ca67a057b647baa8bf9ef6e77,942,2,2,-8461.036587552066,-8252.564101877746
inferred_20260921_seed0,0,11ed1195aabfcd298bcaf379e7f064ad8010cd8ca67a057b647baa8bf9ef6e77,942,3,2,-6942.481563364001,-6537.400867962412
inferred_20260921_seed0,0,11ed1195aabfcd298bcaf379e7f064ad8010cd8ca67a057b647baa8bf9ef6e77,943,1,2,-23092.92094263913,-23384.60252625811
inferred_20260921_seed0,0,11ed1195aabfcd298bcaf379e7f064ad8010cd8ca67a057b647baa8bf9ef6e77,943,2,2,-9272.589817698608,-8250.776290801597
inferred_20260921_seed0,0,11ed1195aabfcd298bcaf379e7f064ad8010cd8ca67a057b647baa8bf9ef6e77,943,3,2,-6584.489759741378,-6558.962891171607
inferred_20260921_seed0,0,11ed1195aabfcd298bcaf379e7f064ad8010cd8ca67a057b647baa8bf9ef6e77,944,1,2,-24031.5322979269,-23364.66994261628
inferred_20260921_seed0,0,11ed1195aabfcd298bcaf379e7f064ad8010cd8ca67a057b647baa8bf9ef6e77,944,2,2,-7406.827160704162,-8212.232541710924
inferred_20260921_seed0,0,11ed1195aabfcd298bcaf379e7f064ad8010cd8ca67a057b647baa8bf9ef6e77,944,3,2,-5237.851557908058,-6548.431105070352
inferred_20260921_seed0,0,11ed1195aabfcd298bcaf379e7f064ad8010cd8ca67a057b647baa8bf9ef6e77,945,1,2,-22399.288241185408,-23272.03202890816
inferred_20260921_seed0,0,11ed1195aabfcd298bcaf379e7f064ad8010cd8ca67a057b647baa8bf9ef6e77,945,2,2,-7233.869841460411,-8129.283549470975
inferred_20260921_seed0,0,11ed1195aabfcd298bcaf379e7f064ad8010cd8ca67a057b647baa8bf9ef6e77,945,3,2,-8782.612426823793,-6600.891853411369
inferred_20260921_seed0,0,11ed1195aabfcd298bcaf379e7f064ad8010cd8ca67a057b647baa8bf9ef6e77,946,1,2,-22446.747884453165,-23233.832922913596
inferred_20260921_seed0,0,11ed1195aabfcd298bcaf379e7f064ad8010cd8ca67a057b647baa8bf9ef6e77,946,2,2,-6902.67902185968,-8041.202069269147
inferred_20260921_seed0,0,11ed1195aabfcd298bcaf379e7f064ad8010cd8ca67a057b647baa8bf9ef6e77,946,3,2,-7671.95041214515,-6631.564294103125
inferred_20260921_seed0,0,11ed1195aabfcd298bcaf379e7f064ad8010cd8ca67a057b647baa8bf9ef6e77,947,1,2,-24351.68790304743,-23183.87737903439
inferred_20260921_seed0,0,11ed1195aabfcd298bcaf379e7f064ad8010cd8ca67a057b647baa8bf9ef6e77,947,2,2,-8231.208329440029,-8077.571125009271
inferred_20260921_seed0,0,11ed1195aabfcd298bcaf379e7f064ad8010cd8ca67a057b647baa8bf9ef6e77,947,3,2,-6950.641301341115,-6636.975535772719
inferred_20260921_seed0,0,11ed1195aabfcd298bcaf379e7f064ad8010cd8ca67a057b647baa8bf9ef6e77,948,1,2,-22327.582428201167,-23105.097905966653
inferred_20260921_seed0,0,11ed1195aabfcd298bcaf379e7f064ad8010cd8ca67a057b647baa8bf9ef6e77,948,2,2,-6590.402402821831,-8086.386203480902
inferred_20260921_seed0,0,11ed1195aabfcd298bcaf379e7f064ad8010cd8ca67a057b647baa8bf9ef6e77,948,3,2,-5229.97258402031,-6627.44283236855
inferred_20260921_seed0,0,11ed1195aabfcd298bcaf379e7f064ad8010cd8ca67a057b647baa8bf9ef6e77,949,1,2,-22436.55505994408,-23016.977731564817
inferred_20260921_seed0,0,11ed1195aabfcd298bcaf379e7f064ad8010cd8ca67a057b647baa8bf9ef6e77,949,2,2,-7374.241143599706,-8052.367945562009
inferred_20260921_seed0,0,11ed1195aabfcd298bcaf379e7f064ad8010cd8ca67a057b647baa8bf9ef6e77,949,3,2,-5297.611585723329,-6537.832119927861
inferred_20260921_seed0,0,11ed1195aabfcd298bcaf379e7f064ad8010cd8ca67a057b647baa8bf9ef6e77,950,1,2,-22654.60026741025,-23002.6822958354
inferred_20260921_seed0,0,11ed1195aabfcd298bcaf379e7f064ad8010cd8ca67a057b647baa8bf9ef6e77,950,2,2,-7460.137017242708,-7965.7133894365015
inferred_20260921_seed0,0,11ed1195aabfcd298bcaf379e7f064ad8010cd8ca67a057b647baa8bf9ef6e77,950,3,2,-5552.670018730063,-6504.127849500798
inferred_20260921_seed0,0,11ed1195aabfcd298bcaf379e7f064ad8010cd8ca67a057b647baa8bf9ef6e77,951,1,2,-22376.108472646843,-22930.84089862332
inferred_20260921_seed0,0,11ed1195aabfcd298bcaf379e7f064ad8010cd8ca67a057b647baa8bf9ef6e77,951,2,2,-8309.25386060731,-7978.589399970832
inferred_20260921_seed0,0,11ed1195aabfcd298bcaf379e7f064ad8010cd8ca67a057b647baa8bf9ef6e77,951,3,2,-5990.357163296556,-6439.010734005741
inferred_20260921_seed0,0,11ed1195aabfcd298bcaf379e7f064ad8010cd8ca67a057b647baa8bf9ef6e77,952,1,2,-22471.34337082401,-22879.809789446717
inferred_20260921_seed0,0,11ed1195aabfcd298bcaf379e7f064ad8010cd8ca67a057b647baa8bf9ef6e77,952,2,2,-8207.25989621862,-7978.710554566107
inferred_20260921_seed0,0,11ed1195aabfcd298bcaf379e7f064ad8010cd8ca67a057b647baa8bf9ef6e77,952,3,2,-7376.140524401875,-6547.926357860314
inferred_20260921_seed0,0,11ed1195aabfcd298bcaf379e7f064ad8010cd8ca67a057b647baa8bf9ef6e77,953,1,2,-21223.94845846542,-22723.426419094565
inferred_20260921_seed0,0,11ed1195aabfcd298bcaf379e7f064ad8010cd8ca67a057b647baa8bf9ef6e77,953,2,2,-6695.719674378877,-7927.031968114315
inferred_20260921_seed0,0,11ed1195aabfcd298bcaf379e7f064ad8010cd8ca67a057b647baa8bf9ef6e77,953,3,2,-6567.285381932217,-6547.271029566058
inferred_20260921_seed0,0,11ed1195aabfcd298bcaf379e7f064ad8010cd8ca67a057b647baa8bf9ef6e77,954,1,2,-21487.793267353,-22673.56318771476
inferred_20260921_seed0,0,11ed1195aabfcd298bcaf379e7f064ad8010cd8ca67a057b647baa8bf9ef6e77,954,2,2,-8721.157240726503,-7935.597061073494
inferred_20260921_seed0,0,11ed1195aabfcd298bcaf379e7f064ad8010cd8ca67a057b647baa8bf9ef6e77,954,3,2,-8031.826648675504,-6611.645422491216
inferred_20260921_seed0,0,11ed1195aabfcd298bcaf379e7f064ad8010cd8ca67a057b647baa8bf9ef6e77,955,1,2,-21425.539979342822,-22650.59648340518
inferred_20260921_seed0,0,11ed1195aabfcd298bcaf379e7f064ad8010cd8ca67a057b647baa8bf9ef6e77,955,2,2,-6560.468454116139,-7885.546363375266
inferred_20260921_seed0,0,11ed1195aabfcd298bcaf379e7f064ad8010cd8ca67a057b647baa8bf9ef6e77,955,3,2,-5100.115996004968,-6526.531684760205
inferred_20260921_seed0,0,11ed1195aabfcd298bcaf379e7f064ad8010cd8ca67a057b647baa8bf9ef6e77,956,1,2,-23141.467780860152,-22689.95232514725
inferred_20260921_seed0,0,11ed1195aabfcd298bcaf379e7f064ad8010cd8ca67a057b647baa8bf9ef6e77,956,2,2,-6288.542205235768,-7797.601223999527
inferred_20260921_seed0,0,11ed1195aabfcd298bcaf379e7f064ad8010cd8ca67a057b647baa8bf9ef6e77,956,3,2,-5442.202842118713,-6479.777047403958
inferred_20260921_seed0,0,11ed1195aabfcd298bcaf379e7f064ad8010cd8ca67a057b647baa8bf9ef6e77,957,1,2,-21777.714209038582,-22630.70386215562
inferred_20260921_seed0,0,11ed1195aabfcd298bcaf379e7f064ad8010cd8ca67a057b647baa8bf9ef6e77,957,2,2,-7376.618686584208,-7773.923834937677
inferred_20260921_seed0,0,11ed1195aabfcd298bcaf379e7f064ad8010cd8ca67a057b647baa8bf9ef6e77,957,3,2,-6543.070251937605,-6504.882148158205
inferred_20260921_seed0,0,11ed1195aabfcd298bcaf379e7f064ad8010cd8ca67a057b647baa8bf9ef6e77,958,1,2,-21757.686659911196,-22577.60223669909
inferred_20260921_seed0,0,11ed1195aabfcd298bcaf379e7f064ad8010cd8ca67a057b647baa8bf9ef6e77,958,2,2,-8088.688136436133,-7762.880415078709
inferred_20260921_seed0,0,11ed1195aabfcd298bcaf379e7f064ad8010cd8ca67a057b647baa8bf9ef6e77,958,3,2,-7223.5078396021,-6472.643644528802
inferred_20260921_seed0,0,11ed1195aabfcd298bcaf379e7f064ad8010cd8ca67a057b647baa8bf9ef6e77,959,1,2,-22420.535142480498,-22542.16473895252
inferred_20260921_seed0,0,11ed1195aabfcd298bcaf379e7f064ad8010cd8ca67a057b647baa8bf9ef6e77,959,2,2,-8288.080775665068,-7800.163722936887
inferred_20260921_seed0,0,11ed1195aabfcd298bcaf379e7f064ad8010cd8ca67a057b647baa8bf9ef6e77,959,3,2,-5414.989422023818,-6505.235149538782
inferred_20260921_seed0,0,11ed1195aabfcd298bcaf379e7f064ad8010cd8ca67a057b647baa8bf9ef6e77,960,1,2,-24061.82848546156,-22571.522365407534
inferred_20260921_seed0,0,11ed1195aabfcd298bcaf379e7f064ad8010cd8ca67a057b647baa8bf9ef6e77,960,2,2,-6914.781915733351,-7735.094283956754
inferred_20260921_seed0,0,11ed1195aabfcd298bcaf379e7f064ad8010cd8ca67a057b647baa8bf9ef6e77,960,3,2,-6397.692427166375,-6477.1148863364615
inferred_20260921_seed0,0,11ed1195aabfcd298bcaf379e7f064ad8010cd8ca67a057b647baa8bf9ef6e77,961,1,2,-20833.79944287668,-22530.925082881582
inferred_20260921_seed0,0,11ed1195aabfcd298bcaf379e7f064ad8010cd8ca67a057b647baa8bf9ef6e77,961,2,2,-8970.096130810252,-7779.185167245115
inferred_20260921_seed0,0,11ed1195aabfcd298bcaf379e7f064ad8010cd8ca67a057b647baa8bf9ef6e77,961,3,2,-6431.669583520737,-6447.758235676336
inferred_20260921_seed0,0,11ed1195aabfcd298bcaf379e7f064ad8010cd8ca67a057b647baa8bf9ef6e77,962,1,2,-21434.46214732091,-22507.79768919985
inferred_20260921_seed0,0,11ed1195aabfcd298bcaf379e7f064ad8010cd8ca67a057b647baa8bf9ef6e77,962,2,2,-6261.228547212299,-7714.471330034289
inferred_20260921_seed0,0,11ed1195aabfcd298bcaf379e7f064ad8010cd8ca67a057b647baa8bf9ef6e77,962,3,2,-6804.049396795997,-6441.2893393328995
inferred_20260921_seed0,0,11ed1195aabfcd298bcaf379e7f064ad8010cd8ca67a057b647baa8bf9ef6e77,963,1,2,-22800.706629432992,-22519.114595790445
inferred_20260921_seed0,0,11ed1195aabfcd298bcaf379e7f064ad8010cd8ca67a057b647baa8bf9ef6e77,963,2,2,-7491.53955930796,-7663.331198010739
inferred_20260921_seed0,0,11ed1195aabfcd298bcaf379e7f064ad8010cd8ca67a057b647baa8bf9ef6e77,963,3,2,-7743.263914913743,-6535.882926934532
inferred_20260921_seed0,0,11ed1195aabfcd298bcaf379e7f064ad8010cd8ca67a057b647baa8bf9ef6e77,964,1,2,-20305.25118931977,-22412.546091777218
inferred_20260921_seed0,0,11ed1195aabfcd298bcaf379e7f064ad8010cd8ca67a057b647baa8bf9ef6e77,964,2,2,-6771.098218464907,-7609.056485005754
inferred_20260921_seed0,0,11ed1195aabfcd298bcaf379e7f064ad8010cd8ca67a057b647baa8bf9ef6e77,964,3,2,-6305.399255536056,-6524.589460001208
inferred_20260921_seed0,0,11ed1195aabfcd298bcaf379e7f064ad8010cd8ca67a057b647baa8bf9ef6e77,965,1,2,-21265.204454226776,-22304.73449942131
inferred_20260921_seed0,0,11ed1195aabfcd298bcaf379e7f064ad8010cd8ca67a057b647baa8bf9ef6e77,965,2,2,-6102.319653517433,-7484.989661845279
inferred_20260921_seed0,0,11ed1195aabfcd298bcaf379e7f064ad8010cd8ca67a057b647baa8bf9ef6e77,965,3,2,-7418.106003587021,-6567.610466022106
inferred_20260921_seed0,0,11ed1195aabfcd298bcaf379e7f064ad8010cd8ca67a057b647baa8bf9ef6e77,966,1,2,-22427.66987521806,-22292.54162251365
inferred_20260921_seed0,0,11ed1195aabfcd298bcaf379e7f064ad8010cd8ca67a057b647baa8bf9ef6e77,966,2,2,-7390.837745324127,-7494.827280908727
inferred_20260921_seed0,0,11ed1195aabfcd298bcaf379e7f064ad8010cd8ca67a057b647baa8bf9ef6e77,966,3,2,-5632.733112694634,-6506.907638960205
inferred_20260921_seed0,0,11ed1195aabfcd298bcaf379e7f064ad8010cd8ca67a057b647baa8bf9ef6e77,967,1,2,-21002.853677563748,-22238.19313068602
inferred_20260921_seed0,0,11ed1195aabfcd298bcaf379e7f064ad8010cd8ca67a057b647baa8bf9ef6e77,967,2,2,-6768.243486887421,-7427.1155568821405
inferred_20260921_seed0,0,11ed1195aabfcd298bcaf379e7f064ad8010cd8ca67a057b647baa8bf9ef6e77,967,3,2,-6806.866667794646,-6501.48304313743
inferred_20260921_seed0,0,11ed1195aabfcd298bcaf379e7f064ad8010cd8ca67a057b647baa8bf9ef6e77,968,1,2,-22624.915523699427,-22219.47291392843
inferred_20260921_seed0,0,11ed1195aabfcd298bcaf379e7f064ad8010cd8ca67a057b647baa8bf9ef6e77,968,2,2,-8536.861587567593,-7397.6864276769
inferred_20260921_seed0,0,11ed1195aabfcd298bcaf379e7f064ad8010cd8ca67a057b647baa8bf9ef6e77,968,3,2,-5888.305270093252,-6473.635663551506
inferred_20260921_seed0,0,11ed1195aabfcd298bcaf379e7f064ad8010cd8ca67a057b647baa8bf9ef6e77,969,1,2,-21306.02551650048,-22110.45264267138
inferred_20260921_seed0,0,11ed1195aabfcd298bcaf379e7f064ad8010cd8ca67a057b647baa8bf9ef6e77,969,2,2,-6856.8029912198745,-7375.685460897529
inferred_20260921_seed0,0,11ed1195aabfcd298bcaf379e7f064ad8010cd8ca67a057b647baa8bf9ef6e77,969,3,2,-6412.673056629516,-6520.628523500363
inferred_20260921_seed0,0,11ed1195aabfcd298bcaf379e7f064ad8010cd8ca67a057b647baa8bf9ef6e77,970,1,2,-23387.42458329293,-22149.978096355673
inferred_20260921_seed0,0,11ed1195aabfcd298bcaf379e7f064ad8010cd8ca67a057b647baa8bf9ef6e77,970,2,2,-8507.977704892197,-7426.6497754348
inferred_20260921_seed0,0,11ed1195aabfcd298bcaf379e7f064ad8010cd8ca67a057b647baa8bf9ef6e77,970,3,2,-7470.289025097506,-6468.135587431312
inferred_20260921_seed0,0,11ed1195aabfcd298bcaf379e7f064ad8010cd8ca67a057b647baa8bf9ef6e77,971,1,2,-23451.71393607881,-22190.1767384207
inferred_20260921_seed0,0,11ed1195aabfcd298bcaf379e7f064ad8010cd8ca67a057b647baa8bf9ef6e77,971,2,2,-6559.308227248315,-7412.914943650347
inferred_20260921_seed0,0,11ed1195aabfcd298bcaf379e7f064ad8010cd8ca67a057b647baa8bf9ef6e77,971,3,2,-6797.825884378255,-6433.170606320637
inferred_20260921_seed0,0,11ed1195aabfcd298bcaf379e7f064ad8010cd8ca67a057b647baa8bf9ef6e77,972,1,2,-22538.15008372802,-22117.635225647926
inferred_20260921_seed0,0,11ed1195aabfcd298bcaf379e7f064ad8010cd8ca67a057b647baa8bf9ef6e77,972,2,2,-8715.600521381388,-7432.290631327999
inferred_20260921_seed0,0,11ed1195aabfcd298bcaf379e7f064ad8010cd8ca67a057b647baa8bf9ef6e77,972,3,2,-7257.616245904162,-6445.449604103159
inferred_20260921_seed0,0,11ed1195aabfcd298bcaf379e7f064ad8010cd8ca67a057b647baa8bf9ef6e77,973,1,2,-21652.24387882019,-22090.62168367269
inferred_20260921_seed0,0,11ed1195aabfcd298bcaf379e7f064ad8010cd8ca67a057b647baa8bf9ef6e77,973,2,2,-7646.34451592585,-7474.52831585216
inferred_20260921_seed0,0,11ed1195aabfcd298bcaf379e7f064ad8010cd8ca67a057b647baa8bf9ef6e77,973,3,2,-6219.3471131516,-6485.02458526841
inferred_20260921_seed0,0,11ed1195aabfcd298bcaf379e7f064ad8010cd8ca67a057b647baa8bf9ef6e77,974,1,2,-21336.315954281054,-22046.612119446163
inferred_20260921_seed0,0,11ed1195aabfcd298bcaf379e7f064ad8010cd8ca67a057b647baa8bf9ef6e77,974,2,2,-9313.606954761097,-7552.102948298616
inferred_20260921_seed0,0,11ed1195aabfcd298bcaf379e7f064ad8010cd8ca67a057b647baa8bf9ef6e77,974,3,2,-6252.857467660509,-6523.234420545898
inferred_20260921_seed0,0,11ed1195aabfcd298bcaf379e7f064ad8010cd8ca67a057b647baa8bf9ef6e77,975,1,2,-22364.0877814203,-22034.991620006567
inferred_20260921_seed0,0,11ed1195aabfcd298bcaf379e7f064ad8010cd8ca67a057b647baa8bf9ef6e77,975,2,2,-7792.753618196279,-7565.407612336759
inferred_20260921_seed0,0,11ed1195aabfcd298bcaf379e7f064ad8010cd8ca67a057b647baa8bf9ef6e77,975,3,2,-5683.426914240998,-6528.4646963663345
inferred_20260921_seed0,0,11ed1195aabfcd298bcaf379e7f064ad8010cd8ca67a057b647baa8bf9ef6e77,976,1,2,-21175.553625299894,-21986.969426112693
inferred_20260921_seed0,0,11ed1195aabfcd298bcaf379e7f064ad8010cd8ca67a057b647baa8bf9ef6e77,976,2,2,-7359.5902630474,-7527.4210684343625
inferred_20260921_seed0,0,11ed1195aabfcd298bcaf379e7f064ad8010cd8ca67a057b647baa8bf9ef6e77,976,3,2,-6647.824998032533,-6554.763409755774
inferred_20260921_seed0,0,11ed1195aabfcd298bcaf379e7f064ad8010cd8ca67a057b647baa8bf9ef6e77,977,1,2,-21347.707525063524,-21942.023992282273
inferred_20260921_seed0,0,11ed1195aabfcd298bcaf379e7f064ad8010cd8ca67a057b647baa8bf9ef6e77,977,2,2,-6834.626018991804,-7472.515713345289
inferred_20260921_seed0,0,11ed1195aabfcd298bcaf379e7f064ad8010cd8ca67a057b647baa8bf9ef6e77,977,3,2,-6043.914013963744,-6501.474349338248
inferred_20260921_seed0,0,11ed1195aabfcd298bcaf379e7f064ad8010cd8ca67a057b647baa8bf9ef6e77,978,1,2,-20883.327662261985,-21928.39916043413
inferred_20260921_seed0,0,11ed1195aabfcd298bcaf379e7f064ad8010cd8ca67a057b647baa8bf9ef6e77,978,2,2,-7000.839937748838,-7484.720523880088
inferred_20260921_seed0,0,11ed1195aabfcd298bcaf379e7f064ad8010cd8ca67a057b647baa8bf9ef6e77,978,3,2,-7491.470385188906,-6538.441749468516
inferred_20260921_seed0,0,11ed1195aabfcd298bcaf379e7f064ad8010cd8ca67a057b647baa8bf9ef6e77,979,1,2,-21837.212637478617,-21942.375935239157
inferred_20260921_seed0,0,11ed1195aabfcd298bcaf379e7f064ad8010cd8ca67a057b647baa8bf9ef6e77,979,2,2,-9179.474708313584,-7503.0532225835705
inferred_20260921_seed0,0,11ed1195aabfcd298bcaf379e7f064ad8010cd8ca67a057b647baa8bf9ef6e77,979,3,2,-5301.17079712599,-6429.215515406536
inferred_20260921_seed0,0,11ed1195aabfcd298bcaf379e7f064ad8010cd8ca67a057b647baa8bf9ef6e77,980,1,2,-21902.92687268269,-21961.471410972754
inferred_20260921_seed0,0,11ed1195aabfcd298bcaf379e7f064ad8010cd8ca67a057b647baa8bf9ef6e77,980,2,2,-6930.681893146723,-7517.861760144795
inferred_20260921_seed0,0,11ed1195aabfcd298bcaf379e7f064ad8010cd8ca67a057b647baa8bf9ef6e77,980,3,2,-5255.262374407581,-6435.42137054264
inferred_20260921_seed0,0,11ed1195aabfcd298bcaf379e7f064ad8010cd8ca67a057b647baa8bf9ef6e77,981,1,2,-21410.12154215429,-21892.21756142452
inferred_20260921_seed0,0,11ed1195aabfcd298bcaf379e7f064ad8010cd8ca67a057b647baa8bf9ef6e77,981,2,2,-9811.224518960193,-7658.769052693773
inferred_20260921_seed0,0,11ed1195aabfcd298bcaf379e7f064ad8010cd8ca67a057b647baa8bf9ef6e77,981,3,2,-5704.122092985752,-6445.898140577321
inferred_20260921_seed0,0,11ed1195aabfcd298bcaf379e7f064ad8010cd8ca67a057b647baa8bf9ef6e77,982,1,2,-21324.59904655744,-21874.092954925272
inferred_20260921_seed0,0,11ed1195aabfcd298bcaf379e7f064ad8010cd8ca67a057b647baa8bf9ef6e77,982,2,2,-7709.5838361733,-7672.087658677335
inferred_20260921_seed0,0,11ed1195aabfcd298bcaf379e7f064ad8010cd8ca67a057b647baa8bf9ef6e77,982,3,2,-6690.173102666524,-6451.782254606478
inferred_20260921_seed0,0,11ed1195aabfcd298bcaf379e7f064ad8010cd8ca67a057b647baa8bf9ef6e77,983,1,2,-21955.956865946337,-21882.02376316668
inferred_20260921_seed0,0,11ed1195aabfcd298bcaf379e7f064ad8010cd8ca67a057b647baa8bf9ef6e77,983,2,2,-5659.683753553012,-7574.927483362011
inferred_20260921_seed0,0,11ed1195aabfcd298bcaf379e7f064ad8010cd8ca67a057b647baa8bf9ef6e77,983,3,2,-7687.089726228961,-6470.325530071552
inferred_20260921_seed0,0,11ed1195aabfcd298bcaf379e7f064ad8010cd8ca67a057b647baa8bf9ef6e77,984,1,2,-21202.79968081353,-21833.314344699997
inferred_20260921_seed0,0,11ed1195aabfcd298bcaf379e7f064ad8010cd8ca67a057b647baa8bf9ef6e77,984,2,2,-7870.492137781075,-7558.22393784665
inferred_20260921_seed0,0,11ed1195aabfcd298bcaf379e7f064ad8010cd8ca67a057b647baa8bf9ef6e77,984,3,2,-6635.867515139369,-6519.160653796174
inferred_20260921_seed0,0,11ed1195aabfcd298bcaf379e7f064ad8010cd8ca67a057b647baa8bf9ef6e77,985,1,2,-20434.397568079807,-21688.21710800473
inferred_20260921_seed0,0,11ed1195aabfcd298bcaf379e7f064ad8010cd8ca67a057b647baa8bf9ef6e77,985,2,2,-8372.228438116748,-7616.5217987419865
inferred_20260921_seed0,0,11ed1195aabfcd298bcaf379e7f064ad8010cd8ca67a057b647baa8bf9ef6e77,985,3,2,-5904.391618807889,-6499.428621461835
inferred_20260921_seed0,0,11ed1195aabfcd298bcaf379e7f064ad8010cd8ca67a057b647baa8bf9ef6e77,986,1,2,-20058.28519599854,-21657.196538129603
inferred_20260921_seed0,0,11ed1195aabfcd298bcaf379e7f064ad8010cd8ca67a057b647baa8bf9ef6e77,986,2,2,-6606.681564039272,-7521.985216071148
inferred_20260921_seed0,0,11ed1195aabfcd298bcaf379e7f064ad8010cd8ca67a057b647baa8bf9ef6e77,986,3,2,-5754.916648300557,-6472.358504053028
inferred_20260921_seed0,0,11ed1195aabfcd298bcaf379e7f064ad8010cd8ca67a057b647baa8bf9ef6e77,987,1,2,-19866.833458693785,-21594.49139058452
inferred_20260921_seed0,0,11ed1195aabfcd298bcaf379e7f064ad8010cd8ca67a057b647baa8bf9ef6e77,987,2,2,-6281.490369602432,-7522.795688966754
inferred_20260921_seed0,0,11ed1195aabfcd298bcaf379e7f064ad8010cd8ca67a057b647baa8bf9ef6e77,987,3,2,-6018.557362683596,-6440.938822688531
inferred_20260921_seed0,0,11ed1195aabfcd298bcaf379e7f064ad8010cd8ca67a057b647baa8bf9ef6e77,988,1,2,-21128.651554088403,-21527.609187570735
inferred_20260921_seed0,0,11ed1195aabfcd298bcaf379e7f064ad8010cd8ca67a057b647baa8bf9ef6e77,988,2,2,-10105.127520571732,-7627.339207417303
inferred_20260921_seed0,0,11ed1195aabfcd298bcaf379e7f064ad8010cd8ca67a057b647baa8bf9ef6e77,988,3,2,-4734.456686109676,-6320.58653353637
inferred_20260921_seed0,0,11ed1195aabfcd298bcaf379e7f064ad8010cd8ca67a057b647baa8bf9ef6e77,989,1,2,-21058.10545179307,-21557.723358069667
inferred_20260921_seed0,0,11ed1195aabfcd298bcaf379e7f064ad8010cd8ca67a057b647baa8bf9ef6e77,989,2,2,-7782.891720065001,-7667.810947481307
inferred_20260921_seed0,0,11ed1195aabfcd298bcaf379e7f064ad8010cd8ca67a057b647baa8bf9ef6e77,989,3,2,-6516.229534142237,-6329.019744680617
inferred_20260921_seed0,0,11ed1195aabfcd298bcaf379e7f064ad8010cd8ca67a057b647baa8bf9ef6e77,990,1,2,-21700.869407799208,-21575.149956212565
inferred_20260921_seed0,0,11ed1195aabfcd298bcaf379e7f064ad8010cd8ca67a057b647baa8bf9ef6e77,990,2,2,-7419.085982957056,-7720.4816006588935
inferred_20260921_seed0,0,11ed1195aabfcd298bcaf379e7f064ad8010cd8ca67a057b647baa8bf9ef6e77,990,3,2,-6540.1962812803,-6293.903355788349
inferred_20260921_seed0,0,11ed1195aabfcd298bcaf379e7f064ad8010cd8ca67a057b647baa8bf9ef6e77,991,1,2,-19940.910085957585,-21475.67956464215
inferred_20260921_seed0,0,11ed1195aabfcd298bcaf379e7f064ad8010cd8ca67a057b647baa8bf9ef6e77,991,2,2,-9314.919842793386,-7797.4448845576635
inferred_20260921_seed0,0,11ed1195aabfcd298bcaf379e7f064ad8010cd8ca67a057b647baa8bf9ef6e77,991,3,2,-6579.084901837776,-6331.757427354073
inferred_20260921_seed0,0,11ed1195aabfcd298bcaf379e7f064ad8010cd8ca67a057b647baa8bf9ef6e77,992,1,2,-19896.068658481185,-21431.408163878845
inferred_20260921_seed0,0,11ed1195aabfcd298bcaf379e7f064ad8010cd8ca67a057b647baa8bf9ef6e77,992,2,2,-7871.361207329784,-7841.569593375358
inferred_20260921_seed0,0,11ed1195aabfcd298bcaf379e7f064ad8010cd8ca67a057b647baa8bf9ef6e77,992,3,2,-5042.670612964976,-6261.189585160887
inferred_20260921_seed0,0,11ed1195aabfcd298bcaf379e7f064ad8010cd8ca67a057b647baa8bf9ef6e77,993,1,2,-19849.09211046098,-21320.37522734931
inferred_20260921_seed0,0,11ed1195aabfcd298bcaf379e7f064ad8010cd8ca67a057b647baa8bf9ef6e77,993,2,2,-6655.331380048745,-7766.308385074603
inferred_20260921_seed0,0,11ed1195aabfcd298bcaf379e7f064ad8010cd8ca67a057b647baa8bf9ef6e77,993,3,2,-5819.19287565313,-6258.425089383281
inferred_20260921_seed0,0,11ed1195aabfcd298bcaf379e7f064ad8010cd8ca67a057b647baa8bf9ef6e77,994,1,2,-20393.039848304845,-21283.85580062148
inferred_20260921_seed0,0,11ed1195aabfcd298bcaf379e7f064ad8010cd8ca67a057b647baa8bf9ef6e77,994,2,2,-5541.806839311035,-7713.708538998249
inferred_20260921_seed0,0,11ed1195aabfcd298bcaf379e7f064ad8010cd8ca67a057b647baa8bf9ef6e77,994,3,2,-7131.44370050929,-6287.175915138472
inferred_20260921_seed0,0,11ed1195aabfcd298bcaf379e7f064ad8010cd8ca67a057b647baa8bf9ef6e77,995,1,2,-21002.750445767157,-21188.46883512045
inferred_20260921_seed0,0,11ed1195aabfcd298bcaf379e7f064ad8010cd8ca67a057b647baa8bf9ef6e77,995,2,2,-8286.405571564517,-7704.845653665143
inferred_20260921_seed0,0,11ed1195aabfcd298bcaf379e7f064ad8010cd8ca67a057b647baa8bf9ef6e77,995,3,2,-5641.504267077678,-6214.02452481768
inferred_20260921_seed0,0,11ed1195aabfcd298bcaf379e7f064ad8010cd8ca67a057b647baa8bf9ef6e77,996,1,2,-21451.7673685547,-21108.470972419484
inferred_20260921_seed0,0,11ed1195aabfcd298bcaf379e7f064ad8010cd8ca67a057b647baa8bf9ef6e77,996,2,2,-10918.809022281765,-7879.22568546648
inferred_20260921_seed0,0,11ed1195aabfcd298bcaf379e7f064ad8010cd8ca67a057b647baa8bf9ef6e77,996,3,2,-6649.715951248685,-6208.1001274924965
inferred_20260921_seed0,0,11ed1195aabfcd298bcaf379e7f064ad8010cd8ca67a057b647baa8bf9ef6e77,997,1,2,-20908.06298245645,-21043.267488368623
inferred_20260921_seed0,0,11ed1195aabfcd298bcaf379e7f064ad8010cd8ca67a057b647baa8bf9ef6e77,997,2,2,-4635.942246615383,-7716.039354475842
inferred_20260921_seed0,0,11ed1195aabfcd298bcaf379e7f064ad8010cd8ca67a057b647baa8bf9ef6e77,997,3,2,-5701.681655320086,-6145.862743869133
inferred_20260921_seed0,0,11ed1195aabfcd298bcaf379e7f064ad8010cd8ca67a057b647baa8bf9ef6e77,998,1,2,-20529.51231995038,-20998.358226013832
inferred_20260921_seed0,0,11ed1195aabfcd298bcaf379e7f064ad8010cd8ca67a057b647baa8bf9ef6e77,998,2,2,-7829.391818653981,-7723.361246584966
inferred_20260921_seed0,0,11ed1195aabfcd298bcaf379e7f064ad8010cd8ca67a057b647baa8bf9ef6e77,998,3,2,-5972.25839604927,-6135.97919518504
inferred_20260921_seed0,0,11ed1195aabfcd298bcaf379e7f064ad8010cd8ca67a057b647baa8bf9ef6e77,999,1,2,-20546.67833005129,-20966.77272104464
inferred_20260921_seed0,0,11ed1195aabfcd298bcaf379e7f064ad8010cd8ca67a057b647baa8bf9ef6e77,999,2,2,-6905.654241290073,-7627.043138046125
inferred_20260921_seed0,0,11ed1195aabfcd298bcaf379e7f064ad8010cd8ca67a057b647baa8bf9ef6e77,999,3,2,-6937.621708760902,-6163.369764829055
inferred_20260921_seed0,0,11ed1195aabfcd298bcaf379e7f064ad8010cd8ca67a057b647baa8bf9ef6e77,1000,1,2,-19392.19773135813,-20847.897119042154
inferred_20260921_seed0,0,11ed1195aabfcd298bcaf379e7f064ad8010cd8ca67a057b647baa8bf9ef6e77,1000,2,2,-6778.761798516789,-7586.483465258946
inferred_20260921_seed0,0,11ed1195aabfcd298bcaf379e7f064ad8010cd8ca67a057b647baa8bf9ef6e77,1000,3,2,-6071.163555501856,-6178.879230479491
inferred_20260921_seed0,0,11ed1195aabfcd298bcaf379e7f064ad8010cd8ca67a057b647baa8bf9ef6e77,1001,1,3,-25558.264647610595,-25558.264647610595
inferred_20260921_seed0,0,11ed1195aabfcd298bcaf379e7f064ad8010cd8ca67a057b647baa8bf9ef6e77,1001,2,3,-10241.461816458015,-10241.461816458015
inferred_20260921_seed0,0,11ed1195aabfcd298bcaf379e7f064ad8010cd8ca67a057b647baa8bf9ef6e77,1001,3,3,-7051.451217867883,-7051.451217867883
inferred_20260921_seed0,0,11ed1195aabfcd298bcaf379e7f064ad8010cd8ca67a057b647baa8bf9ef6e77,1002,1,3,-26415.246230357785,-25986.75543898419
inferred_20260921_seed0,0,11ed1195aabfcd298bcaf379e7f064ad8010cd8ca67a057b647baa8bf9ef6e77,1002,2,3,-13264.761340522551,-11753.111578490283
inferred_20260921_seed0,0,11ed1195aabfcd298bcaf379e7f064ad8010cd8ca67a057b647baa8bf9ef6e77,1002,3,3,-6144.335267996108,-6597.893242931996
inferred_20260921_seed0,0,11ed1195aabfcd298bcaf379e7f064ad8010cd8ca67a057b647baa8bf9ef6e77,1003,1,3,-26157.719471437853,-26043.743449802078
inferred_20260921_seed0,0,11ed1195aabfcd298bcaf379e7f064ad8010cd8ca67a057b647baa8bf9ef6e77,1003,2,3,-9548.93278154358,-11018.385312841383
inferred_20260921_seed0,0,11ed1195aabfcd298bcaf379e7f064ad8010cd8ca67a057b647baa8bf9ef6e77,1003,3,3,-6186.704024774797,-6460.830170212929
inferred_20260921_seed0,0,11ed1195aabfcd298bcaf379e7f064ad8010cd8ca67a057b647baa8bf9ef6e77,1004,1,3,-26564.233919808325,-26173.86606730364
inferred_20260921_seed0,0,11ed1195aabfcd298bcaf379e7f064ad8010cd8ca67a057b647baa8bf9ef6e77,1004,2,3,-11567.11394078837,-11155.56746982813
inferred_20260921_seed0,0,11ed1195aabfcd298bcaf379e7f064ad8010cd8ca67a057b647baa8bf9ef6e77,1004,3,3,-5588.222113268515,-6242.678155976826
inferred_20260921_seed0,0,11ed1195aabfcd298bcaf379e7f064ad8010cd8ca67a057b647baa8bf9ef6e77,1005,1,3,-27316.022338936025,-26402.297321630118
inferred_20260921_seed0,0,11ed1195aabfcd298bcaf379e7f064ad8010cd8ca67a057b647baa8bf9ef6e77,1005,2,3,-11434.120579905604,-11211.278091843624
inferred_20260921_seed0,0,11ed1195aabfcd298bcaf379e7f064ad8010cd8ca67a057b647baa8bf9ef6e77,1005,3,3,-6937.061763062402,-6381.554877393942
inferred_20260921_seed0,0,11ed1195aabfcd298bcaf379e7f064ad8010cd8ca67a057b647baa8bf9ef6e77,1006,1,3,-26513.506882990758,-26420.832248523555
inferred_20260921_seed0,0,11ed1195aabfcd298bcaf379e7f064ad8010cd8ca67a057b647baa8bf9ef6e77,1006,2,3,-12472.74607483047,-11421.522755674765
inferred_20260921_seed0,0,11ed1195aabfcd298bcaf379e7f064ad8010cd8ca67a057b647baa8bf9ef6e77,1006,3,3,-6826.458674220115,-6455.705510198303
inferred_20260921_seed0,0,11ed1195aabfcd298bcaf379e7f064ad8010cd8ca67a057b647baa8bf9ef6e77,1007,1,3,-25163.69991436493,-26241.24191507232
inferred_20260921_seed0,0,11ed1195aabfcd298bcaf379e7f064ad8010cd8ca67a057b647baa8bf9ef6e77,1007,2,3,-13012.479277223878,-11648.802258753209
inferred_20260921_seed0,0,11ed1195aabfcd298bcaf379e7f064ad8010cd8ca67a057b647baa8bf9ef6e77,1007,3,3,-6743.240524597102,-6496.781940826703
inferred_20260921_seed0,0,11ed1195aabfcd298bcaf379e7f064ad8010cd8ca67a057b647baa8bf9ef6e77,1008,1,3,-28638.334582294166,-26540.878498475053
inferred_20260921_seed0,0,11ed1195aabfcd298bcaf379e7f064ad8010cd8ca67a057b647baa8bf9ef6e77,1008,2,3,-15524.4174003049,-12133.25415144717
inferred_20260921_seed0,0,11ed1195aabfcd298bcaf379e7f064ad8010cd8ca67a057b647baa8bf9ef6e77,1008,3,3,-7186.7718571417845,-6583.030680366089
inferred_20260921_seed0,0,11ed1195aabfcd298bcaf379e7f064ad8010cd8ca67a057b647baa8bf9ef6e77,1009,1,3,-25300.825987620126,-26403.09488615784
inferred_20260921_seed0,0,11ed1195aabfcd298bcaf379e7f064ad8010cd8ca67a057b647baa8bf9ef6e77,1009,2,3,-10896.476715231242,-11995.834436312067
inferred_20260921_seed0,0,11ed1195aabfcd298bcaf379e7f064ad8010cd8ca67a057b647baa8bf9ef6e77,1009,3,3,-8916.943996039552,-6842.354382107584
inferred_20260921_seed0,0,11ed1195aabfcd298bcaf379e7f064ad8010cd8ca67a057b647baa8bf9ef6e77,1010,1,3,-26798.778157289747,-26442.66321327103
inferred_20260921_seed0,0,11ed1195aabfcd298bcaf379e7f064ad8010cd8ca67a057b647baa8bf9ef6e77,1010,2,3,-12074.27062279126,-12003.678054959988
inferred_20260921_seed0,0,11ed1195aabfcd298bcaf379e7f064ad8010cd8ca67a057b647baa8bf9ef6e77,1010,3,3,-6401.707333110744,-6798.289677207901
inferred_20260921_seed0,0,11ed1195aabfcd298bcaf379e7f064ad8010cd8ca67a057b647baa8bf9ef6e77,1011,1,3,-26896.35812276633,-26483.908205043328
inferred_20260921_seed0,0,11ed1195aabfcd298bcaf379e7f064ad8010cd8ca67a057b647baa8bf9ef6e77,1011,2,3,-13242.026102280915,-12116.25515017098
inferred_20260921_seed0,0,11ed1195aabfcd298bcaf379e7f064ad8010cd8ca67a057b647baa8bf9ef6e77,1011,3,3,-5992.088737855469,-6724.998682721315
inferred_20260921_seed0,0,11ed1195aabfcd298bcaf379e7f064ad8010cd8ca67a057b647baa8bf9ef6e77,1012,1,3,-25055.883752675203,-26364.906167345984
inferred_20260921_seed0,0,11ed1195aabfcd298bcaf379e7f064ad8010cd8ca67a057b647baa8bf9ef6e77,1012,2,3,-13346.561198820658,-12218.78065422512
inferred_20260921_seed0,0,11ed1195aabfcd298bcaf379e7f064ad8010cd8ca67a057b647baa8bf9ef6e77,1012,3,3,-6539.564159295425,-6709.545805769158
inferred_20260921_seed0,0,11ed1195aabfcd298bcaf379e7f064ad8010cd8ca67a057b647baa8bf9ef6e77,1013,1,3,-26810.13171071476,-26399.15428606666
inferred_20260921_seed0,0,11ed1195aabfcd298bcaf379e7f064ad8010cd8ca67a057b647baa8bf9ef6e77,1013,2,3,-13304.19713422808,-12302.274229609962
inferred_20260921_seed0,0,11ed1195aabfcd298bcaf379e7f064ad8010cd8ca67a057b647baa8bf9ef6e77,1013,3,3,-6019.400578370393,-6656.457711353869
inferred_20260921_seed0,0,11ed1195aabfcd298bcaf379e7f064ad8010cd8ca67a057b647baa8bf9ef6e77,1014,1,3,-25294.252471785618,-26320.23272790373
inferred_20260921_seed0,0,11ed1195aabfcd298bcaf379e7f064ad8010cd8ca67a057b647baa8bf9ef6e77,1014,2,3,-15366.49800131372,-12521.147356160232
inferred_20260921_seed0,0,11ed1195aabfcd298bcaf379e7f064ad8010cd8ca67a057b647baa8bf9ef6e77,1014,3,3,-6976.474305585989,-6679.316039513306
inferred_20260921_seed0,0,11ed1195aabfcd298bcaf379e7f064ad8010cd8ca67a057b647baa8bf9ef6e77,1015,1,3,-25526.700920347703,-26267.330607399996
inferred_20260921_seed0,0,11ed1195aabfcd298bcaf379e7f064ad8010cd8ca67a057b647baa8bf9ef6e77,1015,2,3,-13094.610876587623,-12559.378257522058
inferred_20260921_seed0,0,11ed1195aabfcd298bcaf379e7f064ad8010cd8ca67a057b647baa8bf9ef6e77,1015,3,3,-7975.555228822821,-6765.731985467273
inferred_20260921_seed0,0,11ed1195aabfcd298bcaf379e7f064ad8010cd8ca67a057b647baa8bf9ef6e77,1016,1,3,-25011.247559900683,-26188.82541693129
inferred_20260921_seed0,0,11ed1195aabfcd298bcaf379e7f064ad8010cd8ca67a057b647baa8bf9ef6e77,1016,2,3,-10626.317453672811,-12438.56195728148
inferred_20260921_seed0,0,11ed1195aabfcd298bcaf379e7f064ad8010cd8ca67a057b647baa8bf9ef6e77,1016,3,3,-7973.523135098776,-6841.218932319242
inferred_20260921_seed0,0,11ed1195aabfcd298bcaf379e7f064ad8010cd8ca67a057b647baa8bf9ef6e77,1017,1,3,-26678.24110062729,-26217.61457479576
inferred_20260921_seed0,0,11ed1195aabfcd298bcaf379e7f064ad8010cd8ca67a057b647baa8bf9ef6e77,1017,2,3,-12424.112214736722,-12437.711972425906
inferred_20260921_seed0,0,11ed1195aabfcd298bcaf379e7f064ad8010cd8ca67a057b647baa8bf9ef6e77,1017,3,3,-6499.355778593449,-6821.109335041255
inferred_20260921_seed0,0,11ed1195aabfcd298bcaf379e7f064ad8010cd8ca67a057b647baa8bf9ef6e77,1018,1,3,-25951.35558115142,-26202.822408482185
inferred_20260921_seed0,0,11ed1195aabfcd298bcaf379e7f064ad8010cd8ca67a057b647baa8bf9ef6e77,1018,2,3,-14718.11091330379,-12564.400802474678
inferred_20260921_seed0,0,11ed1195aabfcd298bcaf379e7f064ad8010cd8ca67a057b647baa8bf9ef6e77,1018,3,3,-6658.393513779547,-6812.069567193383
inferred_20260921_seed0,0,11ed1195aabfcd298bcaf379e7f064ad8010cd8ca67a057b647baa8bf9ef6e77,1019,1,3,-28094.189167037963,-26302.36802735354
inferred_20260921_seed0,0,11ed1195aabfcd298bcaf379e7f064ad8010cd8ca67a057b647baa8bf9ef6e77,1019,2,3,-11515.401515672796,-12509.190313695632
inferred_20260921_seed0,0,11ed1195aabfcd298bcaf379e7f064ad8010cd8ca67a057b647baa8bf9ef6e77,1019,3,3,-6036.319680741832,-6771.240625801195
inferred_20260921_seed0,0,11ed1195aabfcd298bcaf379e7f064ad8010cd8ca67a057b647baa8bf9ef6e77,1020,1,3,-25792.936253435983,-26276.896438657663
inferred_20260921_seed0,0,11ed1195aabfcd298bcaf379e7f064ad8010cd8ca67a057b647baa8bf9ef6e77,1020,2,3,-13103.437495981005,-12538.9026728099
inferred_20260921_seed0,0,11ed1195aabfcd298bcaf379e7f064ad8010cd8ca67a057b647baa8bf9ef6e77,1020,3,3,-6990.651297137505,-6782.211159368011
inferred_20260921_seed0,0,11ed1195aabfcd298bcaf379e7f064ad8010cd8ca67a057b647baa8bf9ef6e77,1021,1,3,-26901.799355123192,-26306.653720394115
inferred_20260921_seed0,0,11ed1195aabfcd298bcaf379e7f064ad8010cd8ca67a057b647baa8bf9ef6e77,1021,2,3,-14285.03898544692,-12622.052021030711
inferred_20260921_seed0,0,11ed1195aabfcd298bcaf379e7f064ad8010cd8ca67a057b647baa8bf9ef6e77,1021,3,3,-7057.507367029801,-6795.32050259
inferred_20260921_seed0,0,11ed1195aabfcd298bcaf379e7f064ad8010cd8ca67a057b647baa8bf9ef6e77,1022,1,3,-25308.23889021708,-26261.271228113343
inferred_20260921_seed0,0,11ed1195aabfcd298bcaf379e7f064ad8010cd8ca67a057b647baa8bf9ef6e77,1022,2,3,-12661.976614245625,-12623.866775267752
inferred_20260921_seed0,0,11ed1195aabfcd298bcaf379e7f064ad8010cd8ca67a057b647baa8bf9ef6e77,1022,3,3,-5631.944312840798,-6742.43976669231
inferred_20260921_seed0,0,11ed1195aabfcd298bcaf379e7f064ad8010cd8ca67a057b647baa8bf9ef6e77,1023,1,3,-26071.64877221113,-26253.026773508896
inferred_20260921_seed0,0,11ed1195aabfcd298bcaf379e7f064ad8010cd8ca67a057b647baa8bf9ef6e77,1023,2,3,-13570.20203437691,-12665.011786533369
inferred_20260921_seed0,0,11ed1195aabfcd298bcaf379e7f064ad8010cd8ca67a057b647baa8bf9ef6e77,1023,3,3,-6476.158633257844,-6730.862326108203
inferred_20260921_seed0,0,11ed1195aabfcd298bcaf379e7f064ad8010cd8ca67a057b647baa8bf9ef6e77,1024,1,3,-24743.015755738747,-26190.109647768477
inferred_20260921_seed0,0,11ed1195aabfcd298bcaf379e7f064ad8010cd8ca67a057b647baa8bf9ef6e77,1024,2,3,-12642.141996860928,-12664.058878630349
inferred_20260921_seed0,0,11ed1195aabfcd298bcaf379e7f064ad8010cd8ca67a057b647baa8bf9ef6e77,1024,3,3,-6915.002538748714,-6738.534834968224
inferred_20260921_seed0,0,11ed1195aabfcd298bcaf379e7f064ad8010cd8ca67a057b647baa8bf9ef6e77,1025,1,3,-29475.75069608261,-26321.53528970104
inferred_20260921_seed0,0,11ed1195aabfcd298bcaf379e7f064ad8010cd8ca67a057b647baa8bf9ef6e77,1025,2,3,-15678.51231718252,-12784.637016172435
inferred_20260921_seed0,0,11ed1195aabfcd298bcaf379e7f064ad8010cd8ca67a057b647baa8bf9ef6e77,1025,3,3,-5333.814530088092,-6682.346022773018
inferred_20260921_seed0,0,11ed1195aabfcd298bcaf379e7f064ad8010cd8ca67a057b647baa8bf9ef6e77,1026,1,3,-26628.53504539197,-26364.346105612298
inferred_20260921_seed0,0,11ed1195aabfcd298bcaf379e7f064ad8010cd8ca67a057b647baa8bf9ef6e77,1026,2,3,-13889.638656946592,-12930.564089791977
inferred_20260921_seed0,0,11ed1195aabfcd298bcaf379e7f064ad8010cd8ca67a057b647baa8bf9ef6e77,1026,3,3,-6161.067388596461,-6646.7306696021615
inferred_20260921_seed0,0,11ed1195aabfcd298bcaf379e7f064ad8010cd8ca67a057b647baa8bf9ef6e77,1027,1,3,-26581.34037117024,-26370.989871244794
inferred_20260921_seed0,0,11ed1195aabfcd298bcaf379e7f064ad8010cd8ca67a057b647baa8bf9ef6e77,1027,2,3,-14027.031615174985,-12961.054900778076
inferred_20260921_seed0,0,11ed1195aabfcd298bcaf379e7f064ad8010cd8ca67a057b647baa8bf9ef6e77,1027,3,3,-4411.356420095245,-6577.411515686126
inferred_20260921_seed0,0,11ed1195aabfcd298bcaf379e7f064ad8010cd8ca67a057b647baa8bf9ef6e77,1028,1,3,-25878.676451669467,-26359.828150454057
inferred_20260921_seed0,0,11ed1195aabfcd298bcaf379e7f064ad8010cd8ca67a057b647baa8bf9ef6e77,1028,2,3,-15419.56424939988,-13195.880159492328
inferred_20260921_seed0,0,11ed1195aabfcd298bcaf379e7f064ad8010cd8ca67a057b647baa8bf9ef6e77,1028,3,3,-5660.9572484749015,-6556.381644634131
inferred_20260921_seed0,0,11ed1195aabfcd298bcaf379e7f064ad8010cd8ca67a057b647baa8bf9ef6e77,1029,1,3,-25128.39141030514,-26302.39445007393
inferred_20260921_seed0,0,11ed1195aabfcd298bcaf379e7f064ad8010cd8ca67a057b647baa8bf9ef6e77,1029,2,3,-12689.441655664614,-13240.773268087376
inferred_20260921_seed0,0,11ed1195aabfcd298bcaf379e7f064ad8010cd8ca67a057b647baa8bf9ef6e77,1029,3,3,-8651.04544061596,-6678.894577728029
inferred_20260921_seed0,0,11ed1195aabfcd298bcaf379e7f064ad8010cd8ca67a057b647baa8bf9ef6e77,1030,1,3,-28413.280585627,-26346.28477994157
inferred_20260921_seed0,0,11ed1195aabfcd298bcaf379e7f064ad8010cd8ca67a057b647baa8bf9ef6e77,1030,2,3,-16950.7517360037,-13461.438514331303
inferred_20260921_seed0,0,11ed1195aabfcd298bcaf379e7f064ad8010cd8ca67a057b647baa8bf9ef6e77,1030,3,3,-5942.004540589464,-6639.092288829112
inferred_20260921_seed0,0,11ed1195aabfcd298bcaf379e7f064ad8010cd8ca67a057b647baa8bf9ef6e77,1031,1,3,-26325.551837632836,-26338.76657812725
inferred_20260921_seed0,0,11ed1195aabfcd298bcaf379e7f064ad8010cd8ca67a057b647baa8bf9ef6e77,1031,2,3,-13812.826709723988,-13515.041739727043
inferred_20260921_seed0,0,11ed1195aabfcd298bcaf379e7f064ad8010cd8ca67a057b647baa8bf9ef6e77,1031,3,3,-6113.908261125172,-6610.590272305313
inferred_20260921_seed0,0,11ed1195aabfcd298bcaf379e7f064ad8010cd8ca67a057b647baa8bf9ef6e77,1032,1,3,-26410.056508834998,-26388.620841906053
inferred_20260921_seed0,0,11ed1195aabfcd298bcaf379e7f064ad8010cd8ca67a057b647baa8bf9ef6e77,1032,2,3,-12097.004384936925,-13478.422744035564
inferred_20260921_seed0,0,11ed1195aabfcd298bcaf379e7f064ad8010cd8ca67a057b647baa8bf9ef6e77,1032,3,3,-4903.905327810836,-6537.016864433864
inferred_20260921_seed0,0,11ed1195aabfcd298bcaf379e7f064ad8010cd8ca67a057b647baa8bf9ef6e77,1033,1,3,-26264.740292918497,-26293.67707033103
inferred_20260921_seed0,0,11ed1195aabfcd298bcaf379e7f064ad8010cd8ca67a057b647baa8bf9ef6e77,1033,2,3,-13012.273117373215,-13377.936972718297
inferred_20260921_seed0,0,11ed1195aabfcd298bcaf379e7f064ad8010cd8ca67a057b647baa8bf9ef6e77,1033,3,3,-8638.521032995634,-6595.0868314680165
inferred_20260921_seed0,0,11ed1195aabfcd298bcaf379e7f064ad8010cd8ca67a057b647baa8bf9ef6e77,1034,1,3,-25075.700029977004,-26284.672032025304
inferred_20260921_seed0,0,11ed1195aabfcd298bcaf379e7f064ad8010cd8ca67a057b647baa8bf9ef6e77,1034,2,3,-13567.474989229171,-13484.776903678216
inferred_20260921_seed0,0,11ed1195aabfcd298bcaf379e7f064ad8010cd8ca67a057b647baa8bf9ef6e77,1034,3,3,-6051.680141265825,-6480.476277277068
inferred_20260921_seed0,0,11ed1195aabfcd298bcaf379e7f064ad8010cd8ca67a057b647baa8bf9ef6e77,1035,1,3,-27061.69040820488,-26295.18852206191
inferred_20260921_seed0,0,11ed1195aabfcd298bcaf379e7f064ad8010cd8ca67a057b647baa8bf9ef6e77,1035,2,3,-10994.123569777072,-13441.571021557647
inferred_20260921_seed0,0,11ed1195aabfcd298bcaf379e7f064ad8010cd8ca67a057b647baa8bf9ef6e77,1035,3,3,-7247.8728147294205,-6514.322896541816
inferred_20260921_seed0,0,11ed1195aabfcd298bcaf379e7f064ad8010cd8ca67a057b647baa8bf9ef6e77,1036,1,3,-26400.704682068645,-26275.362384434004
inferred_20260921_seed0,0,11ed1195aabfcd298bcaf379e7f064ad8010cd8ca67a057b647baa8bf9ef6e77,1036,2,3,-11938.597042087971,-13389.433859149927
inferred_20260921_seed0,0,11ed1195aabfcd298bcaf379e7f064ad8010cd8ca67a057b647baa8bf9ef6e77,1036,3,3,-5398.23853112233,-6490.56888827249
inferred_20260921_seed0,0,11ed1195aabfcd298bcaf379e7f064ad8010cd8ca67a057b647baa8bf9ef6e77,1037,1,3,-27401.80695411008,-26369.199312491397
inferred_20260921_seed0,0,11ed1195aabfcd298bcaf379e7f064ad8010cd8ca67a057b647baa8bf9ef6e77,1037,2,3,-14699.357323372358,-13443.545704131997
inferred_20260921_seed0,0,11ed1195aabfcd298bcaf379e7f064ad8010cd8ca67a057b647baa8bf9ef6e77,1037,3,3,-6651.673019818369,-6495.053242693407
inferred_20260921_seed0,0,11ed1195aabfcd298bcaf379e7f064ad8010cd8ca67a057b647baa8bf9ef6e77,1038,1,3,-24056.085753474053,-26259.03747420177
inferred_20260921_seed0,0,11ed1195aabfcd298bcaf379e7f064ad8010cd8ca67a057b647baa8bf9ef6e77,1038,2,3,-11610.206045398252,-13375.786060578805
inferred_20260921_seed0,0,11ed1195aabfcd298bcaf379e7f064ad8010cd8ca67a057b647baa8bf9ef6e77,1038,3,3,-6724.635918682528,-6523.262656305892
inferred_20260921_seed0,0,11ed1195aabfcd298bcaf379e7f064ad8010cd8ca67a057b647baa8bf9ef6e77,1039,1,3,-28005.47103027029,-26367.486216541158
inferred_20260921_seed0,0,11ed1195aabfcd298bcaf379e7f064ad8010cd8ca67a057b647baa8bf9ef6e77,1039,2,3,-11454.347675641948,-13219.300047551933
inferred_20260921_seed0,0,11ed1195aabfcd298bcaf379e7f064ad8010cd8ca67a057b647baa8bf9ef6e77,1039,3,3,-7210.413627916033,-6532.620229199095
inferred_20260921_seed0,0,11ed1195aabfcd298bcaf379e7f064ad8010cd8ca67a057b647baa8bf9ef6e77,1040,1,3,-26590.84864161304,-26410.05212539177
inferred_20260921_seed0,0,11ed1195aabfcd298bcaf379e7f064ad8010cd8ca67a057b647baa8bf9ef6e77,1040,2,3,-10178.143760283108,-13102.641362899754
inferred_20260921_seed0,0,11ed1195aabfcd298bcaf379e7f064ad8010cd8ca67a057b647baa8bf9ef6e77,1040,3,3,-5712.15690991031,-6442.084296442594
inferred_20260921_seed0,0,11ed1195aabfcd298bcaf379e7f064ad8010cd8ca67a057b647baa8bf9ef6e77,1041,1,3,-25984.02442969681,-26448.963200183618
inferred_20260921_seed0,0,11ed1195aabfcd298bcaf379e7f064ad8010cd8ca67a057b647baa8bf9ef6e77,1041,2,3,-9395.515353011084,-13053.409278873285
inferred_20260921_seed0,0,11ed1195aabfcd298bcaf379e7f064ad8010cd8ca67a057b647baa8bf9ef6e77,1041,3,3,-6350.72772162705,-6377.172479903726
inferred_20260921_seed0,0,11ed1195aabfcd298bcaf379e7f064ad8010cd8ca67a057b647baa8bf9ef6e77,1042,1,3,-24377.419503149224,-26356.930336284495
inferred_20260921_seed0,0,11ed1195aabfcd298bcaf379e7f064ad8010cd8ca67a057b647baa8bf9ef6e77,1042,2,3,-12960.788553305856,-13074.876332416048
inferred_20260921_seed0,0,11ed1195aabfcd298bcaf379e7f064ad8010cd8ca67a057b647baa8bf9ef6e77,1042,3,3,-6842.946640401534,-6390.916114376048
inferred_20260921_seed0,0,11ed1195aabfcd298bcaf379e7f064ad8010cd8ca67a057b647baa8bf9ef6e77,1043,1,3,-26952.591218934685,-26396.97976179582
inferred_20260921_seed0,0,11ed1195aabfcd298bcaf379e7f064ad8010cd8ca67a057b647baa8bf9ef6e77,1043,2,3,-14664.54592506355,-13072.73373288644
inferred_20260921_seed0,0,11ed1195aabfcd298bcaf379e7f064ad8010cd8ca67a057b647baa8bf9ef6e77,1043,3,3,-6700.799003836973,-6392.612333978344
inferred_20260921_seed0,0,11ed1195aabfcd298bcaf379e7f064ad8010cd8ca67a057b647baa8bf9ef6e77,1044,1,3,-26702.221868958623,-26341.30106987265
inferred_20260921_seed0,0,11ed1195aabfcd298bcaf379e7f064ad8010cd8ca67a057b647baa8bf9ef6e77,1044,2,3,-8901.43244453802,-12968.174970041047
inferred_20260921_seed0,0,11ed1195aabfcd298bcaf379e7f064ad8010cd8ca67a057b647baa8bf9ef6e77,1044,3,3,-6499.226887338419,-6411.128622242209
inferred_20260921_seed0,0,11ed1195aabfcd298bcaf379e7f064ad8010cd8ca67a057b647baa8bf9ef6e77,1045,1,3,-23477.330389175462,-26248.67683530223
inferred_20260921_seed0,0,11ed1195aabfcd298bcaf379e7f064ad8010cd8ca67a057b647baa8bf9ef6e77,1045,2,3,-8948.713982810634,-12801.986029514233
inferred_20260921_seed0,0,11ed1195aabfcd298bcaf379e7f064ad8010cd8ca67a057b647baa8bf9ef6e77,1045,3,3,-5476.567990205763,-6350.565289964939
inferred_20260921_seed0,0,11ed1195aabfcd298bcaf379e7f064ad8010cd8ca67a057b647baa8bf9ef6e77,1046,1,3,-28019.81482280121,-26293.397454009348
inferred_20260921_seed0,0,11ed1195aabfcd298bcaf379e7f064ad8010cd8ca67a057b647baa8bf9ef6e77,1046,2,3,-11340.526324783788,-12684.205523087709
inferred_20260921_seed0,0,11ed1195aabfcd298bcaf379e7f064ad8010cd8ca67a057b647baa8bf9ef6e77,1046,3,3,-5213.454795407664,-6276.803187100054
inferred_20260921_seed0,0,11ed1195aabfcd298bcaf379e7f064ad8010cd8ca67a057b647baa8bf9ef6e77,1047,1,3,-25877.90303876703,-26316.184019951346
inferred_20260921_seed0,0,11ed1195aabfcd298bcaf379e7f064ad8010cd8ca67a057b647baa8bf9ef6e77,1047,2,3,-12247.249247318396,-12667.616428410618
inferred_20260921_seed0,0,11ed1195aabfcd298bcaf379e7f064ad8010cd8ca67a057b647baa8bf9ef6e77,1047,3,3,-6597.5153947987965,-6315.426030378373
inferred_20260921_seed0,0,11ed1195aabfcd298bcaf379e7f064ad8010cd8ca67a057b647baa8bf9ef6e77,1048,1,3,-27192.920164836414,-26361.03487565636
inferred_20260921_seed0,0,11ed1195aabfcd298bcaf379e7f064ad8010cd8ca67a057b647baa8bf9ef6e77,1048,2,3,-12683.086436714597,-12632.131804504126
inferred_20260921_seed0,0,11ed1195aabfcd298bcaf379e7f064ad8010cd8ca67a057b647baa8bf9ef6e77,1048,3,3,-5091.327479566167,-6260.032784230707
inferred_20260921_seed0,0,11ed1195aabfcd298bcaf379e7f064ad8010cd8ca67a057b647baa8bf9ef6e77,1049,1,3,-26630.102605083528,-26436.518349630147
inferred_20260921_seed0,0,11ed1195aabfcd298bcaf379e7f064ad8010cd8ca67a057b647baa8bf9ef6e77,1049,2,3,-10201.836465767245,-12534.51958326038
inferred_20260921_seed0,0,11ed1195aabfcd298bcaf379e7f064ad8010cd8ca67a057b647baa8bf9ef6e77,1049,3,3,-6143.863098458789,-6229.18720661911
inferred_20260921_seed0,0,11ed1195aabfcd298bcaf379e7f064ad8010cd8ca67a057b647baa8bf9ef6e77,1050,1,3,-26022.891257916555,-26298.403972103508
inferred_20260921_seed0,0,11ed1195aabfcd298bcaf379e7f064ad8010cd8ca67a057b647baa8bf9ef6e77,1050,2,3,-10940.038640590525,-12344.9806361967
inferred_20260921_seed0,0,11ed1195aabfcd298bcaf379e7f064ad8010cd8ca67a057b647baa8bf9ef6e77,1050,3,3,-6816.927031310532,-6288.511706668007
inferred_20260921_seed0,0,11ed1195aabfcd298bcaf379e7f064ad8010cd8ca67a057b647baa8bf9ef6e77,1051,1,3,-26242.038520896505,-26282.944111123685
inferred_20260921_seed0,0,11ed1195aabfcd298bcaf379e7f064ad8010cd8ca67a057b647baa8bf9ef6e77,1051,2,3,-9523.244390603282,-12170.324865542967
inferred_20260921_seed0,0,11ed1195aabfcd298bcaf379e7f064ad8010cd8ca67a057b647baa8bf9ef6e77,1051,3,3,-4708.954252676347,-6230.427181231203
inferred_20260921_seed0,0,11ed1195aabfcd298bcaf379e7f064ad8010cd8ca67a057b647baa8bf9ef6e77,1052,1,3,-26902.971810631818,-26295.80936870215
inferred_20260921_seed0,0,11ed1195aabfcd298bcaf379e7f064ad8010cd8ca67a057b647baa8bf9ef6e77,1052,2,3,-11089.514715686615,-12052.824189563431
inferred_20260921_seed0,0,11ed1195aabfcd298bcaf379e7f064ad8010cd8ca67a057b647baa8bf9ef6e77,1052,3,3,-5799.013284159177,-6285.93345579376
inferred_20260921_seed0,0,11ed1195aabfcd298bcaf379e7f064ad8010cd8ca67a057b647baa8bf9ef6e77,1053,1,3,-24027.71163146784,-26221.77077589409
inferred_20260921_seed0,0,11ed1195aabfcd298bcaf379e7f064ad8010cd8ca67a057b647baa8bf9ef6e77,1053,2,3,-10877.791265996628,-11871.153270227302
inferred_20260921_seed0,0,11ed1195aabfcd298bcaf379e7f064ad8010cd8ca67a057b647baa8bf9ef6e77,1053,3,3,-6033.778339238746,-6300.846299424314
inferred_20260921_seed0,0,11ed1195aabfcd298bcaf379e7f064ad8010cd8ca67a057b647baa8bf9ef6e77,1054,1,3,-26498.82903137817,-26276.588280737007
inferred_20260921_seed0,0,11ed1195aabfcd298bcaf379e7f064ad8010cd8ca67a057b647baa8bf9ef6e77,1054,2,3,-12132.467577129044,-11848.874307085882
inferred_20260921_seed0,0,11ed1195aabfcd298bcaf379e7f064ad8010cd8ca67a057b647baa8bf9ef6e77,1054,3,3,-7268.09578003231,-6245.528313000967
inferred_20260921_seed0,0,11ed1195aabfcd298bcaf379e7f064ad8010cd8ca67a057b647baa8bf9ef6e77,1055,1,3,-26491.639062909177,-26199.7226198283
inferred_20260921_seed0,0,11ed1195aabfcd298bcaf379e7f064ad8010cd8ca67a057b647baa8bf9ef6e77,1055,2,3,-13567.31692887068,-11713.536914800557
inferred_20260921_seed0,0,11ed1195aabfcd298bcaf379e7f064ad8010cd8ca67a057b647baa8bf9ef6e77,1055,3,3,-7412.590209352656,-6304.351739751495
inferred_20260921_seed0,0,11ed1195aabfcd298bcaf379e7f064ad8010cd8ca67a057b647baa8bf9ef6e77,1056,1,3,-26509.80522926629,-26207.092755493635
inferred_20260921_seed0,0,11ed1195aabfcd298bcaf379e7f064ad8010cd8ca67a057b647baa8bf9ef6e77,1056,2,3,-12579.535196004992,-11664.2052542518
inferred_20260921_seed0,0,11ed1195aabfcd298bcaf379e7f064ad8010cd8ca67a057b647baa8bf9ef6e77,1056,3,3,-6250.10309658151,-6309.799533169749
inferred_20260921_seed0,0,11ed1195aabfcd298bcaf379e7f064ad8010cd8ca67a057b647baa8bf9ef6e77,1057,1,3,-25701.75938744836,-26178.76087063817
inferred_20260921_seed0,0,11ed1195aabfcd298bcaf379e7f064ad8010cd8ca67a057b647baa8bf9ef6e77,1057,2,3,-9855.617386994496,-11574.5497743341
inferred_20260921_seed0,0,11ed1195aabfcd298bcaf379e7f064ad8010cd8ca67a057b647baa8bf9ef6e77,1057,3,3,-7341.45384648851,-6407.301473916855
inferred_20260921_seed0,0,11ed1195aabfcd298bcaf379e7f064ad8010cd8ca67a057b647baa8bf9ef6e77,1058,1,3,-27455.07620090678,-26226.3743069577
inferred_20260921_seed0,0,11ed1195aabfcd298bcaf379e7f064ad8010cd8ca67a057b647baa8bf9ef6e77,1058,2,3,-10808.210754786243,-11486.387279830622
inferred_20260921_seed0,0,11ed1195aabfcd298bcaf379e7f064ad8010cd8ca67a057b647baa8bf9ef6e77,1058,3,3,-5641.557944958127,-6287.422950395355
inferred_20260921_seed0,0,11ed1195aabfcd298bcaf379e7f064ad8010cd8ca67a057b647baa8bf9ef6e77,1059,1,3,-24995.637402570428,-26223.171801861437
inferred_20260921_seed0,0,11ed1195aabfcd298bcaf379e7f064ad8010cd8ca67a057b647baa8bf9ef6e77,1059,2,3,-10090.984247143362,-11347.32765014719
inferred_20260921_seed0,0,11ed1195aabfcd298bcaf379e7f064ad8010cd8ca67a057b647baa8bf9ef6e77,1059,3,3,-5576.244368966621,-6268.405519503388
inferred_20260921_seed0,0,11ed1195aabfcd298bcaf379e7f064ad8010cd8ca67a057b647baa8bf9ef6e77,1060,1,3,-26324.155805497263,-26193.670417753132
inferred_20260921_seed0,0,11ed1195aabfcd298bcaf379e7f064ad8010cd8ca67a057b647baa8bf9ef6e77,1060,2,3,-9961.568765629538,-11306.025457981286
inferred_20260921_seed0,0,11ed1195aabfcd298bcaf379e7f064ad8010cd8ca67a057b647baa8bf9ef6e77,1060,3,3,-7002.184505077797,-6258.577987117322
inferred_20260921_seed0,0,11ed1195aabfcd298bcaf379e7f064ad8010cd8ca67a057b647baa8bf9ef6e77,1061,1,3,-28668.303352270163,-26284.37436456119
inferred_20260921_seed0,0,11ed1195aabfcd298bcaf379e7f064ad8010cd8ca67a057b647baa8bf9ef6e77,1061,2,3,-12328.504339064257,-11321.621749860342
inferred_20260921_seed0,0,11ed1195aabfcd298bcaf379e7f064ad8010cd8ca67a057b647baa8bf9ef6e77,1061,3,3,-6574.413120630759,-6305.62497069766
inferred_20260921_seed0,0,11ed1195aabfcd298bcaf379e7f064ad8010cd8ca67a057b647baa8bf9ef6e77,1062,1,3,-25883.408058322777,-26223.6384087297
inferred_20260921_seed0,0,11ed1195aabfcd298bcaf379e7f064ad8010cd8ca67a057b647baa8bf9ef6e77,1062,2,3,-13574.447925635788,-11276.625373950877
inferred_20260921_seed0,0,11ed1195aabfcd298bcaf379e7f064ad8010cd8ca67a057b647baa8bf9ef6e77,1062,3,3,-5644.668726168235,-6265.344798951654
inferred_20260921_seed0,0,11ed1195aabfcd298bcaf379e7f064ad8010cd8ca67a057b647baa8bf9ef6e77,1063,1,3,-24365.562398076203,-26236.017474513785
inferred_20260921_seed0,0,11ed1195aabfcd298bcaf379e7f064ad8010cd8ca67a057b647baa8bf9ef6e77,1063,2,3,-10656.127491178544,-11238.462231782089
inferred_20260921_seed0,0,11ed1195aabfcd298bcaf379e7f064ad8010cd8ca67a057b647baa8bf9ef6e77,1063,3,3,-7580.973450966261,-6299.598300243004
inferred_20260921_seed0,0,11ed1195aabfcd298bcaf379e7f064ad8010cd8ca67a057b647baa8bf9ef6e77,1064,1,3,-27651.27129982201,-26221.849485295854
inferred_20260921_seed0,0,11ed1195aabfcd298bcaf379e7f064ad8010cd8ca67a057b647baa8bf9ef6e77,1064,2,3,-10124.740084709654,-11185.277928144797
inferred_20260921_seed0,0,11ed1195aabfcd298bcaf379e7f064ad8010cd8ca67a057b647baa8bf9ef6e77,1064,3,3,-5652.829899341286,-6237.294951100013
inferred_20260921_seed0,0,11ed1195aabfcd298bcaf379e7f064ad8010cd8ca67a057b647baa8bf9ef6e77,1065,1,3,-24863.3277994344,-26152.74865160871
inferred_20260921_seed0,0,11ed1195aabfcd298bcaf379e7f064ad8010cd8ca67a057b647baa8bf9ef6e77,1065,2,3,-11904.120958769594,-11254.317016084255
inferred_20260921_seed0,0,11ed1195aabfcd298bcaf379e7f064ad8010cd8ca67a057b647baa8bf9ef6e77,1065,3,3,-7201.637743141754,-6296.874184429272
inferred_20260921_seed0,0,11ed1195aabfcd298bcaf379e7f064ad8010cd8ca67a057b647baa8bf9ef6e77,1066,1,3,-23445.63281864837,-26051.212987166768
inferred_20260921_seed0,0,11ed1195aabfcd298bcaf379e7f064ad8010cd8ca67a057b647baa8bf9ef6e77,1066,2,3,-12596.698793421816,-11382.364353700685
inferred_20260921_seed0,0,11ed1195aabfcd298bcaf379e7f064ad8010cd8ca67a057b647baa8bf9ef6e77,1066,3,3,-7228.080461870226,-6331.9682940389985
inferred_20260921_seed0,0,11ed1195aabfcd298bcaf379e7f064ad8010cd8ca67a057b647baa8bf9ef6e77,1067,1,3,-26542.040269585108,-26137.797817824205
inferred_20260921_seed0,0,11ed1195aabfcd298bcaf379e7f064ad8010cd8ca67a057b647baa8bf9ef6e77,1067,2,3,-10090.741425415265,-11267.562468585062
inferred_20260921_seed0,0,11ed1195aabfcd298bcaf379e7f064ad8010cd8ca67a057b647baa8bf9ef6e77,1067,3,3,-5836.021643409593,-6291.691294159321
inferred_20260921_seed0,0,11ed1195aabfcd298bcaf379e7f064ad8010cd8ca67a057b647baa8bf9ef6e77,1068,1,3,-28337.165037750918,-26193.18077057686
inferred_20260921_seed0,0,11ed1195aabfcd298bcaf379e7f064ad8010cd8ca67a057b647baa8bf9ef6e77,1068,2,3,-9768.43558507766,-11071.718054985626
inferred_20260921_seed0,0,11ed1195aabfcd298bcaf379e7f064ad8010cd8ca67a057b647baa8bf9ef6e77,1068,3,3,-6361.811132702165,-6278.131779313929
inferred_20260921_seed0,0,11ed1195aabfcd298bcaf379e7f064ad8010cd8ca67a057b647baa8bf9ef6e77,1069,1,3,-26087.549967803097,-26168.593894530633
inferred_20260921_seed0,0,11ed1195aabfcd298bcaf379e7f064ad8010cd8ca67a057b647baa8bf9ef6e77,1069,2,3,-11376.623807483418,-11170.725709503444
inferred_20260921_seed0,0,11ed1195aabfcd298bcaf379e7f064ad8010cd8ca67a057b647baa8bf9ef6e77,1069,3,3,-6397.612581069702,-6274.067207063181
inferred_20260921_seed0,0,11ed1195aabfcd298bcaf379e7f064ad8010cd8ca67a057b647baa8bf9ef6e77,1070,1,3,-27177.95838434749,-26316.619014337513
inferred_20260921_seed0,0,11ed1195aabfcd298bcaf379e7f064ad8010cd8ca67a057b647baa8bf9ef6e77,1070,2,3,-12362.552287824132,-11307.279241703982
inferred_20260921_seed0,0,11ed1195aabfcd298bcaf379e7f064ad8010cd8ca67a057b647baa8bf9ef6e77,1070,3,3,-5955.33760205955,-6293.217991537331
inferred_20260921_seed0,0,11ed1195aabfcd298bcaf379e7f064ad8010cd8ca67a057b647baa8bf9ef6e77,1071,1,3,-27447.52090676165,-26293.727257695933
inferred_20260921_seed0,0,11ed1195aabfcd298bcaf379e7f064ad8010cd8ca67a057b647baa8bf9ef6e77,1071,2,3,-13212.742785549846,-11382.167900134624
inferred_20260921_seed0,0,11ed1195aabfcd298bcaf379e7f064ad8010cd8ca67a057b647baa8bf9ef6e77,1071,3,3,-6380.283634281226,-6339.891145092274
inferred_20260921_seed0,0,11ed1195aabfcd298bcaf379e7f064ad8010cd8ca67a057b647baa8bf9ef6e77,1072,1,3,-23855.90537639593,-26212.84735120109
inferred_20260921_seed0,0,11ed1195aabfcd298bcaf379e7f064ad8010cd8ca67a057b647baa8bf9ef6e77,1072,2,3,-13639.001407786338,-11437.837986553342
inferred_20260921_seed0,0,11ed1195aabfcd298bcaf379e7f064ad8010cd8ca67a057b647baa8bf9ef6e77,1072,3,3,-7142.249048553596,-6361.680491242466
inferred_20260921_seed0,0,11ed1195aabfcd298bcaf379e7f064ad8010cd8ca67a057b647baa8bf9ef6e77,1073,1,3,-27545.279918795302,-26226.941741359442
inferred_20260921_seed0,0,11ed1195aabfcd298bcaf379e7f064ad8010cd8ca67a057b647baa8bf9ef6e77,1073,2,3,-13756.377994090262,-11480.769648848367
inferred_20260921_seed0,0,11ed1195aabfcd298bcaf379e7f064ad8010cd8ca67a057b647baa8bf9ef6e77,1073,3,3,-4945.542066151886,-6355.849074705894
inferred_20260921_seed0,0,11ed1195aabfcd298bcaf379e7f064ad8010cd8ca67a057b647baa8bf9ef6e77,1074,1,3,-27221.960844522524,-26250.616070937005
inferred_20260921_seed0,0,11ed1195aabfcd298bcaf379e7f064ad8010cd8ca67a057b647baa8bf9ef6e77,1074,2,3,-11172.055295416238,-11519.578402034329
inferred_20260921_seed0,0,11ed1195aabfcd298bcaf379e7f064ad8010cd8ca67a057b647baa8bf9ef6e77,1074,3,3,-6472.048838037451,-6368.976504289041
inferred_20260921_seed0,0,11ed1195aabfcd298bcaf379e7f064ad8010cd8ca67a057b647baa8bf9ef6e77,1075,1,3,-26659.397400311587,-26276.076316632807
inferred_20260921_seed0,0,11ed1195aabfcd298bcaf379e7f064ad8010cd8ca67a057b647baa8bf9ef6e77,1075,2,3,-12744.70375150664,-11591.765006470974
inferred_20260921_seed0,0,11ed1195aabfcd298bcaf379e7f064ad8010cd8ca67a057b647baa8bf9ef6e77,1075,3,3,-5914.372861200744,-6332.874337484649
inferred_20260921_seed0,0,11ed1195aabfcd298bcaf379e7f064ad8010cd8ca67a057b647baa8bf9ef6e77,1076,1,3,-26791.69557554001,-26298.062598818546
inferred_20260921_seed0,0,11ed1195aabfcd298bcaf379e7f064ad8010cd8ca67a057b647baa8bf9ef6e77,1076,2,3,-12628.399685224254,-11715.971218255812
inferred_20260921_seed0,0,11ed1195aabfcd298bcaf379e7f064ad8010cd8ca67a057b647baa8bf9ef6e77,1076,3,3,-8210.38420788886,-6472.931535693151
inferred_20260921_seed0,0,11ed1195aabfcd298bcaf379e7f064ad8010cd8ca67a057b647baa8bf9ef6e77,1077,1,3,-25894.37826048516,-26257.718856812684
inferred_20260921_seed0,0,11ed1195aabfcd298bcaf379e7f064ad8010cd8ca67a057b647baa8bf9ef6e77,1077,2,3,-11389.0647551782,-11727.953219835477
inferred_20260921_seed0,0,11ed1195aabfcd298bcaf379e7f064ad8010cd8ca67a057b647baa8bf9ef6e77,1077,3,3,-7029.139292638241,-6522.136576032312
inferred_20260921_seed0,0,11ed1195aabfcd298bcaf379e7f064ad8010cd8ca67a057b647baa8bf9ef6e77,1078,1,3,-27083.72459392621,-26379.959375311017
inferred_20260921_seed0,0,11ed1195aabfcd298bcaf379e7f064ad8010cd8ca67a057b647baa8bf9ef6e77,1078,2,3,-9952.516486451468,-11690.942228653668
inferred_20260921_seed0,0,11ed1195aabfcd298bcaf379e7f064ad8010cd8ca67a057b647baa8bf9ef6e77,1078,3,3,-8280.636561170331,-6612.010904909576
inferred_20260921_seed0,0,11ed1195aabfcd298bcaf379e7f064ad8010cd8ca67a057b647baa8bf9ef6e77,1079,1,3,-24113.7793895014,-26284.557389635942
inferred_20260921_seed0,0,11ed1195aabfcd298bcaf379e7f064ad8010cd8ca67a057b647baa8bf9ef6e77,1079,2,3,-9629.97770561912,-11590.842633793272
inferred_20260921_seed0,0,11ed1195aabfcd298bcaf379e7f064ad8010cd8ca67a057b647baa8bf9ef6e77,1079,3,3,-7391.715266603061,-6616.955684372406
inferred_20260921_seed0,0,11ed1195aabfcd298bcaf379e7f064ad8010cd8ca67a057b647baa8bf9ef6e77,1080,1,3,-24103.06370382108,-26189.01437527242
inferred_20260921_seed0,0,11ed1195aabfcd298bcaf379e7f064ad8010cd8ca67a057b647baa8bf9ef6e77,1080,2,3,-9473.904359643686,-11427.106131024193
inferred_20260921_seed0,0,11ed1195aabfcd298bcaf379e7f064ad8010cd8ca67a057b647baa8bf9ef6e77,1080,3,3,-6704.344319033011,-6588.62584875962
inferred_20260921_seed0,0,11ed1195aabfcd298bcaf379e7f064ad8010cd8ca67a057b647baa8bf9ef6e77,1081,1,3,-24322.933685694075,-26101.53951352953
inferred_20260921_seed0,0,11ed1195aabfcd298bcaf379e7f064ad8010cd8ca67a057b647baa8bf9ef6e77,1081,2,3,-12589.856620627095,-11427.518988009077
inferred_20260921_seed0,0,11ed1195aabfcd298bcaf379e7f064ad8010cd8ca67a057b647baa8bf9ef6e77,1081,3,3,-6563.486421924192,-6601.1611817733265
inferred_20260921_seed0,0,11ed1195aabfcd298bcaf379e7f064ad8010cd8ca67a057b647baa8bf9ef6e77,1082,1,3,-24920.23959420718,-26070.27872179989
inferred_20260921_seed0,0,11ed1195aabfcd298bcaf379e7f064ad8010cd8ca67a057b647baa8bf9ef6e77,1082,2,3,-11402.024398939322,-11489.37526848687
inferred_20260921_seed0,0,11ed1195aabfcd298bcaf379e7f064ad8010cd8ca67a057b647baa8bf9ef6e77,1082,3,3,-6712.572905921582,-6576.005944150651
inferred_20260921_seed0,0,11ed1195aabfcd298bcaf379e7f064ad8010cd8ca67a057b647baa8bf9ef6e77,1083,1,3,-27881.1223260364,-26087.32056680507
inferred_20260921_seed0,0,11ed1195aabfcd298bcaf379e7f064ad8010cd8ca67a057b647baa8bf9ef6e77,1083,2,3,-14759.633392122932,-11647.432173980336
inferred_20260921_seed0,0,11ed1195aabfcd298bcaf379e7f064ad8010cd8ca67a057b647baa8bf9ef6e77,1083,3,3,-6807.912741215501,-6622.660136000946
inferred_20260921_seed0,0,11ed1195aabfcd298bcaf379e7f064ad8010cd8ca67a057b647baa8bf9ef6e77,1084,1,3,-25769.283362930597,-26118.266405219478
inferred_20260921_seed0,0,11ed1195aabfcd298bcaf379e7f064ad8010cd8ca67a057b647baa8bf9ef6e77,1084,2,3,-9680.176235045536,-11630.999853496423
inferred_20260921_seed0,0,11ed1195aabfcd298bcaf379e7f064ad8010cd8ca67a057b647baa8bf9ef6e77,1084,3,3,-5904.435824087826,-6635.787794205793
inferred_20260921_seed0,0,11ed1195aabfcd298bcaf379e7f064ad8010cd8ca67a057b647baa8bf9ef6e77,1085,1,3,-27455.662012929766,-26163.526653516776
inferred_20260921_seed0,0,11ed1195aabfcd298bcaf379e7f064ad8010cd8ca67a057b647baa8bf9ef6e77,1085,2,3,-13124.891138090454,-11757.532748394862
inferred_20260921_seed0,0,11ed1195aabfcd298bcaf379e7f064ad8010cd8ca67a057b647baa8bf9ef6e77,1085,3,3,-4653.183175716376,-6541.827741031337
inferred_20260921_seed0,0,11ed1195aabfcd298bcaf379e7f064ad8010cd8ca67a057b647baa8bf9ef6e77,1086,1,3,-25785.69344401761,-26048.222257186673
inferred_20260921_seed0,0,11ed1195aabfcd298bcaf379e7f064ad8010cd8ca67a057b647baa8bf9ef6e77,1086,2,3,-13146.56876298125,-11790.25532535154
inferred_20260921_seed0,0,11ed1195aabfcd298bcaf379e7f064ad8010cd8ca67a057b647baa8bf9ef6e77,1086,3,3,-6063.639433241426,-6521.396793535762
inferred_20260921_seed0,0,11ed1195aabfcd298bcaf379e7f064ad8010cd8ca67a057b647baa8bf9ef6e77,1087,1,3,-27031.894389500016,-26094.161710433764
inferred_20260921_seed0,0,11ed1195aabfcd298bcaf379e7f064ad8010cd8ca67a057b647baa8bf9ef6e77,1087,2,3,-10681.662711148914,-11674.543916772063
inferred_20260921_seed0,0,11ed1195aabfcd298bcaf379e7f064ad8010cd8ca67a057b647baa8bf9ef6e77,1087,3,3,-7235.605988679694,-6585.034284036223
inferred_20260921_seed0,0,11ed1195aabfcd298bcaf379e7f064ad8010cd8ca67a057b647baa8bf9ef6e77,1088,1,3,-25180.654786759267,-26126.76540598109
inferred_20260921_seed0,0,11ed1195aabfcd298bcaf379e7f064ad8010cd8ca67a057b647baa8bf9ef6e77,1088,2,3,-10639.915102736351,-11673.895421234378
inferred_20260921_seed0,0,11ed1195aabfcd298bcaf379e7f064ad8010cd8ca67a057b647baa8bf9ef6e77,1088,3,3,-6790.669608755905,-6553.422130347807
inferred_20260921_seed0,0,11ed1195aabfcd298bcaf379e7f064ad8010cd8ca67a057b647baa8bf9ef6e77,1089,1,3,-27049.65636366285,-26102.70080853472
inferred_20260921_seed0,0,11ed1195aabfcd298bcaf379e7f064ad8010cd8ca67a057b647baa8bf9ef6e77,1089,2,3,-10603.858400407174,-11693.06015386228
inferred_20260921_seed0,0,11ed1195aabfcd298bcaf379e7f064ad8010cd8ca67a057b647baa8bf9ef6e77,1089,3,3,-6367.405094413111,-6582.005138150681
inferred_20260921_seed0,0,11ed1195aabfcd298bcaf379e7f064ad8010cd8ca67a057b647baa8bf9ef6e77,1090,1,3,-24620.530577104197,-26092.98891964151
inferred_20260921_seed0,0,11ed1195aabfcd298bcaf379e7f064ad8010cd8ca67a057b647baa8bf9ef6e77,1090,2,3,-10162.233610643483,-11623.384659937235
inferred_20260921_seed0,0,11ed1195aabfcd298bcaf379e7f064ad8010cd8ca67a057b647baa8bf9ef6e77,1090,3,3,-5769.343554599079,-6524.7133706089735
inferred_20260921_seed0,0,11ed1195aabfcd298bcaf379e7f064ad8010cd8ca67a057b647baa8bf9ef6e77,1091,1,3,-26720.95369736541,-26224.001754790195
inferred_20260921_seed0,0,11ed1195aabfcd298bcaf379e7f064ad8010cd8ca67a057b647baa8bf9ef6e77,1091,2,3,-11147.975570225228,-11565.435731009371
inferred_20260921_seed0,0,11ed1195aabfcd298bcaf379e7f064ad8010cd8ca67a057b647baa8bf9ef6e77,1091,3,3,-6967.8206340720135,-6514.302977497045
inferred_20260921_seed0,0,11ed1195aabfcd298bcaf379e7f064ad8010cd8ca67a057b647baa8bf9ef6e77,1092,1,3,-25881.428422357843,-26197.577280901103
inferred_20260921_seed0,0,11ed1195aabfcd298bcaf379e7f064ad8010cd8ca67a057b647baa8bf9ef6e77,1092,2,3,-11464.665570888028,-11620.392696828281
inferred_20260921_seed0,0,11ed1195aabfcd298bcaf379e7f064ad8010cd8ca67a057b647baa8bf9ef6e77,1092,3,3,-5554.27949001205,-6503.033291361142
inferred_20260921_seed0,0,11ed1195aabfcd298bcaf379e7f064ad8010cd8ca67a057b647baa8bf9ef6e77,1093,1,3,-24922.66979811613,-26060.997471315713
inferred_20260921_seed0,0,11ed1195aabfcd298bcaf379e7f064ad8010cd8ca67a057b647baa8bf9ef6e77,1093,2,3,-13508.766037423193,-11770.005914922103
inferred_20260921_seed0,0,11ed1195aabfcd298bcaf379e7f064ad8010cd8ca67a057b647baa8bf9ef6e77,1093,3,3,-7082.2112957942645,-6531.849297884827
inferred_20260921_seed0,0,11ed1195aabfcd298bcaf379e7f064ad8010cd8ca67a057b647baa8bf9ef6e77,1094,1,3,-24832.16878611061,-26010.782224048013
inferred_20260921_seed0,0,11ed1195aabfcd298bcaf379e7f064ad8010cd8ca67a057b647baa8bf9ef6e77,1094,2,3,-14566.80917783659,-11897.61332973623
inferred_20260921_seed0,0,11ed1195aabfcd298bcaf379e7f064ad8010cd8ca67a057b647baa8bf9ef6e77,1094,3,3,-7383.072109024784,-6571.26767900303
inferred_20260921_seed0,0,11ed1195aabfcd298bcaf379e7f064ad8010cd8ca67a057b647baa8bf9ef6e77,1095,1,3,-26249.61078812267,-25973.64832019902
inferred_20260921_seed0,0,11ed1195aabfcd298bcaf379e7f064ad8010cd8ca67a057b647baa8bf9ef6e77,1095,2,3,-13929.017617174964,-11960.271942910264
inferred_20260921_seed0,0,11ed1195aabfcd298bcaf379e7f064ad8010cd8ca67a057b647baa8bf9ef6e77,1095,3,3,-5376.688526709328,-6548.121715989022
inferred_20260921_seed0,0,11ed1195aabfcd298bcaf379e7f064ad8010cd8ca67a057b647baa8bf9ef6e77,1096,1,3,-25521.62053251439,-25896.61230522913
inferred_20260921_seed0,0,11ed1195aabfcd298bcaf379e7f064ad8010cd8ca67a057b647baa8bf9ef6e77,1096,2,3,-12121.152371362372,-11916.608326342764
inferred_20260921_seed0,0,11ed1195aabfcd298bcaf379e7f064ad8010cd8ca67a057b647baa8bf9ef6e77,1096,3,3,-7663.491319444482,-6599.450023395551
inferred_20260921_seed0,0,11ed1195aabfcd298bcaf379e7f064ad8010cd8ca67a057b647baa8bf9ef6e77,1097,1,3,-27126.92804008084,-26027.453211776527
inferred_20260921_seed0,0,11ed1195aabfcd298bcaf379e7f064ad8010cd8ca67a057b647baa8bf9ef6e77,1097,2,3,-11452.653906366337,-11829.154426285964
inferred_20260921_seed0,0,11ed1195aabfcd298bcaf379e7f064ad8010cd8ca67a057b647baa8bf9ef6e77,1097,3,3,-6154.647223125661,-6559.945950378435
inferred_20260921_seed0,0,11ed1195aabfcd298bcaf379e7f064ad8010cd8ca67a057b647baa8bf9ef6e77,1098,1,3,-25985.25420159321,-25965.052183088443
inferred_20260921_seed0,0,11ed1195aabfcd298bcaf379e7f064ad8010cd8ca67a057b647baa8bf9ef6e77,1098,2,3,-11064.94690386668,-11721.49718267702
inferred_20260921_seed0,0,11ed1195aabfcd298bcaf379e7f064ad8010cd8ca67a057b647baa8bf9ef6e77,1098,3,3,-7164.161013810361,-6648.690708284774
inferred_20260921_seed0,0,11ed1195aabfcd298bcaf379e7f064ad8010cd8ca67a057b647baa8bf9ef6e77,1099,1,3,-26707.30853751198,-25944.46609080802
inferred_20260921_seed0,0,11ed1195aabfcd298bcaf379e7f064ad8010cd8ca67a057b647baa8bf9ef6e77,1099,2,3,-13198.854848342078,-11802.569164794053
inferred_20260921_seed0,0,11ed1195aabfcd298bcaf379e7f064ad8010cd8ca67a057b647baa8bf9ef6e77,1099,3,3,-7080.627972730546,-6673.033873672497
inferred_20260921_seed0,0,11ed1195aabfcd298bcaf379e7f064ad8010cd8ca67a057b647baa8bf9ef6e77,1100,1,3,-25389.377700100435,-25893.66530279957
inferred_20260921_seed0,0,11ed1195aabfcd298bcaf379e7f064ad8010cd8ca67a057b647baa8bf9ef6e77,1100,2,3,-13218.141161996064,-11821.506661213632
inferred_20260921_seed0,0,11ed1195aabfcd298bcaf379e7f064ad8010cd8ca67a057b647baa8bf9ef6e77,1100,3,3,-6669.765092499344,-6703.249562924441
inferred_20260921_seed0,0,11ed1195aabfcd298bcaf379e7f064ad8010cd8ca67a057b647baa8bf9ef6e77,1101,1,3,-26252.98019739655,-25872.11668767384
inferred_20260921_seed0,0,11ed1195aabfcd298bcaf379e7f064ad8010cd8ca67a057b647baa8bf9ef6e77,1101,2,3,-10542.121589240527,-11738.055537374283
inferred_20260921_seed0,0,11ed1195aabfcd298bcaf379e7f064ad8010cd8ca67a057b647baa8bf9ef6e77,1101,3,3,-5777.133164979656,-6605.919521208074
inferred_20260921_seed0,0,11ed1195aabfcd298bcaf379e7f064ad8010cd8ca67a057b647baa8bf9ef6e77,1102,1,3,-26571.013385909,-25899.18209269079
inferred_20260921_seed0,0,11ed1195aabfcd298bcaf379e7f064ad8010cd8ca67a057b647baa8bf9ef6e77,1102,2,3,-12248.258569210717,-11772.423289935581
inferred_20260921_seed0,0,11ed1195aabfcd298bcaf379e7f064ad8010cd8ca67a057b647baa8bf9ef6e77,1102,3,3,-5802.575941510157,-6556.85698716295
inferred_20260921_seed0,0,11ed1195aabfcd298bcaf379e7f064ad8010cd8ca67a057b647baa8bf9ef6e77,1103,1,3,-25557.540645299527,-25838.13473474572
inferred_20260921_seed0,0,11ed1195aabfcd298bcaf379e7f064ad8010cd8ca67a057b647baa8bf9ef6e77,1103,2,3,-10878.729260051672,-11809.471800879592
inferred_20260921_seed0,0,11ed1195aabfcd298bcaf379e7f064ad8010cd8ca67a057b647baa8bf9ef6e77,1103,3,3,-6661.388276850597,-6492.08705579016
inferred_20260921_seed0,0,11ed1195aabfcd298bcaf379e7f064ad8010cd8ca67a057b647baa8bf9ef6e77,1104,1,3,-24970.137793854825,-25872.38907091986
inferred_20260921_seed0,0,11ed1195aabfcd298bcaf379e7f064ad8010cd8ca67a057b647baa8bf9ef6e77,1104,2,3,-11238.109149960672,-11873.797058653254
inferred_20260921_seed0,0,11ed1195aabfcd298bcaf379e7f064ad8010cd8ca67a057b647baa8bf9ef6e77,1104,3,3,-5697.792629002176,-6424.330150286126
inferred_20260921_seed0,0,11ed1195aabfcd298bcaf379e7f064ad8010cd8ca67a057b647baa8bf9ef6e77,1105,1,3,-25988.093588227584,-25947.790266296117
inferred_20260921_seed0,0,11ed1195aabfcd298bcaf379e7f064ad8010cd8ca67a057b647baa8bf9ef6e77,1105,2,3,-12872.880936407644,-12009.756121723813
inferred_20260921_seed0,0,11ed1195aabfcd298bcaf379e7f064ad8010cd8ca67a057b647baa8bf9ef6e77,1105,3,3,-6274.27045688287,-6407.127195800119
inferred_20260921_seed0,0,11ed1195aabfcd298bcaf379e7f064ad8010cd8ca67a057b647baa8bf9ef6e77,1106,1,3,-28031.203670268507,-26096.121065679094
inferred_20260921_seed0,0,11ed1195aabfcd298bcaf379e7f064ad8010cd8ca67a057b647baa8bf9ef6e77,1106,2,3,-11320.870953781026,-11958.99669504997
inferred_20260921_seed0,0,11ed1195aabfcd298bcaf379e7f064ad8010cd8ca67a057b647baa8bf9ef6e77,1106,3,3,-6820.174022549414,-6417.394699825129
inferred_20260921_seed0,0,11ed1195aabfcd298bcaf379e7f064ad8010cd8ca67a057b647baa8bf9ef6e77,1107,1,3,-28050.38090964664,-26221.326718296674
inferred_20260921_seed0,0,11ed1195aabfcd298bcaf379e7f064ad8010cd8ca67a057b647baa8bf9ef6e77,1107,2,3,-12160.620635389809,-11989.340544507988
inferred_20260921_seed0,0,11ed1195aabfcd298bcaf379e7f064ad8010cd8ca67a057b647baa8bf9ef6e77,1107,3,3,-5061.953010532071,-6351.369904009549
inferred_20260921_seed0,0,11ed1195aabfcd298bcaf379e7f064ad8010cd8ca67a057b647baa8bf9ef6e77,1108,1,3,-26644.852421163087,-26171.87592210174
inferred_20260921_seed0,0,11ed1195aabfcd298bcaf379e7f064ad8010cd8ca67a057b647baa8bf9ef6e77,1108,2,3,-11511.248466959092,-11859.405147501435
inferred_20260921_seed0,0,11ed1195aabfcd298bcaf379e7f064ad8010cd8ca67a057b647baa8bf9ef6e77,1108,3,3,-4696.323721434887,-6266.906343218323
inferred_20260921_seed0,0,11ed1195aabfcd298bcaf379e7f064ad8010cd8ca67a057b647baa8bf9ef6e77,1109,1,3,-25311.109862295685,-26153.548982076343
inferred_20260921_seed0,0,11ed1195aabfcd298bcaf379e7f064ad8010cd8ca67a057b647baa8bf9ef6e77,1109,2,3,-10384.10744117641,-11887.562395746669
inferred_20260921_seed0,0,11ed1195aabfcd298bcaf379e7f064ad8010cd8ca67a057b647baa8bf9ef6e77,1109,3,3,-7505.391055059177,-6330.9445524571765
inferred_20260921_seed0,0,11ed1195aabfcd298bcaf379e7f064ad8010cd8ca67a057b647baa8bf9ef6e77,1110,1,3,-25314.328677203892,-26067.895648647314
inferred_20260921_seed0,0,11ed1195aabfcd298bcaf379e7f064ad8010cd8ca67a057b647baa8bf9ef6e77,1110,2,3,-11829.351672344004,-11835.740817116812
inferred_20260921_seed0,0,11ed1195aabfcd298bcaf379e7f064ad8010cd8ca67a057b647baa8bf9ef6e77,1110,3,3,-7218.783915120767,-6433.568582033353
inferred_20260921_seed0,0,11ed1195aabfcd298bcaf379e7f064ad8010cd8ca67a057b647baa8bf9ef6e77,1111,1,3,-25039.50831122701,-26038.048243335685
inferred_20260921_seed0,0,11ed1195aabfcd298bcaf379e7f064ad8010cd8ca67a057b647baa8bf9ef6e77,1111,2,3,-10655.148897792938,-11736.084022509278
inferred_20260921_seed0,0,11ed1195aabfcd298bcaf379e7f064ad8010cd8ca67a057b647baa8bf9ef6e77,1111,3,3,-6280.988328281671,-6442.262537834963
inferred_20260921_seed0,0,11ed1195aabfcd298bcaf379e7f064ad8010cd8ca67a057b647baa8bf9ef6e77,1112,1,3,-24727.44167414776,-25945.870134721594
inferred_20260921_seed0,0,11ed1195aabfcd298bcaf379e7f064ad8010cd8ca67a057b647baa8bf9ef6e77,1112,2,3,-12644.255449428234,-11814.58773204045
inferred_20260921_seed0,0,11ed1195aabfcd298bcaf379e7f064ad8010cd8ca67a057b647baa8bf9ef6e77,1112,3,3,-6162.534032902851,-6399.33965960389
inferred_20260921_seed0,0,11ed1195aabfcd298bcaf379e7f064ad8010cd8ca67a057b647baa8bf9ef6e77,1113,1,3,-25724.095446593587,-25967.607761114967
inferred_20260921_seed0,0,11ed1195aabfcd298bcaf379e7f064ad8010cd8ca67a057b647baa8bf9ef6e77,1113,2,3,-9519.721805796871,-11769.780000162871
inferred_20260921_seed0,0,11ed1195aabfcd298bcaf379e7f064ad8010cd8ca67a057b647baa8bf9ef6e77,1113,3,3,-6826.230389908083,-6400.762090849977
inferred_20260921_seed0,0,11ed1195aabfcd298bcaf379e7f064ad8010cd8ca67a057b647baa8bf9ef6e77,1114,1,3,-26291.122500801303,-25937.26640660051
inferred_20260921_seed0,0,11ed1195aabfcd298bcaf379e7f064ad8010cd8ca67a057b647baa8bf9ef6e77,1114,2,3,-13562.796754844592,-11888.137534340369
inferred_20260921_seed0,0,11ed1195aabfcd298bcaf379e7f064ad8010cd8ca67a057b647baa8bf9ef6e77,1114,3,3,-7480.996668753942,-6445.30575382361
inferred_20260921_seed0,0,11ed1195aabfcd298bcaf379e7f064ad8010cd8ca67a057b647baa8bf9ef6e77,1115,1,3,-25060.492512825134,-25954.864884029346
inferred_20260921_seed0,0,11ed1195aabfcd298bcaf379e7f064ad8010cd8ca67a057b647baa8bf9ef6e77,1115,2,3,-11408.8221026775,-11938.00107402173
inferred_20260921_seed0,0,11ed1195aabfcd298bcaf379e7f064ad8010cd8ca67a057b647baa8bf9ef6e77,1115,3,3,-6418.916702288642,-6471.288679731191
inferred_20260921_seed0,0,11ed1195aabfcd298bcaf379e7f064ad8010cd8ca67a057b647baa8bf9ef6e77,1116,1,3,-23525.731510313868,-25827.055996547282
inferred_20260921_seed0,0,11ed1195aabfcd298bcaf379e7f064ad8010cd8ca67a057b647baa8bf9ef6e77,1116,2,3,-10767.964657150687,-11922.800637498747
inferred_20260921_seed0,0,11ed1195aabfcd298bcaf379e7f064ad8010cd8ca67a057b647baa8bf9ef6e77,1116,3,3,-5558.916568279381,-6414.932517099486
inferred_20260921_seed0,0,11ed1195aabfcd298bcaf379e7f064ad8010cd8ca67a057b647baa8bf9ef6e77,1117,1,3,-25158.710794555333,-25798.147291435183
inferred_20260921_seed0,0,11ed1195aabfcd298bcaf379e7f064ad8010cd8ca67a057b647baa8bf9ef6e77,1117,2,3,-12394.66091560033,-11960.00045128724
inferred_20260921_seed0,0,11ed1195aabfcd298bcaf379e7f064ad8010cd8ca67a057b647baa8bf9ef6e77,1117,3,3,-4838.151510768006,-6386.287397929726
inferred_20260921_seed0,0,11ed1195aabfcd298bcaf379e7f064ad8010cd8ca67a057b647baa8bf9ef6e77,1118,1,3,-26271.91450213489,-25852.117079595933
inferred_20260921_seed0,0,11ed1195aabfcd298bcaf379e7f064ad8010cd8ca67a057b647baa8bf9ef6e77,1118,2,3,-10323.079012773029,-11832.572970301235
inferred_20260921_seed0,0,11ed1195aabfcd298bcaf379e7f064ad8010cd8ca67a057b647baa8bf9ef6e77,1118,3,3,-5331.451372314465,-6316.257000990532
inferred_20260921_seed0,0,11ed1195aabfcd298bcaf379e7f064ad8010cd8ca67a057b647baa8bf9ef6e77,1119,1,3,-24087.83713957704,-25822.34381373459
inferred_20260921_seed0,0,11ed1195aabfcd298bcaf379e7f064ad8010cd8ca67a057b647baa8bf9ef6e77,1119,2,3,-11070.895375284936,-11692.736418199167
inferred_20260921_seed0,0,11ed1195aabfcd298bcaf379e7f064ad8010cd8ca67a057b647baa8bf9ef6e77,1119,3,3,-5733.757605019429,-6250.284420830319
inferred_20260921_seed0,0,11ed1195aabfcd298bcaf379e7f064ad8010cd8ca67a057b647baa8bf9ef6e77,1120,1,3,-23950.550756419863,-25730.38141246648
inferred_20260921_seed0,0,11ed1195aabfcd298bcaf379e7f064ad8010cd8ca67a057b647baa8bf9ef6e77,1120,2,3,-12523.5766616224,-11636.518779977065
inferred_20260921_seed0,0,11ed1195aabfcd298bcaf379e7f064ad8010cd8ca67a057b647baa8bf9ef6e77,1120,3,3,-5955.0643221853625,-6273.419452649359
inferred_20260921_seed0,0,11ed1195aabfcd298bcaf379e7f064ad8010cd8ca67a057b647baa8bf9ef6e77,1121,1,3,-25452.141039034424,-25727.602232727277
inferred_20260921_seed0,0,11ed1195aabfcd298bcaf379e7f064ad8010cd8ca67a057b647baa8bf9ef6e77,1121,2,3,-9006.10212057475,-11511.91676994556
inferred_20260921_seed0,0,11ed1195aabfcd298bcaf379e7f064ad8010cd8ca67a057b647baa8bf9ef6e77,1121,3,3,-6278.046321073698,-6218.001652714529
inferred_20260921_seed0,0,11ed1195aabfcd298bcaf379e7f064ad8010cd8ca67a057b647baa8bf9ef6e77,1122,1,3,-27288.37882520505,-25734.060264132248
inferred_20260921_seed0,0,11ed1195aabfcd298bcaf379e7f064ad8010cd8ca67a057b647baa8bf9ef6e77,1122,2,3,-11378.496626408263,-11508.950478747238
inferred_20260921_seed0,0,11ed1195aabfcd298bcaf379e7f064ad8010cd8ca67a057b647baa8bf9ef6e77,1122,3,3,-7051.1891627647365,-6253.863330300092
inferred_20260921_seed0,0,11ed1195aabfcd298bcaf379e7f064ad8010cd8ca67a057b647baa8bf9ef6e77,1123,1,3,-26683.00185731253,-25761.97017036102
inferred_20260921_seed0,0,11ed1195aabfcd298bcaf379e7f064ad8010cd8ca67a057b647baa8bf9ef6e77,1123,2,3,-11521.429006417224,-11527.209762849261
inferred_20260921_seed0,0,11ed1195aabfcd298bcaf379e7f064ad8010cd8ca67a057b647baa8bf9ef6e77,1123,3,3,-7140.1489131363705,-6252.902846273131
inferred_20260921_seed0,0,11ed1195aabfcd298bcaf379e7f064ad8010cd8ca67a057b647baa8bf9ef6e77,1124,1,3,-23966.73116128817,-25652.347075312067
inferred_20260921_seed0,0,11ed1195aabfcd298bcaf379e7f064ad8010cd8ca67a057b647baa8bf9ef6e77,1124,2,3,-10821.50607987674,-11432.115812110647
inferred_20260921_seed0,0,11ed1195aabfcd298bcaf379e7f064ad8010cd8ca67a057b647baa8bf9ef6e77,1124,3,3,-6685.81042512045,-6237.110144368729
inferred_20260921_seed0,0,11ed1195aabfcd298bcaf379e7f064ad8010cd8ca67a057b647baa8bf9ef6e77,1125,1,3,-23653.664087036366,-25582.918530789506
inferred_20260921_seed0,0,11ed1195aabfcd298bcaf379e7f064ad8010cd8ca67a057b647baa8bf9ef6e77,1125,2,3,-10846.975290981773,-11337.269177270073
inferred_20260921_seed0,0,11ed1195aabfcd298bcaf379e7f064ad8010cd8ca67a057b647baa8bf9ef6e77,1125,3,3,-7803.792006149585,-6282.471220914737
inferred_20260921_seed0,0,11ed1195aabfcd298bcaf379e7f064ad8010cd8ca67a057b647baa8bf9ef6e77,1126,1,3,-24568.21952713373,-25515.52810397899
inferred_20260921_seed0,0,11ed1195aabfcd298bcaf379e7f064ad8010cd8ca67a057b647baa8bf9ef6e77,1126,2,3,-10850.816969578762,-11349.616992483603
inferred_20260921_seed0,0,11ed1195aabfcd298bcaf379e7f064ad8010cd8ca67a057b647baa8bf9ef6e77,1126,3,3,-7074.495924616024,-6334.365731300192
inferred_20260921_seed0,0,11ed1195aabfcd298bcaf379e7f064ad8010cd8ca67a057b647baa8bf9ef6e77,1127,1,3,-25607.12050243496,-25476.972388640028
inferred_20260921_seed0,0,11ed1195aabfcd298bcaf379e7f064ad8010cd8ca67a057b647baa8bf9ef6e77,1127,2,3,-9072.707613169358,-11222.59495424195
inferred_20260921_seed0,0,11ed1195aabfcd298bcaf379e7f064ad8010cd8ca67a057b647baa8bf9ef6e77,1127,3,3,-6384.023100186856,-6357.623617647261
inferred_20260921_seed0,0,11ed1195aabfcd298bcaf379e7f064ad8010cd8ca67a057b647baa8bf9ef6e77,1128,1,3,-23387.356914200187,-25390.16503939606
inferred_20260921_seed0,0,11ed1195aabfcd298bcaf379e7f064ad8010cd8ca67a057b647baa8bf9ef6e77,1128,2,3,-10729.767618297392,-11216.636488571778
inferred_20260921_seed0,0,11ed1195aabfcd298bcaf379e7f064ad8010cd8ca67a057b647baa8bf9ef6e77,1128,3,3,-6409.609662151763,-6347.552473059307
inferred_20260921_seed0,0,11ed1195aabfcd298bcaf379e7f064ad8010cd8ca67a057b647baa8bf9ef6e77,1129,1,3,-24517.804184825694,-25372.07169503489
inferred_20260921_seed0,0,11ed1195aabfcd298bcaf379e7f064ad8010cd8ca67a057b647baa8bf9ef6e77,1129,2,3,-11523.1350833798,-11228.037525908541
inferred_20260921_seed0,0,11ed1195aabfcd298bcaf379e7f064ad8010cd8ca67a057b647baa8bf9ef6e77,1129,3,3,-6998.345267311763,-6399.57457859169
inferred_20260921_seed0,0,11ed1195aabfcd298bcaf379e7f064ad8010cd8ca67a057b647baa8bf9ef6e77,1130,1,3,-24113.51638250424,-25297.088606805955
inferred_20260921_seed0,0,11ed1195aabfcd298bcaf379e7f064ad8010cd8ca67a057b647baa8bf9ef6e77,1130,2,3,-11155.428658313203,-11159.339434784764
inferred_20260921_seed0,0,11ed1195aabfcd298bcaf379e7f064ad8010cd8ca67a057b647baa8bf9ef6e77,1130,3,3,-6314.240051833234,-6401.173362389705
inferred_20260921_seed0,0,11ed1195aabfcd298bcaf379e7f064ad8010cd8ca67a057b647baa8bf9ef6e77,1131,1,3,-22565.951508929797,-25078.47852035241
inferred_20260921_seed0,0,11ed1195aabfcd298bcaf379e7f064ad8010cd8ca67a057b647baa8bf9ef6e77,1131,2,3,-9840.329277659195,-11100.117767739892
inferred_20260921_seed0,0,11ed1195aabfcd298bcaf379e7f064ad8010cd8ca67a057b647baa8bf9ef6e77,1131,3,3,-6558.426784561916,-6390.703472870206
inferred_20260921_seed0,0,11ed1195aabfcd298bcaf379e7f064ad8010cd8ca67a057b647baa8bf9ef6e77,1132,1,3,-24465.77345022893,-24935.0942219757
inferred_20260921_seed0,0,11ed1195aabfcd298bcaf379e7f064ad8010cd8ca67a057b647baa8bf9ef6e77,1132,2,3,-10390.178535536095,-11029.300083745744
inferred_20260921_seed0,0,11ed1195aabfcd298bcaf379e7f064ad8010cd8ca67a057b647baa8bf9ef6e77,1132,3,3,-5573.072949297195,-6411.14827042081
inferred_20260921_seed0,0,11ed1195aabfcd298bcaf379e7f064ad8010cd8ca67a057b647baa8bf9ef6e77,1133,1,3,-24971.68695353994,-24868.167603270776
inferred_20260921_seed0,0,11ed1195aabfcd298bcaf379e7f064ad8010cd8ca67a057b647baa8bf9ef6e77,1133,2,3,-8129.840673008424,-10894.043771987717
inferred_20260921_seed0,0,11ed1195aabfcd298bcaf379e7f064ad8010cd8ca67a057b647baa8bf9ef6e77,1133,3,3,-6129.777203168693,-6468.486409690162
inferred_20260921_seed0,0,11ed1195aabfcd298bcaf379e7f064ad8010cd8ca67a057b647baa8bf9ef6e77,1134,1,3,-24828.819904135336,-24848.876004944366
inferred_20260921_seed0,0,11ed1195aabfcd298bcaf379e7f064ad8010cd8ca67a057b647baa8bf9ef6e77,1134,2,3,-10769.504553551733,-10909.45965648273
inferred_20260921_seed0,0,11ed1195aabfcd298bcaf379e7f064ad8010cd8ca67a057b647baa8bf9ef6e77,1134,3,3,-6098.157676036761,-6412.197074529266
inferred_20260921_seed0,0,11ed1195aabfcd298bcaf379e7f064ad8010cd8ca67a057b647baa8bf9ef6e77,1135,1,3,-25702.77637933823,-24864.413913029734
inferred_20260921_seed0,0,11ed1195aabfcd298bcaf379e7f064ad8010cd8ca67a057b647baa8bf9ef6e77,1135,2,3,-10443.283129869556,-10854.016914783751
inferred_20260921_seed0,0,11ed1195aabfcd298bcaf379e7f064ad8010cd8ca67a057b647baa8bf9ef6e77,1135,3,3,-6071.684780176766,-6366.313109131505
inferred_20260921_seed0,0,11ed1195aabfcd298bcaf379e7f064ad8010cd8ca67a057b647baa8bf9ef6e77,1136,1,3,-23901.132130856637,-24818.87886581492
inferred_20260921_seed0,0,11ed1195aabfcd298bcaf379e7f064ad8010cd8ca67a057b647baa8bf9ef6e77,1136,2,3,-9840.940941276558,-10821.448596523096
inferred_20260921_seed0,0,11ed1195aabfcd298bcaf379e7f064ad8010cd8ca67a057b647baa8bf9ef6e77,1136,3,3,-6854.746563316638,-6389.263438532904
inferred_20260921_seed0,0,11ed1195aabfcd298bcaf379e7f064ad8010cd8ca67a057b647baa8bf9ef6e77,1137,1,3,-25571.550355301773,-24852.64321306108
inferred_20260921_seed0,0,11ed1195aabfcd298bcaf379e7f064ad8010cd8ca67a057b647baa8bf9ef6e77,1137,2,3,-9496.83465862852,-10695.551764891108
inferred_20260921_seed0,0,11ed1195aabfcd298bcaf379e7f064ad8010cd8ca67a057b647baa8bf9ef6e77,1137,3,3,-6547.138863017567,-6404.647631737492
inferred_20260921_seed0,0,11ed1195aabfcd298bcaf379e7f064ad8010cd8ca67a057b647baa8bf9ef6e77,1138,1,3,-23376.02618181215,-24758.720442469825
inferred_20260921_seed0,0,11ed1195aabfcd298bcaf379e7f064ad8010cd8ca67a057b647baa8bf9ef6e77,1138,2,3,-11666.79052014976,-10781.434513465225
inferred_20260921_seed0,0,11ed1195aabfcd298bcaf379e7f064ad8010cd8ca67a057b647baa8bf9ef6e77,1138,3,3,-5404.626544036666,-6347.783477902636
inferred_20260921_seed0,0,11ed1195aabfcd298bcaf379e7f064ad8010cd8ca67a057b647baa8bf9ef6e77,1139,1,3,-24405.515120310967,-24683.296147250207
inferred_20260921_seed0,0,11ed1195aabfcd298bcaf379e7f064ad8010cd8ca67a057b647baa8bf9ef6e77,1139,2,3,-11672.355687535692,-10705.816870772867
inferred_20260921_seed0,0,11ed1195aabfcd298bcaf379e7f064ad8010cd8ca67a057b647baa8bf9ef6e77,1139,3,3,-6035.98967138142,-6289.983198007735
inferred_20260921_seed0,0,11ed1195aabfcd298bcaf379e7f064ad8010cd8ca67a057b647baa8bf9ef6e77,1140,1,3,-23330.116570065453,-24614.08110953982
inferred_20260921_seed0,0,11ed1195aabfcd298bcaf379e7f064ad8010cd8ca67a057b647baa8bf9ef6e77,1140,2,3,-10095.147936519212,-10653.269904126537
inferred_20260921_seed0,0,11ed1195aabfcd298bcaf379e7f064ad8010cd8ca67a057b647baa8bf9ef6e77,1140,3,3,-5507.193127887369,-6253.514255031685
inferred_20260921_seed0,0,11ed1195aabfcd298bcaf379e7f064ad8010cd8ca67a057b647baa8bf9ef6e77,1141,1,3,-26437.94258747252,-24730.569552626166
inferred_20260921_seed0,0,11ed1195aabfcd298bcaf379e7f064ad8010cd8ca67a057b647baa8bf9ef6e77,1141,2,3,-9546.89158588602,-10604.426981275948
inferred_20260921_seed0,0,11ed1195aabfcd298bcaf379e7f064ad8010cd8ca67a057b647baa8bf9ef6e77,1141,3,3,-6172.812620832069,-6278.070097133792
inferred_20260921_seed0,0,11ed1195aabfcd298bcaf379e7f064ad8010cd8ca67a057b647baa8bf9ef6e77,1142,1,3,-23321.359178593528,-24657.0754879877
inferred_20260921_seed0,0,11ed1195aabfcd298bcaf379e7f064ad8010cd8ca67a057b647baa8bf9ef6e77,1142,2,3,-12361.765917473122,-10603.11118135086
inferred_20260921_seed0,0,11ed1195aabfcd298bcaf379e7f064ad8010cd8ca67a057b647baa8bf9ef6e77,1142,3,3,-6516.665261616361,-6345.210647167725
inferred_20260921_seed0,0,11ed1195aabfcd298bcaf379e7f064ad8010cd8ca67a057b647baa8bf9ef6e77,1143,1,3,-24408.6366420298,-24582.544373583492
inferred_20260921_seed0,0,11ed1195aabfcd298bcaf379e7f064ad8010cd8ca67a057b647baa8bf9ef6e77,1143,2,3,-9621.79555953239,-10575.059843221235
inferred_20260921_seed0,0,11ed1195aabfcd298bcaf379e7f064ad8010cd8ca67a057b647baa8bf9ef6e77,1143,3,3,-7886.230684003516,-6447.401819635288
inferred_20260921_seed0,0,11ed1195aabfcd298bcaf379e7f064ad8010cd8ca67a057b647baa8bf9ef6e77,1144,1,3,-23734.7641249898,-24568.421453
inferred_20260921_seed0,0,11ed1195aabfcd298bcaf379e7f064ad8010cd8ca67a057b647baa8bf9ef6e77,1144,2,3,-11071.80250645192,-10575.096128467914
inferred_20260921_seed0,0,11ed1195aabfcd298bcaf379e7f064ad8010cd8ca67a057b647baa8bf9ef6e77,1144,3,3,-6597.472162175991,-6481.95040192155
inferred_20260921_seed0,0,11ed1195aabfcd298bcaf379e7f064ad8010cd8ca67a057b647baa8bf9ef6e77,1145,1,3,-22847.09153168789,-24524.283084010724
inferred_20260921_seed0,0,11ed1195aabfcd298bcaf379e7f064ad8010cd8ca67a057b647baa8bf9ef6e77,1145,2,3,-10951.882156530708,-10512.228348264247
inferred_20260921_seed0,0,11ed1195aabfcd298bcaf379e7f064ad8010cd8ca67a057b647baa8bf9ef6e77,1145,3,3,-6781.036004244215,-6514.989269203906
inferred_20260921_seed0,0,11ed1195aabfcd298bcaf379e7f064ad8010cd8ca67a057b647baa8bf9ef6e77,1146,1,3,-23123.387700124527,-24431.132950454332
inferred_20260921_seed0,0,11ed1195aabfcd298bcaf379e7f064ad8010cd8ca67a057b647baa8bf9ef6e77,1146,2,3,-10029.760445700444,-10553.174681269275
inferred_20260921_seed0,0,11ed1195aabfcd298bcaf379e7f064ad8010cd8ca67a057b647baa8bf9ef6e77,1146,3,3,-7393.566192981485,-6559.610064080215
inferred_20260921_seed0,0,11ed1195aabfcd298bcaf379e7f064ad8010cd8ca67a057b647baa8bf9ef6e77,1147,1,3,-23867.68862350789,-24294.305342386444
inferred_20260921_seed0,0,11ed1195aabfcd298bcaf379e7f064ad8010cd8ca67a057b647baa8bf9ef6e77,1147,2,3,-11752.094415555252,-10568.118592835155
inferred_20260921_seed0,0,11ed1195aabfcd298bcaf379e7f064ad8010cd8ca67a057b647baa8bf9ef6e77,1147,3,3,-6786.183024160216,-6549.009818536035
inferred_20260921_seed0,0,11ed1195aabfcd298bcaf379e7f064ad8010cd8ca67a057b647baa8bf9ef6e77,1148,1,3,-24887.2052880782,-24222.47347961707
inferred_20260921_seed0,0,11ed1195aabfcd298bcaf379e7f064ad8010cd8ca67a057b647baa8bf9ef6e77,1148,2,3,-8729.527084912359,-10456.442515974959
inferred_20260921_seed0,0,11ed1195aabfcd298bcaf379e7f064ad8010cd8ca67a057b647baa8bf9ef6e77,1148,3,3,-7584.476744732356,-6566.782931799875
inferred_20260921_seed0,0,11ed1195aabfcd298bcaf379e7f064ad8010cd8ca67a057b647baa8bf9ef6e77,1149,1,3,-23067.23445169226,-24186.493611233236
inferred_20260921_seed0,0,11ed1195aabfcd298bcaf379e7f064ad8010cd8ca67a057b647baa8bf9ef6e77,1149,2,3,-13001.81787180232,-10543.654987651982
inferred_20260921_seed0,0,11ed1195aabfcd298bcaf379e7f064ad8010cd8ca67a057b647baa8bf9ef6e77,1149,3,3,-3919.025856391606,-6456.111549050721
inferred_20260921_seed0,0,11ed1195aabfcd298bcaf379e7f064ad8010cd8ca67a057b647baa8bf9ef6e77,1150,1,3,-24054.930614656663,-24202.544272338044
inferred_20260921_seed0,0,11ed1195aabfcd298bcaf379e7f064ad8010cd8ca67a057b647baa8bf9ef6e77,1150,2,3,-8331.452726254993,-10443.03408506291
inferred_20260921_seed0,0,11ed1195aabfcd298bcaf379e7f064ad8010cd8ca67a057b647baa8bf9ef6e77,1150,3,3,-5376.540737888115,-6359.021498320262
inferred_20260921_seed0,0,11ed1195aabfcd298bcaf379e7f064ad8010cd8ca67a057b647baa8bf9ef6e77,1151,1,3,-23971.695369297457,-24178.68330602459
inferred_20260921_seed0,0,11ed1195aabfcd298bcaf379e7f064ad8010cd8ca67a057b647baa8bf9ef6e77,1151,2,3,-8287.244176784521,-10340.491173351142
inferred_20260921_seed0,0,11ed1195aabfcd298bcaf379e7f064ad8010cd8ca67a057b647baa8bf9ef6e77,1151,3,3,-5561.561347916551,-6298.504115252283
inferred_20260921_seed0,0,11ed1195aabfcd298bcaf379e7f064ad8010cd8ca67a057b647baa8bf9ef6e77,1152,1,3,-22986.021407610177,-24073.8393422316
inferred_20260921_seed0,0,11ed1195aabfcd298bcaf379e7f064ad8010cd8ca67a057b647baa8bf9ef6e77,1152,2,3,-11098.642708666765,-10421.528577171039
inferred_20260921_seed0,0,11ed1195aabfcd298bcaf379e7f064ad8010cd8ca67a057b647baa8bf9ef6e77,1152,3,3,-6008.135321057252,-6283.468604087098
inferred_20260921_seed0,0,11ed1195aabfcd298bcaf379e7f064ad8010cd8ca67a057b647baa8bf9ef6e77,1153,1,3,-22348.800478965364,-24032.297084822207
inferred_20260921_seed0,0,11ed1195aabfcd298bcaf379e7f064ad8010cd8ca67a057b647baa8bf9ef6e77,1153,2,3,-9893.504214535678,-10388.07804102057
inferred_20260921_seed0,0,11ed1195aabfcd298bcaf379e7f064ad8010cd8ca67a057b647baa8bf9ef6e77,1153,3,3,-7207.836348447514,-6315.397671538929
inferred_20260921_seed0,0,11ed1195aabfcd298bcaf379e7f064ad8010cd8ca67a057b647baa8bf9ef6e77,1154,1,3,-23243.826359425584,-23981.337971806206
inferred_20260921_seed0,0,11ed1195aabfcd298bcaf379e7f064ad8010cd8ca67a057b647baa8bf9ef6e77,1154,2,3,-10819.6024558607,-10359.936735919806
inferred_20260921_seed0,0,11ed1195aabfcd298bcaf379e7f064ad8010cd8ca67a057b647baa8bf9ef6e77,1154,3,3,-6229.135489960297,-6284.629280444871
inferred_20260921_seed0,0,11ed1195aabfcd298bcaf379e7f064ad8010cd8ca67a057b647baa8bf9ef6e77,1155,1,3,-23423.006470240005,-23953.717575315637
inferred_20260921_seed0,0,11ed1195aabfcd298bcaf379e7f064ad8010cd8ca67a057b647baa8bf9ef6e77,1155,2,3,-11214.929870989825,-10362.31678442687
inferred_20260921_seed0,0,11ed1195aabfcd298bcaf379e7f064ad8010cd8ca67a057b647baa8bf9ef6e77,1155,3,3,-6779.652119465203,-6303.245763150149
inferred_20260921_seed0,0,11ed1195aabfcd298bcaf379e7f064ad8010cd8ca67a057b647baa8bf9ef6e77,1156,1,3,-23555.07575020958,-23993.282544966823
inferred_20260921_seed0,0,11ed1195aabfcd298bcaf379e7f064ad8010cd8ca67a057b647baa8bf9ef6e77,1156,2,3,-11015.206069116422,-10409.31185608516
inferred_20260921_seed0,0,11ed1195aabfcd298bcaf379e7f064ad8010cd8ca67a057b647baa8bf9ef6e77,1156,3,3,-6925.536411954581,-6317.930148245857
inferred_20260921_seed0,0,11ed1195aabfcd298bcaf379e7f064ad8010cd8ca67a057b647baa8bf9ef6e77,1157,1,3,-22588.81791887081,-23918.2043237125
inferred_20260921_seed0,0,11ed1195aabfcd298bcaf379e7f064ad8010cd8ca67a057b647baa8bf9ef6e77,1157,2,3,-11993.389769489717,-10473.440305443304
inferred_20260921_seed0,0,11ed1195aabfcd298bcaf379e7f064ad8010cd8ca67a057b647baa8bf9ef6e77,1157,3,3,-6979.694304776524,-6374.19500246503
inferred_20260921_seed0,0,11ed1195aabfcd298bcaf379e7f064ad8010cd8ca67a057b647baa8bf9ef6e77,1158,1,3,-23726.30824781682,-23868.38917548358
inferred_20260921_seed0,0,11ed1195aabfcd298bcaf379e7f064ad8010cd8ca67a057b647baa8bf9ef6e77,1158,2,3,-13702.636010428858,-10696.35211894012
inferred_20260921_seed0,0,11ed1195aabfcd298bcaf379e7f064ad8010cd8ca67a057b647baa8bf9ef6e77,1158,3,3,-5908.188597909275,-6365.331458254652
inferred_20260921_seed0,0,11ed1195aabfcd298bcaf379e7f064ad8010cd8ca67a057b647baa8bf9ef6e77,1159,1,3,-24766.79296470652,-23865.908097906424
inferred_20260921_seed0,0,11ed1195aabfcd298bcaf379e7f064ad8010cd8ca67a057b647baa8bf9ef6e77,1159,2,3,-10310.429348262523,-10677.989110728553
inferred_20260921_seed0,0,11ed1195aabfcd298bcaf379e7f064ad8010cd8ca67a057b647baa8bf9ef6e77,1159,3,3,-5914.882881447401,-6358.000466471078
inferred_20260921_seed0,0,11ed1195aabfcd298bcaf379e7f064ad8010cd8ca67a057b647baa8bf9ef6e77,1160,1,3,-23373.431396485143,-23772.7342985923
inferred_20260921_seed0,0,11ed1195aabfcd298bcaf379e7f064ad8010cd8ca67a057b647baa8bf9ef6e77,1160,2,3,-12236.32235374417,-10749.710679683538
inferred_20260921_seed0,0,11ed1195aabfcd298bcaf379e7f064ad8010cd8ca67a057b647baa8bf9ef6e77,1160,3,3,-6545.462222114442,-6376.951564148585
inferred_20260921_seed0,0,11ed1195aabfcd298bcaf379e7f064ad8010cd8ca67a057b647baa8bf9ef6e77,1161,1,3,-22510.841886618105,-23717.12268882276
inferred_20260921_seed0,0,11ed1195aabfcd298bcaf379e7f064ad8010cd8ca67a057b647baa8bf9ef6e77,1161,2,3,-11248.86317136462,-10806.02756888706
inferred_20260921_seed0,0,11ed1195aabfcd298bcaf379e7f064ad8010cd8ca67a057b647baa8bf9ef6e77,1161,3,3,-6463.248201432782,-6361.291629673231
inferred_20260921_seed0,0,11ed1195aabfcd298bcaf379e7f064ad8010cd8ca67a057b647baa8bf9ef6e77,1162,1,3,-21901.537641679228,-23570.322180277857
inferred_20260921_seed0,0,11ed1195aabfcd298bcaf379e7f064ad8010cd8ca67a057b647baa8bf9ef6e77,1162,2,3,-13164.441778336248,-10952.73185367537
inferred_20260921_seed0,0,11ed1195aabfcd298bcaf379e7f064ad8010cd8ca67a057b647baa8bf9ef6e77,1162,3,3,-6218.585753510005,-6348.1495052929295
inferred_20260921_seed0,0,11ed1195aabfcd298bcaf379e7f064ad8010cd8ca67a057b647baa8bf9ef6e77,1163,1,3,-22133.303393689814,-23520.613268752964
inferred_20260921_seed0,0,11ed1195aabfcd298bcaf379e7f064ad8010cd8ca67a057b647baa8bf9ef6e77,1163,2,3,-10960.05748473614,-10924.462532258825
inferred_20260921_seed0,0,11ed1195aabfcd298bcaf379e7f064ad8010cd8ca67a057b647baa8bf9ef6e77,1163,3,3,-6258.749020343639,-6382.3144043452085
inferred_20260921_seed0,0,11ed1195aabfcd298bcaf379e7f064ad8010cd8ca67a057b647baa8bf9ef6e77,1164,1,3,-21285.35518849831,-23395.80687148046
inferred_20260921_seed0,0,11ed1195aabfcd298bcaf379e7f064ad8010cd8ca67a057b647baa8bf9ef6e77,1164,2,3,-11741.948270718778,-10927.246235586148
inferred_20260921_seed0,0,11ed1195aabfcd298bcaf379e7f064ad8010cd8ca67a057b647baa8bf9ef6e77,1164,3,3,-6801.442254029983,-6412.93250765115
inferred_20260921_seed0,0,11ed1195aabfcd298bcaf379e7f064ad8010cd8ca67a057b647baa8bf9ef6e77,1165,1,3,-21520.22663619133,-23323.411274125494
inferred_20260921_seed0,0,11ed1195aabfcd298bcaf379e7f064ad8010cd8ca67a057b647baa8bf9ef6e77,1165,2,3,-10724.170386203936,-10952.407133573535
inferred_20260921_seed0,0,11ed1195aabfcd298bcaf379e7f064ad8010cd8ca67a057b647baa8bf9ef6e77,1165,3,3,-6452.660987481066,-6450.751222034898
inferred_20260921_seed0,0,11ed1195aabfcd298bcaf379e7f064ad8010cd8ca67a057b647baa8bf9ef6e77,1166,1,3,-22291.14480043892,-23157.539362644147
inferred_20260921_seed0,0,11ed1195aabfcd298bcaf379e7f064ad8010cd8ca67a057b647baa8bf9ef6e77,1166,2,3,-9889.646885722665,-10966.117345567003
inferred_20260921_seed0,0,11ed1195aabfcd298bcaf379e7f064ad8010cd8ca67a057b647baa8bf9ef6e77,1166,3,3,-6271.663711174365,-6454.705265648589
inferred_20260921_seed0,0,11ed1195aabfcd298bcaf379e7f064ad8010cd8ca67a057b647baa8bf9ef6e77,1167,1,3,-21474.92729374336,-23083.68208725015
inferred_20260921_seed0,0,11ed1195aabfcd298bcaf379e7f064ad8010cd8ca67a057b647baa8bf9ef6e77,1167,2,3,-9818.591669081194,-10864.390375631327
inferred_20260921_seed0,0,11ed1195aabfcd298bcaf379e7f064ad8010cd8ca67a057b647baa8bf9ef6e77,1167,3,3,-5681.354837597422,-6421.292848687834
inferred_20260921_seed0,0,11ed1195aabfcd298bcaf379e7f064ad8010cd8ca67a057b647baa8bf9ef6e77,1168,1,3,-21672.603740157698,-22974.24077117526
inferred_20260921_seed0,0,11ed1195aabfcd298bcaf379e7f064ad8010cd8ca67a057b647baa8bf9ef6e77,1168,2,3,-13320.518578771344,-11012.339296400882
inferred_20260921_seed0,0,11ed1195aabfcd298bcaf379e7f064ad8010cd8ca67a057b647baa8bf9ef6e77,1168,3,3,-6500.374695909357,-6365.858609164066
inferred_20260921_seed0,0,11ed1195aabfcd298bcaf379e7f064ad8010cd8ca67a057b647baa8bf9ef6e77,1169,1,3,-22109.45176721581,-22909.228276864298
inferred_20260921_seed0,0,11ed1195aabfcd298bcaf379e7f064ad8010cd8ca67a057b647baa8bf9ef6e77,1169,2,3,-8122.335678086029,-10894.360623266248
inferred_20260921_seed0,0,11ed1195aabfcd298bcaf379e7f064ad8010cd8ca67a057b647baa8bf9ef6e77,1169,3,3,-7214.44480548755,-6390.537514896528
inferred_20260921_seed0,0,11ed1195aabfcd298bcaf379e7f064ad8010cd8ca67a057b647baa8bf9ef6e77,1170,1,3,-20949.16726089602,-22833.31130603262
inferred_20260921_seed0,0,11ed1195aabfcd298bcaf379e7f064ad8010cd8ca67a057b647baa8bf9ef6e77,1170,2,3,-11617.72953621965,-10920.994518453805
inferred_20260921_seed0,0,11ed1195aabfcd298bcaf379e7f064ad8010cd8ca67a057b647baa8bf9ef6e77,1170,3,3,-7452.666854231182,-6417.4027488960055
inferred_20260921_seed0,0,11ed1195aabfcd298bcaf379e7f064ad8010cd8ca67a057b647baa8bf9ef6e77,1171,1,3,-20289.13327221835,-22719.941128916376
inferred_20260921_seed0,0,11ed1195aabfcd298bcaf379e7f064ad8010cd8ca67a057b647baa8bf9ef6e77,1171,2,3,-12193.212982842131,-11007.532619939475
inferred_20260921_seed0,0,11ed1195aabfcd298bcaf379e7f064ad8010cd8ca67a057b647baa8bf9ef6e77,1171,3,3,-7847.906794099341,-6435.576372940721
inferred_20260921_seed0,0,11ed1195aabfcd298bcaf379e7f064ad8010cd8ca67a057b647baa8bf9ef6e77,1172,1,3,-20740.29539487745,-22594.845399771162
inferred_20260921_seed0,0,11ed1195aabfcd298bcaf379e7f064ad8010cd8ca67a057b647baa8bf9ef6e77,1172,2,3,-10730.498121710853,-10966.668768185698
inferred_20260921_seed0,0,11ed1195aabfcd298bcaf379e7f064ad8010cd8ca67a057b647baa8bf9ef6e77,1172,3,3,-5897.704408092555,-6400.037228298015
inferred_20260921_seed0,0,11ed1195aabfcd298bcaf379e7f064ad8010cd8ca67a057b647baa8bf9ef6e77,1173,1,3,-21365.51298706476,-22453.97770773062
inferred_20260921_seed0,0,11ed1195aabfcd298bcaf379e7f064ad8010cd8ca67a057b647baa8bf9ef6e77,1173,2,3,-8801.75564545182,-10969.557910607276
inferred_20260921_seed0,0,11ed1195aabfcd298bcaf379e7f064ad8010cd8ca67a057b647baa8bf9ef6e77,1173,3,3,-5212.09569546538,-6305.141986327336
inferred_20260921_seed0,0,11ed1195aabfcd298bcaf379e7f064ad8010cd8ca67a057b647baa8bf9ef6e77,1174,1,3,-20995.38678686469,-22371.103801137517
inferred_20260921_seed0,0,11ed1195aabfcd298bcaf379e7f064ad8010cd8ca67a057b647baa8bf9ef6e77,1174,2,3,-7721.347424216656,-10758.33909270385
inferred_20260921_seed0,0,11ed1195aabfcd298bcaf379e7f064ad8010cd8ca67a057b647baa8bf9ef6e77,1174,3,3,-5514.798235782702,-6368.972881502979
inferred_20260921_seed0,0,11ed1195aabfcd298bcaf379e7f064ad8010cd8ca67a057b647baa8bf9ef6e77,1175,1,3,-20991.75681245706,-22248.576849049536
inferred_20260921_seed0,0,11ed1195aabfcd298bcaf379e7f064ad8010cd8ca67a057b647baa8bf9ef6e77,1175,2,3,-10829.019191710591,-10858.241751322073
inferred_20260921_seed0,0,11ed1195aabfcd298bcaf379e7f064ad8010cd8ca67a057b647baa8bf9ef6e77,1175,3,3,-6030.49001986387,-6395.13085278201
inferred_20260921_seed0,0,11ed1195aabfcd298bcaf379e7f064ad8010cd8ca67a057b647baa8bf9ef6e77,1176,1,3,-21497.86211036957,-22149.623518692417
inferred_20260921_seed0,0,11ed1195aabfcd298bcaf379e7f064ad8010cd8ca67a057b647baa8bf9ef6e77,1176,2,3,-12868.01160406342,-11041.47244841323
inferred_20260921_seed0,0,11ed1195aabfcd298bcaf379e7f064ad8010cd8ca67a057b647baa8bf9ef6e77,1176,3,3,-5945.42761028839,-6410.485503276882
inferred_20260921_seed0,0,11ed1195aabfcd298bcaf379e7f064ad8010cd8ca67a057b647baa8bf9ef6e77,1177,1,3,-21632.009665203277,-22095.463048996142
inferred_20260921_seed0,0,11ed1195aabfcd298bcaf379e7f064ad8010cd8ca67a057b647baa8bf9ef6e77,1177,2,3,-10905.855627447098,-11033.760965164443
inferred_20260921_seed0,0,11ed1195aabfcd298bcaf379e7f064ad8010cd8ca67a057b647baa8bf9ef6e77,1177,3,3,-5528.74117284091,-6391.30973734823
inferred_20260921_seed0,0,11ed1195aabfcd298bcaf379e7f064ad8010cd8ca67a057b647baa8bf9ef6e77,1178,1,3,-22078.43484280752,-22084.648423549832
inferred_20260921_seed0,0,11ed1195aabfcd298bcaf379e7f064ad8010cd8ca67a057b647baa8bf9ef6e77,1178,2,3,-9803.443875146237,-11030.158551588864
inferred_20260921_seed0,0,11ed1195aabfcd298bcaf379e7f064ad8010cd8ca67a057b647baa8bf9ef6e77,1178,3,3,-7088.169475188353,-6386.523062417863
inferred_20260921_seed0,0,11ed1195aabfcd298bcaf379e7f064ad8010cd8ca67a057b647baa8bf9ef6e77,1179,1,3,-21235.529974573707,-22004.316568155755
inferred_20260921_seed0,0,11ed1195aabfcd298bcaf379e7f064ad8010cd8ca67a057b647baa8bf9ef6e77,1179,2,3,-9972.644449422523,-10996.280231331337
inferred_20260921_seed0,0,11ed1195aabfcd298bcaf379e7f064ad8010cd8ca67a057b647baa8bf9ef6e77,1179,3,3,-6648.471402616191,-6403.296498924098
inferred_20260921_seed0,0,11ed1195aabfcd298bcaf379e7f064ad8010cd8ca67a057b647baa8bf9ef6e77,1180,1,3,-20946.834443721928,-21905.269687095028
inferred_20260921_seed0,0,11ed1195aabfcd298bcaf379e7f064ad8010cd8ca67a057b647baa8bf9ef6e77,1180,2,3,-11587.666413382636,-11011.18969302705
inferred_20260921_seed0,0,11ed1195aabfcd298bcaf379e7f064ad8010cd8ca67a057b647baa8bf9ef6e77,1180,3,3,-6741.754085390508,-6401.7805775611105
inferred_20260921_seed0,0,11ed1195aabfcd298bcaf379e7f064ad8010cd8ca67a057b647baa8bf9ef6e77,1181,1,3,-21001.673745985023,-21803.13360692605
inferred_20260921_seed0,0,11ed1195aabfcd298bcaf379e7f064ad8010cd8ca67a057b647baa8bf9ef6e77,1181,2,3,-8382.552457489228,-10905.883548561964
inferred_20260921_seed0,0,11ed1195aabfcd298bcaf379e7f064ad8010cd8ca67a057b647baa8bf9ef6e77,1181,3,3,-5708.810006735578,-6353.11152135235
inferred_20260921_seed0,0,11ed1195aabfcd298bcaf379e7f064ad8010cd8ca67a057b647baa8bf9ef6e77,1182,1,3,-21238.196694826016,-21749.108757964255
inferred_20260921_seed0,0,11ed1195aabfcd298bcaf379e7f064ad8010cd8ca67a057b647baa8bf9ef6e77,1182,2,3,-8682.925413414596,-10773.464974318957
inferred_20260921_seed0,0,11ed1195aabfcd298bcaf379e7f064ad8010cd8ca67a057b647baa8bf9ef6e77,1182,3,3,-6708.94053179999,-6342.281370433289
inferred_20260921_seed0,0,11ed1195aabfcd298bcaf379e7f064ad8010cd8ca67a057b647baa8bf9ef6e77,1183,1,3,-22147.633588744604,-21685.961771601367
inferred_20260921_seed0,0,11ed1195aabfcd298bcaf379e7f064ad8010cd8ca67a057b647baa8bf9ef6e77,1183,2,3,-12254.604337575744,-10715.543707404833
inferred_20260921_seed0,0,11ed1195aabfcd298bcaf379e7f064ad8010cd8ca67a057b647baa8bf9ef6e77,1183,3,3,-6866.761589427984,-6380.624290094038
inferred_20260921_seed0,0,11ed1195aabfcd298bcaf379e7f064ad8010cd8ca67a057b647baa8bf9ef6e77,1184,1,3,-20780.987348719827,-21526.5295469619
inferred_20260921_seed0,0,11ed1195aabfcd298bcaf379e7f064ad8010cd8ca67a057b647baa8bf9ef6e77,1184,2,3,-8192.391174988566,-10630.822180473875
inferred_20260921_seed0,0,11ed1195aabfcd298bcaf379e7f064ad8010cd8ca67a057b647baa8bf9ef6e77,1184,3,3,-6879.488675565079,-6419.2085218587445
inferred_20260921_seed0,0,11ed1195aabfcd298bcaf379e7f064ad8010cd8ca67a057b647baa8bf9ef6e77,1185,1,3,-20423.004272091493,-21408.512461986156
inferred_20260921_seed0,0,11ed1195aabfcd298bcaf379e7f064ad8010cd8ca67a057b647baa8bf9ef6e77,1185,2,3,-8022.73054719952,-10462.27850821209
inferred_20260921_seed0,0,11ed1195aabfcd298bcaf379e7f064ad8010cd8ca67a057b647baa8bf9ef6e77,1185,3,3,-5046.997732076149,-6359.269942257213
inferred_20260921_seed0,0,11ed1195aabfcd298bcaf379e7f064ad8010cd8ca67a057b647baa8bf9ef6e77,1186,1,3,-20983.4196700702,-21347.41557332424
inferred_20260921_seed0,0,11ed1195aabfcd298bcaf379e7f064ad8010cd8ca67a057b647baa8bf9ef6e77,1186,2,3,-10897.028209675516,-10448.205109744526
inferred_20260921_seed0,0,11ed1195aabfcd298bcaf379e7f064ad8010cd8ca67a057b647baa8bf9ef6e77,1186,3,3,-6507.803641424705,-6361.052159856889
inferred_20260921_seed0,0,11ed1195aabfcd298bcaf379e7f064ad8010cd8ca67a057b647baa8bf9ef6e77,1187,1,3,-20511.60005672872,-21291.81806992622
inferred_20260921_seed0,0,11ed1195aabfcd298bcaf379e7f064ad8010cd8ca67a057b647baa8bf9ef6e77,1187,2,3,-8204.618384264417,-10249.81217398165
inferred_20260921_seed0,0,11ed1195aabfcd298bcaf379e7f064ad8010cd8ca67a057b647baa8bf9ef6e77,1187,3,3,-5552.050917626049,-6334.390766421532
inferred_20260921_seed0,0,11ed1195aabfcd298bcaf379e7f064ad8010cd8ca67a057b647baa8bf9ef6e77,1188,1,3,-21003.348480213805,-21246.61987338718
inferred_20260921_seed0,0,11ed1195aabfcd298bcaf379e7f064ad8010cd8ca67a057b647baa8bf9ef6e77,1188,2,3,-9215.34611853122,-10180.023719333456
inferred_20260921_seed0,0,11ed1195aabfcd298bcaf379e7f064ad8010cd8ca67a057b647baa8bf9ef6e77,1188,3,3,-6960.563633990549,-6362.463350967409
inferred_20260921_seed0,0,11ed1195aabfcd298bcaf379e7f064ad8010cd8ca67a057b647baa8bf9ef6e77,1189,1,3,-19974.012824174795,-21194.166178814237
inferred_20260921_seed0,0,11ed1195aabfcd298bcaf379e7f064ad8010cd8ca67a057b647baa8bf9ef6e77,1189,2,3,-9616.800824354414,-10095.01782147888
inferred_20260921_seed0,0,11ed1195aabfcd298bcaf379e7f064ad8010cd8ca67a057b647baa8bf9ef6e77,1189,3,3,-6366.507103161835,-6345.065944932683
inferred_20260921_seed0,0,11ed1195aabfcd298bcaf379e7f064ad8010cd8ca67a057b647baa8bf9ef6e77,1190,1,3,-21239.963914942087,-21182.955669964267
inferred_20260921_seed0,0,11ed1195aabfcd298bcaf379e7f064ad8010cd8ca67a057b647baa8bf9ef6e77,1190,2,3,-8930.046126796075,-10023.252851102567
inferred_20260921_seed0,0,11ed1195aabfcd298bcaf379e7f064ad8010cd8ca67a057b647baa8bf9ef6e77,1190,3,3,-5119.010894321705,-6291.719941206308
inferred_20260921_seed0,0,11ed1195aabfcd298bcaf379e7f064ad8010cd8ca67a057b647baa8bf9ef6e77,1191,1,3,-20961.367110759355,-21129.764562377088
inferred_20260921_seed0,0,11ed1195aabfcd298bcaf379e7f064ad8010cd8ca67a057b647baa8bf9ef6e77,1191,2,3,-9980.327497802751,-10026.880075585768
inferred_20260921_seed0,0,11ed1195aabfcd298bcaf379e7f064ad8010cd8ca67a057b647baa8bf9ef6e77,1191,3,3,-6969.174284355151,-6319.62036413354
inferred_20260921_seed0,0,11ed1195aabfcd298bcaf379e7f064ad8010cd8ca67a057b647baa8bf9ef6e77,1192,1,3,-21318.32469774946,-21123.50045853733
inferred_20260921_seed0,0,11ed1195aabfcd298bcaf379e7f064ad8010cd8ca67a057b647baa8bf9ef6e77,1192,2,3,-6777.607162942546,-9905.240695340224
inferred_20260921_seed0,0,11ed1195aabfcd298bcaf379e7f064ad8010cd8ca67a057b647baa8bf9ef6e77,1192,3,3,-6423.451765756865,-6349.304241259916
inferred_20260921_seed0,0,11ed1195aabfcd298bcaf379e7f064ad8010cd8ca67a057b647baa8bf9ef6e77,1193,1,3,-20172.85593162149,-21063.51054619588
inferred_20260921_seed0,0,11ed1195aabfcd298bcaf379e7f064ad8010cd8ca67a057b647baa8bf9ef6e77,1193,2,3,-14006.03407967992,-9932.661315376567
inferred_20260921_seed0,0,11ed1195aabfcd298bcaf379e7f064ad8010cd8ca67a057b647baa8bf9ef6e77,1193,3,3,-6180.623037128975,-6336.5141749087015
inferred_20260921_seed0,0,11ed1195aabfcd298bcaf379e7f064ad8010cd8ca67a057b647baa8bf9ef6e77,1194,1,3,-20155.88521176331,-20985.36788397778
inferred_20260921_seed0,0,11ed1195aabfcd298bcaf379e7f064ad8010cd8ca67a057b647baa8bf9ef6e77,1194,2,3,-9619.031569504255,-9992.529151033295
inferred_20260921_seed0,0,11ed1195aabfcd298bcaf379e7f064ad8010cd8ca67a057b647baa8bf9ef6e77,1194,3,3,-6366.66554051526,-6302.603004309811
inferred_20260921_seed0,0,11ed1195aabfcd298bcaf379e7f064ad8010cd8ca67a057b647baa8bf9ef6e77,1195,1,3,-20962.918179328557,-20985.91792071508
inferred_20260921_seed0,0,11ed1195aabfcd298bcaf379e7f064ad8010cd8ca67a057b647baa8bf9ef6e77,1195,2,3,-9992.49878048504,-9927.51992080391
inferred_20260921_seed0,0,11ed1195aabfcd298bcaf379e7f064ad8010cd8ca67a057b647baa8bf9ef6e77,1195,3,3,-6909.196200811461,-6280.864178173022
inferred_20260921_seed0,0,11ed1195aabfcd298bcaf379e7f064ad8010cd8ca67a057b647baa8bf9ef6e77,1196,1,3,-20302.87299240304,-20986.46750952247
inferred_20260921_seed0,0,11ed1195aabfcd298bcaf379e7f064ad8010cd8ca67a057b647baa8bf9ef6e77,1196,2,3,-9064.92524876236,-9802.38841144072
inferred_20260921_seed0,0,11ed1195aabfcd298bcaf379e7f064ad8010cd8ca67a057b647baa8bf9ef6e77,1196,3,3,-4431.559365585648,-6144.210281032474
inferred_20260921_seed0,0,11ed1195aabfcd298bcaf379e7f064ad8010cd8ca67a057b647baa8bf9ef6e77,1197,1,3,-20265.88341171465,-20967.491030195957
inferred_20260921_seed0,0,11ed1195aabfcd298bcaf379e7f064ad8010cd8ca67a057b647baa8bf9ef6e77,1197,2,3,-8936.054071359678,-9730.610649426673
inferred_20260921_seed0,0,11ed1195aabfcd298bcaf379e7f064ad8010cd8ca67a057b647baa8bf9ef6e77,1197,3,3,-4713.765610193842,-6096.852729116525
inferred_20260921_seed0,0,11ed1195aabfcd298bcaf379e7f064ad8010cd8ca67a057b647baa8bf9ef6e77,1198,1,3,-19997.100565496912,-20912.754533333242
inferred_20260921_seed0,0,11ed1195aabfcd298bcaf379e7f064ad8010cd8ca67a057b647baa8bf9ef6e77,1198,2,3,-7911.402781650892,-9694.996534874635
inferred_20260921_seed0,0,11ed1195aabfcd298bcaf379e7f064ad8010cd8ca67a057b647baa8bf9ef6e77,1198,3,3,-5463.035112019266,-6106.890305778681
inferred_20260921_seed0,0,11ed1195aabfcd298bcaf379e7f064ad8010cd8ca67a057b647baa8bf9ef6e77,1199,1,3,-20780.11999809267,-20904.143861782366
inferred_20260921_seed0,0,11ed1195aabfcd298bcaf379e7f064ad8010cd8ca67a057b647baa8bf9ef6e77,1199,2,3,-11572.975943728932,-9849.061675655126
inferred_20260921_seed0,0,11ed1195aabfcd298bcaf379e7f064ad8010cd8ca67a057b647baa8bf9ef6e77,1199,3,3,-5667.994102296282,-6113.018140439223
inferred_20260921_seed0,0,11ed1195aabfcd298bcaf379e7f064ad8010cd8ca67a057b647baa8bf9ef6e77,1200,1,3,-19901.78708904052,-20860.545072845704
inferred_20260921_seed0,0,11ed1195aabfcd298bcaf379e7f064ad8010cd8ca67a057b647baa8bf9ef6e77,1200,2,3,-7662.347535669072,-9722.394809413467
inferred_20260921_seed0,0,11ed1195aabfcd298bcaf379e7f064ad8010cd8ca67a057b647baa8bf9ef6e77,1200,3,3,-6770.551430618696,-6142.620596869417
inferred_20260921_seed0,0,11ed1195aabfcd298bcaf379e7f064ad8010cd8ca67a057b647baa8bf9ef6e77,1201,1,3,-20305.05738204839,-20812.832883712854
inferred_20260921_seed0,0,11ed1195aabfcd298bcaf379e7f064ad8010cd8ca67a057b647baa8bf9ef6e77,1201,2,3,-13117.573096643882,-9732.377269116685
inferred_20260921_seed0,0,11ed1195aabfcd298bcaf379e7f064ad8010cd8ca67a057b647baa8bf9ef6e77,1201,3,3,-6906.269656983152,-6181.054278737208
inferred_20260921_seed0,0,11ed1195aabfcd298bcaf379e7f064ad8010cd8ca67a057b647baa8bf9ef6e77,1202,1,3,-18940.23376378519,-20705.16184765613
inferred_20260921_seed0,0,11ed1195aabfcd298bcaf379e7f064ad8010cd8ca67a057b647baa8bf9ef6e77,1202,2,3,-7622.924386964299,-9601.060019497374
inferred_20260921_seed0,0,11ed1195aabfcd298bcaf379e7f064ad8010cd8ca67a057b647baa8bf9ef6e77,1202,3,3,-7500.711665868777,-6259.933098458323
inferred_20260921_seed0,0,11ed1195aabfcd298bcaf379e7f064ad8010cd8ca67a057b647baa8bf9ef6e77,1203,1,3,-20167.25544651477,-20628.71467180442
inferred_20260921_seed0,0,11ed1195aabfcd298bcaf379e7f064ad8010cd8ca67a057b647baa8bf9ef6e77,1203,2,3,-9908.657600107608,-9605.268568495827
inferred_20260921_seed0,0,11ed1195aabfcd298bcaf379e7f064ad8010cd8ca67a057b647baa8bf9ef6e77,1203,3,3,-7761.959840222653,-6286.884713059694
inferred_20260921_seed0,0,11ed1195aabfcd298bcaf379e7f064ad8010cd8ca67a057b647baa8bf9ef6e77,1204,1,3,-20382.34421321183,-20594.587241349946
inferred_20260921_seed0,0,11ed1195aabfcd298bcaf379e7f064ad8010cd8ca67a057b647baa8bf9ef6e77,1204,2,3,-8557.294798965384,-9548.654582477542
inferred_20260921_seed0,0,11ed1195aabfcd298bcaf379e7f064ad8010cd8ca67a057b647baa8bf9ef6e77,1204,3,3,-6469.116463394044,-6279.710515490809
inferred_20260921_seed0,0,11ed1195aabfcd298bcaf379e7f064ad8010cd8ca67a057b647baa8bf9ef6e77,1205,1,3,-19491.10308296298,-20536.357986919586
inferred_20260921_seed0,0,11ed1195aabfcd298bcaf379e7f064ad8010cd8ca67a057b647baa8bf9ef6e77,1205,2,3,-9549.260356670744,-9467.118340209066
inferred_20260921_seed0,0,11ed1195aabfcd298bcaf379e7f064ad8010cd8ca67a057b647baa8bf9ef6e77,1205,3,3,-6412.409325977222,-6266.536725114277
inferred_20260921_seed0,0,11ed1195aabfcd298bcaf379e7f064ad8010cd8ca67a057b647baa8bf9ef6e77,1206,1,3,-19936.63483892766,-20493.75643063729
inferred_20260921_seed0,0,11ed1195aabfcd298bcaf379e7f064ad8010cd8ca67a057b647baa8bf9ef6e77,1206,2,3,-8293.811605068222,-9463.568706112226
inferred_20260921_seed0,0,11ed1195aabfcd298bcaf379e7f064ad8010cd8ca67a057b647baa8bf9ef6e77,1206,3,3,-5317.0064141613775,-6250.864581411309
inferred_20260921_seed0,0,11ed1195aabfcd298bcaf379e7f064ad8010cd8ca67a057b647baa8bf9ef6e77,1207,1,3,-19888.03226539268,-20439.749853459958
inferred_20260921_seed0,0,11ed1195aabfcd298bcaf379e7f064ad8010cd8ca67a057b647baa8bf9ef6e77,1207,2,3,-8935.317368086846,-9473.664384299116
inferred_20260921_seed0,0,11ed1195aabfcd298bcaf379e7f064ad8010cd8ca67a057b647baa8bf9ef6e77,1207,3,3,-7330.1406860727475,-6275.7125875822185
inferred_20260921_seed0,0,11ed1195aabfcd298bcaf379e7f064ad8010cd8ca67a057b647baa8bf9ef6e77,1208,1,3,-19046.26452740285,-20315.69509100629
inferred_20260921_seed0,0,11ed1195aabfcd298bcaf379e7f064ad8010cd8ca67a057b647baa8bf9ef6e77,1208,2,3,-8619.087251428304,-9328.243700853218
inferred_20260921_seed0,0,11ed1195aabfcd298bcaf379e7f064ad8010cd8ca67a057b647baa8bf9ef6e77,1208,3,3,-5918.300918708195,-6237.774160753427
inferred_20260921_seed0,0,11ed1195aabfcd298bcaf379e7f064ad8010cd8ca67a057b647baa8bf9ef6e77,1209,1,3,-19342.84809385382,-20258.16952081165
inferred_20260921_seed0,0,11ed1195aabfcd298bcaf379e7f064ad8010cd8ca67a057b647baa8bf9ef6e77,1209,2,3,-7720.153636096855,-9309.35419929755
inferred_20260921_seed0,0,11ed1195aabfcd298bcaf379e7f064ad8010cd8ca67a057b647baa8bf9ef6e77,1209,3,3,-6845.296133612523,-6236.406459075325
inferred_20260921_seed0,0,11ed1195aabfcd298bcaf379e7f064ad8010cd8ca67a057b647baa8bf9ef6e77,1210,1,3,-20108.7466271482,-20245.599215013917
inferred_20260921_seed0,0,11ed1195aabfcd298bcaf379e7f064ad8010cd8ca67a057b647baa8bf9ef6e77,1210,2,3,-9521.536025169184,-9369.306418416338
inferred_20260921_seed0,0,11ed1195aabfcd298bcaf379e7f064ad8010cd8ca67a057b647baa8bf9ef6e77,1210,3,3,-6398.684732780201,-6290.473939103486
inferred_20260921_seed0,0,11ed1195aabfcd298bcaf379e7f064ad8010cd8ca67a057b647baa8bf9ef6e77,1211,1,3,-19670.792872417387,-20193.094143107803
inferred_20260921_seed0,0,11ed1195aabfcd298bcaf379e7f064ad8010cd8ca67a057b647baa8bf9ef6e77,1211,2,3,-9591.043610914698,-9317.067034465905
inferred_20260921_seed0,0,11ed1195aabfcd298bcaf379e7f064ad8010cd8ca67a057b647baa8bf9ef6e77,1211,3,3,-5982.776632223113,-6269.472858735424
inferred_20260921_seed0,0,11ed1195aabfcd298bcaf379e7f064ad8010cd8ca67a057b647baa8bf9ef6e77,1212,1,3,-19668.07018302208,-20159.35294815954
inferred_20260921_seed0,0,11ed1195aabfcd298bcaf379e7f064ad8010cd8ca67a057b647baa8bf9ef6e77,1212,2,3,-7466.664810475979,-9287.548891514367
inferred_20260921_seed0,0,11ed1195aabfcd298bcaf379e7f064ad8010cd8ca67a057b647baa8bf9ef6e77,1212,3,3,-5432.969271138361,-6264.709592875915
inferred_20260921_seed0,0,11ed1195aabfcd298bcaf379e7f064ad8010cd8ca67a057b647baa8bf9ef6e77,1213,1,3,-20549.59457960536,-20141.2027921352
inferred_20260921_seed0,0,11ed1195aabfcd298bcaf379e7f064ad8010cd8ca67a057b647baa8bf9ef6e77,1213,2,3,-6436.22401881294,-9176.384007525636
inferred_20260921_seed0,0,11ed1195aabfcd298bcaf379e7f064ad8010cd8ca67a057b647baa8bf9ef6e77,1213,3,3,-6982.87088129174,-6265.601882767964
inferred_20260921_seed0,0,11ed1195aabfcd298bcaf379e7f064ad8010cd8ca67a057b647baa8bf9ef6e77,1214,1,3,-20409.87423039331,-20158.63724838394
inferred_20260921_seed0,0,11ed1195aabfcd298bcaf379e7f064ad8010cd8ca67a057b647baa8bf9ef6e77,1214,2,3,-9186.525252677908,-9159.172984658575
inferred_20260921_seed0,0,11ed1195aabfcd298bcaf379e7f064ad8010cd8ca67a057b647baa8bf9ef6e77,1214,3,3,-6918.494128533132,-6287.681363782816
inferred_20260921_seed0,0,11ed1195aabfcd298bcaf379e7f064ad8010cd8ca67a057b647baa8bf9ef6e77,1215,1,3,-19483.86546792279,-20088.393310503172
inferred_20260921_seed0,0,11ed1195aabfcd298bcaf379e7f064ad8010cd8ca67a057b647baa8bf9ef6e77,1215,2,3,-6378.373658435652,-9057.106085924159
inferred_20260921_seed0,0,11ed1195aabfcd298bcaf379e7f064ad8010cd8ca67a057b647baa8bf9ef6e77,1215,3,3,-6708.117231084982,-6351.245617253346
inferred_20260921_seed0,0,11ed1195aabfcd298bcaf379e7f064ad8010cd8ca67a057b647baa8bf9ef6e77,1216,1,3,-19651.971371050706,-20036.017480914827
inferred_20260921_seed0,0,11ed1195aabfcd298bcaf379e7f064ad8010cd8ca67a057b647baa8bf9ef6e77,1216,2,3,-8393.560985680902,-8993.635425439285
inferred_20260921_seed0,0,11ed1195aabfcd298bcaf379e7f064ad8010cd8ca67a057b647baa8bf9ef6e77,1216,3,3,-6360.710559088029,-6326.907068242661
inferred_20260921_seed0,0,11ed1195aabfcd298bcaf379e7f064ad8010cd8ca67a057b647baa8bf9ef6e77,1217,1,3,-19830.160616741603,-19976.49091767451
inferred_20260921_seed0,0,11ed1195aabfcd298bcaf379e7f064ad8010cd8ca67a057b647baa8bf9ef6e77,1217,2,3,-8501.320884898832,-9062.583974317537
inferred_20260921_seed0,0,11ed1195aabfcd298bcaf379e7f064ad8010cd8ca67a057b647baa8bf9ef6e77,1217,3,3,-7756.357815554002,-6380.223310234548
inferred_20260921_seed0,0,11ed1195aabfcd298bcaf379e7f064ad8010cd8ca67a057b647baa8bf9ef6e77,1218,1,3,-19546.879786228597,-19951.451871858793
inferred_20260921_seed0,0,11ed1195aabfcd298bcaf379e7f064ad8010cd8ca67a057b647baa8bf9ef6e77,1218,2,3,-11919.24891691465,-8979.112567806926
inferred_20260921_seed0,0,11ed1195aabfcd298bcaf379e7f064ad8010cd8ca67a057b647baa8bf9ef6e77,1218,3,3,-5461.350739497711,-6351.452418329297
inferred_20260921_seed0,0,11ed1195aabfcd298bcaf379e7f064ad8010cd8ca67a057b647baa8bf9ef6e77,1219,1,3,-20072.53529207636,-19948.117875071315
inferred_20260921_seed0,0,11ed1195aabfcd298bcaf379e7f064ad8010cd8ca67a057b647baa8bf9ef6e77,1219,2,3,-7543.759895563333,-8896.101700849289
inferred_20260921_seed0,0,11ed1195aabfcd298bcaf379e7f064ad8010cd8ca67a057b647baa8bf9ef6e77,1219,3,3,-5932.956715336977,-6334.104065322166
inferred_20260921_seed0,0,11ed1195aabfcd298bcaf379e7f064ad8010cd8ca67a057b647baa8bf9ef6e77,1220,1,3,-19527.234791644136,-19890.690539563937
inferred_20260921_seed0,0,11ed1195aabfcd298bcaf379e7f064ad8010cd8ca67a057b647baa8bf9ef6e77,1220,2,3,-7648.500493462279,-8802.341769368379
inferred_20260921_seed0,0,11ed1195aabfcd298bcaf379e7f064ad8010cd8ca67a057b647baa8bf9ef6e77,1220,3,3,-4671.298337014941,-6244.588150770304
inferred_20260921_seed0,0,11ed1195aabfcd298bcaf379e7f064ad8010cd8ca67a057b647baa8bf9ef6e77,1221,1,3,-19994.56955862203,-19878.3584022127
inferred_20260921_seed0,0,11ed1195aabfcd298bcaf379e7f064ad8010cd8ca67a057b647baa8bf9ef6e77,1221,2,3,-8911.041178404825,-8796.186406554078
inferred_20260921_seed0,0,11ed1195aabfcd298bcaf379e7f064ad8010cd8ca67a057b647baa8bf9ef6e77,1221,3,3,-6992.314516109838,-6347.018356791273
inferred_20260921_seed0,0,11ed1195aabfcd298bcaf379e7f064ad8010cd8ca67a057b647baa8bf9ef6e77,1222,1,3,-19816.360075747725,-19860.377468774022
inferred_20260921_seed0,0,11ed1195aabfcd298bcaf379e7f064ad8010cd8ca67a057b647baa8bf9ef6e77,1222,2,3,-7366.344864067365,-8733.398038262383
inferred_20260921_seed0,0,11ed1195aabfcd298bcaf379e7f064ad8010cd8ca67a057b647baa8bf9ef6e77,1222,3,3,-6363.815280393995,-6413.020343599279
inferred_20260921_seed0,0,11ed1195aabfcd298bcaf379e7f064ad8010cd8ca67a057b647baa8bf9ef6e77,1223,1,3,-19807.09655342637,-19852.777308291203
inferred_20260921_seed0,0,11ed1195aabfcd298bcaf379e7f064ad8010cd8ca67a057b647baa8bf9ef6e77,1223,2,3,-7954.625201810692,-8735.126935068774
inferred_20260921_seed0,0,11ed1195aabfcd298bcaf379e7f064ad8010cd8ca67a057b647baa8bf9ef6e77,1223,3,3,-6841.2943807010615,-6468.15071434655
inferred_20260921_seed0,0,11ed1195aabfcd298bcaf379e7f064ad8010cd8ca67a057b647baa8bf9ef6e77,1224,1,3,-20250.45461423237,-19831.59069293679
inferred_20260921_seed0,0,11ed1195aabfcd298bcaf379e7f064ad8010cd8ca67a057b647baa8bf9ef6e77,1224,2,3,-7891.085469348697,-8587.851316093565
inferred_20260921_seed0,0,11ed1195aabfcd298bcaf379e7f064ad8010cd8ca67a057b647baa8bf9ef6e77,1224,3,3,-6008.853015827681,-6481.785070887807
inferred_20260921_seed0,0,11ed1195aabfcd298bcaf379e7f064ad8010cd8ca67a057b647baa8bf9ef6e77,1225,1,3,-19464.52387787928,-19814.10016449034
inferred_20260921_seed0,0,11ed1195aabfcd298bcaf379e7f064ad8010cd8ca67a057b647baa8bf9ef6e77,1225,2,3,-9672.643119163082,-8668.263139433326
inferred_20260921_seed0,0,11ed1195aabfcd298bcaf379e7f064ad8010cd8ca67a057b647baa8bf9ef6e77,1225,3,3,-6018.532161920082,-6451.7043001398615
inferred_20260921_seed0,0,11ed1195aabfcd298bcaf379e7f064ad8010cd8ca67a057b647baa8bf9ef6e77,1226,1,3,-19248.46645636967,-19771.83652746319
inferred_20260921_seed0,0,11ed1195aabfcd298bcaf379e7f064ad8010cd8ca67a057b647baa8bf9ef6e77,1226,2,3,-7888.54825520966,-8459.102145775958
inferred_20260921_seed0,0,11ed1195aabfcd298bcaf379e7f064ad8010cd8ca67a057b647baa8bf9ef6e77,1226,3,3,-6138.247643784164,-6420.983419611902
inferred_20260921_seed0,0,11ed1195aabfcd298bcaf379e7f064ad8010cd8ca67a057b647baa8bf9ef6e77,1227,1,3,-19282.22216840432,-19785.516063647956
inferred_20260921_seed0,0,11ed1195aabfcd298bcaf379e7f064ad8010cd8ca67a057b647baa8bf9ef6e77,1227,2,3,-8717.091831403413,-8502.868843553522
inferred_20260921_seed0,0,11ed1195aabfcd298bcaf379e7f064ad8010cd8ca67a057b647baa8bf9ef6e77,1227,3,3,-6168.314200000317,-6367.687520977163
inferred_20260921_seed0,0,11ed1195aabfcd298bcaf379e7f064ad8010cd8ca67a057b647baa8bf9ef6e77,1228,1,3,-18941.40055332563,-19736.48186792039
inferred_20260921_seed0,0,11ed1195aabfcd298bcaf379e7f064ad8010cd8ca67a057b647baa8bf9ef6e77,1228,2,3,-8491.149281780756,-8446.168510820447
inferred_20260921_seed0,0,11ed1195aabfcd298bcaf379e7f064ad8010cd8ca67a057b647baa8bf9ef6e77,1228,3,3,-7557.92436386512,-6359.526101922862
inferred_20260921_seed0,0,11ed1195aabfcd298bcaf379e7f064ad8010cd8ca67a057b647baa8bf9ef6e77,1229,1,3,-18915.211765059204,-19677.796569994287
inferred_20260921_seed0,0,11ed1195aabfcd298bcaf379e7f064ad8010cd8ca67a057b647baa8bf9ef6e77,1229,2,3,-8649.144993503007,-8449.842518601952
inferred_20260921_seed0,0,11ed1195aabfcd298bcaf379e7f064ad8010cd8ca67a057b647baa8bf9ef6e77,1229,3,3,-8107.464494910715,-6425.06002318353
inferred_20260921_seed0,0,11ed1195aabfcd298bcaf379e7f064ad8010cd8ca67a057b647baa8bf9ef6e77,1230,1,3,-18633.1512287667,-19643.478495826435
inferred_20260921_seed0,0,11ed1195aabfcd298bcaf379e7f064ad8010cd8ca67a057b647baa8bf9ef6e77,1230,2,3,-7435.187277601548,-8365.279595439184
inferred_20260921_seed0,0,11ed1195aabfcd298bcaf379e7f064ad8010cd8ca67a057b647baa8bf9ef6e77,1230,3,3,-5815.680464244706,-6401.1908687142295
inferred_20260921_seed0,0,11ed1195aabfcd298bcaf379e7f064ad8010cd8ca67a057b647baa8bf9ef6e77,1231,1,3,-18693.85075432069,-19593.767132442154
inferred_20260921_seed0,0,11ed1195aabfcd298bcaf379e7f064ad8010cd8ca67a057b647baa8bf9ef6e77,1231,2,3,-10002.507692980693,-8433.627438955684
inferred_20260921_seed0,0,11ed1195aabfcd298bcaf379e7f064ad8010cd8ca67a057b647baa8bf9ef6e77,1231,3,3,-6528.153250920012,-6449.636742184574
inferred_20260921_seed0,0,11ed1195aabfcd298bcaf379e7f064ad8010cd8ca67a057b647baa8bf9ef6e77,1232,1,3,-18560.777514679183,-19540.676942413615
inferred_20260921_seed0,0,11ed1195aabfcd298bcaf379e7f064ad8010cd8ca67a057b647baa8bf9ef6e77,1232,2,3,-8800.086341679704,-8428.2181978994
inferred_20260921_seed0,0,11ed1195aabfcd298bcaf379e7f064ad8010cd8ca67a057b647baa8bf9ef6e77,1232,3,3,-6491.795710404755,-6416.102943157854
inferred_20260921_seed0,0,11ed1195aabfcd298bcaf379e7f064ad8010cd8ca67a057b647baa8bf9ef6e77,1233,1,3,-18773.43819238071,-19529.763889012727
inferred_20260921_seed0,0,11ed1195aabfcd298bcaf379e7f064ad8010cd8ca67a057b647baa8bf9ef6e77,1233,2,3,-7406.043672473585,-8379.69645474121
inferred_20260921_seed0,0,11ed1195aabfcd298bcaf379e7f064ad8010cd8ca67a057b647baa8bf9ef6e77,1233,3,3,-6254.411326017604,-6429.547359450231
inferred_20260921_seed0,0,11ed1195aabfcd298bcaf379e7f064ad8010cd8ca67a057b647baa8bf9ef6e77,1234,1,3,-19031.80751252541,-19517.32226575959
inferred_20260921_seed0,0,11ed1195aabfcd298bcaf379e7f064ad8010cd8ca67a057b647baa8bf9ef6e77,1234,2,3,-7968.115763488046,-8389.614939836858
inferred_20260921_seed0,0,11ed1195aabfcd298bcaf379e7f064ad8010cd8ca67a057b647baa8bf9ef6e77,1234,3,3,-6371.16573662088,-6410.582143570564
inferred_20260921_seed0,0,11ed1195aabfcd298bcaf379e7f064ad8010cd8ca67a057b647baa8bf9ef6e77,1235,1,3,-19018.3146433457,-19473.704986407494
inferred_20260921_seed0,0,11ed1195aabfcd298bcaf379e7f064ad8010cd8ca67a057b647baa8bf9ef6e77,1235,2,3,-10349.225452429662,-8422.722516927275
inferred_20260921_seed0,0,11ed1195aabfcd298bcaf379e7f064ad8010cd8ca67a057b647baa8bf9ef6e77,1235,3,3,-9172.6777171077,-6521.5418629436645
inferred_20260921_seed0,0,11ed1195aabfcd298bcaf379e7f064ad8010cd8ca67a057b647baa8bf9ef6e77,1236,1,3,-19322.252115688323,-19459.76335613833
inferred_20260921_seed0,0,11ed1195aabfcd298bcaf379e7f064ad8010cd8ca67a057b647baa8bf9ef6e77,1236,2,3,-8422.172240472693,-8375.967662109595
inferred_20260921_seed0,0,11ed1195aabfcd298bcaf379e7f064ad8010cd8ca67a057b647baa8bf9ef6e77,1236,3,3,-5320.099095063805,-6495.034761457292
inferred_20260921_seed0,0,11ed1195aabfcd298bcaf379e7f064ad8010cd8ca67a057b647baa8bf9ef6e77,1237,1,3,-19158.181311659915,-19439.367801283846
inferred_20260921_seed0,0,11ed1195aabfcd298bcaf379e7f064ad8010cd8ca67a057b647baa8bf9ef6e77,1237,2,3,-9622.920754586115,-8462.217899874
inferred_20260921_seed0,0,11ed1195aabfcd298bcaf379e7f064ad8010cd8ca67a057b647baa8bf9ef6e77,1237,3,3,-5364.821719100035,-6492.308859375759
inferred_20260921_seed0,0,11ed1195aabfcd298bcaf379e7f064ad8010cd8ca67a057b647baa8bf9ef6e77,1238,1,3,-19549.863359335755,-19399.378552473063
inferred_20260921_seed0,0,11ed1195aabfcd298bcaf379e7f064ad8010cd8ca67a057b647baa8bf9ef6e77,1238,2,3,-9378.698599001767,-8579.916883081554
inferred_20260921_seed0,0,11ed1195aabfcd298bcaf379e7f064ad8010cd8ca67a057b647baa8bf9ef6e77,1238,3,3,-5719.013409468746,-6441.75456050284
inferred_20260921_seed0,0,11ed1195aabfcd298bcaf379e7f064ad8010cd8ca67a057b647baa8bf9ef6e77,1239,1,3,-18625.720124936848,-19328.012388254803
inferred_20260921_seed0,0,11ed1195aabfcd298bcaf379e7f064ad8010cd8ca67a057b647baa8bf9ef6e77,1239,2,3,-7398.369182272237,-8508.390640265327
inferred_20260921_seed0,0,11ed1195aabfcd298bcaf379e7f064ad8010cd8ca67a057b647baa8bf9ef6e77,1239,3,3,-6921.497422093471,-6441.874692245253
inferred_20260921_seed0,0,11ed1195aabfcd298bcaf379e7f064ad8010cd8ca67a057b647baa8bf9ef6e77,1240,1,3,-18540.911555908955,-19290.29423177425
inferred_20260921_seed0,0,11ed1195aabfcd298bcaf379e7f064ad8010cd8ca67a057b647baa8bf9ef6e77,1240,2,3,-7934.40211542855,-8570.631778545043
inferred_20260921_seed0,0,11ed1195aabfcd298bcaf379e7f064ad8010cd8ca67a057b647baa8bf9ef6e77,1240,3,3,-5732.564235471168,-6402.852572420702
inferred_20260921_seed0,0,11ed1195aabfcd298bcaf379e7f064ad8010cd8ca67a057b647baa8bf9ef6e77,1241,1,3,-19094.438721289,-19267.99292578378
inferred_20260921_seed0,0,11ed1195aabfcd298bcaf379e7f064ad8010cd8ca67a057b647baa8bf9ef6e77,1241,2,3,-10076.145278047365,-8637.935150239702
inferred_20260921_seed0,0,11ed1195aabfcd298bcaf379e7f064ad8010cd8ca67a057b647baa8bf9ef6e77,1241,3,3,-5224.832581184928,-6357.417453304577
inferred_20260921_seed0,0,11ed1195aabfcd298bcaf379e7f064ad8010cd8ca67a057b647baa8bf9ef6e77,1242,1,3,-19062.678386146625,-19237.29363655998
inferred_20260921_seed0,0,11ed1195aabfcd298bcaf379e7f064ad8010cd8ca67a057b647baa8bf9ef6e77,1242,2,3,-7694.747820970773,-8605.67222768258
inferred_20260921_seed0,0,11ed1195aabfcd298bcaf379e7f064ad8010cd8ca67a057b647baa8bf9ef6e77,1242,3,3,-6318.443435603869,-6299.900878106571
inferred_20260921_seed0,0,11ed1195aabfcd298bcaf379e7f064ad8010cd8ca67a057b647baa8bf9ef6e77,1243,1,3,-18601.98565751064,-19199.497871411262
inferred_20260921_seed0,0,11ed1195aabfcd298bcaf379e7f064ad8010cd8ca67a057b647baa8bf9ef6e77,1243,2,3,-6074.924757532653,-8371.899261307299
inferred_20260921_seed0,0,11ed1195aabfcd298bcaf379e7f064ad8010cd8ca67a057b647baa8bf9ef6e77,1243,3,3,-7320.9017365901855,-6374.28291799027
inferred_20260921_seed0,0,11ed1195aabfcd298bcaf379e7f064ad8010cd8ca67a057b647baa8bf9ef6e77,1244,1,3,-18608.216459533243,-19140.92511810954
inferred_20260921_seed0,0,11ed1195aabfcd298bcaf379e7f064ad8010cd8ca67a057b647baa8bf9ef6e77,1244,2,3,-9278.8893980061,-8441.304441405011
inferred_20260921_seed0,0,11ed1195aabfcd298bcaf379e7f064ad8010cd8ca67a057b647baa8bf9ef6e77,1244,3,3,-6504.765126047352,-6397.155254418684
inferred_20260921_seed0,0,11ed1195aabfcd298bcaf379e7f064ad8010cd8ca67a057b647baa8bf9ef6e77,1245,1,3,-18800.35104016583,-19111.849768050408
inferred_20260921_seed0,0,11ed1195aabfcd298bcaf379e7f064ad8010cd8ca67a057b647baa8bf9ef6e77,1245,2,3,-7688.784985083222,-8442.91582106985
inferred_20260921_seed0,0,11ed1195aabfcd298bcaf379e7f064ad8010cd8ca67a057b647baa8bf9ef6e77,1245,3,3,-8792.739311714948,-6562.012893406686
inferred_20260921_seed0,0,11ed1195aabfcd298bcaf379e7f064ad8010cd8ca67a057b647baa8bf9ef6e77,1246,1,3,-18668.04021816805,-19058.788594432244
inferred_20260921_seed0,0,11ed1195aabfcd298bcaf379e7f064ad8010cd8ca67a057b647baa8bf9ef6e77,1246,2,3,-9110.954239725492,-8450.912343522674
inferred_20260921_seed0,0,11ed1195aabfcd298bcaf379e7f064ad8010cd8ca67a057b647baa8bf9ef6e77,1246,3,3,-6574.792268095183,-6545.3120034860995
inferred_20260921_seed0,0,11ed1195aabfcd298bcaf379e7f064ad8010cd8ca67a057b647baa8bf9ef6e77,1247,1,3,-18767.42635634857,-19016.831245656278
inferred_20260921_seed0,0,11ed1195aabfcd298bcaf379e7f064ad8010cd8ca67a057b647baa8bf9ef6e77,1247,2,3,-7976.125552800848,-8475.303571072014
inferred_20260921_seed0,0,11ed1195aabfcd298bcaf379e7f064ad8010cd8ca67a057b647baa8bf9ef6e77,1247,3,3,-5059.862567275453,-6493.153894961358
inferred_20260921_seed0,0,11ed1195aabfcd298bcaf379e7f064ad8010cd8ca67a057b647baa8bf9ef6e77,1248,1,3,-18920.160278179206,-18981.353794646395
inferred_20260921_seed0,0,11ed1195aabfcd298bcaf379e7f064ad8010cd8ca67a057b647baa8bf9ef6e77,1248,2,3,-8210.23260202957,-8485.52786708077
inferred_20260921_seed0,0,11ed1195aabfcd298bcaf379e7f064ad8010cd8ca67a057b647baa8bf9ef6e77,1248,3,3,-7585.114713559848,-6522.906708275709
inferred_20260921_seed0,0,11ed1195aabfcd298bcaf379e7f064ad8010cd8ca67a057b647baa8bf9ef6e77,1249,1,3,-18688.68734805396,-18918.88310399926
inferred_20260921_seed0,0,11ed1195aabfcd298bcaf379e7f064ad8010cd8ca67a057b647baa8bf9ef6e77,1249,2,3,-7786.036065842876,-8481.325890940538
inferred_20260921_seed0,0,11ed1195aabfcd298bcaf379e7f064ad8010cd8ca67a057b647baa8bf9ef6e77,1249,3,3,-6624.757424775893,-6547.542884633638
inferred_20260921_seed0,0,11ed1195aabfcd298bcaf379e7f064ad8010cd8ca67a057b647baa8bf9ef6e77,1250,1,3,-18383.00273620958,-18875.62225833247
inferred_20260921_seed0,0,11ed1195aabfcd298bcaf379e7f064ad8010cd8ca67a057b647baa8bf9ef6e77,1250,2,3,-9053.004482580867,-8456.540345477248
inferred_20260921_seed0,0,11ed1195aabfcd298bcaf379e7f064ad8010cd8ca67a057b647baa8bf9ef6e77,1250,3,3,-5796.110663307123,-6538.646024689119
inferred_20260921_seed0,0,11ed1195aabfcd298bcaf379e7f064ad8010cd8ca67a057b647baa8bf9ef6e77,1251,1,3,-18706.111829451293,-18853.928073255734
inferred_20260921_seed0,0,11ed1195aabfcd298bcaf379e7f064ad8010cd8ca67a057b647baa8bf9ef6e77,1251,2,3,-6900.330190339395,-8417.011622882437
inferred_20260921_seed0,0,11ed1195aabfcd298bcaf379e7f064ad8010cd8ca67a057b647baa8bf9ef6e77,1251,3,3,-5811.269080276959,-6525.566882148831
inferred_20260921_seed0,0,11ed1195aabfcd298bcaf379e7f064ad8010cd8ca67a057b647baa8bf9ef6e77,1252,1,3,-18875.452189783413,-18837.657274110898
inferred_20260921_seed0,0,11ed1195aabfcd298bcaf379e7f064ad8010cd8ca67a057b647baa8bf9ef6e77,1252,2,3,-8887.084873247375,-8423.811344556196
inferred_20260921_seed0,0,11ed1195aabfcd298bcaf379e7f064ad8010cd8ca67a057b647baa8bf9ef6e77,1252,3,3,-6741.687802515396,-6548.501826249434
inferred_20260921_seed0,0,11ed1195aabfcd298bcaf379e7f064ad8010cd8ca67a057b647baa8bf9ef6e77,1253,1,3,-18661.92655642922,-18826.478314235042
inferred_20260921_seed0,0,11ed1195aabfcd298bcaf379e7f064ad8010cd8ca67a057b647baa8bf9ef6e77,1253,2,3,-7358.0769933714,-8378.488453019821
inferred_20260921_seed0,0,11ed1195aabfcd298bcaf379e7f064ad8010cd8ca67a057b647baa8bf9ef6e77,1253,3,3,-7004.864157236523,-6526.379417984292
inferred_20260921_seed0,0,11ed1195aabfcd298bcaf379e7f064ad8010cd8ca67a057b647baa8bf9ef6e77,1254,1,3,-18550.5359405488,-18811.891281254626
inferred_20260921_seed0,0,11ed1195aabfcd298bcaf379e7f064ad8010cd8ca67a057b647baa8bf9ef6e77,1254,2,3,-7199.801951615882,-8320.514731344338
inferred_20260921_seed0,0,11ed1195aabfcd298bcaf379e7f064ad8010cd8ca67a057b647baa8bf9ef6e77,1254,3,3,-5730.542929134577,-6431.302555353244
inferred_20260921_seed0,0,11ed1195aabfcd298bcaf379e7f064ad8010cd8ca67a057b647baa8bf9ef6e77,1255,1,3,-18494.55129818859,-18806.3472840315
inferred_20260921_seed0,0,11ed1195aabfcd298bcaf379e7f064ad8010cd8ca67a057b647baa8bf9ef6e77,1255,2,3,-6967.609274908846,-8301.811611236628
inferred_20260921_seed0,0,11ed1195aabfcd298bcaf379e7f064ad8010cd8ca67a057b647baa8bf9ef6e77,1255,3,3,-6026.219742286745,-6439.724126474926
inferred_20260921_seed0,0,11ed1195aabfcd298bcaf379e7f064ad8010cd8ca67a057b647baa8bf9ef6e77,1256,1,3,-18596.35812467666,-18802.44757884574
inferred_20260921_seed0,0,11ed1195aabfcd298bcaf379e7f064ad8010cd8ca67a057b647baa8bf9ef6e77,1256,2,3,-5927.356148686794,-8138.805549464872
inferred_20260921_seed0,0,11ed1195aabfcd298bcaf379e7f064ad8010cd8ca67a057b647baa8bf9ef6e77,1256,3,3,-7392.315491226285,-6474.290616087176
inferred_20260921_seed0,0,11ed1195aabfcd298bcaf379e7f064ad8010cd8ca67a057b647baa8bf9ef6e77,1257,1,3,-18336.056356888977,-18793.45873253413
inferred_20260921_seed0,0,11ed1195aabfcd298bcaf379e7f064ad8010cd8ca67a057b647baa8bf9ef6e77,1257,2,3,-8164.729869176839,-8113.391290564757
inferred_20260921_seed0,0,11ed1195aabfcd298bcaf379e7f064ad8010cd8ca67a057b647baa8bf9ef6e77,1257,3,3,-6951.323159036877,-6492.671714032463
inferred_20260921_seed0,0,11ed1195aabfcd298bcaf379e7f064ad8010cd8ca67a057b647baa8bf9ef6e77,1258,1,3,-18394.80008427618,-18778.31320820995
inferred_20260921_seed0,0,11ed1195aabfcd298bcaf379e7f064ad8010cd8ca67a057b647baa8bf9ef6e77,1258,2,3,-6850.896631304861,-8091.185408918009
inferred_20260921_seed0,0,11ed1195aabfcd298bcaf379e7f064ad8010cd8ca67a057b647baa8bf9ef6e77,1258,3,3,-7177.506917541841,-6529.595537693432
inferred_20260921_seed0,0,11ed1195aabfcd298bcaf379e7f064ad8010cd8ca67a057b647baa8bf9ef6e77,1259,1,3,-18155.774304159902,-18743.27187987533
inferred_20260921_seed0,0,11ed1195aabfcd298bcaf379e7f064ad8010cd8ca67a057b647baa8bf9ef6e77,1259,2,3,-7930.963650729453,-8089.699324407665
inferred_20260921_seed0,0,11ed1195aabfcd298bcaf379e7f064ad8010cd8ca67a057b647baa8bf9ef6e77,1259,3,3,-5044.048456807217,-6476.510846500885
inferred_20260921_seed0,0,11ed1195aabfcd298bcaf379e7f064ad8010cd8ca67a057b647baa8bf9ef6e77,1260,1,3,-18361.46403666852,-18716.997855608242
inferred_20260921_seed0,0,11ed1195aabfcd298bcaf379e7f064ad8010cd8ca67a057b647baa8bf9ef6e77,1260,2,3,-8675.831724108233,-8022.763575274808
inferred_20260921_seed0,0,11ed1195aabfcd298bcaf379e7f064ad8010cd8ca67a057b647baa8bf9ef6e77,1260,3,3,-6032.913054941668,-6350.920260014244
inferred_20260921_seed0,0,11ed1195aabfcd298bcaf379e7f064ad8010cd8ca67a057b647baa8bf9ef6e77,1261,1,3,-18432.190444550302,-18681.39538876272
inferred_20260921_seed0,0,11ed1195aabfcd298bcaf379e7f064ad8010cd8ca67a057b647baa8bf9ef6e77,1261,2,3,-7922.743547050387,-8002.786427537916
inferred_20260921_seed0,0,11ed1195aabfcd298bcaf379e7f064ad8010cd8ca67a057b647baa8bf9ef6e77,1261,3,3,-5725.342734258033,-6367.130005582014
inferred_20260921_seed0,0,11ed1195aabfcd298bcaf379e7f064ad8010cd8ca67a057b647baa8bf9ef6e77,1262,1,3,-19175.496741814077,-18682.088005968886
inferred_20260921_seed0,0,11ed1195aabfcd298bcaf379e7f064ad8010cd8ca67a057b647baa8bf9ef6e77,1262,2,3,-7958.153909248633,-7936.195753724417
inferred_20260921_seed0,0,11ed1195aabfcd298bcaf379e7f064ad8010cd8ca67a057b647baa8bf9ef6e77,1262,3,3,-6736.769716849329,-6422.007925491985
inferred_20260921_seed0,0,11ed1195aabfcd298bcaf379e7f064ad8010cd8ca67a057b647baa8bf9ef6e77,1263,1,3,-18602.903821345528,-18644.20962444928
inferred_20260921_seed0,0,11ed1195aabfcd298bcaf379e7f064ad8010cd8ca67a057b647baa8bf9ef6e77,1263,2,3,-7357.360509467751,-7855.3422301430555
inferred_20260921_seed0,0,11ed1195aabfcd298bcaf379e7f064ad8010cd8ca67a057b647baa8bf9ef6e77,1263,3,3,-4777.45280053726,-6384.345501134725
inferred_20260921_seed0,0,11ed1195aabfcd298bcaf379e7f064ad8010cd8ca67a057b647baa8bf9ef6e77,1264,1,3,-18333.55055541328,-18632.522841668335
inferred_20260921_seed0,0,11ed1195aabfcd298bcaf379e7f064ad8010cd8ca67a057b647baa8bf9ef6e77,1264,2,3,-7529.8982196618845,-7860.603391638642
inferred_20260921_seed0,0,11ed1195aabfcd298bcaf379e7f064ad8010cd8ca67a057b647baa8bf9ef6e77,1264,3,3,-6417.520848978904,-6364.186438210143
inferred_20260921_seed0,0,11ed1195aabfcd298bcaf379e7f064ad8010cd8ca67a057b647baa8bf9ef6e77,1265,1,3,-18158.362915354795,-18617.220896046172
inferred_20260921_seed0,0,11ed1195aabfcd298bcaf379e7f064ad8010cd8ca67a057b647baa8bf9ef6e77,1265,2,3,-7976.158916579719,-7862.2736636846885
inferred_20260921_seed0,0,11ed1195aabfcd298bcaf379e7f064ad8010cd8ca67a057b647baa8bf9ef6e77,1265,3,3,-5440.265827628738,-6352.4945018964445
inferred_20260921_seed0,0,11ed1195aabfcd298bcaf379e7f064ad8010cd8ca67a057b647baa8bf9ef6e77,1266,1,3,-18337.50633510637,-18586.943600598865
inferred_20260921_seed0,0,11ed1195aabfcd298bcaf379e7f064ad8010cd8ca67a057b647baa8bf9ef6e77,1266,2,3,-7028.721455119196,-7740.376710767562
inferred_20260921_seed0,0,11ed1195aabfcd298bcaf379e7f064ad8010cd8ca67a057b647baa8bf9ef6e77,1266,3,3,-7148.85168170658,-6429.455265917311
inferred_20260921_seed0,0,11ed1195aabfcd298bcaf379e7f064ad8010cd8ca67a057b647baa8bf9ef6e77,1267,1,3,-18339.16884488537,-18558.003218948415
inferred_20260921_seed0,0,11ed1195aabfcd298bcaf379e7f064ad8010cd8ca67a057b647baa8bf9ef6e77,1267,2,3,-8130.500067945004,-7757.806800646532
inferred_20260921_seed0,0,11ed1195aabfcd298bcaf379e7f064ad8010cd8ca67a057b647baa8bf9ef6e77,1267,3,3,-5548.088657301183,-6398.641074785203
inferred_20260921_seed0,0,11ed1195aabfcd298bcaf379e7f064ad8010cd8ca67a057b647baa8bf9ef6e77,1268,1,3,-18226.01407952744,-18542.964355829085
inferred_20260921_seed0,0,11ed1195aabfcd298bcaf379e7f064ad8010cd8ca67a057b647baa8bf9ef6e77,1268,2,3,-5814.856937470789,-7747.404087844056
inferred_20260921_seed0,0,11ed1195aabfcd298bcaf379e7f064ad8010cd8ca67a057b647baa8bf9ef6e77,1268,3,3,-6855.813711386372,-6380.037553777052
inferred_20260921_seed0,0,11ed1195aabfcd298bcaf379e7f064ad8010cd8ca67a057b647baa8bf9ef6e77,1269,1,3,-18201.48140626527,-18526.694953698367
inferred_20260921_seed0,0,11ed1195aabfcd298bcaf379e7f064ad8010cd8ca67a057b647baa8bf9ef6e77,1269,2,3,-9645.189921358016,-7762.056108778133
inferred_20260921_seed0,0,11ed1195aabfcd298bcaf379e7f064ad8010cd8ca67a057b647baa8bf9ef6e77,1269,3,3,-5582.768553356689,-6343.157690869425
inferred_20260921_seed0,0,11ed1195aabfcd298bcaf379e7f064ad8010cd8ca67a057b647baa8bf9ef6e77,1270,1,3,-18287.513928218046,-18506.181469220457
inferred_20260921_seed0,0,11ed1195aabfcd298bcaf379e7f064ad8010cd8ca67a057b647baa8bf9ef6e77,1270,2,3,-8916.008361961138,-7811.14504385325
inferred_20260921_seed0,0,11ed1195aabfcd298bcaf379e7f064ad8010cd8ca67a057b647baa8bf9ef6e77,1270,3,3,-7115.629526313792,-6276.073299453378
inferred_20260921_seed0,0,11ed1195aabfcd298bcaf379e7f064ad8010cd8ca67a057b647baa8bf9ef6e77,1271,1,3,-18154.41633386221,-18485.63651384822
inferred_20260921_seed0,0,11ed1195aabfcd298bcaf379e7f064ad8010cd8ca67a057b647baa8bf9ef6e77,1271,2,3,-10180.78173133139,-7853.9381435174855
inferred_20260921_seed0,0,11ed1195aabfcd298bcaf379e7f064ad8010cd8ca67a057b647baa8bf9ef6e77,1271,3,3,-5538.873649234623,-6234.6365546989555
inferred_20260921_seed0,0,11ed1195aabfcd298bcaf379e7f064ad8010cd8ca67a057b647baa8bf9ef6e77,1272,1,3,-18251.10687821501,-18464.98373472288
inferred_20260921_seed0,0,11ed1195aabfcd298bcaf379e7f064ad8010cd8ca67a057b647baa8bf9ef6e77,1272,2,3,-7118.372760658756,-7819.628031831801
inferred_20260921_seed0,0,11ed1195aabfcd298bcaf379e7f064ad8010cd8ca67a057b647baa8bf9ef6e77,1272,3,3,-6752.522091784387,-6302.342935679314
inferred_20260921_seed0,0,11ed1195aabfcd298bcaf379e7f064ad8010cd8ca67a057b647baa8bf9ef6e77,1273,1,3,-18395.957467683435,-18444.01562230305
inferred_20260921_seed0,0,11ed1195aabfcd298bcaf379e7f064ad8010cd8ca67a057b647baa8bf9ef6e77,1273,2,3,-9042.295173512086,-7852.910534691103
inferred_20260921_seed0,0,11ed1195aabfcd298bcaf379e7f064ad8010cd8ca67a057b647baa8bf9ef6e77,1273,3,3,-5837.863135626106,-6232.452872561964
inferred_20260921_seed0,0,11ed1195aabfcd298bcaf379e7f064ad8010cd8ca67a057b647baa8bf9ef6e77,1274,1,3,-18201.199455706872,-18424.516106609168
inferred_20260921_seed0,0,11ed1195aabfcd298bcaf379e7f064ad8010cd8ca67a057b647baa8bf9ef6e77,1274,2,3,-7443.792611651748,-7839.2207965234575
inferred_20260921_seed0,0,11ed1195aabfcd298bcaf379e7f064ad8010cd8ca67a057b647baa8bf9ef6e77,1274,3,3,-7451.310124016947,-6265.514980531606
inferred_20260921_seed0,0,11ed1195aabfcd298bcaf379e7f064ad8010cd8ca67a057b647baa8bf9ef6e77,1275,1,3,-18352.32132691839,-18423.288850237517
inferred_20260921_seed0,0,11ed1195aabfcd298bcaf379e7f064ad8010cd8ca67a057b647baa8bf9ef6e77,1275,2,3,-7770.1150290057085,-7787.905218380452
inferred_20260921_seed0,0,11ed1195aabfcd298bcaf379e7f064ad8010cd8ca67a057b647baa8bf9ef6e77,1275,3,3,-6185.888554094047,-6281.106096163083
inferred_20260921_seed0,0,11ed1195aabfcd298bcaf379e7f064ad8010cd8ca67a057b647baa8bf9ef6e77,1276,1,3,-18259.652033566454,-18405.430458402123
inferred_20260921_seed0,0,11ed1195aabfcd298bcaf379e7f064ad8010cd8ca67a057b647baa8bf9ef6e77,1276,2,3,-9356.741248710065,-7886.161660715277
inferred_20260921_seed0,0,11ed1195aabfcd298bcaf379e7f064ad8010cd8ca67a057b647baa8bf9ef6e77,1276,3,3,-6662.811683551852,-6315.167800294079
inferred_20260921_seed0,0,11ed1195aabfcd298bcaf379e7f064ad8010cd8ca67a057b647baa8bf9ef6e77,1277,1,3,-18023.31025739071,-18371.344781106418
inferred_20260921_seed0,0,11ed1195aabfcd298bcaf379e7f064ad8010cd8ca67a057b647baa8bf9ef6e77,1277,2,3,-9027.043670468778,-7891.760012604134
inferred_20260921_seed0,0,11ed1195aabfcd298bcaf379e7f064ad8010cd8ca67a057b647baa8bf9ef6e77,1277,3,3,-5998.305182876383,-6285.432495508518
inferred_20260921_seed0,0,11ed1195aabfcd298bcaf379e7f064ad8010cd8ca67a057b647baa8bf9ef6e77,1278,1,3,-18341.16938168085,-18358.51449411648
inferred_20260921_seed0,0,11ed1195aabfcd298bcaf379e7f064ad8010cd8ca67a057b647baa8bf9ef6e77,1278,2,3,-7610.148107982708,-7901.842857188587
inferred_20260921_seed0,0,11ed1195aabfcd298bcaf379e7f064ad8010cd8ca67a057b647baa8bf9ef6e77,1278,3,3,-6012.2638007014575,-6245.728481247115
inferred_20260921_seed0,0,11ed1195aabfcd298bcaf379e7f064ad8010cd8ca67a057b647baa8bf9ef6e77,1279,1,3,-18514.45438817532,-18357.071232021543
inferred_20260921_seed0,0,11ed1195aabfcd298bcaf379e7f064ad8010cd8ca67a057b647baa8bf9ef6e77,1279,2,3,-7422.111218451777,-7910.735227862023
inferred_20260921_seed0,0,11ed1195aabfcd298bcaf379e7f064ad8010cd8ca67a057b647baa8bf9ef6e77,1279,3,3,-6065.602297295216,-6259.130855973541
inferred_20260921_seed0,0,11ed1195aabfcd298bcaf379e7f064ad8010cd8ca67a057b647baa8bf9ef6e77,1280,1,3,-18128.83545246753,-18342.442598192698
inferred_20260921_seed0,0,11ed1195aabfcd298bcaf379e7f064ad8010cd8ca67a057b647baa8bf9ef6e77,1280,2,3,-10627.941518858308,-8057.148517620001
inferred_20260921_seed0,0,11ed1195aabfcd298bcaf379e7f064ad8010cd8ca67a057b647baa8bf9ef6e77,1280,3,3,-5674.502708391902,-6245.062174617747
inferred_20260921_seed0,0,11ed1195aabfcd298bcaf379e7f064ad8010cd8ca67a057b647baa8bf9ef6e77,1281,1,3,-18118.76965484501,-18323.339059399434
inferred_20260921_seed0,0,11ed1195aabfcd298bcaf379e7f064ad8010cd8ca67a057b647baa8bf9ef6e77,1281,2,3,-6831.1361837105605,-8093.299719020952
inferred_20260921_seed0,0,11ed1195aabfcd298bcaf379e7f064ad8010cd8ca67a057b647baa8bf9ef6e77,1281,3,3,-7223.620015986913,-6238.314355608174
inferred_20260921_seed0,0,11ed1195aabfcd298bcaf379e7f064ad8010cd8ca67a057b647baa8bf9ef6e77,1282,1,3,-18427.42105772176,-18326.993647432744
inferred_20260921_seed0,0,11ed1195aabfcd298bcaf379e7f064ad8010cd8ca67a057b647baa8bf9ef6e77,1282,2,3,-7338.864316958436,-8060.265096932216
inferred_20260921_seed0,0,11ed1195aabfcd298bcaf379e7f064ad8010cd8ca67a057b647baa8bf9ef6e77,1282,3,3,-7194.766190155503,-6248.052076852918
inferred_20260921_seed0,0,11ed1195aabfcd298bcaf379e7f064ad8010cd8ca67a057b647baa8bf9ef6e77,1283,1,3,-18384.22929327816,-18326.570815792824
inferred_20260921_seed0,0,11ed1195aabfcd298bcaf379e7f064ad8010cd8ca67a057b647baa8bf9ef6e77,1283,2,3,-4824.07106825275,-7979.192074410131
inferred_20260921_seed0,0,11ed1195aabfcd298bcaf379e7f064ad8010cd8ca67a057b647baa8bf9ef6e77,1283,3,3,-5009.706908112044,-6161.340076475725
inferred_20260921_seed0,0,11ed1195aabfcd298bcaf379e7f064ad8010cd8ca67a057b647baa8bf9ef6e77,1284,1,3,-18067.46466530376,-18323.03843023858
inferred_20260921_seed0,0,11ed1195aabfcd298bcaf379e7f064ad8010cd8ca67a057b647baa8bf9ef6e77,1284,2,3,-10215.48629193096,-8070.572980058191
inferred_20260921_seed0,0,11ed1195aabfcd298bcaf379e7f064ad8010cd8ca67a057b647baa8bf9ef6e77,1284,3,3,-6053.424613303383,-6201.715122735573
inferred_20260921_seed0,0,11ed1195aabfcd298bcaf379e7f064ad8010cd8ca67a057b647baa8bf9ef6e77,1285,1,3,-18047.314717246834,-18310.47245746171
inferred_20260921_seed0,0,11ed1195aabfcd298bcaf379e7f064ad8010cd8ca67a057b647baa8bf9ef6e77,1285,2,3,-7433.287885423088,-8020.871226510786
inferred_20260921_seed0,0,11ed1195aabfcd298bcaf379e7f064ad8010cd8ca67a057b647baa8bf9ef6e77,1285,3,3,-7009.531939967939,-6240.779878136624
inferred_20260921_seed0,0,11ed1195aabfcd298bcaf379e7f064ad8010cd8ca67a057b647baa8bf9ef6e77,1286,1,3,-18115.42095587172,-18297.80167791457
inferred_20260921_seed0,0,11ed1195aabfcd298bcaf379e7f064ad8010cd8ca67a057b647baa8bf9ef6e77,1286,2,3,-6492.955292144095,-7963.679696314534
inferred_20260921_seed0,0,11ed1195aabfcd298bcaf379e7f064ad8010cd8ca67a057b647baa8bf9ef6e77,1286,3,3,-5185.774999898216,-6219.197168762231
inferred_20260921_seed0,0,11ed1195aabfcd298bcaf379e7f064ad8010cd8ca67a057b647baa8bf9ef6e77,1287,1,3,-17356.23075787157,-18225.031038556866
inferred_20260921_seed0,0,11ed1195aabfcd298bcaf379e7f064ad8010cd8ca67a057b647baa8bf9ef6e77,1287,2,3,-10865.842509184817,-8079.987240311982
inferred_20260921_seed0,0,11ed1195aabfcd298bcaf379e7f064ad8010cd8ca67a057b647baa8bf9ef6e77,1287,3,3,-6225.145445817772,-6198.732197920969
inferred_20260921_seed0,0,11ed1195aabfcd298bcaf379e7f064ad8010cd8ca67a057b647baa8bf9ef6e77,1288,1,3,-18021.77926719001,-18201.786056390647
inferred_20260921_seed0,0,11ed1195aabfcd298bcaf379e7f064ad8010cd8ca67a057b647baa8bf9ef6e77,1288,2,3,-7653.737407542489,-8091.842316234971
inferred_20260921_seed0,0,11ed1195aabfcd298bcaf379e7f064ad8010cd8ca67a057b647baa8bf9ef6e77,1288,3,3,-6660.535412484507,-6274.055502398859
inferred_20260921_seed0,0,11ed1195aabfcd298bcaf379e7f064ad8010cd8ca67a057b647baa8bf9ef6e77,1289,1,3,-18362.067175043565,-18202.926721175856
inferred_20260921_seed0,0,11ed1195aabfcd298bcaf379e7f064ad8010cd8ca67a057b647baa8bf9ef6e77,1289,2,3,-7441.485988652003,-8088.305826994575
inferred_20260921_seed0,0,11ed1195aabfcd298bcaf379e7f064ad8010cd8ca67a057b647baa8bf9ef6e77,1289,3,3,-7282.910262229709,-6308.671078928891
inferred_20260921_seed0,0,11ed1195aabfcd298bcaf379e7f064ad8010cd8ca67a057b647baa8bf9ef6e77,1290,1,3,-18384.51682918015,-18211.972877728873
inferred_20260921_seed0,0,11ed1195aabfcd298bcaf379e7f064ad8010cd8ca67a057b647baa8bf9ef6e77,1290,2,3,-6444.8918579199,-8027.055144648183
inferred_20260921_seed0,0,11ed1195aabfcd298bcaf379e7f064ad8010cd8ca67a057b647baa8bf9ef6e77,1290,3,3,-7838.765840723139,-6404.611079452667
inferred_20260921_seed0,0,11ed1195aabfcd298bcaf379e7f064ad8010cd8ca67a057b647baa8bf9ef6e77,1291,1,3,-18147.42430137221,-18204.369596379507
inferred_20260921_seed0,0,11ed1195aabfcd298bcaf379e7f064ad8010cd8ca67a057b647baa8bf9ef6e77,1291,2,3,-7357.767474431754,-8040.216985420685
inferred_20260921_seed0,0,11ed1195aabfcd298bcaf379e7f064ad8010cd8ca67a057b647baa8bf9ef6e77,1291,3,3,-5543.235542390505,-6340.386433880024
inferred_20260921_seed0,0,11ed1195aabfcd298bcaf379e7f064ad8010cd8ca67a057b647baa8bf9ef6e77,1292,1,3,-18317.28029385201,-18203.49405433817
inferred_20260921_seed0,0,11ed1195aabfcd298bcaf379e7f064ad8010cd8ca67a057b647baa8bf9ef6e77,1292,2,3,-7264.176060261781,-8005.5640251133555
inferred_20260921_seed0,0,11ed1195aabfcd298bcaf379e7f064ad8010cd8ca67a057b647baa8bf9ef6e77,1292,3,3,-5494.273425851894,-6338.233824622052
inferred_20260921_seed0,0,11ed1195aabfcd298bcaf379e7f064ad8010cd8ca67a057b647baa8bf9ef6e77,1293,1,3,-18411.19662694772,-18210.901356234983
inferred_20260921_seed0,0,11ed1195aabfcd298bcaf379e7f064ad8010cd8ca67a057b647baa8bf9ef6e77,1293,2,3,-7485.937709301804,-8072.407255986596
inferred_20260921_seed0,0,11ed1195aabfcd298bcaf379e7f064ad8010cd8ca67a057b647baa8bf9ef6e77,1293,3,3,-5585.685817220943,-6287.428708855436
inferred_20260921_seed0,0,11ed1195aabfcd298bcaf379e7f064ad8010cd8ca67a057b647baa8bf9ef6e77,1294,1,3,-18239.170228093662,-18212.40890910812
inferred_20260921_seed0,0,11ed1195aabfcd298bcaf379e7f064ad8010cd8ca67a057b647baa8bf9ef6e77,1294,2,3,-8942.694933705807,-8044.307456480508
inferred_20260921_seed0,0,11ed1195aabfcd298bcaf379e7f064ad8010cd8ca67a057b647baa8bf9ef6e77,1294,3,3,-7162.19951608621,-6350.6059473646155
inferred_20260921_seed0,0,11ed1195aabfcd298bcaf379e7f064ad8010cd8ca67a057b647baa8bf9ef6e77,1295,1,3,-18294.13427535085,-18212.67372299343
inferred_20260921_seed0,0,11ed1195aabfcd298bcaf379e7f064ad8010cd8ca67a057b647baa8bf9ef6e77,1295,2,3,-6970.733842535091,-7966.496475703466
inferred_20260921_seed0,0,11ed1195aabfcd298bcaf379e7f064ad8010cd8ca67a057b647baa8bf9ef6e77,1295,3,3,-6583.838204500435,-6329.334294492082
inferred_20260921_seed0,0,11ed1195aabfcd298bcaf379e7f064ad8010cd8ca67a057b647baa8bf9ef6e77,1296,1,3,-18412.546973087497,-18222.99894856244
inferred_20260921_seed0,0,11ed1195aabfcd298bcaf379e7f064ad8010cd8ca67a057b647baa8bf9ef6e77,1296,2,3,-7006.357594960698,-7839.519510248639
inferred_20260921_seed0,0,11ed1195aabfcd298bcaf379e7f064ad8010cd8ca67a057b647baa8bf9ef6e77,1296,3,3,-6112.026347943987,-6352.260402440456
inferred_20260921_seed0,0,11ed1195aabfcd298bcaf379e7f064ad8010cd8ca67a057b647baa8bf9ef6e77,1297,1,3,-18058.796626730946,-18215.30653850308
inferred_20260921_seed0,0,11ed1195aabfcd298bcaf379e7f064ad8010cd8ca67a057b647baa8bf9ef6e77,1297,2,3,-7231.056296431066,-7844.026851679531
inferred_20260921_seed0,0,11ed1195aabfcd298bcaf379e7f064ad8010cd8ca67a057b647baa8bf9ef6e77,1297,3,3,-6950.758144657649,-6360.189844555387
inferred_20260921_seed0,0,11ed1195aabfcd298bcaf379e7f064ad8010cd8ca67a057b647baa8bf9ef6e77,1298,1,3,-18367.23018596865,-18214.15744723449
inferred_20260921_seed0,0,11ed1195aabfcd298bcaf379e7f064ad8010cd8ca67a057b647baa8bf9ef6e77,1298,2,3,-9242.009555779856,-7852.015426970242
inferred_20260921_seed0,0,11ed1195aabfcd298bcaf379e7f064ad8010cd8ca67a057b647baa8bf9ef6e77,1298,3,3,-5363.729572151191,-6341.22450201639
inferred_20260921_seed0,0,11ed1195aabfcd298bcaf379e7f064ad8010cd8ca67a057b647baa8bf9ef6e77,1299,1,3,-18178.126986645573,-18213.23454847204
inferred_20260921_seed0,0,11ed1195aabfcd298bcaf379e7f064ad8010cd8ca67a057b647baa8bf9ef6e77,1299,2,3,-7535.759424570871,-7855.6940994870065
inferred_20260921_seed0,0,11ed1195aabfcd298bcaf379e7f064ad8010cd8ca67a057b647baa8bf9ef6e77,1299,3,3,-6296.355857460261,-6295.026331354123
inferred_20260921_seed0,0,11ed1195aabfcd298bcaf379e7f064ad8010cd8ca67a057b647baa8bf9ef6e77,1300,1,3,-18237.694512176007,-18208.64947588234
inferred_20260921_seed0,0,11ed1195aabfcd298bcaf379e7f064ad8010cd8ca67a057b647baa8bf9ef6e77,1300,2,3,-6768.155627687218,-7815.615723434266
inferred_20260921_seed0,0,11ed1195aabfcd298bcaf379e7f064ad8010cd8ca67a057b647baa8bf9ef6e77,1300,3,3,-6080.641962026319,-6290.816467671413
inferred_20260921_seed0,0,11ed1195aabfcd298bcaf379e7f064ad8010cd8ca67a057b647baa8bf9ef6e77,1301,1,3,-17894.92829342318,-18194.06052627661
inferred_20260921_seed0,0,11ed1195aabfcd298bcaf379e7f064ad8010cd8ca67a057b647baa8bf9ef6e77,1301,2,3,-10130.048606793967,-7846.548017757624
inferred_20260921_seed0,0,11ed1195aabfcd298bcaf379e7f064ad8010cd8ca67a057b647baa8bf9ef6e77,1301,3,3,-7419.563284109799,-6321.086531693731
inferred_20260921_seed0,0,11ed1195aabfcd298bcaf379e7f064ad8010cd8ca67a057b647baa8bf9ef6e77,1302,1,3,-18151.997667143543,-18199.208022666724
inferred_20260921_seed0,0,11ed1195aabfcd298bcaf379e7f064ad8010cd8ca67a057b647baa8bf9ef6e77,1302,2,3,-8809.989100367855,-7837.865834953586
inferred_20260921_seed0,0,11ed1195aabfcd298bcaf379e7f064ad8010cd8ca67a057b647baa8bf9ef6e77,1302,3,3,-5930.83295978711,-6318.387642770161
inferred_20260921_seed0,0,11ed1195aabfcd298bcaf379e7f064ad8010cd8ca67a057b647baa8bf9ef6e77,1303,1,3,-18058.65543329416,-18187.907464731255
inferred_20260921_seed0,0,11ed1195aabfcd298bcaf379e7f064ad8010cd8ca67a057b647baa8bf9ef6e77,1303,2,3,-10115.73469042606,-7938.0892982513205
inferred_20260921_seed0,0,11ed1195aabfcd298bcaf379e7f064ad8010cd8ca67a057b647baa8bf9ef6e77,1303,3,3,-5106.659459437598,-6282.163469119605
inferred_20260921_seed0,0,11ed1195aabfcd298bcaf379e7f064ad8010cd8ca67a057b647baa8bf9ef6e77,1304,1,3,-18301.495324933647,-18179.38910220159
inferred_20260921_seed0,0,11ed1195aabfcd298bcaf379e7f064ad8010cd8ca67a057b647baa8bf9ef6e77,1304,2,3,-7490.588886642578,-7940.828404978952
inferred_20260921_seed0,0,11ed1195aabfcd298bcaf379e7f064ad8010cd8ca67a057b647baa8bf9ef6e77,1304,3,3,-8471.867866076067,-6378.414091870841
inferred_20260921_seed0,0,11ed1195aabfcd298bcaf379e7f064ad8010cd8ca67a057b647baa8bf9ef6e77,1305,1,3,-18016.567633148486,-18174.89838942883
inferred_20260921_seed0,0,11ed1195aabfcd298bcaf379e7f064ad8010cd8ca67a057b647baa8bf9ef6e77,1305,2,3,-8653.467929321967,-7861.849461397498
inferred_20260921_seed0,0,11ed1195aabfcd298bcaf379e7f064ad8010cd8ca67a057b647baa8bf9ef6e77,1305,3,3,-6566.437632854333,-6414.091488849338
inferred_20260921_seed0,0,11ed1195aabfcd298bcaf379e7f064ad8010cd8ca67a057b647baa8bf9ef6e77,1306,1,3,-18210.95800915171,-18178.585923601095
inferred_20260921_seed0,0,11ed1195aabfcd298bcaf379e7f064ad8010cd8ca67a057b647baa8bf9ef6e77,1306,2,3,-9066.94907504114,-7951.281977050722
inferred_20260921_seed0,0,11ed1195aabfcd298bcaf379e7f064ad8010cd8ca67a057b647baa8bf9ef6e77,1306,3,3,-6128.654379185998,-6370.2928633773
inferred_20260921_seed0,0,11ed1195aabfcd298bcaf379e7f064ad8010cd8ca67a057b647baa8bf9ef6e77,1307,1,3,-18058.2277001358,-18163.818189297657
inferred_20260921_seed0,0,11ed1195aabfcd298bcaf379e7f064ad8010cd8ca67a057b647baa8bf9ef6e77,1307,2,3,-7602.354629479962,-7961.821589551583
inferred_20260921_seed0,0,11ed1195aabfcd298bcaf379e7f064ad8010cd8ca67a057b647baa8bf9ef6e77,1307,3,3,-6076.8960986577,-6325.578059717388
inferred_20260921_seed0,0,11ed1195aabfcd298bcaf379e7f064ad8010cd8ca67a057b647baa8bf9ef6e77,1308,1,3,-18296.85789238451,-18160.32333326191
inferred_20260921_seed0,0,11ed1195aabfcd298bcaf379e7f064ad8010cd8ca67a057b647baa8bf9ef6e77,1308,2,3,-7855.732812947971,-8083.088059339392
inferred_20260921_seed0,0,11ed1195aabfcd298bcaf379e7f064ad8010cd8ca67a057b647baa8bf9ef6e77,1308,3,3,-5032.2036029343935,-6326.477927510282
inferred_20260921_seed0,0,11ed1195aabfcd298bcaf379e7f064ad8010cd8ca67a057b647baa8bf9ef6e77,1309,1,3,-18014.933647768008,-18158.22209256048
inferred_20260921_seed0,0,11ed1195aabfcd298bcaf379e7f064ad8010cd8ca67a057b647baa8bf9ef6e77,1309,2,3,-9078.370283461863,-8037.6034190006285
inferred_20260921_seed0,0,11ed1195aabfcd298bcaf379e7f064ad8010cd8ca67a057b647baa8bf9ef6e77,1309,3,3,-6125.727120340096,-6329.3700277917505
inferred_20260921_seed0,0,11ed1195aabfcd298bcaf379e7f064ad8010cd8ca67a057b647baa8bf9ef6e77,1310,1,3,-18027.901917335235,-18157.445580564017
inferred_20260921_seed0,0,11ed1195aabfcd298bcaf379e7f064ad8010cd8ca67a057b647baa8bf9ef6e77,1310,2,3,-7718.696086194152,-8049.01974703147
inferred_20260921_seed0,0,11ed1195aabfcd298bcaf379e7f064ad8010cd8ca67a057b647baa8bf9ef6e77,1310,3,3,-5771.770823851718,-6279.859583147102
inferred_20260921_seed0,0,11ed1195aabfcd298bcaf379e7f064ad8010cd8ca67a057b647baa8bf9ef6e77,1311,1,3,-18045.75352530951,-18154.658883341526
inferred_20260921_seed0,0,11ed1195aabfcd298bcaf379e7f064ad8010cd8ca67a057b647baa8bf9ef6e77,1311,2,3,-5856.73178411731,-8023.570806710399
inferred_20260921_seed0,0,11ed1195aabfcd298bcaf379e7f064ad8010cd8ca67a057b647baa8bf9ef6e77,1311,3,3,-7489.17892389557,-6371.995740106995
inferred_20260921_seed0,0,11ed1195aabfcd298bcaf379e7f064ad8010cd8ca67a057b647baa8bf9ef6e77,1312,1,3,-18559.56614518924,-18202.792298834236
inferred_20260921_seed0,0,11ed1195aabfcd298bcaf379e7f064ad8010cd8ca67a057b647baa8bf9ef6e77,1312,2,3,-9080.718917440348,-7952.16586304062
inferred_20260921_seed0,0,11ed1195aabfcd298bcaf379e7f064ad8010cd8ca67a057b647baa8bf9ef6e77,1312,3,3,-5949.876376862042,-6360.984977348767
inferred_20260921_seed0,0,11ed1195aabfcd298bcaf379e7f064ad8010cd8ca67a057b647baa8bf9ef6e77,1313,1,3,-17966.968956715158,-18200.599886415243
inferred_20260921_seed0,0,11ed1195aabfcd298bcaf379e7f064ad8010cd8ca67a057b647baa8bf9ef6e77,1313,2,3,-8007.170021562975,-7966.30316760144
inferred_20260921_seed0,0,11ed1195aabfcd298bcaf379e7f064ad8010cd8ca67a057b647baa8bf9ef6e77,1313,3,3,-8502.984401586586,-6434.68293691285
inferred_20260921_seed0,0,11ed1195aabfcd298bcaf379e7f064ad8010cd8ca67a057b647baa8bf9ef6e77,1314,1,3,-17999.408476460845,-18186.093538471934
inferred_20260921_seed0,0,11ed1195aabfcd298bcaf379e7f064ad8010cd8ca67a057b647baa8bf9ef6e77,1314,2,3,-8150.412550005076,-7994.660230055562
inferred_20260921_seed0,0,11ed1195aabfcd298bcaf379e7f064ad8010cd8ca67a057b647baa8bf9ef6e77,1314,3,3,-5975.938599338731,-6382.4040703972105
inferred_20260921_seed0,0,11ed1195aabfcd298bcaf379e7f064ad8010cd8ca67a057b647baa8bf9ef6e77,1315,1,3,-18066.250190120663,-18173.362872909554
inferred_20260921_seed0,0,11ed1195aabfcd298bcaf379e7f064ad8010cd8ca67a057b647baa8bf9ef6e77,1315,2,3,-8140.864616534783,-8062.499140400158
inferred_20260921_seed0,0,11ed1195aabfcd298bcaf379e7f064ad8010cd8ca67a057b647baa8bf9ef6e77,1315,3,3,-5458.601087935103,-6287.197480285689
inferred_20260921_seed0,0,11ed1195aabfcd298bcaf379e7f064ad8010cd8ca67a057b647baa8bf9ef6e77,1316,1,3,-18727.171709186987,-18196.552769222144
inferred_20260921_seed0,0,11ed1195aabfcd298bcaf379e7f064ad8010cd8ca67a057b647baa8bf9ef6e77,1316,2,3,-6564.043681517067,-8030.750188683571
inferred_20260921_seed0,0,11ed1195aabfcd298bcaf379e7f064ad8010cd8ca67a057b647baa8bf9ef6e77,1316,3,3,-4903.252509694745,-6261.5981589778585
inferred_20260921_seed0,0,11ed1195aabfcd298bcaf379e7f064ad8010cd8ca67a057b647baa8bf9ef6e77,1317,1,3,-18468.516817149783,-18202.602230154054
inferred_20260921_seed0,0,11ed1195aabfcd298bcaf379e7f064ad8010cd8ca67a057b647baa8bf9ef6e77,1317,2,3,-9611.58606041955,-8124.646588689881
inferred_20260921_seed0,0,11ed1195aabfcd298bcaf379e7f064ad8010cd8ca67a057b647baa8bf9ef6e77,1317,3,3,-4884.999670678169,-6237.22720877091
inferred_20260921_seed0,0,11ed1195aabfcd298bcaf379e7f064ad8010cd8ca67a057b647baa8bf9ef6e77,1318,1,3,-18191.640880737177,-18193.820000305634
inferred_20260921_seed0,0,11ed1195aabfcd298bcaf379e7f064ad8010cd8ca67a057b647baa8bf9ef6e77,1318,2,3,-9003.747684007372,-8185.358987678104
inferred_20260921_seed0,0,11ed1195aabfcd298bcaf379e7f064ad8010cd8ca67a057b647baa8bf9ef6e77,1318,3,3,-5135.348082005463,-6219.213699362291
inferred_20260921_seed0,0,11ed1195aabfcd298bcaf379e7f064ad8010cd8ca67a057b647baa8bf9ef6e77,1319,1,3,-18242.14130856101,-18193.938843524327
inferred_20260921_seed0,0,11ed1195aabfcd298bcaf379e7f064ad8010cd8ca67a057b647baa8bf9ef6e77,1319,2,3,-7409.753465455866,-8124.041328948107
inferred_20260921_seed0,0,11ed1195aabfcd298bcaf379e7f064ad8010cd8ca67a057b647baa8bf9ef6e77,1319,3,3,-5377.834543496547,-6147.839100458705
inferred_20260921_seed0,0,11ed1195aabfcd298bcaf379e7f064ad8010cd8ca67a057b647baa8bf9ef6e77,1320,1,3,-18099.345348261617,-18186.14728644076
inferred_20260921_seed0,0,11ed1195aabfcd298bcaf379e7f064ad8010cd8ca67a057b647baa8bf9ef6e77,1320,2,3,-9255.16618440033,-8215.418622622716
inferred_20260921_seed0,0,11ed1195aabfcd298bcaf379e7f064ad8010cd8ca67a057b647baa8bf9ef6e77,1320,3,3,-6090.372590177958,-6128.100475885805
inferred_20260921_seed0,0,11ed1195aabfcd298bcaf379e7f064ad8010cd8ca67a057b647baa8bf9ef6e77,1321,1,3,-18084.447614922392,-18173.023312114154
inferred_20260921_seed0,0,11ed1195aabfcd298bcaf379e7f064ad8010cd8ca67a057b647baa8bf9ef6e77,1321,2,3,-9983.99998171101,-8334.524318092728
inferred_20260921_seed0,0,11ed1195aabfcd298bcaf379e7f064ad8010cd8ca67a057b647baa8bf9ef6e77,1321,3,3,-6128.247531269674,-6128.749323218833
inferred_20260921_seed0,0,11ed1195aabfcd298bcaf379e7f064ad8010cd8ca67a057b647baa8bf9ef6e77,1322,1,3,-18039.55231613788,-18172.25353969043
inferred_20260921_seed0,0,11ed1195aabfcd298bcaf379e7f064ad8010cd8ca67a057b647baa8bf9ef6e77,1322,2,3,-7481.906092153638,-8344.558309921631
inferred_20260921_seed0,0,11ed1195aabfcd298bcaf379e7f064ad8010cd8ca67a057b647baa8bf9ef6e77,1322,3,3,-7122.728858051696,-6135.628151754594
inferred_20260921_seed0,0,11ed1195aabfcd298bcaf379e7f064ad8010cd8ca67a057b647baa8bf9ef6e77,1323,1,3,-18053.301349076504,-18159.696386214742
inferred_20260921_seed0,0,11ed1195aabfcd298bcaf379e7f064ad8010cd8ca67a057b647baa8bf9ef6e77,1323,2,3,-7833.460200659093,-8288.216335716801
inferred_20260921_seed0,0,11ed1195aabfcd298bcaf379e7f064ad8010cd8ca67a057b647baa8bf9ef6e77,1323,3,3,-6169.394895548136,-6167.854764690473
inferred_20260921_seed0,0,11ed1195aabfcd298bcaf379e7f064ad8010cd8ca67a057b647baa8bf9ef6e77,1324,1,3,-17864.18667868322,-18147.13877389625
inferred_20260921_seed0,0,11ed1195aabfcd298bcaf379e7f064ad8010cd8ca67a057b647baa8bf9ef6e77,1324,2,3,-8078.922917622316,-8309.94287543886
inferred_20260921_seed0,0,11ed1195aabfcd298bcaf379e7f064ad8010cd8ca67a057b647baa8bf9ef6e77,1324,3,3,-5582.960702756802,-6139.318958502334
inferred_20260921_seed0,0,11ed1195aabfcd298bcaf379e7f064ad8010cd8ca67a057b647baa8bf9ef6e77,1325,1,3,-17981.213490975046,-18136.879533048213
inferred_20260921_seed0,0,11ed1195aabfcd298bcaf379e7f064ad8010cd8ca67a057b647baa8bf9ef6e77,1325,2,3,-10690.784668118267,-8466.848037056101
inferred_20260921_seed0,0,11ed1195aabfcd298bcaf379e7f064ad8010cd8ca67a057b647baa8bf9ef6e77,1325,3,3,-5653.840122127947,-6122.2468849064
inferred_20260921_seed0,0,11ed1195aabfcd298bcaf379e7f064ad8010cd8ca67a057b647baa8bf9ef6e77,1326,1,3,-18004.811467722353,-18141.27486002018
inferred_20260921_seed0,0,11ed1195aabfcd298bcaf379e7f064ad8010cd8ca67a057b647baa8bf9ef6e77,1326,2,3,-7390.1614683353455,-8357.252551517755
inferred_20260921_seed0,0,11ed1195aabfcd298bcaf379e7f064ad8010cd8ca67a057b647baa8bf9ef6e77,1326,3,3,-6151.619205000767,-6071.529121742038
inferred_20260921_seed0,0,11ed1195aabfcd298bcaf379e7f064ad8010cd8ca67a057b647baa8bf9ef6e77,1327,1,3,-18143.04310862416,-18140.916677679405
inferred_20260921_seed0,0,11ed1195aabfcd298bcaf379e7f064ad8010cd8ca67a057b647baa8bf9ef6e77,1327,2,3,-10395.887148664166,-8420.688473449607
inferred_20260921_seed0,0,11ed1195aabfcd298bcaf379e7f064ad8010cd8ca67a057b647baa8bf9ef6e77,1327,3,3,-5938.286723780153,-6071.82727230176
inferred_20260921_seed0,0,11ed1195aabfcd298bcaf379e7f064ad8010cd8ca67a057b647baa8bf9ef6e77,1328,1,3,-18023.35090333493,-18139.504496481033
inferred_20260921_seed0,0,11ed1195aabfcd298bcaf379e7f064ad8010cd8ca67a057b647baa8bf9ef6e77,1328,2,3,-6848.351305109905,-8289.993138036962
inferred_20260921_seed0,0,11ed1195aabfcd298bcaf379e7f064ad8010cd8ca67a057b647baa8bf9ef6e77,1328,3,3,-6367.535736359109,-6122.26232337862
inferred_20260921_seed0,0,11ed1195aabfcd298bcaf379e7f064ad8010cd8ca67a057b647baa8bf9ef6e77,1329,1,3,-18090.461169416376,-18131.063130260343
inferred_20260921_seed0,0,11ed1195aabfcd298bcaf379e7f064ad8010cd8ca67a057b647baa8bf9ef6e77,1329,2,3,-8100.547065135631,-8314.391465176685
inferred_20260921_seed0,0,11ed1195aabfcd298bcaf379e7f064ad8010cd8ca67a057b647baa8bf9ef6e77,1329,3,3,-5995.226639933966,-6023.196674332937
inferred_20260921_seed0,0,11ed1195aabfcd298bcaf379e7f064ad8010cd8ca67a057b647baa8bf9ef6e77,1330,1,3,-17876.458283905344,-18125.45875629062
inferred_20260921_seed0,0,11ed1195aabfcd298bcaf379e7f064ad8010cd8ca67a057b647baa8bf9ef6e77,1330,2,3,-9700.195050961454,-8356.260550042263
inferred_20260921_seed0,0,11ed1195aabfcd298bcaf379e7f064ad8010cd8ca67a057b647baa8bf9ef6e77,1330,3,3,-5342.3574249094,-5974.233466015138
inferred_20260921_seed0,0,11ed1195aabfcd298bcaf379e7f064ad8010cd8ca67a057b647baa8bf9ef6e77,1331,1,3,-18044.68515037531,-18118.807841939564
inferred_20260921_seed0,0,11ed1195aabfcd298bcaf379e7f064ad8010cd8ca67a057b647baa8bf9ef6e77,1331,2,3,-9951.394609388728,-8391.638371416168
inferred_20260921_seed0,0,11ed1195aabfcd298bcaf379e7f064ad8010cd8ca67a057b647baa8bf9ef6e77,1331,3,3,-5599.416246571016,-5953.063940710539
inferred_20260921_seed0,0,11ed1195aabfcd298bcaf379e7f064ad8010cd8ca67a057b647baa8bf9ef6e77,1332,1,3,-18013.15711817676,-18117.0050186612
inferred_20260921_seed0,0,11ed1195aabfcd298bcaf379e7f064ad8010cd8ca67a057b647baa8bf9ef6e77,1332,2,3,-7490.222418622709,-8387.153082981877
inferred_20260921_seed0,0,11ed1195aabfcd298bcaf379e7f064ad8010cd8ca67a057b647baa8bf9ef6e77,1332,3,3,-6079.927353304716,-5953.185190896421
inferred_20260921_seed0,0,11ed1195aabfcd298bcaf379e7f064ad8010cd8ca67a057b647baa8bf9ef6e77,1333,1,3,-17973.871328601508,-18104.08555610988
inferred_20260921_seed0,0,11ed1195aabfcd298bcaf379e7f064ad8010cd8ca67a057b647baa8bf9ef6e77,1333,2,3,-10181.841829307765,-8480.197443636269
inferred_20260921_seed0,0,11ed1195aabfcd298bcaf379e7f064ad8010cd8ca67a057b647baa8bf9ef6e77,1333,3,3,-6424.065603314693,-6008.859670911633
inferred_20260921_seed0,0,11ed1195aabfcd298bcaf379e7f064ad8010cd8ca67a057b647baa8bf9ef6e77,1334,1,3,-18079.070953776907,-18106.651048350235
inferred_20260921_seed0,0,11ed1195aabfcd298bcaf379e7f064ad8010cd8ca67a057b647baa8bf9ef6e77,1334,2,3,-7793.104949374996,-8428.786830272793
inferred_20260921_seed0,0,11ed1195aabfcd298bcaf379e7f064ad8010cd8ca67a057b647baa8bf9ef6e77,1334,3,3,-4394.4203514226265,-5939.607400154933
inferred_20260921_seed0,0,11ed1195aabfcd298bcaf379e7f064ad8010cd8ca67a057b647baa8bf9ef6e77,1335,1,3,-17674.72365058503,-18092.523917680228
inferred_20260921_seed0,0,11ed1195aabfcd298bcaf379e7f064ad8010cd8ca67a057b647baa8bf9ef6e77,1335,2,3,-7419.619350677667,-8416.823760852136
inferred_20260921_seed0,0,11ed1195aabfcd298bcaf379e7f064ad8010cd8ca67a057b647baa8bf9ef6e77,1335,3,3,-5454.677392860265,-5926.923662915276
inferred_20260921_seed0,0,11ed1195aabfcd298bcaf379e7f064ad8010cd8ca67a057b647baa8bf9ef6e77,1336,1,3,-18180.23940444176,-18097.90335284552
inferred_20260921_seed0,0,11ed1195aabfcd298bcaf379e7f064ad8010cd8ca67a057b647baa8bf9ef6e77,1336,2,3,-7202.521119379574,-8470.655334262625
inferred_20260921_seed0,0,11ed1195aabfcd298bcaf379e7f064ad8010cd8ca67a057b647baa8bf9ef6e77,1336,3,3,-6573.194625217793,-5890.284290968165
inferred_20260921_seed0,0,11ed1195aabfcd298bcaf379e7f064ad8010cd8ca67a057b647baa8bf9ef6e77,1337,1,3,-18512.986266652348,-18096.040157704043
inferred_20260921_seed0,0,11ed1195aabfcd298bcaf379e7f064ad8010cd8ca67a057b647baa8bf9ef6e77,1337,2,3,-7265.907163540622,-8398.062864106636
inferred_20260921_seed0,0,11ed1195aabfcd298bcaf379e7f064ad8010cd8ca67a057b647baa8bf9ef6e77,1337,3,3,-6602.571994697221,-5916.39211568157
inferred_20260921_seed0,0,11ed1195aabfcd298bcaf379e7f064ad8010cd8ca67a057b647baa8bf9ef6e77,1338,1,3,-18215.613322724887,-18105.985932344433
inferred_20260921_seed0,0,11ed1195aabfcd298bcaf379e7f064ad8010cd8ca67a057b647baa8bf9ef6e77,1338,2,3,-8948.534157533804,-8435.71742954547
inferred_20260921_seed0,0,11ed1195aabfcd298bcaf379e7f064ad8010cd8ca67a057b647baa8bf9ef6e77,1338,3,3,-6281.121649973953,-5827.517605617066
inferred_20260921_seed0,0,11ed1195aabfcd298bcaf379e7f064ad8010cd8ca67a057b647baa8bf9ef6e77,1339,1,3,-18052.129992768976,-18108.094792996755
inferred_20260921_seed0,0,11ed1195aabfcd298bcaf379e7f064ad8010cd8ca67a057b647baa8bf9ef6e77,1339,2,3,-8480.25474622257,-8448.91111739417
inferred_20260921_seed0,0,11ed1195aabfcd298bcaf379e7f064ad8010cd8ca67a057b647baa8bf9ef6e77,1339,3,3,-6525.829296156007,-5849.513233489757
inferred_20260921_seed0,0,11ed1195aabfcd298bcaf379e7f064ad8010cd8ca67a057b647baa8bf9ef6e77,1340,1,3,-17809.88808837779,-18097.840308927043
inferred_20260921_seed0,0,11ed1195aabfcd298bcaf379e7f064ad8010cd8ca67a057b647baa8bf9ef6e77,1340,2,3,-8658.536770842089,-8469.618003566462
inferred_20260921_seed0,0,11ed1195aabfcd298bcaf379e7f064ad8010cd8ca67a057b647baa8bf9ef6e77,1340,3,3,-6811.715979220033,-5903.637829141155
inferred_20260921_seed0,0,11ed1195aabfcd298bcaf379e7f064ad8010cd8ca67a057b647baa8bf9ef6e77,1341,1,3,-17837.802177839454,-18062.26552767314
inferred_20260921_seed0,0,11ed1195aabfcd298bcaf379e7f064ad8010cd8ca67a057b647baa8bf9ef6e77,1341,2,3,-7939.9712495788945,-8524.655106288936
inferred_20260921_seed0,0,11ed1195aabfcd298bcaf379e7f064ad8010cd8ca67a057b647baa8bf9ef6e77,1341,3,3,-6269.528501422931,-5958.288868810282
inferred_20260921_seed0,0,11ed1195aabfcd298bcaf379e7f064ad8010cd8ca67a057b647baa8bf9ef6e77,1342,1,3,-17859.41815141766,-18037.901581043858
inferred_20260921_seed0,0,11ed1195aabfcd298bcaf379e7f064ad8010cd8ca67a057b647baa8bf9ef6e77,1342,2,3,-6548.269183321669,-8402.122431205018
inferred_20260921_seed0,0,11ed1195aabfcd298bcaf379e7f064ad8010cd8ca67a057b647baa8bf9ef6e77,1342,3,3,-7002.7431273985285,-6042.9986070790965
inferred_20260921_seed0,0,11ed1195aabfcd298bcaf379e7f064ad8010cd8ca67a057b647baa8bf9ef6e77,1343,1,3,-17836.86313365423,-18023.71047116054
inferred_20260921_seed0,0,11ed1195aabfcd298bcaf379e7f064ad8010cd8ca67a057b647baa8bf9ef6e77,1343,2,3,-7077.859454884345,-8325.086902040097
inferred_20260921_seed0,0,11ed1195aabfcd298bcaf379e7f064ad8010cd8ca67a057b647baa8bf9ef6e77,1343,3,3,-7115.845980145519,-6122.218523004698
inferred_20260921_seed0,0,11ed1195aabfcd298bcaf379e7f064ad8010cd8ca67a057b647baa8bf9ef6e77,1344,1,3,-18077.464739700525,-18017.123408406118
inferred_20260921_seed0,0,11ed1195aabfcd298bcaf379e7f064ad8010cd8ca67a057b647baa8bf9ef6e77,1344,2,3,-9502.24600465086,-8408.786603607898
inferred_20260921_seed0,0,11ed1195aabfcd298bcaf379e7f064ad8010cd8ca67a057b647baa8bf9ef6e77,1344,3,3,-5724.962748793217,-6136.103651216565
inferred_20260921_seed0,0,11ed1195aabfcd298bcaf379e7f064ad8010cd8ca67a057b647baa8bf9ef6e77,1345,1,3,-17921.583760665315,-18010.012944902264
inferred_20260921_seed0,0,11ed1195aabfcd298bcaf379e7f064ad8010cd8ca67a057b647baa8bf9ef6e77,1345,2,3,-7740.971016587651,-8348.218796895391
inferred_20260921_seed0,0,11ed1195aabfcd298bcaf379e7f064ad8010cd8ca67a057b647baa8bf9ef6e77,1345,3,3,-5511.680885133364,-6112.955983014781
inferred_20260921_seed0,0,11ed1195aabfcd298bcaf379e7f064ad8010cd8ca67a057b647baa8bf9ef6e77,1346,1,3,-17879.411001377775,-18001.811480360484
inferred_20260921_seed0,0,11ed1195aabfcd298bcaf379e7f064ad8010cd8ca67a057b647baa8bf9ef6e77,1346,2,3,-7393.844682211788,-8244.612584915421
inferred_20260921_seed0,0,11ed1195aabfcd298bcaf379e7f064ad8010cd8ca67a057b647baa8bf9ef6e77,1346,3,3,-5876.6626615062105,-6102.892588224242
inferred_20260921_seed0,0,11ed1195aabfcd298bcaf379e7f064ad8010cd8ca67a057b647baa8bf9ef6e77,1347,1,3,-17684.88572858391,-17987.624816858322
inferred_20260921_seed0,0,11ed1195aabfcd298bcaf379e7f064ad8010cd8ca67a057b647baa8bf9ef6e77,1347,2,3,-8654.03742702777,-8291.497838310388
inferred_20260921_seed0,0,11ed1195aabfcd298bcaf379e7f064ad8010cd8ca67a057b647baa8bf9ef6e77,1347,3,3,-5228.564051214396,-6027.1259959507515
inferred_20260921_seed0,0,11ed1195aabfcd298bcaf379e7f064ad8010cd8ca67a057b647baa8bf9ef6e77,1348,1,3,-17777.791318719865,-17976.60441564406
inferred_20260921_seed0,0,11ed1195aabfcd298bcaf379e7f064ad8010cd8ca67a057b647baa8bf9ef6e77,1348,2,3,-7290.699804384772,-8269.787422459414
inferred_20260921_seed0,0,11ed1195aabfcd298bcaf379e7f064ad8010cd8ca67a057b647baa8bf9ef6e77,1348,3,3,-6080.511872042587,-6023.570675010528
inferred_20260921_seed0,0,11ed1195aabfcd298bcaf379e7f064ad8010cd8ca67a057b647baa8bf9ef6e77,1349,1,3,-17825.039264749954,-17975.038519086727
inferred_20260921_seed0,0,11ed1195aabfcd298bcaf379e7f064ad8010cd8ca67a057b647baa8bf9ef6e77,1349,2,3,-7937.421116876826,-8264.127350429595
inferred_20260921_seed0,0,11ed1195aabfcd298bcaf379e7f064ad8010cd8ca67a057b647baa8bf9ef6e77,1349,3,3,-4989.798269878216,-5999.844177695386
inferred_20260921_seed0,0,11ed1195aabfcd298bcaf379e7f064ad8010cd8ca67a057b647baa8bf9ef6e77,1350,1,3,-17762.534131546745,-17966.291344709593
inferred_20260921_seed0,0,11ed1195aabfcd298bcaf379e7f064ad8010cd8ca67a057b647baa8bf9ef6e77,1350,2,3,-8741.288906333988,-8186.147519958223
inferred_20260921_seed0,0,11ed1195aabfcd298bcaf379e7f064ad8010cd8ca67a057b647baa8bf9ef6e77,1350,3,3,-6191.997304546814,-6021.37046499214
inferred_20260921_seed0,0,11ed1195aabfcd298bcaf379e7f064ad8010cd8ca67a057b647baa8bf9ef6e77,1351,1,3,-18025.11521563497,-17967.1034946261
inferred_20260921_seed0,0,11ed1195aabfcd298bcaf379e7f064ad8010cd8ca67a057b647baa8bf9ef6e77,1351,2,3,-7767.569875441979,-8201.243856242489
inferred_20260921_seed0,0,11ed1195aabfcd298bcaf379e7f064ad8010cd8ca67a057b647baa8bf9ef6e77,1351,3,3,-6636.525250037976,-6040.766706793628
inferred_20260921_seed0,0,11ed1195aabfcd298bcaf379e7f064ad8010cd8ca67a057b647baa8bf9ef6e77,1352,1,3,-18006.53264478902,-17961.643076072694
inferred_20260921_seed0,0,11ed1195aabfcd298bcaf379e7f064ad8010cd8ca67a057b647baa8bf9ef6e77,1352,2,3,-7185.549769432673,-8072.83036107323
inferred_20260921_seed0,0,11ed1195aabfcd298bcaf379e7f064ad8010cd8ca67a057b647baa8bf9ef6e77,1352,3,3,-5911.951231853289,-6039.713287116555
inferred_20260921_seed0,0,11ed1195aabfcd298bcaf379e7f064ad8010cd8ca67a057b647baa8bf9ef6e77,1353,1,3,-17709.82953305937,-17949.10222126167
inferred_20260921_seed0,0,11ed1195aabfcd298bcaf379e7f064ad8010cd8ca67a057b647baa8bf9ef6e77,1353,2,3,-8784.297102932826,-8150.2681929861465
inferred_20260921_seed0,0,11ed1195aabfcd298bcaf379e7f064ad8010cd8ca67a057b647baa8bf9ef6e77,1353,3,3,-6804.5413515440905,-6057.193511723954
inferred_20260921_seed0,0,11ed1195aabfcd298bcaf379e7f064ad8010cd8ca67a057b647baa8bf9ef6e77,1354,1,3,-17727.77792327098,-17934.594891415854
inferred_20260921_seed0,0,11ed1195aabfcd298bcaf379e7f064ad8010cd8ca67a057b647baa8bf9ef6e77,1354,2,3,-8595.756761310931,-8170.076580833157
inferred_20260921_seed0,0,11ed1195aabfcd298bcaf379e7f064ad8010cd8ca67a057b647baa8bf9ef6e77,1354,3,3,-6526.23237949095,-6078.433741306233
inferred_20260921_seed0,0,11ed1195aabfcd298bcaf379e7f064ad8010cd8ca67a057b647baa8bf9ef6e77,1355,1,3,-17772.892881185187,-17930.45227530705
inferred_20260921_seed0,0,11ed1195aabfcd298bcaf379e7f064ad8010cd8ca67a057b647baa8bf9ef6e77,1355,2,3,-7582.228949071345,-8085.357936757553
inferred_20260921_seed0,0,11ed1195aabfcd298bcaf379e7f064ad8010cd8ca67a057b647baa8bf9ef6e77,1355,3,3,-6333.065504806302,-6118.062064502109
inferred_20260921_seed0,0,11ed1195aabfcd298bcaf379e7f064ad8010cd8ca67a057b647baa8bf9ef6e77,1356,1,3,-17843.712712771063,-17922.41337780288
inferred_20260921_seed0,0,11ed1195aabfcd298bcaf379e7f064ad8010cd8ca67a057b647baa8bf9ef6e77,1356,2,3,-8590.010119365128,-8030.90255715661
inferred_20260921_seed0,0,11ed1195aabfcd298bcaf379e7f064ad8010cd8ca67a057b647baa8bf9ef6e77,1356,3,3,-6922.660330547255,-6170.991827861158
inferred_20260921_seed0,0,11ed1195aabfcd298bcaf379e7f064ad8010cd8ca67a057b647baa8bf9ef6e77,1357,1,3,-17876.86247445222,-17916.9615920539
inferred_20260921_seed0,0,11ed1195aabfcd298bcaf379e7f064ad8010cd8ca67a057b647baa8bf9ef6e77,1357,2,3,-9526.851792217352,-8112.367732100396
inferred_20260921_seed0,0,11ed1195aabfcd298bcaf379e7f064ad8010cd8ca67a057b647baa8bf9ef6e77,1357,3,3,-6652.187821803068,-6193.8822466010915
inferred_20260921_seed0,0,11ed1195aabfcd298bcaf379e7f064ad8010cd8ca67a057b647baa8bf9ef6e77,1358,1,3,-17888.772441220564,-17913.55763655866
inferred_20260921_seed0,0,11ed1195aabfcd298bcaf379e7f064ad8010cd8ca67a057b647baa8bf9ef6e77,1358,2,3,-7173.030237397948,-7992.015268424002
inferred_20260921_seed0,0,11ed1195aabfcd298bcaf379e7f064ad8010cd8ca67a057b647baa8bf9ef6e77,1358,3,3,-5388.436554418553,-6152.457084645246
inferred_20260921_seed0,0,11ed1195aabfcd298bcaf379e7f064ad8010cd8ca67a057b647baa8bf9ef6e77,1359,1,3,-17884.405081101446,-17905.77100165164
inferred_20260921_seed0,0,11ed1195aabfcd298bcaf379e7f064ad8010cd8ca67a057b647baa8bf9ef6e77,1359,2,3,-8887.56083959534,-8035.7935040328175
inferred_20260921_seed0,0,11ed1195aabfcd298bcaf379e7f064ad8010cd8ca67a057b647baa8bf9ef6e77,1359,3,3,-7373.399017995025,-6271.616231308143
inferred_20260921_seed0,0,11ed1195aabfcd298bcaf379e7f064ad8010cd8ca67a057b647baa8bf9ef6e77,1360,1,3,-17762.919359242016,-17909.29882999792
inferred_20260921_seed0,0,11ed1195aabfcd298bcaf379e7f064ad8010cd8ca67a057b647baa8bf9ef6e77,1360,2,3,-6976.644321606473,-8018.074502869969
inferred_20260921_seed0,0,11ed1195aabfcd298bcaf379e7f064ad8010cd8ca67a057b647baa8bf9ef6e77,1360,3,3,-6155.332799868373,-6299.642447588467
inferred_20260921_seed0,0,11ed1195aabfcd298bcaf379e7f064ad8010cd8ca67a057b647baa8bf9ef6e77,1361,1,3,-17940.761908715645,-17899.719730168876
inferred_20260921_seed0,0,11ed1195aabfcd298bcaf379e7f064ad8010cd8ca67a057b647baa8bf9ef6e77,1361,2,3,-8359.665066116993,-8064.360260739465
inferred_20260921_seed0,0,11ed1195aabfcd298bcaf379e7f064ad8010cd8ca67a057b647baa8bf9ef6e77,1361,3,3,-5922.683942973115,-6273.622020298681
inferred_20260921_seed0,0,11ed1195aabfcd298bcaf379e7f064ad8010cd8ca67a057b647baa8bf9ef6e77,1362,1,3,-17594.281013611635,-17862.97152004725
inferred_20260921_seed0,0,11ed1195aabfcd298bcaf379e7f064ad8010cd8ca67a057b647baa8bf9ef6e77,1362,2,3,-8592.204260329943,-8117.412144611039
inferred_20260921_seed0,0,11ed1195aabfcd298bcaf379e7f064ad8010cd8ca67a057b647baa8bf9ef6e77,1362,3,3,-7851.875953993837,-6323.594178670544
inferred_20260921_seed0,0,11ed1195aabfcd298bcaf379e7f064ad8010cd8ca67a057b647baa8bf9ef6e77,1363,1,3,-17904.088110867684,-17850.51051157296
inferred_20260921_seed0,0,11ed1195aabfcd298bcaf379e7f064ad8010cd8ca67a057b647baa8bf9ef6e77,1363,2,3,-9927.393340920522,-8156.566511946507
inferred_20260921_seed0,0,11ed1195aabfcd298bcaf379e7f064ad8010cd8ca67a057b647baa8bf9ef6e77,1363,3,3,-6825.574315741564,-6345.372285301249
inferred_20260921_seed0,0,11ed1195aabfcd298bcaf379e7f064ad8010cd8ca67a057b647baa8bf9ef6e77,1364,1,3,-17822.942474308526,-17841.343010834542
inferred_20260921_seed0,0,11ed1195aabfcd298bcaf379e7f064ad8010cd8ca67a057b647baa8bf9ef6e77,1364,2,3,-7557.748691266456,-8119.6662697482625
inferred_20260921_seed0,0,11ed1195aabfcd298bcaf379e7f064ad8010cd8ca67a057b647baa8bf9ef6e77,1364,3,3,-5894.377276874809,-6320.114204530001
inferred_20260921_seed0,0,11ed1195aabfcd298bcaf379e7f064ad8010cd8ca67a057b647baa8bf9ef6e77,1365,1,3,-17936.517977707732,-17846.40820640774
inferred_20260921_seed0,0,11ed1195aabfcd298bcaf379e7f064ad8010cd8ca67a057b647baa8bf9ef6e77,1365,2,3,-7578.616580851469,-8076.469462148638
inferred_20260921_seed0,0,11ed1195aabfcd298bcaf379e7f064ad8010cd8ca67a057b647baa8bf9ef6e77,1365,3,3,-9449.097307194632,-6425.609457648986
inferred_20260921_seed0,0,11ed1195aabfcd298bcaf379e7f064ad8010cd8ca67a057b647baa8bf9ef6e77,1366,1,3,-17420.1281469062,-17829.70124517041
inferred_20260921_seed0,0,11ed1195aabfcd298bcaf379e7f064ad8010cd8ca67a057b647baa8bf9ef6e77,1366,2,3,-7223.464865366322,-8047.809206780134
inferred_20260921_seed0,0,11ed1195aabfcd298bcaf379e7f064ad8010cd8ca67a057b647baa8bf9ef6e77,1366,3,3,-4266.634096607922,-6345.493681456385
inferred_20260921_seed0,0,11ed1195aabfcd298bcaf379e7f064ad8010cd8ca67a057b647baa8bf9ef6e77,1367,1,3,-17708.591678957717,-17823.66818627201
inferred_20260921_seed0,0,11ed1195aabfcd298bcaf379e7f064ad8010cd8ca67a057b647baa8bf9ef6e77,1367,2,3,-7850.113972428137,-8099.882998344394
inferred_20260921_seed0,0,11ed1195aabfcd298bcaf379e7f064ad8010cd8ca67a057b647baa8bf9ef6e77,1367,3,3,-5085.514740643423,-6268.80454598618
inferred_20260921_seed0,0,11ed1195aabfcd298bcaf379e7f064ad8010cd8ca67a057b647baa8bf9ef6e77,1368,1,3,-17817.846408701058,-17822.907517273885
inferred_20260921_seed0,0,11ed1195aabfcd298bcaf379e7f064ad8010cd8ca67a057b647baa8bf9ef6e77,1368,2,3,-8448.292639020437,-8154.700325709838
inferred_20260921_seed0,0,11ed1195aabfcd298bcaf379e7f064ad8010cd8ca67a057b647baa8bf9ef6e77,1368,3,3,-5972.280363389482,-6223.06192131594
inferred_20260921_seed0,0,11ed1195aabfcd298bcaf379e7f064ad8010cd8ca67a057b647baa8bf9ef6e77,1369,1,3,-17856.074063436507,-17814.051890223323
inferred_20260921_seed0,0,11ed1195aabfcd298bcaf379e7f064ad8010cd8ca67a057b647baa8bf9ef6e77,1369,2,3,-7862.998702555151,-8089.13043362601
inferred_20260921_seed0,0,11ed1195aabfcd298bcaf379e7f064ad8010cd8ca67a057b647baa8bf9ef6e77,1369,3,3,-7148.218784868311,-6279.992162758943
inferred_20260921_seed0,0,11ed1195aabfcd298bcaf379e7f064ad8010cd8ca67a057b647baa8bf9ef6e77,1370,1,3,-17875.009503670546,-17812.188919943535
inferred_20260921_seed0,0,11ed1195aabfcd298bcaf379e7f064ad8010cd8ca67a057b647baa8bf9ef6e77,1370,2,3,-8927.167148794742,-8136.578278914292
inferred_20260921_seed0,0,11ed1195aabfcd298bcaf379e7f064ad8010cd8ca67a057b647baa8bf9ef6e77,1370,3,3,-6726.370229533465,-6328.579736534947
inferred_20260921_seed0,0,11ed1195aabfcd298bcaf379e7f064ad8010cd8ca67a057b647baa8bf9ef6e77,1371,1,3,-18005.77915672068,-17817.24364615725
inferred_20260921_seed0,0,11ed1195aabfcd298bcaf379e7f064ad8010cd8ca67a057b647baa8bf9ef6e77,1371,2,3,-9548.903074755255,-8222.780614616031
inferred_20260921_seed0,0,11ed1195aabfcd298bcaf379e7f064ad8010cd8ca67a057b647baa8bf9ef6e77,1371,3,3,-5597.778698642644,-6317.424378020405
inferred_20260921_seed0,0,11ed1195aabfcd298bcaf379e7f064ad8010cd8ca67a057b647baa8bf9ef6e77,1372,1,3,-17996.41811295363,-17829.70494153204
inferred_20260921_seed0,0,11ed1195aabfcd298bcaf379e7f064ad8010cd8ca67a057b647baa8bf9ef6e77,1372,2,3,-9210.754988864112,-8245.049317089484
inferred_20260921_seed0,0,11ed1195aabfcd298bcaf379e7f064ad8010cd8ca67a057b647baa8bf9ef6e77,1372,3,3,-5666.201650907615,-6334.929882008133
inferred_20260921_seed0,0,11ed1195aabfcd298bcaf379e7f064ad8010cd8ca67a057b647baa8bf9ef6e77,1373,1,3,-17864.098229985317,-17833.157217982654
inferred_20260921_seed0,0,11ed1195aabfcd298bcaf379e7f064ad8010cd8ca67a057b647baa8bf9ef6e77,1373,2,3,-8073.219080939854,-8276.350088151688
inferred_20260921_seed0,0,11ed1195aabfcd298bcaf379e7f064ad8010cd8ca67a057b647baa8bf9ef6e77,1373,3,3,-6881.308485615593,-6366.961746551054
inferred_20260921_seed0,0,11ed1195aabfcd298bcaf379e7f064ad8010cd8ca67a057b647baa8bf9ef6e77,1374,1,3,-17927.16676771864,-17837.242318101406
inferred_20260921_seed0,0,11ed1195aabfcd298bcaf379e7f064ad8010cd8ca67a057b647baa8bf9ef6e77,1374,2,3,-6603.544569563211,-8222.995026259143
inferred_20260921_seed0,0,11ed1195aabfcd298bcaf379e7f064ad8010cd8ca67a057b647baa8bf9ef6e77,1374,3,3,-6220.813472324844,-6416.202354648918
inferred_20260921_seed0,0,11ed1195aabfcd298bcaf379e7f064ad8010cd8ca67a057b647baa8bf9ef6e77,1375,1,3,-17785.96544289574,-17838.179570555363
inferred_20260921_seed0,0,11ed1195aabfcd298bcaf379e7f064ad8010cd8ca67a057b647baa8bf9ef6e77,1375,2,3,-6964.869509245631,-8151.93825037561
inferred_20260921_seed0,0,11ed1195aabfcd298bcaf379e7f064ad8010cd8ca67a057b647baa8bf9ef6e77,1375,3,3,-4741.008389352114,-6358.1627980411295
inferred_20260921_seed0,0,11ed1195aabfcd298bcaf379e7f064ad8010cd8ca67a057b647baa8bf9ef6e77,1376,1,3,-17943.629622968318,-17834.920146848697
inferred_20260921_seed0,0,11ed1195aabfcd298bcaf379e7f064ad8010cd8ca67a057b647baa8bf9ef6e77,1376,2,3,-7412.303780482973,-8137.727606577249
inferred_20260921_seed0,0,11ed1195aabfcd298bcaf379e7f064ad8010cd8ca67a057b647baa8bf9ef6e77,1376,3,3,-4935.213251138647,-6290.110318085158
inferred_20260921_seed0,0,11ed1195aabfcd298bcaf379e7f064ad8010cd8ca67a057b647baa8bf9ef6e77,1377,1,3,-17923.28711369292,-17831.590325604855
inferred_20260921_seed0,0,11ed1195aabfcd298bcaf379e7f064ad8010cd8ca67a057b647baa8bf9ef6e77,1377,2,3,-6903.312849212615,-8126.438129768446
inferred_20260921_seed0,0,11ed1195aabfcd298bcaf379e7f064ad8010cd8ca67a057b647baa8bf9ef6e77,1377,3,3,-5578.698534243313,-6276.780210180757
inferred_20260921_seed0,0,11ed1195aabfcd298bcaf379e7f064ad8010cd8ca67a057b647baa8bf9ef6e77,1378,1,3,-17854.277136430566,-17837.368229739703
inferred_20260921_seed0,0,11ed1195aabfcd298bcaf379e7f064ad8010cd8ca67a057b647baa8bf9ef6e77,1378,2,3,-5808.409196201663,-8007.402613499199
inferred_20260921_seed0,0,11ed1195aabfcd298bcaf379e7f064ad8010cd8ca67a057b647baa8bf9ef6e77,1378,3,3,-6090.307743369544,-6248.210865853775
inferred_20260921_seed0,0,11ed1195aabfcd298bcaf379e7f064ad8010cd8ca67a057b647baa8bf9ef6e77,1379,1,3,-17995.599526018304,-17848.081093849596
inferred_20260921_seed0,0,11ed1195aabfcd298bcaf379e7f064ad8010cd8ca67a057b647baa8bf9ef6e77,1379,2,3,-8608.827673615404,-8007.9254499913795
inferred_20260921_seed0,0,11ed1195aabfcd298bcaf379e7f064ad8010cd8ca67a057b647baa8bf9ef6e77,1379,3,3,-6635.973956097831,-6252.60052891805
inferred_20260921_seed0,0,11ed1195aabfcd298bcaf379e7f064ad8010cd8ca67a057b647baa8bf9ef6e77,1380,1,3,-17619.96934223483,-17841.96415229158
inferred_20260921_seed0,0,11ed1195aabfcd298bcaf379e7f064ad8010cd8ca67a057b647baa8bf9ef6e77,1380,2,3,-7181.878082916211,-7991.911415345174
inferred_20260921_seed0,0,11ed1195aabfcd298bcaf379e7f064ad8010cd8ca67a057b647baa8bf9ef6e77,1380,3,3,-5801.006479679391,-6231.318167912975
inferred_20260921_seed0,0,11ed1195aabfcd298bcaf379e7f064ad8010cd8ca67a057b647baa8bf9ef6e77,1381,1,3,-17475.18668082971,-17827.223111013926
inferred_20260921_seed0,0,11ed1195aabfcd298bcaf379e7f064ad8010cd8ca67a057b647baa8bf9ef6e77,1381,2,3,-7506.924988180462,-7948.5880100977865
inferred_20260921_seed0,0,11ed1195aabfcd298bcaf379e7f064ad8010cd8ca67a057b647baa8bf9ef6e77,1381,3,3,-6784.510608720898,-6225.7921790399205
inferred_20260921_seed0,0,11ed1195aabfcd298bcaf379e7f064ad8010cd8ca67a057b647baa8bf9ef6e77,1382,1,3,-17863.502822488488,-17826.688724935375
inferred_20260921_seed0,0,11ed1195aabfcd298bcaf379e7f064ad8010cd8ca67a057b647baa8bf9ef6e77,1382,2,3,-6941.1913831039,-7845.161593733248
inferred_20260921_seed0,0,11ed1195aabfcd298bcaf379e7f064ad8010cd8ca67a057b647baa8bf9ef6e77,1382,3,3,-5607.6394708147845,-6184.01024500039
inferred_20260921_seed0,0,11ed1195aabfcd298bcaf379e7f064ad8010cd8ca67a057b647baa8bf9ef6e77,1383,1,3,-17809.11932263342,-17823.502600191892
inferred_20260921_seed0,0,11ed1195aabfcd298bcaf379e7f064ad8010cd8ca67a057b647baa8bf9ef6e77,1383,2,3,-6163.273492681881,-7804.771323944606
inferred_20260921_seed0,0,11ed1195aabfcd298bcaf379e7f064ad8010cd8ca67a057b647baa8bf9ef6e77,1383,3,3,-6383.680780425311,-6223.82001404066
inferred_20260921_seed0,0,11ed1195aabfcd298bcaf379e7f064ad8010cd8ca67a057b647baa8bf9ef6e77,1384,1,3,-17652.495641896807,-17814.226222623707
inferred_20260921_seed0,0,11ed1195aabfcd298bcaf379e7f064ad8010cd8ca67a057b647baa8bf9ef6e77,1384,2,3,-8680.961344325548,-7796.5073441338145
inferred_20260921_seed0,0,11ed1195aabfcd298bcaf379e7f064ad8010cd8ca67a057b647baa8bf9ef6e77,1384,3,3,-6211.643038894581,-6177.349774876641
inferred_20260921_seed0,0,11ed1195aabfcd298bcaf379e7f064ad8010cd8ca67a057b647baa8bf9ef6e77,1385,1,3,-17984.21284006233,-17823.077961856518
inferred_20260921_seed0,0,11ed1195aabfcd298bcaf379e7f064ad8010cd8ca67a057b647baa8bf9ef6e77,1385,2,3,-8708.711374787454,-7865.790026261053
inferred_20260921_seed0,0,11ed1195aabfcd298bcaf379e7f064ad8010cd8ca67a057b647baa8bf9ef6e77,1385,3,3,-6194.795873178118,-6178.928297809031
inferred_20260921_seed0,0,11ed1195aabfcd298bcaf379e7f064ad8010cd8ca67a057b647baa8bf9ef6e77,1386,1,3,-17888.675147305417,-17820.99449140011
inferred_20260921_seed0,0,11ed1195aabfcd298bcaf379e7f064ad8010cd8ca67a057b647baa8bf9ef6e77,1386,2,3,-7812.152865732518,-7843.889538245675
inferred_20260921_seed0,0,11ed1195aabfcd298bcaf379e7f064ad8010cd8ca67a057b647baa8bf9ef6e77,1386,3,3,-4626.679022647284,-6127.088100995998
inferred_20260921_seed0,0,11ed1195aabfcd298bcaf379e7f064ad8010cd8ca67a057b647baa8bf9ef6e77,1387,1,3,-17784.63868918484,-17828.608798423036
inferred_20260921_seed0,0,11ed1195aabfcd298bcaf379e7f064ad8010cd8ca67a057b647baa8bf9ef6e77,1387,2,3,-8202.216055380875,-7828.290010047712
inferred_20260921_seed0,0,11ed1195aabfcd298bcaf379e7f064ad8010cd8ca67a057b647baa8bf9ef6e77,1387,3,3,-5257.37432155287,-6023.308035698359
inferred_20260921_seed0,0,11ed1195aabfcd298bcaf379e7f064ad8010cd8ca67a057b647baa8bf9ef6e77,1388,1,3,-17809.22103172535,-17824.814115257344
inferred_20260921_seed0,0,11ed1195aabfcd298bcaf379e7f064ad8010cd8ca67a057b647baa8bf9ef6e77,1388,2,3,-6721.25274601998,-7700.0443862516895
inferred_20260921_seed0,0,11ed1195aabfcd298bcaf379e7f064ad8010cd8ca67a057b647baa8bf9ef6e77,1388,3,3,-5801.288950443889,-5982.336621086453
inferred_20260921_seed0,0,11ed1195aabfcd298bcaf379e7f064ad8010cd8ca67a057b647baa8bf9ef6e77,1389,1,3,-17911.379441811056,-17828.351593957446
inferred_20260921_seed0,0,11ed1195aabfcd298bcaf379e7f064ad8010cd8ca67a057b647baa8bf9ef6e77,1389,2,3,-7144.735947988298,-7683.523876520564
inferred_20260921_seed0,0,11ed1195aabfcd298bcaf379e7f064ad8010cd8ca67a057b647baa8bf9ef6e77,1389,3,3,-6715.858751636595,-6015.1958800769235
inferred_20260921_seed0,0,11ed1195aabfcd298bcaf379e7f064ad8010cd8ca67a057b647baa8bf9ef6e77,1390,1,3,-17863.59494736833,-17825.434672743868
inferred_20260921_seed0,0,11ed1195aabfcd298bcaf379e7f064ad8010cd8ca67a057b647baa8bf9ef6e77,1390,2,3,-7731.988448096118,-7689.658751210349
inferred_20260921_seed0,0,11ed1195aabfcd298bcaf379e7f064ad8010cd8ca67a057b647baa8bf9ef6e77,1390,3,3,-4949.586621801507,-5835.2154526611985
inferred_20260921_seed0,0,11ed1195aabfcd298bcaf379e7f064ad8010cd8ca67a057b647baa8bf9ef6e77,1391,1,3,-17676.905388021987,-17835.7057623885
inferred_20260921_seed0,0,11ed1195aabfcd298bcaf379e7f064ad8010cd8ca67a057b647baa8bf9ef6e77,1391,2,3,-7381.99459080939,-7695.999940228072
inferred_20260921_seed0,0,11ed1195aabfcd298bcaf379e7f064ad8010cd8ca67a057b647baa8bf9ef6e77,1391,3,3,-4963.823624409023,-5863.103033773243
inferred_20260921_seed0,0,11ed1195aabfcd298bcaf379e7f064ad8010cd8ca67a057b647baa8bf9ef6e77,1392,1,3,-17745.71149258629,-17837.190554933644
inferred_20260921_seed0,0,11ed1195aabfcd298bcaf379e7f064ad8010cd8ca67a057b647baa8bf9ef6e77,1392,2,3,-6770.757788885057,-7652.825692886349
inferred_20260921_seed0,0,11ed1195aabfcd298bcaf379e7f064ad8010cd8ca67a057b647baa8bf9ef6e77,1392,3,3,-5256.242656231249,-5869.932150396756
inferred_20260921_seed0,0,11ed1195aabfcd298bcaf379e7f064ad8010cd8ca67a057b647baa8bf9ef6e77,1393,1,3,-17672.28069228321,-17831.36792627693
inferred_20260921_seed0,0,11ed1195aabfcd298bcaf379e7f064ad8010cd8ca67a057b647baa8bf9ef6e77,1393,2,3,-8340.360457793857,-7648.508405637287
inferred_20260921_seed0,0,11ed1195aabfcd298bcaf379e7f064ad8010cd8ca67a057b647baa8bf9ef6e77,1393,3,3,-6582.637262624535,-5894.346426366158
inferred_20260921_seed0,0,11ed1195aabfcd298bcaf379e7f064ad8010cd8ca67a057b647baa8bf9ef6e77,1394,1,3,-17806.42670080151,-17829.382031771533
inferred_20260921_seed0,0,11ed1195aabfcd298bcaf379e7f064ad8010cd8ca67a057b647baa8bf9ef6e77,1394,2,3,-8236.504485463824,-7663.448636953633
inferred_20260921_seed0,0,11ed1195aabfcd298bcaf379e7f064ad8010cd8ca67a057b647baa8bf9ef6e77,1394,3,3,-5890.065827562817,-5844.020308073938
inferred_20260921_seed0,0,11ed1195aabfcd298bcaf379e7f064ad8010cd8ca67a057b647baa8bf9ef6e77,1395,1,3,-17699.838322443444,-17822.375184522447
inferred_20260921_seed0,0,11ed1195aabfcd298bcaf379e7f064ad8010cd8ca67a057b647baa8bf9ef6e77,1395,2,3,-7709.900839711816,-7614.7579845903165
inferred_20260921_seed0,0,11ed1195aabfcd298bcaf379e7f064ad8010cd8ca67a057b647baa8bf9ef6e77,1395,3,3,-6132.056120712903,-5820.2477437211155
inferred_20260921_seed0,0,11ed1195aabfcd298bcaf379e7f064ad8010cd8ca67a057b647baa8bf9ef6e77,1396,1,3,-17858.90549665437,-17816.500238119796
inferred_20260921_seed0,0,11ed1195aabfcd298bcaf379e7f064ad8010cd8ca67a057b647baa8bf9ef6e77,1396,2,3,-6715.693828807016,-7501.429614752386
inferred_20260921_seed0,0,11ed1195aabfcd298bcaf379e7f064ad8010cd8ca67a057b647baa8bf9ef6e77,1396,3,3,-7208.88467309339,-5884.691982699145
inferred_20260921_seed0,0,11ed1195aabfcd298bcaf379e7f064ad8010cd8ca67a057b647baa8bf9ef6e77,1397,1,3,-17867.70617547336,-17811.351760620582
inferred_20260921_seed0,0,11ed1195aabfcd298bcaf379e7f064ad8010cd8ca67a057b647baa8bf9ef6e77,1397,2,3,-8502.92369412773,-7473.116362962933
inferred_20260921_seed0,0,11ed1195aabfcd298bcaf379e7f064ad8010cd8ca67a057b647baa8bf9ef6e77,1397,3,3,-7228.2405791707715,-5947.173539829672
inferred_20260921_seed0,0,11ed1195aabfcd298bcaf379e7f064ad8010cd8ca67a057b647baa8bf9ef6e77,1398,1,3,-17730.152762341455,-17805.99394191483
inferred_20260921_seed0,0,11ed1195aabfcd298bcaf379e7f064ad8010cd8ca67a057b647baa8bf9ef6e77,1398,2,3,-8649.56622663587,-7496.170248790772
inferred_20260921_seed0,0,11ed1195aabfcd298bcaf379e7f064ad8010cd8ca67a057b647baa8bf9ef6e77,1398,3,3,-5657.619253121264,-5898.225970529898
inferred_20260921_seed0,0,11ed1195aabfcd298bcaf379e7f064ad8010cd8ca67a057b647baa8bf9ef6e77,1399,1,3,-17718.329145442796,-17797.640437023794
inferred_20260921_seed0,0,11ed1195aabfcd298bcaf379e7f064ad8010cd8ca67a057b647baa8bf9ef6e77,1399,2,3,-7015.337090935052,-7512.6419496456465
inferred_20260921_seed0,0,11ed1195aabfcd298bcaf379e7f064ad8010cd8ca67a057b647baa8bf9ef6e77,1399,3,3,-6305.006856741888,-5901.593705906582
inferred_20260921_seed0,0,11ed1195aabfcd298bcaf379e7f064ad8010cd8ca67a057b647baa8bf9ef6e77,1400,1,3,-17428.433712327045,-17783.339167801045
inferred_20260921_seed0,0,11ed1195aabfcd298bcaf379e7f064ad8010cd8ca67a057b647baa8bf9ef6e77,1400,2,3,-8104.960533763045,-7558.245590626342
inferred_20260921_seed0,0,11ed1195aabfcd298bcaf379e7f064ad8010cd8ca67a057b647baa8bf9ef6e77,1400,3,3,-5595.520375932048,-5935.774185369778
inferred_20260921_seed0,0,11ed1195aabfcd298bcaf379e7f064ad8010cd8ca67a057b647baa8bf9ef6e77,1401,1,3,-17693.46702843617,-17773.332664019763
inferred_20260921_seed0,0,11ed1195aabfcd298bcaf379e7f064ad8010cd8ca67a057b647baa8bf9ef6e77,1401,2,3,-8063.048519923793,-7584.275380203975
inferred_20260921_seed0,0,11ed1195aabfcd298bcaf379e7f064ad8010cd8ca67a057b647baa8bf9ef6e77,1401,3,3,-6230.470170664283,-5987.584462150804
inferred_20260921_seed0,0,11ed1195aabfcd298bcaf379e7f064ad8010cd8ca67a057b647baa8bf9ef6e77,1402,1,3,-17713.050836642717,-17764.923212937752
inferred_20260921_seed0,0,11ed1195aabfcd298bcaf379e7f064ad8010cd8ca67a057b647baa8bf9ef6e77,1402,2,3,-8242.327029312317,-7637.835947407963
inferred_20260921_seed0,0,11ed1195aabfcd298bcaf379e7f064ad8010cd8ca67a057b647baa8bf9ef6e77,1402,3,3,-6204.8555081587165,-6012.630741107419
inferred_20260921_seed0,0,11ed1195aabfcd298bcaf379e7f064ad8010cd8ca67a057b647baa8bf9ef6e77,1403,1,3,-17666.479693314046,-17757.41131521309
inferred_20260921_seed0,0,11ed1195aabfcd298bcaf379e7f064ad8010cd8ca67a057b647baa8bf9ef6e77,1403,2,3,-6957.091971682003,-7683.783258427176
inferred_20260921_seed0,0,11ed1195aabfcd298bcaf379e7f064ad8010cd8ca67a057b647baa8bf9ef6e77,1403,3,3,-5693.679139371753,-5996.765596947508
inferred_20260921_seed0,0,11ed1195aabfcd298bcaf379e7f064ad8010cd8ca67a057b647baa8bf9ef6e77,1404,1,3,-17643.47963280233,-17743.32651948445
inferred_20260921_seed0,0,11ed1195aabfcd298bcaf379e7f064ad8010cd8ca67a057b647baa8bf9ef6e77,1404,2,3,-9206.889680380587,-7707.705738697784
inferred_20260921_seed0,0,11ed1195aabfcd298bcaf379e7f064ad8010cd8ca67a057b647baa8bf9ef6e77,1404,3,3,-4959.908342959568,-5929.722972421978
inferred_20260921_seed0,0,11ed1195aabfcd298bcaf379e7f064ad8010cd8ca67a057b647baa8bf9ef6e77,1405,1,3,-17722.833253611447,-17747.441075939518
inferred_20260921_seed0,0,11ed1195aabfcd298bcaf379e7f064ad8010cd8ca67a057b647baa8bf9ef6e77,1405,2,3,-7618.894369098299,-7725.186390145068
inferred_20260921_seed0,0,11ed1195aabfcd298bcaf379e7f064ad8010cd8ca67a057b647baa8bf9ef6e77,1405,3,3,-6248.52233697814,-5947.623606713928
inferred_20260921_seed0,0,11ed1195aabfcd298bcaf379e7f064ad8010cd8ca67a057b647baa8bf9ef6e77,1406,1,3,-17961.78776440874,-17766.905119282677
inferred_20260921_seed0,0,11ed1195aabfcd298bcaf379e7f064ad8010cd8ca67a057b647baa8bf9ef6e77,1406,2,3,-6944.0835816053495,-7702.672733882064
inferred_20260921_seed0,0,11ed1195aabfcd298bcaf379e7f064ad8010cd8ca67a057b647baa8bf9ef6e77,1406,3,3,-6227.005545579634,-5925.323404188277
inferred_20260921_seed0,0,11ed1195aabfcd298bcaf379e7f064ad8010cd8ca67a057b647baa8bf9ef6e77,1407,1,3,-18013.48761427524,-17772.904510954148
inferred_20260921_seed0,0,11ed1195aabfcd298bcaf379e7f064ad8010cd8ca67a057b647baa8bf9ef6e77,1407,2,3,-8194.169477233201,-7752.791857647236
inferred_20260921_seed0,0,11ed1195aabfcd298bcaf379e7f064ad8010cd8ca67a057b647baa8bf9ef6e77,1407,3,3,-6985.951775657095,-5980.45589638197
inferred_20260921_seed0,0,11ed1195aabfcd298bcaf379e7f064ad8010cd8ca67a057b647baa8bf9ef6e77,1408,1,3,-17539.204956481386,-17762.107936308068
inferred_20260921_seed0,0,11ed1195aabfcd298bcaf379e7f064ad8010cd8ca67a057b647baa8bf9ef6e77,1408,2,3,-8000.491766194405,-7826.280588587737
inferred_20260921_seed0,0,11ed1195aabfcd298bcaf379e7f064ad8010cd8ca67a057b647baa8bf9ef6e77,1408,3,3,-6563.663490831928,-5987.655204798235
inferred_20260921_seed0,0,11ed1195aabfcd298bcaf379e7f064ad8010cd8ca67a057b647baa8bf9ef6e77,1409,1,3,-17396.74606166606,-17751.87795309884
inferred_20260921_seed0,0,11ed1195aabfcd298bcaf379e7f064ad8010cd8ca67a057b647baa8bf9ef6e77,1409,2,3,-8459.140960258115,-7817.407773225039
inferred_20260921_seed0,0,11ed1195aabfcd298bcaf379e7f064ad8010cd8ca67a057b647baa8bf9ef6e77,1409,3,3,-5354.975178813395,-5953.3884903949875
inferred_20260921_seed0,0,11ed1195aabfcd298bcaf379e7f064ad8010cd8ca67a057b647baa8bf9ef6e77,1410,1,3,-17759.16880280972,-17742.876191608735
inferred_20260921_seed0,0,11ed1195aabfcd298bcaf379e7f064ad8010cd8ca67a057b647baa8bf9ef6e77,1410,2,3,-9721.478766235585,-7857.918468882965
inferred_20260921_seed0,0,11ed1195aabfcd298bcaf379e7f064ad8010cd8ca67a057b647baa8bf9ef6e77,1410,3,3,-6191.715079341011,-5953.2652586415015
inferred_20260921_seed0,0,11ed1195aabfcd298bcaf379e7f064ad8010cd8ca67a057b647baa8bf9ef6e77,1411,1,3,-17422.28504494647,-17724.220587514377
inferred_20260921_seed0,0,11ed1195aabfcd298bcaf379e7f064ad8010cd8ca67a057b647baa8bf9ef6e77,1411,2,3,-8310.70171377542,-7877.860422804681
inferred_20260921_seed0,0,11ed1195aabfcd298bcaf379e7f064ad8010cd8ca67a057b647baa8bf9ef6e77,1411,3,3,-7072.944184610173,-6051.1158651200185
inferred_20260921_seed0,0,11ed1195aabfcd298bcaf379e7f064ad8010cd8ca67a057b647baa8bf9ef6e77,1412,1,3,-17718.735653390548,-17721.584466082604
inferred_20260921_seed0,0,11ed1195aabfcd298bcaf379e7f064ad8010cd8ca67a057b647baa8bf9ef6e77,1412,2,3,-7808.377607005406,-7862.1068848696605
inferred_20260921_seed0,0,11ed1195aabfcd298bcaf379e7f064ad8010cd8ca67a057b647baa8bf9ef6e77,1412,3,3,-6394.574311253507,-6096.603864708043
inferred_20260921_seed0,0,11ed1195aabfcd298bcaf379e7f064ad8010cd8ca67a057b647baa8bf9ef6e77,1413,1,3,-17756.588677643445,-17719.479171919327
inferred_20260921_seed0,0,11ed1195aabfcd298bcaf379e7f064ad8010cd8ca67a057b647baa8bf9ef6e77,1413,2,3,-7067.60577353221,-7875.96100597015
inferred_20260921_seed0,0,11ed1195aabfcd298bcaf379e7f064ad8010cd8ca67a057b647baa8bf9ef6e77,1413,3,3,-6366.748001805192,-6119.222226762495
inferred_20260921_seed0,0,11ed1195aabfcd298bcaf379e7f064ad8010cd8ca67a057b647baa8bf9ef6e77,1414,1,3,-17741.267077213917,-17712.67467733544
inferred_20260921_seed0,0,11ed1195aabfcd298bcaf379e7f064ad8010cd8ca67a057b647baa8bf9ef6e77,1414,2,3,-8570.842627245354,-7933.005273140434
inferred_20260921_seed0,0,11ed1195aabfcd298bcaf379e7f064ad8010cd8ca67a057b647baa8bf9ef6e77,1414,3,3,-6347.43222356057,-6104.485165639455
inferred_20260921_seed0,0,11ed1195aabfcd298bcaf379e7f064ad8010cd8ca67a057b647baa8bf9ef6e77,1415,1,3,-17757.579939960822,-17708.434077039143
inferred_20260921_seed0,0,11ed1195aabfcd298bcaf379e7f064ad8010cd8ca67a057b647baa8bf9ef6e77,1415,2,3,-8362.228553597768,-7958.2148773604995
inferred_20260921_seed0,0,11ed1195aabfcd298bcaf379e7f064ad8010cd8ca67a057b647baa8bf9ef6e77,1415,3,3,-5846.048550457135,-6140.34364278568
inferred_20260921_seed0,0,11ed1195aabfcd298bcaf379e7f064ad8010cd8ca67a057b647baa8bf9ef6e77,1416,1,3,-17724.604034807493,-17710.34202291056
inferred_20260921_seed0,0,11ed1195aabfcd298bcaf379e7f064ad8010cd8ca67a057b647baa8bf9ef6e77,1416,2,3,-8428.211776140712,-8000.063564773752
inferred_20260921_seed0,0,11ed1195aabfcd298bcaf379e7f064ad8010cd8ca67a057b647baa8bf9ef6e77,1416,3,3,-7259.27606220311,-6232.161740297443
inferred_20260921_seed0,0,11ed1195aabfcd298bcaf379e7f064ad8010cd8ca67a057b647baa8bf9ef6e77,1417,1,3,-17675.569554592184,-17707.5363453908
inferred_20260921_seed0,0,11ed1195aabfcd298bcaf379e7f064ad8010cd8ca67a057b647baa8bf9ef6e77,1417,2,3,-7507.218872890542,-8029.52200813397
inferred_20260921_seed0,0,11ed1195aabfcd298bcaf379e7f064ad8010cd8ca67a057b647baa8bf9ef6e77,1417,3,3,-6064.596003719886,-6264.4958741969895
inferred_20260921_seed0,0,11ed1195aabfcd298bcaf379e7f064ad8010cd8ca67a057b647baa8bf9ef6e77,1418,1,3,-18015.750957874527,-17721.27515601445
inferred_20260921_seed0,0,11ed1195aabfcd298bcaf379e7f064ad8010cd8ca67a057b647baa8bf9ef6e77,1418,2,3,-7399.463007137252,-7991.886110107706
inferred_20260921_seed0,0,11ed1195aabfcd298bcaf379e7f064ad8010cd8ca67a057b647baa8bf9ef6e77,1418,3,3,-6427.945385378562,-6258.308199107149
inferred_20260921_seed0,0,11ed1195aabfcd298bcaf379e7f064ad8010cd8ca67a057b647baa8bf9ef6e77,1419,1,3,-17784.71528588049,-17720.40669941761
inferred_20260921_seed0,0,11ed1195aabfcd298bcaf379e7f064ad8010cd8ca67a057b647baa8bf9ef6e77,1419,2,3,-8114.280654933309,-7986.997156886487
inferred_20260921_seed0,0,11ed1195aabfcd298bcaf379e7f064ad8010cd8ca67a057b647baa8bf9ef6e77,1419,3,3,-6202.248040347651,-6270.795487618543
inferred_20260921_seed0,0,11ed1195aabfcd298bcaf379e7f064ad8010cd8ca67a057b647baa8bf9ef6e77,1420,1,3,-17700.005505968402,-17720.413386758606
inferred_20260921_seed0,0,11ed1195aabfcd298bcaf379e7f064ad8010cd8ca67a057b647baa8bf9ef6e77,1420,2,3,-7803.601016080877,-7990.745163941249
inferred_20260921_seed0,0,11ed1195aabfcd298bcaf379e7f064ad8010cd8ca67a057b647baa8bf9ef6e77,1420,3,3,-7326.18288791317,-6318.5605583065535
inferred_20260921_seed0,0,11ed1195aabfcd298bcaf379e7f064ad8010cd8ca67a057b647baa8bf9ef6e77,1421,1,3,-17756.16846602976,-17716.303905533623
inferred_20260921_seed0,0,11ed1195aabfcd298bcaf379e7f064ad8010cd8ca67a057b647baa8bf9ef6e77,1421,2,3,-8534.472703767335,-8063.496318939661
inferred_20260921_seed0,0,11ed1195aabfcd298bcaf379e7f064ad8010cd8ca67a057b647baa8bf9ef6e77,1421,3,3,-6530.318201404853,-6291.417899439012
inferred_20260921_seed0,0,11ed1195aabfcd298bcaf379e7f064ad8010cd8ca67a057b647baa8bf9ef6e77,1422,1,3,-17844.26787484037,-17715.366373508303
inferred_20260921_seed0,0,11ed1195aabfcd298bcaf379e7f064ad8010cd8ca67a057b647baa8bf9ef6e77,1422,2,3,-7745.904536647235,-8033.215552640441
inferred_20260921_seed0,0,11ed1195aabfcd298bcaf379e7f064ad8010cd8ca67a057b647baa8bf9ef6e77,1422,3,3,-8246.551316969475,-6332.15032895096
inferred_20260921_seed0,0,11ed1195aabfcd298bcaf379e7f064ad8010cd8ca67a057b647baa8bf9ef6e77,1423,1,3,-17793.95797748942,-17717.918582114224
inferred_20260921_seed0,0,11ed1195aabfcd298bcaf379e7f064ad8010cd8ca67a057b647baa8bf9ef6e77,1423,2,3,-7523.54828929522,-7988.174835146816
inferred_20260921_seed0,0,11ed1195aabfcd298bcaf379e7f064ad8010cd8ca67a057b647baa8bf9ef6e77,1423,3,3,-5367.1304354204985,-6320.53077624293
inferred_20260921_seed0,0,11ed1195aabfcd298bcaf379e7f064ad8010cd8ca67a057b647baa8bf9ef6e77,1424,1,3,-17788.83770364216,-17720.738924442197
inferred_20260921_seed0,0,11ed1195aabfcd298bcaf379e7f064ad8010cd8ca67a057b647baa8bf9ef6e77,1424,2,3,-7305.328875343383,-7999.774506523148
inferred_20260921_seed0,0,11ed1195aabfcd298bcaf379e7f064ad8010cd8ca67a057b647baa8bf9ef6e77,1424,3,3,-5428.535263067127,-6285.471912495938
inferred_20260921_seed0,0,11ed1195aabfcd298bcaf379e7f064ad8010cd8ca67a057b647baa8bf9ef6e77,1425,1,3,-18066.575752539677,-17746.264606050703
inferred_20260921_seed0,0,11ed1195aabfcd298bcaf379e7f064ad8010cd8ca67a057b647baa8bf9ef6e77,1425,2,3,-8183.438704932187,-8002.913633369914
inferred_20260921_seed0,0,11ed1195aabfcd298bcaf379e7f064ad8010cd8ca67a057b647baa8bf9ef6e77,1425,3,3,-5272.308616648528,-6272.543442124597
inferred_20260921_seed0,0,11ed1195aabfcd298bcaf379e7f064ad8010cd8ca67a057b647baa8bf9ef6e77,1426,1,3,-17687.455733894265,-17746.024154269024
inferred_20260921_seed0,0,11ed1195aabfcd298bcaf379e7f064ad8010cd8ca67a057b647baa8bf9ef6e77,1426,2,3,-9372.977689303883,-8055.310800145118
inferred_20260921_seed0,0,11ed1195aabfcd298bcaf379e7f064ad8010cd8ca67a057b647baa8bf9ef6e77,1426,3,3,-5464.149610201298,-6241.890619706079
inferred_20260921_seed0,0,11ed1195aabfcd298bcaf379e7f064ad8010cd8ca67a057b647baa8bf9ef6e77,1427,1,3,-17781.87920185014,-17748.777288877325
inferred_20260921_seed0,0,11ed1195aabfcd298bcaf379e7f064ad8010cd8ca67a057b647baa8bf9ef6e77,1427,2,3,-7032.839165673821,-8006.931285599579
inferred_20260921_seed0,0,11ed1195aabfcd298bcaf379e7f064ad8010cd8ca67a057b647baa8bf9ef6e77,1427,3,3,-6814.003976090167,-6266.256558423337
inferred_20260921_seed0,0,11ed1195aabfcd298bcaf379e7f064ad8010cd8ca67a057b647baa8bf9ef6e77,1428,1,3,-17675.8256200932,-17749.15112594849
inferred_20260921_seed0,0,11ed1195aabfcd298bcaf379e7f064ad8010cd8ca67a057b647baa8bf9ef6e77,1428,2,3,-7004.809298674134,-8008.839978679263
inferred_20260921_seed0,0,11ed1195aabfcd298bcaf379e7f064ad8010cd8ca67a057b647baa8bf9ef6e77,1428,3,3,-5336.864393845837,-6251.983968602301
inferred_20260921_seed0,0,11ed1195aabfcd298bcaf379e7f064ad8010cd8ca67a057b647baa8bf9ef6e77,1429,1,3,-17789.102949402575,-17754.976058612498
inferred_20260921_seed0,0,11ed1195aabfcd298bcaf379e7f064ad8010cd8ca67a057b647baa8bf9ef6e77,1429,2,3,-8816.121010651994,-7993.20923189012
inferred_20260921_seed0,0,11ed1195aabfcd298bcaf379e7f064ad8010cd8ca67a057b647baa8bf9ef6e77,1429,3,3,-5012.556559357279,-6254.089897258208
inferred_20260921_seed0,0,11ed1195aabfcd298bcaf379e7f064ad8010cd8ca67a057b647baa8bf9ef6e77,1430,1,3,-17774.119492948448,-17757.02750818598
inferred_20260921_seed0,0,11ed1195aabfcd298bcaf379e7f064ad8010cd8ca67a057b647baa8bf9ef6e77,1430,2,3,-7469.890977787351,-7987.249096237681
inferred_20260921_seed0,0,11ed1195aabfcd298bcaf379e7f064ad8010cd8ca67a057b647baa8bf9ef6e77,1430,3,3,-6741.35399591318,-6273.803163615611
inferred_20260921_seed0,0,11ed1195aabfcd298bcaf379e7f064ad8010cd8ca67a057b647baa8bf9ef6e77,1431,1,3,-17640.55311851651,-17744.17812235029
inferred_20260921_seed0,0,11ed1195aabfcd298bcaf379e7f064ad8010cd8ca67a057b647baa8bf9ef6e77,1431,2,3,-6264.648911010814,-7960.0717094139
inferred_20260921_seed0,0,11ed1195aabfcd298bcaf379e7f064ad8010cd8ca67a057b647baa8bf9ef6e77,1431,3,3,-5495.152285803659,-6244.529033224571
inferred_20260921_seed0,0,11ed1195aabfcd298bcaf379e7f064ad8010cd8ca67a057b647baa8bf9ef6e77,1432,1,3,-17594.48086502369,-17727.417852380226
inferred_20260921_seed0,0,11ed1195aabfcd298bcaf379e7f064ad8010cd8ca67a057b647baa8bf9ef6e77,1432,2,3,-7257.964659770107,-7922.623516715376
inferred_20260921_seed0,0,11ed1195aabfcd298bcaf379e7f064ad8010cd8ca67a057b647baa8bf9ef6e77,1432,3,3,-4944.747219041061,-6162.88085095993
inferred_20260921_seed0,0,11ed1195aabfcd298bcaf379e7f064ad8010cd8ca67a057b647baa8bf9ef6e77,1433,1,3,-17792.14606666606,-17737.535496787612
inferred_20260921_seed0,0,11ed1195aabfcd298bcaf379e7f064ad8010cd8ca67a057b647baa8bf9ef6e77,1433,2,3,-6172.67795047471,-7849.5109640865885
inferred_20260921_seed0,0,11ed1195aabfcd298bcaf379e7f064ad8010cd8ca67a057b647baa8bf9ef6e77,1433,3,3,-5937.333800328157,-6137.82766333978
inferred_20260921_seed0,0,11ed1195aabfcd298bcaf379e7f064ad8010cd8ca67a057b647baa8bf9ef6e77,1434,1,3,-17763.57825308781,-17752.208784444483
inferred_20260921_seed0,0,11ed1195aabfcd298bcaf379e7f064ad8010cd8ca67a057b647baa8bf9ef6e77,1434,2,3,-7720.266571363293,-7819.955988530796
inferred_20260921_seed0,0,11ed1195aabfcd298bcaf379e7f064ad8010cd8ca67a057b647baa8bf9ef6e77,1434,3,3,-5934.361544597879,-6161.003117971159
inferred_20260921_seed0,0,11ed1195aabfcd298bcaf379e7f064ad8010cd8ca67a057b647baa8bf9ef6e77,1435,1,3,-17725.224306463024,-17750.851004590615
inferred_20260921_seed0,0,11ed1195aabfcd298bcaf379e7f064ad8010cd8ca67a057b647baa8bf9ef6e77,1435,2,3,-8487.599571251216,-7770.600820731422
inferred_20260921_seed0,0,11ed1195aabfcd298bcaf379e7f064ad8010cd8ca67a057b647baa8bf9ef6e77,1435,3,3,-6757.689614846875,-6183.6420993913935
inferred_20260921_seed0,0,11ed1195aabfcd298bcaf379e7f064ad8010cd8ca67a057b647baa8bf9ef6e77,1436,1,3,-17744.517949787558,-17763.740320784258
inferred_20260921_seed0,0,11ed1195aabfcd298bcaf379e7f064ad8010cd8ca67a057b647baa8bf9ef6e77,1436,2,3,-7471.485714629745,-7737.032180765594
inferred_20260921_seed0,0,11ed1195aabfcd298bcaf379e7f064ad8010cd8ca67a057b647baa8bf9ef6e77,1436,3,3,-5885.339966163877,-6136.137930653541
inferred_20260921_seed0,0,11ed1195aabfcd298bcaf379e7f064ad8010cd8ca67a057b647baa8bf9ef6e77,1437,1,3,-17765.38503477501,-17765.606296039638
inferred_20260921_seed0,0,11ed1195aabfcd298bcaf379e7f064ad8010cd8ca67a057b647baa8bf9ef6e77,1437,2,3,-7291.425252779124,-7716.354086596543
inferred_20260921_seed0,0,11ed1195aabfcd298bcaf379e7f064ad8010cd8ca67a057b647baa8bf9ef6e77,1437,3,3,-5812.556381063529,-6112.857213445943
inferred_20260921_seed0,0,11ed1195aabfcd298bcaf379e7f064ad8010cd8ca67a057b647baa8bf9ef6e77,1438,1,3,-17865.37772547634,-17769.957857952955
inferred_20260921_seed0,0,11ed1195aabfcd298bcaf379e7f064ad8010cd8ca67a057b647baa8bf9ef6e77,1438,2,3,-7743.046748145967,-7743.371725581094
inferred_20260921_seed0,0,11ed1195aabfcd298bcaf379e7f064ad8010cd8ca67a057b647baa8bf9ef6e77,1438,3,3,-6368.822834977766,-6112.940206772846
inferred_20260921_seed0,0,11ed1195aabfcd298bcaf379e7f064ad8010cd8ca67a057b647baa8bf9ef6e77,1439,1,3,-17821.749638945723,-17773.177160422227
inferred_20260921_seed0,0,11ed1195aabfcd298bcaf379e7f064ad8010cd8ca67a057b647baa8bf9ef6e77,1439,2,3,-7293.0797343972945,-7692.261209867171
inferred_20260921_seed0,0,11ed1195aabfcd298bcaf379e7f064ad8010cd8ca67a057b647baa8bf9ef6e77,1439,3,3,-5583.32990269561,-6082.376113938247
inferred_20260921_seed0,0,11ed1195aabfcd298bcaf379e7f064ad8010cd8ca67a057b647baa8bf9ef6e77,1440,1,3,-17720.859944694042,-17771.708360611556
inferred_20260921_seed0,0,11ed1195aabfcd298bcaf379e7f064ad8010cd8ca67a057b647baa8bf9ef6e77,1440,2,3,-8010.726642060665,-7678.201133405687
inferred_20260921_seed0,0,11ed1195aabfcd298bcaf379e7f064ad8010cd8ca67a057b647baa8bf9ef6e77,1440,3,3,-5274.489853667266,-6059.513766066652
inferred_20260921_seed0,0,11ed1195aabfcd298bcaf379e7f064ad8010cd8ca67a057b647baa8bf9ef6e77,1441,1,3,-17927.42102454794,-17779.821040201172
inferred_20260921_seed0,0,11ed1195aabfcd298bcaf379e7f064ad8010cd8ca67a057b647baa8bf9ef6e77,1441,2,3,-7588.290763262892,-7644.604292890575
inferred_20260921_seed0,0,11ed1195aabfcd298bcaf379e7f064ad8010cd8ca67a057b647baa8bf9ef6e77,1441,3,3,-6673.505354454036,-6036.08293775669
inferred_20260921_seed0,0,11ed1195aabfcd298bcaf379e7f064ad8010cd8ca67a057b647baa8bf9ef6e77,1442,1,3,-18010.436277987355,-17793.215709136977
inferred_20260921_seed0,0,11ed1195aabfcd298bcaf379e7f064ad8010cd8ca67a057b647baa8bf9ef6e77,1442,2,3,-8524.812150951535,-7685.308024013015
inferred_20260921_seed0,0,11ed1195aabfcd298bcaf379e7f064ad8010cd8ca67a057b647baa8bf9ef6e77,1442,3,3,-5365.479808115217,-6008.118289932501
inferred_20260921_seed0,0,11ed1195aabfcd298bcaf379e7f064ad8010cd8ca67a057b647baa8bf9ef6e77,1443,1,3,-17806.65038838172,-17784.851686357266
inferred_20260921_seed0,0,11ed1195aabfcd298bcaf379e7f064ad8010cd8ca67a057b647baa8bf9ef6e77,1443,2,3,-9284.502188241266,-7760.709591257174
inferred_20260921_seed0,0,11ed1195aabfcd298bcaf379e7f064ad8010cd8ca67a057b647baa8bf9ef6e77,1443,3,3,-7249.102710793437,-6040.964582949096
inferred_20260921_seed0,0,11ed1195aabfcd298bcaf379e7f064ad8010cd8ca67a057b647baa8bf9ef6e77,1444,1,3,-17775.481026070564,-17784.48231596487
inferred_20260921_seed0,0,11ed1195aabfcd298bcaf379e7f064ad8010cd8ca67a057b647baa8bf9ef6e77,1444,2,3,-8327.526169659057,-7769.239411846203
inferred_20260921_seed0,0,11ed1195aabfcd298bcaf379e7f064ad8010cd8ca67a057b647baa8bf9ef6e77,1444,3,3,-5914.738129187732,-6029.464186502701
inferred_20260921_seed0,0,11ed1195aabfcd298bcaf379e7f064ad8010cd8ca67a057b647baa8bf9ef6e77,1445,1,3,-17567.63758147866,-17779.18759898528
inferred_20260921_seed0,0,11ed1195aabfcd298bcaf379e7f064ad8010cd8ca67a057b647baa8bf9ef6e77,1445,2,3,-7895.3121112362205,-7772.907855652418
inferred_20260921_seed0,0,11ed1195aabfcd298bcaf379e7f064ad8010cd8ca67a057b647baa8bf9ef6e77,1445,3,3,-7073.187345713883,-6019.3443648147295
inferred_20260921_seed0,0,11ed1195aabfcd298bcaf379e7f064ad8010cd8ca67a057b647baa8bf9ef6e77,1446,1,3,-17655.12166957666,-17775.145727127157
inferred_20260921_seed0,0,11ed1195aabfcd298bcaf379e7f064ad8010cd8ca67a057b647baa8bf9ef6e77,1446,2,3,-7298.450084045179,-7723.4669508635325
inferred_20260921_seed0,0,11ed1195aabfcd298bcaf379e7f064ad8010cd8ca67a057b647baa8bf9ef6e77,1446,3,3,-4736.79271088688,-5947.603345194011
inferred_20260921_seed0,0,11ed1195aabfcd298bcaf379e7f064ad8010cd8ca67a057b647baa8bf9ef6e77,1447,1,3,-17763.338919311864,-17771.908568906016
inferred_20260921_seed0,0,11ed1195aabfcd298bcaf379e7f064ad8010cd8ca67a057b647baa8bf9ef6e77,1447,2,3,-7691.272255417492,-7721.281659614342
inferred_20260921_seed0,0,11ed1195aabfcd298bcaf379e7f064ad8010cd8ca67a057b647baa8bf9ef6e77,1447,3,3,-6961.474209636655,-5896.200260900698
inferred_20260921_seed0,0,11ed1195aabfcd298bcaf379e7f064ad8010cd8ca67a057b647baa8bf9ef6e77,1448,1,3,-17675.610291578378,-17767.174661469573
inferred_20260921_seed0,0,11ed1195aabfcd298bcaf379e7f064ad8010cd8ca67a057b647baa8bf9ef6e77,1448,2,3,-8743.351069710432,-7770.07377083095
inferred_20260921_seed0,0,11ed1195aabfcd298bcaf379e7f064ad8010cd8ca67a057b647baa8bf9ef6e77,1448,3,3,-5431.83725893344,-5898.788533841214
inferred_20260921_seed0,0,11ed1195aabfcd298bcaf379e7f064ad8010cd8ca67a057b647baa8bf9ef6e77,1449,1,3,-17711.156578612274,-17764.06741646838
inferred_20260921_seed0,0,11ed1195aabfcd298bcaf379e7f064ad8010cd8ca67a057b647baa8bf9ef6e77,1449,2,3,-7251.600434297469,-7767.924633189114
inferred_20260921_seed0,0,11ed1195aabfcd298bcaf379e7f064ad8010cd8ca67a057b647baa8bf9ef6e77,1449,3,3,-6109.775886233676,-5926.038158767878
inferred_20260921_seed0,0,11ed1195aabfcd298bcaf379e7f064ad8010cd8ca67a057b647baa8bf9ef6e77,1450,1,3,-17728.406542356817,-17750.540648061065
inferred_20260921_seed0,0,11ed1195aabfcd298bcaf379e7f064ad8010cd8ca67a057b647baa8bf9ef6e77,1450,2,3,-7581.708565387857,-7743.855427607341
inferred_20260921_seed0,0,11ed1195aabfcd298bcaf379e7f064ad8010cd8ca67a057b647baa8bf9ef6e77,1450,3,3,-6417.377341161585,-5971.840907748399
inferred_20260921_seed0,0,11ed1195aabfcd298bcaf379e7f064ad8010cd8ca67a057b647baa8bf9ef6e77,1451,1,3,-17758.017453732435,-17753.36311685459
inferred_20260921_seed0,0,11ed1195aabfcd298bcaf379e7f064ad8010cd8ca67a057b647baa8bf9ef6e77,1451,2,3,-7970.261418245993,-7687.746776765025
inferred_20260921_seed0,0,11ed1195aabfcd298bcaf379e7f064ad8010cd8ca67a057b647baa8bf9ef6e77,1451,3,3,-4986.854946226323,-5952.7491211894
inferred_20260921_seed0,0,11ed1195aabfcd298bcaf379e7f064ad8010cd8ca67a057b647baa8bf9ef6e77,1452,1,3,-17738.74748281941,-17751.637848093364
inferred_20260921_seed0,0,11ed1195aabfcd298bcaf379e7f064ad8010cd8ca67a057b647baa8bf9ef6e77,1452,2,3,-6741.798626128672,-7676.105155183219
inferred_20260921_seed0,0,11ed1195aabfcd298bcaf379e7f064ad8010cd8ca67a057b647baa8bf9ef6e77,1452,3,3,-5958.03883543787,-5918.510515563309
inferred_20260921_seed0,0,11ed1195aabfcd298bcaf379e7f064ad8010cd8ca67a057b647baa8bf9ef6e77,1453,1,3,-17763.610419294426,-17755.14924006141
inferred_20260921_seed0,0,11ed1195aabfcd298bcaf379e7f064ad8010cd8ca67a057b647baa8bf9ef6e77,1453,2,3,-8186.463903007485,-7723.371339356553
inferred_20260921_seed0,0,11ed1195aabfcd298bcaf379e7f064ad8010cd8ca67a057b647baa8bf9ef6e77,1453,3,3,-5418.974646045115,-5921.794925651279
inferred_20260921_seed0,0,11ed1195aabfcd298bcaf379e7f064ad8010cd8ca67a057b647baa8bf9ef6e77,1454,1,3,-17724.51930701406,-17752.56589436587
inferred_20260921_seed0,0,11ed1195aabfcd298bcaf379e7f064ad8010cd8ca67a057b647baa8bf9ef6e77,1454,2,3,-7832.042551875209,-7684.008201005481
inferred_20260921_seed0,0,11ed1195aabfcd298bcaf379e7f064ad8010cd8ca67a057b647baa8bf9ef6e77,1454,3,3,-5792.240928155494,-5952.982300403209
inferred_20260921_seed0,0,11ed1195aabfcd298bcaf379e7f064ad8010cd8ca67a057b647baa8bf9ef6e77,1455,1,3,-17673.48660383635,-17748.54057880139
inferred_20260921_seed0,0,11ed1195aabfcd298bcaf379e7f064ad8010cd8ca67a057b647baa8bf9ef6e77,1455,2,3,-8740.966542956423,-7734.851223612244
inferred_20260921_seed0,0,11ed1195aabfcd298bcaf379e7f064ad8010cd8ca67a057b647baa8bf9ef6e77,1455,3,3,-6986.933947159911,-5962.805498453077
inferred_20260921_seed0,0,11ed1195aabfcd298bcaf379e7f064ad8010cd8ca67a057b647baa8bf9ef6e77,1456,1,3,-17680.05962609424,-17750.120839104497
inferred_20260921_seed0,0,11ed1195aabfcd298bcaf379e7f064ad8010cd8ca67a057b647baa8bf9ef6e77,1456,2,3,-8237.17621715366,-7813.752315857959
inferred_20260921_seed0,0,11ed1195aabfcd298bcaf379e7f064ad8010cd8ca67a057b647baa8bf9ef6e77,1456,3,3,-5874.647179118605,-5977.985294185675
inferred_20260921_seed0,0,11ed1195aabfcd298bcaf379e7f064ad8010cd8ca67a057b647baa8bf9ef6e77,1457,1,3,-17774.100137989204,-17757.30561002312
inferred_20260921_seed0,0,11ed1195aabfcd298bcaf379e7f064ad8010cd8ca67a057b647baa8bf9ef6e77,1457,2,3,-8877.645784196673,-7878.539560835022
inferred_20260921_seed0,0,11ed1195aabfcd298bcaf379e7f064ad8010cd8ca67a057b647baa8bf9ef6e77,1457,3,3,-4432.380939794632,-5957.490643015818
inferred_20260921_seed0,0,11ed1195aabfcd298bcaf379e7f064ad8010cd8ca67a057b647baa8bf9ef6e77,1458,1,3,-17797.39634686712,-17757.51562123116
inferred_20260921_seed0,0,11ed1195aabfcd298bcaf379e7f064ad8010cd8ca67a057b647baa8bf9ef6e77,1458,2,3,-6334.694972664953,-7885.020241722631
inferred_20260921_seed0,0,11ed1195aabfcd298bcaf379e7f064ad8010cd8ca67a057b647baa8bf9ef6e77,1458,3,3,-5561.959961711933,-5942.475689471168
inferred_20260921_seed0,0,11ed1195aabfcd298bcaf379e7f064ad8010cd8ca67a057b647baa8bf9ef6e77,1459,1,3,-17792.972647924795,-17758.69139702464
inferred_20260921_seed0,0,11ed1195aabfcd298bcaf379e7f064ad8010cd8ca67a057b647baa8bf9ef6e77,1459,2,3,-8135.627792882642,-7901.634690583405
inferred_20260921_seed0,0,11ed1195aabfcd298bcaf379e7f064ad8010cd8ca67a057b647baa8bf9ef6e77,1459,3,3,-5668.805793133207,-5931.853459412582
inferred_20260921_seed0,0,11ed1195aabfcd298bcaf379e7f064ad8010cd8ca67a057b647baa8bf9ef6e77,1460,1,3,-17796.296372154662,-17761.534279652304
inferred_20260921_seed0,0,11ed1195aabfcd298bcaf379e7f064ad8010cd8ca67a057b647baa8bf9ef6e77,1460,2,3,-7389.127562629926,-7857.695810238552
inferred_20260921_seed0,0,11ed1195aabfcd298bcaf379e7f064ad8010cd8ca67a057b647baa8bf9ef6e77,1460,3,3,-6409.118095742396,-5917.910598648404
inferred_20260921_seed0,0,11ed1195aabfcd298bcaf379e7f064ad8010cd8ca67a057b647baa8bf9ef6e77,1461,1,3,-17725.562400067636,-17760.77605766351
inferred_20260921_seed0,0,11ed1195aabfcd298bcaf379e7f064ad8010cd8ca67a057b647baa8bf9ef6e77,1461,2,3,-9025.406286510291,-7919.852633113775
inferred_20260921_seed0,0,11ed1195aabfcd298bcaf379e7f064ad8010cd8ca67a057b647baa8bf9ef6e77,1461,3,3,-6508.40774586723,-5942.833309836537
inferred_20260921_seed0,0,11ed1195aabfcd298bcaf379e7f064ad8010cd8ca67a057b647baa8bf9ef6e77,1462,1,3,-17853.018098648616,-17764.28138021845
inferred_20260921_seed0,0,11ed1195aabfcd298bcaf379e7f064ad8010cd8ca67a057b647baa8bf9ef6e77,1462,2,3,-8822.094965239063,-7981.079421612173
inferred_20260921_seed0,0,11ed1195aabfcd298bcaf379e7f064ad8010cd8ca67a057b647baa8bf9ef6e77,1462,3,3,-6310.314735217166,-5962.743644002683
inferred_20260921_seed0,0,11ed1195aabfcd298bcaf379e7f064ad8010cd8ca67a057b647baa8bf9ef6e77,1463,1,3,-17674.56064854354,-17756.64869714114
inferred_20260921_seed0,0,11ed1195aabfcd298bcaf379e7f064ad8010cd8ca67a057b647baa8bf9ef6e77,1463,2,3,-9126.453024639895,-8036.41567267193
inferred_20260921_seed0,0,11ed1195aabfcd298bcaf379e7f064ad8010cd8ca67a057b647baa8bf9ef6e77,1463,3,3,-6767.9110294948505,-5978.707171783366
inferred_20260921_seed0,0,11ed1195aabfcd298bcaf379e7f064ad8010cd8ca67a057b647baa8bf9ef6e77,1464,1,3,-17729.133506655984,-17752.94405184955
inferred_20260921_seed0,0,11ed1195aabfcd298bcaf379e7f064ad8010cd8ca67a057b647baa8bf9ef6e77,1464,2,3,-7083.183059668643,-8028.019805682783
inferred_20260921_seed0,0,11ed1195aabfcd298bcaf379e7f064ad8010cd8ca67a057b647baa8bf9ef6e77,1464,3,3,-5832.674041000932,-5988.680937315579
inferred_20260921_seed0,0,11ed1195aabfcd298bcaf379e7f064ad8010cd8ca67a057b647baa8bf9ef6e77,1465,1,3,-17657.85890521475,-17750.424010270377
inferred_20260921_seed0,0,11ed1195aabfcd298bcaf379e7f064ad8010cd8ca67a057b647baa8bf9ef6e77,1465,2,3,-8425.464463264963,-8044.6093185309555
inferred_20260921_seed0,0,11ed1195aabfcd298bcaf379e7f064ad8010cd8ca67a057b647baa8bf9ef6e77,1465,3,3,-6434.511195976989,-6035.081791007968
inferred_20260921_seed0,0,11ed1195aabfcd298bcaf379e7f064ad8010cd8ca67a057b647baa8bf9ef6e77,1466,1,3,-17718.23756003109,-17742.056671689705
inferred_20260921_seed0,0,11ed1195aabfcd298bcaf379e7f064ad8010cd8ca67a057b647baa8bf9ef6e77,1466,2,3,-7550.524045874563,-8043.098649835422
inferred_20260921_seed0,0,11ed1195aabfcd298bcaf379e7f064ad8010cd8ca67a057b647baa8bf9ef6e77,1466,3,3,-7162.960633067493,-6054.6600021525055
inferred_20260921_seed0,0,11ed1195aabfcd298bcaf379e7f064ad8010cd8ca67a057b647baa8bf9ef6e77,1467,1,3,-17783.379598463755,-17732.97440450876
inferred_20260921_seed0,0,11ed1195aabfcd298bcaf379e7f064ad8010cd8ca67a057b647baa8bf9ef6e77,1467,2,3,-7751.598027448257,-8012.170084895291
inferred_20260921_seed0,0,11ed1195aabfcd298bcaf379e7f064ad8010cd8ca67a057b647baa8bf9ef6e77,1467,3,3,-5737.247968007967,-6069.530728548217
inferred_20260921_seed0,0,11ed1195aabfcd298bcaf379e7f064ad8010cd8ca67a057b647baa8bf9ef6e77,1468,1,3,-17793.36824110217,-17732.44311861758
inferred_20260921_seed0,0,11ed1195aabfcd298bcaf379e7f064ad8010cd8ca67a057b647baa8bf9ef6e77,1468,2,3,-6979.374471619876,-7919.964976230436
inferred_20260921_seed0,0,11ed1195aabfcd298bcaf379e7f064ad8010cd8ca67a057b647baa8bf9ef6e77,1468,3,3,-6368.326499408074,-6034.299680092801
inferred_20260921_seed0,0,11ed1195aabfcd298bcaf379e7f064ad8010cd8ca67a057b647baa8bf9ef6e77,1469,1,3,-17886.075445676288,-17736.866895401807
inferred_20260921_seed0,0,11ed1195aabfcd298bcaf379e7f064ad8010cd8ca67a057b647baa8bf9ef6e77,1469,2,3,-8155.009512737617,-7913.064309953579
inferred_20260921_seed0,0,11ed1195aabfcd298bcaf379e7f064ad8010cd8ca67a057b647baa8bf9ef6e77,1469,3,3,-7900.934890322664,-6113.747550538199
inferred_20260921_seed0,0,11ed1195aabfcd298bcaf379e7f064ad8010cd8ca67a057b647baa8bf9ef6e77,1470,1,3,-17691.612338032515,-17741.825885663962
inferred_20260921_seed0,0,11ed1195aabfcd298bcaf379e7f064ad8010cd8ca67a057b647baa8bf9ef6e77,1470,2,3,-8084.106936826211,-7920.616102977177
inferred_20260921_seed0,0,11ed1195aabfcd298bcaf379e7f064ad8010cd8ca67a057b647baa8bf9ef6e77,1470,3,3,-6262.024000628777,-6081.301016734794
inferred_20260921_seed0,0,11ed1195aabfcd298bcaf379e7f064ad8010cd8ca67a057b647baa8bf9ef6e77,1471,1,3,-17679.092259547913,-17742.78470926281
inferred_20260921_seed0,0,11ed1195aabfcd298bcaf379e7f064ad8010cd8ca67a057b647baa8bf9ef6e77,1471,2,3,-8214.897588133737,-7957.274003140719
inferred_20260921_seed0,0,11ed1195aabfcd298bcaf379e7f064ad8010cd8ca67a057b647baa8bf9ef6e77,1471,3,3,-5306.154331683348,-6104.075481566653
inferred_20260921_seed0,0,11ed1195aabfcd298bcaf379e7f064ad8010cd8ca67a057b647baa8bf9ef6e77,1472,1,3,-17850.74358413866,-17746.28089585588
inferred_20260921_seed0,0,11ed1195aabfcd298bcaf379e7f064ad8010cd8ca67a057b647baa8bf9ef6e77,1472,2,3,-8333.19219799137,-7982.950800843675
inferred_20260921_seed0,0,11ed1195aabfcd298bcaf379e7f064ad8010cd8ca67a057b647baa8bf9ef6e77,1472,3,3,-5177.681622367629,-6032.723778075892
inferred_20260921_seed0,0,11ed1195aabfcd298bcaf379e7f064ad8010cd8ca67a057b647baa8bf9ef6e77,1473,1,3,-17727.763071416222,-17748.367007049397
inferred_20260921_seed0,0,11ed1195aabfcd298bcaf379e7f064ad8010cd8ca67a057b647baa8bf9ef6e77,1473,2,3,-6699.643032449565,-7901.202479353241
inferred_20260921_seed0,0,11ed1195aabfcd298bcaf379e7f064ad8010cd8ca67a057b647baa8bf9ef6e77,1473,3,3,-5831.457124903183,-6048.708572714681
inferred_20260921_seed0,0,11ed1195aabfcd298bcaf379e7f064ad8010cd8ca67a057b647baa8bf9ef6e77,1474,1,3,-17714.168975540524,-17748.487502926528
inferred_20260921_seed0,0,11ed1195aabfcd298bcaf379e7f064ad8010cd8ca67a057b647baa8bf9ef6e77,1474,2,3,-8056.409020520371,-7933.394822802157
inferred_20260921_seed0,0,11ed1195aabfcd298bcaf379e7f064ad8010cd8ca67a057b647baa8bf9ef6e77,1474,3,3,-5428.841974217628,-6021.47121623404
inferred_20260921_seed0,0,11ed1195aabfcd298bcaf379e7f064ad8010cd8ca67a057b647baa8bf9ef6e77,1475,1,3,-17709.860126048636,-17747.745646274197
inferred_20260921_seed0,0,11ed1195aabfcd298bcaf379e7f064ad8010cd8ca67a057b647baa8bf9ef6e77,1475,2,3,-7586.57187785212,-7933.589355300726
inferred_20260921_seed0,0,11ed1195aabfcd298bcaf379e7f064ad8010cd8ca67a057b647baa8bf9ef6e77,1475,3,3,-4376.3760540297935,-5939.831164748769
inferred_20260921_seed0,0,11ed1195aabfcd298bcaf379e7f064ad8010cd8ca67a057b647baa8bf9ef6e77,1476,1,3,-17684.381336993723,-17744.800201604652
inferred_20260921_seed0,0,11ed1195aabfcd298bcaf379e7f064ad8010cd8ca67a057b647baa8bf9ef6e77,1476,2,3,-9565.524570003709,-7997.399881371036
inferred_20260921_seed0,0,11ed1195aabfcd298bcaf379e7f064ad8010cd8ca67a057b647baa8bf9ef6e77,1476,3,3,-5907.3299777068205,-5976.650166007988
inferred_20260921_seed0,0,11ed1195aabfcd298bcaf379e7f064ad8010cd8ca67a057b647baa8bf9ef6e77,1477,1,3,-17758.998202108087,-17745.610230376198
inferred_20260921_seed0,0,11ed1195aabfcd298bcaf379e7f064ad8010cd8ca67a057b647baa8bf9ef6e77,1477,2,3,-6925.929804327444,-8004.765128498987
inferred_20260921_seed0,0,11ed1195aabfcd298bcaf379e7f064ad8010cd8ca67a057b647baa8bf9ef6e77,1477,3,3,-5950.764702242157,-5976.359200680159
inferred_20260921_seed0,0,11ed1195aabfcd298bcaf379e7f064ad8010cd8ca67a057b647baa8bf9ef6e77,1478,1,3,-17707.245809403605,-17743.355645980566
inferred_20260921_seed0,0,11ed1195aabfcd298bcaf379e7f064ad8010cd8ca67a057b647baa8bf9ef6e77,1478,2,3,-7750.624338431335,-7987.331545915941
inferred_20260921_seed0,0,11ed1195aabfcd298bcaf379e7f064ad8010cd8ca67a057b647baa8bf9ef6e77,1478,3,3,-7908.09686798186,-6075.9240895576295
inferred_20260921_seed0,0,11ed1195aabfcd298bcaf379e7f064ad8010cd8ca67a057b647baa8bf9ef6e77,1479,1,3,-17704.786827336582,-17742.56634679347
inferred_20260921_seed0,0,11ed1195aabfcd298bcaf379e7f064ad8010cd8ca67a057b647baa8bf9ef6e77,1479,2,3,-6884.727413985787,-7949.438940400365
inferred_20260921_seed0,0,11ed1195aabfcd298bcaf379e7f064ad8010cd8ca67a057b647baa8bf9ef6e77,1479,3,3,-6532.218210513547,-6105.523180851951
inferred_20260921_seed0,0,11ed1195aabfcd298bcaf379e7f064ad8010cd8ca67a057b647baa8bf9ef6e77,1480,1,3,-17690.16684499844,-17743.23355643995
inferred_20260921_seed0,0,11ed1195aabfcd298bcaf379e7f064ad8010cd8ca67a057b647baa8bf9ef6e77,1480,2,3,-7703.24030611381,-7907.92989092666
inferred_20260921_seed0,0,11ed1195aabfcd298bcaf379e7f064ad8010cd8ca67a057b647baa8bf9ef6e77,1480,3,3,-4981.06866275615,-6025.2885694758015
inferred_20260921_seed0,0,11ed1195aabfcd298bcaf379e7f064ad8010cd8ca67a057b647baa8bf9ef6e77,1481,1,3,-17841.619207794276,-17749.69593970795
inferred_20260921_seed0,0,11ed1195aabfcd298bcaf379e7f064ad8010cd8ca67a057b647baa8bf9ef6e77,1481,2,3,-8269.801967996571,-7909.234920960376
inferred_20260921_seed0,0,11ed1195aabfcd298bcaf379e7f064ad8010cd8ca67a057b647baa8bf9ef6e77,1481,3,3,-7305.702675805152,-6082.530789343263
inferred_20260921_seed0,0,11ed1195aabfcd298bcaf379e7f064ad8010cd8ca67a057b647baa8bf9ef6e77,1482,1,3,-17924.680170355536,-17755.719141002606
inferred_20260921_seed0,0,11ed1195aabfcd298bcaf379e7f064ad8010cd8ca67a057b647baa8bf9ef6e77,1482,2,3,-6253.948671531878,-7804.287036453784
inferred_20260921_seed0,0,11ed1195aabfcd298bcaf379e7f064ad8010cd8ca67a057b647baa8bf9ef6e77,1482,3,3,-5113.104001590255,-6109.759711815087
inferred_20260921_seed0,0,11ed1195aabfcd298bcaf379e7f064ad8010cd8ca67a057b647baa8bf9ef6e77,1483,1,3,-17628.514620833128,-17748.963871961245
inferred_20260921_seed0,0,11ed1195aabfcd298bcaf379e7f064ad8010cd8ca67a057b647baa8bf9ef6e77,1483,2,3,-8449.243061655492,-7888.868960013406
inferred_20260921_seed0,0,11ed1195aabfcd298bcaf379e7f064ad8010cd8ca67a057b647baa8bf9ef6e77,1483,3,3,-5974.404372956852,-6126.257488264885
inferred_20260921_seed0,0,11ed1195aabfcd298bcaf379e7f064ad8010cd8ca67a057b647baa8bf9ef6e77,1484,1,3,-17692.4766961807,-17744.94403389148
inferred_20260921_seed0,0,11ed1195aabfcd298bcaf379e7f064ad8010cd8ca67a057b647baa8bf9ef6e77,1484,2,3,-9048.966027318493,-7925.402489390839
inferred_20260921_seed0,0,11ed1195aabfcd298bcaf379e7f064ad8010cd8ca67a057b647baa8bf9ef6e77,1484,3,3,-5429.919548776616,-6116.702038490621
inferred_20260921_seed0,0,11ed1195aabfcd298bcaf379e7f064ad8010cd8ca67a057b647baa8bf9ef6e77,1485,1,3,-17717.06857859524,-17741.774922149107
inferred_20260921_seed0,0,11ed1195aabfcd298bcaf379e7f064ad8010cd8ca67a057b647baa8bf9ef6e77,1485,2,3,-8291.566922939708,-7961.500063803231
inferred_20260921_seed0,0,11ed1195aabfcd298bcaf379e7f064ad8010cd8ca67a057b647baa8bf9ef6e77,1485,3,3,-6165.004569594372,-6106.9374974447
inferred_20260921_seed0,0,11ed1195aabfcd298bcaf379e7f064ad8010cd8ca67a057b647baa8bf9ef6e77,1486,1,3,-17748.65940390039,-17742.698802302413
inferred_20260921_seed0,0,11ed1195aabfcd298bcaf379e7f064ad8010cd8ca67a057b647baa8bf9ef6e77,1486,2,3,-7426.8698838358305,-7897.558607696253
inferred_20260921_seed0,0,11ed1195aabfcd298bcaf379e7f064ad8010cd8ca67a057b647baa8bf9ef6e77,1486,3,3,-5710.63712441898,-6075.02667258677
inferred_20260921_seed0,0,11ed1195aabfcd298bcaf379e7f064ad8010cd8ca67a057b647baa8bf9ef6e77,1487,1,3,-17716.942234031478,-17737.25576771773
inferred_20260921_seed0,0,11ed1195aabfcd298bcaf379e7f064ad8010cd8ca67a057b647baa8bf9ef6e77,1487,2,3,-7787.67682635437,-7856.181882140864
inferred_20260921_seed0,0,11ed1195aabfcd298bcaf379e7f064ad8010cd8ca67a057b647baa8bf9ef6e77,1487,3,3,-4608.316703858077,-6006.946751332406
inferred_20260921_seed0,0,11ed1195aabfcd298bcaf379e7f064ad8010cd8ca67a057b647baa8bf9ef6e77,1488,1,3,-17765.542213040375,-17740.895030297605
inferred_20260921_seed0,0,11ed1195aabfcd298bcaf379e7f064ad8010cd8ca67a057b647baa8bf9ef6e77,1488,2,3,-9303.485273856331,-7863.263172109521
inferred_20260921_seed0,0,11ed1195aabfcd298bcaf379e7f064ad8010cd8ca67a057b647baa8bf9ef6e77,1488,3,3,-5648.350707996099,-5962.164338472457
inferred_20260921_seed0,0,11ed1195aabfcd298bcaf379e7f064ad8010cd8ca67a057b647baa8bf9ef6e77,1489,1,3,-17759.70075537855,-17742.117720246504
inferred_20260921_seed0,0,11ed1195aabfcd298bcaf379e7f064ad8010cd8ca67a057b647baa8bf9ef6e77,1489,2,3,-7645.782419896494,-7885.767146518637
inferred_20260921_seed0,0,11ed1195aabfcd298bcaf379e7f064ad8010cd8ca67a057b647baa8bf9ef6e77,1489,3,3,-7151.684670607419,-6014.924763656716
inferred_20260921_seed0,0,11ed1195aabfcd298bcaf379e7f064ad8010cd8ca67a057b647baa8bf9ef6e77,1490,1,3,-17693.723294455172,-17743.552295816124
inferred_20260921_seed0,0,11ed1195aabfcd298bcaf379e7f064ad8010cd8ca67a057b647baa8bf9ef6e77,1490,2,3,-7395.088052758343,-7844.552090098371
inferred_20260921_seed0,0,11ed1195aabfcd298bcaf379e7f064ad8010cd8ca67a057b647baa8bf9ef6e77,1490,3,3,-8386.623973243542,-6093.009274747377
inferred_20260921_seed0,0,11ed1195aabfcd298bcaf379e7f064ad8010cd8ca67a057b647baa8bf9ef6e77,1491,1,3,-17695.98534032717,-17742.662207027966
inferred_20260921_seed0,0,11ed1195aabfcd298bcaf379e7f064ad8010cd8ca67a057b647baa8bf9ef6e77,1491,2,3,-9822.054896366488,-7935.413324118048
inferred_20260921_seed0,0,11ed1195aabfcd298bcaf379e7f064ad8010cd8ca67a057b647baa8bf9ef6e77,1491,3,3,-6945.937094018462,-6084.328333185417
inferred_20260921_seed0,0,11ed1195aabfcd298bcaf379e7f064ad8010cd8ca67a057b647baa8bf9ef6e77,1492,1,3,-17655.719705302556,-17737.555811301518
inferred_20260921_seed0,0,11ed1195aabfcd298bcaf379e7f064ad8010cd8ca67a057b647baa8bf9ef6e77,1492,2,3,-8016.774643859261,-7946.020388774487
inferred_20260921_seed0,0,11ed1195aabfcd298bcaf379e7f064ad8010cd8ca67a057b647baa8bf9ef6e77,1492,3,3,-4025.563345824235,-6015.860948298067
inferred_20260921_seed0,0,11ed1195aabfcd298bcaf379e7f064ad8010cd8ca67a057b647baa8bf9ef6e77,1493,1,3,-17724.39958785408,-17734.797065171595
inferred_20260921_seed0,0,11ed1195aabfcd298bcaf379e7f064ad8010cd8ca67a057b647baa8bf9ef6e77,1493,2,3,-7782.050520665595,-7978.1274307363165
inferred_20260921_seed0,0,11ed1195aabfcd298bcaf379e7f064ad8010cd8ca67a057b647baa8bf9ef6e77,1493,3,3,-6022.361033034012,-6002.022329643106
inferred_20260921_seed0,0,11ed1195aabfcd298bcaf379e7f064ad8010cd8ca67a057b647baa8bf9ef6e77,1494,1,3,-17698.990580541806,-17727.313670566215
inferred_20260921_seed0,0,11ed1195aabfcd298bcaf379e7f064ad8010cd8ca67a057b647baa8bf9ef6e77,1494,2,3,-6247.926471934911,-7901.84410910421
inferred_20260921_seed0,0,11ed1195aabfcd298bcaf379e7f064ad8010cd8ca67a057b647baa8bf9ef6e77,1494,3,3,-8217.042556511811,-6014.666636290672
inferred_20260921_seed0,0,11ed1195aabfcd298bcaf379e7f064ad8010cd8ca67a057b647baa8bf9ef6e77,1495,1,3,-17711.99630021966,-17728.1290290537
inferred_20260921_seed0,0,11ed1195aabfcd298bcaf379e7f064ad8010cd8ca67a057b647baa8bf9ef6e77,1495,2,3,-7058.969738021145,-7860.838621152006
inferred_20260921_seed0,0,11ed1195aabfcd298bcaf379e7f064ad8010cd8ca67a057b647baa8bf9ef6e77,1495,3,3,-6325.0608105139545,-6017.1881086860785
inferred_20260921_seed0,0,11ed1195aabfcd298bcaf379e7f064ad8010cd8ca67a057b647baa8bf9ef6e77,1496,1,3,-17716.142066593853,-17729.61102133554
inferred_20260921_seed0,0,11ed1195aabfcd298bcaf379e7f064ad8010cd8ca67a057b647baa8bf9ef6e77,1496,2,3,-7179.964994894034,-7819.441317422419
inferred_20260921_seed0,0,11ed1195aabfcd298bcaf379e7f064ad8010cd8ca67a057b647baa8bf9ef6e77,1496,3,3,-4174.695724158963,-5971.929764385102
inferred_20260921_seed0,0,11ed1195aabfcd298bcaf379e7f064ad8010cd8ca67a057b647baa8bf9ef6e77,1497,1,3,-17624.85429247986,-17720.575449669184
inferred_20260921_seed0,0,11ed1195aabfcd298bcaf379e7f064ad8010cd8ca67a057b647baa8bf9ef6e77,1497,2,3,-6102.374993859685,-7730.20862925715
inferred_20260921_seed0,0,11ed1195aabfcd298bcaf379e7f064ad8010cd8ca67a057b647baa8bf9ef6e77,1497,3,3,-6299.662794165375,-6016.809011257013
inferred_20260921_seed0,0,11ed1195aabfcd298bcaf379e7f064ad8010cd8ca67a057b647baa8bf9ef6e77,1498,1,3,-17701.833424613,-17719.538263797058
inferred_20260921_seed0,0,11ed1195aabfcd298bcaf379e7f064ad8010cd8ca67a057b647baa8bf9ef6e77,1498,2,3,-9151.972246097344,-7828.301797803062
inferred_20260921_seed0,0,11ed1195aabfcd298bcaf379e7f064ad8010cd8ca67a057b647baa8bf9ef6e77,1498,3,3,-6362.777891731072,-6038.061841930129
inferred_20260921_seed0,0,11ed1195aabfcd298bcaf379e7f064ad8010cd8ca67a057b647baa8bf9ef6e77,1499,1,3,-17694.33008190158,-17718.7447080515
inferred_20260921_seed0,0,11ed1195aabfcd298bcaf379e7f064ad8010cd8ca67a057b647baa8bf9ef6e77,1499,2,3,-7870.673227829488,-7820.872366095427
inferred_20260921_seed0,0,11ed1195aabfcd298bcaf379e7f064ad8010cd8ca67a057b647baa8bf9ef6e77,1499,3,3,-5016.299033163568,-6021.560124287965
inferred_20260921_seed0,0,11ed1195aabfcd298bcaf379e7f064ad8010cd8ca67a057b647baa8bf9ef6e77,1500,1,3,-17700.810429183737,-17718.3827201769
inferred_20260921_seed0,0,11ed1195aabfcd298bcaf379e7f064ad8010cd8ca67a057b647baa8bf9ef6e77,1500,2,3,-7652.6318120686865,-7823.51476346409
inferred_20260921_seed0,0,11ed1195aabfcd298bcaf379e7f064ad8010cd8ca67a057b647baa8bf9ef6e77,1500,3,3,-6550.556034452676,-6108.527323504881
