iteration,mg,algorithm,episode_reward,display_reward
1,1,F-MADRL,-30593.648432351245,-30593.648432351245
2,1,F-MADRL,-33354.42216530934,-31974.03529883029
3,1,F-MADRL,-32540.02402254767,-32162.698206736084
4,1,F-MADRL,-30650.579167261298,-31784.66844686739
5,1,F-MADRL,-30868.61150243736,-31601.45705798138
6,1,F-MADRL,-30417.13487058817,-31404.07002674918
7,1,F-MADRL,-29132.951201943877,-31079.624480348422
8,1,F-MADRL,-28993.98483106981,-30818.919524188597
9,1,F-MADRL,-28424.095356772435,-30552.827950031246
10,1,F-MADRL,-30226.217171393077,-30520.16687216743
11,1,F-MADRL,-32315.559550814687,-30683.38438840809
12,1,F-MADRL,-31618.08879909372,-30761.276422631887
13,1,F-MADRL,-30366.020068742502,-30730.872087717322
14,1,F-MADRL,-30480.15401656911,-30712.96365406388
15,1,F-MADRL,-30747.2396648813,-30715.24872145171
16,1,F-MADRL,-32140.731758568465,-30804.341411271504
17,1,F-MADRL,-29297.0531078916,-30715.677393425627
18,1,F-MADRL,-31758.59733086983,-30773.617389950305
19,1,F-MADRL,-33197.58820637317,-30901.194801340982
20,1,F-MADRL,-31264.801902380605,-30919.375156392965
21,1,F-MADRL,-29498.471270800845,-30851.713066602864
22,1,F-MADRL,-28380.583291001727,-30739.388985893722
23,1,F-MADRL,-30823.67311503729,-30743.05351324779
24,1,F-MADRL,-31200.198539563724,-30762.10122267762
25,1,F-MADRL,-30931.674163002102,-30768.8841402906
26,1,F-MADRL,-31263.89505541933,-30795.694005213318
27,1,F-MADRL,-28984.74899823224,-30620.90707853024
28,1,F-MADRL,-30131.952778764244,-30524.584228778902
29,1,F-MADRL,-33192.7990945778,-30626.27302587156
30,1,F-MADRL,-31463.461421761906,-30650.067022644544
31,1,F-MADRL,-31265.6588512578,-30684.007981871328
32,1,F-MADRL,-30395.12370362501,-30734.49488193857
33,1,F-MADRL,-32935.81108136307,-30892.167931950306
34,1,F-MADRL,-28100.45764932837,-30879.22242365254
35,1,F-MADRL,-33001.2879707102,-30990.225255625228
36,1,F-MADRL,-28656.242667928484,-30843.85258030978
37,1,F-MADRL,-30658.07576686572,-30805.45205902066
38,1,F-MADRL,-30437.122968958,-30808.296175029278
39,1,F-MADRL,-28915.41655177062,-30745.706676437338
40,1,F-MADRL,-29713.04198931224,-30704.338769414575
41,1,F-MADRL,-31288.429188934057,-30670.2466666292
42,1,F-MADRL,-31136.66819755426,-30743.831270215705
43,1,F-MADRL,-31000.85524127681,-30713.521586631985
44,1,F-MADRL,-31060.214324097666,-30628.026631340967
45,1,F-MADRL,-32779.87225811863,-30688.629445570485
46,1,F-MADRL,-32293.895941228344,-30800.446432387587
47,1,F-MADRL,-28167.654251339314,-30791.929270801087
48,1,F-MADRL,-29329.87140792012,-30732.177202516403
49,1,F-MADRL,-29346.01151772429,-30658.009721642826
50,1,F-MADRL,-31007.615364186982,-30661.04736969022
51,1,F-MADRL,-26827.0480972656,-30483.57349136407
52,1,F-MADRL,-30915.39502243601,-30560.79933233222
53,1,F-MADRL,-30952.041695838838,-30593.602889015205
54,1,F-MADRL,-28614.68059333579,-30410.478148965525
55,1,F-MADRL,-30486.41872617137,-30371.396441141904
56,1,F-MADRL,-30126.81786785462,-30325.842801805775
57,1,F-MADRL,-32408.40381212611,-30406.37400614582
58,1,F-MADRL,-31089.66227139749,-30332.528053747195
59,1,F-MADRL,-30411.574362970336,-30424.972722292874
60,1,F-MADRL,-28679.49689761257,-30252.101079368967
61,1,F-MADRL,-29861.28701770596,-30300.30285336007
62,1,F-MADRL,-30210.794936373062,-30282.41162014036
63,1,F-MADRL,-28797.914859619123,-30216.843295766805
64,1,F-MADRL,-30766.54321848712,-30290.88836243547
65,1,F-MADRL,-29309.18991523182,-30274.73427947225
66,1,F-MADRL,-31308.14579603047,-30275.52294375611
67,1,F-MADRL,-32447.838425263213,-30327.969752864465
68,1,F-MADRL,-28459.8915745903,-30226.331206197006
69,1,F-MADRL,-28384.475258842773,-30119.301643586805
70,1,F-MADRL,-28728.849810390908,-29957.2607456777
71,1,F-MADRL,-31961.99903996289,-29943.984869627082
72,1,F-MADRL,-28288.45141954753,-29948.816756355413
73,1,F-MADRL,-31259.58486161464,-30026.005294503193
74,1,F-MADRL,-30782.77877853168,-30083.47598493549
75,1,F-MADRL,-32339.442063698207,-30136.749052915937
76,1,F-MADRL,-27707.07401648752,-30171.950089684815
77,1,F-MADRL,-31724.49098546603,-30204.313928206015
78,1,F-MADRL,-29109.890735866797,-30130.627889807136
79,1,F-MADRL,-30867.450335539917,-30220.7386794953
80,1,F-MADRL,-30536.586594646764,-30222.745394234316
81,1,F-MADRL,-28809.74234038253,-30170.062373135428
82,1,F-MADRL,-32590.919362190198,-30177.362995137995
83,1,F-MADRL,-29665.107765104363,-30120.38081488627
84,1,F-MADRL,-29269.53846935353,-30074.699379141595
85,1,F-MADRL,-28231.08842311997,-30056.76304016189
86,1,F-MADRL,-32102.08127997023,-30146.394810652462
87,1,F-MADRL,-32370.035255862986,-30232.76442343206
88,1,F-MADRL,-29313.03054038449,-30253.36905066267
89,1,F-MADRL,-30170.64670381737,-30229.533190075887
90,1,F-MADRL,-30122.43357523279,-30262.062936475922
91,1,F-MADRL,-28768.11420069816,-30160.46167266263
92,1,F-MADRL,-30703.72884030176,-30090.697289264175
93,1,F-MADRL,-29533.4903023668,-30133.641238375232
94,1,F-MADRL,-27660.761316574477,-30104.692680684504
95,1,F-MADRL,-28906.248011604268,-30111.788608733033
96,1,F-MADRL,-29341.37578225809,-30006.963678424843
97,1,F-MADRL,-29419.309982879822,-30052.198020958138
98,1,F-MADRL,-30325.73145370644,-30014.843884641807
99,1,F-MADRL,-30019.96144507709,-29984.331191303623
100,1,F-MADRL,-31996.782974727856,-29970.624827744807
101,1,F-MADRL,-30497.019747172468,-30082.222656972208
102,1,F-MADRL,-26844.34167687872,-29887.016684628717
103,1,F-MADRL,-25894.57858130288,-29758.40419844616
104,1,F-MADRL,-30143.895357969013,-29729.461999343323
105,1,F-MADRL,-31934.22645155004,-29785.367593619452
106,1,F-MADRL,-31218.215089852834,-29881.706503598267
107,1,F-MADRL,-30402.922147007343,-29794.18661499095
108,1,F-MADRL,-28856.53757317782,-29761.84380731389
109,1,F-MADRL,-30747.553140965538,-29820.964394178372
110,1,F-MADRL,-29532.57079464125,-29873.023689039223
111,1,F-MADRL,-31237.65322380844,-29838.44656679275
112,1,F-MADRL,-30159.276849190668,-29750.01623052586
113,1,F-MADRL,-30723.46703824578,-29806.43369044031
114,1,F-MADRL,-32770.2205204967,-29910.41664310748
115,1,F-MADRL,-31911.70326800106,-29981.987430818215
116,1,F-MADRL,-29020.26292630223,-29992.073379842375
117,1,F-MADRL,-31156.01541733159,-30010.16484292357
118,1,F-MADRL,-29681.510592933897,-30016.085654546256
119,1,F-MADRL,-32451.118473276503,-30207.699940814335
120,1,F-MADRL,-31872.48900815389,-30326.349580676324
121,1,F-MADRL,-31801.753228306312,-30424.76467851825
122,1,F-MADRL,-30459.794542557756,-30466.384060905366
123,1,F-MADRL,-30110.89841391344,-30457.790739313645
124,1,F-MADRL,-30477.36218603622,-30476.086768952013
125,1,F-MADRL,-31799.22305334148,-30468.184372096555
126,1,F-MADRL,-30610.93364503594,-30472.740928011095
127,1,F-MADRL,-28589.23250353681,-30542.536561077417
128,1,F-MADRL,-30854.36878219228,-30740.92816911299
129,1,F-MADRL,-31290.99260120286,-30786.812058842348
130,1,F-MADRL,-30857.02773506681,-30743.72411018302
131,1,F-MADRL,-31147.98288965203,-30740.914822174986
132,1,F-MADRL,-30983.403373740315,-30764.134071244305
133,1,F-MADRL,-30599.495541795688,-30833.85238998902
134,1,F-MADRL,-32825.64892834217,-30916.976221484085
135,1,F-MADRL,-26591.750918177684,-30799.34342642554
136,1,F-MADRL,-30819.943163773343,-30782.63502402414
137,1,F-MADRL,-31375.44995318693,-30831.28194818399
138,1,F-MADRL,-32435.35378563833,-30899.757418079695
139,1,F-MADRL,-30941.75742293459,-30826.618894177205
140,1,F-MADRL,-31609.20557212182,-30814.51898634204
141,1,F-MADRL,-29745.903837355178,-30843.544622784153
142,1,F-MADRL,-28841.17486384455,-30750.951000644676
143,1,F-MADRL,-28468.81604870911,-30702.44321887568
144,1,F-MADRL,-29089.215784118584,-30567.96711130936
145,1,F-MADRL,-32429.194777486395,-30590.235342082662
146,1,F-MADRL,-31112.002205079065,-30562.64530115357
147,1,F-MADRL,-31762.89022401794,-30614.769128411986
148,1,F-MADRL,-31096.569757809157,-30654.195982167814
149,1,F-MADRL,-32276.593308437423,-30726.16522706386
150,1,F-MADRL,-30286.36644689922,-30665.650962806172
151,1,F-MADRL,-31425.231731112683,-30698.22288624924
152,1,F-MADRL,-30641.5752433214,-30780.31659584062
153,1,F-MADRL,-32237.9055593653,-30835.658066927543
154,1,F-MADRL,-28821.73338520802,-30736.88769828775
155,1,F-MADRL,-32014.24620383685,-30783.176437038546
156,1,F-MADRL,-30472.42736820347,-30756.154216180606
157,1,F-MADRL,-30344.25701921409,-30730.58836199956
158,1,F-MADRL,-29523.938272709383,-30687.566071236106
159,1,F-MADRL,-29650.943946357747,-30560.577871956728
160,1,F-MADRL,-31050.058175122653,-30738.91016223453
161,1,F-MADRL,-30759.788075256856,-30736.50395869387
162,1,F-MADRL,-29982.562006749074,-30680.788440836357
163,1,F-MADRL,-28854.732432875426,-30537.56358672584
164,1,F-MADRL,-28251.9832601045,-30429.972620212637
165,1,F-MADRL,-30538.665843768755,-30387.15103107851
166,1,F-MADRL,-32081.38844188962,-30480.570415259892
167,1,F-MADRL,-29872.42626463445,-30521.820471291485
168,1,F-MADRL,-33340.03041117696,-30716.6690457902
169,1,F-MADRL,-30759.16489594093,-30783.4670102631
170,1,F-MADRL,-30959.261307173037,-30724.669671450563
171,1,F-MADRL,-31699.44823167721,-30748.16751251449
172,1,F-MADRL,-29333.36978057063,-30650.98669477659
173,1,F-MADRL,-30494.21767387892,-30626.892611419382
174,1,F-MADRL,-30651.91701817349,-30561.905559808827
175,1,F-MADRL,-29540.87062546771,-30532.085726951565
176,1,F-MADRL,-30002.515860512496,-30475.177092127557
177,1,F-MADRL,-30771.63228007004,-30480.3793735975
178,1,F-MADRL,-28175.72693628593,-30317.89222867433
179,1,F-MADRL,-29016.333968368766,-30325.67625200076
180,1,F-MADRL,-32528.09447911533,-30346.2301830119
181,1,F-MADRL,-29967.746533100064,-30326.042949607763
182,1,F-MADRL,-31242.534245971576,-30361.97403867806
183,1,F-MADRL,-28497.66130046432,-30320.92295978826
184,1,F-MADRL,-30766.92141489869,-30365.5620585299
185,1,F-MADRL,-29204.156212840884,-30291.725980038624
186,1,F-MADRL,-30554.04925236948,-30283.496427123133
187,1,F-MADRL,-27971.86238788045,-30203.068442368385
188,1,F-MADRL,-31687.467874792084,-30316.37786004505
189,1,F-MADRL,-27967.26518024803,-30304.989136850796
190,1,F-MADRL,-30409.7136974314,-30299.8310509973
191,1,F-MADRL,-31803.442687007184,-30288.713220802
192,1,F-MADRL,-31399.660631944123,-30349.802595494388
193,1,F-MADRL,-28528.46163138091,-30157.339844302543
194,1,F-MADRL,-32214.798043050643,-30215.565170186936
195,1,F-MADRL,-30090.949467122195,-30180.832696584905
196,1,F-MADRL,-30172.64013102605,-30119.760372558856
197,1,F-MADRL,-29695.95280410489,-30134.263693500227
198,1,F-MADRL,-30670.300501982507,-30141.307006624367
199,1,F-MADRL,-29684.964373382543,-30102.628900832733
200,1,F-MADRL,-30079.60019033213,-30124.178083427305
201,1,F-MADRL,-27025.444374234503,-30005.095223976186
202,1,F-MADRL,-30278.31470625387,-29985.362521023544
203,1,F-MADRL,-28295.9376766058,-29990.170950636337
204,1,F-MADRL,-29603.57486987106,-30013.66058669643
205,1,F-MADRL,-31120.658078934368,-29957.363130689195
206,1,F-MADRL,-29368.11652769171,-29933.377930472856
207,1,F-MADRL,-30120.9185097247,-29888.51330102298
208,1,F-MADRL,-28744.29718279209,-29898.37873631609
209,1,F-MADRL,-30222.95681159775,-29876.620152184052
210,1,F-MADRL,-29253.235906125905,-29878.583339915458
211,1,F-MADRL,-30083.92813579294,-29859.778495252394
212,1,F-MADRL,-30000.19919235547,-29940.91196743139
213,1,F-MADRL,-28250.488069194333,-29803.432775207482
214,1,F-MADRL,-28787.53273289192,-29836.24347731324
215,1,F-MADRL,-30471.18217262139,-29838.70221632084
216,1,F-MADRL,-31595.725487028874,-29830.393528321707
217,1,F-MADRL,-31025.005853106595,-29815.407337168203
218,1,F-MADRL,-30932.6342346004,-29911.574241296985
219,1,F-MADRL,-30234.928151511624,-29832.379445635426
220,1,F-MADRL,-29226.765462509327,-29797.81208545091
221,1,F-MADRL,-30129.814575996337,-29796.09906324972
222,1,F-MADRL,-31763.792564584637,-29878.81265366891
223,1,F-MADRL,-28378.46840697345,-29787.139369868553
224,1,F-MADRL,-29901.604839702868,-29795.804988521362
225,1,F-MADRL,-29622.97552791333,-29777.540002024612
226,1,F-MADRL,-30777.59269606859,-29927.625934897973
227,1,F-MADRL,-29009.64698196837,-29876.879225926554
228,1,F-MADRL,-30560.944337221405,-29967.479492351176
229,1,F-MADRL,-27484.437376839625,-29882.71399262992
230,1,F-MADRL,-30652.621768074936,-29863.99254019554
231,1,F-MADRL,-30615.00713727947,-29913.868164579053
232,1,F-MADRL,-30471.4421192488,-29927.88910896002
233,1,F-MADRL,-33133.09639776386,-30103.441077558888
234,1,F-MADRL,-28744.8423790562,-30044.31650025723
235,1,F-MADRL,-30652.440962670524,-30100.28470251901
236,1,F-MADRL,-29945.587768984296,-30094.751087846664
237,1,F-MADRL,-29204.887134074877,-30062.938605515446
238,1,F-MADRL,-30096.05809318849,-30136.76140647521
239,1,F-MADRL,-28974.272376911074,-30144.230992235975
240,1,F-MADRL,-29755.71036775392,-30115.612120041274
241,1,F-MADRL,-27525.902034127816,-29952.819181925235
242,1,F-MADRL,-28557.50320416496,-29854.119075967566
243,1,F-MADRL,-28872.98511966629,-29771.733111370206
244,1,F-MADRL,-30312.799897413104,-29774.84798120626
245,1,F-MADRL,-28848.936044916754,-29759.734804502557
246,1,F-MADRL,-32263.40549380698,-29845.078441214984
247,1,F-MADRL,-27683.23096282732,-29681.855977144693
248,1,F-MADRL,-29893.84938295999,-29742.471216184153
249,1,F-MADRL,-25962.468801866173,-29584.905774670686
250,1,F-MADRL,-26912.74674257,-29476.496623256953
251,1,F-MADRL,-26395.86416486973,-29301.227482009
252,1,F-MADRL,-31272.53496997693,-29391.743001529343
253,1,F-MADRL,-29571.41029877345,-29352.161639991427
254,1,F-MADRL,-27772.721605589893,-29363.693009141432
255,1,F-MADRL,-29809.45981110956,-29329.966530862817
256,1,F-MADRL,-30024.579445614505,-29306.349423196218
257,1,F-MADRL,-29507.133347074683,-29267.777072309254
258,1,F-MADRL,-28592.64886580054,-29086.159171030722
259,1,F-MADRL,-29899.49481478407,-29132.345268459838
260,1,F-MADRL,-30076.95020809569,-29109.32563827684
261,1,F-MADRL,-28038.8037045232,-29033.0542756984
262,1,F-MADRL,-29858.990243594613,-29059.21840007919
263,1,F-MADRL,-28711.123159412145,-29003.82100272814
264,1,F-MADRL,-30094.823486786147,-29048.643047123136
265,1,F-MADRL,-29496.74053379877,-29038.284253764934
266,1,F-MADRL,-30689.02665155329,-29164.80923846195
267,1,F-MADRL,-28119.1757961431,-29147.27614214108
268,1,F-MADRL,-28274.79310048945,-29123.348461374004
269,1,F-MADRL,-30600.018630651084,-29134.83721070352
270,1,F-MADRL,-28483.57867276838,-29120.222915817587
271,1,F-MADRL,-28191.45709370341,-28957.34497981345
272,1,F-MADRL,-29251.85976292824,-29020.090131817484
273,1,F-MADRL,-31816.428219886595,-29096.99328529455
274,1,F-MADRL,-30609.172261707005,-29282.86142368818
275,1,F-MADRL,-28191.967578442345,-29334.030257123075
276,1,F-MADRL,-28155.553026966925,-29404.41781160696
277,1,F-MADRL,-29474.25639329247,-29332.486668539583
278,1,F-MADRL,-27792.70260663433,-29261.338360854013
279,1,F-MADRL,-28612.18334433828,-29294.916830403952
280,1,F-MADRL,-29786.186489142303,-29293.98589752526
281,1,F-MADRL,-25296.630323579368,-29104.867932643858
282,1,F-MADRL,-31226.598498064886,-29173.646538683464
283,1,F-MADRL,-27468.14641501595,-29128.666440652083
284,1,F-MADRL,-26854.819395054878,-29006.879423862916
285,1,F-MADRL,-29071.071091402173,-28966.644259195175
286,1,F-MADRL,-27195.646978247845,-28932.91799014416
287,1,F-MADRL,-29690.314728900976,-28926.170969556413
288,1,F-MADRL,-29103.745510142347,-28941.87586358562
289,1,F-MADRL,-29415.089990278862,-28914.68652372533
290,1,F-MADRL,-29853.84920349104,-28928.970870513018
291,1,F-MADRL,-29550.91159724644,-28883.44626834075
292,1,F-MADRL,-28650.204301793885,-28904.687408566777
293,1,F-MADRL,-27510.20048493531,-28874.103703944613
294,1,F-MADRL,-30201.867218952284,-28858.177647476663
295,1,F-MADRL,-32123.98717717888,-29003.79398765308
296,1,F-MADRL,-29451.93091757887,-29054.212940608097
297,1,F-MADRL,-31007.22243150378,-29124.427447351118
298,1,F-MADRL,-27578.69749601213,-28954.918218396142
299,1,F-MADRL,-28933.133887047275,-28887.876683409748
300,1,F-MADRL,-27420.293063480814,-28857.009702811294
301,1,F-MADRL,-27715.20772392315,-28839.395890689542
302,1,F-MADRL,-27582.58210243805,-28763.728919055364
303,1,F-MADRL,-29487.54025840945,-28831.52242512637
304,1,F-MADRL,-28724.987610145945,-28836.034595758676
305,1,F-MADRL,-27288.734103629977,-28736.13650033818
306,1,F-MADRL,-29090.43211873011,-28887.88857214421
307,1,F-MADRL,-28535.122250457527,-28780.22952223992
308,1,F-MADRL,-28453.783547499,-28819.655007539244
309,1,F-MADRL,-27808.204887316253,-28857.790427229695
310,1,F-MADRL,-30201.8676165782,-28903.022288236738
311,1,F-MADRL,-28854.00623792206,-28969.356658623703
312,1,F-MADRL,-28387.389259670577,-28917.23963985449
313,1,F-MADRL,-28671.762639210967,-28899.960325017233
314,1,F-MADRL,-23557.55887875881,-28665.65908055643
315,1,F-MADRL,-29249.585134289915,-28641.488517788388
316,1,F-MADRL,-28067.750237473985,-28582.162063397485
317,1,F-MADRL,-30799.628352667853,-28668.13902543245
318,1,F-MADRL,-30440.88436388752,-28785.366380590534
319,1,F-MADRL,-27124.02584961198,-28662.252725816925
320,1,F-MADRL,-28008.86288252951,-28497.64775403095
321,1,F-MADRL,-29044.565809712218,-28481.353149716288
322,1,F-MADRL,-29058.24985552593,-28403.39424667717
323,1,F-MADRL,-29157.52756810861,-28466.547449561025
324,1,F-MADRL,-27175.20987211212,-28396.23048896362
325,1,F-MADRL,-28783.62996286105,-28450.76396493883
326,1,F-MADRL,-26680.707632769183,-28409.38396129267
327,1,F-MADRL,-29405.78002243059,-28482.311878092372
328,1,F-MADRL,-26209.57071426651,-28351.193096326653
329,1,F-MADRL,-29029.474095226095,-28363.37255572986
330,1,F-MADRL,-28580.389440237563,-28415.03876919416
331,1,F-MADRL,-26130.50022568475,-28296.641493472354
332,1,F-MADRL,-27210.589395605784,-28243.660179278282
333,1,F-MADRL,-30462.762474468567,-28324.01933635706
334,1,F-MADRL,-28394.2692355918,-28347.461910288086
335,1,F-MADRL,-29459.860079323244,-28317.781608797886
336,1,F-MADRL,-28906.438670005155,-28319.878906081212
337,1,F-MADRL,-28819.670640502118,-28337.170161314472
338,1,F-MADRL,-28609.423398132447,-28334.676591671334
339,1,F-MADRL,-26716.99083534505,-28461.05386993478
340,1,F-MADRL,-29267.481224842348,-28461.769713556878
341,1,F-MADRL,-26318.013483708448,-28391.780243406258
342,1,F-MADRL,-30310.94931815924,-28372.233082025912
343,1,F-MADRL,-27964.91687220676,-28273.19438235868
344,1,F-MADRL,-25920.461791990965,-28225.051820053846
345,1,F-MADRL,-28870.05331166936,-28259.499437219434
346,1,F-MADRL,-27488.38573045448,-28197.252234049123
347,1,F-MADRL,-27635.706537835475,-28140.35050134151
348,1,F-MADRL,-30028.8282905448,-28175.202530238956
349,1,F-MADRL,-27843.16896811332,-28201.92089407901
350,1,F-MADRL,-29223.15640428888,-28219.501951736118
351,1,F-MADRL,-26245.374256964413,-28202.088616703924
352,1,F-MADRL,-26672.7849942166,-28092.768815575364
353,1,F-MADRL,-25332.114534408684,-28057.670568381054
354,1,F-MADRL,-27660.50245939591,-28002.91170294785
355,1,F-MADRL,-27892.960863650034,-27975.414559884346
356,1,F-MADRL,-26681.966691896203,-27997.4732185328
357,1,F-MADRL,-27414.657683026264,-28005.635950029624
358,1,F-MADRL,-29653.939680020834,-27973.283038251717
359,1,F-MADRL,-26579.64592310337,-27900.698105752173
360,1,F-MADRL,-28173.131680759237,-27849.228969809617
361,1,F-MADRL,-26846.51543650533,-27766.832040469624
362,1,F-MADRL,-28082.434582293747,-27737.342598141287
363,1,F-MADRL,-28815.01969710555,-27745.56645010021
364,1,F-MADRL,-27286.30576816218,-27768.3390474129
365,1,F-MADRL,-26794.882425773776,-27669.435095450157
366,1,F-MADRL,-26399.7428855209,-27672.704271522653
367,1,F-MADRL,-26661.70764706753,-27526.734604678983
368,1,F-MADRL,-29095.437729360725,-27571.955438965146
369,1,F-MADRL,-27395.108342024083,-27630.941300966464
370,1,F-MADRL,-26643.218130181427,-27541.867893706953
371,1,F-MADRL,-28477.86051992984,-27581.446885285965
372,1,F-MADRL,-28470.298831440377,-27614.83057703016
373,1,F-MADRL,-27044.17367921304,-27495.444392576886
374,1,F-MADRL,-28532.019416817697,-27522.998410525062
375,1,F-MADRL,-27382.78914634745,-27449.38372020741
376,1,F-MADRL,-28322.79448881008,-27532.480529481232
377,1,F-MADRL,-26367.42629777403,-27520.266181623534
378,1,F-MADRL,-28898.203304474548,-27662.909732426164
379,1,F-MADRL,-26821.68296451924,-27629.356952631097
380,1,F-MADRL,-24621.99264712841,-27498.518223970234
381,1,F-MADRL,-27759.62546020385,-27541.62457470254
382,1,F-MADRL,-28236.023275763648,-27574.47919841204
383,1,F-MADRL,-27506.438584202904,-27488.57915457932
384,1,F-MADRL,-26048.691104142246,-27467.340961820875
385,1,F-MADRL,-25831.663217685287,-27373.682223297918
386,1,F-MADRL,-27788.97207251376,-27411.380488738254
387,1,F-MADRL,-27003.797447981106,-27368.23500336575
388,1,F-MADRL,-26920.915505244036,-27292.47083569129
389,1,F-MADRL,-25158.91942705745,-27207.375382047096
390,1,F-MADRL,-27423.619264356785,-27232.524855590415
391,1,F-MADRL,-26938.90639674807,-27254.091396039505
392,1,F-MADRL,-27523.999300142365,-27288.583062162495
393,1,F-MADRL,-26143.35808551833,-27170.4998764088
394,1,F-MADRL,-27323.5007653256,-27167.635573340864
395,1,F-MADRL,-26284.906488310105,-27153.30310766601
396,1,F-MADRL,-24305.19121247743,-26986.396335367914
397,1,F-MADRL,-22459.4164356615,-26745.96103953676
398,1,F-MADRL,-24983.318592493637,-26663.526836067984
399,1,F-MADRL,-24246.807857065996,-26492.118373677917
400,1,F-MADRL,-25874.453411749084,-26431.784944293984
401,1,F-MADRL,-24167.93288135939,-26265.590479995954
402,1,F-MADRL,-26419.64453979841,-26267.679209676924
403,1,F-MADRL,-25109.30019859255,-26116.12308544165
404,1,F-MADRL,-26432.88797781854,-26100.57128597362
405,1,F-MADRL,-25594.738520884523,-26139.481120923865
406,1,F-MADRL,-25050.150838533827,-26031.102136057067
407,1,F-MADRL,-25143.27612350755,-25907.39224996682
408,1,F-MADRL,-24922.85725744732,-25804.048996896596
409,1,F-MADRL,-25752.467817477147,-25792.20006542999
410,1,F-MADRL,-24300.67667457416,-25730.960603705546
411,1,F-MADRL,-24615.35731078465,-25604.01601323638
412,1,F-MADRL,-27460.36586490154,-25622.2787499132
413,1,F-MADRL,-25574.64606864857,-25568.427972449383
414,1,F-MADRL,-26029.74171396601,-25603.260863925727
415,1,F-MADRL,-25679.74652115341,-25533.50595419759
416,1,F-MADRL,-23882.46899341189,-25411.24845806414
417,1,F-MADRL,-25845.899952172174,-25344.124484145334
418,1,F-MADRL,-24199.6326987874,-25266.375468676095
419,1,F-MADRL,-25842.95933942324,-25207.153811640004
420,1,F-MADRL,-23640.42140078298,-25101.374408138916
421,1,F-MADRL,-23997.705052239457,-25089.0749617294
422,1,F-MADRL,-27406.3926174253,-25286.95400899995
423,1,F-MADRL,-28984.203303499657,-25446.989397440193
424,1,F-MADRL,-26056.543403168485,-25519.37881928429
425,1,F-MADRL,-26651.925704331275,-25550.477710987576
426,1,F-MADRL,-23681.175965921862,-25531.007434370076
427,1,F-MADRL,-23803.26961159787,-25426.352437242054
428,1,F-MADRL,-26321.80339579203,-25474.852565130033
429,1,F-MADRL,-25998.6048707058,-25457.48124084553
430,1,F-MADRL,-26291.45060809328,-25485.34972433388
431,1,F-MADRL,-27578.343985994536,-25586.4774502323
432,1,F-MADRL,-23716.189662315577,-25529.393991784626
433,1,F-MADRL,-25576.62265022613,-25555.544607495776
434,1,F-MADRL,-24282.68273685509,-25496.753204270895
435,1,F-MADRL,-25192.77360602886,-25532.437081529082
436,1,F-MADRL,-24341.536863910424,-25521.484263654114
437,1,F-MADRL,-23896.138449581777,-25378.915167041323
438,1,F-MADRL,-25692.546901667723,-25383.63120036209
439,1,F-MADRL,-24316.22689174608,-25315.090607473292
440,1,F-MADRL,-25035.252650770395,-25289.31085265797
441,1,F-MADRL,-25059.3636609244,-25336.386639358472
442,1,F-MADRL,-24025.39606944861,-25263.56648404953
443,1,F-MADRL,-23247.64848792096,-25225.487115614877
444,1,F-MADRL,-26848.490944963,-25265.70837983646
445,1,F-MADRL,-23345.63610511711,-25253.91696800983
446,1,F-MADRL,-24775.81360465232,-25285.041310106342
447,1,F-MADRL,-26152.71803037221,-25234.894326624217
448,1,F-MADRL,-24286.75365017095,-25046.996340491067
449,1,F-MADRL,-24182.655428071837,-24972.040821487204
450,1,F-MADRL,-22324.373417021787,-24798.93872999483
451,1,F-MADRL,-26841.88233977309,-24925.366984948876
452,1,F-MADRL,-23997.747542814628,-24933.14610219755
453,1,F-MADRL,-24771.93904213017,-24871.151528051072
454,1,F-MADRL,-23639.024554701296,-24776.76831541089
455,1,F-MADRL,-24828.679810850776,-24718.25748352119
456,1,F-MADRL,-26219.64224366829,-24663.909413828143
457,1,F-MADRL,-22346.988742516554,-24609.141377036176
458,1,F-MADRL,-24784.91340997236,-24577.47300742603
459,1,F-MADRL,-23559.516305183806,-24548.546350159173
460,1,F-MADRL,-24422.61790164088,-24517.740121983654
461,1,F-MADRL,-26057.906681633485,-24586.39491469258
462,1,F-MADRL,-24520.002326080383,-24611.34946975252
463,1,F-MADRL,-25351.226719423463,-24597.69666246275
464,1,F-MADRL,-22078.09154027228,-24508.1712484038
465,1,F-MADRL,-23325.89600905507,-24439.79698273519
466,1,F-MADRL,-23398.302608357582,-24373.354540632517
467,1,F-MADRL,-25245.177891659478,-24422.14581352095
468,1,F-MADRL,-25656.088674964343,-24518.483421002682
469,1,F-MADRL,-25081.597086658923,-24447.80766667052
470,1,F-MADRL,-22361.12598128812,-24408.427261717363
471,1,F-MADRL,-23757.28455446312,-24367.686099709794
472,1,F-MADRL,-22986.291445068684,-24241.029036297652
473,1,F-MADRL,-22851.72267059416,-24183.627797114583
474,1,F-MADRL,-23742.038260180045,-24166.00311039891
475,1,F-MADRL,-23041.19405616138,-24194.675935964497
476,1,F-MADRL,-24667.315723533266,-24107.693271314904
477,1,F-MADRL,-22094.941629015146,-24031.58103476292
478,1,F-MADRL,-23946.3230047074,-23998.55639326601
479,1,F-MADRL,-26179.82073531377,-24100.188240490508
480,1,F-MADRL,-21812.196647937853,-23979.528913973994
481,1,F-MADRL,-24606.16714763695,-23914.98991013274
482,1,F-MADRL,-22990.57934293873,-23940.73353414963
483,1,F-MADRL,-25365.098462766444,-23963.940936261388
484,1,F-MADRL,-22095.73898069749,-23905.389843281937
485,1,F-MADRL,-22939.117897326025,-23846.049843109347
486,1,F-MADRL,-22529.971828897764,-23704.932448999913
487,1,F-MADRL,-22859.282572599208,-23638.50365886067
488,1,F-MADRL,-24040.595759596177,-23586.078420467577
489,1,F-MADRL,-22907.75064188927,-23619.264784532254
490,1,F-MADRL,-23793.967526932225,-23637.98764524734
491,1,F-MADRL,-23827.6006031184,-23655.15956503778
492,1,F-MADRL,-23130.88474641624,-23570.587839228047
493,1,F-MADRL,-23152.91628667261,-23470.460943696376
494,1,F-MADRL,-24507.117318961456,-23447.48175298848
495,1,F-MADRL,-23694.822810858022,-23500.82962617127
496,1,F-MADRL,-24720.25150138453,-23539.34830404813
497,1,F-MADRL,-21475.06785250047,-23478.8993603454
498,1,F-MADRL,-21976.01749183665,-23443.8711531951
499,1,F-MADRL,-24379.650960045383,-23469.375661189715
500,1,F-MADRL,-22761.71477746854,-23458.196490042
501,1,F-MADRL,-28167.80054598952,-28167.80054598952
502,1,F-MADRL,-28259.541087203004,-28213.670816596263
503,1,F-MADRL,-29841.293971129344,-28756.21186810729
504,1,F-MADRL,-28012.646885786795,-28570.320622527164
505,1,F-MADRL,-28076.36219931546,-28471.52893788483
506,1,F-MADRL,-28920.51862182402,-28546.36055187469
507,1,F-MADRL,-27579.984744834976,-28408.306865154733
508,1,F-MADRL,-31422.36383890381,-28785.063986873367
509,1,F-MADRL,-29988.80437819076,-28918.812919241966
510,1,F-MADRL,-28412.77079205733,-28868.208706523503
511,1,F-MADRL,-29061.846880464615,-28885.812176881787
512,1,F-MADRL,-26314.763594845237,-28671.558128378736
513,1,F-MADRL,-26718.421550600156,-28521.316853165004
514,1,F-MADRL,-26197.511363745205,-28355.330746777876
515,1,F-MADRL,-30075.47649447255,-28470.007129957517
516,1,F-MADRL,-30424.89965880474,-28592.18791301047
517,1,F-MADRL,-28654.22533416269,-28595.837173078246
518,1,F-MADRL,-28252.685535146684,-28576.77319319316
519,1,F-MADRL,-27456.08868338835,-28517.78979794028
520,1,F-MADRL,-27589.685508412476,-28471.384583463885
521,1,F-MADRL,-31792.504427515,-28629.533147466318
522,1,F-MADRL,-28632.530545500027,-28629.669392831485
523,1,F-MADRL,-31398.058340172003,-28750.034129672382
524,1,F-MADRL,-27881.90575885693,-28713.862114221734
525,1,F-MADRL,-25768.576384071373,-28596.05068501572
526,1,F-MADRL,-27513.4287845641,-28569.875814558705
527,1,F-MADRL,-30103.198432557205,-28643.622108372874
528,1,F-MADRL,-28623.328732688533,-28594.903498835243
529,1,F-MADRL,-30869.404861222585,-28709.173817852676
530,1,F-MADRL,-30715.92839500825,-28814.756465680384
531,1,F-MADRL,-27953.916486319067,-28776.092380260183
532,1,F-MADRL,-30165.01723651925,-28879.493679927557
533,1,F-MADRL,-29489.883591749232,-28802.19447004137
534,1,F-MADRL,-29557.78077572176,-28784.953525942612
535,1,F-MADRL,-29501.84505556464,-28828.516496482905
536,1,F-MADRL,-27838.266038055503,-28779.573262786544
537,1,F-MADRL,-28312.7961640518,-28859.4945655548
538,1,F-MADRL,-28109.28448648048,-28915.129082990017
539,1,F-MADRL,-29180.6038019058,-29034.45278051644
540,1,F-MADRL,-28616.80865852981,-28976.106067078734
541,1,F-MADRL,-27395.24246974263,-28854.919779516244
542,1,F-MADRL,-30043.51785072921,-28910.49148017891
543,1,F-MADRL,-27621.86668954505,-28885.25872635484
544,1,F-MADRL,-29452.20057851019,-28965.103202159717
545,1,F-MADRL,-29047.92918743793,-29023.432949320733
546,1,F-MADRL,-27758.86243333688,-28862.087269553613
547,1,F-MADRL,-27930.530207487885,-28834.00725603313
548,1,F-MADRL,-26447.02960178997,-28635.966106497843
549,1,F-MADRL,-26458.667358811213,-28579.036570496013
550,1,F-MADRL,-27044.39164439524,-28630.069180908973
551,1,F-MADRL,-28830.3792283474,-28682.747198660298
552,1,F-MADRL,-27664.03165776097,-28585.18052766845
553,1,F-MADRL,-26269.67612807473,-28491.0344234839
554,1,F-MADRL,-25852.518243991468,-28290.35895879465
555,1,F-MADRL,-28833.99975287453,-28215.081813109307
556,1,F-MADRL,-28459.0828614214,-28235.288468113402
557,1,F-MADRL,-28836.791704794294,-28182.159446844402
558,1,F-MADRL,-26464.765912703697,-28061.15473968258
559,1,F-MADRL,-31409.807133174,-28135.23579398067
560,1,F-MADRL,-30822.57375647469,-28188.06494201707
561,1,F-MADRL,-30970.526459261902,-28313.355358865327
562,1,F-MADRL,-29600.43832987809,-28364.861045498383
563,1,F-MADRL,-28076.34533597246,-28363.543479478056
564,1,F-MADRL,-28945.03178303461,-28354.120598723213
565,1,F-MADRL,-30182.467289045107,-28416.74694394382
566,1,F-MADRL,-27893.63296170609,-28436.682563622362
567,1,F-MADRL,-31317.050333637668,-28487.6238629387
568,1,F-MADRL,-28066.240705631804,-28505.39882358217
569,1,F-MADRL,-30619.965251881207,-28552.109410517012
570,1,F-MADRL,-30362.43447901507,-28604.689622180093
571,1,F-MADRL,-29827.683167784937,-28687.442451558014
572,1,F-MADRL,-30312.102967785235,-28782.705361969907
573,1,F-MADRL,-29590.487833469917,-28908.443691237113
574,1,F-MADRL,-27934.337693758687,-28967.47050463501
575,1,F-MADRL,-28745.953577068176,-29035.532981941924
576,1,F-MADRL,-27504.90167703985,-28982.513879889622
577,1,F-MADRL,-31391.907749777525,-29131.628923570286
578,1,F-MADRL,-28766.528357100266,-29231.503012731308
579,1,F-MADRL,-30029.94879055273,-29398.60023459376
580,1,F-MADRL,-30041.531879936952,-29446.901519676252
581,1,F-MADRL,-28240.367948410705,-29438.152923155827
582,1,F-MADRL,-28157.283724048524,-29410.972603926
583,1,F-MADRL,-28938.057856935822,-29509.90428169528
584,1,F-MADRL,-27226.38185124338,-29342.567270418058
585,1,F-MADRL,-27345.53565969537,-29203.48574654688
586,1,F-MADRL,-30442.816750213795,-29182.37735818496
587,1,F-MADRL,-30187.06690997415,-29205.842501388797
588,1,F-MADRL,-29556.870461933755,-29265.063506427254
589,1,F-MADRL,-28002.59452840748,-29227.36601624217
590,1,F-MADRL,-29441.40803859439,-29197.723646224138
591,1,F-MADRL,-28382.97518578638,-29217.29733518735
592,1,F-MADRL,-30122.633917349776,-29169.520678535835
593,1,F-MADRL,-29639.41916978501,-29232.447817101962
594,1,F-MADRL,-29334.265699306223,-29181.019834998966
595,1,F-MADRL,-29068.02141470597,-29129.2433124266
596,1,F-MADRL,-29527.126113549337,-29117.221030257177
597,1,F-MADRL,-27743.72555297013,-29014.48593366457
598,1,F-MADRL,-29262.92953747256,-29001.38360182468
599,1,F-MADRL,-27150.06745549689,-28970.01279229421
600,1,F-MADRL,-30134.603017359223,-29025.558769905845
601,1,F-MADRL,-30655.995349172736,-29151.602516791165
602,1,F-MADRL,-30958.444169516548,-29134.263973580724
603,1,F-MADRL,-28667.35617774287,-29130.29708640643
604,1,F-MADRL,-29236.11693732572,-29098.54381227735
605,1,F-MADRL,-28184.880182893867,-29024.277744395626
606,1,F-MADRL,-29769.687203346144,-29085.45051459304
607,1,F-MADRL,-27574.186105672605,-29062.126609858005
608,1,F-MADRL,-29762.66964101815,-29095.1110812213
609,1,F-MADRL,-29489.996948481847,-29185.655685110836
610,1,F-MADRL,-31097.41263308128,-29335.730764046275
611,1,F-MADRL,-28212.959202362304,-29246.536462132215
612,1,F-MADRL,-31574.559627016737,-29302.03617081392
613,1,F-MADRL,-29427.97413426612,-29296.88031770721
614,1,F-MADRL,-28200.45273082124,-29304.794645803762
615,1,F-MADRL,-28067.54072443369,-29249.839953237333
616,1,F-MADRL,-28240.11565560504,-29244.125572030083
617,1,F-MADRL,-29905.66203344457,-29235.44669667387
618,1,F-MADRL,-29045.371763847765,-29211.684800436382
619,1,F-MADRL,-27151.044958772567,-29124.35597081504
620,1,F-MADRL,-28539.51171542804,-29103.21558284392
621,1,F-MADRL,-29382.449663664756,-29097.428524848536
622,1,F-MADRL,-29271.8389442576,-29158.55306050003
623,1,F-MADRL,-28348.27818466299,-29121.96700638765
624,1,F-MADRL,-30202.98596914172,-29244.083746933444
625,1,F-MADRL,-28068.7664203536,-29161.45028305322
626,1,F-MADRL,-27108.82042544638,-29019.56328610417
627,1,F-MADRL,-28263.28699881694,-28911.756999276182
628,1,F-MADRL,-29244.922399636656,-28934.859648151934
629,1,F-MADRL,-27667.40826585354,-28872.111301293047
630,1,F-MADRL,-29124.48168999144,-28909.695361576953
631,1,F-MADRL,-29769.66251488045,-28909.69437403832
632,1,F-MADRL,-29531.357571541623,-28987.981232673083
633,1,F-MADRL,-27838.49757474212,-28911.01435002204
634,1,F-MADRL,-27826.080646808132,-28844.45769795509
635,1,F-MADRL,-28898.832369774824,-28756.514487422835
636,1,F-MADRL,-29736.370030954557,-28817.450920566524
637,1,F-MADRL,-29550.40444611876,-28736.484713330603
638,1,F-MADRL,-28371.454503616857,-28694.223928104635
639,1,F-MADRL,-29435.87125845797,-28743.6406692101
640,1,F-MADRL,-27049.370348290337,-28702.91385416437
641,1,F-MADRL,-30551.91179980276,-28795.385699932278
642,1,F-MADRL,-30949.85928222322,-28837.153589883426
643,1,F-MADRL,-28356.366433568277,-28809.593376672245
644,1,F-MADRL,-28731.58778597597,-28872.81508976038
645,1,F-MADRL,-29884.49915524461,-28926.614587353044
646,1,F-MADRL,-29599.39371425642,-28935.292349376712
647,1,F-MADRL,-29026.864149851062,-28925.493357600448
648,1,F-MADRL,-28952.6759777534,-28949.669269324066
649,1,F-MADRL,-30696.95812745837,-28969.428155656733
650,1,F-MADRL,-29525.485866032606,-29027.696933483894
651,1,F-MADRL,-26829.083535355072,-29016.507457880238
652,1,F-MADRL,-27330.107604028053,-28979.180282088684
653,1,F-MADRL,-30303.64476459074,-29021.529176686843
654,1,F-MADRL,-28360.14482136496,-29049.238638907304
655,1,F-MADRL,-27873.399972318897,-28999.195370200403
656,1,F-MADRL,-29471.562859113896,-28987.271383969743
657,1,F-MADRL,-31000.841841031102,-29046.050754749318
658,1,F-MADRL,-29884.15280583421,-29127.876963993003
659,1,F-MADRL,-27600.84952892392,-29118.867719277634
660,1,F-MADRL,-27951.733654292144,-29080.983770658328
661,1,F-MADRL,-31535.80323115657,-29152.961098666405
662,1,F-MADRL,-28934.34860710353,-29128.318865105797
663,1,F-MADRL,-29383.52927877433,-29168.8018561121
664,1,F-MADRL,-26892.88024903647,-29067.082215735238
665,1,F-MADRL,-27250.040753855443,-29075.109031957843
666,1,F-MADRL,-30072.73896057832,-29055.942118388866
667,1,F-MADRL,-28348.73573282647,-28951.897176412993
668,1,F-MADRL,-27514.65674280779,-28918.228788782577
669,1,F-MADRL,-29848.32551571445,-28962.898297972115
670,1,F-MADRL,-28230.74061639192,-28896.747956418003
671,1,F-MADRL,-31388.866085949296,-28968.326851285718
672,1,F-MADRL,-28429.36871266477,-28944.42703379827
673,1,F-MADRL,-27631.1733174029,-28891.56692738425
674,1,F-MADRL,-29689.85515669292,-28851.28280855363
675,1,F-MADRL,-27691.03266826534,-28777.904680642936
676,1,F-MADRL,-28154.09954079546,-28830.90532086055
677,1,F-MADRL,-27728.21673137467,-28846.82968595442
678,1,F-MADRL,-28433.980608559563,-28772.043119713177
679,1,F-MADRL,-31333.96661111319,-28890.9959913031
680,1,F-MADRL,-27194.42790154368,-28863.837108472093
681,1,F-MADRL,-29490.079432552902,-28864.57777140965
682,1,F-MADRL,-27710.666575575808,-28732.970760791442
683,1,F-MADRL,-29127.74565109465,-28702.714474601857
684,1,F-MADRL,-28524.777377247286,-28739.671588534795
685,1,F-MADRL,-27297.44403846612,-28713.500003901754
686,1,F-MADRL,-29989.583964414225,-28651.65123323206
687,1,F-MADRL,-30191.70939656613,-28701.945664810562
688,1,F-MADRL,-29800.28899003342,-28718.61605326093
689,1,F-MADRL,-30455.554357008885,-28861.123017579826
690,1,F-MADRL,-29030.084636325228,-28932.324772878615
691,1,F-MADRL,-27686.735288451604,-28836.88462599354
692,1,F-MADRL,-27221.354492615104,-28791.78937638509
693,1,F-MADRL,-27836.24303245458,-28804.652827970964
694,1,F-MADRL,-29363.44350000348,-28785.25754734252
695,1,F-MADRL,-30249.83547564612,-28866.021341712694
696,1,F-MADRL,-27188.072395306648,-28697.98959408699
697,1,F-MADRL,-29509.36717164672,-28741.189532446264
698,1,F-MADRL,-28222.384340830515,-28764.837973383368
699,1,F-MADRL,-27648.06949123342,-28683.166546764987
700,1,F-MADRL,-29636.104593033542,-28760.96942375572
701,1,F-MADRL,-27337.72198530354,-28728.314321536043
702,1,F-MADRL,-28416.48349857189,-28755.84499222393
703,1,F-MADRL,-28263.18594566892,-28749.013205708303
704,1,F-MADRL,-28431.423470552465,-28632.911480085877
705,1,F-MADRL,-27018.64717187848,-28625.880250899267
706,1,F-MADRL,-31475.594613414258,-28705.30085813372
707,1,F-MADRL,-28632.05820778515,-28742.156523422094
708,1,F-MADRL,-27992.56553648056,-28696.749318837534
709,1,F-MADRL,-29879.437328713982,-28750.935716896198
710,1,F-MADRL,-28407.53549022518,-28795.33937496656
711,1,F-MADRL,-28991.696481381536,-28755.423875645254
712,1,F-MADRL,-29762.68916267129,-28738.263066289463
713,1,F-MADRL,-27633.408582257347,-28651.58784997842
714,1,F-MADRL,-25209.141321087565,-28441.731328541566
715,1,F-MADRL,-26168.983148556203,-28327.287269030803
716,1,F-MADRL,-28295.445226584256,-28351.63566655611
717,1,F-MADRL,-29162.299277164137,-28429.273457938074
718,1,F-MADRL,-28354.627662104656,-28450.008843124077
719,1,F-MADRL,-29638.461987280796,-28461.00958261517
720,1,F-MADRL,-28395.020567629654,-28386.816986294507
721,1,F-MADRL,-28901.952167615145,-28455.372177186844
722,1,F-MADRL,-29174.081460990117,-28441.960748760583
723,1,F-MADRL,-28623.243781647485,-28457.995126393263
724,1,F-MADRL,-29048.144707972395,-28513.998135062822
725,1,F-MADRL,-27571.10524564638,-28431.398161167333
726,1,F-MADRL,-27409.04719528891,-28434.25116956675
727,1,F-MADRL,-30619.38517112093,-28522.367236468708
728,1,F-MADRL,-29482.31844962077,-28571.13253662679
729,1,F-MADRL,-28116.92478610705,-28558.552589248968
730,1,F-MADRL,-28692.855633335097,-28625.520927707235
731,1,F-MADRL,-26374.823568767715,-28421.490085921378
732,1,F-MADRL,-28306.368756124004,-28408.462507854925
733,1,F-MADRL,-27497.344282926697,-28388.653657712774
734,1,F-MADRL,-28512.475101038195,-28333.97516860574
735,1,F-MADRL,-31663.366654230864,-28464.208415165966
736,1,F-MADRL,-28107.13763934189,-28428.826061484386
737,1,F-MADRL,-29112.640734875316,-28402.824124372542
738,1,F-MADRL,-27320.44419168544,-28390.305548749668
739,1,F-MADRL,-28490.27621390175,-28521.550944462233
740,1,F-MADRL,-27729.329300390607,-28583.964790535607
741,1,F-MADRL,-26581.22882974248,-28515.39613466194
742,1,F-MADRL,-28017.00012754853,-28469.584168677316
743,1,F-MADRL,-28623.738436161337,-28480.348599639583
744,1,F-MADRL,-29972.203122519,-28493.69824504911
745,1,F-MADRL,-28639.63696369837,-28503.482900891864
746,1,F-MADRL,-29271.22350692122,-28518.253754464105
747,1,F-MADRL,-29215.84503366769,-28519.924297371203
748,1,F-MADRL,-29762.47617755126,-28565.493593207357
749,1,F-MADRL,-30048.31623714169,-28605.500454374123
750,1,F-MADRL,-26021.140444045363,-28543.501862310088
751,1,F-MADRL,-29838.04181450116,-28640.661647078578
752,1,F-MADRL,-26825.93171823397,-28488.9235089631
753,1,F-MADRL,-24780.42618495688,-28300.847818376544
754,1,F-MADRL,-23703.85075617901,-28124.32485717942
755,1,F-MADRL,-28887.033143412424,-28132.091957582514
756,1,F-MADRL,-26168.57103201849,-28123.841856112544
757,1,F-MADRL,-26948.90198099544,-28069.543185107406
758,1,F-MADRL,-28360.14390633148,-28104.055170043594
759,1,F-MADRL,-27855.1417274075,-28077.76183509837
760,1,F-MADRL,-27977.935478872925,-27930.344588084048
761,1,F-MADRL,-27971.56742777685,-27924.921779621443
762,1,F-MADRL,-28241.75553658566,-27890.086371689864
763,1,F-MADRL,-28355.92500853815,-27931.505604363967
764,1,F-MADRL,-26652.64008756404,-27858.00015931046
765,1,F-MADRL,-27227.189269453844,-27837.914558072993
766,1,F-MADRL,-29043.343390163456,-27936.399140489826
767,1,F-MADRL,-29509.7921755104,-27996.1108224083
768,1,F-MADRL,-27678.962671868416,-27958.319791836584
769,1,F-MADRL,-29822.460559021983,-27952.33008929671
770,1,F-MADRL,-29350.922063061076,-27980.781493271214
771,1,F-MADRL,-28633.606726774364,-27955.276822065338
772,1,F-MADRL,-28094.372318401885,-27910.417913454712
773,1,F-MADRL,-28625.17936870751,-27864.926041100956
774,1,F-MADRL,-26290.193283675304,-27714.601122962307
775,1,F-MADRL,-26940.314502077257,-27751.368085283582
776,1,F-MADRL,-27474.079704406045,-27656.809600879773
777,1,F-MADRL,-28712.01958469632,-27732.25311553827
778,1,F-MADRL,-28837.59908486197,-27894.54003153447
779,1,F-MADRL,-28664.002664812404,-28092.94610787981
780,1,F-MADRL,-27457.562199723183,-28035.767270132237
781,1,F-MADRL,-26582.149873741702,-28052.310423801166
782,1,F-MADRL,-25640.186840056453,-27999.961818163603
783,1,F-MADRL,-29267.2124393352,-28036.24455948375
784,1,F-MADRL,-28176.7381680138,-28049.108417108007
785,1,F-MADRL,-29183.913860835102,-28097.347552386498
786,1,F-MADRL,-28258.59545552822,-28108.828673496548
787,1,F-MADRL,-28017.72281390286,-28099.867364589238
788,1,F-MADRL,-24107.171939846503,-27929.91724184157
789,1,F-MADRL,-28721.15974698873,-28012.65802821856
790,1,F-MADRL,-27191.600637024378,-28011.23448292138
791,1,F-MADRL,-27107.745636896405,-27933.8105727907
792,1,F-MADRL,-26875.469188179966,-27828.437653297486
793,1,F-MADRL,-28555.198228607856,-27863.48707556706
794,1,F-MADRL,-28428.9341384348,-27807.74601874357
795,1,F-MADRL,-27055.79750267229,-27715.941036328022
796,1,F-MADRL,-27227.813799962,-27659.70931925553
797,1,F-MADRL,-25327.462484811174,-27549.032925911895
798,1,F-MADRL,-28924.050884750308,-27560.98778655361
799,1,F-MADRL,-28237.212971998517,-27638.868574086533
800,1,F-MADRL,-27111.90204442564,-27645.73207578047
801,1,F-MADRL,-27024.2057815928,-27627.737118867943
802,1,F-MADRL,-27180.462814406557,-27566.47484805635
803,1,F-MADRL,-24240.382683029573,-27382.586191983057
804,1,F-MADRL,-27022.66404858236,-27316.93264733386
805,1,F-MADRL,-29007.462537005416,-27378.928660825142
806,1,F-MADRL,-25831.257573143463,-27348.892968801214
807,1,F-MADRL,-26589.08321717901,-27386.848823886117
808,1,F-MADRL,-26577.697238015586,-27279.268215833334
809,1,F-MADRL,-28082.15597145059,-27275.484927970803
810,1,F-MADRL,-28721.963531351845,-27257.006914791473
811,1,F-MADRL,-25677.278715445093,-27153.754245188153
812,1,F-MADRL,-27694.61888151802,-27140.83008789276
813,1,F-MADRL,-27259.331667923296,-27266.916477015828
814,1,F-MADRL,-27671.45442250145,-27224.928264036338
815,1,F-MADRL,-26905.537970900677,-27213.485757391387
816,1,F-MADRL,-25873.44485610055,-27164.113726159554
817,1,F-MADRL,-28683.305373661256,-27236.427173578806
818,1,F-MADRL,-26949.4959678221,-27172.199083147374
819,1,F-MADRL,-25448.982099087152,-27053.00100157347
820,1,F-MADRL,-29595.09457476329,-27154.572884457106
821,1,F-MADRL,-25808.686947620445,-27097.807810363443
822,1,F-MADRL,-27990.9664108579,-27204.34796740532
823,1,F-MADRL,-26422.03823018549,-27104.267461222724
824,1,F-MADRL,-25591.1351953895,-26998.424350158362
825,1,F-MADRL,-24799.805837274667,-26905.940501872323
826,1,F-MADRL,-27231.657544053294,-26914.238572370745
827,1,F-MADRL,-25596.146098909565,-26850.865903750862
828,1,F-MADRL,-24626.87729862399,-26866.325688374644
829,1,F-MADRL,-27008.008051899607,-26865.739448507327
830,1,F-MADRL,-27038.065831517444,-26786.96358028781
831,1,F-MADRL,-28413.880708486035,-26890.268505701515
832,1,F-MADRL,-26813.63735767744,-26899.250671321453
833,1,F-MADRL,-24441.128681703925,-26813.787929068985
834,1,F-MADRL,-25717.015486841083,-26719.182309684606
835,1,F-MADRL,-27755.28917691452,-26680.51533550711
836,1,F-MADRL,-27865.8416319598,-26768.057852167698
837,1,F-MADRL,-25990.43322601109,-26699.890425947422
838,1,F-MADRL,-27443.0404752038,-26707.23877823864
839,1,F-MADRL,-25188.30153073348,-26607.91266256792
840,1,F-MADRL,-28616.610930977837,-26676.35558097101
841,1,F-MADRL,-29191.97510980825,-26809.09679111932
842,1,F-MADRL,-24521.928472924024,-26642.641715089827
843,1,F-MADRL,-28037.12909927064,-26686.147040347772
844,1,F-MADRL,-27808.754627196584,-26780.53794147215
845,1,F-MADRL,-25854.028204939877,-26630.895286679213
846,1,F-MADRL,-26835.102232081303,-26671.951898057647
847,1,F-MADRL,-27083.566981650594,-26635.65592088935
848,1,F-MADRL,-24480.548692569697,-26557.99633938472
849,1,F-MADRL,-29839.906594943877,-26727.9471953669
850,1,F-MADRL,-26236.286045554458,-26785.40640369809
851,1,F-MADRL,-27582.663402423,-26799.446638032874
852,1,F-MADRL,-27428.876439415835,-26872.755851653124
853,1,F-MADRL,-24890.56400902113,-26883.30332006901
854,1,F-MADRL,-26486.53531097526,-26862.444410432036
855,1,F-MADRL,-24584.73817143812,-26764.311304028866
856,1,F-MADRL,-28982.55939070936,-26787.0584513178
857,1,F-MADRL,-27157.60983614706,-26800.817350456586
858,1,F-MADRL,-26278.769289098243,-26874.322974752355
859,1,F-MADRL,-26075.53865663768,-26888.663901544223
860,1,F-MADRL,-25417.340220982915,-26795.145943306958
861,1,F-MADRL,-27891.7066032916,-26796.18054216023
862,1,F-MADRL,-28248.08123333944,-26886.486462453362
863,1,F-MADRL,-26581.1836071011,-26852.012187729255
864,1,F-MADRL,-24943.54123330931,-26842.221775832288
865,1,F-MADRL,-23912.82116256134,-26654.070185095632
866,1,F-MADRL,-26278.396352034248,-26537.527034784667
867,1,F-MADRL,-25365.84704986711,-26571.28377786239
868,1,F-MADRL,-26426.61252062924,-26506.863114716733
869,1,F-MADRL,-26037.61113680364,-26436.017375101015
870,1,F-MADRL,-27190.830821209955,-26489.489479751825
871,1,F-MADRL,-25720.043590073583,-26444.887134071512
872,1,F-MADRL,-27160.068264286067,-26447.947185376936
873,1,F-MADRL,-26389.051273540717,-26524.287288615775
874,1,F-MADRL,-27584.919557291523,-26434.087807109678
875,1,F-MADRL,-24991.95509835536,-26384.31456922171
876,1,F-MADRL,-25967.597849943835,-26319.711947122552
877,1,F-MADRL,-24985.96506730924,-26221.995492238286
878,1,F-MADRL,-27143.90593824094,-26312.12916940708
879,1,F-MADRL,-26662.187523775898,-26319.1552579191
880,1,F-MADRL,-27926.176355814183,-26452.812785294143
881,1,F-MADRL,-25487.010105697656,-26312.990813893677
882,1,F-MADRL,-27325.6277657937,-26319.71153107954
883,1,F-MADRL,-26677.33333689641,-26335.65409299147
884,1,F-MADRL,-26486.93666581801,-26352.11001335868
885,1,F-MADRL,-26886.05440369392,-26410.85858066712
886,1,F-MADRL,-25103.22308124988,-26299.31923978545
887,1,F-MADRL,-26202.479711037795,-26217.49517889339
888,1,F-MADRL,-26957.722737950036,-26232.55674412735
889,1,F-MADRL,-27051.99581123565,-26316.8949272444
890,1,F-MADRL,-25106.88900900661,-26364.657641102207
891,1,F-MADRL,-25351.32028466982,-26327.574598407635
892,1,F-MADRL,-23830.52786851001,-26266.161831153346
893,1,F-MADRL,-27502.595456079493,-26309.20114857136
894,1,F-MADRL,-23933.383085271005,-26225.032026510053
895,1,F-MADRL,-26120.639557302064,-26182.224375953734
896,1,F-MADRL,-26552.767738101746,-26215.533341874863
897,1,F-MADRL,-23477.945168589074,-26068.24841804698
898,1,F-MADRL,-26205.637747290893,-26060.91187699699
899,1,F-MADRL,-24811.797079843906,-25949.986977899083
900,1,F-MADRL,-25368.227081430497,-25965.03785722209
901,1,F-MADRL,-24209.257423771687,-25894.7042401752
902,1,F-MADRL,-26094.86961303229,-25939.060422004128
903,1,F-MADRL,-26504.92826858744,-25913.501315217985
904,1,F-MADRL,-24458.182929996885,-25825.341131466826
905,1,F-MADRL,-22945.501324278383,-25626.114130205395
906,1,F-MADRL,-25280.845731764104,-25617.867555248053
907,1,F-MADRL,-22822.506942614767,-25437.74272232089
908,1,F-MADRL,-24822.00945919552,-25363.529767212858
909,1,F-MADRL,-23717.81359994836,-25252.764844578076
910,1,F-MADRL,-24952.699021203065,-25175.430629278435
911,1,F-MADRL,-23948.78716274436,-25129.253192538217
912,1,F-MADRL,-26102.195082862538,-25125.241807411207
913,1,F-MADRL,-24012.29226640867,-25007.42458854955
914,1,F-MADRL,-25402.92414438268,-24941.461721875436
915,1,F-MADRL,-23971.34628265396,-24896.040012821333
916,1,F-MADRL,-24179.52960741082,-24849.16838573097
917,1,F-MADRL,-24664.25303985461,-24882.517392584752
918,1,F-MADRL,-25297.912161153617,-24794.330060787717
919,1,F-MADRL,-24529.846888972526,-24818.18861293578
920,1,F-MADRL,-24715.23608388841,-24761.972473999234
921,1,F-MADRL,-23401.725534317386,-24635.930785847857
922,1,F-MADRL,-25600.576500027517,-24720.836039105398
923,1,F-MADRL,-24297.069254894537,-24644.493299409543
924,1,F-MADRL,-24639.55941999006,-24637.603793015387
925,1,F-MADRL,-23011.98616064556,-24543.354156183992
926,1,F-MADRL,-24172.14340294906,-24541.869595351083
927,1,F-MADRL,-23747.12110023892,-24447.95965483935
928,1,F-MADRL,-25133.53271726933,-24393.103832786623
929,1,F-MADRL,-22734.3740518481,-24324.15147766068
930,1,F-MADRL,-21999.707587082205,-24286.319728172828
931,1,F-MADRL,-22157.57173730842,-24161.388768394598
932,1,F-MADRL,-23258.92578382937,-24178.84552204319
933,1,F-MADRL,-23085.22729632445,-24109.374235528343
934,1,F-MADRL,-23306.47258614478,-24092.920594976196
935,1,F-MADRL,-23327.88782408617,-24027.928147091527
936,1,F-MADRL,-21848.73150602558,-23943.92592082277
937,1,F-MADRL,-22012.646989364053,-23780.343997082833
938,1,F-MADRL,-22517.783964668142,-23720.56366501321
939,1,F-MADRL,-22969.463789650523,-23623.22525082392
940,1,F-MADRL,-23960.494263124485,-23622.791170042743
941,1,F-MADRL,-22732.49179790954,-23564.90965766269
942,1,F-MADRL,-22361.565973254445,-23472.80217499869
943,1,F-MADRL,-23092.92094263913,-23384.60252625811
944,1,F-MADRL,-24031.5322979269,-23364.66994261628
945,1,F-MADRL,-22399.288241185408,-23272.03202890816
946,1,F-MADRL,-22446.747884453165,-23233.832922913596
947,1,F-MADRL,-24351.68790304743,-23183.87737903439
948,1,F-MADRL,-22327.582428201167,-23105.097905966653
949,1,F-MADRL,-22436.55505994408,-23016.977731564817
950,1,F-MADRL,-22654.60026741025,-23002.6822958354
951,1,F-MADRL,-22376.108472646843,-22930.84089862332
952,1,F-MADRL,-22471.34337082401,-22879.809789446717
953,1,F-MADRL,-21223.94845846542,-22723.426419094565
954,1,F-MADRL,-21487.793267353,-22673.56318771476
955,1,F-MADRL,-21425.539979342822,-22650.59648340518
956,1,F-MADRL,-23141.467780860152,-22689.95232514725
957,1,F-MADRL,-21777.714209038582,-22630.70386215562
958,1,F-MADRL,-21757.686659911196,-22577.60223669909
959,1,F-MADRL,-22420.535142480498,-22542.16473895252
960,1,F-MADRL,-24061.82848546156,-22571.522365407534
961,1,F-MADRL,-20833.79944287668,-22530.925082881582
962,1,F-MADRL,-21434.46214732091,-22507.79768919985
963,1,F-MADRL,-22800.706629432992,-22519.114595790445
964,1,F-MADRL,-20305.25118931977,-22412.546091777218
965,1,F-MADRL,-21265.204454226776,-22304.73449942131
966,1,F-MADRL,-22427.66987521806,-22292.54162251365
967,1,F-MADRL,-21002.853677563748,-22238.19313068602
968,1,F-MADRL,-22624.915523699427,-22219.47291392843
969,1,F-MADRL,-21306.02551650048,-22110.45264267138
970,1,F-MADRL,-23387.42458329293,-22149.978096355673
971,1,F-MADRL,-23451.71393607881,-22190.1767384207
972,1,F-MADRL,-22538.15008372802,-22117.635225647926
973,1,F-MADRL,-21652.24387882019,-22090.62168367269
974,1,F-MADRL,-21336.315954281054,-22046.612119446163
975,1,F-MADRL,-22364.0877814203,-22034.991620006567
976,1,F-MADRL,-21175.553625299894,-21986.969426112693
977,1,F-MADRL,-21347.707525063524,-21942.023992282273
978,1,F-MADRL,-20883.327662261985,-21928.39916043413
979,1,F-MADRL,-21837.212637478617,-21942.375935239157
980,1,F-MADRL,-21902.92687268269,-21961.471410972754
981,1,F-MADRL,-21410.12154215429,-21892.21756142452
982,1,F-MADRL,-21324.59904655744,-21874.092954925272
983,1,F-MADRL,-21955.956865946337,-21882.02376316668
984,1,F-MADRL,-21202.79968081353,-21833.314344699997
985,1,F-MADRL,-20434.397568079807,-21688.21710800473
986,1,F-MADRL,-20058.28519599854,-21657.196538129603
987,1,F-MADRL,-19866.833458693785,-21594.49139058452
988,1,F-MADRL,-21128.651554088403,-21527.609187570735
989,1,F-MADRL,-21058.10545179307,-21557.723358069667
990,1,F-MADRL,-21700.869407799208,-21575.149956212565
991,1,F-MADRL,-19940.910085957585,-21475.67956464215
992,1,F-MADRL,-19896.068658481185,-21431.408163878845
993,1,F-MADRL,-19849.09211046098,-21320.37522734931
994,1,F-MADRL,-20393.039848304845,-21283.85580062148
995,1,F-MADRL,-21002.750445767157,-21188.46883512045
996,1,F-MADRL,-21451.7673685547,-21108.470972419484
997,1,F-MADRL,-20908.06298245645,-21043.267488368623
998,1,F-MADRL,-20529.51231995038,-20998.358226013832
999,1,F-MADRL,-20546.67833005129,-20966.77272104464
1000,1,F-MADRL,-19392.19773135813,-20847.897119042154
1001,1,F-MADRL,-25558.264647610595,-25558.264647610595
1002,1,F-MADRL,-26415.246230357785,-25986.75543898419
1003,1,F-MADRL,-26157.719471437853,-26043.743449802078
1004,1,F-MADRL,-26564.233919808325,-26173.86606730364
1005,1,F-MADRL,-27316.022338936025,-26402.297321630118
1006,1,F-MADRL,-26513.506882990758,-26420.832248523555
1007,1,F-MADRL,-25163.69991436493,-26241.24191507232
1008,1,F-MADRL,-28638.334582294166,-26540.878498475053
1009,1,F-MADRL,-25300.825987620126,-26403.09488615784
1010,1,F-MADRL,-26798.778157289747,-26442.66321327103
1011,1,F-MADRL,-26896.35812276633,-26483.908205043328
1012,1,F-MADRL,-25055.883752675203,-26364.906167345984
1013,1,F-MADRL,-26810.13171071476,-26399.15428606666
1014,1,F-MADRL,-25294.252471785618,-26320.23272790373
1015,1,F-MADRL,-25526.700920347703,-26267.330607399996
1016,1,F-MADRL,-25011.247559900683,-26188.82541693129
1017,1,F-MADRL,-26678.24110062729,-26217.61457479576
1018,1,F-MADRL,-25951.35558115142,-26202.822408482185
1019,1,F-MADRL,-28094.189167037963,-26302.36802735354
1020,1,F-MADRL,-25792.936253435983,-26276.896438657663
1021,1,F-MADRL,-26901.799355123192,-26306.653720394115
1022,1,F-MADRL,-25308.23889021708,-26261.271228113343
1023,1,F-MADRL,-26071.64877221113,-26253.026773508896
1024,1,F-MADRL,-24743.015755738747,-26190.109647768477
1025,1,F-MADRL,-29475.75069608261,-26321.53528970104
1026,1,F-MADRL,-26628.53504539197,-26364.346105612298
1027,1,F-MADRL,-26581.34037117024,-26370.989871244794
1028,1,F-MADRL,-25878.676451669467,-26359.828150454057
1029,1,F-MADRL,-25128.39141030514,-26302.39445007393
1030,1,F-MADRL,-28413.280585627,-26346.28477994157
1031,1,F-MADRL,-26325.551837632836,-26338.76657812725
1032,1,F-MADRL,-26410.056508834998,-26388.620841906053
1033,1,F-MADRL,-26264.740292918497,-26293.67707033103
1034,1,F-MADRL,-25075.700029977004,-26284.672032025304
1035,1,F-MADRL,-27061.69040820488,-26295.18852206191
1036,1,F-MADRL,-26400.704682068645,-26275.362384434004
1037,1,F-MADRL,-27401.80695411008,-26369.199312491397
1038,1,F-MADRL,-24056.085753474053,-26259.03747420177
1039,1,F-MADRL,-28005.47103027029,-26367.486216541158
1040,1,F-MADRL,-26590.84864161304,-26410.05212539177
1041,1,F-MADRL,-25984.02442969681,-26448.963200183618
1042,1,F-MADRL,-24377.419503149224,-26356.930336284495
1043,1,F-MADRL,-26952.591218934685,-26396.97976179582
1044,1,F-MADRL,-26702.221868958623,-26341.30106987265
1045,1,F-MADRL,-23477.330389175462,-26248.67683530223
1046,1,F-MADRL,-28019.81482280121,-26293.397454009348
1047,1,F-MADRL,-25877.90303876703,-26316.184019951346
1048,1,F-MADRL,-27192.920164836414,-26361.03487565636
1049,1,F-MADRL,-26630.102605083528,-26436.518349630147
1050,1,F-MADRL,-26022.891257916555,-26298.403972103508
1051,1,F-MADRL,-26242.038520896505,-26282.944111123685
1052,1,F-MADRL,-26902.971810631818,-26295.80936870215
1053,1,F-MADRL,-24027.71163146784,-26221.77077589409
1054,1,F-MADRL,-26498.82903137817,-26276.588280737007
1055,1,F-MADRL,-26491.639062909177,-26199.7226198283
1056,1,F-MADRL,-26509.80522926629,-26207.092755493635
1057,1,F-MADRL,-25701.75938744836,-26178.76087063817
1058,1,F-MADRL,-27455.07620090678,-26226.3743069577
1059,1,F-MADRL,-24995.637402570428,-26223.171801861437
1060,1,F-MADRL,-26324.155805497263,-26193.670417753132
1061,1,F-MADRL,-28668.303352270163,-26284.37436456119
1062,1,F-MADRL,-25883.408058322777,-26223.6384087297
1063,1,F-MADRL,-24365.562398076203,-26236.017474513785
1064,1,F-MADRL,-27651.27129982201,-26221.849485295854
1065,1,F-MADRL,-24863.3277994344,-26152.74865160871
1066,1,F-MADRL,-23445.63281864837,-26051.212987166768
1067,1,F-MADRL,-26542.040269585108,-26137.797817824205
1068,1,F-MADRL,-28337.165037750918,-26193.18077057686
1069,1,F-MADRL,-26087.549967803097,-26168.593894530633
1070,1,F-MADRL,-27177.95838434749,-26316.619014337513
1071,1,F-MADRL,-27447.52090676165,-26293.727257695933
1072,1,F-MADRL,-23855.90537639593,-26212.84735120109
1073,1,F-MADRL,-27545.279918795302,-26226.941741359442
1074,1,F-MADRL,-27221.960844522524,-26250.616070937005
1075,1,F-MADRL,-26659.397400311587,-26276.076316632807
1076,1,F-MADRL,-26791.69557554001,-26298.062598818546
1077,1,F-MADRL,-25894.37826048516,-26257.718856812684
1078,1,F-MADRL,-27083.72459392621,-26379.959375311017
1079,1,F-MADRL,-24113.7793895014,-26284.557389635942
1080,1,F-MADRL,-24103.06370382108,-26189.01437527242
1081,1,F-MADRL,-24322.933685694075,-26101.53951352953
1082,1,F-MADRL,-24920.23959420718,-26070.27872179989
1083,1,F-MADRL,-27881.1223260364,-26087.32056680507
1084,1,F-MADRL,-25769.283362930597,-26118.266405219478
1085,1,F-MADRL,-27455.662012929766,-26163.526653516776
1086,1,F-MADRL,-25785.69344401761,-26048.222257186673
1087,1,F-MADRL,-27031.894389500016,-26094.161710433764
1088,1,F-MADRL,-25180.654786759267,-26126.76540598109
1089,1,F-MADRL,-27049.65636366285,-26102.70080853472
1090,1,F-MADRL,-24620.530577104197,-26092.98891964151
1091,1,F-MADRL,-26720.95369736541,-26224.001754790195
1092,1,F-MADRL,-25881.428422357843,-26197.577280901103
1093,1,F-MADRL,-24922.66979811613,-26060.997471315713
1094,1,F-MADRL,-24832.16878611061,-26010.782224048013
1095,1,F-MADRL,-26249.61078812267,-25973.64832019902
1096,1,F-MADRL,-25521.62053251439,-25896.61230522913
1097,1,F-MADRL,-27126.92804008084,-26027.453211776527
1098,1,F-MADRL,-25985.25420159321,-25965.052183088443
1099,1,F-MADRL,-26707.30853751198,-25944.46609080802
1100,1,F-MADRL,-25389.377700100435,-25893.66530279957
1101,1,F-MADRL,-26252.98019739655,-25872.11668767384
1102,1,F-MADRL,-26571.013385909,-25899.18209269079
1103,1,F-MADRL,-25557.540645299527,-25838.13473474572
1104,1,F-MADRL,-24970.137793854825,-25872.38907091986
1105,1,F-MADRL,-25988.093588227584,-25947.790266296117
1106,1,F-MADRL,-28031.203670268507,-26096.121065679094
1107,1,F-MADRL,-28050.38090964664,-26221.326718296674
1108,1,F-MADRL,-26644.852421163087,-26171.87592210174
1109,1,F-MADRL,-25311.109862295685,-26153.548982076343
1110,1,F-MADRL,-25314.328677203892,-26067.895648647314
1111,1,F-MADRL,-25039.50831122701,-26038.048243335685
1112,1,F-MADRL,-24727.44167414776,-25945.870134721594
1113,1,F-MADRL,-25724.095446593587,-25967.607761114967
1114,1,F-MADRL,-26291.122500801303,-25937.26640660051
1115,1,F-MADRL,-25060.492512825134,-25954.864884029346
1116,1,F-MADRL,-23525.731510313868,-25827.055996547282
1117,1,F-MADRL,-25158.710794555333,-25798.147291435183
1118,1,F-MADRL,-26271.91450213489,-25852.117079595933
1119,1,F-MADRL,-24087.83713957704,-25822.34381373459
1120,1,F-MADRL,-23950.550756419863,-25730.38141246648
1121,1,F-MADRL,-25452.141039034424,-25727.602232727277
1122,1,F-MADRL,-27288.37882520505,-25734.060264132248
1123,1,F-MADRL,-26683.00185731253,-25761.97017036102
1124,1,F-MADRL,-23966.73116128817,-25652.347075312067
1125,1,F-MADRL,-23653.664087036366,-25582.918530789506
1126,1,F-MADRL,-24568.21952713373,-25515.52810397899
1127,1,F-MADRL,-25607.12050243496,-25476.972388640028
1128,1,F-MADRL,-23387.356914200187,-25390.16503939606
1129,1,F-MADRL,-24517.804184825694,-25372.07169503489
1130,1,F-MADRL,-24113.51638250424,-25297.088606805955
1131,1,F-MADRL,-22565.951508929797,-25078.47852035241
1132,1,F-MADRL,-24465.77345022893,-24935.0942219757
1133,1,F-MADRL,-24971.68695353994,-24868.167603270776
1134,1,F-MADRL,-24828.819904135336,-24848.876004944366
1135,1,F-MADRL,-25702.77637933823,-24864.413913029734
1136,1,F-MADRL,-23901.132130856637,-24818.87886581492
1137,1,F-MADRL,-25571.550355301773,-24852.64321306108
1138,1,F-MADRL,-23376.02618181215,-24758.720442469825
1139,1,F-MADRL,-24405.515120310967,-24683.296147250207
1140,1,F-MADRL,-23330.116570065453,-24614.08110953982
1141,1,F-MADRL,-26437.94258747252,-24730.569552626166
1142,1,F-MADRL,-23321.359178593528,-24657.0754879877
1143,1,F-MADRL,-24408.6366420298,-24582.544373583492
1144,1,F-MADRL,-23734.7641249898,-24568.421453
1145,1,F-MADRL,-22847.09153168789,-24524.283084010724
1146,1,F-MADRL,-23123.387700124527,-24431.132950454332
1147,1,F-MADRL,-23867.68862350789,-24294.305342386444
1148,1,F-MADRL,-24887.2052880782,-24222.47347961707
1149,1,F-MADRL,-23067.23445169226,-24186.493611233236
1150,1,F-MADRL,-24054.930614656663,-24202.544272338044
1151,1,F-MADRL,-23971.695369297457,-24178.68330602459
1152,1,F-MADRL,-22986.021407610177,-24073.8393422316
1153,1,F-MADRL,-22348.800478965364,-24032.297084822207
1154,1,F-MADRL,-23243.826359425584,-23981.337971806206
1155,1,F-MADRL,-23423.006470240005,-23953.717575315637
1156,1,F-MADRL,-23555.07575020958,-23993.282544966823
1157,1,F-MADRL,-22588.81791887081,-23918.2043237125
1158,1,F-MADRL,-23726.30824781682,-23868.38917548358
1159,1,F-MADRL,-24766.79296470652,-23865.908097906424
1160,1,F-MADRL,-23373.431396485143,-23772.7342985923
1161,1,F-MADRL,-22510.841886618105,-23717.12268882276
1162,1,F-MADRL,-21901.537641679228,-23570.322180277857
1163,1,F-MADRL,-22133.303393689814,-23520.613268752964
1164,1,F-MADRL,-21285.35518849831,-23395.80687148046
1165,1,F-MADRL,-21520.22663619133,-23323.411274125494
1166,1,F-MADRL,-22291.14480043892,-23157.539362644147
1167,1,F-MADRL,-21474.92729374336,-23083.68208725015
1168,1,F-MADRL,-21672.603740157698,-22974.24077117526
1169,1,F-MADRL,-22109.45176721581,-22909.228276864298
1170,1,F-MADRL,-20949.16726089602,-22833.31130603262
1171,1,F-MADRL,-20289.13327221835,-22719.941128916376
1172,1,F-MADRL,-20740.29539487745,-22594.845399771162
1173,1,F-MADRL,-21365.51298706476,-22453.97770773062
1174,1,F-MADRL,-20995.38678686469,-22371.103801137517
1175,1,F-MADRL,-20991.75681245706,-22248.576849049536
1176,1,F-MADRL,-21497.86211036957,-22149.623518692417
1177,1,F-MADRL,-21632.009665203277,-22095.463048996142
1178,1,F-MADRL,-22078.43484280752,-22084.648423549832
1179,1,F-MADRL,-21235.529974573707,-22004.316568155755
1180,1,F-MADRL,-20946.834443721928,-21905.269687095028
1181,1,F-MADRL,-21001.673745985023,-21803.13360692605
1182,1,F-MADRL,-21238.196694826016,-21749.108757964255
1183,1,F-MADRL,-22147.633588744604,-21685.961771601367
1184,1,F-MADRL,-20780.987348719827,-21526.5295469619
1185,1,F-MADRL,-20423.004272091493,-21408.512461986156
1186,1,F-MADRL,-20983.4196700702,-21347.41557332424
1187,1,F-MADRL,-20511.60005672872,-21291.81806992622
1188,1,F-MADRL,-21003.348480213805,-21246.61987338718
1189,1,F-MADRL,-19974.012824174795,-21194.166178814237
1190,1,F-MADRL,-21239.963914942087,-21182.955669964267
1191,1,F-MADRL,-20961.367110759355,-21129.764562377088
1192,1,F-MADRL,-21318.32469774946,-21123.50045853733
1193,1,F-MADRL,-20172.85593162149,-21063.51054619588
1194,1,F-MADRL,-20155.88521176331,-20985.36788397778
1195,1,F-MADRL,-20962.918179328557,-20985.91792071508
1196,1,F-MADRL,-20302.87299240304,-20986.46750952247
1197,1,F-MADRL,-20265.88341171465,-20967.491030195957
1198,1,F-MADRL,-19997.100565496912,-20912.754533333242
1199,1,F-MADRL,-20780.11999809267,-20904.143861782366
1200,1,F-MADRL,-19901.78708904052,-20860.545072845704
1201,1,F-MADRL,-20305.05738204839,-20812.832883712854
1202,1,F-MADRL,-18940.23376378519,-20705.16184765613
1203,1,F-MADRL,-20167.25544651477,-20628.71467180442
1204,1,F-MADRL,-20382.34421321183,-20594.587241349946
1205,1,F-MADRL,-19491.10308296298,-20536.357986919586
1206,1,F-MADRL,-19936.63483892766,-20493.75643063729
1207,1,F-MADRL,-19888.03226539268,-20439.749853459958
1208,1,F-MADRL,-19046.26452740285,-20315.69509100629
1209,1,F-MADRL,-19342.84809385382,-20258.16952081165
1210,1,F-MADRL,-20108.7466271482,-20245.599215013917
1211,1,F-MADRL,-19670.792872417387,-20193.094143107803
1212,1,F-MADRL,-19668.07018302208,-20159.35294815954
1213,1,F-MADRL,-20549.59457960536,-20141.2027921352
1214,1,F-MADRL,-20409.87423039331,-20158.63724838394
1215,1,F-MADRL,-19483.86546792279,-20088.393310503172
1216,1,F-MADRL,-19651.971371050706,-20036.017480914827
1217,1,F-MADRL,-19830.160616741603,-19976.49091767451
1218,1,F-MADRL,-19546.879786228597,-19951.451871858793
1219,1,F-MADRL,-20072.53529207636,-19948.117875071315
1220,1,F-MADRL,-19527.234791644136,-19890.690539563937
1221,1,F-MADRL,-19994.56955862203,-19878.3584022127
1222,1,F-MADRL,-19816.360075747725,-19860.377468774022
1223,1,F-MADRL,-19807.09655342637,-19852.777308291203
1224,1,F-MADRL,-20250.45461423237,-19831.59069293679
1225,1,F-MADRL,-19464.52387787928,-19814.10016449034
1226,1,F-MADRL,-19248.46645636967,-19771.83652746319
1227,1,F-MADRL,-19282.22216840432,-19785.516063647956
1228,1,F-MADRL,-18941.40055332563,-19736.48186792039
1229,1,F-MADRL,-18915.211765059204,-19677.796569994287
1230,1,F-MADRL,-18633.1512287667,-19643.478495826435
1231,1,F-MADRL,-18693.85075432069,-19593.767132442154
1232,1,F-MADRL,-18560.777514679183,-19540.676942413615
1233,1,F-MADRL,-18773.43819238071,-19529.763889012727
1234,1,F-MADRL,-19031.80751252541,-19517.32226575959
1235,1,F-MADRL,-19018.3146433457,-19473.704986407494
1236,1,F-MADRL,-19322.252115688323,-19459.76335613833
1237,1,F-MADRL,-19158.181311659915,-19439.367801283846
1238,1,F-MADRL,-19549.863359335755,-19399.378552473063
1239,1,F-MADRL,-18625.720124936848,-19328.012388254803
1240,1,F-MADRL,-18540.911555908955,-19290.29423177425
1241,1,F-MADRL,-19094.438721289,-19267.99292578378
1242,1,F-MADRL,-19062.678386146625,-19237.29363655998
1243,1,F-MADRL,-18601.98565751064,-19199.497871411262
1244,1,F-MADRL,-18608.216459533243,-19140.92511810954
1245,1,F-MADRL,-18800.35104016583,-19111.849768050408
1246,1,F-MADRL,-18668.04021816805,-19058.788594432244
1247,1,F-MADRL,-18767.42635634857,-19016.831245656278
1248,1,F-MADRL,-18920.160278179206,-18981.353794646395
1249,1,F-MADRL,-18688.68734805396,-18918.88310399926
1250,1,F-MADRL,-18383.00273620958,-18875.62225833247
1251,1,F-MADRL,-18706.111829451293,-18853.928073255734
1252,1,F-MADRL,-18875.452189783413,-18837.657274110898
1253,1,F-MADRL,-18661.92655642922,-18826.478314235042
1254,1,F-MADRL,-18550.5359405488,-18811.891281254626
1255,1,F-MADRL,-18494.55129818859,-18806.3472840315
1256,1,F-MADRL,-18596.35812467666,-18802.44757884574
1257,1,F-MADRL,-18336.056356888977,-18793.45873253413
1258,1,F-MADRL,-18394.80008427618,-18778.31320820995
1259,1,F-MADRL,-18155.774304159902,-18743.27187987533
1260,1,F-MADRL,-18361.46403666852,-18716.997855608242
1261,1,F-MADRL,-18432.190444550302,-18681.39538876272
1262,1,F-MADRL,-19175.496741814077,-18682.088005968886
1263,1,F-MADRL,-18602.903821345528,-18644.20962444928
1264,1,F-MADRL,-18333.55055541328,-18632.522841668335
1265,1,F-MADRL,-18158.362915354795,-18617.220896046172
1266,1,F-MADRL,-18337.50633510637,-18586.943600598865
1267,1,F-MADRL,-18339.16884488537,-18558.003218948415
1268,1,F-MADRL,-18226.01407952744,-18542.964355829085
1269,1,F-MADRL,-18201.48140626527,-18526.694953698367
1270,1,F-MADRL,-18287.513928218046,-18506.181469220457
1271,1,F-MADRL,-18154.41633386221,-18485.63651384822
1272,1,F-MADRL,-18251.10687821501,-18464.98373472288
1273,1,F-MADRL,-18395.957467683435,-18444.01562230305
1274,1,F-MADRL,-18201.199455706872,-18424.516106609168
1275,1,F-MADRL,-18352.32132691839,-18423.288850237517
1276,1,F-MADRL,-18259.652033566454,-18405.430458402123
1277,1,F-MADRL,-18023.31025739071,-18371.344781106418
1278,1,F-MADRL,-18341.16938168085,-18358.51449411648
1279,1,F-MADRL,-18514.45438817532,-18357.071232021543
1280,1,F-MADRL,-18128.83545246753,-18342.442598192698
1281,1,F-MADRL,-18118.76965484501,-18323.339059399434
1282,1,F-MADRL,-18427.42105772176,-18326.993647432744
1283,1,F-MADRL,-18384.22929327816,-18326.570815792824
1284,1,F-MADRL,-18067.46466530376,-18323.03843023858
1285,1,F-MADRL,-18047.314717246834,-18310.47245746171
1286,1,F-MADRL,-18115.42095587172,-18297.80167791457
1287,1,F-MADRL,-17356.23075787157,-18225.031038556866
1288,1,F-MADRL,-18021.77926719001,-18201.786056390647
1289,1,F-MADRL,-18362.067175043565,-18202.926721175856
1290,1,F-MADRL,-18384.51682918015,-18211.972877728873
1291,1,F-MADRL,-18147.42430137221,-18204.369596379507
1292,1,F-MADRL,-18317.28029385201,-18203.49405433817
1293,1,F-MADRL,-18411.19662694772,-18210.901356234983
1294,1,F-MADRL,-18239.170228093662,-18212.40890910812
1295,1,F-MADRL,-18294.13427535085,-18212.67372299343
1296,1,F-MADRL,-18412.546973087497,-18222.99894856244
1297,1,F-MADRL,-18058.796626730946,-18215.30653850308
1298,1,F-MADRL,-18367.23018596865,-18214.15744723449
1299,1,F-MADRL,-18178.126986645573,-18213.23454847204
1300,1,F-MADRL,-18237.694512176007,-18208.64947588234
1301,1,F-MADRL,-17894.92829342318,-18194.06052627661
1302,1,F-MADRL,-18151.997667143543,-18199.208022666724
1303,1,F-MADRL,-18058.65543329416,-18187.907464731255
1304,1,F-MADRL,-18301.495324933647,-18179.38910220159
1305,1,F-MADRL,-18016.567633148486,-18174.89838942883
1306,1,F-MADRL,-18210.95800915171,-18178.585923601095
1307,1,F-MADRL,-18058.2277001358,-18163.818189297657
1308,1,F-MADRL,-18296.85789238451,-18160.32333326191
1309,1,F-MADRL,-18014.933647768008,-18158.22209256048
1310,1,F-MADRL,-18027.901917335235,-18157.445580564017
1311,1,F-MADRL,-18045.75352530951,-18154.658883341526
1312,1,F-MADRL,-18559.56614518924,-18202.792298834236
1313,1,F-MADRL,-17966.968956715158,-18200.599886415243
1314,1,F-MADRL,-17999.408476460845,-18186.093538471934
1315,1,F-MADRL,-18066.250190120663,-18173.362872909554
1316,1,F-MADRL,-18727.171709186987,-18196.552769222144
1317,1,F-MADRL,-18468.516817149783,-18202.602230154054
1318,1,F-MADRL,-18191.640880737177,-18193.820000305634
1319,1,F-MADRL,-18242.14130856101,-18193.938843524327
1320,1,F-MADRL,-18099.345348261617,-18186.14728644076
1321,1,F-MADRL,-18084.447614922392,-18173.023312114154
1322,1,F-MADRL,-18039.55231613788,-18172.25353969043
1323,1,F-MADRL,-18053.301349076504,-18159.696386214742
1324,1,F-MADRL,-17864.18667868322,-18147.13877389625
1325,1,F-MADRL,-17981.213490975046,-18136.879533048213
1326,1,F-MADRL,-18004.811467722353,-18141.27486002018
1327,1,F-MADRL,-18143.04310862416,-18140.916677679405
1328,1,F-MADRL,-18023.35090333493,-18139.504496481033
1329,1,F-MADRL,-18090.461169416376,-18131.063130260343
1330,1,F-MADRL,-17876.458283905344,-18125.45875629062
1331,1,F-MADRL,-18044.68515037531,-18118.807841939564
1332,1,F-MADRL,-18013.15711817676,-18117.0050186612
1333,1,F-MADRL,-17973.871328601508,-18104.08555610988
1334,1,F-MADRL,-18079.070953776907,-18106.651048350235
1335,1,F-MADRL,-17674.72365058503,-18092.523917680228
1336,1,F-MADRL,-18180.23940444176,-18097.90335284552
1337,1,F-MADRL,-18512.986266652348,-18096.040157704043
1338,1,F-MADRL,-18215.613322724887,-18105.985932344433
1339,1,F-MADRL,-18052.129992768976,-18108.094792996755
1340,1,F-MADRL,-17809.88808837779,-18097.840308927043
1341,1,F-MADRL,-17837.802177839454,-18062.26552767314
1342,1,F-MADRL,-17859.41815141766,-18037.901581043858
1343,1,F-MADRL,-17836.86313365423,-18023.71047116054
1344,1,F-MADRL,-18077.464739700525,-18017.123408406118
1345,1,F-MADRL,-17921.583760665315,-18010.012944902264
1346,1,F-MADRL,-17879.411001377775,-18001.811480360484
1347,1,F-MADRL,-17684.88572858391,-17987.624816858322
1348,1,F-MADRL,-17777.791318719865,-17976.60441564406
1349,1,F-MADRL,-17825.039264749954,-17975.038519086727
1350,1,F-MADRL,-17762.534131546745,-17966.291344709593
1351,1,F-MADRL,-18025.11521563497,-17967.1034946261
1352,1,F-MADRL,-18006.53264478902,-17961.643076072694
1353,1,F-MADRL,-17709.82953305937,-17949.10222126167
1354,1,F-MADRL,-17727.77792327098,-17934.594891415854
1355,1,F-MADRL,-17772.892881185187,-17930.45227530705
1356,1,F-MADRL,-17843.712712771063,-17922.41337780288
1357,1,F-MADRL,-17876.86247445222,-17916.9615920539
1358,1,F-MADRL,-17888.772441220564,-17913.55763655866
1359,1,F-MADRL,-17884.405081101446,-17905.77100165164
1360,1,F-MADRL,-17762.919359242016,-17909.29882999792
1361,1,F-MADRL,-17940.761908715645,-17899.719730168876
1362,1,F-MADRL,-17594.281013611635,-17862.97152004725
1363,1,F-MADRL,-17904.088110867684,-17850.51051157296
1364,1,F-MADRL,-17822.942474308526,-17841.343010834542
1365,1,F-MADRL,-17936.517977707732,-17846.40820640774
1366,1,F-MADRL,-17420.1281469062,-17829.70124517041
1367,1,F-MADRL,-17708.591678957717,-17823.66818627201
1368,1,F-MADRL,-17817.846408701058,-17822.907517273885
1369,1,F-MADRL,-17856.074063436507,-17814.051890223323
1370,1,F-MADRL,-17875.009503670546,-17812.188919943535
1371,1,F-MADRL,-18005.77915672068,-17817.24364615725
1372,1,F-MADRL,-17996.41811295363,-17829.70494153204
1373,1,F-MADRL,-17864.098229985317,-17833.157217982654
1374,1,F-MADRL,-17927.16676771864,-17837.242318101406
1375,1,F-MADRL,-17785.96544289574,-17838.179570555363
1376,1,F-MADRL,-17943.629622968318,-17834.920146848697
1377,1,F-MADRL,-17923.28711369292,-17831.590325604855
1378,1,F-MADRL,-17854.277136430566,-17837.368229739703
1379,1,F-MADRL,-17995.599526018304,-17848.081093849596
1380,1,F-MADRL,-17619.96934223483,-17841.96415229158
1381,1,F-MADRL,-17475.18668082971,-17827.223111013926
1382,1,F-MADRL,-17863.502822488488,-17826.688724935375
1383,1,F-MADRL,-17809.11932263342,-17823.502600191892
1384,1,F-MADRL,-17652.495641896807,-17814.226222623707
1385,1,F-MADRL,-17984.21284006233,-17823.077961856518
1386,1,F-MADRL,-17888.675147305417,-17820.99449140011
1387,1,F-MADRL,-17784.63868918484,-17828.608798423036
1388,1,F-MADRL,-17809.22103172535,-17824.814115257344
1389,1,F-MADRL,-17911.379441811056,-17828.351593957446
1390,1,F-MADRL,-17863.59494736833,-17825.434672743868
1391,1,F-MADRL,-17676.905388021987,-17835.7057623885
1392,1,F-MADRL,-17745.71149258629,-17837.190554933644
1393,1,F-MADRL,-17672.28069228321,-17831.36792627693
1394,1,F-MADRL,-17806.42670080151,-17829.382031771533
1395,1,F-MADRL,-17699.838322443444,-17822.375184522447
1396,1,F-MADRL,-17858.90549665437,-17816.500238119796
1397,1,F-MADRL,-17867.70617547336,-17811.351760620582
1398,1,F-MADRL,-17730.152762341455,-17805.99394191483
1399,1,F-MADRL,-17718.329145442796,-17797.640437023794
1400,1,F-MADRL,-17428.433712327045,-17783.339167801045
1401,1,F-MADRL,-17693.46702843617,-17773.332664019763
1402,1,F-MADRL,-17713.050836642717,-17764.923212937752
1403,1,F-MADRL,-17666.479693314046,-17757.41131521309
1404,1,F-MADRL,-17643.47963280233,-17743.32651948445
1405,1,F-MADRL,-17722.833253611447,-17747.441075939518
1406,1,F-MADRL,-17961.78776440874,-17766.905119282677
1407,1,F-MADRL,-18013.48761427524,-17772.904510954148
1408,1,F-MADRL,-17539.204956481386,-17762.107936308068
1409,1,F-MADRL,-17396.74606166606,-17751.87795309884
1410,1,F-MADRL,-17759.16880280972,-17742.876191608735
1411,1,F-MADRL,-17422.28504494647,-17724.220587514377
1412,1,F-MADRL,-17718.735653390548,-17721.584466082604
1413,1,F-MADRL,-17756.588677643445,-17719.479171919327
1414,1,F-MADRL,-17741.267077213917,-17712.67467733544
1415,1,F-MADRL,-17757.579939960822,-17708.434077039143
1416,1,F-MADRL,-17724.604034807493,-17710.34202291056
1417,1,F-MADRL,-17675.569554592184,-17707.5363453908
1418,1,F-MADRL,-18015.750957874527,-17721.27515601445
1419,1,F-MADRL,-17784.71528588049,-17720.40669941761
1420,1,F-MADRL,-17700.005505968402,-17720.413386758606
1421,1,F-MADRL,-17756.16846602976,-17716.303905533623
1422,1,F-MADRL,-17844.26787484037,-17715.366373508303
1423,1,F-MADRL,-17793.95797748942,-17717.918582114224
1424,1,F-MADRL,-17788.83770364216,-17720.738924442197
1425,1,F-MADRL,-18066.575752539677,-17746.264606050703
1426,1,F-MADRL,-17687.455733894265,-17746.024154269024
1427,1,F-MADRL,-17781.87920185014,-17748.777288877325
1428,1,F-MADRL,-17675.8256200932,-17749.15112594849
1429,1,F-MADRL,-17789.102949402575,-17754.976058612498
1430,1,F-MADRL,-17774.119492948448,-17757.02750818598
1431,1,F-MADRL,-17640.55311851651,-17744.17812235029
1432,1,F-MADRL,-17594.48086502369,-17727.417852380226
1433,1,F-MADRL,-17792.14606666606,-17737.535496787612
1434,1,F-MADRL,-17763.57825308781,-17752.208784444483
1435,1,F-MADRL,-17725.224306463024,-17750.851004590615
1436,1,F-MADRL,-17744.517949787558,-17763.740320784258
1437,1,F-MADRL,-17765.38503477501,-17765.606296039638
1438,1,F-MADRL,-17865.37772547634,-17769.957857952955
1439,1,F-MADRL,-17821.749638945723,-17773.177160422227
1440,1,F-MADRL,-17720.859944694042,-17771.708360611556
1441,1,F-MADRL,-17927.42102454794,-17779.821040201172
1442,1,F-MADRL,-18010.436277987355,-17793.215709136977
1443,1,F-MADRL,-17806.65038838172,-17784.851686357266
1444,1,F-MADRL,-17775.481026070564,-17784.48231596487
1445,1,F-MADRL,-17567.63758147866,-17779.18759898528
1446,1,F-MADRL,-17655.12166957666,-17775.145727127157
1447,1,F-MADRL,-17763.338919311864,-17771.908568906016
1448,1,F-MADRL,-17675.610291578378,-17767.174661469573
1449,1,F-MADRL,-17711.156578612274,-17764.06741646838
1450,1,F-MADRL,-17728.406542356817,-17750.540648061065
1451,1,F-MADRL,-17758.017453732435,-17753.36311685459
1452,1,F-MADRL,-17738.74748281941,-17751.637848093364
1453,1,F-MADRL,-17763.610419294426,-17755.14924006141
1454,1,F-MADRL,-17724.51930701406,-17752.56589436587
1455,1,F-MADRL,-17673.48660383635,-17748.54057880139
1456,1,F-MADRL,-17680.05962609424,-17750.120839104497
1457,1,F-MADRL,-17774.100137989204,-17757.30561002312
1458,1,F-MADRL,-17797.39634686712,-17757.51562123116
1459,1,F-MADRL,-17792.972647924795,-17758.69139702464
1460,1,F-MADRL,-17796.296372154662,-17761.534279652304
1461,1,F-MADRL,-17725.562400067636,-17760.77605766351
1462,1,F-MADRL,-17853.018098648616,-17764.28138021845
1463,1,F-MADRL,-17674.56064854354,-17756.64869714114
1464,1,F-MADRL,-17729.133506655984,-17752.94405184955
1465,1,F-MADRL,-17657.85890521475,-17750.424010270377
1466,1,F-MADRL,-17718.23756003109,-17742.056671689705
1467,1,F-MADRL,-17783.379598463755,-17732.97440450876
1468,1,F-MADRL,-17793.36824110217,-17732.44311861758
1469,1,F-MADRL,-17886.075445676288,-17736.866895401807
1470,1,F-MADRL,-17691.612338032515,-17741.825885663962
1471,1,F-MADRL,-17679.092259547913,-17742.78470926281
1472,1,F-MADRL,-17850.74358413866,-17746.28089585588
1473,1,F-MADRL,-17727.763071416222,-17748.367007049397
1474,1,F-MADRL,-17714.168975540524,-17748.487502926528
1475,1,F-MADRL,-17709.860126048636,-17747.745646274197
1476,1,F-MADRL,-17684.381336993723,-17744.800201604652
1477,1,F-MADRL,-17758.998202108087,-17745.610230376198
1478,1,F-MADRL,-17707.245809403605,-17743.355645980566
1479,1,F-MADRL,-17704.786827336582,-17742.56634679347
1480,1,F-MADRL,-17690.16684499844,-17743.23355643995
1481,1,F-MADRL,-17841.619207794276,-17749.69593970795
1482,1,F-MADRL,-17924.680170355536,-17755.719141002606
1483,1,F-MADRL,-17628.514620833128,-17748.963871961245
1484,1,F-MADRL,-17692.4766961807,-17744.94403389148
1485,1,F-MADRL,-17717.06857859524,-17741.774922149107
1486,1,F-MADRL,-17748.65940390039,-17742.698802302413
1487,1,F-MADRL,-17716.942234031478,-17737.25576771773
1488,1,F-MADRL,-17765.542213040375,-17740.895030297605
1489,1,F-MADRL,-17759.70075537855,-17742.117720246504
1490,1,F-MADRL,-17693.723294455172,-17743.552295816124
1491,1,F-MADRL,-17695.98534032717,-17742.662207027966
1492,1,F-MADRL,-17655.719705302556,-17737.555811301518
1493,1,F-MADRL,-17724.39958785408,-17734.797065171595
1494,1,F-MADRL,-17698.990580541806,-17727.313670566215
1495,1,F-MADRL,-17711.99630021966,-17728.1290290537
1496,1,F-MADRL,-17716.142066593853,-17729.61102133554
1497,1,F-MADRL,-17624.85429247986,-17720.575449669184
1498,1,F-MADRL,-17701.833424613,-17719.538263797058
1499,1,F-MADRL,-17694.33008190158,-17718.7447080515
1500,1,F-MADRL,-17700.810429183737,-17718.3827201769
1,1,PPO-MADRL,-30593.648432351245,-30593.648432351245
2,1,PPO-MADRL,-33354.42216530934,-31974.03529883029
3,1,PPO-MADRL,-32540.02402254767,-32162.698206736084
4,1,PPO-MADRL,-30650.579167261298,-31784.66844686739
5,1,PPO-MADRL,-30868.61150243736,-31601.45705798138
6,1,PPO-MADRL,-30417.13487058817,-31404.07002674918
7,1,PPO-MADRL,-29132.951201943877,-31079.624480348422
8,1,PPO-MADRL,-28993.98483106981,-30818.919524188597
9,1,PPO-MADRL,-28424.095356772435,-30552.827950031246
10,1,PPO-MADRL,-30226.217171393077,-30520.16687216743
11,1,PPO-MADRL,-32315.559550814687,-30683.38438840809
12,1,PPO-MADRL,-31618.08879909372,-30761.276422631887
13,1,PPO-MADRL,-30366.020068742502,-30730.872087717322
14,1,PPO-MADRL,-30480.15401656911,-30712.96365406388
15,1,PPO-MADRL,-30747.2396648813,-30715.24872145171
16,1,PPO-MADRL,-32140.731758568465,-30804.341411271504
17,1,PPO-MADRL,-29297.0531078916,-30715.677393425627
18,1,PPO-MADRL,-31758.59733086983,-30773.617389950305
19,1,PPO-MADRL,-33197.58820637317,-30901.194801340982
20,1,PPO-MADRL,-31264.801902380605,-30919.375156392965
21,1,PPO-MADRL,-29498.471270800845,-30851.713066602864
22,1,PPO-MADRL,-28380.583291001727,-30739.388985893722
23,1,PPO-MADRL,-30823.67311503729,-30743.05351324779
24,1,PPO-MADRL,-31200.198539563724,-30762.10122267762
25,1,PPO-MADRL,-30931.674163002102,-30768.8841402906
26,1,PPO-MADRL,-31263.89505541933,-30795.694005213318
27,1,PPO-MADRL,-28984.74899823224,-30620.90707853024
28,1,PPO-MADRL,-30131.952778764244,-30524.584228778902
29,1,PPO-MADRL,-33192.7990945778,-30626.27302587156
30,1,PPO-MADRL,-31463.461421761906,-30650.067022644544
31,1,PPO-MADRL,-31265.6588512578,-30684.007981871328
32,1,PPO-MADRL,-30395.12370362501,-30734.49488193857
33,1,PPO-MADRL,-32935.81108136307,-30892.167931950306
34,1,PPO-MADRL,-28100.45764932837,-30879.22242365254
35,1,PPO-MADRL,-33001.2879707102,-30990.225255625228
36,1,PPO-MADRL,-28656.242667928484,-30843.85258030978
37,1,PPO-MADRL,-30658.07576686572,-30805.45205902066
38,1,PPO-MADRL,-30437.122968958,-30808.296175029278
39,1,PPO-MADRL,-28915.41655177062,-30745.706676437338
40,1,PPO-MADRL,-29713.04198931224,-30704.338769414575
41,1,PPO-MADRL,-31288.429188934057,-30670.2466666292
42,1,PPO-MADRL,-31136.66819755426,-30743.831270215705
43,1,PPO-MADRL,-31000.85524127681,-30713.521586631985
44,1,PPO-MADRL,-31060.214324097666,-30628.026631340967
45,1,PPO-MADRL,-32779.87225811863,-30688.629445570485
46,1,PPO-MADRL,-32293.895941228344,-30800.446432387587
47,1,PPO-MADRL,-28167.654251339314,-30791.929270801087
48,1,PPO-MADRL,-29329.87140792012,-30732.177202516403
49,1,PPO-MADRL,-29346.01151772429,-30658.009721642826
50,1,PPO-MADRL,-31007.615364186982,-30661.04736969022
51,1,PPO-MADRL,-26827.0480972656,-30483.57349136407
52,1,PPO-MADRL,-30915.39502243601,-30560.79933233222
53,1,PPO-MADRL,-30952.041695838838,-30593.602889015205
54,1,PPO-MADRL,-28614.68059333579,-30410.478148965525
55,1,PPO-MADRL,-30486.41872617137,-30371.396441141904
56,1,PPO-MADRL,-30126.81786785462,-30325.842801805775
57,1,PPO-MADRL,-32408.40381212611,-30406.37400614582
58,1,PPO-MADRL,-31089.66227139749,-30332.528053747195
59,1,PPO-MADRL,-30411.574362970336,-30424.972722292874
60,1,PPO-MADRL,-28679.49689761257,-30252.101079368967
61,1,PPO-MADRL,-29861.28701770596,-30300.30285336007
62,1,PPO-MADRL,-30210.794936373062,-30282.41162014036
63,1,PPO-MADRL,-28797.914859619123,-30216.843295766805
64,1,PPO-MADRL,-30766.54321848712,-30290.88836243547
65,1,PPO-MADRL,-29309.18991523182,-30274.73427947225
66,1,PPO-MADRL,-31308.14579603047,-30275.52294375611
67,1,PPO-MADRL,-32447.838425263213,-30327.969752864465
68,1,PPO-MADRL,-28459.8915745903,-30226.331206197006
69,1,PPO-MADRL,-28384.475258842773,-30119.301643586805
70,1,PPO-MADRL,-28728.849810390908,-29957.2607456777
71,1,PPO-MADRL,-31961.99903996289,-29943.984869627082
72,1,PPO-MADRL,-28288.45141954753,-29948.816756355413
73,1,PPO-MADRL,-31259.58486161464,-30026.005294503193
74,1,PPO-MADRL,-30782.77877853168,-30083.47598493549
75,1,PPO-MADRL,-32339.442063698207,-30136.749052915937
76,1,PPO-MADRL,-27707.07401648752,-30171.950089684815
77,1,PPO-MADRL,-31724.49098546603,-30204.313928206015
78,1,PPO-MADRL,-29109.890735866797,-30130.627889807136
79,1,PPO-MADRL,-30867.450335539917,-30220.7386794953
80,1,PPO-MADRL,-30536.586594646764,-30222.745394234316
81,1,PPO-MADRL,-28809.74234038253,-30170.062373135428
82,1,PPO-MADRL,-32590.919362190198,-30177.362995137995
83,1,PPO-MADRL,-29665.107765104363,-30120.38081488627
84,1,PPO-MADRL,-29269.53846935353,-30074.699379141595
85,1,PPO-MADRL,-28231.08842311997,-30056.76304016189
86,1,PPO-MADRL,-32102.08127997023,-30146.394810652462
87,1,PPO-MADRL,-32370.035255862986,-30232.76442343206
88,1,PPO-MADRL,-29313.03054038449,-30253.36905066267
89,1,PPO-MADRL,-30170.64670381737,-30229.533190075887
90,1,PPO-MADRL,-30122.43357523279,-30262.062936475922
91,1,PPO-MADRL,-28768.11420069816,-30160.46167266263
92,1,PPO-MADRL,-30703.72884030176,-30090.697289264175
93,1,PPO-MADRL,-29533.4903023668,-30133.641238375232
94,1,PPO-MADRL,-27660.761316574477,-30104.692680684504
95,1,PPO-MADRL,-28906.248011604268,-30111.788608733033
96,1,PPO-MADRL,-29341.37578225809,-30006.963678424843
97,1,PPO-MADRL,-29419.309982879822,-30052.198020958138
98,1,PPO-MADRL,-30325.73145370644,-30014.843884641807
99,1,PPO-MADRL,-30019.96144507709,-29984.331191303623
100,1,PPO-MADRL,-31996.782974727856,-29970.624827744807
101,1,PPO-MADRL,-30497.019747172468,-30082.222656972208
102,1,PPO-MADRL,-26844.34167687872,-29887.016684628717
103,1,PPO-MADRL,-25894.57858130288,-29758.40419844616
104,1,PPO-MADRL,-30143.895357969013,-29729.461999343323
105,1,PPO-MADRL,-31934.22645155004,-29785.367593619452
106,1,PPO-MADRL,-31218.215089852834,-29881.706503598267
107,1,PPO-MADRL,-30402.922147007343,-29794.18661499095
108,1,PPO-MADRL,-28856.53757317782,-29761.84380731389
109,1,PPO-MADRL,-30747.553140965538,-29820.964394178372
110,1,PPO-MADRL,-29532.57079464125,-29873.023689039223
111,1,PPO-MADRL,-31237.65322380844,-29838.44656679275
112,1,PPO-MADRL,-30159.276849190668,-29750.01623052586
113,1,PPO-MADRL,-30723.46703824578,-29806.43369044031
114,1,PPO-MADRL,-32770.2205204967,-29910.41664310748
115,1,PPO-MADRL,-31911.70326800106,-29981.987430818215
116,1,PPO-MADRL,-29020.26292630223,-29992.073379842375
117,1,PPO-MADRL,-31156.01541733159,-30010.16484292357
118,1,PPO-MADRL,-29681.510592933897,-30016.085654546256
119,1,PPO-MADRL,-32451.118473276503,-30207.699940814335
120,1,PPO-MADRL,-31872.48900815389,-30326.349580676324
121,1,PPO-MADRL,-31801.753228306312,-30424.76467851825
122,1,PPO-MADRL,-30459.794542557756,-30466.384060905366
123,1,PPO-MADRL,-30110.89841391344,-30457.790739313645
124,1,PPO-MADRL,-30477.36218603622,-30476.086768952013
125,1,PPO-MADRL,-31799.22305334148,-30468.184372096555
126,1,PPO-MADRL,-30610.93364503594,-30472.740928011095
127,1,PPO-MADRL,-28589.23250353681,-30542.536561077417
128,1,PPO-MADRL,-30854.36878219228,-30740.92816911299
129,1,PPO-MADRL,-31290.99260120286,-30786.812058842348
130,1,PPO-MADRL,-30857.02773506681,-30743.72411018302
131,1,PPO-MADRL,-31147.98288965203,-30740.914822174986
132,1,PPO-MADRL,-30983.403373740315,-30764.134071244305
133,1,PPO-MADRL,-30599.495541795688,-30833.85238998902
134,1,PPO-MADRL,-32825.64892834217,-30916.976221484085
135,1,PPO-MADRL,-26591.750918177684,-30799.34342642554
136,1,PPO-MADRL,-30819.943163773343,-30782.63502402414
137,1,PPO-MADRL,-31375.44995318693,-30831.28194818399
138,1,PPO-MADRL,-32435.35378563833,-30899.757418079695
139,1,PPO-MADRL,-30941.75742293459,-30826.618894177205
140,1,PPO-MADRL,-31609.20557212182,-30814.51898634204
141,1,PPO-MADRL,-29745.903837355178,-30843.544622784153
142,1,PPO-MADRL,-28841.17486384455,-30750.951000644676
143,1,PPO-MADRL,-28468.81604870911,-30702.44321887568
144,1,PPO-MADRL,-29089.215784118584,-30567.96711130936
145,1,PPO-MADRL,-32429.194777486395,-30590.235342082662
146,1,PPO-MADRL,-31112.002205079065,-30562.64530115357
147,1,PPO-MADRL,-31762.89022401794,-30614.769128411986
148,1,PPO-MADRL,-31096.569757809157,-30654.195982167814
149,1,PPO-MADRL,-32276.593308437423,-30726.16522706386
150,1,PPO-MADRL,-30286.36644689922,-30665.650962806172
151,1,PPO-MADRL,-31425.231731112683,-30698.22288624924
152,1,PPO-MADRL,-30641.5752433214,-30780.31659584062
153,1,PPO-MADRL,-32237.9055593653,-30835.658066927543
154,1,PPO-MADRL,-28821.73338520802,-30736.88769828775
155,1,PPO-MADRL,-32014.24620383685,-30783.176437038546
156,1,PPO-MADRL,-30472.42736820347,-30756.154216180606
157,1,PPO-MADRL,-30344.25701921409,-30730.58836199956
158,1,PPO-MADRL,-29523.938272709383,-30687.566071236106
159,1,PPO-MADRL,-29650.943946357747,-30560.577871956728
160,1,PPO-MADRL,-31050.058175122653,-30738.91016223453
161,1,PPO-MADRL,-30759.788075256856,-30736.50395869387
162,1,PPO-MADRL,-29982.562006749074,-30680.788440836357
163,1,PPO-MADRL,-28854.732432875426,-30537.56358672584
164,1,PPO-MADRL,-28251.9832601045,-30429.972620212637
165,1,PPO-MADRL,-30538.665843768755,-30387.15103107851
166,1,PPO-MADRL,-32081.38844188962,-30480.570415259892
167,1,PPO-MADRL,-29872.42626463445,-30521.820471291485
168,1,PPO-MADRL,-33340.03041117696,-30716.6690457902
169,1,PPO-MADRL,-30759.16489594093,-30783.4670102631
170,1,PPO-MADRL,-30959.261307173037,-30724.669671450563
171,1,PPO-MADRL,-31699.44823167721,-30748.16751251449
172,1,PPO-MADRL,-29333.36978057063,-30650.98669477659
173,1,PPO-MADRL,-30494.21767387892,-30626.892611419382
174,1,PPO-MADRL,-30651.91701817349,-30561.905559808827
175,1,PPO-MADRL,-29540.87062546771,-30532.085726951565
176,1,PPO-MADRL,-30002.515860512496,-30475.177092127557
177,1,PPO-MADRL,-30771.63228007004,-30480.3793735975
178,1,PPO-MADRL,-28175.72693628593,-30317.89222867433
179,1,PPO-MADRL,-29016.333968368766,-30325.67625200076
180,1,PPO-MADRL,-32528.09447911533,-30346.2301830119
181,1,PPO-MADRL,-29967.746533100064,-30326.042949607763
182,1,PPO-MADRL,-31242.534245971576,-30361.97403867806
183,1,PPO-MADRL,-28497.66130046432,-30320.92295978826
184,1,PPO-MADRL,-30766.92141489869,-30365.5620585299
185,1,PPO-MADRL,-29204.156212840884,-30291.725980038624
186,1,PPO-MADRL,-30554.04925236948,-30283.496427123133
187,1,PPO-MADRL,-27971.86238788045,-30203.068442368385
188,1,PPO-MADRL,-31687.467874792084,-30316.37786004505
189,1,PPO-MADRL,-27967.26518024803,-30304.989136850796
190,1,PPO-MADRL,-30409.7136974314,-30299.8310509973
191,1,PPO-MADRL,-31803.442687007184,-30288.713220802
192,1,PPO-MADRL,-31399.660631944123,-30349.802595494388
193,1,PPO-MADRL,-28528.46163138091,-30157.339844302543
194,1,PPO-MADRL,-32214.798043050643,-30215.565170186936
195,1,PPO-MADRL,-30090.949467122195,-30180.832696584905
196,1,PPO-MADRL,-30172.64013102605,-30119.760372558856
197,1,PPO-MADRL,-29695.95280410489,-30134.263693500227
198,1,PPO-MADRL,-30670.300501982507,-30141.307006624367
199,1,PPO-MADRL,-29684.964373382543,-30102.628900832733
200,1,PPO-MADRL,-30079.60019033213,-30124.178083427305
201,1,PPO-MADRL,-27025.444374234503,-30005.095223976186
202,1,PPO-MADRL,-30278.31470625387,-29985.362521023544
203,1,PPO-MADRL,-28295.9376766058,-29990.170950636337
204,1,PPO-MADRL,-29603.57486987106,-30013.66058669643
205,1,PPO-MADRL,-31120.658078934368,-29957.363130689195
206,1,PPO-MADRL,-29368.11652769171,-29933.377930472856
207,1,PPO-MADRL,-30120.9185097247,-29888.51330102298
208,1,PPO-MADRL,-28744.29718279209,-29898.37873631609
209,1,PPO-MADRL,-30222.95681159775,-29876.620152184052
210,1,PPO-MADRL,-29253.235906125905,-29878.583339915458
211,1,PPO-MADRL,-30083.92813579294,-29859.778495252394
212,1,PPO-MADRL,-30000.19919235547,-29940.91196743139
213,1,PPO-MADRL,-28250.488069194333,-29803.432775207482
214,1,PPO-MADRL,-28787.53273289192,-29836.24347731324
215,1,PPO-MADRL,-30471.18217262139,-29838.70221632084
216,1,PPO-MADRL,-31595.725487028874,-29830.393528321707
217,1,PPO-MADRL,-31025.005853106595,-29815.407337168203
218,1,PPO-MADRL,-30932.6342346004,-29911.574241296985
219,1,PPO-MADRL,-30234.928151511624,-29832.379445635426
220,1,PPO-MADRL,-29226.765462509327,-29797.81208545091
221,1,PPO-MADRL,-30129.814575996337,-29796.09906324972
222,1,PPO-MADRL,-31763.792564584637,-29878.81265366891
223,1,PPO-MADRL,-28378.46840697345,-29787.139369868553
224,1,PPO-MADRL,-29901.604839702868,-29795.804988521362
225,1,PPO-MADRL,-29622.97552791333,-29777.540002024612
226,1,PPO-MADRL,-30777.59269606859,-29927.625934897973
227,1,PPO-MADRL,-29009.64698196837,-29876.879225926554
228,1,PPO-MADRL,-30560.944337221405,-29967.479492351176
229,1,PPO-MADRL,-27484.437376839625,-29882.71399262992
230,1,PPO-MADRL,-30652.621768074936,-29863.99254019554
231,1,PPO-MADRL,-30615.00713727947,-29913.868164579053
232,1,PPO-MADRL,-30471.4421192488,-29927.88910896002
233,1,PPO-MADRL,-33133.09639776386,-30103.441077558888
234,1,PPO-MADRL,-28744.8423790562,-30044.31650025723
235,1,PPO-MADRL,-30652.440962670524,-30100.28470251901
236,1,PPO-MADRL,-29945.587768984296,-30094.751087846664
237,1,PPO-MADRL,-29204.887134074877,-30062.938605515446
238,1,PPO-MADRL,-30096.05809318849,-30136.76140647521
239,1,PPO-MADRL,-28974.272376911074,-30144.230992235975
240,1,PPO-MADRL,-29755.71036775392,-30115.612120041274
241,1,PPO-MADRL,-27525.902034127816,-29952.819181925235
242,1,PPO-MADRL,-28557.50320416496,-29854.119075967566
243,1,PPO-MADRL,-28872.98511966629,-29771.733111370206
244,1,PPO-MADRL,-30312.799897413104,-29774.84798120626
245,1,PPO-MADRL,-28848.936044916754,-29759.734804502557
246,1,PPO-MADRL,-32263.40549380698,-29845.078441214984
247,1,PPO-MADRL,-27683.23096282732,-29681.855977144693
248,1,PPO-MADRL,-29893.84938295999,-29742.471216184153
249,1,PPO-MADRL,-25962.468801866173,-29584.905774670686
250,1,PPO-MADRL,-26912.74674257,-29476.496623256953
251,1,PPO-MADRL,-26395.86416486973,-29301.227482009
252,1,PPO-MADRL,-31272.53496997693,-29391.743001529343
253,1,PPO-MADRL,-29571.41029877345,-29352.161639991427
254,1,PPO-MADRL,-27772.721605589893,-29363.693009141432
255,1,PPO-MADRL,-29809.45981110956,-29329.966530862817
256,1,PPO-MADRL,-30024.579445614505,-29306.349423196218
257,1,PPO-MADRL,-29507.133347074683,-29267.777072309254
258,1,PPO-MADRL,-28592.64886580054,-29086.159171030722
259,1,PPO-MADRL,-29899.49481478407,-29132.345268459838
260,1,PPO-MADRL,-30076.95020809569,-29109.32563827684
261,1,PPO-MADRL,-28038.8037045232,-29033.0542756984
262,1,PPO-MADRL,-29858.990243594613,-29059.21840007919
263,1,PPO-MADRL,-28711.123159412145,-29003.82100272814
264,1,PPO-MADRL,-30094.823486786147,-29048.643047123136
265,1,PPO-MADRL,-29496.74053379877,-29038.284253764934
266,1,PPO-MADRL,-30689.02665155329,-29164.80923846195
267,1,PPO-MADRL,-28119.1757961431,-29147.27614214108
268,1,PPO-MADRL,-28274.79310048945,-29123.348461374004
269,1,PPO-MADRL,-30600.018630651084,-29134.83721070352
270,1,PPO-MADRL,-28483.57867276838,-29120.222915817587
271,1,PPO-MADRL,-28191.45709370341,-28957.34497981345
272,1,PPO-MADRL,-29251.85976292824,-29020.090131817484
273,1,PPO-MADRL,-31816.428219886595,-29096.99328529455
274,1,PPO-MADRL,-30609.172261707005,-29282.86142368818
275,1,PPO-MADRL,-28191.967578442345,-29334.030257123075
276,1,PPO-MADRL,-28155.553026966925,-29404.41781160696
277,1,PPO-MADRL,-29474.25639329247,-29332.486668539583
278,1,PPO-MADRL,-27792.70260663433,-29261.338360854013
279,1,PPO-MADRL,-28612.18334433828,-29294.916830403952
280,1,PPO-MADRL,-29786.186489142303,-29293.98589752526
281,1,PPO-MADRL,-25296.630323579368,-29104.867932643858
282,1,PPO-MADRL,-31226.598498064886,-29173.646538683464
283,1,PPO-MADRL,-27468.14641501595,-29128.666440652083
284,1,PPO-MADRL,-26854.819395054878,-29006.879423862916
285,1,PPO-MADRL,-29071.071091402173,-28966.644259195175
286,1,PPO-MADRL,-27195.646978247845,-28932.91799014416
287,1,PPO-MADRL,-29690.314728900976,-28926.170969556413
288,1,PPO-MADRL,-29103.745510142347,-28941.87586358562
289,1,PPO-MADRL,-29415.089990278862,-28914.68652372533
290,1,PPO-MADRL,-29853.84920349104,-28928.970870513018
291,1,PPO-MADRL,-29550.91159724644,-28883.44626834075
292,1,PPO-MADRL,-28650.204301793885,-28904.687408566777
293,1,PPO-MADRL,-27510.20048493531,-28874.103703944613
294,1,PPO-MADRL,-30201.867218952284,-28858.177647476663
295,1,PPO-MADRL,-32123.98717717888,-29003.79398765308
296,1,PPO-MADRL,-29451.93091757887,-29054.212940608097
297,1,PPO-MADRL,-31007.22243150378,-29124.427447351118
298,1,PPO-MADRL,-27578.69749601213,-28954.918218396142
299,1,PPO-MADRL,-28933.133887047275,-28887.876683409748
300,1,PPO-MADRL,-27420.293063480814,-28857.009702811294
301,1,PPO-MADRL,-27715.20772392315,-28839.395890689542
302,1,PPO-MADRL,-27582.58210243805,-28763.728919055364
303,1,PPO-MADRL,-29487.54025840945,-28831.52242512637
304,1,PPO-MADRL,-28724.987610145945,-28836.034595758676
305,1,PPO-MADRL,-27288.734103629977,-28736.13650033818
306,1,PPO-MADRL,-29090.43211873011,-28887.88857214421
307,1,PPO-MADRL,-28535.122250457527,-28780.22952223992
308,1,PPO-MADRL,-28453.783547499,-28819.655007539244
309,1,PPO-MADRL,-27808.204887316253,-28857.790427229695
310,1,PPO-MADRL,-30201.8676165782,-28903.022288236738
311,1,PPO-MADRL,-28854.00623792206,-28969.356658623703
312,1,PPO-MADRL,-28387.389259670577,-28917.23963985449
313,1,PPO-MADRL,-28671.762639210967,-28899.960325017233
314,1,PPO-MADRL,-23557.55887875881,-28665.65908055643
315,1,PPO-MADRL,-29249.585134289915,-28641.488517788388
316,1,PPO-MADRL,-28067.750237473985,-28582.162063397485
317,1,PPO-MADRL,-30799.628352667853,-28668.13902543245
318,1,PPO-MADRL,-30440.88436388752,-28785.366380590534
319,1,PPO-MADRL,-27124.02584961198,-28662.252725816925
320,1,PPO-MADRL,-28008.86288252951,-28497.64775403095
321,1,PPO-MADRL,-29044.565809712218,-28481.353149716288
322,1,PPO-MADRL,-29058.24985552593,-28403.39424667717
323,1,PPO-MADRL,-29157.52756810861,-28466.547449561025
324,1,PPO-MADRL,-27175.20987211212,-28396.23048896362
325,1,PPO-MADRL,-28783.62996286105,-28450.76396493883
326,1,PPO-MADRL,-26680.707632769183,-28409.38396129267
327,1,PPO-MADRL,-29405.78002243059,-28482.311878092372
328,1,PPO-MADRL,-26209.57071426651,-28351.193096326653
329,1,PPO-MADRL,-29029.474095226095,-28363.37255572986
330,1,PPO-MADRL,-28580.389440237563,-28415.03876919416
331,1,PPO-MADRL,-26130.50022568475,-28296.641493472354
332,1,PPO-MADRL,-27210.589395605784,-28243.660179278282
333,1,PPO-MADRL,-30462.762474468567,-28324.01933635706
334,1,PPO-MADRL,-28394.2692355918,-28347.461910288086
335,1,PPO-MADRL,-29459.860079323244,-28317.781608797886
336,1,PPO-MADRL,-28906.438670005155,-28319.878906081212
337,1,PPO-MADRL,-28819.670640502118,-28337.170161314472
338,1,PPO-MADRL,-28609.423398132447,-28334.676591671334
339,1,PPO-MADRL,-26716.99083534505,-28461.05386993478
340,1,PPO-MADRL,-29267.481224842348,-28461.769713556878
341,1,PPO-MADRL,-26318.013483708448,-28391.780243406258
342,1,PPO-MADRL,-30310.94931815924,-28372.233082025912
343,1,PPO-MADRL,-27964.91687220676,-28273.19438235868
344,1,PPO-MADRL,-25920.461791990965,-28225.051820053846
345,1,PPO-MADRL,-28870.05331166936,-28259.499437219434
346,1,PPO-MADRL,-27488.38573045448,-28197.252234049123
347,1,PPO-MADRL,-27635.706537835475,-28140.35050134151
348,1,PPO-MADRL,-30028.8282905448,-28175.202530238956
349,1,PPO-MADRL,-27843.16896811332,-28201.92089407901
350,1,PPO-MADRL,-29223.15640428888,-28219.501951736118
351,1,PPO-MADRL,-26245.374256964413,-28202.088616703924
352,1,PPO-MADRL,-26672.7849942166,-28092.768815575364
353,1,PPO-MADRL,-25332.114534408684,-28057.670568381054
354,1,PPO-MADRL,-27660.50245939591,-28002.91170294785
355,1,PPO-MADRL,-27892.960863650034,-27975.414559884346
356,1,PPO-MADRL,-26681.966691896203,-27997.4732185328
357,1,PPO-MADRL,-27414.657683026264,-28005.635950029624
358,1,PPO-MADRL,-29653.939680020834,-27973.283038251717
359,1,PPO-MADRL,-26579.64592310337,-27900.698105752173
360,1,PPO-MADRL,-28173.131680759237,-27849.228969809617
361,1,PPO-MADRL,-26846.51543650533,-27766.832040469624
362,1,PPO-MADRL,-28082.434582293747,-27737.342598141287
363,1,PPO-MADRL,-28815.01969710555,-27745.56645010021
364,1,PPO-MADRL,-27286.30576816218,-27768.3390474129
365,1,PPO-MADRL,-26794.882425773776,-27669.435095450157
366,1,PPO-MADRL,-26399.7428855209,-27672.704271522653
367,1,PPO-MADRL,-26661.70764706753,-27526.734604678983
368,1,PPO-MADRL,-29095.437729360725,-27571.955438965146
369,1,PPO-MADRL,-27395.108342024083,-27630.941300966464
370,1,PPO-MADRL,-26643.218130181427,-27541.867893706953
371,1,PPO-MADRL,-28477.86051992984,-27581.446885285965
372,1,PPO-MADRL,-28470.298831440377,-27614.83057703016
373,1,PPO-MADRL,-27044.17367921304,-27495.444392576886
374,1,PPO-MADRL,-28532.019416817697,-27522.998410525062
375,1,PPO-MADRL,-27382.78914634745,-27449.38372020741
376,1,PPO-MADRL,-28322.79448881008,-27532.480529481232
377,1,PPO-MADRL,-26367.42629777403,-27520.266181623534
378,1,PPO-MADRL,-28898.203304474548,-27662.909732426164
379,1,PPO-MADRL,-26821.68296451924,-27629.356952631097
380,1,PPO-MADRL,-24621.99264712841,-27498.518223970234
381,1,PPO-MADRL,-27759.62546020385,-27541.62457470254
382,1,PPO-MADRL,-28236.023275763648,-27574.47919841204
383,1,PPO-MADRL,-27506.438584202904,-27488.57915457932
384,1,PPO-MADRL,-26048.691104142246,-27467.340961820875
385,1,PPO-MADRL,-25831.663217685287,-27373.682223297918
386,1,PPO-MADRL,-27788.97207251376,-27411.380488738254
387,1,PPO-MADRL,-27003.797447981106,-27368.23500336575
388,1,PPO-MADRL,-26920.915505244036,-27292.47083569129
389,1,PPO-MADRL,-25158.91942705745,-27207.375382047096
390,1,PPO-MADRL,-27423.619264356785,-27232.524855590415
391,1,PPO-MADRL,-26938.90639674807,-27254.091396039505
392,1,PPO-MADRL,-27523.999300142365,-27288.583062162495
393,1,PPO-MADRL,-26143.35808551833,-27170.4998764088
394,1,PPO-MADRL,-27323.5007653256,-27167.635573340864
395,1,PPO-MADRL,-26284.906488310105,-27153.30310766601
396,1,PPO-MADRL,-24305.19121247743,-26986.396335367914
397,1,PPO-MADRL,-22459.4164356615,-26745.96103953676
398,1,PPO-MADRL,-24983.318592493637,-26663.526836067984
399,1,PPO-MADRL,-24246.807857065996,-26492.118373677917
400,1,PPO-MADRL,-25874.453411749084,-26431.784944293984
401,1,PPO-MADRL,-24167.93288135939,-26265.590479995954
402,1,PPO-MADRL,-26419.64453979841,-26267.679209676924
403,1,PPO-MADRL,-25109.30019859255,-26116.12308544165
404,1,PPO-MADRL,-26432.88797781854,-26100.57128597362
405,1,PPO-MADRL,-25594.738520884523,-26139.481120923865
406,1,PPO-MADRL,-25050.150838533827,-26031.102136057067
407,1,PPO-MADRL,-25143.27612350755,-25907.39224996682
408,1,PPO-MADRL,-24922.85725744732,-25804.048996896596
409,1,PPO-MADRL,-25752.467817477147,-25792.20006542999
410,1,PPO-MADRL,-24300.67667457416,-25730.960603705546
411,1,PPO-MADRL,-24615.35731078465,-25604.01601323638
412,1,PPO-MADRL,-27460.36586490154,-25622.2787499132
413,1,PPO-MADRL,-25574.64606864857,-25568.427972449383
414,1,PPO-MADRL,-26029.74171396601,-25603.260863925727
415,1,PPO-MADRL,-25679.74652115341,-25533.50595419759
416,1,PPO-MADRL,-23882.46899341189,-25411.24845806414
417,1,PPO-MADRL,-25845.899952172174,-25344.124484145334
418,1,PPO-MADRL,-24199.6326987874,-25266.375468676095
419,1,PPO-MADRL,-25842.95933942324,-25207.153811640004
420,1,PPO-MADRL,-23640.42140078298,-25101.374408138916
421,1,PPO-MADRL,-23997.705052239457,-25089.0749617294
422,1,PPO-MADRL,-27406.3926174253,-25286.95400899995
423,1,PPO-MADRL,-28984.203303499657,-25446.989397440193
424,1,PPO-MADRL,-26056.543403168485,-25519.37881928429
425,1,PPO-MADRL,-26651.925704331275,-25550.477710987576
426,1,PPO-MADRL,-23681.175965921862,-25531.007434370076
427,1,PPO-MADRL,-23803.26961159787,-25426.352437242054
428,1,PPO-MADRL,-26321.80339579203,-25474.852565130033
429,1,PPO-MADRL,-25998.6048707058,-25457.48124084553
430,1,PPO-MADRL,-26291.45060809328,-25485.34972433388
431,1,PPO-MADRL,-27578.343985994536,-25586.4774502323
432,1,PPO-MADRL,-23716.189662315577,-25529.393991784626
433,1,PPO-MADRL,-25576.62265022613,-25555.544607495776
434,1,PPO-MADRL,-24282.68273685509,-25496.753204270895
435,1,PPO-MADRL,-25192.77360602886,-25532.437081529082
436,1,PPO-MADRL,-24341.536863910424,-25521.484263654114
437,1,PPO-MADRL,-23896.138449581777,-25378.915167041323
438,1,PPO-MADRL,-25692.546901667723,-25383.63120036209
439,1,PPO-MADRL,-24316.22689174608,-25315.090607473292
440,1,PPO-MADRL,-25035.252650770395,-25289.31085265797
441,1,PPO-MADRL,-25059.3636609244,-25336.386639358472
442,1,PPO-MADRL,-24025.39606944861,-25263.56648404953
443,1,PPO-MADRL,-23247.64848792096,-25225.487115614877
444,1,PPO-MADRL,-26848.490944963,-25265.70837983646
445,1,PPO-MADRL,-23345.63610511711,-25253.91696800983
446,1,PPO-MADRL,-24775.81360465232,-25285.041310106342
447,1,PPO-MADRL,-26152.71803037221,-25234.894326624217
448,1,PPO-MADRL,-24286.75365017095,-25046.996340491067
449,1,PPO-MADRL,-24182.655428071837,-24972.040821487204
450,1,PPO-MADRL,-22324.373417021787,-24798.93872999483
451,1,PPO-MADRL,-26841.88233977309,-24925.366984948876
452,1,PPO-MADRL,-23997.747542814628,-24933.14610219755
453,1,PPO-MADRL,-24771.93904213017,-24871.151528051072
454,1,PPO-MADRL,-23639.024554701296,-24776.76831541089
455,1,PPO-MADRL,-24828.679810850776,-24718.25748352119
456,1,PPO-MADRL,-26219.64224366829,-24663.909413828143
457,1,PPO-MADRL,-22346.988742516554,-24609.141377036176
458,1,PPO-MADRL,-24784.91340997236,-24577.47300742603
459,1,PPO-MADRL,-23559.516305183806,-24548.546350159173
460,1,PPO-MADRL,-24422.61790164088,-24517.740121983654
461,1,PPO-MADRL,-26057.906681633485,-24586.39491469258
462,1,PPO-MADRL,-24520.002326080383,-24611.34946975252
463,1,PPO-MADRL,-25351.226719423463,-24597.69666246275
464,1,PPO-MADRL,-22078.09154027228,-24508.1712484038
465,1,PPO-MADRL,-23325.89600905507,-24439.79698273519
466,1,PPO-MADRL,-23398.302608357582,-24373.354540632517
467,1,PPO-MADRL,-25245.177891659478,-24422.14581352095
468,1,PPO-MADRL,-25656.088674964343,-24518.483421002682
469,1,PPO-MADRL,-25081.597086658923,-24447.80766667052
470,1,PPO-MADRL,-22361.12598128812,-24408.427261717363
471,1,PPO-MADRL,-23757.28455446312,-24367.686099709794
472,1,PPO-MADRL,-22986.291445068684,-24241.029036297652
473,1,PPO-MADRL,-22851.72267059416,-24183.627797114583
474,1,PPO-MADRL,-23742.038260180045,-24166.00311039891
475,1,PPO-MADRL,-23041.19405616138,-24194.675935964497
476,1,PPO-MADRL,-24667.315723533266,-24107.693271314904
477,1,PPO-MADRL,-22094.941629015146,-24031.58103476292
478,1,PPO-MADRL,-23946.3230047074,-23998.55639326601
479,1,PPO-MADRL,-26179.82073531377,-24100.188240490508
480,1,PPO-MADRL,-21812.196647937853,-23979.528913973994
481,1,PPO-MADRL,-24606.16714763695,-23914.98991013274
482,1,PPO-MADRL,-22990.57934293873,-23940.73353414963
483,1,PPO-MADRL,-25365.098462766444,-23963.940936261388
484,1,PPO-MADRL,-22095.73898069749,-23905.389843281937
485,1,PPO-MADRL,-22939.117897326025,-23846.049843109347
486,1,PPO-MADRL,-22529.971828897764,-23704.932448999913
487,1,PPO-MADRL,-22859.282572599208,-23638.50365886067
488,1,PPO-MADRL,-24040.595759596177,-23586.078420467577
489,1,PPO-MADRL,-22907.75064188927,-23619.264784532254
490,1,PPO-MADRL,-23793.967526932225,-23637.98764524734
491,1,PPO-MADRL,-23827.6006031184,-23655.15956503778
492,1,PPO-MADRL,-23130.88474641624,-23570.587839228047
493,1,PPO-MADRL,-23152.91628667261,-23470.460943696376
494,1,PPO-MADRL,-24507.117318961456,-23447.48175298848
495,1,PPO-MADRL,-23694.822810858022,-23500.82962617127
496,1,PPO-MADRL,-24720.25150138453,-23539.34830404813
497,1,PPO-MADRL,-21475.06785250047,-23478.8993603454
498,1,PPO-MADRL,-21976.01749183665,-23443.8711531951
499,1,PPO-MADRL,-24379.650960045383,-23469.375661189715
500,1,PPO-MADRL,-22761.71477746854,-23458.196490042
501,1,PPO-MADRL,-22470.781721057567,-22470.781721057567
502,1,PPO-MADRL,-22747.6878996034,-22609.234810330483
503,1,PPO-MADRL,-22845.902724670777,-22688.12411511058
504,1,PPO-MADRL,-22116.866042277117,-22545.309596902214
505,1,PPO-MADRL,-21694.20872618105,-22375.08942275798
506,1,PPO-MADRL,-24136.76205973584,-22668.701528920956
507,1,PPO-MADRL,-21802.037841400248,-22544.892430703712
508,1,PPO-MADRL,-24053.18256287003,-22733.428697224503
509,1,PPO-MADRL,-23773.301125966453,-22848.97007819583
510,1,PPO-MADRL,-22711.40177113773,-22835.21324749002
511,1,PPO-MADRL,-22282.26615422771,-22784.94532992072
512,1,PPO-MADRL,-21304.348328431093,-22661.56224646325
513,1,PPO-MADRL,-21109.422670294764,-22542.166894450293
514,1,PPO-MADRL,-20589.91677405654,-22402.720457279305
515,1,PPO-MADRL,-23583.625861466902,-22481.447484225147
516,1,PPO-MADRL,-23705.25215555218,-22557.93527618309
517,1,PPO-MADRL,-22290.31596565373,-22542.192963799007
518,1,PPO-MADRL,-22902.57956235268,-22562.21444149643
519,1,PPO-MADRL,-21720.735296060702,-22517.92606542087
520,1,PPO-MADRL,-21971.66296869145,-22490.612910584397
521,1,PPO-MADRL,-24243.309866894957,-22574.07467040871
522,1,PPO-MADRL,-21987.408217473137,-22547.408013457094
523,1,PPO-MADRL,-24370.872658312477,-22626.689084972546
524,1,PPO-MADRL,-21252.83767624658,-22569.44527627563
525,1,PPO-MADRL,-20464.53809494608,-22485.24898902245
526,1,PPO-MADRL,-21085.538159929514,-22429.83924657732
527,1,PPO-MADRL,-23386.22346752266,-22455.380669294093
528,1,PPO-MADRL,-22192.55293840633,-22429.24667784352
529,1,PPO-MADRL,-23532.72151743896,-22485.88089684999
530,1,PPO-MADRL,-24100.043952083288,-22582.11430588608
531,1,PPO-MADRL,-22067.06705942026,-22499.326505873454
532,1,PPO-MADRL,-23424.736993064253,-22564.234471940017
533,1,PPO-MADRL,-22963.81976868524,-22520.659960172627
534,1,PPO-MADRL,-23201.19785775387,-22497.775829444123
535,1,PPO-MADRL,-24337.06341170764,-22562.80229506692
536,1,PPO-MADRL,-22315.19221024372,-22564.119337307566
537,1,PPO-MADRL,-23218.6464863758,-22640.691263625347
538,1,PPO-MADRL,-22286.072730243657,-22687.7572660233
539,1,PPO-MADRL,-23013.27418095259,-22784.691562299147
540,1,PPO-MADRL,-22298.64675609229,-22733.29239808416
541,1,PPO-MADRL,-21935.513714129243,-22662.50286042724
542,1,PPO-MADRL,-23863.02923515878,-22725.411391207446
543,1,PPO-MADRL,-22332.41935456728,-22702.60498289603
544,1,PPO-MADRL,-23334.15182956929,-22767.141644236377
545,1,PPO-MADRL,-22842.98193039756,-22801.994402704622
546,1,PPO-MADRL,-22241.573557640462,-22721.92495033444
547,1,PPO-MADRL,-21942.8619423632,-22720.14309933004
548,1,PPO-MADRL,-21016.682872465863,-22585.97550789618
549,1,PPO-MADRL,-21580.8097205386,-22599.094389667855
550,1,PPO-MADRL,-21634.1944623286,-22645.880644363155
551,1,PPO-MADRL,-22902.21072919247,-22718.547547133676
552,1,PPO-MADRL,-22142.691752795487,-22668.80627854459
553,1,PPO-MADRL,-20931.53449991936,-22618.36554100511
554,1,PPO-MADRL,-21357.830750390203,-22531.36991032316
555,1,PPO-MADRL,-23378.38201173264,-22502.50343270913
556,1,PPO-MADRL,-21658.50584681565,-22486.16098420495
557,1,PPO-MADRL,-22072.272041321048,-22432.06238613522
558,1,PPO-MADRL,-20534.55478432706,-22334.891786760894
559,1,PPO-MADRL,-24250.361924920395,-22376.858349447557
560,1,PPO-MADRL,-24370.42444480477,-22378.19279077144
561,1,PPO-MADRL,-24107.37784571258,-22449.88021619019
562,1,PPO-MADRL,-22975.526582249076,-22440.155420025127
563,1,PPO-MADRL,-21788.30037608755,-22420.24452585888
564,1,PPO-MADRL,-22122.750848921747,-22384.623592577653
565,1,PPO-MADRL,-23234.901847258247,-22422.073796224286
566,1,PPO-MADRL,-22236.60033104105,-22434.11726090076
567,1,PPO-MADRL,-23933.76504033219,-22436.946693107697
568,1,PPO-MADRL,-22031.19035409313,-22424.897533088726
569,1,PPO-MADRL,-23228.684440594683,-22420.678837529747
570,1,PPO-MADRL,-23501.882416558827,-22447.034856976195
571,1,PPO-MADRL,-23654.19130807533,-22503.539566993593
572,1,PPO-MADRL,-23252.871840636304,-22555.939962924513
573,1,PPO-MADRL,-22817.534810848974,-22627.974040459838
574,1,PPO-MADRL,-22169.982665785745,-22651.54095826972
575,1,PPO-MADRL,-22864.515313973363,-22700.753792335516
576,1,PPO-MADRL,-21995.38460921972,-22664.480747536607
577,1,PPO-MADRL,-25131.574618177587,-22784.036062151892
578,1,PPO-MADRL,-22988.644621229138,-22866.320467004283
579,1,PPO-MADRL,-24107.73753429633,-22976.316738360525
580,1,PPO-MADRL,-23938.92037023652,-22998.73827270068
581,1,PPO-MADRL,-23124.41052939782,-23057.374460003968
582,1,PPO-MADRL,-22440.0067697216,-23072.08384913999
583,1,PPO-MADRL,-22991.21777654382,-23170.350368828662
584,1,PPO-MADRL,-21562.68414061014,-23062.84325745625
585,1,PPO-MADRL,-22171.956105300906,-22974.904523876095
586,1,PPO-MADRL,-24264.11073921118,-22981.17383961604
587,1,PPO-MADRL,-23633.26525057388,-23007.48338634903
588,1,PPO-MADRL,-23145.09404557126,-23061.75513312838
589,1,PPO-MADRL,-22924.100622502672,-23093.809124071617
590,1,PPO-MADRL,-24227.336124552465,-23133.506495163383
591,1,PPO-MADRL,-22537.1447659992,-23145.52827256171
592,1,PPO-MADRL,-24085.81839028572,-23151.61040655985
593,1,PPO-MADRL,-23882.248726824004,-23225.65274146909
594,1,PPO-MADRL,-23626.866867795685,-23241.580038557127
595,1,PPO-MADRL,-23473.81295415119,-23240.457260060823
596,1,PPO-MADRL,-23962.337355238844,-23252.783101947363
597,1,PPO-MADRL,-22351.704275899643,-23216.736399357895
598,1,PPO-MADRL,-22917.9367090334,-23220.752475285273
599,1,PPO-MADRL,-22014.02966400543,-23214.51435521406
600,1,PPO-MADRL,-23911.66733394769,-23256.400436013035
601,1,PPO-MADRL,-23518.4371819359,-23317.32253892168
602,1,PPO-MADRL,-24935.469177001152,-23309.478321274622
603,1,PPO-MADRL,-22634.869675070837,-23295.32732342829
604,1,PPO-MADRL,-22588.18713918381,-23234.545307623794
605,1,PPO-MADRL,-22246.656528210315,-23166.85475394274
606,1,PPO-MADRL,-23770.31280059468,-23192.690844790617
607,1,PPO-MADRL,-22393.07436832609,-23190.813548734794
608,1,PPO-MADRL,-23879.18312284792,-23226.332162586958
609,1,PPO-MADRL,-23716.28197079436,-23312.47607579433
610,1,PPO-MADRL,-24284.33462620578,-23396.971216630525
611,1,PPO-MADRL,-22623.017371735947,-23331.32748193152
612,1,PPO-MADRL,-25259.013839044517,-23396.35742547034
613,1,PPO-MADRL,-23383.1579149093,-23405.879980243863
614,1,PPO-MADRL,-22637.54121509293,-23394.41760394747
615,1,PPO-MADRL,-22291.94620321449,-23317.002007093957
616,1,PPO-MADRL,-22955.952870690464,-23333.754331281605
617,1,PPO-MADRL,-24409.978148506696,-23346.720721610443
618,1,PPO-MADRL,-23324.36013130585,-23324.40517778972
619,1,PPO-MADRL,-21613.73411181956,-23243.87986755067
620,1,PPO-MADRL,-22914.05654454556,-23221.489611166446
621,1,PPO-MADRL,-24254.27071969752,-23233.166945744793
622,1,PPO-MADRL,-23368.78154970223,-23273.8500366969
623,1,PPO-MADRL,-22841.90809238461,-23270.808892030946
624,1,PPO-MADRL,-23916.90308517017,-23346.923828877538
625,1,PPO-MADRL,-22725.50121419065,-23299.477184087253
626,1,PPO-MADRL,-22613.41240181269,-23263.276192882327
627,1,PPO-MADRL,-22378.40743319412,-23160.993723130043
628,1,PPO-MADRL,-23484.77807863806,-23194.99005927273
629,1,PPO-MADRL,-22049.51112380225,-23173.44301865747
630,1,PPO-MADRL,-23865.07347013793,-23238.179696334577
631,1,PPO-MADRL,-23807.100421076542,-23239.65120115385
632,1,PPO-MADRL,-23816.989211166205,-23296.607794867457
633,1,PPO-MADRL,-22953.41644788873,-23259.577127869088
634,1,PPO-MADRL,-22721.36284994792,-23219.78036303523
635,1,PPO-MADRL,-23722.342087528064,-23197.30066148812
636,1,PPO-MADRL,-24143.02117642949,-23258.10081367586
637,1,PPO-MADRL,-23724.300274260346,-23196.712271084496
638,1,PPO-MADRL,-23497.19584467906,-23201.273788275284
639,1,PPO-MADRL,-24009.74665739225,-23256.16200596726
640,1,PPO-MADRL,-22901.738930344625,-23280.55371505246
641,1,PPO-MADRL,-26367.78663651447,-23417.027065685423
642,1,PPO-MADRL,-26053.452276581964,-23482.766030808434
643,1,PPO-MADRL,-23815.33855401469,-23502.405167716788
644,1,PPO-MADRL,-24847.06429405511,-23631.73837500621
645,1,PPO-MADRL,-25023.69692400628,-23716.123990184642
646,1,PPO-MADRL,-24533.48385852504,-23727.292515737736
647,1,PPO-MADRL,-24354.415266600416,-23766.717864413666
648,1,PPO-MADRL,-23900.59032389177,-23809.065153673957
649,1,PPO-MADRL,-24850.482045943954,-23846.408312104908
650,1,PPO-MADRL,-24741.984445311373,-23927.06764134974
651,1,PPO-MADRL,-22348.391876229965,-23916.466820326423
652,1,PPO-MADRL,-22685.34657727866,-23928.744386089806
653,1,PPO-MADRL,-24786.196587773517,-23980.801126455226
654,1,PPO-MADRL,-23173.36127123281,-24025.75513235245
655,1,PPO-MADRL,-22534.970934260837,-23972.551030917362
656,1,PPO-MADRL,-23625.7665221592,-23965.297674960668
657,1,PPO-MADRL,-24953.306088107325,-24010.750350038317
658,1,PPO-MADRL,-24221.094245594257,-24061.45746194654
659,1,PPO-MADRL,-22075.315227548268,-24035.615557050547
660,1,PPO-MADRL,-22646.002527977074,-23992.56197466851
661,1,PPO-MADRL,-25430.10287926798,-24044.04524278205
662,1,PPO-MADRL,-23685.669483740545,-24042.500011161253
663,1,PPO-MADRL,-24234.549389076645,-24071.994152937157
664,1,PPO-MADRL,-22215.153193168397,-24000.210414368208
665,1,PPO-MADRL,-22361.453946249047,-23978.599015004384
666,1,PPO-MADRL,-24271.90539321645,-23894.763765272466
667,1,PPO-MADRL,-24113.36276899838,-23817.16018496912
668,1,PPO-MADRL,-22676.59705369704,-23771.610524956413
669,1,PPO-MADRL,-25062.15390634757,-23780.214109448112
670,1,PPO-MADRL,-23158.978705505004,-23705.625380708057
671,1,PPO-MADRL,-25689.386044395083,-23751.861468142863
672,1,PPO-MADRL,-23597.17157660772,-23721.571720543154
673,1,PPO-MADRL,-22592.82001014713,-23669.260907993368
674,1,PPO-MADRL,-24034.844748692885,-23636.635416103323
675,1,PPO-MADRL,-22854.15178039736,-23561.122109506763
676,1,PPO-MADRL,-23360.79511198555,-23601.61823893699
677,1,PPO-MADRL,-23903.83702012236,-23650.35785665074
678,1,PPO-MADRL,-23517.351553582757,-23599.604055283107
679,1,PPO-MADRL,-25688.20430249425,-23700.197776533565
680,1,PPO-MADRL,-22508.686897550542,-23699.146415065148
681,1,PPO-MADRL,-25050.74840034333,-23756.14569019252
682,1,PPO-MADRL,-23188.10771345033,-23685.53775520624
683,1,PPO-MADRL,-24193.709441871168,-23684.442363057315
684,1,PPO-MADRL,-24046.841906662296,-23763.303430221877
685,1,PPO-MADRL,-22802.60955447453,-23769.567711281772
686,1,PPO-MADRL,-24185.31502191173,-23719.77619698752
687,1,PPO-MADRL,-24469.05279695545,-23751.11152951612
688,1,PPO-MADRL,-24760.690094502184,-23772.15715773314
689,1,PPO-MADRL,-24348.707719703205,-23857.499338794532
690,1,PPO-MADRL,-23654.638407457707,-23909.226717242884
691,1,PPO-MADRL,-22555.184587755797,-23840.557885024453
692,1,PPO-MADRL,-22471.37908536922,-23774.878537679288
693,1,PPO-MADRL,-23343.38539909997,-23801.550071495407
694,1,PPO-MADRL,-24338.34866616641,-23772.597861888164
695,1,PPO-MADRL,-24693.70706935229,-23833.98699644205
696,1,PPO-MADRL,-22688.49703123965,-23713.95143591584
697,1,PPO-MADRL,-23354.256912500616,-23704.234849351553
698,1,PPO-MADRL,-23400.28308868264,-23736.533372492966
699,1,PPO-MADRL,-22855.511105117643,-23689.36002674996
700,1,PPO-MADRL,-24454.93550728373,-23753.391375825413
701,1,PPO-MADRL,-23251.39793726529,-23749.01548883661
702,1,PPO-MADRL,-23021.40267359324,-23713.71811497544
703,1,PPO-MADRL,-23366.55582297844,-23707.686285751268
704,1,PPO-MADRL,-23222.77274807972,-23609.069023574684
705,1,PPO-MADRL,-22126.731924243213,-23593.79082464239
706,1,PPO-MADRL,-25351.951233224136,-23605.838937957622
707,1,PPO-MADRL,-23646.808173959245,-23624.18695637798
708,1,PPO-MADRL,-23143.255035132763,-23582.168780108444
709,1,PPO-MADRL,-23842.919663879067,-23574.011890397112
710,1,PPO-MADRL,-23348.91275372487,-23595.864018367127
711,1,PPO-MADRL,-24055.10811538138,-23590.655742105915
712,1,PPO-MADRL,-24479.43377300008,-23591.0709811477
713,1,PPO-MADRL,-22424.37513286613,-23497.61838268226
714,1,PPO-MADRL,-21363.386790802688,-23378.20554552624
715,1,PPO-MADRL,-21897.71200567225,-23307.92848945482
716,1,PPO-MADRL,-24184.11288452898,-23373.085621325747
717,1,PPO-MADRL,-23537.190378455954,-23415.718073049215
718,1,PPO-MADRL,-22477.0531587014,-23381.06478343327
719,1,PPO-MADRL,-23618.09700607284,-23352.25471702953
720,1,PPO-MADRL,-22922.824851704987,-23281.41942832364
721,1,PPO-MADRL,-22962.0797305597,-23292.36273629644
722,1,PPO-MADRL,-23274.084581149,-23289.155843042372
723,1,PPO-MADRL,-22140.13595415293,-23238.749957661188
724,1,PPO-MADRL,-23251.12223567193,-23254.574402883354
725,1,PPO-MADRL,-21225.08293184643,-23125.38029986587
726,1,PPO-MADRL,-21953.12935822234,-23073.449556704145
727,1,PPO-MADRL,-24238.33401910229,-23122.12681052451
728,1,PPO-MADRL,-23803.37447958511,-23139.59955678878
729,1,PPO-MADRL,-22087.545724504533,-23094.19047584577
730,1,PPO-MADRL,-22652.92761925562,-23115.238303646267
731,1,PPO-MADRL,-21239.717965442607,-22950.748972935005
732,1,PPO-MADRL,-22183.61664024167,-22892.221311586305
733,1,PPO-MADRL,-21167.825703672628,-22813.2041383279
734,1,PPO-MADRL,-21937.43866960371,-22736.984898556886
735,1,PPO-MADRL,-23887.839839178727,-22758.54198197504
736,1,PPO-MADRL,-22544.111558562898,-22698.102119702296
737,1,PPO-MADRL,-22679.21406199852,-22626.093331262236
738,1,PPO-MADRL,-21327.165669210168,-22582.204952715994
739,1,PPO-MADRL,-22090.94991917684,-22611.30747785096
740,1,PPO-MADRL,-21857.50094013365,-22609.699035229423
741,1,PPO-MADRL,-21281.786437788804,-22493.60597735981
742,1,PPO-MADRL,-22082.99540372765,-22435.438178370678
743,1,PPO-MADRL,-21539.436491319888,-22397.93351167542
744,1,PPO-MADRL,-22891.10143161087,-22368.853688696938
745,1,PPO-MADRL,-21663.36392424457,-22318.47525159852
746,1,PPO-MADRL,-21874.177754210017,-22274.959172544535
747,1,PPO-MADRL,-22247.850319304896,-22233.90980207077
748,1,PPO-MADRL,-22670.16924436504,-22255.11113367926
749,1,PPO-MADRL,-22371.610067368063,-22219.9306469471
750,1,PPO-MADRL,-20842.45044882855,-22204.625347626385
751,1,PPO-MADRL,-22189.03267654018,-22214.0614803591
752,1,PPO-MADRL,-20593.584217056257,-22068.271488277256
753,1,PPO-MADRL,-20048.97374191346,-21918.09545877039
754,1,PPO-MADRL,-19570.18220683846,-21817.40091806375
755,1,PPO-MADRL,-21863.06597438077,-21785.806452268756
756,1,PPO-MADRL,-20461.12597588353,-21754.66277268639
757,1,PPO-MADRL,-20589.451519506594,-21690.89616785699
758,1,PPO-MADRL,-21611.22097976912,-21708.63197890085
759,1,PPO-MADRL,-21231.28036530269,-21680.38564672881
760,1,PPO-MADRL,-21966.491179185847,-21603.531700329095
761,1,PPO-MADRL,-21785.561995749333,-21573.189717816553
762,1,PPO-MADRL,-21526.43785646072,-21527.078669595037
763,1,PPO-MADRL,-21097.998451834643,-21517.91198090002
764,1,PPO-MADRL,-20399.818135461315,-21450.266709551397
765,1,PPO-MADRL,-20732.66005126189,-21405.27307399653
766,1,PPO-MADRL,-21550.04939096789,-21416.003592123692
767,1,PPO-MADRL,-21727.29610587942,-21401.775620209763
768,1,PPO-MADRL,-21292.970537738256,-21391.916982066497
769,1,PPO-MADRL,-21769.194560854437,-21347.04070723624
770,1,PPO-MADRL,-21617.721207037,-21345.214998547934
771,1,PPO-MADRL,-21271.986969893824,-21321.127367175286
772,1,PPO-MADRL,-20861.854795325016,-21265.687546216097
773,1,PPO-MADRL,-21381.39987182238,-21214.136771314385
774,1,PPO-MADRL,-20237.26638031228,-21128.763023832158
775,1,PPO-MADRL,-20540.345948143306,-21116.678843804748
776,1,PPO-MADRL,-20541.141565138056,-21050.763199348658
777,1,PPO-MADRL,-21068.193801969588,-21069.747582745193
778,1,PPO-MADRL,-21221.13573400012,-21116.63406242866
779,1,PPO-MADRL,-21391.951585421084,-21189.504837571963
780,1,PPO-MADRL,-20452.19362867765,-21133.06994374384
781,1,PPO-MADRL,-20921.17521154797,-21151.471913170415
782,1,PPO-MADRL,-20096.181662311537,-21131.741118882615
783,1,PPO-MADRL,-21182.08403817367,-21114.575641218795
784,1,PPO-MADRL,-21171.27674581818,-21112.175496439417
785,1,PPO-MADRL,-20996.958590880888,-21073.394192907217
786,1,PPO-MADRL,-21100.352188459343,-21045.985800615617
787,1,PPO-MADRL,-20891.265747986472,-21020.578916276652
788,1,PPO-MADRL,-19429.3640375941,-20953.833539707026
789,1,PPO-MADRL,-21828.381794647416,-21010.976086074472
790,1,PPO-MADRL,-20874.40546564964,-21016.645902649983
791,1,PPO-MADRL,-20281.234795937537,-20965.893318848764
792,1,PPO-MADRL,-20773.42991498307,-20927.738671212912
793,1,PPO-MADRL,-21367.77954025522,-20930.731031313593
794,1,PPO-MADRL,-20936.365842114697,-20897.417882564
795,1,PPO-MADRL,-20509.27643465557,-20853.080091668744
796,1,PPO-MADRL,-20810.489429838795,-20834.620190066544
797,1,PPO-MADRL,-19814.681868027947,-20792.73327297466
798,1,PPO-MADRL,-21725.145590255182,-20806.483101711972
799,1,PPO-MADRL,-21627.915575118383,-20862.109069504215
800,1,PPO-MADRL,-20530.26920994736,-20861.705999976377
801,1,PPO-MADRL,-20690.80683601621,-20867.692610811504
802,1,PPO-MADRL,-20930.90422281822,-20862.201027645453
803,1,PPO-MADRL,-20100.055483052198,-20817.357817607535
804,1,PPO-MADRL,-20896.724712272044,-20797.54874268157
805,1,PPO-MADRL,-21581.05159147745,-20842.703061193566
806,1,PPO-MADRL,-20482.139197029064,-20825.14162061281
807,1,PPO-MADRL,-20477.08120292608,-20840.37760223739
808,1,PPO-MADRL,-20888.341478051458,-20828.627899832503
809,1,PPO-MADRL,-21507.26438921169,-20842.06740556824
810,1,PPO-MADRL,-21267.350389381776,-20852.883077508275
811,1,PPO-MADRL,-20434.11453834304,-20826.233571503624
812,1,PPO-MADRL,-21703.244587421726,-20858.712725081037
813,1,PPO-MADRL,-21301.944279614818,-20933.615934761863
814,1,PPO-MADRL,-21648.45197498348,-20926.418741975307
815,1,PPO-MADRL,-21332.61690907884,-20944.747199712474
816,1,PPO-MADRL,-20888.78095343052,-20969.049046012195
817,1,PPO-MADRL,-22212.662412120266,-21026.61834589768
818,1,PPO-MADRL,-21720.618586207183,-21040.73190773576
819,1,PPO-MADRL,-20641.90931972008,-21028.953646839975
820,1,PPO-MADRL,-23143.97547488729,-21134.341608449246
821,1,PPO-MADRL,-20505.88781302521,-21122.157543776702
822,1,PPO-MADRL,-21709.00162241486,-21197.930333952176
823,1,PPO-MADRL,-21080.138958018964,-21172.13006866273
824,1,PPO-MADRL,-20420.069193590687,-21123.81621340162
825,1,PPO-MADRL,-20439.87822756249,-21120.200574106224
826,1,PPO-MADRL,-21908.80994497072,-21168.920698464404
827,1,PPO-MADRL,-20498.303984859755,-21151.616688946066
828,1,PPO-MADRL,-20556.87525499121,-21169.88947982363
829,1,PPO-MADRL,-22148.490680726296,-21219.960118561798
830,1,PPO-MADRL,-21361.07406147004,-21211.1610173615
831,1,PPO-MADRL,-22604.97714170956,-21296.07453514872
832,1,PPO-MADRL,-21688.66219713434,-21344.537774917055
833,1,PPO-MADRL,-20309.07576005181,-21321.367146197063
834,1,PPO-MADRL,-21085.552880235504,-21304.498685838018
835,1,PPO-MADRL,-22111.90842945712,-21338.281007441037
836,1,PPO-MADRL,-21887.13024109094,-21396.40163555095
837,1,PPO-MADRL,-20560.98155355142,-21350.711114196136
838,1,PPO-MADRL,-21840.01279879726,-21372.233854963433
839,1,PPO-MADRL,-20669.465425207192,-21333.074392972383
840,1,PPO-MADRL,-21806.25988516958,-21352.02011201601
841,1,PPO-MADRL,-22583.62832121946,-21419.81400672757
842,1,PPO-MADRL,-20218.87891897624,-21340.062667001806
843,1,PPO-MADRL,-21831.37994111557,-21344.493121198146
844,1,PPO-MADRL,-21706.792135951277,-21387.08843384739
845,1,PPO-MADRL,-21306.48201550389,-21313.588695472055
846,1,PPO-MADRL,-21048.48897365336,-21335.29274189718
847,1,PPO-MADRL,-21395.075593519254,-21322.73570074136
848,1,PPO-MADRL,-19933.245473623145,-21276.859961365528
849,1,PPO-MADRL,-22775.55538992993,-21371.079409219095
850,1,PPO-MADRL,-20889.75653715852,-21389.074541602935
851,1,PPO-MADRL,-21112.5856427194,-21357.22556951288
852,1,PPO-MADRL,-21385.641113004607,-21392.719054638677
853,1,PPO-MADRL,-20170.7075725752,-21377.272347342037
854,1,PPO-MADRL,-20419.07683013602,-21308.09579331842
855,1,PPO-MADRL,-20215.912520594546,-21262.289331683405
856,1,PPO-MADRL,-22193.484564000493,-21245.829628575044
857,1,PPO-MADRL,-20705.5949792116,-21206.506939858133
858,1,PPO-MADRL,-19898.2453656007,-21190.073724080088
859,1,PPO-MADRL,-19839.93741419724,-21140.249105438557
860,1,PPO-MADRL,-20067.75197031684,-21058.482847072948
861,1,PPO-MADRL,-20893.225684317687,-21018.726664802016
862,1,PPO-MADRL,-21053.91859571297,-21038.44414648848
863,1,PPO-MADRL,-20013.112055472247,-20965.36811675548
864,1,PPO-MADRL,-19857.46980501953,-20932.888291947973
865,1,PPO-MADRL,-19476.03734801417,-20839.679390461755
866,1,PPO-MADRL,-20044.707779326174,-20738.122568786024
867,1,PPO-MADRL,-20219.725214692076,-20738.156420614658
868,1,PPO-MADRL,-21165.308833050323,-20711.513576292047
869,1,PPO-MADRL,-21016.17344446133,-20683.88882863245
870,1,PPO-MADRL,-21397.96567131518,-20687.5481748649
871,1,PPO-MADRL,-20843.843722232632,-20679.362364808076
872,1,PPO-MADRL,-21858.9690919566,-20697.918104745568
873,1,PPO-MADRL,-21170.48822906702,-20747.40781496332
874,1,PPO-MADRL,-22019.65323539009,-20717.17172878173
875,1,PPO-MADRL,-20683.318524253864,-20708.91420826554
876,1,PPO-MADRL,-21135.7972597788,-20709.842672947918
877,1,PPO-MADRL,-20519.352527026556,-20675.191129508792
878,1,PPO-MADRL,-21345.18165776757,-20722.17009291649
879,1,PPO-MADRL,-21834.715391540703,-20778.795635372677
880,1,PPO-MADRL,-22024.92178538421,-20851.156005964265
881,1,PPO-MADRL,-20865.251067058016,-20798.026666086564
882,1,PPO-MADRL,-21713.669457325865,-20838.349645211136
883,1,PPO-MADRL,-21279.156628886634,-20893.586095742572
884,1,PPO-MADRL,-21458.79082841199,-20958.340232311162
885,1,PPO-MADRL,-21318.331871833405,-21008.363428371824
886,1,PPO-MADRL,-20624.05594911081,-20997.596638963547
887,1,PPO-MADRL,-21041.267979489967,-20997.090614314635
888,1,PPO-MADRL,-21568.08634966273,-21059.28958608225
889,1,PPO-MADRL,-21712.18278625412,-21133.478105331633
890,1,PPO-MADRL,-20946.53579952268,-21192.298043391973
891,1,PPO-MADRL,-20570.21107475272,-21213.318175209035
892,1,PPO-MADRL,-20247.7537695672,-21214.43931740404
893,1,PPO-MADRL,-21938.477588937265,-21245.36606763952
894,1,PPO-MADRL,-20064.606284234767,-21207.303381230453
895,1,PPO-MADRL,-21440.4975600722,-21209.00465678074
896,1,PPO-MADRL,-21708.170246019254,-21243.5777177322
897,1,PPO-MADRL,-20148.550258100524,-21175.16096437796
898,1,PPO-MADRL,-21743.791141034984,-21198.093080856674
899,1,PPO-MADRL,-21086.734454867397,-21160.77632963577
900,1,PPO-MADRL,-21992.649444797196,-21213.149566457505
901,1,PPO-MADRL,-20709.25246425176,-21196.087774636424
902,1,PPO-MADRL,-21912.08578255977,-21251.79710485775
903,1,PPO-MADRL,-22126.822357838537,-21283.062732860584
904,1,PPO-MADRL,-21127.17401136243,-21254.761077653457
905,1,PPO-MADRL,-19943.35644218711,-21171.49846392557
906,1,PPO-MADRL,-21614.530513079317,-21201.469641766427
907,1,PPO-MADRL,-20293.875582900284,-21144.677886789403
908,1,PPO-MADRL,-21523.139886828296,-21154.43721710707
909,1,PPO-MADRL,-20668.23018962585,-21122.814791555622
910,1,PPO-MADRL,-21108.955078194434,-21114.439719810063
911,1,PPO-MADRL,-20398.925676997995,-21105.43450892555
912,1,PPO-MADRL,-21687.181465309128,-21131.27104835832
913,1,PPO-MADRL,-20298.92117413564,-21080.504441337238
914,1,PPO-MADRL,-21675.61194274634,-21079.041607596926
915,1,PPO-MADRL,-20362.229605760363,-21055.669359846434
916,1,PPO-MADRL,-20440.90359076464,-21050.49706048691
917,1,PPO-MADRL,-20590.498305692563,-21064.206841931922
918,1,PPO-MADRL,-20960.379148661203,-21025.08290432088
919,1,PPO-MADRL,-20607.41604907433,-21046.79529491446
920,1,PPO-MADRL,-21167.898266216253,-21035.891323160227
921,1,PPO-MADRL,-20161.0902501292,-20974.00812332462
922,1,PPO-MADRL,-21688.780845698784,-21035.617346828552
923,1,PPO-MADRL,-20815.072031044703,-20998.46858242894
924,1,PPO-MADRL,-20995.31623583064,-20994.81185366747
925,1,PPO-MADRL,-20253.710861185013,-20925.254310322984
926,1,PPO-MADRL,-20647.581378247836,-20922.787466882826
927,1,PPO-MADRL,-20528.3030281784,-20867.436156707572
928,1,PPO-MADRL,-21390.73346873745,-20837.992601143527
929,1,PPO-MADRL,-20270.091432331086,-20803.709297982274
930,1,PPO-MADRL,-19733.31212445109,-20795.307525272834
931,1,PPO-MADRL,-19808.424419745483,-20723.063281539482
932,1,PPO-MADRL,-20479.004002389185,-20730.468418319033
933,1,PPO-MADRL,-20604.891230204423,-20693.738472054083
934,1,PPO-MADRL,-21244.544097382663,-20716.791028364354
935,1,PPO-MADRL,-20926.19075028657,-20709.48045524804
936,1,PPO-MADRL,-20054.69379062322,-20695.71117979305
937,1,PPO-MADRL,-20223.2087423521,-20637.15227087477
938,1,PPO-MADRL,-20515.007523703043,-20645.795724857464
939,1,PPO-MADRL,-20639.441416964444,-20604.34890382619
940,1,PPO-MADRL,-21644.21794962899,-20655.628437580934
941,1,PPO-MADRL,-20810.7538890463,-20670.422449512196
942,1,PPO-MADRL,-20404.55245916684,-20662.98461565117
943,1,PPO-MADRL,-21284.219195121957,-20675.9382175096
944,1,PPO-MADRL,-21879.40960222015,-20726.81795963543
945,1,PPO-MADRL,-20821.40659952762,-20712.958292967887
946,1,PPO-MADRL,-20759.60473055275,-20736.89887218483
947,1,PPO-MADRL,-22197.58479687344,-20757.251030231815
948,1,PPO-MADRL,-20944.014641968974,-20762.40873466879
949,1,PPO-MADRL,-21041.454293294875,-20764.254256967353
950,1,PPO-MADRL,-21167.09016964757,-20800.78942930586
951,1,PPO-MADRL,-20994.216855769548,-20814.654848406728
952,1,PPO-MADRL,-20763.61118452554,-20824.067174660613
953,1,PPO-MADRL,-19964.79719719097,-20767.029723798754
954,1,PPO-MADRL,-20063.091361883984,-20758.749720980868
955,1,PPO-MADRL,-20275.39995201499,-20780.433234083426
956,1,PPO-MADRL,-22086.23327083947,-20871.545588127185
957,1,PPO-MADRL,-20737.479161089213,-20881.88459447519
958,1,PPO-MADRL,-20667.665384249987,-20884.39556063701
959,1,PPO-MADRL,-21036.09206469168,-20876.057479329367
960,1,PPO-MADRL,-21969.471836699537,-20917.78872278589
961,1,PPO-MADRL,-19723.923403588236,-20904.55790730449
962,1,PPO-MADRL,-20336.55311259397,-20909.09168211416
963,1,PPO-MADRL,-21238.301578875384,-20938.023444321057
964,1,PPO-MADRL,-19527.97218985074,-20893.564675236506
965,1,PPO-MADRL,-19831.770080308248,-20821.066760463676
966,1,PPO-MADRL,-20174.79829048881,-20795.62853652138
967,1,PPO-MADRL,-19699.92546371193,-20767.443456703182
968,1,PPO-MADRL,-20791.906681275526,-20747.750956149328
969,1,PPO-MADRL,-19970.03566671133,-20671.37599872897
970,1,PPO-MADRL,-21188.275902119567,-20686.050770832648
971,1,PPO-MADRL,-22066.497519330464,-20738.32648238376
972,1,PPO-MADRL,-20812.04550782353,-20682.904910821762
973,1,PPO-MADRL,-20338.82115707884,-20658.697171426156
974,1,PPO-MADRL,-20429.616824958423,-20634.2236726927
975,1,PPO-MADRL,-21121.23082420993,-20632.38929887519
976,1,PPO-MADRL,-20219.792169690158,-20601.41231143202
977,1,PPO-MADRL,-20723.992886781565,-20599.82757952226
978,1,PPO-MADRL,-20351.58789991448,-20615.2992076312
979,1,PPO-MADRL,-21128.268698390035,-20657.906301091443
980,1,PPO-MADRL,-21209.40437092372,-20695.266477847792
981,1,PPO-MADRL,-20938.7699733,-20649.367945946215
982,1,PPO-MADRL,-20985.14434470818,-20659.274553290972
983,1,PPO-MADRL,-21659.67008442672,-20698.95474129804
984,1,PPO-MADRL,-20913.071569124902,-20694.03392147537
985,1,PPO-MADRL,-20406.006948168004,-20631.495325934105
986,1,PPO-MADRL,-20181.943583063443,-20649.816133113116
987,1,PPO-MADRL,-19857.68514598411,-20630.66141444872
988,1,PPO-MADRL,-21070.85721105692,-20623.963639735983
989,1,PPO-MADRL,-20737.949222914947,-20672.36272105855
990,1,PPO-MADRL,-21381.65509135772,-20734.358121500532
991,1,PPO-MADRL,-19834.400583902257,-20720.74221323707
992,1,PPO-MADRL,-19784.674870872423,-20724.13218952349
993,1,PPO-MADRL,-19764.59304960523,-20683.039644256674
994,1,PPO-MADRL,-20395.5186650044,-20700.0589641884
995,1,PPO-MADRL,-20904.15282146507,-20688.69404096222
996,1,PPO-MADRL,-21494.00976735344,-20665.794530883137
997,1,PPO-MADRL,-20961.943776659464,-20671.790461636578
998,1,PPO-MADRL,-21035.54229845413,-20699.659307291586
999,1,PPO-MADRL,-20900.887991587337,-20718.510153956744
1000,1,PPO-MADRL,-19515.17261948361,-20654.267825767693
1001,1,PPO-MADRL,-20197.13208935994,-20197.13208935994
1002,1,PPO-MADRL,-21080.57047889333,-20638.851284126635
1003,1,PPO-MADRL,-21001.02722995857,-20759.576599403947
1004,1,PPO-MADRL,-20767.15793630316,-20761.47193362875
1005,1,PPO-MADRL,-20869.499732972545,-20783.07749349751
1006,1,PPO-MADRL,-20666.4817503238,-20763.644869635224
1007,1,PPO-MADRL,-19775.950377866437,-20622.545656525395
1008,1,PPO-MADRL,-21976.27452880935,-20791.761765560892
1009,1,PPO-MADRL,-19884.686626241128,-20690.97563896981
1010,1,PPO-MADRL,-20774.892010391224,-20699.36727611195
1011,1,PPO-MADRL,-20590.58970393584,-20689.47840591412
1012,1,PPO-MADRL,-20105.01695696423,-20640.773285168296
1013,1,PPO-MADRL,-20298.197394033137,-20614.421293542513
1014,1,PPO-MADRL,-19843.78093316718,-20559.375553515707
1015,1,PPO-MADRL,-20212.28629870788,-20536.236269861853
1016,1,PPO-MADRL,-19819.64843878317,-20491.44953041943
1017,1,PPO-MADRL,-20625.78961595501,-20499.351888392113
1018,1,PPO-MADRL,-20368.947679450812,-20492.107210117596
1019,1,PPO-MADRL,-21723.44562422892,-20556.914495070825
1020,1,PPO-MADRL,-20674.595838100624,-20562.798562222313
1021,1,PPO-MADRL,-20932.41915730441,-20580.399542940508
1022,1,PPO-MADRL,-20318.35097182717,-20568.488244253538
1023,1,PPO-MADRL,-20271.941740648494,-20555.594918009843
1024,1,PPO-MADRL,-20040.84725350795,-20534.147098655598
1025,1,PPO-MADRL,-22418.299943023725,-20609.51321243032
1026,1,PPO-MADRL,-20910.38572488173,-20638.043357851195
1027,1,PPO-MADRL,-20678.81851409248,-20621.973279259157
1028,1,PPO-MADRL,-20953.187991482024,-20620.059709720095
1029,1,PPO-MADRL,-19940.75564392419,-20587.003618024937
1030,1,PPO-MADRL,-21491.105753780943,-20611.867858857277
1031,1,PPO-MADRL,-21086.658280164826,-20628.674920050915
1032,1,PPO-MADRL,-20675.52890596796,-20664.658061174978
1033,1,PPO-MADRL,-20306.9469567633,-20597.884958293136
1034,1,PPO-MADRL,-19878.82459394818,-20597.650477001414
1035,1,PPO-MADRL,-20815.65267201976,-20599.28090346656
1036,1,PPO-MADRL,-21283.573839161763,-20627.000268875592
1037,1,PPO-MADRL,-21134.45637853344,-20668.177845738363
1038,1,PPO-MADRL,-19943.526350368647,-20653.991003991785
1039,1,PPO-MADRL,-21178.20460238775,-20707.367950760607
1040,1,PPO-MADRL,-20410.21951488102,-20715.28527940753
1041,1,PPO-MADRL,-20607.452584793387,-20746.797445247943
1042,1,PPO-MADRL,-19891.882831496405,-20717.441173869596
1043,1,PPO-MADRL,-21023.41294946635,-20743.61978467022
1044,1,PPO-MADRL,-20529.778930289365,-20695.873116912637
1045,1,PPO-MADRL,-19410.2228939456,-20645.298199146433
1046,1,PPO-MADRL,-21229.8005699992,-20657.193455654226
1047,1,PPO-MADRL,-20359.68778285843,-20658.846928095478
1048,1,PPO-MADRL,-20929.877129338547,-20685.164343643075
1049,1,PPO-MADRL,-20502.684887721694,-20703.63784901163
1050,1,PPO-MADRL,-20210.50287451237,-20615.325966271175
1051,1,PPO-MADRL,-20579.490526649643,-20602.090158341893
1052,1,PPO-MADRL,-21031.113571736165,-20616.18196064764
1053,1,PPO-MADRL,-19739.659713265253,-20567.64082951897
1054,1,PPO-MADRL,-20571.099841149637,-20592.854597407986
1055,1,PPO-MADRL,-20886.174161979285,-20568.65733373592
1056,1,PPO-MADRL,-20665.556115311385,-20551.81324714178
1057,1,PPO-MADRL,-20395.59777635234,-20540.616001957158
1058,1,PPO-MADRL,-20765.95227248556,-20558.976214586048
1059,1,PPO-MADRL,-20136.055888389757,-20569.265466363708
1060,1,PPO-MADRL,-20724.276855137607,-20565.610433688424
1061,1,PPO-MADRL,-21932.06120554956,-20591.549928343935
1062,1,PPO-MADRL,-20197.76218997987,-20554.082160801794
1063,1,PPO-MADRL,-19983.662776339355,-20555.68761784062
1064,1,PPO-MADRL,-21267.968729724344,-20559.278182934086
1065,1,PPO-MADRL,-19925.334682991503,-20539.882789658503
1066,1,PPO-MADRL,-19691.541849240668,-20503.246360236393
1067,1,PPO-MADRL,-21119.799117873048,-20552.36301169146
1068,1,PPO-MADRL,-22144.34084772397,-20597.200127621767
1069,1,PPO-MADRL,-20579.00506992689,-20599.169173207265
1070,1,PPO-MADRL,-20758.97142172325,-20653.119114318375
1071,1,PPO-MADRL,-21380.867212233003,-20659.161780007726
1072,1,PPO-MADRL,-19848.498066126765,-20638.71419133846
1073,1,PPO-MADRL,-21249.32799571239,-20651.49222599341
1074,1,PPO-MADRL,-20739.510564307184,-20660.96525305683
1075,1,PPO-MADRL,-21112.87912021816,-20697.060302885064
1076,1,PPO-MADRL,-21218.09046519189,-20722.604300426752
1077,1,PPO-MADRL,-20292.75734818662,-20693.07005148477
1078,1,PPO-MADRL,-21145.001936507048,-20749.283740414445
1079,1,PPO-MADRL,-19730.333623471142,-20715.653091707303
1080,1,PPO-MADRL,-19070.036469074523,-20643.00758399111
1081,1,PPO-MADRL,-19776.162743721325,-20607.431849127508
1082,1,PPO-MADRL,-19762.48644749472,-20582.107395973206
1083,1,PPO-MADRL,-20957.49119922109,-20589.768953042625
1084,1,PPO-MADRL,-20320.01253675904,-20597.1272189774
1085,1,PPO-MADRL,-21403.499600833056,-20624.296128805217
1086,1,PPO-MADRL,-20469.785562840058,-20565.805103096835
1087,1,PPO-MADRL,-21030.828265210635,-20599.127746106067
1088,1,PPO-MADRL,-20008.62401834807,-20600.126195786415
1089,1,PPO-MADRL,-21214.60405971,-20597.99160898584
1090,1,PPO-MADRL,-19764.626925656277,-20591.563298692432
1091,1,PPO-MADRL,-21039.06736445462,-20645.46431930099
1092,1,PPO-MADRL,-20289.889616783395,-20612.267939257406
1093,1,PPO-MADRL,-20426.912177602466,-20543.570792452545
1094,1,PPO-MADRL,-20355.72069462468,-20534.639417440456
1095,1,PPO-MADRL,-21594.24822520429,-20568.0504895797
1096,1,PPO-MADRL,-20767.48686659037,-20543.51527575399
1097,1,PPO-MADRL,-21356.70225989074,-20603.843443504553
1098,1,PPO-MADRL,-20602.416962330197,-20577.967002169265
1099,1,PPO-MADRL,-21073.175360132245,-20591.313594002266
1100,1,PPO-MADRL,-21075.753952343766,-20589.82858728729
1101,1,PPO-MADRL,-21319.4992868534,-20593.88494015375
1102,1,PPO-MADRL,-21017.867922442358,-20622.88936312398
1103,1,PPO-MADRL,-20706.70694801494,-20605.357563584297
1104,1,PPO-MADRL,-20511.611908006213,-20636.608694965696
1105,1,PPO-MADRL,-20981.48509056561,-20713.06663982534
1106,1,PPO-MADRL,-22585.12325131869,-20825.425060129237
1107,1,PPO-MADRL,-21805.948472802247,-20907.163541141537
1108,1,PPO-MADRL,-21091.59818040803,-20912.527820389016
1109,1,PPO-MADRL,-21210.46248150154,-20948.145818178717
1110,1,PPO-MADRL,-20543.142063394745,-20913.731516681182
1111,1,PPO-MADRL,-20327.49242182649,-20908.039791040643
1112,1,PPO-MADRL,-20221.43647187397,-20875.664119307174
1113,1,PPO-MADRL,-20702.965012758475,-20903.43775908359
1114,1,PPO-MADRL,-21185.14964283705,-20902.25958240867
1115,1,PPO-MADRL,-20682.361045816244,-20938.96894721507
1116,1,PPO-MADRL,-19810.312971445102,-20889.81877149469
1117,1,PPO-MADRL,-20926.952252086998,-20915.301276906834
1118,1,PPO-MADRL,-21721.83605703172,-20967.098232084
1119,1,PPO-MADRL,-20386.149954558983,-20968.315402481378
1120,1,PPO-MADRL,-20145.47172638627,-20910.364342528657
1121,1,PPO-MADRL,-21809.66715914836,-20952.051554230977
1122,1,PPO-MADRL,-22746.06717169157,-21007.626150703007
1123,1,PPO-MADRL,-22076.5912711465,-21066.59312305566
1124,1,PPO-MADRL,-20524.295756318177,-21044.6379389031
1125,1,PPO-MADRL,-20730.35484141649,-21030.821974466005
1126,1,PPO-MADRL,-21076.84438192472,-21021.11577826886
1127,1,PPO-MADRL,-21966.61760120504,-21059.06576541937
1128,1,PPO-MADRL,-21037.93239982763,-21072.314783491875
1129,1,PPO-MADRL,-21414.81156564133,-21108.442769797282
1130,1,PPO-MADRL,-21753.38692891933,-21139.318843331424
1131,1,PPO-MADRL,-21078.19048022922,-21079.041532487852
1132,1,PPO-MADRL,-22303.61827323703,-21098.94832450524
1133,1,PPO-MADRL,-22553.08696003904,-21157.407875690482
1134,1,PPO-MADRL,-22460.437208321928,-21207.406864763292
1135,1,PPO-MADRL,-23158.74561408005,-21312.03100679071
1136,1,PPO-MADRL,-21574.028018172376,-21361.892430644544
1137,1,PPO-MADRL,-22863.787602615303,-21467.5864758742
1138,1,PPO-MADRL,-21246.355126227547,-21489.32208041296
1139,1,PPO-MADRL,-21979.10502313397,-21521.080295624837
1140,1,PPO-MADRL,-21175.801129472035,-21540.817898971065
1141,1,PPO-MADRL,-23317.437264497188,-21681.10287069315
1142,1,PPO-MADRL,-21030.968764713896,-21685.263531198227
1143,1,PPO-MADRL,-21502.513531260414,-21676.490630167376
1144,1,PPO-MADRL,-21575.959016046378,-21724.08299262687
1145,1,PPO-MADRL,-20780.521715913612,-21749.484992207963
1146,1,PPO-MADRL,-21379.59028996524,-21732.28191744064
1147,1,PPO-MADRL,-21946.793058084942,-21700.310952896372
1148,1,PPO-MADRL,-23121.528702795007,-21742.10845016231
1149,1,PPO-MADRL,-21510.392555025475,-21781.55232211061
1150,1,PPO-MADRL,-22106.66171538787,-21836.60459706946
1151,1,PPO-MADRL,-22141.1628852454,-21879.17733720229
1152,1,PPO-MADRL,-21299.7006030993,-21852.500657278062
1153,1,PPO-MADRL,-20913.63597740392,-21847.52880038111
1154,1,PPO-MADRL,-21787.810241542706,-21862.44874741717
1155,1,PPO-MADRL,-21980.9011267671,-21871.549315331074
1156,1,PPO-MADRL,-21611.886561273604,-21892.897158572854
1157,1,PPO-MADRL,-21130.46626217141,-21845.97107813023
1158,1,PPO-MADRL,-22101.043305201383,-21827.889331936723
1159,1,PPO-MADRL,-23212.31817336524,-21857.964570538454
1160,1,PPO-MADRL,-21923.701455410217,-21808.56280419166
1161,1,PPO-MADRL,-21497.58748236335,-21805.5051827593
1162,1,PPO-MADRL,-20945.05413707675,-21728.75584413776
1163,1,PPO-MADRL,-21643.20077491174,-21744.629670085124
1164,1,PPO-MADRL,-21009.274916138,-21705.83646580529
1165,1,PPO-MADRL,-20468.675065018848,-21677.55142322716
1166,1,PPO-MADRL,-21397.19254805725,-21600.741634569564
1167,1,PPO-MADRL,-20983.12664541446,-21598.827949797585
1168,1,PPO-MADRL,-21295.801177552054,-21590.55945564925
1169,1,PPO-MADRL,-21434.519222137395,-21584.901863892894
1170,1,PPO-MADRL,-20770.802855172973,-21584.513109463267
1171,1,PPO-MADRL,-20215.67438005647,-21537.956473066915
1172,1,PPO-MADRL,-20423.16977884021,-21477.01154189713
1173,1,PPO-MADRL,-20987.207090839234,-21391.638677418894
1174,1,PPO-MADRL,-20464.211580421405,-21349.791438434728
1175,1,PPO-MADRL,-21010.97161467184,-21305.96383440609
1176,1,PPO-MADRL,-21188.146393927025,-21267.843174753358
1177,1,PPO-MADRL,-21239.395364323427,-21265.430965202322
1178,1,PPO-MADRL,-21522.35003432384,-21289.779527479117
1179,1,PPO-MADRL,-21134.75402972806,-21263.657279006533
1180,1,PPO-MADRL,-20566.1184717817,-21207.065972807115
1181,1,PPO-MADRL,-20419.86868601771,-21159.38525779688
1182,1,PPO-MADRL,-20595.06705875073,-21137.969289660054
1183,1,PPO-MADRL,-21425.040769731604,-21110.92918824126
1184,1,PPO-MADRL,-20777.950800505583,-21013.554493326876
1185,1,PPO-MADRL,-19996.899891327063,-20936.482430763546
1186,1,PPO-MADRL,-20594.207205418057,-20900.347219685736
1187,1,PPO-MADRL,-20267.53746034685,-20873.24655261654
1188,1,PPO-MADRL,-21047.55498847221,-20849.420721158956
1189,1,PPO-MADRL,-20160.901997559497,-20815.48580441582
1190,1,PPO-MADRL,-21289.07192388185,-20848.30167877034
1191,1,PPO-MADRL,-21190.013109386266,-20840.0145012235
1192,1,PPO-MADRL,-21792.55919892366,-20872.39180336387
1193,1,PPO-MADRL,-20471.01246018586,-20839.40025466922
1194,1,PPO-MADRL,-20567.9290833563,-20804.73664911798
1195,1,PPO-MADRL,-21498.49730777092,-20833.844427221895
1196,1,PPO-MADRL,-20593.262771136844,-20848.94796286511
1197,1,PPO-MADRL,-21001.46451929152,-20872.07975248316
1198,1,PPO-MADRL,-20507.18376553421,-20852.878819470963
1199,1,PPO-MADRL,-21438.979304051885,-20891.86952841618
1200,1,PPO-MADRL,-20427.356476676105,-20868.52492289635
1201,1,PPO-MADRL,-21308.545851197225,-20873.34090118716
1202,1,PPO-MADRL,-19655.81145504169,-20809.99754481589
1203,1,PPO-MADRL,-21118.373728328428,-20793.838492576073
1204,1,PPO-MADRL,-21621.542932306664,-20813.310048679217
1205,1,PPO-MADRL,-20529.00789891804,-20811.825625764668
1206,1,PPO-MADRL,-21818.23615492306,-20867.760324520885
1207,1,PPO-MADRL,-21466.3086783225,-20902.609989303757
1208,1,PPO-MADRL,-21119.52643631442,-20890.389415967067
1209,1,PPO-MADRL,-21231.19053524226,-20908.519005356535
1210,1,PPO-MADRL,-21798.89594554111,-20980.598847525096
1211,1,PPO-MADRL,-21131.85294250192,-21002.10467700845
1212,1,PPO-MADRL,-20734.0841517991,-21020.76654466654
1213,1,PPO-MADRL,-21778.80259073108,-21050.016448756895
1214,1,PPO-MADRL,-21965.92958828853,-21122.217552386057
1215,1,PPO-MADRL,-20736.488520614097,-21100.11421625535
1216,1,PPO-MADRL,-21131.658832977188,-21097.780045198986
1217,1,PPO-MADRL,-21386.78096229711,-21081.54891573392
1218,1,PPO-MADRL,-20716.549636918837,-21091.37040280324
1219,1,PPO-MADRL,-21957.58622717697,-21146.95668855607
1220,1,PPO-MADRL,-21018.601531832945,-21127.760857518548
1221,1,PPO-MADRL,-22013.639559251613,-21184.575929043138
1222,1,PPO-MADRL,-21379.50546735817,-21199.697566965806
1223,1,PPO-MADRL,-21964.048850509185,-21257.972170364807
1224,1,PPO-MADRL,-22558.007860206817,-21302.733312611002
1225,1,PPO-MADRL,-20804.50092460824,-21317.819090528286
1226,1,PPO-MADRL,-21119.67522706605,-21310.26426556304
1227,1,PPO-MADRL,-21279.797278113765,-21375.223698485926
1228,1,PPO-MADRL,-20869.943466815384,-21365.286488025402
1229,1,PPO-MADRL,-21028.832447477576,-21341.57806863224
1230,1,PPO-MADRL,-20560.10622070858,-21342.82200150386
1231,1,PPO-MADRL,-21662.342925078137,-21336.586272310065
1232,1,PPO-MADRL,-20494.3537964062,-21297.708077033414
1233,1,PPO-MADRL,-20711.608007603874,-21281.39133988499
1234,1,PPO-MADRL,-21492.808019848875,-21291.856039269256
1235,1,PPO-MADRL,-20420.897671536422,-21236.73610830907
1236,1,PPO-MADRL,-22664.96570015544,-21298.060618615207
1237,1,PPO-MADRL,-21381.92731443091,-21323.97434512048
1238,1,PPO-MADRL,-22051.63039411379,-21334.88745725579
1239,1,PPO-MADRL,-21460.99323056988,-21314.690002947045
1240,1,PPO-MADRL,-21002.46127799077,-21325.32891324211
1241,1,PPO-MADRL,-22040.64815775968,-21361.68848623341
1242,1,PPO-MADRL,-21768.053780729668,-21376.93939897071
1243,1,PPO-MADRL,-20538.272822594423,-21369.808326397735
1244,1,PPO-MADRL,-20556.59560415091,-21313.768701476693
1245,1,PPO-MADRL,-20896.90393122212,-21308.90079745226
1246,1,PPO-MADRL,-20784.927768358168,-21259.752325816524
1247,1,PPO-MADRL,-21092.23752779119,-21248.261608233843
1248,1,PPO-MADRL,-21218.75254416053,-21218.4497559799
1249,1,PPO-MADRL,-20874.4278056411,-21151.106553797264
1250,1,PPO-MADRL,-20814.04342014631,-21151.48825361879
1251,1,PPO-MADRL,-21043.20412197216,-21148.42940941504
1252,1,PPO-MADRL,-21253.73843558024,-21147.387055713694
1253,1,PPO-MADRL,-21219.54513248449,-21161.371122340457
1254,1,PPO-MADRL,-20890.52891637844,-21155.838981096495
1255,1,PPO-MADRL,-20702.63874742944,-21161.54028216533
1256,1,PPO-MADRL,-21639.011178433728,-21160.60701229955
1257,1,PPO-MADRL,-21185.747732301897,-21188.262769735375
1258,1,PPO-MADRL,-21210.162610090083,-21208.20495383483
1259,1,PPO-MADRL,-20656.881189360167,-21174.76788061528
1260,1,PPO-MADRL,-20567.80871642302,-21180.644322410742
1261,1,PPO-MADRL,-20571.187877568867,-21096.893209507278
1262,1,PPO-MADRL,-22508.187887398,-21141.943632425962
1263,1,PPO-MADRL,-20279.4338457729,-21071.055770492327
1264,1,PPO-MADRL,-20839.625580114174,-21046.2010644741
1265,1,PPO-MADRL,-19844.450559885685,-20999.880635749898
1266,1,PPO-MADRL,-21077.54054943585,-20961.35633141694
1267,1,PPO-MADRL,-20617.924097121268,-20915.351144072607
1268,1,PPO-MADRL,-20382.450186247486,-20909.11823861873
1269,1,PPO-MADRL,-20200.41681353323,-20894.871086994022
1270,1,PPO-MADRL,-19956.72210170733,-20857.26381381343
1271,1,PPO-MADRL,-20287.785132538924,-20837.37810838066
1272,1,PPO-MADRL,-20282.64839332993,-20804.99454300221
1273,1,PPO-MADRL,-20445.75031919756,-20774.07445400369
1274,1,PPO-MADRL,-20604.930234028958,-20763.294551139206
1275,1,PPO-MADRL,-20804.03347131621,-20762.894153186
1276,1,PPO-MADRL,-20199.89867751752,-20729.161935407818
1277,1,PPO-MADRL,-19904.94632941951,-20675.210251161385
1278,1,PPO-MADRL,-21004.320755285546,-20666.601276073427
1279,1,PPO-MADRL,-20482.06751729756,-20650.262820110194
1280,1,PPO-MADRL,-21138.82391919537,-20667.71022698083
1281,1,PPO-MADRL,-20619.03134650179,-20626.911033703553
1282,1,PPO-MADRL,-21179.03894025003,-20626.642682021477
1283,1,PPO-MADRL,-21829.35971944641,-20651.410566395734
1284,1,PPO-MADRL,-20871.228006691854,-20659.984439089
1285,1,PPO-MADRL,-20451.64739261496,-20655.337986136674
1286,1,PPO-MADRL,-20842.658711040684,-20666.19681947555
1287,1,PPO-MADRL,-20249.116736832373,-20575.833973452925
1288,1,PPO-MADRL,-20332.718972658105,-20577.965378528334
1289,1,PPO-MADRL,-20654.112679590857,-20570.5448625074
1290,1,PPO-MADRL,-21535.153900871643,-20638.172996146837
1291,1,PPO-MADRL,-21343.61508501285,-20648.815977569917
1292,1,PPO-MADRL,-21337.90058211705,-20677.61503696975
1293,1,PPO-MADRL,-22275.759115880664,-20753.347394155076
1294,1,PPO-MADRL,-21585.34806455479,-20808.74464419594
1295,1,PPO-MADRL,-21038.092828970308,-20851.999473286458
1296,1,PPO-MADRL,-21410.583698567025,-20896.91141592758
1297,1,PPO-MADRL,-20660.142836642422,-20912.01119366008
1298,1,PPO-MADRL,-21058.0085409933,-20936.50152253191
1299,1,PPO-MADRL,-21016.163035534635,-20952.95083459214
1300,1,PPO-MADRL,-20575.279706630867,-20943.800684004724
1301,1,PPO-MADRL,-20057.645204796976,-20938.1105450959
1302,1,PPO-MADRL,-21389.608821930884,-20997.497044796357
1303,1,PPO-MADRL,-20787.6599985286,-20988.83061452608
1304,1,PPO-MADRL,-21784.88166368356,-21040.94318038152
1305,1,PPO-MADRL,-21550.01874415097,-21057.39097337974
1306,1,PPO-MADRL,-21206.231153511555,-21080.878965660133
1307,1,PPO-MADRL,-20455.3218758284,-21051.930283083275
1308,1,PPO-MADRL,-20638.160969969205,-21004.282333104184
1309,1,PPO-MADRL,-20480.153429992577,-20988.63935003621
1310,1,PPO-MADRL,-20588.443976572074,-20994.11121339449
1311,1,PPO-MADRL,-20491.276587935376,-20980.055928470283
1312,1,PPO-MADRL,-22021.69743602848,-21050.959156438126
1313,1,PPO-MADRL,-20218.98123357888,-21046.40964687496
1314,1,PPO-MADRL,-20688.458016017183,-21047.78346033201
1315,1,PPO-MADRL,-20252.30492397489,-20996.469501256142
1316,1,PPO-MADRL,-21916.91179420912,-21019.401369623993
1317,1,PPO-MADRL,-21496.0043177228,-21025.72551904822
1318,1,PPO-MADRL,-21742.96289783809,-21004.413670326518
1319,1,PPO-MADRL,-21931.13331209544,-21018.245080228146
1320,1,PPO-MADRL,-20574.79445025363,-20999.713145079477
1321,1,PPO-MADRL,-20496.57308467076,-20963.152720523627
1322,1,PPO-MADRL,-20045.622688644235,-20938.5719146037
1323,1,PPO-MADRL,-19598.356489982994,-20880.185832563286
1324,1,PPO-MADRL,-20791.80499325117,-20871.211510871948
1325,1,PPO-MADRL,-19888.764751376257,-20843.750912661766
1326,1,PPO-MADRL,-20128.17049351745,-20846.571924210584
1327,1,PPO-MADRL,-20942.46275027225,-20828.68608134424
1328,1,PPO-MADRL,-19516.297402916924,-20777.831577519773
1329,1,PPO-MADRL,-21025.705931956498,-20747.46454825069
1330,1,PPO-MADRL,-19565.20547764097,-20668.072017590286
1331,1,PPO-MADRL,-20931.355164037574,-20657.07697801133
1332,1,PPO-MADRL,-20074.801752086183,-20641.85617306164
1333,1,PPO-MADRL,-19750.612059536044,-20606.35421664431
1334,1,PPO-MADRL,-20603.98974635792,-20611.307669298927
1335,1,PPO-MADRL,-20926.298958055868,-20624.82186855828
1336,1,PPO-MADRL,-21172.84423313332,-20652.084574366196
1337,1,PPO-MADRL,-20765.31286604133,-20601.82919156671
1338,1,PPO-MADRL,-21303.57687081957,-20645.21301705634
1339,1,PPO-MADRL,-21127.690060275567,-20662.782298826674
1340,1,PPO-MADRL,-20114.5013327244,-20657.270155176655
1341,1,PPO-MADRL,-19943.72895474415,-20578.342841598052
1342,1,PPO-MADRL,-19957.40328005142,-20516.798800091197
1343,1,PPO-MADRL,-20053.3692895711,-20449.215055760524
1344,1,PPO-MADRL,-21921.567256351263,-20448.832413530752
1345,1,PPO-MADRL,-19800.964210779966,-20417.87920395181
1346,1,PPO-MADRL,-20378.72070583956,-20413.16510879856
1347,1,PPO-MADRL,-20759.4491356572,-20441.718166679075
1348,1,PPO-MADRL,-20554.64284729416,-20479.969620971522
1349,1,PPO-MADRL,-20069.132950311192,-20451.062739253928
1350,1,PPO-MADRL,-19487.63153874742,-20435.017410748773
1351,1,PPO-MADRL,-21161.925578336555,-20476.367614141534
1352,1,PPO-MADRL,-20191.469772174805,-20446.32789501764
1353,1,PPO-MADRL,-20348.782928831373,-20479.627316054215
1354,1,PPO-MADRL,-20236.865385007,-20448.073694176237
1355,1,PPO-MADRL,-19500.023500738007,-20445.46641510012
1356,1,PPO-MADRL,-20220.01108203407,-20417.01265181998
1357,1,PPO-MADRL,-19673.89158914853,-20400.97624530247
1358,1,PPO-MADRL,-19393.806580676803,-20386.7040261481
1359,1,PPO-MADRL,-19830.48630700211,-20355.76388857387
1360,1,PPO-MADRL,-20295.277744113548,-20330.523040016178
1361,1,PPO-MADRL,-19447.692502031183,-20261.516970772092
1362,1,PPO-MADRL,-19404.792591990088,-20207.09615981004
1363,1,PPO-MADRL,-19937.257471295576,-20152.443383829082
1364,1,PPO-MADRL,-19904.054197752004,-20103.49794932814
1365,1,PPO-MADRL,-19321.62868178273,-20071.783043290474
1366,1,PPO-MADRL,-18807.47949589104,-20026.33306493635
1367,1,PPO-MADRL,-19498.61856030264,-20007.9816761464
1368,1,PPO-MADRL,-19146.403769144577,-19971.703055329337
1369,1,PPO-MADRL,-19497.8826080698,-19874.75566939808
1370,1,PPO-MADRL,-19646.406761751092,-19868.573371436923
1371,1,PPO-MADRL,-20029.374328691723,-19854.59951635101
1372,1,PPO-MADRL,-19766.600337621407,-19814.88556442958
1373,1,PPO-MADRL,-19565.413409736404,-19775.31638692727
1374,1,PPO-MADRL,-19325.686444147643,-19745.57852668072
1375,1,PPO-MADRL,-18962.610656060184,-19724.577691373237
1376,1,PPO-MADRL,-19596.68847215049,-19661.968207125796
1377,1,PPO-MADRL,-19017.524739723394,-19615.010405827736
1378,1,PPO-MADRL,-18876.05825222141,-19556.101418763337
1379,1,PPO-MADRL,-18804.897827794543,-19498.82271647484
1380,1,PPO-MADRL,-18520.375406717016,-19459.636792713998
1381,1,PPO-MADRL,-18566.03010262444,-19393.477553537614
1382,1,PPO-MADRL,-19105.51158030272,-19370.742353183785
1383,1,PPO-MADRL,-18964.94513986552,-19353.587895551333
1384,1,PPO-MADRL,-19036.660455419755,-19321.834861488034
1385,1,PPO-MADRL,-18667.46936427253,-19256.722526294398
1386,1,PPO-MADRL,-18686.44113273984,-19226.27247152274
1387,1,PPO-MADRL,-18482.232849066502,-19189.370081805802
1388,1,PPO-MADRL,-19185.253817968245,-19159.289935672707
1389,1,PPO-MADRL,-20087.471450309557,-19166.626625775007
1390,1,PPO-MADRL,-18151.612227837308,-19119.82596761719
1391,1,PPO-MADRL,-19286.33115469592,-19138.980033969387
1392,1,PPO-MADRL,-18788.94730664879,-19110.59318382323
1393,1,PPO-MADRL,-18834.698780988478,-19098.124984296985
1394,1,PPO-MADRL,-19518.65179366633,-19098.955751720852
1395,1,PPO-MADRL,-18511.595714948417,-19053.563309848745
1396,1,PPO-MADRL,-18637.750240633388,-18997.89834632641
1397,1,PPO-MADRL,-18577.47566435748,-18950.333359395852
1398,1,PPO-MADRL,-18937.47778893248,-18925.215934563694
1399,1,PPO-MADRL,-19147.57191010818,-18918.09135320212
1400,1,PPO-MADRL,-18746.70924611026,-18909.455296804117
1401,1,PPO-MADRL,-18549.80503145468,-18867.579959176288
1402,1,PPO-MADRL,-18434.65237989294,-18844.265064783067
1403,1,PPO-MADRL,-18919.54062735242,-18846.00435978831
1404,1,PPO-MADRL,-19295.22653716118,-18865.617508162974
1405,1,PPO-MADRL,-18471.03922283613,-18863.64406080774
1406,1,PPO-MADRL,-19322.07315418539,-18893.885782870177
1407,1,PPO-MADRL,-19480.05342144965,-18908.867456516055
1408,1,PPO-MADRL,-19138.761854782373,-18915.82012511273
1409,1,PPO-MADRL,-18455.574009468168,-18892.57666727467
1410,1,PPO-MADRL,-18585.59576658534,-18889.301723367178
1411,1,PPO-MADRL,-19032.662047751262,-18903.150559967635
1412,1,PPO-MADRL,-18832.938673921257,-18917.178792961826
1413,1,PPO-MADRL,-18705.487939431103,-18897.98815782034
1414,1,PPO-MADRL,-18859.813491200624,-18848.881839455982
1415,1,PPO-MADRL,-18884.31742343469,-18878.190047279877
1416,1,PPO-MADRL,-18526.195408736952,-18847.784617441517
1417,1,PPO-MADRL,-19071.103906645265,-18859.070881441377
1418,1,PPO-MADRL,-18959.60386741668,-18864.067084898506
1419,1,PPO-MADRL,-18252.05555081406,-18813.403235184414
1420,1,PPO-MADRL,-18614.835931601843,-18817.53284385055
1421,1,PPO-MADRL,-18373.930229692145,-18806.9800434129
1422,1,PPO-MADRL,-18780.018107391923,-18815.08174113428
1423,1,PPO-MADRL,-18798.00781354893,-18809.50294211894
1424,1,PPO-MADRL,-18581.198885532925,-18786.848021135927
1425,1,PPO-MADRL,-18609.333444324413,-18781.352989064493
1426,1,PPO-MADRL,-18427.58305485172,-18776.464110000376
1427,1,PPO-MADRL,-18958.24786309555,-18797.40792932848
1428,1,PPO-MADRL,-18456.65184308813,-18778.892377957905
1429,1,PPO-MADRL,-18345.063119912924,-18740.885841267977
1430,1,PPO-MADRL,-18531.29633760033,-18743.296125858546
1431,1,PPO-MADRL,-18683.38451977857,-18717.748580482275
1432,1,PPO-MADRL,-18897.047748749897,-18694.428353574283
1433,1,PPO-MADRL,-18586.05485485744,-18672.320073577288
1434,1,PPO-MADRL,-18603.009437453667,-18678.217490696705
1435,1,PPO-MADRL,-18725.074308937004,-18683.79663239077
1436,1,PPO-MADRL,-18911.68507997896,-18678.95755367988
1437,1,PPO-MADRL,-18865.29594681589,-18680.251844595667
1438,1,PPO-MADRL,-18820.34359528785,-18684.846070829935
1439,1,PPO-MADRL,-19036.582189348985,-18691.916818755868
1440,1,PPO-MADRL,-18994.316205929103,-18696.316770055644
1441,1,PPO-MADRL,-19446.33758330615,-18733.122457038415
1442,1,PPO-MADRL,-19152.076553292583,-18736.361362904307
1443,1,PPO-MADRL,-19353.06904948428,-18752.099970187013
1444,1,PPO-MADRL,-18565.11726156425,-18764.622438617018
1445,1,PPO-MADRL,-18438.999795212814,-18757.58899316146
1446,1,PPO-MADRL,-18833.56468517329,-18775.974371380704
1447,1,PPO-MADRL,-18520.50339579224,-18765.593782916716
1448,1,PPO-MADRL,-18420.200075591765,-18750.48147339843
1449,1,PPO-MADRL,-19154.459880194765,-18773.4119131849
1450,1,PPO-MADRL,-18896.0687740314,-18784.881326373183
1451,1,PPO-MADRL,-18689.71839793985,-18795.366740096706
1452,1,PPO-MADRL,-18679.06402335731,-18784.199386507178
1453,1,PPO-MADRL,-18366.84315548361,-18780.607039002996
1454,1,PPO-MADRL,-18453.372867653205,-18784.939428912607
1455,1,PPO-MADRL,-18251.954981558185,-18773.765774670923
1456,1,PPO-MADRL,-18576.69979801744,-18769.498385800478
1457,1,PPO-MADRL,-18688.8912535739,-18761.172125993435
1458,1,PPO-MADRL,-18986.60806321676,-18777.19425432781
1459,1,PPO-MADRL,-18443.29897311386,-18770.805835754218
1460,1,PPO-MADRL,-18557.957878413625,-18764.121178533285
1461,1,PPO-MADRL,-18346.14804381597,-18741.499697086765
1462,1,PPO-MADRL,-18386.255275040363,-18722.33807021574
1463,1,PPO-MADRL,-18657.7702882207,-18715.835137933056
1464,1,PPO-MADRL,-19015.4313195534,-18714.989103141233
1465,1,PPO-MADRL,-18416.577193476624,-18691.879542643135
1466,1,PPO-MADRL,-18482.496058331533,-18653.32588164415
1467,1,PPO-MADRL,-18573.28851417375,-18630.174360079396
1468,1,PPO-MADRL,-18636.56746492469,-18601.514296697012
1469,1,PPO-MADRL,-18922.396437738767,-18615.805463743993
1470,1,PPO-MADRL,-18838.851913260176,-18631.799548465886
1471,1,PPO-MADRL,-18342.44992165829,-18612.15495792529
1472,1,PPO-MADRL,-18337.4707055884,-18604.833650317134
1473,1,PPO-MADRL,-18356.23583399138,-18602.27508065312
1474,1,PPO-MADRL,-18621.02475503643,-18580.937675646783
1475,1,PPO-MADRL,-18672.84250122748,-18572.00862473463
1476,1,PPO-MADRL,-18533.620576954825,-18565.764711895226
1477,1,PPO-MADRL,-18681.096490896336,-18565.84601059679
1478,1,PPO-MADRL,-18575.53700193524,-18574.193764454856
1479,1,PPO-MADRL,-18577.72799341682,-18579.1679694854
1480,1,PPO-MADRL,-18280.742349726763,-18580.31946421214
1481,1,PPO-MADRL,-18348.86829251776,-18571.20620399215
1482,1,PPO-MADRL,-18800.68033802739,-18575.677767370293
1483,1,PPO-MADRL,-18574.552961813035,-18559.195563314144
1484,1,PPO-MADRL,-18324.814411178893,-18554.456180836747
1485,1,PPO-MADRL,-18440.447715753395,-18549.755774330337
1486,1,PPO-MADRL,-18739.14865251107,-18565.47579867814
1487,1,PPO-MADRL,-18793.67440440837,-18581.77256385286
1488,1,PPO-MADRL,-18713.60299705674,-18584.0058722063
1489,1,PPO-MADRL,-18488.63578065753,-18562.934050650467
1490,1,PPO-MADRL,-18754.08013210047,-18576.43416819542
1491,1,PPO-MADRL,-18356.25230160443,-18571.38441792634
1492,1,PPO-MADRL,-18386.61239311343,-18563.917373083925
1493,1,PPO-MADRL,-18356.296342653844,-18552.706528193088
1494,1,PPO-MADRL,-18318.20993052056,-18528.539067904363
1495,1,PPO-MADRL,-19442.0477107033,-18552.66689980209
1496,1,PPO-MADRL,-18701.23146333376,-18567.018161469103
1497,1,PPO-MADRL,-18862.446282737958,-18588.017184555087
1498,1,PPO-MADRL,-18736.48750276843,-18603.22725130617
1499,1,PPO-MADRL,-18383.458557168124,-18593.724603391438
1500,1,PPO-MADRL,-18628.970238435904,-18591.969712879774
1,1,A2C-MADRL,-30593.648432351245,-30593.648432351245
2,1,A2C-MADRL,-33386.83008693188,-31990.23925964156
3,1,A2C-MADRL,-32574.423095166567,-32184.967204816563
4,1,A2C-MADRL,-30700.422504430582,-31813.831029720066
5,1,A2C-MADRL,-30893.902959583065,-31629.845415692667
6,1,A2C-MADRL,-30442.063802462653,-31431.881813487664
7,1,A2C-MADRL,-29179.438668572417,-31110.104221356916
8,1,A2C-MADRL,-29061.68990193032,-30854.05243142859
9,1,A2C-MADRL,-28515.45032596415,-30594.207753043655
10,1,A2C-MADRL,-30347.0714852765,-30569.494126266938
11,1,A2C-MADRL,-32426.474531215616,-30738.310526716818
12,1,A2C-MADRL,-31690.139653516864,-30817.62962061682
13,1,A2C-MADRL,-30433.84058384898,-30788.107387019296
14,1,A2C-MADRL,-30523.486959231133,-30769.20592789157
15,1,A2C-MADRL,-30830.000122122856,-30773.258874173658
16,1,A2C-MADRL,-32230.145089320657,-30864.31426262034
17,1,A2C-MADRL,-29375.51762213652,-30776.73798965071
18,1,A2C-MADRL,-31807.99299693758,-30834.029934499977
19,1,A2C-MADRL,-33252.631775606096,-30961.3247682424
20,1,A2C-MADRL,-31296.563000539278,-30978.086679857246
21,1,A2C-MADRL,-29471.12873346087,-30906.326777647897
22,1,A2C-MADRL,-28444.69855855877,-30794.434585871117
23,1,A2C-MADRL,-30832.65038484368,-30796.096142348186
24,1,A2C-MADRL,-31199.73877628925,-30812.914585429065
25,1,A2C-MADRL,-30989.808863635462,-30819.99035655732
26,1,A2C-MADRL,-31323.6803495244,-30849.191633244245
27,1,A2C-MADRL,-29002.020358033136,-30673.7992440883
28,1,A2C-MADRL,-30234.867642809702,-30580.21702599402
29,1,A2C-MADRL,-33211.73880654492,-30680.669678078593
30,1,A2C-MADRL,-31566.425324636653,-30707.57057268074
31,1,A2C-MADRL,-31440.238903848287,-30747.497576736165
32,1,A2C-MADRL,-30533.41594617886,-30801.65666784042
33,1,A2C-MADRL,-33063.22902007357,-30961.718232566156
34,1,A2C-MADRL,-28345.62742446977,-30954.92531650638
35,1,A2C-MADRL,-33199.54494187207,-31069.0242547702
36,1,A2C-MADRL,-28892.41881391421,-30927.662026078142
37,1,A2C-MADRL,-30846.50452968513,-30893.916621124874
38,1,A2C-MADRL,-30590.365246611007,-30900.177607635356
39,1,A2C-MADRL,-29095.510760091456,-30843.058559669767
40,1,A2C-MADRL,-29840.40938482065,-30803.47493017768
41,1,A2C-MADRL,-31435.217042659016,-30771.677808311215
42,1,A2C-MADRL,-31263.964808817716,-30847.21569577846
43,1,A2C-MADRL,-31149.20039911384,-30820.86399186551
44,1,A2C-MADRL,-31222.263864673903,-30739.649275428223
45,1,A2C-MADRL,-32995.243742047125,-30807.596505088542
46,1,A2C-MADRL,-32540.45967759665,-30930.369742853967
47,1,A2C-MADRL,-28428.29765767852,-30929.71370681876
48,1,A2C-MADRL,-29546.51897443661,-30878.268450402476
49,1,A2C-MADRL,-29544.577357853013,-30812.061993665026
50,1,A2C-MADRL,-31207.88099759259,-30820.78487902331
51,1,A2C-MADRL,-27033.55418011232,-30649.17983224683
52,1,A2C-MADRL,-31109.53324965993,-30733.4803479119
53,1,A2C-MADRL,-31107.593436337997,-30768.389379653032
54,1,A2C-MADRL,-28829.69300244148,-30593.107547488897
55,1,A2C-MADRL,-30746.561078489736,-30560.31297764302
56,1,A2C-MADRL,-30357.561427168188,-30517.005878575816
57,1,A2C-MADRL,-32602.070738026,-30599.752070249702
58,1,A2C-MADRL,-31325.829642075994,-30530.2560951298
59,1,A2C-MADRL,-30682.18970759698,-30623.718586454885
60,1,A2C-MADRL,-28988.754002944606,-30455.28694889779
61,1,A2C-MADRL,-30133.2890026033,-30504.92175644535
62,1,A2C-MADRL,-30482.65593456191,-30490.36781264042
63,1,A2C-MADRL,-29046.603175306,-30428.617329788216
64,1,A2C-MADRL,-31014.890895942848,-30505.39253522228
65,1,A2C-MADRL,-29634.62972456129,-30497.1613488119
66,1,A2C-MADRL,-31616.99490121808,-30504.432463154266
67,1,A2C-MADRL,-32662.75991461709,-30560.38426738624
68,1,A2C-MADRL,-28721.17911629048,-30463.263416073307
69,1,A2C-MADRL,-28669.489013514023,-30361.152422026913
70,1,A2C-MADRL,-28982.968359367103,-30200.661406719708
71,1,A2C-MADRL,-32090.77886347571,-30182.674174154872
72,1,A2C-MADRL,-28432.716956329838,-30182.850946100927
73,1,A2C-MADRL,-31397.67686073712,-30256.897261552946
74,1,A2C-MADRL,-30921.5297872871,-30311.975358730313
75,1,A2C-MADRL,-32478.284473296637,-30362.791497758473
76,1,A2C-MADRL,-27813.47755502976,-30393.988432755166
77,1,A2C-MADRL,-31921.29044925564,-30426.458720738996
78,1,A2C-MADRL,-29305.68232871718,-30354.382276434168
79,1,A2C-MADRL,-31098.438719794405,-30445.13210512828
80,1,A2C-MADRL,-30781.861481575583,-30446.54412125171
81,1,A2C-MADRL,-29065.931606031067,-30394.87892840623
82,1,A2C-MADRL,-32950.89006293427,-30408.831701402563
83,1,A2C-MADRL,-30017.992915410025,-30356.51823233592
84,1,A2C-MADRL,-29684.75639153164,-30316.62089969331
85,1,A2C-MADRL,-28546.763309788847,-30298.941271967076
86,1,A2C-MADRL,-32429.80774111054,-30390.802021507363
87,1,A2C-MADRL,-32680.39856242725,-30478.71172662198
88,1,A2C-MADRL,-29641.222542172956,-30502.49650129666
89,1,A2C-MADRL,-30508.167234462053,-30482.227554837427
90,1,A2C-MADRL,-30504.05418945587,-30517.00453343321
91,1,A2C-MADRL,-29186.679578095464,-30419.791920508305
92,1,A2C-MADRL,-31030.509933434143,-30354.50192126099
93,1,A2C-MADRL,-29847.781850893283,-30399.5660306451
94,1,A2C-MADRL,-28050.867649210777,-30374.82117607297
95,1,A2C-MADRL,-29338.91362908251,-30389.058986861586
96,1,A2C-MADRL,-29782.76664656075,-30296.73849818499
97,1,A2C-MADRL,-29936.600426026835,-30356.893836972868
98,1,A2C-MADRL,-30756.278715286728,-30331.23791115485
99,1,A2C-MADRL,-30445.975033202187,-30312.215720991455
100,1,A2C-MADRL,-32390.757221456868,-30308.714630917864
101,1,A2C-MADRL,-30956.397436825577,-30434.431426189694
102,1,A2C-MADRL,-27314.58394806228,-30250.163166141963
103,1,A2C-MADRL,-26389.521721419056,-30133.516741850035
104,1,A2C-MADRL,-30594.05438101334,-30113.341368298796
105,1,A2C-MADRL,-32415.58462547455,-30178.690294054755
106,1,A2C-MADRL,-31652.254437694584,-30282.143207321293
107,1,A2C-MADRL,-30806.283362027112,-30196.358939285008
108,1,A2C-MADRL,-29255.406233774003,-30165.85547201957
109,1,A2C-MADRL,-31225.83043821052,-30227.498433886725
110,1,A2C-MADRL,-29816.28432190578,-30278.279274371398
111,1,A2C-MADRL,-31657.759404350814,-30247.397340901014
112,1,A2C-MADRL,-30467.164312245543,-30158.867970893745
113,1,A2C-MADRL,-31036.767026968733,-30214.68975028557
114,1,A2C-MADRL,-33059.00349574623,-30316.72320073694
115,1,A2C-MADRL,-32199.185265933927,-30384.52844379606
116,1,A2C-MADRL,-29286.959647190004,-30388.539646559846
117,1,A2C-MADRL,-31406.34474243271,-30403.573038919785
118,1,A2C-MADRL,-29850.545968405237,-30403.683603620262
119,1,A2C-MADRL,-32691.17324892025,-30589.295827608643
120,1,A2C-MADRL,-32057.89109486722,-30698.054926240035
121,1,A2C-MADRL,-31954.73640459765,-30784.93371656151
122,1,A2C-MADRL,-30617.83475384025,-30812.183089674047
123,1,A2C-MADRL,-30264.04435939315,-30792.493715438304
124,1,A2C-MADRL,-30694.02252560993,-30802.41561513461
125,1,A2C-MADRL,-32024.074898784595,-30787.748322227722
126,1,A2C-MADRL,-30839.64868126201,-30783.078372005177
127,1,A2C-MADRL,-28746.461644034174,-30840.353479844056
128,1,A2C-MADRL,-31022.82955441649,-31025.685793163953
129,1,A2C-MADRL,-31452.985229888058,-31060.04302711894
130,1,A2C-MADRL,-31067.766839527325,-31006.130315681054
131,1,A2C-MADRL,-31430.61883444229,-30997.26489155096
132,1,A2C-MADRL,-31186.45928590128,-31012.471928505925
133,1,A2C-MADRL,-30841.19362763149,-31075.903424260225
134,1,A2C-MADRL,-33065.95044650979,-31149.508224592195
135,1,A2C-MADRL,-26683.049183834275,-31024.17881906934
136,1,A2C-MADRL,-31009.842949256657,-30998.26216086557
137,1,A2C-MADRL,-31591.12883852357,-31043.22074191669
138,1,A2C-MADRL,-32647.91408574494,-31107.666624267746
139,1,A2C-MADRL,-31118.296571905,-31030.03834731409
140,1,A2C-MADRL,-31738.966274969804,-31011.62958767553
141,1,A2C-MADRL,-29796.56194239571,-31032.013679483756
142,1,A2C-MADRL,-28916.9214350915,-30932.436747190106
143,1,A2C-MADRL,-28566.812361105065,-30881.0874028981
144,1,A2C-MADRL,-29211.64264008789,-30741.906178544807
145,1,A2C-MADRL,-32571.41272618345,-30762.447043797452
146,1,A2C-MADRL,-31302.2006935934,-30736.345615357288
147,1,A2C-MADRL,-31999.327473789934,-30791.605324155273
148,1,A2C-MADRL,-31267.487413104063,-30831.74304630371
149,1,A2C-MADRL,-32527.094668734902,-30905.06593202871
150,1,A2C-MADRL,-30534.53139143543,-30845.48419173474
151,1,A2C-MADRL,-31614.02178799796,-30876.45911600418
152,1,A2C-MADRL,-30858.92506441094,-30960.95765281925
153,1,A2C-MADRL,-32383.24285942109,-31015.374185019435
154,1,A2C-MADRL,-28975.601137279707,-30916.2788213151
155,1,A2C-MADRL,-32176.67822652272,-30960.635276794914
156,1,A2C-MADRL,-30676.5948059864,-30930.47431565668
157,1,A2C-MADRL,-30504.093368428414,-30903.179678957764
158,1,A2C-MADRL,-29657.37909137336,-30855.82709750744
159,1,A2C-MADRL,-29821.681870306165,-30726.056354459295
160,1,A2C-MADRL,-31164.47347621571,-30905.31332615455
161,1,A2C-MADRL,-30943.03645348476,-30902.64106632367
162,1,A2C-MADRL,-30127.56726536857,-30844.098603397477
163,1,A2C-MADRL,-29022.872891888604,-30699.09695564322
164,1,A2C-MADRL,-28432.39900917127,-30591.661053133877
165,1,A2C-MADRL,-30759.760974803736,-30552.49284112723
166,1,A2C-MADRL,-32299.59734583464,-30652.614257264784
167,1,A2C-MADRL,-30066.514397501327,-30698.597975761182
168,1,A2C-MADRL,-33535.67256626619,-30897.352383967624
169,1,A2C-MADRL,-30882.35854914037,-30964.181020329725
170,1,A2C-MADRL,-31264.791233739,-30911.916160631947
171,1,A2C-MADRL,-32015.73952677648,-30940.45771395927
172,1,A2C-MADRL,-29681.517757542584,-30847.745325309374
173,1,A2C-MADRL,-30878.93791766229,-30832.203345491704
174,1,A2C-MADRL,-31023.808822068237,-30772.071911625037
175,1,A2C-MADRL,-29965.800001402866,-30749.322656023734
176,1,A2C-MADRL,-30404.05788289511,-30700.924099819622
177,1,A2C-MADRL,-31183.16120661144,-30713.89354550764
178,1,A2C-MADRL,-28637.72307110897,-30564.072753975153
179,1,A2C-MADRL,-29555.091894812635,-30587.252384276475
180,1,A2C-MADRL,-33040.10345236483,-30621.789393310155
181,1,A2C-MADRL,-30447.011580802675,-30612.60606430281
182,1,A2C-MADRL,-31632.044603282226,-30657.724113696964
183,1,A2C-MADRL,-28990.301233493054,-30631.04099938175
184,1,A2C-MADRL,-31228.075977542427,-30687.2967636712
185,1,A2C-MADRL,-29725.21359130265,-30629.726368274674
186,1,A2C-MADRL,-31023.534196616773,-30632.946277999963
187,1,A2C-MADRL,-28548.255347516275,-30569.773801285868
188,1,A2C-MADRL,-32221.602795796214,-30697.722997442168
189,1,A2C-MADRL,-28554.979516556938,-30702.626217737594
190,1,A2C-MADRL,-30931.73563313802,-30709.50520407097
191,1,A2C-MADRL,-32377.756552162176,-30712.63157232407
192,1,A2C-MADRL,-31833.881385979683,-30783.326251863204
193,1,A2C-MADRL,-29020.165521199928,-30602.705970060557
194,1,A2C-MADRL,-32654.11419434878,-30673.576195868893
195,1,A2C-MADRL,-30595.89954412585,-30646.820528284363
196,1,A2C-MADRL,-30728.504998822897,-30595.33114716622
197,1,A2C-MADRL,-30236.90478612777,-30617.54662830963
198,1,A2C-MADRL,-31308.80781300649,-30634.741424123396
199,1,A2C-MADRL,-30314.22624277792,-30606.358120951783
200,1,A2C-MADRL,-30652.23409655087,-30633.815484757703
201,1,A2C-MADRL,-27628.47637803204,-30522.792224563178
202,1,A2C-MADRL,-30957.40132053225,-30513.761829120012
203,1,A2C-MADRL,-28921.96562353629,-30525.131531217106
204,1,A2C-MADRL,-30299.52423131581,-30554.908824677233
205,1,A2C-MADRL,-31701.42589541068,-30501.361722399066
206,1,A2C-MADRL,-30175.27183210951,-30490.492132451338
207,1,A2C-MADRL,-30923.32311515152,-30462.143272926114
208,1,A2C-MADRL,-29636.59843348085,-30487.995160925624
209,1,A2C-MADRL,-31104.515255492683,-30483.052732043634
210,1,A2C-MADRL,-30060.5500709516,-30496.466191229592
211,1,A2C-MADRL,-30693.48112359153,-30483.26406830858
212,1,A2C-MADRL,-30731.211135292124,-30570.582299819616
213,1,A2C-MADRL,-28892.646337165934,-30437.424041474405
214,1,A2C-MADRL,-29419.915321612,-30472.02147367661
215,1,A2C-MADRL,-31128.00945929223,-30479.872426722777
216,1,A2C-MADRL,-32189.13491806285,-30472.327561358805
217,1,A2C-MADRL,-31596.4884912554,-30462.831845569828
218,1,A2C-MADRL,-31587.602043433988,-30565.529306459193
219,1,A2C-MADRL,-30747.788565994044,-30489.276281325
220,1,A2C-MADRL,-29755.93816001049,-30455.677825960393
221,1,A2C-MADRL,-30677.7451031137,-30453.647430132023
222,1,A2C-MADRL,-32355.015000507017,-30538.371838707193
223,1,A2C-MADRL,-29041.429406931664,-30447.6767024642
224,1,A2C-MADRL,-30367.488993439933,-30449.807212490683
225,1,A2C-MADRL,-30177.71198319729,-30430.826327956536
226,1,A2C-MADRL,-31271.205405316105,-30576.5354890479
227,1,A2C-MADRL,-29451.88897206988,-30516.314995109402
228,1,A2C-MADRL,-31032.37287658448,-30600.731285231333
229,1,A2C-MADRL,-27859.18482204548,-30503.117708860518
230,1,A2C-MADRL,-31248.352649524404,-30484.994779025066
231,1,A2C-MADRL,-31144.260879173497,-30523.754340907628
232,1,A2C-MADRL,-30992.90938659385,-30526.537791765317
233,1,A2C-MADRL,-33728.184834299434,-30690.201247798064
234,1,A2C-MADRL,-29200.84515798225,-30614.054443897647
235,1,A2C-MADRL,-31181.61729370614,-30658.89713280783
236,1,A2C-MADRL,-30448.933552730323,-30649.115229973384
237,1,A2C-MADRL,-29747.58498046943,-30609.770183780474
238,1,A2C-MADRL,-30757.402268451617,-30684.3604210319
239,1,A2C-MADRL,-29654.54964953351,-30693.745794148763
240,1,A2C-MADRL,-30357.845400699265,-30662.939231805038
241,1,A2C-MADRL,-28137.164651181756,-30500.860421129797
242,1,A2C-MADRL,-29249.44729274702,-30406.978773189465
243,1,A2C-MADRL,-29636.813905528918,-30328.94724767326
244,1,A2C-MADRL,-31161.34122490412,-30345.489354029665
245,1,A2C-MADRL,-29730.020791224462,-30344.452659278224
246,1,A2C-MADRL,-33050.08451443676,-30439.346235731147
247,1,A2C-MADRL,-28288.15886566152,-30276.671990337327
248,1,A2C-MADRL,-30596.51829726659,-30338.87554595072
249,1,A2C-MADRL,-26775.914879518063,-30195.212581393844
250,1,A2C-MADRL,-27780.150874503768,-30099.310137046105
251,1,A2C-MADRL,-27357.65757752681,-29942.76822393453
252,1,A2C-MADRL,-32522.007377149035,-30065.572960137702
253,1,A2C-MADRL,-30622.00717099705,-30049.158331914205
254,1,A2C-MADRL,-28770.711997501174,-30085.61941893243
255,1,A2C-MADRL,-30795.664729956363,-30067.511902149712
256,1,A2C-MADRL,-31212.25362096264,-30070.231611821273
257,1,A2C-MADRL,-30596.70249594852,-30054.38333619546
258,1,A2C-MADRL,-29557.22548507862,-29887.544962226628
259,1,A2C-MADRL,-31030.074241443363,-29960.714125565075
260,1,A2C-MADRL,-31103.469747497864,-29957.588223716743
261,1,A2C-MADRL,-29237.31095259176,-29909.1233197112
262,1,A2C-MADRL,-30950.784574457444,-29957.251303470723
263,1,A2C-MADRL,-29883.87957635392,-29922.310395786815
264,1,A2C-MADRL,-31486.760993717977,-29995.598849554193
265,1,A2C-MADRL,-30912.10624797928,-30017.769283445392
266,1,A2C-MADRL,-31950.623608018403,-30170.307641718857
267,1,A2C-MADRL,-29609.991832576437,-30184.729423312034
268,1,A2C-MADRL,-29889.79103463332,-30194.84850847621
269,1,A2C-MADRL,-32260.103665504437,-30238.799006100224
270,1,A2C-MADRL,-30314.4211932555,-30262.175022181462
271,1,A2C-MADRL,-29654.28924932829,-30126.343211577125
272,1,A2C-MADRL,-30909.27541554781,-30231.187873572577
273,1,A2C-MADRL,-33223.67300883252,-30336.274062035212
274,1,A2C-MADRL,-32303.03348859293,-30557.35880639821
275,1,A2C-MADRL,-29414.97800715904,-30622.75189170442
276,1,A2C-MADRL,-29527.95491881699,-30709.563785356033
277,1,A2C-MADRL,-30735.249943389703,-30638.093488005656
278,1,A2C-MADRL,-28988.75588810757,-30572.763436690075
279,1,A2C-MADRL,-29855.345112284187,-30616.148761281398
280,1,A2C-MADRL,-31132.04592022509,-30629.604008892147
281,1,A2C-MADRL,-26541.39492740562,-30442.76966114987
282,1,A2C-MADRL,-32620.34322159727,-30523.715290175816
283,1,A2C-MADRL,-28753.693259781183,-30491.574001163914
284,1,A2C-MADRL,-27998.09218680379,-30370.294718978334
285,1,A2C-MADRL,-30495.01812521597,-30345.95665408706
286,1,A2C-MADRL,-28252.533462795305,-30306.565554495202
287,1,A2C-MADRL,-30941.93833900359,-30306.211705077047
288,1,A2C-MADRL,-30342.971684972017,-30324.575389421767
289,1,A2C-MADRL,-30447.670802296787,-30283.01178176492
290,1,A2C-MADRL,-31002.18072899373,-30286.6147610055
291,1,A2C-MADRL,-30588.368983642056,-30232.12457603045
292,1,A2C-MADRL,-29708.02687901717,-30236.045977888076
293,1,A2C-MADRL,-28646.863192865298,-30186.328864217354
294,1,A2C-MADRL,-31227.46607782878,-30145.023360710326
295,1,A2C-MADRL,-33007.52983854475,-30252.7477065219
296,1,A2C-MADRL,-30651.84697899829,-30292.650015708696
297,1,A2C-MADRL,-31943.56692675101,-30334.02167615683
298,1,A2C-MADRL,-28985.870068105163,-30164.509558527734
299,1,A2C-MADRL,-30307.271518967496,-30084.679079742717
300,1,A2C-MADRL,-28608.609757563623,-30052.4243497589
301,1,A2C-MADRL,-29153.089970290748,-30037.429751817846
302,1,A2C-MADRL,-28896.29522953251,-29963.871563263558
303,1,A2C-MADRL,-30944.71929604572,-30042.110099581085
304,1,A2C-MADRL,-29930.50821999139,-30045.116623889375
305,1,A2C-MADRL,-28886.009304845247,-29955.27515927418
306,1,A2C-MADRL,-30598.97924324877,-30117.578531907904
307,1,A2C-MADRL,-30070.850243173176,-30015.598812770942
308,1,A2C-MADRL,-29730.01588584662,-30054.651717813565
309,1,A2C-MADRL,-29418.75507667067,-30111.478233408237
310,1,A2C-MADRL,-31489.299948693475,-30151.249506347332
311,1,A2C-MADRL,-30298.38525471658,-30233.083578024187
312,1,A2C-MADRL,-30127.74954127533,-30200.516026115056
313,1,A2C-MADRL,-30423.739685158627,-30203.74674612252
314,1,A2C-MADRL,-24809.03684013352,-29978.201387635992
315,1,A2C-MADRL,-30883.45608308948,-29973.45240179982
316,1,A2C-MADRL,-29499.70046729836,-29929.905661146073
317,1,A2C-MADRL,-32481.719513943917,-30040.853366543142
318,1,A2C-MADRL,-32310.962864169716,-30187.41735339532
319,1,A2C-MADRL,-29076.60639034535,-30101.382965895984
320,1,A2C-MADRL,-29966.311707726432,-29979.73424066325
321,1,A2C-MADRL,-30741.538729608717,-29983.321910687668
322,1,A2C-MADRL,-31033.744006682267,-29946.928993884918
323,1,A2C-MADRL,-31162.18233768463,-30033.981484668093
324,1,A2C-MADRL,-28966.013977146325,-29980.331182995247
325,1,A2C-MADRL,-30712.40384572809,-30064.482946521824
326,1,A2C-MADRL,-29027.09373943047,-30059.443097287418
327,1,A2C-MADRL,-31444.855434866837,-30161.385505500788
328,1,A2C-MADRL,-28210.61609461961,-30052.021377443747
329,1,A2C-MADRL,-31414.065844254303,-30111.36368241426
330,1,A2C-MADRL,-30686.02636670865,-30183.364364888796
331,1,A2C-MADRL,-28659.7094089667,-30105.793571517515
332,1,A2C-MADRL,-29766.702312602323,-30093.62765429468
333,1,A2C-MADRL,-32577.884135382326,-30207.542384276105
334,1,A2C-MADRL,-30295.408246673043,-30242.608511076203
335,1,A2C-MADRL,-31151.861193424375,-30229.11096086544
336,1,A2C-MADRL,-31096.662123410155,-30261.04203561318
337,1,A2C-MADRL,-30869.98117984274,-30290.731301155884
338,1,A2C-MADRL,-30602.139056766464,-30297.867276020188
339,1,A2C-MADRL,-28606.881820623345,-30449.78107523978
340,1,A2C-MADRL,-31284.04641710366,-30465.804688600354
341,1,A2C-MADRL,-28121.373082327373,-30410.67159320151
342,1,A2C-MADRL,-32669.97955433165,-30418.201994817024
343,1,A2C-MADRL,-30066.118332929644,-30328.408213567418
344,1,A2C-MADRL,-27994.626987655654,-30285.12903745983
345,1,A2C-MADRL,-31009.512923892544,-30326.857086106473
346,1,A2C-MADRL,-29776.61169767838,-30288.260004829262
347,1,A2C-MADRL,-29693.81337575036,-30234.66277959199
348,1,A2C-MADRL,-32256.11844886058,-30278.42022403903
349,1,A2C-MADRL,-30037.33358203105,-30321.273008234413
350,1,A2C-MADRL,-31613.46456253704,-30357.315436906767
351,1,A2C-MADRL,-28505.29283018584,-30336.443400536984
352,1,A2C-MADRL,-28991.719433314916,-30238.31796047491
353,1,A2C-MADRL,-27518.481540708148,-30210.63257831845
354,1,A2C-MADRL,-29835.208467137032,-30147.47828323376
355,1,A2C-MADRL,-30109.19329723696,-30124.404960454893
356,1,A2C-MADRL,-29340.91754046088,-30151.653285714663
357,1,A2C-MADRL,-30020.463463606386,-30161.803731754822
358,1,A2C-MADRL,-31631.10342035137,-30123.932503153585
359,1,A2C-MADRL,-28982.934644595203,-30071.433559070472
360,1,A2C-MADRL,-30735.974473470204,-30054.798090272303
361,1,A2C-MADRL,-29540.480611270228,-29992.55082978671
362,1,A2C-MADRL,-31271.130633919016,-30008.596807949758
363,1,A2C-MADRL,-31366.25630977832,-30039.161498070232
364,1,A2C-MADRL,-30278.39815015821,-30106.022151251625
365,1,A2C-MADRL,-29553.666503788983,-30036.80695471904
366,1,A2C-MADRL,-29326.786258013628,-30085.02348174649
367,1,A2C-MADRL,-29928.80570456962,-29975.376527756005
368,1,A2C-MADRL,-31942.723523837143,-30050.44073539231
369,1,A2C-MADRL,-29876.306328368883,-30125.70790902084
370,1,A2C-MADRL,-29984.996100656736,-30084.727236091407
371,1,A2C-MADRL,-31139.161648213056,-30139.229234112794
372,1,A2C-MADRL,-30996.60783598419,-30191.341012522145
373,1,A2C-MADRL,-29756.64976897668,-30091.362265326785
374,1,A2C-MADRL,-31772.899616267947,-30160.784906696266
375,1,A2C-MADRL,-29947.72272040165,-30094.15523301085
376,1,A2C-MADRL,-31603.10076593948,-30218.067550440996
377,1,A2C-MADRL,-29640.78336514636,-30244.03010771425
378,1,A2C-MADRL,-31963.040536504173,-30421.812467546097
379,1,A2C-MADRL,-29907.240862006434,-30424.69376334087
380,1,A2C-MADRL,-27488.007394962056,-30319.846327249874
381,1,A2C-MADRL,-30968.078244251163,-30384.932755401485
382,1,A2C-MADRL,-31796.137164870037,-30455.959703452034
383,1,A2C-MADRL,-30081.82399188438,-30393.98852631335
384,1,A2C-MADRL,-29241.7504522492,-30404.34115861951
385,1,A2C-MADRL,-29106.238633505414,-30339.15172502092
386,1,A2C-MADRL,-31318.793411596984,-30410.28423703399
387,1,A2C-MADRL,-30714.85408895742,-30388.033175235527
388,1,A2C-MADRL,-30506.80133930121,-30353.65497641644
389,1,A2C-MADRL,-29048.83352114614,-30304.47239125596
390,1,A2C-MADRL,-30680.40783509611,-30349.54204450824
391,1,A2C-MADRL,-30108.93266458705,-30380.82790077118
392,1,A2C-MADRL,-30644.549949358538,-30409.457670562737
393,1,A2C-MADRL,-29265.884248548937,-30302.384099551207
394,1,A2C-MADRL,-31200.999737237427,-30355.371835905953
395,1,A2C-MADRL,-29908.26358247088,-30352.302535178518
396,1,A2C-MADRL,-27779.707127887646,-30217.9243543655
397,1,A2C-MADRL,-25681.205160321635,-30005.308247338995
398,1,A2C-MADRL,-28527.66706921843,-29956.14893934867
399,1,A2C-MADRL,-28133.90737523509,-29810.589249707355
400,1,A2C-MADRL,-30117.4229938744,-29817.377260646266
401,1,A2C-MADRL,-28314.012073575097,-29685.81371295169
402,1,A2C-MADRL,-30979.85628335794,-29739.37662968015
403,1,A2C-MADRL,-29531.602631473645,-29642.11911347893
404,1,A2C-MADRL,-30853.20375674009,-29679.957629268276
405,1,A2C-MADRL,-30409.493752213108,-29796.81708355832
406,1,A2C-MADRL,-29692.002932487205,-29745.77407108776
407,1,A2C-MADRL,-29567.031556057387,-29656.609846735253
408,1,A2C-MADRL,-29656.40174089392,-29639.592956695637
409,1,A2C-MADRL,-30232.959589955342,-29679.241322203885
410,1,A2C-MADRL,-28547.235924151555,-29656.881213829725
411,1,A2C-MADRL,-29036.452264059528,-29565.58756792823
412,1,A2C-MADRL,-32365.85243940913,-29631.627501946296
413,1,A2C-MADRL,-29957.08525785764,-29609.63885868855
414,1,A2C-MADRL,-30730.75574671662,-29676.915747711373
415,1,A2C-MADRL,-31355.205051870507,-29703.90763638235
416,1,A2C-MADRL,-28768.57573253901,-29650.293359100433
417,1,A2C-MADRL,-30642.64379466491,-29650.217112912684
418,1,A2C-MADRL,-28744.034675843388,-29629.34313000446
419,1,A2C-MADRL,-30720.490773865025,-29610.122771469563
420,1,A2C-MADRL,-27936.18813027168,-29531.239753381597
421,1,A2C-MADRL,-28484.28211625042,-29559.422752916103
422,1,A2C-MADRL,-31758.37533895748,-29802.509560061546
423,1,A2C-MADRL,-33572.7635321089,-30004.31341857716
424,1,A2C-MADRL,-30102.808901803885,-30083.06947963991
425,1,A2C-MADRL,-31215.16024905524,-30126.978969847147
426,1,A2C-MADRL,-27661.748008641694,-30100.888407249808
427,1,A2C-MADRL,-27549.26862038439,-29963.664900730866
428,1,A2C-MADRL,-30050.663724372767,-29984.427344446834
429,1,A2C-MADRL,-29901.19747387637,-29946.34709313228
430,1,A2C-MADRL,-30376.07943517055,-29945.010520450585
431,1,A2C-MADRL,-31412.758093445515,-30013.840726888917
432,1,A2C-MADRL,-27758.915375387463,-29941.51607966212
433,1,A2C-MADRL,-29851.497776745877,-29949.319921096194
434,1,A2C-MADRL,-28822.88173468509,-29892.91680688538
435,1,A2C-MADRL,-30156.644958498164,-29957.29316825925
436,1,A2C-MADRL,-28904.951133443792,-29952.03312303462
437,1,A2C-MADRL,-28318.074019148524,-29790.121986224196
438,1,A2C-MADRL,-30482.279536614496,-29811.129757374474
439,1,A2C-MADRL,-29315.430646512963,-29754.516753366323
440,1,A2C-MADRL,-29952.943121285232,-29698.426276142913
441,1,A2C-MADRL,-30343.280744600208,-29761.41447662536
442,1,A2C-MADRL,-29298.227803729227,-29707.63783698793
443,1,A2C-MADRL,-28179.079422035316,-29685.039626835613
444,1,A2C-MADRL,-31588.13454948297,-29719.74537786033
445,1,A2C-MADRL,-27899.14055734736,-29718.263474943353
446,1,A2C-MADRL,-30587.99414804629,-29802.411956215194
447,1,A2C-MADRL,-31571.940257530096,-29794.954552958094
448,1,A2C-MADRL,-29674.94484919874,-29639.04180564169
449,1,A2C-MADRL,-28778.446072846265,-29586.067292483385
450,1,A2C-MADRL,-26651.41127074265,-29403.51733335088
451,1,A2C-MADRL,-31962.962378678283,-29575.565908152344
452,1,A2C-MADRL,-29030.835121502936,-29634.82856819709
453,1,A2C-MADRL,-29647.41568139887,-29618.698646478126
454,1,A2C-MADRL,-27632.121969534197,-29527.935626304443
455,1,A2C-MADRL,-30178.66713978127,-29520.039134488874
456,1,A2C-MADRL,-31309.26620617705,-29515.899458998134
457,1,A2C-MADRL,-26110.71000933897,-29449.97124435619
458,1,A2C-MADRL,-29870.40311893758,-29450.72745804386
459,1,A2C-MADRL,-29012.69861113522,-29458.32013310187
460,1,A2C-MADRL,-28816.776004749747,-29404.72537495193
461,1,A2C-MADRL,-32066.567521978628,-29531.190030493322
462,1,A2C-MADRL,-30489.783885709425,-29618.058425155763
463,1,A2C-MADRL,-30350.65859502964,-29612.793587492364
464,1,A2C-MADRL,-27143.78049424704,-29525.927581401727
465,1,A2C-MADRL,-28811.587056033677,-29480.273338791663
466,1,A2C-MADRL,-28749.13295806844,-29416.507427330394
467,1,A2C-MADRL,-30778.61339074278,-29475.72285081094
468,1,A2C-MADRL,-31831.63194819654,-29621.824951857383
469,1,A2C-MADRL,-30943.811159511915,-29596.05201625854
470,1,A2C-MADRL,-27967.41448756744,-29598.78297346735
471,1,A2C-MADRL,-29033.515693686968,-29536.603835292975
472,1,A2C-MADRL,-27948.99645107584,-29391.6860830348
473,1,A2C-MADRL,-27979.75489599243,-29323.878484906556
474,1,A2C-MADRL,-30279.338561277887,-29383.914184443816
475,1,A2C-MADRL,-28699.07624557529,-29465.820783437124
476,1,A2C-MADRL,-30194.38007876809,-29395.077491440716
477,1,A2C-MADRL,-27590.127152278492,-29337.449172671735
478,1,A2C-MADRL,-29051.586075073927,-29313.61598841874
479,1,A2C-MADRL,-32783.256875825486,-29519.66138467039
480,1,A2C-MADRL,-27702.490002124745,-29420.61429916413
481,1,A2C-MADRL,-30763.618808493364,-29398.78840325678
482,1,A2C-MADRL,-28297.290150788715,-29486.251608914776
483,1,A2C-MADRL,-32260.709119082672,-29581.863848920577
484,1,A2C-MADRL,-28130.030277484668,-29546.557115574553
485,1,A2C-MADRL,-30313.93819805996,-29606.44360330696
486,1,A2C-MADRL,-28388.90986171669,-29459.337296896483
487,1,A2C-MADRL,-28235.505674651104,-29369.16616845415
488,1,A2C-MADRL,-31721.45441464105,-29423.998001238608
489,1,A2C-MADRL,-29554.60054077833,-29520.43080309986
490,1,A2C-MADRL,-29168.20743088944,-29534.695618094094
491,1,A2C-MADRL,-30312.513487415024,-29597.230839267955
492,1,A2C-MADRL,-29704.55246390612,-29554.268402194488
493,1,A2C-MADRL,-28922.59094142852,-29437.90676192377
494,1,A2C-MADRL,-31789.562264407134,-29471.736806119578
495,1,A2C-MADRL,-29524.073826080185,-29534.003179660085
496,1,A2C-MADRL,-31980.194811876598,-29651.87034438767
497,1,A2C-MADRL,-28152.6096747334,-29660.014873333974
498,1,A2C-MADRL,-28144.682970744718,-29666.611996324064
499,1,A2C-MADRL,-31327.066680485063,-29708.521121092355
500,1,A2C-MADRL,-30549.381946998237,-29782.533349149267
501,1,A2C-MADRL,-28984.84932802723,-28984.84932802723
502,1,A2C-MADRL,-29133.148958323756,-29058.999143175493
503,1,A2C-MADRL,-30930.106768932383,-29682.70168509446
504,1,A2C-MADRL,-28972.63087738174,-29505.183983166276
505,1,A2C-MADRL,-29169.37452547586,-29438.02209162819
506,1,A2C-MADRL,-29654.347985768632,-29474.076407318265
507,1,A2C-MADRL,-28393.879061964937,-29319.76250083922
508,1,A2C-MADRL,-32574.948352017986,-29726.660732236567
509,1,A2C-MADRL,-30974.304217944944,-29865.28778620416
510,1,A2C-MADRL,-29356.47562560073,-29814.406570143823
511,1,A2C-MADRL,-30182.126802956864,-29847.835682217734
512,1,A2C-MADRL,-27267.14954431864,-29632.778504059475
513,1,A2C-MADRL,-27662.08101806607,-29481.186389752293
514,1,A2C-MADRL,-27142.31340755542,-29314.124033881086
515,1,A2C-MADRL,-30997.10579269717,-29426.322817802156
516,1,A2C-MADRL,-31453.116926588933,-29552.99744960133
517,1,A2C-MADRL,-29658.560764682778,-29559.207056370826
518,1,A2C-MADRL,-29094.825095350407,-29533.408058536363
519,1,A2C-MADRL,-28375.93332514543,-29472.48833572631
520,1,A2C-MADRL,-28447.32127934981,-29421.229982907487
521,1,A2C-MADRL,-32824.27986609645,-29583.279977345057
522,1,A2C-MADRL,-29772.34151649382,-29591.87368367
523,1,A2C-MADRL,-32514.427431022035,-29718.941237902694
524,1,A2C-MADRL,-29006.192242225006,-29689.24336308279
525,1,A2C-MADRL,-26695.53249323657,-29569.494928288943
526,1,A2C-MADRL,-28548.081618792632,-29552.02421991956
527,1,A2C-MADRL,-30999.937246289297,-29626.695751438183
528,1,A2C-MADRL,-29468.83527616829,-29568.24489172762
529,1,A2C-MADRL,-31840.220463858743,-29682.9484751867
530,1,A2C-MADRL,-31524.540269467743,-29777.155104946374
531,1,A2C-MADRL,-28682.45947655897,-29738.279564577984
532,1,A2C-MADRL,-30875.925965795937,-29837.561440731228
533,1,A2C-MADRL,-30090.74311908392,-29738.19323141387
534,1,A2C-MADRL,-30275.91980530081,-29710.2578549081
535,1,A2C-MADRL,-29957.835775494663,-29734.312260903855
536,1,A2C-MADRL,-28504.01038105963,-29667.187604027968
537,1,A2C-MADRL,-28949.34506874428,-29734.475425004992
538,1,A2C-MADRL,-28970.21643802473,-29786.800841803342
539,1,A2C-MADRL,-30082.644630495888,-29904.414090720955
540,1,A2C-MADRL,-29854.255296287964,-29858.70007086459
541,1,A2C-MADRL,-28428.728252248045,-29737.724523890953
542,1,A2C-MADRL,-31167.01033696466,-29798.062506782226
543,1,A2C-MADRL,-28565.834604630083,-29776.902887153417
544,1,A2C-MADRL,-30759.64227249037,-29872.251245047213
545,1,A2C-MADRL,-30259.889172993902,-29944.753960792976
546,1,A2C-MADRL,-28947.67869660417,-29789.68991401329
547,1,A2C-MADRL,-28992.50603006968,-29758.496494556322
548,1,A2C-MADRL,-27423.232907212438,-29554.848713603933
549,1,A2C-MADRL,-27432.3592117789,-29491.895392386094
550,1,A2C-MADRL,-28117.02670203896,-29548.755160738187
551,1,A2C-MADRL,-29952.71755552626,-29604.940598207537
552,1,A2C-MADRL,-28595.235688585075,-29508.752535899366
553,1,A2C-MADRL,-27156.379719362587,-29416.254313627138
554,1,A2C-MADRL,-26693.300364278424,-29210.377509643924
555,1,A2C-MADRL,-29567.904695607784,-29132.11208668953
556,1,A2C-MADRL,-29455.671948982854,-29163.04058558648
557,1,A2C-MADRL,-29840.53653082888,-29121.625008187795
558,1,A2C-MADRL,-27338.25022275954,-29011.525292334823
559,1,A2C-MADRL,-32374.183920535717,-29095.45585694422
560,1,A2C-MADRL,-31628.303946062573,-29162.274583766935
561,1,A2C-MADRL,-31817.83784151722,-29294.827682185238
562,1,A2C-MADRL,-30413.781014349668,-29353.405120009455
563,1,A2C-MADRL,-28831.151337178053,-29347.842515975586
564,1,A2C-MADRL,-29740.443237360567,-29334.154460250178
565,1,A2C-MADRL,-30849.00672144525,-29373.944517256463
566,1,A2C-MADRL,-28445.407106175364,-29374.61167141356
567,1,A2C-MADRL,-31921.06411803315,-29404.773822656298
568,1,A2C-MADRL,-28530.7360869262,-29403.369881948143
569,1,A2C-MADRL,-31287.593276571635,-29424.487922111395
570,1,A2C-MADRL,-30923.353460550417,-29451.026493613655
571,1,A2C-MADRL,-30279.966052563545,-29504.317987852028
572,1,A2C-MADRL,-30663.541603113677,-29571.159410773787
573,1,A2C-MADRL,-30128.63493156408,-29679.375491747855
574,1,A2C-MADRL,-28359.370377791005,-29716.45593838834
575,1,A2C-MADRL,-29250.778288504305,-29761.806001846955
576,1,A2C-MADRL,-27894.98481797267,-29679.49669234481
577,1,A2C-MADRL,-31850.08387031693,-29809.69061961408
578,1,A2C-MADRL,-29240.587319496844,-29893.05892361945
579,1,A2C-MADRL,-30421.513454352276,-30042.187447222404
580,1,A2C-MADRL,-30524.37780572956,-30080.446371627284
581,1,A2C-MADRL,-28158.28973097685,-30028.55108290704
582,1,A2C-MADRL,-28666.16907816765,-29981.576384800588
583,1,A2C-MADRL,-29302.470754293503,-30060.145206061945
584,1,A2C-MADRL,-27648.565550944502,-29871.1204712783
585,1,A2C-MADRL,-27844.15380669321,-29719.754465703525
586,1,A2C-MADRL,-30710.94064503776,-29675.478577844347
587,1,A2C-MADRL,-30689.175118631854,-29686.494342015638
588,1,A2C-MADRL,-29987.42938087201,-29732.745463763393
589,1,A2C-MADRL,-28338.33780490572,-29676.6612464652
590,1,A2C-MADRL,-29743.047013678864,-29632.422858154547
591,1,A2C-MADRL,-28806.6062959795,-29646.870825746708
592,1,A2C-MADRL,-30429.662488016445,-29587.21476054604
593,1,A2C-MADRL,-29863.389829506712,-29640.52091024926
594,1,A2C-MADRL,-29576.474896193533,-29572.076175034133
595,1,A2C-MADRL,-29154.34188659077,-29501.31571207575
596,1,A2C-MADRL,-29553.11424950227,-29472.241639953303
597,1,A2C-MADRL,-27704.01694980561,-29353.86065382098
598,1,A2C-MADRL,-29239.04446041459,-29318.277034974995
599,1,A2C-MADRL,-27003.25387830273,-29264.032374995466
600,1,A2C-MADRL,-30271.799612738563,-29304.873227964836
601,1,A2C-MADRL,-30773.918702124025,-29420.030583330892
602,1,A2C-MADRL,-31055.020113082443,-29388.228033041512
603,1,A2C-MADRL,-28765.86767793976,-29369.239247379228
604,1,A2C-MADRL,-29405.42417566645,-29328.5956762318
605,1,A2C-MADRL,-28299.384316834712,-29239.595936676003
606,1,A2C-MADRL,-29665.361852288734,-29299.87882152848
607,1,A2C-MADRL,-27612.46369107852,-29257.730606044912
608,1,A2C-MADRL,-29661.75649499877,-29272.102035673124
609,1,A2C-MADRL,-29304.00648321528,-29338.319672963953
610,1,A2C-MADRL,-31003.01533524201,-29464.674134105906
611,1,A2C-MADRL,-28113.777896108084,-29360.787624148717
612,1,A2C-MADRL,-31732.13610620798,-29402.506063651763
613,1,A2C-MADRL,-29609.68199314865,-29387.396168142834
614,1,A2C-MADRL,-28264.44270961642,-29384.440364331258
615,1,A2C-MADRL,-28142.64774433277,-29320.424393557412
616,1,A2C-MADRL,-28445.407115731214,-29305.97642634748
617,1,A2C-MADRL,-30041.46325194509,-29290.44845690463
618,1,A2C-MADRL,-29225.07986882633,-29264.91605847741
619,1,A2C-MADRL,-27260.34339239291,-29172.27079832539
620,1,A2C-MADRL,-28834.668572549894,-29159.483865763756
621,1,A2C-MADRL,-29645.446082099057,-29163.177139067622
622,1,A2C-MADRL,-29534.77005118514,-29236.407263122805
623,1,A2C-MADRL,-28717.11479009108,-29215.530076309868
624,1,A2C-MADRL,-30702.04561092,-29363.481745614557
625,1,A2C-MADRL,-28518.741741516693,-29293.359430765682
626,1,A2C-MADRL,-27544.83293564519,-29164.19600010653
627,1,A2C-MADRL,-28688.106650972783,-29069.51946162214
628,1,A2C-MADRL,-29776.383641460663,-29109.940100162978
629,1,A2C-MADRL,-28279.872061791168,-29064.918015607964
630,1,A2C-MADRL,-29688.256434630355,-29120.47290031979
631,1,A2C-MADRL,-30460.424986765647,-29152.27542569887
632,1,A2C-MADRL,-30239.567215863597,-29257.35956669027
633,1,A2C-MADRL,-28370.706953790297,-29205.717585041933
634,1,A2C-MADRL,-28348.938416806657,-29167.51486238559
635,1,A2C-MADRL,-29573.67416853713,-29110.34121571739
636,1,A2C-MADRL,-30495.18977646072,-29205.597690931492
637,1,A2C-MADRL,-30324.88994700724,-29149.307844563467
638,1,A2C-MADRL,-28897.05838745944,-29120.8029003359
639,1,A2C-MADRL,-30377.377077958638,-29205.320275069585
640,1,A2C-MADRL,-27636.66592162846,-29185.081002161416
641,1,A2C-MADRL,-31234.28429942033,-29296.636089508982
642,1,A2C-MADRL,-31719.415199909334,-29363.754167427553
643,1,A2C-MADRL,-29019.774999425343,-29355.541972651514
644,1,A2C-MADRL,-29295.10247589856,-29436.93233599174
645,1,A2C-MADRL,-30597.67480094462,-29507.45258512752
646,1,A2C-MADRL,-30264.754100869715,-29532.224905878353
647,1,A2C-MADRL,-29601.74500204985,-29534.90390391294
648,1,A2C-MADRL,-29609.162058523256,-29570.58579465023
649,1,A2C-MADRL,-31481.16201302364,-29601.75045073437
650,1,A2C-MADRL,-30254.61968655608,-29671.185568535948
651,1,A2C-MADRL,-27471.235648377507,-29668.24167704524
652,1,A2C-MADRL,-28036.676683207428,-29642.184478334628
653,1,A2C-MADRL,-31127.837652934468,-29696.242638793577
654,1,A2C-MADRL,-29163.686593361264,-29731.595220056384
655,1,A2C-MADRL,-28722.69905040275,-29692.97292468728
656,1,A2C-MADRL,-30365.694025904177,-29689.18368625282
657,1,A2C-MADRL,-31848.47906771285,-29753.54016032679
658,1,A2C-MADRL,-30552.532332987117,-29840.813175494663
659,1,A2C-MADRL,-28251.66289638137,-29836.92215467765
660,1,A2C-MADRL,-28550.20985064771,-29795.983581962075
661,1,A2C-MADRL,-32176.46199433684,-29863.23447067712
662,1,A2C-MADRL,-29683.054997175317,-29837.561072683842
663,1,A2C-MADRL,-30275.357820394565,-29892.693050001246
664,1,A2C-MADRL,-27827.784595575187,-29790.70935070591
665,1,A2C-MADRL,-28373.94319684828,-29820.200441714704
666,1,A2C-MADRL,-31220.171119901486,-29819.63591453395
667,1,A2C-MADRL,-29170.03930318141,-29717.660878664832
668,1,A2C-MADRL,-28359.18731143062,-29691.23737114504
669,1,A2C-MADRL,-30782.58211057769,-29750.736556532207
670,1,A2C-MADRL,-29183.31059004937,-29694.1619880964
671,1,A2C-MADRL,-32281.49404243887,-29774.831585759166
672,1,A2C-MADRL,-29141.475593922703,-29756.42080943408
673,1,A2C-MADRL,-28345.13733920789,-29705.859820661466
674,1,A2C-MADRL,-30492.287105914736,-29666.304824377108
675,1,A2C-MADRL,-28372.93157562193,-29591.037299939744
676,1,A2C-MADRL,-28989.74488230631,-29651.777669296895
677,1,A2C-MADRL,-28268.09307503714,-29661.03432497008
678,1,A2C-MADRL,-29259.547280725907,-29586.302710081738
679,1,A2C-MADRL,-32264.776925182214,-29710.346323354574
680,1,A2C-MADRL,-28080.615617572323,-29684.66298604136
681,1,A2C-MADRL,-30254.84324816268,-29680.2289549317
682,1,A2C-MADRL,-28664.8611446132,-29552.884238007715
683,1,A2C-MADRL,-29963.417017507123,-29529.319625388514
684,1,A2C-MADRL,-29372.55985246488,-29574.155503631857
685,1,A2C-MADRL,-28040.401081192544,-29553.76315285365
686,1,A2C-MADRL,-31137.61838386789,-29512.20940843489
687,1,A2C-MADRL,-31310.55484333181,-29577.309402281153
688,1,A2C-MADRL,-30892.534636906912,-29601.996474941643
689,1,A2C-MADRL,-31771.811371027583,-29759.75754595974
690,1,A2C-MADRL,-30143.01256657712,-29830.520320748896
691,1,A2C-MADRL,-28894.49362657992,-29737.493221016033
692,1,A2C-MADRL,-28255.35530101645,-29700.905860929433
693,1,A2C-MADRL,-28774.546460801765,-29717.52022690428
694,1,A2C-MADRL,-30316.02981946856,-29698.858135259914
695,1,A2C-MADRL,-31269.27200653842,-29782.296591919476
696,1,A2C-MADRL,-28018.894894264587,-29611.792625992504
697,1,A2C-MADRL,-30629.853665033894,-29671.32774883695
698,1,A2C-MADRL,-29062.778135101136,-29700.03338067268
699,1,A2C-MADRL,-28516.02167341339,-29620.982763372627
700,1,A2C-MADRL,-30514.0483954868,-29706.627436167222
701,1,A2C-MADRL,-27850.267267689025,-29661.048331582533
702,1,A2C-MADRL,-29229.93102886893,-29699.521849735804
703,1,A2C-MADRL,-28971.74934976972,-29688.00993249756
704,1,A2C-MADRL,-29163.215782910287,-29563.94748680668
705,1,A2C-MADRL,-27654.878997159583,-29546.91802199017
706,1,A2C-MADRL,-32310.98801222613,-29629.16381255271
707,1,A2C-MADRL,-29259.098379317216,-29652.933301940866
708,1,A2C-MADRL,-28594.55634899644,-29598.17887520044
709,1,A2C-MADRL,-30556.303008201747,-29645.528601429913
710,1,A2C-MADRL,-29022.17335703924,-29684.799492463782
711,1,A2C-MADRL,-29607.88282483898,-29623.61007010263
712,1,A2C-MADRL,-30431.02850483176,-29588.429016562623
713,1,A2C-MADRL,-28293.58779554625,-29484.471142908198
714,1,A2C-MADRL,-25729.15232500068,-29242.76478106712
715,1,A2C-MADRL,-26755.20967810393,-29107.252665528194
716,1,A2C-MADRL,-28916.37547879236,-29108.127939616694
717,1,A2C-MADRL,-29974.681370426304,-29176.900982393086
718,1,A2C-MADRL,-29086.794596981254,-29189.390907840265
719,1,A2C-MADRL,-30399.16907075008,-29192.716477891525
720,1,A2C-MADRL,-29084.10463464542,-29105.309783015804
721,1,A2C-MADRL,-29644.923387333547,-29170.350922738566
722,1,A2C-MADRL,-29829.206712639385,-29138.325044642785
723,1,A2C-MADRL,-29427.445372791208,-29152.911734150388
724,1,A2C-MADRL,-29727.75698356402,-29201.381146556414
725,1,A2C-MADRL,-28261.857647279565,-29111.293516628124
726,1,A2C-MADRL,-27980.507947033708,-29116.503143801907
727,1,A2C-MADRL,-31202.5230171627,-29195.40682333366
728,1,A2C-MADRL,-30025.8352405505,-29237.57025896489
729,1,A2C-MADRL,-28693.53556607683,-29218.783050291553
730,1,A2C-MADRL,-29083.584298241163,-29275.93126233482
731,1,A2C-MADRL,-26757.366925985232,-29053.786418885178
732,1,A2C-MADRL,-28855.23704249076,-29037.63196541212
733,1,A2C-MADRL,-28057.84056275167,-29016.163333962333
734,1,A2C-MADRL,-29111.15897901665,-28958.357572794925
735,1,A2C-MADRL,-32554.732883807643,-29099.65995386566
736,1,A2C-MADRL,-28697.43009248665,-29063.241844571567
737,1,A2C-MADRL,-29762.586749012848,-29036.504174338817
738,1,A2C-MADRL,-27994.53826116775,-29024.542192963672
739,1,A2C-MADRL,-29130.12398910589,-29160.581059527885
740,1,A2C-MADRL,-28310.517633567964,-29222.793377746442
741,1,A2C-MADRL,-27105.080782127825,-29150.34158987986
742,1,A2C-MADRL,-28658.438327013944,-29097.691868143367
743,1,A2C-MADRL,-29343.5456801201,-29107.961911468927
744,1,A2C-MADRL,-30726.267031479198,-29121.045829898085
745,1,A2C-MADRL,-29342.05481025854,-29131.363836922614
746,1,A2C-MADRL,-29988.137178464844,-29145.09238856786
747,1,A2C-MADRL,-29990.2050488209,-29151.532322015126
748,1,A2C-MADRL,-30563.06354430665,-29196.95704887574
749,1,A2C-MADRL,-30974.840310410364,-29246.840381949594
750,1,A2C-MADRL,-26783.88665827675,-29187.721542389485
751,1,A2C-MADRL,-30993.60471547144,-29308.24541312699
752,1,A2C-MADRL,-27828.38990192252,-29173.280088517386
753,1,A2C-MADRL,-25695.26153006684,-29000.057140098037
754,1,A2C-MADRL,-24645.0257849927,-28838.116748854678
755,1,A2C-MADRL,-30438.02566884603,-28892.29440367887
756,1,A2C-MADRL,-27498.22875582867,-28921.928876872607
757,1,A2C-MADRL,-28452.768408497577,-28905.83013151288
758,1,A2C-MADRL,-29749.470651444208,-28973.495335060576
759,1,A2C-MADRL,-29624.3720603853,-28994.023858315326
760,1,A2C-MADRL,-29199.17492053366,-28859.801539784366
761,1,A2C-MADRL,-29325.2038491,-28884.9124900489
762,1,A2C-MADRL,-29736.670941957575,-28883.87585776669
763,1,A2C-MADRL,-30002.821780500315,-28964.207198539993
764,1,A2C-MADRL,-27964.673462707466,-28917.589177484057
765,1,A2C-MADRL,-28546.740508558963,-28927.038092483697
766,1,A2C-MADRL,-30559.426057325432,-29065.211903491603
767,1,A2C-MADRL,-30936.075474210284,-29156.317389379452
768,1,A2C-MADRL,-28837.468735379865,-29136.07431158984
769,1,A2C-MADRL,-31306.3005035989,-29159.275650474636
770,1,A2C-MADRL,-30637.15625612617,-29211.079708309335
771,1,A2C-MADRL,-29950.44797935984,-29209.57214034514
772,1,A2C-MADRL,-29355.034698201707,-29184.16532632037
773,1,A2C-MADRL,-29757.32127636209,-29151.935635602586
774,1,A2C-MADRL,-27318.21689943868,-29005.67069916372
775,1,A2C-MADRL,-27897.157661151377,-29050.2015392787
776,1,A2C-MADRL,-28604.84326442911,-28954.65108123701
777,1,A2C-MADRL,-29982.156982934983,-29040.80176447751
778,1,A2C-MADRL,-30211.279062811715,-29221.442465787306
779,1,A2C-MADRL,-29916.39804887989,-29432.29735634279
780,1,A2C-MADRL,-28797.476322788003,-29366.67538250047
781,1,A2C-MADRL,-27661.04365082285,-29373.187978300237
782,1,A2C-MADRL,-26769.16675948352,-29305.843912339675
783,1,A2C-MADRL,-30945.864524130186,-29353.699667247118
784,1,A2C-MADRL,-29688.85068025513,-29356.27881204191
785,1,A2C-MADRL,-30774.98849434102,-29419.311354994206
786,1,A2C-MADRL,-29808.533636628566,-29438.644546495347
787,1,A2C-MADRL,-29398.37989788388,-29425.112904732396
788,1,A2C-MADRL,-25438.155511829405,-29242.52625398556
789,1,A2C-MADRL,-30014.462574355683,-29324.517818451488
790,1,A2C-MADRL,-28552.244862130625,-29324.737992594353
791,1,A2C-MADRL,-28674.186901237816,-29249.32842635085
792,1,A2C-MADRL,-28333.24044211945,-29145.215025067224
793,1,A2C-MADRL,-30077.688827543672,-29194.82382875377
794,1,A2C-MADRL,-30137.365207469906,-29148.06641690861
795,1,A2C-MADRL,-28570.4896493922,-29065.399752639252
796,1,A2C-MADRL,-28703.36548497337,-29015.516452863794
797,1,A2C-MADRL,-26634.30398372713,-28906.68722428481
798,1,A2C-MADRL,-30621.966416412037,-28941.273029886812
799,1,A2C-MADRL,-29870.20789817129,-29043.352669836117
800,1,A2C-MADRL,-28963.95719130537,-29086.024651042273
801,1,A2C-MADRL,-28989.01074343682,-29101.391350202583
802,1,A2C-MADRL,-28885.04282396853,-29057.50678384392
803,1,A2C-MADRL,-25336.924096252027,-28862.532585181532
804,1,A2C-MADRL,-28984.962642058206,-28825.275168908665
805,1,A2C-MADRL,-31051.137287500103,-28915.421607497152
806,1,A2C-MADRL,-27391.34444951689,-28904.633639444914
807,1,A2C-MADRL,-28209.482683305305,-28962.246276397786
808,1,A2C-MADRL,-28317.282071597037,-28857.102978296458
809,1,A2C-MADRL,-29963.81224283533,-28868.101440799666
810,1,A2C-MADRL,-30955.80048163076,-28875.333920291258
811,1,A2C-MADRL,-27547.75346030255,-28784.902713238214
812,1,A2C-MADRL,-30031.83529190672,-28810.24092899913
813,1,A2C-MADRL,-29510.059002297778,-28973.117068617867
814,1,A2C-MADRL,-29803.37037001885,-28964.673380444394
815,1,A2C-MADRL,-28720.565504449143,-28971.406206137133
816,1,A2C-MADRL,-27674.079144807285,-28931.401895879913
817,1,A2C-MADRL,-30846.62424269579,-29031.93724790296
818,1,A2C-MADRL,-28955.39767168071,-28987.045601668447
819,1,A2C-MADRL,-27561.504546500502,-28884.01117522967
820,1,A2C-MADRL,-32154.633122562693,-29027.376914156488
821,1,A2C-MADRL,-28216.59469589865,-29007.9060825935
822,1,A2C-MADRL,-30769.45811136491,-29173.31224769901
823,1,A2C-MADRL,-29476.729574294008,-29127.502774014287
824,1,A2C-MADRL,-28271.29878128665,-29063.546409338902
825,1,A2C-MADRL,-27153.357397227155,-28991.122417575778
826,1,A2C-MADRL,-29965.69913347236,-29030.189953177192
827,1,A2C-MADRL,-28465.523353430734,-29013.40917435569
828,1,A2C-MADRL,-27141.66845629062,-29085.59894875723
829,1,A2C-MADRL,-29383.528970616997,-29101.541601899582
830,1,A2C-MADRL,-30243.703565774096,-29069.24425303054
831,1,A2C-MADRL,-31314.778870427115,-29226.181629866947
832,1,A2C-MADRL,-29847.71293529569,-29291.71083994657
833,1,A2C-MADRL,-27479.55108385629,-29258.201600436936
834,1,A2C-MADRL,-28783.95708673703,-29211.007394193006
835,1,A2C-MADRL,-30483.42448092561,-29192.112354164794
836,1,A2C-MADRL,-31030.111982383125,-29331.406695048023
837,1,A2C-MADRL,-28861.919130543232,-29284.610048593484
838,1,A2C-MADRL,-30173.499223603227,-29311.147657445697
839,1,A2C-MADRL,-27613.499833748137,-29223.55283599487
840,1,A2C-MADRL,-31598.825843202656,-29338.683249545014
841,1,A2C-MADRL,-32114.301469676124,-29516.292142539765
842,1,A2C-MADRL,-26565.053803080584,-29345.029324955158
843,1,A2C-MADRL,-30474.812159149176,-29405.805904453897
844,1,A2C-MADRL,-30371.60945235642,-29518.210100688128
845,1,A2C-MADRL,-27662.786421551973,-29338.536232647704
846,1,A2C-MADRL,-29492.195869820003,-29389.56027960456
847,1,A2C-MADRL,-29344.416553449155,-29332.558617287927
848,1,A2C-MADRL,-26652.956004790016,-29219.60767450777
849,1,A2C-MADRL,-32011.849702636056,-29369.229711361742
850,1,A2C-MADRL,-28267.151865929896,-29413.78149010985
851,1,A2C-MADRL,-29874.575518038524,-29410.1365454925
852,1,A2C-MADRL,-29677.60978392103,-29458.62000271211
853,1,A2C-MADRL,-26566.93555276478,-29435.630686571076
854,1,A2C-MADRL,-28798.303364713305,-29412.22166233493
855,1,A2C-MADRL,-26336.121406962564,-29255.918375982466
856,1,A2C-MADRL,-31335.2831276216,-29256.738546270248
857,1,A2C-MADRL,-29427.27933119784,-29239.921202106332
858,1,A2C-MADRL,-28421.880561133738,-29277.61438119743
859,1,A2C-MADRL,-28459.91974206488,-29264.652887410546
860,1,A2C-MADRL,-27147.913554013463,-29131.23245033406
861,1,A2C-MADRL,-29982.60058736116,-29089.33199453318
862,1,A2C-MADRL,-30252.09172982906,-29144.938898504613
863,1,A2C-MADRL,-28828.698241885675,-29091.146859235912
864,1,A2C-MADRL,-26481.20345658969,-29045.855004149573
865,1,A2C-MADRL,-25443.596594470662,-28799.645834200295
866,1,A2C-MADRL,-28355.978329907284,-28649.312908609543
867,1,A2C-MADRL,-27182.781718756454,-28674.022025236576
868,1,A2C-MADRL,-28065.08486409001,-28577.63293343421
869,1,A2C-MADRL,-27827.542424363357,-28475.87025231449
870,1,A2C-MADRL,-29399.6453683775,-28545.344610187505
871,1,A2C-MADRL,-28182.927184281416,-28492.97386276596
872,1,A2C-MADRL,-29660.875005547176,-28505.632200849886
873,1,A2C-MADRL,-28990.493487318538,-28599.133700151026
874,1,A2C-MADRL,-30233.400449784247,-28527.995730036957
875,1,A2C-MADRL,-27832.95953610223,-28510.628036843846
876,1,A2C-MADRL,-28650.66244384181,-28461.67151387598
877,1,A2C-MADRL,-27649.55151996935,-28380.54918331791
878,1,A2C-MADRL,-30309.884632314453,-28530.267146499897
879,1,A2C-MADRL,-29487.67900946921,-28557.842172290133
880,1,A2C-MADRL,-30701.008396535315,-28732.437651873046
881,1,A2C-MADRL,-28362.561913565067,-28613.528803310786
882,1,A2C-MADRL,-30530.005803643253,-28657.6378622086
883,1,A2C-MADRL,-30124.469609665844,-28725.741424149885
884,1,A2C-MADRL,-29612.762251594635,-28771.855124531077
885,1,A2C-MADRL,-30379.927756526336,-28901.13569263159
886,1,A2C-MADRL,-28382.379352874777,-28837.126843252136
887,1,A2C-MADRL,-29421.698458179388,-28803.911112386148
888,1,A2C-MADRL,-30100.85735769225,-28854.79747701841
889,1,A2C-MADRL,-30182.96289497697,-29002.8678545539
890,1,A2C-MADRL,-27928.68585924596,-29102.271425144914
891,1,A2C-MADRL,-28806.815201404097,-29120.304900004783
892,1,A2C-MADRL,-26629.431881859324,-29098.1709065289
893,1,A2C-MADRL,-31110.782898812155,-29219.998827917785
894,1,A2C-MADRL,-26941.07985209021,-29184.54032502686
895,1,A2C-MADRL,-29533.08477091693,-29189.87790112844
896,1,A2C-MADRL,-30100.61283627877,-29266.585327208337
897,1,A2C-MADRL,-26941.0217038653,-29157.791195141057
898,1,A2C-MADRL,-30362.716411221336,-29212.68011209717
899,1,A2C-MADRL,-28454.735052103417,-29141.53349618993
900,1,A2C-MADRL,-28755.64852948148,-29178.44105592511
901,1,A2C-MADRL,-28071.80212116408,-29155.286643017997
902,1,A2C-MADRL,-30672.355903404896,-29276.19881835542
903,1,A2C-MADRL,-31079.225634674567,-29306.972458449825
904,1,A2C-MADRL,-29186.620568091643,-29294.93012079472
905,1,A2C-MADRL,-27258.91913006924,-29157.24655013608
906,1,A2C-MADRL,-30199.296685911464,-29230.715941029932
907,1,A2C-MADRL,-26765.0316562312,-29080.116975133446
908,1,A2C-MADRL,-28811.91365579354,-29027.61473697856
909,1,A2C-MADRL,-27745.75632335037,-28952.934499848787
910,1,A2C-MADRL,-29604.75323325789,-28921.927518918048
911,1,A2C-MADRL,-28757.193838260435,-28936.920098333474
912,1,A2C-MADRL,-30511.363890257853,-28980.506715616615
913,1,A2C-MADRL,-28589.646256375825,-28920.05827156396
914,1,A2C-MADRL,-29839.690401273223,-28906.327371815813
915,1,A2C-MADRL,-27424.669883939896,-28886.166732803566
916,1,A2C-MADRL,-28200.6927783042,-28861.921835879573
917,1,A2C-MADRL,-28967.040263688505,-28955.426171152736
918,1,A2C-MADRL,-29457.83928839884,-28889.308426736203
919,1,A2C-MADRL,-28913.23069375473,-28968.19446040278
920,1,A2C-MADRL,-28811.803093833038,-28939.34319331943
921,1,A2C-MADRL,-27561.35502166316,-28837.772880734803
922,1,A2C-MADRL,-30262.64721884001,-28970.637901333794
923,1,A2C-MADRL,-28797.236548006404,-28908.0187068052
924,1,A2C-MADRL,-29847.239146646767,-28963.71887058693
925,1,A2C-MADRL,-27559.84744595839,-28915.886827246006
926,1,A2C-MADRL,-30012.713071447404,-28993.523265257343
927,1,A2C-MADRL,-29346.30196961748,-28940.48110790584
928,1,A2C-MADRL,-30986.49258733254,-28936.77178601216
929,1,A2C-MADRL,-26948.75616002649,-28847.257209689556
930,1,A2C-MADRL,-26101.504314500715,-28800.960617066816
931,1,A2C-MADRL,-27037.968548546374,-28674.50749157221
932,1,A2C-MADRL,-28519.106740691917,-28744.67049495064
933,1,A2C-MADRL,-28140.81578201831,-28717.82657999963
934,1,A2C-MADRL,-28680.751871557302,-28755.22640192791
935,1,A2C-MADRL,-29836.008516563477,-28764.47661326013
936,1,A2C-MADRL,-26937.795930170287,-28691.700696936525
937,1,A2C-MADRL,-27623.4177475095,-28576.18285122659
938,1,A2C-MADRL,-29161.05918218596,-28599.039368258993
939,1,A2C-MADRL,-29462.307748981344,-28583.944062167324
940,1,A2C-MADRL,-29706.539334669706,-28675.218840196514
941,1,A2C-MADRL,-28374.99842997761,-28682.191066263447
942,1,A2C-MADRL,-28154.37867866976,-28649.684602862704
943,1,A2C-MADRL,-28463.50994912488,-28609.911429291744
944,1,A2C-MADRL,-29846.854317807403,-28647.256374253848
945,1,A2C-MADRL,-28164.08265379969,-28621.347556652516
946,1,A2C-MADRL,-28621.091877903556,-28663.73703090213
947,1,A2C-MADRL,-30686.19524319826,-28680.67895187646
948,1,A2C-MADRL,-29043.35272338515,-28690.52359889161
949,1,A2C-MADRL,-28162.469881666148,-28623.13282829239
950,1,A2C-MADRL,-29428.76333469624,-28697.8894638419
951,1,A2C-MADRL,-28837.750888569743,-28650.890976526793
952,1,A2C-MADRL,-29555.58224826592,-28659.26218767273
953,1,A2C-MADRL,-27884.72768688408,-28535.19159165479
954,1,A2C-MADRL,-28052.95064343476,-28579.359370991122
955,1,A2C-MADRL,-28506.282176955137,-28675.550485489297
956,1,A2C-MADRL,-31704.77668733941,-28862.22281104102
957,1,A2C-MADRL,-28954.421660440006,-28879.63540783095
958,1,A2C-MADRL,-28703.733797042594,-28902.152128431917
959,1,A2C-MADRL,-29436.089371354472,-28932.365628423802
960,1,A2C-MADRL,-31616.352026978533,-29003.579368840405
961,1,A2C-MADRL,-27501.937839277864,-29026.145045204714
962,1,A2C-MADRL,-27809.553262402093,-29033.590465800415
963,1,A2C-MADRL,-30181.119108166364,-29074.392862839628
964,1,A2C-MADRL,-26254.562670155254,-28946.083059686585
965,1,A2C-MADRL,-27473.691598138736,-28856.769150225344
966,1,A2C-MADRL,-29698.020431588484,-28909.69003028978
967,1,A2C-MADRL,-26754.967270405883,-28853.713573959227
968,1,A2C-MADRL,-29018.331570630413,-28875.906438819446
969,1,A2C-MADRL,-26508.946211010385,-28742.39011454757
970,1,A2C-MADRL,-30483.498108948992,-28835.16673275354
971,1,A2C-MADRL,-30118.169506242582,-28895.0498378871
972,1,A2C-MADRL,-29964.80123723694,-28866.194077648644
973,1,A2C-MADRL,-29295.71132103264,-28876.288421554545
974,1,A2C-MADRL,-27901.547094160054,-28865.851510054305
975,1,A2C-MADRL,-29398.02715162221,-28864.622062731345
976,1,A2C-MADRL,-27717.26024822909,-28819.802437117716
977,1,A2C-MADRL,-29761.31472938455,-28828.03173636246
978,1,A2C-MADRL,-27752.94158577844,-28822.760292318235
979,1,A2C-MADRL,-30583.40467441718,-28923.978453557535
980,1,A2C-MADRL,-29901.98162005263,-28979.80643128143
981,1,A2C-MADRL,-29317.1155864375,-28884.299987245355
982,1,A2C-MADRL,-29888.117415395704,-28921.64781744358
983,1,A2C-MADRL,-31326.17516839052,-29026.545472297497
984,1,A2C-MADRL,-29026.34418526204,-29010.155664853803
985,1,A2C-MADRL,-29403.66141871794,-28921.64804052338
986,1,A2C-MADRL,-27782.43645837166,-28932.867985287132
987,1,A2C-MADRL,-26327.11500220336,-28873.57045487918
988,1,A2C-MADRL,-30489.795486113737,-28885.917509997078
989,1,A2C-MADRL,-30073.016830230084,-29038.65567640007
990,1,A2C-MADRL,-29973.53267619393,-29138.64931952228
991,1,A2C-MADRL,-27652.53452090304,-29056.829883094862
992,1,A2C-MADRL,-26989.7590827818,-29066.2215555899
993,1,A2C-MADRL,-27538.9932757887,-29007.04802379623
994,1,A2C-MADRL,-27994.5793778347,-29066.4733504692
995,1,A2C-MADRL,-28616.5632990182,-28991.79595807197
996,1,A2C-MADRL,-31240.43055160641,-29036.686399886523
997,1,A2C-MADRL,-31088.99259199536,-29081.65405407686
998,1,A2C-MADRL,-29526.277253685483,-29090.876691382975
999,1,A2C-MADRL,-29531.892970596706,-29156.090526440435
1000,1,A2C-MADRL,-26392.77753614563,-29035.880541821374
1001,1,A2C-MADRL,-28209.23719280341,-28209.23719280341
1002,1,A2C-MADRL,-29294.709793442205,-28751.97349312281
1003,1,A2C-MADRL,-28532.6555149306,-28678.86750039207
1004,1,A2C-MADRL,-28981.57430108639,-28754.54420056565
1005,1,A2C-MADRL,-30513.70894237073,-29106.377148926666
1006,1,A2C-MADRL,-29105.64882812087,-29106.2557621257
1007,1,A2C-MADRL,-27651.56786997892,-28898.443206104734
1008,1,A2C-MADRL,-31481.74878625283,-29221.356403623246
1009,1,A2C-MADRL,-27411.288892853918,-29020.237791315543
1010,1,A2C-MADRL,-29544.281861054587,-29072.642198289446
1011,1,A2C-MADRL,-29220.688559701863,-29086.100958417846
1012,1,A2C-MADRL,-26738.366170256908,-28890.45639273777
1013,1,A2C-MADRL,-28887.3657645952,-28890.21865211142
1014,1,A2C-MADRL,-27555.52576997848,-28794.88344624478
1015,1,A2C-MADRL,-28133.272691217106,-28750.776062576268
1016,1,A2C-MADRL,-27290.733796111694,-28659.523420922233
1017,1,A2C-MADRL,-28912.24445749687,-28674.38936425015
1018,1,A2C-MADRL,-28380.793191593097,-28658.078465769202
1019,1,A2C-MADRL,-30258.754392851373,-28742.32456719458
1020,1,A2C-MADRL,-28830.76136053338,-28746.746406861523
1021,1,A2C-MADRL,-29213.81755973605,-28768.98789033174
1022,1,A2C-MADRL,-28298.745016264813,-28747.613214237786
1023,1,A2C-MADRL,-28831.5971682348,-28751.264690498527
1024,1,A2C-MADRL,-26953.13777979653,-28676.342735885944
1025,1,A2C-MADRL,-31998.95955684688,-28809.24740872438
1026,1,A2C-MADRL,-28633.76667543198,-28826.228588029524
1027,1,A2C-MADRL,-28714.863800281764,-28803.034748303107
1028,1,A2C-MADRL,-27836.997055912994,-28775.208409942403
1029,1,A2C-MADRL,-27290.81851962437,-28707.57817868392
1030,1,A2C-MADRL,-30194.459430947285,-28694.80819822698
1031,1,A2C-MADRL,-28061.38628853718,-28653.037696643634
1032,1,A2C-MADRL,-28148.799998023333,-28672.92698176541
1033,1,A2C-MADRL,-27817.737890126515,-28526.36654592036
1034,1,A2C-MADRL,-27457.223693656542,-28528.20393795247
1035,1,A2C-MADRL,-29343.23318807809,-28520.161991033405
1036,1,A2C-MADRL,-28037.30865916437,-28472.826795011904
1037,1,A2C-MADRL,-29846.75309533075,-28597.16227201486
1038,1,A2C-MADRL,-25739.70660890467,-28471.25590578724
1039,1,A2C-MADRL,-29961.038043725945,-28567.476396737136
1040,1,A2C-MADRL,-28392.0336141246,-28577.82683365343
1041,1,A2C-MADRL,-28439.32570978452,-28623.770510200346
1042,1,A2C-MADRL,-26446.86029910837,-28525.155143864806
1043,1,A2C-MADRL,-29147.45031140931,-28555.82142865746
1044,1,A2C-MADRL,-28877.528968108574,-28500.572411667745
1045,1,A2C-MADRL,-25388.31477712921,-28362.87454833158
1046,1,A2C-MADRL,-30672.494124038796,-28421.221610903685
1047,1,A2C-MADRL,-28142.38599230111,-28414.96724994514
1048,1,A2C-MADRL,-29890.374470498064,-28457.31834203567
1049,1,A2C-MADRL,-28661.183591132736,-28525.64017448912
1050,1,A2C-MADRL,-29196.04763111318,-28413.52369745977
1051,1,A2C-MADRL,-28791.359566182644,-28419.827413089795
1052,1,A2C-MADRL,-28872.29034292769,-28426.124474795633
1053,1,A2C-MADRL,-26289.626221748524,-28364.229641429054
1054,1,A2C-MADRL,-29366.62756036245,-28447.26200305858
1055,1,A2C-MADRL,-29271.90677622565,-28410.359896869715
1056,1,A2C-MADRL,-29183.40160182816,-28455.240509401356
1057,1,A2C-MADRL,-28100.24495957925,-28453.29830786359
1058,1,A2C-MADRL,-30519.473231874406,-28561.367721533505
1059,1,A2C-MADRL,-27181.19625958813,-28550.326624170764
1060,1,A2C-MADRL,-28899.261742337578,-28532.567766341148
1061,1,A2C-MADRL,-31362.97984311733,-28665.594613699264
1062,1,A2C-MADRL,-28158.29972071416,-28598.056478714603
1063,1,A2C-MADRL,-26968.13784644115,-28647.19372821606
1064,1,A2C-MADRL,-30514.05735956477,-28669.314500849614
1065,1,A2C-MADRL,-27129.082316422187,-28618.79644894152
1066,1,A2C-MADRL,-25494.5044634894,-28501.003599089716
1067,1,A2C-MADRL,-28925.60878983432,-28600.15353871875
1068,1,A2C-MADRL,-30952.20932495309,-28672.343899260504
1069,1,A2C-MADRL,-28392.848792844103,-28652.956692249925
1070,1,A2C-MADRL,-30198.35545059271,-28845.358319188465
1071,1,A2C-MADRL,-30086.362778493265,-28821.913065366643
1072,1,A2C-MADRL,-26166.76097334179,-28742.888064608265
1073,1,A2C-MADRL,-29707.61159440481,-28735.57754956454
1074,1,A2C-MADRL,-29633.88210083542,-28774.485489952644
1075,1,A2C-MADRL,-29205.376529574634,-28774.858645891105
1076,1,A2C-MADRL,-28668.867354011974,-28769.958957404277
1077,1,A2C-MADRL,-27690.34671559329,-28722.6812123109
1078,1,A2C-MADRL,-28758.58923379898,-28821.43973279292
1079,1,A2C-MADRL,-26193.698929558253,-28694.52258756075
1080,1,A2C-MADRL,-25865.149618180705,-28558.252301238954
1081,1,A2C-MADRL,-26064.8783469442,-28433.511371043594
1082,1,A2C-MADRL,-26699.289777179583,-28377.47316374761
1083,1,A2C-MADRL,-29865.285324223667,-28351.305647441583
1084,1,A2C-MADRL,-27583.14794031724,-28367.383714670745
1085,1,A2C-MADRL,-30199.84833800888,-28419.407178497597
1086,1,A2C-MADRL,-27891.185601904115,-28280.535408849068
1087,1,A2C-MADRL,-29494.795391406573,-28333.995235676764
1088,1,A2C-MADRL,-27167.78758073197,-28341.981225048396
1089,1,A2C-MADRL,-29617.28800154903,-28306.110450727767
1090,1,A2C-MADRL,-26970.83601136219,-28299.78059852537
1091,1,A2C-MADRL,-29078.73112230105,-28443.149664877834
1092,1,A2C-MADRL,-28221.15140642956,-28414.971369541643
1093,1,A2C-MADRL,-27366.402319010314,-28271.53908930393
1094,1,A2C-MADRL,-27530.32232848517,-28237.038030729575
1095,1,A2C-MADRL,-28678.225700393,-28176.232840721583
1096,1,A2C-MADRL,-28644.36650670717,-28118.55298985014
1097,1,A2C-MADRL,-30168.892392984373,-28278.638246635845
1098,1,A2C-MADRL,-29082.39885202086,-28253.62973694049
1099,1,A2C-MADRL,-29226.051228639364,-28237.316502052647
1100,1,A2C-MADRL,-28303.13872814796,-28201.226989995583
1101,1,A2C-MADRL,-29087.74801393368,-28217.982216392447
1102,1,A2C-MADRL,-29455.880375260123,-28288.60356277912
1103,1,A2C-MADRL,-28699.095782293483,-28286.2238247189
1104,1,A2C-MADRL,-27817.672062091748,-28351.18275002024
1105,1,A2C-MADRL,-29226.05345713429,-28485.618903578386
1106,1,A2C-MADRL,-30172.434774508285,-28649.921160680944
1107,1,A2C-MADRL,-30822.264532122477,-28814.840150878663
1108,1,A2C-MADRL,-29418.635194434355,-28796.974145687087
1109,1,A2C-MADRL,-27480.436039744945,-28792.8656696642
1110,1,A2C-MADRL,-28134.150058431085,-28710.237738481086
1111,1,A2C-MADRL,-27932.04930834601,-28711.872286738762
1112,1,A2C-MADRL,-27655.961882495416,-28638.318946382315
1113,1,A2C-MADRL,-28818.208989827413,-28704.335802746136
1114,1,A2C-MADRL,-29662.04207792651,-28706.12596580123
1115,1,A2C-MADRL,-28185.36246453001,-28754.707023927946
1116,1,A2C-MADRL,-26550.91742639692,-28653.594476091777
1117,1,A2C-MADRL,-28729.271973149687,-28673.91929876059
1118,1,A2C-MADRL,-29365.68133561869,-28753.89045942492
1119,1,A2C-MADRL,-27656.09458886072,-28758.92134983994
1120,1,A2C-MADRL,-27382.93861578772,-28707.109866455732
1121,1,A2C-MADRL,-29443.154841537747,-28739.061399848953
1122,1,A2C-MADRL,-31499.915755272777,-28792.302334340493
1123,1,A2C-MADRL,-30673.98493089327,-28855.96577749539
1124,1,A2C-MADRL,-27307.493500376386,-28779.223468364868
1125,1,A2C-MADRL,-26399.458813386784,-28703.07627177442
1126,1,A2C-MADRL,-27975.266976605577,-28658.5770302813
1127,1,A2C-MADRL,-29886.88174608518,-28675.817085114297
1128,1,A2C-MADRL,-26961.02367534276,-28606.29420083627
1129,1,A2C-MADRL,-29120.2002515472,-28658.395328414488
1130,1,A2C-MADRL,-27800.099734268893,-28601.357179499875
1131,1,A2C-MADRL,-26360.07832848005,-28448.862921658743
1132,1,A2C-MADRL,-29289.195787338904,-28387.5401718674
1133,1,A2C-MADRL,-29878.506837490808,-28405.93503758966
1134,1,A2C-MADRL,-29957.97808389582,-28505.036719355696
1135,1,A2C-MADRL,-30565.06934797193,-28602.27349093733
1136,1,A2C-MADRL,-29148.87931484842,-28650.946691197423
1137,1,A2C-MADRL,-30952.50925779636,-28782.808586209463
1138,1,A2C-MADRL,-28236.645353391545,-28759.546040752026
1139,1,A2C-MADRL,-29428.166765169877,-28750.191028241763
1140,1,A2C-MADRL,-27985.966106655524,-28742.215173926783
1141,1,A2C-MADRL,-31952.013217362142,-28958.259005565393
1142,1,A2C-MADRL,-28032.32203227264,-28930.38100793031
1143,1,A2C-MADRL,-28843.86069161981,-28909.508182170353
1144,1,A2C-MADRL,-27972.511256639347,-28922.164848881504
1145,1,A2C-MADRL,-27021.72402365374,-28907.71626519614
1146,1,A2C-MADRL,-27498.71697734594,-28829.93875062847
1147,1,A2C-MADRL,-28566.629816671528,-28712.607313084416
1148,1,A2C-MADRL,-30606.933135230465,-28709.9252412579
1149,1,A2C-MADRL,-27752.101175306947,-28727.709548255127
1150,1,A2C-MADRL,-30076.361849279845,-28874.78566969085
1151,1,A2C-MADRL,-29624.32275273375,-28940.74790073598
1152,1,A2C-MADRL,-28985.572161180724,-28904.6955173398
1153,1,A2C-MADRL,-27918.48584800844,-28942.994004246426
1154,1,A2C-MADRL,-28786.65862342469,-28929.652339121527
1155,1,A2C-MADRL,-29284.734934944703,-28989.03774714856
1156,1,A2C-MADRL,-29490.255782033368,-29114.24484529069
1157,1,A2C-MADRL,-27271.33353711036,-29033.53035528155
1158,1,A2C-MADRL,-29758.649582010235,-29028.736065062327
1159,1,A2C-MADRL,-31088.79707587976,-29073.96882474168
1160,1,A2C-MADRL,-28863.930462157357,-29005.9232693091
1161,1,A2C-MADRL,-27718.4801394408,-28948.707302292798
1162,1,A2C-MADRL,-27855.662313049248,-28824.83342450291
1163,1,A2C-MADRL,-28383.1050649776,-28830.691812966354
1164,1,A2C-MADRL,-27553.051154480472,-28755.687188538777
1165,1,A2C-MADRL,-28044.567457263645,-28758.031242563102
1166,1,A2C-MADRL,-29530.11574468082,-28661.15534365585
1167,1,A2C-MADRL,-29114.50580891324,-28704.442694721474
1168,1,A2C-MADRL,-29390.63843819623,-28726.313804584526
1169,1,A2C-MADRL,-28926.162277564625,-28764.459845421537
1170,1,A2C-MADRL,-27720.47409979848,-28792.40984846733
1171,1,A2C-MADRL,-26468.860180107487,-28751.215576577793
1172,1,A2C-MADRL,-27789.8483774805,-28720.144319010153
1173,1,A2C-MADRL,-29406.14943128407,-28672.112970852297
1174,1,A2C-MADRL,-28341.227599080856,-28695.678027803257
1175,1,A2C-MADRL,-28266.910563561323,-28623.29997637451
1176,1,A2C-MADRL,-28184.514761436552,-28565.70765672262
1177,1,A2C-MADRL,-28161.386775745064,-28532.7402413052
1178,1,A2C-MADRL,-28452.87004632219,-28554.115609237746
1179,1,A2C-MADRL,-28211.975119096613,-28531.128269064626
1180,1,A2C-MADRL,-28094.333999254814,-28483.512231637025
1181,1,A2C-MADRL,-27169.113919796884,-28390.666557147568
1182,1,A2C-MADRL,-28797.447462105298,-28451.711114147365
1183,1,A2C-MADRL,-29520.08907524557,-28442.168693876778
1184,1,A2C-MADRL,-27257.893535844298,-28288.93255227536
1185,1,A2C-MADRL,-27770.05763670024,-28245.17763925708
1186,1,A2C-MADRL,-28781.88827916346,-28287.71396484598
1187,1,A2C-MADRL,-28696.597837271634,-28321.35138581488
1188,1,A2C-MADRL,-28305.034930820548,-28318.228580448595
1189,1,A2C-MADRL,-26617.678610305407,-28280.813678681596
1190,1,A2C-MADRL,-29432.47040940684,-28336.329796767324
1191,1,A2C-MADRL,-28919.209625600382,-28311.893552004105
1192,1,A2C-MADRL,-30911.436264019845,-28383.770770208364
1193,1,A2C-MADRL,-27770.63698909521,-28318.97071224433
1194,1,A2C-MADRL,-27904.087194062104,-28278.087708904226
1195,1,A2C-MADRL,-29061.091199503884,-28331.712392892445
1196,1,A2C-MADRL,-27642.21565046493,-28378.64661170674
1197,1,A2C-MADRL,-27486.604352175076,-28366.51685069452
1198,1,A2C-MADRL,-28043.171294381944,-28311.997725218436
1199,1,A2C-MADRL,-28561.010944649883,-28320.7890590412
1200,1,A2C-MADRL,-28775.981870888587,-28341.151911334295
1201,1,A2C-MADRL,-29603.030126418507,-28397.892525933567
1202,1,A2C-MADRL,-25431.183966074663,-28288.68441354675
1203,1,A2C-MADRL,-28240.885234294787,-28280.20502106566
1204,1,A2C-MADRL,-29722.992182406007,-28340.645703598027
1205,1,A2C-MADRL,-28017.207214164024,-28337.560632194403
1206,1,A2C-MADRL,-30034.53656290317,-28452.177537918655
1207,1,A2C-MADRL,-28841.02451043404,-28453.920619851804
1208,1,A2C-MADRL,-27634.652441723538,-28378.50315451092
1209,1,A2C-MADRL,-27841.495129588417,-28401.847218260686
1210,1,A2C-MADRL,-29801.339083475617,-28483.098476131698
1211,1,A2C-MADRL,-28568.872431422933,-28474.57784222208
1212,1,A2C-MADRL,-28852.825941641622,-28480.82696639688
1213,1,A2C-MADRL,-28814.06103540874,-28501.188010580405
1214,1,A2C-MADRL,-31430.242637375333,-28693.690571663203
1215,1,A2C-MADRL,-27373.703209248768,-28611.339883656878
1216,1,A2C-MADRL,-29239.45275093861,-28624.149608670406
1217,1,A2C-MADRL,-30267.337421460987,-28598.385654968057
1218,1,A2C-MADRL,-28847.04656238648,-28641.44203789971
1219,1,A2C-MADRL,-30219.78559469445,-28734.069973925
1220,1,A2C-MADRL,-28350.70264745523,-28705.65443184305
1221,1,A2C-MADRL,-30407.504512129493,-28816.265986309638
1222,1,A2C-MADRL,-28906.97214783902,-28873.080698136197
1223,1,A2C-MADRL,-30812.192077089803,-28983.84152944451
1224,1,A2C-MADRL,-29997.22016765509,-29041.289898364717
1225,1,A2C-MADRL,-27299.002754491325,-28982.210733708824
1226,1,A2C-MADRL,-28099.66838423234,-28922.07626402138
1227,1,A2C-MADRL,-29271.02607527979,-29075.669948389583
1228,1,A2C-MADRL,-28147.81913744385,-29071.947304515546
1229,1,A2C-MADRL,-28030.328028085947,-29004.24073834275
1230,1,A2C-MADRL,-26608.988016753887,-28947.911970446337
1231,1,A2C-MADRL,-28614.13424662174,-28891.09587779508
1232,1,A2C-MADRL,-26914.973551402552,-28814.053839433822
1233,1,A2C-MADRL,-27533.799707806964,-28810.01973007716
1234,1,A2C-MADRL,-29615.28392857697,-28880.971282036706
1235,1,A2C-MADRL,-27364.44112836387,-28783.495363832233
1236,1,A2C-MADRL,-29397.14513036967,-28816.626271790105
1237,1,A2C-MADRL,-28120.793264013737,-28787.344964684988
1238,1,A2C-MADRL,-29469.904753513656,-28813.578713409184
1239,1,A2C-MADRL,-28083.44169647996,-28679.706675773366
1240,1,A2C-MADRL,-27214.195313104698,-28673.326359927607
1241,1,A2C-MADRL,-31300.230953933995,-28755.75748804742
1242,1,A2C-MADRL,-29911.00735772821,-28741.50428549811
1243,1,A2C-MADRL,-27409.054801170558,-28683.98461504947
1244,1,A2C-MADRL,-28155.323381925064,-28601.406126538695
1245,1,A2C-MADRL,-27369.06831256354,-28562.14075314303
1246,1,A2C-MADRL,-28231.467269342997,-28475.09926343157
1247,1,A2C-MADRL,-28744.25938032369,-28468.59075273095
1248,1,A2C-MADRL,-29484.2719734976,-28415.473948587267
1249,1,A2C-MADRL,-28034.982720033677,-28336.984450682412
1250,1,A2C-MADRL,-28454.39138286979,-28383.19999581755
1251,1,A2C-MADRL,-28646.015211419704,-28405.053868905045
1252,1,A2C-MADRL,-28095.85002417369,-28358.046826860802
1253,1,A2C-MADRL,-29031.167288576296,-28393.380752906098
1254,1,A2C-MADRL,-29021.767651812705,-28433.038337855167
1255,1,A2C-MADRL,-26216.229614702977,-28417.328001773134
1256,1,A2C-MADRL,-28975.617114858665,-28431.78731650261
1257,1,A2C-MADRL,-27805.935826192497,-28467.425807494208
1258,1,A2C-MADRL,-29548.117237663908,-28547.99850868848
1259,1,A2C-MADRL,-27655.24007665911,-28469.596754611768
1260,1,A2C-MADRL,-27374.43465446489,-28469.99649565581
1261,1,A2C-MADRL,-27413.680983838785,-28390.657929794575
1262,1,A2C-MADRL,-30343.51634280476,-28479.566852946216
1263,1,A2C-MADRL,-27491.65927889476,-28400.43703396146
1264,1,A2C-MADRL,-29254.77009974112,-28447.290170091906
1265,1,A2C-MADRL,-27209.71031827848,-28447.110770298856
1266,1,A2C-MADRL,-28540.76995776734,-28336.732330452196
1267,1,A2C-MADRL,-29638.82925314336,-28325.845206268797
1268,1,A2C-MADRL,-28818.23813195175,-28382.212539500048
1269,1,A2C-MADRL,-27327.6752712016,-28349.106615071105
1270,1,A2C-MADRL,-26559.59578515983,-28316.72771397496
1271,1,A2C-MADRL,-28214.326279098797,-28316.04207436519
1272,1,A2C-MADRL,-27569.65724505549,-28269.057988954464
1273,1,A2C-MADRL,-27111.082555146968,-28174.13041222044
1274,1,A2C-MADRL,-28083.0727648982,-28176.054014015022
1275,1,A2C-MADRL,-28100.049652636702,-28161.880344805693
1276,1,A2C-MADRL,-27222.333827718445,-28104.93308945765
1277,1,A2C-MADRL,-26515.43011741298,-28041.716293187215
1278,1,A2C-MADRL,-28858.12084845749,-28034.79443558247
1279,1,A2C-MADRL,-26889.95222417532,-27949.521818476966
1280,1,A2C-MADRL,-29292.872239383403,-28072.587523464183
1281,1,A2C-MADRL,-28903.864347927367,-28069.71741278693
1282,1,A2C-MADRL,-29040.46382317718,-28119.09853266632
1283,1,A2C-MADRL,-30120.46311989577,-28141.992367955594
1284,1,A2C-MADRL,-27972.671808405663,-28154.689637225456
1285,1,A2C-MADRL,-28191.34738563041,-28187.36614647208
1286,1,A2C-MADRL,-28901.234262855163,-28246.868277632733
1287,1,A2C-MADRL,-26916.15396883296,-28109.77378267386
1288,1,A2C-MADRL,-27588.779706233578,-28113.658599767416
1289,1,A2C-MADRL,-28374.90424507757,-28078.46396558087
1290,1,A2C-MADRL,-29708.41761007927,-28178.412257252905
1291,1,A2C-MADRL,-29254.938582587463,-28206.979002245713
1292,1,A2C-MADRL,-28937.884527619677,-28178.94121322476
1293,1,A2C-MADRL,-30621.39407137455,-28251.06745080167
1294,1,A2C-MADRL,-28531.472314933,-28299.219332550932
1295,1,A2C-MADRL,-28668.904926194453,-28383.591698192315
1296,1,A2C-MADRL,-28701.684124365467,-28403.086012002983
1297,1,A2C-MADRL,-28549.45486290672,-28442.27791671703
1298,1,A2C-MADRL,-28479.410431911077,-28497.01103178759
1299,1,A2C-MADRL,-28524.49257829034,-28514.66782432328
1300,1,A2C-MADRL,-28318.55149218572,-28523.407897905243
1301,1,A2C-MADRL,-25952.507634302405,-28472.6148501686
1302,1,A2C-MADRL,-29804.863092761432,-28604.192169182537
1303,1,A2C-MADRL,-28526.745310093516,-28590.937147647976
1304,1,A2C-MADRL,-29371.92234811237,-28690.215952605464
1305,1,A2C-MADRL,-30224.228573930544,-28727.47020598735
1306,1,A2C-MADRL,-28766.14074709277,-28721.961261953962
1307,1,A2C-MADRL,-27170.9866350096,-28647.182174427264
1308,1,A2C-MADRL,-28071.903433769206,-28565.2397869822
1309,1,A2C-MADRL,-27810.39356303213,-28558.748657167256
1310,1,A2C-MADRL,-27708.104307818867,-28539.418934054793
1311,1,A2C-MADRL,-27634.61496307127,-28488.75416206344
1312,1,A2C-MADRL,-30738.47722999317,-28641.647092509847
1313,1,A2C-MADRL,-27816.207482901715,-28650.74420357657
1314,1,A2C-MADRL,-28628.209040213544,-28660.87639538201
1315,1,A2C-MADRL,-27553.701470535383,-28574.687749800258
1316,1,A2C-MADRL,-29938.862088163056,-28602.04469002328
1317,1,A2C-MADRL,-30538.88561548896,-28666.084733538053
1318,1,A2C-MADRL,-30955.964521025315,-28679.467551524085
1319,1,A2C-MADRL,-31618.30387460231,-28802.940813910853
1320,1,A2C-MADRL,-29045.972109653907,-28818.02350124923
1321,1,A2C-MADRL,-28616.87825947268,-28814.63126665352
1322,1,A2C-MADRL,-28215.02098895079,-28801.253911695283
1323,1,A2C-MADRL,-26798.291246590208,-28734.009144282452
1324,1,A2C-MADRL,-30300.56648715352,-28805.052100636978
1325,1,A2C-MADRL,-27424.663400487145,-28769.29657696903
1326,1,A2C-MADRL,-27734.57065171381,-28840.579097665486
1327,1,A2C-MADRL,-29601.776377264898,-28832.455629045628
1328,1,A2C-MADRL,-26253.32226913557,-28741.51870740731
1329,1,A2C-MADRL,-29956.93891156128,-28764.919369945266
1330,1,A2C-MADRL,-27376.4912034633,-28651.00987512658
1331,1,A2C-MADRL,-28848.279774554798,-28654.29543622506
1332,1,A2C-MADRL,-28265.41525954222,-28698.07258120636
1333,1,A2C-MADRL,-28159.88856652389,-28701.591986516545
1334,1,A2C-MADRL,-28746.09589679732,-28739.02007986716
1335,1,A2C-MADRL,-30795.56642700694,-28862.518564634676
1336,1,A2C-MADRL,-31564.75422358322,-29019.724135055156
1337,1,A2C-MADRL,-28747.21188581171,-28940.0735212879
1338,1,A2C-MADRL,-28747.824279541903,-28977.338193153508
1339,1,A2C-MADRL,-29350.04068486306,-29006.21145893949
1340,1,A2C-MADRL,-26450.65709122424,-28962.08968376704
1341,1,A2C-MADRL,-27655.98722348149,-28870.77468917978
1342,1,A2C-MADRL,-28435.49216986417,-28786.638951354787
1343,1,A2C-MADRL,-27622.97742579417,-28653.319467545538
1344,1,A2C-MADRL,-30110.45239702968,-28593.005408442634
1345,1,A2C-MADRL,-27223.757051596374,-28520.116806120335
1346,1,A2C-MADRL,-28715.55056332258,-28524.06369827433
1347,1,A2C-MADRL,-28957.053587214912,-28553.74500220489
1348,1,A2C-MADRL,-28508.438669997664,-28622.150899141194
1349,1,A2C-MADRL,-27688.73859418089,-28517.677783422292
1350,1,A2C-MADRL,-26449.247251494104,-28478.66113746257
1351,1,A2C-MADRL,-29595.71573895354,-28553.10694095216
1352,1,A2C-MADRL,-28908.6555212108,-28525.382106709993
1353,1,A2C-MADRL,-29693.988986499604,-28663.008775404553
1354,1,A2C-MADRL,-29690.1368544784,-28652.336693121237
1355,1,A2C-MADRL,-27253.238638827057,-28647.40659053579
1356,1,A2C-MADRL,-29741.555220682283,-28683.13760838089
1357,1,A2C-MADRL,-29014.617570643488,-28713.10570082494
1358,1,A2C-MADRL,-28090.168042507416,-28710.31687986428
1359,1,A2C-MADRL,-27839.514254646936,-28674.05361417826
1360,1,A2C-MADRL,-28284.894974473813,-28573.626756076945
1361,1,A2C-MADRL,-27385.06559126735,-28406.439210784305
1362,1,A2C-MADRL,-26817.863871084766,-28329.265290195224
1363,1,A2C-MADRL,-27987.82792131093,-28298.865435865988
1364,1,A2C-MADRL,-29906.392162369662,-28321.11949496625
1365,1,A2C-MADRL,-28140.49723833788,-28388.713100850797
1366,1,A2C-MADRL,-25271.33839318514,-28293.327147638942
1367,1,A2C-MADRL,-28686.84769752297,-28303.381368745297
1368,1,A2C-MADRL,-27157.926584025725,-28284.77933507456
1369,1,A2C-MADRL,-29697.333247779417,-28268.254569104545
1370,1,A2C-MADRL,-28356.270031989647,-28313.555088320278
1371,1,A2C-MADRL,-28831.719693270243,-28318.20185351819
1372,1,A2C-MADRL,-29192.653725485216,-28327.625859049
1373,1,A2C-MADRL,-27888.06896912248,-28302.811071013988
1374,1,A2C-MADRL,-27455.292193988014,-28293.473215006274
1375,1,A2C-MADRL,-26901.10072565679,-28311.547353972783
1376,1,A2C-MADRL,-28579.946048895785,-28270.91656637047
1377,1,A2C-MADRL,-28098.748091692152,-28238.52026918973
1378,1,A2C-MADRL,-28293.477322849383,-28182.499802643717
1379,1,A2C-MADRL,-28401.3591291497,-28130.94869363057
1380,1,A2C-MADRL,-26467.43283118561,-28099.51646132491
1381,1,A2C-MADRL,-25618.57185679594,-27934.597126769455
1382,1,A2C-MADRL,-30106.5660073104,-27978.275064236135
1383,1,A2C-MADRL,-28557.583010938957,-27996.9716629734
1384,1,A2C-MADRL,-28036.65522708992,-28004.857301871114
1385,1,A2C-MADRL,-26826.51310289417,-27946.52202700793
1386,1,A2C-MADRL,-27528.343255209395,-27952.25313356561
1387,1,A2C-MADRL,-26818.019841382466,-27952.25937237752
1388,1,A2C-MADRL,-29733.26647648665,-28022.07691458455
1389,1,A2C-MADRL,-31572.83431035296,-28088.73460050388
1390,1,A2C-MADRL,-24179.563008104516,-27930.297231294546
1391,1,A2C-MADRL,-28608.71015319723,-28063.79210169503
1392,1,A2C-MADRL,-27638.80946683384,-28021.870572467466
1393,1,A2C-MADRL,-27454.975208438827,-28033.752517443987
1394,1,A2C-MADRL,-31051.646654918102,-28087.925053729537
1395,1,A2C-MADRL,-26820.81462032649,-28026.50683726301
1396,1,A2C-MADRL,-26898.57965983166,-27949.181235925465
1397,1,A2C-MADRL,-27496.910418961656,-27881.351503664526
1398,1,A2C-MADRL,-27922.254299841017,-27882.718916893267
1399,1,A2C-MADRL,-28952.59407023718,-27942.61099194323
1400,1,A2C-MADRL,-26516.54390299577,-27927.22871903679
1401,1,A2C-MADRL,-26872.376825080115,-27858.925950084165
1402,1,A2C-MADRL,-26448.886181208603,-27792.931473664823
1403,1,A2C-MADRL,-26716.85059304066,-27729.866404472472
1404,1,A2C-MADRL,-28011.769325976893,-27714.282812345562
1405,1,A2C-MADRL,-26572.61394877071,-27718.490057048966
1406,1,A2C-MADRL,-28963.196805507974,-27852.275054997448
1407,1,A2C-MADRL,-27439.03454188308,-27745.573796380355
1408,1,A2C-MADRL,-30117.866280361617,-27807.985127157262
1409,1,A2C-MADRL,-25847.762254492787,-27720.429408253374
1410,1,A2C-MADRL,-27721.118003611915,-27756.213604282086
1411,1,A2C-MADRL,-27765.65828580649,-27765.706205505972
1412,1,A2C-MADRL,-27758.48293427572,-27803.324729221695
1413,1,A2C-MADRL,-28795.692535525617,-27765.821771583254
1414,1,A2C-MADRL,-28935.0382060528,-27660.30992741125
1415,1,A2C-MADRL,-28076.346435828727,-27816.181264520223
1416,1,A2C-MADRL,-26814.460777680342,-27744.41128949954
1417,1,A2C-MADRL,-27059.866493130125,-27721.2535705514
1418,1,A2C-MADRL,-28268.69606752249,-27753.80240491474
1419,1,A2C-MADRL,-25704.406142386182,-27539.912784413467
1420,1,A2C-MADRL,-27799.326436786672,-27579.053257071875
1421,1,A2C-MADRL,-25832.98994651641,-27536.42966853926
1422,1,A2C-MADRL,-26673.62395415675,-27503.498209947065
1423,1,A2C-MADRL,-27954.20577287465,-27504.77626886841
1424,1,A2C-MADRL,-27049.08536488782,-27428.635920654437
1425,1,A2C-MADRL,-26746.18948955914,-27437.821744116973
1426,1,A2C-MADRL,-25316.10306216588,-27375.570793600404
1427,1,A2C-MADRL,-26670.151522038464,-27384.421407233593
1428,1,A2C-MADRL,-26199.978814606628,-27363.746536096238
1429,1,A2C-MADRL,-25676.675537080657,-27270.342784540382
1430,1,A2C-MADRL,-26406.52686349257,-27263.699301129258
1431,1,A2C-MADRL,-27445.440638231863,-27202.989054438214
1432,1,A2C-MADRL,-27840.26860034794,-27219.03841677681
1433,1,A2C-MADRL,-26184.61476800037,-27061.708356282357
1434,1,A2C-MADRL,-26413.16574841804,-27084.32449603937
1435,1,A2C-MADRL,-25854.457492565925,-27009.658075597534
1436,1,A2C-MADRL,-28025.90314778681,-27020.067870076742
1437,1,A2C-MADRL,-26815.08460062555,-26982.331936730738
1438,1,A2C-MADRL,-27906.263271241543,-26946.754766159374
1439,1,A2C-MADRL,-29122.579395705125,-26954.256413745465
1440,1,A2C-MADRL,-27821.532816293,-26944.063868964036
1441,1,A2C-MADRL,-28164.081426088967,-26998.048694900386
1442,1,A2C-MADRL,-29068.7458059358,-27078.40386741261
1443,1,A2C-MADRL,-28296.52478428285,-27079.517016083024
1444,1,A2C-MADRL,-26411.32313013223,-27107.793695592867
1445,1,A2C-MADRL,-25916.638472855244,-27032.486177035607
1446,1,A2C-MADRL,-26992.677289739266,-27078.873670764522
1447,1,A2C-MADRL,-26655.06142436369,-27078.131169572804
1448,1,A2C-MADRL,-25371.27050169175,-26974.813758725486
1449,1,A2C-MADRL,-29213.438538446237,-27061.38788566782
1450,1,A2C-MADRL,-27382.38026548901,-27086.835516705014
1451,1,A2C-MADRL,-27240.651956082147,-27163.817472461666
1452,1,A2C-MADRL,-28436.88643023997,-27234.486868789725
1453,1,A2C-MADRL,-25923.38574230575,-27223.42314589769
1454,1,A2C-MADRL,-26668.806524448515,-27263.10838539241
1455,1,A2C-MADRL,-24261.100439640104,-27177.29132843831
1456,1,A2C-MADRL,-28081.16064352916,-27202.7201286502
1457,1,A2C-MADRL,-26365.696956139145,-27143.73726288185
1458,1,A2C-MADRL,-27976.48355289053,-27215.412014277455
1459,1,A2C-MADRL,-26574.959351245936,-27221.88375839057
1460,1,A2C-MADRL,-28117.32975612109,-27312.398648932776
1461,1,A2C-MADRL,-26440.714581340548,-27248.99110627493
1462,1,A2C-MADRL,-26993.65067098605,-27256.13374908935
1463,1,A2C-MADRL,-29219.82287139776,-27308.676133095592
1464,1,A2C-MADRL,-29804.159845579758,-27335.93935109058
1465,1,A2C-MADRL,-25690.699335137848,-27250.706011844377
1466,1,A2C-MADRL,-27567.46050728977,-27226.841175092402
1467,1,A2C-MADRL,-27454.90641494442,-27162.28759945275
1468,1,A2C-MADRL,-29065.533238700587,-27193.04793762946
1469,1,A2C-MADRL,-27953.772687608114,-27254.745919928493
1470,1,A2C-MADRL,-28399.39137249931,-27354.05603591426
1471,1,A2C-MADRL,-26526.839033885717,-27335.42250568012
1472,1,A2C-MADRL,-26373.850644321465,-27324.174074478426
1473,1,A2C-MADRL,-26410.806953957424,-27365.755532569052
1474,1,A2C-MADRL,-28481.37704480894,-27336.47307282356
1475,1,A2C-MADRL,-28321.293328320386,-27374.029595336822
1476,1,A2C-MADRL,-27825.1190943701,-27397.408280868334
1477,1,A2C-MADRL,-27622.665303846024,-27364.83943581258
1478,1,A2C-MADRL,-27521.195268951626,-27428.75181687841
1479,1,A2C-MADRL,-26312.697649823374,-27414.507461893405
1480,1,A2C-MADRL,-25648.29408622007,-27469.995207756605
1481,1,A2C-MADRL,-26838.55190912793,-27420.29085838056
1482,1,A2C-MADRL,-27842.56432937338,-27479.365553309923
1483,1,A2C-MADRL,-27011.731776641253,-27440.775482259956
1484,1,A2C-MADRL,-25902.698770731728,-27413.88505903939
1485,1,A2C-MADRL,-26344.76069587427,-27342.98229662951
1486,1,A2C-MADRL,-29012.26616794593,-27445.84436009373
1487,1,A2C-MADRL,-28809.43084793837,-27518.47556717182
1488,1,A2C-MADRL,-28746.268837563955,-27499.533405818467
1489,1,A2C-MADRL,-25363.723968328683,-27321.91597072843
1490,1,A2C-MADRL,-27481.429527210377,-27393.54517841133
1491,1,A2C-MADRL,-25808.164633649747,-27323.17334346573
1492,1,A2C-MADRL,-26052.09300458871,-27267.0608070515
1493,1,A2C-MADRL,-26364.479736860627,-27159.0186669779
1494,1,A2C-MADRL,-26531.703682292653,-27102.135906765285
1495,1,A2C-MADRL,-30356.73798022895,-27180.429771074465
1496,1,A2C-MADRL,-27779.495365761864,-27230.536024349512
1497,1,A2C-MADRL,-25835.98464400397,-27209.021384336815
1498,1,A2C-MADRL,-28322.862506579026,-27285.503606441678
1499,1,A2C-MADRL,-26333.90116555081,-27199.604571271353
1500,1,A2C-MADRL,-28799.656497363645,-27218.739098033086
1,1,TRPO-MADRL,-30593.648432351245,-30593.648432351245
2,1,TRPO-MADRL,-33248.08821985078,-31920.868326101016
3,1,TRPO-MADRL,-32297.73506468258,-32046.49057229487
4,1,TRPO-MADRL,-29867.03234565132,-31501.62601563398
5,1,TRPO-MADRL,-30220.59158581485,-31245.419129670154
6,1,TRPO-MADRL,-29622.63312335432,-30974.954795284182
7,1,TRPO-MADRL,-28005.49338872737,-30550.746022918924
8,1,TRPO-MADRL,-27915.27201496246,-30221.311771924367
9,1,TRPO-MADRL,-27135.84171230132,-29878.481765299584
10,1,TRPO-MADRL,-28520.68751626018,-29742.702340395645
11,1,TRPO-MADRL,-30354.83637615167,-29798.350889100737
12,1,TRPO-MADRL,-30064.17750068463,-29820.503106732725
13,1,TRPO-MADRL,-28672.698145275583,-29732.21041738987
14,1,TRPO-MADRL,-28669.82002714768,-29656.325389515427
15,1,TRPO-MADRL,-28983.158422537897,-29611.447591716926
16,1,TRPO-MADRL,-30503.564191756774,-29667.204879219415
17,1,TRPO-MADRL,-27253.5491027274,-29525.225127661062
18,1,TRPO-MADRL,-30561.640390237164,-29582.803753359734
19,1,TRPO-MADRL,-31834.443507210744,-29701.311108825576
20,1,TRPO-MADRL,-29982.63699328641,-29715.377403048617
21,1,TRPO-MADRL,-28165.02470986387,-29641.55108432554
22,1,TRPO-MADRL,-26862.78378257058,-29515.243479700308
23,1,TRPO-MADRL,-28323.88637089527,-29463.445344534874
24,1,TRPO-MADRL,-29236.185263559382,-29453.976174494226
25,1,TRPO-MADRL,-28361.39686206002,-29410.273001996862
26,1,TRPO-MADRL,-30130.47645770981,-29391.746123011202
27,1,TRPO-MADRL,-26964.30506592284,-29140.394796854085
28,1,TRPO-MADRL,-25420.351621951537,-28865.29945914484
29,1,TRPO-MADRL,-29372.094064387285,-28845.50192789428
30,1,TRPO-MADRL,-28783.477609006743,-28788.01736882196
31,1,TRPO-MADRL,-27686.45462911335,-28710.57022905232
32,1,TRPO-MADRL,-25927.633942523567,-28627.455851204166
33,1,TRPO-MADRL,-29222.711799843502,-28679.75344259941
34,1,TRPO-MADRL,-23066.042634125373,-28516.961479472368
35,1,TRPO-MADRL,-30962.82534363776,-28614.646992567476
36,1,TRPO-MADRL,-24472.398973765896,-28379.349496472045
37,1,TRPO-MADRL,-26863.744551017477,-28251.332178485358
38,1,TRPO-MADRL,-25131.35667141759,-28109.678519531037
39,1,TRPO-MADRL,-26286.236648112223,-28014.33518436962
40,1,TRPO-MADRL,-27646.90216150276,-27960.88493392821
41,1,TRPO-MADRL,-27430.71622293449,-27837.97101517532
42,1,TRPO-MADRL,-28172.52908716361,-27874.730214552772
43,1,TRPO-MADRL,-27929.08184087184,-27769.42787257816
44,1,TRPO-MADRL,-27960.30745634928,-27614.4624305437
45,1,TRPO-MADRL,-28546.357111148995,-27557.011235258204
46,1,TRPO-MADRL,-26653.326554409206,-27496.543309040015
47,1,TRPO-MADRL,-25326.416680350663,-27435.08862495122
48,1,TRPO-MADRL,-26516.50709012677,-27362.79345372048
49,1,TRPO-MADRL,-26491.254187085404,-27252.99621066152
50,1,TRPO-MADRL,-28245.57517968891,-27248.363343366673
51,1,TRPO-MADRL,-26433.99295636453,-27100.50400331286
52,1,TRPO-MADRL,-29195.22375490574,-27189.74075087218
53,1,TRPO-MADRL,-27645.326021436227,-27278.739726851567
54,1,TRPO-MADRL,-28090.585949570064,-27227.47940225888
55,1,TRPO-MADRL,-25839.91901633721,-27109.7370585521
56,1,TRPO-MADRL,-24606.257028643005,-26986.529154533284
57,1,TRPO-MADRL,-27652.34090997699,-27055.517433231416
58,1,TRPO-MADRL,-25574.82435177021,-26909.60193530849
59,1,TRPO-MADRL,-30591.67906286993,-27210.627392458275
60,1,TRPO-MADRL,-29651.201143603364,-27158.162424456892
61,1,TRPO-MADRL,-30560.209635224608,-27401.674850915242
62,1,TRPO-MADRL,-30464.2944264804,-27545.696845933762
63,1,TRPO-MADRL,-23860.809584655868,-27494.87496246329
64,1,TRPO-MADRL,-24486.684023650385,-27422.89285748482
65,1,TRPO-MADRL,-23461.280094608635,-27255.46797480905
66,1,TRPO-MADRL,-35782.048980952626,-27589.52128512978
67,1,TRPO-MADRL,-36282.93015549055,-27913.937327862855
68,1,TRPO-MADRL,-21786.88633212236,-27668.24950751288
69,1,TRPO-MADRL,-21714.013914724303,-27418.397765847876
70,1,TRPO-MADRL,-35826.031767623026,-27709.58475210684
71,1,TRPO-MADRL,-38165.16093845406,-28170.058127468634
72,1,TRPO-MADRL,-34976.97601778775,-28556.080500966116
73,1,TRPO-MADRL,-37440.43050842665,-28993.037437698116
74,1,TRPO-MADRL,-21350.44806281065,-28787.40519272712
75,1,TRPO-MADRL,-41034.47175721862,-29298.96105582831
76,1,TRPO-MADRL,-37183.911627615584,-29728.957802678357
77,1,TRPO-MADRL,-20495.433588970584,-29380.96619604095
78,1,TRPO-MADRL,-38278.25520423079,-29806.28336335273
79,1,TRPO-MADRL,-39705.92337629592,-30270.896860421763
80,1,TRPO-MADRL,-38615.01294316458,-30781.90061749486
81,1,TRPO-MADRL,-19222.80117243204,-30566.562383246423
82,1,TRPO-MADRL,-40560.607199327314,-31082.89303482043
83,1,TRPO-MADRL,-38093.73966406415,-31583.64964731219
84,1,TRPO-MADRL,-39142.900240579285,-31925.698494420565
85,1,TRPO-MADRL,-37749.701417697615,-32249.638505384337
86,1,TRPO-MADRL,-39720.45790206866,-32616.048436058092
87,1,TRPO-MADRL,-19594.71568079996,-32181.26528623088
88,1,TRPO-MADRL,-37996.6827802518,-32746.700214054716
89,1,TRPO-MADRL,-18325.402450393914,-32500.248951124457
90,1,TRPO-MADRL,-18514.149747782685,-32302.36373725142
91,1,TRPO-MADRL,-40375.14632828653,-32486.087631144776
92,1,TRPO-MADRL,-40799.89073926504,-32666.766054495754
93,1,TRPO-MADRL,-38615.79446071228,-33339.92237963935
94,1,TRPO-MADRL,-18051.880194338133,-33193.43703082391
95,1,TRPO-MADRL,-40569.30669045469,-33383.16802773717
96,1,TRPO-MADRL,-40568.75315375103,-33479.31171634905
97,1,TRPO-MADRL,-40386.94895643229,-33695.710633894836
98,1,TRPO-MADRL,-39911.08343834616,-33794.53675109161
99,1,TRPO-MADRL,-18067.84408124581,-33663.23259182902
100,1,TRPO-MADRL,-40762.86937942299,-33652.368496717194
101,1,TRPO-MADRL,-17986.16341616621,-32884.458568259215
102,1,TRPO-MADRL,-38669.695323912616,-33611.4290376569
103,1,TRPO-MADRL,-17944.04835317103,-32798.06076361451
104,1,TRPO-MADRL,-17875.646583731384,-31924.849691911928
105,1,TRPO-MADRL,-17997.828496033835,-31100.162314026697
106,1,TRPO-MADRL,-40088.99153711006,-31934.809928613817
107,1,TRPO-MADRL,-18535.228818749994,-31053.794793390723
108,1,TRPO-MADRL,-38173.62107455658,-31056.990049810425
109,1,TRPO-MADRL,-39773.93197413176,-31082.23131915252
110,1,TRPO-MADRL,-17911.876529425557,-30288.718323621637
111,1,TRPO-MADRL,-17970.01282349108,-29418.700520478535
112,1,TRPO-MADRL,-17882.382715670406,-29350.207201873352
113,1,TRPO-MADRL,-39802.30534948813,-29422.432104642805
114,1,TRPO-MADRL,-41068.575045540456,-30332.159008448667
115,1,TRPO-MADRL,-40508.202683502415,-31211.92112587746
116,1,TRPO-MADRL,-39744.91565823914,-31186.71189907556
117,1,TRPO-MADRL,-18040.366633748246,-30276.33093485489
118,1,TRPO-MADRL,-18040.870362167403,-29453.333970913096
119,1,TRPO-MADRL,-41401.45816821697,-30387.317089868247
120,1,TRPO-MADRL,-41545.62282886455,-30426.369735404645
121,1,TRPO-MADRL,-40775.54418161839,-30434.64137651934
122,1,TRPO-MADRL,-17942.780854356748,-29536.874652436316
123,1,TRPO-MADRL,-40252.32926900062,-29550.524485662496
124,1,TRPO-MADRL,-40332.71691573151,-30441.11939904192
125,1,TRPO-MADRL,-18176.233310998803,-29537.653956304955
126,1,TRPO-MADRL,-17766.992333471557,-29528.88711299717
127,1,TRPO-MADRL,-39349.38878139895,-29556.074851296624
128,1,TRPO-MADRL,-40793.05976367444,-30470.03530771676
129,1,TRPO-MADRL,-40328.22140612692,-31368.13830061258
130,1,TRPO-MADRL,-40646.78823973314,-32274.096690360555
131,1,TRPO-MADRL,-39991.470937364094,-32270.195866370712
132,1,TRPO-MADRL,-39326.86655329551,-33101.86137575253
133,1,TRPO-MADRL,-39541.38902324007,-33156.57209369987
134,1,TRPO-MADRL,-40903.79133031707,-33201.76646794729
135,1,TRPO-MADRL,-37850.18167671669,-33999.29867383894
136,1,TRPO-MADRL,-40156.66538889952,-34886.76477645527
137,1,TRPO-MADRL,-40404.298244809,-35787.64139762081
138,1,TRPO-MADRL,-17861.392861943288,-34910.00489811902
139,1,TRPO-MADRL,-39702.40599319762,-34855.3581360253
140,1,TRPO-MADRL,-39566.79636670448,-34817.70188335339
141,1,TRPO-MADRL,-38854.10091337343,-34782.06929355876
142,1,TRPO-MADRL,-38707.45302709828,-35608.75274929276
143,1,TRPO-MADRL,-17880.5055237079,-35602.33815575438
144,1,TRPO-MADRL,-40293.34263328492,-35558.0135343571
145,1,TRPO-MADRL,-41147.83819330335,-35542.102148934646
146,1,TRPO-MADRL,-18014.532944987342,-34631.66169946941
147,1,TRPO-MADRL,-18003.128779401213,-34634.07561647119
148,1,TRPO-MADRL,-18228.23263297339,-33753.1117510301
149,1,TRPO-MADRL,-41261.72085367603,-33790.27190854788
150,1,TRPO-MADRL,-17988.029587574612,-33782.74375961091
151,1,TRPO-MADRL,-17985.42869728169,-33791.481214163316
152,1,TRPO-MADRL,-41674.28150227078,-33884.4769229982
153,1,TRPO-MADRL,-18406.25318371159,-32989.00465979968
154,1,TRPO-MADRL,-18350.630836885484,-32109.90103703002
155,1,TRPO-MADRL,-18463.308414301064,-31222.561844012736
156,1,TRPO-MADRL,-39951.20650381491,-31220.95126667077
157,1,TRPO-MADRL,-39505.50692593129,-31228.0968815762
158,1,TRPO-MADRL,-39246.044320305446,-31216.283093458813
159,1,TRPO-MADRL,-17928.62851780135,-30297.276580958183
160,1,TRPO-MADRL,-40610.855833205394,-30407.703547217734
161,1,TRPO-MADRL,-18509.81594112116,-29541.829569306603
162,1,TRPO-MADRL,-18253.72057745768,-28655.80646261254
163,1,TRPO-MADRL,-18053.94268517045,-28663.508455541636
164,1,TRPO-MADRL,-17910.007726178996,-27791.812524860892
165,1,TRPO-MADRL,-18120.75654844889,-26933.970932130665
166,1,TRPO-MADRL,-39423.87163835436,-26956.7617611299
167,1,TRPO-MADRL,-37539.87088814135,-26910.058475571623
168,1,TRPO-MADRL,-39519.58371376482,-27775.621603173902
169,1,TRPO-MADRL,-38616.32187472092,-27708.540772831344
170,1,TRPO-MADRL,-38804.25125346621,-27614.79729523786
171,1,TRPO-MADRL,-18115.05560288806,-27618.81820155388
172,1,TRPO-MADRL,-17924.142737055332,-27615.658759860053
173,1,TRPO-MADRL,-17991.233914692093,-27606.1788111288
174,1,TRPO-MADRL,-17824.632501412012,-26668.695277038234
175,1,TRPO-MADRL,-17883.49870349163,-26664.514041674916
176,1,TRPO-MADRL,-18168.35842890764,-26671.83123093996
177,1,TRPO-MADRL,-17988.01772417312,-25724.380679816044
178,1,TRPO-MADRL,-18196.818244362825,-25716.003282242094
179,1,TRPO-MADRL,-17942.255317202194,-25699.668261454768
180,1,TRPO-MADRL,-18295.94500766336,-25692.97372518926
181,1,TRPO-MADRL,-17854.06423268702,-24809.088034344142
182,1,TRPO-MADRL,-17977.9808096755,-23947.986989693913
183,1,TRPO-MADRL,-17794.983429794112,-23089.94455407346
184,1,TRPO-MADRL,-17965.997082716814,-23091.439296670076
185,1,TRPO-MADRL,-18200.48341857232,-22195.024400084756
186,1,TRPO-MADRL,-18046.14854297886,-22176.477704159057
187,1,TRPO-MADRL,-17807.661068281235,-22158.635323792
188,1,TRPO-MADRL,-17897.72481580825,-22152.386609017514
189,1,TRPO-MADRL,-17890.578897132025,-22151.609455855636
190,1,TRPO-MADRL,-17951.139468036774,-22144.82477263915
191,1,TRPO-MADRL,-18053.06882551457,-21289.992660125557
192,1,TRPO-MADRL,-41951.34260693671,-21466.451528877373
193,1,TRPO-MADRL,-41760.685936891896,-21556.09561780246
194,1,TRPO-MADRL,-42210.28143830014,-21699.854000345626
195,1,TRPO-MADRL,-18499.41643157444,-20887.660607469956
196,1,TRPO-MADRL,-18279.510694827324,-20894.238811147527
197,1,TRPO-MADRL,-18237.999500890568,-20906.793081700936
198,1,TRPO-MADRL,-18453.679536316544,-20925.290906565915
199,1,TRPO-MADRL,-18352.24911834229,-20946.395571243123
200,1,TRPO-MADRL,-40627.44909571238,-21856.153586931956
201,1,TRPO-MADRL,-39722.99072263196,-22718.33887868093
202,1,TRPO-MADRL,-40256.64000344255,-23609.083769851703
203,1,TRPO-MADRL,-39541.64475032715,-24462.87683009028
204,1,TRPO-MADRL,-40336.67318633913,-25358.653544855755
205,1,TRPO-MADRL,-18431.77033782601,-25364.086558062263
206,1,TRPO-MADRL,-39516.03778276903,-26230.565500065546
207,1,TRPO-MADRL,-17951.611708926743,-26229.510736035594
208,1,TRPO-MADRL,-40980.11846529861,-27156.916137455777
209,1,TRPO-MADRL,-18137.9780758985,-27163.79537718304
210,1,TRPO-MADRL,-18007.480643042018,-27156.07526616183
211,1,TRPO-MADRL,-40902.23698578852,-28070.318803874212
212,1,TRPO-MADRL,-40952.19283136472,-28996.100074397553
213,1,TRPO-MADRL,-40682.69189532587,-29907.498757578254
214,1,TRPO-MADRL,-17928.97613050863,-29909.034646913326
215,1,TRPO-MADRL,-17865.556671184393,-29905.611335039226
216,1,TRPO-MADRL,-17945.185317104566,-29901.29599470283
217,1,TRPO-MADRL,-18023.15856554209,-28944.168633047044
218,1,TRPO-MADRL,-41408.46371977516,-28930.079744362374
219,1,TRPO-MADRL,-17947.301238865122,-27959.560536384975
220,1,TRPO-MADRL,-18270.547907991226,-27950.405795441646
221,1,TRPO-MADRL,-18356.794149429163,-27953.497133625715
222,1,TRPO-MADRL,-41696.8186864412,-28891.849901047746
223,1,TRPO-MADRL,-41422.208156256136,-29810.59104584533
224,1,TRPO-MADRL,-18008.091539797562,-29796.824742703535
225,1,TRPO-MADRL,-41242.77819264232,-29821.437906580733
226,1,TRPO-MADRL,-18120.877476744856,-28957.35337674525
227,1,TRPO-MADRL,-18060.28505845681,-28069.499178945818
228,1,TRPO-MADRL,-41524.35125250653,-28148.807439032997
229,1,TRPO-MADRL,-18199.44545018603,-27263.31832958687
230,1,TRPO-MADRL,-41812.69930421602,-28198.555488242473
231,1,TRPO-MADRL,-41699.38048445959,-28285.889196310094
232,1,TRPO-MADRL,-41910.44068393852,-29244.24235531057
233,1,TRPO-MADRL,-42334.74032544581,-29298.427229716453
234,1,TRPO-MADRL,-41030.19137477604,-30214.115761671554
235,1,TRPO-MADRL,-41873.72847918594,-31168.765675117313
236,1,TRPO-MADRL,-41285.86459381094,-31184.110779438204
237,1,TRPO-MADRL,-40706.121609512775,-31174.267930564132
238,1,TRPO-MADRL,-41065.9566442073,-31189.59852051939
239,1,TRPO-MADRL,-40727.22460359145,-32101.5284594427
240,1,TRPO-MADRL,-40833.45959946195,-33020.24457657381
241,1,TRPO-MADRL,-40438.72060900564,-33919.98598824985
242,1,TRPO-MADRL,-40920.17564387826,-34835.86667138329
243,1,TRPO-MADRL,-41192.026527567694,-34827.209183695
244,1,TRPO-MADRL,-41173.14941672015,-35756.2431108092
245,1,TRPO-MADRL,-40898.3735119641,-36661.35613496811
246,1,TRPO-MADRL,-41717.12763447461,-37595.769474369925
247,1,TRPO-MADRL,-40395.17182227853,-37543.70359980342
248,1,TRPO-MADRL,-40595.81108515842,-37510.64771695952
249,1,TRPO-MADRL,-39780.8951709946,-38381.559862207396
250,1,TRPO-MADRL,-39891.93106903275,-38327.525977263016
251,1,TRPO-MADRL,-39381.94289490635,-39177.96859398947
252,1,TRPO-MADRL,-41524.82709031199,-40116.55027526368
253,1,TRPO-MADRL,-41106.93738140658,-40099.85372041968
254,1,TRPO-MADRL,-40223.82063609981,-40980.828727856235
255,1,TRPO-MADRL,-40722.98212848028,-40937.2400408268
256,1,TRPO-MADRL,-40498.06063655931,-40889.18724691079
257,1,TRPO-MADRL,-40756.81681154088,-40843.042292014885
258,1,TRPO-MADRL,-18403.068968778876,-39885.775437748205
259,1,TRPO-MADRL,-40488.96296416018,-39864.12630132357
260,1,TRPO-MADRL,-40306.10019115782,-39801.42116980245
261,1,TRPO-MADRL,-40040.02783024097,-39751.58769925965
262,1,TRPO-MADRL,-40690.867848027134,-39750.97754880022
263,1,TRPO-MADRL,-39691.30902625331,-39695.99164408207
264,1,TRPO-MADRL,-40876.62345237944,-39701.96759803358
265,1,TRPO-MADRL,-41015.69585500345,-39709.25704825524
266,1,TRPO-MADRL,-40990.39391647972,-39731.32398055421
267,1,TRPO-MADRL,-40343.12660941042,-39708.24201917549
268,1,TRPO-MADRL,-40520.127329102776,-39681.366051236895
269,1,TRPO-MADRL,-41187.20797277122,-39681.92839347894
270,1,TRPO-MADRL,-40911.986195621226,-39682.472900825225
271,1,TRPO-MADRL,-40381.06922986759,-39629.03056464095
272,1,TRPO-MADRL,-40684.233956489785,-39640.5930500094
273,1,TRPO-MADRL,-41357.17389139251,-39671.047562258755
274,1,TRPO-MADRL,-41393.61522090816,-39735.5563642553
275,1,TRPO-MADRL,-40443.90979643473,-39757.63551335138
276,1,TRPO-MADRL,-40936.24164486608,-39819.80746334977
277,1,TRPO-MADRL,-40984.27778813648,-39798.185491262746
278,1,TRPO-MADRL,-40765.48893481614,-39784.52755339913
279,1,TRPO-MADRL,-41266.68790836356,-39826.24224428968
280,1,TRPO-MADRL,-41370.1847293489,-39852.13034832443
281,1,TRPO-MADRL,-40062.19364137868,-39834.6956685172
282,1,TRPO-MADRL,-41494.48503997124,-39864.202397654415
283,1,TRPO-MADRL,-40180.70471725724,-40735.30782759355
284,1,TRPO-MADRL,-39675.66591796416,-40702.77594574571
285,1,TRPO-MADRL,-40972.36287799548,-40729.42645321922
286,1,TRPO-MADRL,-40448.37635354167,-40745.76039415124
287,1,TRPO-MADRL,-40745.09348035958,-40747.92941944454
288,1,TRPO-MADRL,-40872.21301463095,-40795.16557897964
289,1,TRPO-MADRL,-40689.32815135412,-40787.673766938635
290,1,TRPO-MADRL,-41352.68784585397,-40801.15344657266
291,1,TRPO-MADRL,-40976.07814847489,-40800.58081585246
292,1,TRPO-MADRL,-40896.90563408676,-40822.73197683952
293,1,TRPO-MADRL,-40685.818024603504,-40829.35960465954
294,1,TRPO-MADRL,-40875.1481304115,-40816.877210965155
295,1,TRPO-MADRL,-41292.27910945971,-40832.08892751869
296,1,TRPO-MADRL,-40869.63496314219,-40851.63155684968
297,1,TRPO-MADRL,-41390.91488882672,-40879.898794143155
298,1,TRPO-MADRL,-41327.71325715134,-40878.72036877352
299,1,TRPO-MADRL,-41210.85648974509,-40871.410019526986
300,1,TRPO-MADRL,-40434.166961118885,-40871.02030611435
301,1,TRPO-MADRL,-40988.87858985558,-40873.12578391393
302,1,TRPO-MADRL,-40375.72748407624,-40848.78377175153
303,1,TRPO-MADRL,-40565.92842055952,-40840.80135118126
304,1,TRPO-MADRL,-40756.377223051735,-40820.38892376879
305,1,TRPO-MADRL,-40826.58263860799,-40798.64484013915
306,1,TRPO-MADRL,-40946.14186885815,-40834.00276923832
307,1,TRPO-MADRL,-40682.67024988685,-40801.53017763495
308,1,TRPO-MADRL,-40269.73210078098,-40805.0912729759
309,1,TRPO-MADRL,-41060.54798156576,-40860.48655551997
310,1,TRPO-MADRL,-41139.39914539055,-40867.16800621577
311,1,TRPO-MADRL,-40840.75764073955,-40882.863257703684
312,1,TRPO-MADRL,-41108.2263701536,-40897.388573295444
313,1,TRPO-MADRL,-40714.570141934266,-40891.08285838758
314,1,TRPO-MADRL,-38705.99845867821,-40811.74967068054
315,1,TRPO-MADRL,-41059.35981704055,-40800.01654952801
316,1,TRPO-MADRL,-39748.66251674032,-40750.919924258626
317,1,TRPO-MADRL,-41431.15350119289,-40772.28983894287
318,1,TRPO-MADRL,-41382.95327744058,-40800.17524905635
319,1,TRPO-MADRL,-40740.50733838055,-40794.789617375114
320,1,TRPO-MADRL,-41018.73891876982,-40783.84800974752
321,1,TRPO-MADRL,-40987.97494333419,-40788.581608955195
322,1,TRPO-MADRL,-41434.26269885976,-40790.31552135652
323,1,TRPO-MADRL,-41497.59204166777,-40797.11067273717
324,1,TRPO-MADRL,-41041.17258961267,-40790.323316731876
325,1,TRPO-MADRL,-41069.20241107848,-40815.72473473026
326,1,TRPO-MADRL,-41071.367645241175,-40819.02429694569
327,1,TRPO-MADRL,-41325.23011187847,-40857.00440205778
328,1,TRPO-MADRL,-40691.41406404775,-40862.023827797304
329,1,TRPO-MADRL,-41406.058320733886,-40888.01107170459
330,1,TRPO-MADRL,-40933.74992447322,-40892.2977631392
331,1,TRPO-MADRL,-40878.10369837063,-40889.5762363197
332,1,TRPO-MADRL,-41365.24381472625,-40916.879178913274
333,1,TRPO-MADRL,-41579.30951539288,-40969.26227549775
334,1,TRPO-MADRL,-41248.94546979914,-40976.798175027085
335,1,TRPO-MADRL,-41210.31300152849,-40979.6347292726
336,1,TRPO-MADRL,-41413.786897153215,-41002.55589952915
337,1,TRPO-MADRL,-41584.052082937895,-41021.588928040524
338,1,TRPO-MADRL,-41446.93879329493,-41050.88367409495
339,1,TRPO-MADRL,-40907.701145944986,-41138.95178158562
340,1,TRPO-MADRL,-41336.46140495034,-41150.035845102015
341,1,TRPO-MADRL,-40083.13316039965,-41163.41467084838
342,1,TRPO-MADRL,-41476.03091741356,-41165.20976749721
343,1,TRPO-MADRL,-40727.04751838039,-41138.97353713481
344,1,TRPO-MADRL,-40618.86227793952,-41134.10773471717
345,1,TRPO-MADRL,-41084.298472074064,-41136.73011684933
346,1,TRPO-MADRL,-41029.29817469501,-41138.383046103765
347,1,TRPO-MADRL,-40622.08797378005,-41105.89605710058
348,1,TRPO-MADRL,-41578.50757356686,-41109.13267837654
349,1,TRPO-MADRL,-41507.63428989498,-41127.79114638783
350,1,TRPO-MADRL,-41640.43804522323,-41150.640571753625
351,1,TRPO-MADRL,-41104.75713866262,-41151.97615149048
352,1,TRPO-MADRL,-41345.93341049944,-41152.80428343532
353,1,TRPO-MADRL,-41026.23202767345,-41166.19700198035
354,1,TRPO-MADRL,-41085.003722059984,-41153.3548180334
355,1,TRPO-MADRL,-41045.208955479895,-41157.81317927366
356,1,TRPO-MADRL,-41068.91143952709,-41165.44548891992
357,1,TRPO-MADRL,-41163.754437741976,-41157.385913840546
358,1,TRPO-MADRL,-41109.84125215257,-41138.60718331093
359,1,TRPO-MADRL,-40267.970945306864,-41099.368202331236
360,1,TRPO-MADRL,-40952.7446139356,-41089.065466827524
361,1,TRPO-MADRL,-41080.26894539781,-41075.72474875731
362,1,TRPO-MADRL,-41246.10677845268,-41062.2069365779
363,1,TRPO-MADRL,-40966.50466295116,-41042.98957136415
364,1,TRPO-MADRL,-41099.13188179256,-41050.64680079805
365,1,TRPO-MADRL,-40950.99397466376,-41035.22810358659
366,1,TRPO-MADRL,-41165.22739834467,-41078.51187310439
367,1,TRPO-MADRL,-40976.39821002957,-41058.526564809035
368,1,TRPO-MADRL,-41384.67166479271,-41084.83153066552
369,1,TRPO-MADRL,-41079.84669431814,-41103.27090732067
370,1,TRPO-MADRL,-41176.40298868983,-41106.9550879853
371,1,TRPO-MADRL,-41451.99427859263,-41123.8629321412
372,1,TRPO-MADRL,-41251.675372802216,-41149.04642810209
373,1,TRPO-MADRL,-41317.86938794626,-41138.62090067726
374,1,TRPO-MADRL,-41528.58281743078,-41139.4588417787
375,1,TRPO-MADRL,-41077.77151236826,-41116.9521804645
376,1,TRPO-MADRL,-41534.213100034525,-41134.130418919376
377,1,TRPO-MADRL,-41238.9595182656,-41129.85146323002
378,1,TRPO-MADRL,-41254.06538297949,-41138.96479744227
379,1,TRPO-MADRL,-41491.69661288295,-41155.232513075185
380,1,TRPO-MADRL,-40862.27687076119,-41147.915229686434
381,1,TRPO-MADRL,-41401.44265715778,-41161.21647839166
382,1,TRPO-MADRL,-41488.74452724408,-41174.21608197175
383,1,TRPO-MADRL,-40949.91577222958,-41167.819062774826
384,1,TRPO-MADRL,-41169.28357994136,-41203.871568160204
385,1,TRPO-MADRL,-40794.84556589455,-41197.555606238566
386,1,TRPO-MADRL,-41349.41957896245,-41208.32163158115
387,1,TRPO-MADRL,-41314.56590414482,-41211.059996608834
388,1,TRPO-MADRL,-41198.28950512979,-41220.33139029598
389,1,TRPO-MADRL,-41121.02418016252,-41221.20708223078
390,1,TRPO-MADRL,-41263.39138676226,-41233.702978714726
391,1,TRPO-MADRL,-40947.752316144775,-41225.00397542673
392,1,TRPO-MADRL,-41250.33177865647,-41235.9613181718
393,1,TRPO-MADRL,-40819.29799494607,-41213.346371377935
394,1,TRPO-MADRL,-41414.37199233762,-41226.72738329871
395,1,TRPO-MADRL,-41247.25405820824,-41229.561426079454
396,1,TRPO-MADRL,-40700.62586878961,-41199.50668968733
397,1,TRPO-MADRL,-40269.79613821348,-41160.23152030378
398,1,TRPO-MADRL,-40869.77379236155,-41142.30769648039
399,1,TRPO-MADRL,-40438.15066424029,-41098.69041035277
400,1,TRPO-MADRL,-40927.56437516537,-41092.68212486465
401,1,TRPO-MADRL,-40245.928866708215,-41041.150755531606
402,1,TRPO-MADRL,-40760.6297061052,-41022.01756304519
403,1,TRPO-MADRL,-40785.87982758439,-41003.290140829384
404,1,TRPO-MADRL,-41006.91954153983,-40983.89905797566
405,1,TRPO-MADRL,-41167.16891906691,-40996.09473990789
406,1,TRPO-MADRL,-40606.07508034574,-40964.28003683541
407,1,TRPO-MADRL,-40681.13782238696,-40931.975768641125
408,1,TRPO-MADRL,-40825.68600001157,-40927.0065777524
409,1,TRPO-MADRL,-40764.13403270135,-40910.8005958628
410,1,TRPO-MADRL,-40322.49358606791,-40891.90651666974
411,1,TRPO-MADRL,-40567.858737302784,-40860.64408300335
412,1,TRPO-MADRL,-41017.11465440483,-40848.746033013755
413,1,TRPO-MADRL,-40668.60162327122,-40827.55851773941
414,1,TRPO-MADRL,-40939.76578063911,-40820.30818175847
415,1,TRPO-MADRL,-41022.32975652761,-40810.66571654908
416,1,TRPO-MADRL,-40533.03688829795,-40794.077099435206
417,1,TRPO-MADRL,-40767.71745100053,-40774.772526328976
418,1,TRPO-MADRL,-39764.65611122581,-40732.58685098016
419,1,TRPO-MADRL,-40603.05172039222,-40700.13404010235
420,1,TRPO-MADRL,-39968.40712233055,-40648.980162667234
421,1,TRPO-MADRL,-40170.20981350816,-40627.76352045598
422,1,TRPO-MADRL,-40978.30063566929,-40656.10370035421
423,1,TRPO-MADRL,-41482.91663267376,-40680.6294139667
424,1,TRPO-MADRL,-40810.8636719703,-40695.537934275904
425,1,TRPO-MADRL,-41074.37725776144,-40701.410449579744
426,1,TRPO-MADRL,-39764.96225890641,-40682.171785267674
427,1,TRPO-MADRL,-39620.09276060983,-40636.550307447855
428,1,TRPO-MADRL,-39800.83825111287,-40597.148644388995
429,1,TRPO-MADRL,-40178.200289998655,-40563.99987432735
430,1,TRPO-MADRL,-40327.94388692538,-40530.43087304169
431,1,TRPO-MADRL,-40457.18172634576,-40524.47513888169
432,1,TRPO-MADRL,-39952.41391759375,-40495.32618268996
433,1,TRPO-MADRL,-39790.88144387274,-40453.93400044441
434,1,TRPO-MADRL,-40249.64668045106,-40433.3545063544
435,1,TRPO-MADRL,-40298.34727913044,-40432.3886540769
436,1,TRPO-MADRL,-39784.17567129743,-40401.04133143669
437,1,TRPO-MADRL,-39708.095050684686,-40348.68054728788
438,1,TRPO-MADRL,-40021.31678393844,-40322.78915371457
439,1,TRPO-MADRL,-39735.67842187216,-40274.62565936389
440,1,TRPO-MADRL,-40138.04158881767,-40239.25413265549
441,1,TRPO-MADRL,-40521.85430986576,-40238.8068295182
442,1,TRPO-MADRL,-39959.68653957738,-40206.48559306128
443,1,TRPO-MADRL,-39961.76510301058,-40214.36995273267
444,1,TRPO-MADRL,-40464.3459477072,-40208.82172182527
445,1,TRPO-MADRL,-18691.92594411776,-39357.762474696756
446,1,TRPO-MADRL,-41155.91453617504,-39397.19066360343
447,1,TRPO-MADRL,-41600.02184600491,-39422.05951201686
448,1,TRPO-MADRL,-40983.07395966698,-39402.06580509659
449,1,TRPO-MADRL,-40565.51308339016,-39392.25178155338
450,1,TRPO-MADRL,-40212.52240708698,-39357.7775875264
451,1,TRPO-MADRL,-41246.27770364264,-39417.03020531585
452,1,TRPO-MADRL,-18661.15599862761,-38578.67273483656
453,1,TRPO-MADRL,-18791.55945463442,-37738.30158297742
454,1,TRPO-MADRL,-38296.08284944789,-37663.01688535539
455,1,TRPO-MADRL,-40030.79632835849,-37651.13098301272
456,1,TRPO-MADRL,-19301.062717209745,-36804.88622264728
457,1,TRPO-MADRL,-35628.007589532164,-36631.90996952481
458,1,TRPO-MADRL,-37850.15327401628,-36554.28084273055
459,1,TRPO-MADRL,-37328.759495358296,-36437.44535532685
460,1,TRPO-MADRL,-18773.159164614,-35576.43783074619
461,1,TRPO-MADRL,-38096.85731969053,-35508.94509668191
462,1,TRPO-MADRL,-38067.62745254842,-35443.326392756455
463,1,TRPO-MADRL,-18989.318148115173,-34602.046447323526
464,1,TRPO-MADRL,-36596.92855708704,-34476.49645273212
465,1,TRPO-MADRL,-37147.34822882588,-34356.86871833245
466,1,TRPO-MADRL,-37259.1661159227,-34226.36119057473
467,1,TRPO-MADRL,-37847.68761167268,-34141.881233458545
468,1,TRPO-MADRL,-38187.38812622616,-34070.906154387165
469,1,TRPO-MADRL,-37418.59582699834,-33949.07614955881
470,1,TRPO-MADRL,-37028.80017004207,-34682.55111859579
471,1,TRPO-MADRL,-18859.62954314109,-33790.69971887443
472,1,TRPO-MADRL,-18486.51329770957,-32866.15937694261
473,1,TRPO-MADRL,-35632.63353689248,-32652.14176003163
474,1,TRPO-MADRL,-36778.55852276868,-32500.66357760677
475,1,TRPO-MADRL,-18424.392046334004,-31629.138363176655
476,1,TRPO-MADRL,-18798.915088316284,-30731.243858563597
477,1,TRPO-MADRL,-18517.198788873546,-30725.485570173434
478,1,TRPO-MADRL,-34979.69446180166,-31373.010970460124
479,1,TRPO-MADRL,-37607.40783400069,-31345.463969842236
480,1,TRPO-MADRL,-34934.69532641616,-31141.619929764547
481,1,TRPO-MADRL,-35910.21064539734,-31805.98584689205
482,1,TRPO-MADRL,-34893.69124366907,-31776.613193057525
483,1,TRPO-MADRL,-37897.79578639647,-31778.51889355273
484,1,TRPO-MADRL,-19052.798893734114,-31047.480469487768
485,1,TRPO-MADRL,-36448.41590098207,-31754.490738942488
486,1,TRPO-MADRL,-19530.52148669728,-31011.837305622757
487,1,TRPO-MADRL,-20011.87806846741,-30289.607330259518
488,1,TRPO-MADRL,-20311.273958083395,-30342.48556265825
489,1,TRPO-MADRL,-20086.178061941024,-29682.055542852402
490,1,TRPO-MADRL,-36646.634440162925,-29662.02699130589
491,1,TRPO-MADRL,-19551.088073163784,-28953.70386959553
492,1,TRPO-MADRL,-34488.79822599777,-28819.348294168532
493,1,TRPO-MADRL,-19037.79055986167,-28053.364391513955
494,1,TRPO-MADRL,-19323.39550324828,-27329.556378563953
495,1,TRPO-MADRL,-19273.79415059929,-26619.356137786242
496,1,TRPO-MADRL,-38741.05074395955,-27414.612985818978
497,1,TRPO-MADRL,-18724.497068377445,-27424.132336645693
498,1,TRPO-MADRL,-18640.403703893608,-26744.44314332574
499,1,TRPO-MADRL,-19174.66094982355,-26040.28724040794
500,1,TRPO-MADRL,-38664.26992289878,-26849.882355470527
501,1,TRPO-MADRL,-37245.29347264684,-37245.29347264684
502,1,TRPO-MADRL,-18950.034888468785,-28097.66418055781
503,1,TRPO-MADRL,-18846.374066830096,-25013.900809315237
504,1,TRPO-MADRL,-18610.682093856743,-23413.096130450616
505,1,TRPO-MADRL,-18370.91003657948,-22404.658911676386
506,1,TRPO-MADRL,-18812.212900088874,-21805.917909745138
507,1,TRPO-MADRL,-18558.075012588717,-21341.940353008504
508,1,TRPO-MADRL,-40672.911286577415,-23758.31171970462
509,1,TRPO-MADRL,-39954.27845138089,-25557.863578779758
510,1,TRPO-MADRL,-18695.571818003515,-24871.634402702133
511,1,TRPO-MADRL,-18256.790758335774,-24270.28498048701
512,1,TRPO-MADRL,-39359.75840851158,-25527.741099489056
513,1,TRPO-MADRL,-18182.07183847716,-24962.68961787276
514,1,TRPO-MADRL,-18290.02655429125,-24486.070827616935
515,1,TRPO-MADRL,-40323.8373678956,-25541.921930302182
516,1,TRPO-MADRL,-18741.358655566288,-25116.886725631186
517,1,TRPO-MADRL,-39799.01044824684,-25980.541062255637
518,1,TRPO-MADRL,-19061.792030217955,-25596.16611603132
519,1,TRPO-MADRL,-18914.66673357073,-25244.508253796554
520,1,TRPO-MADRL,-40250.62769124046,-25994.81422566875
521,1,TRPO-MADRL,-19169.208991063017,-25669.785404973238
522,1,TRPO-MADRL,-18935.296093703902,-25363.672254460995
523,1,TRPO-MADRL,-19289.61435350036,-25099.58278050618
524,1,TRPO-MADRL,-40778.1673784339,-25752.857138753174
525,1,TRPO-MADRL,-18753.57042140807,-25472.88567005937
526,1,TRPO-MADRL,-41287.508639626445,-25634.574276738553
527,1,TRPO-MADRL,-19460.80733132917,-25655.00517445297
528,1,TRPO-MADRL,-18840.433398921323,-25654.76754773662
529,1,TRPO-MADRL,-19250.588685349736,-25680.36381139634
530,1,TRPO-MADRL,-19509.86732736821,-25725.922103027886
531,1,TRPO-MADRL,-18799.562996828405,-25725.41610689747
532,1,TRPO-MADRL,-19308.234692588863,-25755.422494097475
533,1,TRPO-MADRL,-18903.20025912617,-24884.634052999423
534,1,TRPO-MADRL,-41283.30319784029,-24937.795042857797
535,1,TRPO-MADRL,-19807.95162890915,-24982.290235294025
536,1,TRPO-MADRL,-19086.587014783978,-25015.48208555195
537,1,TRPO-MADRL,-19693.4029026209,-24228.82786531633
538,1,TRPO-MADRL,-19039.66643923612,-24263.131649346687
539,1,TRPO-MADRL,-19457.4140341962,-24309.827148542885
540,1,TRPO-MADRL,-19181.72519861377,-23464.142661771606
541,1,TRPO-MADRL,-19116.552846572908,-23479.150429411875
542,1,TRPO-MADRL,-19784.705234457662,-22678.578220860305
543,1,TRPO-MADRL,-19213.00557145623,-22684.62676250984
544,1,TRPO-MADRL,-19261.51411009194,-22698.500657570687
545,1,TRPO-MADRL,-19371.33633044571,-21863.329003138897
546,1,TRPO-MADRL,-18998.86449069121,-21856.515223124028
547,1,TRPO-MADRL,-19114.29503161877,-21863.675180640617
548,1,TRPO-MADRL,-18735.00132065013,-21841.490659326613
549,1,TRPO-MADRL,-19006.23056400964,-20970.61318674964
550,1,TRPO-MADRL,-18976.693247906565,-20979.53809980958
551,1,TRPO-MADRL,-19299.695685794984,-20100.02558165632
552,1,TRPO-MADRL,-18971.94135537093,-20080.47094261799
553,1,TRPO-MADRL,-18698.003898513347,-20074.77376260167
554,1,TRPO-MADRL,-18842.734237080596,-20058.45958467091
555,1,TRPO-MADRL,-19383.50686100912,-20053.405166016546
556,1,TRPO-MADRL,-18749.99366050557,-20051.422392563632
557,1,TRPO-MADRL,-18924.93011362894,-20036.090209405233
558,1,TRPO-MADRL,-18790.771672537176,-20031.593065941674
559,1,TRPO-MADRL,-19377.688269515565,-19155.368468808687
560,1,TRPO-MADRL,-19258.055187566257,-19133.372611154966
561,1,TRPO-MADRL,-19190.416643325832,-19137.525796296643
562,1,TRPO-MADRL,-18966.19043686727,-19108.437297666496
563,1,TRPO-MADRL,-19001.995957783187,-19106.93047840838
564,1,TRPO-MADRL,-18908.06837647777,-19084.95665209964
565,1,TRPO-MADRL,-19085.273724610288,-19081.098593139504
566,1,TRPO-MADRL,-19102.72678091698,-19080.545550513267
567,1,TRPO-MADRL,-19189.498799818448,-19056.7372931277
568,1,TRPO-MADRL,-18947.84929225152,-19046.13104195951
569,1,TRPO-MADRL,-18907.754679843863,-19031.980664749586
570,1,TRPO-MADRL,-19277.492417583304,-19028.22690823509
571,1,TRPO-MADRL,-19215.75149129421,-19036.902388259212
572,1,TRPO-MADRL,-19211.70420426661,-19040.798755165124
573,1,TRPO-MADRL,-19152.171533114863,-19057.485563663715
574,1,TRPO-MADRL,-18973.824922014857,-19056.18933798392
575,1,TRPO-MADRL,-19117.71642163581,-19061.830264933094
576,1,TRPO-MADRL,-18909.140754434706,-19046.208067678683
577,1,TRPO-MADRL,-19516.010785880782,-19067.970844899075
578,1,TRPO-MADRL,-19044.952933381966,-19081.84880629382
579,1,TRPO-MADRL,-19737.041141784142,-19117.62108248196
580,1,TRPO-MADRL,-19205.266506972985,-19110.491468320517
581,1,TRPO-MADRL,-19270.299196811106,-19131.30368977274
582,1,TRPO-MADRL,-18941.75861669772,-19131.976829895488
583,1,TRPO-MADRL,-19065.38020107158,-19142.961171036866
584,1,TRPO-MADRL,-18899.443896186604,-19123.831396103706
585,1,TRPO-MADRL,-18921.377389585432,-19110.364284184474
586,1,TRPO-MADRL,-19431.715084986645,-19120.016221850907
587,1,TRPO-MADRL,-19457.920446586028,-19139.685422239658
588,1,TRPO-MADRL,-19236.80399546668,-19149.077743746995
589,1,TRPO-MADRL,-19015.218160234384,-19153.363735097264
590,1,TRPO-MADRL,-19179.99861752493,-19157.152730813847
591,1,TRPO-MADRL,-19032.110529106296,-19154.32808074142
592,1,TRPO-MADRL,-19298.992959466734,-19158.70784712735
593,1,TRPO-MADRL,-19366.624454836303,-19175.458853630742
594,1,TRPO-MADRL,-19188.637057308923,-19186.694148729344
595,1,TRPO-MADRL,-19158.622541280125,-19181.93935367722
596,1,TRPO-MADRL,-19546.8573384002,-19195.183587561456
597,1,TRPO-MADRL,-19171.65186720817,-19193.581494079117
598,1,TRPO-MADRL,-19330.117143286232,-19200.69931848597
599,1,TRPO-MADRL,-19125.06426664444,-19206.748892271156
600,1,TRPO-MADRL,-19657.060595907944,-19228.32265924204
601,1,TRPO-MADRL,-19598.035983873408,-19255.87846841959
602,1,TRPO-MADRL,-19653.38576196265,-19261.373467462865
603,1,TRPO-MADRL,-19412.66659632064,-19276.082013980413
604,1,TRPO-MADRL,-19252.35594462011,-19256.69460609385
605,1,TRPO-MADRL,-19087.543933883506,-19251.98570317027
606,1,TRPO-MADRL,-19370.89362419363,-19256.009480265573
607,1,TRPO-MADRL,-19133.75791537964,-19263.68945221285
608,1,TRPO-MADRL,-19459.22569381833,-19279.44327192272
609,1,TRPO-MADRL,-19515.10162671709,-19304.069581143936
610,1,TRPO-MADRL,-19565.07500454253,-19329.817485742224
611,1,TRPO-MADRL,-19185.950933942608,-19319.986919700463
612,1,TRPO-MADRL,-19770.25687978859,-19332.480377028565
613,1,TRPO-MADRL,-19346.909965915213,-19336.884615846506
614,1,TRPO-MADRL,-19075.428049117192,-19339.293011401816
615,1,TRPO-MADRL,-19293.93586177894,-19343.850501171975
616,1,TRPO-MADRL,-19087.422392847293,-19346.06297572162
617,1,TRPO-MADRL,-19373.07237258027,-19349.02615224616
618,1,TRPO-MADRL,-19238.909866741546,-19343.91756872237
619,1,TRPO-MADRL,-18997.95900518966,-19336.2904466376
620,1,TRPO-MADRL,-19135.249394406284,-19335.35552076264
621,1,TRPO-MADRL,-19259.28261061696,-19323.852531651315
622,1,TRPO-MADRL,-19257.56535582818,-19327.289071196115
623,1,TRPO-MADRL,-19162.62895505362,-19320.58954366681
624,1,TRPO-MADRL,-19331.74250794757,-19328.856673318936
625,1,TRPO-MADRL,-19235.643694465023,-19311.99999726122
626,1,TRPO-MADRL,-19028.909876999085,-19289.234952986248
627,1,TRPO-MADRL,-19016.72584121032,-19263.768556156152
628,1,TRPO-MADRL,-19380.59648738809,-19262.485751798853
629,1,TRPO-MADRL,-19065.68356877811,-19255.01885676517
630,1,TRPO-MADRL,-19216.47701542596,-19260.176180026872
631,1,TRPO-MADRL,-19256.75226874007,-19255.610525808726
632,1,TRPO-MADRL,-19051.99470689173,-19252.33999746921
633,1,TRPO-MADRL,-19059.970402663414,-19236.369785823015
634,1,TRPO-MADRL,-19034.437464256225,-19217.143219324582
635,1,TRPO-MADRL,-19172.920431203893,-19201.45703639103
636,1,TRPO-MADRL,-19171.29276979012,-19200.870709824936
637,1,TRPO-MADRL,-19105.288269611265,-19174.27196541784
638,1,TRPO-MADRL,-19130.201783254062,-19165.603638111395
639,1,TRPO-MADRL,-19059.578598749144,-19164.96966009667
640,1,TRPO-MADRL,-18981.429731536315,-19152.46941488697
641,1,TRPO-MADRL,-19209.64858830137,-19157.35846270513
642,1,TRPO-MADRL,-19385.34524384752,-19157.84937755582
643,1,TRPO-MADRL,-19036.002124758757,-19149.73306787651
644,1,TRPO-MADRL,-19243.69561671777,-19159.562532337633
645,1,TRPO-MADRL,-19160.3297977821,-19160.56574847267
646,1,TRPO-MADRL,-19237.66904073028,-19159.7012056772
647,1,TRPO-MADRL,-19079.163679049165,-19152.56513860604
648,1,TRPO-MADRL,-19148.638005873232,-19152.005500638825
649,1,TRPO-MADRL,-19213.717372043287,-19147.284495202653
650,1,TRPO-MADRL,-19290.01328535177,-19149.459278838123
651,1,TRPO-MADRL,-18884.93560333671,-19143.700307891628
652,1,TRPO-MADRL,-18891.4151655064,-19138.687880863472
653,1,TRPO-MADRL,-19097.57613508385,-19127.3670667713
654,1,TRPO-MADRL,-18999.99524096359,-19124.73953365872
655,1,TRPO-MADRL,-19000.84604685696,-19116.114294915962
656,1,TRPO-MADRL,-19023.986273676248,-19106.803655113406
657,1,TRPO-MADRL,-19117.798169245325,-19109.43579360755
658,1,TRPO-MADRL,-19281.44876796962,-19118.2949282198
659,1,TRPO-MADRL,-19027.86565163785,-19118.032055715063
660,1,TRPO-MADRL,-18929.367165486383,-19108.289925086367
661,1,TRPO-MADRL,-19286.52775775591,-19112.899324604994
662,1,TRPO-MADRL,-19129.48865797077,-19113.867340139375
663,1,TRPO-MADRL,-19109.296038881897,-19113.03111036449
664,1,TRPO-MADRL,-18858.226684028523,-19104.977033775664
665,1,TRPO-MADRL,-18868.274157081283,-19100.45081079746
666,1,TRPO-MADRL,-19111.532761935647,-19096.526177742835
667,1,TRPO-MADRL,-19147.28677371473,-19087.003838937526
668,1,TRPO-MADRL,-18988.262797393552,-19085.094265842916
669,1,TRPO-MADRL,-18963.823541215334,-19073.89938282282
670,1,TRPO-MADRL,-19044.23034776802,-19069.255404822252
671,1,TRPO-MADRL,-19244.503231676583,-19069.528772460108
672,1,TRPO-MADRL,-19025.15816491752,-19067.36855189484
673,1,TRPO-MADRL,-18973.15349439226,-19060.3491714356
674,1,TRPO-MADRL,-19152.44978047793,-19057.898467772986
675,1,TRPO-MADRL,-18938.272598898424,-19043.828840314854
676,1,TRPO-MADRL,-18888.24452121204,-19043.96119702987
677,1,TRPO-MADRL,-19096.00666993509,-19052.14485720701
678,1,TRPO-MADRL,-19067.24354269201,-19050.931553511342
679,1,TRPO-MADRL,-19303.06472320382,-19063.054332800948
680,1,TRPO-MADRL,-18880.82811267751,-19058.253615433772
681,1,TRPO-MADRL,-19154.83068200848,-19063.487391767063
682,1,TRPO-MADRL,-18898.291724974715,-19054.707133996235
683,1,TRPO-MADRL,-18960.66725834492,-19041.875873611247
684,1,TRPO-MADRL,-18750.28557226758,-19030.772670436436
685,1,TRPO-MADRL,-18902.092739155694,-19029.68169338321
686,1,TRPO-MADRL,-18978.474276092835,-19017.359554116687
687,1,TRPO-MADRL,-19009.247668585704,-19012.549914541283
688,1,TRPO-MADRL,-19055.58809046148,-19010.401596604468
689,1,TRPO-MADRL,-18980.1276441647,-19015.277635009916
690,1,TRPO-MADRL,-18935.19840534793,-19017.95460494058
691,1,TRPO-MADRL,-18808.73377980816,-19005.84264565548
692,1,TRPO-MADRL,-18927.11415491558,-18997.035740903513
693,1,TRPO-MADRL,-18864.49037482156,-18992.084844000634
694,1,TRPO-MADRL,-19000.46426975293,-18993.55047314214
695,1,TRPO-MADRL,-19043.00383206636,-18993.501412514073
696,1,TRPO-MADRL,-18898.822482256703,-18979.674182537277
697,1,TRPO-MADRL,-18979.755185051923,-18977.858063342654
698,1,TRPO-MADRL,-18915.43018712357,-18975.549131051906
699,1,TRPO-MADRL,-18942.615231720712,-18967.155749101614
700,1,TRPO-MADRL,-19121.336655177503,-18974.47831135278
701,1,TRPO-MADRL,-19066.12275827875,-18981.593440835448
702,1,TRPO-MADRL,-19018.0326681586,-18978.474480764387
703,1,TRPO-MADRL,-18992.790565342257,-18975.4963616704
704,1,TRPO-MADRL,-19011.66474357468,-18963.840362485236
705,1,TRPO-MADRL,-18841.927273698308,-18962.284328926064
706,1,TRPO-MADRL,-19366.30119175415,-18970.74314931589
707,1,TRPO-MADRL,-19075.61755406313,-18977.83618247943
708,1,TRPO-MADRL,-18942.6541056308,-18977.115656370865
709,1,TRPO-MADRL,-19085.561991524293,-18990.526713141135
710,1,TRPO-MADRL,-18924.830548159545,-18991.436225501286
711,1,TRPO-MADRL,-18952.99668181403,-18990.417121730134
712,1,TRPO-MADRL,-19170.47358632409,-18996.86615843967
713,1,TRPO-MADRL,-18854.784703709884,-18988.834022969604
714,1,TRPO-MADRL,-18735.240495810925,-18979.038537035452
715,1,TRPO-MADRL,-18826.09106018451,-18974.674243228917
716,1,TRPO-MADRL,-19147.214715638573,-18988.213480662136
717,1,TRPO-MADRL,-19044.171683889588,-18992.895781821095
718,1,TRPO-MADRL,-18981.97174239192,-18997.59503652391
719,1,TRPO-MADRL,-19155.71972914893,-19003.80525489975
720,1,TRPO-MADRL,-19100.989755254297,-19006.124691827266
721,1,TRPO-MADRL,-18979.49867241368,-19009.351739433547
722,1,TRPO-MADRL,-19106.845237280584,-19014.435341522694
723,1,TRPO-MADRL,-19093.38960863796,-19021.553718383268
724,1,TRPO-MADRL,-19066.34644938755,-19026.502967089942
725,1,TRPO-MADRL,-19001.30814275369,-19021.701826592987
726,1,TRPO-MADRL,-18870.12204988697,-19013.86179825732
727,1,TRPO-MADRL,-19277.294235793062,-19024.232260962697
728,1,TRPO-MADRL,-19133.06390171843,-19029.843194417743
729,1,TRPO-MADRL,-19032.325430772005,-19030.669621905636
730,1,TRPO-MADRL,-19110.879832980045,-19041.427724276906
731,1,TRPO-MADRL,-18769.526752497022,-19017.55674670662
732,1,TRPO-MADRL,-18978.091459220333,-19013.655702912907
733,1,TRPO-MADRL,-18878.93492083317,-19011.106935521002
734,1,TRPO-MADRL,-18826.143181837844,-19000.730183133546
735,1,TRPO-MADRL,-19137.32048241784,-19009.229780503876
736,1,TRPO-MADRL,-18862.33765757509,-19005.60341953432
737,1,TRPO-MADRL,-18996.868739108068,-18998.65922564568
738,1,TRPO-MADRL,-18778.05933824705,-18995.590211027167
739,1,TRPO-MADRL,-18812.910341026072,-18998.697004835773
740,1,TRPO-MADRL,-18960.209347740347,-19004.061736338004
741,1,TRPO-MADRL,-18652.33328462093,-18984.266479097296
742,1,TRPO-MADRL,-18766.43462444744,-18973.156996719612
743,1,TRPO-MADRL,-18751.39864535931,-18963.934072838307
744,1,TRPO-MADRL,-18944.971703186373,-18955.504151799807
745,1,TRPO-MADRL,-18839.372898852023,-18945.039477543716
746,1,TRPO-MADRL,-18856.161106977524,-18940.105974926268
747,1,TRPO-MADRL,-18897.3971411132,-18931.72805107957
748,1,TRPO-MADRL,-18889.93400517446,-18923.589826941035
749,1,TRPO-MADRL,-18875.47818983179,-18915.955096558802
750,1,TRPO-MADRL,-18689.69252552119,-18903.490471869503
751,1,TRPO-MADRL,-18985.71268003611,-18908.114097075468
752,1,TRPO-MADRL,-18782.1153235774,-18888.306940586845
753,1,TRPO-MADRL,-18582.74401273345,-18866.294145027445
754,1,TRPO-MADRL,-18487.239052575256,-18844.490689899572
755,1,TRPO-MADRL,-18805.642692637757,-18832.281204285882
756,1,TRPO-MADRL,-18646.64626215009,-18827.365984672004
757,1,TRPO-MADRL,-18707.84320293917,-18816.55605442076
758,1,TRPO-MADRL,-18888.96711741397,-18816.95734228399
759,1,TRPO-MADRL,-18824.766440226587,-18816.90227261954
760,1,TRPO-MADRL,-18879.968463284156,-18806.608191854193
761,1,TRPO-MADRL,-18873.15115239784,-18807.040731647103
762,1,TRPO-MADRL,-18807.92438856511,-18799.482957625383
763,1,TRPO-MADRL,-18896.06416155483,-18804.203150557692
764,1,TRPO-MADRL,-18722.764843427634,-18800.597330653756
765,1,TRPO-MADRL,-18741.83031664088,-18791.86216940978
766,1,TRPO-MADRL,-18900.733748054477,-18801.798187947123
767,1,TRPO-MADRL,-18945.30098702046,-18808.952842450042
768,1,TRPO-MADRL,-18765.947003802343,-18809.534776787765
769,1,TRPO-MADRL,-18898.075976038457,-18807.658947701846
770,1,TRPO-MADRL,-18858.51463719758,-18808.42461723567
771,1,TRPO-MADRL,-18776.919208021827,-18805.254941277442
772,1,TRPO-MADRL,-18700.94115771188,-18797.396701941387
773,1,TRPO-MADRL,-18741.493344708884,-18791.459075522765
774,1,TRPO-MADRL,-18574.562390952036,-18779.422443567575
775,1,TRPO-MADRL,-18629.41169986748,-18777.011210541426
776,1,TRPO-MADRL,-18704.89890232816,-18765.77865943311
777,1,TRPO-MADRL,-18737.315110291907,-18763.986650901687
778,1,TRPO-MADRL,-18731.123599177798,-18769.921834359462
779,1,TRPO-MADRL,-18792.74099045112,-18782.141911874496
780,1,TRPO-MADRL,-18687.42274008533,-18777.4131137724
781,1,TRPO-MADRL,-18599.082797352727,-18775.510575180506
782,1,TRPO-MADRL,-18514.353538285555,-18767.770988594362
783,1,TRPO-MADRL,-18744.54729230368,-18761.99419558995
784,1,TRPO-MADRL,-18777.04598510702,-18760.085377385167
785,1,TRPO-MADRL,-18857.009372657914,-18759.167013760118
786,1,TRPO-MADRL,-18785.484987805998,-18755.660367176446
787,1,TRPO-MADRL,-18883.38276446393,-18758.678702212394
788,1,TRPO-MADRL,-18550.6427169067,-18744.861844426472
789,1,TRPO-MADRL,-18912.28413164508,-18752.44261595517
790,1,TRPO-MADRL,-18756.746316612334,-18753.039255954027
791,1,TRPO-MADRL,-18637.175093764235,-18742.496909782418
792,1,TRPO-MADRL,-18689.691320648788,-18732.27252312755
793,1,TRPO-MADRL,-18917.6150243746,-18738.33924395044
794,1,TRPO-MADRL,-18793.116279097616,-18734.14085607281
795,1,TRPO-MADRL,-18768.703949248837,-18730.54842855486
796,1,TRPO-MADRL,-18766.81535156871,-18730.144274296734
797,1,TRPO-MADRL,-18523.87252497169,-18723.061528987124
798,1,TRPO-MADRL,-18792.356306754977,-18725.096047468967
799,1,TRPO-MADRL,-18747.7751068208,-18732.02455610372
800,1,TRPO-MADRL,-18680.99697532652,-18734.087967122083
801,1,TRPO-MADRL,-18680.79541752817,-18733.123827730084
802,1,TRPO-MADRL,-18714.64906494177,-18732.217185916077
803,1,TRPO-MADRL,-18478.62932527189,-18722.117414959837
804,1,TRPO-MADRL,-18717.814116926405,-18719.12034001885
805,1,TRPO-MADRL,-18810.553033300464,-18724.045551747455
806,1,TRPO-MADRL,-18586.4380589448,-18723.539762211138
807,1,TRPO-MADRL,-18586.409250880628,-18726.421990714945
808,1,TRPO-MADRL,-18636.35881556699,-18722.094451645477
809,1,TRPO-MADRL,-18707.807092566683,-18719.32489594386
810,1,TRPO-MADRL,-18676.524761124845,-18712.105511482536
811,1,TRPO-MADRL,-18544.84332464882,-18702.47984495625
812,1,TRPO-MADRL,-18681.66984625951,-18694.411328228078
813,1,TRPO-MADRL,-18660.90851195937,-18698.82196003018
814,1,TRPO-MADRL,-18701.43468242902,-18690.38798206154
815,1,TRPO-MADRL,-18650.78717993898,-18686.149616594605
816,1,TRPO-MADRL,-18580.670142901465,-18683.88941856009
817,1,TRPO-MADRL,-18756.932699837573,-18686.579073727644
818,1,TRPO-MADRL,-18648.3448500314,-18675.808266753917
819,1,TRPO-MADRL,-18498.88249987157,-18664.038915584875
820,1,TRPO-MADRL,-18754.75181918565,-18663.480830382345
821,1,TRPO-MADRL,-18524.487527135458,-18653.78771740502
822,1,TRPO-MADRL,-18635.96113493664,-18658.271261803617
823,1,TRPO-MADRL,-18572.535651028025,-18649.47843557454
824,1,TRPO-MADRL,-18503.33092166158,-18639.70066816817
825,1,TRPO-MADRL,-18464.169506829407,-18631.027569428283
826,1,TRPO-MADRL,-18655.69655777843,-18630.023615038295
827,1,TRPO-MADRL,-18506.62612770104,-18621.702697548666
828,1,TRPO-MADRL,-18493.97148238108,-18622.316383833033
829,1,TRPO-MADRL,-18560.59401178312,-18616.0275796273
830,1,TRPO-MADRL,-18567.87569788813,-18606.32048621081
831,1,TRPO-MADRL,-18614.19550534412,-18607.43078406678
832,1,TRPO-MADRL,-18621.2693944583,-18608.825189809886
833,1,TRPO-MADRL,-18454.429070131213,-18601.547999992457
834,1,TRPO-MADRL,-18552.08268132932,-18595.319023542965
835,1,TRPO-MADRL,-18599.740830166094,-18592.247666304615
836,1,TRPO-MADRL,-18615.68471579458,-18595.08132195044
837,1,TRPO-MADRL,-18506.07813451378,-18588.057653480613
838,1,TRPO-MADRL,-18585.543890338435,-18585.043068615774
839,1,TRPO-MADRL,-18520.903905873594,-18577.821837553558
840,1,TRPO-MADRL,-18624.586571702475,-18576.7738132241
841,1,TRPO-MADRL,-18683.386973949622,-18580.882486466027
842,1,TRPO-MADRL,-18453.31463726236,-18568.737763963014
843,1,TRPO-MADRL,-18593.14292899436,-18566.529687121536
844,1,TRPO-MADRL,-18612.89128317134,-18571.090038453527
845,1,TRPO-MADRL,-18563.29616227554,-18563.431812177125
846,1,TRPO-MADRL,-18592.675991675424,-18566.15935075872
847,1,TRPO-MADRL,-18568.944074324885,-18563.47866833425
848,1,TRPO-MADRL,-18471.14301012791,-18559.422962698245
849,1,TRPO-MADRL,-18660.355436316888,-18565.703943284458
850,1,TRPO-MADRL,-18514.9684902158,-18567.735902619912
851,1,TRPO-MADRL,-18539.647858712004,-18563.09395465726
852,1,TRPO-MADRL,-18588.1385913324,-18566.354453202508
853,1,TRPO-MADRL,-18485.92597462681,-18566.03263289234
854,1,TRPO-MADRL,-18543.87623480117,-18565.363921813063
855,1,TRPO-MADRL,-18493.474796966468,-18562.387885776196
856,1,TRPO-MADRL,-18700.156435789337,-18565.826322994006
857,1,TRPO-MADRL,-18555.34931721538,-18563.18951990429
858,1,TRPO-MADRL,-18520.487042756427,-18565.831838809296
859,1,TRPO-MADRL,-18522.337501932798,-18564.642031633433
860,1,TRPO-MADRL,-18495.075853341023,-18560.455432560433
861,1,TRPO-MADRL,-18607.97548511153,-18560.147063333112
862,1,TRPO-MADRL,-18603.520054097477,-18564.04474011646
863,1,TRPO-MADRL,-18518.41509679385,-18561.359588374675
864,1,TRPO-MADRL,-18473.856499418573,-18559.477692116474
865,1,TRPO-MADRL,-18447.1849577614,-18552.381627558832
866,1,TRPO-MADRL,-18517.21326569545,-18545.734679228663
867,1,TRPO-MADRL,-18487.87270487988,-18547.117001933366
868,1,TRPO-MADRL,-18545.14457076663,-18545.197067604255
869,1,TRPO-MADRL,-18511.835349555786,-18541.15483025963
870,1,TRPO-MADRL,-18553.16595480557,-18540.749621960833
871,1,TRPO-MADRL,-18533.034553092304,-18538.36396441751
872,1,TRPO-MADRL,-18560.798188752717,-18538.038128994624
873,1,TRPO-MADRL,-18531.915385398745,-18540.469024005455
874,1,TRPO-MADRL,-18584.763768439017,-18537.445357290344
875,1,TRPO-MADRL,-18488.07665399152,-18536.36968384137
876,1,TRPO-MADRL,-18517.68954660381,-18535.491351357043
877,1,TRPO-MADRL,-18464.9757317252,-18530.564836972757
878,1,TRPO-MADRL,-18511.477848751463,-18531.586911937742
879,1,TRPO-MADRL,-18543.875439674597,-18531.58688013268
880,1,TRPO-MADRL,-18544.08356259408,-18533.611230757782
881,1,TRPO-MADRL,-18485.738867287422,-18525.034528017706
882,1,TRPO-MADRL,-18528.655797857115,-18523.966787243375
883,1,TRPO-MADRL,-18501.45565978285,-18523.205531924432
884,1,TRPO-MADRL,-18505.440910839792,-18522.52966828071
885,1,TRPO-MADRL,-18493.20253815928,-18522.454735673444
886,1,TRPO-MADRL,-18449.945665516265,-18516.13354288963
887,1,TRPO-MADRL,-18499.03818726893,-18511.95426821649
888,1,TRPO-MADRL,-18533.33294536369,-18512.550982159282
889,1,TRPO-MADRL,-18536.64993364241,-18515.062719528236
890,1,TRPO-MADRL,-18474.56896232598,-18516.158079710818
891,1,TRPO-MADRL,-18462.275235002187,-18513.96055848309
892,1,TRPO-MADRL,-18432.90632363591,-18511.76190323333
893,1,TRPO-MADRL,-18528.27369028067,-18511.087068013894
894,1,TRPO-MADRL,-18448.11404164445,-18508.53821569744
895,1,TRPO-MADRL,-18492.3747973983,-18506.10656940115
896,1,TRPO-MADRL,-18512.49062602957,-18505.284812318638
897,1,TRPO-MADRL,-18426.373876069734,-18499.90783981132
898,1,TRPO-MADRL,-18519.5989673875,-18499.41518309087
899,1,TRPO-MADRL,-18474.881139471003,-18495.019877932147
900,1,TRPO-MADRL,-18509.2591153936,-18495.86717638823
901,1,TRPO-MADRL,-18467.03708921793,-18493.8410780928
902,1,TRPO-MADRL,-18518.4283560878,-18495.9791830673
903,1,TRPO-MADRL,-18495.58232770433,-18495.343362225416
904,1,TRPO-MADRL,-18464.99085258576,-18492.187978741862
905,1,TRPO-MADRL,-18413.69638835677,-18486.97249177237
906,1,TRPO-MADRL,-18481.168889876517,-18486.78969267593
907,1,TRPO-MADRL,-18411.19359966414,-18482.091204748212
908,1,TRPO-MADRL,-18463.40989823507,-18480.569374286304
909,1,TRPO-MADRL,-18433.92078910176,-18477.708569416784
910,1,TRPO-MADRL,-18488.450884714606,-18477.518503278996
911,1,TRPO-MADRL,-18454.57463376888,-18477.7036620091
912,1,TRPO-MADRL,-18515.35545349853,-18478.356352658284
913,1,TRPO-MADRL,-18453.98011754076,-18475.182239545367
914,1,TRPO-MADRL,-18500.46942125108,-18473.735019049713
915,1,TRPO-MADRL,-18416.560256347664,-18471.41467081058
916,1,TRPO-MADRL,-18458.0410764961,-18471.24530447034
917,1,TRPO-MADRL,-18466.98106329954,-18472.60829405688
918,1,TRPO-MADRL,-18481.958599129663,-18470.75569041084
919,1,TRPO-MADRL,-18463.001836111376,-18471.35120218952
920,1,TRPO-MADRL,-18460.865690149927,-18470.090837899585
921,1,TRPO-MADRL,-18437.26100459267,-18467.08165304211
922,1,TRPO-MADRL,-18508.29483297472,-18470.35849131831
923,1,TRPO-MADRL,-18463.847007485816,-18468.12841292224
924,1,TRPO-MADRL,-18477.17255023292,-18468.220069352716
925,1,TRPO-MADRL,-18436.01171903038,-18465.29017349819
926,1,TRPO-MADRL,-18463.48228175412,-18465.147981199636
927,1,TRPO-MADRL,-18467.27107138716,-18463.10168981161
928,1,TRPO-MADRL,-18499.32965582804,-18463.25158293656
929,1,TRPO-MADRL,-18419.37963582271,-18461.427134266036
930,1,TRPO-MADRL,-18382.7514790703,-18460.18933789458
931,1,TRPO-MADRL,-18417.164991735677,-18457.629181968943
932,1,TRPO-MADRL,-18437.36735418858,-18458.67613214992
933,1,TRPO-MADRL,-18447.931752160235,-18458.057006306928
934,1,TRPO-MADRL,-18481.165811366885,-18459.94680719753
935,1,TRPO-MADRL,-18492.946805477597,-18460.126644028052
936,1,TRPO-MADRL,-18448.693143056877,-18459.891384399572
937,1,TRPO-MADRL,-18467.11127944044,-18457.96161743725
938,1,TRPO-MADRL,-18492.929589071755,-18459.519596298487
939,1,TRPO-MADRL,-18485.69696280398,-18458.928697960604
940,1,TRPO-MADRL,-18516.228876112524,-18462.9154427512
941,1,TRPO-MADRL,-18481.45210977692,-18463.851884082433
942,1,TRPO-MADRL,-18481.916797189308,-18464.44931343802
943,1,TRPO-MADRL,-18502.79526966757,-18465.28278025954
944,1,TRPO-MADRL,-18517.563881111608,-18467.465262059548
945,1,TRPO-MADRL,-18470.41603478981,-18467.847275845146
946,1,TRPO-MADRL,-18473.84534694521,-18469.310649539246
947,1,TRPO-MADRL,-18528.32215688649,-18470.111742495716
948,1,TRPO-MADRL,-18488.140549310952,-18471.08348416872
949,1,TRPO-MADRL,-18469.254735762388,-18470.7667715899
950,1,TRPO-MADRL,-18472.70516689797,-18472.234509504604
951,1,TRPO-MADRL,-18473.10190526793,-18472.619294445158
952,1,TRPO-MADRL,-18483.99726919909,-18473.28834235763
953,1,TRPO-MADRL,-18462.853897591507,-18471.829312028174
954,1,TRPO-MADRL,-18462.498186766185,-18473.55405406591
955,1,TRPO-MADRL,-18484.215777840465,-18477.61262601672
956,1,TRPO-MADRL,-18544.32019808821,-18482.69883427082
957,1,TRPO-MADRL,-18490.12213191922,-18484.809025380047
958,1,TRPO-MADRL,-18478.81125556835,-18486.04420551637
959,1,TRPO-MADRL,-18489.051921342983,-18486.359649915416
960,1,TRPO-MADRL,-18543.61450042529,-18488.386357713323
961,1,TRPO-MADRL,-18434.60339319466,-18487.822767718833
962,1,TRPO-MADRL,-18463.5473056904,-18487.68020876883
963,1,TRPO-MADRL,-18519.534195665296,-18488.744393032575
964,1,TRPO-MADRL,-18414.35835860769,-18485.89084886472
965,1,TRPO-MADRL,-18460.63621690547,-18483.66714249644
966,1,TRPO-MADRL,-18487.117570667837,-18483.893760932075
967,1,TRPO-MADRL,-18447.066299043705,-18482.49974100625
968,1,TRPO-MADRL,-18508.144453060388,-18482.713708341966
969,1,TRPO-MADRL,-18472.91349243789,-18480.927692795016
970,1,TRPO-MADRL,-18556.825045919693,-18484.38405324021
971,1,TRPO-MADRL,-18581.533749926828,-18488.691589359474
972,1,TRPO-MADRL,-18546.703750792178,-18489.426853115703
973,1,TRPO-MADRL,-18500.272005183982,-18489.912111350623
974,1,TRPO-MADRL,-18481.40129083016,-18490.397973553332
975,1,TRPO-MADRL,-18532.19207271153,-18492.777449785877
976,1,TRPO-MADRL,-18458.360652565258,-18492.18779967777
977,1,TRPO-MADRL,-18517.962056653698,-18493.546391175954
978,1,TRPO-MADRL,-18480.233902677115,-18494.24159137938
979,1,TRPO-MADRL,-18529.962727734004,-18496.940173018094
980,1,TRPO-MADRL,-18522.86523958093,-18498.486151487712
981,1,TRPO-MADRL,-18517.28809325249,-18497.40486729428
982,1,TRPO-MADRL,-18528.8293623048,-18498.953156509706
983,1,TRPO-MADRL,-18574.172102555163,-18502.767590389176
984,1,TRPO-MADRL,-18508.366600154783,-18503.540177541647
985,1,TRPO-MADRL,-18493.82076240674,-18501.548428020906
986,1,TRPO-MADRL,-18452.5951026328,-18502.268096398435
987,1,TRPO-MADRL,-18402.670040345653,-18499.833005784643
988,1,TRPO-MADRL,-18531.28449587184,-18500.303017792907
989,1,TRPO-MADRL,-18483.37286694406,-18503.06359812636
990,1,TRPO-MADRL,-18497.154699082617,-18504.524337413444
991,1,TRPO-MADRL,-18429.27971066982,-18502.210823013524
992,1,TRPO-MADRL,-18406.76330792252,-18500.59870336868
993,1,TRPO-MADRL,-18428.527294532258,-18497.41401702755
994,1,TRPO-MADRL,-18447.652799034837,-18496.40358929143
995,1,TRPO-MADRL,-18481.36993155924,-18493.38538471701
996,1,TRPO-MADRL,-18528.78171361325,-18491.27530326447
997,1,TRPO-MADRL,-18498.869193481463,-18489.361920972042
998,1,TRPO-MADRL,-18481.51276793263,-18488.611551481987
999,1,TRPO-MADRL,-18480.752817818226,-18488.58561256151
1000,1,TRPO-MADRL,-18378.98299928819,-18482.457249624575
1001,1,TRPO-MADRL,-18424.05775009828,-18424.05775009828
1002,1,TRPO-MADRL,-18471.30385090526,-18447.68080050177
1003,1,TRPO-MADRL,-18456.5633042352,-18450.64163507958
1004,1,TRPO-MADRL,-18458.3949820241,-18452.57997181571
1005,1,TRPO-MADRL,-18485.81386634745,-18459.226750722057
1006,1,TRPO-MADRL,-18449.29350090499,-18457.57120908588
1007,1,TRPO-MADRL,-18404.05920100128,-18449.926636502365
1008,1,TRPO-MADRL,-18526.8931533384,-18459.547451106868
1009,1,TRPO-MADRL,-18397.531005011588,-18452.65673487406
1010,1,TRPO-MADRL,-18450.394015254104,-18452.430462912067
1011,1,TRPO-MADRL,-18433.955852366693,-18450.750952862487
1012,1,TRPO-MADRL,-18390.27491016576,-18445.71128263776
1013,1,TRPO-MADRL,-18443.17193964316,-18445.51594856125
1014,1,TRPO-MADRL,-18400.45394571971,-18442.297234072572
1015,1,TRPO-MADRL,-18440.46627937828,-18442.175170426282
1016,1,TRPO-MADRL,-18392.37520121539,-18439.062672350603
1017,1,TRPO-MADRL,-18463.285375715317,-18440.48753725441
1018,1,TRPO-MADRL,-18458.52676604002,-18441.489716631386
1019,1,TRPO-MADRL,-18534.62627991029,-18446.39164101449
1020,1,TRPO-MADRL,-18513.00835476551,-18449.722476702038
1021,1,TRPO-MADRL,-18511.923799399832,-18452.684444449555
1022,1,TRPO-MADRL,-18493.924572811786,-18454.558995738746
1023,1,TRPO-MADRL,-18520.11760577798,-18457.409370088277
1024,1,TRPO-MADRL,-18488.211485840373,-18458.69279157795
1025,1,TRPO-MADRL,-18648.83329054527,-18466.29841153664
1026,1,TRPO-MADRL,-18559.947477380545,-18471.73400062793
1027,1,TRPO-MADRL,-18564.83247171076,-18475.47514546015
1028,1,TRPO-MADRL,-18579.64344470176,-18480.398351078813
1029,1,TRPO-MADRL,-18488.95750983792,-18481.620852191365
1030,1,TRPO-MADRL,-18633.678446916136,-18487.535435414113
1031,1,TRPO-MADRL,-18540.34850469963,-18491.1776355659
1032,1,TRPO-MADRL,-18551.22441585846,-18497.06424416019
1033,1,TRPO-MADRL,-18525.86787203927,-18497.023232908225
1034,1,TRPO-MADRL,-18491.99198190351,-18500.8016719839
1035,1,TRPO-MADRL,-18547.991444355503,-18504.705569147958
1036,1,TRPO-MADRL,-18502.50108801969,-18507.447378574077
1037,1,TRPO-MADRL,-18555.952382895368,-18514.07447748326
1038,1,TRPO-MADRL,-18409.18507585256,-18512.715002931633
1039,1,TRPO-MADRL,-18571.12699961929,-18519.54192508762
1040,1,TRPO-MADRL,-18457.18286413281,-18520.2105884778
1041,1,TRPO-MADRL,-18516.342999875906,-18525.16930042422
1042,1,TRPO-MADRL,-18429.02046417316,-18523.798703962533
1043,1,TRPO-MADRL,-18551.398283731683,-18527.5135646702
1044,1,TRPO-MADRL,-18483.57350324253,-18525.471453603488
1045,1,TRPO-MADRL,-18363.852145300378,-18519.505205224887
1046,1,TRPO-MADRL,-18575.750438401785,-18522.05827078496
1047,1,TRPO-MADRL,-18512.658890427752,-18522.807643489603
1048,1,TRPO-MADRL,-18544.85312776088,-18523.79706436892
1049,1,TRPO-MADRL,-18527.276257074584,-18525.359655218286
1050,1,TRPO-MADRL,-18538.34711576911,-18520.94020822724
1051,1,TRPO-MADRL,-18546.650891900128,-18520.408344808024
1052,1,TRPO-MADRL,-18575.0923708366,-18520.81874077306
1053,1,TRPO-MADRL,-18428.348962349985,-18514.76696147899
1054,1,TRPO-MADRL,-18515.279342578327,-18515.819834788603
1055,1,TRPO-MADRL,-18513.52247463016,-18511.013595897162
1056,1,TRPO-MADRL,-18496.72627538344,-18509.268706724517
1057,1,TRPO-MADRL,-18483.64384508609,-18506.56548389362
1058,1,TRPO-MADRL,-18500.83448698558,-18505.56414849147
1059,1,TRPO-MADRL,-18433.288223193696,-18503.215998143078
1060,1,TRPO-MADRL,-18498.18911012543,-18501.223904773877
1061,1,TRPO-MADRL,-18554.122243254034,-18503.28875098325
1062,1,TRPO-MADRL,-18436.455338514024,-18498.508869208
1063,1,TRPO-MADRL,-18394.57005394785,-18497.924268331808
1064,1,TRPO-MADRL,-18509.37865348707,-18495.45433448652
1065,1,TRPO-MADRL,-18396.8396262222,-18493.040604970098
1066,1,TRPO-MADRL,-18357.27064869017,-18486.677710922668
1067,1,TRPO-MADRL,-18481.4298004873,-18488.774084375233
1068,1,TRPO-MADRL,-18523.614889479264,-18487.662748605133
1069,1,TRPO-MADRL,-18422.0408367976,-18485.201441947338
1070,1,TRPO-MADRL,-18445.08024955593,-18488.45056611756
1071,1,TRPO-MADRL,-18465.460295579054,-18484.03896040465
1072,1,TRPO-MADRL,-18347.372025110824,-18477.427485791974
1073,1,TRPO-MADRL,-18480.643192078223,-18474.85908836467
1074,1,TRPO-MADRL,-18469.0540664498,-18472.53020073968
1075,1,TRPO-MADRL,-18474.27715740601,-18469.967402405153
1076,1,TRPO-MADRL,-18465.93339473816,-18466.738702518673
1077,1,TRPO-MADRL,-18416.630467769628,-18460.400226395996
1078,1,TRPO-MADRL,-18477.84525869861,-18462.38007824994
1079,1,TRPO-MADRL,-18353.589396824183,-18455.912480419775
1080,1,TRPO-MADRL,-18310.004523411422,-18447.771762371023
1081,1,TRPO-MADRL,-18348.283241991536,-18441.83404103535
1082,1,TRPO-MADRL,-18372.90020073945,-18437.40429526148
1083,1,TRPO-MADRL,-18476.584795259223,-18436.434307592426
1084,1,TRPO-MADRL,-18392.23079389096,-18434.79201042032
1085,1,TRPO-MADRL,-18523.41836806737,-18435.801180737995
1086,1,TRPO-MADRL,-18408.59405452749,-18429.980053188934
1087,1,TRPO-MADRL,-18480.799203405903,-18431.75380778461
1088,1,TRPO-MADRL,-18406.769947836605,-18432.24180354016
1089,1,TRPO-MADRL,-18517.598190269546,-18432.570585011457
1090,1,TRPO-MADRL,-18389.85510991601,-18432.29120435921
1091,1,TRPO-MADRL,-18497.504654036027,-18437.900564573043
1092,1,TRPO-MADRL,-18431.904344741204,-18435.9195463432
1093,1,TRPO-MADRL,-18429.267585747068,-18432.14565419391
1094,1,TRPO-MADRL,-18409.322580992823,-18431.63692396172
1095,1,TRPO-MADRL,-18459.14712641309,-18432.19959903601
1096,1,TRPO-MADRL,-18417.872681722627,-18430.296094481753
1097,1,TRPO-MADRL,-18470.01843454588,-18435.20195085915
1098,1,TRPO-MADRL,-18422.902851450934,-18432.89233723406
1099,1,TRPO-MADRL,-18447.75264133092,-18432.040280229307
1100,1,TRPO-MADRL,-18425.58279645691,-18430.092505791345
1101,1,TRPO-MADRL,-18440.264921436217,-18429.065766859265
1102,1,TRPO-MADRL,-18443.17378281305,-18430.127499461003
1103,1,TRPO-MADRL,-18424.356413179077,-18427.98794564022
1104,1,TRPO-MADRL,-18429.116668316936,-18431.00903649993
1105,1,TRPO-MADRL,-18460.17924099163,-18437.016025203142
1106,1,TRPO-MADRL,-18533.77914543276,-18444.43586134079
1107,1,TRPO-MADRL,-18496.75228081389,-18449.389944543767
1108,1,TRPO-MADRL,-18442.47769742308,-18448.02566063032
1109,1,TRPO-MADRL,-18415.23307052438,-18448.945751695657
1110,1,TRPO-MADRL,-18407.155624757423,-18444.29524196326
1111,1,TRPO-MADRL,-18390.63200036164,-18443.576759796626
1112,1,TRPO-MADRL,-18393.008323401453,-18440.065124596447
1113,1,TRPO-MADRL,-18423.5326605752,-18440.735633105993
1114,1,TRPO-MADRL,-18441.04215872352,-18437.67339184415
1115,1,TRPO-MADRL,-18379.31874546387,-18437.251937266064
1116,1,TRPO-MADRL,-18342.442051682174,-18431.04943317191
1117,1,TRPO-MADRL,-18400.78717799136,-18429.804746501915
1118,1,TRPO-MADRL,-18425.985415514268,-18429.673459692604
1119,1,TRPO-MADRL,-18354.999811389105,-18427.500548908458
1120,1,TRPO-MADRL,-18342.68923641162,-18422.842233308394
1121,1,TRPO-MADRL,-18409.181954314776,-18422.494604212083
1122,1,TRPO-MADRL,-18458.50114818819,-18422.033912757775
1123,1,TRPO-MADRL,-18419.36509188608,-18421.892402375182
1124,1,TRPO-MADRL,-18324.04760834512,-18416.94420105575
1125,1,TRPO-MADRL,-18319.98273771836,-18412.720198706207
1126,1,TRPO-MADRL,-18330.79860768305,-18408.34154615608
1127,1,TRPO-MADRL,-18402.116367753853,-18406.699249553712
1128,1,TRPO-MADRL,-18323.026303705185,-18402.646045174755
1129,1,TRPO-MADRL,-18343.761296722107,-18399.231830310964
1130,1,TRPO-MADRL,-18329.539357767822,-18394.00623498201
1131,1,TRPO-MADRL,-18321.0851056212,-18385.49847338955
1132,1,TRPO-MADRL,-18367.238121084574,-18380.31790700038
1133,1,TRPO-MADRL,-18362.60428671908,-18377.122970572218
1134,1,TRPO-MADRL,-18374.9743336091,-18375.512621095604
1135,1,TRPO-MADRL,-18364.96631225284,-18373.825048595423
1136,1,TRPO-MADRL,-18348.20457111082,-18372.127951425387
1137,1,TRPO-MADRL,-18415.83915006182,-18373.041184491805
1138,1,TRPO-MADRL,-18342.524935026955,-18369.80087546987
1139,1,TRPO-MADRL,-18397.388917210817,-18368.054745809364
1140,1,TRPO-MADRL,-18375.66784427605,-18367.908709761854
1141,1,TRPO-MADRL,-18504.37545996885,-18374.38604609332
1142,1,TRPO-MADRL,-18366.07015475001,-18372.99736516367
1143,1,TRPO-MADRL,-18383.167750559714,-18371.284658565484
1144,1,TRPO-MADRL,-18385.74374172902,-18372.514415779082
1145,1,TRPO-MADRL,-18338.03753415782,-18372.32834768893
1146,1,TRPO-MADRL,-18358.92077517843,-18370.317900523474
1147,1,TRPO-MADRL,-18400.70080675509,-18368.00588686615
1148,1,TRPO-MADRL,-18446.28493054186,-18369.082680412383
1149,1,TRPO-MADRL,-18361.54172662321,-18370.582445143504
1150,1,TRPO-MADRL,-18424.330282401846,-18374.756346930844
1151,1,TRPO-MADRL,-18384.520396951964,-18376.9052185016
1152,1,TRPO-MADRL,-18359.172377822237,-18375.187458904336
1153,1,TRPO-MADRL,-18325.15076714669,-18375.272437441996
1154,1,TRPO-MADRL,-18372.17780058348,-18376.409097596454
1155,1,TRPO-MADRL,-18382.747390232893,-18378.537418895055
1156,1,TRPO-MADRL,-18381.16349975759,-18380.94055466051
1157,1,TRPO-MADRL,-18320.05537845049,-18379.053244955147
1158,1,TRPO-MADRL,-18377.626405881965,-18379.65412972166
1159,1,TRPO-MADRL,-18435.150597106876,-18382.061180261575
1160,1,TRPO-MADRL,-18378.942273582383,-18382.620218714754
1161,1,TRPO-MADRL,-18329.44581656718,-18381.86986853301
1162,1,TRPO-MADRL,-18320.992326934906,-18378.07599560793
1163,1,TRPO-MADRL,-18364.24647200252,-18378.944857086957
1164,1,TRPO-MADRL,-18336.191675324844,-18376.496967411516
1165,1,TRPO-MADRL,-18313.398021772104,-18374.006174511356
1166,1,TRPO-MADRL,-18355.92421444484,-18368.0681246904
1167,1,TRPO-MADRL,-18349.22712494885,-18367.39440349835
1168,1,TRPO-MADRL,-18362.249692864025,-18366.557681190527
1169,1,TRPO-MADRL,-18361.97892269452,-18365.607088429144
1170,1,TRPO-MADRL,-18328.25312446213,-18365.215712041318
1171,1,TRPO-MADRL,-18309.707314569398,-18363.247173616957
1172,1,TRPO-MADRL,-18317.67349119236,-18359.926080994446
1173,1,TRPO-MADRL,-18379.079683831194,-18357.237871126017
1174,1,TRPO-MADRL,-18339.734994172264,-18356.365601827983
1175,1,TRPO-MADRL,-18356.6183258132,-18353.657123564437
1176,1,TRPO-MADRL,-18361.655509940123,-18352.742528083963
1177,1,TRPO-MADRL,-18358.161523639126,-18352.70209391664
1178,1,TRPO-MADRL,-18337.29961741052,-18353.18804792719
1179,1,TRPO-MADRL,-18332.25304262649,-18351.59105760891
1180,1,TRPO-MADRL,-18343.476131598694,-18350.020207263544
1181,1,TRPO-MADRL,-18295.20552148356,-18346.581888132583
1182,1,TRPO-MADRL,-18346.88641685264,-18347.655129668667
1183,1,TRPO-MADRL,-18371.308084766428,-18347.402396824047
1184,1,TRPO-MADRL,-18320.995739113165,-18342.8362025043
1185,1,TRPO-MADRL,-18325.433726580777,-18340.695860624233
1186,1,TRPO-MADRL,-18345.78511651641,-18341.349432622203
1187,1,TRPO-MADRL,-18331.388039093334,-18341.765261108543
1188,1,TRPO-MADRL,-18361.089433611654,-18341.63897957291
1189,1,TRPO-MADRL,-18310.36177143566,-18340.60578341734
1190,1,TRPO-MADRL,-18365.25449545058,-18342.680042364478
1191,1,TRPO-MADRL,-18374.079875761294,-18343.406268817136
1192,1,TRPO-MADRL,-18403.228435749017,-18345.56632124914
1193,1,TRPO-MADRL,-18314.83105211101,-18343.669575619024
1194,1,TRPO-MADRL,-18303.551306540478,-18341.332470972862
1195,1,TRPO-MADRL,-18334.49287112814,-18341.5820608395
1196,1,TRPO-MADRL,-18284.176913838888,-18340.560844810283
1197,1,TRPO-MADRL,-18277.073498404243,-18338.936845098757
1198,1,TRPO-MADRL,-18288.30814496062,-18335.305983543934
1199,1,TRPO-MADRL,-18325.470496452413,-18334.73540363514
1200,1,TRPO-MADRL,-18289.844240139617,-18332.064440208193
1201,1,TRPO-MADRL,-18308.813667185997,-18329.95076649803
1202,1,TRPO-MADRL,-18234.50390505599,-18325.004461754706
1203,1,TRPO-MADRL,-18298.470013908,-18323.451277614604
1204,1,TRPO-MADRL,-18313.99513602896,-18322.720961350704
1205,1,TRPO-MADRL,-18268.716388140445,-18319.730571612374
1206,1,TRPO-MADRL,-18308.361215666893,-18320.256799379706
1207,1,TRPO-MADRL,-18296.067939923443,-18318.22406030254
1208,1,TRPO-MADRL,-18279.125706917905,-18314.536765188597
1209,1,TRPO-MADRL,-18288.25161580651,-18313.22700025633
1210,1,TRPO-MADRL,-18321.259041040536,-18313.06001283472
1211,1,TRPO-MADRL,-18279.393978722503,-18310.404367322964
1212,1,TRPO-MADRL,-18245.90684247147,-18306.98511945809
1213,1,TRPO-MADRL,-18252.542544280604,-18302.643243884846
1214,1,TRPO-MADRL,-18291.10437420372,-18301.87294799557
1215,1,TRPO-MADRL,-18221.72547456777,-18296.13178716026
1216,1,TRPO-MADRL,-18260.7981730888,-18291.600519053358
1217,1,TRPO-MADRL,-18273.26194238195,-18286.401859318674
1218,1,TRPO-MADRL,-18241.231655894007,-18283.457883469997
1219,1,TRPO-MADRL,-18281.585077680844,-18282.57923431561
1220,1,TRPO-MADRL,-18230.31716402661,-18278.41220603155
1221,1,TRPO-MADRL,-18276.727009049835,-18278.114209839987
1222,1,TRPO-MADRL,-18250.918072529254,-18277.067992804987
1223,1,TRPO-MADRL,-18274.68445706935,-18276.523045289337
1224,1,TRPO-MADRL,-18279.162776409663,-18274.670736487627
1225,1,TRPO-MADRL,-18230.521298892563,-18272.297818837746
1226,1,TRPO-MADRL,-18221.83195971208,-18268.81855053879
1227,1,TRPO-MADRL,-18242.93793034187,-18269.155911550224
1228,1,TRPO-MADRL,-18218.299259059328,-18265.949081356277
1229,1,TRPO-MADRL,-18205.04132011913,-18261.590928719885
1230,1,TRPO-MADRL,-18198.239503678997,-18258.771853341426
1231,1,TRPO-MADRL,-18244.5541111059,-18256.219569158988
1232,1,TRPO-MADRL,-18181.51728764463,-18251.63754306783
1233,1,TRPO-MADRL,-18198.23884471003,-18248.40206857952
1234,1,TRPO-MADRL,-18215.859979664165,-18245.506403133826
1235,1,TRPO-MADRL,-18191.904774368755,-18240.332232466953
1236,1,TRPO-MADRL,-18278.6804942054,-18240.30369308627
1237,1,TRPO-MADRL,-18225.432984320098,-18239.484738760213
1238,1,TRPO-MADRL,-18248.37310180957,-18239.317961061373
1239,1,TRPO-MADRL,-18228.408014906505,-18236.810106689485
1240,1,TRPO-MADRL,-18223.65016236744,-18236.887094201473
1241,1,TRPO-MADRL,-18285.85681930957,-18237.8894400503
1242,1,TRPO-MADRL,-18264.17956382909,-18237.526144908188
1243,1,TRPO-MADRL,-18203.821364243013,-18236.029733242147
1244,1,TRPO-MADRL,-18207.438181350743,-18233.063857388945
1245,1,TRPO-MADRL,-18206.22874056064,-18232.100320450303
1246,1,TRPO-MADRL,-18183.804368367684,-18228.38341482302
1247,1,TRPO-MADRL,-18200.78074204378,-18226.377921603602
1248,1,TRPO-MADRL,-18220.86015212529,-18224.224949405834
1249,1,TRPO-MADRL,-18179.017864428213,-18220.21915292658
1250,1,TRPO-MADRL,-18201.32500830131,-18219.051301302927
1251,1,TRPO-MADRL,-18194.974576341763,-18217.977005968118
1252,1,TRPO-MADRL,-18186.351090548334,-18215.713532376376
1253,1,TRPO-MADRL,-18209.300409048563,-18215.353578375947
1254,1,TRPO-MADRL,-18213.556539484514,-18215.69418715056
1255,1,TRPO-MADRL,-18165.57194586041,-18214.38748483782
1256,1,TRPO-MADRL,-18220.147122710856,-18213.411205302014
1257,1,TRPO-MADRL,-18203.42617442773,-18214.287560773337
1258,1,TRPO-MADRL,-18219.050843284716,-18215.120040716323
1259,1,TRPO-MADRL,-18195.14020632345,-18214.2912497827
1260,1,TRPO-MADRL,-18185.22091568378,-18214.023895435297
1261,1,TRPO-MADRL,-18175.65581294409,-18209.902908184846
1262,1,TRPO-MADRL,-18218.400415840548,-18209.621605445667
1263,1,TRPO-MADRL,-18183.357560150645,-18207.020983779308
1264,1,TRPO-MADRL,-18200.175970241427,-18205.891701992703
1265,1,TRPO-MADRL,-18167.729801234676,-18203.654887547393
1266,1,TRPO-MADRL,-18205.661411696205,-18200.44707124286
1267,1,TRPO-MADRL,-18213.86983914541,-18198.43468225551
1268,1,TRPO-MADRL,-18198.1286325308,-18198.206972987024
1269,1,TRPO-MADRL,-18179.726917423257,-18197.098522429922
1270,1,TRPO-MADRL,-18166.790608024035,-18195.52099712846
1271,1,TRPO-MADRL,-18183.57789255266,-18195.51193809586
1272,1,TRPO-MADRL,-18175.419405448574,-18194.497484632047
1273,1,TRPO-MADRL,-18163.247637309825,-18192.192984039433
1274,1,TRPO-MADRL,-18182.22752759621,-18192.32137056615
1275,1,TRPO-MADRL,-18210.53950843221,-18192.689950571388
1276,1,TRPO-MADRL,-18170.9484949389,-18191.72890731527
1277,1,TRPO-MADRL,-18164.39050403187,-18190.850483854614
1278,1,TRPO-MADRL,-18234.97813237,-18191.877592787474
1279,1,TRPO-MADRL,-18165.828850706144,-18189.968485236335
1280,1,TRPO-MADRL,-18209.044795752998,-18191.70739923204
1281,1,TRPO-MADRL,-18204.824113426657,-18191.094478860676
1282,1,TRPO-MADRL,-18212.062828358867,-18191.43994501792
1283,1,TRPO-MADRL,-18253.40793945077,-18192.81422886456
1284,1,TRPO-MADRL,-18194.82250031612,-18192.801520624267
1285,1,TRPO-MADRL,-18201.378937217403,-18193.447841485613
1286,1,TRPO-MADRL,-18201.878466118404,-18194.496747612586
1287,1,TRPO-MADRL,-18180.18510612437,-18192.968135223935
1288,1,TRPO-MADRL,-18182.26006394852,-18192.924235375853
1289,1,TRPO-MADRL,-18174.034160415387,-18191.878562982813
1290,1,TRPO-MADRL,-18212.464843032954,-18193.66796465474
1291,1,TRPO-MADRL,-18210.9964809008,-18193.881367422924
1292,1,TRPO-MADRL,-18223.590323924636,-18194.270186814094
1293,1,TRPO-MADRL,-18220.857095922453,-18195.17932534976
1294,1,TRPO-MADRL,-18217.04996968097,-18196.67224744007
1295,1,TRPO-MADRL,-18195.4521743402,-18197.818710092717
1296,1,TRPO-MADRL,-18218.65294785094,-18199.221712304647
1297,1,TRPO-MADRL,-18207.831945880276,-18200.518213921914
1298,1,TRPO-MADRL,-18206.511728185054,-18202.248777556924
1299,1,TRPO-MADRL,-18210.695148554245,-18203.387482395246
1300,1,TRPO-MADRL,-18197.491330593653,-18202.865555281704
1301,1,TRPO-MADRL,-18174.91926125141,-18203.024385934204
1302,1,TRPO-MADRL,-18216.107627699446,-18205.093070880906
1303,1,TRPO-MADRL,-18210.724365057387,-18204.1229201884
1304,1,TRPO-MADRL,-18233.893430832537,-18206.84550339346
1305,1,TRPO-MADRL,-18254.91702940156,-18208.6803927394
1306,1,TRPO-MADRL,-18224.126104297316,-18209.45247237423
1307,1,TRPO-MADRL,-18197.742715351455,-18208.87966785393
1308,1,TRPO-MADRL,-18211.146098484405,-18207.189194215276
1309,1,TRPO-MADRL,-18218.214637625817,-18208.124879707662
1310,1,TRPO-MADRL,-18216.24147085567,-18208.719381053194
1311,1,TRPO-MADRL,-18213.66307831137,-18209.190765540912
1312,1,TRPO-MADRL,-18266.979406260834,-18212.662537546374
1313,1,TRPO-MADRL,-18195.61179363148,-18213.19660673369
1314,1,TRPO-MADRL,-18223.553833040107,-18215.17739363868
1315,1,TRPO-MADRL,-18212.55749913292,-18215.181099882677
1316,1,TRPO-MADRL,-18247.88736282354,-18216.656735159588
1317,1,TRPO-MADRL,-18272.305199711405,-18218.605330191058
1318,1,TRPO-MADRL,-18276.85922955664,-18220.845415536427
1319,1,TRPO-MADRL,-18287.53358540065,-18223.66476016521
1320,1,TRPO-MADRL,-18252.458308088422,-18225.94500551514
1321,1,TRPO-MADRL,-18224.278112422115,-18226.17001209799
1322,1,TRPO-MADRL,-18233.66472850184,-18227.203323402853
1323,1,TRPO-MADRL,-18197.519095165982,-18226.84361808209
1324,1,TRPO-MADRL,-18284.541508279894,-18229.797472471117
1325,1,TRPO-MADRL,-18209.22966785518,-18230.267005961574
1326,1,TRPO-MADRL,-18250.79275753572,-18233.30194581295
1327,1,TRPO-MADRL,-18270.44999421605,-18235.47564047361
1328,1,TRPO-MADRL,-18211.46752000518,-18235.505366671525
1329,1,TRPO-MADRL,-18274.94331857753,-18237.147362181324
1330,1,TRPO-MADRL,-18228.96423255147,-18236.10925030732
1331,1,TRPO-MADRL,-18272.83915666068,-18238.05777240185
1332,1,TRPO-MADRL,-18252.301444811357,-18240.24012158025
1333,1,TRPO-MADRL,-18257.49117338568,-18242.093924576304
1334,1,TRPO-MADRL,-18280.430379726808,-18244.58255426034
1335,1,TRPO-MADRL,-18300.879744544756,-18247.968085207904
1336,1,TRPO-MADRL,-18322.15711938068,-18252.30784685068
1337,1,TRPO-MADRL,-18291.189076605748,-18253.276233664474
1338,1,TRPO-MADRL,-18282.84748429088,-18256.76566129085
1339,1,TRPO-MADRL,-18278.332272865548,-18258.956798883868
1340,1,TRPO-MADRL,-18225.61147743709,-18259.478958016036
1341,1,TRPO-MADRL,-18250.79689125097,-18259.59533915313
1342,1,TRPO-MADRL,-18264.605013345878,-18259.28733169851
1343,1,TRPO-MADRL,-18245.8591369116,-18258.047327992706
1344,1,TRPO-MADRL,-18311.942858170056,-18259.023698903486
1345,1,TRPO-MADRL,-18234.863001194397,-18258.319886627723
1346,1,TRPO-MADRL,-18262.15933175665,-18259.835135401107
1347,1,TRPO-MADRL,-18279.50442626603,-18261.66872331167
1348,1,TRPO-MADRL,-18265.011738114445,-18264.36842902961
1349,1,TRPO-MADRL,-18246.17303400742,-18262.833690058713
1350,1,TRPO-MADRL,-18222.41498897596,-18263.361102903542
1351,1,TRPO-MADRL,-18289.47521904271,-18264.908401363824
1352,1,TRPO-MADRL,-18261.878075979857,-18264.565524634374
1353,1,TRPO-MADRL,-18276.62403908316,-18267.171785397495
1354,1,TRPO-MADRL,-18285.987160007902,-18267.61353905471
1355,1,TRPO-MADRL,-18242.697723478646,-18268.162878691797
1356,1,TRPO-MADRL,-18292.024010921537,-18268.93027286223
1357,1,TRPO-MADRL,-18269.51890490246,-18269.618971265874
1358,1,TRPO-MADRL,-18249.21949319719,-18269.288104058338
1359,1,TRPO-MADRL,-18254.58498158269,-18268.25428813257
1360,1,TRPO-MADRL,-18274.97721543241,-18267.21818696808
1361,1,TRPO-MADRL,-18242.30878906068,-18264.024253755277
1362,1,TRPO-MADRL,-18237.742428696933,-18261.886387838924
1363,1,TRPO-MADRL,-18248.935469436285,-18260.529907244738
1364,1,TRPO-MADRL,-18282.38609146014,-18260.692059988527
1365,1,TRPO-MADRL,-18249.579679460723,-18261.650788069466
1366,1,TRPO-MADRL,-18220.91453381716,-18260.45549377212
1367,1,TRPO-MADRL,-18257.86276850928,-18260.185803978653
1368,1,TRPO-MADRL,-18231.997841734832,-18259.631352171582
1369,1,TRPO-MADRL,-18281.773057707916,-18258.424560153097
1370,1,TRPO-MADRL,-18253.79183628659,-18259.181713556784
1371,1,TRPO-MADRL,-18278.81816596021,-18259.848066924926
1372,1,TRPO-MADRL,-18287.782198853485,-18260.179177828424
1373,1,TRPO-MADRL,-18266.96722423184,-18260.25739727312
1374,1,TRPO-MADRL,-18253.87543052243,-18260.565493133723
1375,1,TRPO-MADRL,-18245.662058231275,-18261.495375903934
1376,1,TRPO-MADRL,-18274.019653864867,-18260.87715329682
1377,1,TRPO-MADRL,-18255.213814599058,-18260.61058284159
1378,1,TRPO-MADRL,-18252.29481697169,-18259.637413957127
1379,1,TRPO-MADRL,-18254.712787911187,-18258.38643907326
1380,1,TRPO-MADRL,-18229.757882208265,-18257.868845422447
1381,1,TRPO-MADRL,-18224.28882048632,-18255.159437805036
1382,1,TRPO-MADRL,-18297.910046799065,-18256.2950834809
1383,1,TRPO-MADRL,-18265.522781605323,-18256.947215017226
1384,1,TRPO-MADRL,-18264.390210435115,-18257.339424171325
1385,1,TRPO-MADRL,-18229.877525391395,-18255.53543656968
1386,1,TRPO-MADRL,-18240.8644594285,-18255.477663384394
1387,1,TRPO-MADRL,-18230.946444974343,-18255.205824035493
1388,1,TRPO-MADRL,-18277.373552110723,-18256.34334734247
1389,1,TRPO-MADRL,-18326.663852314032,-18258.114457776624
1390,1,TRPO-MADRL,-18196.819260619424,-18256.004041022974
1391,1,TRPO-MADRL,-18289.222325903716,-18258.736352706434
1392,1,TRPO-MADRL,-18259.711732041105,-18258.810311247707
1393,1,TRPO-MADRL,-18254.027992164974,-18259.691517264913
1394,1,TRPO-MADRL,-18317.038904137225,-18261.102151122082
1395,1,TRPO-MADRL,-18231.58249728677,-18260.213777562094
1396,1,TRPO-MADRL,-18242.64194813097,-18258.766728848925
1397,1,TRPO-MADRL,-18231.5999349352,-18256.519438292195
1398,1,TRPO-MADRL,-18257.811088652157,-18256.153192869006
1399,1,TRPO-MADRL,-18283.3544720031,-18257.332354528233
1400,1,TRPO-MADRL,-18239.017124556303,-18257.06655718123
1401,1,TRPO-MADRL,-18243.156805991155,-18255.832043266284
1402,1,TRPO-MADRL,-18215.20250330045,-18254.231590814343
1403,1,TRPO-MADRL,-18230.856720015006,-18253.374066936074
1404,1,TRPO-MADRL,-18269.27387061777,-18253.956510244334
1405,1,TRPO-MADRL,-18219.51804440817,-18253.54691673233
1406,1,TRPO-MADRL,-18270.20866012486,-18255.383710317874
1407,1,TRPO-MADRL,-18266.622335859247,-18254.132201880282
1408,1,TRPO-MADRL,-18290.404598758687,-18255.127474566416
1409,1,TRPO-MADRL,-18226.967787340986,-18253.63057764265
1410,1,TRPO-MADRL,-18244.962131261505,-18254.233961877457
1411,1,TRPO-MADRL,-18264.823936360885,-18255.19234095475
1412,1,TRPO-MADRL,-18250.946451882104,-18255.99234123106
1413,1,TRPO-MADRL,-18256.32883916476,-18255.15055271322
1414,1,TRPO-MADRL,-18253.053628823465,-18252.2061437736
1415,1,TRPO-MADRL,-18250.831258423063,-18254.366623685746
1416,1,TRPO-MADRL,-18238.30092073995,-18252.329767479194
1417,1,TRPO-MADRL,-18248.439523602232,-18251.87887914164
1418,1,TRPO-MADRL,-18261.06449086129,-18252.160339089492
1419,1,TRPO-MADRL,-18204.2448184971,-18247.648575663887
1420,1,TRPO-MADRL,-18245.03502237809,-18248.18667666754
1421,1,TRPO-MADRL,-18218.463703904148,-18247.21954689847
1422,1,TRPO-MADRL,-18231.42811473164,-18247.212674090326
1423,1,TRPO-MADRL,-18254.72244899751,-18247.089128504136
1424,1,TRPO-MADRL,-18241.946860190343,-18245.432824031628
1425,1,TRPO-MADRL,-18228.962788267752,-18245.030650580087
1426,1,TRPO-MADRL,-18198.684690754573,-18243.25176597062
1427,1,TRPO-MADRL,-18232.427547930754,-18243.940767755834
1428,1,TRPO-MADRL,-18224.874971462246,-18243.701497813723
1429,1,TRPO-MADRL,-18212.54717159489,-18241.43242985281
1430,1,TRPO-MADRL,-18223.402108392733,-18241.587792412192
1431,1,TRPO-MADRL,-18242.066294861368,-18240.462097801654
1432,1,TRPO-MADRL,-18250.0203711441,-18239.798019213045
1433,1,TRPO-MADRL,-18234.78889754976,-18237.57339116469
1434,1,TRPO-MADRL,-18223.96529475649,-18237.45329146131
1435,1,TRPO-MADRL,-18202.47822348559,-18235.753935150275
1436,1,TRPO-MADRL,-18244.40198437511,-18234.937057070845
1437,1,TRPO-MADRL,-18223.515148001585,-18233.83980491562
1438,1,TRPO-MADRL,-18238.287528666453,-18233.118152495692
1439,1,TRPO-MADRL,-18262.045952948465,-18233.47784546069
1440,1,TRPO-MADRL,-18251.71275379013,-18233.51310527537
1441,1,TRPO-MADRL,-18267.28092105641,-18234.67230528803
1442,1,TRPO-MADRL,-18260.751080963502,-18235.16476758248
1443,1,TRPO-MADRL,-18247.80594537393,-18234.634425762986
1444,1,TRPO-MADRL,-18197.88169987861,-18234.37990101825
1445,1,TRPO-MADRL,-18194.78089059124,-18232.369735746775
1446,1,TRPO-MADRL,-18215.79656236897,-18232.263050085363
1447,1,TRPO-MADRL,-18208.394920894996,-18231.341722331897
1448,1,TRPO-MADRL,-18178.327930197367,-18228.285941579896
1449,1,TRPO-MADRL,-18257.98120136573,-18228.92731522691
1450,1,TRPO-MADRL,-18219.6688939273,-18228.555559453293
1451,1,TRPO-MADRL,-18222.013854372803,-18229.48872599802
1452,1,TRPO-MADRL,-18242.602564648983,-18229.89572666675
1453,1,TRPO-MADRL,-18190.57118876827,-18228.52357535899
1454,1,TRPO-MADRL,-18207.427526412277,-18228.318789551686
1455,1,TRPO-MADRL,-18164.18540074497,-18225.950121245776
1456,1,TRPO-MADRL,-18214.84632081245,-18224.861322283818
1457,1,TRPO-MADRL,-18204.81240828276,-18223.053003769364
1458,1,TRPO-MADRL,-18230.00516086196,-18222.861654301854
1459,1,TRPO-MADRL,-18178.42697234392,-18221.04012140535
1460,1,TRPO-MADRL,-18207.12465059999,-18221.22597848993
1461,1,TRPO-MADRL,-18179.494920200188,-18218.62969592293
1462,1,TRPO-MADRL,-18191.867787031817,-18217.36380148414
1463,1,TRPO-MADRL,-18234.48094472753,-18217.211538126583
1464,1,TRPO-MADRL,-18253.56401009874,-18216.872260412594
1465,1,TRPO-MADRL,-18164.2405023646,-18213.373370355574
1466,1,TRPO-MADRL,-18202.28290394438,-18210.77344967109
1467,1,TRPO-MADRL,-18193.87945628756,-18208.098584684056
1468,1,TRPO-MADRL,-18211.46772189016,-18206.645055744702
1469,1,TRPO-MADRL,-18200.08174426569,-18206.73305752019
1470,1,TRPO-MADRL,-18220.115510568787,-18207.746442319287
1471,1,TRPO-MADRL,-18175.240797326456,-18206.124211717586
1472,1,TRPO-MADRL,-18182.530988630875,-18205.089654427025
1473,1,TRPO-MADRL,-18186.194392865757,-18205.40431293376
1474,1,TRPO-MADRL,-18219.991405671743,-18203.884721106
1475,1,TRPO-MADRL,-18209.093838401823,-18203.46171888498
1476,1,TRPO-MADRL,-18207.0200657656,-18202.86196734069
1477,1,TRPO-MADRL,-18210.05794910464,-18201.560182718917
1478,1,TRPO-MADRL,-18217.081847705263,-18202.6206090764
1479,1,TRPO-MADRL,-18193.11552741958,-18202.048129116687
1480,1,TRPO-MADRL,-18178.843596219103,-18202.634456935655
1481,1,TRPO-MADRL,-18205.614025964653,-18202.265165141744
1482,1,TRPO-MADRL,-18223.143297551127,-18202.99840071248
1483,1,TRPO-MADRL,-18208.98999528997,-18202.157794089595
1484,1,TRPO-MADRL,-18176.35002691919,-18202.07471627261
1485,1,TRPO-MADRL,-18183.61305387356,-18201.13425240355
1486,1,TRPO-MADRL,-18237.372469119782,-18203.449354360335
1487,1,TRPO-MADRL,-18229.97084719322,-18204.97347676679
1488,1,TRPO-MADRL,-18227.6138623009,-18204.698793469724
1489,1,TRPO-MADRL,-18179.569513294737,-18201.739013597566
1490,1,TRPO-MADRL,-18199.42909538609,-18203.146557318425
1491,1,TRPO-MADRL,-18170.778855352382,-18201.886395374746
1492,1,TRPO-MADRL,-18175.992881046077,-18201.170932365087
1493,1,TRPO-MADRL,-18179.581012926712,-18199.89546400655
1494,1,TRPO-MADRL,-18184.862245526783,-18199.28668405699
1495,1,TRPO-MADRL,-18270.44503804562,-18201.299865156067
1496,1,TRPO-MADRL,-18220.78844285068,-18203.121770977035
1497,1,TRPO-MADRL,-18194.082662180943,-18203.58383791904
1498,1,TRPO-MADRL,-18226.89019103242,-18205.211669845703
1499,1,TRPO-MADRL,-18180.8758820819,-18203.647048902112
1500,1,TRPO-MADRL,-18241.051828815427,-18204.925368518656
1,2,F-MADRL,-8533.644541237487,-8533.644541237487
2,2,F-MADRL,-9120.279520990976,-8826.962031114232
3,2,F-MADRL,-12081.713893953263,-9911.879318727242
4,2,F-MADRL,-10553.299555946402,-10072.234378032032
5,2,F-MADRL,-8707.627509019805,-9799.313004229587
6,2,F-MADRL,-9689.891088963475,-9781.076018351901
7,2,F-MADRL,-11154.52889000854,-9977.283571445707
8,2,F-MADRL,-9494.516955732704,-9916.937744481582
9,2,F-MADRL,-7012.518627764272,-9594.224509290769
10,2,F-MADRL,-10093.60291628142,-9644.162349989834
11,2,F-MADRL,-8553.453921294302,-9545.007038290241
12,2,F-MADRL,-9803.559433708066,-9566.553071241726
13,2,F-MADRL,-10203.121903148249,-9615.519904465305
14,2,F-MADRL,-11143.40763970454,-9724.654742696677
15,2,F-MADRL,-7688.674912570076,-9588.92275402157
16,2,F-MADRL,-9781.871058686727,-9600.982023063145
17,2,F-MADRL,-9631.026612783717,-9602.749351870236
18,2,F-MADRL,-9747.776825678126,-9610.806433748452
19,2,F-MADRL,-9898.568148343287,-9625.95178714818
20,2,F-MADRL,-8815.13395154613,-9585.410895368079
21,2,F-MADRL,-8509.033995552389,-9534.154852519712
22,2,F-MADRL,-9887.917036498771,-9550.234951791486
23,2,F-MADRL,-11322.128448991658,-9627.273799495842
24,2,F-MADRL,-7800.979292224298,-9551.178195026196
25,2,F-MADRL,-9791.615412345487,-9560.795683718967
26,2,F-MADRL,-10336.060784681547,-9632.89233345673
27,2,F-MADRL,-9300.946823134824,-9640.119025542483
28,2,F-MADRL,-11242.135791729794,-9606.535901453544
29,2,F-MADRL,-9081.563164808687,-9547.666445808036
30,2,F-MADRL,-7533.013371565924,-9500.681880309881
31,2,F-MADRL,-10769.82564843717,-9543.879262688828
32,2,F-MADRL,-8410.725053652404,-9434.127109234581
33,2,F-MADRL,-8590.986138970395,-9397.985876564091
34,2,F-MADRL,-8085.202677812889,-9440.893238566036
35,2,F-MADRL,-9606.441335642656,-9421.406775340485
36,2,F-MADRL,-12306.741582620378,-9571.538281793526
37,2,F-MADRL,-10459.983257966209,-9597.795234763853
38,2,F-MADRL,-9030.803627791458,-9550.902503749581
39,2,F-MADRL,-7996.027661704986,-9425.0073046296
40,2,F-MADRL,-6681.438922517559,-9384.717865027498
41,2,F-MADRL,-8797.749932621398,-9345.353019984885
42,2,F-MADRL,-9001.171554125052,-9320.15881763854
43,2,F-MADRL,-10420.94819591927,-9347.085672448186
44,2,F-MADRL,-9680.665533689213,-9338.36956786202
45,2,F-MADRL,-7684.770038210418,-9293.155011328592
46,2,F-MADRL,-8749.125376980606,-9302.758666585722
47,2,F-MADRL,-10597.567881321844,-9331.144700378645
48,2,F-MADRL,-9153.797870535069,-9244.411477240383
49,2,F-MADRL,-7945.32130926483,-9250.185157922002
50,2,F-MADRL,-10391.062570029026,-9274.163044229344
51,2,F-MADRL,-10332.19031234766,-9274.008225335989
52,2,F-MADRL,-7870.501392869601,-9216.79040812538
53,2,F-MADRL,-9042.594559794748,-9128.808758847978
54,2,F-MADRL,-9468.80529019536,-9144.298443863445
55,2,F-MADRL,-10017.25781360433,-9243.66822154498
56,2,F-MADRL,-11767.716216537649,-9283.583844269
57,2,F-MADRL,-7919.817831415676,-9263.947555379531
58,2,F-MADRL,-9438.244452003337,-9297.837887900849
59,2,F-MADRL,-10043.246723624356,-9376.159649733307
60,2,F-MADRL,-11407.418995209486,-9448.19875611598
61,2,F-MADRL,-9065.805029503868,-9318.561293991319
62,2,F-MADRL,-8509.557239017407,-9240.54425323337
63,2,F-MADRL,-9354.521216301426,-9253.492956773767
64,2,F-MADRL,-10850.449801970151,-9367.669842384374
65,2,F-MADRL,-9879.519384852383,-9495.593060877767
66,2,F-MADRL,-9821.130958630032,-9536.528301918112
67,2,F-MADRL,-8848.933518315967,-9530.438780485747
68,2,F-MADRL,-8180.748153477263,-9440.830778788068
69,2,F-MADRL,-8419.443772042116,-9390.381908322184
70,2,F-MADRL,-9762.345285819316,-9473.48491822654
71,2,F-MADRL,-8108.1122131102275,-9447.844391671726
72,2,F-MADRL,-10021.261661869608,-9424.792142893635
73,2,F-MADRL,-14486.869382663974,-9638.115003378793
74,2,F-MADRL,-9869.663334575642,-9715.088684391225
75,2,F-MADRL,-10388.353028857677,-9714.98030274437
76,2,F-MADRL,-10303.213619197384,-9713.82123501836
77,2,F-MADRL,-11472.850407916014,-9857.915195620217
78,2,F-MADRL,-11088.71583731889,-9939.760046721181
79,2,F-MADRL,-11329.484773748783,-10014.187226063317
80,2,F-MADRL,-10483.180790460032,-10032.824145137547
81,2,F-MADRL,-8933.010793006957,-9919.435928196319
82,2,F-MADRL,-8611.778938536292,-9947.114372481145
83,2,F-MADRL,-8032.075942508151,-9890.867632101335
84,2,F-MADRL,-10698.962977978828,-9917.096282275515
85,2,F-MADRL,-8843.164355750898,-9814.526096697171
86,2,F-MADRL,-9865.433230451385,-9846.511224735073
87,2,F-MADRL,-9193.651314229037,-9873.874987743538
88,2,F-MADRL,-10991.043768652333,-9939.335889837574
89,2,F-MADRL,-9272.58295955041,-9876.221216140784
90,2,F-MADRL,-12018.955615812549,-9961.79866537919
91,2,F-MADRL,-9421.298189497473,-9945.805354613889
92,2,F-MADRL,-9017.41506742006,-9952.544616578052
93,2,F-MADRL,-7151.341895025254,-9911.368366239973
94,2,F-MADRL,-8513.383586380989,-9915.125958813527
95,2,F-MADRL,-9214.025806017007,-9893.193179621434
96,2,F-MADRL,-7831.238843643572,-9882.118244842768
97,2,F-MADRL,-9615.003464895924,-9865.86791696382
98,2,F-MADRL,-7820.525644599901,-9599.214167441258
99,2,F-MADRL,-6408.667352406307,-9460.774328154484
100,2,F-MADRL,-9156.744057209646,-9411.509969288563
101,2,F-MADRL,-9141.78552574839,-9365.052845550603
102,2,F-MADRL,-7951.568661328376,-9224.201575687099
103,2,F-MADRL,-10070.880355531915,-9183.488156415619
104,2,F-MADRL,-11675.938754050843,-9197.346315627701
105,2,F-MADRL,-7392.88774620603,-9073.73459385754
106,2,F-MADRL,-7001.672283094683,-8996.481053461051
107,2,F-MADRL,-8782.001870164077,-9003.28997072616
108,2,F-MADRL,-9672.896804370976,-9068.922805200675
109,2,F-MADRL,-9191.083720423838,-9008.607634898475
110,2,F-MADRL,-9430.323657843355,-9032.094006982174
111,2,F-MADRL,-9427.41832670731,-9014.573410832409
112,2,F-MADRL,-9741.640018732818,-9036.492959012561
113,2,F-MADRL,-12965.259558530051,-9115.461590607669
114,2,F-MADRL,-10076.144295772094,-9147.604044056538
115,2,F-MADRL,-8129.226891562425,-8992.014895086533
116,2,F-MADRL,-7734.619571640249,-8924.547750372243
117,2,F-MADRL,-10267.764264105132,-8974.561718239647
118,2,F-MADRL,-11030.602202881786,-9129.732130553908
119,2,F-MADRL,-9246.73167623556,-9159.06605414809
120,2,F-MADRL,-11537.886635331955,-9252.02048732069
121,2,F-MADRL,-9562.02637638703,-9321.251988630427
122,2,F-MADRL,-8452.42943480489,-9274.749027426786
123,2,F-MADRL,-10198.871321041452,-9369.882854484447
124,2,F-MADRL,-9287.752886926311,-9485.046275865248
125,2,F-MADRL,-9134.1034973731,-9484.140653471786
126,2,F-MADRL,-11121.703075890748,-9563.33735547748
127,2,F-MADRL,-11249.892845261917,-9695.270322834822
128,2,F-MADRL,-8833.405762974562,-9645.771339132527
129,2,F-MADRL,-10936.488538492633,-9616.1933305102
130,2,F-MADRL,-8893.515690243794,-9676.218448271711
131,2,F-MADRL,-7940.240642958928,-9713.76118266628
132,2,F-MADRL,-6623.257004822304,-9627.41138805261
133,2,F-MADRL,-7327.332457400051,-9533.588814173772
134,2,F-MADRL,-12554.313816349642,-9668.118018010804
135,2,F-MADRL,-9157.568625141635,-9657.207816702736
136,2,F-MADRL,-8902.744077619383,-9636.220846739217
137,2,F-MADRL,-8183.199503567443,-9573.883226132602
138,2,F-MADRL,-8809.005857406573,-9407.633078087665
139,2,F-MADRL,-7727.806407766586,-9313.699562567443
140,2,F-MADRL,-9596.650294545749,-9372.396498686776
141,2,F-MADRL,-10439.697540421075,-9480.59961743801
142,2,F-MADRL,-7965.584115285006,-9388.512411485204
143,2,F-MADRL,-8219.060579580319,-9276.050746553146
144,2,F-MADRL,-11789.60248870076,-9377.765579051753
145,2,F-MADRL,-11750.80321753884,-9386.282242340028
146,2,F-MADRL,-8379.384425613704,-9338.976564309096
147,2,F-MADRL,-9680.576360104133,-9388.102441321065
148,2,F-MADRL,-8619.252227180852,-9324.917677566642
149,2,F-MADRL,-10724.82146330488,-9382.400420621785
150,2,F-MADRL,-9542.292326058005,-9398.72797376918
151,2,F-MADRL,-9893.22888754782,-9349.589006235463
152,2,F-MADRL,-10958.034037063862,-9337.914653907541
153,2,F-MADRL,-10538.457478838458,-9406.116722542096
154,2,F-MADRL,-8341.513290561772,-9302.317712624863
155,2,F-MADRL,-8188.976015149659,-9274.136125621097
156,2,F-MADRL,-6971.903882536224,-9235.402655204189
157,2,F-MADRL,-7697.227052855488,-9278.361457125517
158,2,F-MADRL,-9440.448030161351,-9362.886080035967
159,2,F-MADRL,-10525.427935378506,-9281.730644797122
160,2,F-MADRL,-8620.186200363643,-9260.235347806003
161,2,F-MADRL,-8353.778706535884,-9238.276732962664
162,2,F-MADRL,-8320.960647030817,-9243.787178701199
163,2,F-MADRL,-7998.965107970554,-9211.385548723758
164,2,F-MADRL,-9968.619340275636,-9301.01806602412
165,2,F-MADRL,-8390.317204058216,-9252.764742404619
166,2,F-MADRL,-8054.435360126121,-9157.35425519282
167,2,F-MADRL,-10055.301058956917,-9240.942932939697
168,2,F-MADRL,-8919.628663371788,-9268.965656291355
169,2,F-MADRL,-10424.85696131733,-9214.375835196019
170,2,F-MADRL,-9027.223023933208,-9105.432627451793
171,2,F-MADRL,-8938.26153707461,-9127.787711910229
172,2,F-MADRL,-10219.29034238834,-9149.336271201599
173,2,F-MADRL,-8714.056583601725,-9153.128445458433
174,2,F-MADRL,-7456.862606443673,-9022.410091183985
175,2,F-MADRL,-8831.983713602602,-8993.997746685769
176,2,F-MADRL,-9435.579736899686,-8975.691780659843
177,2,F-MADRL,-9933.672356112686,-8934.717313421796
178,2,F-MADRL,-9839.115816845178,-8906.743646942065
179,2,F-MADRL,-9116.140690482182,-8937.728742938882
180,2,F-MADRL,-9168.10884693072,-8976.894056210123
181,2,F-MADRL,-8768.09179035918,-9048.741572523042
182,2,F-MADRL,-9573.102416878402,-9123.77658708396
183,2,F-MADRL,-8609.777309089264,-9090.549758241074
184,2,F-MADRL,-7101.0899996237285,-8953.576240810884
185,2,F-MADRL,-9525.55145504827,-8989.79085099827
186,2,F-MADRL,-10465.10819458841,-9074.244030520369
187,2,F-MADRL,-7745.45549429581,-9051.22382441097
188,2,F-MADRL,-8540.683423765411,-9072.892557042762
189,2,F-MADRL,-8588.470520985607,-9017.686604271163
190,2,F-MADRL,-10130.192655112043,-9087.281622313316
191,2,F-MADRL,-8573.657844988376,-9108.050521707806
192,2,F-MADRL,-10428.617569659327,-9122.983182135902
193,2,F-MADRL,-9905.680974253784,-9162.425274571182
194,2,F-MADRL,-9905.308359048806,-9141.643330480441
195,2,F-MADRL,-9609.814187521148,-9164.94697702396
196,2,F-MADRL,-7914.960903827175,-9124.014951694062
197,2,F-MADRL,-10727.386771160172,-9144.338808844936
198,2,F-MADRL,-10021.99136346326,-9196.656200039397
199,2,F-MADRL,-8261.688118327154,-9228.849220514736
200,2,F-MADRL,-8640.59602109549,-9221.193712814451
201,2,F-MADRL,-9886.639417417262,-9239.236100035154
202,2,F-MADRL,-11380.772118583043,-9297.120090533968
203,2,F-MADRL,-8519.087844355805,-9244.318971634393
204,2,F-MADRL,-9528.173216014722,-9260.800272655695
205,2,F-MADRL,-10067.700629834068,-9296.783943971828
206,2,F-MADRL,-9479.994050234738,-9325.260034366853
207,2,F-MADRL,-10100.251288074684,-9346.345989214702
208,2,F-MADRL,-9330.027915167037,-9375.156013457814
209,2,F-MADRL,-9542.442815538994,-9472.810126094424
210,2,F-MADRL,-10749.502818129808,-9521.768180617686
211,2,F-MADRL,-9199.00084182466,-9471.123886507135
212,2,F-MADRL,-9353.612332989169,-9535.45016005487
213,2,F-MADRL,-8442.758701028586,-9531.533171145396
214,2,F-MADRL,-10227.547935803286,-9597.096267738103
215,2,F-MADRL,-9446.042978149628,-9569.730280659607
216,2,F-MADRL,-8523.876323719735,-9567.739019808861
217,2,F-MADRL,-9910.33804120536,-9547.007838670703
218,2,F-MADRL,-10205.90316292201,-9559.016726217431
219,2,F-MADRL,-7194.231140264816,-9450.573637466072
220,2,F-MADRL,-8996.120055744599,-9426.02587219501
221,2,F-MADRL,-9631.389241620054,-9494.683005706725
222,2,F-MADRL,-11270.08865835645,-9516.391081194575
223,2,F-MADRL,-8083.802036166976,-9438.863508102724
224,2,F-MADRL,-8011.035601815537,-9428.83740744226
225,2,F-MADRL,-9163.61613574971,-9449.75821202843
226,2,F-MADRL,-9281.503909219036,-9425.5527917005
227,2,F-MADRL,-13162.73498102271,-9496.831306198086
228,2,F-MADRL,-9889.302479667156,-9551.63989161054
229,2,F-MADRL,-10599.413810453272,-9594.489515388083
230,2,F-MADRL,-8940.19177864247,-9549.38916134042
231,2,F-MADRL,-10506.321708654645,-9590.442267677216
232,2,F-MADRL,-13500.654847786684,-9726.458410065696
233,2,F-MADRL,-10240.968191721677,-9762.89602112788
234,2,F-MADRL,-8173.048161601887,-9708.120234970396
235,2,F-MADRL,-9404.954452008473,-9654.338300325544
236,2,F-MADRL,-8687.868626371122,-9633.893011707401
237,2,F-MADRL,-9628.903363310346,-9644.90465292025
238,2,F-MADRL,-12196.360356137362,-9795.0487191246
239,2,F-MADRL,-10704.38480626794,-9814.122193943187
240,2,F-MADRL,-8838.208698469703,-9789.808822755987
241,2,F-MADRL,-10280.675905801476,-9860.08080603926
242,2,F-MADRL,-10572.7984080975,-9886.579220714944
243,2,F-MADRL,-7103.015471712821,-9762.463713066576
244,2,F-MADRL,-8259.478445061883,-9805.07360525846
245,2,F-MADRL,-9280.143543373595,-9816.43454476362
246,2,F-MADRL,-11697.381760586435,-9899.074245522275
247,2,F-MADRL,-11871.657872791253,-9923.137014099666
248,2,F-MADRL,-10328.010358631862,-10012.905346998263
249,2,F-MADRL,-7288.312103181342,-9983.996407052895
250,2,F-MADRL,-9876.072456836157,-10012.494659896352
251,2,F-MADRL,-7800.921913403495,-9953.27138006373
252,2,F-MADRL,-7445.896035947704,-9724.59782226073
253,2,F-MADRL,-8950.313902689677,-9687.03827918163
254,2,F-MADRL,-9945.862137635848,-9660.896212268934
255,2,F-MADRL,-9051.987219515584,-9665.368029903859
256,2,F-MADRL,-8527.832451185572,-9586.228459605096
257,2,F-MADRL,-7554.286197259635,-9348.373713584013
258,2,F-MADRL,-9066.383228377728,-9301.390315050257
259,2,F-MADRL,-11486.285474805554,-9433.919807578402
260,2,F-MADRL,-9641.78588849413,-9443.393065037828
261,2,F-MADRL,-8684.616145114232,-9443.262965787553
262,2,F-MADRL,-9049.209876908812,-9420.075226331492
263,2,F-MADRL,-10194.985481612404,-9340.020231350494
264,2,F-MADRL,-8569.007682297015,-9254.605146391656
265,2,F-MADRL,-9599.968360145724,-9285.075532858698
266,2,F-MADRL,-12673.077262270848,-9380.771587117473
267,2,F-MADRL,-10896.617091349412,-9393.724334447548
268,2,F-MADRL,-8044.169678044975,-9431.370502700835
269,2,F-MADRL,-6864.241378910101,-9375.561020054764
270,2,F-MADRL,-7332.682534524932,-9297.662579700818
271,2,F-MADRL,-10490.956014361702,-9249.405549851828
272,2,F-MADRL,-7131.690217380923,-9059.806843635415
273,2,F-MADRL,-10873.685584901215,-9081.633852686187
274,2,F-MADRL,-6769.517763474785,-9060.882079097926
275,2,F-MADRL,-9045.00519031358,-9027.639388437023
276,2,F-MADRL,-9727.447061502104,-9104.700394360967
277,2,F-MADRL,-9811.767167497384,-9199.335239622955
278,2,F-MADRL,-10727.8663924887,-9270.437339214915
279,2,F-MADRL,-9830.243391538694,-9265.812589371031
280,2,F-MADRL,-11416.724710970018,-9360.402089029207
281,2,F-MADRL,-10863.804402377918,-9453.840967076902
282,2,F-MADRL,-8971.798681561073,-9510.541466448958
283,2,F-MADRL,-9492.323150792923,-9527.579063345567
284,2,F-MADRL,-6549.93241063352,-9330.124940778685
285,2,F-MADRL,-9832.965159417648,-9337.772111615626
286,2,F-MADRL,-7949.830514565131,-9308.380686393662
287,2,F-MADRL,-10455.847569308258,-9364.646194089639
288,2,F-MADRL,-9159.444817484262,-9323.224567524514
289,2,F-MADRL,-7048.90468761768,-9262.42044773734
290,2,F-MADRL,-9757.385895605035,-9268.717149155713
291,2,F-MADRL,-11271.480031255913,-9212.653259915116
292,2,F-MADRL,-8471.225283104865,-9115.637587585334
293,2,F-MADRL,-8084.149405133956,-9117.236776668893
294,2,F-MADRL,-11260.948445113414,-9293.105059317026
295,2,F-MADRL,-10328.116842815474,-9412.922431648647
296,2,F-MADRL,-11372.263581297204,-9448.174734326067
297,2,F-MADRL,-10012.636929428758,-9563.41260280798
298,2,F-MADRL,-8922.313964770763,-9485.357738002764
299,2,F-MADRL,-12699.850880428916,-9722.571062680929
300,2,F-MADRL,-8759.011652938898,-9711.13132118594
301,2,F-MADRL,-9385.74773581949,-9697.463348158635
302,2,F-MADRL,-7109.198825508465,-9589.36061447908
303,2,F-MADRL,-10286.30937218166,-9571.698333666798
304,2,F-MADRL,-5465.466545687128,-9397.107259832736
305,2,F-MADRL,-11138.728082918264,-9385.987394710664
306,2,F-MADRL,-10195.2584615426,-9359.24555707725
307,2,F-MADRL,-8304.489796889533,-9332.55320169039
308,2,F-MADRL,-8823.853476078428,-9305.81441470181
309,2,F-MADRL,-9974.127508415568,-9442.782218613092
310,2,F-MADRL,-9555.46436301118,-9431.682186756834
311,2,F-MADRL,-9162.66734805415,-9480.195660096395
312,2,F-MADRL,-8802.13261042008,-9414.047061740868
313,2,F-MADRL,-9196.943232413769,-9415.546998338048
314,2,F-MADRL,-9753.065972174723,-9523.71344972033
315,2,F-MADRL,-8117.465886796869,-9458.116649368003
316,2,F-MADRL,-9425.663400565263,-9384.283984140377
317,2,F-MADRL,-9197.460239020513,-9413.333382377003
318,2,F-MADRL,-8981.756588180087,-9449.237669698847
319,2,F-MADRL,-10251.220778132902,-9408.848563019628
320,2,F-MADRL,-7826.660832776484,-9308.790322618068
321,2,F-MADRL,-8725.311672799064,-9202.912246278143
322,2,F-MADRL,-10065.688650056372,-9205.034315103247
323,2,F-MADRL,-11305.350399364765,-9300.355772487006
324,2,F-MADRL,-9704.218869238515,-9180.53049203939
325,2,F-MADRL,-8562.420860668433,-9172.666860348572
326,2,F-MADRL,-10431.539301074636,-9214.498522958778
327,2,F-MADRL,-7552.285641660132,-9232.221995604845
328,2,F-MADRL,-10402.844149522414,-9236.883386698475
329,2,F-MADRL,-9152.353432172747,-9384.3588621579
330,2,F-MADRL,-9046.736590389344,-9300.679202456742
331,2,F-MADRL,-12513.2549011231,-9393.399060039963
332,2,F-MADRL,-9460.55517704006,-9439.641675245985
333,2,F-MADRL,-10346.348033586572,-9500.541457546311
334,2,F-MADRL,-9147.29930545218,-9467.468329427775
335,2,F-MADRL,-8584.46734445856,-9428.62844868567
336,2,F-MADRL,-9097.656792485355,-9426.028026462918
337,2,F-MADRL,-9276.833850150924,-9445.016076052152
338,2,F-MADRL,-7771.951020943919,-9388.016387593358
339,2,F-MADRL,-8794.304576724433,-9349.665931775346
340,2,F-MADRL,-8897.08562203353,-9380.850721184812
341,2,F-MADRL,-8092.555597573411,-9327.526409065138
342,2,F-MADRL,-9377.186156033602,-9334.715445745662
343,2,F-MADRL,-9777.24150257666,-9366.534842321526
344,2,F-MADRL,-8735.51825072345,-9305.906741225146
345,2,F-MADRL,-9412.313184022138,-9369.332835274972
346,2,F-MADRL,-9584.943802696394,-9403.718120470865
347,2,F-MADRL,-10596.30163890818,-9424.942640024938
348,2,F-MADRL,-10306.772012578129,-9384.999504553472
349,2,F-MADRL,-9371.9812687369,-9371.710000533409
350,2,F-MADRL,-8680.567888678343,-9376.435881653804
351,2,F-MADRL,-5918.09062593322,-9195.897934648148
352,2,F-MADRL,-7656.233149827551,-9200.055834974844
353,2,F-MADRL,-9968.18906613388,-9182.669631639303
354,2,F-MADRL,-7484.745892438705,-9115.965330049941
355,2,F-MADRL,-9266.164964366224,-9124.742465009016
356,2,F-MADRL,-8097.377753796667,-8948.107379115958
357,2,F-MADRL,-9701.757209377964,-8957.755460409475
358,2,F-MADRL,-9039.037857549769,-8905.463053368003
359,2,F-MADRL,-9728.547520508771,-8928.712981970268
360,2,F-MADRL,-9543.498750828669,-8967.074238225072
361,2,F-MADRL,-9306.002191449852,-8975.40805418365
362,2,F-MADRL,-8723.586103710237,-8953.278144326025
363,2,F-MADRL,-10970.321196368342,-9081.212951343
364,2,F-MADRL,-7445.193307293815,-9027.248500565776
365,2,F-MADRL,-7371.327700778354,-8966.21818371557
366,2,F-MADRL,-9570.368759274355,-9025.330710183607
367,2,F-MADRL,-8401.579657066613,-8986.306450224925
368,2,F-MADRL,-8569.260694505843,-8937.987217902095
369,2,F-MADRL,-7654.9399738320035,-8894.764086826437
370,2,F-MADRL,-9349.870914925898,-8892.266396062587
371,2,F-MADRL,-7638.67782610038,-8814.415756998747
372,2,F-MADRL,-7985.270646568559,-8709.974517305161
373,2,F-MADRL,-8283.409327360961,-8629.040009896476
374,2,F-MADRL,-9152.847809592658,-8620.274671530706
375,2,F-MADRL,-8661.69925875169,-8619.51992633364
376,2,F-MADRL,-9033.966886651177,-8744.154976762358
377,2,F-MADRL,-7934.75185747821,-8755.295725068383
378,2,F-MADRL,-10968.731043251442,-8795.317404153086
379,2,F-MADRL,-11982.03119316306,-8975.208816182061
380,2,F-MADRL,-9914.239036044552,-9001.131779049194
381,2,F-MADRL,-11222.219429437087,-9126.125446074811
382,2,F-MADRL,-9070.503184809715,-9100.87528509208
383,2,F-MADRL,-8335.316915234745,-9072.72644739948
384,2,F-MADRL,-9922.100729867048,-9080.468575773812
385,2,F-MADRL,-10836.838627588964,-9132.202170844223
386,2,F-MADRL,-8384.961698798703,-9095.360551138177
387,2,F-MADRL,-10693.103401214848,-9174.14124303836
388,2,F-MADRL,-9194.76155122732,-9103.11885723272
389,2,F-MADRL,-9656.568415881018,-9191.573861576207
390,2,F-MADRL,-11994.4804845626,-9376.499972927579
391,2,F-MADRL,-9810.60734336431,-9386.109516291177
392,2,F-MADRL,-9755.998108884894,-9440.286254363908
393,2,F-MADRL,-9355.782916738184,-9471.747143253202
394,2,F-MADRL,-9653.28305162908,-9551.680866365083
395,2,F-MADRL,-8250.41483750807,-9507.702623268371
396,2,F-MADRL,-8427.30620186073,-9539.247758298785
397,2,F-MADRL,-9952.87554265104,-9617.951954142085
398,2,F-MADRL,-8729.373288496903,-9635.79051258752
399,2,F-MADRL,-9755.919772025882,-9659.913391084852
400,2,F-MADRL,-10516.131832972264,-9734.090694053673
401,2,F-MADRL,-8757.518347183768,-9723.032752474977
402,2,F-MADRL,-8965.715802132854,-9764.271310261163
403,2,F-MADRL,-7940.114174694541,-9643.126635518887
404,2,F-MADRL,-8468.548369226732,-9502.587322561434
405,2,F-MADRL,-9077.73535585143,-9469.12717535371
406,2,F-MADRL,-8913.259215562828,-9376.76876679874
407,2,F-MADRL,-11648.17723680098,-9479.875728878389
408,2,F-MADRL,-9843.574924878088,-9540.206049264123
409,2,F-MADRL,-9598.977765828762,-9527.281130702591
410,2,F-MADRL,-9375.905899190562,-9468.843821566656
411,2,F-MADRL,-10405.041772725372,-9549.647024523723
412,2,F-MADRL,-7442.58161723324,-9419.626153164458
413,2,F-MADRL,-10131.787746048976,-9457.107200957324
414,2,F-MADRL,-9475.989353591838,-9449.884038465756
415,2,F-MADRL,-11762.098161687623,-9440.588745550758
416,2,F-MADRL,-10091.597785252434,-9451.828363226283
417,2,F-MADRL,-9397.25514194983,-9437.47864454888
418,2,F-MADRL,-8511.145950279155,-9403.693165890518
419,2,F-MADRL,-11445.700052590251,-9475.389845928967
420,2,F-MADRL,-10439.472499079442,-9562.952152391821
421,2,F-MADRL,-7537.658433201925,-9527.36624164547
422,2,F-MADRL,-10038.543096254669,-9530.792943789615
423,2,F-MADRL,-8893.641426428814,-9537.363669306891
424,2,F-MADRL,-7575.388094182887,-9450.14240219317
425,2,F-MADRL,-8011.414954852695,-9349.953727068387
426,2,F-MADRL,-8349.307633169408,-9333.625298507814
427,2,F-MADRL,-6809.473671238431,-9247.375613272037
428,2,F-MADRL,-7870.885210957738,-9244.606454722565
429,2,F-MADRL,-12001.039878417683,-9385.906115090202
430,2,F-MADRL,-10298.041505609424,-9434.718361080522
431,2,F-MADRL,-9442.901579575744,-9455.904055641038
432,2,F-MADRL,-10337.206746536229,-9403.465236030448
433,2,F-MADRL,-10025.650175022683,-9410.748246036232
434,2,F-MADRL,-9533.762306084587,-9408.139627646466
435,2,F-MADRL,-8804.504057839898,-9385.283553992438
436,2,F-MADRL,-10076.033175551209,-9372.123210105472
437,2,F-MADRL,-8593.940947688057,-9418.177583323666
438,2,F-MADRL,-8556.133886855021,-9355.151428955907
439,2,F-MADRL,-9651.021123983575,-9362.152699771577
440,2,F-MADRL,-12003.165113042189,-9371.79537782576
441,2,F-MADRL,-5938.160815566598,-9205.657899038326
442,2,F-MADRL,-7831.302987703631,-9143.019812868477
443,2,F-MADRL,-10634.890008033855,-9227.969575178666
444,2,F-MADRL,-8396.12952126361,-9105.9867539256
445,2,F-MADRL,-9913.779875395428,-9084.959048978239
446,2,F-MADRL,-7625.671690974275,-9088.479579289133
447,2,F-MADRL,-8593.563472129945,-9030.680394324145
448,2,F-MADRL,-9239.496138739076,-9044.514582816555
449,2,F-MADRL,-9229.517076414815,-9110.679742105833
450,2,F-MADRL,-10586.328414454358,-9213.676280489899
451,2,F-MADRL,-9239.310610430208,-9249.27639958033
452,2,F-MADRL,-8459.500207154935,-9315.27746101699
453,2,F-MADRL,-10143.837125372347,-9406.195537593576
454,2,F-MADRL,-10533.855852891218,-9347.508176572517
455,2,F-MADRL,-8523.140341909766,-9276.51213002453
456,2,F-MADRL,-7949.705401170731,-9216.78428288833
457,2,F-MADRL,-8247.739601420708,-9133.20559708371
458,2,F-MADRL,-9549.06876157461,-9114.142340545786
459,2,F-MADRL,-10239.97898458103,-9142.391007685645
460,2,F-MADRL,-9474.976050149446,-9169.209887378027
461,2,F-MADRL,-7046.178960497731,-9048.015718775887
462,2,F-MADRL,-9443.450123853858,-9081.996085822519
463,2,F-MADRL,-8332.569222860311,-9073.053499262729
464,2,F-MADRL,-10322.81445761946,-9099.925232608166
465,2,F-MADRL,-8580.272200484726,-8963.009516105867
466,2,F-MADRL,-8279.180724785156,-9056.650312474609
467,2,F-MADRL,-9181.849764481522,-9110.672183545725
468,2,F-MADRL,-8785.33152750348,-9036.68984432451
469,2,F-MADRL,-10263.351919613544,-9111.378740258508
470,2,F-MADRL,-10453.649286885608,-9132.973516718113
471,2,F-MADRL,-8279.189965484737,-9159.114247698533
472,2,F-MADRL,-8279.320060386706,-9146.544511228803
473,2,F-MADRL,-10373.168652379984,-9191.891411774439
474,2,F-MADRL,-8057.695325212545,-9145.01854172635
475,2,F-MADRL,-9559.388278115734,-9103.940936272804
476,2,F-MADRL,-7022.038818223571,-9015.25006458454
477,2,F-MADRL,-10136.079226533486,-9082.31322535968
478,2,F-MADRL,-8533.598972497919,-9017.903699244704
479,2,F-MADRL,-8569.85945161196,-8939.343843193532
480,2,F-MADRL,-8548.2329801879,-8940.347548724658
481,2,F-MADRL,-9098.066027471974,-8986.281973776708
482,2,F-MADRL,-7945.84978435242,-8974.206381093978
483,2,F-MADRL,-11887.851378810745,-9067.757685783423
484,2,F-MADRL,-10874.63514254806,-9093.143932102104
485,2,F-MADRL,-9844.547355094226,-9107.926784299894
486,2,F-MADRL,-10361.541791339168,-9240.541297533551
487,2,F-MADRL,-8863.669755878494,-9217.350082814537
488,2,F-MADRL,-10809.31029330514,-9316.419725632331
489,2,F-MADRL,-9028.34077384973,-9264.64077828154
490,2,F-MADRL,-10193.91718628982,-9329.186577713745
491,2,F-MADRL,-9220.0710087666,-9366.822189073002
492,2,F-MADRL,-7912.69453808634,-9316.055980017196
493,2,F-MADRL,-10099.763024897524,-9368.633239912957
494,2,F-MADRL,-9025.82483451303,-9319.132156508938
495,2,F-MADRL,-8698.176812313537,-9248.913257526054
496,2,F-MADRL,-10591.789262756754,-9341.417229416935
497,2,F-MADRL,-8831.389468116628,-9363.500005726131
498,2,F-MADRL,-10169.200216780717,-9355.341268302162
499,2,F-MADRL,-8959.731869623714,-9391.422730078608
500,2,F-MADRL,-7595.663157143441,-9312.873725239717
501,2,F-MADRL,-8191.104594967004,-8191.104594967004
502,2,F-MADRL,-11119.233291387902,-9655.168943177454
503,2,F-MADRL,-11108.635301660985,-10139.65772933863
504,2,F-MADRL,-9401.247546540792,-9955.055183639171
505,2,F-MADRL,-11036.701930841553,-10171.384533079647
506,2,F-MADRL,-9798.93091466542,-10109.30893001061
507,2,F-MADRL,-10337.32828239507,-10141.88312320839
508,2,F-MADRL,-11302.393069377342,-10286.946866479508
509,2,F-MADRL,-11118.31152170283,-10379.320717059878
510,2,F-MADRL,-12877.997240576038,-10629.188369411493
511,2,F-MADRL,-11594.201244555685,-10716.91681260642
512,2,F-MADRL,-11934.02120056072,-10818.342178269279
513,2,F-MADRL,-10084.546518189914,-10761.896358263173
514,2,F-MADRL,-12416.622698481428,-10880.09109685019
515,2,F-MADRL,-12198.424900305265,-10967.98001708053
516,2,F-MADRL,-7807.512961471404,-10770.45082610496
517,2,F-MADRL,-8336.940629092642,-10627.303167457176
518,2,F-MADRL,-10182.147179596952,-10602.572279242719
519,2,F-MADRL,-10966.26181725434,-10621.71383387491
520,2,F-MADRL,-10893.892946239272,-10635.322789493128
521,2,F-MADRL,-11159.581128042522,-10660.287472281194
522,2,F-MADRL,-11329.56584357186,-10690.70921643077
523,2,F-MADRL,-10922.897359233288,-10700.804353074358
524,2,F-MADRL,-11628.776797820115,-10739.469871605432
525,2,F-MADRL,-10259.07466778306,-10720.254063452536
526,2,F-MADRL,-11697.3695868407,-10860.504663127484
527,2,F-MADRL,-11242.891367693614,-10865.450986179712
528,2,F-MADRL,-12040.181099798105,-10902.712818105198
529,2,F-MADRL,-9984.204502416487,-10926.031096340224
530,2,F-MADRL,-10500.313059606751,-10904.575541490833
531,2,F-MADRL,-10493.58102022026,-10932.361545713027
532,2,F-MADRL,-11894.624736424184,-10994.65340387419
533,2,F-MADRL,-11187.429198837686,-10990.054849052603
534,2,F-MADRL,-11269.662616523095,-10996.108892845416
535,2,F-MADRL,-12628.754231397474,-10986.139172478272
536,2,F-MADRL,-8783.87236189202,-10873.726017171726
537,2,F-MADRL,-11701.36379961159,-10864.419721133763
538,2,F-MADRL,-10966.822740671296,-10899.710770033016
539,2,F-MADRL,-10599.346099178474,-10827.019706060899
540,2,F-MADRL,-9678.985446651364,-10726.24212791474
541,2,F-MADRL,-10429.883727658676,-10831.136958562234
542,2,F-MADRL,-11453.98895362531,-10955.81889154354
543,2,F-MADRL,-10930.071132684054,-10985.735849667024
544,2,F-MADRL,-10127.759465108427,-10952.195755581188
545,2,F-MADRL,-11028.674250513948,-10957.587007752176
546,2,F-MADRL,-10848.926691415962,-10945.160830287112
547,2,F-MADRL,-10065.31879195252,-10894.590948222338
548,2,F-MADRL,-8896.950789024768,-10813.553085413996
549,2,F-MADRL,-11040.608038235692,-10790.02633503062
550,2,F-MADRL,-10552.528452320035,-10801.764486412101
551,2,F-MADRL,-9825.063362563882,-10726.872237441028
552,2,F-MADRL,-10791.978683423147,-10708.835730070208
553,2,F-MADRL,-10237.055124880537,-10636.710691073504
554,2,F-MADRL,-9699.294685391707,-10625.314298392514
555,2,F-MADRL,-11788.497365753386,-10676.841670638381
556,2,F-MADRL,-11239.554091879558,-10706.680593504752
557,2,F-MADRL,-10603.948880868757,-10655.053559282534
558,2,F-MADRL,-11814.969146447114,-10680.155157186911
559,2,F-MADRL,-9213.7495385908,-10597.91863406962
560,2,F-MADRL,-7424.545690483864,-10389.750292433075
561,2,F-MADRL,-11451.21484522502,-10496.443991766395
562,2,F-MADRL,-12233.362326202074,-10517.723932830017
563,2,F-MADRL,-10161.362372265206,-10485.50551809377
564,2,F-MADRL,-11244.240835519102,-10511.301307547397
565,2,F-MADRL,-9314.188041629248,-10496.709411346512
566,2,F-MADRL,-10138.1032669729,-10485.03819291908
567,2,F-MADRL,-11138.398457193032,-10472.41457306179
568,2,F-MADRL,-8712.514929079287,-10383.7123249176
569,2,F-MADRL,-11355.06677467616,-10432.804617300308
570,2,F-MADRL,-10692.978801687796,-10419.376799347263
571,2,F-MADRL,-9231.064082583838,-10354.662294993977
572,2,F-MADRL,-9182.868582762056,-10319.364286626358
573,2,F-MADRL,-10690.234967578854,-10391.095653768522
574,2,F-MADRL,-9398.18294840679,-10325.398650175366
575,2,F-MADRL,-10058.74354648911,-10305.647253942128
576,2,F-MADRL,-8825.61417588763,-10265.669286475078
577,2,F-MADRL,-10336.529641122046,-10247.451324783035
578,2,F-MADRL,-10275.9958263726,-10249.008952842716
579,2,F-MADRL,-8984.246243386886,-10220.407015162524
580,2,F-MADRL,-11036.702743313714,-10190.335230264938
581,2,F-MADRL,-11296.323536478982,-10192.606008048915
582,2,F-MADRL,-11811.845320347093,-10240.921865628048
583,2,F-MADRL,-9580.192276722311,-10151.530790839055
584,2,F-MADRL,-9095.906469972426,-10146.817068094322
585,2,F-MADRL,-13442.579897452164,-10387.538436373054
586,2,F-MADRL,-10322.603239899254,-10342.393972160022
587,2,F-MADRL,-13694.106694174738,-10400.823746878928
588,2,F-MADRL,-9095.80452055105,-10358.201432810361
589,2,F-MADRL,-9435.874507397932,-10285.866779685515
590,2,F-MADRL,-11782.986355556124,-10384.61871224259
591,2,F-MADRL,-7925.325928940399,-10296.107618721291
592,2,F-MADRL,-10402.569164783316,-10266.674447024903
593,2,F-MADRL,-8403.710307441615,-10254.322262159396
594,2,F-MADRL,-11036.647526098364,-10241.585492216283
595,2,F-MADRL,-11925.383591140093,-10290.881683794376
596,2,F-MADRL,-7192.4728226881525,-10209.338033398548
597,2,F-MADRL,-12239.647580045284,-10331.609193289876
598,2,F-MADRL,-10159.926375025088,-10310.396849587727
599,2,F-MADRL,-9261.836367741296,-10304.942986361108
600,2,F-MADRL,-10866.603899168456,-10337.257400468281
601,2,F-MADRL,-11765.926217589737,-10454.869882136365
602,2,F-MADRL,-10514.653756193393,-10461.994846739219
603,2,F-MADRL,-12967.562736994812,-10569.657523164107
604,2,F-MADRL,-10669.550798704862,-10637.069705376827
605,2,F-MADRL,-7140.7125862615385,-10481.230099094739
606,2,F-MADRL,-9001.483268699994,-10389.43648838358
607,2,F-MADRL,-9518.997288667224,-10297.722567116385
608,2,F-MADRL,-10588.08579980294,-10338.03830803961
609,2,F-MADRL,-10337.73038259312,-10387.711264544438
610,2,F-MADRL,-9351.138344806965,-10224.05360243863
611,2,F-MADRL,-10047.914730563723,-10213.066062065209
612,2,F-MADRL,-8755.70359979282,-10015.529938289932
613,2,F-MADRL,-9204.523594267834,-10019.878701238604
614,2,F-MADRL,-9903.622346679886,-10038.588614809882
615,2,F-MADRL,-10844.89050452967,-10001.064780768824
616,2,F-MADRL,-9581.48798482176,-10067.311263004078
617,2,F-MADRL,-10142.127413162463,-10056.893592939245
618,2,F-MADRL,-10508.2858777544,-10141.076615751756
619,2,F-MADRL,-9163.012714852037,-10066.131223301902
620,2,F-MADRL,-9736.090143031975,-9978.559485377576
621,2,F-MADRL,-12320.585629139208,-10183.68399763562
622,2,F-MADRL,-9619.247481383069,-10078.867993689131
623,2,F-MADRL,-8521.142240361207,-10013.316628302575
624,2,F-MADRL,-8040.578351986547,-9964.466307672386
625,2,F-MADRL,-9474.704292883656,-9908.790323420993
626,2,F-MADRL,-10127.150554710744,-9843.239296905835
627,2,F-MADRL,-10687.031343814382,-9850.134400410672
628,2,F-MADRL,-6511.01834804554,-9591.872624852702
629,2,F-MADRL,-8822.355478019059,-9517.98481202527
630,2,F-MADRL,-11442.0375696191,-9690.037811359573
631,2,F-MADRL,-10979.806249038777,-9769.170730573125
632,2,F-MADRL,-10138.00553373816,-9793.93106037596
633,2,F-MADRL,-9724.45073885295,-9759.385657937963
634,2,F-MADRL,-9264.486554837713,-9716.455904827746
635,2,F-MADRL,-7713.925244548932,-9650.967380817425
636,2,F-MADRL,-10517.461841091575,-9669.749265238537
637,2,F-MADRL,-7899.78835649308,-9635.512655506549
638,2,F-MADRL,-12287.91686901794,-9758.848386496553
639,2,F-MADRL,-10992.254547441124,-9802.393674527002
640,2,F-MADRL,-10393.946280540304,-9784.355905567429
641,2,F-MADRL,-10570.7190511817,-9823.925148221824
642,2,F-MADRL,-9119.310877963424,-9783.012486813865
643,2,F-MADRL,-8047.608191713678,-9684.585379372236
644,2,F-MADRL,-10514.084276189904,-9738.62824182575
645,2,F-MADRL,-8701.579269054424,-9697.247806866648
646,2,F-MADRL,-8278.361143241786,-9535.55882743075
647,2,F-MADRL,-7533.723761069182,-9452.137878618196
648,2,F-MADRL,-8922.179118485825,-9468.17935374318
649,2,F-MADRL,-9767.560321694911,-9537.258632531513
650,2,F-MADRL,-8595.939364998252,-9502.108035416099
651,2,F-MADRL,-9494.941220291355,-9476.819662039323
652,2,F-MADRL,-9564.83218400986,-9431.931695647141
653,2,F-MADRL,-9557.125104139775,-9553.77596589091
654,2,F-MADRL,-9277.921458227062,-9571.998605099232
655,2,F-MADRL,-8714.84402678894,-9462.910863386025
656,2,F-MADRL,-8750.892315502786,-9373.754306044586
657,2,F-MADRL,-8497.817629962265,-9308.14678989355
658,2,F-MADRL,-8982.493232753517,-9278.468489649571
659,2,F-MADRL,-10772.933706065489,-9338.806375698683
660,2,F-MADRL,-9370.5479740076,-9405.07128487703
661,2,F-MADRL,-11589.445456792417,-9447.950629505065
662,2,F-MADRL,-11807.069303984816,-9604.241867404733
663,2,F-MADRL,-8913.118498039728,-9469.249932565604
664,2,F-MADRL,-9485.840570840031,-9408.993373501562
665,2,F-MADRL,-7887.593366709325,-9308.739256948322
666,2,F-MADRL,-9225.395026471992,-9254.926295959935
667,2,F-MADRL,-8008.202903169924,-9210.481976968194
668,2,F-MADRL,-8833.910735829651,-9241.934078732833
669,2,F-MADRL,-11428.294238249462,-9278.502477215216
670,2,F-MADRL,-10029.563733494208,-9331.621855792806
671,2,F-MADRL,-12037.111648715018,-9481.971876011736
672,2,F-MADRL,-11467.59013907874,-9639.32653113212
673,2,F-MADRL,-10470.200931346788,-9701.247403646556
674,2,F-MADRL,-10719.356515303787,-9739.319251390913
675,2,F-MADRL,-10063.741180776133,-9798.031324022028
676,2,F-MADRL,-7755.326873169168,-9728.446750137138
677,2,F-MADRL,-9391.277378182462,-9721.504557904042
678,2,F-MADRL,-10528.753590739969,-9760.36969736805
679,2,F-MADRL,-10992.159315500045,-9828.93921165897
680,2,F-MADRL,-10232.56612103087,-9889.648095428647
681,2,F-MADRL,-9310.538552103724,-9912.033944892686
682,2,F-MADRL,-9369.313551099898,-9946.89378173819
683,2,F-MADRL,-8979.635530716323,-9946.779473656703
684,2,F-MADRL,-7869.451705102974,-9830.640193618201
685,2,F-MADRL,-9406.043669600316,-9832.06002144191
686,2,F-MADRL,-9199.40684297608,-9736.458476889256
687,2,F-MADRL,-10626.19839235894,-9689.223640424221
688,2,F-MADRL,-8398.741310435238,-9668.648552920044
689,2,F-MADRL,-11531.820870324977,-9750.48776489944
690,2,F-MADRL,-9913.169802487737,-9831.510822330578
691,2,F-MADRL,-11145.152626267038,-9908.301126322378
692,2,F-MADRL,-9895.609638693211,-9983.797395743311
693,2,F-MADRL,-9639.031109681484,-10016.002210697383
694,2,F-MADRL,-9301.952537261846,-9930.94854265788
695,2,F-MADRL,-9461.87340603326,-9908.24092955944
696,2,F-MADRL,-10567.106564321237,-9849.44072618369
697,2,F-MADRL,-10835.619005056851,-9824.161880822814
698,2,F-MADRL,-10784.305264200631,-9836.726054136969
699,2,F-MADRL,-9980.472286723589,-9807.17068499376
700,2,F-MADRL,-9493.651198681477,-9784.367085709973
701,2,F-MADRL,-9937.830162782468,-9871.667217294505
702,2,F-MADRL,-10021.118548137722,-9896.860864092718
703,2,F-MADRL,-9377.746189822969,-9850.820568056037
704,2,F-MADRL,-10130.004638910836,-9816.334380992466
705,2,F-MADRL,-8089.836074438469,-9730.625179128772
706,2,F-MADRL,-10539.461665801417,-9779.78210367668
707,2,F-MADRL,-8134.606681242249,-9730.393828882374
708,2,F-MADRL,-11927.192463725482,-9848.296106202739
709,2,F-MADRL,-8433.822914954202,-9870.870954596789
710,2,F-MADRL,-7369.15399871774,-9789.395367761486
711,2,F-MADRL,-8200.365361195805,-9749.433708490275
712,2,F-MADRL,-8605.767936216678,-9668.616490244585
713,2,F-MADRL,-9803.344531477816,-9724.800619086287
714,2,F-MADRL,-9507.993808567942,-9643.847536616006
715,2,F-MADRL,-7626.686350324588,-9552.38819852948
716,2,F-MADRL,-8844.148456953764,-9460.34803175695
717,2,F-MADRL,-6916.220044411427,-9341.172447985677
718,2,F-MADRL,-8977.812715752458,-9314.723712228519
719,2,F-MADRL,-6122.04483870568,-9187.52740428627
720,2,F-MADRL,-10435.609192400298,-9226.476835740952
721,2,F-MADRL,-6275.79131061553,-9054.824225592723
722,2,F-MADRL,-8894.949703950802,-8977.197453548482
723,2,F-MADRL,-9142.726870276809,-8911.534317791527
724,2,F-MADRL,-10095.882682118285,-8916.150733607315
725,2,F-MADRL,-9966.70183787233,-8935.072759174951
726,2,F-MADRL,-9235.715769499846,-8906.988183443646
727,2,F-MADRL,-9050.328145399037,-8868.1565673341
728,2,F-MADRL,-10880.801576059504,-8928.27878278356
729,2,F-MADRL,-7436.1624866398,-8820.52509669272
730,2,F-MADRL,-11001.792285690142,-8937.003345142786
731,2,F-MADRL,-8472.736181335264,-8854.334325764139
732,2,F-MADRL,-7587.955732203857,-8832.468287802603
733,2,F-MADRL,-9402.358350114346,-8731.474923258158
734,2,F-MADRL,-6282.8324476929065,-8645.435304567707
735,2,F-MADRL,-9837.408282925458,-8744.165475936015
736,2,F-MADRL,-8490.244790781631,-8755.760653119447
737,2,F-MADRL,-7670.71931726492,-8718.358708361378
738,2,F-MADRL,-8870.54964833032,-8681.046913035478
739,2,F-MADRL,-8348.847280905364,-8634.681051928974
740,2,F-MADRL,-11050.531558971878,-8771.634860274866
741,2,F-MADRL,-9524.54013170764,-8798.850527265022
742,2,F-MADRL,-10414.996431777488,-8938.801582759665
743,2,F-MADRL,-8222.910127195502,-8908.605479217385
744,2,F-MADRL,-7798.508382457981,-8975.664020967477
745,2,F-MADRL,-8383.41943428819,-8893.576430642994
746,2,F-MADRL,-8679.046736688988,-8989.70664768593
747,2,F-MADRL,-7888.212532935028,-8949.4371608453
748,2,F-MADRL,-8790.400758656442,-8935.344116380486
749,2,F-MADRL,-7158.695307261216,-8817.856621386203
750,2,F-MADRL,-10824.112294503748,-8852.15303965146
751,2,F-MADRL,-7831.834577662738,-8795.997791977976
752,2,F-MADRL,-8562.5402389876,-8776.486275721518
753,2,F-MADRL,-10945.975948521267,-8779.09325061999
754,2,F-MADRL,-8895.081285499171,-8837.450002574364
755,2,F-MADRL,-7128.054492544378,-8682.500490848533
756,2,F-MADRL,-8063.535238784409,-8666.1324531465
757,2,F-MADRL,-8076.911234605204,-8685.690673242552
758,2,F-MADRL,-9387.576352435844,-8685.099393335413
759,2,F-MADRL,-10942.43465390364,-8871.483481583842
760,2,F-MADRL,-10281.382956241405,-8889.24246851648
761,2,F-MADRL,-9825.486692767106,-8942.652144595899
762,2,F-MADRL,-11949.081677994978,-9113.7866390251
763,2,F-MADRL,-9632.457449105425,-9144.262951056106
764,2,F-MADRL,-7580.28635234016,-9113.520513913498
765,2,F-MADRL,-9576.950989339775,-9054.577291128213
766,2,F-MADRL,-8787.63143323446,-9025.100943189285
767,2,F-MADRL,-8738.603755928203,-8958.045236155314
768,2,F-MADRL,-8856.468422629994,-8983.387567972695
769,2,F-MADRL,-7325.028043436135,-8964.44835441182
770,2,F-MADRL,-9319.959179827194,-9001.909944233379
771,2,F-MADRL,-8396.32597767983,-8990.601113873014
772,2,F-MADRL,-9157.531490606452,-9041.37387217987
773,2,F-MADRL,-9805.76938855967,-9081.988617376
774,2,F-MADRL,-9096.17995952427,-9159.488003466522
775,2,F-MADRL,-12479.600134002554,-9225.707517046474
776,2,F-MADRL,-7660.52477184322,-9218.855124813694
777,2,F-MADRL,-9287.148480803078,-9247.839454486313
778,2,F-MADRL,-8208.025572151902,-9138.321439431538
779,2,F-MADRL,-7543.931900472919,-9084.275464030488
780,2,F-MADRL,-10261.43715584731,-9209.610770562605
781,2,F-MADRL,-9391.754162952722,-9262.739527529338
782,2,F-MADRL,-7927.36083295469,-9256.757511463318
783,2,F-MADRL,-11373.06759540025,-9336.177161181893
784,2,F-MADRL,-9702.268686668196,-9286.570522492475
785,2,F-MADRL,-12381.289789847822,-9370.566795836732
786,2,F-MADRL,-8758.382845335904,-9327.882641939485
787,2,F-MADRL,-8905.75493569508,-9206.149572247488
788,2,F-MADRL,-9563.761118045612,-9203.401719005096
789,2,F-MADRL,-8419.034440099076,-9236.951642515452
790,2,F-MADRL,-11367.8662514282,-9308.58825299899
791,2,F-MADRL,-9361.85814850648,-9331.557321609871
792,2,F-MADRL,-9453.668674373022,-9360.159918347663
793,2,F-MADRL,-9014.925195469732,-9366.498189261252
794,2,F-MADRL,-8589.551638807654,-9417.079133076113
795,2,F-MADRL,-6707.221710117474,-9312.569634287725
796,2,F-MADRL,-5937.634683735147,-9214.221982529938
797,2,F-MADRL,-9315.54250904432,-9220.542423267452
798,2,F-MADRL,-10434.068354265031,-9245.674381895666
799,2,F-MADRL,-10667.662072447984,-9308.533666412615
800,2,F-MADRL,-7784.036333391346,-9120.711114388167
801,2,F-MADRL,-8869.452363276796,-9169.06821804551
802,2,F-MADRL,-7734.096615194437,-9106.946143421164
803,2,F-MADRL,-10446.4145270456,-9196.481701616913
804,2,F-MADRL,-7944.407478690691,-9212.500724745621
805,2,F-MADRL,-7085.121848826315,-9085.448112464783
806,2,F-MADRL,-8483.454946153597,-9049.116143792817
807,2,F-MADRL,-7011.180348265425,-9012.468924405248
808,2,F-MADRL,-11624.714383485343,-9022.534795928652
809,2,F-MADRL,-7486.880542519806,-8933.919270162716
810,2,F-MADRL,-8067.460109987413,-8761.3660829683
811,2,F-MADRL,-7931.79578540884,-8728.302600571216
812,2,F-MADRL,-8693.987444344602,-8719.8319009172
813,2,F-MADRL,-7685.254160020808,-8644.691622596205
814,2,F-MADRL,-10624.5758779853,-8732.913280111656
815,2,F-MADRL,-7496.469837893354,-8578.05742357026
816,2,F-MADRL,-9581.624335483795,-8586.848071049353
817,2,F-MADRL,-8000.790149538248,-8528.732930055963
818,2,F-MADRL,-7129.342607762252,-8453.309626547663
819,2,F-MADRL,-9833.392618516707,-8503.063265736026
820,2,F-MADRL,-10186.3475447909,-8642.228299122962
821,2,F-MADRL,-8098.941536625984,-8728.680573238596
822,2,F-MADRL,-7684.611942380807,-8663.443350572055
823,2,F-MADRL,-6977.8776910705565,-8525.195724044277
824,2,F-MADRL,-8938.598750370962,-8456.033191161196
825,2,F-MADRL,-10152.655067562284,-8550.777940528033
826,2,F-MADRL,-8454.11397050285,-8534.164404817077
827,2,F-MADRL,-9878.089200142613,-8619.924108215002
828,2,F-MADRL,-8906.954217629222,-8558.345695838347
829,2,F-MADRL,-9626.08069281912,-8625.612624403486
830,2,F-MADRL,-8735.200892038485,-8691.615786131972
831,2,F-MADRL,-7993.045613145765,-8671.999412811658
832,2,F-MADRL,-7684.612045044405,-8698.936680682817
833,2,F-MADRL,-8048.369039875071,-8555.882866938406
834,2,F-MADRL,-9322.224983153168,-8629.29664456374
835,2,F-MADRL,-8545.114602705973,-8648.402824272482
836,2,F-MADRL,-7159.117416230441,-8617.495689505347
837,2,F-MADRL,-7255.76102701044,-8559.96663281198
838,2,F-MADRL,-7857.073832829741,-8566.839419724338
839,2,F-MADRL,-9803.68504992385,-8534.003786601881
840,2,F-MADRL,-7731.909767499847,-8543.421383786139
841,2,F-MADRL,-9461.36836919557,-8538.611145134611
842,2,F-MADRL,-6865.36283731774,-8493.19405264579
843,2,F-MADRL,-7233.785811945884,-8497.371780813135
844,2,F-MADRL,-8095.063496898758,-8427.838615948416
845,2,F-MADRL,-9771.183895956525,-8411.232069995043
846,2,F-MADRL,-7715.175002038839,-8395.881408611556
847,2,F-MADRL,-10249.972348111938,-8498.4958248408
848,2,F-MADRL,-9643.942634162744,-8605.138422564489
849,2,F-MADRL,-8735.509174088493,-8597.014839513191
850,2,F-MADRL,-9797.220548672753,-8582.79745875761
851,2,F-MADRL,-7436.987529030519,-8542.112401098717
852,2,F-MADRL,-8796.602646920019,-8498.852938969812
853,2,F-MADRL,-9040.22195560116,-8504.18364848869
854,2,F-MADRL,-9558.305423203688,-8501.472637704072
855,2,F-MADRL,-8723.969214866895,-8501.02337061721
856,2,F-MADRL,-8597.977421388498,-8525.220642946917
857,2,F-MADRL,-9039.837924754174,-8579.42967813531
858,2,F-MADRL,-8811.394831584013,-8609.950709803667
859,2,F-MADRL,-7737.05117216034,-8546.543757363954
860,2,F-MADRL,-7775.512880254024,-8515.759688465876
861,2,F-MADRL,-8338.048257890874,-8562.916922132292
862,2,F-MADRL,-6901.262714429631,-8548.736989629062
863,2,F-MADRL,-7907.670851325962,-8550.76087036891
864,2,F-MADRL,-8444.894509737633,-8496.40924876146
865,2,F-MADRL,-9024.840084681724,-8548.126461448735
866,2,F-MADRL,-6253.773839220752,-8419.822680249743
867,2,F-MADRL,-9721.329436638594,-8534.061344222579
868,2,F-MADRL,-7793.858572454179,-8556.46425464291
869,2,F-MADRL,-8186.367194828804,-8560.11640256011
870,2,F-MADRL,-7358.18271249515,-8463.596355221656
871,2,F-MADRL,-9004.382245013028,-8515.164644940623
872,2,F-MADRL,-6912.182891238277,-8381.653066665676
873,2,F-MADRL,-6783.518884522015,-8267.236116680047
874,2,F-MADRL,-9297.94839497935,-8289.733685515683
875,2,F-MADRL,-8404.038834554998,-8234.006416950971
876,2,F-MADRL,-7436.234513947395,-8233.976296347648
877,2,F-MADRL,-8242.227173603642,-8211.801277414992
878,2,F-MADRL,-7438.287174123265,-8147.723886155876
879,2,F-MADRL,-7828.510327170104,-8078.532082314533
880,2,F-MADRL,-9733.885764236627,-8118.928744289322
881,2,F-MADRL,-6561.181465480146,-8037.456906052988
882,2,F-MADRL,-9423.56619386096,-8052.806036817259
883,2,F-MADRL,-9770.396572381782,-8091.16610644917
884,2,F-MADRL,-7148.680132034449,-8067.631264844134
885,2,F-MADRL,-6563.532724538021,-8019.152058615495
886,2,F-MADRL,-8177.714728580823,-8012.738717443092
887,2,F-MADRL,-9352.523217251151,-8110.789137555952
888,2,F-MADRL,-8154.499767440016,-8120.662294200516
889,2,F-MADRL,-7711.679820748317,-8091.333706640942
890,2,F-MADRL,-8850.525411085273,-8084.361119697085
891,2,F-MADRL,-7421.445686301953,-8131.067993580332
892,2,F-MADRL,-7511.755475456926,-8042.685035133066
893,2,F-MADRL,-7450.226229825719,-8028.939741427927
894,2,F-MADRL,-8383.799159233155,-8036.837020004102
895,2,F-MADRL,-8812.304355248687,-8095.001885714243
896,2,F-MADRL,-7750.198008580371,-8044.834516256937
897,2,F-MADRL,-7565.450970527589,-8070.96523942851
898,2,F-MADRL,-8651.282989464169,-8145.675803626196
899,2,F-MADRL,-7466.645649718678,-8072.423693815769
900,2,F-MADRL,-7284.11498902246,-8027.626739994468
901,2,F-MADRL,-5917.674434797847,-7966.884336828484
902,2,F-MADRL,-8862.093407325483,-7991.678986177359
903,2,F-MADRL,-7681.989064885708,-8001.427061807856
904,2,F-MADRL,-7132.887019151294,-7973.602129487104
905,2,F-MADRL,-8309.925961486428,-7916.643737377096
906,2,F-MADRL,-7160.699978866169,-7940.624477912537
907,2,F-MADRL,-8441.90876095377,-7901.358180596249
908,2,F-MADRL,-7391.536220748275,-7806.203766530909
909,2,F-MADRL,-8818.036876664537,-7872.978036316113
910,2,F-MADRL,-7559.979888200578,-7912.835922862615
911,2,F-MADRL,-9697.974515416234,-7973.6463143360315
912,2,F-MADRL,-9561.984480181827,-7982.024764853259
913,2,F-MADRL,-8839.301531932373,-8009.416835432952
914,2,F-MADRL,-8772.934642053231,-8051.86702828515
915,2,F-MADRL,-6379.997662965177,-7953.045918360345
916,2,F-MADRL,-9663.323512141016,-8042.721031393909
917,2,F-MADRL,-7696.284699137692,-8050.102200341138
918,2,F-MADRL,-9317.285094602335,-8124.784554932203
919,2,F-MADRL,-8370.420887970968,-8124.249424081716
920,2,F-MADRL,-9307.594647459173,-8144.061035770134
921,2,F-MADRL,-9104.716026905371,-8198.241756503136
922,2,F-MADRL,-7321.98193593691,-8188.502995119508
923,2,F-MADRL,-6370.02544103107,-8097.252693182185
924,2,F-MADRL,-8224.697591572021,-8127.574770856318
925,2,F-MADRL,-9626.500920380404,-8221.270208110634
926,2,F-MADRL,-7987.353597248997,-8304.057374608681
927,2,F-MADRL,-8204.231031336789,-8277.742879569134
928,2,F-MADRL,-7987.684335673675,-8289.970690400653
929,2,F-MADRL,-8507.029916747037,-8344.936406304483
930,2,F-MADRL,-7811.735896571829,-8325.008803707899
931,2,F-MADRL,-8487.170689629233,-8378.06763213842
932,2,F-MADRL,-7968.553413130466,-8359.133418225489
933,2,F-MADRL,-8364.773632910357,-8398.06291471197
934,2,F-MADRL,-7355.998079210594,-8339.581362813815
935,2,F-MADRL,-8541.517890236682,-8378.842882895258
936,2,F-MADRL,-7867.824048601213,-8305.636864222659
937,2,F-MADRL,-7879.074477482938,-8238.320464114702
938,2,F-MADRL,-8770.042859896723,-8235.550117233277
939,2,F-MADRL,-8127.966043589536,-8209.751373294728
940,2,F-MADRL,-9203.990232529288,-8322.711076077292
941,2,F-MADRL,-7144.89726873797,-8221.974026341171
942,2,F-MADRL,-8461.036587552066,-8252.564101877746
943,2,F-MADRL,-9272.589817698608,-8250.776290801597
944,2,F-MADRL,-7406.827160704162,-8212.232541710924
945,2,F-MADRL,-7233.869841460411,-8129.283549470975
946,2,F-MADRL,-6902.67902185968,-8041.202069269147
947,2,F-MADRL,-8231.208329440029,-8077.571125009271
948,2,F-MADRL,-6590.402402821831,-8086.386203480902
949,2,F-MADRL,-7374.241143599706,-8052.367945562009
950,2,F-MADRL,-7460.137017242708,-7965.7133894365015
951,2,F-MADRL,-8309.25386060731,-7978.589399970832
952,2,F-MADRL,-8207.25989621862,-7978.710554566107
953,2,F-MADRL,-6695.719674378877,-7927.031968114315
954,2,F-MADRL,-8721.157240726503,-7935.597061073494
955,2,F-MADRL,-6560.468454116139,-7885.546363375266
956,2,F-MADRL,-6288.542205235768,-7797.601223999527
957,2,F-MADRL,-7376.618686584208,-7773.923834937677
958,2,F-MADRL,-8088.688136436133,-7762.880415078709
959,2,F-MADRL,-8288.080775665068,-7800.163722936887
960,2,F-MADRL,-6914.781915733351,-7735.094283956754
961,2,F-MADRL,-8970.096130810252,-7779.185167245115
962,2,F-MADRL,-6261.228547212299,-7714.471330034289
963,2,F-MADRL,-7491.53955930796,-7663.331198010739
964,2,F-MADRL,-6771.098218464907,-7609.056485005754
965,2,F-MADRL,-6102.319653517433,-7484.989661845279
966,2,F-MADRL,-7390.837745324127,-7494.827280908727
967,2,F-MADRL,-6768.243486887421,-7427.1155568821405
968,2,F-MADRL,-8536.861587567593,-7397.6864276769
969,2,F-MADRL,-6856.8029912198745,-7375.685460897529
970,2,F-MADRL,-8507.977704892197,-7426.6497754348
971,2,F-MADRL,-6559.308227248315,-7412.914943650347
972,2,F-MADRL,-8715.600521381388,-7432.290631327999
973,2,F-MADRL,-7646.34451592585,-7474.52831585216
974,2,F-MADRL,-9313.606954761097,-7552.102948298616
975,2,F-MADRL,-7792.753618196279,-7565.407612336759
976,2,F-MADRL,-7359.5902630474,-7527.4210684343625
977,2,F-MADRL,-6834.626018991804,-7472.515713345289
978,2,F-MADRL,-7000.839937748838,-7484.720523880088
979,2,F-MADRL,-9179.474708313584,-7503.0532225835705
980,2,F-MADRL,-6930.681893146723,-7517.861760144795
981,2,F-MADRL,-9811.224518960193,-7658.769052693773
982,2,F-MADRL,-7709.5838361733,-7672.087658677335
983,2,F-MADRL,-5659.683753553012,-7574.927483362011
984,2,F-MADRL,-7870.492137781075,-7558.22393784665
985,2,F-MADRL,-8372.228438116748,-7616.5217987419865
986,2,F-MADRL,-6606.681564039272,-7521.985216071148
987,2,F-MADRL,-6281.490369602432,-7522.795688966754
988,2,F-MADRL,-10105.127520571732,-7627.339207417303
989,2,F-MADRL,-7782.891720065001,-7667.810947481307
990,2,F-MADRL,-7419.085982957056,-7720.4816006588935
991,2,F-MADRL,-9314.919842793386,-7797.4448845576635
992,2,F-MADRL,-7871.361207329784,-7841.569593375358
993,2,F-MADRL,-6655.331380048745,-7766.308385074603
994,2,F-MADRL,-5541.806839311035,-7713.708538998249
995,2,F-MADRL,-8286.405571564517,-7704.845653665143
996,2,F-MADRL,-10918.809022281765,-7879.22568546648
997,2,F-MADRL,-4635.942246615383,-7716.039354475842
998,2,F-MADRL,-7829.391818653981,-7723.361246584966
999,2,F-MADRL,-6905.654241290073,-7627.043138046125
1000,2,F-MADRL,-6778.761798516789,-7586.483465258946
1001,2,F-MADRL,-10241.461816458015,-10241.461816458015
1002,2,F-MADRL,-13264.761340522551,-11753.111578490283
1003,2,F-MADRL,-9548.93278154358,-11018.385312841383
1004,2,F-MADRL,-11567.11394078837,-11155.56746982813
1005,2,F-MADRL,-11434.120579905604,-11211.278091843624
1006,2,F-MADRL,-12472.74607483047,-11421.522755674765
1007,2,F-MADRL,-13012.479277223878,-11648.802258753209
1008,2,F-MADRL,-15524.4174003049,-12133.25415144717
1009,2,F-MADRL,-10896.476715231242,-11995.834436312067
1010,2,F-MADRL,-12074.27062279126,-12003.678054959988
1011,2,F-MADRL,-13242.026102280915,-12116.25515017098
1012,2,F-MADRL,-13346.561198820658,-12218.78065422512
1013,2,F-MADRL,-13304.19713422808,-12302.274229609962
1014,2,F-MADRL,-15366.49800131372,-12521.147356160232
1015,2,F-MADRL,-13094.610876587623,-12559.378257522058
1016,2,F-MADRL,-10626.317453672811,-12438.56195728148
1017,2,F-MADRL,-12424.112214736722,-12437.711972425906
1018,2,F-MADRL,-14718.11091330379,-12564.400802474678
1019,2,F-MADRL,-11515.401515672796,-12509.190313695632
1020,2,F-MADRL,-13103.437495981005,-12538.9026728099
1021,2,F-MADRL,-14285.03898544692,-12622.052021030711
1022,2,F-MADRL,-12661.976614245625,-12623.866775267752
1023,2,F-MADRL,-13570.20203437691,-12665.011786533369
1024,2,F-MADRL,-12642.141996860928,-12664.058878630349
1025,2,F-MADRL,-15678.51231718252,-12784.637016172435
1026,2,F-MADRL,-13889.638656946592,-12930.564089791977
1027,2,F-MADRL,-14027.031615174985,-12961.054900778076
1028,2,F-MADRL,-15419.56424939988,-13195.880159492328
1029,2,F-MADRL,-12689.441655664614,-13240.773268087376
1030,2,F-MADRL,-16950.7517360037,-13461.438514331303
1031,2,F-MADRL,-13812.826709723988,-13515.041739727043
1032,2,F-MADRL,-12097.004384936925,-13478.422744035564
1033,2,F-MADRL,-13012.273117373215,-13377.936972718297
1034,2,F-MADRL,-13567.474989229171,-13484.776903678216
1035,2,F-MADRL,-10994.123569777072,-13441.571021557647
1036,2,F-MADRL,-11938.597042087971,-13389.433859149927
1037,2,F-MADRL,-14699.357323372358,-13443.545704131997
1038,2,F-MADRL,-11610.206045398252,-13375.786060578805
1039,2,F-MADRL,-11454.347675641948,-13219.300047551933
1040,2,F-MADRL,-10178.143760283108,-13102.641362899754
1041,2,F-MADRL,-9395.515353011084,-13053.409278873285
1042,2,F-MADRL,-12960.788553305856,-13074.876332416048
1043,2,F-MADRL,-14664.54592506355,-13072.73373288644
1044,2,F-MADRL,-8901.43244453802,-12968.174970041047
1045,2,F-MADRL,-8948.713982810634,-12801.986029514233
1046,2,F-MADRL,-11340.526324783788,-12684.205523087709
1047,2,F-MADRL,-12247.249247318396,-12667.616428410618
1048,2,F-MADRL,-12683.086436714597,-12632.131804504126
1049,2,F-MADRL,-10201.836465767245,-12534.51958326038
1050,2,F-MADRL,-10940.038640590525,-12344.9806361967
1051,2,F-MADRL,-9523.244390603282,-12170.324865542967
1052,2,F-MADRL,-11089.514715686615,-12052.824189563431
1053,2,F-MADRL,-10877.791265996628,-11871.153270227302
1054,2,F-MADRL,-12132.467577129044,-11848.874307085882
1055,2,F-MADRL,-13567.31692887068,-11713.536914800557
1056,2,F-MADRL,-12579.535196004992,-11664.2052542518
1057,2,F-MADRL,-9855.617386994496,-11574.5497743341
1058,2,F-MADRL,-10808.210754786243,-11486.387279830622
1059,2,F-MADRL,-10090.984247143362,-11347.32765014719
1060,2,F-MADRL,-9961.568765629538,-11306.025457981286
1061,2,F-MADRL,-12328.504339064257,-11321.621749860342
1062,2,F-MADRL,-13574.447925635788,-11276.625373950877
1063,2,F-MADRL,-10656.127491178544,-11238.462231782089
1064,2,F-MADRL,-10124.740084709654,-11185.277928144797
1065,2,F-MADRL,-11904.120958769594,-11254.317016084255
1066,2,F-MADRL,-12596.698793421816,-11382.364353700685
1067,2,F-MADRL,-10090.741425415265,-11267.562468585062
1068,2,F-MADRL,-9768.43558507766,-11071.718054985626
1069,2,F-MADRL,-11376.623807483418,-11170.725709503444
1070,2,F-MADRL,-12362.552287824132,-11307.279241703982
1071,2,F-MADRL,-13212.742785549846,-11382.167900134624
1072,2,F-MADRL,-13639.001407786338,-11437.837986553342
1073,2,F-MADRL,-13756.377994090262,-11480.769648848367
1074,2,F-MADRL,-11172.055295416238,-11519.578402034329
1075,2,F-MADRL,-12744.70375150664,-11591.765006470974
1076,2,F-MADRL,-12628.399685224254,-11715.971218255812
1077,2,F-MADRL,-11389.0647551782,-11727.953219835477
1078,2,F-MADRL,-9952.516486451468,-11690.942228653668
1079,2,F-MADRL,-9629.97770561912,-11590.842633793272
1080,2,F-MADRL,-9473.904359643686,-11427.106131024193
1081,2,F-MADRL,-12589.856620627095,-11427.518988009077
1082,2,F-MADRL,-11402.024398939322,-11489.37526848687
1083,2,F-MADRL,-14759.633392122932,-11647.432173980336
1084,2,F-MADRL,-9680.176235045536,-11630.999853496423
1085,2,F-MADRL,-13124.891138090454,-11757.532748394862
1086,2,F-MADRL,-13146.56876298125,-11790.25532535154
1087,2,F-MADRL,-10681.662711148914,-11674.543916772063
1088,2,F-MADRL,-10639.915102736351,-11673.895421234378
1089,2,F-MADRL,-10603.858400407174,-11693.06015386228
1090,2,F-MADRL,-10162.233610643483,-11623.384659937235
1091,2,F-MADRL,-11147.975570225228,-11565.435731009371
1092,2,F-MADRL,-11464.665570888028,-11620.392696828281
1093,2,F-MADRL,-13508.766037423193,-11770.005914922103
1094,2,F-MADRL,-14566.80917783659,-11897.61332973623
1095,2,F-MADRL,-13929.017617174964,-11960.271942910264
1096,2,F-MADRL,-12121.152371362372,-11916.608326342764
1097,2,F-MADRL,-11452.653906366337,-11829.154426285964
1098,2,F-MADRL,-11064.94690386668,-11721.49718267702
1099,2,F-MADRL,-13198.854848342078,-11802.569164794053
1100,2,F-MADRL,-13218.141161996064,-11821.506661213632
1101,2,F-MADRL,-10542.121589240527,-11738.055537374283
1102,2,F-MADRL,-12248.258569210717,-11772.423289935581
1103,2,F-MADRL,-10878.729260051672,-11809.471800879592
1104,2,F-MADRL,-11238.109149960672,-11873.797058653254
1105,2,F-MADRL,-12872.880936407644,-12009.756121723813
1106,2,F-MADRL,-11320.870953781026,-11958.99669504997
1107,2,F-MADRL,-12160.620635389809,-11989.340544507988
1108,2,F-MADRL,-11511.248466959092,-11859.405147501435
1109,2,F-MADRL,-10384.10744117641,-11887.562395746669
1110,2,F-MADRL,-11829.351672344004,-11835.740817116812
1111,2,F-MADRL,-10655.148897792938,-11736.084022509278
1112,2,F-MADRL,-12644.255449428234,-11814.58773204045
1113,2,F-MADRL,-9519.721805796871,-11769.780000162871
1114,2,F-MADRL,-13562.796754844592,-11888.137534340369
1115,2,F-MADRL,-11408.8221026775,-11938.00107402173
1116,2,F-MADRL,-10767.964657150687,-11922.800637498747
1117,2,F-MADRL,-12394.66091560033,-11960.00045128724
1118,2,F-MADRL,-10323.079012773029,-11832.572970301235
1119,2,F-MADRL,-11070.895375284936,-11692.736418199167
1120,2,F-MADRL,-12523.5766616224,-11636.518779977065
1121,2,F-MADRL,-9006.10212057475,-11511.91676994556
1122,2,F-MADRL,-11378.496626408263,-11508.950478747238
1123,2,F-MADRL,-11521.429006417224,-11527.209762849261
1124,2,F-MADRL,-10821.50607987674,-11432.115812110647
1125,2,F-MADRL,-10846.975290981773,-11337.269177270073
1126,2,F-MADRL,-10850.816969578762,-11349.616992483603
1127,2,F-MADRL,-9072.707613169358,-11222.59495424195
1128,2,F-MADRL,-10729.767618297392,-11216.636488571778
1129,2,F-MADRL,-11523.1350833798,-11228.037525908541
1130,2,F-MADRL,-11155.428658313203,-11159.339434784764
1131,2,F-MADRL,-9840.329277659195,-11100.117767739892
1132,2,F-MADRL,-10390.178535536095,-11029.300083745744
1133,2,F-MADRL,-8129.840673008424,-10894.043771987717
1134,2,F-MADRL,-10769.504553551733,-10909.45965648273
1135,2,F-MADRL,-10443.283129869556,-10854.016914783751
1136,2,F-MADRL,-9840.940941276558,-10821.448596523096
1137,2,F-MADRL,-9496.83465862852,-10695.551764891108
1138,2,F-MADRL,-11666.79052014976,-10781.434513465225
1139,2,F-MADRL,-11672.355687535692,-10705.816870772867
1140,2,F-MADRL,-10095.147936519212,-10653.269904126537
1141,2,F-MADRL,-9546.89158588602,-10604.426981275948
1142,2,F-MADRL,-12361.765917473122,-10603.11118135086
1143,2,F-MADRL,-9621.79555953239,-10575.059843221235
1144,2,F-MADRL,-11071.80250645192,-10575.096128467914
1145,2,F-MADRL,-10951.882156530708,-10512.228348264247
1146,2,F-MADRL,-10029.760445700444,-10553.174681269275
1147,2,F-MADRL,-11752.094415555252,-10568.118592835155
1148,2,F-MADRL,-8729.527084912359,-10456.442515974959
1149,2,F-MADRL,-13001.81787180232,-10543.654987651982
1150,2,F-MADRL,-8331.452726254993,-10443.03408506291
1151,2,F-MADRL,-8287.244176784521,-10340.491173351142
1152,2,F-MADRL,-11098.642708666765,-10421.528577171039
1153,2,F-MADRL,-9893.504214535678,-10388.07804102057
1154,2,F-MADRL,-10819.6024558607,-10359.936735919806
1155,2,F-MADRL,-11214.929870989825,-10362.31678442687
1156,2,F-MADRL,-11015.206069116422,-10409.31185608516
1157,2,F-MADRL,-11993.389769489717,-10473.440305443304
1158,2,F-MADRL,-13702.636010428858,-10696.35211894012
1159,2,F-MADRL,-10310.429348262523,-10677.989110728553
1160,2,F-MADRL,-12236.32235374417,-10749.710679683538
1161,2,F-MADRL,-11248.86317136462,-10806.02756888706
1162,2,F-MADRL,-13164.441778336248,-10952.73185367537
1163,2,F-MADRL,-10960.05748473614,-10924.462532258825
1164,2,F-MADRL,-11741.948270718778,-10927.246235586148
1165,2,F-MADRL,-10724.170386203936,-10952.407133573535
1166,2,F-MADRL,-9889.646885722665,-10966.117345567003
1167,2,F-MADRL,-9818.591669081194,-10864.390375631327
1168,2,F-MADRL,-13320.518578771344,-11012.339296400882
1169,2,F-MADRL,-8122.335678086029,-10894.360623266248
1170,2,F-MADRL,-11617.72953621965,-10920.994518453805
1171,2,F-MADRL,-12193.212982842131,-11007.532619939475
1172,2,F-MADRL,-10730.498121710853,-10966.668768185698
1173,2,F-MADRL,-8801.75564545182,-10969.557910607276
1174,2,F-MADRL,-7721.347424216656,-10758.33909270385
1175,2,F-MADRL,-10829.019191710591,-10858.241751322073
1176,2,F-MADRL,-12868.01160406342,-11041.47244841323
1177,2,F-MADRL,-10905.855627447098,-11033.760965164443
1178,2,F-MADRL,-9803.443875146237,-11030.158551588864
1179,2,F-MADRL,-9972.644449422523,-10996.280231331337
1180,2,F-MADRL,-11587.666413382636,-11011.18969302705
1181,2,F-MADRL,-8382.552457489228,-10905.883548561964
1182,2,F-MADRL,-8682.925413414596,-10773.464974318957
1183,2,F-MADRL,-12254.604337575744,-10715.543707404833
1184,2,F-MADRL,-8192.391174988566,-10630.822180473875
1185,2,F-MADRL,-8022.73054719952,-10462.27850821209
1186,2,F-MADRL,-10897.028209675516,-10448.205109744526
1187,2,F-MADRL,-8204.618384264417,-10249.81217398165
1188,2,F-MADRL,-9215.34611853122,-10180.023719333456
1189,2,F-MADRL,-9616.800824354414,-10095.01782147888
1190,2,F-MADRL,-8930.046126796075,-10023.252851102567
1191,2,F-MADRL,-9980.327497802751,-10026.880075585768
1192,2,F-MADRL,-6777.607162942546,-9905.240695340224
1193,2,F-MADRL,-14006.03407967992,-9932.661315376567
1194,2,F-MADRL,-9619.031569504255,-9992.529151033295
1195,2,F-MADRL,-9992.49878048504,-9927.51992080391
1196,2,F-MADRL,-9064.92524876236,-9802.38841144072
1197,2,F-MADRL,-8936.054071359678,-9730.610649426673
1198,2,F-MADRL,-7911.402781650892,-9694.996534874635
1199,2,F-MADRL,-11572.975943728932,-9849.061675655126
1200,2,F-MADRL,-7662.347535669072,-9722.394809413467
1201,2,F-MADRL,-13117.573096643882,-9732.377269116685
1202,2,F-MADRL,-7622.924386964299,-9601.060019497374
1203,2,F-MADRL,-9908.657600107608,-9605.268568495827
1204,2,F-MADRL,-8557.294798965384,-9548.654582477542
1205,2,F-MADRL,-9549.260356670744,-9467.118340209066
1206,2,F-MADRL,-8293.811605068222,-9463.568706112226
1207,2,F-MADRL,-8935.317368086846,-9473.664384299116
1208,2,F-MADRL,-8619.087251428304,-9328.243700853218
1209,2,F-MADRL,-7720.153636096855,-9309.35419929755
1210,2,F-MADRL,-9521.536025169184,-9369.306418416338
1211,2,F-MADRL,-9591.043610914698,-9317.067034465905
1212,2,F-MADRL,-7466.664810475979,-9287.548891514367
1213,2,F-MADRL,-6436.22401881294,-9176.384007525636
1214,2,F-MADRL,-9186.525252677908,-9159.172984658575
1215,2,F-MADRL,-6378.373658435652,-9057.106085924159
1216,2,F-MADRL,-8393.560985680902,-8993.635425439285
1217,2,F-MADRL,-8501.320884898832,-9062.583974317537
1218,2,F-MADRL,-11919.24891691465,-8979.112567806926
1219,2,F-MADRL,-7543.759895563333,-8896.101700849289
1220,2,F-MADRL,-7648.500493462279,-8802.341769368379
1221,2,F-MADRL,-8911.041178404825,-8796.186406554078
1222,2,F-MADRL,-7366.344864067365,-8733.398038262383
1223,2,F-MADRL,-7954.625201810692,-8735.126935068774
1224,2,F-MADRL,-7891.085469348697,-8587.851316093565
1225,2,F-MADRL,-9672.643119163082,-8668.263139433326
1226,2,F-MADRL,-7888.54825520966,-8459.102145775958
1227,2,F-MADRL,-8717.091831403413,-8502.868843553522
1228,2,F-MADRL,-8491.149281780756,-8446.168510820447
1229,2,F-MADRL,-8649.144993503007,-8449.842518601952
1230,2,F-MADRL,-7435.187277601548,-8365.279595439184
1231,2,F-MADRL,-10002.507692980693,-8433.627438955684
1232,2,F-MADRL,-8800.086341679704,-8428.2181978994
1233,2,F-MADRL,-7406.043672473585,-8379.69645474121
1234,2,F-MADRL,-7968.115763488046,-8389.614939836858
1235,2,F-MADRL,-10349.225452429662,-8422.722516927275
1236,2,F-MADRL,-8422.172240472693,-8375.967662109595
1237,2,F-MADRL,-9622.920754586115,-8462.217899874
1238,2,F-MADRL,-9378.698599001767,-8579.916883081554
1239,2,F-MADRL,-7398.369182272237,-8508.390640265327
1240,2,F-MADRL,-7934.40211542855,-8570.631778545043
1241,2,F-MADRL,-10076.145278047365,-8637.935150239702
1242,2,F-MADRL,-7694.747820970773,-8605.67222768258
1243,2,F-MADRL,-6074.924757532653,-8371.899261307299
1244,2,F-MADRL,-9278.8893980061,-8441.304441405011
1245,2,F-MADRL,-7688.784985083222,-8442.91582106985
1246,2,F-MADRL,-9110.954239725492,-8450.912343522674
1247,2,F-MADRL,-7976.125552800848,-8475.303571072014
1248,2,F-MADRL,-8210.23260202957,-8485.52786708077
1249,2,F-MADRL,-7786.036065842876,-8481.325890940538
1250,2,F-MADRL,-9053.004482580867,-8456.540345477248
1251,2,F-MADRL,-6900.330190339395,-8417.011622882437
1252,2,F-MADRL,-8887.084873247375,-8423.811344556196
1253,2,F-MADRL,-7358.0769933714,-8378.488453019821
1254,2,F-MADRL,-7199.801951615882,-8320.514731344338
1255,2,F-MADRL,-6967.609274908846,-8301.811611236628
1256,2,F-MADRL,-5927.356148686794,-8138.805549464872
1257,2,F-MADRL,-8164.729869176839,-8113.391290564757
1258,2,F-MADRL,-6850.896631304861,-8091.185408918009
1259,2,F-MADRL,-7930.963650729453,-8089.699324407665
1260,2,F-MADRL,-8675.831724108233,-8022.763575274808
1261,2,F-MADRL,-7922.743547050387,-8002.786427537916
1262,2,F-MADRL,-7958.153909248633,-7936.195753724417
1263,2,F-MADRL,-7357.360509467751,-7855.3422301430555
1264,2,F-MADRL,-7529.8982196618845,-7860.603391638642
1265,2,F-MADRL,-7976.158916579719,-7862.2736636846885
1266,2,F-MADRL,-7028.721455119196,-7740.376710767562
1267,2,F-MADRL,-8130.500067945004,-7757.806800646532
1268,2,F-MADRL,-5814.856937470789,-7747.404087844056
1269,2,F-MADRL,-9645.189921358016,-7762.056108778133
1270,2,F-MADRL,-8916.008361961138,-7811.14504385325
1271,2,F-MADRL,-10180.78173133139,-7853.9381435174855
1272,2,F-MADRL,-7118.372760658756,-7819.628031831801
1273,2,F-MADRL,-9042.295173512086,-7852.910534691103
1274,2,F-MADRL,-7443.792611651748,-7839.2207965234575
1275,2,F-MADRL,-7770.1150290057085,-7787.905218380452
1276,2,F-MADRL,-9356.741248710065,-7886.161660715277
1277,2,F-MADRL,-9027.043670468778,-7891.760012604134
1278,2,F-MADRL,-7610.148107982708,-7901.842857188587
1279,2,F-MADRL,-7422.111218451777,-7910.735227862023
1280,2,F-MADRL,-10627.941518858308,-8057.148517620001
1281,2,F-MADRL,-6831.1361837105605,-8093.299719020952
1282,2,F-MADRL,-7338.864316958436,-8060.265096932216
1283,2,F-MADRL,-4824.07106825275,-7979.192074410131
1284,2,F-MADRL,-10215.48629193096,-8070.572980058191
1285,2,F-MADRL,-7433.287885423088,-8020.871226510786
1286,2,F-MADRL,-6492.955292144095,-7963.679696314534
1287,2,F-MADRL,-10865.842509184817,-8079.987240311982
1288,2,F-MADRL,-7653.737407542489,-8091.842316234971
1289,2,F-MADRL,-7441.485988652003,-8088.305826994575
1290,2,F-MADRL,-6444.8918579199,-8027.055144648183
1291,2,F-MADRL,-7357.767474431754,-8040.216985420685
1292,2,F-MADRL,-7264.176060261781,-8005.5640251133555
1293,2,F-MADRL,-7485.937709301804,-8072.407255986596
1294,2,F-MADRL,-8942.694933705807,-8044.307456480508
1295,2,F-MADRL,-6970.733842535091,-7966.496475703466
1296,2,F-MADRL,-7006.357594960698,-7839.519510248639
1297,2,F-MADRL,-7231.056296431066,-7844.026851679531
1298,2,F-MADRL,-9242.009555779856,-7852.015426970242
1299,2,F-MADRL,-7535.759424570871,-7855.6940994870065
1300,2,F-MADRL,-6768.155627687218,-7815.615723434266
1301,2,F-MADRL,-10130.048606793967,-7846.548017757624
1302,2,F-MADRL,-8809.989100367855,-7837.865834953586
1303,2,F-MADRL,-10115.73469042606,-7938.0892982513205
1304,2,F-MADRL,-7490.588886642578,-7940.828404978952
1305,2,F-MADRL,-8653.467929321967,-7861.849461397498
1306,2,F-MADRL,-9066.94907504114,-7951.281977050722
1307,2,F-MADRL,-7602.354629479962,-7961.821589551583
1308,2,F-MADRL,-7855.732812947971,-8083.088059339392
1309,2,F-MADRL,-9078.370283461863,-8037.6034190006285
1310,2,F-MADRL,-7718.696086194152,-8049.01974703147
1311,2,F-MADRL,-5856.73178411731,-8023.570806710399
1312,2,F-MADRL,-9080.718917440348,-7952.16586304062
1313,2,F-MADRL,-8007.170021562975,-7966.30316760144
1314,2,F-MADRL,-8150.412550005076,-7994.660230055562
1315,2,F-MADRL,-8140.864616534783,-8062.499140400158
1316,2,F-MADRL,-6564.043681517067,-8030.750188683571
1317,2,F-MADRL,-9611.58606041955,-8124.646588689881
1318,2,F-MADRL,-9003.747684007372,-8185.358987678104
1319,2,F-MADRL,-7409.753465455866,-8124.041328948107
1320,2,F-MADRL,-9255.16618440033,-8215.418622622716
1321,2,F-MADRL,-9983.99998171101,-8334.524318092728
1322,2,F-MADRL,-7481.906092153638,-8344.558309921631
1323,2,F-MADRL,-7833.460200659093,-8288.216335716801
1324,2,F-MADRL,-8078.922917622316,-8309.94287543886
1325,2,F-MADRL,-10690.784668118267,-8466.848037056101
1326,2,F-MADRL,-7390.1614683353455,-8357.252551517755
1327,2,F-MADRL,-10395.887148664166,-8420.688473449607
1328,2,F-MADRL,-6848.351305109905,-8289.993138036962
1329,2,F-MADRL,-8100.547065135631,-8314.391465176685
1330,2,F-MADRL,-9700.195050961454,-8356.260550042263
1331,2,F-MADRL,-9951.394609388728,-8391.638371416168
1332,2,F-MADRL,-7490.222418622709,-8387.153082981877
1333,2,F-MADRL,-10181.841829307765,-8480.197443636269
1334,2,F-MADRL,-7793.104949374996,-8428.786830272793
1335,2,F-MADRL,-7419.619350677667,-8416.823760852136
1336,2,F-MADRL,-7202.521119379574,-8470.655334262625
1337,2,F-MADRL,-7265.907163540622,-8398.062864106636
1338,2,F-MADRL,-8948.534157533804,-8435.71742954547
1339,2,F-MADRL,-8480.25474622257,-8448.91111739417
1340,2,F-MADRL,-8658.536770842089,-8469.618003566462
1341,2,F-MADRL,-7939.9712495788945,-8524.655106288936
1342,2,F-MADRL,-6548.269183321669,-8402.122431205018
1343,2,F-MADRL,-7077.859454884345,-8325.086902040097
1344,2,F-MADRL,-9502.24600465086,-8408.786603607898
1345,2,F-MADRL,-7740.971016587651,-8348.218796895391
1346,2,F-MADRL,-7393.844682211788,-8244.612584915421
1347,2,F-MADRL,-8654.03742702777,-8291.497838310388
1348,2,F-MADRL,-7290.699804384772,-8269.787422459414
1349,2,F-MADRL,-7937.421116876826,-8264.127350429595
1350,2,F-MADRL,-8741.288906333988,-8186.147519958223
1351,2,F-MADRL,-7767.569875441979,-8201.243856242489
1352,2,F-MADRL,-7185.549769432673,-8072.83036107323
1353,2,F-MADRL,-8784.297102932826,-8150.2681929861465
1354,2,F-MADRL,-8595.756761310931,-8170.076580833157
1355,2,F-MADRL,-7582.228949071345,-8085.357936757553
1356,2,F-MADRL,-8590.010119365128,-8030.90255715661
1357,2,F-MADRL,-9526.851792217352,-8112.367732100396
1358,2,F-MADRL,-7173.030237397948,-7992.015268424002
1359,2,F-MADRL,-8887.56083959534,-8035.7935040328175
1360,2,F-MADRL,-6976.644321606473,-8018.074502869969
1361,2,F-MADRL,-8359.665066116993,-8064.360260739465
1362,2,F-MADRL,-8592.204260329943,-8117.412144611039
1363,2,F-MADRL,-9927.393340920522,-8156.566511946507
1364,2,F-MADRL,-7557.748691266456,-8119.6662697482625
1365,2,F-MADRL,-7578.616580851469,-8076.469462148638
1366,2,F-MADRL,-7223.464865366322,-8047.809206780134
1367,2,F-MADRL,-7850.113972428137,-8099.882998344394
1368,2,F-MADRL,-8448.292639020437,-8154.700325709838
1369,2,F-MADRL,-7862.998702555151,-8089.13043362601
1370,2,F-MADRL,-8927.167148794742,-8136.578278914292
1371,2,F-MADRL,-9548.903074755255,-8222.780614616031
1372,2,F-MADRL,-9210.754988864112,-8245.049317089484
1373,2,F-MADRL,-8073.219080939854,-8276.350088151688
1374,2,F-MADRL,-6603.544569563211,-8222.995026259143
1375,2,F-MADRL,-6964.869509245631,-8151.93825037561
1376,2,F-MADRL,-7412.303780482973,-8137.727606577249
1377,2,F-MADRL,-6903.312849212615,-8126.438129768446
1378,2,F-MADRL,-5808.409196201663,-8007.402613499199
1379,2,F-MADRL,-8608.827673615404,-8007.9254499913795
1380,2,F-MADRL,-7181.878082916211,-7991.911415345174
1381,2,F-MADRL,-7506.924988180462,-7948.5880100977865
1382,2,F-MADRL,-6941.1913831039,-7845.161593733248
1383,2,F-MADRL,-6163.273492681881,-7804.771323944606
1384,2,F-MADRL,-8680.961344325548,-7796.5073441338145
1385,2,F-MADRL,-8708.711374787454,-7865.790026261053
1386,2,F-MADRL,-7812.152865732518,-7843.889538245675
1387,2,F-MADRL,-8202.216055380875,-7828.290010047712
1388,2,F-MADRL,-6721.25274601998,-7700.0443862516895
1389,2,F-MADRL,-7144.735947988298,-7683.523876520564
1390,2,F-MADRL,-7731.988448096118,-7689.658751210349
1391,2,F-MADRL,-7381.99459080939,-7695.999940228072
1392,2,F-MADRL,-6770.757788885057,-7652.825692886349
1393,2,F-MADRL,-8340.360457793857,-7648.508405637287
1394,2,F-MADRL,-8236.504485463824,-7663.448636953633
1395,2,F-MADRL,-7709.900839711816,-7614.7579845903165
1396,2,F-MADRL,-6715.693828807016,-7501.429614752386
1397,2,F-MADRL,-8502.92369412773,-7473.116362962933
1398,2,F-MADRL,-8649.56622663587,-7496.170248790772
1399,2,F-MADRL,-7015.337090935052,-7512.6419496456465
1400,2,F-MADRL,-8104.960533763045,-7558.245590626342
1401,2,F-MADRL,-8063.048519923793,-7584.275380203975
1402,2,F-MADRL,-8242.327029312317,-7637.835947407963
1403,2,F-MADRL,-6957.091971682003,-7683.783258427176
1404,2,F-MADRL,-9206.889680380587,-7707.705738697784
1405,2,F-MADRL,-7618.894369098299,-7725.186390145068
1406,2,F-MADRL,-6944.0835816053495,-7702.672733882064
1407,2,F-MADRL,-8194.169477233201,-7752.791857647236
1408,2,F-MADRL,-8000.491766194405,-7826.280588587737
1409,2,F-MADRL,-8459.140960258115,-7817.407773225039
1410,2,F-MADRL,-9721.478766235585,-7857.918468882965
1411,2,F-MADRL,-8310.70171377542,-7877.860422804681
1412,2,F-MADRL,-7808.377607005406,-7862.1068848696605
1413,2,F-MADRL,-7067.60577353221,-7875.96100597015
1414,2,F-MADRL,-8570.842627245354,-7933.005273140434
1415,2,F-MADRL,-8362.228553597768,-7958.2148773604995
1416,2,F-MADRL,-8428.211776140712,-8000.063564773752
1417,2,F-MADRL,-7507.218872890542,-8029.52200813397
1418,2,F-MADRL,-7399.463007137252,-7991.886110107706
1419,2,F-MADRL,-8114.280654933309,-7986.997156886487
1420,2,F-MADRL,-7803.601016080877,-7990.745163941249
1421,2,F-MADRL,-8534.472703767335,-8063.496318939661
1422,2,F-MADRL,-7745.904536647235,-8033.215552640441
1423,2,F-MADRL,-7523.54828929522,-7988.174835146816
1424,2,F-MADRL,-7305.328875343383,-7999.774506523148
1425,2,F-MADRL,-8183.438704932187,-8002.913633369914
1426,2,F-MADRL,-9372.977689303883,-8055.310800145118
1427,2,F-MADRL,-7032.839165673821,-8006.931285599579
1428,2,F-MADRL,-7004.809298674134,-8008.839978679263
1429,2,F-MADRL,-8816.121010651994,-7993.20923189012
1430,2,F-MADRL,-7469.890977787351,-7987.249096237681
1431,2,F-MADRL,-6264.648911010814,-7960.0717094139
1432,2,F-MADRL,-7257.964659770107,-7922.623516715376
1433,2,F-MADRL,-6172.67795047471,-7849.5109640865885
1434,2,F-MADRL,-7720.266571363293,-7819.955988530796
1435,2,F-MADRL,-8487.599571251216,-7770.600820731422
1436,2,F-MADRL,-7471.485714629745,-7737.032180765594
1437,2,F-MADRL,-7291.425252779124,-7716.354086596543
1438,2,F-MADRL,-7743.046748145967,-7743.371725581094
1439,2,F-MADRL,-7293.0797343972945,-7692.261209867171
1440,2,F-MADRL,-8010.726642060665,-7678.201133405687
1441,2,F-MADRL,-7588.290763262892,-7644.604292890575
1442,2,F-MADRL,-8524.812150951535,-7685.308024013015
1443,2,F-MADRL,-9284.502188241266,-7760.709591257174
1444,2,F-MADRL,-8327.526169659057,-7769.239411846203
1445,2,F-MADRL,-7895.3121112362205,-7772.907855652418
1446,2,F-MADRL,-7298.450084045179,-7723.4669508635325
1447,2,F-MADRL,-7691.272255417492,-7721.281659614342
1448,2,F-MADRL,-8743.351069710432,-7770.07377083095
1449,2,F-MADRL,-7251.600434297469,-7767.924633189114
1450,2,F-MADRL,-7581.708565387857,-7743.855427607341
1451,2,F-MADRL,-7970.261418245993,-7687.746776765025
1452,2,F-MADRL,-6741.798626128672,-7676.105155183219
1453,2,F-MADRL,-8186.463903007485,-7723.371339356553
1454,2,F-MADRL,-7832.042551875209,-7684.008201005481
1455,2,F-MADRL,-8740.966542956423,-7734.851223612244
1456,2,F-MADRL,-8237.17621715366,-7813.752315857959
1457,2,F-MADRL,-8877.645784196673,-7878.539560835022
1458,2,F-MADRL,-6334.694972664953,-7885.020241722631
1459,2,F-MADRL,-8135.627792882642,-7901.634690583405
1460,2,F-MADRL,-7389.127562629926,-7857.695810238552
1461,2,F-MADRL,-9025.406286510291,-7919.852633113775
1462,2,F-MADRL,-8822.094965239063,-7981.079421612173
1463,2,F-MADRL,-9126.453024639895,-8036.41567267193
1464,2,F-MADRL,-7083.183059668643,-8028.019805682783
1465,2,F-MADRL,-8425.464463264963,-8044.6093185309555
1466,2,F-MADRL,-7550.524045874563,-8043.098649835422
1467,2,F-MADRL,-7751.598027448257,-8012.170084895291
1468,2,F-MADRL,-6979.374471619876,-7919.964976230436
1469,2,F-MADRL,-8155.009512737617,-7913.064309953579
1470,2,F-MADRL,-8084.106936826211,-7920.616102977177
1471,2,F-MADRL,-8214.897588133737,-7957.274003140719
1472,2,F-MADRL,-8333.19219799137,-7982.950800843675
1473,2,F-MADRL,-6699.643032449565,-7901.202479353241
1474,2,F-MADRL,-8056.409020520371,-7933.394822802157
1475,2,F-MADRL,-7586.57187785212,-7933.589355300726
1476,2,F-MADRL,-9565.524570003709,-7997.399881371036
1477,2,F-MADRL,-6925.929804327444,-8004.765128498987
1478,2,F-MADRL,-7750.624338431335,-7987.331545915941
1479,2,F-MADRL,-6884.727413985787,-7949.438940400365
1480,2,F-MADRL,-7703.24030611381,-7907.92989092666
1481,2,F-MADRL,-8269.801967996571,-7909.234920960376
1482,2,F-MADRL,-6253.948671531878,-7804.287036453784
1483,2,F-MADRL,-8449.243061655492,-7888.868960013406
1484,2,F-MADRL,-9048.966027318493,-7925.402489390839
1485,2,F-MADRL,-8291.566922939708,-7961.500063803231
1486,2,F-MADRL,-7426.8698838358305,-7897.558607696253
1487,2,F-MADRL,-7787.67682635437,-7856.181882140864
1488,2,F-MADRL,-9303.485273856331,-7863.263172109521
1489,2,F-MADRL,-7645.782419896494,-7885.767146518637
1490,2,F-MADRL,-7395.088052758343,-7844.552090098371
1491,2,F-MADRL,-9822.054896366488,-7935.413324118048
1492,2,F-MADRL,-8016.774643859261,-7946.020388774487
1493,2,F-MADRL,-7782.050520665595,-7978.1274307363165
1494,2,F-MADRL,-6247.926471934911,-7901.84410910421
1495,2,F-MADRL,-7058.969738021145,-7860.838621152006
1496,2,F-MADRL,-7179.964994894034,-7819.441317422419
1497,2,F-MADRL,-6102.374993859685,-7730.20862925715
1498,2,F-MADRL,-9151.972246097344,-7828.301797803062
1499,2,F-MADRL,-7870.673227829488,-7820.872366095427
1500,2,F-MADRL,-7652.6318120686865,-7823.51476346409
1,2,PPO-MADRL,-8533.644541237487,-8533.644541237487
2,2,PPO-MADRL,-9120.279520990976,-8826.962031114232
3,2,PPO-MADRL,-12081.713893953263,-9911.879318727242
4,2,PPO-MADRL,-10553.299555946402,-10072.234378032032
5,2,PPO-MADRL,-8707.627509019805,-9799.313004229587
6,2,PPO-MADRL,-9689.891088963475,-9781.076018351901
7,2,PPO-MADRL,-11154.52889000854,-9977.283571445707
8,2,PPO-MADRL,-9494.516955732704,-9916.937744481582
9,2,PPO-MADRL,-7012.518627764272,-9594.224509290769
10,2,PPO-MADRL,-10093.60291628142,-9644.162349989834
11,2,PPO-MADRL,-8553.453921294302,-9545.007038290241
12,2,PPO-MADRL,-9803.559433708066,-9566.553071241726
13,2,PPO-MADRL,-10203.121903148249,-9615.519904465305
14,2,PPO-MADRL,-11143.40763970454,-9724.654742696677
15,2,PPO-MADRL,-7688.674912570076,-9588.92275402157
16,2,PPO-MADRL,-9781.871058686727,-9600.982023063145
17,2,PPO-MADRL,-9631.026612783717,-9602.749351870236
18,2,PPO-MADRL,-9747.776825678126,-9610.806433748452
19,2,PPO-MADRL,-9898.568148343287,-9625.95178714818
20,2,PPO-MADRL,-8815.13395154613,-9585.410895368079
21,2,PPO-MADRL,-8509.033995552389,-9534.154852519712
22,2,PPO-MADRL,-9887.917036498771,-9550.234951791486
23,2,PPO-MADRL,-11322.128448991658,-9627.273799495842
24,2,PPO-MADRL,-7800.979292224298,-9551.178195026196
25,2,PPO-MADRL,-9791.615412345487,-9560.795683718967
26,2,PPO-MADRL,-10336.060784681547,-9632.89233345673
27,2,PPO-MADRL,-9300.946823134824,-9640.119025542483
28,2,PPO-MADRL,-11242.135791729794,-9606.535901453544
29,2,PPO-MADRL,-9081.563164808687,-9547.666445808036
30,2,PPO-MADRL,-7533.013371565924,-9500.681880309881
31,2,PPO-MADRL,-10769.82564843717,-9543.879262688828
32,2,PPO-MADRL,-8410.725053652404,-9434.127109234581
33,2,PPO-MADRL,-8590.986138970395,-9397.985876564091
34,2,PPO-MADRL,-8085.202677812889,-9440.893238566036
35,2,PPO-MADRL,-9606.441335642656,-9421.406775340485
36,2,PPO-MADRL,-12306.741582620378,-9571.538281793526
37,2,PPO-MADRL,-10459.983257966209,-9597.795234763853
38,2,PPO-MADRL,-9030.803627791458,-9550.902503749581
39,2,PPO-MADRL,-7996.027661704986,-9425.0073046296
40,2,PPO-MADRL,-6681.438922517559,-9384.717865027498
41,2,PPO-MADRL,-8797.749932621398,-9345.353019984885
42,2,PPO-MADRL,-9001.171554125052,-9320.15881763854
43,2,PPO-MADRL,-10420.94819591927,-9347.085672448186
44,2,PPO-MADRL,-9680.665533689213,-9338.36956786202
45,2,PPO-MADRL,-7684.770038210418,-9293.155011328592
46,2,PPO-MADRL,-8749.125376980606,-9302.758666585722
47,2,PPO-MADRL,-10597.567881321844,-9331.144700378645
48,2,PPO-MADRL,-9153.797870535069,-9244.411477240383
49,2,PPO-MADRL,-7945.32130926483,-9250.185157922002
50,2,PPO-MADRL,-10391.062570029026,-9274.163044229344
51,2,PPO-MADRL,-10332.19031234766,-9274.008225335989
52,2,PPO-MADRL,-7870.501392869601,-9216.79040812538
53,2,PPO-MADRL,-9042.594559794748,-9128.808758847978
54,2,PPO-MADRL,-9468.80529019536,-9144.298443863445
55,2,PPO-MADRL,-10017.25781360433,-9243.66822154498
56,2,PPO-MADRL,-11767.716216537649,-9283.583844269
57,2,PPO-MADRL,-7919.817831415676,-9263.947555379531
58,2,PPO-MADRL,-9438.244452003337,-9297.837887900849
59,2,PPO-MADRL,-10043.246723624356,-9376.159649733307
60,2,PPO-MADRL,-11407.418995209486,-9448.19875611598
61,2,PPO-MADRL,-9065.805029503868,-9318.561293991319
62,2,PPO-MADRL,-8509.557239017407,-9240.54425323337
63,2,PPO-MADRL,-9354.521216301426,-9253.492956773767
64,2,PPO-MADRL,-10850.449801970151,-9367.669842384374
65,2,PPO-MADRL,-9879.519384852383,-9495.593060877767
66,2,PPO-MADRL,-9821.130958630032,-9536.528301918112
67,2,PPO-MADRL,-8848.933518315967,-9530.438780485747
68,2,PPO-MADRL,-8180.748153477263,-9440.830778788068
69,2,PPO-MADRL,-8419.443772042116,-9390.381908322184
70,2,PPO-MADRL,-9762.345285819316,-9473.48491822654
71,2,PPO-MADRL,-8108.1122131102275,-9447.844391671726
72,2,PPO-MADRL,-10021.261661869608,-9424.792142893635
73,2,PPO-MADRL,-14486.869382663974,-9638.115003378793
74,2,PPO-MADRL,-9869.663334575642,-9715.088684391225
75,2,PPO-MADRL,-10388.353028857677,-9714.98030274437
76,2,PPO-MADRL,-10303.213619197384,-9713.82123501836
77,2,PPO-MADRL,-11472.850407916014,-9857.915195620217
78,2,PPO-MADRL,-11088.71583731889,-9939.760046721181
79,2,PPO-MADRL,-11329.484773748783,-10014.187226063317
80,2,PPO-MADRL,-10483.180790460032,-10032.824145137547
81,2,PPO-MADRL,-8933.010793006957,-9919.435928196319
82,2,PPO-MADRL,-8611.778938536292,-9947.114372481145
83,2,PPO-MADRL,-8032.075942508151,-9890.867632101335
84,2,PPO-MADRL,-10698.962977978828,-9917.096282275515
85,2,PPO-MADRL,-8843.164355750898,-9814.526096697171
86,2,PPO-MADRL,-9865.433230451385,-9846.511224735073
87,2,PPO-MADRL,-9193.651314229037,-9873.874987743538
88,2,PPO-MADRL,-10991.043768652333,-9939.335889837574
89,2,PPO-MADRL,-9272.58295955041,-9876.221216140784
90,2,PPO-MADRL,-12018.955615812549,-9961.79866537919
91,2,PPO-MADRL,-9421.298189497473,-9945.805354613889
92,2,PPO-MADRL,-9017.41506742006,-9952.544616578052
93,2,PPO-MADRL,-7151.341895025254,-9911.368366239973
94,2,PPO-MADRL,-8513.383586380989,-9915.125958813527
95,2,PPO-MADRL,-9214.025806017007,-9893.193179621434
96,2,PPO-MADRL,-7831.238843643572,-9882.118244842768
97,2,PPO-MADRL,-9615.003464895924,-9865.86791696382
98,2,PPO-MADRL,-7820.525644599901,-9599.214167441258
99,2,PPO-MADRL,-6408.667352406307,-9460.774328154484
100,2,PPO-MADRL,-9156.744057209646,-9411.509969288563
101,2,PPO-MADRL,-9141.78552574839,-9365.052845550603
102,2,PPO-MADRL,-7951.568661328376,-9224.201575687099
103,2,PPO-MADRL,-10070.880355531915,-9183.488156415619
104,2,PPO-MADRL,-11675.938754050843,-9197.346315627701
105,2,PPO-MADRL,-7392.88774620603,-9073.73459385754
106,2,PPO-MADRL,-7001.672283094683,-8996.481053461051
107,2,PPO-MADRL,-8782.001870164077,-9003.28997072616
108,2,PPO-MADRL,-9672.896804370976,-9068.922805200675
109,2,PPO-MADRL,-9191.083720423838,-9008.607634898475
110,2,PPO-MADRL,-9430.323657843355,-9032.094006982174
111,2,PPO-MADRL,-9427.41832670731,-9014.573410832409
112,2,PPO-MADRL,-9741.640018732818,-9036.492959012561
113,2,PPO-MADRL,-12965.259558530051,-9115.461590607669
114,2,PPO-MADRL,-10076.144295772094,-9147.604044056538
115,2,PPO-MADRL,-8129.226891562425,-8992.014895086533
116,2,PPO-MADRL,-7734.619571640249,-8924.547750372243
117,2,PPO-MADRL,-10267.764264105132,-8974.561718239647
118,2,PPO-MADRL,-11030.602202881786,-9129.732130553908
119,2,PPO-MADRL,-9246.73167623556,-9159.06605414809
120,2,PPO-MADRL,-11537.886635331955,-9252.02048732069
121,2,PPO-MADRL,-9562.02637638703,-9321.251988630427
122,2,PPO-MADRL,-8452.42943480489,-9274.749027426786
123,2,PPO-MADRL,-10198.871321041452,-9369.882854484447
124,2,PPO-MADRL,-9287.752886926311,-9485.046275865248
125,2,PPO-MADRL,-9134.1034973731,-9484.140653471786
126,2,PPO-MADRL,-11121.703075890748,-9563.33735547748
127,2,PPO-MADRL,-11249.892845261917,-9695.270322834822
128,2,PPO-MADRL,-8833.405762974562,-9645.771339132527
129,2,PPO-MADRL,-10936.488538492633,-9616.1933305102
130,2,PPO-MADRL,-8893.515690243794,-9676.218448271711
131,2,PPO-MADRL,-7940.240642958928,-9713.76118266628
132,2,PPO-MADRL,-6623.257004822304,-9627.41138805261
133,2,PPO-MADRL,-7327.332457400051,-9533.588814173772
134,2,PPO-MADRL,-12554.313816349642,-9668.118018010804
135,2,PPO-MADRL,-9157.568625141635,-9657.207816702736
136,2,PPO-MADRL,-8902.744077619383,-9636.220846739217
137,2,PPO-MADRL,-8183.199503567443,-9573.883226132602
138,2,PPO-MADRL,-8809.005857406573,-9407.633078087665
139,2,PPO-MADRL,-7727.806407766586,-9313.699562567443
140,2,PPO-MADRL,-9596.650294545749,-9372.396498686776
141,2,PPO-MADRL,-10439.697540421075,-9480.59961743801
142,2,PPO-MADRL,-7965.584115285006,-9388.512411485204
143,2,PPO-MADRL,-8219.060579580319,-9276.050746553146
144,2,PPO-MADRL,-11789.60248870076,-9377.765579051753
145,2,PPO-MADRL,-11750.80321753884,-9386.282242340028
146,2,PPO-MADRL,-8379.384425613704,-9338.976564309096
147,2,PPO-MADRL,-9680.576360104133,-9388.102441321065
148,2,PPO-MADRL,-8619.252227180852,-9324.917677566642
149,2,PPO-MADRL,-10724.82146330488,-9382.400420621785
150,2,PPO-MADRL,-9542.292326058005,-9398.72797376918
151,2,PPO-MADRL,-9893.22888754782,-9349.589006235463
152,2,PPO-MADRL,-10958.034037063862,-9337.914653907541
153,2,PPO-MADRL,-10538.457478838458,-9406.116722542096
154,2,PPO-MADRL,-8341.513290561772,-9302.317712624863
155,2,PPO-MADRL,-8188.976015149659,-9274.136125621097
156,2,PPO-MADRL,-6971.903882536224,-9235.402655204189
157,2,PPO-MADRL,-7697.227052855488,-9278.361457125517
158,2,PPO-MADRL,-9440.448030161351,-9362.886080035967
159,2,PPO-MADRL,-10525.427935378506,-9281.730644797122
160,2,PPO-MADRL,-8620.186200363643,-9260.235347806003
161,2,PPO-MADRL,-8353.778706535884,-9238.276732962664
162,2,PPO-MADRL,-8320.960647030817,-9243.787178701199
163,2,PPO-MADRL,-7998.965107970554,-9211.385548723758
164,2,PPO-MADRL,-9968.619340275636,-9301.01806602412
165,2,PPO-MADRL,-8390.317204058216,-9252.764742404619
166,2,PPO-MADRL,-8054.435360126121,-9157.35425519282
167,2,PPO-MADRL,-10055.301058956917,-9240.942932939697
168,2,PPO-MADRL,-8919.628663371788,-9268.965656291355
169,2,PPO-MADRL,-10424.85696131733,-9214.375835196019
170,2,PPO-MADRL,-9027.223023933208,-9105.432627451793
171,2,PPO-MADRL,-8938.26153707461,-9127.787711910229
172,2,PPO-MADRL,-10219.29034238834,-9149.336271201599
173,2,PPO-MADRL,-8714.056583601725,-9153.128445458433
174,2,PPO-MADRL,-7456.862606443673,-9022.410091183985
175,2,PPO-MADRL,-8831.983713602602,-8993.997746685769
176,2,PPO-MADRL,-9435.579736899686,-8975.691780659843
177,2,PPO-MADRL,-9933.672356112686,-8934.717313421796
178,2,PPO-MADRL,-9839.115816845178,-8906.743646942065
179,2,PPO-MADRL,-9116.140690482182,-8937.728742938882
180,2,PPO-MADRL,-9168.10884693072,-8976.894056210123
181,2,PPO-MADRL,-8768.09179035918,-9048.741572523042
182,2,PPO-MADRL,-9573.102416878402,-9123.77658708396
183,2,PPO-MADRL,-8609.777309089264,-9090.549758241074
184,2,PPO-MADRL,-7101.0899996237285,-8953.576240810884
185,2,PPO-MADRL,-9525.55145504827,-8989.79085099827
186,2,PPO-MADRL,-10465.10819458841,-9074.244030520369
187,2,PPO-MADRL,-7745.45549429581,-9051.22382441097
188,2,PPO-MADRL,-8540.683423765411,-9072.892557042762
189,2,PPO-MADRL,-8588.470520985607,-9017.686604271163
190,2,PPO-MADRL,-10130.192655112043,-9087.281622313316
191,2,PPO-MADRL,-8573.657844988376,-9108.050521707806
192,2,PPO-MADRL,-10428.617569659327,-9122.983182135902
193,2,PPO-MADRL,-9905.680974253784,-9162.425274571182
194,2,PPO-MADRL,-9905.308359048806,-9141.643330480441
195,2,PPO-MADRL,-9609.814187521148,-9164.94697702396
196,2,PPO-MADRL,-7914.960903827175,-9124.014951694062
197,2,PPO-MADRL,-10727.386771160172,-9144.338808844936
198,2,PPO-MADRL,-10021.99136346326,-9196.656200039397
199,2,PPO-MADRL,-8261.688118327154,-9228.849220514736
200,2,PPO-MADRL,-8640.59602109549,-9221.193712814451
201,2,PPO-MADRL,-9886.639417417262,-9239.236100035154
202,2,PPO-MADRL,-11380.772118583043,-9297.120090533968
203,2,PPO-MADRL,-8519.087844355805,-9244.318971634393
204,2,PPO-MADRL,-9528.173216014722,-9260.800272655695
205,2,PPO-MADRL,-10067.700629834068,-9296.783943971828
206,2,PPO-MADRL,-9479.994050234738,-9325.260034366853
207,2,PPO-MADRL,-10100.251288074684,-9346.345989214702
208,2,PPO-MADRL,-9330.027915167037,-9375.156013457814
209,2,PPO-MADRL,-9542.442815538994,-9472.810126094424
210,2,PPO-MADRL,-10749.502818129808,-9521.768180617686
211,2,PPO-MADRL,-9199.00084182466,-9471.123886507135
212,2,PPO-MADRL,-9353.612332989169,-9535.45016005487
213,2,PPO-MADRL,-8442.758701028586,-9531.533171145396
214,2,PPO-MADRL,-10227.547935803286,-9597.096267738103
215,2,PPO-MADRL,-9446.042978149628,-9569.730280659607
216,2,PPO-MADRL,-8523.876323719735,-9567.739019808861
217,2,PPO-MADRL,-9910.33804120536,-9547.007838670703
218,2,PPO-MADRL,-10205.90316292201,-9559.016726217431
219,2,PPO-MADRL,-7194.231140264816,-9450.573637466072
220,2,PPO-MADRL,-8996.120055744599,-9426.02587219501
221,2,PPO-MADRL,-9631.389241620054,-9494.683005706725
222,2,PPO-MADRL,-11270.08865835645,-9516.391081194575
223,2,PPO-MADRL,-8083.802036166976,-9438.863508102724
224,2,PPO-MADRL,-8011.035601815537,-9428.83740744226
225,2,PPO-MADRL,-9163.61613574971,-9449.75821202843
226,2,PPO-MADRL,-9281.503909219036,-9425.5527917005
227,2,PPO-MADRL,-13162.73498102271,-9496.831306198086
228,2,PPO-MADRL,-9889.302479667156,-9551.63989161054
229,2,PPO-MADRL,-10599.413810453272,-9594.489515388083
230,2,PPO-MADRL,-8940.19177864247,-9549.38916134042
231,2,PPO-MADRL,-10506.321708654645,-9590.442267677216
232,2,PPO-MADRL,-13500.654847786684,-9726.458410065696
233,2,PPO-MADRL,-10240.968191721677,-9762.89602112788
234,2,PPO-MADRL,-8173.048161601887,-9708.120234970396
235,2,PPO-MADRL,-9404.954452008473,-9654.338300325544
236,2,PPO-MADRL,-8687.868626371122,-9633.893011707401
237,2,PPO-MADRL,-9628.903363310346,-9644.90465292025
238,2,PPO-MADRL,-12196.360356137362,-9795.0487191246
239,2,PPO-MADRL,-10704.38480626794,-9814.122193943187
240,2,PPO-MADRL,-8838.208698469703,-9789.808822755987
241,2,PPO-MADRL,-10280.675905801476,-9860.08080603926
242,2,PPO-MADRL,-10572.7984080975,-9886.579220714944
243,2,PPO-MADRL,-7103.015471712821,-9762.463713066576
244,2,PPO-MADRL,-8259.478445061883,-9805.07360525846
245,2,PPO-MADRL,-9280.143543373595,-9816.43454476362
246,2,PPO-MADRL,-11697.381760586435,-9899.074245522275
247,2,PPO-MADRL,-11871.657872791253,-9923.137014099666
248,2,PPO-MADRL,-10328.010358631862,-10012.905346998263
249,2,PPO-MADRL,-7288.312103181342,-9983.996407052895
250,2,PPO-MADRL,-9876.072456836157,-10012.494659896352
251,2,PPO-MADRL,-7800.921913403495,-9953.27138006373
252,2,PPO-MADRL,-7445.896035947704,-9724.59782226073
253,2,PPO-MADRL,-8950.313902689677,-9687.03827918163
254,2,PPO-MADRL,-9945.862137635848,-9660.896212268934
255,2,PPO-MADRL,-9051.987219515584,-9665.368029903859
256,2,PPO-MADRL,-8527.832451185572,-9586.228459605096
257,2,PPO-MADRL,-7554.286197259635,-9348.373713584013
258,2,PPO-MADRL,-9066.383228377728,-9301.390315050257
259,2,PPO-MADRL,-11486.285474805554,-9433.919807578402
260,2,PPO-MADRL,-9641.78588849413,-9443.393065037828
261,2,PPO-MADRL,-8684.616145114232,-9443.262965787553
262,2,PPO-MADRL,-9049.209876908812,-9420.075226331492
263,2,PPO-MADRL,-10194.985481612404,-9340.020231350494
264,2,PPO-MADRL,-8569.007682297015,-9254.605146391656
265,2,PPO-MADRL,-9599.968360145724,-9285.075532858698
266,2,PPO-MADRL,-12673.077262270848,-9380.771587117473
267,2,PPO-MADRL,-10896.617091349412,-9393.724334447548
268,2,PPO-MADRL,-8044.169678044975,-9431.370502700835
269,2,PPO-MADRL,-6864.241378910101,-9375.561020054764
270,2,PPO-MADRL,-7332.682534524932,-9297.662579700818
271,2,PPO-MADRL,-10490.956014361702,-9249.405549851828
272,2,PPO-MADRL,-7131.690217380923,-9059.806843635415
273,2,PPO-MADRL,-10873.685584901215,-9081.633852686187
274,2,PPO-MADRL,-6769.517763474785,-9060.882079097926
275,2,PPO-MADRL,-9045.00519031358,-9027.639388437023
276,2,PPO-MADRL,-9727.447061502104,-9104.700394360967
277,2,PPO-MADRL,-9811.767167497384,-9199.335239622955
278,2,PPO-MADRL,-10727.8663924887,-9270.437339214915
279,2,PPO-MADRL,-9830.243391538694,-9265.812589371031
280,2,PPO-MADRL,-11416.724710970018,-9360.402089029207
281,2,PPO-MADRL,-10863.804402377918,-9453.840967076902
282,2,PPO-MADRL,-8971.798681561073,-9510.541466448958
283,2,PPO-MADRL,-9492.323150792923,-9527.579063345567
284,2,PPO-MADRL,-6549.93241063352,-9330.124940778685
285,2,PPO-MADRL,-9832.965159417648,-9337.772111615626
286,2,PPO-MADRL,-7949.830514565131,-9308.380686393662
287,2,PPO-MADRL,-10455.847569308258,-9364.646194089639
288,2,PPO-MADRL,-9159.444817484262,-9323.224567524514
289,2,PPO-MADRL,-7048.90468761768,-9262.42044773734
290,2,PPO-MADRL,-9757.385895605035,-9268.717149155713
291,2,PPO-MADRL,-11271.480031255913,-9212.653259915116
292,2,PPO-MADRL,-8471.225283104865,-9115.637587585334
293,2,PPO-MADRL,-8084.149405133956,-9117.236776668893
294,2,PPO-MADRL,-11260.948445113414,-9293.105059317026
295,2,PPO-MADRL,-10328.116842815474,-9412.922431648647
296,2,PPO-MADRL,-11372.263581297204,-9448.174734326067
297,2,PPO-MADRL,-10012.636929428758,-9563.41260280798
298,2,PPO-MADRL,-8922.313964770763,-9485.357738002764
299,2,PPO-MADRL,-12699.850880428916,-9722.571062680929
300,2,PPO-MADRL,-8759.011652938898,-9711.13132118594
301,2,PPO-MADRL,-9385.74773581949,-9697.463348158635
302,2,PPO-MADRL,-7109.198825508465,-9589.36061447908
303,2,PPO-MADRL,-10286.30937218166,-9571.698333666798
304,2,PPO-MADRL,-5465.466545687128,-9397.107259832736
305,2,PPO-MADRL,-11138.728082918264,-9385.987394710664
306,2,PPO-MADRL,-10195.2584615426,-9359.24555707725
307,2,PPO-MADRL,-8304.489796889533,-9332.55320169039
308,2,PPO-MADRL,-8823.853476078428,-9305.81441470181
309,2,PPO-MADRL,-9974.127508415568,-9442.782218613092
310,2,PPO-MADRL,-9555.46436301118,-9431.682186756834
311,2,PPO-MADRL,-9162.66734805415,-9480.195660096395
312,2,PPO-MADRL,-8802.13261042008,-9414.047061740868
313,2,PPO-MADRL,-9196.943232413769,-9415.546998338048
314,2,PPO-MADRL,-9753.065972174723,-9523.71344972033
315,2,PPO-MADRL,-8117.465886796869,-9458.116649368003
316,2,PPO-MADRL,-9425.663400565263,-9384.283984140377
317,2,PPO-MADRL,-9197.460239020513,-9413.333382377003
318,2,PPO-MADRL,-8981.756588180087,-9449.237669698847
319,2,PPO-MADRL,-10251.220778132902,-9408.848563019628
320,2,PPO-MADRL,-7826.660832776484,-9308.790322618068
321,2,PPO-MADRL,-8725.311672799064,-9202.912246278143
322,2,PPO-MADRL,-10065.688650056372,-9205.034315103247
323,2,PPO-MADRL,-11305.350399364765,-9300.355772487006
324,2,PPO-MADRL,-9704.218869238515,-9180.53049203939
325,2,PPO-MADRL,-8562.420860668433,-9172.666860348572
326,2,PPO-MADRL,-10431.539301074636,-9214.498522958778
327,2,PPO-MADRL,-7552.285641660132,-9232.221995604845
328,2,PPO-MADRL,-10402.844149522414,-9236.883386698475
329,2,PPO-MADRL,-9152.353432172747,-9384.3588621579
330,2,PPO-MADRL,-9046.736590389344,-9300.679202456742
331,2,PPO-MADRL,-12513.2549011231,-9393.399060039963
332,2,PPO-MADRL,-9460.55517704006,-9439.641675245985
333,2,PPO-MADRL,-10346.348033586572,-9500.541457546311
334,2,PPO-MADRL,-9147.29930545218,-9467.468329427775
335,2,PPO-MADRL,-8584.46734445856,-9428.62844868567
336,2,PPO-MADRL,-9097.656792485355,-9426.028026462918
337,2,PPO-MADRL,-9276.833850150924,-9445.016076052152
338,2,PPO-MADRL,-7771.951020943919,-9388.016387593358
339,2,PPO-MADRL,-8794.304576724433,-9349.665931775346
340,2,PPO-MADRL,-8897.08562203353,-9380.850721184812
341,2,PPO-MADRL,-8092.555597573411,-9327.526409065138
342,2,PPO-MADRL,-9377.186156033602,-9334.715445745662
343,2,PPO-MADRL,-9777.24150257666,-9366.534842321526
344,2,PPO-MADRL,-8735.51825072345,-9305.906741225146
345,2,PPO-MADRL,-9412.313184022138,-9369.332835274972
346,2,PPO-MADRL,-9584.943802696394,-9403.718120470865
347,2,PPO-MADRL,-10596.30163890818,-9424.942640024938
348,2,PPO-MADRL,-10306.772012578129,-9384.999504553472
349,2,PPO-MADRL,-9371.9812687369,-9371.710000533409
350,2,PPO-MADRL,-8680.567888678343,-9376.435881653804
351,2,PPO-MADRL,-5918.09062593322,-9195.897934648148
352,2,PPO-MADRL,-7656.233149827551,-9200.055834974844
353,2,PPO-MADRL,-9968.18906613388,-9182.669631639303
354,2,PPO-MADRL,-7484.745892438705,-9115.965330049941
355,2,PPO-MADRL,-9266.164964366224,-9124.742465009016
356,2,PPO-MADRL,-8097.377753796667,-8948.107379115958
357,2,PPO-MADRL,-9701.757209377964,-8957.755460409475
358,2,PPO-MADRL,-9039.037857549769,-8905.463053368003
359,2,PPO-MADRL,-9728.547520508771,-8928.712981970268
360,2,PPO-MADRL,-9543.498750828669,-8967.074238225072
361,2,PPO-MADRL,-9306.002191449852,-8975.40805418365
362,2,PPO-MADRL,-8723.586103710237,-8953.278144326025
363,2,PPO-MADRL,-10970.321196368342,-9081.212951343
364,2,PPO-MADRL,-7445.193307293815,-9027.248500565776
365,2,PPO-MADRL,-7371.327700778354,-8966.21818371557
366,2,PPO-MADRL,-9570.368759274355,-9025.330710183607
367,2,PPO-MADRL,-8401.579657066613,-8986.306450224925
368,2,PPO-MADRL,-8569.260694505843,-8937.987217902095
369,2,PPO-MADRL,-7654.9399738320035,-8894.764086826437
370,2,PPO-MADRL,-9349.870914925898,-8892.266396062587
371,2,PPO-MADRL,-7638.67782610038,-8814.415756998747
372,2,PPO-MADRL,-7985.270646568559,-8709.974517305161
373,2,PPO-MADRL,-8283.409327360961,-8629.040009896476
374,2,PPO-MADRL,-9152.847809592658,-8620.274671530706
375,2,PPO-MADRL,-8661.69925875169,-8619.51992633364
376,2,PPO-MADRL,-9033.966886651177,-8744.154976762358
377,2,PPO-MADRL,-7934.75185747821,-8755.295725068383
378,2,PPO-MADRL,-10968.731043251442,-8795.317404153086
379,2,PPO-MADRL,-11982.03119316306,-8975.208816182061
380,2,PPO-MADRL,-9914.239036044552,-9001.131779049194
381,2,PPO-MADRL,-11222.219429437087,-9126.125446074811
382,2,PPO-MADRL,-9070.503184809715,-9100.87528509208
383,2,PPO-MADRL,-8335.316915234745,-9072.72644739948
384,2,PPO-MADRL,-9922.100729867048,-9080.468575773812
385,2,PPO-MADRL,-10836.838627588964,-9132.202170844223
386,2,PPO-MADRL,-8384.961698798703,-9095.360551138177
387,2,PPO-MADRL,-10693.103401214848,-9174.14124303836
388,2,PPO-MADRL,-9194.76155122732,-9103.11885723272
389,2,PPO-MADRL,-9656.568415881018,-9191.573861576207
390,2,PPO-MADRL,-11994.4804845626,-9376.499972927579
391,2,PPO-MADRL,-9810.60734336431,-9386.109516291177
392,2,PPO-MADRL,-9755.998108884894,-9440.286254363908
393,2,PPO-MADRL,-9355.782916738184,-9471.747143253202
394,2,PPO-MADRL,-9653.28305162908,-9551.680866365083
395,2,PPO-MADRL,-8250.41483750807,-9507.702623268371
396,2,PPO-MADRL,-8427.30620186073,-9539.247758298785
397,2,PPO-MADRL,-9952.87554265104,-9617.951954142085
398,2,PPO-MADRL,-8729.373288496903,-9635.79051258752
399,2,PPO-MADRL,-9755.919772025882,-9659.913391084852
400,2,PPO-MADRL,-10516.131832972264,-9734.090694053673
401,2,PPO-MADRL,-8757.518347183768,-9723.032752474977
402,2,PPO-MADRL,-8965.715802132854,-9764.271310261163
403,2,PPO-MADRL,-7940.114174694541,-9643.126635518887
404,2,PPO-MADRL,-8468.548369226732,-9502.587322561434
405,2,PPO-MADRL,-9077.73535585143,-9469.12717535371
406,2,PPO-MADRL,-8913.259215562828,-9376.76876679874
407,2,PPO-MADRL,-11648.17723680098,-9479.875728878389
408,2,PPO-MADRL,-9843.574924878088,-9540.206049264123
409,2,PPO-MADRL,-9598.977765828762,-9527.281130702591
410,2,PPO-MADRL,-9375.905899190562,-9468.843821566656
411,2,PPO-MADRL,-10405.041772725372,-9549.647024523723
412,2,PPO-MADRL,-7442.58161723324,-9419.626153164458
413,2,PPO-MADRL,-10131.787746048976,-9457.107200957324
414,2,PPO-MADRL,-9475.989353591838,-9449.884038465756
415,2,PPO-MADRL,-11762.098161687623,-9440.588745550758
416,2,PPO-MADRL,-10091.597785252434,-9451.828363226283
417,2,PPO-MADRL,-9397.25514194983,-9437.47864454888
418,2,PPO-MADRL,-8511.145950279155,-9403.693165890518
419,2,PPO-MADRL,-11445.700052590251,-9475.389845928967
420,2,PPO-MADRL,-10439.472499079442,-9562.952152391821
421,2,PPO-MADRL,-7537.658433201925,-9527.36624164547
422,2,PPO-MADRL,-10038.543096254669,-9530.792943789615
423,2,PPO-MADRL,-8893.641426428814,-9537.363669306891
424,2,PPO-MADRL,-7575.388094182887,-9450.14240219317
425,2,PPO-MADRL,-8011.414954852695,-9349.953727068387
426,2,PPO-MADRL,-8349.307633169408,-9333.625298507814
427,2,PPO-MADRL,-6809.473671238431,-9247.375613272037
428,2,PPO-MADRL,-7870.885210957738,-9244.606454722565
429,2,PPO-MADRL,-12001.039878417683,-9385.906115090202
430,2,PPO-MADRL,-10298.041505609424,-9434.718361080522
431,2,PPO-MADRL,-9442.901579575744,-9455.904055641038
432,2,PPO-MADRL,-10337.206746536229,-9403.465236030448
433,2,PPO-MADRL,-10025.650175022683,-9410.748246036232
434,2,PPO-MADRL,-9533.762306084587,-9408.139627646466
435,2,PPO-MADRL,-8804.504057839898,-9385.283553992438
436,2,PPO-MADRL,-10076.033175551209,-9372.123210105472
437,2,PPO-MADRL,-8593.940947688057,-9418.177583323666
438,2,PPO-MADRL,-8556.133886855021,-9355.151428955907
439,2,PPO-MADRL,-9651.021123983575,-9362.152699771577
440,2,PPO-MADRL,-12003.165113042189,-9371.79537782576
441,2,PPO-MADRL,-5938.160815566598,-9205.657899038326
442,2,PPO-MADRL,-7831.302987703631,-9143.019812868477
443,2,PPO-MADRL,-10634.890008033855,-9227.969575178666
444,2,PPO-MADRL,-8396.12952126361,-9105.9867539256
445,2,PPO-MADRL,-9913.779875395428,-9084.959048978239
446,2,PPO-MADRL,-7625.671690974275,-9088.479579289133
447,2,PPO-MADRL,-8593.563472129945,-9030.680394324145
448,2,PPO-MADRL,-9239.496138739076,-9044.514582816555
449,2,PPO-MADRL,-9229.517076414815,-9110.679742105833
450,2,PPO-MADRL,-10586.328414454358,-9213.676280489899
451,2,PPO-MADRL,-9239.310610430208,-9249.27639958033
452,2,PPO-MADRL,-8459.500207154935,-9315.27746101699
453,2,PPO-MADRL,-10143.837125372347,-9406.195537593576
454,2,PPO-MADRL,-10533.855852891218,-9347.508176572517
455,2,PPO-MADRL,-8523.140341909766,-9276.51213002453
456,2,PPO-MADRL,-7949.705401170731,-9216.78428288833
457,2,PPO-MADRL,-8247.739601420708,-9133.20559708371
458,2,PPO-MADRL,-9549.06876157461,-9114.142340545786
459,2,PPO-MADRL,-10239.97898458103,-9142.391007685645
460,2,PPO-MADRL,-9474.976050149446,-9169.209887378027
461,2,PPO-MADRL,-7046.178960497731,-9048.015718775887
462,2,PPO-MADRL,-9443.450123853858,-9081.996085822519
463,2,PPO-MADRL,-8332.569222860311,-9073.053499262729
464,2,PPO-MADRL,-10322.81445761946,-9099.925232608166
465,2,PPO-MADRL,-8580.272200484726,-8963.009516105867
466,2,PPO-MADRL,-8279.180724785156,-9056.650312474609
467,2,PPO-MADRL,-9181.849764481522,-9110.672183545725
468,2,PPO-MADRL,-8785.33152750348,-9036.68984432451
469,2,PPO-MADRL,-10263.351919613544,-9111.378740258508
470,2,PPO-MADRL,-10453.649286885608,-9132.973516718113
471,2,PPO-MADRL,-8279.189965484737,-9159.114247698533
472,2,PPO-MADRL,-8279.320060386706,-9146.544511228803
473,2,PPO-MADRL,-10373.168652379984,-9191.891411774439
474,2,PPO-MADRL,-8057.695325212545,-9145.01854172635
475,2,PPO-MADRL,-9559.388278115734,-9103.940936272804
476,2,PPO-MADRL,-7022.038818223571,-9015.25006458454
477,2,PPO-MADRL,-10136.079226533486,-9082.31322535968
478,2,PPO-MADRL,-8533.598972497919,-9017.903699244704
479,2,PPO-MADRL,-8569.85945161196,-8939.343843193532
480,2,PPO-MADRL,-8548.2329801879,-8940.347548724658
481,2,PPO-MADRL,-9098.066027471974,-8986.281973776708
482,2,PPO-MADRL,-7945.84978435242,-8974.206381093978
483,2,PPO-MADRL,-11887.851378810745,-9067.757685783423
484,2,PPO-MADRL,-10874.63514254806,-9093.143932102104
485,2,PPO-MADRL,-9844.547355094226,-9107.926784299894
486,2,PPO-MADRL,-10361.541791339168,-9240.541297533551
487,2,PPO-MADRL,-8863.669755878494,-9217.350082814537
488,2,PPO-MADRL,-10809.31029330514,-9316.419725632331
489,2,PPO-MADRL,-9028.34077384973,-9264.64077828154
490,2,PPO-MADRL,-10193.91718628982,-9329.186577713745
491,2,PPO-MADRL,-9220.0710087666,-9366.822189073002
492,2,PPO-MADRL,-7912.69453808634,-9316.055980017196
493,2,PPO-MADRL,-10099.763024897524,-9368.633239912957
494,2,PPO-MADRL,-9025.82483451303,-9319.132156508938
495,2,PPO-MADRL,-8698.176812313537,-9248.913257526054
496,2,PPO-MADRL,-10591.789262756754,-9341.417229416935
497,2,PPO-MADRL,-8831.389468116628,-9363.500005726131
498,2,PPO-MADRL,-10169.200216780717,-9355.341268302162
499,2,PPO-MADRL,-8959.731869623714,-9391.422730078608
500,2,PPO-MADRL,-7595.663157143441,-9312.873725239717
501,2,PPO-MADRL,-6777.017766308616,-6777.017766308616
502,2,PPO-MADRL,-9850.248635526325,-8313.63320091747
503,2,PPO-MADRL,-9762.446930523904,-8796.57111078628
504,2,PPO-MADRL,-8553.456472344466,-8735.792451175828
505,2,PPO-MADRL,-9843.36619423574,-8957.30719978781
506,2,PPO-MADRL,-8627.838892529162,-8902.395815244701
507,2,PPO-MADRL,-8759.075446589712,-8881.921476865418
508,2,PPO-MADRL,-9672.582106773152,-8980.754055603884
509,2,PPO-MADRL,-8964.591675381342,-8978.958235579157
510,2,PPO-MADRL,-10874.486497669302,-9168.511061788171
511,2,PPO-MADRL,-8278.81457907886,-9087.629563360053
512,2,PPO-MADRL,-10066.564941483197,-9169.20751153698
513,2,PPO-MADRL,-8987.223251489837,-9155.208722302586
514,2,PPO-MADRL,-10077.577677793244,-9221.092219123346
515,2,PPO-MADRL,-10590.619762641036,-9312.39405535786
516,2,PPO-MADRL,-7117.453301923477,-9175.210258268211
517,2,PPO-MADRL,-5737.075805299913,-8972.967055152429
518,2,PPO-MADRL,-7865.012094831183,-8911.414001801248
519,2,PPO-MADRL,-8417.202508164995,-8885.402870557235
520,2,PPO-MADRL,-8823.16484291407,-8882.290969175077
521,2,PPO-MADRL,-9169.691578592949,-8895.97671248069
522,2,PPO-MADRL,-10671.378294809558,-8976.67678440473
523,2,PPO-MADRL,-9497.668663990817,-8999.328605256298
524,2,PPO-MADRL,-8938.757500961343,-8996.804809244008
525,2,PPO-MADRL,-8709.675827876308,-8985.3196499893
526,2,PPO-MADRL,-9215.994238752832,-9082.878708887069
527,2,PPO-MADRL,-9220.906452409658,-9057.705021562402
528,2,PPO-MADRL,-9605.252346921685,-9051.417238218313
529,2,PPO-MADRL,-8476.602792044894,-9048.34309100633
530,2,PPO-MADRL,-8716.459707687814,-9003.266831544413
531,2,PPO-MADRL,-8753.52390386174,-9008.294231997717
532,2,PPO-MADRL,-9616.343099698735,-9042.584938122078
533,2,PPO-MADRL,-8924.885660959259,-9012.677080289523
534,2,PPO-MADRL,-9396.75759818805,-9029.96371720179
535,2,PPO-MADRL,-11022.107547134008,-9035.868559180379
536,2,PPO-MADRL,-6416.505592695791,-8961.376199725057
537,2,PPO-MADRL,-10829.254206904432,-8991.883770341905
538,2,PPO-MADRL,-8960.229948766893,-8990.804038232987
539,2,PPO-MADRL,-8378.943902272349,-8922.858687212152
540,2,PPO-MADRL,-7955.746508382898,-8817.463757041827
541,2,PPO-MADRL,-9009.186211165306,-8893.133073411498
542,2,PPO-MADRL,-10184.076056478229,-9071.01308345863
543,2,PPO-MADRL,-9344.433957088484,-9130.189957948924
544,2,PPO-MADRL,-8321.595043046776,-9126.365659344196
545,2,PPO-MADRL,-9759.876623511407,-9163.834130568088
546,2,PPO-MADRL,-9409.830372241966,-9173.439682314049
547,2,PPO-MADRL,-7786.711253545029,-9058.053000663467
548,2,PPO-MADRL,-6647.053583944752,-8944.028397461625
549,2,PPO-MADRL,-10771.1349297705,-9017.323494613993
550,2,PPO-MADRL,-8117.884732877182,-8993.651850814027
551,2,PPO-MADRL,-8171.464306737223,-8951.870653533402
552,2,PPO-MADRL,-8585.638437855509,-8926.459932951235
553,2,PPO-MADRL,-9238.738908139869,-8911.799395399963
554,2,PPO-MADRL,-8559.047845900635,-8915.097197554192
555,2,PPO-MADRL,-9414.156941236595,-8943.005086896144
556,2,PPO-MADRL,-9296.26681952437,-8964.71480352265
557,2,PPO-MADRL,-8621.821228944409,-8924.933928692477
558,2,PPO-MADRL,-8820.797058887769,-8920.770384609617
559,2,PPO-MADRL,-7360.669270872931,-8839.326851517013
560,2,PPO-MADRL,-5183.9662538564535,-8605.80119978591
561,2,PPO-MADRL,-9898.650414940825,-8745.086992675711
562,2,PPO-MADRL,-10775.39979620128,-8742.932816247585
563,2,PPO-MADRL,-8051.361831867192,-8706.578091571597
564,2,PPO-MADRL,-10597.893612369686,-8795.336079975492
565,2,PPO-MADRL,-7500.823076204706,-8777.139142688364
566,2,PPO-MADRL,-8400.034920292537,-8752.773091053452
567,2,PPO-MADRL,-9972.268747892616,-8744.300798710028
568,2,PPO-MADRL,-7045.041549767753,-8652.325102417199
569,2,PPO-MADRL,-8943.486795376206,-8677.200772510376
570,2,PPO-MADRL,-7755.356084294178,-8597.019950941685
571,2,PPO-MADRL,-8482.68321733937,-8559.934064745585
572,2,PPO-MADRL,-7651.419006734462,-8554.52237487316
573,2,PPO-MADRL,-9798.333598300738,-8680.573575447399
574,2,PPO-MADRL,-7751.720390560068,-8559.796993878983
575,2,PPO-MADRL,-8401.028022818666,-8571.122725476642
576,2,PPO-MADRL,-7176.711669032844,-8531.332619968467
577,2,PPO-MADRL,-9119.323051490126,-8552.680004513852
578,2,PPO-MADRL,-8281.09452640009,-8514.37422924426
579,2,PPO-MADRL,-7795.323406002248,-8483.825251648324
580,2,PPO-MADRL,-10799.924219106695,-8539.255942763128
581,2,PPO-MADRL,-10622.33194729083,-8592.298547873788
582,2,PPO-MADRL,-10588.412100648144,-8670.962182741936
583,2,PPO-MADRL,-7972.658199276888,-8637.036628357502
584,2,PPO-MADRL,-7589.368836308382,-8646.18461097492
585,2,PPO-MADRL,-11458.415434590468,-8897.16257820428
586,2,PPO-MADRL,-9368.341747484712,-8875.950231506034
587,2,PPO-MADRL,-11770.794980096252,-8915.766038861835
588,2,PPO-MADRL,-9153.346055928494,-8959.845407824287
589,2,PPO-MADRL,-8704.465864247888,-8884.108297899415
590,2,PPO-MADRL,-10326.105713848969,-8997.119603405185
591,2,PPO-MADRL,-6395.710823214352,-8916.946639522057
592,2,PPO-MADRL,-9265.3292916233,-8888.669061271285
593,2,PPO-MADRL,-7153.322733948246,-8893.000308638504
594,2,PPO-MADRL,-10014.144323088873,-8935.826609747011
595,2,PPO-MADRL,-11829.66546263484,-9098.79898488064
596,2,PPO-MADRL,-7103.287258229153,-9043.62314651623
597,2,PPO-MADRL,-10478.843782614484,-9156.72013755143
598,2,PPO-MADRL,-9633.546589862755,-9150.128657213912
599,2,PPO-MADRL,-8329.511139814873,-9173.240287184102
600,2,PPO-MADRL,-9881.199936532556,-9232.447163732659
601,2,PPO-MADRL,-9220.6131362177,-9314.203222420052
602,2,PPO-MADRL,-10610.07583756329,-9373.83333386298
603,2,PPO-MADRL,-11659.535254185012,-9508.970962974377
604,2,PPO-MADRL,-8269.892084709796,-9527.953710122678
605,2,PPO-MADRL,-5780.371004970742,-9327.171581557239
606,2,PPO-MADRL,-8702.464824047562,-9250.37689662751
607,2,PPO-MADRL,-8425.01279544011,-9163.840924419188
608,2,PPO-MADRL,-9409.652939070696,-9221.32071401094
609,2,PPO-MADRL,-9298.59062314771,-9289.689585484513
610,2,PPO-MADRL,-8037.834366424219,-9152.866342757863
611,2,PPO-MADRL,-9804.054464820036,-9170.294851451275
612,2,PPO-MADRL,-7775.451218270586,-9010.48110097825
613,2,PPO-MADRL,-8609.245063372233,-8988.717061276
614,2,PPO-MADRL,-8717.616476604595,-8989.243085770267
615,2,PPO-MADRL,-9151.227286433872,-8942.247948673665
616,2,PPO-MADRL,-9011.610379878806,-9046.883930940243
617,2,PPO-MADRL,-9398.653742883607,-9052.216908990653
618,2,PPO-MADRL,-9409.2967778473,-9142.455870746617
619,2,PPO-MADRL,-9088.21663226488,-9105.418763113656
620,2,PPO-MADRL,-8085.875163617639,-8955.66715115297
621,2,PPO-MADRL,-11201.456792510631,-9119.593932524227
622,2,PPO-MADRL,-8391.377877313416,-9036.095296312185
623,2,PPO-MADRL,-8318.572939305555,-8983.496350289897
624,2,PPO-MADRL,-7702.623199656881,-8958.420832683578
625,2,PPO-MADRL,-8523.896948955453,-8904.128713180493
626,2,PPO-MADRL,-8858.082360377393,-8889.627482146881
627,2,PPO-MADRL,-9137.045231789994,-8830.70625791595
628,2,PPO-MADRL,-7480.623465370894,-8663.549786363385
629,2,PPO-MADRL,-7570.397961458777,-8635.570021433343
630,2,PPO-MADRL,-9721.637367982315,-8793.220675953808
631,2,PPO-MADRL,-9765.916873749067,-8835.758757941867
632,2,PPO-MADRL,-8978.384432782736,-8857.893623435571
633,2,PPO-MADRL,-7650.121899338832,-8787.512381846296
634,2,PPO-MADRL,-7962.612905658156,-8734.073273146714
635,2,PPO-MADRL,-8093.158594133625,-8736.286242255092
636,2,PPO-MADRL,-9711.15523582108,-8732.570273095133
637,2,PPO-MADRL,-6839.485715283112,-8695.131652975635
638,2,PPO-MADRL,-10801.617845937166,-8782.826564278232
639,2,PPO-MADRL,-9654.18321012154,-8820.289233618909
640,2,PPO-MADRL,-9322.672802201429,-8827.147054249612
641,2,PPO-MADRL,-9561.733119045355,-8849.151963816274
642,2,PPO-MADRL,-7368.530127627588,-8767.947019206033
643,2,PPO-MADRL,-7763.840540420812,-8702.128769708974
644,2,PPO-MADRL,-8800.286572403049,-8690.6115673145
645,2,PPO-MADRL,-7335.069336941642,-8660.579334247459
646,2,PPO-MADRL,-7562.411859096865,-8515.01753691091
647,2,PPO-MADRL,-8007.066498337485,-8499.64508175187
648,2,PPO-MADRL,-7625.718692380877,-8471.930911874886
649,2,PPO-MADRL,-8612.340543940529,-8508.31960564623
650,2,PPO-MADRL,-7995.07132940649,-8487.166580864272
651,2,PPO-MADRL,-8745.181585584709,-8482.650549872564
652,2,PPO-MADRL,-8267.338180119115,-8447.862267805729
653,2,PPO-MADRL,-8116.2473586120595,-8473.287223535377
654,2,PPO-MADRL,-7395.145379112587,-8466.277120241528
655,2,PPO-MADRL,-6137.914566442983,-8322.928208179956
656,2,PPO-MADRL,-6863.40102561613,-8206.82757425464
657,2,PPO-MADRL,-7405.0629829718655,-8143.8947162622035
658,2,PPO-MADRL,-7875.447496898634,-8152.9077401645945
659,2,PPO-MADRL,-7977.862658264174,-8153.517730268836
660,2,PPO-MADRL,-8974.670704336315,-8188.778214676943
661,2,PPO-MADRL,-10355.60892367347,-8214.556362191039
662,2,PPO-MADRL,-11527.554363745085,-8402.07910812952
663,2,PPO-MADRL,-8457.734252410908,-8308.323764388468
664,2,PPO-MADRL,-7282.896687719025,-8213.472303492368
665,2,PPO-MADRL,-7464.631744055184,-8139.150661166517
666,2,PPO-MADRL,-7508.248742052176,-8057.011286086789
667,2,PPO-MADRL,-6406.791866279403,-8018.541755632863
668,2,PPO-MADRL,-6924.21347970653,-7984.956673204291
669,2,PPO-MADRL,-9175.624496347751,-7999.97019016208
670,2,PPO-MADRL,-8412.051017450958,-8043.049457382453
671,2,PPO-MADRL,-9400.218787605318,-8116.561734522791
672,2,PPO-MADRL,-8976.227459456015,-8155.328172967532
673,2,PPO-MADRL,-9837.54309144747,-8243.801148930195
674,2,PPO-MADRL,-8418.351663522508,-8236.041593713475
675,2,PPO-MADRL,-8773.80059976681,-8267.190764527888
676,2,PPO-MADRL,-5974.556969036297,-8156.3657798659515
677,2,PPO-MADRL,-9151.612139221195,-8191.7367382300345
678,2,PPO-MADRL,-8568.841458879475,-8209.84050224073
679,2,PPO-MADRL,-9405.90792119668,-8290.271003924096
680,2,PPO-MADRL,-10599.29346373137,-8468.72615981563
681,2,PPO-MADRL,-8143.841845659994,-8519.943792617383
682,2,PPO-MADRL,-8150.372095442124,-8549.756157116193
683,2,PPO-MADRL,-8576.949406927022,-8577.816233517331
684,2,PPO-MADRL,-7548.834543471821,-8560.655108925635
685,2,PPO-MADRL,-7535.8194413731535,-8503.10105840711
686,2,PPO-MADRL,-10026.933188962656,-8489.954029018676
687,2,PPO-MADRL,-8696.986414576737,-8376.731311051943
688,2,PPO-MADRL,-8878.90772495527,-8393.578249953718
689,2,PPO-MADRL,-10231.620758999985,-8511.527212804956
690,2,PPO-MADRL,-7553.369436414376,-8515.076720499323
691,2,PPO-MADRL,-9437.042444584884,-8592.228468600633
692,2,PPO-MADRL,-8135.377995487042,-8661.371913768939
693,2,PPO-MADRL,-7335.621841764849,-8677.82824825127
694,2,PPO-MADRL,-7786.793485259221,-8622.27500780773
695,2,PPO-MADRL,-7357.376479948482,-8580.08802630763
696,2,PPO-MADRL,-9385.70185271301,-8579.507348911939
697,2,PPO-MADRL,-9651.6968226356,-8606.526123439122
698,2,PPO-MADRL,-8379.055324516788,-8548.186612761894
699,2,PPO-MADRL,-9210.66776936693,-8579.879256995671
700,2,PPO-MADRL,-8950.76242429426,-8586.957729976768
701,2,PPO-MADRL,-7492.432611763161,-8647.672755685844
702,2,PPO-MADRL,-8347.746815194492,-8615.518142724775
703,2,PPO-MADRL,-8941.11984919001,-8630.409278337196
704,2,PPO-MADRL,-8591.659101060863,-8597.839325531764
705,2,PPO-MADRL,-8485.939967659659,-8513.305185688896
706,2,PPO-MADRL,-7767.451628433657,-8498.249576999842
707,2,PPO-MADRL,-8561.152680271392,-8514.680800393013
708,2,PPO-MADRL,-10347.266542465331,-8585.493485814544
709,2,PPO-MADRL,-7539.029025683683,-8585.10126510302
710,2,PPO-MADRL,-8387.006798315271,-8619.148759380703
711,2,PPO-MADRL,-6980.49595808374,-8497.291270145548
712,2,PPO-MADRL,-8851.521399280718,-8503.472669533709
713,2,PPO-MADRL,-8337.885535699957,-8481.831781963494
714,2,PPO-MADRL,-8470.569501892336,-8411.389731679188
715,2,PPO-MADRL,-6973.673225935944,-8388.201883260052
716,2,PPO-MADRL,-8410.620660433477,-8347.145011893996
717,2,PPO-MADRL,-7188.317964004202,-8309.262610634682
718,2,PPO-MADRL,-7565.216001329431,-8318.446377017266
719,2,PPO-MADRL,-7877.771795122841,-8322.085509411809
720,2,PPO-MADRL,-8385.839087643062,-8363.224013719593
721,2,PPO-MADRL,-5911.150822194492,-8224.241972498852
722,2,PPO-MADRL,-6537.982939121072,-8099.69341715827
723,2,PPO-MADRL,-7657.021817238273,-8070.81207686713
724,2,PPO-MADRL,-9155.094253841551,-8068.589136246114
725,2,PPO-MADRL,-7939.01007124749,-8028.1190421242445
726,2,PPO-MADRL,-8983.62378510196,-8087.766689057796
727,2,PPO-MADRL,-7071.947231140973,-8036.734705695655
728,2,PPO-MADRL,-8073.116065689926,-8002.014554355651
729,2,PPO-MADRL,-7193.585913130538,-7946.091626838439
730,2,PPO-MADRL,-8248.329349205334,-7936.587202100266
731,2,PPO-MADRL,-7094.1700472033335,-7909.655938851053
732,2,PPO-MADRL,-6643.754514593252,-7832.960012223928
733,2,PPO-MADRL,-6881.668062114845,-7694.3360730099075
734,2,PPO-MADRL,-8129.698627282619,-7717.962857073866
735,2,PPO-MADRL,-9321.356719785672,-7755.336853932681
736,2,PPO-MADRL,-6987.653786782117,-7755.623167080616
737,2,PPO-MADRL,-5625.445451563757,-7626.580129171938
738,2,PPO-MADRL,-7895.963762443246,-7608.90325824167
739,2,PPO-MADRL,-7942.573622121885,-7587.7834230508515
740,2,PPO-MADRL,-9209.505612100478,-7677.216718497433
741,2,PPO-MADRL,-9730.602297239431,-7730.015983969671
742,2,PPO-MADRL,-8160.629270803704,-7768.908436241651
743,2,PPO-MADRL,-7646.426706893495,-7772.156864464214
744,2,PPO-MADRL,-7044.844614135737,-7738.83977722473
745,2,PPO-MADRL,-6508.774607250386,-7663.757198009023
746,2,PPO-MADRL,-7554.632682805766,-7729.496472433474
747,2,PPO-MADRL,-7064.901477312847,-7750.5732139611455
748,2,PPO-MADRL,-7926.071830528464,-7761.335214492753
749,2,PPO-MADRL,-7627.705570064311,-7700.239667141664
750,2,PPO-MADRL,-8143.887409150786,-7708.434760657795
751,2,PPO-MADRL,-7539.944301799618,-7650.687581325701
752,2,PPO-MADRL,-5805.084675032287,-7600.013079081354
753,2,PPO-MADRL,-8153.315591196057,-7603.2210601015995
754,2,PPO-MADRL,-7700.312934569421,-7623.490140959154
755,2,PPO-MADRL,-6283.168803844116,-7544.8837191447055
756,2,PPO-MADRL,-7862.868305235123,-7575.631649465977
757,2,PPO-MADRL,-6866.978672952177,-7584.560615800334
758,2,PPO-MADRL,-7423.93730854913,-7606.251385657706
759,2,PPO-MADRL,-8798.644406955447,-7633.009216844619
760,2,PPO-MADRL,-8803.423943989012,-7612.291905812753
761,2,PPO-MADRL,-7664.551191409177,-7639.367801997835
762,2,PPO-MADRL,-9901.100282511648,-7810.39399523575
763,2,PPO-MADRL,-8979.160476291345,-7853.721863789674
764,2,PPO-MADRL,-6305.035389755282,-7788.220334495009
765,2,PPO-MADRL,-9212.125360482882,-7788.3251244303065
766,2,PPO-MADRL,-8124.848117706882,-7724.0949572490035
767,2,PPO-MADRL,-5747.9563020454525,-7627.588038498674
768,2,PPO-MADRL,-7343.445175742328,-7615.468777252627
769,2,PPO-MADRL,-6574.882721591951,-7596.670301550876
770,2,PPO-MADRL,-7616.60795443696,-7640.983635438339
771,2,PPO-MADRL,-7516.77983841157,-7639.4695216625705
772,2,PPO-MADRL,-7213.590763340733,-7645.417093103686
773,2,PPO-MADRL,-9455.497065918593,-7706.594102519291
774,2,PPO-MADRL,-6670.333545049627,-7668.299221518703
775,2,PPO-MADRL,-10869.091129242748,-7777.307370322383
776,2,PPO-MADRL,-6187.911473114809,-7723.22605717499
777,2,PPO-MADRL,-9498.99089405253,-7870.9823059358005
778,2,PPO-MADRL,-6841.961155448483,-7818.528128505896
779,2,PPO-MADRL,-6614.235447972852,-7775.085029042035
780,2,PPO-MADRL,-7660.855292124979,-7830.192488573268
781,2,PPO-MADRL,-8445.719927595408,-7853.50655346768
782,2,PPO-MADRL,-6828.8628797751335,-7851.981921740598
783,2,PPO-MADRL,-7963.097748325396,-7873.54833933165
784,2,PPO-MADRL,-8854.655608118579,-7875.788787378174
785,2,PPO-MADRL,-10788.333416741589,-7955.185166288276
786,2,PPO-MADRL,-7835.100734461183,-7962.007148010357
787,2,PPO-MADRL,-7415.936436956712,-7862.60059418816
788,2,PPO-MADRL,-7792.675135269292,-7815.141180547278
789,2,PPO-MADRL,-7913.962196281859,-7879.498252808341
790,2,PPO-MADRL,-10555.061056326247,-7933.215680642075
791,2,PPO-MADRL,-7875.358605413687,-7923.236100150348
792,2,PPO-MADRL,-8546.065031261589,-8035.1604493189925
793,2,PPO-MADRL,-8390.298281175776,-8077.034573536332
794,2,PPO-MADRL,-7902.850138216552,-8130.1532702013155
795,2,PPO-MADRL,-7043.065697033084,-8107.211579905161
796,2,PPO-MADRL,-7144.884606929366,-8092.335770645872
797,2,PPO-MADRL,-8633.626357661416,-8149.1371944186985
798,2,PPO-MADRL,-8429.60958837263,-8108.101695316861
799,2,PPO-MADRL,-8477.752194619861,-8180.398441299671
800,2,PPO-MADRL,-7254.893038208875,-8035.830517658315
801,2,PPO-MADRL,-8916.2451980197,-8144.963866654511
802,2,PPO-MADRL,-6388.66726543402,-8020.55092150977
803,2,PPO-MADRL,-8645.345657067814,-8092.686301574544
804,2,PPO-MADRL,-7312.831771136936,-8120.6301545011065
805,2,PPO-MADRL,-6328.761114097792,-8067.34638738002
806,2,PPO-MADRL,-9015.754010576577,-8090.147750699268
807,2,PPO-MADRL,-7839.835959251703,-8130.586673878329
808,2,PPO-MADRL,-9331.670992644667,-8185.329603651099
809,2,PPO-MADRL,-7053.285589506592,-8113.274802906621
810,2,PPO-MADRL,-6833.306878904623,-7955.073741393143
811,2,PPO-MADRL,-7305.597396002737,-7933.893607854805
812,2,PPO-MADRL,-8335.818006482434,-7970.688870635833
813,2,PPO-MADRL,-6008.128021526887,-7899.306986086137
814,2,PPO-MADRL,-8463.333645003699,-7921.281844035011
815,2,PPO-MADRL,-6015.344920148466,-7739.693198587899
816,2,PPO-MADRL,-7983.284330447226,-7744.010227589241
817,2,PPO-MADRL,-7672.877130081504,-7709.082711542038
818,2,PPO-MADRL,-6703.418320037814,-7641.607513096519
819,2,PPO-MADRL,-7923.315816021795,-7642.4261402087295
820,2,PPO-MADRL,-8732.067512615668,-7709.986212832031
821,2,PPO-MADRL,-7057.067256745907,-7706.473518824694
822,2,PPO-MADRL,-7591.057862513999,-7664.770779018798
823,2,PPO-MADRL,-6560.630988574985,-7590.011635026891
824,2,PPO-MADRL,-8002.803045618667,-7571.013669066843
825,2,PPO-MADRL,-8627.200012990541,-7625.905948058111
826,2,PPO-MADRL,-7592.8400105475375,-7572.969740559223
827,2,PPO-MADRL,-8826.911161016467,-7670.499496382521
828,2,PPO-MADRL,-7963.552001614216,-7643.2277501643775
829,2,PPO-MADRL,-8549.486868106565,-7692.693954043164
830,2,PPO-MADRL,-7980.913126191186,-7758.780034526899
831,2,PPO-MADRL,-8366.96282379703,-7732.828387055716
832,2,PPO-MADRL,-7325.187388671282,-7712.242444232501
833,2,PPO-MADRL,-8175.746288790949,-7666.005456078352
834,2,PPO-MADRL,-8733.667940809533,-7733.220750130468
835,2,PPO-MADRL,-8170.959790578428,-7786.726866597421
836,2,PPO-MADRL,-7004.801252267745,-7774.695020848021
837,2,PPO-MADRL,-6971.860714954073,-7720.136729186886
838,2,PPO-MADRL,-6645.825356368388,-7745.644622580547
839,2,PPO-MADRL,-8794.410243962753,-7758.887686538909
840,2,PPO-MADRL,-7491.899259454615,-7817.9498601111545
841,2,PPO-MADRL,-8923.002701838228,-7855.538594966795
842,2,PPO-MADRL,-6877.796893010265,-7823.735385483946
843,2,PPO-MADRL,-7705.045641674717,-7863.8004783494225
844,2,PPO-MADRL,-6860.8234551492205,-7821.300783914518
845,2,PPO-MADRL,-9221.375854355114,-7840.873117584098
846,2,PPO-MADRL,-7877.454098558001,-7873.68859125658
847,2,PPO-MADRL,-10362.1408910046,-7984.531912396204
848,2,PPO-MADRL,-8736.28193605111,-8071.55795029525
849,2,PPO-MADRL,-7347.928611877638,-8045.362972945608
850,2,PPO-MADRL,-9256.22791851485,-8070.52408916658
851,2,PPO-MADRL,-7622.309327936085,-8071.7028618621225
852,2,PPO-MADRL,-8196.02595555431,-8046.467453643637
853,2,PPO-MADRL,-7963.263879325636,-8046.455928752093
854,2,PPO-MADRL,-8951.855827275282,-8062.550687118841
855,2,PPO-MADRL,-8854.501560563454,-8097.494224493732
856,2,PPO-MADRL,-8014.846919832218,-8083.40958833514
857,2,PPO-MADRL,-8723.521182456341,-8139.342940086542
858,2,PPO-MADRL,-8580.431197293665,-8155.53033642665
859,2,PPO-MADRL,-7626.252444956099,-8111.233716592514
860,2,PPO-MADRL,-8446.204872342096,-8122.24351986306
861,2,PPO-MADRL,-7794.455935250458,-8153.829707182369
862,2,PPO-MADRL,-6627.907127262932,-8140.071563674724
863,2,PPO-MADRL,-7067.964317186753,-8156.9571221074575
864,2,PPO-MADRL,-8403.926080810066,-8141.33775558135
865,2,PPO-MADRL,-8386.161130914825,-8177.108230439759
866,2,PPO-MADRL,-7395.092440742502,-8115.991819995929
867,2,PPO-MADRL,-9172.298878772051,-8207.7718994264
868,2,PPO-MADRL,-7930.442123440738,-8216.78775869704
869,2,PPO-MADRL,-9028.10777539424,-8303.479131506841
870,2,PPO-MADRL,-7631.352996231283,-8239.87821718189
871,2,PPO-MADRL,-8756.911517360488,-8275.056513933989
872,2,PPO-MADRL,-7802.99401141068,-8172.690638750233
873,2,PPO-MADRL,-6556.423239749975,-8085.496290898187
874,2,PPO-MADRL,-8550.534097213895,-8133.600510311637
875,2,PPO-MADRL,-8327.757089882063,-8096.461677166325
876,2,PPO-MADRL,-7815.267806717748,-8104.180016317592
877,2,PPO-MADRL,-8032.696454945711,-8097.646836293247
878,2,PPO-MADRL,-7164.184692152112,-8065.683668806308
879,2,PPO-MADRL,-7649.703027023077,-8013.59755679622
880,2,PPO-MADRL,-9110.271333051322,-8023.828347695734
881,2,PPO-MADRL,-6199.455021869056,-7951.212671777207
882,2,PPO-MADRL,-9459.475959280093,-7980.650862850157
883,2,PPO-MADRL,-9898.951723420289,-8033.391683895223
884,2,PPO-MADRL,-6936.208649002843,-8005.789932057091
885,2,PPO-MADRL,-6552.488413764551,-7930.04127371399
886,2,PPO-MADRL,-8178.76843863087,-7945.413773849206
887,2,PPO-MADRL,-8556.098070756101,-8022.541411588933
888,2,PPO-MADRL,-8379.833722639763,-8075.016187807054
889,2,PPO-MADRL,-7619.166308800931,-8043.625796926687
890,2,PPO-MADRL,-8421.038459701618,-8045.020890078161
891,2,PPO-MADRL,-7634.181113287974,-8054.584436979978
892,2,PPO-MADRL,-7235.607986094116,-7977.116801272862
893,2,PPO-MADRL,-7631.838978437492,-7965.172675472731
894,2,PPO-MADRL,-8685.393985409028,-7951.464123873323
895,2,PPO-MADRL,-8718.879222046045,-7994.965172905914
896,2,PPO-MADRL,-7296.893350696017,-7936.564446239336
897,2,PPO-MADRL,-7662.206922781359,-7930.932962694163
898,2,PPO-MADRL,-8616.037502252473,-8013.317533194262
899,2,PPO-MADRL,-7027.725689421864,-7952.405196882582
900,2,PPO-MADRL,-6965.113333639212,-7897.899446632867
901,2,PPO-MADRL,-5842.250805631204,-7818.978766589405
902,2,PPO-MADRL,-8475.81567986447,-7836.703535586155
903,2,PPO-MADRL,-7555.675082566946,-7852.363151202749
904,2,PPO-MADRL,-6821.78864904612,-7819.24657608367
905,2,PPO-MADRL,-8446.275975608103,-7792.686761785942
906,2,PPO-MADRL,-6962.317866616165,-7823.201275575826
907,2,PPO-MADRL,-9004.747298130551,-7805.012129129845
908,2,PPO-MADRL,-7511.295944360851,-7709.505897967466
909,2,PPO-MADRL,-8932.032197452902,-7789.338839905469
910,2,PPO-MADRL,-7336.632579222958,-7820.704606523805
911,2,PPO-MADRL,-9146.4524943631,-7859.411968753095
912,2,PPO-MADRL,-9531.231357606037,-7898.417300227093
913,2,PPO-MADRL,-8636.139708675284,-7908.669539668514
914,2,PPO-MADRL,-8482.394811031252,-7943.198679757726
915,2,PPO-MADRL,-6233.827426352284,-7855.710238423751
916,2,PPO-MADRL,-9324.938061882662,-7923.340516367541
917,2,PPO-MADRL,-7367.263332494386,-7928.606730223551
918,2,PPO-MADRL,-9370.63459960375,-7998.158555070201
919,2,PPO-MADRL,-8095.02147351936,-7974.543654594615
920,2,PPO-MADRL,-9084.90965045537,-7989.184871730988
921,2,PPO-MADRL,-8366.570568104671,-8031.971960427332
922,2,PPO-MADRL,-7259.369629035671,-8015.858468677505
923,2,PPO-MADRL,-6358.398686783346,-7925.552916058741
924,2,PPO-MADRL,-7916.1103172696,-7961.088301172651
925,2,PPO-MADRL,-9299.760146130771,-8054.474173672314
926,2,PPO-MADRL,-7354.348330581792,-8114.958074670336
927,2,PPO-MADRL,-7941.212427112418,-8093.573944560253
928,2,PPO-MADRL,-7582.504251904291,-8094.6471113337475
929,2,PPO-MADRL,-7863.310891554656,-8136.308001034089
930,2,PPO-MADRL,-7851.262409853974,-8112.507458403924
931,2,PPO-MADRL,-8163.052752448037,-8160.5368538371995
932,2,PPO-MADRL,-8144.850157188428,-8126.140968199515
933,2,PPO-MADRL,-8178.568408148005,-8152.831866751001
934,2,PPO-MADRL,-6930.775781966224,-8072.781610131534
935,2,PPO-MADRL,-8488.82846538924,-8118.869445578184
936,2,PPO-MADRL,-7743.484384882049,-8062.750721198942
937,2,PPO-MADRL,-7692.257685721506,-7989.191774323562
938,2,PPO-MADRL,-8151.59659700591,-7969.810049856787
939,2,PPO-MADRL,-7805.215951241981,-7942.722895465216
940,2,PPO-MADRL,-9227.026426183202,-8062.450855458452
941,2,PPO-MADRL,-7028.249959139732,-7970.583331348735
942,2,PPO-MADRL,-8496.433695107713,-8015.750145853268
943,2,PPO-MADRL,-8909.467382530309,-7997.30345717033
944,2,PPO-MADRL,-7218.586385268705,-7962.246053640305
945,2,PPO-MADRL,-7068.341124735731,-7881.5833126115185
946,2,PPO-MADRL,-6416.420748078992,-7803.577319810492
947,2,PPO-MADRL,-8177.542450766256,-7840.304232679715
948,2,PPO-MADRL,-6518.6822857314455,-7846.715576637639
949,2,PPO-MADRL,-7064.864793768273,-7812.665755697585
950,2,PPO-MADRL,-7277.19896724189,-7731.763308542029
951,2,PPO-MADRL,-7731.366347833311,-7746.844029232091
952,2,PPO-MADRL,-7937.90712366145,-7746.711817094053
953,2,PPO-MADRL,-6540.681332102067,-7705.038900301964
954,2,PPO-MADRL,-8329.890378654225,-7723.702079785947
955,2,PPO-MADRL,-6198.23507534876,-7657.580986405738
956,2,PPO-MADRL,-6617.394605109684,-7595.754660512203
957,2,PPO-MADRL,-6506.943628614743,-7530.238399369256
958,2,PPO-MADRL,-7527.731956479805,-7504.204941302527
959,2,PPO-MADRL,-7811.692445784272,-7539.4416078552495
960,2,PPO-MADRL,-6639.1723174830095,-7465.455361939001
961,2,PPO-MADRL,-8856.028999961922,-7509.957146542196
962,2,PPO-MADRL,-6696.899223255657,-7470.142808043561
963,2,PPO-MADRL,-7428.151649191139,-7441.2050101309715
964,2,PPO-MADRL,-6003.797907444224,-7369.14828837906
965,2,PPO-MADRL,-5816.806607780667,-7232.73949564296
966,2,PPO-MADRL,-6924.413480783269,-7228.586036508702
967,2,PPO-MADRL,-6619.55722027553,-7153.510977515413
968,2,PPO-MADRL,-8851.542148181661,-7151.193968141468
969,2,PPO-MADRL,-6763.484430932334,-7132.989889968012
970,2,PPO-MADRL,-8409.40515088613,-7186.632451014028
971,2,PPO-MADRL,-5786.546854768498,-7161.437495281609
972,2,PPO-MADRL,-8798.95017104879,-7186.29380409291
973,2,PPO-MADRL,-7237.220943831329,-7215.035350416906
974,2,PPO-MADRL,-9101.741557582343,-7296.510420969468
975,2,PPO-MADRL,-7077.994655826084,-7288.542248512836
976,2,PPO-MADRL,-7438.725921896488,-7276.836631475363
977,2,PPO-MADRL,-6266.292915619925,-7209.972063153703
978,2,PPO-MADRL,-6005.199192645359,-7188.5527775754335
979,2,PPO-MADRL,-9223.75985116462,-7224.307556475849
980,2,PPO-MADRL,-6504.073377699721,-7236.541088569888
981,2,PPO-MADRL,-9463.734000233257,-7350.394664374831
982,2,PPO-MADRL,-7310.745292145967,-7382.5467309160795
983,2,PPO-MADRL,-5006.06759905788,-7281.680156619203
984,2,PPO-MADRL,-7887.482868624183,-7284.711773532799
985,2,PPO-MADRL,-7908.235087223926,-7335.474284322437
986,2,PPO-MADRL,-6582.251565941201,-7244.523186961608
987,2,PPO-MADRL,-5889.575203364479,-7212.230226165961
988,2,PPO-MADRL,-9927.94402050908,-7312.221921018678
989,2,PPO-MADRL,-7584.697883330486,-7375.457920054128
990,2,PPO-MADRL,-7394.040967646933,-7438.547294448779
991,2,PPO-MADRL,-9098.146017882358,-7525.496595932742
992,2,PPO-MADRL,-7515.755558691488,-7561.344529469381
993,2,PPO-MADRL,-6472.725840780185,-7466.191877173322
994,2,PPO-MADRL,-5526.856011725537,-7416.72674040505
995,2,PPO-MADRL,-8158.424808699466,-7406.687526717583
996,2,PPO-MADRL,-11151.451684943037,-7621.283719924565
997,2,PPO-MADRL,-4253.058773292777,-7439.448064014325
998,2,PPO-MADRL,-7595.657915765338,-7453.785542891685
999,2,PPO-MADRL,-6586.126435479011,-7353.160938007551
1000,2,PPO-MADRL,-6473.014712683773,-7328.9617402818585
1001,2,PPO-MADRL,-7363.559021349251,-7363.559021349251
1002,2,PPO-MADRL,-7513.105548803735,-7438.332285076493
1003,2,PPO-MADRL,-8817.526401260766,-7898.063657137917
1004,2,PPO-MADRL,-7202.806279613371,-7724.2493127567805
1005,2,PPO-MADRL,-8279.404594046522,-7835.280369014729
1006,2,PPO-MADRL,-6067.752694059036,-7540.69242318878
1007,2,PPO-MADRL,-6385.819950138432,-7375.710641324445
1008,2,PPO-MADRL,-8364.103253893056,-7499.259717895521
1009,2,PPO-MADRL,-7583.921545703899,-7508.666587652008
1010,2,PPO-MADRL,-8593.788888357763,-7617.178817722583
1011,2,PPO-MADRL,-6641.858672572116,-7528.513349981632
1012,2,PPO-MADRL,-8933.729811142439,-7645.614721745032
1013,2,PPO-MADRL,-7211.60991642455,-7612.22973672038
1014,2,PPO-MADRL,-8444.996329182159,-7671.713064753364
1015,2,PPO-MADRL,-7620.478804455369,-7668.297447400165
1016,2,PPO-MADRL,-8942.706339061027,-7747.948003128968
1017,2,PPO-MADRL,-6406.677628169434,-7669.049745778408
1018,2,PPO-MADRL,-6023.552362582956,-7577.63322448977
1019,2,PPO-MADRL,-8247.648282972026,-7612.897174936206
1020,2,PPO-MADRL,-7310.250805059171,-7597.764856442353
1021,2,PPO-MADRL,-8467.417587267266,-7639.17689124354
1022,2,PPO-MADRL,-7652.639501971606,-7639.7888280948155
1023,2,PPO-MADRL,-8012.041205064879,-7655.973714050036
1024,2,PPO-MADRL,-7680.236455952155,-7656.984661629292
1025,2,PPO-MADRL,-6994.679034011548,-7630.492436524581
1026,2,PPO-MADRL,-7336.71176262451,-7629.418546175592
1027,2,PPO-MADRL,-6569.476374504856,-7591.673379203637
1028,2,PPO-MADRL,-7959.246630274367,-7557.342188364181
1029,2,PPO-MADRL,-7049.878760124728,-7551.225087584636
1030,2,PPO-MADRL,-8867.233739021016,-7574.738253383614
1031,2,PPO-MADRL,-7551.890662928302,-7634.103772138386
1032,2,PPO-MADRL,-7766.396012767529,-7689.3268146435485
1033,2,PPO-MADRL,-7849.987633065808,-7668.762189810459
1034,2,PPO-MADRL,-8920.816712540465,-7722.237996483921
1035,2,PPO-MADRL,-8769.180261512081,-7729.253651410095
1036,2,PPO-MADRL,-8382.637126581918,-7798.884789570486
1037,2,PPO-MADRL,-7508.959726875194,-7741.893986199797
1038,2,PPO-MADRL,-7231.566555444731,-7742.692251760604
1039,2,PPO-MADRL,-6461.3995758377305,-7663.348381626827
1040,2,PPO-MADRL,-8101.067728179383,-7682.5719385757875
1041,2,PPO-MADRL,-8210.80831711179,-7653.296017697818
1042,2,PPO-MADRL,-6873.435209618914,-7671.9663209557975
1043,2,PPO-MADRL,-7869.247903131134,-7745.794142577725
1044,2,PPO-MADRL,-7530.31492974743,-7717.10080844874
1045,2,PPO-MADRL,-8532.924064250328,-7766.007738816386
1046,2,PPO-MADRL,-6947.612039769983,-7705.215516916496
1047,2,PPO-MADRL,-6830.31894026066,-7672.322694448058
1048,2,PPO-MADRL,-6289.535901085465,-7603.422482288882
1049,2,PPO-MADRL,-6616.139130111173,-7560.858589255242
1050,2,PPO-MADRL,-7170.744537492667,-7567.9012093944875
1051,2,PPO-MADRL,-6571.771879157112,-7537.303614055791
1052,2,PPO-MADRL,-7012.386419132183,-7555.020015840883
1053,2,PPO-MADRL,-7448.579095856231,-7534.593314464158
1054,2,PPO-MADRL,-8138.683309532416,-7578.145496440466
1055,2,PPO-MADRL,-8773.678080169251,-7574.403270086395
1056,2,PPO-MADRL,-5320.381927513396,-7485.142920669798
1057,2,PPO-MADRL,-7171.208762555412,-7461.335430661315
1058,2,PPO-MADRL,-7797.746225122938,-7459.245774343599
1059,2,PPO-MADRL,-8104.335426243562,-7426.586522891724
1060,2,PPO-MADRL,-7881.983342381394,-7391.0986461264965
1061,2,PPO-MADRL,-8601.214886286283,-7399.84175651467
1062,2,PPO-MADRL,-8150.725074741683,-7425.51237042933
1063,2,PPO-MADRL,-7434.893808826906,-7433.645460564617
1064,2,PPO-MADRL,-8319.364731802942,-7507.964066803226
1065,2,PPO-MADRL,-8157.054471963803,-7510.203536554602
1066,2,PPO-MADRL,-9232.622657203545,-7551.076110158273
1067,2,PPO-MADRL,-7651.825707240085,-7582.21173006312
1068,2,PPO-MADRL,-7504.630230736622,-7567.627023167339
1069,2,PPO-MADRL,-8881.452985656717,-7621.6725454037105
1070,2,PPO-MADRL,-7362.849343602355,-7574.8695565777925
1071,2,PPO-MADRL,-7066.375808374489,-7579.620107321971
1072,2,PPO-MADRL,-6235.964914156417,-7555.845946277801
1073,2,PPO-MADRL,-8489.192433629756,-7643.832207579573
1074,2,PPO-MADRL,-8160.092932230251,-7705.590359664336
1075,2,PPO-MADRL,-7721.021314456211,-7727.601430742878
1076,2,PPO-MADRL,-7535.208120370624,-7766.138880391419
1077,2,PPO-MADRL,-8076.6799625046815,-7808.710622126319
1078,2,PPO-MADRL,-7009.638879157512,-7791.153013458371
1079,2,PPO-MADRL,-5941.823211094416,-7703.27860952085
1080,2,PPO-MADRL,-7966.638851221306,-7670.997040362932
1081,2,PPO-MADRL,-7997.2376771915315,-7778.0712703500585
1082,2,PPO-MADRL,-7043.843555078918,-7772.976662050998
1083,2,PPO-MADRL,-8723.625382467895,-7810.011828344796
1084,2,PPO-MADRL,-6672.301493829557,-7752.730471048235
1085,2,PPO-MADRL,-6024.011555313311,-7678.411599565513
1086,2,PPO-MADRL,-7801.734221836134,-7646.432372987507
1087,2,PPO-MADRL,-9408.061846104663,-7696.725843842025
1088,2,PPO-MADRL,-8066.536121618652,-7721.991536353697
1089,2,PPO-MADRL,-7185.646356170289,-7676.64280132839
1090,2,PPO-MADRL,-7294.232867172746,-7642.129937136749
1091,2,PPO-MADRL,-7561.847987500081,-7575.29895034861
1092,2,PPO-MADRL,-7458.409105793693,-7567.562286290753
1093,2,PPO-MADRL,-5861.825503394115,-7501.8500971970525
1094,2,PPO-MADRL,-7428.335264455959,-7443.725388349022
1095,2,PPO-MADRL,-6501.812179511066,-7409.28390178537
1096,2,PPO-MADRL,-7308.527450564083,-7418.9699674729545
1097,2,PPO-MADRL,-8988.003074156804,-7529.05149387297
1098,2,PPO-MADRL,-8386.72245273606,-7524.9526946372225
1099,2,PPO-MADRL,-5089.317533728758,-7402.121678697163
1100,2,PPO-MADRL,-9601.780276901289,-7477.352037194966
1101,2,PPO-MADRL,-7897.149268113766,-7491.829683104692
1102,2,PPO-MADRL,-7035.529632846346,-7450.183669918358
1103,2,PPO-MADRL,-8586.992812990153,-7513.277827271663
1104,2,PPO-MADRL,-6595.000254838815,-7539.4049090214385
1105,2,PPO-MADRL,-6537.9949004096015,-7482.259150988972
1106,2,PPO-MADRL,-7363.70230580693,-7456.917736133587
1107,2,PPO-MADRL,-7806.148692995868,-7487.409941650266
1108,2,PPO-MADRL,-7110.905919860712,-7422.901163145979
1109,2,PPO-MADRL,-7314.274838523108,-7448.580096933721
1110,2,PPO-MADRL,-8333.27105095937,-7540.950476759562
1111,2,PPO-MADRL,-9358.65670986054,-7603.227376280539
1112,2,PPO-MADRL,-5919.760935715884,-7463.695339864988
1113,2,PPO-MADRL,-8627.482009627967,-7486.13317538536
1114,2,PPO-MADRL,-6960.519674776336,-7477.128108129603
1115,2,PPO-MADRL,-8741.697983989568,-7535.026712802275
1116,2,PPO-MADRL,-7272.127151349516,-7523.437879356252
1117,2,PPO-MADRL,-6996.293354117534,-7504.953249289206
1118,2,PPO-MADRL,-6414.464537305124,-7527.058810645647
1119,2,PPO-MADRL,-7170.370725792744,-7516.740229099119
1120,2,PPO-MADRL,-6555.344026429719,-7518.881502975864
1121,2,PPO-MADRL,-8732.411941748782,-7575.836882623253
1122,2,PPO-MADRL,-7692.364952654521,-7524.01135776316
1123,2,PPO-MADRL,-8478.039614023768,-7527.664044214669
1124,2,PPO-MADRL,-7008.594506895226,-7604.4351231413275
1125,2,PPO-MADRL,-7465.550119180719,-7518.985916832505
1126,2,PPO-MADRL,-6829.065763158405,-7476.26257663429
1127,2,PPO-MADRL,-8143.522842328301,-7520.582305013569
1128,2,PPO-MADRL,-6905.344616599091,-7453.316377157927
1129,2,PPO-MADRL,-8023.648641718342,-7510.462312633108
1130,2,PPO-MADRL,-7299.739831660935,-7540.93210988316
1131,2,PPO-MADRL,-8285.131206082031,-7577.789265894165
1132,2,PPO-MADRL,-8151.827915870561,-7591.616434809152
1133,2,PPO-MADRL,-6797.070401842248,-7579.063014088413
1134,2,PPO-MADRL,-8477.895425705628,-7625.607837575715
1135,2,PPO-MADRL,-7160.680093128276,-7578.704199262471
1136,2,PPO-MADRL,-7663.927746749999,-7510.915040738049
1137,2,PPO-MADRL,-8072.605988363752,-7597.0288428439635
1138,2,PPO-MADRL,-6393.653861971038,-7507.675716937686
1139,2,PPO-MADRL,-5438.107583282011,-7446.779233277914
1140,2,PPO-MADRL,-6201.22168095519,-7345.160181156538
1141,2,PPO-MADRL,-7217.824916234715,-7342.988091751947
1142,2,PPO-MADRL,-7884.3045922779875,-7378.508541278364
1143,2,PPO-MADRL,-5870.86196400187,-7356.764438346235
1144,2,PPO-MADRL,-8356.48586801828,-7404.209044035257
1145,2,PPO-MADRL,-7296.762318416879,-7433.865775714742
1146,2,PPO-MADRL,-5736.014026067696,-7314.009859087499
1147,2,PPO-MADRL,-6883.040718732158,-7281.636889730605
1148,2,PPO-MADRL,-9414.263191648806,-7319.085832835606
1149,2,PPO-MADRL,-6561.781880283429,-7301.213327771135
1150,2,PPO-MADRL,-6570.590470374877,-7265.414941818901
1151,2,PPO-MADRL,-7891.28893169199,-7307.903868560244
1152,2,PPO-MADRL,-7483.886069887401,-7281.518397662609
1153,2,PPO-MADRL,-6731.785688780982,-7274.576040549884
1154,2,PPO-MADRL,-9609.18447288629,-7337.997473796601
1155,2,PPO-MADRL,-5882.405802923511,-7281.304112647104
1156,2,PPO-MADRL,-6915.51895451338,-7226.519622584357
1157,2,PPO-MADRL,-8821.825331478078,-7253.31951920866
1158,2,PPO-MADRL,-9451.726655589671,-7359.505769358557
1159,2,PPO-MADRL,-7059.299870536077,-7302.761947151773
1160,2,PPO-MADRL,-7798.151981151453,-7328.260822672701
1161,2,PPO-MADRL,-7975.838137745983,-7340.73723831254
1162,2,PPO-MADRL,-8674.009237287817,-7364.793368269503
1163,2,PPO-MADRL,-7076.578532569178,-7392.110355093428
1164,2,PPO-MADRL,-6908.0541191352695,-7450.908216527559
1165,2,PPO-MADRL,-6729.048406620865,-7472.021285554186
1166,2,PPO-MADRL,-8295.792879634559,-7515.140004090179
1167,2,PPO-MADRL,-7956.03812566644,-7518.009345425718
1168,2,PPO-MADRL,-6991.933388960411,-7562.852202424059
1169,2,PPO-MADRL,-7807.747020931096,-7540.902648540572
1170,2,PPO-MADRL,-6823.743267469111,-7521.98188650266
1171,2,PPO-MADRL,-7884.73240413176,-7607.9306216252235
1172,2,PPO-MADRL,-7883.348876499145,-7647.942947935902
1173,2,PPO-MADRL,-6154.464607027081,-7517.551004551035
1174,2,PPO-MADRL,-7077.154331289643,-7538.165902591282
1175,2,PPO-MADRL,-6767.396523326448,-7546.038144709346
1176,2,PPO-MADRL,-8324.541509388386,-7563.3682478172
1177,2,PPO-MADRL,-8617.229172548838,-7608.701971923659
1178,2,PPO-MADRL,-5609.814697704452,-7563.823132280598
1179,2,PPO-MADRL,-8615.457328011718,-7524.074046485615
1180,2,PPO-MADRL,-7431.098782616102,-7586.0217656733175
1181,2,PPO-MADRL,-6019.016547247084,-7550.161669382667
1182,2,PPO-MADRL,-6710.46741798812,-7465.707352843068
1183,2,PPO-MADRL,-9459.487918390723,-7466.017803355109
1184,2,PPO-MADRL,-7111.222044879614,-7468.094690328853
1185,2,PPO-MADRL,-7117.113825373586,-7440.853164097738
1186,2,PPO-MADRL,-7006.0482144418165,-7402.06156716557
1187,2,PPO-MADRL,-6034.438879715108,-7296.478752862662
1188,2,PPO-MADRL,-6494.453019089546,-7273.193732323478
1189,2,PPO-MADRL,-5840.904007879724,-7230.507727873255
1190,2,PPO-MADRL,-7599.591887105527,-7265.329467092642
1191,2,PPO-MADRL,-9604.314300147616,-7317.670323913164
1192,2,PPO-MADRL,-6942.444527242127,-7277.126579976191
1193,2,PPO-MADRL,-10363.104654164734,-7411.973430584364
1194,2,PPO-MADRL,-8191.233688304027,-7427.312897279281
1195,2,PPO-MADRL,-7637.900819247897,-7459.879199350433
1196,2,PPO-MADRL,-7331.40195532202,-7437.745981398043
1197,2,PPO-MADRL,-7697.929551120706,-7430.329208382906
1198,2,PPO-MADRL,-5846.75830822096,-7418.020956430661
1199,2,PPO-MADRL,-8860.979519566303,-7489.373963961727
1200,2,PPO-MADRL,-6424.516235478935,-7475.658752447826
1201,2,PPO-MADRL,-10419.658619873151,-7559.463436867218
1202,2,PPO-MADRL,-7607.462942364542,-7519.072787659845
1203,2,PPO-MADRL,-8168.090784255191,-7621.403831121875
1204,2,PPO-MADRL,-7987.875849086608,-7596.300571964871
1205,2,PPO-MADRL,-6246.24079451794,-7548.906252440944
1206,2,PPO-MADRL,-6667.460973905361,-7574.844029507275
1207,2,PPO-MADRL,-7809.65581994175,-7618.811565585421
1208,2,PPO-MADRL,-7385.602439248859,-7535.8561464197455
1209,2,PPO-MADRL,-6440.844928230808,-7509.041061753794
1210,2,PPO-MADRL,-8374.940223535235,-7559.354117680259
1211,2,PPO-MADRL,-7425.1042919196925,-7576.116360779374
1212,2,PPO-MADRL,-8020.62956577282,-7655.563988221684
1213,2,PPO-MADRL,-6698.526585849995,-7663.7269308921
1214,2,PPO-MADRL,-8395.024653605917,-7765.891756721148
1215,2,PPO-MADRL,-7053.944449141889,-7744.065859202603
1216,2,PPO-MADRL,-8129.633466015181,-7685.078625837306
1217,2,PPO-MADRL,-7377.515994073952,-7702.481484510578
1218,2,PPO-MADRL,-8758.234669125924,-7638.286685109027
1219,2,PPO-MADRL,-7613.4519094381,-7615.175413954389
1220,2,PPO-MADRL,-6257.769445908758,-7559.970159020824
1221,2,PPO-MADRL,-6336.142486543635,-7520.159780269689
1222,2,PPO-MADRL,-7435.702456965642,-7509.670696503486
1223,2,PPO-MADRL,-7742.363346790549,-7585.494898046269
1224,2,PPO-MADRL,-7047.362657787839,-7512.9502235751315
1225,2,PPO-MADRL,-8194.608099159199,-7583.753898122341
1226,2,PPO-MADRL,-7378.906831140466,-7462.123826573034
1227,2,PPO-MADRL,-8098.451740973129,-7481.763378517378
1228,2,PPO-MADRL,-6157.853791853366,-7401.353898821304
1229,2,PPO-MADRL,-6995.313812170911,-7361.651417344677
1230,2,PPO-MADRL,-5906.365537179721,-7348.056407051148
1231,2,PPO-MADRL,-7800.234301680524,-7393.3673401621545
1232,2,PPO-MADRL,-6915.6578010873545,-7357.607419407979
1233,2,PPO-MADRL,-6919.882325787877,-7338.97861486954
1234,2,PPO-MADRL,-7485.637253798632,-7380.770307892252
1235,2,PPO-MADRL,-8679.470344142577,-7392.951512716545
1236,2,PPO-MADRL,-6587.389666160376,-7359.442927686174
1237,2,PPO-MADRL,-7529.332960351579,-7339.7910634693235
1238,2,PPO-MADRL,-7906.530849976617,-7388.111234034388
1239,2,PPO-MADRL,-6030.196470367203,-7293.51810670484
1240,2,PPO-MADRL,-7971.904839536546,-7330.236522320626
1241,2,PPO-MADRL,-8500.523112513862,-7345.072108180574
1242,2,PPO-MADRL,-6608.311556289133,-7314.303930669182
1243,2,PPO-MADRL,-5292.279008725584,-7175.665704253167
1244,2,PPO-MADRL,-7750.68587658568,-7181.15506293907
1245,2,PPO-MADRL,-7206.926093898548,-7219.121328858661
1246,2,PPO-MADRL,-7651.752075513807,-7271.745712417469
1247,2,PPO-MADRL,-7275.49611498839,-7265.337458738379
1248,2,PPO-MADRL,-7565.26869503741,-7258.253672668254
1249,2,PPO-MADRL,-7520.278330547121,-7277.170299578624
1250,2,PPO-MADRL,-8308.76973516103,-7281.736765018698
1251,2,PPO-MADRL,-6307.39146281845,-7238.876150285817
1252,2,PPO-MADRL,-8436.674910234959,-7252.40507705629
1253,2,PPO-MADRL,-6202.012975827744,-7254.171444415265
1254,2,PPO-MADRL,-7067.5184810069095,-7257.059631168706
1255,2,PPO-MADRL,-6812.881343267873,-7293.320263412232
1256,2,PPO-MADRL,-6496.861234813078,-7241.185340737534
1257,2,PPO-MADRL,-6973.753537076658,-7243.509170177105
1258,2,PPO-MADRL,-6292.289071561661,-7218.405440008057
1259,2,PPO-MADRL,-7473.851421764176,-7217.9340067266785
1260,2,PPO-MADRL,-7793.550569346689,-7182.497215734842
1261,2,PPO-MADRL,-7203.8224149441085,-7207.154525686193
1262,2,PPO-MADRL,-8260.320177445326,-7236.394014369943
1263,2,PPO-MADRL,-6512.959449177224,-7180.651158337967
1264,2,PPO-MADRL,-6954.468122611135,-7217.622024427725
1265,2,PPO-MADRL,-7961.057806266026,-7217.188143096904
1266,2,PPO-MADRL,-6311.190019830474,-7129.614819389568
1267,2,PPO-MADRL,-6672.921655927169,-7132.199223375089
1268,2,PPO-MADRL,-6235.191056019269,-7169.915705266837
1269,2,PPO-MADRL,-9167.530975353706,-7226.589509217558
1270,2,PPO-MADRL,-8101.293166339909,-7262.364192115213
1271,2,PPO-MADRL,-8993.821919264436,-7316.046985865238
1272,2,PPO-MADRL,-6914.902759418887,-7301.623251642458
1273,2,PPO-MADRL,-7797.859224740877,-7310.926872830596
1274,2,PPO-MADRL,-6712.516212895429,-7278.616388124529
1275,2,PPO-MADRL,-7508.702706714004,-7246.613706986647
1276,2,PPO-MADRL,-7603.112406383389,-7298.442544729244
1277,2,PPO-MADRL,-7112.089481260322,-7245.459127570259
1278,2,PPO-MADRL,-6668.166111440649,-7264.1052529947765
1279,2,PPO-MADRL,-7132.9322513619045,-7266.721803808975
1280,2,PPO-MADRL,-9367.691559395418,-7368.914212454077
1281,2,PPO-MADRL,-6550.642608924976,-7371.0654674185525
1282,2,PPO-MADRL,-6445.02694172822,-7349.916403604616
1283,2,PPO-MADRL,-4064.15859934845,-7260.791184716086
1284,2,PPO-MADRL,-8380.240711220833,-7297.046756294352
1285,2,PPO-MADRL,-6399.060221639464,-7241.267142386064
1286,2,PPO-MADRL,-5151.514508216373,-7159.174826116954
1287,2,PPO-MADRL,-9320.02571469569,-7201.563047606968
1288,2,PPO-MADRL,-6129.084745198574,-7186.208059447823
1289,2,PPO-MADRL,-6682.635504593201,-7175.334754727106
1290,2,PPO-MADRL,-7039.92535351715,-7138.48945661715
1291,2,PPO-MADRL,-7312.851980770509,-7178.555935054752
1292,2,PPO-MADRL,-5975.902182043576,-7150.675156099409
1293,2,PPO-MADRL,-5780.017790340382,-7132.468225472253
1294,2,PPO-MADRL,-8136.751443440764,-7091.2370441957355
1295,2,PPO-MADRL,-6809.608205102848,-7039.569645746253
1296,2,PPO-MADRL,-7202.575773487595,-6967.919799915178
1297,2,PPO-MADRL,-6191.094143725125,-6938.967455287429
1298,2,PPO-MADRL,-7991.363774037477,-6946.707637259292
1299,2,PPO-MADRL,-6596.360407244509,-6942.061405033256
1300,2,PPO-MADRL,-5606.364424532192,-6865.967873745984
1301,2,PPO-MADRL,-9298.371400541298,-6933.7782335123
1302,2,PPO-MADRL,-7910.745896490349,-6965.724490121501
1303,2,PPO-MADRL,-9210.330209510068,-7067.411054044277
1304,2,PPO-MADRL,-5990.04434235907,-7021.695537684164
1305,2,PPO-MADRL,-7586.823012430365,-6950.460795805562
1306,2,PPO-MADRL,-7572.505993247592,-6991.335331178467
1307,2,PPO-MADRL,-7115.353359744042,-7018.148387899099
1308,2,PPO-MADRL,-8003.607397839918,-7175.726339838759
1309,2,PPO-MADRL,-7955.723565492274,-7158.745654009616
1310,2,PPO-MADRL,-6847.195713954272,-7176.6710737022095
1311,2,PPO-MADRL,-6232.964265029334,-7219.929063974727
1312,2,PPO-MADRL,-7741.069178504342,-7156.770802527073
1313,2,PPO-MADRL,-7571.320320140259,-7214.460225524741
1314,2,PPO-MADRL,-8086.523870994821,-7270.615760180805
1315,2,PPO-MADRL,-8035.414312823122,-7310.4353185530435
1316,2,PPO-MADRL,-5585.164962340049,-7241.327837815825
1317,2,PPO-MADRL,-8112.983152868193,-7326.811076648811
1318,2,PPO-MADRL,-8078.958147121755,-7418.768690920066
1319,2,PPO-MADRL,-6192.998099103661,-7341.018557146582
1320,2,PPO-MADRL,-8073.346117310072,-7391.56807363487
1321,2,PPO-MADRL,-8030.524683826975,-7424.686030048446
1322,2,PPO-MADRL,-7543.713236218892,-7478.790793748195
1323,2,PPO-MADRL,-7024.709900840033,-7440.124638820299
1324,2,PPO-MADRL,-7077.036265452935,-7459.351673148635
1325,2,PPO-MADRL,-9191.436248792315,-7602.75454611904
1326,2,PPO-MADRL,-6568.136774290282,-7493.545161069001
1327,2,PPO-MADRL,-9618.54005329028,-7561.856927340997
1328,2,PPO-MADRL,-6584.748919577187,-7456.833675743681
1329,2,PPO-MADRL,-7500.427660080194,-7517.249008452527
1330,2,PPO-MADRL,-8466.208728057358,-7552.424437077607
1331,2,PPO-MADRL,-9751.732470338386,-7639.593496161238
1332,2,PPO-MADRL,-6408.695873330597,-7611.327196704701
1333,2,PPO-MADRL,-9139.062655615497,-7656.745407015725
1334,2,PPO-MADRL,-7749.231405306151,-7648.485720608279
1335,2,PPO-MADRL,-6641.562055307804,-7640.260374262419
1336,2,PPO-MADRL,-6150.344544179407,-7636.955585428423
1337,2,PPO-MADRL,-6448.710688686197,-7585.261245835697
1338,2,PPO-MADRL,-7860.168340871865,-7596.815166664962
1339,2,PPO-MADRL,-7102.885774594552,-7557.469642808951
1340,2,PPO-MADRL,-7651.319537767426,-7542.105851806722
1341,2,PPO-MADRL,-7096.561355982951,-7602.561707552439
1342,2,PPO-MADRL,-5654.777572012568,-7504.233484318214
1343,2,PPO-MADRL,-5822.315755579626,-7413.967788656529
1344,2,PPO-MADRL,-8793.285858670248,-7517.9792990391925
1345,2,PPO-MADRL,-6941.1650132447485,-7472.692054876579
1346,2,PPO-MADRL,-6836.970094019932,-7424.949871284297
1347,2,PPO-MADRL,-7334.525802091962,-7416.58237391922
1348,2,PPO-MADRL,-6629.0591546453725,-7400.756344071433
1349,2,PPO-MADRL,-6998.038632422805,-7397.596438750228
1350,2,PPO-MADRL,-8064.00572520479,-7352.499217806728
1351,2,PPO-MADRL,-6984.542310439094,-7369.15543925268
1352,2,PPO-MADRL,-6045.939251986106,-7226.251407200513
1353,2,PPO-MADRL,-7814.002303313095,-7275.42154254995
1354,2,PPO-MADRL,-7735.443492588696,-7284.82217585029
1355,2,PPO-MADRL,-6917.164669345797,-7222.860413501828
1356,2,PPO-MADRL,-7639.246309224705,-7138.36096705728
1357,2,PPO-MADRL,-8752.755363608727,-7232.123346668405
1358,2,PPO-MADRL,-6313.992706147297,-7119.120548689676
1359,2,PPO-MADRL,-7360.063572654764,-7103.553835383621
1360,2,PPO-MADRL,-6964.707237130149,-7116.479642656515
1361,2,PPO-MADRL,-6882.737189449493,-7145.775348467319
1362,2,PPO-MADRL,-7139.14397910497,-7173.39268008407
1363,2,PPO-MADRL,-9456.874618675864,-7237.260931196229
1364,2,PPO-MADRL,-6884.560420503777,-7228.527917032598
1365,2,PPO-MADRL,-6426.796728575307,-7179.547004664914
1366,2,PPO-MADRL,-6452.999713731279,-7153.804538974847
1367,2,PPO-MADRL,-6748.9726301522805,-7197.572341300435
1368,2,PPO-MADRL,-7326.113135331267,-7257.7242364905005
1369,2,PPO-MADRL,-7313.713268099609,-7198.541332867675
1370,2,PPO-MADRL,-8341.030370951948,-7254.535947175963
1371,2,PPO-MADRL,-9039.010724531112,-7342.617572396411
1372,2,PPO-MADRL,-8186.891601723223,-7376.712204381662
1373,2,PPO-MADRL,-7128.934454095037,-7396.707216359649
1374,2,PPO-MADRL,-5551.987419700146,-7338.865167850741
1375,2,PPO-MADRL,-7016.079791101124,-7296.948130486595
1376,2,PPO-MADRL,-6230.418336243621,-7266.783171518776
1377,2,PPO-MADRL,-5760.185228853166,-7255.353010593459
1378,2,PPO-MADRL,-4790.315279860112,-7134.405529655339
1379,2,PPO-MADRL,-7708.9009915069055,-7133.343829612068
1380,2,PPO-MADRL,-5980.942153714954,-7095.894928986833
1381,2,PPO-MADRL,-6708.767778863377,-7058.67578777238
1382,2,PPO-MADRL,-6679.443388059992,-6975.7433087504305
1383,2,PPO-MADRL,-5307.164374087186,-6935.470175468026
1384,2,PPO-MADRL,-7806.890070654091,-6953.343235388
1385,2,PPO-MADRL,-7670.652894053811,-6981.581061664947
1386,2,PPO-MADRL,-6573.690215028035,-6969.219182688087
1387,2,PPO-MADRL,-8159.601469211977,-7010.037482292368
1388,2,PPO-MADRL,-5985.882075075646,-6871.197780548359
1389,2,PPO-MADRL,-6963.012302193869,-6874.335855815963
1390,2,PPO-MADRL,-7171.750492295896,-6904.134006364787
1391,2,PPO-MADRL,-6764.538752836537,-6916.595567928996
1392,2,PPO-MADRL,-6011.940177998373,-6887.114269842841
1393,2,PPO-MADRL,-6924.882298915776,-6871.065036386221
1394,2,PPO-MADRL,-7627.651341675499,-6883.622559329257
1395,2,PPO-MADRL,-7331.446984263142,-6843.239223861705
1396,2,PPO-MADRL,-5698.816894024999,-6709.63147064146
1397,2,PPO-MADRL,-8068.18372576517,-6704.883155603137
1398,2,PPO-MADRL,-7580.295199949021,-6722.937585437297
1399,2,PPO-MADRL,-6377.103716998829,-6755.942237329245
1400,2,PPO-MADRL,-7019.806146444119,-6756.0912915429635
1401,2,PPO-MADRL,-7450.880946211756,-6804.9097959416895
1402,2,PPO-MADRL,-7982.261283304477,-6893.792838119741
1403,2,PPO-MADRL,-5977.851746405508,-6941.294296781558
1404,2,PPO-MADRL,-7946.901733902793,-6950.8143264773935
1405,2,PPO-MADRL,-6661.226431996811,-6978.025697608668
1406,2,PPO-MADRL,-6456.330364976027,-6967.928201053174
1407,2,PPO-MADRL,-7780.233356736109,-7011.959799800218
1408,2,PPO-MADRL,-7435.548921152973,-7097.09518168285
1409,2,PPO-MADRL,-7843.286954921707,-7098.551057053554
1410,2,PPO-MADRL,-8551.537214287076,-7133.786429862886
1411,2,PPO-MADRL,-7723.547263566299,-7179.780711804416
1412,2,PPO-MADRL,-7710.802705059285,-7161.828761238308
1413,2,PPO-MADRL,-6339.573805916565,-7175.976430471945
1414,2,PPO-MADRL,-7604.2652687599075,-7201.626549134585
1415,2,PPO-MADRL,-7494.518258716067,-7214.537259791393
1416,2,PPO-MADRL,-6792.436689227516,-7215.6531772470325
1417,2,PPO-MADRL,-6620.258542176072,-7239.985911814139
1418,2,PPO-MADRL,-7037.563881424123,-7244.493175114473
1419,2,PPO-MADRL,-7698.869456350983,-7247.341899701494
1420,2,PPO-MADRL,-7245.07804375772,-7243.887142081276
1421,2,PPO-MADRL,-8087.2822684507155,-7339.425757058305
1422,2,PPO-MADRL,-7090.340463150108,-7300.312026553703
1423,2,PPO-MADRL,-6449.371133424649,-7255.0750638927275
1424,2,PPO-MADRL,-6857.493748523331,-7274.290665153709
1425,2,PPO-MADRL,-7477.506910389794,-7292.598695711535
1426,2,PPO-MADRL,-8095.971802447884,-7318.40232996098
1427,2,PPO-MADRL,-6454.236421446271,-7257.281335486652
1428,2,PPO-MADRL,-6121.009788516105,-7263.007657171076
1429,2,PPO-MADRL,-7510.805252819165,-7245.563797927731
1430,2,PPO-MADRL,-6472.470232660612,-7238.013549954282
1431,2,PPO-MADRL,-5364.000577484174,-7194.320358454608
1432,2,PPO-MADRL,-6190.230935697164,-7130.72026161305
1433,2,PPO-MADRL,-5906.021039957561,-7069.539146365233
1434,2,PPO-MADRL,-6568.7367129387385,-7018.557136685916
1435,2,PPO-MADRL,-7435.837489298819,-6973.929147686385
1436,2,PPO-MADRL,-6664.262697604597,-6931.557765047917
1437,2,PPO-MADRL,-6841.506333367115,-6896.78591018023
1438,2,PPO-MADRL,-6932.463800921933,-6920.501509980445
1439,2,PPO-MADRL,-6986.06217594306,-6895.773386267771
1440,2,PPO-MADRL,-7256.494263304097,-6886.252426451293
1441,2,PPO-MADRL,-6485.283739695542,-6873.966308470013
1442,2,PPO-MADRL,-7244.212435638524,-6898.924464208511
1443,2,PPO-MADRL,-8013.50358116604,-6937.962052198189
1444,2,PPO-MADRL,-7911.68872286917,-6946.474822858915
1445,2,PPO-MADRL,-7730.181559711538,-6965.878963497068
1446,2,PPO-MADRL,-6879.764235679364,-6917.578242186215
1447,2,PPO-MADRL,-7763.223316246562,-6944.493556310073
1448,2,PPO-MADRL,-7805.801320998189,-6998.7507638130155
1449,2,PPO-MADRL,-6705.892280109747,-6992.6867050764695
1450,2,PPO-MADRL,-6910.109417980204,-6969.990805380087
1451,2,PPO-MADRL,-7530.059541569242,-6947.354314944941
1452,2,PPO-MADRL,-5822.999661260326,-6922.1048445375045
1453,2,PPO-MADRL,-7782.497694730975,-6988.5643607860975
1454,2,PPO-MADRL,-6686.218322751243,-6955.580883583382
1455,2,PPO-MADRL,-7924.329535870997,-7013.655255711797
1456,2,PPO-MADRL,-7326.339168838715,-7092.148799365979
1457,2,PPO-MADRL,-8406.59459057693,-7180.803345561169
1458,2,PPO-MADRL,-5976.091185151275,-7183.606151368918
1459,2,PPO-MADRL,-7029.448535653391,-7202.034624277503
1460,2,PPO-MADRL,-6044.605881226735,-7146.385359954621
1461,2,PPO-MADRL,-7999.38818421058,-7199.79037941886
1462,2,PPO-MADRL,-7007.725017054641,-7206.439126766361
1463,2,PPO-MADRL,-8667.64210098617,-7275.846258768929
1464,2,PPO-MADRL,-6326.718721168701,-7249.472520577957
1465,2,PPO-MADRL,-7195.906965796609,-7247.049028677657
1466,2,PPO-MADRL,-6681.035392781671,-7254.879094801102
1467,2,PPO-MADRL,-7012.404005482974,-7245.606757594879
1468,2,PPO-MADRL,-6434.802820853075,-7182.45872718236
1469,2,PPO-MADRL,-7655.099262230875,-7172.1951487568285
1470,2,PPO-MADRL,-6934.21705238108,-7140.356568463611
1471,2,PPO-MADRL,-7573.73464298688,-7168.115384755911
1472,2,PPO-MADRL,-6963.178012189757,-7136.11357259364
1473,2,PPO-MADRL,-6025.956585499629,-7064.919783173696
1474,2,PPO-MADRL,-6540.408259472953,-7058.300422348225
1475,2,PPO-MADRL,-6686.81302901287,-7049.3685667895315
1476,2,PPO-MADRL,-9047.638371088216,-7110.071719970291
1477,2,PPO-MADRL,-6561.888290590232,-7139.6272651434865
1478,2,PPO-MADRL,-7377.671837278016,-7123.434230845369
1479,2,PPO-MADRL,-5838.741864806123,-7089.535172527563
1480,2,PPO-MADRL,-6641.006789789589,-7038.202262684307
1481,2,PPO-MADRL,-7774.525384098908,-7056.129711294714
1482,2,PPO-MADRL,-5434.733620364186,-6937.255272486205
1483,2,PPO-MADRL,-8000.736249247621,-7018.241075050059
1484,2,PPO-MADRL,-8666.937387530332,-7083.740629125137
1485,2,PPO-MADRL,-7576.198534625644,-7145.004335261093
1486,2,PPO-MADRL,-6773.562252216004,-7095.97129798131
1487,2,PPO-MADRL,-7110.191708308022,-7100.069965631445
1488,2,PPO-MADRL,-8362.448922636417,-7087.862238497456
1489,2,PPO-MADRL,-6660.312265600656,-7101.2059802747335
1490,2,PPO-MADRL,-6669.076084933127,-7080.132745040194
1491,2,PPO-MADRL,-8724.96869299762,-7161.890077048833
1492,2,PPO-MADRL,-7228.702531918407,-7170.54201810625
1493,2,PPO-MADRL,-7463.752219156343,-7211.69999403838
1494,2,PPO-MADRL,-5454.89829566198,-7123.691955375625
1495,2,PPO-MADRL,-7075.343623233113,-7129.337018209706
1496,2,PPO-MADRL,-6899.504346557624,-7102.367806352535
1497,2,PPO-MADRL,-5262.270012930823,-7034.331486382178
1498,2,PPO-MADRL,-8204.059085080895,-7121.455586365429
1499,2,PPO-MADRL,-7448.155953075777,-7157.7654941095425
1500,2,PPO-MADRL,-6644.927212231303,-7156.090061438279
1,2,A2C-MADRL,-8533.644541237487,-8533.644541237487
2,2,A2C-MADRL,-9118.845282377042,-8826.244911807265
3,2,A2C-MADRL,-12094.49058151876,-9915.66013504443
4,2,A2C-MADRL,-10565.088248813156,-10078.017163486611
5,2,A2C-MADRL,-8654.34482076746,-9793.28269494278
6,2,A2C-MADRL,-9685.86929581308,-9775.380461754497
7,2,A2C-MADRL,-11099.499266302231,-9964.540290975603
8,2,A2C-MADRL,-9465.633820885989,-9902.1769822144
9,2,A2C-MADRL,-7117.203557161035,-9592.735490541805
10,2,A2C-MADRL,-10071.274827366577,-9640.589424224283
11,2,A2C-MADRL,-8521.759431064535,-9538.877606664304
12,2,A2C-MADRL,-9772.56821021688,-9558.35182362702
13,2,A2C-MADRL,-10184.969968031022,-9606.553219350404
14,2,A2C-MADRL,-11142.067936394738,-9716.232841996429
15,2,A2C-MADRL,-7661.4179381219155,-9579.245181738128
16,2,A2C-MADRL,-9736.19403259426,-9589.054484916636
17,2,A2C-MADRL,-9611.064359740569,-9590.34918343569
18,2,A2C-MADRL,-9729.212249314438,-9598.063798206733
19,2,A2C-MADRL,-9906.554191348196,-9614.300134687863
20,2,A2C-MADRL,-8782.416716355947,-9572.705963771266
21,2,A2C-MADRL,-8475.420118052165,-9520.454256832261
22,2,A2C-MADRL,-9832.902030324796,-9534.656428354649
23,2,A2C-MADRL,-11270.04394913463,-9610.10805969291
24,2,A2C-MADRL,-7761.19279277252,-9533.069923571225
25,2,A2C-MADRL,-9791.219078144675,-9543.395889754163
26,2,A2C-MADRL,-10320.668705372318,-9614.876856319557
27,2,A2C-MADRL,-9286.000571986127,-9621.56306790392
28,2,A2C-MADRL,-11251.48603481014,-9587.842886035576
29,2,A2C-MADRL,-9141.061030479908,-9530.881797302245
30,2,A2C-MADRL,-7517.586242067448,-9485.411454154246
31,2,A2C-MADRL,-10627.73423374909,-9523.086051671686
32,2,A2C-MADRL,-8425.704319171655,-9416.134253786462
33,2,A2C-MADRL,-8701.265454816177,-9385.55951914367
34,2,A2C-MADRL,-8112.1308336995,-9425.356610205208
35,2,A2C-MADRL,-9528.606657690998,-9403.649883418186
36,2,A2C-MADRL,-12236.910767607009,-9552.255936879885
37,2,A2C-MADRL,-10391.972520189553,-9577.032109278793
38,2,A2C-MADRL,-9030.955278213043,-9530.871521686073
39,2,A2C-MADRL,-7972.310130905807,-9404.081209466516
40,2,A2C-MADRL,-6704.515290392483,-9365.805103557337
41,2,A2C-MADRL,-8732.125569465852,-9325.642365032201
42,2,A2C-MADRL,-8911.949087981218,-9297.677754161828
43,2,A2C-MADRL,-10354.087790999129,-9322.672775829216
44,2,A2C-MADRL,-9573.204891656158,-9309.338803841534
45,2,A2C-MADRL,-7501.736423985427,-9258.111592146712
46,2,A2C-MADRL,-8721.949668910776,-9267.972774181057
47,2,A2C-MADRL,-10528.041597062573,-9295.77835685057
48,2,A2C-MADRL,-9122.493369011,-9209.876333645623
49,2,A2C-MADRL,-7940.95495806729,-9217.066820257414
50,2,A2C-MADRL,-10280.563331891508,-9236.640590407287
51,2,A2C-MADRL,-10216.591871632096,-9232.47751705768
52,2,A2C-MADRL,-7825.181419667559,-9174.044750964937
53,2,A2C-MADRL,-9018.983598493436,-9084.744653512267
54,2,A2C-MADRL,-9496.156922886214,-9098.94848920852
55,2,A2C-MADRL,-9968.501941486196,-9196.98511718527
56,2,A2C-MADRL,-11697.619410667896,-9239.780524262022
57,2,A2C-MADRL,-7852.375949494033,-9216.847389474917
58,2,A2C-MADRL,-9362.279882628309,-9243.287966587402
59,2,A2C-MADRL,-9963.302705979026,-9317.334841478583
60,2,A2C-MADRL,-11362.6834831523,-9390.697914497036
61,2,A2C-MADRL,-9051.195519720966,-9263.269304581594
62,2,A2C-MADRL,-8458.677166987492,-9185.937490453513
63,2,A2C-MADRL,-9410.370392201645,-9201.114095013056
64,2,A2C-MADRL,-10819.942135585705,-9315.01937520025
65,2,A2C-MADRL,-9864.369510673678,-9441.413544011499
66,2,A2C-MADRL,-9774.346007405697,-9483.102361529092
67,2,A2C-MADRL,-8778.51728120537,-9477.765089258059
68,2,A2C-MADRL,-8155.2827001510195,-9389.812885624135
69,2,A2C-MADRL,-8400.372915217285,-9342.89960656658
70,2,A2C-MADRL,-9742.56050652192,-9432.532569868039
71,2,A2C-MADRL,-8122.814509275799,-9408.56716348264
72,2,A2C-MADRL,-10023.795063156724,-9388.397302126406
73,2,A2C-MADRL,-14484.056708843736,-9602.859835719717
74,2,A2C-MADRL,-9860.654562158854,-9679.64781988338
75,2,A2C-MADRL,-10366.442457156576,-9683.082984893983
76,2,A2C-MADRL,-10268.498180940764,-9685.159237266327
77,2,A2C-MADRL,-11412.577583277656,-9828.65508381073
78,2,A2C-MADRL,-11003.808152780472,-9908.048065982213
79,2,A2C-MADRL,-11340.8547850885,-9981.835980470303
80,2,A2C-MADRL,-10435.18778441384,-10000.503414187411
81,2,A2C-MADRL,-8915.56288144868,-9889.221153018641
82,2,A2C-MADRL,-8599.93257184976,-9919.123417912871
83,2,A2C-MADRL,-8024.056511694373,-9865.594483075512
84,2,A2C-MADRL,-10663.33831682495,-9893.59590750935
85,2,A2C-MADRL,-8824.34843509792,-9792.062505587175
86,2,A2C-MADRL,-9856.814053860304,-9824.287246952748
87,2,A2C-MADRL,-9170.165196491318,-9852.746768132902
88,2,A2C-MADRL,-11019.656875694836,-9917.11822747263
89,2,A2C-MADRL,-9299.264804572833,-9856.291134232115
90,2,A2C-MADRL,-12037.125508262989,-9943.201374135686
91,2,A2C-MADRL,-9358.494594408792,-9926.56731761581
92,2,A2C-MADRL,-9008.061753504187,-9935.749096507765
93,2,A2C-MADRL,-7137.18728909857,-9895.025280065665
94,2,A2C-MADRL,-8523.752090987004,-9899.960447096455
95,2,A2C-MADRL,-9128.52331152912,-9875.398959296743
96,2,A2C-MADRL,-7790.342487589469,-9862.100078429288
97,2,A2C-MADRL,-9660.108083574356,-9847.552599245995
98,2,A2C-MADRL,-7687.000522737233,-9575.670351801733
99,2,A2C-MADRL,-6491.307626019125,-9440.896474356145
100,2,A2C-MADRL,-9294.54765907759,-9398.020682432985
101,2,A2C-MADRL,-9115.335608729218,-9351.894179544524
102,2,A2C-MADRL,-7867.387584399604,-9210.086579589402
103,2,A2C-MADRL,-10052.13163578564,-9172.019518909608
104,2,A2C-MADRL,-11686.783283825913,-9185.856658859106
105,2,A2C-MADRL,-7335.791968771136,-9061.880826233397
106,2,A2C-MADRL,-6981.600709220569,-8984.522339344272
107,2,A2C-MADRL,-8662.560216608888,-8987.027445134638
108,2,A2C-MADRL,-9711.767855794718,-9054.535898898652
109,2,A2C-MADRL,-9144.353187389252,-8993.776493721223
110,2,A2C-MADRL,-9511.621504227189,-9021.267416486395
111,2,A2C-MADRL,-9455.304176418314,-9005.207021388715
112,2,A2C-MADRL,-9697.260024460738,-9026.29081450749
113,2,A2C-MADRL,-12852.461749136652,-9099.603009445163
114,2,A2C-MADRL,-10089.13084304069,-9131.197650983879
115,2,A2C-MADRL,-8072.25054271222,-8972.602652361848
116,2,A2C-MADRL,-7782.818487375884,-8909.575608080531
117,2,A2C-MADRL,-10288.3615187232,-8960.787598689292
118,2,A2C-MADRL,-11036.501376611628,-9116.760162189814
119,2,A2C-MADRL,-9223.938395830186,-9144.767614383542
120,2,A2C-MADRL,-11517.642553005602,-9240.3323840426
121,2,A2C-MADRL,-9515.815352371044,-9309.351298633865
122,2,A2C-MADRL,-8459.482699169537,-9261.326283257671
123,2,A2C-MADRL,-10218.891025410696,-9362.60190336461
124,2,A2C-MADRL,-9328.066822016162,-9476.07227120449
125,2,A2C-MADRL,-9074.448213192292,-9467.268293369078
126,2,A2C-MADRL,-11089.114738413871,-9546.219458556465
127,2,A2C-MADRL,-11130.962836998917,-9676.762468660436
128,2,A2C-MADRL,-8889.113279056764,-9630.241734391282
129,2,A2C-MADRL,-10970.602187722572,-9601.594490547148
130,2,A2C-MADRL,-8924.743702248616,-9665.152559886248
131,2,A2C-MADRL,-8017.095996033808,-9706.572371358778
132,2,A2C-MADRL,-6635.498142207178,-9625.489888382708
133,2,A2C-MADRL,-7324.342450796998,-9529.9928721828
134,2,A2C-MADRL,-12610.14041204147,-9668.62436116889
135,2,A2C-MADRL,-9131.7038667665,-9653.42765567046
136,2,A2C-MADRL,-9028.579476882736,-9636.358667689039
137,2,A2C-MADRL,-8213.91290570288,-9577.024782938724
138,2,A2C-MADRL,-8888.885737983708,-9418.481742492608
139,2,A2C-MADRL,-7712.574083015821,-9323.419472091611
140,2,A2C-MADRL,-9624.647022035468,-9385.515331264542
141,2,A2C-MADRL,-10481.584825143967,-9493.465984775265
142,2,A2C-MADRL,-8033.548917770533,-9403.273480737158
143,2,A2C-MADRL,-8236.185861858754,-9291.260860147044
144,2,A2C-MADRL,-11732.623365072232,-9391.608258916725
145,2,A2C-MADRL,-11779.408900121844,-9402.078912801375
146,2,A2C-MADRL,-8387.313666576261,-9356.938845369583
147,2,A2C-MADRL,-9705.95033435197,-9406.79755077688
148,2,A2C-MADRL,-8632.986508621929,-9343.361370105331
149,2,A2C-MADRL,-10743.30112112272,-9399.970742069592
150,2,A2C-MADRL,-9544.993601170663,-9418.792557588728
151,2,A2C-MADRL,-9878.379713440185,-9370.36315658978
152,2,A2C-MADRL,-10958.997256659157,-9363.48453337619
153,2,A2C-MADRL,-10505.749647457578,-9428.149988112222
154,2,A2C-MADRL,-8367.797044792052,-9324.037782395002
155,2,A2C-MADRL,-8198.40003637314,-9294.984035759982
156,2,A2C-MADRL,-6988.7407113462505,-9253.849824372479
157,2,A2C-MADRL,-7694.464330451885,-9296.20847190227
158,2,A2C-MADRL,-9455.236832464989,-9381.444247168989
159,2,A2C-MADRL,-10539.690296870876,-9298.626242562163
160,2,A2C-MADRL,-8622.978591213981,-9278.277231540063
161,2,A2C-MADRL,-8414.061591515292,-9253.696516125365
162,2,A2C-MADRL,-8347.351545751035,-9259.034061727292
163,2,A2C-MADRL,-8030.221046575626,-9224.687474070968
164,2,A2C-MADRL,-10017.016001608818,-9316.865150814689
165,2,A2C-MADRL,-8373.936115411923,-9266.836714549747
166,2,A2C-MADRL,-8065.97378783883,-9170.212273057541
167,2,A2C-MADRL,-10087.615190371069,-9252.374923961563
168,2,A2C-MADRL,-8990.611748530697,-9282.55195942844
169,2,A2C-MADRL,-10448.573090448588,-9231.189948443494
170,2,A2C-MADRL,-9048.26446059334,-9121.944170862354
171,2,A2C-MADRL,-8914.03962789833,-9143.013209315237
172,2,A2C-MADRL,-10193.356497920791,-9162.50945585799
173,2,A2C-MADRL,-8734.661398283277,-9166.576451444444
174,2,A2C-MADRL,-7455.269578306958,-9035.055189731815
175,2,A2C-MADRL,-8930.499606334433,-9010.475429938364
176,2,A2C-MADRL,-9470.152194331731,-8994.146329174026
177,2,A2C-MADRL,-9889.1016603949,-8951.350505323455
178,2,A2C-MADRL,-9857.103945849256,-8925.404677259123
179,2,A2C-MADRL,-9172.521766997756,-8957.593666147352
180,2,A2C-MADRL,-9214.254349127612,-8998.227838657529
181,2,A2C-MADRL,-8747.37699696502,-9068.573290082282
182,2,A2C-MADRL,-9562.990183268292,-9143.314324194936
183,2,A2C-MADRL,-8540.584384962509,-9106.728226294836
184,2,A2C-MADRL,-7077.568185757953,-8968.24334185032
185,2,A2C-MADRL,-9507.09440792087,-9003.607974518596
186,2,A2C-MADRL,-10438.25123596929,-9084.575560296755
187,2,A2C-MADRL,-7810.563419820677,-9063.104035259541
188,2,A2C-MADRL,-8625.147517206922,-9086.901094084795
189,2,A2C-MADRL,-8612.530307536272,-9030.721666321891
190,2,A2C-MADRL,-10131.21997128107,-9101.013020556658
191,2,A2C-MADRL,-8659.445552670628,-9124.75189114993
192,2,A2C-MADRL,-10474.891738095546,-9140.242953058909
193,2,A2C-MADRL,-9997.514405690668,-9180.519059345308
194,2,A2C-MADRL,-9906.616464402285,-9158.840794303456
195,2,A2C-MADRL,-9548.3671752163,-9178.844902888373
196,2,A2C-MADRL,-7962.061482625096,-9140.765777077444
197,2,A2C-MADRL,-10743.870514574612,-9162.786337743599
198,2,A2C-MADRL,-10048.583191356547,-9215.343209466528
199,2,A2C-MADRL,-8312.717491782405,-9249.641126005547
200,2,A2C-MADRL,-8693.782936209684,-9240.172459200556
201,2,A2C-MADRL,-9877.20220600854,-9256.454459667628
202,2,A2C-MADRL,-11348.143466946378,-9314.816131929687
203,2,A2C-MADRL,-8497.725124860068,-9260.440979090119
204,2,A2C-MADRL,-9445.078650919048,-9271.343254446972
205,2,A2C-MADRL,-10181.066273725226,-9310.015731430876
206,2,A2C-MADRL,-9502.840578597705,-9340.234274696182
207,2,A2C-MADRL,-10229.929056502344,-9366.911829625546
208,2,A2C-MADRL,-9377.004906913837,-9400.3686505036
209,2,A2C-MADRL,-9587.946871146833,-9500.783797919154
210,2,A2C-MADRL,-10768.01470150542,-9551.220609662536
211,2,A2C-MADRL,-9321.838820581754,-9506.564113047036
212,2,A2C-MADRL,-9454.488167808911,-9572.321102966564
213,2,A2C-MADRL,-8532.638581973199,-9568.620745557215
214,2,A2C-MADRL,-10347.649832896808,-9638.025526571635
215,2,A2C-MADRL,-9576.759747270698,-9615.847117611222
216,2,A2C-MADRL,-8629.113039867543,-9614.633817099098
217,2,A2C-MADRL,-10063.19105746222,-9598.165789873765
218,2,A2C-MADRL,-10227.028893601127,-9607.346369390183
219,2,A2C-MADRL,-7249.046893885304,-9501.043586569504
220,2,A2C-MADRL,-9098.932405615622,-9483.066195785477
221,2,A2C-MADRL,-9789.280970277185,-9556.154975291562
222,2,A2C-MADRL,-11401.976083596144,-9582.47919805242
223,2,A2C-MADRL,-8191.463346356531,-9508.194404252421
224,2,A2C-MADRL,-8111.338112260128,-9500.13922907153
225,2,A2C-MADRL,-9176.690689341563,-9519.455539196806
226,2,A2C-MADRL,-9304.978980406046,-9496.566610172706
227,2,A2C-MADRL,-13123.557752311504,-9567.583181587312
228,2,A2C-MADRL,-9922.554110609217,-9624.576341017277
229,2,A2C-MADRL,-10650.577367596185,-9672.796289684362
230,2,A2C-MADRL,-8928.411974971423,-9622.69011773421
231,2,A2C-MADRL,-10557.224993642842,-9664.865494336016
232,2,A2C-MADRL,-13524.676634467767,-9796.655397454633
233,2,A2C-MADRL,-10198.349344576587,-9829.509174961142
234,2,A2C-MADRL,-8123.917609880547,-9770.948004510492
235,2,A2C-MADRL,-9410.615357496255,-9716.652030750125
236,2,A2C-MADRL,-8657.39744324224,-9690.074375656543
237,2,A2C-MADRL,-9537.263129919236,-9693.385374140957
238,2,A2C-MADRL,-12174.972461023115,-9839.078729302953
239,2,A2C-MADRL,-10678.514961361583,-9852.313334441546
240,2,A2C-MADRL,-8813.869239981645,-9821.797714149981
241,2,A2C-MADRL,-10159.593823641748,-9883.01694550095
242,2,A2C-MADRL,-10561.435607512354,-9902.946727502956
243,2,A2C-MADRL,-7137.895626856136,-9779.381396833156
244,2,A2C-MADRL,-8244.771323420755,-9819.210374014574
245,2,A2C-MADRL,-9227.146049599529,-9824.33891977393
246,2,A2C-MADRL,-11691.92708780954,-9900.444764475224
247,2,A2C-MADRL,-11881.5289555376,-9919.626879352883
248,2,A2C-MADRL,-10364.802946713058,-10006.560463367145
249,2,A2C-MADRL,-7284.390939169183,-9973.482576443506
250,2,A2C-MADRL,-9878.816588360723,-10001.567612404273
251,2,A2C-MADRL,-7812.860233058637,-9941.882862510378
252,2,A2C-MADRL,-7463.203077224425,-9715.468675506892
253,2,A2C-MADRL,-8999.705688130394,-9678.554738607741
254,2,A2C-MADRL,-9986.31348255582,-9651.984183206127
255,2,A2C-MADRL,-9092.10952013766,-9658.532085012775
256,2,A2C-MADRL,-8572.461361297914,-9579.14153971898
257,2,A2C-MADRL,-7609.005358702189,-9342.514688688354
258,2,A2C-MADRL,-9071.624959054858,-9297.445713267485
259,2,A2C-MADRL,-11563.290127857548,-9435.020613986566
260,2,A2C-MADRL,-9715.344021839526,-9447.209760560298
261,2,A2C-MADRL,-8776.22380109878,-9451.96281487456
262,2,A2C-MADRL,-9085.96579436872,-9433.910921452538
263,2,A2C-MADRL,-10280.243819337184,-9358.1217757851
264,2,A2C-MADRL,-8628.597934627536,-9276.125094715739
265,2,A2C-MADRL,-9665.633308852335,-9310.195657470565
266,2,A2C-MADRL,-12755.452025608656,-9414.029985549243
267,2,A2C-MADRL,-10933.43311398152,-9428.909885808009
268,2,A2C-MADRL,-8123.350807016986,-9468.328093014443
269,2,A2C-MADRL,-6994.324710683832,-9418.310228504966
270,2,A2C-MADRL,-7467.186965381901,-9347.91186513626
271,2,A2C-MADRL,-10518.074780423663,-9300.957772840826
272,2,A2C-MADRL,-7227.385920827738,-9114.792051452432
273,2,A2C-MADRL,-11025.50660120106,-9141.22019763195
274,2,A2C-MADRL,-6719.99122035879,-9118.644208879536
275,2,A2C-MADRL,-9117.790742897376,-9088.203175061002
276,2,A2C-MADRL,-9746.115115967645,-9165.533370377361
277,2,A2C-MADRL,-9819.584075460609,-9259.78861030681
278,2,A2C-MADRL,-10730.924758429888,-9329.03737311879
279,2,A2C-MADRL,-9872.268732769116,-9324.475583127321
280,2,A2C-MADRL,-11418.922028686184,-9417.548083469263
281,2,A2C-MADRL,-10875.35359042552,-9509.663772634365
282,2,A2C-MADRL,-8924.12432486291,-9562.268531280795
283,2,A2C-MADRL,-9521.658970988125,-9580.269891758127
284,2,A2C-MADRL,-6572.51942072322,-9380.639063472752
285,2,A2C-MADRL,-9809.401293486462,-9384.40135433863
286,2,A2C-MADRL,-7911.619634760799,-9349.81718768511
287,2,A2C-MADRL,-10479.361320438667,-9405.55300872791
288,2,A2C-MADRL,-9230.19839879038,-9363.551191906035
289,2,A2C-MADRL,-7004.864592641107,-9298.60185822658
290,2,A2C-MADRL,-9518.193670513603,-9292.70427269303
291,2,A2C-MADRL,-11285.496917613003,-9233.906068373204
292,2,A2C-MADRL,-8552.5877596994,-9138.67225420192
293,2,A2C-MADRL,-8061.285719699484,-9136.189650709219
294,2,A2C-MADRL,-11268.133001128148,-9307.141982326992
295,2,A2C-MADRL,-10264.888720205316,-9419.050052519928
296,2,A2C-MADRL,-11381.826255089572,-9453.600111506565
297,2,A2C-MADRL,-10027.745458846335,-9565.614493027308
298,2,A2C-MADRL,-8994.710160041051,-9484.382635380909
299,2,A2C-MADRL,-12696.828487528335,-9723.456126067691
300,2,A2C-MADRL,-8800.2575974603,-9710.754800250206
301,2,A2C-MADRL,-9357.310101915096,-9695.202599688106
302,2,A2C-MADRL,-7184.234774858547,-9589.788627664022
303,2,A2C-MADRL,-10302.740696557785,-9572.66126518914
304,2,A2C-MADRL,-5512.216461620941,-9398.259174343211
305,2,A2C-MADRL,-11123.546004594336,-9386.444133379537
306,2,A2C-MADRL,-10222.849263174889,-9360.343960289512
307,2,A2C-MADRL,-8290.282753653824,-9334.990297441149
308,2,A2C-MADRL,-8846.949991676986,-9308.001938268702
309,2,A2C-MADRL,-9902.030264484529,-9441.182372019155
310,2,A2C-MADRL,-9624.282399129328,-9433.77761624487
311,2,A2C-MADRL,-9096.437700868271,-9481.17033888917
312,2,A2C-MADRL,-8584.830681375923,-9405.38911332666
313,2,A2C-MADRL,-9275.089830369428,-9407.184770589822
314,2,A2C-MADRL,-9554.933333338193,-9509.187520217705
315,2,A2C-MADRL,-8201.61814468174,-9456.52449918443
316,2,A2C-MADRL,-9394.469061558422,-9380.883384942246
317,2,A2C-MADRL,-9224.430242512264,-9407.757084254761
318,2,A2C-MADRL,-8926.346272756116,-9442.359506377026
319,2,A2C-MADRL,-10154.38154965226,-9397.809448317992
320,2,A2C-MADRL,-7789.873937792391,-9298.808857021475
321,2,A2C-MADRL,-8671.129103137024,-9190.380970943374
322,2,A2C-MADRL,-10085.522808008063,-9192.692064909841
323,2,A2C-MADRL,-11373.493051728536,-9287.843380577342
324,2,A2C-MADRL,-9805.886607322178,-9172.205705369095
325,2,A2C-MADRL,-8690.784514272626,-9167.826782041588
326,2,A2C-MADRL,-10560.185445144783,-9215.941795770776
327,2,A2C-MADRL,-7606.323465339996,-9232.825343390034
328,2,A2C-MADRL,-10460.06586187459,-9239.118350002705
329,2,A2C-MADRL,-9110.584485293028,-9383.053070949589
330,2,A2C-MADRL,-9100.394638381036,-9302.127016301058
331,2,A2C-MADRL,-12606.94803063244,-9397.49096699936
332,2,A2C-MADRL,-9556.403200841907,-9448.135784886883
333,2,A2C-MADRL,-10358.970860710117,-9508.616619648208
334,2,A2C-MADRL,-9173.308899016729,-9479.467765029496
335,2,A2C-MADRL,-8737.777137049154,-9444.00755454629
336,2,A2C-MADRL,-9249.74538980456,-9450.139862103739
337,2,A2C-MADRL,-9391.508924768534,-9482.406991839443
338,2,A2C-MADRL,-7891.876717205348,-9427.078467312882
339,2,A2C-MADRL,-8823.495750116952,-9397.820963984032
340,2,A2C-MADRL,-9062.552411953018,-9432.258334674883
341,2,A2C-MADRL,-8207.99958285582,-9384.799555526779
342,2,A2C-MADRL,-9490.43930978772,-9395.439918217797
343,2,A2C-MADRL,-9883.714968082462,-9433.734666030852
344,2,A2C-MADRL,-8853.781500879215,-9381.71066407993
345,2,A2C-MADRL,-9474.427099429213,-9449.092790545403
346,2,A2C-MADRL,-9585.344869005386,-9485.661421180135
347,2,A2C-MADRL,-10614.641963849925,-9506.826187413812
348,2,A2C-MADRL,-10455.712436085283,-9470.11496278808
349,2,A2C-MADRL,-9462.79512313761,-9456.391303420698
350,2,A2C-MADRL,-8779.538541339502,-9459.941464503374
351,2,A2C-MADRL,-6033.072697148495,-9278.856954583522
352,2,A2C-MADRL,-7681.473816448545,-9281.862968627864
353,2,A2C-MADRL,-10039.273597557614,-9265.031278055185
354,2,A2C-MADRL,-7666.389479650309,-9207.263477829476
355,2,A2C-MADRL,-9388.952150798172,-9218.805778326161
356,2,A2C-MADRL,-8299.419686588575,-9046.504644564406
357,2,A2C-MADRL,-9906.265730838906,-9060.499145764286
358,2,A2C-MADRL,-9253.2297259437,-9016.26950037363
359,2,A2C-MADRL,-9974.329141484995,-9048.31031007236
360,2,A2C-MADRL,-9664.964340359676,-9085.39779820478
361,2,A2C-MADRL,-9605.708384664633,-9099.636317999184
362,2,A2C-MADRL,-9156.380292125456,-9090.231172693462
363,2,A2C-MADRL,-11231.431360098984,-9223.813358409207
364,2,A2C-MADRL,-7629.126982713163,-9176.038607713055
365,2,A2C-MADRL,-7563.607082043688,-9116.080794516682
366,2,A2C-MADRL,-9760.845597469768,-9178.19463510124
367,2,A2C-MADRL,-8576.105484556101,-9141.621282091975
368,2,A2C-MADRL,-8678.642912652675,-9093.418399874783
369,2,A2C-MADRL,-7747.308206148734,-9049.159468085565
370,2,A2C-MADRL,-9443.887662144329,-9047.937890594168
371,2,A2C-MADRL,-7801.517688471877,-8976.584803372829
372,2,A2C-MADRL,-8242.643957857235,-8881.704883133121
373,2,A2C-MADRL,-8462.446959874625,-8801.974264084696
374,2,A2C-MADRL,-9303.15218974236,-8795.588546748886
375,2,A2C-MADRL,-8939.105436665808,-8801.971222561937
376,2,A2C-MADRL,-9250.873856633223,-8930.683268941326
377,2,A2C-MADRL,-8036.869384191841,-8944.899091651057
378,2,A2C-MADRL,-11056.222195418375,-8985.57703556549
379,2,A2C-MADRL,-12162.369804860587,-9165.4162485739
380,2,A2C-MADRL,-10167.54086026391,-9196.559796952528
381,2,A2C-MADRL,-11350.087120246664,-9318.586494298852
382,2,A2C-MADRL,-9290.825105569327,-9293.968869288068
383,2,A2C-MADRL,-8375.094336334267,-9258.843453703692
384,2,A2C-MADRL,-10078.826497215425,-9263.023347932909
385,2,A2C-MADRL,-11151.177485482722,-9322.471873737832
386,2,A2C-MADRL,-8585.739746467474,-9281.673128209944
387,2,A2C-MADRL,-10815.551098285643,-9348.039960456354
388,2,A2C-MADRL,-9354.40268539916,-9272.958813468358
389,2,A2C-MADRL,-9759.223628438373,-9358.162679297368
390,2,A2C-MADRL,-12262.12730034319,-9546.103488029348
391,2,A2C-MADRL,-10056.27887661246,-9557.920819195057
392,2,A2C-MADRL,-9881.871332222738,-9610.151453101722
393,2,A2C-MADRL,-9615.029343201264,-9647.606910323664
394,2,A2C-MADRL,-9923.815214747085,-9734.667190667598
395,2,A2C-MADRL,-8249.690387988372,-9686.899299701361
396,2,A2C-MADRL,-8780.270951543043,-9726.049430224208
397,2,A2C-MADRL,-10289.87886854555,-9807.93882665174
398,2,A2C-MADRL,-8898.089047746247,-9825.364510166604
399,2,A2C-MADRL,-10127.39062925188,-9858.334047746985
400,2,A2C-MADRL,-10785.388651798528,-9932.185376352294
401,2,A2C-MADRL,-9005.75999228279,-9922.380821778275
402,2,A2C-MADRL,-9362.257229066376,-9975.396335573258
403,2,A2C-MADRL,-8115.913799194645,-9857.783999724308
404,2,A2C-MADRL,-8688.74674804525,-9718.839077451696
405,2,A2C-MADRL,-9100.153075503791,-9676.143566061291
406,2,A2C-MADRL,-9097.582988699143,-9586.04340079939
407,2,A2C-MADRL,-11948.695960955283,-9692.358235014828
408,2,A2C-MADRL,-10029.993544567797,-9758.554203344169
409,2,A2C-MADRL,-9886.321559638352,-9750.854005841087
410,2,A2C-MADRL,-9623.937170464484,-9689.764393240357
411,2,A2C-MADRL,-10799.496181637882,-9778.314650647173
412,2,A2C-MADRL,-7599.906067399348,-9649.688849411721
413,2,A2C-MADRL,-10363.151494394995,-9690.038801771554
414,2,A2C-MADRL,-9664.663431952213,-9686.256393912108
415,2,A2C-MADRL,-12124.481619651217,-9680.75056668443
416,2,A2C-MADRL,-10319.275538315693,-9691.270433152558
417,2,A2C-MADRL,-9644.316359619455,-9681.768234248428
418,2,A2C-MADRL,-8907.639446521458,-9653.472638381236
419,2,A2C-MADRL,-11861.76565853906,-9730.990656132915
420,2,A2C-MADRL,-10673.85339595854,-9827.957176451722
421,2,A2C-MADRL,-7732.22324655238,-9786.035268252093
422,2,A2C-MADRL,-10019.44224217967,-9775.217803197458
423,2,A2C-MADRL,-9135.577152045378,-9784.717327369424
424,2,A2C-MADRL,-7815.232674083171,-9692.231009162677
425,2,A2C-MADRL,-8233.485430871679,-9590.154880325603
426,2,A2C-MADRL,-8623.773299766286,-9574.875412624942
427,2,A2C-MADRL,-7192.1198788495285,-9488.069918616267
428,2,A2C-MADRL,-8281.028580858318,-9494.674509882814
429,2,A2C-MADRL,-12201.008052771544,-9635.164962071867
430,2,A2C-MADRL,-10543.136077490584,-9692.884282151339
431,2,A2C-MADRL,-9631.464238800538,-9714.239532155394
432,2,A2C-MADRL,-10642.456125717825,-9661.989938745895
433,2,A2C-MADRL,-10383.561072833076,-9676.132639876507
434,2,A2C-MADRL,-10027.407478971118,-9681.776076649818
435,2,A2C-MADRL,-9013.944206761513,-9657.3763581017
436,2,A2C-MADRL,-10639.290063968883,-9650.96811339494
437,2,A2C-MADRL,-8938.737884633305,-9704.521386084298
438,2,A2C-MADRL,-8811.715934935768,-9642.463963705928
439,2,A2C-MADRL,-10112.14208466782,-9660.363109814552
440,2,A2C-MADRL,-12495.931252476075,-9675.221095127547
441,2,A2C-MADRL,-6066.962111621577,-9505.128558059781
442,2,A2C-MADRL,-7966.073902376312,-9437.998859770056
443,2,A2C-MADRL,-10850.372286735605,-9515.708173378622
444,2,A2C-MADRL,-8327.334158836225,-9374.330913390508
445,2,A2C-MADRL,-10281.631015464443,-9358.642018170744
446,2,A2C-MADRL,-7849.9888610987855,-9363.352642752601
447,2,A2C-MADRL,-8759.48982523651,-9312.954546074874
448,2,A2C-MADRL,-9650.544629765762,-9333.55324518369
449,2,A2C-MADRL,-9532.288348964908,-9402.23547217896
450,2,A2C-MADRL,-10955.973345694983,-9511.134988771892
451,2,A2C-MADRL,-9400.635440267226,-9542.209474391928
452,2,A2C-MADRL,-8702.916236588997,-9602.64132870151
453,2,A2C-MADRL,-10326.10094028847,-9684.444223078714
454,2,A2C-MADRL,-10818.970596616804,-9629.162724832524
455,2,A2C-MADRL,-8858.015314455806,-9561.757894311133
456,2,A2C-MADRL,-8029.400588644821,-9497.675348304903
457,2,A2C-MADRL,-8480.392580950698,-9411.19280651422
458,2,A2C-MADRL,-9740.38070018694,-9385.465591608374
459,2,A2C-MADRL,-10433.29507031806,-9401.701095262251
460,2,A2C-MADRL,-9771.15223078624,-9431.989416223241
461,2,A2C-MADRL,-7294.724907592823,-9298.206809968198
462,2,A2C-MADRL,-9827.86512970482,-9333.77189977106
463,2,A2C-MADRL,-8561.61696628118,-9323.767941024877
464,2,A2C-MADRL,-10603.52072242795,-9343.42308653528
465,2,A2C-MADRL,-8808.704111982792,-9195.93400091555
466,2,A2C-MADRL,-8315.231858334706,-9285.864790784075
467,2,A2C-MADRL,-9548.984675409669,-9349.18122170541
468,2,A2C-MADRL,-8974.242201466202,-9274.136018294634
469,2,A2C-MADRL,-10638.343606667762,-9366.576396207895
470,2,A2C-MADRL,-10701.342896423192,-9383.364871446245
471,2,A2C-MADRL,-8547.156983202058,-9411.251596330376
472,2,A2C-MADRL,-8364.14233370938,-9395.43769666929
473,2,A2C-MADRL,-10784.760088431663,-9440.806315015925
474,2,A2C-MADRL,-8464.238819273445,-9398.084333828267
475,2,A2C-MADRL,-9867.547004418522,-9354.54728017721
476,2,A2C-MADRL,-7522.387446084737,-9279.417360409909
477,2,A2C-MADRL,-10519.908810145314,-9352.097063352161
478,2,A2C-MADRL,-8931.2389447797,-9296.302583531811
479,2,A2C-MADRL,-8734.439975319576,-9212.921358679923
480,2,A2C-MADRL,-8842.316291483883,-9212.293397761045
481,2,A2C-MADRL,-9429.12469537892,-9268.28236203041
482,2,A2C-MADRL,-7908.62717809845,-9245.411745916319
483,2,A2C-MADRL,-12071.858332841884,-9338.670851222516
484,2,A2C-MADRL,-11294.322666985174,-9373.111955089202
485,2,A2C-MADRL,-10178.26675207604,-9389.396535940794
486,2,A2C-MADRL,-10644.741285735803,-9523.397191066513
487,2,A2C-MADRL,-9145.863312534702,-9496.117118379709
488,2,A2C-MADRL,-11148.29216809821,-9599.58412645239
489,2,A2C-MADRL,-9198.819600987286,-9543.396081594763
490,2,A2C-MADRL,-10425.504544165502,-9608.068098882071
491,2,A2C-MADRL,-9490.53187183911,-9655.080099422246
492,2,A2C-MADRL,-8090.247510679117,-9596.730612833026
493,2,A2C-MADRL,-10393.00510580878,-9653.481129006728
494,2,A2C-MADRL,-9322.082033178416,-9600.830666067155
495,2,A2C-MADRL,-8909.143670111136,-9529.142697014671
496,2,A2C-MADRL,-10927.389647909542,-9624.352003602973
497,2,A2C-MADRL,-8960.081807186954,-9648.189582542074
498,2,A2C-MADRL,-10379.592230976696,-9631.982868243877
499,2,A2C-MADRL,-9272.53653830833,-9664.314777005271
500,2,A2C-MADRL,-7866.06537310655,-9584.255511752792
501,2,A2C-MADRL,-6942.712179035465,-6942.712179035465
502,2,A2C-MADRL,-10113.802381821291,-8528.257280428377
503,2,A2C-MADRL,-10032.926653238092,-9029.813738031617
504,2,A2C-MADRL,-8663.91931379971,-8938.34013197364
505,2,A2C-MADRL,-10141.55514070568,-9178.983133720048
506,2,A2C-MADRL,-8780.902402321826,-9112.636345153676
507,2,A2C-MADRL,-8992.446005171865,-9095.466296584846
508,2,A2C-MADRL,-9896.337115569151,-9195.575148957885
509,2,A2C-MADRL,-9225.584256489376,-9198.90949423916
510,2,A2C-MADRL,-11125.535172147029,-9391.572062029949
511,2,A2C-MADRL,-8626.556005359771,-9322.025147787206
512,2,A2C-MADRL,-10301.094486203225,-9403.614259321874
513,2,A2C-MADRL,-9146.186521118723,-9383.812125613938
514,2,A2C-MADRL,-10309.389187124963,-9449.924772864726
515,2,A2C-MADRL,-10876.321947930288,-9545.017917869096
516,2,A2C-MADRL,-7197.5145163993,-9398.298955277234
517,2,A2C-MADRL,-5939.97583145925,-9194.868183287941
518,2,A2C-MADRL,-8049.089968720297,-9131.213838034184
519,2,A2C-MADRL,-8757.245104302252,-9111.531273100923
520,2,A2C-MADRL,-9078.680818775088,-9109.88875038463
521,2,A2C-MADRL,-9494.15690156851,-9128.18723377434
522,2,A2C-MADRL,-10790.339632821568,-9203.739615549215
523,2,A2C-MADRL,-9676.635546300657,-9224.300308190583
524,2,A2C-MADRL,-9167.375489718135,-9221.928440754229
525,2,A2C-MADRL,-8927.414112065555,-9210.147867606684
526,2,A2C-MADRL,-9470.004214837005,-9311.239549038744
527,2,A2C-MADRL,-9427.425649583452,-9283.78447974923
528,2,A2C-MADRL,-9932.434802128602,-9279.764805704852
529,2,A2C-MADRL,-8666.220327470737,-9279.856846251692
530,2,A2C-MADRL,-8882.685634411788,-9229.502065999935
531,2,A2C-MADRL,-8900.769658856248,-9234.296756261312
532,2,A2C-MADRL,-9816.958048937691,-9267.277238011946
533,2,A2C-MADRL,-8994.047102672983,-9231.185637496099
534,2,A2C-MADRL,-9565.964938089925,-9244.800864760122
535,2,A2C-MADRL,-11327.404388190098,-9252.875633401844
536,2,A2C-MADRL,-6744.373210629659,-9177.58832161264
537,2,A2C-MADRL,-11065.3352277432,-9208.15795127424
538,2,A2C-MADRL,-9122.403285607,-9207.20662185377
539,2,A2C-MADRL,-8734.15062001387,-9144.197079169326
540,2,A2C-MADRL,-8291.100321438153,-9040.788214109642
541,2,A2C-MADRL,-9328.232315533336,-9126.016926075003
542,2,A2C-MADRL,-10423.676412679337,-9305.364949323806
543,2,A2C-MADRL,-9611.03409460955,-9367.842714359376
544,2,A2C-MADRL,-8479.671528160927,-9356.739771313723
545,2,A2C-MADRL,-9916.31879461833,-9390.245290347453
546,2,A2C-MADRL,-9644.27903252067,-9396.25017558554
547,2,A2C-MADRL,-8101.591040746265,-9288.700231902527
548,2,A2C-MADRL,-6793.28416735305,-9173.366176744623
549,2,A2C-MADRL,-10953.3760736786,-9244.806200103041
550,2,A2C-MADRL,-8294.046152007171,-9219.471481700706
551,2,A2C-MADRL,-8417.976662070325,-9177.390379590039
552,2,A2C-MADRL,-8871.425603143914,-9155.150377732458
553,2,A2C-MADRL,-9452.69303198846,-9135.960706926851
554,2,A2C-MADRL,-8721.304009842941,-9138.164054221741
555,2,A2C-MADRL,-9568.172716988422,-9165.583537524806
556,2,A2C-MADRL,-9486.526604625691,-9189.013815355582
557,2,A2C-MADRL,-8906.938264677206,-9152.613023985163
558,2,A2C-MADRL,-9110.413202808948,-9157.267667990604
559,2,A2C-MADRL,-7659.19685552593,-9080.996944688042
560,2,A2C-MADRL,-5311.747980837237,-8840.370688393929
561,2,A2C-MADRL,-10230.430999289323,-8979.812999940314
562,2,A2C-MADRL,-11122.52922575374,-8982.100759860736
563,2,A2C-MADRL,-8341.669224019395,-8950.871397397232
564,2,A2C-MADRL,-10876.979325740278,-9036.584545626289
565,2,A2C-MADRL,-7744.425832361718,-9014.717566063231
566,2,A2C-MADRL,-8708.267033676706,-8989.918954788965
567,2,A2C-MADRL,-10178.02749260825,-8980.092997986123
568,2,A2C-MADRL,-7448.42154502571,-8893.588496002769
569,2,A2C-MADRL,-9467.506512189622,-8933.101895363916
570,2,A2C-MADRL,-8270.35814421517,-8867.26346934779
571,2,A2C-MADRL,-8808.91756508769,-8833.84901065047
572,2,A2C-MADRL,-8025.303478656326,-8830.797508166872
573,2,A2C-MADRL,-10020.963748026055,-8959.904691393793
574,2,A2C-MADRL,-8214.217777642556,-8850.338359552352
575,2,A2C-MADRL,-8698.16609064167,-8866.503157097732
576,2,A2C-MADRL,-7492.686276194845,-8829.491541662712
577,2,A2C-MADRL,-9468.388690653956,-8853.370065163113
578,2,A2C-MADRL,-8623.67628456516,-8820.209395266182
579,2,A2C-MADRL,-8206.381017518059,-8799.612475573187
580,2,A2C-MADRL,-11043.886042707734,-8858.641008601959
581,2,A2C-MADRL,-11047.69849570492,-8921.087884245127
582,2,A2C-MADRL,-10928.172685057558,-9001.937261060342
583,2,A2C-MADRL,-8388.905165297165,-8973.07693955987
584,2,A2C-MADRL,-8161.229206929629,-8993.158233616019
585,2,A2C-MADRL,-11963.526274173872,-9259.229365349483
586,2,A2C-MADRL,-9749.920357936417,-9240.008939695368
587,2,A2C-MADRL,-12296.223642626286,-9286.956716370269
588,2,A2C-MADRL,-9304.377939275902,-9325.46506498053
589,2,A2C-MADRL,-8925.033046589117,-9247.387213814483
590,2,A2C-MADRL,-10644.28699170408,-9363.381660188177
591,2,A2C-MADRL,-6571.438359168028,-9277.90851320783
592,2,A2C-MADRL,-9535.669711742568,-9252.214201973204
593,2,A2C-MADRL,-7379.768044174285,-9249.468061939147
594,2,A2C-MADRL,-10332.222979461638,-9284.056720630027
595,2,A2C-MADRL,-12214.780224057611,-9441.833603823725
596,2,A2C-MADRL,-7131.525873322857,-9374.737936153131
597,2,A2C-MADRL,-10911.690637342466,-9490.193422500577
598,2,A2C-MADRL,-9911.478749836422,-9485.814022572993
599,2,A2C-MADRL,-8641.95137532826,-9502.923366480421
600,2,A2C-MADRL,-10222.643665545327,-9563.902469476567
601,2,A2C-MADRL,-9836.987426934167,-9657.67451550614
602,2,A2C-MADRL,-10668.03732651136,-9705.660460940435
603,2,A2C-MADRL,-11986.141488723792,-9840.159069106781
604,2,A2C-MADRL,-8923.668255913934,-9868.850558642616
605,2,A2C-MADRL,-5999.873275187647,-9667.090047941812
606,2,A2C-MADRL,-8992.597976806093,-9584.88602718586
607,2,A2C-MADRL,-8725.682386535027,-9496.786415244958
608,2,A2C-MADRL,-9896.785789768606,-9557.101640223815
609,2,A2C-MADRL,-9630.29040466236,-9615.864088133125
610,2,A2C-MADRL,-8423.344121113127,-9474.256802010694
611,2,A2C-MADRL,-10060.338502609344,-9486.673527797611
612,2,A2C-MADRL,-8313.696230093512,-9327.3724312963
613,2,A2C-MADRL,-8487.461413107827,-9294.695770249578
614,2,A2C-MADRL,-9206.41923629808,-9305.951217837937
615,2,A2C-MADRL,-9930.64404764407,-9277.405500075536
616,2,A2C-MADRL,-9446.865103658352,-9392.422569855149
617,2,A2C-MADRL,-9622.873367406522,-9395.910716081708
618,2,A2C-MADRL,-9803.66655903418,-9492.866656676104
619,2,A2C-MADRL,-9161.126343852451,-9446.022791251737
620,2,A2C-MADRL,-8842.986310231845,-9311.151034698705
621,2,A2C-MADRL,-11663.304610730387,-9492.422184195006
622,2,A2C-MADRL,-9072.239561341506,-9418.844141154968
623,2,A2C-MADRL,-8566.491849070677,-9365.044665124336
624,2,A2C-MADRL,-8156.445263843083,-9345.624420664932
625,2,A2C-MADRL,-9053.173249050731,-9298.845604005148
626,2,A2C-MADRL,-9823.088270217111,-9298.289637736465
627,2,A2C-MADRL,-10174.198973241537,-9278.536103605673
628,2,A2C-MADRL,-6899.962155500665,-9075.088930276746
629,2,A2C-MADRL,-8307.106581823587,-9050.426463313133
630,2,A2C-MADRL,-10663.314531321565,-9236.96411355849
631,2,A2C-MADRL,-10659.56320216099,-9303.642722572686
632,2,A2C-MADRL,-9512.689400818934,-9335.123003144043
633,2,A2C-MADRL,-8487.871815920204,-9278.766444190107
634,2,A2C-MADRL,-8516.257293516966,-9234.20511974429
635,2,A2C-MADRL,-8192.977687672264,-9224.990462406657
636,2,A2C-MADRL,-10190.66138651984,-9230.203377763077
637,2,A2C-MADRL,-7637.401900190626,-9203.151604566961
638,2,A2C-MADRL,-11861.978311663515,-9338.132280509188
639,2,A2C-MADRL,-10623.320837365009,-9394.808344551864
640,2,A2C-MADRL,-9995.769792463523,-9397.413374344642
641,2,A2C-MADRL,-10207.812225583051,-9427.851259221632
642,2,A2C-MADRL,-8399.897807167785,-9378.932236812083
643,2,A2C-MADRL,-8406.728075634284,-9323.054697476085
644,2,A2C-MADRL,-9909.871751135855,-9353.004513767422
645,2,A2C-MADRL,-8327.667050168528,-9332.39174336489
646,2,A2C-MADRL,-8151.663373274332,-9191.926093866647
647,2,A2C-MADRL,-7883.580427610415,-9144.379728517404
648,2,A2C-MADRL,-8025.439960243115,-9122.7376529643
649,2,A2C-MADRL,-9464.682380172644,-9175.067137617483
650,2,A2C-MADRL,-8659.48125847364,-9159.3194579944
651,2,A2C-MADRL,-9456.240169502951,-9144.645533965833
652,2,A2C-MADRL,-9176.016735644273,-9104.718244461943
653,2,A2C-MADRL,-8870.934086431618,-9183.557121699181
654,2,A2C-MADRL,-8643.694998690404,-9197.020658373853
655,2,A2C-MADRL,-7898.948483076665,-9086.446016444057
656,2,A2C-MADRL,-8352.177794511808,-8994.15060013809
657,2,A2C-MADRL,-8178.845541785105,-8940.796845776737
658,2,A2C-MADRL,-8706.64847004848,-8949.547911941867
659,2,A2C-MADRL,-10117.188640362216,-9013.585165815679
660,2,A2C-MADRL,-9377.52824228938,-9060.967188000363
661,2,A2C-MADRL,-11606.208946087423,-9117.589090383066
662,2,A2C-MADRL,-12010.281994960762,-9292.504294173872
663,2,A2C-MADRL,-9128.997251965797,-9183.185051785964
664,2,A2C-MADRL,-8588.765029712591,-9101.802819479866
665,2,A2C-MADRL,-7982.366628040572,-9021.266692902947
666,2,A2C-MADRL,-8982.777369335563,-8972.265298653048
667,2,A2C-MADRL,-7296.246059880837,-8928.11922876157
668,2,A2C-MADRL,-8457.166080241008,-8930.136748945839
669,2,A2C-MADRL,-11096.886391309525,-8977.617334552786
670,2,A2C-MADRL,-9674.717973144298,-9031.499371471817
671,2,A2C-MADRL,-11283.938403285165,-9156.79037267225
672,2,A2C-MADRL,-10898.790896346938,-9277.39879142171
673,2,A2C-MADRL,-10262.923696714037,-9366.898140880548
674,2,A2C-MADRL,-10051.655332507236,-9390.377058973932
675,2,A2C-MADRL,-9730.249651578672,-9433.207794698134
676,2,A2C-MADRL,-7426.525569903505,-9352.019210714156
677,2,A2C-MADRL,-9403.443981161154,-9361.11630053483
678,2,A2C-MADRL,-9622.78893526821,-9391.190494488294
679,2,A2C-MADRL,-10330.68205539758,-9458.66997675658
680,2,A2C-MADRL,-10655.392829712791,-9568.927750622026
681,2,A2C-MADRL,-8873.945097607299,-9589.798442745845
682,2,A2C-MADRL,-9169.977241356824,-9629.443710728716
683,2,A2C-MADRL,-8847.265586116388,-9635.06839537143
684,2,A2C-MADRL,-7863.205076372083,-9544.909052811825
685,2,A2C-MADRL,-8786.64584953005,-9521.273757101451
686,2,A2C-MADRL,-9665.701244539863,-9443.65344903955
687,2,A2C-MADRL,-10288.441934301558,-9374.77984661318
688,2,A2C-MADRL,-8811.222602766444,-9362.068860645208
689,2,A2C-MADRL,-11238.405785091509,-9468.054490860364
690,2,A2C-MADRL,-9295.582798306685,-9520.583137671008
691,2,A2C-MADRL,-11051.458729578258,-9603.330392080716
692,2,A2C-MADRL,-9687.213440622185,-9698.96908731037
693,2,A2C-MADRL,-9035.123908768426,-9722.087400451468
694,2,A2C-MADRL,-8894.413618741615,-9633.988489548752
695,2,A2C-MADRL,-9034.77082706743,-9608.390603705677
696,2,A2C-MADRL,-10452.4472460871,-9575.130957417754
697,2,A2C-MADRL,-11031.741521252232,-9580.448982413965
698,2,A2C-MADRL,-10755.326524470813,-9600.145095524236
699,2,A2C-MADRL,-9901.959740953684,-9594.157271862094
700,2,A2C-MADRL,-9487.879264661196,-9584.462456385396
701,2,A2C-MADRL,-9592.698274030754,-9671.109364550484
702,2,A2C-MADRL,-9910.304630235856,-9691.383790513473
703,2,A2C-MADRL,-9487.610372537212,-9685.976648004233
704,2,A2C-MADRL,-9784.2477749707,-9664.11927678716
705,2,A2C-MADRL,-7926.655317981424,-9554.969776317903
706,2,A2C-MADRL,-9816.720135056645,-9592.680777815876
707,2,A2C-MADRL,-8287.520074820784,-9557.382491154436
708,2,A2C-MADRL,-11977.336710564166,-9682.585336132348
709,2,A2C-MADRL,-7931.925122139246,-9685.334137963035
710,2,A2C-MADRL,-7579.181148351709,-9637.0355499159
711,2,A2C-MADRL,-8101.052084840099,-9574.449583527909
712,2,A2C-MADRL,-8647.763766039501,-9508.822456797427
713,2,A2C-MADRL,-9747.366340890823,-9546.268206322402
714,2,A2C-MADRL,-9539.47212994178,-9478.310860116413
715,2,A2C-MADRL,-7392.843795122492,-9402.201299989045
716,2,A2C-MADRL,-8940.41230511402,-9317.759443010476
717,2,A2C-MADRL,-6989.573698505573,-9209.85385332581
718,2,A2C-MADRL,-8950.439605669892,-9206.46648120187
719,2,A2C-MADRL,-6271.706966723864,-9101.558215121158
720,2,A2C-MADRL,-10163.85000702164,-9146.721382319327
721,2,A2C-MADRL,-6111.548084504238,-8973.085415856014
722,2,A2C-MADRL,-8933.3612589661,-8889.150205364569
723,2,A2C-MADRL,-8942.206800507132,-8816.625416406021
724,2,A2C-MADRL,-9852.292289709188,-8814.63871835624
725,2,A2C-MADRL,-9918.45792035559,-8831.861864584018
726,2,A2C-MADRL,-9594.308448855412,-8831.926271577004
727,2,A2C-MADRL,-8776.659560606768,-8786.580468791839
728,2,A2C-MADRL,-10522.148859582308,-8827.962008273644
729,2,A2C-MADRL,-7523.304574074884,-8737.52428023781
730,2,A2C-MADRL,-10611.202999703024,-8844.906187506676
731,2,A2C-MADRL,-8581.363160333221,-8795.491908517739
732,2,A2C-MADRL,-7464.763203835307,-8762.58163367832
733,2,A2C-MADRL,-8780.811603800714,-8634.72062940778
734,2,A2C-MADRL,-6954.358612232762,-8595.61796901152
735,2,A2C-MADRL,-9817.50132289118,-8685.150775993101
736,2,A2C-MADRL,-7933.947901680283,-8678.466608666708
737,2,A2C-MADRL,-7716.968224260911,-8641.234786995563
738,2,A2C-MADRL,-8766.78279597052,-8602.011445198752
739,2,A2C-MADRL,-8269.086845764454,-8551.196033831658
740,2,A2C-MADRL,-11398.1713237289,-8711.409134975915
741,2,A2C-MADRL,-9758.485940503657,-8744.1320803915
742,2,A2C-MADRL,-9856.196377761393,-8858.796987561735
743,2,A2C-MADRL,-8015.32260698231,-8821.392307614231
744,2,A2C-MADRL,-7641.819699996528,-8876.196816945137
745,2,A2C-MADRL,-8257.502335322733,-8799.942910077181
746,2,A2C-MADRL,-8922.382304282011,-8912.376278868293
747,2,A2C-MADRL,-7786.57068319459,-8866.504655837432
748,2,A2C-MADRL,-8614.200089865932,-8853.384387411783
749,2,A2C-MADRL,-7158.207006663012,-8745.620976089936
750,2,A2C-MADRL,-11291.977422687196,-8800.5617561832
751,2,A2C-MADRL,-7971.795488864269,-8735.661237783554
752,2,A2C-MADRL,-8179.93852332769,-8711.792396292392
753,2,A2C-MADRL,-10608.1464331406,-8715.232299234724
754,2,A2C-MADRL,-9025.412590339178,-8775.316619885294
755,2,A2C-MADRL,-7076.716611661507,-8633.937164363633
756,2,A2C-MADRL,-8800.451312893128,-8642.70069046603
757,2,A2C-MADRL,-7997.479618801432,-8664.009347064675
758,2,A2C-MADRL,-9347.006757145442,-8686.657153198465
759,2,A2C-MADRL,-10748.957018292933,-8838.441089440872
760,2,A2C-MADRL,-10125.672393559424,-8850.767932267601
761,2,A2C-MADRL,-9985.938449284236,-8932.84755417176
762,2,A2C-MADRL,-12058.557627264094,-9106.511130291887
763,2,A2C-MADRL,-9756.086566172578,-9146.08328109997
764,2,A2C-MADRL,-7813.577829484724,-9127.86292044878
765,2,A2C-MADRL,-9956.671431746869,-9070.202924769499
766,2,A2C-MADRL,-8533.108654055526,-9021.187833311575
767,2,A2C-MADRL,-7972.133174691312,-8945.82530518877
768,2,A2C-MADRL,-8404.206284626955,-8961.380652294556
769,2,A2C-MADRL,-7348.752436590199,-8949.657961758303
770,2,A2C-MADRL,-9543.415946466435,-9001.094506204052
771,2,A2C-MADRL,-8229.301248823089,-8973.371263985695
772,2,A2C-MADRL,-9462.709054322386,-9040.416798830805
773,2,A2C-MADRL,-9799.839480182902,-9087.842374443484
774,2,A2C-MADRL,-8970.431537746483,-9160.331355686823
775,2,A2C-MADRL,-12504.26460810845,-9208.822843103675
776,2,A2C-MADRL,-7615.279018129046,-9194.562184274264
777,2,A2C-MADRL,-9678.048730361164,-9254.486592555604
778,2,A2C-MADRL,-8216.28923802487,-9158.812304750974
779,2,A2C-MADRL,-7496.513677603989,-9097.656348241568
780,2,A2C-MADRL,-10409.853606287748,-9230.981828026617
781,2,A2C-MADRL,-9580.575767528497,-9262.186806212032
782,2,A2C-MADRL,-7675.148526391473,-9249.293562515633
783,2,A2C-MADRL,-10819.950112476034,-9308.211296728856
784,2,A2C-MADRL,-9912.684974202512,-9274.76041496524
785,2,A2C-MADRL,-12293.634101310265,-9361.478883275273
786,2,A2C-MADRL,-8694.183576226209,-9309.808688352952
787,2,A2C-MADRL,-8908.021697594495,-9183.787251166168
788,2,A2C-MADRL,-9762.535130928383,-9184.045193756401
789,2,A2C-MADRL,-8012.472014902612,-9192.000961173117
790,2,A2C-MADRL,-11546.665632727603,-9255.600729212345
791,2,A2C-MADRL,-9230.489571531898,-9283.495965911401
792,2,A2C-MADRL,-9571.13801895224,-9347.456159681838
793,2,A2C-MADRL,-9099.245405377003,-9375.25772451184
794,2,A2C-MADRL,-8640.404364579681,-9426.92380163142
795,2,A2C-MADRL,-6982.22333147049,-9324.47609703158
796,2,A2C-MADRL,-6210.009574002799,-9243.704430038768
797,2,A2C-MADRL,-9417.87884331276,-9241.911221598384
798,2,A2C-MADRL,-10650.23431386167,-9275.927014945535
799,2,A2C-MADRL,-10906.928240757225,-9353.386883065965
800,2,A2C-MADRL,-8374.438730060889,-9188.193847944061
801,2,A2C-MADRL,-9351.360714610626,-9257.637115803325
802,2,A2C-MADRL,-8304.080162606464,-9202.678373093137
803,2,A2C-MADRL,-10516.587509572848,-9294.690303955058
804,2,A2C-MADRL,-8344.375640954695,-9328.604782489085
805,2,A2C-MADRL,-6684.387686427335,-9179.586145694668
806,2,A2C-MADRL,-8120.3320515981795,-9121.176397057456
807,2,A2C-MADRL,-7249.702242269114,-9104.15854569256
808,2,A2C-MADRL,-11725.622890631666,-9140.385456818787
809,2,A2C-MADRL,-7806.607791033417,-9056.142369492023
810,2,A2C-MADRL,-8072.061077734947,-8887.27944854901
811,2,A2C-MADRL,-7706.744953098276,-8847.781903623893
812,2,A2C-MADRL,-8891.734687551194,-8847.130423222161
813,2,A2C-MADRL,-8605.39641519564,-8800.84487459285
814,2,A2C-MADRL,-10947.511340056646,-8918.246447599013
815,2,A2C-MADRL,-7801.556823794355,-8768.442095241682
816,2,A2C-MADRL,-9540.90437674602,-8780.858687450247
817,2,A2C-MADRL,-8745.739234150504,-8747.842736058177
818,2,A2C-MADRL,-7555.398072752076,-8686.08884275318
819,2,A2C-MADRL,-10136.764187160565,-8745.943235656416
820,2,A2C-MADRL,-10335.59139768323,-8880.077958304926
821,2,A2C-MADRL,-8839.948148931702,-8985.275501302083
822,2,A2C-MADRL,-8705.495598845624,-8956.780171523396
823,2,A2C-MADRL,-7440.697959626541,-8828.398717353992
824,2,A2C-MADRL,-9094.70108298688,-8755.909631043178
825,2,A2C-MADRL,-11073.078273784882,-8863.855212792138
826,2,A2C-MADRL,-8833.981124279351,-8843.160029178885
827,2,A2C-MADRL,-10076.77467953942,-8914.067809856204
828,2,A2C-MADRL,-9398.56264114344,-8869.346815119026
829,2,A2C-MADRL,-9159.607758934191,-8901.956099838208
830,2,A2C-MADRL,-10220.139064090248,-9043.386154944725
831,2,A2C-MADRL,-8218.181020915941,-9047.300113717436
832,2,A2C-MADRL,-7891.71455970763,-9072.980606414976
833,2,A2C-MADRL,-8980.371320299884,-8963.170543601704
834,2,A2C-MADRL,-9823.16508685876,-9043.832835434718
835,2,A2C-MADRL,-9788.462475048938,-9112.488891327277
836,2,A2C-MADRL,-7068.523207442608,-9086.96002150105
837,2,A2C-MADRL,-8959.861066054104,-9089.685076641168
838,2,A2C-MADRL,-8032.654410474995,-9066.775396452342
839,2,A2C-MADRL,-10265.266846188111,-9039.4856166976
840,2,A2C-MADRL,-8652.170423874155,-9073.510160700791
841,2,A2C-MADRL,-10393.535091847769,-9107.615389304861
842,2,A2C-MADRL,-7841.381130690836,-9071.441065166477
843,2,A2C-MADRL,-7035.216632607902,-9050.63380756071
844,2,A2C-MADRL,-9137.378055041523,-9010.658362275946
845,2,A2C-MADRL,-10877.462437937778,-9032.333203886128
846,2,A2C-MADRL,-7964.384894605211,-8997.310673713067
847,2,A2C-MADRL,-10121.33008757584,-9053.944053262278
848,2,A2C-MADRL,-9645.265913771547,-9142.126771428077
849,2,A2C-MADRL,-9667.349729599113,-9165.032717292568
850,2,A2C-MADRL,-10269.915862908148,-9132.906220857498
851,2,A2C-MADRL,-7555.719120316779,-9081.775740698995
852,2,A2C-MADRL,-9288.625802656854,-9050.249785623693
853,2,A2C-MADRL,-10136.527574097045,-9079.768382941837
854,2,A2C-MADRL,-10234.580007798086,-9122.767272896392
855,2,A2C-MADRL,-9664.146416785925,-9100.52756700422
856,2,A2C-MADRL,-9093.998354179446,-9135.56026033476
857,2,A2C-MADRL,-10124.661547531045,-9224.878139847697
858,2,A2C-MADRL,-9204.90813719438,-9233.859612523476
859,2,A2C-MADRL,-8526.137481486676,-9181.978508308594
860,2,A2C-MADRL,-7143.062965084678,-9076.16252791002
861,2,A2C-MADRL,-9832.749918210448,-9186.731596340735
862,2,A2C-MADRL,-8048.376768806934,-9150.27222445085
863,2,A2C-MADRL,-8613.740730440248,-9173.51567724946
864,2,A2C-MADRL,-8921.470855645657,-9119.763837627761
865,2,A2C-MADRL,-9935.44461921277,-9171.094805441306
866,2,A2C-MADRL,-6774.182442462173,-9026.320699465883
867,2,A2C-MADRL,-10261.65407079475,-9123.131617070037
868,2,A2C-MADRL,-8846.945680568002,-9195.600778988442
869,2,A2C-MADRL,-7798.848788693778,-9142.059608334534
870,2,A2C-MADRL,-7517.39605357642,-9007.656952960078
871,2,A2C-MADRL,-9310.986481928194,-9061.521016452998
872,2,A2C-MADRL,-6535.2161253574095,-8918.07645796426
873,2,A2C-MADRL,-7261.112978676666,-8822.710340560465
874,2,A2C-MADRL,-10613.328381783154,-8860.549486647826
875,2,A2C-MADRL,-8462.553770270057,-8788.255002942304
876,2,A2C-MADRL,-7985.435642665143,-8805.443663836239
877,2,A2C-MADRL,-8225.77495148616,-8762.929629789409
878,2,A2C-MADRL,-7909.684512909458,-8673.855907341906
879,2,A2C-MADRL,-8545.88691876984,-8606.308183780777
880,2,A2C-MADRL,-10208.572051954245,-8628.08520918751
881,2,A2C-MADRL,-7243.936812598428,-8554.082747524268
882,2,A2C-MADRL,-9484.052555558668,-8528.458387845372
883,2,A2C-MADRL,-10401.676170753612,-8576.329109187742
884,2,A2C-MADRL,-7800.484685095431,-8547.302997332094
885,2,A2C-MADRL,-6443.744717478716,-8519.330267427855
886,2,A2C-MADRL,-8255.204394893699,-8456.228446495184
887,2,A2C-MADRL,-10470.984108180262,-8553.132740070118
888,2,A2C-MADRL,-8330.297372399336,-8541.795005748481
889,2,A2C-MADRL,-7858.029250838248,-8499.257341556186
890,2,A2C-MADRL,-9253.617412819343,-8471.984253300448
891,2,A2C-MADRL,-8005.419403811997,-8521.23373175444
892,2,A2C-MADRL,-8325.244705953031,-8443.777357160772
893,2,A2C-MADRL,-8922.998298620176,-8446.819461882858
894,2,A2C-MADRL,-7481.469699438168,-8434.124298312634
895,2,A2C-MADRL,-9848.015132322964,-8527.349061462497
896,2,A2C-MADRL,-8790.929803983672,-8506.546794344715
897,2,A2C-MADRL,-6353.091611647076,-8499.261813796302
898,2,A2C-MADRL,-9338.859872891251,-8582.371689564887
899,2,A2C-MADRL,-9410.627217227177,-8534.263642982647
900,2,A2C-MADRL,-8924.757260712096,-8552.751782600328
901,2,A2C-MADRL,-6837.86977300037,-8506.849147813737
902,2,A2C-MADRL,-10132.602700218573,-8583.122257763032
903,2,A2C-MADRL,-8868.525362934564,-8621.475891764037
904,2,A2C-MADRL,-8538.93929473927,-8621.197986802816
905,2,A2C-MADRL,-7852.859845539426,-8526.969498546221
906,2,A2C-MADRL,-7687.685141049465,-8544.719431684263
907,2,A2C-MADRL,-7552.016164768699,-8467.437976052666
908,2,A2C-MADRL,-7292.4830721097405,-8343.07025210691
909,2,A2C-MADRL,-9143.290853474897,-8396.782498842089
910,2,A2C-MADRL,-7937.893748267179,-8456.548460073627
911,2,A2C-MADRL,-10579.581081574554,-8549.523527540861
912,2,A2C-MADRL,-9144.315586407763,-8496.45678666996
913,2,A2C-MADRL,-9843.286276850631,-8556.976342848013
914,2,A2C-MADRL,-8107.403463075359,-8566.951311337498
915,2,A2C-MADRL,-8553.589419657495,-8538.950191611024
916,2,A2C-MADRL,-9132.293008374896,-8584.02513579354
917,2,A2C-MADRL,-8607.309733038997,-8595.30773687698
918,2,A2C-MADRL,-11524.46180906356,-8699.366277294714
919,2,A2C-MADRL,-8151.279868630536,-8726.158684062408
920,2,A2C-MADRL,-10476.184241039324,-8751.285448411063
921,2,A2C-MADRL,-8318.214030820693,-8732.376817484543
922,2,A2C-MADRL,-8092.105197053061,-8801.937360900782
923,2,A2C-MADRL,-6265.741904382181,-8679.01264216042
924,2,A2C-MADRL,-9347.36216917328,-8676.482040238265
925,2,A2C-MADRL,-10018.921139166596,-8720.248595376443
926,2,A2C-MADRL,-8651.76090059639,-8792.804240480284
927,2,A2C-MADRL,-9243.441147773765,-8757.237778382494
928,2,A2C-MADRL,-8290.022352190923,-8734.097657952747
929,2,A2C-MADRL,-8626.979239921344,-8737.61925576003
930,2,A2C-MADRL,-8181.766416319368,-8750.775518591228
931,2,A2C-MADRL,-10401.082450458362,-8859.311410967584
932,2,A2C-MADRL,-9221.303676348372,-8926.082911430769
933,2,A2C-MADRL,-9004.580006132994,-8994.5667887917
934,2,A2C-MADRL,-6028.194719746851,-8869.962943442579
935,2,A2C-MADRL,-8954.518729754951,-8910.62794270209
936,2,A2C-MADRL,-8938.407600892377,-8844.981003474802
937,2,A2C-MADRL,-6809.645924628828,-8751.594217003645
938,2,A2C-MADRL,-9560.429029871262,-8740.279927124471
939,2,A2C-MADRL,-9384.08166376916,-8791.347055152222
940,2,A2C-MADRL,-9499.357094614956,-8829.17776215052
941,2,A2C-MADRL,-8766.948527654662,-8814.563982921713
942,2,A2C-MADRL,-8740.179248153634,-8819.878763526298
943,2,A2C-MADRL,-10383.947790542556,-8774.258202785457
944,2,A2C-MADRL,-7831.371181501776,-8761.461855300306
945,2,A2C-MADRL,-7903.890026827432,-8658.570086731832
946,2,A2C-MADRL,-6690.855428006107,-8593.475742619246
947,2,A2C-MADRL,-9805.70440785377,-8662.019711051276
948,2,A2C-MADRL,-6658.311058029167,-8677.722477197154
949,2,A2C-MADRL,-7484.589978936015,-8603.211589587663
950,2,A2C-MADRL,-8065.7051277239825,-8525.082949129961
951,2,A2C-MADRL,-8095.406756235857,-8502.828783355539
952,2,A2C-MADRL,-8288.91580063886,-8464.647769470143
953,2,A2C-MADRL,-6877.7662648548885,-8408.157525976701
954,2,A2C-MADRL,-8749.14721938794,-8413.044245155364
955,2,A2C-MADRL,-6517.15733756583,-8346.459882005223
956,2,A2C-MADRL,-7275.836050410489,-8221.45002600331
957,2,A2C-MADRL,-7362.619146055925,-8147.102644791611
958,2,A2C-MADRL,-8027.784912818315,-8108.030841059023
959,2,A2C-MADRL,-7875.691971236931,-8181.930731118627
960,2,A2C-MADRL,-7435.58774885517,-8121.173491882635
961,2,A2C-MADRL,-9573.853191409777,-8146.591315503332
962,2,A2C-MADRL,-6611.442723834234,-8138.663187471548
963,2,A2C-MADRL,-8414.695438577948,-8092.833843819814
964,2,A2C-MADRL,-7016.110125262199,-7998.114982279537
965,2,A2C-MADRL,-7629.429207758497,-7923.317866805279
966,2,A2C-MADRL,-7596.009998297062,-7876.480325630974
967,2,A2C-MADRL,-7452.162428370599,-7824.959652839652
968,2,A2C-MADRL,-9431.999481256673,-7786.881720468218
969,2,A2C-MADRL,-8482.069258088197,-7812.909643531676
970,2,A2C-MADRL,-9323.867122963948,-7869.708727377135
971,2,A2C-MADRL,-6961.026319268285,-7880.515563027622
972,2,A2C-MADRL,-9301.462179050057,-7860.345873875473
973,2,A2C-MADRL,-7474.032221388376,-7892.974720409843
974,2,A2C-MADRL,-9133.626802510556,-7958.936193352824
975,2,A2C-MADRL,-8020.775163641832,-7957.138994789537
976,2,A2C-MADRL,-7799.5340173194145,-7945.3040852328795
977,2,A2C-MADRL,-7010.414077624884,-7894.164016312321
978,2,A2C-MADRL,-6901.243115533185,-7895.103090339453
979,2,A2C-MADRL,-9583.90213956738,-7928.493287146631
980,2,A2C-MADRL,-7653.379698045588,-7973.942181565821
981,2,A2C-MADRL,-10375.452247383815,-8097.926829444753
982,2,A2C-MADRL,-8490.852166653378,-8143.056150268651
983,2,A2C-MADRL,-5521.059809134295,-8042.787146121292
984,2,A2C-MADRL,-8437.65282414985,-8065.2655802378085
985,2,A2C-MADRL,-9181.115368349949,-8135.086685017599
986,2,A2C-MADRL,-8120.67041164353,-8076.95937382695
987,2,A2C-MADRL,-6130.179239899107,-8057.708834469544
988,2,A2C-MADRL,-11846.550558710096,-8194.98303927483
989,2,A2C-MADRL,-8129.961289869983,-8239.537085859141
990,2,A2C-MADRL,-7717.485890482674,-8243.059353168108
991,2,A2C-MADRL,-10476.59177948422,-8358.282624415595
992,2,A2C-MADRL,-8391.397271856411,-8395.852018155028
993,2,A2C-MADRL,-7002.650641378974,-8298.67806455992
994,2,A2C-MADRL,-5803.544536783946,-8191.53707570775
995,2,A2C-MADRL,-7957.841417100194,-8136.896047473199
996,2,A2C-MADRL,-11326.149439497418,-8311.500972282365
997,2,A2C-MADRL,-5044.117778810873,-8141.207196272798
998,2,A2C-MADRL,-8004.649366751223,-8162.431882087311
999,2,A2C-MADRL,-6944.366709353459,-8074.8614783610265
1000,2,A2C-MADRL,-7772.488771766857,-8064.930022686029
1001,2,A2C-MADRL,-8307.38903448209,-8307.38903448209
1002,2,A2C-MADRL,-8061.961930210749,-8184.67548234642
1003,2,A2C-MADRL,-8886.040990815085,-8418.463985169308
1004,2,A2C-MADRL,-7784.454343916986,-8259.961574856228
1005,2,A2C-MADRL,-8413.383506057064,-8290.645961096394
1006,2,A2C-MADRL,-6843.5445280633085,-8049.462388924214
1007,2,A2C-MADRL,-7761.612579883358,-8008.340987632662
1008,2,A2C-MADRL,-9255.613896531817,-8164.2501012450575
1009,2,A2C-MADRL,-8345.796481736485,-8184.42192129966
1010,2,A2C-MADRL,-9519.07570317877,-8317.887299487571
1011,2,A2C-MADRL,-7769.388966585842,-8268.023814678323
1012,2,A2C-MADRL,-9745.383234475225,-8391.137099661399
1013,2,A2C-MADRL,-7554.039905331536,-8326.74500778987
1014,2,A2C-MADRL,-9380.857674176394,-8402.038769674622
1015,2,A2C-MADRL,-8599.182371394027,-8415.181676455915
1016,2,A2C-MADRL,-9475.133406843044,-8481.428659605112
1017,2,A2C-MADRL,-7534.214935571879,-8425.710205250216
1018,2,A2C-MADRL,-6440.388476815001,-8315.414553670482
1019,2,A2C-MADRL,-8756.87562006341,-8338.649346638531
1020,2,A2C-MADRL,-8503.777016210104,-8346.905730117109
1021,2,A2C-MADRL,-9532.8460792302,-8403.379080074876
1022,2,A2C-MADRL,-7785.213526474705,-8375.280645820321
1023,2,A2C-MADRL,-8993.993551255533,-8402.181206926201
1024,2,A2C-MADRL,-7844.6279412036,-8378.949820854426
1025,2,A2C-MADRL,-7909.709344513642,-8360.180201800795
1026,2,A2C-MADRL,-7508.739880104606,-8328.234235625694
1027,2,A2C-MADRL,-7480.720738108859,-8304.984587941619
1028,2,A2C-MADRL,-7884.114297850422,-8264.907520223032
1029,2,A2C-MADRL,-7351.672208386383,-8247.59623480181
1030,2,A2C-MADRL,-10315.585665888591,-8323.684321195069
1031,2,A2C-MADRL,-8079.342380695271,-8373.11623530035
1032,2,A2C-MADRL,-9316.28520855344,-8435.303140447151
1033,2,A2C-MADRL,-8234.76313577632,-8394.469110016933
1034,2,A2C-MADRL,-9734.85322550082,-8450.031379767504
1035,2,A2C-MADRL,-9316.728873409218,-8441.937506576724
1036,2,A2C-MADRL,-8909.580828002669,-8487.545181033394
1037,2,A2C-MADRL,-8537.660004511483,-8439.236251834845
1038,2,A2C-MADRL,-7401.998470072776,-8433.154594424495
1039,2,A2C-MADRL,-6746.486191297539,-8327.779735109341
1040,2,A2C-MADRL,-8354.544953986859,-8317.994238413055
1041,2,A2C-MADRL,-8719.584102125831,-8287.772266224367
1042,2,A2C-MADRL,-7185.737265634216,-8273.83315942686
1043,2,A2C-MADRL,-8844.418513974271,-8369.99436091323
1044,2,A2C-MADRL,-7825.845857368767,-8332.753170405445
1045,2,A2C-MADRL,-8692.87331284386,-8340.317022270796
1046,2,A2C-MADRL,-7347.331924244757,-8252.896456071378
1047,2,A2C-MADRL,-7166.861109846738,-8228.162359406258
1048,2,A2C-MADRL,-7326.956892364993,-8161.480893050637
1049,2,A2C-MADRL,-6453.498256895553,-8105.835705678315
1050,2,A2C-MADRL,-7884.808116212774,-8104.839656546281
1051,2,A2C-MADRL,-7011.469233247541,-8084.948830671999
1052,2,A2C-MADRL,-8302.82940035781,-8117.833177161957
1053,2,A2C-MADRL,-7525.282474158649,-8103.479904214285
1054,2,A2C-MADRL,-8539.62957218287,-8150.998198766145
1055,2,A2C-MADRL,-10036.277409732074,-8139.825868519883
1056,2,A2C-MADRL,-5880.727507254455,-8051.88127358225
1057,2,A2C-MADRL,-7467.184572032811,-7977.917248121426
1058,2,A2C-MADRL,-8865.3673620798,-8003.141417173565
1059,2,A2C-MADRL,-9050.374113289052,-7975.762252685095
1060,2,A2C-MADRL,-8955.320403633585,-7961.30591389407
1061,2,A2C-MADRL,-9830.8426183352,-7998.156385507372
1062,2,A2C-MADRL,-8476.372746153931,-7995.704895173068
1063,2,A2C-MADRL,-7430.203798936613,-7996.833108327622
1064,2,A2C-MADRL,-8978.669575834234,-8086.12044370909
1065,2,A2C-MADRL,-8240.867653206285,-8081.573351677867
1066,2,A2C-MADRL,-9121.980502327517,-8097.669207685934
1067,2,A2C-MADRL,-7798.782976887001,-8122.191036136046
1068,2,A2C-MADRL,-8977.56508939192,-8127.516899152752
1069,2,A2C-MADRL,-8955.638695084188,-8172.7086126613685
1070,2,A2C-MADRL,-7351.903433436535,-8119.069817485076
1071,2,A2C-MADRL,-8398.433402058468,-8161.113876597624
1072,2,A2C-MADRL,-7084.163106130938,-8157.805956448992
1073,2,A2C-MADRL,-9391.29429601842,-8240.379452595129
1074,2,A2C-MADRL,-8975.028641856412,-8341.240667993563
1075,2,A2C-MADRL,-9573.314866344272,-8408.780937998823
1076,2,A2C-MADRL,-7579.958317829501,-8431.520501382101
1077,2,A2C-MADRL,-8699.394886972354,-8447.383120846684
1078,2,A2C-MADRL,-7637.340834284632,-8451.865455251722
1079,2,A2C-MADRL,-5769.229733958883,-8341.049461722763
1080,2,A2C-MADRL,-8037.326780489659,-8261.091436553066
1081,2,A2C-MADRL,-8931.6614577334,-8383.128794572225
1082,2,A2C-MADRL,-8187.700738791811,-8411.949441242583
1083,2,A2C-MADRL,-10324.100194247632,-8470.298754529298
1084,2,A2C-MADRL,-7481.096551868784,-8407.527652072486
1085,2,A2C-MADRL,-7592.570295840113,-8353.017647760747
1086,2,A2C-MADRL,-8234.00278046956,-8289.144054246122
1087,2,A2C-MADRL,-9963.750016840942,-8348.639145073603
1088,2,A2C-MADRL,-8208.645660284823,-8379.776819527531
1089,2,A2C-MADRL,-8092.416035971391,-8344.326677933017
1090,2,A2C-MADRL,-7473.920973337565,-8313.648810738268
1091,2,A2C-MADRL,-8172.621771757381,-8275.674461515464
1092,2,A2C-MADRL,-7989.247814185033,-8283.293055007385
1093,2,A2C-MADRL,-6202.614843528342,-8172.295045172841
1094,2,A2C-MADRL,-8398.40038870605,-8150.005512917716
1095,2,A2C-MADRL,-7116.131343242127,-8140.57462930994
1096,2,A2C-MADRL,-7559.955840242248,-8107.035526837291
1097,2,A2C-MADRL,-9655.896720876017,-8209.904871427094
1098,2,A2C-MADRL,-8636.300319276896,-8179.705112357433
1099,2,A2C-MADRL,-5791.599369999053,-8052.367941483139
1100,2,A2C-MADRL,-10081.362439912731,-8072.689844425877
1101,2,A2C-MADRL,-8473.744640565588,-8108.441297335321
1102,2,A2C-MADRL,-8560.130370999927,-8102.870716696423
1103,2,A2C-MADRL,-9044.82172087902,-8159.1699521601995
1104,2,A2C-MADRL,-7101.948009718076,-8212.478683190568
1105,2,A2C-MADRL,-7371.607640609177,-8185.849917595348
1106,2,A2C-MADRL,-7626.940396483671,-8133.661075145359
1107,2,A2C-MADRL,-8176.6435107380385,-8133.218786023208
1108,2,A2C-MADRL,-7070.92269042646,-8003.09168587036
1109,2,A2C-MADRL,-7498.583280565821,-8003.791155018243
1110,2,A2C-MADRL,-8958.232507600986,-8058.417643488677
1111,2,A2C-MADRL,-10347.140876731346,-8142.943167339148
1112,2,A2C-MADRL,-6568.859005386412,-8007.147526880967
1113,2,A2C-MADRL,-8880.484469144045,-8034.021079235336
1114,2,A2C-MADRL,-7950.435450558447,-8028.341855818818
1115,2,A2C-MADRL,-10455.445639649844,-8147.602842471309
1116,2,A2C-MADRL,-8299.83158221051,-8152.691234889435
1117,2,A2C-MADRL,-7711.620182930979,-8141.586129639273
1118,2,A2C-MADRL,-6406.953926448995,-8149.759692956099
1119,2,A2C-MADRL,-8292.297417660706,-8145.515574114284
1120,2,A2C-MADRL,-7198.43375815574,-8148.807670710829
1121,2,A2C-MADRL,-9852.850435618642,-8240.523454525885
1122,2,A2C-MADRL,-9037.17015902024,-8215.774392051653
1123,2,A2C-MADRL,-9374.650505860343,-8245.308399514992
1124,2,A2C-MADRL,-7424.762522318515,-8310.634925607772
1125,2,A2C-MADRL,-8384.160870850683,-8242.746862845288
1126,2,A2C-MADRL,-7805.227732396839,-8216.006186518538
1127,2,A2C-MADRL,-8897.400226981532,-8229.496980757804
1128,2,A2C-MADRL,-7236.853318934513,-8157.178244680023
1129,2,A2C-MADRL,-8371.22929727504,-8207.9494961823
1130,2,A2C-MADRL,-7691.681969310036,-8220.752469330335
1131,2,A2C-MADRL,-9070.572512679568,-8278.497753978172
1132,2,A2C-MADRL,-8492.608778744054,-8291.136364698412
1133,2,A2C-MADRL,-7203.681222667397,-8296.44670598805
1134,2,A2C-MADRL,-9112.361137536436,-8360.997820266874
1135,2,A2C-MADRL,-7510.696244398789,-8303.096369738785
1136,2,A2C-MADRL,-8643.168304767863,-8234.937466860247
1137,2,A2C-MADRL,-8538.485347679034,-8313.722520551952
1138,2,A2C-MADRL,-6624.602600508003,-8223.487245806511
1139,2,A2C-MADRL,-5999.656041274937,-8145.45606943517
1140,2,A2C-MADRL,-6676.787833095639,-7994.309757173002
1141,2,A2C-MADRL,-8114.765911497301,-7986.9071303444725
1142,2,A2C-MADRL,-9129.672994854302,-8043.629242821406
1143,2,A2C-MADRL,-5663.194896806135,-8013.878881635693
1144,2,A2C-MADRL,-9559.22257753333,-8064.555888030596
1145,2,A2C-MADRL,-7824.771060505588,-8089.60938012459
1146,2,A2C-MADRL,-6500.298744943307,-7955.507312497577
1147,2,A2C-MADRL,-6986.396734585235,-7873.476375520177
1148,2,A2C-MADRL,-10056.2966806268,-7900.742222510835
1149,2,A2C-MADRL,-6629.977007315507,-7868.950801910713
1150,2,A2C-MADRL,-7102.506608346136,-7817.684631410533
1151,2,A2C-MADRL,-8533.975154068834,-7846.834528277413
1152,2,A2C-MADRL,-8674.64752915544,-7837.924420364368
1153,2,A2C-MADRL,-8192.786964571957,-7876.161766189866
1154,2,A2C-MADRL,-10479.989998581608,-7960.512194242129
1155,2,A2C-MADRL,-6793.016754040547,-7924.56558563135
1156,2,A2C-MADRL,-7573.56429691308,-7864.68525700069
1157,2,A2C-MADRL,-10064.20726580859,-7927.549196483272
1158,2,A2C-MADRL,-9483.121152871256,-8018.726793691426
1159,2,A2C-MADRL,-7415.099166294805,-7950.83631484176
1160,2,A2C-MADRL,-8714.730845648173,-7998.997698891737
1161,2,A2C-MADRL,-9089.146895827767,-8016.836842534132
1162,2,A2C-MADRL,-9185.7831526951,-8042.728754734775
1163,2,A2C-MADRL,-7645.795377356881,-8083.576465808729
1164,2,A2C-MADRL,-7637.974895981471,-8149.109219996992
1165,2,A2C-MADRL,-6749.932642953199,-8152.035012391293
1166,2,A2C-MADRL,-9107.393217957742,-8191.740104649712
1167,2,A2C-MADRL,-8914.816946357627,-8183.145862709845
1168,2,A2C-MADRL,-7196.194995705292,-8244.46586666581
1169,2,A2C-MADRL,-8320.247830140153,-8194.906876770085
1170,2,A2C-MADRL,-7515.786053728562,-8182.547476499003
1171,2,A2C-MADRL,-9258.009450828133,-8292.855904734395
1172,2,A2C-MADRL,-8392.890705772294,-8349.115663581879
1173,2,A2C-MADRL,-6488.707712113128,-8206.41210484133
1174,2,A2C-MADRL,-8087.602435842719,-8264.717121982421
1175,2,A2C-MADRL,-7806.172785289632,-8292.863769060159
1176,2,A2C-MADRL,-8972.763781164067,-8310.41531414397
1177,2,A2C-MADRL,-9342.010318744484,-8337.109825727532
1178,2,A2C-MADRL,-6358.598657009692,-8263.74229342504
1179,2,A2C-MADRL,-9493.08222189073,-8224.265982357405
1180,2,A2C-MADRL,-8040.639792784503,-8274.170903907163
1181,2,A2C-MADRL,-6703.009570840595,-8239.348714864265
1182,2,A2C-MADRL,-7955.181942621469,-8154.987701936779
1183,2,A2C-MADRL,-10053.491731469348,-8177.802525080702
1184,2,A2C-MADRL,-8076.783192717833,-8204.269886137625
1185,2,A2C-MADRL,-7888.293550521119,-8171.212394332541
1186,2,A2C-MADRL,-8236.550222633352,-8137.108527404765
1187,2,A2C-MADRL,-6680.260959383678,-8036.887639672308
1188,2,A2C-MADRL,-6348.926229294426,-7985.01287374981
1189,2,A2C-MADRL,-5982.981499971404,-7918.813137909407
1190,2,A2C-MADRL,-8706.338557581348,-7997.069374494534
1191,2,A2C-MADRL,-10530.59395144592,-8053.997403834061
1192,2,A2C-MADRL,-7845.0070612713935,-8011.205008430611
1193,2,A2C-MADRL,-11224.211512903825,-8172.3256691185525
1194,2,A2C-MADRL,-9354.53532966098,-8213.697169099385
1195,2,A2C-MADRL,-8524.897261247585,-8254.061617400146
1196,2,A2C-MADRL,-7892.015300275334,-8199.421851378032
1197,2,A2C-MADRL,-8100.240707093152,-8187.7158514308685
1198,2,A2C-MADRL,-6566.205329892067,-8190.815756142027
1199,2,A2C-MADRL,-9235.049078742832,-8236.71362185803
1200,2,A2C-MADRL,-7447.432896206135,-8222.36402629469
1201,2,A2C-MADRL,-11348.660748585771,-8317.39990499156
1202,2,A2C-MADRL,-8568.067808673779,-8286.442204588731
1203,2,A2C-MADRL,-8571.816630348843,-8374.970923522296
1204,2,A2C-MADRL,-8834.369917462272,-8348.622431345158
1205,2,A2C-MADRL,-8043.966471995389,-8348.755498513594
1206,2,A2C-MADRL,-7504.73146711457,-8380.824374364553
1207,2,A2C-MADRL,-9347.714148961397,-8436.52566261815
1208,2,A2C-MADRL,-8461.71242421379,-8372.854490327929
1209,2,A2C-MADRL,-7318.375949607762,-8342.518200603525
1210,2,A2C-MADRL,-9042.01326875594,-8388.666989332918
1211,2,A2C-MADRL,-7907.524415128073,-8375.505957032707
1212,2,A2C-MADRL,-9167.942680818023,-8475.01322589008
1213,2,A2C-MADRL,-7337.726403362505,-8514.565232852805
1214,2,A2C-MADRL,-8802.28355799711,-8627.337315173832
1215,2,A2C-MADRL,-7051.061813973276,-8561.126245429508
1216,2,A2C-MADRL,-8855.84299877772,-8494.136207322781
1217,2,A2C-MADRL,-8711.472036571085,-8528.794806334767
1218,2,A2C-MADRL,-10563.605395528082,-8502.37056163974
1219,2,A2C-MADRL,-8189.734783159198,-8455.778539779669
1220,2,A2C-MADRL,-7296.502623250686,-8406.642754259792
1221,2,A2C-MADRL,-6803.185020392417,-8363.089543064476
1222,2,A2C-MADRL,-8034.263277024042,-8360.450445861712
1223,2,A2C-MADRL,-8747.651221764412,-8447.708281536605
1224,2,A2C-MADRL,-7928.843994387938,-8395.460078162409
1225,2,A2C-MADRL,-8908.763571365462,-8453.913305168782
1226,2,A2C-MADRL,-8225.643869727883,-8328.992630014465
1227,2,A2C-MADRL,-9677.90316634709,-8373.386044321398
1228,2,A2C-MADRL,-6653.142125420628,-8296.63906412427
1229,2,A2C-MADRL,-8214.506325005306,-8271.844520425992
1230,2,A2C-MADRL,-6648.5958882276045,-8216.02969707528
1231,2,A2C-MADRL,-8872.342004477432,-8270.734118569795
1232,2,A2C-MADRL,-7900.19099752588,-8212.833192512375
1233,2,A2C-MADRL,-7854.980730705096,-8188.5639247720255
1234,2,A2C-MADRL,-8320.733704192964,-8228.658234955434
1235,2,A2C-MADRL,-8726.326210826659,-8216.030752638262
1236,2,A2C-MADRL,-7953.213213203207,-8217.858304561269
1237,2,A2C-MADRL,-8514.2185913574,-8191.709340982843
1238,2,A2C-MADRL,-8557.640299613247,-8240.505896832874
1239,2,A2C-MADRL,-7445.4685617301075,-8186.233296982192
1240,2,A2C-MADRL,-7954.280444871334,-8222.362042218116
1241,2,A2C-MADRL,-9437.81728803306,-8245.641013788329
1242,2,A2C-MADRL,-6576.917066708948,-8160.258814993843
1243,2,A2C-MADRL,-5988.620241898174,-7977.259408848647
1244,2,A2C-MADRL,-8726.568895016848,-7998.732773322953
1245,2,A2C-MADRL,-7855.713977285461,-8021.101227484344
1246,2,A2C-MADRL,-8261.634670218951,-8079.439213477406
1247,2,A2C-MADRL,-7974.934381995688,-8077.066057676271
1248,2,A2C-MADRL,-8389.36990577833,-8062.734805036828
1249,2,A2C-MADRL,-7579.658778338956,-8048.767396394869
1250,2,A2C-MADRL,-9106.092990887177,-8056.660573175737
1251,2,A2C-MADRL,-6825.625334013643,-8000.659831747167
1252,2,A2C-MADRL,-9346.850229759562,-7987.417714283667
1253,2,A2C-MADRL,-6212.274302056978,-7969.78300134912
1254,2,A2C-MADRL,-7833.296421833089,-7954.534605222233
1255,2,A2C-MADRL,-7617.679262081059,-7993.2979401763705
1256,2,A2C-MADRL,-7329.038914954227,-7931.565816595441
1257,2,A2C-MADRL,-8083.759346072133,-7938.908550537291
1258,2,A2C-MADRL,-6905.164724009611,-7900.915910269472
1259,2,A2C-MADRL,-8272.984993323676,-7899.005961834701
1260,2,A2C-MADRL,-8068.056186080472,-7872.675160844853
1261,2,A2C-MADRL,-7605.000270886747,-7858.746643152195
1262,2,A2C-MADRL,-8388.299529154281,-7853.709880664071
1263,2,A2C-MADRL,-6393.373940081263,-7767.13922628279
1264,2,A2C-MADRL,-7852.169907204787,-7783.407280101778
1265,2,A2C-MADRL,-8555.742886521683,-7807.465777767792
1266,2,A2C-MADRL,-7744.42458259767,-7739.730069550377
1267,2,A2C-MADRL,-8363.624704761582,-7811.198375072481
1268,2,A2C-MADRL,-6602.266179491977,-7835.744212576234
1269,2,A2C-MADRL,-9985.079433160776,-7886.084634101991
1270,2,A2C-MADRL,-8694.935678493392,-7919.653502150309
1271,2,A2C-MADRL,-9966.667787288106,-7987.854826833075
1272,2,A2C-MADRL,-7182.607801135054,-7956.161763598649
1273,2,A2C-MADRL,-8534.704898134041,-7961.975163292878
1274,2,A2C-MADRL,-7616.241329142888,-7963.4384653250345
1275,2,A2C-MADRL,-8564.408284951862,-7941.771077087622
1276,2,A2C-MADRL,-9085.601915387842,-8032.1701403425905
1277,2,A2C-MADRL,-8026.218287963476,-7979.344862670747
1278,2,A2C-MADRL,-7375.076840691543,-8025.85696421613
1279,2,A2C-MADRL,-7757.059113133113,-8022.80747186813
1280,2,A2C-MADRL,-10458.1848679206,-8136.427696101712
1281,2,A2C-MADRL,-7675.449750964442,-8150.28412954212
1282,2,A2C-MADRL,-6720.209818570727,-8095.742148442065
1283,2,A2C-MADRL,-4220.250266277402,-7988.345570132777
1284,2,A2C-MADRL,-9451.039458310066,-8035.4677487322315
1285,2,A2C-MADRL,-8197.11585283745,-8040.630135402511
1286,2,A2C-MADRL,-6015.231007795759,-7977.03936487887
1287,2,A2C-MADRL,-10329.194899209146,-8054.675179681067
1288,2,A2C-MADRL,-7061.264933272585,-8081.390819408719
1289,2,A2C-MADRL,-7267.937936938084,-8058.021540598051
1290,2,A2C-MADRL,-7773.930567134596,-8026.749047822568
1291,2,A2C-MADRL,-8370.956214415124,-8051.810313095265
1292,2,A2C-MADRL,-6761.402614352507,-7987.721429478902
1293,2,A2C-MADRL,-6589.644336803,-7987.216555771343
1294,2,A2C-MADRL,-9339.123382844857,-7961.378313758707
1295,2,A2C-MADRL,-7020.540783023738,-7894.4025179399205
1296,2,A2C-MADRL,-7987.440757183423,-7815.2334367357325
1297,2,A2C-MADRL,-7071.860719807061,-7810.803553482613
1298,2,A2C-MADRL,-9458.983341362116,-7847.774691211736
1299,2,A2C-MADRL,-7222.5900341865,-7832.02863941348
1300,2,A2C-MADRL,-6473.774749033,-7748.403297976727
1301,2,A2C-MADRL,-10263.339013104613,-7795.512781885398
1302,2,A2C-MADRL,-8819.447374728521,-7827.241945355999
1303,2,A2C-MADRL,-10221.003531407456,-7941.079012984635
1304,2,A2C-MADRL,-7508.813183935026,-7931.149175816711
1305,2,A2C-MADRL,-8898.023863705195,-7868.742735648096
1306,2,A2C-MADRL,-8773.15271568588,-7912.650854236954
1307,2,A2C-MADRL,-7859.648498910111,-7958.2284014505285
1308,2,A2C-MADRL,-8523.75361318911,-8130.368535326997
1309,2,A2C-MADRL,-8952.034414061796,-8110.408333557067
1310,2,A2C-MADRL,-8205.938842919404,-8110.7612531603445
1311,2,A2C-MADRL,-6035.968928255139,-8111.590769978719
1312,2,A2C-MADRL,-9107.42216781377,-8062.719860722905
1313,2,A2C-MADRL,-8809.432042934714,-8132.646545109389
1314,2,A2C-MADRL,-9196.589008596771,-8209.792587975737
1315,2,A2C-MADRL,-8604.216995226063,-8243.004045099395
1316,2,A2C-MADRL,-5981.85819167227,-8147.440124189681
1317,2,A2C-MADRL,-9002.230930987516,-8237.073256855081
1318,2,A2C-MADRL,-8984.337901700232,-8332.860999450972
1319,2,A2C-MADRL,-7102.488792475301,-8243.395615836189
1320,2,A2C-MADRL,-9025.34236233445,-8323.587679008619
1321,2,A2C-MADRL,-9101.358815042511,-8368.144401322981
1322,2,A2C-MADRL,-7447.26281843082,-8383.160485267932
1323,2,A2C-MADRL,-7857.001603019536,-8319.081215734228
1324,2,A2C-MADRL,-7521.28953689474,-8331.029195842559
1325,2,A2C-MADRL,-11092.836154688326,-8515.79165206877
1326,2,A2C-MADRL,-6896.334713485035,-8381.111480083988
1327,2,A2C-MADRL,-11229.9106587406,-8477.53001144447
1328,2,A2C-MADRL,-7100.884046368161,-8352.7252320429
1329,2,A2C-MADRL,-8293.62501437811,-8384.117705260622
1330,2,A2C-MADRL,-9819.722044166703,-8420.985632479082
1331,2,A2C-MADRL,-10143.648321466482,-8475.805456710308
1332,2,A2C-MADRL,-7810.92573212452,-8473.856546038884
1333,2,A2C-MADRL,-10249.152404240203,-8542.872497680928
1334,2,A2C-MADRL,-8126.807119921452,-8509.863405915312
1335,2,A2C-MADRL,-7282.825415783601,-8472.938868829882
1336,2,A2C-MADRL,-6688.947572471357,-8499.05801459853
1337,2,A2C-MADRL,-7528.759647354895,-8435.911513780175
1338,2,A2C-MADRL,-8560.138244054124,-8425.939761824951
1339,2,A2C-MADRL,-7522.11733231389,-8358.960894773634
1340,2,A2C-MADRL,-8175.793090628502,-8341.823938589734
1341,2,A2C-MADRL,-7559.869139103377,-8404.944376486977
1342,2,A2C-MADRL,-5926.681251954416,-8281.922389325655
1343,2,A2C-MADRL,-7097.716701311345,-8206.4575413101
1344,2,A2C-MADRL,-9999.890658183407,-8322.353615938422
1345,2,A2C-MADRL,-8321.029895137324,-8294.181117250537
1346,2,A2C-MADRL,-7755.304814127012,-8240.338957213919
1347,2,A2C-MADRL,-7963.292780490521,-8260.980155696305
1348,2,A2C-MADRL,-7191.700469136658,-8234.36811034099
1349,2,A2C-MADRL,-8455.586843385025,-8271.740002600602
1350,2,A2C-MADRL,-8928.202880774012,-8185.15467164403
1351,2,A2C-MADRL,-8097.317991554079,-8233.194002766792
1352,2,A2C-MADRL,-6810.332941230474,-8056.4108940663855
1353,2,A2C-MADRL,-8708.127155352968,-8120.700618425778
1354,2,A2C-MADRL,-8077.179179140303,-8112.042785016266
1355,2,A2C-MADRL,-7508.575107793546,-8019.59690756134
1356,2,A2C-MADRL,-9359.23439743316,-7988.220350600006
1357,2,A2C-MADRL,-9627.257684847908,-8060.873628708942
1358,2,A2C-MADRL,-7394.051142938844,-7946.669578256888
1359,2,A2C-MADRL,-8681.653323657807,-7968.863426406343
1360,2,A2C-MADRL,-7518.961981467617,-7978.308889033702
1361,2,A2C-MADRL,-7252.186903321185,-8000.838462267696
1362,2,A2C-MADRL,-7226.22443673081,-7988.737053842733
1363,2,A2C-MADRL,-10534.42970895076,-8067.708712438598
1364,2,A2C-MADRL,-7485.621373911019,-8066.248874102484
1365,2,A2C-MADRL,-7617.625271811336,-8043.922161349797
1366,2,A2C-MADRL,-7092.0463135366,-8025.209248327126
1367,2,A2C-MADRL,-7595.222760702703,-8091.950908677057
1368,2,A2C-MADRL,-8734.542644439643,-8157.423946402188
1369,2,A2C-MADRL,-8206.888839420124,-8085.703873651658
1370,2,A2C-MADRL,-8916.419263057043,-8109.519448368445
1371,2,A2C-MADRL,-10096.81658220652,-8203.179919091626
1372,2,A2C-MADRL,-9466.016380844649,-8263.288863105792
1373,2,A2C-MADRL,-8252.645850432342,-8305.72667835762
1374,2,A2C-MADRL,-6725.860111072308,-8236.537609065112
1375,2,A2C-MADRL,-7537.035619738216,-8180.890918623678
1376,2,A2C-MADRL,-7529.926317615203,-8158.195251666123
1377,2,A2C-MADRL,-6555.4169897785305,-8147.998613608046
1378,2,A2C-MADRL,-5643.621738276577,-8025.41839692499
1379,2,A2C-MADRL,-8701.051630625221,-8050.373294984387
1380,2,A2C-MADRL,-6558.009286856018,-8012.350662146886
1381,2,A2C-MADRL,-7832.226753014639,-7951.270356370145
1382,2,A2C-MADRL,-7256.709744365852,-7856.448438750863
1383,2,A2C-MADRL,-6790.000433162792,-7832.28641035982
1384,2,A2C-MADRL,-8592.81779422691,-7828.732989182585
1385,2,A2C-MADRL,-8391.864767261592,-7863.649100614344
1386,2,A2C-MADRL,-7832.817843988516,-7886.874338241037
1387,2,A2C-MADRL,-9079.868008070009,-7961.020081094604
1388,2,A2C-MADRL,-6588.140525002356,-7803.168513736669
1389,2,A2C-MADRL,-6890.0810119494345,-7779.346899258206
1390,2,A2C-MADRL,-7796.074024506135,-7786.484849365997
1391,2,A2C-MADRL,-7556.786489675398,-7805.074456411548
1392,2,A2C-MADRL,-6897.095158075065,-7777.149352306445
1393,2,A2C-MADRL,-8164.044563355631,-7754.329429063084
1394,2,A2C-MADRL,-8563.415633793184,-7768.590500838006
1395,2,A2C-MADRL,-7499.615453675204,-7711.918348462732
1396,2,A2C-MADRL,-6734.394583853697,-7577.42146852862
1397,2,A2C-MADRL,-8644.750746134836,-7544.570843140225
1398,2,A2C-MADRL,-8927.1056358922,-7571.549234558621
1399,2,A2C-MADRL,-6799.742342593334,-7574.504523819462
1400,2,A2C-MADRL,-8428.69715932454,-7610.170985402915
1401,2,A2C-MADRL,-8146.150969853677,-7634.819971492455
1402,2,A2C-MADRL,-9281.301404611546,-7743.855348085774
1403,2,A2C-MADRL,-6305.245826945673,-7770.320311632539
1404,2,A2C-MADRL,-9733.353244986942,-7811.612376207007
1405,2,A2C-MADRL,-7471.513235401402,-7848.152534148822
1406,2,A2C-MADRL,-7192.435222191276,-7822.560872915888
1407,2,A2C-MADRL,-8681.157021412871,-7879.538763997769
1408,2,A2C-MADRL,-8209.87136057532,-7936.33360109427
1409,2,A2C-MADRL,-8656.676966390867,-7938.887967980828
1410,2,A2C-MADRL,-9794.457470839465,-7994.991676123943
1411,2,A2C-MADRL,-8788.885665978998,-8033.234389003563
1412,2,A2C-MADRL,-8145.887563663288,-7995.875171227293
1413,2,A2C-MADRL,-7351.396877044846,-8026.405425308994
1414,2,A2C-MADRL,-8804.324427178526,-8102.975161918156
1415,2,A2C-MADRL,-7843.952907127968,-8104.89031722303
1416,2,A2C-MADRL,-8587.70257619414,-8146.1269606837795
1417,2,A2C-MADRL,-7228.695198367749,-8159.390962295487
1418,2,A2C-MADRL,-7560.407442240137,-8135.245477450867
1419,2,A2C-MADRL,-8744.184361789763,-8142.47622657073
1420,2,A2C-MADRL,-7839.715577109528,-8156.080231508104
1421,2,A2C-MADRL,-8652.945847704406,-8232.82228206213
1422,2,A2C-MADRL,-7667.932991628998,-8193.7495718819
1423,2,A2C-MADRL,-7038.865558221891,-8118.219968775086
1424,2,A2C-MADRL,-7250.079452818345,-8136.233453184087
1425,2,A2C-MADRL,-8818.127237122419,-8151.810656296002
1426,2,A2C-MADRL,-8833.199966151424,-8179.292616147911
1427,2,A2C-MADRL,-7659.654358627204,-8114.4267343085385
1428,2,A2C-MADRL,-6619.645062566806,-8127.002703733382
1429,2,A2C-MADRL,-8103.025816125467,-8061.789606578924
1430,2,A2C-MADRL,-7776.800251417992,-8074.001087219588
1431,2,A2C-MADRL,-6205.309148068945,-8034.516044254695
1432,2,A2C-MADRL,-6899.157230284611,-7963.236052609564
1433,2,A2C-MADRL,-7002.185895823346,-7914.928634019485
1434,2,A2C-MADRL,-7138.245480886229,-7854.191374599299
1435,2,A2C-MADRL,-8139.355761625288,-7787.987306230733
1436,2,A2C-MADRL,-7786.522933175722,-7747.892796918601
1437,2,A2C-MADRL,-7567.5754516268225,-7724.760312437143
1438,2,A2C-MADRL,-8076.942522664869,-7753.782138261943
1439,2,A2C-MADRL,-8234.066045039339,-7730.971802976376
1440,2,A2C-MADRL,-8306.258989585815,-7749.46404627469
1441,2,A2C-MADRL,-7011.938048185164,-7686.433465154331
1442,2,A2C-MADRL,-8242.488676384546,-7726.9852042750035
1443,2,A2C-MADRL,-9146.73731614148,-7790.438399231057
1444,2,A2C-MADRL,-8808.530138549917,-7793.012230301462
1445,2,A2C-MADRL,-8625.888446070232,-7824.459145059891
1446,2,A2C-MADRL,-7343.465551101692,-7772.079933195782
1447,2,A2C-MADRL,-8847.280338077162,-7819.253827053709
1448,2,A2C-MADRL,-8772.399755029135,-7888.595194925999
1449,2,A2C-MADRL,-7418.908665816503,-7895.348363445925
1450,2,A2C-MADRL,-8327.65151538397,-7875.729334576387
1451,2,A2C-MADRL,-7715.117195923368,-7831.006023767264
1452,2,A2C-MADRL,-6306.348152664549,-7776.8737755287575
1453,2,A2C-MADRL,-9119.414055950696,-7876.864535264114
1454,2,A2C-MADRL,-7447.185299197208,-7850.630914586984
1455,2,A2C-MADRL,-9118.566125483396,-7904.3015495496
1456,2,A2C-MADRL,-7556.64075749405,-7958.354813926604
1457,2,A2C-MADRL,-9050.691539033627,-8044.416186276565
1458,2,A2C-MADRL,-6554.749753061187,-8026.51874056608
1459,2,A2C-MADRL,-8157.521920216999,-8067.289798139311
1460,2,A2C-MADRL,-7363.275817734805,-8036.24660038369
1461,2,A2C-MADRL,-8205.02067961993,-8052.986510241459
1462,2,A2C-MADRL,-7202.099199823328,-8038.367460169319
1463,2,A2C-MADRL,-8219.980938728757,-8044.0889968118745
1464,2,A2C-MADRL,-7458.817570197003,-8013.07905781818
1465,2,A2C-MADRL,-8711.186435548863,-8029.276155656703
1466,2,A2C-MADRL,-7708.083612040995,-8057.1219782109365
1467,2,A2C-MADRL,-8870.689651210669,-8082.250017203981
1468,2,A2C-MADRL,-7228.138043200361,-8005.506046286337
1469,2,A2C-MADRL,-7811.652643059359,-7965.630946466715
1470,2,A2C-MADRL,-7769.678334335549,-7931.382541997326
1471,2,A2C-MADRL,-9015.515642722234,-7998.2645456621485
1472,2,A2C-MADRL,-7446.140299019113,-7942.218944099827
1473,2,A2C-MADRL,-6611.218526061066,-7855.771694941102
1474,2,A2C-MADRL,-8224.041912807183,-7887.9770248207315
1475,2,A2C-MADRL,-7552.857394027488,-7856.985259966471
1476,2,A2C-MADRL,-10021.211315669838,-7949.229024756331
1477,2,A2C-MADRL,-7499.365224632634,-7996.9497076350535
1478,2,A2C-MADRL,-8002.634903918263,-7952.278541553756
1479,2,A2C-MADRL,-7356.443503275138,-7948.648869716873
1480,2,A2C-MADRL,-7009.019200723797,-7864.266992726489
1481,2,A2C-MADRL,-8642.628393658591,-7907.706498173071
1482,2,A2C-MADRL,-6063.775798844677,-7788.229868565512
1483,2,A2C-MADRL,-8819.613716199752,-7878.824427091055
1484,2,A2C-MADRL,-9549.685391331786,-7934.510965935648
1485,2,A2C-MADRL,-8319.341239252572,-7972.7535827963575
1486,2,A2C-MADRL,-8223.087577681641,-7973.476258718827
1487,2,A2C-MADRL,-8293.526527845046,-8017.133351839695
1488,2,A2C-MADRL,-9146.342709603352,-8054.187822674679
1489,2,A2C-MADRL,-7391.401366000904,-8051.491174506835
1490,2,A2C-MADRL,-8554.32720905092,-8045.2168054469175
1491,2,A2C-MADRL,-9503.6720138513,-8117.04034151933
1492,2,A2C-MADRL,-8263.214445080845,-8092.741333274136
1493,2,A2C-MADRL,-8290.514187695266,-8135.236379053933
1494,2,A2C-MADRL,-6392.076898510484,-8078.4533492719775
1495,2,A2C-MADRL,-7869.351406342893,-8082.440272152271
1496,2,A2C-MADRL,-7719.525147131865,-8030.600652328656
1497,2,A2C-MADRL,-5833.376767979822,-7966.090111087085
1498,2,A2C-MADRL,-9204.856394733431,-8069.83562583398
1499,2,A2C-MADRL,-8776.688212068082,-8091.941477804416
1500,2,A2C-MADRL,-7242.589038005727,-8079.530743563545
1,2,TRPO-MADRL,-8533.644541237487,-8533.644541237487
2,2,TRPO-MADRL,-9409.392071181135,-8971.518306209311
3,2,TRPO-MADRL,-12231.339668231758,-10058.12542688346
4,2,TRPO-MADRL,-10404.572766222074,-10144.737261718114
5,2,TRPO-MADRL,-9676.192567356324,-10051.028322845756
6,2,TRPO-MADRL,-9736.656311041996,-9998.632987545128
7,2,TRPO-MADRL,-11341.118233735038,-10190.416594143686
8,2,TRPO-MADRL,-9611.624432567893,-10118.067573946713
9,2,TRPO-MADRL,-6937.76478424513,-9764.700597313204
10,2,TRPO-MADRL,-10203.198740448652,-9808.55041162675
11,2,TRPO-MADRL,-8801.42709950255,-9716.993746888185
12,2,TRPO-MADRL,-10749.686799961031,-9803.051501310923
13,2,TRPO-MADRL,-10190.715641494262,-9832.871819786564
14,2,TRPO-MADRL,-11727.928487326,-9968.233010325095
15,2,TRPO-MADRL,-7330.1904793390595,-9792.36350825936
16,2,TRPO-MADRL,-10064.873312766273,-9809.395371041042
17,2,TRPO-MADRL,-10611.223910198005,-9856.561755697334
18,2,TRPO-MADRL,-10100.40199791619,-9870.108435820604
19,2,TRPO-MADRL,-9006.142012263237,-9824.636518791269
20,2,TRPO-MADRL,-9193.361669410144,-9793.072776322213
21,2,TRPO-MADRL,-5719.393770419943,-9599.088061755438
22,2,TRPO-MADRL,-8636.518380273916,-9555.334894415368
23,2,TRPO-MADRL,-10673.1830231366,-9603.936986968465
24,2,TRPO-MADRL,-6971.407246196788,-9494.248247769645
25,2,TRPO-MADRL,-9459.8543853822,-9492.872493274148
26,2,TRPO-MADRL,-9969.6012489974,-9550.310761584544
27,2,TRPO-MADRL,-8907.034064592257,-9530.216441320988
28,2,TRPO-MADRL,-10663.096624561187,-9467.486719574166
29,2,TRPO-MADRL,-8023.87179110024,-9372.258680569292
30,2,TRPO-MADRL,-7625.612229179209,-9290.235467042208
31,2,TRPO-MADRL,-11204.349266416277,-9348.94318525718
32,2,TRPO-MADRL,-8420.400197315494,-9232.114463800397
33,2,TRPO-MADRL,-8258.906327271421,-9178.00573958854
34,2,TRPO-MADRL,-8818.043258557249,-9253.216878561023
35,2,TRPO-MADRL,-9045.54483437804,-9206.910722318198
36,2,TRPO-MADRL,-10264.553975991592,-9265.435797377759
37,2,TRPO-MADRL,-9730.370789924998,-9224.66315697632
38,2,TRPO-MADRL,-8484.756309707742,-9156.424783704859
39,2,TRPO-MADRL,-6474.534139296152,-8946.289009783664
40,2,TRPO-MADRL,-6883.014887764437,-8928.40198612068
41,2,TRPO-MADRL,-7169.055363094116,-8812.569268133793
42,2,TRPO-MADRL,-8201.775121646646,-8716.19131659174
43,2,TRPO-MADRL,-9469.799063818697,-8690.967199227838
44,2,TRPO-MADRL,-7592.057609767904,-8634.403823128026
45,2,TRPO-MADRL,-7057.598231778236,-8548.97328562275
46,2,TRPO-MADRL,-7693.2243482338035,-8627.926508735305
47,2,TRPO-MADRL,-10972.021845536745,-8721.346647345817
48,2,TRPO-MADRL,-9179.663099270034,-8661.605850391154
49,2,TRPO-MADRL,-8141.678892143795,-8708.416716229034
50,2,TRPO-MADRL,-8599.723448078323,-8674.011478736878
51,2,TRPO-MADRL,-9623.48161220748,-8660.166693265282
52,2,TRPO-MADRL,-9005.497259275522,-8664.105221052614
53,2,TRPO-MADRL,-7313.332796301876,-8530.11466792224
54,2,TRPO-MADRL,-8449.066719797342,-8547.122465070126
55,2,TRPO-MADRL,-11068.316105015005,-8684.830620103556
56,2,TRPO-MADRL,-11018.636458539617,-8677.40210778849
57,2,TRPO-MADRL,-9432.88737139296,-8717.901594751589
58,2,TRPO-MADRL,-9753.577662390657,-8777.688448156357
59,2,TRPO-MADRL,-7956.154621941436,-8743.212902691726
60,2,TRPO-MADRL,-10069.124629810334,-8784.156094509019
61,2,TRPO-MADRL,-9285.881900340277,-8745.009211482964
62,2,TRPO-MADRL,-8708.00185841525,-8704.114454222576
63,2,TRPO-MADRL,-10845.186826437117,-8798.53167489175
64,2,TRPO-MADRL,-8683.511013736505,-8886.890749869364
65,2,TRPO-MADRL,-9092.797944565078,-8975.28207214139
66,2,TRPO-MADRL,-8371.814539123192,-9023.392439182553
67,2,TRPO-MADRL,-6669.0206490658165,-8962.08226027932
68,2,TRPO-MADRL,-8198.884148215438,-8911.245663655189
69,2,TRPO-MADRL,-7759.584850067973,-8917.946753267192
70,2,TRPO-MADRL,-8783.994977410714,-8987.002623092492
71,2,TRPO-MADRL,-6816.395060603756,-8951.92945158729
72,2,TRPO-MADRL,-8700.737736454234,-8861.07808722399
73,2,TRPO-MADRL,-10080.093484522493,-8897.095302634089
74,2,TRPO-MADRL,-9809.810050703982,-8963.820548976495
75,2,TRPO-MADRL,-8536.721305018746,-8961.300463254112
76,2,TRPO-MADRL,-8921.80151795438,-8933.233259483988
77,2,TRPO-MADRL,-8000.897259943616,-8893.049259510712
78,2,TRPO-MADRL,-8096.147779471974,-8924.361858837516
79,2,TRPO-MADRL,-9819.234874355658,-8979.168585019848
80,2,TRPO-MADRL,-8514.331680768148,-8877.009208049974
81,2,TRPO-MADRL,-6894.486212498696,-8712.043198208336
82,2,TRPO-MADRL,-8417.011198260316,-8671.40815128303
83,2,TRPO-MADRL,-8239.96320927583,-8610.863573158438
84,2,TRPO-MADRL,-9537.9075020481,-8674.133688362705
85,2,TRPO-MADRL,-7004.419942983186,-8551.545500889619
86,2,TRPO-MADRL,-6143.861206326612,-8425.864673129072
87,2,TRPO-MADRL,-6446.802153758714,-8335.416684942811
88,2,TRPO-MADRL,-6505.376817188571,-8161.824284572869
89,2,TRPO-MADRL,-6605.479891063131,-8078.703039665935
90,2,TRPO-MADRL,-8353.28460682819,-8049.122506156458
91,2,TRPO-MADRL,-8119.884553134843,-8039.045306716925
92,2,TRPO-MADRL,-6682.453410435955,-8039.582617171731
93,2,TRPO-MADRL,-6888.655582857973,-7987.173474557431
94,2,TRPO-MADRL,-6701.42004574764,-7944.846882384619
95,2,TRPO-MADRL,-6864.943407413164,-7868.0848195847175
96,2,TRPO-MADRL,-6028.4583027218,-7836.567349269438
97,2,TRPO-MADRL,-5496.840314366897,-7708.411452385943
98,2,TRPO-MADRL,-5826.619859780794,-7538.2725073962765
99,2,TRPO-MADRL,-5922.371520256513,-7382.774966178377
100,2,TRPO-MADRL,-7992.715857681422,-7361.014748284885
101,2,TRPO-MADRL,-6963.749826507796,-7282.692680627021
102,2,TRPO-MADRL,-6086.454628349171,-7206.1149753632435
103,2,TRPO-MADRL,-7958.775699317842,-7200.620092157079
104,2,TRPO-MADRL,-6904.496848931581,-7084.030571140115
105,2,TRPO-MADRL,-6494.105410239267,-7003.221520318961
106,2,TRPO-MADRL,-7091.448589893572,-7011.100015414755
107,2,TRPO-MADRL,-6445.634498031059,-6932.244947405585
108,2,TRPO-MADRL,-9945.74883519634,-7000.476372442405
109,2,TRPO-MADRL,-8979.339136123144,-6978.1336378054075
110,2,TRPO-MADRL,-8390.963254895922,-7033.595370281916
111,2,TRPO-MADRL,-8593.671200746636,-7131.587770058718
112,2,TRPO-MADRL,-6268.088390729744,-7124.439219537558
113,2,TRPO-MADRL,-8371.904634270893,-7199.100332220853
114,2,TRPO-MADRL,-6256.950700220893,-7185.159164587161
115,2,TRPO-MADRL,-5242.617546539319,-7060.732482175607
116,2,TRPO-MADRL,-5437.920668275182,-6953.453926781221
117,2,TRPO-MADRL,-7794.406088607173,-6997.93203390807
118,2,TRPO-MADRL,-6487.443043474521,-6981.883532332731
119,2,TRPO-MADRL,-6900.930299805268,-6989.863942495036
120,2,TRPO-MADRL,-5733.773926506621,-6944.617163258775
121,2,TRPO-MADRL,-6063.14442127915,-6946.004608001069
122,2,TRPO-MADRL,-6431.858756266883,-6983.405345677069
123,2,TRPO-MADRL,-6867.237232638311,-7025.0300405913695
124,2,TRPO-MADRL,-6873.826637194279,-7063.088245268879
125,2,TRPO-MADRL,-5364.000741997597,-6957.939640641527
126,2,TRPO-MADRL,-7225.598801030706,-6968.413599622443
127,2,TRPO-MADRL,-7181.589717778215,-7012.219003199605
128,2,TRPO-MADRL,-5799.038815304042,-6925.829527839052
129,2,TRPO-MADRL,-7336.941521044703,-6943.127314723578
130,2,TRPO-MADRL,-6021.515336800324,-6924.2237117860195
131,2,TRPO-MADRL,-4206.634757873095,-6808.831158505201
132,2,TRPO-MADRL,-5508.082632455195,-6771.329083882167
133,2,TRPO-MADRL,-5505.873586635168,-6593.7340739397205
134,2,TRPO-MADRL,-6561.703037155272,-6497.028629981005
135,2,TRPO-MADRL,-7196.597586288482,-6449.254003236707
136,2,TRPO-MADRL,-5307.626949732229,-6317.812233196131
137,2,TRPO-MADRL,-6379.508807145607,-6322.269049852765
138,2,TRPO-MADRL,-4549.207228884463,-6169.361153637308
139,2,TRPO-MADRL,-6295.439049811266,-6170.900687620922
140,2,TRPO-MADRL,-6656.17445594139,-6227.442963997006
141,2,TRPO-MADRL,-7221.370541555712,-6298.780958928227
142,2,TRPO-MADRL,-6251.274420618398,-6237.055692208676
143,2,TRPO-MADRL,-5990.54160507696,-6217.179634672773
144,2,TRPO-MADRL,-8397.306786695583,-6277.034694148386
145,2,TRPO-MADRL,-7861.18866402806,-6362.131283649243
146,2,TRPO-MADRL,-8865.758136584289,-6474.235832261449
147,2,TRPO-MADRL,-7656.38960297938,-6523.217066129949
148,2,TRPO-MADRL,-6936.300763766985,-6525.979607375095
149,2,TRPO-MADRL,-7033.26227505479,-6532.357032889517
150,2,TRPO-MADRL,-6628.25957179131,-6582.927386081265
151,2,TRPO-MADRL,-7085.952344889172,-6577.341527835603
152,2,TRPO-MADRL,-8991.976120791414,-6649.756983956131
153,2,TRPO-MADRL,-7718.356027614277,-6726.529672448541
154,2,TRPO-MADRL,-5679.201674835661,-6660.2200786001795
155,2,TRPO-MADRL,-9350.266466445875,-6793.3701237860005
156,2,TRPO-MADRL,-4501.733585642177,-6805.174076896765
157,2,TRPO-MADRL,-6065.709385637613,-6827.479147024062
158,2,TRPO-MADRL,-9890.696276989893,-7002.87205463825
159,2,TRPO-MADRL,-8333.103971665289,-7073.728092018651
160,2,TRPO-MADRL,-10712.514653196156,-7214.364774694958
161,2,TRPO-MADRL,-6738.319042087032,-7271.59245838915
162,2,TRPO-MADRL,-6560.7018703705935,-7278.8401809181505
163,2,TRPO-MADRL,-6330.5856549161535,-7350.095317959418
164,2,TRPO-MADRL,-9844.838527467864,-7492.071297065682
165,2,TRPO-MADRL,-10896.77359198196,-7661.695262507304
166,2,TRPO-MADRL,-9834.69788272694,-7766.2283561541535
167,2,TRPO-MADRL,-9187.462857181245,-7883.675893616667
168,2,TRPO-MADRL,-7711.029899756009,-7952.495425403829
169,2,TRPO-MADRL,-8355.691467943572,-7950.830812653749
170,2,TRPO-MADRL,-8593.148653045362,-7980.10921221444
171,2,TRPO-MADRL,-9257.36867599269,-7995.773633790776
172,2,TRPO-MADRL,-9439.99272762573,-8067.117758776631
173,2,TRPO-MADRL,-7502.994804637605,-8089.785520411455
174,2,TRPO-MADRL,-6025.835963785214,-8049.488467960672
175,2,TRPO-MADRL,-9086.535446541702,-8147.819502950688
176,2,TRPO-MADRL,-8511.561810085494,-8204.843881558541
177,2,TRPO-MADRL,-8661.498653697601,-8191.624782874788
178,2,TRPO-MADRL,-8566.07623801463,-8225.533591290803
179,2,TRPO-MADRL,-8616.311505756592,-8343.01798452764
180,2,TRPO-MADRL,-7715.64581367901,-8277.633158416966
181,2,TRPO-MADRL,-7700.521193987424,-8405.584662750774
182,2,TRPO-MADRL,-7833.764297283676,-8476.306859216618
183,2,TRPO-MADRL,-7054.444466296261,-8362.856786788872
184,2,TRPO-MADRL,-6500.8988519583545,-8289.568582000595
185,2,TRPO-MADRL,-6388.492327417906,-8116.607688969464
186,2,TRPO-MADRL,-8708.556897109567,-8195.417203170366
187,2,TRPO-MADRL,-8348.492526427506,-8266.928829412642
188,2,TRPO-MADRL,-8289.293134384614,-8345.277128591382
189,2,TRPO-MADRL,-7288.64638355046,-8243.029442834684
190,2,TRPO-MADRL,-8771.492652354904,-8158.018205249603
191,2,TRPO-MADRL,-7511.112004380244,-8065.074770115735
192,2,TRPO-MADRL,-8063.722584057339,-8020.125159190779
193,2,TRPO-MADRL,-9363.560933660723,-8086.226400546967
194,2,TRPO-MADRL,-9699.079825228368,-8139.961934838359
195,2,TRPO-MADRL,-8456.320776881748,-8134.488819791814
196,2,TRPO-MADRL,-7252.061234818375,-8054.276522144842
197,2,TRPO-MADRL,-9668.172933053433,-8063.403730361951
198,2,TRPO-MADRL,-9254.525480918572,-8133.464957413189
199,2,TRPO-MADRL,-7599.632816050235,-8196.41683150379
200,2,TRPO-MADRL,-8977.860775122575,-8192.069844647025
201,2,TRPO-MADRL,-9406.68697264851,-8227.874851149543
202,2,TRPO-MADRL,-9908.837354889672,-8277.768399197228
203,2,TRPO-MADRL,-8084.954253794953,-8258.52351982844
204,2,TRPO-MADRL,-7341.925523097077,-8207.548080522061
205,2,TRPO-MADRL,-8814.403786063687,-8251.498399417447
206,2,TRPO-MADRL,-7849.231118704374,-8257.446796406126
207,2,TRPO-MADRL,-8540.716505411117,-8285.724884731222
208,2,TRPO-MADRL,-7015.556529412388,-8284.169367255869
209,2,TRPO-MADRL,-7612.210153008496,-8328.621819297874
210,2,TRPO-MADRL,-9186.14334055964,-8440.527859823544
211,2,TRPO-MADRL,-8664.767104851471,-8438.776268133219
212,2,TRPO-MADRL,-7988.145727030848,-8424.362396157354
213,2,TRPO-MADRL,-7358.815112489045,-8387.14327528153
214,2,TRPO-MADRL,-7913.304334864379,-8412.129593334088
215,2,TRPO-MADRL,-7812.348221543458,-8373.76381610163
216,2,TRPO-MADRL,-8528.813462104126,-8414.471874410585
217,2,TRPO-MADRL,-10149.574571321766,-8497.905953901161
218,2,TRPO-MADRL,-8779.347486901328,-8474.537416030786
219,2,TRPO-MADRL,-8768.778127793383,-8437.325348133385
220,2,TRPO-MADRL,-8656.94304910368,-8445.350239022264
221,2,TRPO-MADRL,-8661.90508579697,-8501.74399306141
222,2,TRPO-MADRL,-9459.681104298845,-8493.404319911224
223,2,TRPO-MADRL,-7883.813454209927,-8438.575838842879
224,2,TRPO-MADRL,-9313.983759514,-8507.149876581429
225,2,TRPO-MADRL,-8366.535455049896,-8482.696863778521
226,2,TRPO-MADRL,-7824.224127456727,-8419.39834997085
227,2,TRPO-MADRL,-12263.333593966749,-8513.578199533933
228,2,TRPO-MADRL,-10868.648629925285,-8624.925974579146
229,2,TRPO-MADRL,-10860.802770824168,-8765.68106448823
230,2,TRPO-MADRL,-9682.63829843652,-8800.410444983143
231,2,TRPO-MADRL,-10433.561105613457,-8903.783644459507
232,2,TRPO-MADRL,-7216.005111395199,-8850.79518869887
233,2,TRPO-MADRL,-13644.05316104569,-9115.935053964202
234,2,TRPO-MADRL,-12268.871704594278,-9302.201516027633
235,2,TRPO-MADRL,-12046.671892096616,-9416.622658089113
236,2,TRPO-MADRL,-12807.04291846263,-9582.313690633559
237,2,TRPO-MADRL,-14081.317291154628,-9826.040553198509
238,2,TRPO-MADRL,-13699.025791076276,-10079.648980341999
239,2,TRPO-MADRL,-11318.073052156364,-10215.839729033678
240,2,TRPO-MADRL,-10824.824425897335,-10336.338777207833
241,2,TRPO-MADRL,-13420.712782721965,-10532.014750032547
242,2,TRPO-MADRL,-14942.81321879621,-10723.744295931523
243,2,TRPO-MADRL,-10435.03513825611,-10789.971801985717
244,2,TRPO-MADRL,-12028.953884059769,-10920.378832236373
245,2,TRPO-MADRL,-12339.21341701184,-11067.669646952698
246,2,TRPO-MADRL,-12597.745787817246,-11225.103275033507
247,2,TRPO-MADRL,-12476.157124324222,-11345.762315834523
248,2,TRPO-MADRL,-11054.83452902276,-11472.603158827038
249,2,TRPO-MADRL,-10444.892809338393,-11517.839520820015
250,2,TRPO-MADRL,-11802.54078784163,-11655.279734131684
251,2,TRPO-MADRL,-10489.429324596227,-11761.887942017262
252,2,TRPO-MADRL,-9812.322137736432,-11663.847483768048
253,2,TRPO-MADRL,-10425.586056529975,-11646.124980832239
254,2,TRPO-MADRL,-10530.347936112114,-11632.906787443755
255,2,TRPO-MADRL,-11368.127665005242,-11700.326362106505
256,2,TRPO-MADRL,-9386.381081960702,-11658.439161160395
257,2,TRPO-MADRL,-10914.764974748889,-11806.389555694543
258,2,TRPO-MADRL,-10545.268939969525,-11682.438186851496
259,2,TRPO-MADRL,-13092.514558669443,-11715.3839010145
260,2,TRPO-MADRL,-10573.21448960709,-11656.445604914921
261,2,TRPO-MADRL,-11359.065640864055,-11598.526513810977
262,2,TRPO-MADRL,-11277.01594099886,-11486.354459804747
263,2,TRPO-MADRL,-10681.73147848596,-11365.662687301136
264,2,TRPO-MADRL,-11083.55613771572,-11356.28201072351
265,2,TRPO-MADRL,-10301.490639205358,-11335.348659255831
266,2,TRPO-MADRL,-11687.620333525248,-11266.024961287962
267,2,TRPO-MADRL,-10872.342394327949,-11103.20612830923
268,2,TRPO-MADRL,-9885.333127238842,-11081.21804786854
269,2,TRPO-MADRL,-10833.82463469594,-11033.412877893985
270,2,TRPO-MADRL,-10670.591342656278,-10966.667994919764
271,2,TRPO-MADRL,-11462.540180945403,-10921.259770644892
272,2,TRPO-MADRL,-10420.950826647066,-10839.051518737804
273,2,TRPO-MADRL,-13181.295683787386,-10924.10996492839
274,2,TRPO-MADRL,-9685.777424033136,-10893.745349516179
275,2,TRPO-MADRL,-12673.329096712703,-10928.57688187102
276,2,TRPO-MADRL,-11533.066441848816,-10970.322366561124
277,2,TRPO-MADRL,-12364.068054289864,-11072.392203223262
278,2,TRPO-MADRL,-12976.806319471178,-11174.44101374091
279,2,TRPO-MADRL,-12010.51630366261,-11233.64774844293
280,2,TRPO-MADRL,-12205.922425517483,-11267.15953886342
281,2,TRPO-MADRL,-12121.625204012536,-11376.569303745495
282,2,TRPO-MADRL,-6801.819097945208,-11212.051468673348
283,2,TRPO-MADRL,-8717.642537440435,-11138.946412572182
284,2,TRPO-MADRL,-9352.284419495882,-10989.337207005241
285,2,TRPO-MADRL,-11282.111659597213,-11017.693093804844
286,2,TRPO-MADRL,-5628.885771426842,-10788.485899027357
287,2,TRPO-MADRL,-6935.761280848836,-10614.835712621356
288,2,TRPO-MADRL,-10522.707057482345,-10608.47473578121
289,2,TRPO-MADRL,-10348.84179323658,-10579.086162002044
290,2,TRPO-MADRL,-11370.467715236717,-10621.8452450433
291,2,TRPO-MADRL,-10744.3609007329,-10584.114867731605
292,2,TRPO-MADRL,-9366.975669408032,-10523.90019873481
293,2,TRPO-MADRL,-9272.77524930091,-10499.397883617292
294,2,TRPO-MADRL,-7773.668935769332,-10376.99165566023
295,2,TRPO-MADRL,-6614.723774435237,-10214.756952931386
296,2,TRPO-MADRL,-9464.917662108566,-10134.852052177912
297,2,TRPO-MADRL,-8590.697776655168,-10061.641930178237
298,2,TRPO-MADRL,-8353.37604168502,-9868.525144494142
299,2,TRPO-MADRL,-9852.72871054738,-9875.203195954711
300,2,TRPO-MADRL,-7249.8664009502045,-9658.264688124213
301,2,TRPO-MADRL,-7578.83186752481,-9500.095305151252
302,2,TRPO-MADRL,-6530.045756879286,-9266.734413254828
303,2,TRPO-MADRL,-7587.625919353004,-9051.167197250103
304,2,TRPO-MADRL,-4626.62353263164,-8755.811486408864
305,2,TRPO-MADRL,-9131.968450548738,-8632.853327410114
306,2,TRPO-MADRL,-8538.797617922733,-8489.54022396652
307,2,TRPO-MADRL,-7291.289828434587,-8509.119053186096
308,2,TRPO-MADRL,-8004.15204747148,-8480.579433587338
309,2,TRPO-MADRL,-6345.701299925691,-8360.31610880453
310,2,TRPO-MADRL,-9045.41496270759,-8270.848240928946
311,2,TRPO-MADRL,-9247.147650139015,-8415.578716077433
312,2,TRPO-MADRL,-8990.979222957973,-8497.787433761798
313,2,TRPO-MADRL,-8933.947574772053,-8434.237054453386
314,2,TRPO-MADRL,-7480.589307210819,-8319.506955012355
315,2,TRPO-MADRL,-5620.956843264958,-8089.526520133485
316,2,TRPO-MADRL,-5459.901230462381,-7878.148133322666
317,2,TRPO-MADRL,-6197.64080107383,-7751.374738589296
318,2,TRPO-MADRL,-5625.588890535524,-7605.48728423868
319,2,TRPO-MADRL,-5690.733450977315,-7522.169864847
320,2,TRPO-MADRL,-4648.1327433874685,-7443.506223605089
321,2,TRPO-MADRL,-5385.861579889317,-7280.343980316319
322,2,TRPO-MADRL,-5259.8769794012105,-7147.111148426161
323,2,TRPO-MADRL,-6483.2012844662095,-7072.304158137409
324,2,TRPO-MADRL,-6428.211416080803,-6935.323466358746
325,2,TRPO-MADRL,-5033.296088197603,-6846.660653848641
326,2,TRPO-MADRL,-5601.072830081219,-6767.5502923508975
327,2,TRPO-MADRL,-5577.318230753799,-6729.4411913058775
328,2,TRPO-MADRL,-5225.223804408286,-6634.94510670809
329,2,TRPO-MADRL,-6200.12139501532,-6697.885021203436
330,2,TRPO-MADRL,-5120.665928699631,-6537.432920329472
331,2,TRPO-MADRL,-6704.979489827319,-6464.080195205656
332,2,TRPO-MADRL,-4727.010390961063,-6361.509017706716
333,2,TRPO-MADRL,-6291.0524592864185,-6292.985034179313
334,2,TRPO-MADRL,-6088.771723190306,-6282.707851109897
335,2,TRPO-MADRL,-4669.145949218492,-6107.657090570334
336,2,TRPO-MADRL,-5456.930819860005,-5956.048417359172
337,2,TRPO-MADRL,-5001.5618586403,-5796.471722786466
338,2,TRPO-MADRL,-4025.919073035805,-5600.150582717016
339,2,TRPO-MADRL,-5563.7929125240535,-5523.478726929545
340,2,TRPO-MADRL,-4255.894592722621,-5468.876236907852
341,2,TRPO-MADRL,-6722.439787936612,-5519.377779206821
342,2,TRPO-MADRL,-6292.613969892921,-5523.176705959586
343,2,TRPO-MADRL,-5411.094498735023,-5514.596930287566
344,2,TRPO-MADRL,-5528.343953417087,-5508.1013503851555
345,2,TRPO-MADRL,-5210.828643931203,-5530.609186406905
346,2,TRPO-MADRL,-5766.6007580508685,-5545.838753533368
347,2,TRPO-MADRL,-6280.924277722639,-5586.680645466225
348,2,TRPO-MADRL,-6226.767395665978,-5576.423289914215
349,2,TRPO-MADRL,-4653.504530217828,-5505.435014479695
350,2,TRPO-MADRL,-5108.12550131326,-5508.428191004322
351,2,TRPO-MADRL,-5028.30377368325,-5485.517428748404
352,2,TRPO-MADRL,-9166.99822335137,-5629.104628452307
353,2,TRPO-MADRL,-6169.1197952383245,-5666.860468085507
354,2,TRPO-MADRL,-5356.080407469093,-5633.098828583659
355,2,TRPO-MADRL,-5579.5141850746095,-5651.452758838659
356,2,TRPO-MADRL,-6277.79003670237,-5634.36518071366
357,2,TRPO-MADRL,-6283.312037044652,-5696.617246557003
358,2,TRPO-MADRL,-5702.878540733604,-5673.090289814892
359,2,TRPO-MADRL,-5145.577616538122,-5635.362525548804
360,2,TRPO-MADRL,-5635.379402154005,-5674.011863666225
361,2,TRPO-MADRL,-6065.331288903652,-5698.34788242797
362,2,TRPO-MADRL,-4667.331718254882,-5684.978676812553
363,2,TRPO-MADRL,-6540.289463580895,-5785.553492434357
364,2,TRPO-MADRL,-5443.305865160864,-5780.73401053983
365,2,TRPO-MADRL,-4767.66399550874,-5801.204786651274
366,2,TRPO-MADRL,-5193.749856100618,-5740.057189377834
367,2,TRPO-MADRL,-5482.619614222427,-5707.657415151014
368,2,TRPO-MADRL,-5477.569494499426,-5710.31641498159
369,2,TRPO-MADRL,-5334.908022439275,-5702.578977742478
370,2,TRPO-MADRL,-5431.1599471647805,-5711.392229871822
371,2,TRPO-MADRL,-5229.492718687325,-5689.9079082972785
372,2,TRPO-MADRL,-5528.826789361885,-5659.824008762849
373,2,TRPO-MADRL,-4856.704211654647,-5605.021481402396
374,2,TRPO-MADRL,-5876.797662486091,-5653.953206693127
375,2,TRPO-MADRL,-5169.545856841273,-5656.410020914248
376,2,TRPO-MADRL,-5467.07330842136,-5673.960802303772
377,2,TRPO-MADRL,-5143.603250137865,-5513.025003375232
378,2,TRPO-MADRL,-6265.720472593561,-5516.889030469441
379,2,TRPO-MADRL,-6125.441035146963,-5547.663455576556
380,2,TRPO-MADRL,-4978.482119576107,-5523.622172956616
381,2,TRPO-MADRL,-6041.058380380501,-5514.152906703741
382,2,TRPO-MADRL,-5888.105347751827,-5498.344639132028
383,2,TRPO-MADRL,-4749.067246864926,-5460.192187377281
384,2,TRPO-MADRL,-5383.355430020695,-5469.703299916583
385,2,TRPO-MADRL,-5181.8148204924,-5451.5607166501195
386,2,TRPO-MADRL,-4570.9906067915335,-5391.7870893656345
387,2,TRPO-MADRL,-5930.642546528212,-5442.3195224965675
388,2,TRPO-MADRL,-5338.164605381156,-5394.234528168578
389,2,TRPO-MADRL,-7106.287847702545,-5460.753807470245
390,2,TRPO-MADRL,-5928.581251017962,-5507.190497690615
391,2,TRPO-MADRL,-5319.5904500597,-5512.224121448978
392,2,TRPO-MADRL,-5458.884517694431,-5511.274717587858
393,2,TRPO-MADRL,-4679.680980434954,-5479.35917702528
394,2,TRPO-MADRL,-4643.193528389729,-5451.690597263297
395,2,TRPO-MADRL,-4902.785469673786,-5430.555618163658
396,2,TRPO-MADRL,-4626.434542923765,-5406.433291133115
397,2,TRPO-MADRL,-5129.764382459358,-5390.470794857014
398,2,TRPO-MADRL,-5096.4563537177455,-5400.060880539539
399,2,TRPO-MADRL,-4893.329789417296,-5360.722165616786
400,2,TRPO-MADRL,-5253.449961279429,-5364.078329794313
401,2,TRPO-MADRL,-3862.8610926240494,-5299.90984116242
402,2,TRPO-MADRL,-5027.716694188486,-5295.274378924444
403,2,TRPO-MADRL,-4575.189401998969,-5227.653136100661
404,2,TRPO-MADRL,-4564.697726423125,-5165.223403751707
405,2,TRPO-MADRL,-5163.051480158911,-5172.60617817502
406,2,TRPO-MADRL,-5121.685782355853,-5135.831274254033
407,2,TRPO-MADRL,-5127.88924014489,-5105.422629949756
408,2,TRPO-MADRL,-5105.01007404542,-5119.660343036976
409,2,TRPO-MADRL,-4803.178563258274,-5096.453268366479
410,2,TRPO-MADRL,-4773.272658143185,-5080.11158187251
411,2,TRPO-MADRL,-4997.893900528919,-5097.187713622006
412,2,TRPO-MADRL,-4883.274062843247,-5055.292974274607
413,2,TRPO-MADRL,-4539.122595051043,-5023.331293861403
414,2,TRPO-MADRL,-4266.898062149907,-4909.755702439297
415,2,TRPO-MADRL,-5324.592485177029,-4885.59615180566
416,2,TRPO-MADRL,-5114.514888977143,-4877.393129362357
417,2,TRPO-MADRL,-4500.378224174275,-4839.0528776215515
418,2,TRPO-MADRL,-4026.279694436595,-4812.916826181618
419,2,TRPO-MADRL,-5300.321353203595,-4839.2019391741715
420,2,TRPO-MADRL,-4906.694632087725,-4839.358305670729
421,2,TRPO-MADRL,-3602.274884508164,-4798.391919334105
422,2,TRPO-MADRL,-4833.716105338167,-4786.549988249258
423,2,TRPO-MADRL,-4517.284922617508,-4763.383131005248
424,2,TRPO-MADRL,-3986.7401238895854,-4727.11954438414
425,2,TRPO-MADRL,-4444.8384162544535,-4694.775082583141
426,2,TRPO-MADRL,-4470.751446801816,-4719.0906967502515
427,2,TRPO-MADRL,-3912.163232187053,-4674.468558270194
428,2,TRPO-MADRL,-4267.219688526542,-4662.149769731297
429,2,TRPO-MADRL,-5480.816547519182,-4698.794522575139
430,2,TRPO-MADRL,-4773.729606221763,-4683.221647617653
431,2,TRPO-MADRL,-4789.981069206926,-4669.9534590916965
432,2,TRPO-MADRL,-4026.184641212312,-4625.885275134393
433,2,TRPO-MADRL,-5031.649046196046,-4622.950834020418
434,2,TRPO-MADRL,-4715.588125925249,-4619.447216527097
435,2,TRPO-MADRL,-4347.992331071714,-4602.436003444239
436,2,TRPO-MADRL,-4470.706910775029,-4581.3485238540825
437,2,TRPO-MADRL,-4114.2599322355245,-4550.587958629774
438,2,TRPO-MADRL,-4167.648770307709,-4535.729005640041
439,2,TRPO-MADRL,-4662.925369422231,-4551.570097930934
440,2,TRPO-MADRL,-4368.172274192697,-4513.31328949156
441,2,TRPO-MADRL,-3426.502762100552,-4445.792804416496
442,2,TRPO-MADRL,-4027.538946655375,-4426.879233315741
443,2,TRPO-MADRL,-4377.375914605502,-4440.923082122496
444,2,TRPO-MADRL,-4288.265675077095,-4400.440854997437
445,2,TRPO-MADRL,-4763.24146142768,-4394.702728171035
446,2,TRPO-MADRL,-8993.322091438258,-4610.344616448238
447,2,TRPO-MADRL,-4205.536781171739,-4585.2174434815815
448,2,TRPO-MADRL,-4275.678603207927,-4575.553190705198
449,2,TRPO-MADRL,-4362.869572307351,-4590.598368641909
450,2,TRPO-MADRL,-3851.876592773645,-4566.879895702677
451,2,TRPO-MADRL,-8668.028466242915,-4734.77097648032
452,2,TRPO-MADRL,-4477.459838323038,-4757.382840725761
453,2,TRPO-MADRL,-4970.645000490456,-4785.519853204317
454,2,TRPO-MADRL,-4051.452335967271,-4728.3452847422395
455,2,TRPO-MADRL,-4282.939109353532,-4708.713664867511
456,2,TRPO-MADRL,-3865.2850342181273,-4671.725823467958
457,2,TRPO-MADRL,-4468.436021104334,-4689.41587866364
458,2,TRPO-MADRL,-4577.991430735798,-4671.26957404523
459,2,TRPO-MADRL,-5192.050158423192,-4690.328055345148
460,2,TRPO-MADRL,-4948.233447619921,-4714.337700007076
461,2,TRPO-MADRL,-8106.093795333996,-4859.753175389435
462,2,TRPO-MADRL,-8326.46890973523,-5028.2415344894225
463,2,TRPO-MADRL,-4330.062436331392,-5034.73808113037
464,2,TRPO-MADRL,-4709.244021214454,-5036.590827202059
465,2,TRPO-MADRL,-4066.0696798775984,-5024.506723429456
466,2,TRPO-MADRL,-4252.252367416792,-5057.536707642104
467,2,TRPO-MADRL,-9290.632063140363,-5268.060432301503
468,2,TRPO-MADRL,-9307.275706864337,-5465.256423991858
469,2,TRPO-MADRL,-5303.6915903580775,-5505.873460603097
470,2,TRPO-MADRL,-5816.2950921283855,-5547.995605831125
471,2,TRPO-MADRL,-7974.637403667053,-5507.248218320277
472,2,TRPO-MADRL,-8328.557407806367,-5672.169043385662
473,2,TRPO-MADRL,-7807.806571308362,-5813.45416210968
474,2,TRPO-MADRL,-4813.798390013206,-5831.491314817914
475,2,TRPO-MADRL,-8101.955125365319,-6001.494456121582
476,2,TRPO-MADRL,-5471.1301623861,-5873.618523967308
477,2,TRPO-MADRL,-7631.791597232343,-5999.79179432368
478,2,TRPO-MADRL,-5079.79671493899,-6004.157862901621
479,2,TRPO-MADRL,-7834.813313251841,-6155.492301993005
480,2,TRPO-MADRL,-7414.503464378046,-6280.754876193985
481,2,TRPO-MADRL,-7297.964455282518,-6418.06205303656
482,2,TRPO-MADRL,-4127.709420915258,-6404.432989028997
483,2,TRPO-MADRL,-6903.090799225536,-6497.436963768586
484,2,TRPO-MADRL,-6318.984704687838,-6542.514345619174
485,2,TRPO-MADRL,-5156.270188397644,-6550.835815250281
486,2,TRPO-MADRL,-6010.752072252927,-6467.022146327039
487,2,TRPO-MADRL,-7146.341678470524,-6419.817057076451
488,2,TRPO-MADRL,-6236.732151404205,-6496.083845679363
489,2,TRPO-MADRL,-6644.089349724843,-6573.477658819778
490,2,TRPO-MADRL,-5527.892331394158,-6631.9505648804425
491,2,TRPO-MADRL,-6401.76833030208,-6717.931203395852
492,2,TRPO-MADRL,-4559.554301796599,-6528.688092942101
493,2,TRPO-MADRL,-4789.697892752078,-6347.984980377612
494,2,TRPO-MADRL,-4795.604408039914,-6327.6614930848855
495,2,TRPO-MADRL,-4739.00783411619,-6284.570002764397
496,2,TRPO-MADRL,-5421.325770117923,-6182.437537422432
497,2,TRPO-MADRL,-7950.5939293053725,-6167.318998282392
498,2,TRPO-MADRL,-7455.852836125596,-6153.240848875082
499,2,TRPO-MADRL,-7326.052731569611,-6253.731022537338
500,2,TRPO-MADRL,-7554.175183580966,-6231.819824865964
501,2,TRPO-MADRL,-3819.833545318816,-3819.833545318816
502,2,TRPO-MADRL,-7944.375451128362,-5882.104498223589
503,2,TRPO-MADRL,-4971.185940767296,-5578.464979071491
504,2,TRPO-MADRL,-7288.910475033486,-6006.07635306199
505,2,TRPO-MADRL,-7063.861742968173,-6217.633431043227
506,2,TRPO-MADRL,-7146.6946205581335,-6372.4769626290445
507,2,TRPO-MADRL,-7526.565482063448,-6537.346751119673
508,2,TRPO-MADRL,-4576.677620401013,-6292.263109779841
509,2,TRPO-MADRL,-4526.069333471064,-6096.019356856643
510,2,TRPO-MADRL,-5023.532002748671,-5988.770621445847
511,2,TRPO-MADRL,-6566.776913044696,-6041.316647954833
512,2,TRPO-MADRL,-4188.446408508642,-5886.9107946676495
513,2,TRPO-MADRL,-6840.104226635274,-5960.233366357467
514,2,TRPO-MADRL,-6149.8894050987365,-5973.780226267559
515,2,TRPO-MADRL,-5909.191959524184,-5969.474341818
516,2,TRPO-MADRL,-5543.82174433762,-5942.871054475476
517,2,TRPO-MADRL,-5898.006864496333,-5940.231984476703
518,2,TRPO-MADRL,-7540.228658275149,-6029.120688576617
519,2,TRPO-MADRL,-6866.57506900198,-6073.197234914794
520,2,TRPO-MADRL,-6397.9462272633855,-6089.434684532223
521,2,TRPO-MADRL,-7475.90917639804,-6155.457279382977
522,2,TRPO-MADRL,-5377.427815844462,-6120.09230376759
523,2,TRPO-MADRL,-5542.869292544016,-6094.995651105694
524,2,TRPO-MADRL,-5921.049728641282,-6087.747904336345
525,2,TRPO-MADRL,-5622.845427511067,-6069.151805263333
526,2,TRPO-MADRL,-6013.859688909319,-6156.912851006953
527,2,TRPO-MADRL,-7111.689260730784,-6123.6054033910505
528,2,TRPO-MADRL,-6606.500314876927,-6189.017978355435
529,2,TRPO-MADRL,-5612.500374577101,-6121.9615743371805
530,2,TRPO-MADRL,-6451.762102482997,-6097.477588717773
531,2,TRPO-MADRL,-6167.238203329933,-6058.299332028645
532,2,TRPO-MADRL,-6085.839470599092,-6000.67029157007
533,2,TRPO-MADRL,-6201.88613472771,-6065.678632143139
534,2,TRPO-MADRL,-6455.455179911063,-6142.854066000739
535,2,TRPO-MADRL,-8339.718849887653,-6275.501539886297
536,2,TRPO-MADRL,-8380.329102005366,-6348.043627444725
537,2,TRPO-MADRL,-8168.625372387593,-6507.250785999882
538,2,TRPO-MADRL,-7914.6297052105,-6550.231805142892
539,2,TRPO-MADRL,-8058.227134925403,-6626.565314335958
540,2,TRPO-MADRL,-8432.726050523457,-6727.506677975929
541,2,TRPO-MADRL,-8145.803049408992,-6831.585930178785
542,2,TRPO-MADRL,-7718.657434737664,-6904.411952988437
543,2,TRPO-MADRL,-7820.936965400655,-6915.640285273457
544,2,TRPO-MADRL,-7990.966390925534,-6960.615938150399
545,2,TRPO-MADRL,-10185.306679618152,-7112.110356244591
546,2,TRPO-MADRL,-8291.925025929324,-7144.750990225842
547,2,TRPO-MADRL,-8281.249531787475,-7260.903858863562
548,2,TRPO-MADRL,-9361.20197742067,-7413.637166258629
549,2,TRPO-MADRL,-7973.486772001586,-7495.73464799304
550,2,TRPO-MADRL,-8187.838337156625,-7598.334364378863
551,2,TRPO-MADRL,-8060.564807090352,-7680.202569106104
552,2,TRPO-MADRL,-8149.548153869163,-7721.716924831639
553,2,TRPO-MADRL,-8134.437743717384,-7782.834421985258
554,2,TRPO-MADRL,-8176.15851600984,-7885.380747642567
555,2,TRPO-MADRL,-6432.387384703148,-7884.605758931374
556,2,TRPO-MADRL,-7296.046050884694,-7929.758072833563
557,2,TRPO-MADRL,-8479.80631935129,-8025.516746783653
558,2,TRPO-MADRL,-6681.036609609459,-8044.682765778922
559,2,TRPO-MADRL,-5652.762568461619,-8012.575061320943
560,2,TRPO-MADRL,-8512.405063427846,-8019.482509862552
561,2,TRPO-MADRL,-6639.755135684991,-7949.859551209736
562,2,TRPO-MADRL,-6258.539119791823,-7873.456101105906
563,2,TRPO-MADRL,-6073.184253601767,-7799.798283041556
564,2,TRPO-MADRL,-5766.95970831197,-7708.147585977019
565,2,TRPO-MADRL,-7944.334402918784,-7688.611920072832
566,2,TRPO-MADRL,-7807.392366303879,-7675.075492748628
567,2,TRPO-MADRL,-8093.736236781453,-7690.078644830379
568,2,TRPO-MADRL,-5050.004359228213,-7579.241340583481
569,2,TRPO-MADRL,-7697.387971994907,-7567.498203826256
570,2,TRPO-MADRL,-4859.022040837251,-7354.446818275021
571,2,TRPO-MADRL,-7802.967275652787,-7334.888508263959
572,2,TRPO-MADRL,-4245.869295133059,-7173.473298797783
573,2,TRPO-MADRL,-8203.252696742742,-7127.155327570666
574,2,TRPO-MADRL,-5400.846795230875,-7024.249728499837
575,2,TRPO-MADRL,-5306.130919986783,-6908.981431813043
576,2,TRPO-MADRL,-4526.289228534132,-6767.610408670794
577,2,TRPO-MADRL,-4971.19401430474,-6640.476243088217
578,2,TRPO-MADRL,-5232.662314975013,-6524.405225938523
579,2,TRPO-MADRL,-8937.859833082533,-6554.87327862143
580,2,TRPO-MADRL,-4285.850116141974,-6469.011787878982
581,2,TRPO-MADRL,-4437.273062960593,-6354.66086836202
582,2,TRPO-MADRL,-4397.544007245138,-6191.370375877773
583,2,TRPO-MADRL,-3767.2277835504738,-6074.818022835414
584,2,TRPO-MADRL,-3710.142983426723,-5997.113239434018
585,2,TRPO-MADRL,-4779.758586348926,-5847.8073803508605
586,2,TRPO-MADRL,-4185.795485609149,-5749.648994347828
587,2,TRPO-MADRL,-5188.107558356243,-5706.831731890405
588,2,TRPO-MADRL,-4083.9137860776095,-5627.260913189438
589,2,TRPO-MADRL,-3725.498892992287,-5545.602480576651
590,2,TRPO-MADRL,-4754.233377827741,-5417.998439573009
591,2,TRPO-MADRL,-3957.4756606414176,-5264.0017713465095
592,2,TRPO-MADRL,-4297.407897214235,-5112.148637763822
593,2,TRPO-MADRL,-3828.546041010923,-5063.29030503513
594,2,TRPO-MADRL,-4259.512168456478,-4925.775272893593
595,2,TRPO-MADRL,-8912.296538195034,-5087.906252787904
596,2,TRPO-MADRL,-3799.6291183846606,-4927.772726497179
597,2,TRPO-MADRL,-4277.3130003056685,-4929.030474704084
598,2,TRPO-MADRL,-8318.769612049051,-4933.651151316337
599,2,TRPO-MADRL,-3594.223075692999,-4861.386202534821
600,2,TRPO-MADRL,-4342.29077404561,-4822.832596697174
601,2,TRPO-MADRL,-3454.6405124173766,-4779.966648052504
602,2,TRPO-MADRL,-4373.687086652125,-4756.0663709464
603,2,TRPO-MADRL,-4058.010619019738,-4709.080303108188
604,2,TRPO-MADRL,-3601.743521886174,-4495.635650660334
605,2,TRPO-MADRL,-3614.924156440728,-4468.798612272284
606,2,TRPO-MADRL,-4134.582340048434,-4456.690983355798
607,2,TRPO-MADRL,-3470.1159506494846,-4419.593861091972
608,2,TRPO-MADRL,-3845.365386163873,-4422.719365196507
609,2,TRPO-MADRL,-3628.797507660468,-4419.465546165858
610,2,TRPO-MADRL,-3631.021742440004,-4373.5160724095
611,2,TRPO-MADRL,-4139.495693353643,-4371.664080719281
612,2,TRPO-MADRL,-7777.924572376828,-4475.256761280104
613,2,TRPO-MADRL,-7808.271826730252,-4624.23108290621
614,2,TRPO-MADRL,-7870.584247542389,-4790.034497088213
615,2,TRPO-MADRL,-4001.337778652592,-4759.918673121208
616,2,TRPO-MADRL,-3389.9398640199897,-4737.2172412563505
617,2,TRPO-MADRL,-3857.029848346786,-4719.602119301652
618,2,TRPO-MADRL,-3703.781437247088,-4714.611535151099
619,2,TRPO-MADRL,-3536.8278310932888,-4685.704161656571
620,2,TRPO-MADRL,-3173.78431573408,-4456.163672758133
621,2,TRPO-MADRL,-3908.2932939997663,-4460.510239782738
622,2,TRPO-MADRL,-3537.2027499420087,-4430.905829768191
623,2,TRPO-MADRL,-3789.552105391646,-4249.737129501895
624,2,TRPO-MADRL,-3331.3184394269656,-4239.220944051253
625,2,TRPO-MADRL,-3725.934938043788,-4214.5667106111805
626,2,TRPO-MADRL,-3447.054960069144,-4214.263288517252
627,2,TRPO-MADRL,-3511.9494216618104,-4179.793781917639
628,2,TRPO-MADRL,-3182.443602902543,-4144.771101272951
629,2,TRPO-MADRL,-6601.46624896402,-4264.760010356065
630,2,TRPO-MADRL,-3864.2320917748407,-4274.732327769429
631,2,TRPO-MADRL,-3083.6944816540795,-4232.696813433655
632,2,TRPO-MADRL,-3222.0229077924496,-4222.773091719374
633,2,TRPO-MADRL,-3321.7558731034837,-4201.8287111969585
634,2,TRPO-MADRL,-3241.885512424522,-4186.35223138752
635,2,TRPO-MADRL,-3196.838536046501,-4168.98490313178
636,2,TRPO-MADRL,-3413.2026663413394,-4139.933182051288
637,2,TRPO-MADRL,-3187.6372915316606,-3956.3216908174813
638,2,TRPO-MADRL,-3575.1466994735374,-3786.9966857272125
639,2,TRPO-MADRL,-3497.906273065744,-3612.089566748147
640,2,TRPO-MADRL,-3649.326966852542,-3598.0091342761457
641,2,TRPO-MADRL,-3245.360028266597,-3592.225940846009
642,2,TRPO-MADRL,-3504.9074990357567,-3578.141046873568
643,2,TRPO-MADRL,-2986.86054585643,-3549.4642112179413
644,2,TRPO-MADRL,-3338.4782949233927,-3541.530229771146
645,2,TRPO-MADRL,-3239.863017741269,-3544.1733778514335
646,2,TRPO-MADRL,-3231.268206556113,-3517.092374353687
647,2,TRPO-MADRL,-3364.850828579717,-3510.198297499195
648,2,TRPO-MADRL,-3330.730005233588,-3491.8454134928734
649,2,TRPO-MADRL,-3545.094992943981,-3500.396475633554
650,2,TRPO-MADRL,-3608.066655202064,-3495.681744319885
651,2,TRPO-MADRL,-3309.592013712747,-3490.1832264656286
652,2,TRPO-MADRL,-3280.435699568502,-3480.922677581897
653,2,TRPO-MADRL,-3108.350296257924,-3477.9589453161125
654,2,TRPO-MADRL,-2839.0905652620663,-3327.463917968034
655,2,TRPO-MADRL,-2890.600720773187,-3288.5186631279676
656,2,TRPO-MADRL,-3133.3305981889184,-3290.5041077893616
657,2,TRPO-MADRL,-2955.904986872876,-3279.8593909525785
658,2,TRPO-MADRL,-3289.814339388392,-3278.581729603975
659,2,TRPO-MADRL,-3547.3089678225606,-3290.7986678198963
660,2,TRPO-MADRL,-3375.203059197759,-3297.933248745947
661,2,TRPO-MADRL,-3127.147606126432,-3286.4910463373503
662,2,TRPO-MADRL,-3805.67355535579,-3311.212496890316
663,2,TRPO-MADRL,-8356.02909158959,-3502.447792574958
664,2,TRPO-MADRL,-3033.3511398087894,-3483.8655872446793
665,2,TRPO-MADRL,-2868.6118044381365,-3452.636980748103
666,2,TRPO-MADRL,-3140.3736335856165,-3448.4375249608643
667,2,TRPO-MADRL,-3148.2491911369543,-3434.171192644912
668,2,TRPO-MADRL,-3026.017604742133,-3435.73747500034
669,2,TRPO-MADRL,-7809.837991310561,-3614.5918628558265
670,2,TRPO-MADRL,-3017.1515398440133,-3605.6834037399362
671,2,TRPO-MADRL,-3323.3494694975134,-3609.366654257593
672,2,TRPO-MADRL,-3349.86521041344,-3608.7672295309417
673,2,TRPO-MADRL,-8144.620437666835,-3801.3228468282714
674,2,TRPO-MADRL,-3209.5756181502143,-3787.9020718365205
675,2,TRPO-MADRL,-3226.6236228771886,-3772.644350543525
676,2,TRPO-MADRL,-8138.707042454663,-3965.8089516932023
677,2,TRPO-MADRL,-3091.938252139734,-3958.269053796051
678,2,TRPO-MADRL,-3136.6821930944207,-3959.402329669511
679,2,TRPO-MADRL,-7756.399025269172,-4156.094668069795
680,2,TRPO-MADRL,-3228.4649335829736,-4169.609236582187
681,2,TRPO-MADRL,-3373.0136617121866,-4179.196559123117
682,2,TRPO-MADRL,-3384.422332944564,-4196.3372529659855
683,2,TRPO-MADRL,-3354.0923553339926,-4198.908373603809
684,2,TRPO-MADRL,-8943.41066160104,-4414.752441354949
685,2,TRPO-MADRL,-3471.8344299013747,-4418.617696183092
686,2,TRPO-MADRL,-3467.0754973092,-4432.214811830404
687,2,TRPO-MADRL,-9011.913176081533,-4640.464396659433
688,2,TRPO-MADRL,-3567.9037618627626,-4448.939383470361
689,2,TRPO-MADRL,-3768.214181594418,-4478.333905141785
690,2,TRPO-MADRL,-8835.345258794327,-4717.003243316033
691,2,TRPO-MADRL,-3257.52528680362,-4721.689309444753
692,2,TRPO-MADRL,-3343.7494304704164,-4729.509319018091
693,2,TRPO-MADRL,-3073.7935581543416,-4731.4203571545795
694,2,TRPO-MADRL,-3126.354484986327,-4544.081016901611
695,2,TRPO-MADRL,-3178.6678665146364,-4550.541669968436
696,2,TRPO-MADRL,-8840.318569282106,-4771.220433959819
697,2,TRPO-MADRL,-3324.598990630704,-4770.209785168509
698,2,TRPO-MADRL,-3363.5929078508334,-4578.96868397587
699,2,TRPO-MADRL,-3043.9404298198588,-4572.343276442656
700,2,TRPO-MADRL,-3183.375905339046,-4570.61336774113
701,2,TRPO-MADRL,-3257.9502412983875,-4375.383095694879
702,2,TRPO-MADRL,-3346.2693242144887,-4385.556338577869
703,2,TRPO-MADRL,-3320.060358127166,-4392.891465179179
704,2,TRPO-MADRL,-3793.7222842407455,-4234.384395538043
705,2,TRPO-MADRL,-3283.10243427066,-4236.56989556555
706,2,TRPO-MADRL,-3616.999101654453,-4246.32931316324
707,2,TRPO-MADRL,-3291.0371222292115,-4242.5939047346255
708,2,TRPO-MADRL,-3491.2139869317957,-4248.078769998538
709,2,TRPO-MADRL,-3336.8840358242624,-4023.817704967467
710,2,TRPO-MADRL,-2997.932551336436,-4004.8616298248694
711,2,TRPO-MADRL,-3210.334752841364,-3994.592000046156
712,2,TRPO-MADRL,-2733.526584818387,-3743.45653639563
713,2,TRPO-MADRL,-3405.014449313565,-3736.940963893662
714,2,TRPO-MADRL,-3403.0367936836983,-3722.333868377233
715,2,TRPO-MADRL,-8984.095992380458,-3728.283897720679
716,2,TRPO-MADRL,-8946.596625832382,-3955.8467512818297
717,2,TRPO-MADRL,-8956.745113750138,-4180.366578613018
718,2,TRPO-MADRL,-3126.149635605082,-4182.460821711048
719,2,TRPO-MADRL,-2935.4642665699125,-4174.8252129743905
720,2,TRPO-MADRL,-3400.563381328301,-4183.701033566937
721,2,TRPO-MADRL,-8914.51358263003,-4186.668834100855
722,2,TRPO-MADRL,-3647.487337997544,-4199.584367995528
723,2,TRPO-MADRL,-3818.244915563905,-4217.770448304051
724,2,TRPO-MADRL,-3782.0881487996553,-4247.296357063243
725,2,TRPO-MADRL,-3330.8191527328554,-4253.194086958995
726,2,TRPO-MADRL,-3777.072834672952,-4273.958990693978
727,2,TRPO-MADRL,-3592.0078008140013,-4283.788529757959
728,2,TRPO-MADRL,-3607.644935930665,-4295.291912870099
729,2,TRPO-MADRL,-3201.729495989993,-4271.612201340068
730,2,TRPO-MADRL,-8947.396094123396,-4498.183947734178
731,2,TRPO-MADRL,-8801.608644150023,-4705.568329434001
732,2,TRPO-MADRL,-3092.8232614148938,-4697.639775001428
733,2,TRPO-MADRL,-3327.991791641722,-4691.110887189825
734,2,TRPO-MADRL,-2819.299776783117,-4670.407516828179
735,2,TRPO-MADRL,-3339.762265030863,-4684.080705375956
736,2,TRPO-MADRL,-3166.4650767268213,-4682.325918331375
737,2,TRPO-MADRL,-3040.394502215868,-4694.600635027274
738,2,TRPO-MADRL,-3255.3336713707854,-4688.613403909562
739,2,TRPO-MADRL,-3155.461189979628,-4678.7103797614
740,2,TRPO-MADRL,-3527.1058968814464,-4460.43077594144
741,2,TRPO-MADRL,-3450.3546447854887,-4240.581096699564
742,2,TRPO-MADRL,-3327.288867528224,-4015.402846850687
743,2,TRPO-MADRL,-3206.7563934263007,-4018.6271171635353
744,2,TRPO-MADRL,-3240.556228525798,-4030.8307956417716
745,2,TRPO-MADRL,-3284.8134327238376,-4026.200797697593
746,2,TRPO-MADRL,-3002.031377321588,-3789.7015094852545
747,2,TRPO-MADRL,-2964.532444054287,-3762.383313727525
748,2,TRPO-MADRL,-3413.0188199866625,-3746.174269904435
749,2,TRPO-MADRL,-3135.670114194487,-3720.3175485202282
750,2,TRPO-MADRL,-2898.57007843097,-3703.027585548153
751,2,TRPO-MADRL,-3315.212964981091,-3684.553190760478
752,2,TRPO-MADRL,-3229.7359220433195,-3670.0623156096513
753,2,TRPO-MADRL,-3395.180258663627,-3661.563728518969
754,2,TRPO-MADRL,-3216.0006421117214,-3662.134574363839
755,2,TRPO-MADRL,-10395.86752362472,-3720.0734315438917
756,2,TRPO-MADRL,-3804.5527581328215,-3520.1911961032038
757,2,TRPO-MADRL,-3972.28064366793,-3555.369491393325
758,2,TRPO-MADRL,-10322.200230893592,-3835.1378289633994
759,2,TRPO-MADRL,-4724.174170294991,-3911.332804703875
760,2,TRPO-MADRL,-10189.034668308275,-4185.303700834971
761,2,TRPO-MADRL,-4116.125160400579,-4223.290104181922
762,2,TRPO-MADRL,-4526.33677157459,-4282.72779495627
763,2,TRPO-MADRL,-4004.210307802464,-4312.682860413538
764,2,TRPO-MADRL,-4087.7355173091264,-4349.973833506718
765,2,TRPO-MADRL,-4027.804121944984,-4370.00176250926
766,2,TRPO-MADRL,-4248.491404890925,-4401.9272329134765
767,2,TRPO-MADRL,-10419.255112038116,-4685.6058826938715
768,2,TRPO-MADRL,-4666.373514211224,-4743.990567525269
769,2,TRPO-MADRL,-4488.941503110442,-4793.925978508654
770,2,TRPO-MADRL,-4287.50369996806,-4834.033589198424
771,2,TRPO-MADRL,-4389.769405939408,-4889.5431103431365
772,2,TRPO-MADRL,-4377.7686342308525,-4946.0725579502
773,2,TRPO-MADRL,-4710.666103437019,-4997.978449288214
774,2,TRPO-MADRL,-4389.932564578165,-5048.148947303561
775,2,TRPO-MADRL,-9834.462999559915,-5325.584664148719
776,2,TRPO-MADRL,-4326.745077085636,-5366.0459486329
777,2,TRPO-MADRL,-4642.210460593586,-5422.54493017491
778,2,TRPO-MADRL,-10229.295176500636,-5695.90952688839
779,2,TRPO-MADRL,-10225.969316195997,-5976.308273851762
780,2,TRPO-MADRL,-4624.505054195773,-5745.453775074604
781,2,TRPO-MADRL,-4479.563749040147,-5772.454214710899
782,2,TRPO-MADRL,-4142.255306696138,-5779.253201232025
783,2,TRPO-MADRL,-4293.998695150367,-5538.125139802296
784,2,TRPO-MADRL,-4506.485665468788,-5529.417599609249
785,2,TRPO-MADRL,-4657.9861083589785,-5308.175657211276
786,2,TRPO-MADRL,-4402.423983824774,-5319.627610148244
787,2,TRPO-MADRL,-4088.127238136316,-5302.099228810714
788,2,TRPO-MADRL,-4186.05060771796,-5309.372840807333
789,2,TRPO-MADRL,-4280.0497151883055,-5317.065408722501
790,2,TRPO-MADRL,-4133.99809570902,-5321.313167673062
791,2,TRPO-MADRL,-3807.9853294353793,-5303.69292465484
792,2,TRPO-MADRL,-3943.258901324572,-5044.653076226298
793,2,TRPO-MADRL,-3882.83626692085,-5013.311586334683
794,2,TRPO-MADRL,-3906.449067680298,-4990.011888917478
795,2,TRPO-MADRL,-4013.8440407667895,-4979.065502549427
796,2,TRPO-MADRL,-3626.6429663219856,-4948.540444964729
797,2,TRPO-MADRL,-3973.8296742866582,-4932.382886566962
798,2,TRPO-MADRL,-4372.0696908599,-4918.839030063877
799,2,TRPO-MADRL,-4048.963181675376,-4905.200254747766
800,2,TRPO-MADRL,-3989.3070235053815,-4671.394015705584
801,2,TRPO-MADRL,-3608.609498763824,-4642.668592572712
802,2,TRPO-MADRL,-3960.4636933661377,-4615.398721883615
803,2,TRPO-MADRL,-10619.780059855397,-4631.0181172178045
804,2,TRPO-MADRL,-10667.969401647704,-4648.698120635872
805,2,TRPO-MADRL,-4874.939827881693,-4658.715511583309
806,2,TRPO-MADRL,-4521.908589874278,-4660.4093052166745
807,2,TRPO-MADRL,-10746.207951975137,-4924.567411027835
808,2,TRPO-MADRL,-4584.819640297228,-4936.200248833709
809,2,TRPO-MADRL,-3945.3701019846726,-4913.755626294344
810,2,TRPO-MADRL,-3911.218108965085,-4883.884906318589
811,2,TRPO-MADRL,-4076.508882442087,-4870.848302263281
812,2,TRPO-MADRL,-3981.999483476285,-4866.60319207688
813,2,TRPO-MADRL,-3862.210538573621,-4853.649589311107
814,2,TRPO-MADRL,-4306.927850115029,-4854.724714708176
815,2,TRPO-MADRL,-4023.38135026556,-4850.300044890437
816,2,TRPO-MADRL,-4287.604547612708,-4869.484813617531
817,2,TRPO-MADRL,-3967.16867353493,-4870.441204505944
818,2,TRPO-MADRL,-3610.031834263045,-4859.529027199632
819,2,TRPO-MADRL,-10912.809732184633,-5139.783453779805
820,2,TRPO-MADRL,-3464.3262476482646,-5117.802742055064
821,2,TRPO-MADRL,-11237.096038712762,-5422.220864950696
822,2,TRPO-MADRL,-3609.498173136704,-5407.647604904698
823,2,TRPO-MADRL,-4044.221622278405,-5394.533682161438
824,2,TRPO-MADRL,-3926.477948355732,-5389.634272828652
825,2,TRPO-MADRL,-4084.354109075867,-5393.436156251471
826,2,TRPO-MADRL,-3951.741379997297,-5407.16143150081
827,2,TRPO-MADRL,-3865.0096265669526,-5403.343268828844
828,2,TRPO-MADRL,-3872.8852367661184,-5133.467475905271
829,2,TRPO-MADRL,-3712.637982862883,-4855.254219153879
830,2,TRPO-MADRL,-3900.1178448328737,-4816.261339831926
831,2,TRPO-MADRL,-3399.6869998635984,-4771.3724762315
832,2,TRPO-MADRL,-3615.581012999387,-4486.147398672469
833,2,TRPO-MADRL,-3659.904594103279,-4449.1507968247115
834,2,TRPO-MADRL,-3910.331194382608,-4447.7492405206285
835,2,TRPO-MADRL,-3282.8259521875634,-4422.613554249528
836,2,TRPO-MADRL,-3660.6330566197935,-4405.978521216636
837,2,TRPO-MADRL,-3796.2167627589342,-4398.547212387942
838,2,TRPO-MADRL,-3931.475780567249,-4401.317822067687
839,2,TRPO-MADRL,-3758.45756206888,-4379.379010545841
840,2,TRPO-MADRL,-3722.531274962032,-4367.3450075337
841,2,TRPO-MADRL,-4118.617487613201,-4360.585525133719
842,2,TRPO-MADRL,-3818.771252593407,-4354.649628296059
843,2,TRPO-MADRL,-3828.400603234452,-4363.384379054915
844,2,TRPO-MADRL,-4049.8171312674313,-4088.8646750182274
845,2,TRPO-MADRL,-4257.995942906526,-4120.611462828558
846,2,TRPO-MADRL,-3444.021649959446,-3808.8884872784242
847,2,TRPO-MADRL,-3879.731767738944,-3819.6978310625145
848,2,TRPO-MADRL,-3714.5322654281913,-3806.510256788506
849,2,TRPO-MADRL,-3672.87779442181,-3796.3662506311484
850,2,TRPO-MADRL,-3730.053968477835,-3782.194245007228
851,2,TRPO-MADRL,-3672.926277860429,-3771.0416409217523
852,2,TRPO-MADRL,-3624.9724124239183,-3761.440152356032
853,2,TRPO-MADRL,-3822.7887347985175,-3759.4362922773275
854,2,TRPO-MADRL,-3972.2682359046257,-3769.8215023989974
855,2,TRPO-MADRL,-3208.1244773182016,-3742.1417676984106
856,2,TRPO-MADRL,-3314.906324246337,-3738.75054067372
857,2,TRPO-MADRL,-3686.179352763644,-3741.57447426429
858,2,TRPO-MADRL,-3410.02450783124,-3731.5792708134086
859,2,TRPO-MADRL,-3449.7657819265564,-3713.1566543151666
860,2,TRPO-MADRL,-10938.51587391144,-4019.3842511841217
861,2,TRPO-MADRL,-4209.392294012951,-4041.334620679848
862,2,TRPO-MADRL,-4125.430067766366,-4054.5031528801455
863,2,TRPO-MADRL,-3653.6864975676335,-4043.391581560161
864,2,TRPO-MADRL,-3487.527810842337,-4032.554391511099
865,2,TRPO-MADRL,-3861.5110256675193,-4038.1135815393186
866,2,TRPO-MADRL,-3333.225632630215,-4006.6979073399984
867,2,TRPO-MADRL,-3893.4830137689046,-4009.6863777870185
868,2,TRPO-MADRL,-11024.269478434748,-4297.521132795031
869,2,TRPO-MADRL,-3628.742911867265,-4280.678164019024
870,2,TRPO-MADRL,-4091.138676693686,-4274.0038733705105
871,2,TRPO-MADRL,-10939.175057268354,-4573.810009662867
872,2,TRPO-MADRL,-3963.818799339191,-4577.173490926876
873,2,TRPO-MADRL,-4389.5542898385365,-4604.17437190329
874,2,TRPO-MADRL,-4244.770195940705,-4627.050067964046
875,2,TRPO-MADRL,-4403.99813394684,-4654.007834582807
876,2,TRPO-MADRL,-4410.367459565874,-4683.505481851024
877,2,TRPO-MADRL,-4175.8727319145455,-4705.541494630649
878,2,TRPO-MADRL,-4051.749930975028,-4714.69994247771
879,2,TRPO-MADRL,-3927.274280149013,-4712.900184247485
880,2,TRPO-MADRL,-4453.1650280868425,-4762.701806278231
881,2,TRPO-MADRL,-4060.080310739859,-4792.508765737972
882,2,TRPO-MADRL,-4159.302070770771,-4811.433674458257
883,2,TRPO-MADRL,-4523.6607686094,-4855.9791248893835
884,2,TRPO-MADRL,-4207.163378068632,-4886.275028735066
885,2,TRPO-MADRL,-3844.94141282756,-4602.532050291711
886,2,TRPO-MADRL,-10890.362062092792,-4869.770841014904
887,2,TRPO-MADRL,-4576.860081289941,-4887.828041555847
888,2,TRPO-MADRL,-4587.322500649649,-4925.173481679128
889,2,TRPO-MADRL,-4610.725990194777,-4970.101408853226
890,2,TRPO-MADRL,-4512.271328606435,-4996.131820970782
891,2,TRPO-MADRL,-4396.365979503461,-5038.6574348457125
892,2,TRPO-MADRL,-4177.196185511564,-5050.005961715418
893,2,TRPO-MADRL,-4755.962164861544,-4799.27366917249
894,2,TRPO-MADRL,-3995.030936463839,-4813.925190156354
895,2,TRPO-MADRL,-4316.383165903519,-4822.934969724747
896,2,TRPO-MADRL,-3909.637789789717,-4541.753479025601
897,2,TRPO-MADRL,-4107.292759319807,-4547.492437424826
898,2,TRPO-MADRL,-4557.074188411233,-4554.193233367734
899,2,TRPO-MADRL,-4179.616916067385,-4551.587102172801
900,2,TRPO-MADRL,-4211.796195329098,-4543.899024628092
901,2,TRPO-MADRL,-4313.22070726747,-4540.013154536155
902,2,TRPO-MADRL,-4371.912365573146,-4547.854739882499
903,2,TRPO-MADRL,-11476.46274558094,-4844.843252466736
904,2,TRPO-MADRL,-11586.425737454916,-5151.209310758972
905,2,TRPO-MADRL,-11706.407442065987,-5441.339007318137
906,2,TRPO-MADRL,-5868.332720718036,-5513.669103717265
907,2,TRPO-MADRL,-5793.659259991247,-5579.0433912860835
908,2,TRPO-MADRL,-5723.900195527689,-5627.052968362816
909,2,TRPO-MADRL,-5439.526517167124,-5676.347493926754
910,2,TRPO-MADRL,-11374.667559518815,-5977.536539794406
911,2,TRPO-MADRL,-6008.533108767561,-5782.263381661397
912,2,TRPO-MADRL,-5668.036774354835,-5825.910449383992
913,2,TRPO-MADRL,-11371.93490758984,-6097.294945661599
914,2,TRPO-MADRL,-6762.629910978623,-6183.3711024929535
915,2,TRPO-MADRL,-7293.871229234087,-6294.635098518059
916,2,TRPO-MADRL,-6535.794744436462,-6380.21224911538
917,2,TRPO-MADRL,-11927.086864281731,-6690.207876266185
918,2,TRPO-MADRL,-8108.426549138769,-6824.306451637276
919,2,TRPO-MADRL,-7550.251008132393,-6966.515254504017
920,2,TRPO-MADRL,-12031.060795990168,-7275.102359707484
921,2,TRPO-MADRL,-7122.118582829509,-7403.601591429075
922,2,TRPO-MADRL,-7521.328906659835,-7540.163037322676
923,2,TRPO-MADRL,-7504.698457214479,-7658.068008074806
924,2,TRPO-MADRL,-7747.356374994586,-7800.777586431895
925,2,TRPO-MADRL,-7699.699842633614,-7940.293732324075
926,2,TRPO-MADRL,-7725.743848224532,-8076.794657962357
927,2,TRPO-MADRL,-7656.739816052262,-8208.187755981522
928,2,TRPO-MADRL,-7725.238082858406,-8058.138769472621
929,2,TRPO-MADRL,-7530.364468554135,-7895.896318716588
930,2,TRPO-MADRL,-7647.99902727995,-7733.559982125148
931,2,TRPO-MADRL,-7396.687243231978,-7794.694163025705
932,2,TRPO-MADRL,-7503.6111168537955,-7863.092237300208
933,2,TRPO-MADRL,-8024.327660699826,-7955.109335907092
934,2,TRPO-MADRL,-12070.934377046564,-8220.36565030227
935,2,TRPO-MADRL,-9203.907238505057,-8133.53523746172
936,2,TRPO-MADRL,-8995.591206542415,-8253.017561372713
937,2,TRPO-MADRL,-8767.614381153773,-8377.000665644671
938,2,TRPO-MADRL,-9239.329468893116,-8291.696448096804
939,2,TRPO-MADRL,-9029.504769816876,-8382.371442450332
940,2,TRPO-MADRL,-8417.148383809503,-8427.30252863335
941,2,TRPO-MADRL,-8739.577128997451,-8515.453824015789
942,2,TRPO-MADRL,-8676.27994693751,-8385.42154732202
943,2,TRPO-MADRL,-8799.696698830066,-8413.072353309672
944,2,TRPO-MADRL,-8687.796290903467,-8458.574164620515
945,2,TRPO-MADRL,-8788.006356871983,-8328.851987055787
946,2,TRPO-MADRL,-12866.177570463771,-8558.614346561159
947,2,TRPO-MADRL,-9455.304741936983,-8635.973379972243
948,2,TRPO-MADRL,-12958.61540651337,-8854.1300579442
949,2,TRPO-MADRL,-8906.940233538095,-8900.51341228594
950,2,TRPO-MADRL,-9376.186733892631,-8967.5728879363
951,2,TRPO-MADRL,-9211.99796668858,-9027.023052674862
952,2,TRPO-MADRL,-12938.980355742224,-9238.31267426246
953,2,TRPO-MADRL,-10000.61757690761,-9329.327854024428
954,2,TRPO-MADRL,-10137.53737417458,-9433.614770249247
955,2,TRPO-MADRL,-9956.447751519692,-9525.952719218836
956,2,TRPO-MADRL,-9992.617389925374,-9629.789925086572
957,2,TRPO-MADRL,-10003.410033720733,-9729.78188176125
958,2,TRPO-MADRL,-9476.614290511236,-9787.873346953706
959,2,TRPO-MADRL,-9665.199484834538,-9691.643951265225
960,2,TRPO-MADRL,-9780.054106838716,-9714.689825998572
961,2,TRPO-MADRL,-10223.6948576361,-9763.813972042319
962,2,TRPO-MADRL,-13475.735298250464,-9952.138808726186
963,2,TRPO-MADRL,-9848.410346094362,-9976.502043814236
964,2,TRPO-MADRL,-9502.303738060024,-9995.414002543963
965,2,TRPO-MADRL,-9458.839885186444,-10037.081662599041
966,2,TRPO-MADRL,-13385.885405530178,-10222.933993660348
967,2,TRPO-MADRL,-8577.983800020145,-10219.002147783654
968,2,TRPO-MADRL,-8492.90806347341,-10206.730602369389
969,2,TRPO-MADRL,-13495.31099173965,-10399.031190402837
970,2,TRPO-MADRL,-13436.507915746384,-10584.971252757812
971,2,TRPO-MADRL,-7490.262372674206,-10369.934644846227
972,2,TRPO-MADRL,-13561.635613629564,-10534.187879713932
973,2,TRPO-MADRL,-13611.968547234326,-10560.322005342772
974,2,TRPO-MADRL,-13571.35075044004,-10746.898426018848
975,2,TRPO-MADRL,-13673.37278701026,-10918.785868143554
976,2,TRPO-MADRL,-13563.01256923012,-11092.826452245214
977,2,TRPO-MADRL,-13590.718761150349,-11118.89598846154
978,2,TRPO-MADRL,-7189.097061899634,-11006.435167861222
979,2,TRPO-MADRL,-13623.513035689302,-11145.87419432181
980,2,TRPO-MADRL,-7475.528508396779,-11046.637424596895
981,2,TRPO-MADRL,-13499.332979635225,-11186.906048185287
982,2,TRPO-MADRL,-7420.316709419872,-11083.582315213254
983,2,TRPO-MADRL,-6750.732609936447,-10974.547047990263
984,2,TRPO-MADRL,-7320.785192561176,-10880.770476299327
985,2,TRPO-MADRL,-13575.421890892696,-11032.585187661485
986,2,TRPO-MADRL,-7115.41611266357,-10908.254037862585
987,2,TRPO-MADRL,-13603.07587944881,-10913.34766111052
988,2,TRPO-MADRL,-6628.081866107959,-10784.534521911062
989,2,TRPO-MADRL,-6276.754468070925,-10655.512551111497
990,2,TRPO-MADRL,-13614.515795029289,-10821.739587505213
991,2,TRPO-MADRL,-7199.030066175932,-10574.265373931043
992,2,TRPO-MADRL,-6639.22650442685,-10496.715082107312
993,2,TRPO-MADRL,-13601.08365902616,-10701.04210592942
994,2,TRPO-MADRL,-13590.00788081495,-10704.829981492432
995,2,TRPO-MADRL,-7221.752903636699,-10456.239781008046
996,2,TRPO-MADRL,-13478.932225808125,-10695.786575133403
997,2,TRPO-MADRL,-7823.50282133824,-10466.26126344175
998,2,TRPO-MADRL,-13523.58237756776,-10462.725816655087
999,2,TRPO-MADRL,-7339.008794230558,-10213.432138406708
1000,2,TRPO-MADRL,-13548.4619860722,-10208.435706369184
1001,2,TRPO-MADRL,-13556.402124107608,-13556.402124107608
1002,2,TRPO-MADRL,-8480.841508277093,-11018.62181619235
1003,2,TRPO-MADRL,-8307.461895353774,-10114.901842579491
1004,2,TRPO-MADRL,-8330.444815132105,-9668.787585717644
1005,2,TRPO-MADRL,-8108.17512878253,-9356.665094330621
1006,2,TRPO-MADRL,-8637.488801852376,-9236.80237891758
1007,2,TRPO-MADRL,-8518.662633518088,-9134.210986717653
1008,2,TRPO-MADRL,-8790.31120073634,-9091.22351346999
1009,2,TRPO-MADRL,-13715.047057628855,-9604.981685043196
1010,2,TRPO-MADRL,-8731.95287444229,-9517.678803983106
1011,2,TRPO-MADRL,-13805.847368450668,-9907.512309843793
1012,2,TRPO-MADRL,-9458.521299140612,-9870.096392285195
1013,2,TRPO-MADRL,-9369.955940624775,-9831.624049849777
1014,2,TRPO-MADRL,-13893.975953515685,-10121.792042968771
1015,2,TRPO-MADRL,-9263.843252739738,-10064.595456953502
1016,2,TRPO-MADRL,-9466.533473152973,-10027.21658296597
1017,2,TRPO-MADRL,-13982.033776065571,-10259.852888442416
1018,2,TRPO-MADRL,-13950.660252784595,-10464.897742016981
1019,2,TRPO-MADRL,-14007.276906663092,-10651.338750682566
1020,2,TRPO-MADRL,-14026.835579040777,-10820.113592100477
1021,2,TRPO-MADRL,-9465.156226468614,-10755.591812784674
1022,2,TRPO-MADRL,-14012.060786730968,-10903.613129782232
1023,2,TRPO-MADRL,-9655.578667734237,-10849.350761867103
1024,2,TRPO-MADRL,-9665.71823808127,-10800.032740042692
1025,2,TRPO-MADRL,-9555.679680960076,-10750.258617679388
1026,2,TRPO-MADRL,-14015.812166005086,-10768.635019355288
1027,2,TRPO-MADRL,-9734.836336123017,-10818.794812469125
1028,2,TRPO-MADRL,-10038.397435692528,-10888.032234082673
1029,2,TRPO-MADRL,-9584.762069892871,-10938.204924273106
1030,2,TRPO-MADRL,-10155.624115065952,-11020.10288372444
1031,2,TRPO-MADRL,-9488.623638368896,-11054.148277185102
1032,2,TRPO-MADRL,-14072.940218375696,-11276.319380579407
1033,2,TRPO-MADRL,-14103.713336181456,-11488.855465997212
1034,2,TRPO-MADRL,-9166.067630123613,-11306.896288897002
1035,2,TRPO-MADRL,-14144.598477083671,-11523.402113002658
1036,2,TRPO-MADRL,-9065.113411258457,-11333.772754714972
1037,2,TRPO-MADRL,-9518.34500053216,-11336.165702770631
1038,2,TRPO-MADRL,-14169.739537604792,-11528.157046649832
1039,2,TRPO-MADRL,-9552.245458652334,-11354.487826855298
1040,2,TRPO-MADRL,-9281.913501766348,-11355.210636816362
1041,2,TRPO-MADRL,-9118.433352089303,-11341.286631973817
1042,2,TRPO-MADRL,-14125.397254235975,-11347.021171100634
1043,2,TRPO-MADRL,-10415.091209806502,-11205.59840938151
1044,2,TRPO-MADRL,-14079.198404484629,-11208.47526929437
1045,2,TRPO-MADRL,-9447.34023259878,-11025.295455436688
1046,2,TRPO-MADRL,-14078.273854022358,-11209.820160538839
1047,2,TRPO-MADRL,-10867.297291532925,-11084.029620730917
1048,2,TRPO-MADRL,-10842.908392937115,-11131.522809739032
1049,2,TRPO-MADRL,-10248.33653641322,-11154.82754167231
1050,2,TRPO-MADRL,-10535.31262842821,-11194.012859571036
1051,2,TRPO-MADRL,-10575.076644352372,-11056.383438704926
1052,2,TRPO-MADRL,-10747.164050827598,-11096.876547293112
1053,2,TRPO-MADRL,-14312.86640930874,-11267.85530623776
1054,2,TRPO-MADRL,-14278.068332193492,-11455.587556729783
1055,2,TRPO-MADRL,-12205.62359125002,-11537.587535777147
1056,2,TRPO-MADRL,-11828.02436285602,-11631.16356475663
1057,2,TRPO-MADRL,-11612.281475643244,-11532.737215047335
1058,2,TRPO-MADRL,-11624.963511671329,-11433.587222066926
1059,2,TRPO-MADRL,-14436.436063297971,-11644.401959393903
1060,2,TRPO-MADRL,-14432.60488771748,-11655.922215819257
1061,2,TRPO-MADRL,-12848.354510658815,-11807.25185979527
1062,2,TRPO-MADRL,-14315.80304052059,-11999.150181394805
1063,2,TRPO-MADRL,-12412.6736558081,-11928.867546122938
1064,2,TRPO-MADRL,-12162.780724417502,-12033.288956753544
1065,2,TRPO-MADRL,-14450.058278060951,-12240.01474780533
1066,2,TRPO-MADRL,-12504.64015053718,-12375.463019743245
1067,2,TRPO-MADRL,-14396.681149339684,-12386.314375547392
1068,2,TRPO-MADRL,-12062.470820885508,-12452.209559990551
1069,2,TRPO-MADRL,-12345.408794760377,-12382.857975601584
1070,2,TRPO-MADRL,-12461.98741060309,-12503.443862721757
1071,2,TRPO-MADRL,-12207.770707624244,-12428.62373686583
1072,2,TRPO-MADRL,-14432.996959419896,-12571.25172358131
1073,2,TRPO-MADRL,-14411.25480880828,-12713.985580216156
1074,2,TRPO-MADRL,-12916.885368894693,-12820.727533515415
1075,2,TRPO-MADRL,-14424.81126899548,-12976.307479138106
1076,2,TRPO-MADRL,-14422.19346179718,-13130.192151835898
1077,2,TRPO-MADRL,-13106.901102475667,-13224.581633901822
1078,2,TRPO-MADRL,-13493.497159384227,-13191.80686390484
1079,2,TRPO-MADRL,-13678.468179049927,-13167.8228577791
1080,2,TRPO-MADRL,-13625.056555227517,-13224.600176338197
1081,2,TRPO-MADRL,-14156.901307261076,-13317.755254114401
1082,2,TRPO-MADRL,-13904.436408619418,-13409.441451433446
1083,2,TRPO-MADRL,-14404.864670184514,-13520.637497773976
1084,2,TRPO-MADRL,-13813.178903119217,-13495.707211366824
1085,2,TRPO-MADRL,-14071.56480470335,-13481.26560804626
1086,2,TRPO-MADRL,-14204.200131568636,-13535.49943288265
1087,2,TRPO-MADRL,-14474.911947130748,-13541.863789147057
1088,2,TRPO-MADRL,-14465.440190655312,-13623.974450540947
1089,2,TRPO-MADRL,-14473.419886992206,-13716.400017043936
1090,2,TRPO-MADRL,-14407.555621976557,-13714.69991080056
1091,2,TRPO-MADRL,-14462.258454499632,-13793.004642959055
1092,2,TRPO-MADRL,-14547.27572906277,-13799.028426147981
1093,2,TRPO-MADRL,-14739.217058910614,-13906.098275668986
1094,2,TRPO-MADRL,-14412.102735218496,-13988.76603328731
1095,2,TRPO-MADRL,-14713.599531717904,-14078.830518131901
1096,2,TRPO-MADRL,-14447.476878785115,-14168.418764978338
1097,2,TRPO-MADRL,-14440.476015789807,-14168.717927233132
1098,2,TRPO-MADRL,-14382.70727146486,-14167.576025739396
1099,2,TRPO-MADRL,-14413.13523856786,-14227.426020526325
1100,2,TRPO-MADRL,-13544.134866238586,-14192.198964416048
1101,2,TRPO-MADRL,-13405.486201937863,-14151.530674021677
1102,2,TRPO-MADRL,-13814.250309758194,-14179.824642312977
1103,2,TRPO-MADRL,-14445.254408459396,-14217.894932275985
1104,2,TRPO-MADRL,-13625.259088620478,-14215.766568658804
1105,2,TRPO-MADRL,-14426.552120327096,-14247.82639126279
1106,2,TRPO-MADRL,-14431.309364305798,-14258.80271354458
1107,2,TRPO-MADRL,-14428.20408771762,-14279.753420708505
1108,2,TRPO-MADRL,-14429.92303321664,-14280.75575522979
1109,2,TRPO-MADRL,-14364.457542774377,-14302.806900815998
1110,2,TRPO-MADRL,-14475.09798491617,-14318.948228024507
1111,2,TRPO-MADRL,-14446.457508051875,-14328.638523083839
1112,2,TRPO-MADRL,-14375.174678445495,-14324.649032336429
1113,2,TRPO-MADRL,-14458.200877761072,-14324.359459820658
1114,2,TRPO-MADRL,-16936.606319829145,-14422.886917134138
1115,2,TRPO-MADRL,-14419.9653013207,-14423.383304307901
1116,2,TRPO-MADRL,-16783.22507231264,-14516.221969020426
1117,2,TRPO-MADRL,-14352.860859199964,-14508.445374225912
1118,2,TRPO-MADRL,-16724.647190147414,-14587.862579475383
1119,2,TRPO-MADRL,-16758.01328337066,-14681.69900140147
1120,2,TRPO-MADRL,-16725.058502359054,-14762.157360227115
1121,2,TRPO-MADRL,-16433.721082354077,-14841.607128369873
1122,2,TRPO-MADRL,-16559.573258994184,-14926.37101809805
1123,2,TRPO-MADRL,-16311.368767213024,-15003.517477927977
1124,2,TRPO-MADRL,-16621.019494362485,-15091.83284815976
1125,2,TRPO-MADRL,-14543.182201524529,-15131.794741571199
1126,2,TRPO-MADRL,-16829.551923997547,-15268.757370453584
1127,2,TRPO-MADRL,-14606.04239534485,-15300.429053877051
1128,2,TRPO-MADRL,-17367.51862683696,-15417.319622612153
1129,2,TRPO-MADRL,-17238.911996306524,-15561.865738919596
1130,2,TRPO-MADRL,-17400.19403770697,-15680.811415614791
1131,2,TRPO-MADRL,-17100.535173035212,-15787.580447963968
1132,2,TRPO-MADRL,-17200.36758696883,-15898.466987934016
1133,2,TRPO-MADRL,-14698.042277588753,-15909.191757708899
1134,2,TRPO-MADRL,-14679.20497340754,-15921.781654934226
1135,2,TRPO-MADRL,-16709.597664303834,-16011.161642109735
1136,2,TRPO-MADRL,-16663.456073093956,-16099.841584711417
1137,2,TRPO-MADRL,-16783.77847796779,-16196.18573669231
1138,2,TRPO-MADRL,-14699.300733029604,-16205.82973090305
1139,2,TRPO-MADRL,-14695.836741949006,-16116.198947787843
1140,2,TRPO-MADRL,-17025.598845294582,-16220.4242895468
1141,2,TRPO-MADRL,-14700.058448683283,-16137.097624601623
1142,2,TRPO-MADRL,-17083.438900745336,-16246.32074626344
1143,2,TRPO-MADRL,-16954.513638683235,-16255.515404204873
1144,2,TRPO-MADRL,-16725.24082236366,-16254.204505764594
1145,2,TRPO-MADRL,-16869.60363302761,-16259.986310991335
1146,2,TRPO-MADRL,-17070.36075049728,-16285.451897717065
1147,2,TRPO-MADRL,-14644.396093825972,-16208.844811110335
1148,2,TRPO-MADRL,-15947.97742133004,-16194.309157275015
1149,2,TRPO-MADRL,-17137.050972314406,-16214.950416393094
1150,2,TRPO-MADRL,-16648.796923218863,-16299.175005260864
1151,2,TRPO-MADRL,-16742.136525474154,-16295.678389319932
1152,2,TRPO-MADRL,-16921.889584051667,-16388.312276868204
1153,2,TRPO-MADRL,-16611.863294829516,-16358.086063587905
1154,2,TRPO-MADRL,-16562.422740185513,-16331.026493343064
1155,2,TRPO-MADRL,-16907.181262471284,-16311.305982333635
1156,2,TRPO-MADRL,-16742.300274483492,-16296.976586391567
1157,2,TRPO-MADRL,-16643.916508257193,-16274.718543243103
1158,2,TRPO-MADRL,-16911.679711711055,-16363.264040607995
1159,2,TRPO-MADRL,-16629.297843049375,-16441.267755393666
1160,2,TRPO-MADRL,-16899.99595073687,-16448.88368685099
1161,2,TRPO-MADRL,-16619.67566553185,-16447.132470548506
1162,2,TRPO-MADRL,-17040.914076929464,-16457.417894506973
1163,2,TRPO-MADRL,-17010.781810954628,-16549.877137623975
1164,2,TRPO-MADRL,-17179.21819773579,-16649.212395855444
1165,2,TRPO-MADRL,-16918.938820930754,-16644.945994880894
1166,2,TRPO-MADRL,-16649.500906073506,-16722.9236931765
1167,2,TRPO-MADRL,-16894.068560090192,-16715.348879550296
1168,2,TRPO-MADRL,-17215.75020039227,-16725.798342018657
1169,2,TRPO-MADRL,-16709.30021914144,-16725.16071788977
1170,2,TRPO-MADRL,-17086.671852744286,-16733.843446678435
1171,2,TRPO-MADRL,-16848.213088355147,-16724.957540192747
1172,2,TRPO-MADRL,-17061.68010282988,-16821.648900552904
1173,2,TRPO-MADRL,-16694.8322358378,-16851.52309313322
1174,2,TRPO-MADRL,-16600.794139105477,-16830.07281980486
1175,2,TRPO-MADRL,-16857.035937358145,-16838.40238037043
1176,2,TRPO-MADRL,-17171.336753866726,-16855.57038950613
1177,2,TRPO-MADRL,-17107.813845637484,-16863.007359969564
1178,2,TRPO-MADRL,-17026.684252723262,-16879.600198285316
1179,2,TRPO-MADRL,-16782.374902527117,-16888.398284778978
1180,2,TRPO-MADRL,-16917.598931053697,-16888.81499152228
1181,2,TRPO-MADRL,-16417.19878024226,-16875.810931752625
1182,2,TRPO-MADRL,-16586.45667633176,-16873.51253847561
1183,2,TRPO-MADRL,-16899.11918760316,-16873.010117511294
1184,2,TRPO-MADRL,-16281.224370731878,-16859.087178618593
1185,2,TRPO-MADRL,-16705.106910844377,-16851.291617022896
1186,2,TRPO-MADRL,-17019.23144074305,-16867.273848031342
1187,2,TRPO-MADRL,-16760.632388989798,-16856.062580513753
1188,2,TRPO-MADRL,-16905.418459508597,-16851.848046455914
1189,2,TRPO-MADRL,-16765.155600089558,-16835.285542550067
1190,2,TRPO-MADRL,-16595.397174524813,-16822.343876693827
1191,2,TRPO-MADRL,-16834.901870596765,-16829.759915274757
1192,2,TRPO-MADRL,-16384.009099323062,-16809.357536844072
1193,2,TRPO-MADRL,-16653.899272042516,-16786.883499710082
1194,2,TRPO-MADRL,-16580.707785299193,-16781.73980235639
1195,2,TRPO-MADRL,-16670.359389184705,-16765.08730381401
1196,2,TRPO-MADRL,-16445.538268883443,-16748.980311035142
1197,2,TRPO-MADRL,-16244.45438553666,-16716.291282343413
1198,2,TRPO-MADRL,-16297.142590796704,-16700.38369654177
1199,2,TRPO-MADRL,-16417.315153524392,-16693.044537118523
1200,2,TRPO-MADRL,-16401.4285949251,-16674.820243421203
1201,2,TRPO-MADRL,-16505.049920555517,-16648.168770088752
1202,2,TRPO-MADRL,-16165.80840755458,-16610.48855256544
1203,2,TRPO-MADRL,-14484.955381709942,-16508.819397724907
1204,2,TRPO-MADRL,-16203.657968434036,-16485.670720361184
1205,2,TRPO-MADRL,-16519.134558434074,-16469.732145456397
1206,2,TRPO-MADRL,-16323.267408121996,-16465.97489057159
1207,2,TRPO-MADRL,-16476.009025475265,-16461.55698453733
1208,2,TRPO-MADRL,-14504.728000202422,-16365.781337041297
1209,2,TRPO-MADRL,-16332.721681144169,-16367.84122945779
1210,2,TRPO-MADRL,-14509.409871450633,-16280.013347882039
1211,2,TRPO-MADRL,-16079.303796274502,-16242.416242103298
1212,2,TRPO-MADRL,-15986.013680183052,-16211.43149375103
1213,2,TRPO-MADRL,-16287.53005195732,-16186.715957448976
1214,2,TRPO-MADRL,-15954.660637194334,-16154.296158933166
1215,2,TRPO-MADRL,-16131.79786928914,-16135.752186723741
1216,2,TRPO-MADRL,-14549.224704496788,-16044.325100079743
1217,2,TRPO-MADRL,-15243.666928411729,-15998.711413243289
1218,2,TRPO-MADRL,-15981.123329245424,-15971.800375531404
1219,2,TRPO-MADRL,-15427.21871156703,-15925.660812582117
1220,2,TRPO-MADRL,-14499.873754925557,-15838.841387211753
1221,2,TRPO-MADRL,-15956.486609336802,-15819.279320829886
1222,2,TRPO-MADRL,-15502.029748951658,-15789.582335366485
1223,2,TRPO-MADRL,-15485.893690364035,-15757.13237934918
1224,2,TRPO-MADRL,-15876.523350531414,-15735.50070722946
1225,2,TRPO-MADRL,-15920.404594355412,-15716.259747206674
1226,2,TRPO-MADRL,-15696.753866521043,-15683.927905045297
1227,2,TRPO-MADRL,-14494.1391474477,-15617.061134641019
1228,2,TRPO-MADRL,-15560.226823297087,-15660.071992304504
1229,2,TRPO-MADRL,-14848.14028025995,-15605.85128477754
1230,2,TRPO-MADRL,-15231.440412767904,-15554.343518950895
1231,2,TRPO-MADRL,-15113.991240573398,-15505.97247224895
1232,2,TRPO-MADRL,-15229.849612225997,-15456.126095718979
1233,2,TRPO-MADRL,-14891.635434917358,-15471.602393107578
1234,2,TRPO-MADRL,-14940.133344479744,-15415.898859641
1235,2,TRPO-MADRL,-15207.613815130511,-15443.827017388196
1236,2,TRPO-MADRL,-15045.76832098388,-15402.485598376572
1237,2,TRPO-MADRL,-15261.885415426772,-15373.520467786318
1238,2,TRPO-MADRL,-14999.870464569416,-15322.014084290804
1239,2,TRPO-MADRL,-15072.784912990988,-15286.739055322669
1240,2,TRPO-MADRL,-15024.421882153223,-15242.444015837233
1241,2,TRPO-MADRL,-15349.147871505318,-15274.440942517575
1242,2,TRPO-MADRL,-14279.597914469778,-15235.878181959895
1243,2,TRPO-MADRL,-14372.271055119643,-15171.524090994864
1244,2,TRPO-MADRL,-14330.781993053124,-15127.666622254308
1245,2,TRPO-MADRL,-14256.863317652653,-15117.946204763393
1246,2,TRPO-MADRL,-14192.39855684828,-15047.382682663852
1247,2,TRPO-MADRL,-14408.61577521441,-15003.646123714361
1248,2,TRPO-MADRL,-14332.589828508537,-14957.513969240143
1249,2,TRPO-MADRL,-14304.700580484394,-14894.641058438261
1250,2,TRPO-MADRL,-14221.634624125843,-14826.690259629078
1251,2,TRPO-MADRL,-14542.286811552409,-14780.511577430332
1252,2,TRPO-MADRL,-14140.673414704634,-14766.372948120612
1253,2,TRPO-MADRL,-14581.3521751977,-14727.217962196635
1254,2,TRPO-MADRL,-14178.682670259805,-14700.439657796629
1255,2,TRPO-MADRL,-14087.90915158896,-14654.69840734947
1256,2,TRPO-MADRL,-14211.257473409363,-14618.589056662908
1257,2,TRPO-MADRL,-14357.854059799649,-14583.709234565857
1258,2,TRPO-MADRL,-14077.372591972957,-14551.138720848081
1259,2,TRPO-MADRL,-13741.635289058124,-14503.198798631216
1260,2,TRPO-MADRL,-14543.389247858828,-14476.629815940347
1261,2,TRPO-MADRL,-14214.527397433863,-14443.380178998346
1262,2,TRPO-MADRL,-14338.83750953222,-14406.458262762564
1263,2,TRPO-MADRL,-14045.74573708795,-14368.293273663307
1264,2,TRPO-MADRL,-13871.417726473082,-14320.23858620259
1265,2,TRPO-MADRL,-13611.021809106593,-14263.702583280725
1266,2,TRPO-MADRL,-13885.665225078768,-14205.16327742366
1267,2,TRPO-MADRL,-13770.374989054362,-14184.794360407046
1268,2,TRPO-MADRL,-13750.99114444583,-14159.943163980095
1269,2,TRPO-MADRL,-13871.157843240651,-14141.558197987597
1270,2,TRPO-MADRL,-14058.49359502384,-14133.623409082442
1271,2,TRPO-MADRL,-14255.501412976942,-14136.147523327589
1272,2,TRPO-MADRL,-13927.867408266357,-14116.917588649667
1273,2,TRPO-MADRL,-14055.191441671304,-14105.82165317618
1274,2,TRPO-MADRL,-13966.01087832134,-14092.274065089654
1275,2,TRPO-MADRL,-14073.494630163952,-14086.348465331179
1276,2,TRPO-MADRL,-14092.51645185487,-14068.357650943277
1277,2,TRPO-MADRL,-14386.714220942496,-14078.199283192791
1278,2,TRPO-MADRL,-13889.165379638163,-14050.511811370412
1279,2,TRPO-MADRL,-14039.415586122075,-14044.941128004903
1280,2,TRPO-MADRL,-14107.241012828988,-14045.714402454503
1281,2,TRPO-MADRL,-13841.038598978295,-14030.90564747726
1282,2,TRPO-MADRL,-14198.713270603468,-14024.540015909412
1283,2,TRPO-MADRL,-14067.479615116305,-14024.144296835146
1284,2,TRPO-MADRL,-14024.795183247705,-14035.470692602728
1285,2,TRPO-MADRL,-13860.961426820964,-14008.173579761216
1286,2,TRPO-MADRL,-13891.553004544783,-13995.254604045653
1287,2,TRPO-MADRL,-14436.732861707527,-13999.170418132664
1288,2,TRPO-MADRL,-13734.777297010514,-13986.731680529567
1289,2,TRPO-MADRL,-14003.719737943364,-13992.023760988379
1290,2,TRPO-MADRL,-13650.974123725891,-13993.62185357315
1291,2,TRPO-MADRL,-13815.165533021029,-13990.80186589084
1292,2,TRPO-MADRL,-13899.265009117036,-13995.957466693348
1293,2,TRPO-MADRL,-13764.42675304721,-13996.4948910374
1294,2,TRPO-MADRL,-13546.42184384884,-13983.50545106173
1295,2,TRPO-MADRL,-12959.065841215155,-13939.528340909383
1296,2,TRPO-MADRL,-13317.94637039194,-13902.026139205984
1297,2,TRPO-MADRL,-13104.98139977063,-13869.110698866156
1298,2,TRPO-MADRL,-13274.99484699801,-13837.902835079221
1299,2,TRPO-MADRL,-13760.35275797782,-13829.67651026548
1300,2,TRPO-MADRL,-13469.779755079002,-13805.527915262084
1301,2,TRPO-MADRL,-13060.15936334621,-13764.233631721738
1302,2,TRPO-MADRL,-13550.568308135104,-13730.787795209442
1303,2,TRPO-MADRL,-12980.36130563201,-13694.435632249193
1304,2,TRPO-MADRL,-12852.506494542937,-13646.959268586028
1305,2,TRPO-MADRL,-13279.683220913868,-13613.856956909425
1306,2,TRPO-MADRL,-13712.598217467348,-13608.719341648986
1307,2,TRPO-MADRL,-12755.98369550272,-13551.010158644958
1308,2,TRPO-MADRL,-12669.392617220954,-13495.086678729143
1309,2,TRPO-MADRL,-12960.269392537291,-13452.505647100726
1310,2,TRPO-MADRL,-12841.37929908598,-13411.722361991326
1311,2,TRPO-MADRL,-12827.770546880454,-13369.171063684753
1312,2,TRPO-MADRL,-12826.101532142937,-13304.745810502169
1313,2,TRPO-MADRL,-12982.770839201208,-13274.665552189797
1314,2,TRPO-MADRL,-12952.200816095668,-13232.60479531589
1315,2,TRPO-MADRL,-12387.050476717232,-13182.047849435545
1316,2,TRPO-MADRL,-12840.653284535449,-13143.067359496123
1317,2,TRPO-MADRL,-13111.543023865186,-13111.558480086045
1318,2,TRPO-MADRL,-12710.29595954048,-13069.393248345777
1319,2,TRPO-MADRL,-13029.194457058084,-13048.704152874147
1320,2,TRPO-MADRL,-12875.749070616665,-13045.371482050206
1321,2,TRPO-MADRL,-12929.786909387503,-13029.84510361003
1322,2,TRPO-MADRL,-12494.656648172577,-13005.432113546107
1323,2,TRPO-MADRL,-12489.370493925846,-12974.00713942322
1324,2,TRPO-MADRL,-12559.846329102478,-12925.98688226821
1325,2,TRPO-MADRL,-13089.532511411351,-12910.776992521503
1326,2,TRPO-MADRL,-12748.524575430743,-12898.311601004882
1327,2,TRPO-MADRL,-13201.207456407885,-12884.337166935795
1328,2,TRPO-MADRL,-12470.245249455107,-12863.932524688718
1329,2,TRPO-MADRL,-12489.76916239658,-12849.423031402863
1330,2,TRPO-MADRL,-12844.996339978292,-12832.035556165441
1331,2,TRPO-MADRL,-12408.367154973825,-12779.8663136657
1332,2,TRPO-MADRL,-12699.201630540692,-12777.595031067216
1333,2,TRPO-MADRL,-12782.70078670422,-12782.12735784655
1334,2,TRPO-MADRL,-12453.272564197436,-12761.847484712955
1335,2,TRPO-MADRL,-12456.788057321855,-12746.463835042392
1336,2,TRPO-MADRL,-12629.166623159232,-12738.519678093542
1337,2,TRPO-MADRL,-12714.72772089784,-12734.064725643739
1338,2,TRPO-MADRL,-12488.880936995514,-12714.30912955551
1339,2,TRPO-MADRL,-12686.785202097544,-12703.692504995584
1340,2,TRPO-MADRL,-12653.813570500432,-12714.363028746911
1341,2,TRPO-MADRL,-12087.305896374117,-12684.229133220459
1342,2,TRPO-MADRL,-12548.002052893396,-12661.68749438159
1343,2,TRPO-MADRL,-12578.625465503668,-12656.420674620116
1344,2,TRPO-MADRL,-12448.006440565225,-12633.173153960402
1345,2,TRPO-MADRL,-12515.022374498283,-12618.744086115665
1346,2,TRPO-MADRL,-12618.224539191557,-12606.281591307828
1347,2,TRPO-MADRL,-12148.589025463538,-12592.438886399466
1348,2,TRPO-MADRL,-12454.71815020942,-12591.052792650811
1349,2,TRPO-MADRL,-12830.276876403288,-12601.87001454284
1350,2,TRPO-MADRL,-12880.054680698113,-12593.490901314311
1351,2,TRPO-MADRL,-12173.405272503522,-12570.486129197223
1352,2,TRPO-MADRL,-12483.045586998496,-12541.759654420846
1353,2,TRPO-MADRL,-12692.051379719269,-12550.631899631415
1354,2,TRPO-MADRL,-12769.697324813602,-12561.829026128096
1355,2,TRPO-MADRL,-12259.393690368885,-12538.404920143721
1356,2,TRPO-MADRL,-12226.595714780233,-12531.134062535975
1357,2,TRPO-MADRL,-12113.686064501278,-12507.7134398944
1358,2,TRPO-MADRL,-12111.138378110762,-12480.85094355066
1359,2,TRPO-MADRL,-12357.170590691352,-12477.006864610417
1360,2,TRPO-MADRL,-12533.123483992596,-12480.060281677246
1361,2,TRPO-MADRL,-11890.940071080528,-12450.531219594097
1362,2,TRPO-MADRL,-12149.918481129524,-12427.938850003364
1363,2,TRPO-MADRL,-12440.64758988304,-12426.009516118867
1364,2,TRPO-MADRL,-11838.690218233314,-12392.085716764299
1365,2,TRPO-MADRL,-12099.991121481256,-12369.93281880353
1366,2,TRPO-MADRL,-12328.416051026185,-12379.577224989613
1367,2,TRPO-MADRL,-12168.662992313795,-12364.403662566428
1368,2,TRPO-MADRL,-11889.451922352604,-12336.836720840387
1369,2,TRPO-MADRL,-12065.101916191785,-12321.520539865447
1370,2,TRPO-MADRL,-11754.755930573929,-12291.109882108476
1371,2,TRPO-MADRL,-12378.92615620646,-12281.53794678907
1372,2,TRPO-MADRL,-11351.06135610153,-12249.636840014591
1373,2,TRPO-MADRL,-11822.19015424095,-12224.335720175852
1374,2,TRPO-MADRL,-11622.169631138126,-12176.011430365244
1375,2,TRPO-MADRL,-11833.15001206832,-12134.135243620052
1376,2,TRPO-MADRL,-11529.341778641889,-12108.372703865589
1377,2,TRPO-MADRL,-11754.38421615582,-12079.22624903188
1378,2,TRPO-MADRL,-11388.538945567772,-12027.085751665822
1379,2,TRPO-MADRL,-11800.602961989483,-11988.321977152857
1380,2,TRPO-MADRL,-11786.067623398703,-11969.388934474047
1381,2,TRPO-MADRL,-11065.06086213065,-11922.927540368066
1382,2,TRPO-MADRL,-11889.162204424443,-11913.946585964992
1383,2,TRPO-MADRL,-11323.83639424589,-11882.454506610396
1384,2,TRPO-MADRL,-11735.456234204948,-11857.585932350941
1385,2,TRPO-MADRL,-11160.517844261069,-11802.681706761681
1386,2,TRPO-MADRL,-11329.922066841753,-11780.240986592129
1387,2,TRPO-MADRL,-11219.613729246876,-11743.028796516825
1388,2,TRPO-MADRL,-11609.7603468098,-11709.793306793894
1389,2,TRPO-MADRL,-11798.098588153753,-11708.16964159071
1390,2,TRPO-MADRL,-11428.679093159846,-11681.317160457855
1391,2,TRPO-MADRL,-11199.048078759395,-11636.142441567183
1392,2,TRPO-MADRL,-11272.161100136222,-11600.28236588008
1393,2,TRPO-MADRL,-11287.283820480752,-11576.195641805207
1394,2,TRPO-MADRL,-11263.61453633185,-11544.13614661081
1395,2,TRPO-MADRL,-11131.060775191108,-11519.188340395496
1396,2,TRPO-MADRL,-10959.828555671083,-11462.42443637408
1397,2,TRPO-MADRL,-10954.412660954067,-11446.558488568182
1398,2,TRPO-MADRL,-11473.81736498506,-11432.623576997947
1399,2,TRPO-MADRL,-10792.873133577255,-11399.451717095513
1400,2,TRPO-MADRL,-10868.440968827856,-11360.863355365895
1401,2,TRPO-MADRL,-11471.508745688105,-11358.550034047743
1402,2,TRPO-MADRL,-10622.692685875012,-11313.282372836511
1403,2,TRPO-MADRL,-10563.81421730719,-11280.293383706086
1404,2,TRPO-MADRL,-9764.908900352142,-11198.865621240593
1405,2,TRPO-MADRL,-10667.913831790933,-11154.139469576283
1406,2,TRPO-MADRL,-11018.322759755169,-11152.269945481263
1407,2,TRPO-MADRL,-10649.559781651104,-11102.68584857033
1408,2,TRPO-MADRL,-10270.680542399445,-11060.559614496471
1409,2,TRPO-MADRL,-10426.968660922746,-11008.220111565184
1410,2,TRPO-MADRL,-11172.008534815386,-11008.679739187357
1411,2,TRPO-MADRL,-10809.440380964195,-10987.860471752256
1412,2,TRPO-MADRL,-10532.08856812142,-10960.359465307234
1413,2,TRPO-MADRL,-10839.804660178495,-10929.561237841985
1414,2,TRPO-MADRL,-10758.840503020849,-10887.990914436667
1415,2,TRPO-MADRL,-10721.48441639362,-10859.703127366018
1416,2,TRPO-MADRL,-10968.588669076906,-10850.484750978718
1417,2,TRPO-MADRL,-11278.532367410036,-10850.739601669673
1418,2,TRPO-MADRL,-10651.093799025974,-10825.29200081148
1419,2,TRPO-MADRL,-10358.3200567895,-10789.080221629785
1420,2,TRPO-MADRL,-10271.547536999438,-10754.699692102118
1421,2,TRPO-MADRL,-11271.42938839668,-10767.163725411143
1422,2,TRPO-MADRL,-10244.57011369284,-10738.770023520694
1423,2,TRPO-MADRL,-10795.311325097857,-10711.629781925205
1424,2,TRPO-MADRL,-10598.150940279074,-10703.84089419328
1425,2,TRPO-MADRL,-10868.56325432893,-10703.845785613323
1426,2,TRPO-MADRL,-10246.876773916372,-10654.860506742452
1427,2,TRPO-MADRL,-10334.390944733295,-10643.328437096783
1428,2,TRPO-MADRL,-10250.441312837092,-10630.793520917981
1429,2,TRPO-MADRL,-10498.134801024706,-10660.122556944883
1430,2,TRPO-MADRL,-10907.652310965494,-10669.712096111865
1431,2,TRPO-MADRL,-10692.801335323971,-10656.691239134618
1432,2,TRPO-MADRL,-10094.755037074045,-10634.499049351534
1433,2,TRPO-MADRL,-10021.630812255618,-10624.537060145782
1434,2,TRPO-MADRL,-10394.639873822456,-10623.243908661772
1435,2,TRPO-MADRL,-9774.117024982166,-10567.32824826844
1436,2,TRPO-MADRL,-10655.31040769576,-10561.163049337703
1437,2,TRPO-MADRL,-10175.12506365428,-10546.88450915902
1438,2,TRPO-MADRL,-10292.697517198649,-10525.000223439825
1439,2,TRPO-MADRL,-10310.152723208574,-10507.052712247334
1440,2,TRPO-MADRL,-10026.137930487595,-10479.238852811093
1441,2,TRPO-MADRL,-9973.773276884196,-10439.446237123384
1442,2,TRPO-MADRL,-9438.517835084416,-10365.845655830359
1443,2,TRPO-MADRL,-10230.633366678949,-10349.027238536479
1444,2,TRPO-MADRL,-9644.914074699383,-10320.490999252874
1445,2,TRPO-MADRL,-13256.065478339924,-10439.871716906493
1446,2,TRPO-MADRL,-9407.04192673504,-10365.296218440028
1447,2,TRPO-MADRL,-9380.576427838954,-10330.736471005872
1448,2,TRPO-MADRL,-8514.109534493458,-10239.488399381697
1449,2,TRPO-MADRL,-9289.766800295693,-10187.15303378236
1450,2,TRPO-MADRL,-9364.809960522009,-10127.002902030084
1451,2,TRPO-MADRL,-9055.985125189753,-10079.367236081018
1452,2,TRPO-MADRL,-9213.88242874345,-10034.546895441426
1453,2,TRPO-MADRL,-9308.380580979849,-9996.864466167135
1454,2,TRPO-MADRL,-8779.9141092811,-9928.135638497391
1455,2,TRPO-MADRL,-8756.643646468505,-9842.09529191751
1456,2,TRPO-MADRL,-8587.915160430883,-9757.899844921789
1457,2,TRPO-MADRL,-8850.701895413058,-9708.137719255348
1458,2,TRPO-MADRL,-9006.621841389668,-9667.53736042071
1459,2,TRPO-MADRL,-9578.466604751038,-9634.890429657853
1460,2,TRPO-MADRL,-8489.416242603971,-9583.502398362727
1461,2,TRPO-MADRL,-8784.369687783117,-9508.66476956622
1462,2,TRPO-MADRL,-8391.680419639026,-9437.326983805611
1463,2,TRPO-MADRL,-7492.61779603455,-9325.323794959048
1464,2,TRPO-MADRL,-9385.151785539754,-9288.323757452294
1465,2,TRPO-MADRL,-8834.585259183299,-9240.661650600121
1466,2,TRPO-MADRL,-7989.327835557813,-9161.283832947065
1467,2,TRPO-MADRL,-7780.302165997988,-9094.95520618361
1468,2,TRPO-MADRL,-8100.817172393308,-9009.762558412183
1469,2,TRPO-MADRL,-7185.561559025107,-8911.388457785211
1470,2,TRPO-MADRL,-8117.398225154023,-8705.841767657776
1471,2,TRPO-MADRL,-8219.90745094178,-8658.356388626045
1472,2,TRPO-MADRL,-7850.7054886568385,-8597.161551058762
1473,2,TRPO-MADRL,-8203.17376755031,-8584.724120381035
1474,2,TRPO-MADRL,-7920.980374340153,-8529.972663342814
1475,2,TRPO-MADRL,-7849.297904520605,-8469.352181102759
1476,2,TRPO-MADRL,-7992.212988722722,-8426.801295644078
1477,2,TRPO-MADRL,-8135.809802971537,-8383.678390613199
1478,2,TRPO-MADRL,-7875.816464278849,-8326.37582594516
1479,2,TRPO-MADRL,-6894.144569071822,-8250.945044336788
1480,2,TRPO-MADRL,-7036.611278408513,-8182.143749614389
1481,2,TRPO-MADRL,-7369.892728181378,-8133.422852324409
1482,2,TRPO-MADRL,-7331.715621683727,-8072.663401375236
1483,2,TRPO-MADRL,-7500.520934081668,-8012.419365082915
1484,2,TRPO-MADRL,-6969.838760937737,-7908.074251330383
1485,2,TRPO-MADRL,-7385.936213328003,-7863.935050159344
1486,2,TRPO-MADRL,-7635.351137646563,-7817.974308153884
1487,2,TRPO-MADRL,-7714.148938157881,-7790.873048894637
1488,2,TRPO-MADRL,-7245.238588255728,-7780.977880583483
1489,2,TRPO-MADRL,-7556.743168652843,-7707.841535908007
1490,2,TRPO-MADRL,-7116.680658703644,-7639.125351888822
1491,2,TRPO-MADRL,-7484.769292647314,-7618.943010172402
1492,2,TRPO-MADRL,-6417.766196379449,-7564.441571387661
1493,2,TRPO-MADRL,-6279.264073369058,-7491.57944742669
1494,2,TRPO-MADRL,-7422.445529665092,-7501.0548062522885
1495,2,TRPO-MADRL,-6692.098156694374,-7444.042803513904
1496,2,TRPO-MADRL,-7635.596044104839,-7420.670347240425
1497,2,TRPO-MADRL,-6765.722869386387,-7377.271042469609
1498,2,TRPO-MADRL,-6893.078217912187,-7324.867220484082
1499,2,TRPO-MADRL,-6657.532464822515,-7274.329304103378
1500,2,TRPO-MADRL,-6594.473488778312,-7224.136327473685
1,3,F-MADRL,-7625.019790821091,-7625.019790821091
2,3,F-MADRL,-9067.209536703918,-8346.114663762504
3,3,F-MADRL,-6169.497654543066,-7620.575660689358
4,3,F-MADRL,-6888.46031382081,-7437.546823972221
5,3,F-MADRL,-6169.596014026472,-7183.956661983071
6,3,F-MADRL,-6592.054885829544,-7085.306365957484
7,3,F-MADRL,-8338.47086913348,-7264.329866411198
8,3,F-MADRL,-9043.502228081608,-7486.7264116199985
9,3,F-MADRL,-7394.452112997171,-7476.473711773017
10,3,F-MADRL,-8071.060264116517,-7535.932367007367
11,3,F-MADRL,-7553.398846933115,-7537.5202288188
12,3,F-MADRL,-6332.38437747085,-7437.092241206471
13,3,F-MADRL,-8309.01196606245,-7504.162989272315
14,3,F-MADRL,-7821.461204028855,-7526.82714746921
15,3,F-MADRL,-7710.918009908319,-7539.099871631817
16,3,F-MADRL,-8890.589360896543,-7623.567964710863
17,3,F-MADRL,-6417.168272393321,-7552.603276927479
18,3,F-MADRL,-8177.885894514365,-7587.341200126751
19,3,F-MADRL,-5466.2596025523935,-7475.705326570204
20,3,F-MADRL,-7556.596567730077,-7479.749888628199
21,3,F-MADRL,-7758.35942570537,-7493.017009441397
22,3,F-MADRL,-6925.610658694597,-7467.225811680179
23,3,F-MADRL,-6492.747898636648,-7424.857206765242
24,3,F-MADRL,-9499.935875803849,-7511.318817975185
25,3,F-MADRL,-8618.804370737476,-7555.618240085676
26,3,F-MADRL,-6952.961045532889,-7528.735890274148
27,3,F-MADRL,-10698.025161844644,-7593.968515279777
28,3,F-MADRL,-7074.750326447122,-7630.17862215594
29,3,F-MADRL,-6576.523799028551,-7617.70116156425
30,3,F-MADRL,-6564.651076126544,-7633.5033640482525
31,3,F-MADRL,-7382.038667851975,-7665.10271532915
32,3,F-MADRL,-8738.09453347449,-7681.0876619027895
33,3,F-MADRL,-9398.13702922018,-7695.273053948332
34,3,F-MADRL,-7688.785099330302,-7707.046373401657
35,3,F-MADRL,-6700.8407176020255,-7652.237591541078
36,3,F-MADRL,-8114.692160331314,-7674.689324077006
37,3,F-MADRL,-7822.50864951502,-7734.294294958772
38,3,F-MADRL,-8311.153964651827,-7734.379974902348
39,3,F-MADRL,-7856.604079502953,-7735.785689921311
40,3,F-MADRL,-9250.382700281498,-7797.364277536238
41,3,F-MADRL,-6736.173426141664,-7711.187640146044
42,3,F-MADRL,-8420.466143026642,-7791.319554971377
43,3,F-MADRL,-6198.914716610452,-7712.16070785522
44,3,F-MADRL,-9394.48854423636,-7869.289865522579
45,3,F-MADRL,-7631.938682924788,-7872.303550130367
46,3,F-MADRL,-6807.376569717261,-7834.264235890843
47,3,F-MADRL,-7225.996022802556,-7846.279650455162
48,3,F-MADRL,-6107.361568725042,-7830.8641972586975
49,3,F-MADRL,-6718.06615050466,-7719.589408246729
50,3,F-MADRL,-7423.923043833261,-7671.794155170562
51,3,F-MADRL,-7790.762333095602,-7705.306206673069
52,3,F-MADRL,-9353.41101978247,-7651.5216409905825
53,3,F-MADRL,-8201.959059250645,-7696.609990302723
54,3,F-MADRL,-8362.218057483477,-7768.03776064092
55,3,F-MADRL,-9732.89445309962,-7894.767495719843
56,3,F-MADRL,-7594.289746804974,-7903.257538877963
57,3,F-MADRL,-7441.719033936186,-7851.4025188964315
58,3,F-MADRL,-6528.361019239574,-7736.611478497207
59,3,F-MADRL,-6950.307469834663,-7707.072373317383
60,3,F-MADRL,-7709.184470151353,-7747.406123419355
61,3,F-MADRL,-8236.42998090725,-7752.275636242392
62,3,F-MADRL,-8392.556951731252,-7775.077568331042
63,3,F-MADRL,-9291.441813137388,-7814.289082270464
64,3,F-MADRL,-7040.884329654362,-7781.66029227652
65,3,F-MADRL,-8079.857614162581,-7734.839288831764
66,3,F-MADRL,-8611.775160871617,-7809.863358220961
67,3,F-MADRL,-7717.704660675538,-7781.752898926917
68,3,F-MADRL,-7436.833962442615,-7831.269668760203
69,3,F-MADRL,-7070.627988757633,-7738.315246541056
70,3,F-MADRL,-7556.03300655854,-7735.279019486405
71,3,F-MADRL,-5278.06964198813,-7674.106742377239
72,3,F-MADRL,-7441.178494861459,-7682.714041259596
73,3,F-MADRL,-5762.6892441975615,-7668.927148278496
74,3,F-MADRL,-7656.674332940847,-7706.471475575943
75,3,F-MADRL,-7752.202210781063,-7719.602642253856
76,3,F-MADRL,-8225.186188292419,-7736.979596461728
77,3,F-MADRL,-8391.724488856344,-7698.512135224683
78,3,F-MADRL,-8974.593765137022,-7729.417523460139
79,3,F-MADRL,-7932.405123037653,-7712.225006082304
80,3,F-MADRL,-7818.6832294751075,-7635.656557137325
81,3,F-MADRL,-6344.68017199194,-7585.672174144804
82,3,F-MADRL,-7862.058291349296,-7602.485744441328
83,3,F-MADRL,-5891.559802966198,-7577.013695790392
84,3,F-MADRL,-8086.898920336183,-7622.477353810454
85,3,F-MADRL,-7669.59160797836,-7620.893639323534
86,3,F-MADRL,-6876.693426581105,-7566.504177150488
87,3,F-MADRL,-6959.512463705789,-7509.18239762947
88,3,F-MADRL,-8356.78925912688,-7471.796295469049
89,3,F-MADRL,-7103.621745667079,-7474.305792109558
90,3,F-MADRL,-6905.560258926938,-7427.333897900132
91,3,F-MADRL,-6289.275571554497,-7334.4339143274465
92,3,F-MADRL,-7863.96990394475,-7340.284524058216
93,3,F-MADRL,-6894.9427739938255,-7318.608876520265
94,3,F-MADRL,-6907.232855011524,-7312.07307117042
95,3,F-MADRL,-7327.165765239097,-7302.918381517644
96,3,F-MADRL,-9269.135940423734,-7462.561033455067
97,3,F-MADRL,-7268.994517080544,-7455.6736743438305
98,3,F-MADRL,-7091.03760715499,-7508.807608862127
99,3,F-MADRL,-7197.139575741613,-7490.426218574157
100,3,F-MADRL,-7764.492549007252,-7490.917832103205
101,3,F-MADRL,-5900.231513431807,-7397.919645108781
102,3,F-MADRL,-5909.522370689272,-7298.631560382098
103,3,F-MADRL,-7299.550267735645,-7231.629820486043
104,3,F-MADRL,-8913.053417379087,-7270.855752259701
105,3,F-MADRL,-6619.349724549667,-7222.882412062683
106,3,F-MADRL,-7652.779029770133,-7275.206366373811
107,3,F-MADRL,-8529.444302788852,-7301.901806831393
108,3,F-MADRL,-9358.925973271504,-7440.596453643605
109,3,F-MADRL,-5691.459169865224,-7344.778863624766
110,3,F-MADRL,-6594.360072228212,-7301.76960219476
111,3,F-MADRL,-7838.040333101539,-7340.2234784555785
112,3,F-MADRL,-8011.470813900903,-7382.301812463383
113,3,F-MADRL,-7686.905454507382,-7355.506460278602
114,3,F-MADRL,-9234.240741444864,-7440.731220109714
115,3,F-MADRL,-6858.211407532884,-7438.837266053952
116,3,F-MADRL,-7253.880832322838,-7477.4214764846865
117,3,F-MADRL,-9312.013754300464,-7535.343230498914
118,3,F-MADRL,-6786.974123633085,-7531.024484484485
119,3,F-MADRL,-7322.245443003033,-7547.624988004145
120,3,F-MADRL,-8513.506555425212,-7595.07861961159
121,3,F-MADRL,-6858.78467043393,-7498.664568811997
122,3,F-MADRL,-7619.741255435867,-7512.69443834621
123,3,F-MADRL,-8406.589504004605,-7565.316514220194
124,3,F-MADRL,-7309.359092284622,-7569.805294881916
125,3,F-MADRL,-8959.655939862452,-7617.6118305161235
126,3,F-MADRL,-7037.458747201092,-7663.100919866894
127,3,F-MADRL,-7124.327359024504,-7711.693119400305
128,3,F-MADRL,-7976.187634437713,-7738.758614068386
129,3,F-MADRL,-8086.450606830636,-7705.694501646449
130,3,F-MADRL,-8825.953172848927,-7793.95863957842
131,3,F-MADRL,-6335.319947292119,-7741.2602762792985
132,3,F-MADRL,-6176.17746121147,-7647.129602616204
133,3,F-MADRL,-6003.812061074103,-7512.925046128307
134,3,F-MADRL,-7003.677420031862,-7565.413776134973
135,3,F-MADRL,-7955.416884924924,-7619.856048642841
136,3,F-MADRL,-7605.182047919656,-7610.541717235566
137,3,F-MADRL,-6707.2385730931655,-7558.372427603256
138,3,F-MADRL,-6963.235183345852,-7529.425616756796
139,3,F-MADRL,-7823.61292013773,-7473.00050390451
140,3,F-MADRL,-6424.253059055036,-7455.6421699653965
141,3,F-MADRL,-7370.353493224335,-7460.301076401456
142,3,F-MADRL,-8062.398238952073,-7410.316455787521
143,3,F-MADRL,-7672.629636784276,-7445.742676313568
144,3,F-MADRL,-5634.466507632512,-7378.231518898747
145,3,F-MADRL,-5699.402890439127,-7265.667372299304
146,3,F-MADRL,-7756.350715739487,-7301.570014111526
147,3,F-MADRL,-8883.018107096454,-7352.101088177949
148,3,F-MADRL,-6276.422210544228,-7266.894396439535
149,3,F-MADRL,-6301.956550201514,-7226.59829475621
150,3,F-MADRL,-9274.058869306864,-7239.174411933986
151,3,F-MADRL,-6692.96123951246,-7225.394511626442
152,3,F-MADRL,-6395.7745582111065,-7196.252399593905
153,3,F-MADRL,-7257.808037622568,-7167.5172157213
154,3,F-MADRL,-6203.7900137390725,-7092.210791997637
155,3,F-MADRL,-7423.127670760043,-7036.097771914081
156,3,F-MADRL,-7440.486942993239,-7080.304451742127
157,3,F-MADRL,-7219.11988589197,-7122.022148729347
158,3,F-MADRL,-5695.257294661341,-7109.679958072836
159,3,F-MADRL,-7032.788850872685,-7110.844415306468
160,3,F-MADRL,-7684.453123797337,-7100.005864861366
161,3,F-MADRL,-8934.152940920745,-7153.164700581408
162,3,F-MADRL,-8793.420668720235,-7236.611984406491
163,3,F-MADRL,-8619.836695548225,-7302.876044894586
164,3,F-MADRL,-6841.34602104083,-7263.585368930711
165,3,F-MADRL,-7516.125545368861,-7307.260268383264
166,3,F-MADRL,-7339.829813496765,-7306.039321194161
167,3,F-MADRL,-8481.979401510373,-7322.822567696493
168,3,F-MADRL,-6923.434928475504,-7292.854779364142
169,3,F-MADRL,-7644.563672107556,-7373.258665943144
170,3,F-MADRL,-6980.457226318544,-7424.50083937832
171,3,F-MADRL,-8002.380115284013,-7434.342015360101
172,3,F-MADRL,-7582.39043401904,-7382.316908437006
173,3,F-MADRL,-8222.067785067913,-7460.142731417952
174,3,F-MADRL,-6214.740131813374,-7456.654074682427
175,3,F-MADRL,-8157.007355102867,-7411.972014114266
176,3,F-MADRL,-6687.16099263296,-7411.740004239087
177,3,F-MADRL,-9557.91297981796,-7538.225541103361
178,3,F-MADRL,-7012.060845206985,-7528.395653406737
179,3,F-MADRL,-7812.86489710593,-7592.758648741412
180,3,F-MADRL,-7840.365626557254,-7609.4481669732995
181,3,F-MADRL,-8162.280875828134,-7638.319924286696
182,3,F-MADRL,-7358.31500122755,-7643.887728900119
183,3,F-MADRL,-7341.692722851588,-7709.745146027729
184,3,F-MADRL,-7302.981673857999,-7720.552858947141
185,3,F-MADRL,-9169.16622917792,-7779.941383162364
186,3,F-MADRL,-6162.824195019185,-7669.088233326303
187,3,F-MADRL,-8275.41746768834,-7648.368105285027
188,3,F-MADRL,-7563.478410480682,-7606.113773882325
189,3,F-MADRL,-7825.508916414903,-7645.480289697287
190,3,F-MADRL,-8214.735747203118,-7673.424697770658
191,3,F-MADRL,-5661.99017129031,-7606.3111120824005
192,3,F-MADRL,-8071.561503307651,-7589.894396154292
193,3,F-MADRL,-8746.14896283831,-7662.802957528804
194,3,F-MADRL,-5738.390223421343,-7586.556019581355
195,3,F-MADRL,-6311.202248226016,-7559.785820457653
196,3,F-MADRL,-6977.143857194758,-7518.776370134084
197,3,F-MADRL,-5444.835904614421,-7433.274188957899
198,3,F-MADRL,-6516.782985698443,-7365.06279698312
199,3,F-MADRL,-8794.392884953062,-7468.2489071087075
200,3,F-MADRL,-5943.770522810512,-7379.719433817014
201,3,F-MADRL,-6653.616753279269,-7378.377664242866
202,3,F-MADRL,-7132.804806385377,-7281.373337305562
203,3,F-MADRL,-7944.892160503634,-7318.686589917429
204,3,F-MADRL,-5980.9857783663,-7245.411425167843
205,3,F-MADRL,-6173.303992747595,-7178.7289598154575
206,3,F-MADRL,-7508.602014721366,-7152.5818053711855
207,3,F-MADRL,-6105.101041911647,-7102.453246998551
208,3,F-MADRL,-7553.853221413113,-7110.939666941011
209,3,F-MADRL,-6844.764392769097,-7092.610975697455
210,3,F-MADRL,-7543.933337683536,-7027.60166003768
211,3,F-MADRL,-5976.584831334231,-7020.152085490281
212,3,F-MADRL,-6875.093240220625,-6964.139116391573
213,3,F-MADRL,-6395.493483038403,-6917.419719293881
214,3,F-MADRL,-7255.665593851534,-6894.6259863913465
215,3,F-MADRL,-7370.73452766619,-6860.86593760987
216,3,F-MADRL,-7178.285332723963,-6921.517744067216
217,3,F-MADRL,-8329.639486436261,-6931.84086339236
218,3,F-MADRL,-8509.072708721094,-6922.3578132276725
219,3,F-MADRL,-6390.531617865167,-6948.443469005425
220,3,F-MADRL,-6982.910556209579,-6975.311801324768
221,3,F-MADRL,-6575.994195030675,-6959.265814838204
222,3,F-MADRL,-6481.410062088143,-7000.7287811371525
223,3,F-MADRL,-7684.652170817498,-7047.443548541914
224,3,F-MADRL,-6539.775301058365,-6957.258845186127
225,3,F-MADRL,-6912.2288444897895,-6995.997178053297
226,3,F-MADRL,-6076.661774679105,-6972.918978909292
227,3,F-MADRL,-7558.773374519221,-6989.957721634646
228,3,F-MADRL,-7847.248947790224,-6986.051993126109
229,3,F-MADRL,-6368.478847150438,-7001.5517158774755
230,3,F-MADRL,-5542.504935282045,-6976.319753578852
231,3,F-MADRL,-6329.348035129071,-6929.14959439516
232,3,F-MADRL,-5392.138475300311,-6900.631091730706
233,3,F-MADRL,-7778.22217197234,-6909.605849753077
234,3,F-MADRL,-6441.946066055188,-6893.49311668452
235,3,F-MADRL,-8321.735101605063,-6924.605187241382
236,3,F-MADRL,-7664.8366874949315,-6992.135261487809
237,3,F-MADRL,-7591.828192249073,-7020.804659568947
238,3,F-MADRL,-8531.720418332627,-7106.253736980716
239,3,F-MADRL,-6826.436023038997,-7089.084554148215
240,3,F-MADRL,-6584.231915216418,-7057.624449650222
241,3,F-MADRL,-7982.633836731294,-7089.798389810517
242,3,F-MADRL,-5945.266158029075,-6994.423456674229
243,3,F-MADRL,-6991.099161888937,-6933.704514800942
244,3,F-MADRL,-7988.68018974667,-6997.630457676202
245,3,F-MADRL,-6999.150613989151,-6998.280059987385
246,3,F-MADRL,-5610.208561838431,-6959.648634659696
247,3,F-MADRL,-8112.2357680224595,-7024.881662897068
248,3,F-MADRL,-6717.728843116819,-6986.204729789042
249,3,F-MADRL,-6155.416668976493,-6970.830384505767
250,3,F-MADRL,-8733.061136360815,-7043.663676180608
251,3,F-MADRL,-5961.821034221801,-7039.070046562316
252,3,F-MADRL,-7293.706220156657,-7028.467360387814
253,3,F-MADRL,-7421.763485488394,-7011.447941895741
254,3,F-MADRL,-6681.091971207023,-7023.9524668580025
255,3,F-MADRL,-6975.852771156428,-7081.28638029298
256,3,F-MADRL,-8491.311169053539,-7167.764905649958
257,3,F-MADRL,-6126.673985769785,-7197.146326068736
258,3,F-MADRL,-7167.7704950708885,-7172.728258992678
259,3,F-MADRL,-8389.157321841645,-7250.616709224136
260,3,F-MADRL,-7052.440403193334,-7199.844921287668
261,3,F-MADRL,-5938.8664628197375,-7130.806112300659
262,3,F-MADRL,-4876.377557773625,-7022.188086921641
263,3,F-MADRL,-6055.576522979271,-6923.142331107508
264,3,F-MADRL,-7476.121110345817,-6949.12973459978
265,3,F-MADRL,-6489.242371229384,-6945.330152840299
266,3,F-MADRL,-5626.749835607217,-6851.094792795335
267,3,F-MADRL,-6731.7943454694005,-6882.555920292949
268,3,F-MADRL,-8066.659726761225,-6925.57834288784
269,3,F-MADRL,-5581.483437010789,-6829.290472778405
270,3,F-MADRL,-4854.640123007566,-6743.510053139142
271,3,F-MADRL,-6271.202537833986,-6769.949812178965
272,3,F-MADRL,-6417.031934646259,-6702.141658843916
273,3,F-MADRL,-7682.817706928889,-6740.745213396398
274,3,F-MADRL,-7656.234611784218,-6800.777931108708
275,3,F-MADRL,-6260.9401866419,-6701.893093119952
276,3,F-MADRL,-5107.372427468366,-6667.715148849813
277,3,F-MADRL,-6626.980973899874,-6641.046138999543
278,3,F-MADRL,-7318.782038609852,-6636.9268811244
279,3,F-MADRL,-8093.086725061175,-6693.406671278568
280,3,F-MADRL,-6684.534881377089,-6681.753955687393
281,3,F-MADRL,-6420.179115502233,-6598.908673545341
282,3,F-MADRL,-8192.454437628414,-6681.539891619687
283,3,F-MADRL,-7302.544158496308,-6686.930838156703
284,3,F-MADRL,-6334.041239448572,-6604.72619486098
285,3,F-MADRL,-6589.086642625405,-6586.192044438262
286,3,F-MADRL,-7050.636159995527,-6630.662832325295
287,3,F-MADRL,-6868.986739483931,-6710.367199593707
288,3,F-MADRL,-7416.246464976863,-6764.79399727361
289,3,F-MADRL,-6991.617519803436,-6745.413853651915
290,3,F-MADRL,-9380.10625969344,-6861.048409190478
291,3,F-MADRL,-6107.090079441475,-6880.2620189438485
292,3,F-MADRL,-5553.711908550129,-6833.138721467078
293,3,F-MADRL,-7362.852378882629,-6804.986427551933
294,3,F-MADRL,-6600.8468838788485,-6845.760965426655
295,3,F-MADRL,-7262.94834939677,-6942.093294482224
296,3,F-MADRL,-7083.675651005018,-6974.592219009064
297,3,F-MADRL,-7166.445951143098,-7004.568779668938
298,3,F-MADRL,-7970.444042716027,-7016.073833100424
299,3,F-MADRL,-7164.0305375290845,-6996.385670130219
300,3,F-MADRL,-7603.476056535375,-7050.087104925958
301,3,F-MADRL,-4871.388592605199,-7040.647751531431
302,3,F-MADRL,-6125.414805520066,-7020.585104796238
303,3,F-MADRL,-6141.749722892408,-6973.503812167541
304,3,F-MADRL,-6482.181135811963,-6909.0675885975725
305,3,F-MADRL,-7133.418818727059,-6927.022946091572
306,3,F-MADRL,-6916.239025787084,-6946.865342502965
307,3,F-MADRL,-6277.527344666209,-6870.2682587844765
308,3,F-MADRL,-5222.631484060078,-6787.071751807027
309,3,F-MADRL,-7071.370496065677,-6816.564922071711
310,3,F-MADRL,-7187.735455759336,-6840.510874597069
311,3,F-MADRL,-6259.7342507301855,-6808.874798226456
312,3,F-MADRL,-6922.3342475611735,-6811.008698549545
313,3,F-MADRL,-9380.806602391893,-6889.591104046146
314,3,F-MADRL,-7620.301743471218,-6914.738472992858
315,3,F-MADRL,-8010.402044584305,-6859.950304388492
316,3,F-MADRL,-7472.728532728887,-6914.575842519989
317,3,F-MADRL,-6907.45869242198,-6968.725713874862
318,3,F-MADRL,-7700.497320984754,-6982.231511558947
319,3,F-MADRL,-6726.178858443036,-6987.244790541516
320,3,F-MADRL,-5285.195902880191,-6908.134692680852
321,3,F-MADRL,-6928.130060217924,-6901.912869049369
322,3,F-MADRL,-6863.977868550841,-6889.814145745678
323,3,F-MADRL,-6654.265300162568,-6837.16699604354
324,3,F-MADRL,-7140.851506541965,-6836.239834804055
325,3,F-MADRL,-9024.242277181726,-6893.070483629908
326,3,F-MADRL,-7591.269441299861,-7001.865717577695
327,3,F-MADRL,-5854.91754903802,-6991.045827318414
328,3,F-MADRL,-5984.100340664187,-6984.7398520292845
329,3,F-MADRL,-4372.332948118885,-6900.345924521561
330,3,F-MADRL,-6216.681563274472,-6863.676434303458
331,3,F-MADRL,-8280.601020762235,-6918.250914102463
332,3,F-MADRL,-7113.292112444188,-6951.681504813584
333,3,F-MADRL,-7981.956472325104,-7062.054504344185
334,3,F-MADRL,-6614.071478169,-7043.762543628317
335,3,F-MADRL,-6758.467326277571,-7026.5918184490465
336,3,F-MADRL,-7424.597523588169,-7073.1863493633655
337,3,F-MADRL,-5955.399998678668,-7034.508979408066
338,3,F-MADRL,-6207.786872341994,-6907.58819020607
339,3,F-MADRL,-7767.122001473943,-6913.461000526178
340,3,F-MADRL,-5530.749714907654,-6814.274907339113
341,3,F-MADRL,-8842.090473357683,-6869.049384964264
342,3,F-MADRL,-6806.602869495334,-6865.0151520472
343,3,F-MADRL,-5616.449437457947,-6781.653236706127
344,3,F-MADRL,-7867.688344118489,-6827.313616133145
345,3,F-MADRL,-6824.055888034599,-6888.868015539321
346,3,F-MADRL,-6654.856971953958,-6877.937092008762
347,3,F-MADRL,-6332.844237521556,-6856.691746767592
348,3,F-MADRL,-6814.828225884239,-6863.1142637964585
349,3,F-MADRL,-7321.030279650226,-6870.321414720787
350,3,F-MADRL,-6505.966593790628,-6769.590387385144
351,3,F-MADRL,-4987.519678058958,-6665.440396855509
352,3,F-MADRL,-5736.983648017551,-6660.72304081469
353,3,F-MADRL,-7362.032293493151,-6715.840318927849
354,3,F-MADRL,-7732.072678706194,-6850.22990815134
355,3,F-MADRL,-4690.921519129065,-6789.199506385525
356,3,F-MADRL,-7938.001768304808,-6775.495536287228
357,3,F-MADRL,-5367.870453195401,-6705.678669917275
358,3,F-MADRL,-5338.2265798952,-6599.929474220079
359,3,F-MADRL,-7313.437816605636,-6627.904127757546
360,3,F-MADRL,-6737.903393054152,-6627.081570428609
361,3,F-MADRL,-6593.632328204438,-6593.842962613259
362,3,F-MADRL,-6479.59174304023,-6614.810632387721
363,3,F-MADRL,-7696.86016380589,-6674.373564046276
364,3,F-MADRL,-6646.896234614054,-6629.564533371882
365,3,F-MADRL,-6517.87923623147,-6669.049714224834
366,3,F-MADRL,-7709.652688088104,-6623.752202814051
367,3,F-MADRL,-7105.145803472062,-6635.69392017312
368,3,F-MADRL,-7417.395392684039,-6707.731758382163
369,3,F-MADRL,-7017.876448766223,-6673.739282568073
370,3,F-MADRL,-8191.440953209224,-6728.434685175058
371,3,F-MADRL,-6844.255599373684,-6736.010630271848
372,3,F-MADRL,-6497.723710207555,-6742.6058091792875
373,3,F-MADRL,-7514.454259184633,-6770.590850511303
374,3,F-MADRL,-8123.165316544833,-6802.676251987087
375,3,F-MADRL,-6107.966658201352,-6786.756254563516
376,3,F-MADRL,-7109.082115157763,-6871.618752047469
377,3,F-MADRL,-6801.690361470724,-6914.207020585595
378,3,F-MADRL,-5968.58359705857,-6858.469072728211
379,3,F-MADRL,-7021.41137103322,-6830.0426204212945
380,3,F-MADRL,-6190.916989864343,-6890.042439250705
381,3,F-MADRL,-6623.54313569373,-6837.464093946261
382,3,F-MADRL,-7063.203046938516,-6905.277397695986
383,3,F-MADRL,-7244.462249135533,-6981.526824465599
384,3,F-MADRL,-6572.358486247545,-6951.883651251275
385,3,F-MADRL,-7594.614674694929,-6986.152102516906
386,3,F-MADRL,-7942.567567002264,-7040.109512068821
387,3,F-MADRL,-7406.2969746921535,-7077.177721334897
388,3,F-MADRL,-7428.258466727404,-7066.433653451757
389,3,F-MADRL,-8004.261961301507,-7120.728282519255
390,3,F-MADRL,-6971.980470222652,-7138.892331878901
391,3,F-MADRL,-6513.234317515718,-7091.035597056008
392,3,F-MADRL,-6984.187275232967,-7086.197255926443
393,3,F-MADRL,-7039.829176715034,-7071.094607287684
394,3,F-MADRL,-8062.709830606736,-7112.887942561305
395,3,F-MADRL,-7217.552518172031,-7073.932405159816
396,3,F-MADRL,-8577.263771285263,-7143.252732036279
397,3,F-MADRL,-6565.557902116295,-7145.966099712628
398,3,F-MADRL,-7550.327093707127,-7147.401013093528
399,3,F-MADRL,-8159.859333753204,-7148.868773781864
400,3,F-MADRL,-6845.590903659047,-7178.373743600171
401,3,F-MADRL,-8975.92531848196,-7253.047471733139
402,3,F-MADRL,-7415.413293955069,-7277.596389032513
403,3,F-MADRL,-5996.825407947727,-7278.726061468079
404,3,F-MADRL,-8366.98144023135,-7332.548864236003
405,3,F-MADRL,-7069.146568714568,-7367.6780473900135
406,3,F-MADRL,-6456.11608853589,-7360.9809655037
407,3,F-MADRL,-6871.108578885663,-7353.297186781586
408,3,F-MADRL,-7648.329769696485,-7369.451887604024
409,3,F-MADRL,-6648.835829919612,-7372.510981350907
410,3,F-MADRL,-5774.317822061541,-7299.699107245571
411,3,F-MADRL,-5981.314120682055,-7221.248969392761
412,3,F-MADRL,-5681.14748617959,-7152.24298985226
413,3,F-MADRL,-5751.58778122531,-7085.176162432176
414,3,F-MADRL,-8580.900745241754,-7108.2417137897855
415,3,F-MADRL,-7745.130714760042,-7139.167723571281
416,3,F-MADRL,-5668.828404533606,-7105.3914870519975
417,3,F-MADRL,-5631.750527314776,-7051.294017135269
418,3,F-MADRL,-6323.791673501686,-7022.652517006735
419,3,F-MADRL,-8902.22527643812,-7056.23313483999
420,3,F-MADRL,-7085.111119873784,-7050.935478908061
421,3,F-MADRL,-7811.658059305202,-7020.311250428857
422,3,F-MADRL,-7401.159514550834,-7053.73531492624
423,3,F-MADRL,-7881.337790803085,-7066.975742810078
424,3,F-MADRL,-6752.188661248852,-7010.668915909905
425,3,F-MADRL,-7604.788995252449,-7041.0368395736405
426,3,F-MADRL,-6605.728938205104,-6946.228984362566
427,3,F-MADRL,-7254.48581084598,-6939.791885038203
428,3,F-MADRL,-5773.474845758547,-6930.857862550635
429,3,F-MADRL,-7726.662346503453,-6905.24509880152
430,3,F-MADRL,-6567.9613356603495,-6885.197689479351
431,3,F-MADRL,-7314.271487957756,-6919.523905456225
432,3,F-MADRL,-8034.202267372197,-6966.047652995687
433,3,F-MADRL,-7934.771355602235,-6977.505316431917
434,3,F-MADRL,-6714.77130246989,-6980.142735333928
435,3,F-MADRL,-7165.458580791124,-7035.788365683111
436,3,F-MADRL,-8348.030026330567,-7130.457001909052
437,3,F-MADRL,-6443.865856802064,-7160.9657367339505
438,3,F-MADRL,-6627.930683566434,-7196.019452827596
439,3,F-MADRL,-6519.250787293644,-7113.553454509671
440,3,F-MADRL,-8056.878701549712,-7126.0233739812575
441,3,F-MADRL,-8542.620244677295,-7240.975047587005
442,3,F-MADRL,-6565.320384050052,-7278.317841856417
443,3,F-MADRL,-7314.161120420334,-7317.932619733163
444,3,F-MADRL,-7534.764652939972,-7263.234194793236
445,3,F-MADRL,-7387.820191863371,-7275.34255767282
446,3,F-MADRL,-7287.470132443528,-7254.375040598354
447,3,F-MADRL,-8846.691354026043,-7312.196314177362
448,3,F-MADRL,-5675.27150705616,-7223.953662827484
449,3,F-MADRL,-7412.227436702175,-7250.355213845617
450,3,F-MADRL,-6022.539761329547,-7187.065244488701
451,3,F-MADRL,-7060.943306571175,-7205.273819223345
452,3,F-MADRL,-9589.824949768525,-7298.687384780245
453,3,F-MADRL,-11196.511691342032,-7515.608858603586
454,3,F-MADRL,-7347.300564387185,-7500.434387318935
455,3,F-MADRL,-6968.057339835823,-7516.438227485953
456,3,F-MADRL,-5727.304770307634,-7452.959558779949
457,3,F-MADRL,-8089.925616130786,-7455.188492730293
458,3,F-MADRL,-6143.82073071163,-7383.550467734667
459,3,F-MADRL,-7964.291363125775,-7433.531270160904
460,3,F-MADRL,-7487.115951881124,-7446.397565004503
461,3,F-MADRL,-6484.462409456992,-7371.85486032956
462,3,F-MADRL,-6613.94290859311,-7378.6579424012025
463,3,F-MADRL,-6421.076873271915,-7370.383789989421
464,3,F-MADRL,-6912.192204626449,-7386.101446682734
465,3,F-MADRL,-7230.990326419718,-7353.065911677534
466,3,F-MADRL,-7946.8339628163185,-7329.234460403095
467,3,F-MADRL,-5893.595752928502,-7302.365475158233
468,3,F-MADRL,-7907.55773368558,-7326.101339688842
469,3,F-MADRL,-7550.259318350758,-7326.721126305275
470,3,F-MADRL,-5185.632674753654,-7238.633625620885
471,3,F-MADRL,-8912.10489050016,-7303.619015943151
472,3,F-MADRL,-6404.129902891771,-7205.91655789778
473,3,F-MADRL,-7183.432296429126,-7266.242989472699
474,3,F-MADRL,-5863.368848299455,-7204.288645936591
475,3,F-MADRL,-8289.99092544541,-7294.986692501224
476,3,F-MADRL,-7570.751118574585,-7315.379004981361
477,3,F-MADRL,-7676.094178414595,-7238.8297741272045
478,3,F-MADRL,-8620.395605380814,-7135.785130688754
479,3,F-MADRL,-6867.156383130267,-7116.579363438479
480,3,F-MADRL,-6299.73938454288,-7089.84664522676
481,3,F-MADRL,-8474.331714468004,-7199.727722993175
482,3,F-MADRL,-7204.531854731686,-7164.311972537211
483,3,F-MADRL,-7475.147266381523,-7217.565033964007
484,3,F-MADRL,-7366.548312267487,-7193.655311929676
485,3,F-MADRL,-7956.377654473042,-7212.425780033353
486,3,F-MADRL,-8264.334585035871,-7283.620667056506
487,3,F-MADRL,-6826.281999517236,-7292.114230693472
488,3,F-MADRL,-5790.869164548849,-7266.90592234455
489,3,F-MADRL,-6399.40554189764,-7246.394455835398
490,3,F-MADRL,-7051.234723564659,-7239.204231721194
491,3,F-MADRL,-8712.763160601698,-7269.84139963261
492,3,F-MADRL,-7520.800763520856,-7334.929600056305
493,3,F-MADRL,-7509.660162597611,-7319.013697212786
494,3,F-MADRL,-5605.132633995139,-7241.208629838561
495,3,F-MADRL,-7884.968211005207,-7349.1820512886225
496,3,F-MADRL,-7021.524745455992,-7273.558845486857
497,3,F-MADRL,-5389.98780331855,-7232.993161503928
498,3,F-MADRL,-6626.852199938625,-7210.729957644307
499,3,F-MADRL,-6646.254393937028,-7242.0453794698105
500,3,F-MADRL,-8148.172403971826,-7236.3726386108665
501,3,F-MADRL,-7795.573341427625,-7795.573341427625
502,3,F-MADRL,-5477.600263037648,-6636.586802232636
503,3,F-MADRL,-5402.858384704288,-6225.343996389854
504,3,F-MADRL,-6303.112071464367,-6244.786015158482
505,3,F-MADRL,-5492.33520322425,-6094.2958527716355
506,3,F-MADRL,-5568.214232523367,-6006.615582730257
507,3,F-MADRL,-6483.428801418591,-6074.731756828592
508,3,F-MADRL,-6370.869917333341,-6111.7490268916845
509,3,F-MADRL,-8884.535534578798,-6419.836416634697
510,3,F-MADRL,-9297.497502764509,-6707.602525247678
511,3,F-MADRL,-6171.537165072326,-6658.869310686283
512,3,F-MADRL,-4293.867535871745,-6461.785829451738
513,3,F-MADRL,-6257.274633623269,-6446.054199003394
514,3,F-MADRL,-6120.399891882022,-6422.7931770661535
515,3,F-MADRL,-7491.233930485443,-6494.022560627439
516,3,F-MADRL,-7543.92179899298,-6559.641263025285
517,3,F-MADRL,-5505.60987079709,-6497.639416423627
518,3,F-MADRL,-6160.305117786044,-6478.898622054872
519,3,F-MADRL,-6156.624020230931,-6461.936800906244
520,3,F-MADRL,-6801.636785892507,-6478.921800155557
521,3,F-MADRL,-7076.403644159218,-6507.373316536684
522,3,F-MADRL,-8730.1629804655,-6608.4092103516305
523,3,F-MADRL,-6241.204236811647,-6592.443776719457
524,3,F-MADRL,-7073.050857145271,-6612.4690717372
525,3,F-MADRL,-7606.430629756736,-6652.22753405798
526,3,F-MADRL,-8224.171668484283,-6669.371467140247
527,3,F-MADRL,-7631.766326790163,-6755.5381096903475
528,3,F-MADRL,-5838.128725219555,-6772.948923310958
529,3,F-MADRL,-8452.451542277016,-6858.922502143465
530,3,F-MADRL,-6643.226795377082,-6904.958165829577
531,3,F-MADRL,-8126.396413317143,-7007.285453061329
532,3,F-MADRL,-7634.306951998573,-7053.320579084527
533,3,F-MADRL,-8153.94128508804,-7124.643433794716
534,3,F-MADRL,-8510.449712753776,-7109.680000921714
535,3,F-MADRL,-7990.60131812032,-7057.404153535948
536,3,F-MADRL,-6958.300754755203,-7088.874697123262
537,3,F-MADRL,-7092.017983214259,-7200.800715016962
538,3,F-MADRL,-8050.531181212207,-7272.5309769205205
539,3,F-MADRL,-6613.624436739587,-7292.259958714823
540,3,F-MADRL,-5343.616489234959,-7206.355261064804
541,3,F-MADRL,-8288.605235107188,-7236.142598509372
542,3,F-MADRL,-6712.710408038551,-7284.426619999031
543,3,F-MADRL,-7147.526963223663,-7323.915493816536
544,3,F-MADRL,-5873.759050497201,-7312.600895027186
545,3,F-MADRL,-7442.535407404101,-7338.23683988765
546,3,F-MADRL,-5881.238485210319,-7290.430233529693
547,3,F-MADRL,-7913.208264712304,-7257.752044899565
548,3,F-MADRL,-8216.131707177092,-7336.749143714183
549,3,F-MADRL,-7157.048981971477,-7340.109068707231
550,3,F-MADRL,-5837.646287281603,-7269.357695008228
551,3,F-MADRL,-8288.863462137131,-7271.945366754341
552,3,F-MADRL,-6016.351317931938,-7207.328766400011
553,3,F-MADRL,-6719.783895482665,-7242.594973210536
554,3,F-MADRL,-5996.680889761112,-7144.3641471099
555,3,F-MADRL,-6744.382674828852,-7148.410382287971
556,3,F-MADRL,-6569.335203318954,-7086.127933888043
557,3,F-MADRL,-6359.993995666509,-7035.155415634761
558,3,F-MADRL,-7534.946606029052,-7010.395628472401
559,3,F-MADRL,-6613.109343412645,-6934.502013698756
560,3,F-MADRL,-5999.4331019328565,-6854.855285051257
561,3,F-MADRL,-6217.6310916120365,-6825.228498525531
562,3,F-MADRL,-6059.914859486984,-6783.94437357644
563,3,F-MADRL,-7701.036593419496,-6769.964590064731
564,3,F-MADRL,-7318.309853841076,-6798.152006748791
565,3,F-MADRL,-7007.819069205943,-6864.72010994763
566,3,F-MADRL,-7424.300148449819,-6830.147906481336
567,3,F-MADRL,-5748.615728859736,-6791.584119314183
568,3,F-MADRL,-6631.077161094976,-6770.926127229035
569,3,F-MADRL,-6331.047365872704,-6789.217659844056
570,3,F-MADRL,-6393.664663616964,-6747.262830092571
571,3,F-MADRL,-6976.603891081506,-6791.077446327417
572,3,F-MADRL,-5581.099733083518,-6697.7931050622665
573,3,F-MADRL,-6562.105073734596,-6631.632039724565
574,3,F-MADRL,-6670.728307871146,-6612.179212760553
575,3,F-MADRL,-6736.063159731831,-6648.115887658561
576,3,F-MADRL,-8077.700234489032,-6639.669358552638
577,3,F-MADRL,-8582.38114670506,-6742.310551703562
578,3,F-MADRL,-7010.345676448816,-6753.9330229422085
579,3,F-MADRL,-6562.673251294605,-6776.572717403548
580,3,F-MADRL,-6244.072040256441,-6756.560292020652
581,3,F-MADRL,-6635.008945820735,-6759.187241720722
582,3,F-MADRL,-6263.647560506723,-6755.333384314332
583,3,F-MADRL,-6956.78853426012,-6732.207061443574
584,3,F-MADRL,-6723.9199702112255,-6736.639486515519
585,3,F-MADRL,-7781.318747067239,-6807.914912320894
586,3,F-MADRL,-5751.29167124285,-6789.261335506126
587,3,F-MADRL,-8749.889290774321,-6896.860312757619
588,3,F-MADRL,-6048.74129459484,-6830.768500804634
589,3,F-MADRL,-7056.652198129087,-6820.302194576153
590,3,F-MADRL,-5673.692292262254,-6766.9371234984055
591,3,F-MADRL,-5663.966842399281,-6696.523791256384
592,3,F-MADRL,-5981.022525352239,-6705.8200631160835
593,3,F-MADRL,-7704.496917630595,-6748.756853377509
594,3,F-MADRL,-7818.073583832227,-6808.237902095891
595,3,F-MADRL,-7050.996820220736,-6834.531188360041
596,3,F-MADRL,-6660.538943390371,-6821.888590452395
597,3,F-MADRL,-6420.030263828964,-6855.445811682213
598,3,F-MADRL,-7013.78675310857,-6873.513078857172
599,3,F-MADRL,-7253.222113281219,-6896.812831073576
600,3,F-MADRL,-7743.183056516298,-6937.097626944954
601,3,F-MADRL,-6334.940495406944,-6867.387237381669
602,3,F-MADRL,-6946.894408964617,-6801.967767872054
603,3,F-MADRL,-4863.615726115901,-6716.098569858736
604,3,F-MADRL,-7334.76241991502,-6746.982136603553
605,3,F-MADRL,-7025.373835597813,-6778.234208417208
606,3,F-MADRL,-6973.982760784382,-6791.793161015754
607,3,F-MADRL,-6513.419376877763,-6801.784033670596
608,3,F-MADRL,-6486.6844628477775,-6782.979870814102
609,3,F-MADRL,-6854.914727686679,-6788.219661113119
610,3,F-MADRL,-7372.033520210099,-6771.848252038833
611,3,F-MADRL,-5465.022576766402,-6760.397488259776
612,3,F-MADRL,-7097.337939131792,-6694.295434194076
613,3,F-MADRL,-6716.594849347872,-6721.0095763841955
614,3,F-MADRL,-5989.860689199813,-6678.337916027026
615,3,F-MADRL,-6570.44012683908,-6714.207829410098
616,3,F-MADRL,-7222.344857510439,-6776.542950014544
617,3,F-MADRL,-5851.658514655905,-6771.368389586691
618,3,F-MADRL,-8454.640467896872,-6801.374131597342
619,3,F-MADRL,-6547.112600457574,-6750.535692262356
620,3,F-MADRL,-6502.958118115261,-6728.614144178137
621,3,F-MADRL,-6431.5158535616665,-6719.45322058499
622,3,F-MADRL,-7741.956362870033,-6772.330264546633
623,3,F-MADRL,-7092.598594898127,-6775.482738218215
624,3,F-MADRL,-5491.215126656345,-6705.002458753219
625,3,F-MADRL,-5796.3380023979735,-6627.128656588487
626,3,F-MADRL,-7922.663373910761,-6690.637571728639
627,3,F-MADRL,-6449.683619147241,-6670.749140135943
628,3,F-MADRL,-7297.654495148698,-6768.110690897256
629,3,F-MADRL,-7658.498972810157,-6781.060153013062
630,3,F-MADRL,-6950.563402202586,-6778.067735677252
631,3,F-MADRL,-7300.352195975692,-6791.122513084904
632,3,F-MADRL,-6498.875296441669,-6790.54074986746
633,3,F-MADRL,-7794.120460345468,-6842.838189767369
634,3,F-MADRL,-6529.045530603158,-6829.803421884028
635,3,F-MADRL,-6139.588242552222,-6780.505610777713
636,3,F-MADRL,-7392.062197423438,-6857.587195603995
637,3,F-MADRL,-6763.543901800855,-6844.235434110756
638,3,F-MADRL,-6205.131505564309,-6823.776900359413
639,3,F-MADRL,-6385.808991818212,-6839.614832464149
640,3,F-MADRL,-7401.088792385378,-6872.840779086002
641,3,F-MADRL,-6370.277710175727,-6838.758093192613
642,3,F-MADRL,-5746.125642594521,-6834.536778310157
643,3,F-MADRL,-7086.255852244196,-6779.801393684051
644,3,F-MADRL,-6954.832703459849,-6796.1101978041415
645,3,F-MADRL,-6006.913943240257,-6776.268430809142
646,3,F-MADRL,-4626.487956205123,-6704.06731491488
647,3,F-MADRL,-7476.366873100471,-6693.443735324096
648,3,F-MADRL,-5760.895393422703,-6640.1756072650805
649,3,F-MADRL,-5748.68071726971,-6650.474230889615
650,3,F-MADRL,-5607.581048441476,-6642.923952731355
651,3,F-MADRL,-7787.297361512034,-6637.509312235406
652,3,F-MADRL,-7068.428737148088,-6662.25911695544
653,3,F-MADRL,-6712.04256151763,-6638.834639610196
654,3,F-MADRL,-8013.323534394523,-6653.027622073571
655,3,F-MADRL,-5936.203917647473,-6612.453242691367
656,3,F-MADRL,-6108.911513633542,-6564.795615397681
657,3,F-MADRL,-6225.619308953241,-6553.865375898144
658,3,F-MADRL,-7430.105636473427,-6539.304782943263
659,3,F-MADRL,-5661.5933464851205,-6504.606695578541
660,3,F-MADRL,-6948.725307031598,-6536.9721781577155
661,3,F-MADRL,-6987.698238719204,-6520.797619809547
662,3,F-MADRL,-7587.141704157268,-6553.741531903803
663,3,F-MADRL,-8641.220797017093,-6651.185103561916
664,3,F-MADRL,-7146.95340298906,-6681.630880008748
665,3,F-MADRL,-4997.374580562502,-6585.482311535833
666,3,F-MADRL,-7232.581517327226,-6619.974463821893
667,3,F-MADRL,-5803.549208668424,-6622.27140646485
668,3,F-MADRL,-6558.224682037431,-6601.150159656579
669,3,F-MADRL,-6858.193510208202,-6597.284591926513
670,3,F-MADRL,-8182.498886145627,-6684.307989642727
671,3,F-MADRL,-7839.65923926676,-6812.834840965193
672,3,F-MADRL,-6384.872275711658,-6769.175057069642
673,3,F-MADRL,-7329.404335732784,-6831.915414762044
674,3,F-MADRL,-6063.177333671751,-6844.495279418125
675,3,F-MADRL,-5204.637443970504,-6828.377535239287
676,3,F-MADRL,-4787.82635875867,-6708.398695129153
677,3,F-MADRL,-7084.155379919677,-6709.0277608400165
678,3,F-MADRL,-6025.679885271033,-6681.573253790152
679,3,F-MADRL,-7179.236042147854,-6648.209754100286
680,3,F-MADRL,-6620.821275996887,-6675.594448434263
681,3,F-MADRL,-7164.834931546324,-6717.831385150773
682,3,F-MADRL,-6015.770156931783,-6709.4374190699145
683,3,F-MADRL,-7230.175252308141,-6701.440203703303
684,3,F-MADRL,-8244.538527053162,-6804.758010926025
685,3,F-MADRL,-8408.238896844585,-6863.138554518545
686,3,F-MADRL,-5585.575348821269,-6807.053638922627
687,3,F-MADRL,-6195.323258016642,-6751.380901077002
688,3,F-MADRL,-6322.930761436208,-6658.649299653766
689,3,F-MADRL,-7192.690137682603,-6660.478769041508
690,3,F-MADRL,-5842.345850555746,-6694.277619841238
691,3,F-MADRL,-7313.361699698842,-6697.508827136103
692,3,F-MADRL,-7633.138671165572,-6770.6924056359885
693,3,F-MADRL,-6551.701543736355,-6770.431480103945
694,3,F-MADRL,-5429.661634157535,-6713.290205061919
695,3,F-MADRL,-6910.973121132569,-6662.429174461397
696,3,F-MADRL,-5946.481655732676,-6586.702071120034
697,3,F-MADRL,-7995.721497659154,-6651.136039997933
698,3,F-MADRL,-6574.383830767481,-6620.935219799321
699,3,F-MADRL,-7918.62424830296,-6695.153096384569
700,3,F-MADRL,-5330.426167711008,-6700.184645334189
701,3,F-MADRL,-6791.369984887504,-6780.326390379342
702,3,F-MADRL,-6905.192887501598,-6773.16789068262
703,3,F-MADRL,-6432.703457908903,-6789.448833588133
704,3,F-MADRL,-6082.466700552544,-6745.578059924322
705,3,F-MADRL,-6068.917514187306,-6723.501909451938
706,3,F-MADRL,-5805.226470480717,-6669.117571009315
707,3,F-MADRL,-7378.786391494626,-6723.638220391827
708,3,F-MADRL,-5825.741558163787,-6667.460872626054
709,3,F-MADRL,-5306.851506222537,-6549.953391792829
710,3,F-MADRL,-7188.603762911866,-6501.16798643552
711,3,F-MADRL,-7794.308702987805,-6589.517320602181
712,3,F-MADRL,-7089.269165275609,-6625.2751568925405
713,3,F-MADRL,-5827.421320860281,-6605.454779269503
714,3,F-MADRL,-5842.6905382154855,-6551.454795290819
715,3,F-MADRL,-7701.344363275606,-6625.814735799613
716,3,F-MADRL,-6038.200510642235,-6574.808288237349
717,3,F-MADRL,-6668.770015378218,-6536.233542005855
718,3,F-MADRL,-7537.5499537089,-6575.667478404756
719,3,F-MADRL,-5865.785718962166,-6593.112441796942
720,3,F-MADRL,-7841.667913395566,-6630.340233487461
721,3,F-MADRL,-8547.531777406934,-6734.382238354431
722,3,F-MADRL,-7551.923284534978,-6716.630309829464
723,3,F-MADRL,-7042.693673478258,-6735.362703537896
724,3,F-MADRL,-7262.563532012658,-6709.120274886284
725,3,F-MADRL,-6056.765621355036,-6738.173853032045
726,3,F-MADRL,-8241.373153408578,-6796.173979772888
727,3,F-MADRL,-6786.772978636014,-6791.437183418265
728,3,F-MADRL,-7382.014335117261,-6829.409618506599
729,3,F-MADRL,-6184.334200803692,-6833.484318516645
730,3,F-MADRL,-7218.628672105473,-6879.472764833372
731,3,F-MADRL,-7376.32296996227,-6942.316624812634
732,3,F-MADRL,-6048.473085160175,-6889.104092559256
733,3,F-MADRL,-7271.80207059415,-6946.9465130564695
734,3,F-MADRL,-7905.389361063157,-7050.888027250095
735,3,F-MADRL,-8101.503975148582,-7087.404035739563
736,3,F-MADRL,-7314.081786166565,-7068.194959066714
737,3,F-MADRL,-5739.205511870643,-7014.192412930515
738,3,F-MADRL,-8347.58012346768,-7114.998765034812
739,3,F-MADRL,-7033.817768059465,-7162.643854228571
740,3,F-MADRL,-9499.970411557912,-7234.588896159863
741,3,F-MADRL,-6243.696004827449,-7242.808715927272
742,3,F-MADRL,-7048.535056973456,-7257.999317591081
743,3,F-MADRL,-6238.830340212204,-7206.050533051212
744,3,F-MADRL,-5194.214008999279,-7179.187664652697
745,3,F-MADRL,-7079.376936016262,-7148.696025557525
746,3,F-MADRL,-7233.247402432245,-7096.124650558539
747,3,F-MADRL,-6111.779341058245,-7038.518892819469
748,3,F-MADRL,-7133.843301829703,-7042.164877953526
749,3,F-MADRL,-6853.26720158062,-7025.793024736245
750,3,F-MADRL,-6120.460402973342,-7028.340816000977
751,3,F-MADRL,-7977.766324346696,-7017.796542838501
752,3,F-MADRL,-5726.844178160325,-6975.399390819474
753,3,F-MADRL,-5187.439644122761,-6887.616403179693
754,3,F-MADRL,-6900.576652691517,-6916.266101255207
755,3,F-MADRL,-5833.28034171388,-6860.852168039543
756,3,F-MADRL,-8549.928678122638,-6907.796396365958
757,3,F-MADRL,-8090.180194759385,-6989.464680749927
758,3,F-MADRL,-5806.416233256179,-6930.849247256408
759,3,F-MADRL,-6519.420105346267,-6875.410477027731
760,3,F-MADRL,-7847.664888047536,-6865.256913543691
761,3,F-MADRL,-6989.395693170248,-6852.269469823837
762,3,F-MADRL,-6295.607408093594,-6874.5255456727555
763,3,F-MADRL,-6268.874805941015,-6791.377332971689
764,3,F-MADRL,-6389.736434809012,-6765.61407964167
765,3,F-MADRL,-6802.097562154482,-6657.699165665533
766,3,F-MADRL,-6220.079322503293,-6656.754498372567
767,3,F-MADRL,-6384.189699516134,-6630.180684074274
768,3,F-MADRL,-6755.831477642068,-6650.860729571469
769,3,F-MADRL,-8304.862027703886,-6775.286650319654
770,3,F-MADRL,-6209.833491155362,-6740.504912525217
771,3,F-MADRL,-5867.948196635903,-6685.892944293363
772,3,F-MADRL,-6052.061775339727,-6683.504241664623
773,3,F-MADRL,-7485.116236961759,-6697.555159069906
774,3,F-MADRL,-5749.8890984117725,-6653.420034943151
775,3,F-MADRL,-6680.971257175244,-6675.840469111227
776,3,F-MADRL,-4984.895828607758,-6556.12564928167
777,3,F-MADRL,-7188.536180366238,-6614.593329369906
778,3,F-MADRL,-7713.799021785585,-6715.64770447642
779,3,F-MADRL,-5654.297275602731,-6665.796529392868
780,3,F-MADRL,-6050.913427832225,-6674.5018528376
781,3,F-MADRL,-6471.14871436813,-6591.350654287421
782,3,F-MADRL,-6067.5951630195295,-6510.447253017827
783,3,F-MADRL,-8988.982869646796,-6637.7499184734515
784,3,F-MADRL,-5830.327731525301,-6610.186223520614
785,3,F-MADRL,-6977.829000180844,-6575.3927880059455
786,3,F-MADRL,-6369.274236496242,-6550.587929738986
787,3,F-MADRL,-6270.114153343535,-6549.568199548983
788,3,F-MADRL,-6888.833162510928,-6574.366533811779
789,3,F-MADRL,-6741.993550017774,-6588.456818420129
790,3,F-MADRL,-5401.417394426697,-6532.429611711019
791,3,F-MADRL,-8123.767896428903,-6608.5771546680435
792,3,F-MADRL,-5898.912560027482,-6589.166069088496
793,3,F-MADRL,-6413.665562485316,-6575.479432482227
794,3,F-MADRL,-5937.649682563099,-6480.790938676596
795,3,F-MADRL,-6255.307773466879,-6482.609909969056
796,3,F-MADRL,-7231.84632606763,-6537.165835146326
797,3,F-MADRL,-7450.572591060622,-6593.106267775161
798,3,F-MADRL,-7166.114262750733,-6580.3461888067195
799,3,F-MADRL,-6204.84444148422,-6598.544402529618
800,3,F-MADRL,-6706.401026138524,-6599.561593288148
801,3,F-MADRL,-6586.226679448017,-6663.61482732176
802,3,F-MADRL,-6273.302317674277,-6627.005472814081
803,3,F-MADRL,-6590.014038419737,-6582.054073479447
804,3,F-MADRL,-7970.077273923285,-6674.685273412269
805,3,F-MADRL,-6929.016731009431,-6709.809405539357
806,3,F-MADRL,-6782.508345027623,-6722.263790765736
807,3,F-MADRL,-6406.60509823109,-6735.824188174201
808,3,F-MADRL,-5963.800391021888,-6614.816889029204
809,3,F-MADRL,-6251.768715841236,-6631.674528401841
810,3,F-MADRL,-5601.53973585731,-6576.622957828899
811,3,F-MADRL,-7915.164315737169,-6638.458560998536
812,3,F-MADRL,-6323.1558969981215,-6640.580230744719
813,3,F-MADRL,-6346.972779145177,-6618.90581541009
814,3,F-MADRL,-6337.675425158344,-6602.733090415713
815,3,F-MADRL,-6800.449327311337,-6658.694367731098
816,3,F-MADRL,-7148.132302486776,-6619.668943973413
817,3,F-MADRL,-7622.96171388069,-6688.630910127541
818,3,F-MADRL,-6430.65035491095,-6689.310301824567
819,3,F-MADRL,-6652.952655488774,-6717.922420741594
820,3,F-MADRL,-7106.885748475999,-6751.985539741959
821,3,F-MADRL,-6384.319397834679,-6718.08446261264
822,3,F-MADRL,-6449.414404768207,-6678.038135160943
823,3,F-MADRL,-6596.784117168945,-6655.264929337673
824,3,F-MADRL,-5778.8042920688085,-6638.223323361055
825,3,F-MADRL,-6604.858777389021,-6634.161633411077
826,3,F-MADRL,-6217.291359660929,-6619.404220619592
827,3,F-MADRL,-6837.55851781231,-6641.974468625113
828,3,F-MADRL,-6813.273433891853,-6650.904844443999
829,3,F-MADRL,-7644.9930669831265,-6637.901476166391
830,3,F-MADRL,-5882.51776385522,-6596.041517480223
831,3,F-MADRL,-7652.510675945316,-6630.841610716931
832,3,F-MADRL,-6582.349766043364,-6637.871397429423
833,3,F-MADRL,-8617.537388354605,-6744.0208773227305
834,3,F-MADRL,-6678.751142425187,-6761.100174386089
835,3,F-MADRL,-6268.845397374904,-6787.792400846793
836,3,F-MADRL,-5741.206679406898,-6700.834095393581
837,3,F-MADRL,-6671.562248984888,-6714.770349473052
838,3,F-MADRL,-7156.657219729528,-6747.157727096426
839,3,F-MADRL,-5749.080296286189,-6723.61392194154
840,3,F-MADRL,-7965.996498783839,-6770.23580880044
841,3,F-MADRL,-6418.74131700725,-6741.06016938126
842,3,F-MADRL,-6588.877113780882,-6699.696785377268
843,3,F-MADRL,-4668.738706230772,-6629.22031943006
844,3,F-MADRL,-5625.73607147859,-6588.131656069652
845,3,F-MADRL,-7234.320778924213,-6593.229057287581
846,3,F-MADRL,-7349.450845134541,-6631.834315179574
847,3,F-MADRL,-7497.044518843408,-6673.739519742583
848,3,F-MADRL,-7672.2506193659265,-6716.758179830463
849,3,F-MADRL,-6468.072807863313,-6744.328920462243
850,3,F-MADRL,-5980.613187293716,-6719.35909685843
851,3,F-MADRL,-7569.597799477959,-6773.451354451112
852,3,F-MADRL,-8009.117527982984,-6820.313714857938
853,3,F-MADRL,-4360.71431228929,-6722.211349993836
854,3,F-MADRL,-9245.925989022206,-6786.2486668754
855,3,F-MADRL,-6891.699124222856,-6826.615921290105
856,3,F-MADRL,-8255.69925592297,-6850.743464489211
857,3,F-MADRL,-5760.310856208077,-6817.861908095799
858,3,F-MADRL,-7504.741667136201,-6773.350079247063
859,3,F-MADRL,-7555.202520602814,-6808.408134374168
860,3,F-MADRL,-6985.500542758904,-6837.074340189529
861,3,F-MADRL,-6907.945680635839,-6883.743900238686
862,3,F-MADRL,-7053.245990840451,-6899.011249912908
863,3,F-MADRL,-6023.015659392164,-6853.665587499414
864,3,F-MADRL,-5194.034431075197,-6831.463752890974
865,3,F-MADRL,-7099.838321223252,-6796.81742578855
866,3,F-MADRL,-5082.208555701001,-6743.356115336301
867,3,F-MADRL,-8535.162376528806,-6821.207525846217
868,3,F-MADRL,-5622.452339478602,-6859.356071176131
869,3,F-MADRL,-6559.230733853143,-6896.695857671114
870,3,F-MADRL,-7435.523741969943,-6904.743976192943
871,3,F-MADRL,-6731.001217262095,-6880.005991078044
872,3,F-MADRL,-7125.241763057226,-6865.133880846598
873,3,F-MADRL,-7727.006996843458,-6867.324135945698
874,3,F-MADRL,-7204.797148262026,-6896.793109561648
875,3,F-MADRL,-5976.055337577441,-6896.610795572996
876,3,F-MADRL,-6994.197286694694,-6873.594775061665
877,3,F-MADRL,-7992.191210698557,-6872.917722370289
878,3,F-MADRL,-7290.899981902388,-6990.125149154814
879,3,F-MADRL,-6919.229006640754,-6897.057269859555
880,3,F-MADRL,-5100.073226272774,-6825.392233941551
881,3,F-MADRL,-6697.677989769645,-6763.071383295418
882,3,F-MADRL,-6890.621594005318,-6808.283812807308
883,3,F-MADRL,-7337.233627956191,-6801.583491240108
884,3,F-MADRL,-5933.965660714079,-6736.734016844558
885,3,F-MADRL,-6038.417860236455,-6698.85070954366
886,3,F-MADRL,-5327.030368307909,-6635.614097050542
887,3,F-MADRL,-6188.014798540435,-6601.004849358542
888,3,F-MADRL,-7147.971214837037,-6646.003071576337
889,3,F-MADRL,-6309.518785033573,-6690.622445734672
890,3,F-MADRL,-6539.823568231508,-6668.221855615003
891,3,F-MADRL,-6747.7846465711045,-6734.844899249807
892,3,F-MADRL,-8036.0337965010685,-6714.879756048696
893,3,F-MADRL,-7113.931235598062,-6774.538911893476
894,3,F-MADRL,-5943.432011662468,-6749.906963005848
895,3,F-MADRL,-5177.853400436697,-6659.600149344519
896,3,F-MADRL,-6488.929606876987,-6649.917284929114
897,3,F-MADRL,-6497.336062009292,-6624.801056887197
898,3,F-MADRL,-6770.706281771983,-6586.5490282843375
899,3,F-MADRL,-5504.312650954971,-6518.5296483920565
900,3,F-MADRL,-6608.309441309034,-6543.819812541319
901,3,F-MADRL,-6649.121419872286,-6530.016777868424
902,3,F-MADRL,-6212.360763129717,-6458.823559965669
903,3,F-MADRL,-7122.088218287136,-6452.071089421059
904,3,F-MADRL,-7881.450169807338,-6490.559935947722
905,3,F-MADRL,-6881.998976754512,-6561.836965966992
906,3,F-MADRL,-5969.809285847112,-6532.722217810091
907,3,F-MADRL,-6231.26278406808,-6506.347865412601
908,3,F-MADRL,-6407.284557677163,-6469.14990260144
909,3,F-MADRL,-5413.719507641045,-6448.340056478519
910,3,F-MADRL,-6394.4396145831215,-6462.580926652386
911,3,F-MADRL,-6383.7302673553095,-6504.848922614282
912,3,F-MADRL,-6568.562612512909,-6520.07083517318
913,3,F-MADRL,-7386.624055457468,-6529.616948797997
914,3,F-MADRL,-6456.587218351871,-6535.49968613073
915,3,F-MADRL,-6815.110227459948,-6546.511152499867
916,3,F-MADRL,-5736.804654602033,-6506.071952821105
917,3,F-MADRL,-6835.538621841749,-6458.052145834732
918,3,F-MADRL,-6045.439179511486,-6415.312463591269
919,3,F-MADRL,-5501.146210439445,-6397.621031542349
920,3,F-MADRL,-7471.09371829838,-6489.350644256815
921,3,F-MADRL,-6905.13939485124,-6505.999035775786
922,3,F-MADRL,-6815.360259601282,-6518.720003679465
923,3,F-MADRL,-5468.29016912453,-6466.623359173568
924,3,F-MADRL,-7537.879396740575,-6547.966029004991
925,3,F-MADRL,-6395.276779406605,-6539.444722528894
926,3,F-MADRL,-7618.285050672967,-6578.211267760921
927,3,F-MADRL,-4653.249928037591,-6515.846834357235
928,3,F-MADRL,-6583.668589288593,-6494.310049197295
929,3,F-MADRL,-6422.4668255465385,-6435.950715426863
930,3,F-MADRL,-7227.959439280265,-6449.789133927892
931,3,F-MADRL,-6611.068776024904,-6475.439513535003
932,3,F-MADRL,-5915.442733081402,-6462.8067114955375
933,3,F-MADRL,-8029.470430337182,-6527.694146401938
934,3,F-MADRL,-4600.2017967743,-6495.153437967268
935,3,F-MADRL,-7100.699007224406,-6523.403813672919
936,3,F-MADRL,-7165.585850023868,-6554.678036979662
937,3,F-MADRL,-6965.77180538192,-6570.566404694422
938,3,F-MADRL,-5378.424224872899,-6490.238411471039
939,3,F-MADRL,-6587.735928869173,-6495.484359891731
940,3,F-MADRL,-6342.580853064561,-6476.583184915916
941,3,F-MADRL,-7150.303789242184,-6533.123150301521
942,3,F-MADRL,-6942.481563364001,-6537.400867962412
943,3,F-MADRL,-6584.489759741378,-6558.962891171607
944,3,F-MADRL,-5237.851557908058,-6548.431105070352
945,3,F-MADRL,-8782.612426823793,-6600.891853411369
946,3,F-MADRL,-7671.95041214515,-6631.564294103125
947,3,F-MADRL,-6950.641301341115,-6636.975535772719
948,3,F-MADRL,-5229.97258402031,-6627.44283236855
949,3,F-MADRL,-5297.611585723329,-6537.832119927861
950,3,F-MADRL,-5552.670018730063,-6504.127849500798
951,3,F-MADRL,-5990.357163296556,-6439.010734005741
952,3,F-MADRL,-7376.140524401875,-6547.926357860314
953,3,F-MADRL,-6567.285381932217,-6547.271029566058
954,3,F-MADRL,-8031.826648675504,-6611.645422491216
955,3,F-MADRL,-5100.115996004968,-6526.531684760205
956,3,F-MADRL,-5442.202842118713,-6479.777047403958
957,3,F-MADRL,-6543.070251937605,-6504.882148158205
958,3,F-MADRL,-7223.5078396021,-6472.643644528802
959,3,F-MADRL,-5414.989422023818,-6505.235149538782
960,3,F-MADRL,-6397.692427166375,-6477.1148863364615
961,3,F-MADRL,-6431.669583520737,-6447.758235676336
962,3,F-MADRL,-6804.049396795997,-6441.2893393328995
963,3,F-MADRL,-7743.263914913743,-6535.882926934532
964,3,F-MADRL,-6305.399255536056,-6524.589460001208
965,3,F-MADRL,-7418.106003587021,-6567.610466022106
966,3,F-MADRL,-5632.733112694634,-6506.907638960205
967,3,F-MADRL,-6806.866667794646,-6501.48304313743
968,3,F-MADRL,-5888.305270093252,-6473.635663551506
969,3,F-MADRL,-6412.673056629516,-6520.628523500363
970,3,F-MADRL,-7470.289025097506,-6468.135587431312
971,3,F-MADRL,-6797.825884378255,-6433.170606320637
972,3,F-MADRL,-7257.616245904162,-6445.449604103159
973,3,F-MADRL,-6219.3471131516,-6485.02458526841
974,3,F-MADRL,-6252.857467660509,-6523.234420545898
975,3,F-MADRL,-5683.426914240998,-6528.4646963663345
976,3,F-MADRL,-6647.824998032533,-6554.763409755774
977,3,F-MADRL,-6043.914013963744,-6501.474349338248
978,3,F-MADRL,-7491.470385188906,-6538.441749468516
979,3,F-MADRL,-5301.17079712599,-6429.215515406536
980,3,F-MADRL,-5255.262374407581,-6435.42137054264
981,3,F-MADRL,-5704.122092985752,-6445.898140577321
982,3,F-MADRL,-6690.173102666524,-6451.782254606478
983,3,F-MADRL,-7687.089726228961,-6470.325530071552
984,3,F-MADRL,-6635.867515139369,-6519.160653796174
985,3,F-MADRL,-5904.391618807889,-6499.428621461835
986,3,F-MADRL,-5754.916648300557,-6472.358504053028
987,3,F-MADRL,-6018.557362683596,-6440.938822688531
988,3,F-MADRL,-4734.456686109676,-6320.58653353637
989,3,F-MADRL,-6516.229534142237,-6329.019744680617
990,3,F-MADRL,-6540.1962812803,-6293.903355788349
991,3,F-MADRL,-6579.084901837776,-6331.757427354073
992,3,F-MADRL,-5042.670612964976,-6261.189585160887
993,3,F-MADRL,-5819.19287565313,-6258.425089383281
994,3,F-MADRL,-7131.44370050929,-6287.175915138472
995,3,F-MADRL,-5641.504267077678,-6214.02452481768
996,3,F-MADRL,-6649.715951248685,-6208.1001274924965
997,3,F-MADRL,-5701.681655320086,-6145.862743869133
998,3,F-MADRL,-5972.25839604927,-6135.97919518504
999,3,F-MADRL,-6937.621708760902,-6163.369764829055
1000,3,F-MADRL,-6071.163555501856,-6178.879230479491
1001,3,F-MADRL,-7051.451217867883,-7051.451217867883
1002,3,F-MADRL,-6144.335267996108,-6597.893242931996
1003,3,F-MADRL,-6186.704024774797,-6460.830170212929
1004,3,F-MADRL,-5588.222113268515,-6242.678155976826
1005,3,F-MADRL,-6937.061763062402,-6381.554877393942
1006,3,F-MADRL,-6826.458674220115,-6455.705510198303
1007,3,F-MADRL,-6743.240524597102,-6496.781940826703
1008,3,F-MADRL,-7186.7718571417845,-6583.030680366089
1009,3,F-MADRL,-8916.943996039552,-6842.354382107584
1010,3,F-MADRL,-6401.707333110744,-6798.289677207901
1011,3,F-MADRL,-5992.088737855469,-6724.998682721315
1012,3,F-MADRL,-6539.564159295425,-6709.545805769158
1013,3,F-MADRL,-6019.400578370393,-6656.457711353869
1014,3,F-MADRL,-6976.474305585989,-6679.316039513306
1015,3,F-MADRL,-7975.555228822821,-6765.731985467273
1016,3,F-MADRL,-7973.523135098776,-6841.218932319242
1017,3,F-MADRL,-6499.355778593449,-6821.109335041255
1018,3,F-MADRL,-6658.393513779547,-6812.069567193383
1019,3,F-MADRL,-6036.319680741832,-6771.240625801195
1020,3,F-MADRL,-6990.651297137505,-6782.211159368011
1021,3,F-MADRL,-7057.507367029801,-6795.32050259
1022,3,F-MADRL,-5631.944312840798,-6742.43976669231
1023,3,F-MADRL,-6476.158633257844,-6730.862326108203
1024,3,F-MADRL,-6915.002538748714,-6738.534834968224
1025,3,F-MADRL,-5333.814530088092,-6682.346022773018
1026,3,F-MADRL,-6161.067388596461,-6646.7306696021615
1027,3,F-MADRL,-4411.356420095245,-6577.411515686126
1028,3,F-MADRL,-5660.9572484749015,-6556.381644634131
1029,3,F-MADRL,-8651.04544061596,-6678.894577728029
1030,3,F-MADRL,-5942.004540589464,-6639.092288829112
1031,3,F-MADRL,-6113.908261125172,-6610.590272305313
1032,3,F-MADRL,-4903.905327810836,-6537.016864433864
1033,3,F-MADRL,-8638.521032995634,-6595.0868314680165
1034,3,F-MADRL,-6051.680141265825,-6480.476277277068
1035,3,F-MADRL,-7247.8728147294205,-6514.322896541816
1036,3,F-MADRL,-5398.23853112233,-6490.56888827249
1037,3,F-MADRL,-6651.673019818369,-6495.053242693407
1038,3,F-MADRL,-6724.635918682528,-6523.262656305892
1039,3,F-MADRL,-7210.413627916033,-6532.620229199095
1040,3,F-MADRL,-5712.15690991031,-6442.084296442594
1041,3,F-MADRL,-6350.72772162705,-6377.172479903726
1042,3,F-MADRL,-6842.946640401534,-6390.916114376048
1043,3,F-MADRL,-6700.799003836973,-6392.612333978344
1044,3,F-MADRL,-6499.226887338419,-6411.128622242209
1045,3,F-MADRL,-5476.567990205763,-6350.565289964939
1046,3,F-MADRL,-5213.454795407664,-6276.803187100054
1047,3,F-MADRL,-6597.5153947987965,-6315.426030378373
1048,3,F-MADRL,-5091.327479566167,-6260.032784230707
1049,3,F-MADRL,-6143.863098458789,-6229.18720661911
1050,3,F-MADRL,-6816.927031310532,-6288.511706668007
1051,3,F-MADRL,-4708.954252676347,-6230.427181231203
1052,3,F-MADRL,-5799.013284159177,-6285.93345579376
1053,3,F-MADRL,-6033.778339238746,-6300.846299424314
1054,3,F-MADRL,-7268.09578003231,-6245.528313000967
1055,3,F-MADRL,-7412.590209352656,-6304.351739751495
1056,3,F-MADRL,-6250.10309658151,-6309.799533169749
1057,3,F-MADRL,-7341.45384648851,-6407.301473916855
1058,3,F-MADRL,-5641.557944958127,-6287.422950395355
1059,3,F-MADRL,-5576.244368966621,-6268.405519503388
1060,3,F-MADRL,-7002.184505077797,-6258.577987117322
1061,3,F-MADRL,-6574.413120630759,-6305.62497069766
1062,3,F-MADRL,-5644.668726168235,-6265.344798951654
1063,3,F-MADRL,-7580.973450966261,-6299.598300243004
1064,3,F-MADRL,-5652.829899341286,-6237.294951100013
1065,3,F-MADRL,-7201.637743141754,-6296.874184429272
1066,3,F-MADRL,-7228.080461870226,-6331.9682940389985
1067,3,F-MADRL,-5836.021643409593,-6291.691294159321
1068,3,F-MADRL,-6361.811132702165,-6278.131779313929
1069,3,F-MADRL,-6397.612581069702,-6274.067207063181
1070,3,F-MADRL,-5955.33760205955,-6293.217991537331
1071,3,F-MADRL,-6380.283634281226,-6339.891145092274
1072,3,F-MADRL,-7142.249048553596,-6361.680491242466
1073,3,F-MADRL,-4945.542066151886,-6355.849074705894
1074,3,F-MADRL,-6472.048838037451,-6368.976504289041
1075,3,F-MADRL,-5914.372861200744,-6332.874337484649
1076,3,F-MADRL,-8210.38420788886,-6472.931535693151
1077,3,F-MADRL,-7029.139292638241,-6522.136576032312
1078,3,F-MADRL,-8280.636561170331,-6612.010904909576
1079,3,F-MADRL,-7391.715266603061,-6616.955684372406
1080,3,F-MADRL,-6704.344319033011,-6588.62584875962
1081,3,F-MADRL,-6563.486421924192,-6601.1611817733265
1082,3,F-MADRL,-6712.572905921582,-6576.005944150651
1083,3,F-MADRL,-6807.912741215501,-6622.660136000946
1084,3,F-MADRL,-5904.435824087826,-6635.787794205793
1085,3,F-MADRL,-4653.183175716376,-6541.827741031337
1086,3,F-MADRL,-6063.639433241426,-6521.396793535762
1087,3,F-MADRL,-7235.605988679694,-6585.034284036223
1088,3,F-MADRL,-6790.669608755905,-6553.422130347807
1089,3,F-MADRL,-6367.405094413111,-6582.005138150681
1090,3,F-MADRL,-5769.343554599079,-6524.7133706089735
1091,3,F-MADRL,-6967.8206340720135,-6514.302977497045
1092,3,F-MADRL,-5554.27949001205,-6503.033291361142
1093,3,F-MADRL,-7082.2112957942645,-6531.849297884827
1094,3,F-MADRL,-7383.072109024784,-6571.26767900303
1095,3,F-MADRL,-5376.688526709328,-6548.121715989022
1096,3,F-MADRL,-7663.491319444482,-6599.450023395551
1097,3,F-MADRL,-6154.647223125661,-6559.945950378435
1098,3,F-MADRL,-7164.161013810361,-6648.690708284774
1099,3,F-MADRL,-7080.627972730546,-6673.033873672497
1100,3,F-MADRL,-6669.765092499344,-6703.249562924441
1101,3,F-MADRL,-5777.133164979656,-6605.919521208074
1102,3,F-MADRL,-5802.575941510157,-6556.85698716295
1103,3,F-MADRL,-6661.388276850597,-6492.08705579016
1104,3,F-MADRL,-5697.792629002176,-6424.330150286126
1105,3,F-MADRL,-6274.27045688287,-6407.127195800119
1106,3,F-MADRL,-6820.174022549414,-6417.394699825129
1107,3,F-MADRL,-5061.953010532071,-6351.369904009549
1108,3,F-MADRL,-4696.323721434887,-6266.906343218323
1109,3,F-MADRL,-7505.391055059177,-6330.9445524571765
1110,3,F-MADRL,-7218.783915120767,-6433.568582033353
1111,3,F-MADRL,-6280.988328281671,-6442.262537834963
1112,3,F-MADRL,-6162.534032902851,-6399.33965960389
1113,3,F-MADRL,-6826.230389908083,-6400.762090849977
1114,3,F-MADRL,-7480.996668753942,-6445.30575382361
1115,3,F-MADRL,-6418.916702288642,-6471.288679731191
1116,3,F-MADRL,-5558.916568279381,-6414.932517099486
1117,3,F-MADRL,-4838.151510768006,-6386.287397929726
1118,3,F-MADRL,-5331.451372314465,-6316.257000990532
1119,3,F-MADRL,-5733.757605019429,-6250.284420830319
1120,3,F-MADRL,-5955.0643221853625,-6273.419452649359
1121,3,F-MADRL,-6278.046321073698,-6218.001652714529
1122,3,F-MADRL,-7051.1891627647365,-6253.863330300092
1123,3,F-MADRL,-7140.1489131363705,-6252.902846273131
1124,3,F-MADRL,-6685.81042512045,-6237.110144368729
1125,3,F-MADRL,-7803.792006149585,-6282.471220914737
1126,3,F-MADRL,-7074.495924616024,-6334.365731300192
1127,3,F-MADRL,-6384.023100186856,-6357.623617647261
1128,3,F-MADRL,-6409.609662151763,-6347.552473059307
1129,3,F-MADRL,-6998.345267311763,-6399.57457859169
1130,3,F-MADRL,-6314.240051833234,-6401.173362389705
1131,3,F-MADRL,-6558.426784561916,-6390.703472870206
1132,3,F-MADRL,-5573.072949297195,-6411.14827042081
1133,3,F-MADRL,-6129.777203168693,-6468.486409690162
1134,3,F-MADRL,-6098.157676036761,-6412.197074529266
1135,3,F-MADRL,-6071.684780176766,-6366.313109131505
1136,3,F-MADRL,-6854.746563316638,-6389.263438532904
1137,3,F-MADRL,-6547.138863017567,-6404.647631737492
1138,3,F-MADRL,-5404.626544036666,-6347.783477902636
1139,3,F-MADRL,-6035.98967138142,-6289.983198007735
1140,3,F-MADRL,-5507.193127887369,-6253.514255031685
1141,3,F-MADRL,-6172.812620832069,-6278.070097133792
1142,3,F-MADRL,-6516.665261616361,-6345.210647167725
1143,3,F-MADRL,-7886.230684003516,-6447.401819635288
1144,3,F-MADRL,-6597.472162175991,-6481.95040192155
1145,3,F-MADRL,-6781.036004244215,-6514.989269203906
1146,3,F-MADRL,-7393.566192981485,-6559.610064080215
1147,3,F-MADRL,-6786.183024160216,-6549.009818536035
1148,3,F-MADRL,-7584.476744732356,-6566.782931799875
1149,3,F-MADRL,-3919.025856391606,-6456.111549050721
1150,3,F-MADRL,-5376.540737888115,-6359.021498320262
1151,3,F-MADRL,-5561.561347916551,-6298.504115252283
1152,3,F-MADRL,-6008.135321057252,-6283.468604087098
1153,3,F-MADRL,-7207.836348447514,-6315.397671538929
1154,3,F-MADRL,-6229.135489960297,-6284.629280444871
1155,3,F-MADRL,-6779.652119465203,-6303.245763150149
1156,3,F-MADRL,-6925.536411954581,-6317.930148245857
1157,3,F-MADRL,-6979.694304776524,-6374.19500246503
1158,3,F-MADRL,-5908.188597909275,-6365.331458254652
1159,3,F-MADRL,-5914.882881447401,-6358.000466471078
1160,3,F-MADRL,-6545.462222114442,-6376.951564148585
1161,3,F-MADRL,-6463.248201432782,-6361.291629673231
1162,3,F-MADRL,-6218.585753510005,-6348.1495052929295
1163,3,F-MADRL,-6258.749020343639,-6382.3144043452085
1164,3,F-MADRL,-6801.442254029983,-6412.93250765115
1165,3,F-MADRL,-6452.660987481066,-6450.751222034898
1166,3,F-MADRL,-6271.663711174365,-6454.705265648589
1167,3,F-MADRL,-5681.354837597422,-6421.292848687834
1168,3,F-MADRL,-6500.374695909357,-6365.858609164066
1169,3,F-MADRL,-7214.44480548755,-6390.537514896528
1170,3,F-MADRL,-7452.666854231182,-6417.4027488960055
1171,3,F-MADRL,-7847.906794099341,-6435.576372940721
1172,3,F-MADRL,-5897.704408092555,-6400.037228298015
1173,3,F-MADRL,-5212.09569546538,-6305.141986327336
1174,3,F-MADRL,-5514.798235782702,-6368.972881502979
1175,3,F-MADRL,-6030.49001986387,-6395.13085278201
1176,3,F-MADRL,-5945.42761028839,-6410.485503276882
1177,3,F-MADRL,-5528.74117284091,-6391.30973734823
1178,3,F-MADRL,-7088.169475188353,-6386.523062417863
1179,3,F-MADRL,-6648.471402616191,-6403.296498924098
1180,3,F-MADRL,-6741.754085390508,-6401.7805775611105
1181,3,F-MADRL,-5708.810006735578,-6353.11152135235
1182,3,F-MADRL,-6708.94053179999,-6342.281370433289
1183,3,F-MADRL,-6866.761589427984,-6380.624290094038
1184,3,F-MADRL,-6879.488675565079,-6419.2085218587445
1185,3,F-MADRL,-5046.997732076149,-6359.269942257213
1186,3,F-MADRL,-6507.803641424705,-6361.052159856889
1187,3,F-MADRL,-5552.050917626049,-6334.390766421532
1188,3,F-MADRL,-6960.563633990549,-6362.463350967409
1189,3,F-MADRL,-6366.507103161835,-6345.065944932683
1190,3,F-MADRL,-5119.010894321705,-6291.719941206308
1191,3,F-MADRL,-6969.174284355151,-6319.62036413354
1192,3,F-MADRL,-6423.451765756865,-6349.304241259916
1193,3,F-MADRL,-6180.623037128975,-6336.5141749087015
1194,3,F-MADRL,-6366.66554051526,-6302.603004309811
1195,3,F-MADRL,-6909.196200811461,-6280.864178173022
1196,3,F-MADRL,-4431.559365585648,-6144.210281032474
1197,3,F-MADRL,-4713.765610193842,-6096.852729116525
1198,3,F-MADRL,-5463.035112019266,-6106.890305778681
1199,3,F-MADRL,-5667.994102296282,-6113.018140439223
1200,3,F-MADRL,-6770.551430618696,-6142.620596869417
1201,3,F-MADRL,-6906.269656983152,-6181.054278737208
1202,3,F-MADRL,-7500.711665868777,-6259.933098458323
1203,3,F-MADRL,-7761.959840222653,-6286.884713059694
1204,3,F-MADRL,-6469.116463394044,-6279.710515490809
1205,3,F-MADRL,-6412.409325977222,-6266.536725114277
1206,3,F-MADRL,-5317.0064141613775,-6250.864581411309
1207,3,F-MADRL,-7330.1406860727475,-6275.7125875822185
1208,3,F-MADRL,-5918.300918708195,-6237.774160753427
1209,3,F-MADRL,-6845.296133612523,-6236.406459075325
1210,3,F-MADRL,-6398.684732780201,-6290.473939103486
1211,3,F-MADRL,-5982.776632223113,-6269.472858735424
1212,3,F-MADRL,-5432.969271138361,-6264.709592875915
1213,3,F-MADRL,-6982.87088129174,-6265.601882767964
1214,3,F-MADRL,-6918.494128533132,-6287.681363782816
1215,3,F-MADRL,-6708.117231084982,-6351.245617253346
1216,3,F-MADRL,-6360.710559088029,-6326.907068242661
1217,3,F-MADRL,-7756.357815554002,-6380.223310234548
1218,3,F-MADRL,-5461.350739497711,-6351.452418329297
1219,3,F-MADRL,-5932.956715336977,-6334.104065322166
1220,3,F-MADRL,-4671.298337014941,-6244.588150770304
1221,3,F-MADRL,-6992.314516109838,-6347.018356791273
1222,3,F-MADRL,-6363.815280393995,-6413.020343599279
1223,3,F-MADRL,-6841.2943807010615,-6468.15071434655
1224,3,F-MADRL,-6008.853015827681,-6481.785070887807
1225,3,F-MADRL,-6018.532161920082,-6451.7043001398615
1226,3,F-MADRL,-6138.247643784164,-6420.983419611902
1227,3,F-MADRL,-6168.314200000317,-6367.687520977163
1228,3,F-MADRL,-7557.92436386512,-6359.526101922862
1229,3,F-MADRL,-8107.464494910715,-6425.06002318353
1230,3,F-MADRL,-5815.680464244706,-6401.1908687142295
1231,3,F-MADRL,-6528.153250920012,-6449.636742184574
1232,3,F-MADRL,-6491.795710404755,-6416.102943157854
1233,3,F-MADRL,-6254.411326017604,-6429.547359450231
1234,3,F-MADRL,-6371.16573662088,-6410.582143570564
1235,3,F-MADRL,-9172.6777171077,-6521.5418629436645
1236,3,F-MADRL,-5320.099095063805,-6495.034761457292
1237,3,F-MADRL,-5364.821719100035,-6492.308859375759
1238,3,F-MADRL,-5719.013409468746,-6441.75456050284
1239,3,F-MADRL,-6921.497422093471,-6441.874692245253
1240,3,F-MADRL,-5732.564235471168,-6402.852572420702
1241,3,F-MADRL,-5224.832581184928,-6357.417453304577
1242,3,F-MADRL,-6318.443435603869,-6299.900878106571
1243,3,F-MADRL,-7320.9017365901855,-6374.28291799027
1244,3,F-MADRL,-6504.765126047352,-6397.155254418684
1245,3,F-MADRL,-8792.739311714948,-6562.012893406686
1246,3,F-MADRL,-6574.792268095183,-6545.3120034860995
1247,3,F-MADRL,-5059.862567275453,-6493.153894961358
1248,3,F-MADRL,-7585.114713559848,-6522.906708275709
1249,3,F-MADRL,-6624.757424775893,-6547.542884633638
1250,3,F-MADRL,-5796.110663307123,-6538.646024689119
1251,3,F-MADRL,-5811.269080276959,-6525.566882148831
1252,3,F-MADRL,-6741.687802515396,-6548.501826249434
1253,3,F-MADRL,-7004.864157236523,-6526.379417984292
1254,3,F-MADRL,-5730.542929134577,-6431.302555353244
1255,3,F-MADRL,-6026.219742286745,-6439.724126474926
1256,3,F-MADRL,-7392.315491226285,-6474.290616087176
1257,3,F-MADRL,-6951.323159036877,-6492.671714032463
1258,3,F-MADRL,-7177.506917541841,-6529.595537693432
1259,3,F-MADRL,-5044.048456807217,-6476.510846500885
1260,3,F-MADRL,-6032.913054941668,-6350.920260014244
1261,3,F-MADRL,-5725.342734258033,-6367.130005582014
1262,3,F-MADRL,-6736.769716849329,-6422.007925491985
1263,3,F-MADRL,-4777.45280053726,-6384.345501134725
1264,3,F-MADRL,-6417.520848978904,-6364.186438210143
1265,3,F-MADRL,-5440.265827628738,-6352.4945018964445
1266,3,F-MADRL,-7148.85168170658,-6429.455265917311
1267,3,F-MADRL,-5548.088657301183,-6398.641074785203
1268,3,F-MADRL,-6855.813711386372,-6380.037553777052
1269,3,F-MADRL,-5582.768553356689,-6343.157690869425
1270,3,F-MADRL,-7115.629526313792,-6276.073299453378
1271,3,F-MADRL,-5538.873649234623,-6234.6365546989555
1272,3,F-MADRL,-6752.522091784387,-6302.342935679314
1273,3,F-MADRL,-5837.863135626106,-6232.452872561964
1274,3,F-MADRL,-7451.310124016947,-6265.514980531606
1275,3,F-MADRL,-6185.888554094047,-6281.106096163083
1276,3,F-MADRL,-6662.811683551852,-6315.167800294079
1277,3,F-MADRL,-5998.305182876383,-6285.432495508518
1278,3,F-MADRL,-6012.2638007014575,-6245.728481247115
1279,3,F-MADRL,-6065.602297295216,-6259.130855973541
1280,3,F-MADRL,-5674.502708391902,-6245.062174617747
1281,3,F-MADRL,-7223.620015986913,-6238.314355608174
1282,3,F-MADRL,-7194.766190155503,-6248.052076852918
1283,3,F-MADRL,-5009.706908112044,-6161.340076475725
1284,3,F-MADRL,-6053.424613303383,-6201.715122735573
1285,3,F-MADRL,-7009.531939967939,-6240.779878136624
1286,3,F-MADRL,-5185.774999898216,-6219.197168762231
1287,3,F-MADRL,-6225.145445817772,-6198.732197920969
1288,3,F-MADRL,-6660.535412484507,-6274.055502398859
1289,3,F-MADRL,-7282.910262229709,-6308.671078928891
1290,3,F-MADRL,-7838.765840723139,-6404.611079452667
1291,3,F-MADRL,-5543.235542390505,-6340.386433880024
1292,3,F-MADRL,-5494.273425851894,-6338.233824622052
1293,3,F-MADRL,-5585.685817220943,-6287.428708855436
1294,3,F-MADRL,-7162.19951608621,-6350.6059473646155
1295,3,F-MADRL,-6583.838204500435,-6329.334294492082
1296,3,F-MADRL,-6112.026347943987,-6352.260402440456
1297,3,F-MADRL,-6950.758144657649,-6360.189844555387
1298,3,F-MADRL,-5363.729572151191,-6341.22450201639
1299,3,F-MADRL,-6296.355857460261,-6295.026331354123
1300,3,F-MADRL,-6080.641962026319,-6290.816467671413
1301,3,F-MADRL,-7419.563284109799,-6321.086531693731
1302,3,F-MADRL,-5930.83295978711,-6318.387642770161
1303,3,F-MADRL,-5106.659459437598,-6282.163469119605
1304,3,F-MADRL,-8471.867866076067,-6378.414091870841
1305,3,F-MADRL,-6566.437632854333,-6414.091488849338
1306,3,F-MADRL,-6128.654379185998,-6370.2928633773
1307,3,F-MADRL,-6076.8960986577,-6325.578059717388
1308,3,F-MADRL,-5032.2036029343935,-6326.477927510282
1309,3,F-MADRL,-6125.727120340096,-6329.3700277917505
1310,3,F-MADRL,-5771.770823851718,-6279.859583147102
1311,3,F-MADRL,-7489.17892389557,-6371.995740106995
1312,3,F-MADRL,-5949.876376862042,-6360.984977348767
1313,3,F-MADRL,-8502.984401586586,-6434.68293691285
1314,3,F-MADRL,-5975.938599338731,-6382.4040703972105
1315,3,F-MADRL,-5458.601087935103,-6287.197480285689
1316,3,F-MADRL,-4903.252509694745,-6261.5981589778585
1317,3,F-MADRL,-4884.999670678169,-6237.22720877091
1318,3,F-MADRL,-5135.348082005463,-6219.213699362291
1319,3,F-MADRL,-5377.834543496547,-6147.839100458705
1320,3,F-MADRL,-6090.372590177958,-6128.100475885805
1321,3,F-MADRL,-6128.247531269674,-6128.749323218833
1322,3,F-MADRL,-7122.728858051696,-6135.628151754594
1323,3,F-MADRL,-6169.394895548136,-6167.854764690473
1324,3,F-MADRL,-5582.960702756802,-6139.318958502334
1325,3,F-MADRL,-5653.840122127947,-6122.2468849064
1326,3,F-MADRL,-6151.619205000767,-6071.529121742038
1327,3,F-MADRL,-5938.286723780153,-6071.82727230176
1328,3,F-MADRL,-6367.535736359109,-6122.26232337862
1329,3,F-MADRL,-5995.226639933966,-6023.196674332937
1330,3,F-MADRL,-5342.3574249094,-5974.233466015138
1331,3,F-MADRL,-5599.416246571016,-5953.063940710539
1332,3,F-MADRL,-6079.927353304716,-5953.185190896421
1333,3,F-MADRL,-6424.065603314693,-6008.859670911633
1334,3,F-MADRL,-4394.4203514226265,-5939.607400154933
1335,3,F-MADRL,-5454.677392860265,-5926.923662915276
1336,3,F-MADRL,-6573.194625217793,-5890.284290968165
1337,3,F-MADRL,-6602.571994697221,-5916.39211568157
1338,3,F-MADRL,-6281.121649973953,-5827.517605617066
1339,3,F-MADRL,-6525.829296156007,-5849.513233489757
1340,3,F-MADRL,-6811.715979220033,-5903.637829141155
1341,3,F-MADRL,-6269.528501422931,-5958.288868810282
1342,3,F-MADRL,-7002.7431273985285,-6042.9986070790965
1343,3,F-MADRL,-7115.845980145519,-6122.218523004698
1344,3,F-MADRL,-5724.962748793217,-6136.103651216565
1345,3,F-MADRL,-5511.680885133364,-6112.955983014781
1346,3,F-MADRL,-5876.6626615062105,-6102.892588224242
1347,3,F-MADRL,-5228.564051214396,-6027.1259959507515
1348,3,F-MADRL,-6080.511872042587,-6023.570675010528
1349,3,F-MADRL,-4989.798269878216,-5999.844177695386
1350,3,F-MADRL,-6191.997304546814,-6021.37046499214
1351,3,F-MADRL,-6636.525250037976,-6040.766706793628
1352,3,F-MADRL,-5911.951231853289,-6039.713287116555
1353,3,F-MADRL,-6804.5413515440905,-6057.193511723954
1354,3,F-MADRL,-6526.23237949095,-6078.433741306233
1355,3,F-MADRL,-6333.065504806302,-6118.062064502109
1356,3,F-MADRL,-6922.660330547255,-6170.991827861158
1357,3,F-MADRL,-6652.187821803068,-6193.8822466010915
1358,3,F-MADRL,-5388.436554418553,-6152.457084645246
1359,3,F-MADRL,-7373.399017995025,-6271.616231308143
1360,3,F-MADRL,-6155.332799868373,-6299.642447588467
1361,3,F-MADRL,-5922.683942973115,-6273.622020298681
1362,3,F-MADRL,-7851.875953993837,-6323.594178670544
1363,3,F-MADRL,-6825.574315741564,-6345.372285301249
1364,3,F-MADRL,-5894.377276874809,-6320.114204530001
1365,3,F-MADRL,-9449.097307194632,-6425.609457648986
1366,3,F-MADRL,-4266.634096607922,-6345.493681456385
1367,3,F-MADRL,-5085.514740643423,-6268.80454598618
1368,3,F-MADRL,-5972.280363389482,-6223.06192131594
1369,3,F-MADRL,-7148.218784868311,-6279.992162758943
1370,3,F-MADRL,-6726.370229533465,-6328.579736534947
1371,3,F-MADRL,-5597.778698642644,-6317.424378020405
1372,3,F-MADRL,-5666.201650907615,-6334.929882008133
1373,3,F-MADRL,-6881.308485615593,-6366.961746551054
1374,3,F-MADRL,-6220.813472324844,-6416.202354648918
1375,3,F-MADRL,-4741.008389352114,-6358.1627980411295
1376,3,F-MADRL,-4935.213251138647,-6290.110318085158
1377,3,F-MADRL,-5578.698534243313,-6276.780210180757
1378,3,F-MADRL,-6090.307743369544,-6248.210865853775
1379,3,F-MADRL,-6635.973956097831,-6252.60052891805
1380,3,F-MADRL,-5801.006479679391,-6231.318167912975
1381,3,F-MADRL,-6784.510608720898,-6225.7921790399205
1382,3,F-MADRL,-5607.6394708147845,-6184.01024500039
1383,3,F-MADRL,-6383.680780425311,-6223.82001404066
1384,3,F-MADRL,-6211.643038894581,-6177.349774876641
1385,3,F-MADRL,-6194.795873178118,-6178.928297809031
1386,3,F-MADRL,-4626.679022647284,-6127.088100995998
1387,3,F-MADRL,-5257.37432155287,-6023.308035698359
1388,3,F-MADRL,-5801.288950443889,-5982.336621086453
1389,3,F-MADRL,-6715.858751636595,-6015.1958800769235
1390,3,F-MADRL,-4949.586621801507,-5835.2154526611985
1391,3,F-MADRL,-4963.823624409023,-5863.103033773243
1392,3,F-MADRL,-5256.242656231249,-5869.932150396756
1393,3,F-MADRL,-6582.637262624535,-5894.346426366158
1394,3,F-MADRL,-5890.065827562817,-5844.020308073938
1395,3,F-MADRL,-6132.056120712903,-5820.2477437211155
1396,3,F-MADRL,-7208.88467309339,-5884.691982699145
1397,3,F-MADRL,-7228.2405791707715,-5947.173539829672
1398,3,F-MADRL,-5657.619253121264,-5898.225970529898
1399,3,F-MADRL,-6305.006856741888,-5901.593705906582
1400,3,F-MADRL,-5595.520375932048,-5935.774185369778
1401,3,F-MADRL,-6230.470170664283,-5987.584462150804
1402,3,F-MADRL,-6204.8555081587165,-6012.630741107419
1403,3,F-MADRL,-5693.679139371753,-5996.765596947508
1404,3,F-MADRL,-4959.908342959568,-5929.722972421978
1405,3,F-MADRL,-6248.52233697814,-5947.623606713928
1406,3,F-MADRL,-6227.005545579634,-5925.323404188277
1407,3,F-MADRL,-6985.951775657095,-5980.45589638197
1408,3,F-MADRL,-6563.663490831928,-5987.655204798235
1409,3,F-MADRL,-5354.975178813395,-5953.3884903949875
1410,3,F-MADRL,-6191.715079341011,-5953.2652586415015
1411,3,F-MADRL,-7072.944184610173,-6051.1158651200185
1412,3,F-MADRL,-6394.574311253507,-6096.603864708043
1413,3,F-MADRL,-6366.748001805192,-6119.222226762495
1414,3,F-MADRL,-6347.43222356057,-6104.485165639455
1415,3,F-MADRL,-5846.048550457135,-6140.34364278568
1416,3,F-MADRL,-7259.27606220311,-6232.161740297443
1417,3,F-MADRL,-6064.596003719886,-6264.4958741969895
1418,3,F-MADRL,-6427.945385378562,-6258.308199107149
1419,3,F-MADRL,-6202.248040347651,-6270.795487618543
1420,3,F-MADRL,-7326.18288791317,-6318.5605583065535
1421,3,F-MADRL,-6530.318201404853,-6291.417899439012
1422,3,F-MADRL,-8246.551316969475,-6332.15032895096
1423,3,F-MADRL,-5367.1304354204985,-6320.53077624293
1424,3,F-MADRL,-5428.535263067127,-6285.471912495938
1425,3,F-MADRL,-5272.308616648528,-6272.543442124597
1426,3,F-MADRL,-5464.149610201298,-6241.890619706079
1427,3,F-MADRL,-6814.003976090167,-6266.256558423337
1428,3,F-MADRL,-5336.864393845837,-6251.983968602301
1429,3,F-MADRL,-5012.556559357279,-6254.089897258208
1430,3,F-MADRL,-6741.35399591318,-6273.803163615611
1431,3,F-MADRL,-5495.152285803659,-6244.529033224571
1432,3,F-MADRL,-4944.747219041061,-6162.88085095993
1433,3,F-MADRL,-5937.333800328157,-6137.82766333978
1434,3,F-MADRL,-5934.361544597879,-6161.003117971159
1435,3,F-MADRL,-6757.689614846875,-6183.6420993913935
1436,3,F-MADRL,-5885.339966163877,-6136.137930653541
1437,3,F-MADRL,-5812.556381063529,-6112.857213445943
1438,3,F-MADRL,-6368.822834977766,-6112.940206772846
1439,3,F-MADRL,-5583.32990269561,-6082.376113938247
1440,3,F-MADRL,-5274.489853667266,-6059.513766066652
1441,3,F-MADRL,-6673.505354454036,-6036.08293775669
1442,3,F-MADRL,-5365.479808115217,-6008.118289932501
1443,3,F-MADRL,-7249.102710793437,-6040.964582949096
1444,3,F-MADRL,-5914.738129187732,-6029.464186502701
1445,3,F-MADRL,-7073.187345713883,-6019.3443648147295
1446,3,F-MADRL,-4736.79271088688,-5947.603345194011
1447,3,F-MADRL,-6961.474209636655,-5896.200260900698
1448,3,F-MADRL,-5431.83725893344,-5898.788533841214
1449,3,F-MADRL,-6109.775886233676,-5926.038158767878
1450,3,F-MADRL,-6417.377341161585,-5971.840907748399
1451,3,F-MADRL,-4986.854946226323,-5952.7491211894
1452,3,F-MADRL,-5958.03883543787,-5918.510515563309
1453,3,F-MADRL,-5418.974646045115,-5921.794925651279
1454,3,F-MADRL,-5792.240928155494,-5952.982300403209
1455,3,F-MADRL,-6986.933947159911,-5962.805498453077
1456,3,F-MADRL,-5874.647179118605,-5977.985294185675
1457,3,F-MADRL,-4432.380939794632,-5957.490643015818
1458,3,F-MADRL,-5561.959961711933,-5942.475689471168
1459,3,F-MADRL,-5668.805793133207,-5931.853459412582
1460,3,F-MADRL,-6409.118095742396,-5917.910598648404
1461,3,F-MADRL,-6508.40774586723,-5942.833309836537
1462,3,F-MADRL,-6310.314735217166,-5962.743644002683
1463,3,F-MADRL,-6767.9110294948505,-5978.707171783366
1464,3,F-MADRL,-5832.674041000932,-5988.680937315579
1465,3,F-MADRL,-6434.511195976989,-6035.081791007968
1466,3,F-MADRL,-7162.960633067493,-6054.6600021525055
1467,3,F-MADRL,-5737.247968007967,-6069.530728548217
1468,3,F-MADRL,-6368.326499408074,-6034.299680092801
1469,3,F-MADRL,-7900.934890322664,-6113.747550538199
1470,3,F-MADRL,-6262.024000628777,-6081.301016734794
1471,3,F-MADRL,-5306.154331683348,-6104.075481566653
1472,3,F-MADRL,-5177.681622367629,-6032.723778075892
1473,3,F-MADRL,-5831.457124903183,-6048.708572714681
1474,3,F-MADRL,-5428.841974217628,-6021.47121623404
1475,3,F-MADRL,-4376.3760540297935,-5939.831164748769
1476,3,F-MADRL,-5907.3299777068205,-5976.650166007988
1477,3,F-MADRL,-5950.764702242157,-5976.359200680159
1478,3,F-MADRL,-7908.09686798186,-6075.9240895576295
1479,3,F-MADRL,-6532.218210513547,-6105.523180851951
1480,3,F-MADRL,-4981.06866275615,-6025.2885694758015
1481,3,F-MADRL,-7305.702675805152,-6082.530789343263
1482,3,F-MADRL,-5113.104001590255,-6109.759711815087
1483,3,F-MADRL,-5974.404372956852,-6126.257488264885
1484,3,F-MADRL,-5429.919548776616,-6116.702038490621
1485,3,F-MADRL,-6165.004569594372,-6106.9374974447
1486,3,F-MADRL,-5710.63712441898,-6075.02667258677
1487,3,F-MADRL,-4608.316703858077,-6006.946751332406
1488,3,F-MADRL,-5648.350707996099,-5962.164338472457
1489,3,F-MADRL,-7151.684670607419,-6014.924763656716
1490,3,F-MADRL,-8386.623973243542,-6093.009274747377
1491,3,F-MADRL,-6945.937094018462,-6084.328333185417
1492,3,F-MADRL,-4025.563345824235,-6015.860948298067
1493,3,F-MADRL,-6022.361033034012,-6002.022329643106
1494,3,F-MADRL,-8217.042556511811,-6014.666636290672
1495,3,F-MADRL,-6325.0608105139545,-6017.1881086860785
1496,3,F-MADRL,-4174.695724158963,-5971.929764385102
1497,3,F-MADRL,-6299.662794165375,-6016.809011257013
1498,3,F-MADRL,-6362.777891731072,-6038.061841930129
1499,3,F-MADRL,-5016.299033163568,-6021.560124287965
1500,3,F-MADRL,-6550.556034452676,-6108.527323504881
1,3,PPO-MADRL,-7625.019790821091,-7625.019790821091
2,3,PPO-MADRL,-9067.209536703918,-8346.114663762504
3,3,PPO-MADRL,-6169.497654543066,-7620.575660689358
4,3,PPO-MADRL,-6888.46031382081,-7437.546823972221
5,3,PPO-MADRL,-6169.596014026472,-7183.956661983071
6,3,PPO-MADRL,-6592.054885829544,-7085.306365957484
7,3,PPO-MADRL,-8338.47086913348,-7264.329866411198
8,3,PPO-MADRL,-9043.502228081608,-7486.7264116199985
9,3,PPO-MADRL,-7394.452112997171,-7476.473711773017
10,3,PPO-MADRL,-8071.060264116517,-7535.932367007367
11,3,PPO-MADRL,-7553.398846933115,-7537.5202288188
12,3,PPO-MADRL,-6332.38437747085,-7437.092241206471
13,3,PPO-MADRL,-8309.01196606245,-7504.162989272315
14,3,PPO-MADRL,-7821.461204028855,-7526.82714746921
15,3,PPO-MADRL,-7710.918009908319,-7539.099871631817
16,3,PPO-MADRL,-8890.589360896543,-7623.567964710863
17,3,PPO-MADRL,-6417.168272393321,-7552.603276927479
18,3,PPO-MADRL,-8177.885894514365,-7587.341200126751
19,3,PPO-MADRL,-5466.2596025523935,-7475.705326570204
20,3,PPO-MADRL,-7556.596567730077,-7479.749888628199
21,3,PPO-MADRL,-7758.35942570537,-7493.017009441397
22,3,PPO-MADRL,-6925.610658694597,-7467.225811680179
23,3,PPO-MADRL,-6492.747898636648,-7424.857206765242
24,3,PPO-MADRL,-9499.935875803849,-7511.318817975185
25,3,PPO-MADRL,-8618.804370737476,-7555.618240085676
26,3,PPO-MADRL,-6952.961045532889,-7528.735890274148
27,3,PPO-MADRL,-10698.025161844644,-7593.968515279777
28,3,PPO-MADRL,-7074.750326447122,-7630.17862215594
29,3,PPO-MADRL,-6576.523799028551,-7617.70116156425
30,3,PPO-MADRL,-6564.651076126544,-7633.5033640482525
31,3,PPO-MADRL,-7382.038667851975,-7665.10271532915
32,3,PPO-MADRL,-8738.09453347449,-7681.0876619027895
33,3,PPO-MADRL,-9398.13702922018,-7695.273053948332
34,3,PPO-MADRL,-7688.785099330302,-7707.046373401657
35,3,PPO-MADRL,-6700.8407176020255,-7652.237591541078
36,3,PPO-MADRL,-8114.692160331314,-7674.689324077006
37,3,PPO-MADRL,-7822.50864951502,-7734.294294958772
38,3,PPO-MADRL,-8311.153964651827,-7734.379974902348
39,3,PPO-MADRL,-7856.604079502953,-7735.785689921311
40,3,PPO-MADRL,-9250.382700281498,-7797.364277536238
41,3,PPO-MADRL,-6736.173426141664,-7711.187640146044
42,3,PPO-MADRL,-8420.466143026642,-7791.319554971377
43,3,PPO-MADRL,-6198.914716610452,-7712.16070785522
44,3,PPO-MADRL,-9394.48854423636,-7869.289865522579
45,3,PPO-MADRL,-7631.938682924788,-7872.303550130367
46,3,PPO-MADRL,-6807.376569717261,-7834.264235890843
47,3,PPO-MADRL,-7225.996022802556,-7846.279650455162
48,3,PPO-MADRL,-6107.361568725042,-7830.8641972586975
49,3,PPO-MADRL,-6718.06615050466,-7719.589408246729
50,3,PPO-MADRL,-7423.923043833261,-7671.794155170562
51,3,PPO-MADRL,-7790.762333095602,-7705.306206673069
52,3,PPO-MADRL,-9353.41101978247,-7651.5216409905825
53,3,PPO-MADRL,-8201.959059250645,-7696.609990302723
54,3,PPO-MADRL,-8362.218057483477,-7768.03776064092
55,3,PPO-MADRL,-9732.89445309962,-7894.767495719843
56,3,PPO-MADRL,-7594.289746804974,-7903.257538877963
57,3,PPO-MADRL,-7441.719033936186,-7851.4025188964315
58,3,PPO-MADRL,-6528.361019239574,-7736.611478497207
59,3,PPO-MADRL,-6950.307469834663,-7707.072373317383
60,3,PPO-MADRL,-7709.184470151353,-7747.406123419355
61,3,PPO-MADRL,-8236.42998090725,-7752.275636242392
62,3,PPO-MADRL,-8392.556951731252,-7775.077568331042
63,3,PPO-MADRL,-9291.441813137388,-7814.289082270464
64,3,PPO-MADRL,-7040.884329654362,-7781.66029227652
65,3,PPO-MADRL,-8079.857614162581,-7734.839288831764
66,3,PPO-MADRL,-8611.775160871617,-7809.863358220961
67,3,PPO-MADRL,-7717.704660675538,-7781.752898926917
68,3,PPO-MADRL,-7436.833962442615,-7831.269668760203
69,3,PPO-MADRL,-7070.627988757633,-7738.315246541056
70,3,PPO-MADRL,-7556.03300655854,-7735.279019486405
71,3,PPO-MADRL,-5278.06964198813,-7674.106742377239
72,3,PPO-MADRL,-7441.178494861459,-7682.714041259596
73,3,PPO-MADRL,-5762.6892441975615,-7668.927148278496
74,3,PPO-MADRL,-7656.674332940847,-7706.471475575943
75,3,PPO-MADRL,-7752.202210781063,-7719.602642253856
76,3,PPO-MADRL,-8225.186188292419,-7736.979596461728
77,3,PPO-MADRL,-8391.724488856344,-7698.512135224683
78,3,PPO-MADRL,-8974.593765137022,-7729.417523460139
79,3,PPO-MADRL,-7932.405123037653,-7712.225006082304
80,3,PPO-MADRL,-7818.6832294751075,-7635.656557137325
81,3,PPO-MADRL,-6344.68017199194,-7585.672174144804
82,3,PPO-MADRL,-7862.058291349296,-7602.485744441328
83,3,PPO-MADRL,-5891.559802966198,-7577.013695790392
84,3,PPO-MADRL,-8086.898920336183,-7622.477353810454
85,3,PPO-MADRL,-7669.59160797836,-7620.893639323534
86,3,PPO-MADRL,-6876.693426581105,-7566.504177150488
87,3,PPO-MADRL,-6959.512463705789,-7509.18239762947
88,3,PPO-MADRL,-8356.78925912688,-7471.796295469049
89,3,PPO-MADRL,-7103.621745667079,-7474.305792109558
90,3,PPO-MADRL,-6905.560258926938,-7427.333897900132
91,3,PPO-MADRL,-6289.275571554497,-7334.4339143274465
92,3,PPO-MADRL,-7863.96990394475,-7340.284524058216
93,3,PPO-MADRL,-6894.9427739938255,-7318.608876520265
94,3,PPO-MADRL,-6907.232855011524,-7312.07307117042
95,3,PPO-MADRL,-7327.165765239097,-7302.918381517644
96,3,PPO-MADRL,-9269.135940423734,-7462.561033455067
97,3,PPO-MADRL,-7268.994517080544,-7455.6736743438305
98,3,PPO-MADRL,-7091.03760715499,-7508.807608862127
99,3,PPO-MADRL,-7197.139575741613,-7490.426218574157
100,3,PPO-MADRL,-7764.492549007252,-7490.917832103205
101,3,PPO-MADRL,-5900.231513431807,-7397.919645108781
102,3,PPO-MADRL,-5909.522370689272,-7298.631560382098
103,3,PPO-MADRL,-7299.550267735645,-7231.629820486043
104,3,PPO-MADRL,-8913.053417379087,-7270.855752259701
105,3,PPO-MADRL,-6619.349724549667,-7222.882412062683
106,3,PPO-MADRL,-7652.779029770133,-7275.206366373811
107,3,PPO-MADRL,-8529.444302788852,-7301.901806831393
108,3,PPO-MADRL,-9358.925973271504,-7440.596453643605
109,3,PPO-MADRL,-5691.459169865224,-7344.778863624766
110,3,PPO-MADRL,-6594.360072228212,-7301.76960219476
111,3,PPO-MADRL,-7838.040333101539,-7340.2234784555785
112,3,PPO-MADRL,-8011.470813900903,-7382.301812463383
113,3,PPO-MADRL,-7686.905454507382,-7355.506460278602
114,3,PPO-MADRL,-9234.240741444864,-7440.731220109714
115,3,PPO-MADRL,-6858.211407532884,-7438.837266053952
116,3,PPO-MADRL,-7253.880832322838,-7477.4214764846865
117,3,PPO-MADRL,-9312.013754300464,-7535.343230498914
118,3,PPO-MADRL,-6786.974123633085,-7531.024484484485
119,3,PPO-MADRL,-7322.245443003033,-7547.624988004145
120,3,PPO-MADRL,-8513.506555425212,-7595.07861961159
121,3,PPO-MADRL,-6858.78467043393,-7498.664568811997
122,3,PPO-MADRL,-7619.741255435867,-7512.69443834621
123,3,PPO-MADRL,-8406.589504004605,-7565.316514220194
124,3,PPO-MADRL,-7309.359092284622,-7569.805294881916
125,3,PPO-MADRL,-8959.655939862452,-7617.6118305161235
126,3,PPO-MADRL,-7037.458747201092,-7663.100919866894
127,3,PPO-MADRL,-7124.327359024504,-7711.693119400305
128,3,PPO-MADRL,-7976.187634437713,-7738.758614068386
129,3,PPO-MADRL,-8086.450606830636,-7705.694501646449
130,3,PPO-MADRL,-8825.953172848927,-7793.95863957842
131,3,PPO-MADRL,-6335.319947292119,-7741.2602762792985
132,3,PPO-MADRL,-6176.17746121147,-7647.129602616204
133,3,PPO-MADRL,-6003.812061074103,-7512.925046128307
134,3,PPO-MADRL,-7003.677420031862,-7565.413776134973
135,3,PPO-MADRL,-7955.416884924924,-7619.856048642841
136,3,PPO-MADRL,-7605.182047919656,-7610.541717235566
137,3,PPO-MADRL,-6707.2385730931655,-7558.372427603256
138,3,PPO-MADRL,-6963.235183345852,-7529.425616756796
139,3,PPO-MADRL,-7823.61292013773,-7473.00050390451
140,3,PPO-MADRL,-6424.253059055036,-7455.6421699653965
141,3,PPO-MADRL,-7370.353493224335,-7460.301076401456
142,3,PPO-MADRL,-8062.398238952073,-7410.316455787521
143,3,PPO-MADRL,-7672.629636784276,-7445.742676313568
144,3,PPO-MADRL,-5634.466507632512,-7378.231518898747
145,3,PPO-MADRL,-5699.402890439127,-7265.667372299304
146,3,PPO-MADRL,-7756.350715739487,-7301.570014111526
147,3,PPO-MADRL,-8883.018107096454,-7352.101088177949
148,3,PPO-MADRL,-6276.422210544228,-7266.894396439535
149,3,PPO-MADRL,-6301.956550201514,-7226.59829475621
150,3,PPO-MADRL,-9274.058869306864,-7239.174411933986
151,3,PPO-MADRL,-6692.96123951246,-7225.394511626442
152,3,PPO-MADRL,-6395.7745582111065,-7196.252399593905
153,3,PPO-MADRL,-7257.808037622568,-7167.5172157213
154,3,PPO-MADRL,-6203.7900137390725,-7092.210791997637
155,3,PPO-MADRL,-7423.127670760043,-7036.097771914081
156,3,PPO-MADRL,-7440.486942993239,-7080.304451742127
157,3,PPO-MADRL,-7219.11988589197,-7122.022148729347
158,3,PPO-MADRL,-5695.257294661341,-7109.679958072836
159,3,PPO-MADRL,-7032.788850872685,-7110.844415306468
160,3,PPO-MADRL,-7684.453123797337,-7100.005864861366
161,3,PPO-MADRL,-8934.152940920745,-7153.164700581408
162,3,PPO-MADRL,-8793.420668720235,-7236.611984406491
163,3,PPO-MADRL,-8619.836695548225,-7302.876044894586
164,3,PPO-MADRL,-6841.34602104083,-7263.585368930711
165,3,PPO-MADRL,-7516.125545368861,-7307.260268383264
166,3,PPO-MADRL,-7339.829813496765,-7306.039321194161
167,3,PPO-MADRL,-8481.979401510373,-7322.822567696493
168,3,PPO-MADRL,-6923.434928475504,-7292.854779364142
169,3,PPO-MADRL,-7644.563672107556,-7373.258665943144
170,3,PPO-MADRL,-6980.457226318544,-7424.50083937832
171,3,PPO-MADRL,-8002.380115284013,-7434.342015360101
172,3,PPO-MADRL,-7582.39043401904,-7382.316908437006
173,3,PPO-MADRL,-8222.067785067913,-7460.142731417952
174,3,PPO-MADRL,-6214.740131813374,-7456.654074682427
175,3,PPO-MADRL,-8157.007355102867,-7411.972014114266
176,3,PPO-MADRL,-6687.16099263296,-7411.740004239087
177,3,PPO-MADRL,-9557.91297981796,-7538.225541103361
178,3,PPO-MADRL,-7012.060845206985,-7528.395653406737
179,3,PPO-MADRL,-7812.86489710593,-7592.758648741412
180,3,PPO-MADRL,-7840.365626557254,-7609.4481669732995
181,3,PPO-MADRL,-8162.280875828134,-7638.319924286696
182,3,PPO-MADRL,-7358.31500122755,-7643.887728900119
183,3,PPO-MADRL,-7341.692722851588,-7709.745146027729
184,3,PPO-MADRL,-7302.981673857999,-7720.552858947141
185,3,PPO-MADRL,-9169.16622917792,-7779.941383162364
186,3,PPO-MADRL,-6162.824195019185,-7669.088233326303
187,3,PPO-MADRL,-8275.41746768834,-7648.368105285027
188,3,PPO-MADRL,-7563.478410480682,-7606.113773882325
189,3,PPO-MADRL,-7825.508916414903,-7645.480289697287
190,3,PPO-MADRL,-8214.735747203118,-7673.424697770658
191,3,PPO-MADRL,-5661.99017129031,-7606.3111120824005
192,3,PPO-MADRL,-8071.561503307651,-7589.894396154292
193,3,PPO-MADRL,-8746.14896283831,-7662.802957528804
194,3,PPO-MADRL,-5738.390223421343,-7586.556019581355
195,3,PPO-MADRL,-6311.202248226016,-7559.785820457653
196,3,PPO-MADRL,-6977.143857194758,-7518.776370134084
197,3,PPO-MADRL,-5444.835904614421,-7433.274188957899
198,3,PPO-MADRL,-6516.782985698443,-7365.06279698312
199,3,PPO-MADRL,-8794.392884953062,-7468.2489071087075
200,3,PPO-MADRL,-5943.770522810512,-7379.719433817014
201,3,PPO-MADRL,-6653.616753279269,-7378.377664242866
202,3,PPO-MADRL,-7132.804806385377,-7281.373337305562
203,3,PPO-MADRL,-7944.892160503634,-7318.686589917429
204,3,PPO-MADRL,-5980.9857783663,-7245.411425167843
205,3,PPO-MADRL,-6173.303992747595,-7178.7289598154575
206,3,PPO-MADRL,-7508.602014721366,-7152.5818053711855
207,3,PPO-MADRL,-6105.101041911647,-7102.453246998551
208,3,PPO-MADRL,-7553.853221413113,-7110.939666941011
209,3,PPO-MADRL,-6844.764392769097,-7092.610975697455
210,3,PPO-MADRL,-7543.933337683536,-7027.60166003768
211,3,PPO-MADRL,-5976.584831334231,-7020.152085490281
212,3,PPO-MADRL,-6875.093240220625,-6964.139116391573
213,3,PPO-MADRL,-6395.493483038403,-6917.419719293881
214,3,PPO-MADRL,-7255.665593851534,-6894.6259863913465
215,3,PPO-MADRL,-7370.73452766619,-6860.86593760987
216,3,PPO-MADRL,-7178.285332723963,-6921.517744067216
217,3,PPO-MADRL,-8329.639486436261,-6931.84086339236
218,3,PPO-MADRL,-8509.072708721094,-6922.3578132276725
219,3,PPO-MADRL,-6390.531617865167,-6948.443469005425
220,3,PPO-MADRL,-6982.910556209579,-6975.311801324768
221,3,PPO-MADRL,-6575.994195030675,-6959.265814838204
222,3,PPO-MADRL,-6481.410062088143,-7000.7287811371525
223,3,PPO-MADRL,-7684.652170817498,-7047.443548541914
224,3,PPO-MADRL,-6539.775301058365,-6957.258845186127
225,3,PPO-MADRL,-6912.2288444897895,-6995.997178053297
226,3,PPO-MADRL,-6076.661774679105,-6972.918978909292
227,3,PPO-MADRL,-7558.773374519221,-6989.957721634646
228,3,PPO-MADRL,-7847.248947790224,-6986.051993126109
229,3,PPO-MADRL,-6368.478847150438,-7001.5517158774755
230,3,PPO-MADRL,-5542.504935282045,-6976.319753578852
231,3,PPO-MADRL,-6329.348035129071,-6929.14959439516
232,3,PPO-MADRL,-5392.138475300311,-6900.631091730706
233,3,PPO-MADRL,-7778.22217197234,-6909.605849753077
234,3,PPO-MADRL,-6441.946066055188,-6893.49311668452
235,3,PPO-MADRL,-8321.735101605063,-6924.605187241382
236,3,PPO-MADRL,-7664.8366874949315,-6992.135261487809
237,3,PPO-MADRL,-7591.828192249073,-7020.804659568947
238,3,PPO-MADRL,-8531.720418332627,-7106.253736980716
239,3,PPO-MADRL,-6826.436023038997,-7089.084554148215
240,3,PPO-MADRL,-6584.231915216418,-7057.624449650222
241,3,PPO-MADRL,-7982.633836731294,-7089.798389810517
242,3,PPO-MADRL,-5945.266158029075,-6994.423456674229
243,3,PPO-MADRL,-6991.099161888937,-6933.704514800942
244,3,PPO-MADRL,-7988.68018974667,-6997.630457676202
245,3,PPO-MADRL,-6999.150613989151,-6998.280059987385
246,3,PPO-MADRL,-5610.208561838431,-6959.648634659696
247,3,PPO-MADRL,-8112.2357680224595,-7024.881662897068
248,3,PPO-MADRL,-6717.728843116819,-6986.204729789042
249,3,PPO-MADRL,-6155.416668976493,-6970.830384505767
250,3,PPO-MADRL,-8733.061136360815,-7043.663676180608
251,3,PPO-MADRL,-5961.821034221801,-7039.070046562316
252,3,PPO-MADRL,-7293.706220156657,-7028.467360387814
253,3,PPO-MADRL,-7421.763485488394,-7011.447941895741
254,3,PPO-MADRL,-6681.091971207023,-7023.9524668580025
255,3,PPO-MADRL,-6975.852771156428,-7081.28638029298
256,3,PPO-MADRL,-8491.311169053539,-7167.764905649958
257,3,PPO-MADRL,-6126.673985769785,-7197.146326068736
258,3,PPO-MADRL,-7167.7704950708885,-7172.728258992678
259,3,PPO-MADRL,-8389.157321841645,-7250.616709224136
260,3,PPO-MADRL,-7052.440403193334,-7199.844921287668
261,3,PPO-MADRL,-5938.8664628197375,-7130.806112300659
262,3,PPO-MADRL,-4876.377557773625,-7022.188086921641
263,3,PPO-MADRL,-6055.576522979271,-6923.142331107508
264,3,PPO-MADRL,-7476.121110345817,-6949.12973459978
265,3,PPO-MADRL,-6489.242371229384,-6945.330152840299
266,3,PPO-MADRL,-5626.749835607217,-6851.094792795335
267,3,PPO-MADRL,-6731.7943454694005,-6882.555920292949
268,3,PPO-MADRL,-8066.659726761225,-6925.57834288784
269,3,PPO-MADRL,-5581.483437010789,-6829.290472778405
270,3,PPO-MADRL,-4854.640123007566,-6743.510053139142
271,3,PPO-MADRL,-6271.202537833986,-6769.949812178965
272,3,PPO-MADRL,-6417.031934646259,-6702.141658843916
273,3,PPO-MADRL,-7682.817706928889,-6740.745213396398
274,3,PPO-MADRL,-7656.234611784218,-6800.777931108708
275,3,PPO-MADRL,-6260.9401866419,-6701.893093119952
276,3,PPO-MADRL,-5107.372427468366,-6667.715148849813
277,3,PPO-MADRL,-6626.980973899874,-6641.046138999543
278,3,PPO-MADRL,-7318.782038609852,-6636.9268811244
279,3,PPO-MADRL,-8093.086725061175,-6693.406671278568
280,3,PPO-MADRL,-6684.534881377089,-6681.753955687393
281,3,PPO-MADRL,-6420.179115502233,-6598.908673545341
282,3,PPO-MADRL,-8192.454437628414,-6681.539891619687
283,3,PPO-MADRL,-7302.544158496308,-6686.930838156703
284,3,PPO-MADRL,-6334.041239448572,-6604.72619486098
285,3,PPO-MADRL,-6589.086642625405,-6586.192044438262
286,3,PPO-MADRL,-7050.636159995527,-6630.662832325295
287,3,PPO-MADRL,-6868.986739483931,-6710.367199593707
288,3,PPO-MADRL,-7416.246464976863,-6764.79399727361
289,3,PPO-MADRL,-6991.617519803436,-6745.413853651915
290,3,PPO-MADRL,-9380.10625969344,-6861.048409190478
291,3,PPO-MADRL,-6107.090079441475,-6880.2620189438485
292,3,PPO-MADRL,-5553.711908550129,-6833.138721467078
293,3,PPO-MADRL,-7362.852378882629,-6804.986427551933
294,3,PPO-MADRL,-6600.8468838788485,-6845.760965426655
295,3,PPO-MADRL,-7262.94834939677,-6942.093294482224
296,3,PPO-MADRL,-7083.675651005018,-6974.592219009064
297,3,PPO-MADRL,-7166.445951143098,-7004.568779668938
298,3,PPO-MADRL,-7970.444042716027,-7016.073833100424
299,3,PPO-MADRL,-7164.0305375290845,-6996.385670130219
300,3,PPO-MADRL,-7603.476056535375,-7050.087104925958
301,3,PPO-MADRL,-4871.388592605199,-7040.647751531431
302,3,PPO-MADRL,-6125.414805520066,-7020.585104796238
303,3,PPO-MADRL,-6141.749722892408,-6973.503812167541
304,3,PPO-MADRL,-6482.181135811963,-6909.0675885975725
305,3,PPO-MADRL,-7133.418818727059,-6927.022946091572
306,3,PPO-MADRL,-6916.239025787084,-6946.865342502965
307,3,PPO-MADRL,-6277.527344666209,-6870.2682587844765
308,3,PPO-MADRL,-5222.631484060078,-6787.071751807027
309,3,PPO-MADRL,-7071.370496065677,-6816.564922071711
310,3,PPO-MADRL,-7187.735455759336,-6840.510874597069
311,3,PPO-MADRL,-6259.7342507301855,-6808.874798226456
312,3,PPO-MADRL,-6922.3342475611735,-6811.008698549545
313,3,PPO-MADRL,-9380.806602391893,-6889.591104046146
314,3,PPO-MADRL,-7620.301743471218,-6914.738472992858
315,3,PPO-MADRL,-8010.402044584305,-6859.950304388492
316,3,PPO-MADRL,-7472.728532728887,-6914.575842519989
317,3,PPO-MADRL,-6907.45869242198,-6968.725713874862
318,3,PPO-MADRL,-7700.497320984754,-6982.231511558947
319,3,PPO-MADRL,-6726.178858443036,-6987.244790541516
320,3,PPO-MADRL,-5285.195902880191,-6908.134692680852
321,3,PPO-MADRL,-6928.130060217924,-6901.912869049369
322,3,PPO-MADRL,-6863.977868550841,-6889.814145745678
323,3,PPO-MADRL,-6654.265300162568,-6837.16699604354
324,3,PPO-MADRL,-7140.851506541965,-6836.239834804055
325,3,PPO-MADRL,-9024.242277181726,-6893.070483629908
326,3,PPO-MADRL,-7591.269441299861,-7001.865717577695
327,3,PPO-MADRL,-5854.91754903802,-6991.045827318414
328,3,PPO-MADRL,-5984.100340664187,-6984.7398520292845
329,3,PPO-MADRL,-4372.332948118885,-6900.345924521561
330,3,PPO-MADRL,-6216.681563274472,-6863.676434303458
331,3,PPO-MADRL,-8280.601020762235,-6918.250914102463
332,3,PPO-MADRL,-7113.292112444188,-6951.681504813584
333,3,PPO-MADRL,-7981.956472325104,-7062.054504344185
334,3,PPO-MADRL,-6614.071478169,-7043.762543628317
335,3,PPO-MADRL,-6758.467326277571,-7026.5918184490465
336,3,PPO-MADRL,-7424.597523588169,-7073.1863493633655
337,3,PPO-MADRL,-5955.399998678668,-7034.508979408066
338,3,PPO-MADRL,-6207.786872341994,-6907.58819020607
339,3,PPO-MADRL,-7767.122001473943,-6913.461000526178
340,3,PPO-MADRL,-5530.749714907654,-6814.274907339113
341,3,PPO-MADRL,-8842.090473357683,-6869.049384964264
342,3,PPO-MADRL,-6806.602869495334,-6865.0151520472
343,3,PPO-MADRL,-5616.449437457947,-6781.653236706127
344,3,PPO-MADRL,-7867.688344118489,-6827.313616133145
345,3,PPO-MADRL,-6824.055888034599,-6888.868015539321
346,3,PPO-MADRL,-6654.856971953958,-6877.937092008762
347,3,PPO-MADRL,-6332.844237521556,-6856.691746767592
348,3,PPO-MADRL,-6814.828225884239,-6863.1142637964585
349,3,PPO-MADRL,-7321.030279650226,-6870.321414720787
350,3,PPO-MADRL,-6505.966593790628,-6769.590387385144
351,3,PPO-MADRL,-4987.519678058958,-6665.440396855509
352,3,PPO-MADRL,-5736.983648017551,-6660.72304081469
353,3,PPO-MADRL,-7362.032293493151,-6715.840318927849
354,3,PPO-MADRL,-7732.072678706194,-6850.22990815134
355,3,PPO-MADRL,-4690.921519129065,-6789.199506385525
356,3,PPO-MADRL,-7938.001768304808,-6775.495536287228
357,3,PPO-MADRL,-5367.870453195401,-6705.678669917275
358,3,PPO-MADRL,-5338.2265798952,-6599.929474220079
359,3,PPO-MADRL,-7313.437816605636,-6627.904127757546
360,3,PPO-MADRL,-6737.903393054152,-6627.081570428609
361,3,PPO-MADRL,-6593.632328204438,-6593.842962613259
362,3,PPO-MADRL,-6479.59174304023,-6614.810632387721
363,3,PPO-MADRL,-7696.86016380589,-6674.373564046276
364,3,PPO-MADRL,-6646.896234614054,-6629.564533371882
365,3,PPO-MADRL,-6517.87923623147,-6669.049714224834
366,3,PPO-MADRL,-7709.652688088104,-6623.752202814051
367,3,PPO-MADRL,-7105.145803472062,-6635.69392017312
368,3,PPO-MADRL,-7417.395392684039,-6707.731758382163
369,3,PPO-MADRL,-7017.876448766223,-6673.739282568073
370,3,PPO-MADRL,-8191.440953209224,-6728.434685175058
371,3,PPO-MADRL,-6844.255599373684,-6736.010630271848
372,3,PPO-MADRL,-6497.723710207555,-6742.6058091792875
373,3,PPO-MADRL,-7514.454259184633,-6770.590850511303
374,3,PPO-MADRL,-8123.165316544833,-6802.676251987087
375,3,PPO-MADRL,-6107.966658201352,-6786.756254563516
376,3,PPO-MADRL,-7109.082115157763,-6871.618752047469
377,3,PPO-MADRL,-6801.690361470724,-6914.207020585595
378,3,PPO-MADRL,-5968.58359705857,-6858.469072728211
379,3,PPO-MADRL,-7021.41137103322,-6830.0426204212945
380,3,PPO-MADRL,-6190.916989864343,-6890.042439250705
381,3,PPO-MADRL,-6623.54313569373,-6837.464093946261
382,3,PPO-MADRL,-7063.203046938516,-6905.277397695986
383,3,PPO-MADRL,-7244.462249135533,-6981.526824465599
384,3,PPO-MADRL,-6572.358486247545,-6951.883651251275
385,3,PPO-MADRL,-7594.614674694929,-6986.152102516906
386,3,PPO-MADRL,-7942.567567002264,-7040.109512068821
387,3,PPO-MADRL,-7406.2969746921535,-7077.177721334897
388,3,PPO-MADRL,-7428.258466727404,-7066.433653451757
389,3,PPO-MADRL,-8004.261961301507,-7120.728282519255
390,3,PPO-MADRL,-6971.980470222652,-7138.892331878901
391,3,PPO-MADRL,-6513.234317515718,-7091.035597056008
392,3,PPO-MADRL,-6984.187275232967,-7086.197255926443
393,3,PPO-MADRL,-7039.829176715034,-7071.094607287684
394,3,PPO-MADRL,-8062.709830606736,-7112.887942561305
395,3,PPO-MADRL,-7217.552518172031,-7073.932405159816
396,3,PPO-MADRL,-8577.263771285263,-7143.252732036279
397,3,PPO-MADRL,-6565.557902116295,-7145.966099712628
398,3,PPO-MADRL,-7550.327093707127,-7147.401013093528
399,3,PPO-MADRL,-8159.859333753204,-7148.868773781864
400,3,PPO-MADRL,-6845.590903659047,-7178.373743600171
401,3,PPO-MADRL,-8975.92531848196,-7253.047471733139
402,3,PPO-MADRL,-7415.413293955069,-7277.596389032513
403,3,PPO-MADRL,-5996.825407947727,-7278.726061468079
404,3,PPO-MADRL,-8366.98144023135,-7332.548864236003
405,3,PPO-MADRL,-7069.146568714568,-7367.6780473900135
406,3,PPO-MADRL,-6456.11608853589,-7360.9809655037
407,3,PPO-MADRL,-6871.108578885663,-7353.297186781586
408,3,PPO-MADRL,-7648.329769696485,-7369.451887604024
409,3,PPO-MADRL,-6648.835829919612,-7372.510981350907
410,3,PPO-MADRL,-5774.317822061541,-7299.699107245571
411,3,PPO-MADRL,-5981.314120682055,-7221.248969392761
412,3,PPO-MADRL,-5681.14748617959,-7152.24298985226
413,3,PPO-MADRL,-5751.58778122531,-7085.176162432176
414,3,PPO-MADRL,-8580.900745241754,-7108.2417137897855
415,3,PPO-MADRL,-7745.130714760042,-7139.167723571281
416,3,PPO-MADRL,-5668.828404533606,-7105.3914870519975
417,3,PPO-MADRL,-5631.750527314776,-7051.294017135269
418,3,PPO-MADRL,-6323.791673501686,-7022.652517006735
419,3,PPO-MADRL,-8902.22527643812,-7056.23313483999
420,3,PPO-MADRL,-7085.111119873784,-7050.935478908061
421,3,PPO-MADRL,-7811.658059305202,-7020.311250428857
422,3,PPO-MADRL,-7401.159514550834,-7053.73531492624
423,3,PPO-MADRL,-7881.337790803085,-7066.975742810078
424,3,PPO-MADRL,-6752.188661248852,-7010.668915909905
425,3,PPO-MADRL,-7604.788995252449,-7041.0368395736405
426,3,PPO-MADRL,-6605.728938205104,-6946.228984362566
427,3,PPO-MADRL,-7254.48581084598,-6939.791885038203
428,3,PPO-MADRL,-5773.474845758547,-6930.857862550635
429,3,PPO-MADRL,-7726.662346503453,-6905.24509880152
430,3,PPO-MADRL,-6567.9613356603495,-6885.197689479351
431,3,PPO-MADRL,-7314.271487957756,-6919.523905456225
432,3,PPO-MADRL,-8034.202267372197,-6966.047652995687
433,3,PPO-MADRL,-7934.771355602235,-6977.505316431917
434,3,PPO-MADRL,-6714.77130246989,-6980.142735333928
435,3,PPO-MADRL,-7165.458580791124,-7035.788365683111
436,3,PPO-MADRL,-8348.030026330567,-7130.457001909052
437,3,PPO-MADRL,-6443.865856802064,-7160.9657367339505
438,3,PPO-MADRL,-6627.930683566434,-7196.019452827596
439,3,PPO-MADRL,-6519.250787293644,-7113.553454509671
440,3,PPO-MADRL,-8056.878701549712,-7126.0233739812575
441,3,PPO-MADRL,-8542.620244677295,-7240.975047587005
442,3,PPO-MADRL,-6565.320384050052,-7278.317841856417
443,3,PPO-MADRL,-7314.161120420334,-7317.932619733163
444,3,PPO-MADRL,-7534.764652939972,-7263.234194793236
445,3,PPO-MADRL,-7387.820191863371,-7275.34255767282
446,3,PPO-MADRL,-7287.470132443528,-7254.375040598354
447,3,PPO-MADRL,-8846.691354026043,-7312.196314177362
448,3,PPO-MADRL,-5675.27150705616,-7223.953662827484
449,3,PPO-MADRL,-7412.227436702175,-7250.355213845617
450,3,PPO-MADRL,-6022.539761329547,-7187.065244488701
451,3,PPO-MADRL,-7060.943306571175,-7205.273819223345
452,3,PPO-MADRL,-9589.824949768525,-7298.687384780245
453,3,PPO-MADRL,-11196.511691342032,-7515.608858603586
454,3,PPO-MADRL,-7347.300564387185,-7500.434387318935
455,3,PPO-MADRL,-6968.057339835823,-7516.438227485953
456,3,PPO-MADRL,-5727.304770307634,-7452.959558779949
457,3,PPO-MADRL,-8089.925616130786,-7455.188492730293
458,3,PPO-MADRL,-6143.82073071163,-7383.550467734667
459,3,PPO-MADRL,-7964.291363125775,-7433.531270160904
460,3,PPO-MADRL,-7487.115951881124,-7446.397565004503
461,3,PPO-MADRL,-6484.462409456992,-7371.85486032956
462,3,PPO-MADRL,-6613.94290859311,-7378.6579424012025
463,3,PPO-MADRL,-6421.076873271915,-7370.383789989421
464,3,PPO-MADRL,-6912.192204626449,-7386.101446682734
465,3,PPO-MADRL,-7230.990326419718,-7353.065911677534
466,3,PPO-MADRL,-7946.8339628163185,-7329.234460403095
467,3,PPO-MADRL,-5893.595752928502,-7302.365475158233
468,3,PPO-MADRL,-7907.55773368558,-7326.101339688842
469,3,PPO-MADRL,-7550.259318350758,-7326.721126305275
470,3,PPO-MADRL,-5185.632674753654,-7238.633625620885
471,3,PPO-MADRL,-8912.10489050016,-7303.619015943151
472,3,PPO-MADRL,-6404.129902891771,-7205.91655789778
473,3,PPO-MADRL,-7183.432296429126,-7266.242989472699
474,3,PPO-MADRL,-5863.368848299455,-7204.288645936591
475,3,PPO-MADRL,-8289.99092544541,-7294.986692501224
476,3,PPO-MADRL,-7570.751118574585,-7315.379004981361
477,3,PPO-MADRL,-7676.094178414595,-7238.8297741272045
478,3,PPO-MADRL,-8620.395605380814,-7135.785130688754
479,3,PPO-MADRL,-6867.156383130267,-7116.579363438479
480,3,PPO-MADRL,-6299.73938454288,-7089.84664522676
481,3,PPO-MADRL,-8474.331714468004,-7199.727722993175
482,3,PPO-MADRL,-7204.531854731686,-7164.311972537211
483,3,PPO-MADRL,-7475.147266381523,-7217.565033964007
484,3,PPO-MADRL,-7366.548312267487,-7193.655311929676
485,3,PPO-MADRL,-7956.377654473042,-7212.425780033353
486,3,PPO-MADRL,-8264.334585035871,-7283.620667056506
487,3,PPO-MADRL,-6826.281999517236,-7292.114230693472
488,3,PPO-MADRL,-5790.869164548849,-7266.90592234455
489,3,PPO-MADRL,-6399.40554189764,-7246.394455835398
490,3,PPO-MADRL,-7051.234723564659,-7239.204231721194
491,3,PPO-MADRL,-8712.763160601698,-7269.84139963261
492,3,PPO-MADRL,-7520.800763520856,-7334.929600056305
493,3,PPO-MADRL,-7509.660162597611,-7319.013697212786
494,3,PPO-MADRL,-5605.132633995139,-7241.208629838561
495,3,PPO-MADRL,-7884.968211005207,-7349.1820512886225
496,3,PPO-MADRL,-7021.524745455992,-7273.558845486857
497,3,PPO-MADRL,-5389.98780331855,-7232.993161503928
498,3,PPO-MADRL,-6626.852199938625,-7210.729957644307
499,3,PPO-MADRL,-6646.254393937028,-7242.0453794698105
500,3,PPO-MADRL,-8148.172403971826,-7236.3726386108665
501,3,PPO-MADRL,-7703.746129219364,-7703.746129219364
502,3,PPO-MADRL,-5924.781730295463,-6814.263929757413
503,3,PPO-MADRL,-5704.953034448336,-6444.493631321054
504,3,PPO-MADRL,-6516.184544263528,-6462.416359556672
505,3,PPO-MADRL,-5623.8606656066695,-6294.705220766672
506,3,PPO-MADRL,-5943.316918172935,-6236.140503667716
507,3,PPO-MADRL,-6721.343789287568,-6305.455258756266
508,3,PPO-MADRL,-6185.404556651667,-6290.448920993192
509,3,PPO-MADRL,-9030.043569608028,-6594.84832639484
510,3,PPO-MADRL,-9632.421621393763,-6898.605655894733
511,3,PPO-MADRL,-6474.565404964187,-6860.056542173774
512,3,PPO-MADRL,-4473.44870953465,-6661.172556120513
513,3,PPO-MADRL,-6543.441703907671,-6652.116336719525
514,3,PPO-MADRL,-6393.81646350529,-6633.666345775651
515,3,PPO-MADRL,-7451.879043323164,-6688.213858945485
516,3,PPO-MADRL,-7710.078389453409,-6752.080392102231
517,3,PPO-MADRL,-5694.985711838333,-6689.898352086708
518,3,PPO-MADRL,-6216.290706582991,-6663.58681622539
519,3,PPO-MADRL,-5945.228414287079,-6625.778479281268
520,3,PPO-MADRL,-6950.4429762896925,-6642.011704131689
521,3,PPO-MADRL,-7772.416940176126,-6695.84052489571
522,3,PPO-MADRL,-8916.228417600554,-6796.767247291385
523,3,PPO-MADRL,-5982.205600382143,-6761.351523512722
524,3,PPO-MADRL,-7272.784926634106,-6782.66124864278
525,3,PPO-MADRL,-7892.639250429177,-6827.060368714236
526,3,PPO-MADRL,-8868.883854572625,-6873.6658777283665
527,3,PPO-MADRL,-7884.11270934985,-6952.039116890543
528,3,PPO-MADRL,-6341.2717706828125,-6977.491866339921
529,3,PPO-MADRL,-8257.259327383632,-7047.134857664725
530,3,PPO-MADRL,-6585.400152902306,-7085.59643715655
531,3,PPO-MADRL,-8603.098745882082,-7191.987710264916
532,3,PPO-MADRL,-7466.735874266677,-7221.80339366408
533,3,PPO-MADRL,-8446.214573344068,-7312.235794331776
534,3,PPO-MADRL,-8358.559135121104,-7285.3764169523
535,3,PPO-MADRL,-7551.779826954373,-7202.150745174724
536,3,PPO-MADRL,-7129.557125836335,-7228.35041400961
537,3,PPO-MADRL,-6983.254955381521,-7328.742663843484
538,3,PPO-MADRL,-7967.725644535885,-7385.714021468614
539,3,PPO-MADRL,-7054.890083622804,-7412.1569662733145
540,3,PPO-MADRL,-5786.064634466654,-7345.524389919055
541,3,PPO-MADRL,-8223.402262500736,-7366.057344840947
542,3,PPO-MADRL,-6576.974298316351,-7401.336888300068
543,3,PPO-MADRL,-8178.830235385905,-7479.838469452184
544,3,PPO-MADRL,-6238.057489794703,-7491.5516324724895
545,3,PPO-MADRL,-7900.321249209079,-7529.546763389266
546,3,PPO-MADRL,-6008.026237312177,-7458.971135274706
547,3,PPO-MADRL,-7926.106848378041,-7419.366272505806
548,3,PPO-MADRL,-8208.28639537083,-7508.409504305352
549,3,PPO-MADRL,-7534.96130995014,-7518.896559637995
550,3,PPO-MADRL,-6093.734651292034,-7446.940375672509
551,3,PPO-MADRL,-8615.234595217025,-7436.794405298284
552,3,PPO-MADRL,-6213.235599530723,-7369.95932090552
553,3,PPO-MADRL,-6783.473581736795,-7387.647393347679
554,3,PPO-MADRL,-5784.789305161637,-7288.748592458799
555,3,PPO-MADRL,-7026.596021063029,-7306.396427185228
556,3,PPO-MADRL,-6449.801872640021,-7220.264552255545
557,3,PPO-MADRL,-6507.108595096088,-7181.8794610887235
558,3,PPO-MADRL,-7862.834744457749,-7158.54426793327
559,3,PPO-MADRL,-6499.606262476163,-7084.186153027471
560,3,PPO-MADRL,-6183.063008201413,-7029.437480277354
561,3,PPO-MADRL,-5963.401704691812,-6982.791263431573
562,3,PPO-MADRL,-6549.433352089543,-6965.438399299895
563,3,PPO-MADRL,-7882.100971884005,-6962.013412393818
564,3,PPO-MADRL,-7671.49040374693,-6986.677425198784
565,3,PPO-MADRL,-6891.245055998583,-7030.88464206006
566,3,PPO-MADRL,-7592.233135778462,-7005.63787699117
567,3,PPO-MADRL,-5776.409500233447,-6973.615285067854
568,3,PPO-MADRL,-6680.837294214416,-6913.695567420993
569,3,PPO-MADRL,-6507.992844702358,-6924.492981617299
570,3,PPO-MADRL,-6754.244772053833,-6878.64992253109
571,3,PPO-MADRL,-6602.777910013265,-6902.439989439134
572,3,PPO-MADRL,-5934.682528187973,-6822.783016631531
573,3,PPO-MADRL,-6376.481794363956,-6749.510832591256
574,3,PPO-MADRL,-6650.99509665143,-6714.152184059308
575,3,PPO-MADRL,-7186.279540241279,-6757.853979617277
576,3,PPO-MADRL,-8909.504768805942,-6769.624786560835
577,3,PPO-MADRL,-8991.714590536516,-6880.763946201066
578,3,PPO-MADRL,-7532.095675935081,-6910.708829968997
579,3,PPO-MADRL,-6978.736335221234,-6958.466711171382
580,3,PPO-MADRL,-6668.445133487005,-6944.140675668339
581,3,PPO-MADRL,-6791.951617896662,-6957.826665478606
582,3,PPO-MADRL,-6330.723174605526,-6950.771248658983
583,3,PPO-MADRL,-7407.208942383586,-6932.546216576016
584,3,PPO-MADRL,-7105.402750717629,-6956.778076105676
585,3,PPO-MADRL,-7461.725325536818,-7007.9245687990915
586,3,PPO-MADRL,-5924.108529345331,-7006.352841785232
587,3,PPO-MADRL,-8661.040232946876,-7090.817117019525
588,3,PPO-MADRL,-6463.53679291147,-7034.074549860624
589,3,PPO-MADRL,-7452.673469225877,-7025.321872479782
590,3,PPO-MADRL,-5433.05119731688,-6966.994118132513
591,3,PPO-MADRL,-6331.125450609648,-6916.549810725762
592,3,PPO-MADRL,-5920.782799028707,-6922.3247426775715
593,3,PPO-MADRL,-7841.082079750254,-6968.734534099005
594,3,PPO-MADRL,-7836.398964024198,-7021.870778871879
595,3,PPO-MADRL,-7166.673432312713,-7038.367925282234
596,3,PPO-MADRL,-7155.208872958789,-7060.465163800055
597,3,PPO-MADRL,-7077.460793659842,-7106.1762944189295
598,3,PPO-MADRL,-7751.999133922335,-7161.196988001265
599,3,PPO-MADRL,-7378.145974166442,-7190.283023101865
600,3,PPO-MADRL,-7750.19663691158,-7212.839706968678
601,3,PPO-MADRL,-6160.756289373905,-7102.889767791396
602,3,PPO-MADRL,-6745.598516292747,-7013.045124821645
603,3,PPO-MADRL,-5419.988748755575,-6928.560847734466
604,3,PPO-MADRL,-7746.8181958005425,-6959.284122157637
605,3,PPO-MADRL,-6425.875420264384,-6949.581333628734
606,3,PPO-MADRL,-6894.341110728208,-6953.676913341994
607,3,PPO-MADRL,-6356.034099602162,-6954.68935034186
608,3,PPO-MADRL,-6152.156904477901,-6904.487268825633
609,3,PPO-MADRL,-7205.017886037726,-6908.471874238437
610,3,PPO-MADRL,-7645.644704735738,-6915.828649406393
611,3,PPO-MADRL,-5275.043816324032,-6889.866060885542
612,3,PPO-MADRL,-7465.70690987572,-6842.052727962695
613,3,PPO-MADRL,-6896.988432549275,-6859.3907935482075
614,3,PPO-MADRL,-6248.8777542451135,-6811.238964948977
615,3,PPO-MADRL,-6785.74153115921,-6865.3465783026695
616,3,PPO-MADRL,-8221.676190978455,-6940.968607917423
617,3,PPO-MADRL,-6306.221475226892,-6956.386154965349
618,3,PPO-MADRL,-8298.17060813976,-6974.66969610093
619,3,PPO-MADRL,-6294.629132265873,-6912.998902830597
620,3,PPO-MADRL,-7201.935582385215,-6914.409388833497
621,3,PPO-MADRL,-6546.929408221561,-6890.078210244008
622,3,PPO-MADRL,-7997.672654875614,-6926.886684692639
623,3,PPO-MADRL,-7583.361896493385,-6920.1411951954815
624,3,PPO-MADRL,-6139.122958410738,-6870.580274565253
625,3,PPO-MADRL,-5985.628848124015,-6799.99756301375
626,3,PPO-MADRL,-7637.516342270361,-6859.067965129608
627,3,PPO-MADRL,-6503.521058632535,-6849.3848668231985
628,3,PPO-MADRL,-7389.711022599747,-6928.173757776966
629,3,PPO-MADRL,-8641.725225694652,-6963.970038972731
630,3,PPO-MADRL,-6935.574216463239,-6984.357990820685
631,3,PPO-MADRL,-7330.417168805754,-7001.801033143787
632,3,PPO-MADRL,-6070.90504113006,-6990.395870804903
633,3,PPO-MADRL,-7254.769400552024,-7034.500370647867
634,3,PPO-MADRL,-7176.285173147161,-7033.351062132246
635,3,PPO-MADRL,-5550.35028671322,-6949.539285411344
636,3,PPO-MADRL,-7145.123852479195,-7024.34248685755
637,3,PPO-MADRL,-7499.406551939118,-7025.690472540087
638,3,PPO-MADRL,-6291.869467456938,-7001.485713936393
639,3,PPO-MADRL,-6977.29226855837,-7030.622294508924
640,3,PPO-MADRL,-6990.80765806512,-7038.824939585161
641,3,PPO-MADRL,-6141.4809124487765,-6955.617128443973
642,3,PPO-MADRL,-5729.755767613524,-6932.558500139438
643,3,PPO-MADRL,-7533.249767001278,-6901.9616664938985
644,3,PPO-MADRL,-6641.356616393399,-6915.830765859
645,3,PPO-MADRL,-6492.3374032274,-6887.446838692687
646,3,PPO-MADRL,-5072.607752810841,-6828.4739724762585
647,3,PPO-MADRL,-7761.731104990516,-6819.036310480854
648,3,PPO-MADRL,-5482.695193486152,-6735.009642360565
649,3,PPO-MADRL,-5598.4352588459205,-6713.382134377973
650,3,PPO-MADRL,-6294.592174272646,-6725.740667423918
651,3,PPO-MADRL,-8308.125410905714,-6752.565030169332
652,3,PPO-MADRL,-6044.463512523127,-6734.202728324956
653,3,PPO-MADRL,-7015.188870875729,-6719.221842255995
654,3,PPO-MADRL,-7773.481408393014,-6684.49208956393
655,3,PPO-MADRL,-5999.204392732089,-6647.037296614683
656,3,PPO-MADRL,-5690.867598585701,-6581.455313805881
657,3,PPO-MADRL,-6285.327317423301,-6590.032204857611
658,3,PPO-MADRL,-6729.371520146673,-6569.016289641396
659,3,PPO-MADRL,-5506.349415345963,-6502.218859329349
660,3,PPO-MADRL,-6886.170562441554,-6555.651670358481
661,3,PPO-MADRL,-6283.275054059251,-6521.177718421684
662,3,PPO-MADRL,-7662.057471868577,-6527.683755218863
663,3,PPO-MADRL,-8130.782451196722,-6601.240274568454
664,3,PPO-MADRL,-7681.1108029147,-6629.393015942707
665,3,PPO-MADRL,-5103.715095039934,-6553.9093134217
666,3,PPO-MADRL,-7567.841933840466,-6610.963754277368
667,3,PPO-MADRL,-5689.788125304569,-6609.365048585009
668,3,PPO-MADRL,-6758.212586394286,-6578.363561360729
669,3,PPO-MADRL,-6442.223371549432,-6570.398231566971
670,3,PPO-MADRL,-8304.301991440512,-6642.876815095495
671,3,PPO-MADRL,-7980.481837938454,-6759.191778500601
672,3,PPO-MADRL,-6522.175876611954,-6709.609569365458
673,3,PPO-MADRL,-7619.314611188435,-6795.074346073549
674,3,PPO-MADRL,-6232.157228261016,-6820.423224850153
675,3,PPO-MADRL,-5176.875706261811,-6775.71456612972
676,3,PPO-MADRL,-5123.898703875659,-6648.345497848517
677,3,PPO-MADRL,-6174.224747120645,-6653.535947232417
678,3,PPO-MADRL,-5587.633220491706,-6596.433721217057
679,3,PPO-MADRL,-7466.4870689558975,-6584.153947639573
680,3,PPO-MADRL,-6518.914787942002,-6604.942363447968
681,3,PPO-MADRL,-6523.52472490842,-6638.248648500878
682,3,PPO-MADRL,-5969.929675294249,-6625.632742815715
683,3,PPO-MADRL,-7350.947690941293,-6650.495789647501
684,3,PPO-MADRL,-7561.625781604554,-6732.706844297844
685,3,PPO-MADRL,-8428.716614616565,-6794.408686384845
686,3,PPO-MADRL,-4959.895801209436,-6741.473516270852
687,3,PPO-MADRL,-5772.077928898716,-6665.874334552058
688,3,PPO-MADRL,-5903.590450300156,-6576.786654516195
689,3,PPO-MADRL,-7149.4743211336245,-6555.521195244951
690,3,PPO-MADRL,-6240.839629311926,-6601.0061766158315
691,3,PPO-MADRL,-6985.476021945824,-6577.711540140045
692,3,PPO-MADRL,-7271.963707087876,-6640.998563411378
693,3,PPO-MADRL,-6508.767085276523,-6631.020743366667
694,3,PPO-MADRL,-4796.163756975282,-6565.178358783701
695,3,PPO-MADRL,-7064.893350233455,-6515.602013135419
696,3,PPO-MADRL,-6007.829749918068,-6436.695929614603
697,3,PPO-MADRL,-7590.3512883578,-6479.422946084437
698,3,PPO-MADRL,-6427.0202852318325,-6431.731173046173
699,3,PPO-MADRL,-8391.12775330075,-6518.089994047763
700,3,PPO-MADRL,-5520.160254872104,-6531.821375992174
701,3,PPO-MADRL,-7388.922361525254,-6622.422322298158
702,3,PPO-MADRL,-6249.095544646864,-6625.417154199207
703,3,PPO-MADRL,-6165.593969288611,-6648.535584151084
704,3,PPO-MADRL,-5998.591558241929,-6589.819763722525
705,3,PPO-MADRL,-5463.131473847649,-6547.588431158751
706,3,PPO-MADRL,-5830.677693779761,-6519.874549913604
707,3,PPO-MADRL,-7698.64191240461,-6589.023039398019
708,3,PPO-MADRL,-6025.696452936228,-6536.012989877816
709,3,PPO-MADRL,-5496.91035947476,-6453.424372992624
710,3,PPO-MADRL,-6915.501617343864,-6392.895773101715
711,3,PPO-MADRL,-7884.515509064757,-6509.880561415929
712,3,PPO-MADRL,-6672.833877312662,-6545.910799352487
713,3,PPO-MADRL,-5142.344250983906,-6515.460951379837
714,3,PPO-MADRL,-5829.928394880084,-6462.679114329696
715,3,PPO-MADRL,-8189.947908591301,-6540.64344550087
716,3,PPO-MADRL,-6143.346696243293,-6506.958272472769
717,3,PPO-MADRL,-6299.199685148304,-6468.047711595186
718,3,PPO-MADRL,-7748.154650860829,-6517.623214218558
719,3,PPO-MADRL,-5614.32539268471,-6550.349679646935
720,3,PPO-MADRL,-7543.229466791921,-6569.483124309274
721,3,PPO-MADRL,-8090.05448949267,-6652.772113892258
722,3,PPO-MADRL,-7009.947124228316,-6629.555947327079
723,3,PPO-MADRL,-7193.705049692262,-6660.223337905497
724,3,PPO-MADRL,-6417.552824593624,-6581.28034075721
725,3,PPO-MADRL,-5592.187684957488,-6584.161437960627
726,3,PPO-MADRL,-8471.507214769557,-6627.464832090398
727,3,PPO-MADRL,-7138.03209834781,-6663.022294238435
728,3,PPO-MADRL,-7119.862978359449,-6701.19305460127
729,3,PPO-MADRL,-6031.756190937981,-6702.519639909111
730,3,PPO-MADRL,-7719.81510132229,-6792.786985008099
731,3,PPO-MADRL,-7374.887522405024,-6854.555378153108
732,3,PPO-MADRL,-5351.542238031535,-6760.671391178185
733,3,PPO-MADRL,-7170.476533663956,-6806.462594407294
734,3,PPO-MADRL,-8190.057794169639,-6914.18849179509
735,3,PPO-MADRL,-7675.102796496419,-6944.572538961192
736,3,PPO-MADRL,-7322.544880436647,-6922.093713816067
737,3,PPO-MADRL,-5329.813742366965,-6868.372908418239
738,3,PPO-MADRL,-7382.582711170551,-6957.982446825705
739,3,PPO-MADRL,-6657.198077368936,-6991.073234125258
740,3,PPO-MADRL,-9169.422102866492,-7030.252201896266
741,3,PPO-MADRL,-5727.507386858691,-7013.618629520883
742,3,PPO-MADRL,-7556.637144619577,-7063.9161278997335
743,3,PPO-MADRL,-5433.836726512456,-6971.343410925799
744,3,PPO-MADRL,-4984.498744045215,-6946.1503449802185
745,3,PPO-MADRL,-6952.230745301604,-6922.510396120607
746,3,PPO-MADRL,-6660.526193191459,-6865.329264268558
747,3,PPO-MADRL,-5150.149186212476,-6790.937346747924
748,3,PPO-MADRL,-7101.929858202317,-6787.266339088325
749,3,PPO-MADRL,-6348.99090084474,-6784.5238621383705
750,3,PPO-MADRL,-5565.505857072447,-6783.456589022969
751,3,PPO-MADRL,-7703.275094545041,-6752.727304213989
752,3,PPO-MADRL,-6208.455565817338,-6715.54424291277
753,3,PPO-MADRL,-5026.369996132916,-6631.804523623709
754,3,PPO-MADRL,-6500.738779598221,-6650.563827170118
755,3,PPO-MADRL,-5352.162759021572,-6555.857733478088
756,3,PPO-MADRL,-8364.436028059934,-6595.439673704286
757,3,PPO-MADRL,-7537.036496313474,-6682.859444035563
758,3,PPO-MADRL,-5576.781843171649,-6619.111656415871
759,3,PPO-MADRL,-6757.457092377585,-6561.807628344189
760,3,PPO-MADRL,-7870.6986803730815,-6569.631463699255
761,3,PPO-MADRL,-6664.462052425592,-6543.308150578813
762,3,PPO-MADRL,-6080.639176371184,-6573.341167938982
763,3,PPO-MADRL,-5932.620622556794,-6515.342684394432
764,3,PPO-MADRL,-5746.6320865683465,-6478.920044762408
765,3,PPO-MADRL,-5743.5544634443,-6341.885339185521
766,3,PPO-MADRL,-6145.070097589396,-6358.587847614749
767,3,PPO-MADRL,-5872.460481433562,-6291.220781087307
768,3,PPO-MADRL,-6665.384009356392,-6340.482672401066
769,3,PPO-MADRL,-7608.692524330742,-6445.450423612487
770,3,PPO-MADRL,-5886.237748383827,-6402.810703735775
771,3,PPO-MADRL,-5345.382945414092,-6350.204973824681
772,3,PPO-MADRL,-5661.022073981314,-6370.639889335434
773,3,PPO-MADRL,-7231.716267203203,-6375.83134569547
774,3,PPO-MADRL,-5975.841904921599,-6360.905385858545
775,3,PPO-MADRL,-6021.986270057263,-6379.164602377938
776,3,PPO-MADRL,-4131.041333770989,-6236.275251946976
777,3,PPO-MADRL,-7157.996795593161,-6274.256901138008
778,3,PPO-MADRL,-6904.452553225748,-6349.3802034217215
779,3,PPO-MADRL,-5443.744610516303,-6307.100436658444
780,3,PPO-MADRL,-5302.494896189126,-6305.113722145146
781,3,PPO-MADRL,-6019.716696272559,-6211.32494887365
782,3,PPO-MADRL,-5388.044160846548,-6125.365255454974
783,3,PPO-MADRL,-8123.079524226614,-6227.217162697172
784,3,PPO-MADRL,-4906.898014619801,-6153.19479958686
785,3,PPO-MADRL,-6884.490846049811,-6113.746486213931
786,3,PPO-MADRL,-5543.256663397273,-6068.898270652799
787,3,PPO-MADRL,-6694.119790871996,-6093.43749523283
788,3,PPO-MADRL,-6712.808641415964,-6124.645015987197
789,3,PPO-MADRL,-6659.6062416802815,-6161.163982191675
790,3,PPO-MADRL,-5001.270777208521,-6131.472634742244
791,3,PPO-MADRL,-7100.679498222276,-6169.697010767558
792,3,PPO-MADRL,-6260.059090754846,-6185.20095514041
793,3,PPO-MADRL,-5727.857723938077,-6147.6999037236765
794,3,PPO-MADRL,-6150.437394405837,-6089.3696985266815
795,3,PPO-MADRL,-5434.571617484047,-6071.3030532906905
796,3,PPO-MADRL,-6333.372515308636,-6110.822636086472
797,3,PPO-MADRL,-6055.05424010655,-6126.583922731482
798,3,PPO-MADRL,-5982.871914004915,-6076.630148603549
799,3,PPO-MADRL,-5040.239345460214,-6039.206046225095
800,3,PPO-MADRL,-5373.989590169399,-6013.286179029579
801,3,PPO-MADRL,-6445.278380869253,-6105.855660913509
802,3,PPO-MADRL,-6101.597822271206,-6063.599701980632
803,3,PPO-MADRL,-6580.568974108744,-6050.644358815953
804,3,PPO-MADRL,-7004.018337718828,-6113.055307904054
805,3,PPO-MADRL,-5906.006732056303,-6137.19578133874
806,3,PPO-MADRL,-6524.626369441543,-6157.392168265498
807,3,PPO-MADRL,-5450.052454133147,-6159.872499996964
808,3,PPO-MADRL,-5967.671309372519,-6073.656171402799
809,3,PPO-MADRL,-6292.600026462127,-6129.084251876493
810,3,PPO-MADRL,-5086.269119356273,-6057.155382808751
811,3,PPO-MADRL,-7168.853609215693,-6122.179260641487
812,3,PPO-MADRL,-5259.404543899854,-6064.790650762602
813,3,PPO-MADRL,-5743.502228261103,-6026.018394236407
814,3,PPO-MADRL,-5924.836398663821,-5996.627600515749
815,3,PPO-MADRL,-6541.655156355701,-6058.242975681636
816,3,PPO-MADRL,-5589.224403413056,-5997.784771889268
817,3,PPO-MADRL,-6604.961352355865,-6011.580862353308
818,3,PPO-MADRL,-5676.662501573977,-6009.533053458745
819,3,PPO-MADRL,-5277.733448384039,-5974.624895617873
820,3,PPO-MADRL,-6148.159238080369,-6003.168400441725
821,3,PPO-MADRL,-6042.028261110299,-5991.514630273791
822,3,PPO-MADRL,-6121.289819760261,-5994.16405345994
823,3,PPO-MADRL,-5714.0200062934,-5983.40997715148
824,3,PPO-MADRL,-5635.908281494865,-6007.236734592866
825,3,PPO-MADRL,-5833.55961529088,-6025.619535597724
826,3,PPO-MADRL,-5475.32765369391,-5986.821506510711
827,3,PPO-MADRL,-5164.863005019998,-5949.352113820663
828,3,PPO-MADRL,-6549.920034976112,-5948.126156255357
829,3,PPO-MADRL,-6829.238810090743,-5941.134975150235
830,3,PPO-MADRL,-5052.149727166647,-5906.980694954648
831,3,PPO-MADRL,-6855.704891599041,-5920.223835840949
832,3,PPO-MADRL,-6299.238026772935,-5954.1912587465395
833,3,PPO-MADRL,-7118.299798663958,-6000.216398318197
834,3,PPO-MADRL,-6319.790924556824,-6001.304034241985
835,3,PPO-MADRL,-5964.21779257732,-6036.421981170827
836,3,PPO-MADRL,-5118.957761432857,-5954.4261472595135
837,3,PPO-MADRL,-6578.130763505204,-6007.175196043728
838,3,PPO-MADRL,-5166.821916399316,-5984.107983569256
839,3,PPO-MADRL,-5982.121275401394,-5986.399378638759
840,3,PPO-MADRL,-5950.8774082395885,-5962.768268714114
841,3,PPO-MADRL,-5420.878206449812,-5956.0344208355855
842,3,PPO-MADRL,-6329.125482994993,-5945.00098606115
843,3,PPO-MADRL,-4820.756585388597,-5910.7647494137345
844,3,PPO-MADRL,-4580.480697863086,-5882.874639392896
845,3,PPO-MADRL,-6163.42221029928,-5883.485158281654
846,3,PPO-MADRL,-6072.616232323351,-5884.708677130175
847,3,PPO-MADRL,-5969.581335301324,-5878.640337751817
848,3,PPO-MADRL,-5385.327517636179,-5865.492638205528
849,3,PPO-MADRL,-6097.710216153691,-5883.964715591881
850,3,PPO-MADRL,-5034.954729386092,-5852.020520155691
851,3,PPO-MADRL,-5972.405225260207,-5871.903623018343
852,3,PPO-MADRL,-5762.523532723733,-5895.8100441264905
853,3,PPO-MADRL,-4846.1700999634,-5827.660046725983
854,3,PPO-MADRL,-7324.353516373881,-5847.4646349773075
855,3,PPO-MADRL,-6185.155565055454,-5892.784868492861
856,3,PPO-MADRL,-6157.924062372549,-5864.873635323801
857,3,PPO-MADRL,-5399.598677193843,-5828.888061340637
858,3,PPO-MADRL,-5679.217084840804,-5771.324752787711
859,3,PPO-MADRL,-6178.345883641785,-5765.66695115111
860,3,PPO-MADRL,-5129.728198375249,-5732.287367383026
861,3,PPO-MADRL,-5608.200068910343,-5751.8570596821255
862,3,PPO-MADRL,-6004.579851480996,-5728.915023201158
863,3,PPO-MADRL,-6265.463194736805,-5772.860674334657
864,3,PPO-MADRL,-5850.882837321151,-5767.611136811448
865,3,PPO-MADRL,-5327.699179679488,-5742.684007669045
866,3,PPO-MADRL,-4636.989666659298,-5711.328466077423
867,3,PPO-MADRL,-5634.961072675903,-5683.56188966466
868,3,PPO-MADRL,-4453.732365151345,-5668.880920855169
869,3,PPO-MADRL,-5656.528953560162,-5711.922851083053
870,3,PPO-MADRL,-6524.675981371745,-5726.373001925951
871,3,PPO-MADRL,-6758.25872582026,-5753.798701665827
872,3,PPO-MADRL,-5509.895093937711,-5735.411252011283
873,3,PPO-MADRL,-5381.5592905513695,-5735.260522927891
874,3,PPO-MADRL,-6620.624863957602,-5756.177108840047
875,3,PPO-MADRL,-5241.629146426378,-5764.444085521658
876,3,PPO-MADRL,-7022.735742074039,-5806.457306194211
877,3,PPO-MADRL,-5951.781982693096,-5814.027644192986
878,3,PPO-MADRL,-5644.4545721398135,-5845.959023080043
879,3,PPO-MADRL,-6213.524774764125,-5801.525873415653
880,3,PPO-MADRL,-5464.515438395616,-5772.700268349258
881,3,PPO-MADRL,-5627.768416003373,-5751.4940424944925
882,3,PPO-MADRL,-5076.769897188508,-5738.5808912942775
883,3,PPO-MADRL,-6693.356295434012,-5779.1464597180075
884,3,PPO-MADRL,-5094.828621236085,-5735.805769221779
885,3,PPO-MADRL,-5967.430352382451,-5769.313855382068
886,3,PPO-MADRL,-5749.014739337175,-5774.946442199141
887,3,PPO-MADRL,-5479.848591334948,-5753.957191793298
888,3,PPO-MADRL,-5977.0546967559485,-5742.420851874064
889,3,PPO-MADRL,-4496.582426254296,-5688.24883543139
890,3,PPO-MADRL,-6068.278861100109,-5717.872022688215
891,3,PPO-MADRL,-5654.339118632777,-5758.566000767155
892,3,PPO-MADRL,-6534.303997213588,-5794.539717748661
893,3,PPO-MADRL,-5365.341768118025,-5831.004093867328
894,3,PPO-MADRL,-5822.409079818761,-5837.639298917673
895,3,PPO-MADRL,-3863.981912580656,-5731.211536166029
896,3,PPO-MADRL,-4902.652966570269,-5656.98730579603
897,3,PPO-MADRL,-5707.689378662188,-5664.8990771850085
898,3,PPO-MADRL,-5723.545308786515,-5678.578517914414
899,3,PPO-MADRL,-5665.601843383314,-5640.377597091444
900,3,PPO-MADRL,-6316.658863361218,-5683.378785768836
901,3,PPO-MADRL,-5130.098030979851,-5607.673277325069
902,3,PPO-MADRL,-6311.261540616456,-5622.052459642004
903,3,PPO-MADRL,-5964.814662851157,-5634.866863270457
904,3,PPO-MADRL,-6777.94629809588,-5657.443724203727
905,3,PPO-MADRL,-6159.14235456292,-5685.22880085042
906,3,PPO-MADRL,-4527.108624021841,-5641.202409171158
907,3,PPO-MADRL,-5707.248093771229,-5666.421537034467
908,3,PPO-MADRL,-5396.546292672871,-5614.549136924021
909,3,PPO-MADRL,-4566.143882044054,-5593.40174735634
910,3,PPO-MADRL,-5411.575662014771,-5571.167559741633
911,3,PPO-MADRL,-5230.8627015096845,-5550.441478228533
912,3,PPO-MADRL,-5621.686279793736,-5556.114985766884
913,3,PPO-MADRL,-6316.7836319874095,-5569.704143176143
914,3,PPO-MADRL,-4715.430219516289,-5578.458054906623
915,3,PPO-MADRL,-5585.999925517486,-5559.166897483318
916,3,PPO-MADRL,-5090.430114976,-5536.610537337047
917,3,PPO-MADRL,-5702.91211175263,-5503.354861918609
918,3,PPO-MADRL,-5411.412212454357,-5505.197679692062
919,3,PPO-MADRL,-5116.666641853422,-5476.967982173448
920,3,PPO-MADRL,-6844.902060843273,-5596.204788103953
921,3,PPO-MADRL,-6649.55401208324,-5666.080829924472
922,3,PPO-MADRL,-5714.299566248356,-5666.345237427919
923,3,PPO-MADRL,-5053.803687042213,-5639.555572558147
924,3,PPO-MADRL,-6650.112052653565,-5678.935980928956
925,3,PPO-MADRL,-5903.7768587475,-5662.420700744408
926,3,PPO-MADRL,-6057.890373326398,-5699.53239443827
927,3,PPO-MADRL,-5171.614194506956,-5653.946500593889
928,3,PPO-MADRL,-5548.626864305772,-5637.2989886520745
929,3,PPO-MADRL,-5633.7253148978125,-5591.530149324152
930,3,PPO-MADRL,-6004.884077408063,-5585.359818237957
931,3,PPO-MADRL,-5396.513468162062,-5620.136012003566
932,3,PPO-MADRL,-4961.4676926550765,-5590.30479595892
933,3,PPO-MADRL,-7450.9691855593555,-5672.481711674379
934,3,PPO-MADRL,-4243.410769829668,-5659.572387185804
935,3,PPO-MADRL,-6343.97697812359,-5696.868439830157
936,3,PPO-MADRL,-4926.184884011575,-5684.681327130233
937,3,PPO-MADRL,-5725.91973747733,-5688.850665437576
938,3,PPO-MADRL,-5543.149295511716,-5657.905291978548
939,3,PPO-MADRL,-5805.255776584743,-5701.498314261286
940,3,PPO-MADRL,-6032.631402058605,-5719.363573322932
941,3,PPO-MADRL,-6265.389376121811,-5766.361943768763
942,3,PPO-MADRL,-5982.409420811769,-5777.54183613113
943,3,PPO-MADRL,-5664.651537689375,-5787.671409140529
944,3,PPO-MADRL,-5006.234809048512,-5783.254135828333
945,3,PPO-MADRL,-6192.992377405051,-5757.177748490805
946,3,PPO-MADRL,-6534.837213821598,-5752.589076560339
947,3,PPO-MADRL,-6155.383805180842,-5770.232446117639
948,3,PPO-MADRL,-4689.845760831565,-5755.6741290692125
949,3,PPO-MADRL,-5285.781934015846,-5701.100924323704
950,3,PPO-MADRL,-4649.359250938785,-5650.924220011355
951,3,PPO-MADRL,-4740.565497937154,-5598.231224995785
952,3,PPO-MADRL,-5670.694423118968,-5618.194434140267
953,3,PPO-MADRL,-5932.211043929164,-5633.537801325201
954,3,PPO-MADRL,-7029.191264598943,-5689.356439313247
955,3,PPO-MADRL,-4521.271986182779,-5630.011955664236
956,3,PPO-MADRL,-5279.03321545206,-5625.312745555835
957,3,PPO-MADRL,-5525.968556205173,-5647.892780097839
958,3,PPO-MADRL,-5981.881813597091,-5589.129285219349
959,3,PPO-MADRL,-4713.161300890663,-5607.919306461789
960,3,PPO-MADRL,-4963.217659257663,-5552.688933707151
961,3,PPO-MADRL,-6213.460859824465,-5604.1799727396665
962,3,PPO-MADRL,-4136.696108501421,-5540.611027580631
963,3,PPO-MADRL,-6233.6551492684175,-5568.2312617309
964,3,PPO-MADRL,-5142.246385051623,-5541.7108860695735
965,3,PPO-MADRL,-6778.068416373155,-5571.528366642156
966,3,PPO-MADRL,-5265.224124944295,-5531.521756595055
967,3,PPO-MADRL,-5412.264865066336,-5508.715974365237
968,3,PPO-MADRL,-5117.350321572796,-5486.823925720575
969,3,PPO-MADRL,-5924.305204803455,-5523.546741550772
970,3,PPO-MADRL,-6289.826383646141,-5527.420101800415
971,3,PPO-MADRL,-6349.55768267862,-5520.0089205546965
972,3,PPO-MADRL,-6609.681243802379,-5538.180818099558
973,3,PPO-MADRL,-5249.820051136046,-5560.579789711737
974,3,PPO-MADRL,-5741.307874948761,-5578.800827349054
975,3,PPO-MADRL,-5474.46037981566,-5611.804872504129
976,3,PPO-MADRL,-5936.787586451656,-5659.65375604471
977,3,PPO-MADRL,-5103.183207023021,-5636.9533074008705
978,3,PPO-MADRL,-6783.225074650825,-5670.993868629738
979,3,PPO-MADRL,-5691.31207458356,-5617.478701029122
980,3,PPO-MADRL,-5193.939584001076,-5644.385404941854
981,3,PPO-MADRL,-5651.287507383073,-5659.275576619095
982,3,PPO-MADRL,-6030.578761471377,-5679.459984829742
983,3,PPO-MADRL,-6374.056892492708,-5695.146987985569
984,3,PPO-MADRL,-5552.140327880953,-5728.7061490651795
985,3,PPO-MADRL,-5412.294000457692,-5746.66920271318
986,3,PPO-MADRL,-5301.492677199616,-5710.190475408187
987,3,PPO-MADRL,-5471.529874637081,-5763.583826053613
988,3,PPO-MADRL,-4941.863527063737,-5711.9121611654255
989,3,PPO-MADRL,-4799.024680503846,-5698.1832929835155
990,3,PPO-MADRL,-5437.621234929402,-5644.565405725764
991,3,PPO-MADRL,-5435.714802355747,-5651.385032822222
992,3,PPO-MADRL,-5037.520529212089,-5636.395259388052
993,3,PPO-MADRL,-5031.980932071797,-5632.980483808013
994,3,PPO-MADRL,-5791.163109647254,-5627.654800001765
995,3,PPO-MADRL,-3181.3615889518387,-5503.3162082139925
996,3,PPO-MADRL,-5968.182621537524,-5488.061205768349
997,3,PPO-MADRL,-5153.589844130456,-5429.817549781472
998,3,PPO-MADRL,-5034.041384672439,-5421.186403122927
999,3,PPO-MADRL,-6237.650131351391,-5441.040093379032
1000,3,PPO-MADRL,-5655.394998732163,-5448.277478135693
1001,3,PPO-MADRL,-5600.700999604303,-5600.700999604303
1002,3,PPO-MADRL,-5604.212716124301,-5602.456857864302
1003,3,PPO-MADRL,-5782.182432256658,-5662.365382661755
1004,3,PPO-MADRL,-5158.356527595173,-5536.363168895109
1005,3,PPO-MADRL,-6250.214153486131,-5679.1333658133135
1006,3,PPO-MADRL,-5856.127673829668,-5708.6324171493725
1007,3,PPO-MADRL,-5789.517140224191,-5720.187377588632
1008,3,PPO-MADRL,-6670.791373956755,-5839.012877134648
1009,3,PPO-MADRL,-7270.608334502907,-5998.079039064454
1010,3,PPO-MADRL,-5270.1647837745095,-5925.28761353546
1011,3,PPO-MADRL,-5966.560775841127,-5929.039719199612
1012,3,PPO-MADRL,-5499.970622642881,-5893.283961153217
1013,3,PPO-MADRL,-5453.9950887069135,-5859.492509426578
1014,3,PPO-MADRL,-6089.36490718469,-5875.9119664093005
1015,3,PPO-MADRL,-6577.757102733747,-5922.701642164264
1016,3,PPO-MADRL,-6872.058911302989,-5982.036471485434
1017,3,PPO-MADRL,-5720.622115757642,-5966.659156442623
1018,3,PPO-MADRL,-5478.938486527684,-5939.563563669571
1019,3,PPO-MADRL,-5106.697909330871,-5895.7285292306915
1020,3,PPO-MADRL,-5932.657293998435,-5897.574967469079
1021,3,PPO-MADRL,-5534.73373739869,-5880.296813656203
1022,3,PPO-MADRL,-6368.582502149106,-5902.491617678607
1023,3,PPO-MADRL,-5939.033508100899,-5904.080395523055
1024,3,PPO-MADRL,-4582.30631608982,-5849.00647554667
1025,3,PPO-MADRL,-4476.362340856822,-5794.100710159077
1026,3,PPO-MADRL,-5565.147086857883,-5792.67855364922
1027,3,PPO-MADRL,-4691.65795051613,-5756.176363024892
1028,3,PPO-MADRL,-5988.593696448792,-5764.432813592579
1029,3,PPO-MADRL,-6311.742747460237,-5810.568262387181
1030,3,PPO-MADRL,-5973.325064612849,-5799.4926988322495
1031,3,PPO-MADRL,-5970.490640257802,-5804.067217489375
1032,3,PPO-MADRL,-4443.585797056289,-5750.229963762659
1033,3,PPO-MADRL,-6094.7766973272655,-5727.18937669748
1034,3,PPO-MADRL,-5934.971646646785,-5673.763909183235
1035,3,PPO-MADRL,-5678.818175717378,-5690.1100448609495
1036,3,PPO-MADRL,-5248.181058603177,-5661.374856171431
1037,3,PPO-MADRL,-5832.495304591634,-5674.67584344938
1038,3,PPO-MADRL,-6239.279149547734,-5706.087205883015
1039,3,PPO-MADRL,-6892.08315422576,-5738.1959357646565
1040,3,PPO-MADRL,-6288.137456495664,-5726.611149915133
1041,3,PPO-MADRL,-5052.232446978994,-5653.818091342173
1042,3,PPO-MADRL,-5603.493332872944,-5649.132940026786
1043,3,PPO-MADRL,-5430.172200364637,-5647.182288580263
1044,3,PPO-MADRL,-5684.483973636069,-5670.293731152472
1045,3,PPO-MADRL,-4737.968598692193,-5622.506183340222
1046,3,PPO-MADRL,-4466.160877424065,-5579.763268941237
1047,3,PPO-MADRL,-5423.433204253627,-5541.9572970254185
1048,3,PPO-MADRL,-4226.353582319814,-5473.450099994175
1049,3,PPO-MADRL,-6273.913475857009,-5541.114386384862
1050,3,PPO-MADRL,-6169.993506689572,-5608.859633018172
1051,3,PPO-MADRL,-4164.885351013096,-5552.849163584381
1052,3,PPO-MADRL,-5139.684770642397,-5570.770236389432
1053,3,PPO-MADRL,-5412.899937085136,-5547.742486014886
1054,3,PPO-MADRL,-5272.523114843834,-5506.173700710229
1055,3,PPO-MADRL,-5656.403160639175,-5493.496824551283
1056,3,PPO-MADRL,-6019.204057930079,-5495.445361258174
1057,3,PPO-MADRL,-6426.455660006235,-5574.760155776171
1058,3,PPO-MADRL,-4799.230107015474,-5522.938292163699
1059,3,PPO-MADRL,-4707.998993511705,-5473.859386038296
1060,3,PPO-MADRL,-6059.3994256007545,-5489.0826360336305
1061,3,PPO-MADRL,-5631.587876857648,-5504.418908763811
1062,3,PPO-MADRL,-4850.54322283494,-5465.140825493543
1063,3,PPO-MADRL,-7145.046046464931,-5501.371501370229
1064,3,PPO-MADRL,-5042.554536740205,-5427.390356670808
1065,3,PPO-MADRL,-6118.274310383595,-5420.595830826325
1066,3,PPO-MADRL,-5334.821862784635,-5431.899407458551
1067,3,PPO-MADRL,-5270.845725365175,-5418.59350315824
1068,3,PPO-MADRL,-5806.182799142555,-5433.633927109357
1069,3,PPO-MADRL,-5861.533178380656,-5440.715895299141
1070,3,PPO-MADRL,-5368.765569013397,-5465.947774111988
1071,3,PPO-MADRL,-5254.209795306242,-5497.469730827275
1072,3,PPO-MADRL,-7098.430940539036,-5564.469640278691
1073,3,PPO-MADRL,-4359.423554788118,-5569.792439177424
1074,3,PPO-MADRL,-5948.984404847935,-5556.795276337061
1075,3,PPO-MADRL,-5581.157392890047,-5533.24183178508
1076,3,PPO-MADRL,-6911.1239040167575,-5643.091373905228
1077,3,PPO-MADRL,-5494.932819217687,-5657.301295848239
1078,3,PPO-MADRL,-5684.973094763207,-5668.184222155362
1079,3,PPO-MADRL,-6279.83691324072,-5708.476774091237
1080,3,PPO-MADRL,-5431.530654028755,-5699.4818738268195
1081,3,PPO-MADRL,-6096.770657598485,-5702.5845378135555
1082,3,PPO-MADRL,-5468.0783185903165,-5664.249444156919
1083,3,PPO-MADRL,-5296.523423073205,-5684.141176799229
1084,3,PPO-MADRL,-4862.885113000442,-5690.336621578778
1085,3,PPO-MADRL,-4274.078038309412,-5618.923766087124
1086,3,PPO-MADRL,-5202.46976135519,-5601.759041467026
1087,3,PPO-MADRL,-5415.727143046588,-5624.366398275492
1088,3,PPO-MADRL,-5801.696900097114,-5570.632432420779
1089,3,PPO-MADRL,-5406.443457170226,-5585.187989237979
1090,3,PPO-MADRL,-6023.326384315185,-5581.390072195243
1091,3,PPO-MADRL,-6100.473801803441,-5612.016149755996
1092,3,PPO-MADRL,-4354.092750386609,-5575.346030756853
1093,3,PPO-MADRL,-6126.332518262609,-5588.152019521654
1094,3,PPO-MADRL,-5822.483285627573,-5586.590023811532
1095,3,PPO-MADRL,-4460.10479191996,-5550.243592727795
1096,3,PPO-MADRL,-6913.606184067414,-5616.619448278241
1097,3,PPO-MADRL,-5333.197584387581,-5546.010114032184
1098,3,PPO-MADRL,-6364.096617511802,-5626.19703654113
1099,3,PPO-MADRL,-5794.242176745127,-5620.007347417018
1100,3,PPO-MADRL,-5638.158954036006,-5622.287409862856
1101,3,PPO-MADRL,-5776.301057241409,-5576.894495991842
1102,3,PPO-MADRL,-5421.888583920066,-5573.972726579937
1103,3,PPO-MADRL,-5978.00116734664,-5585.693849483275
1104,3,PPO-MADRL,-5378.47898555051,-5549.639532375666
1105,3,PPO-MADRL,-5311.137189691191,-5544.823793802164
1106,3,PPO-MADRL,-5695.190162379939,-5528.7605739934215
1107,3,PPO-MADRL,-4737.73763838561,-5499.546946785234
1108,3,PPO-MADRL,-4705.915129242918,-5475.922615032023
1109,3,PPO-MADRL,-7347.996261229498,-5575.3270609611845
1110,3,PPO-MADRL,-7126.921331769618,-5689.440792699593
1111,3,PPO-MADRL,-5154.403504639071,-5687.518142430948
1112,3,PPO-MADRL,-5725.76298548092,-5699.919576128321
1113,3,PPO-MADRL,-6414.520463861935,-5724.432518678914
1114,3,PPO-MADRL,-6696.318317635437,-5776.027513097522
1115,3,PPO-MADRL,-5500.865510182899,-5755.1290781322305
1116,3,PPO-MADRL,-5669.860598678215,-5737.904550007222
1117,3,PPO-MADRL,-4575.90516941026,-5746.7770467681685
1118,3,PPO-MADRL,-4917.770537548666,-5698.434567539611
1119,3,PPO-MADRL,-5151.821224908794,-5671.608085110859
1120,3,PPO-MADRL,-5287.021002176523,-5704.684733521121
1121,3,PPO-MADRL,-5894.970248913893,-5663.9392961149815
1122,3,PPO-MADRL,-5590.092117291019,-5674.2150774311185
1123,3,PPO-MADRL,-5959.006100999046,-5658.011456770608
1124,3,PPO-MADRL,-6081.184013374006,-5669.489130235763
1125,3,PPO-MADRL,-6656.563078681764,-5710.225295221594
1126,3,PPO-MADRL,-5622.256151400772,-5704.063498987967
1127,3,PPO-MADRL,-5387.202212511489,-5702.6760441316255
1128,3,PPO-MADRL,-5419.683860083955,-5680.343351841118
1129,3,PPO-MADRL,-6847.418448568133,-5739.100930361822
1130,3,PPO-MADRL,-5200.624316384161,-5734.680415429541
1131,3,PPO-MADRL,-6196.411255091858,-5754.729259138019
1132,3,PPO-MADRL,-5504.934357473434,-5785.417127901531
1133,3,PPO-MADRL,-5690.800464134309,-5824.812541297187
1134,3,PPO-MADRL,-5683.084906191827,-5758.21608709568
1135,3,PPO-MADRL,-5605.73713124542,-5697.368719074712
1136,3,PPO-MADRL,-6027.533496240047,-5732.293918738752
1137,3,PPO-MADRL,-6472.050290096088,-5762.145410923358
1138,3,PPO-MADRL,-5524.200794175622,-5726.532624135905
1139,3,PPO-MADRL,-5839.474848659362,-5692.258885376862
1140,3,PPO-MADRL,-4340.190245876284,-5645.831874804598
1141,3,PPO-MADRL,-5872.885724788545,-5653.952879849011
1142,3,PPO-MADRL,-5446.916492042987,-5688.79333275432
1143,3,PPO-MADRL,-6932.762425058011,-5769.393008254694
1144,3,PPO-MADRL,-6059.072159265663,-5805.683045628968
1145,3,PPO-MADRL,-5603.406716832681,-5818.338474215216
1146,3,PPO-MADRL,-6395.077680732626,-5838.342771487964
1147,3,PPO-MADRL,-6285.160762048815,-5866.145517278276
1148,3,PPO-MADRL,-6036.812366752568,-5869.257767908417
1149,3,PPO-MADRL,-3412.7790026752573,-5762.521567480468
1150,3,PPO-MADRL,-4812.37589754856,-5688.75408023514
1151,3,PPO-MADRL,-4568.64844361996,-5646.609771923907
1152,3,PPO-MADRL,-4967.788788569905,-5629.833234966242
1153,3,PPO-MADRL,-6695.991510010299,-5680.885540963297
1154,3,PPO-MADRL,-6121.383928547705,-5651.844160162481
1155,3,PPO-MADRL,-6282.6166668118585,-5695.123854179587
1156,3,PPO-MADRL,-5973.932499137057,-5686.224703941395
1157,3,PPO-MADRL,-5956.498057871795,-5704.28725195733
1158,3,PPO-MADRL,-5142.706089156047,-5682.3634769581995
1159,3,PPO-MADRL,-4938.077975592496,-5652.563199734227
1160,3,PPO-MADRL,-5873.350728877372,-5663.267743639505
1161,3,PPO-MADRL,-5472.079126964345,-5641.049568868476
1162,3,PPO-MADRL,-5670.12949047636,-5608.9727368836875
1163,3,PPO-MADRL,-5713.457892157863,-5616.5430208029775
1164,3,PPO-MADRL,-5865.300574095829,-5617.576049820436
1165,3,PPO-MADRL,-5690.855542963077,-5671.602661703906
1166,3,PPO-MADRL,-5209.0540467329065,-5645.0493945816825
1167,3,PPO-MADRL,-5085.061787098124,-5630.575206383887
1168,3,PPO-MADRL,-5905.809384340488,-5589.497084755186
1169,3,PPO-MADRL,-6017.365768730728,-5587.8288291337885
1170,3,PPO-MADRL,-5815.263483137563,-5596.303099785984
1171,3,PPO-MADRL,-6191.169015735261,-5588.14675318609
1172,3,PPO-MADRL,-4386.873057883817,-5512.21524501949
1173,3,PPO-MADRL,-4825.525085615098,-5463.76375377399
1174,3,PPO-MADRL,-4359.151819660164,-5501.618666453387
1175,3,PPO-MADRL,-5432.950412766948,-5526.441647062123
1176,3,PPO-MADRL,-4848.0553684079205,-5537.617924053641
1177,3,PPO-MADRL,-5014.131869788993,-5539.471647302405
1178,3,PPO-MADRL,-5863.552542630194,-5506.174088607201
1179,3,PPO-MADRL,-6167.897103464598,-5508.034615603875
1180,3,PPO-MADRL,-6066.051901551702,-5499.37202499347
1181,3,PPO-MADRL,-5172.206745412159,-5467.302994844474
1182,3,PPO-MADRL,-5457.046159005293,-5447.324918889814
1183,3,PPO-MADRL,-5425.858743769301,-5458.651025074344
1184,3,PPO-MADRL,-5769.877161327547,-5491.922992503747
1185,3,PPO-MADRL,-4458.469683748244,-5435.3277506985805
1186,3,PPO-MADRL,-5855.689354377459,-5450.6721597951055
1187,3,PPO-MADRL,-5184.444570377316,-5431.244762991144
1188,3,PPO-MADRL,-5690.878282779845,-5430.341578616022
1189,3,PPO-MADRL,-5940.756523194366,-5433.359816579964
1190,3,PPO-MADRL,-5014.966693312766,-5406.324262593952
1191,3,PPO-MADRL,-6372.5161720875885,-5452.862747608139
1192,3,PPO-MADRL,-6072.583593340003,-5492.363619857814
1193,3,PPO-MADRL,-5333.059142845368,-5469.453610198008
1194,3,PPO-MADRL,-6433.349651943061,-5486.092965526503
1195,3,PPO-MADRL,-5850.825996841867,-5487.515466074676
1196,3,PPO-MADRL,-4721.373373533753,-5428.7236403866145
1197,3,PPO-MADRL,-4652.447659365174,-5439.346624445869
1198,3,PPO-MADRL,-4762.81375805878,-5436.838171343617
1199,3,PPO-MADRL,-4950.854303147278,-5460.5062706831
1200,3,PPO-MADRL,-6272.142749206473,-5494.073964140682
1201,3,PPO-MADRL,-5579.03288481566,-5523.313064796991
1202,3,PPO-MADRL,-6313.915721778014,-5575.3044188765525
1203,3,PPO-MADRL,-6280.465197258272,-5591.9809250616745
1204,3,PPO-MADRL,-5963.711171555513,-5583.813487785313
1205,3,PPO-MADRL,-5572.984840200901,-5564.09080533128
1206,3,PPO-MADRL,-5388.735082776791,-5572.751938825865
1207,3,PPO-MADRL,-5979.055231627107,-5593.632301730737
1208,3,PPO-MADRL,-5768.32459829614,-5607.330935911811
1209,3,PPO-MADRL,-5353.632380108933,-5590.681144663066
1210,3,PPO-MADRL,-5049.510019754046,-5614.3227581033
1211,3,PPO-MADRL,-4949.243175064601,-5578.064910930784
1212,3,PPO-MADRL,-4913.923151616532,-5567.2440541803535
1213,3,PPO-MADRL,-6165.335818722837,-5586.2223556180725
1214,3,PPO-MADRL,-6100.3431177146185,-5592.605819398883
1215,3,PPO-MADRL,-5934.367848800683,-5629.3818656184
1216,3,PPO-MADRL,-5410.177641067794,-5590.888324377608
1217,3,PPO-MADRL,-6465.986495600948,-5606.624440468046
1218,3,PPO-MADRL,-4883.0702598305415,-5588.624885147453
1219,3,PPO-MADRL,-5517.865923398435,-5552.005536005669
1220,3,PPO-MADRL,-4741.268542275113,-5507.623237822998
1221,3,PPO-MADRL,-5816.045776549705,-5551.410133943636
1222,3,PPO-MADRL,-6302.324416857549,-5617.40520424333
1223,3,PPO-MADRL,-5942.876646605823,-5664.607719785213
1224,3,PPO-MADRL,-5012.022063667847,-5667.054430206035
1225,3,PPO-MADRL,-4455.438984880256,-5594.386279632986
1226,3,PPO-MADRL,-5260.888048523208,-5581.660486181288
1227,3,PPO-MADRL,-5632.89237495654,-5554.419552308429
1228,3,PPO-MADRL,-6023.008493201862,-5544.121284146174
1229,3,PPO-MADRL,-6540.457777756388,-5567.191148394208
1230,3,PPO-MADRL,-4947.314931676292,-5542.164352053223
1231,3,PPO-MADRL,-4870.568995345895,-5521.437708555988
1232,3,PPO-MADRL,-5480.75790269664,-5501.50581539877
1233,3,PPO-MADRL,-5698.444999496297,-5498.710631446776
1234,3,PPO-MADRL,-5673.097426361397,-5511.489233296875
1235,3,PPO-MADRL,-7335.061507180699,-5602.9112927939395
1236,3,PPO-MADRL,-5553.687627621145,-5627.089070896202
1237,3,PPO-MADRL,-5131.887515433924,-5635.807645448898
1238,3,PPO-MADRL,-4798.074618274021,-5581.117197430945
1239,3,PPO-MADRL,-6220.441946305983,-5585.921150574599
1240,3,PPO-MADRL,-5214.450369132335,-5557.1244513878655
1241,3,PPO-MADRL,-4437.228422091876,-5518.206482628829
1242,3,PPO-MADRL,-5039.144530638041,-5461.132804030312
1243,3,PPO-MADRL,-5663.084105760288,-5492.333357867502
1244,3,PPO-MADRL,-6002.89650760023,-5511.734581235574
1245,3,PPO-MADRL,-7292.380226348663,-5613.779048598516
1246,3,PPO-MADRL,-5657.889889447839,-5607.452813114442
1247,3,PPO-MADRL,-3641.5217299501246,-5501.020705638145
1248,3,PPO-MADRL,-6189.537545329868,-5510.887141587105
1249,3,PPO-MADRL,-4948.413041214864,-5508.342780688987
1250,3,PPO-MADRL,-4747.3093442136105,-5520.0175950623225
1251,3,PPO-MADRL,-5432.927766894901,-5526.899183797189
1252,3,PPO-MADRL,-6546.846938553868,-5563.457366341082
1253,3,PPO-MADRL,-5378.350580505839,-5537.67104983324
1254,3,PPO-MADRL,-5237.759087656643,-5485.563102229252
1255,3,PPO-MADRL,-5182.230972169455,-5494.959743848977
1256,3,PPO-MADRL,-6355.403938749081,-5554.353141585106
1257,3,PPO-MADRL,-6245.622870183139,-5584.947740284564
1258,3,PPO-MADRL,-5710.7791288296185,-5585.441105457899
1259,3,PPO-MADRL,-4703.984852576794,-5546.676602506514
1260,3,PPO-MADRL,-4714.201707522428,-5441.8422105201835
1261,3,PPO-MADRL,-4862.603389507,-5414.1988409956175
1262,3,PPO-MADRL,-5714.907704838119,-5437.519648571785
1263,3,PPO-MADRL,-5122.930586767043,-5450.513887311506
1264,3,PPO-MADRL,-5245.423330619646,-5411.513142684052
1265,3,PPO-MADRL,-5071.5761950666965,-5405.798175721427
1266,3,PPO-MADRL,-7327.570741461616,-5521.411868496216
1267,3,PPO-MADRL,-4835.01667686532,-5513.246754345309
1268,3,PPO-MADRL,-6098.893908320715,-5530.679146447725
1269,3,PPO-MADRL,-4657.4675510344405,-5476.861988185093
1270,3,PPO-MADRL,-4995.345012639671,-5384.980579636734
1271,3,PPO-MADRL,-4495.058846906154,-5338.467337935066
1272,3,PPO-MADRL,-5781.171570670997,-5424.053331563901
1273,3,PPO-MADRL,-4585.742273042533,-5359.901520672408
1274,3,PPO-MADRL,-5978.601223971209,-5401.109047982662
1275,3,PPO-MADRL,-5094.571463319517,-5414.999532746897
1276,3,PPO-MADRL,-5827.534781329204,-5430.783813324269
1277,3,PPO-MADRL,-5556.372175226799,-5391.164822791187
1278,3,PPO-MADRL,-5702.626378593155,-5404.135854714679
1279,3,PPO-MADRL,-5360.200209408893,-5409.03349958477
1280,3,PPO-MADRL,-4926.762389553502,-5398.814756280131
1281,3,PPO-MADRL,-6327.216488734588,-5397.687258279551
1282,3,PPO-MADRL,-5661.646605939719,-5374.328207709815
1283,3,PPO-MADRL,-4559.141922870263,-5328.2627194714405
1284,3,PPO-MADRL,-5200.071213514764,-5348.10617390896
1285,3,PPO-MADRL,-5932.220899861969,-5396.8269416025405
1286,3,PPO-MADRL,-4658.787066441995,-5388.674288679941
1287,3,PPO-MADRL,-4782.540303893768,-5351.379592642167
1288,3,PPO-MADRL,-5957.642403997753,-5384.7680653313955
1289,3,PPO-MADRL,-6627.21017499384,-5440.039539106364
1290,3,PPO-MADRL,-6019.151457078704,-5477.942549586844
1291,3,PPO-MADRL,-5294.148227669391,-5396.605649035155
1292,3,PPO-MADRL,-5061.1210672779325,-5405.649824651659
1293,3,PPO-MADRL,-4924.587874342302,-5358.677583292522
1294,3,PPO-MADRL,-5519.49687261476,-5393.158756155735
1295,3,PPO-MADRL,-5894.156447514231,-5429.111213550717
1296,3,PPO-MADRL,-4924.1809135603735,-5446.276096216887
1297,3,PPO-MADRL,-5760.840969814454,-5445.462872182625
1298,3,PPO-MADRL,-4903.831897109393,-5458.186457145299
1299,3,PPO-MADRL,-5878.690510959665,-5454.190028624837
1300,3,PPO-MADRL,-5726.727629513085,-5479.47627527258
1301,3,PPO-MADRL,-6564.019567134357,-5508.935666704787
1302,3,PPO-MADRL,-4480.779649671207,-5465.911965682562
1303,3,PPO-MADRL,-4919.506240350278,-5434.587160152848
1304,3,PPO-MADRL,-6712.399497073774,-5488.675131659443
1305,3,PPO-MADRL,-4842.380750697541,-5485.299866105204
1306,3,PPO-MADRL,-5097.966108914496,-5436.129850912402
1307,3,PPO-MADRL,-5023.267309211778,-5410.594679043284
1308,3,PPO-MADRL,-5048.5270190651445,-5430.170082891078
1309,3,PPO-MADRL,-5200.647748115194,-5430.193144275096
1310,3,PPO-MADRL,-5845.3226673765,-5426.717214975677
1311,3,PPO-MADRL,-7114.216198964068,-5524.93438027656
1312,3,PPO-MADRL,-5530.321918794834,-5554.845644872602
1313,3,PPO-MADRL,-7561.387042733978,-5618.995430422052
1314,3,PPO-MADRL,-5349.968566752357,-5567.905766092392
1315,3,PPO-MADRL,-4314.776124151943,-5499.730752775322
1316,3,PPO-MADRL,-4881.468577120704,-5483.223566753373
1317,3,PPO-MADRL,-3658.820416717132,-5427.131540730942
1318,3,PPO-MADRL,-5288.232515852249,-5441.677326391339
1319,3,PPO-MADRL,-5351.045891730989,-5434.9392871559885
1320,3,PPO-MADRL,-5517.284906619646,-5419.864425520205
1321,3,PPO-MADRL,-5058.414376463062,-5425.233764036313
1322,3,PPO-MADRL,-6396.499224655263,-5450.660094229946
1323,3,PPO-MADRL,-5533.28952985136,-5475.838399539623
1324,3,PPO-MADRL,-4988.331317726166,-5440.224031810284
1325,3,PPO-MADRL,-4543.691792010002,-5392.902598310161
1326,3,PPO-MADRL,-5780.384028292222,-5361.557176756476
1327,3,PPO-MADRL,-4630.664706693893,-5367.552579037383
1328,3,PPO-MADRL,-6394.711878715887,-5426.560804572007
1329,3,PPO-MADRL,-5086.117259909133,-5361.509515085421
1330,3,PPO-MADRL,-5075.86249306168,-5370.848784779988
1331,3,PPO-MADRL,-5401.390930583415,-5382.985777646744
1332,3,PPO-MADRL,-5647.228333541325,-5407.944218619926
1333,3,PPO-MADRL,-5142.273740429009,-5411.69408747448
1334,3,PPO-MADRL,-4155.799217391384,-5369.900146245528
1335,3,PPO-MADRL,-4704.735543257715,-5324.276661280776
1336,3,PPO-MADRL,-6006.225280999401,-5279.95702456219
1337,3,PPO-MADRL,-5599.032063795859,-5282.705430362231
1338,3,PPO-MADRL,-5923.261899453844,-5217.180424631026
1339,3,PPO-MADRL,-6406.732462369208,-5259.450980455699
1340,3,PPO-MADRL,-5968.676178506386,-5325.606982629878
1341,3,PPO-MADRL,-4515.812272361254,-5310.980730439499
1342,3,PPO-MADRL,-5194.000748737959,-5372.387943720332
1343,3,PPO-MADRL,-6663.547755890727,-5427.400553321872
1344,3,PPO-MADRL,-4521.06380416973,-5394.201269819421
1345,3,PPO-MADRL,-4687.015394270993,-5360.990489325474
1346,3,PPO-MADRL,-5155.555012950026,-5364.876114784955
1347,3,PPO-MADRL,-4487.861641779384,-5288.530611469919
1348,3,PPO-MADRL,-5316.607802557649,-5279.863342378169
1349,3,PPO-MADRL,-4294.723263561196,-5252.119020211571
1350,3,PPO-MADRL,-5593.185194297272,-5294.098756303062
1351,3,PPO-MADRL,-5766.74541425431,-5293.553211741545
1352,3,PPO-MADRL,-5014.76973473141,-5308.917412863047
1353,3,PPO-MADRL,-5595.797471831243,-5276.960836587661
1354,3,PPO-MADRL,-5455.977702191723,-5291.7552542789645
1355,3,PPO-MADRL,-5482.889513512455,-5308.036335096995
1356,3,PPO-MADRL,-6357.872660962514,-5346.295604312159
1357,3,PPO-MADRL,-5310.74705069227,-5332.836352998196
1358,3,PPO-MADRL,-3960.852750104154,-5285.5795133852025
1359,3,PPO-MADRL,-5962.828510916053,-5357.860685126189
1360,3,PPO-MADRL,-5517.552166586431,-5390.373350059338
1361,3,PPO-MADRL,-6089.312159096598,-5393.696825183226
1362,3,PPO-MADRL,-5407.164359142628,-5386.022116997096
1363,3,PPO-MADRL,-5579.670265084263,-5372.278451622314
1364,3,PPO-MADRL,-5872.249512069651,-5350.899133610331
1365,3,PPO-MADRL,-6828.927077922101,-5385.30916958696
1366,3,PPO-MADRL,-4393.971842137174,-5380.435552377997
1367,3,PPO-MADRL,-4033.10580828231,-5333.99975475977
1368,3,PPO-MADRL,-5613.765153492917,-5292.008450663858
1369,3,PPO-MADRL,-6442.563652614048,-5368.8684446016305
1370,3,PPO-MADRL,-5588.0967466253205,-5404.911698695804
1371,3,PPO-MADRL,-4605.490034511684,-5382.90909955827
1372,3,PPO-MADRL,-5917.9596342195,-5440.113019255875
1373,3,PPO-MADRL,-6274.248212857853,-5478.418635667883
1374,3,PPO-MADRL,-5004.004406375845,-5506.7898813804695
1375,3,PPO-MADRL,-3929.904732960312,-5440.258662926991
1376,3,PPO-MADRL,-4869.090215891847,-5404.352454992492
1377,3,PPO-MADRL,-5226.293179119527,-5412.8133927680165
1378,3,PPO-MADRL,-5112.1772518327525,-5393.468583968077
1379,3,PPO-MADRL,-6090.458240314698,-5418.8478054929965
1380,3,PPO-MADRL,-4731.3093321587485,-5388.784598238848
1381,3,PPO-MADRL,-4803.125988439419,-5326.594731337924
1382,3,PPO-MADRL,-5310.700010573941,-5326.5928497331915
1383,3,PPO-MADRL,-5267.068113157553,-5378.841464255328
1384,3,PPO-MADRL,-4791.902036612289,-5332.004405283176
1385,3,PPO-MADRL,-4862.8290373451255,-5305.815480113524
1386,3,PPO-MADRL,-4468.215835449087,-5240.971627167623
1387,3,PPO-MADRL,-3431.833064845377,-5161.958375395734
1388,3,PPO-MADRL,-4699.304896891437,-5126.7437606680205
1389,3,PPO-MADRL,-5948.068812593337,-5129.776532688968
1390,3,PPO-MADRL,-4413.648791241844,-5033.165401221758
1391,3,PPO-MADRL,-4430.375629308995,-5034.621552708631
1392,3,PPO-MADRL,-4771.001634493445,-5064.137385757076
1393,3,PPO-MADRL,-5694.194043734551,-5067.354541366742
1394,3,PPO-MADRL,-4103.510239405601,-4973.792404838404
1395,3,PPO-MADRL,-5403.475507990719,-4966.407555293019
1396,3,PPO-MADRL,-5697.848581310154,-5010.101897164958
1397,3,PPO-MADRL,-5930.88355297677,-5010.618853915249
1398,3,PPO-MADRL,-5662.084632497954,-4986.132310700853
1399,3,PPO-MADRL,-5845.803320344464,-5019.804267259598
1400,3,PPO-MADRL,-4994.714917563955,-5062.396674643744
1401,3,PPO-MADRL,-4907.569472102457,-5063.935844892168
1402,3,PPO-MADRL,-4977.335583391363,-5053.977541063042
1403,3,PPO-MADRL,-5428.04523483935,-5066.6122603833055
1404,3,PPO-MADRL,-4239.527877874698,-4992.575045885706
1405,3,PPO-MADRL,-5374.064779683074,-5018.285263786678
1406,3,PPO-MADRL,-4769.481737875331,-5016.939493764115
1407,3,PPO-MADRL,-6274.723699973084,-5055.50044134008
1408,3,PPO-MADRL,-6016.119069303953,-5085.462479585936
1409,3,PPO-MADRL,-5252.533913130035,-5103.8877546466465
1410,3,PPO-MADRL,-5549.197687316723,-5131.34250064551
1411,3,PPO-MADRL,-5568.877581836036,-5175.368970500988
1412,3,PPO-MADRL,-5214.262075986504,-5246.6661309466335
1413,3,PPO-MADRL,-5492.817742230374,-5278.406644760191
1414,3,PPO-MADRL,-6015.815773636144,-5281.116523201903
1415,3,PPO-MADRL,-5180.551545341135,-5311.792633365874
1416,3,PPO-MADRL,-6207.196536777785,-5382.865469664626
1417,3,PPO-MADRL,-5758.1537325641575,-5422.351553587455
1418,3,PPO-MADRL,-5530.1774390194205,-5415.790889398849
1419,3,PPO-MADRL,-5120.8614067641165,-5456.484936093191
1420,3,PPO-MADRL,-6450.30262622222,-5498.35802082245
1421,3,PPO-MADRL,-5955.003594394544,-5508.644221345825
1422,3,PPO-MADRL,-7224.274227654523,-5560.379848332936
1423,3,PPO-MADRL,-4946.148266080199,-5531.742393676225
1424,3,PPO-MADRL,-4539.011665935495,-5479.470727499868
1425,3,PPO-MADRL,-4772.110003198015,-5470.566530925229
1426,3,PPO-MADRL,-4855.956917193089,-5468.502028728855
1427,3,PPO-MADRL,-5828.734467140517,-5502.557984078821
1428,3,PPO-MADRL,-4607.395763724937,-5469.732005234244
1429,3,PPO-MADRL,-4767.667815453276,-5490.857602737387
1430,3,PPO-MADRL,-6152.349332413844,-5521.988984846618
1431,3,PPO-MADRL,-5286.76020221663,-5542.68012342027
1432,3,PPO-MADRL,-4591.425804314607,-5475.348207593932
1433,3,PPO-MADRL,-5777.363902113984,-5465.798000906333
1434,3,PPO-MADRL,-5252.368334852665,-5465.791377775238
1435,3,PPO-MADRL,-5036.8639613177365,-5445.2980287352775
1436,3,PPO-MADRL,-4922.669095771199,-5419.4496892926845
1437,3,PPO-MADRL,-5395.135690917805,-5426.684633889937
1438,3,PPO-MADRL,-5659.506912062263,-5433.352200683212
1439,3,PPO-MADRL,-5045.249289784998,-5394.529541329166
1440,3,PPO-MADRL,-4632.720947345866,-5372.616317409355
1441,3,PPO-MADRL,-5916.517942931624,-5360.98917365551
1442,3,PPO-MADRL,-4920.283439673101,-5327.474361939867
1443,3,PPO-MADRL,-5656.167687375035,-5332.513971874091
1444,3,PPO-MADRL,-5173.368298641854,-5334.614247549201
1445,3,PPO-MADRL,-5649.691733685996,-5302.589811847753
1446,3,PPO-MADRL,-3768.2204452058554,-5215.118485880204
1447,3,PPO-MADRL,-6059.019032451561,-5168.508278072086
1448,3,PPO-MADRL,-4850.993136306855,-5164.702072881152
1449,3,PPO-MADRL,-5600.8981084664,-5207.1775305823885
1450,3,PPO-MADRL,-5327.453345714704,-5229.3912642830555
1451,3,PPO-MADRL,-5115.290508065476,-5239.764607917951
1452,3,PPO-MADRL,-4922.5723902861055,-5203.518124843776
1453,3,PPO-MADRL,-5450.655387774078,-5237.2485098057405
1454,3,PPO-MADRL,-4204.539199165098,-5214.723365154214
1455,3,PPO-MADRL,-6496.8499369593455,-5228.503389336034
1456,3,PPO-MADRL,-5440.386654514243,-5234.648447427939
1457,3,PPO-MADRL,-4208.652007888826,-5219.337495570907
1458,3,PPO-MADRL,-4762.082467245433,-5178.726238176165
1459,3,PPO-MADRL,-5472.194473464346,-5187.519283720632
1460,3,PPO-MADRL,-5747.471538798465,-5215.943586819861
1461,3,PPO-MADRL,-5629.724819972465,-5244.225815787911
1462,3,PPO-MADRL,-5600.280439287848,-5252.431605722713
1463,3,PPO-MADRL,-6359.677809861143,-5280.438441634669
1464,3,PPO-MADRL,-4567.034811368851,-5261.309862498023
1465,3,PPO-MADRL,-5436.586457440458,-5293.464482901806
1466,3,PPO-MADRL,-6247.282096737004,-5306.695049054022
1467,3,PPO-MADRL,-4791.392704862175,-5301.539419661584
1468,3,PPO-MADRL,-5851.617442633526,-5309.357409871924
1469,3,PPO-MADRL,-6967.817838674,-5381.13539147321
1470,3,PPO-MADRL,-4701.867641678842,-5343.222427792924
1471,3,PPO-MADRL,-4821.13155467994,-5385.3388721718875
1472,3,PPO-MADRL,-5220.331753554176,-5351.791381015992
1473,3,PPO-MADRL,-5346.214299749152,-5371.600227553684
1474,3,PPO-MADRL,-5205.928805865593,-5355.801455449651
1475,3,PPO-MADRL,-3875.110741616585,-5297.707751285727
1476,3,PPO-MADRL,-5178.092497600044,-5300.21983086711
1477,3,PPO-MADRL,-5904.435463963076,-5339.494353814189
1478,3,PPO-MADRL,-6293.255774315017,-5373.198369275826
1479,3,PPO-MADRL,-6221.032105611507,-5453.858085533682
1480,3,PPO-MADRL,-4237.054146179353,-5363.466253902483
1481,3,PPO-MADRL,-6129.983821775045,-5391.050140592914
1482,3,PPO-MADRL,-4605.456728676092,-5406.922329424406
1483,3,PPO-MADRL,-5304.449599462495,-5428.617014713088
1484,3,PPO-MADRL,-4911.997733649192,-5406.2091451204815
1485,3,PPO-MADRL,-5873.623100107447,-5411.255207572842
1486,3,PPO-MADRL,-5455.474532738699,-5404.2851960834905
1487,3,PPO-MADRL,-4234.449746990903,-5349.651968391612
1488,3,PPO-MADRL,-4947.31933982207,-5293.1576295900495
1489,3,PPO-MADRL,-5704.909238503051,-5338.672606675417
1490,3,PPO-MADRL,-7663.202111821319,-5427.737232850653
1491,3,PPO-MADRL,-6091.631518068696,-5421.51120970392
1492,3,PPO-MADRL,-4145.40788894789,-5395.6718170673485
1493,3,PPO-MADRL,-5168.205886174106,-5368.335354808972
1494,3,PPO-MADRL,-8183.81247109073,-5416.975140105641
1495,3,PPO-MADRL,-5855.245827684031,-5463.110267545849
1496,3,PPO-MADRL,-3982.961547115861,-5429.583467243285
1497,3,PPO-MADRL,-5711.847625411596,-5449.244102117582
1498,3,PPO-MADRL,-5894.2304618869575,-5471.164748603094
1499,3,PPO-MADRL,-4858.870522326143,-5457.282417261516
1500,3,PPO-MADRL,-6572.473698791266,-5565.176935548503
1,3,A2C-MADRL,-7625.019790821091,-7625.019790821091
2,3,A2C-MADRL,-9073.140550922311,-8349.0801708717
3,3,A2C-MADRL,-6205.168385661702,-7634.442909135035
4,3,A2C-MADRL,-6868.504582078624,-7442.958327370932
5,3,A2C-MADRL,-6270.065441404122,-7208.37975017757
6,3,A2C-MADRL,-6603.216166305876,-7107.519152865621
7,3,A2C-MADRL,-8402.032457753334,-7292.449624992437
8,3,A2C-MADRL,-9116.565505897066,-7520.464110105516
9,3,A2C-MADRL,-7447.165781041149,-7512.319851320586
10,3,A2C-MADRL,-8202.656662766363,-7581.353532465163
11,3,A2C-MADRL,-7623.146261751794,-7585.152871491221
12,3,A2C-MADRL,-6334.60548845128,-7480.940589571226
13,3,A2C-MADRL,-8316.84271843462,-7545.240753329949
14,3,A2C-MADRL,-7913.333355909701,-7571.533082085645
15,3,A2C-MADRL,-7723.791255677856,-7581.683626991793
16,3,A2C-MADRL,-8850.40287446354,-7660.978579958777
17,3,A2C-MADRL,-6410.561593752209,-7587.424639593685
18,3,A2C-MADRL,-8241.55338538602,-7623.765125471036
19,3,A2C-MADRL,-5690.509337973233,-7522.014820865888
20,3,A2C-MADRL,-7533.765197122434,-7522.602339678716
21,3,A2C-MADRL,-7836.420466083797,-7537.54605998372
22,3,A2C-MADRL,-6973.509390693378,-7511.908029561431
23,3,A2C-MADRL,-6510.844108787772,-7468.383511266924
24,3,A2C-MADRL,-9539.520137974258,-7554.680870713063
25,3,A2C-MADRL,-8619.754158383028,-7597.283802219862
26,3,A2C-MADRL,-7002.874008303835,-7572.397970919172
27,3,A2C-MADRL,-10707.10524046818,-7637.756558501007
28,3,A2C-MADRL,-7061.5896697287335,-7672.013409863687
29,3,A2C-MADRL,-6546.77306396504,-7659.144149139145
30,3,A2C-MADRL,-6566.730346727885,-7671.010745352094
31,3,A2C-MADRL,-7344.460042830029,-7700.6605004130615
32,3,A2C-MADRL,-8780.567035809203,-7715.801883535296
33,3,A2C-MADRL,-9498.995235037984,-7731.099072700932
34,3,A2C-MADRL,-7736.19859301503,-7742.660385179887
35,3,A2C-MADRL,-6734.078583721235,-7683.917262018083
36,3,A2C-MADRL,-8243.4586237946,-7708.729756499795
37,3,A2C-MADRL,-7880.500170099806,-7770.565543765737
38,3,A2C-MADRL,-8185.641416078067,-7765.317491671474
39,3,A2C-MADRL,-7874.402687868463,-7763.760264949824
40,3,A2C-MADRL,-9203.241046963964,-7822.93825660127
41,3,A2C-MADRL,-6715.343860118797,-7737.535896027479
42,3,A2C-MADRL,-8374.846196846262,-7816.107280151241
43,3,A2C-MADRL,-6238.367788674615,-7735.979856282785
44,3,A2C-MADRL,-9329.628167432154,-7881.5446094611425
45,3,A2C-MADRL,-7542.304929049317,-7881.886198738217
46,3,A2C-MADRL,-6835.509166658254,-7841.849746761195
47,3,A2C-MADRL,-7144.176016834314,-7848.676411806834
48,3,A2C-MADRL,-6154.894593779828,-7834.438431206516
49,3,A2C-MADRL,-6677.018141707763,-7719.938351355855
50,3,A2C-MADRL,-7390.003116765213,-7670.748309691143
51,3,A2C-MADRL,-7789.019492554782,-7702.194129061181
52,3,A2C-MADRL,-9327.074773748118,-7646.992910392378
53,3,A2C-MADRL,-8240.864003714212,-7694.1638837517985
54,3,A2C-MADRL,-8542.435275161493,-7773.990372199656
55,3,A2C-MADRL,-9821.641493354877,-7904.186818064735
56,3,A2C-MADRL,-7561.720143341432,-7912.8772220851915
57,3,A2C-MADRL,-7562.255585218807,-7864.144764061576
58,3,A2C-MADRL,-6383.895201775243,-7739.540762731066
59,3,A2C-MADRL,-7052.699643746239,-7712.200804760314
60,3,A2C-MADRL,-7746.329246263755,-7752.690831262015
61,3,A2C-MADRL,-8135.599455257738,-7748.37646452054
62,3,A2C-MADRL,-8409.621255730932,-7769.541307945785
63,3,A2C-MADRL,-9477.421043854712,-7821.212493056852
64,3,A2C-MADRL,-7090.8188889329695,-7789.869141099432
65,3,A2C-MADRL,-8120.246828833873,-7746.549372374229
66,3,A2C-MADRL,-8820.970488868443,-7830.774437524213
67,3,A2C-MADRL,-7752.008443360283,-7805.860927384775
68,3,A2C-MADRL,-7533.955513502131,-7857.684436377876
69,3,A2C-MADRL,-7250.679373095883,-7774.526484604425
70,3,A2C-MADRL,-7526.795382119501,-7773.906102727231
71,3,A2C-MADRL,-5487.889332777534,-7720.001309372003
72,3,A2C-MADRL,-7590.667993266538,-7737.860988429291
73,3,A2C-MADRL,-5777.743803172131,-7722.774956804984
74,3,A2C-MADRL,-7801.601287801246,-7767.758282648724
75,3,A2C-MADRL,-7928.238880286884,-7789.287713189589
76,3,A2C-MADRL,-8610.600311744909,-7822.150945957196
77,3,A2C-MADRL,-8231.556912047427,-7778.330231489168
78,3,A2C-MADRL,-9019.78893057759,-7809.487228563703
79,3,A2C-MADRL,-7876.850919240209,-7782.863854326852
80,3,A2C-MADRL,-7870.37756628458,-7704.813297244039
81,3,A2C-MADRL,-6666.0949039934,-7668.988287670119
82,3,A2C-MADRL,-7997.298933724614,-7686.390021610351
83,3,A2C-MADRL,-5926.5183875981975,-7668.094949043269
84,3,A2C-MADRL,-8384.722020933916,-7721.375844130776
85,3,A2C-MADRL,-8052.226403170813,-7733.611730407058
86,3,A2C-MADRL,-7294.36899636365,-7699.962512051295
87,3,A2C-MADRL,-7362.8753192314525,-7658.092674591316
88,3,A2C-MADRL,-8565.552753386422,-7621.6179429725835
89,3,A2C-MADRL,-7459.261256772586,-7636.355637686169
90,3,A2C-MADRL,-7189.7160473803,-7599.134406428025
91,3,A2C-MADRL,-6868.716990518269,-7521.044266494019
92,3,A2C-MADRL,-8239.409149064182,-7540.540294722175
93,3,A2C-MADRL,-6863.20582987783,-7513.710307377202
94,3,A2C-MADRL,-6803.465525255779,-7495.821753463599
95,3,A2C-MADRL,-7318.623248818871,-7487.494868131574
96,3,A2C-MADRL,-9343.64053600495,-7641.724916260671
97,3,A2C-MADRL,-7392.154492272748,-7633.784376220919
98,3,A2C-MADRL,-7407.206362307992,-7698.962878586353
99,3,A2C-MADRL,-7254.304748876028,-7677.071017029343
100,3,A2C-MADRL,-8096.82505469094,-7683.814464005507
101,3,A2C-MADRL,-6328.022991436645,-7592.511371193175
102,3,A2C-MADRL,-6209.188036511861,-7511.616616171753
103,3,A2C-MADRL,-7963.641313389699,-7469.370711484237
104,3,A2C-MADRL,-9533.513480225787,-7535.63721392366
105,3,A2C-MADRL,-6661.8582830394025,-7487.296442593854
106,3,A2C-MADRL,-7291.140082036129,-7512.298249715562
107,3,A2C-MADRL,-9050.538570918936,-7554.427835203334
108,3,A2C-MADRL,-9298.537566901085,-7689.308602375451
109,3,A2C-MADRL,-6073.937469364404,-7596.87722031267
110,3,A2C-MADRL,-7083.78623088886,-7558.139613421393
111,3,A2C-MADRL,-8358.864656819847,-7600.7194398396405
112,3,A2C-MADRL,-8383.095077763826,-7641.528230180936
113,3,A2C-MADRL,-8210.484482084743,-7627.325499328867
114,3,A2C-MADRL,-9364.797716536605,-7703.546957719428
115,3,A2C-MADRL,-7009.122903061792,-7696.323231946689
116,3,A2C-MADRL,-7502.408603184983,-7721.670896453357
117,3,A2C-MADRL,-9382.701059270965,-7767.402572861628
118,3,A2C-MADRL,-6848.139491604121,-7766.7999193306805
119,3,A2C-MADRL,-7529.299082774505,-7795.833261631428
120,3,A2C-MADRL,-8665.314010511876,-7849.700892099149
121,3,A2C-MADRL,-7131.089555221484,-7761.19885286781
122,3,A2C-MADRL,-7886.677439041392,-7780.979770738556
123,3,A2C-MADRL,-8494.92317593929,-7824.488443283808
124,3,A2C-MADRL,-7695.698013887811,-7842.144173884279
125,3,A2C-MADRL,-9066.39982609164,-7880.9271647403075
126,3,A2C-MADRL,-7251.977223521974,-7917.88533402372
127,3,A2C-MADRL,-7103.799101771467,-7953.669776634105
128,3,A2C-MADRL,-8086.590228920328,-7958.58773325533
129,3,A2C-MADRL,-8363.626287874304,-7911.792245561271
130,3,A2C-MADRL,-9089.583542142636,-8008.901255925399
131,3,A2C-MADRL,-6815.149512635603,-7989.861633149379
132,3,A2C-MADRL,-6268.591507662495,-7878.583750619121
133,3,A2C-MADRL,-6200.238344672644,-7754.651781729984
134,3,A2C-MADRL,-6798.177017320244,-7783.621363648217
135,3,A2C-MADRL,-8418.483052980788,-7837.009236531894
136,3,A2C-MADRL,-7951.460037694645,-7820.713051766886
137,3,A2C-MADRL,-6708.067909831574,-7753.711965049596
138,3,A2C-MADRL,-7210.418302423508,-7713.709317863147
139,3,A2C-MADRL,-7920.145728713346,-7655.923238350216
140,3,A2C-MADRL,-6443.3982496117205,-7633.294252212213
141,3,A2C-MADRL,-7576.577202197701,-7636.260996172723
142,3,A2C-MADRL,-8398.661990674535,-7596.899433428865
143,3,A2C-MADRL,-8177.39817012921,-7650.069780569868
144,3,A2C-MADRL,-5951.306353089467,-7586.950071382468
145,3,A2C-MADRL,-5559.0269944002775,-7462.698590738004
146,3,A2C-MADRL,-8143.63450232536,-7503.200388622158
147,3,A2C-MADRL,-9069.3154885547,-7550.505910602692
148,3,A2C-MADRL,-6286.21413872499,-7462.157549114119
149,3,A2C-MADRL,-6847.767921280894,-7428.240345409842
150,3,A2C-MADRL,-9817.076198685256,-7458.267400313587
151,3,A2C-MADRL,-7080.903694073901,-7451.424459135664
152,3,A2C-MADRL,-6680.263098383955,-7434.483019000163
153,3,A2C-MADRL,-8070.387132591917,-7433.834895147026
154,3,A2C-MADRL,-6450.313764406708,-7357.302394208323
155,3,A2C-MADRL,-7729.966204972621,-7302.917700721522
156,3,A2C-MADRL,-7517.646848620429,-7331.017594160916
157,3,A2C-MADRL,-7361.901177983347,-7374.74998097375
158,3,A2C-MADRL,-6400.419901291996,-7382.757243238523
159,3,A2C-MADRL,-7221.644673575552,-7399.695949488736
160,3,A2C-MADRL,-8011.377191727406,-7383.4117150386
161,3,A2C-MADRL,-9234.233073404932,-7434.722636467012
162,3,A2C-MADRL,-9521.485281302495,-7547.259331325849
163,3,A2C-MADRL,-9275.025019608547,-7629.843600013251
164,3,A2C-MADRL,-7329.598884436533,-7606.221726242178
165,3,A2C-MADRL,-8191.4691993253,-7676.144564230722
166,3,A2C-MADRL,-7702.027368874898,-7681.162570897809
167,3,A2C-MADRL,-8915.520220362654,-7701.8369000853345
168,3,A2C-MADRL,-7142.475596037676,-7660.4399971216735
169,3,A2C-MADRL,-7830.2436154242,-7735.597487615061
170,3,A2C-MADRL,-7556.983438715239,-7815.515745387659
171,3,A2C-MADRL,-8659.111992424334,-7836.1348449916195
172,3,A2C-MADRL,-8165.828483136235,-7799.995364774881
173,3,A2C-MADRL,-8491.985265383226,-7888.22620984121
174,3,A2C-MADRL,-6199.979072522491,-7862.314655890875
175,3,A2C-MADRL,-8573.872796090736,-7812.586519787093
176,3,A2C-MADRL,-6603.007879218882,-7793.470687192891
177,3,A2C-MADRL,-10070.812387222762,-7929.0926587464455
178,3,A2C-MADRL,-7466.049497605034,-7904.91915334697
179,3,A2C-MADRL,-8099.458150259067,-7970.884928781064
180,3,A2C-MADRL,-8237.501255130053,-7991.186330787361
181,3,A2C-MADRL,-8385.631488931584,-8025.905716399807
182,3,A2C-MADRL,-8013.080952507928,-8051.95290738079
183,3,A2C-MADRL,-7871.612301982157,-8110.8006034083965
184,3,A2C-MADRL,-7134.984602122327,-8107.334200550267
185,3,A2C-MADRL,-9532.76999893407,-8168.189912838534
186,3,A2C-MADRL,-6792.2832583314375,-8070.5119202355945
187,3,A2C-MADRL,-8543.492211161443,-8031.392197429952
188,3,A2C-MADRL,-7950.95306620833,-7978.429319293945
189,3,A2C-MADRL,-8190.343087577865,-8012.859087419597
190,3,A2C-MADRL,-8323.552513512388,-8018.142419987081
191,3,A2C-MADRL,-5772.939943408199,-7940.978922968413
192,3,A2C-MADRL,-8474.934181603796,-7923.355481418058
193,3,A2C-MADRL,-8994.35376610637,-7997.430608220806
194,3,A2C-MADRL,-5917.479996002647,-7920.920063443944
195,3,A2C-MADRL,-6753.831030551675,-7888.793967117402
196,3,A2C-MADRL,-7603.894879108415,-7846.585282584764
197,3,A2C-MADRL,-5750.462595556058,-7749.970647081558
198,3,A2C-MADRL,-7124.728374480272,-7695.280371445439
199,3,A2C-MADRL,-9052.078412338207,-7809.364345038068
200,3,A2C-MADRL,-6415.676310974022,-7723.0364856334
201,3,A2C-MADRL,-7330.518648855664,-7752.136916418872
202,3,A2C-MADRL,-7614.328803917117,-7653.877573086645
203,3,A2C-MADRL,-7776.69619312413,-7666.303440907409
204,3,A2C-MADRL,-6606.225565449635,-7606.574137515031
205,3,A2C-MADRL,-6901.670411162444,-7553.140903756327
206,3,A2C-MADRL,-8140.281972094487,-7543.326923082842
207,3,A2C-MADRL,-6589.98323288985,-7486.40301429812
208,3,A2C-MADRL,-8402.31981998981,-7507.631315018426
209,3,A2C-MADRL,-7518.422482608083,-7522.968830237856
210,3,A2C-MADRL,-8088.679417321783,-7465.205206973365
211,3,A2C-MADRL,-6254.861250700575,-7443.70832666813
212,3,A2C-MADRL,-8160.526950962228,-7428.389716260162
213,3,A2C-MADRL,-7263.032549672021,-7400.87289559871
214,3,A2C-MADRL,-8370.299774850766,-7408.071163089626
215,3,A2C-MADRL,-7745.097118020939,-7384.9329472699665
216,3,A2C-MADRL,-7286.667616038369,-7445.482054175174
217,3,A2C-MADRL,-9337.430009869977,-7479.981887305821
218,3,A2C-MADRL,-8939.919033330298,-7477.804497994779
219,3,A2C-MADRL,-6820.510237555788,-7513.925707656904
220,3,A2C-MADRL,-7082.278900183865,-7527.063622442191
221,3,A2C-MADRL,-7538.25687374672,-7524.438102227724
222,3,A2C-MADRL,-6557.705327666427,-7556.727811512138
223,3,A2C-MADRL,-8138.347714158913,-7597.272585099285
224,3,A2C-MADRL,-6978.848454535709,-7514.343386787185
225,3,A2C-MADRL,-7148.804011397688,-7543.668494804131
226,3,A2C-MADRL,-7400.26130525427,-7546.458201060075
227,3,A2C-MADRL,-8195.469024388098,-7569.703809878914
228,3,A2C-MADRL,-8487.248273383935,-7598.125893089306
229,3,A2C-MADRL,-7259.990168432101,-7624.276477208606
230,3,A2C-MADRL,-6049.393292360488,-7590.185392456528
231,3,A2C-MADRL,-6839.2680698333,-7538.14483636608
232,3,A2C-MADRL,-6226.628053084855,-7523.610629173881
233,3,A2C-MADRL,-8267.282048174278,-7518.209118301258
234,3,A2C-MADRL,-7161.29932069582,-7503.924191824768
235,3,A2C-MADRL,-9582.399043118254,-7563.672976856627
236,3,A2C-MADRL,-7917.044789873062,-7630.160318423527
237,3,A2C-MADRL,-8639.850871263308,-7649.33327523557
238,3,A2C-MADRL,-8661.862278541237,-7705.286464390338
239,3,A2C-MADRL,-7771.40515339507,-7681.330679532111
240,3,A2C-MADRL,-6454.713105156687,-7629.715319017541
241,3,A2C-MADRL,-8573.469008734039,-7681.187374725368
242,3,A2C-MADRL,-6507.787395445619,-7568.001670148394
243,3,A2C-MADRL,-7714.800981202719,-7518.99694806329
244,3,A2C-MADRL,-8301.219292013755,-7578.225310241609
245,3,A2C-MADRL,-7278.911082554383,-7586.09059753643
246,3,A2C-MADRL,-7186.355200078446,-7572.0145305896995
247,3,A2C-MADRL,-8398.763268658273,-7645.656848229372
248,3,A2C-MADRL,-7232.042798869757,-7609.404651617806
249,3,A2C-MADRL,-6458.4350695550365,-7588.58811621858
250,3,A2C-MADRL,-9474.116768493555,-7681.600626502414
251,3,A2C-MADRL,-6431.491750505417,-7642.849844312459
252,3,A2C-MADRL,-8054.741660226322,-7637.220749745989
253,3,A2C-MADRL,-7885.3901058682095,-7613.146423045359
254,3,A2C-MADRL,-6939.303690526627,-7600.318963929141
255,3,A2C-MADRL,-7391.066627339723,-7653.98589732831
256,3,A2C-MADRL,-9673.632447556209,-7767.360472437227
257,3,A2C-MADRL,-6818.286039880037,-7791.026791909035
258,3,A2C-MADRL,-8334.966827068367,-7793.7341830647965
259,3,A2C-MADRL,-9512.0301680038,-7887.763416957116
260,3,A2C-MADRL,-7436.997716097648,-7801.947363876292
261,3,A2C-MADRL,-6658.78715634025,-7751.617058534979
262,3,A2C-MADRL,-5764.538531395705,-7636.604564940275
263,3,A2C-MADRL,-6581.977186338842,-7553.409161252181
264,3,A2C-MADRL,-8119.265803503099,-7567.3235872565
265,3,A2C-MADRL,-6518.624072096308,-7569.880025934086
266,3,A2C-MADRL,-6512.499801838521,-7487.441257658265
267,3,A2C-MADRL,-6572.9833403886405,-7490.0490954559855
268,3,A2C-MADRL,-9264.14042501118,-7552.022673208325
269,3,A2C-MADRL,-6198.78095938207,-7467.925139903056
270,3,A2C-MADRL,-4866.003287475026,-7371.408828099882
271,3,A2C-MADRL,-7050.879122159529,-7365.989784983125
272,3,A2C-MADRL,-7040.546591352872,-7311.661117890911
273,3,A2C-MADRL,-8377.668188634365,-7357.486133481493
274,3,A2C-MADRL,-8204.720307357551,-7427.337542993594
275,3,A2C-MADRL,-6222.250805535271,-7297.262904475264
276,3,A2C-MADRL,-5848.68681003215,-7273.950706856333
277,3,A2C-MADRL,-7590.66498107521,-7255.387639690289
278,3,A2C-MADRL,-8302.60844931982,-7272.076373428353
279,3,A2C-MADRL,-8057.132241469679,-7316.789515466075
280,3,A2C-MADRL,-7115.116325575016,-7305.751503395486
281,3,A2C-MADRL,-7219.709045122979,-7207.594567298157
282,3,A2C-MADRL,-8196.067735942212,-7262.705835140643
283,3,A2C-MADRL,-8165.484400084835,-7255.926538061303
284,3,A2C-MADRL,-7193.129792804675,-7163.170523053339
285,3,A2C-MADRL,-6714.249197933926,-7134.2605823267895
286,3,A2C-MADRL,-7060.824840497133,-7150.342089693065
287,3,A2C-MADRL,-7916.087884313283,-7236.404063809768
288,3,A2C-MADRL,-7245.496012765675,-7262.9448168668405
289,3,A2C-MADRL,-7532.508425838752,-7239.474521760268
290,3,A2C-MADRL,-9973.042078510032,-7377.651242016816
291,3,A2C-MADRL,-5919.591363579617,-7353.934904486459
292,3,A2C-MADRL,-7092.759066789671,-7374.725933542501
293,3,A2C-MADRL,-7816.141819021146,-7316.805989302901
294,3,A2C-MADRL,-7807.222052803413,-7381.143633039755
295,3,A2C-MADRL,-8275.132726839545,-7517.508810614335
296,3,A2C-MADRL,-7355.279433662868,-7529.684823074468
297,3,A2C-MADRL,-8369.440641281019,-7582.8405850715935
298,3,A2C-MADRL,-8435.784376187778,-7585.1652325737305
299,3,A2C-MADRL,-8162.870248745874,-7583.491230229264
300,3,A2C-MADRL,-8798.143852209585,-7686.526952096236
301,3,A2C-MADRL,-5285.803089452616,-7664.011603273055
302,3,A2C-MADRL,-7235.312206648044,-7649.797492295967
303,3,A2C-MADRL,-6586.48891652822,-7581.152710984304
304,3,A2C-MADRL,-6838.039052708922,-7532.388983433874
305,3,A2C-MADRL,-7831.894640014427,-7561.06011601145
306,3,A2C-MADRL,-7467.78126908293,-7570.983004969848
307,3,A2C-MADRL,-7234.554217058759,-7532.5224642145095
308,3,A2C-MADRL,-5936.545683942213,-7443.3649155688045
309,3,A2C-MADRL,-7296.329898108237,-7447.492919780947
310,3,A2C-MADRL,-7379.56189339713,-7474.105427599476
311,3,A2C-MADRL,-7090.227066681471,-7475.281516646849
312,3,A2C-MADRL,-7828.37263776675,-7471.772906784988
313,3,A2C-MADRL,-10086.958344680726,-7585.43140006159
314,3,A2C-MADRL,-8423.52220037046,-7621.071951042858
315,3,A2C-MADRL,-8375.951982586923,-7557.188347205934
316,3,A2C-MADRL,-8199.964901986135,-7648.4032887421945
317,3,A2C-MADRL,-7746.033162021361,-7674.5342525514625
318,3,A2C-MADRL,-8465.669686841116,-7700.51536726426
319,3,A2C-MADRL,-7553.549590689618,-7690.368468779709
320,3,A2C-MADRL,-6363.301223793537,-7613.895208657868
321,3,A2C-MADRL,-7408.354838575239,-7616.018224854363
322,3,A2C-MADRL,-7175.602770109167,-7568.264710007489
323,3,A2C-MADRL,-7437.920517874169,-7528.350155674945
324,3,A2C-MADRL,-8042.510946977632,-7523.535783604215
325,3,A2C-MADRL,-9517.229381828089,-7552.299204788956
326,3,A2C-MADRL,-7762.380125097623,-7651.362286214755
327,3,A2C-MADRL,-6064.521861337753,-7604.530672402345
328,3,A2C-MADRL,-6596.767994784515,-7604.941835532596
329,3,A2C-MADRL,-4616.991453518863,-7516.099931564993
330,3,A2C-MADRL,-6325.862280241897,-7455.858637174092
331,3,A2C-MADRL,-8895.233103671053,-7512.956710557617
332,3,A2C-MADRL,-7607.675571399264,-7527.8815647312385
333,3,A2C-MADRL,-8715.066673229316,-7639.022404302722
334,3,A2C-MADRL,-7653.399548711112,-7653.305190326836
335,3,A2C-MADRL,-7269.467664305357,-7648.901421163166
336,3,A2C-MADRL,-7440.646988877239,-7662.918218050997
337,3,A2C-MADRL,-7416.051187609091,-7646.42536004469
338,3,A2C-MADRL,-6546.0806582356,-7504.790252586885
339,3,A2C-MADRL,-8524.01434382488,-7508.809938325063
340,3,A2C-MADRL,-6537.338289656609,-7435.265390607849
341,3,A2C-MADRL,-8915.086867473847,-7463.870269227358
342,3,A2C-MADRL,-7898.971407884022,-7469.987799061864
343,3,A2C-MADRL,-6538.760469202089,-7392.911430356304
344,3,A2C-MADRL,-8770.583653734004,-7441.592792878078
345,3,A2C-MADRL,-7760.479642604296,-7497.47992963051
346,3,A2C-MADRL,-8000.182135096922,-7521.153021491377
347,3,A2C-MADRL,-6529.436804922793,-7495.306382883922
348,3,A2C-MADRL,-7790.977108225392,-7509.42864649797
349,3,A2C-MADRL,-7773.724638078032,-7498.677194141987
350,3,A2C-MADRL,-7305.22177860918,-7410.19689001323
351,3,A2C-MADRL,-5301.98075773618,-7311.780915318773
352,3,A2C-MADRL,-6216.097070852048,-7317.843923699344
353,3,A2C-MADRL,-7636.826624332807,-7359.4462688812755
354,3,A2C-MADRL,-8483.562507336512,-7514.109111033982
355,3,A2C-MADRL,-6053.242783985119,-7503.204331183711
356,3,A2C-MADRL,-8933.927490507063,-7504.752106657152
357,3,A2C-MADRL,-6117.762843567159,-7445.155597543867
358,3,A2C-MADRL,-5793.034127239996,-7328.274295704295
359,3,A2C-MADRL,-7998.087076788606,-7342.061796827395
360,3,A2C-MADRL,-7138.931259305869,-7336.840340627413
361,3,A2C-MADRL,-7284.213526057863,-7330.5830021146385
362,3,A2C-MADRL,-7639.705811651374,-7339.52918707633
363,3,A2C-MADRL,-8223.03408787731,-7406.607324261999
364,3,A2C-MADRL,-7545.946136852695,-7367.484595983111
365,3,A2C-MADRL,-7724.36571017398,-7414.965692803806
366,3,A2C-MADRL,-9377.287115626978,-7433.453702729931
367,3,A2C-MADRL,-7678.912890966762,-7424.651362053242
368,3,A2C-MADRL,-7867.654674660735,-7477.807130271587
369,3,A2C-MADRL,-7528.99248315056,-7428.14348344825
370,3,A2C-MADRL,-8495.013537841698,-7457.524839257745
371,3,A2C-MADRL,-7694.939080792821,-7445.315117085581
372,3,A2C-MADRL,-7035.384693950321,-7465.553032646682
373,3,A2C-MADRL,-7676.608259101298,-7460.978278681719
374,3,A2C-MADRL,-8974.271589142812,-7509.00015672431
375,3,A2C-MADRL,-7013.78422787449,-7497.342654694922
376,3,A2C-MADRL,-8429.098242591042,-7622.427354089116
377,3,A2C-MADRL,-7127.868617693515,-7658.898215962775
378,3,A2C-MADRL,-6493.57936788871,-7613.168325705012
379,3,A2C-MADRL,-6718.3083602169145,-7542.558159820228
380,3,A2C-MADRL,-6648.090913403239,-7566.352084996953
381,3,A2C-MADRL,-7226.691557862252,-7498.062647691159
382,3,A2C-MADRL,-7626.368050756768,-7558.406855978745
383,3,A2C-MADRL,-7717.356793899536,-7635.379762645125
384,3,A2C-MADRL,-6804.767648519151,-7587.646985514348
385,3,A2C-MADRL,-7786.182359048245,-7613.537029504044
386,3,A2C-MADRL,-8236.281870482673,-7651.619763281035
387,3,A2C-MADRL,-7910.965930014184,-7662.470168015547
388,3,A2C-MADRL,-8693.82754966751,-7681.301906487155
389,3,A2C-MADRL,-8279.843377437572,-7710.657796110551
390,3,A2C-MADRL,-7580.195751243644,-7704.890997753338
391,3,A2C-MADRL,-7240.331736845741,-7619.412782602088
392,3,A2C-MADRL,-7531.448451260681,-7613.514205013844
393,3,A2C-MADRL,-7261.441058780796,-7589.265660378646
394,3,A2C-MADRL,-8737.932879546233,-7637.623276234474
395,3,A2C-MADRL,-7022.303278695594,-7578.714865868631
396,3,A2C-MADRL,-9387.620714180892,-7646.422131204154
397,3,A2C-MADRL,-6450.949710318569,-7623.044731858882
398,3,A2C-MADRL,-7344.691346895866,-7609.768055370665
399,3,A2C-MADRL,-8485.071059059359,-7590.200034167327
400,3,A2C-MADRL,-7824.930170426311,-7622.645871869399
401,3,A2C-MADRL,-10157.669285206744,-7691.788713574028
402,3,A2C-MADRL,-8338.884950688825,-7740.22936689384
403,3,A2C-MADRL,-6769.870037458278,-7751.280993676623
404,3,A2C-MADRL,-9077.761271234813,-7845.659110117339
405,3,A2C-MADRL,-7932.367099257517,-7897.0301575515105
406,3,A2C-MADRL,-6813.088624775071,-7880.486040228023
407,3,A2C-MADRL,-7752.121481300172,-7885.516177449759
408,3,A2C-MADRL,-7997.907517059373,-7896.738206376152
409,3,A2C-MADRL,-7618.34874042575,-7929.281450052416
410,3,A2C-MADRL,-5825.434777117303,-7850.851546775179
411,3,A2C-MADRL,-6476.360636432626,-7780.454697413177
412,3,A2C-MADRL,-6116.881618140449,-7708.691324938229
413,3,A2C-MADRL,-5644.00448453992,-7586.698402333124
414,3,A2C-MADRL,-8974.622565591235,-7614.489569859271
415,3,A2C-MADRL,-8334.137667649564,-7644.647246515507
416,3,A2C-MADRL,-6483.699337630426,-7614.3819505468955
417,3,A2C-MADRL,-5639.884693491044,-7538.719400236109
418,3,A2C-MADRL,-6722.67992693093,-7517.168954962115
419,3,A2C-MADRL,-9927.636292782105,-7564.7570914915495
420,3,A2C-MADRL,-7532.645276737909,-7585.170771413242
421,3,A2C-MADRL,-8009.321864731732,-7530.038817435275
422,3,A2C-MADRL,-7906.323923752108,-7588.253785972617
423,3,A2C-MADRL,-7869.649754513358,-7609.2521222773175
424,3,A2C-MADRL,-7068.123963584851,-7552.574238458336
425,3,A2C-MADRL,-8066.474007305542,-7562.235991933507
426,3,A2C-MADRL,-7049.09582150845,-7437.893053385574
427,3,A2C-MADRL,-7990.498687795243,-7423.957602869831
428,3,A2C-MADRL,-6187.815207594248,-7400.675409675269
429,3,A2C-MADRL,-8198.805365492326,-7365.517173445571
430,3,A2C-MADRL,-7202.95711827395,-7336.340774206227
431,3,A2C-MADRL,-7343.466298866091,-7357.555881169868
432,3,A2C-MADRL,-8103.212787096454,-7371.59953340172
433,3,A2C-MADRL,-8044.182757080158,-7373.450543002551
434,3,A2C-MADRL,-6865.704632128089,-7343.344778670646
435,3,A2C-MADRL,-7330.682590613707,-7403.554691210501
436,3,A2C-MADRL,-8685.401932578583,-7491.916343056339
437,3,A2C-MADRL,-6964.67683263365,-7525.828151636067
438,3,A2C-MADRL,-6861.747240070954,-7574.537861857309
439,3,A2C-MADRL,-7130.981558486899,-7500.792221573135
440,3,A2C-MADRL,-8521.084219375152,-7508.270083642158
441,3,A2C-MADRL,-8892.450525398663,-7604.620131152887
442,3,A2C-MADRL,-6840.033432530427,-7652.626080714463
443,3,A2C-MADRL,-7576.472384382192,-7686.777779012514
444,3,A2C-MADRL,-7818.258771230235,-7602.402678150438
445,3,A2C-MADRL,-7609.655349920464,-7605.483081077741
446,3,A2C-MADRL,-7521.142517158523,-7585.955907174814
447,3,A2C-MADRL,-9228.112436740175,-7638.827447694335
448,3,A2C-MADRL,-5784.922363986549,-7555.438352073264
449,3,A2C-MADRL,-7616.540102802466,-7577.374997641967
450,3,A2C-MADRL,-6463.880207850567,-7513.271245663768
451,3,A2C-MADRL,-7395.940842238833,-7527.145046492984
452,3,A2C-MADRL,-9776.352438086538,-7598.5791965046365
453,3,A2C-MADRL,-11309.12243182244,-7803.431485473764
454,3,A2C-MADRL,-7650.892382768724,-7781.514966164819
455,3,A2C-MADRL,-7355.198108416355,-7787.604605770516
456,3,A2C-MADRL,-5866.683727350608,-7728.533302909896
457,3,A2C-MADRL,-8378.86388233337,-7739.559346719372
458,3,A2C-MADRL,-6368.855001653781,-7672.546236502318
459,3,A2C-MADRL,-8099.177199883597,-7721.885139212537
460,3,A2C-MADRL,-7822.0641567556195,-7741.540401858215
461,3,A2C-MADRL,-6588.437873983408,-7657.661839514407
462,3,A2C-MADRL,-6792.891074640902,-7650.7904091946975
463,3,A2C-MADRL,-6593.09225575222,-7640.044209821948
464,3,A2C-MADRL,-7358.77100018625,-7649.155787489922
465,3,A2C-MADRL,-7397.956682333146,-7604.230686008243
466,3,A2C-MADRL,-8358.91280333825,-7582.889177125825
467,3,A2C-MADRL,-6204.885831899417,-7557.483273100585
468,3,A2C-MADRL,-8385.019171377317,-7589.825144580391
469,3,A2C-MADRL,-7837.17595428653,-7590.581831902643
470,3,A2C-MADRL,-5281.392579550329,-7497.451321087836
471,3,A2C-MADRL,-9391.61036399848,-7572.270034961435
472,3,A2C-MADRL,-6787.695064153143,-7474.653340057953
473,3,A2C-MADRL,-7407.125614609035,-7539.541470082852
474,3,A2C-MADRL,-5974.604285287651,-7473.86403738226
475,3,A2C-MADRL,-8535.803159215653,-7556.740955436864
476,3,A2C-MADRL,-7975.304205751952,-7579.9154899773885
477,3,A2C-MADRL,-8153.544803092474,-7515.003184577626
478,3,A2C-MADRL,-9041.926861789592,-7424.315361776311
479,3,A2C-MADRL,-6975.436268506184,-7397.2971172058105
480,3,A2C-MADRL,-6922.10494487164,-7379.973390664021
481,3,A2C-MADRL,-9024.499302687364,-7506.2860136774925
482,3,A2C-MADRL,-7464.787571596915,-7469.722961248033
483,3,A2C-MADRL,-7864.287451795011,-7529.540259253683
484,3,A2C-MADRL,-8049.454551200335,-7527.551353306352
485,3,A2C-MADRL,-8616.397161568471,-7559.324673498867
486,3,A2C-MADRL,-8201.544042673997,-7623.84892024649
487,3,A2C-MADRL,-7175.743255314257,-7639.163007473424
488,3,A2C-MADRL,-5897.206097186877,-7611.32756113081
489,3,A2C-MADRL,-6502.3375649480895,-7577.0702237212845
490,3,A2C-MADRL,-7425.891050998731,-7578.187598467908
491,3,A2C-MADRL,-9537.908313652,-7625.347418880458
492,3,A2C-MADRL,-7695.477897192628,-7684.971101492186
493,3,A2C-MADRL,-7801.246662484764,-7661.620201136484
494,3,A2C-MADRL,-6133.571081152288,-7593.476006211114
495,3,A2C-MADRL,-8133.984226381592,-7707.5796720843655
496,3,A2C-MADRL,-6918.140432275559,-7608.640874815448
497,3,A2C-MADRL,-5762.0303359729,-7567.614285688239
498,3,A2C-MADRL,-6900.2649262249015,-7547.339858152874
499,3,A2C-MADRL,-6703.244807554833,-7576.48547904356
500,3,A2C-MADRL,-8609.767931506067,-7579.444069935176
501,3,A2C-MADRL,-7863.822116531612,-7863.822116531612
502,3,A2C-MADRL,-6562.4797348696975,-7213.150925700655
503,3,A2C-MADRL,-6124.4456567521775,-6850.249169384496
504,3,A2C-MADRL,-6995.81974358693,-6886.641812935104
505,3,A2C-MADRL,-5829.328628932466,-6675.179176134577
506,3,A2C-MADRL,-6144.838299361182,-6586.789030005678
507,3,A2C-MADRL,-6957.431856285553,-6639.7380051885175
508,3,A2C-MADRL,-6282.204514213836,-6595.046318816681
509,3,A2C-MADRL,-9261.25245998723,-6891.291445613409
510,3,A2C-MADRL,-10196.030903799354,-7221.7653914320035
511,3,A2C-MADRL,-6867.058735364968,-7189.519331789546
512,3,A2C-MADRL,-4827.269715056071,-6992.665197061757
513,3,A2C-MADRL,-6923.148750371169,-6987.317778085558
514,3,A2C-MADRL,-6680.199275931069,-6965.3807422173795
515,3,A2C-MADRL,-7700.841663056804,-7014.4114702733405
516,3,A2C-MADRL,-8396.247882435528,-7100.776246033478
517,3,A2C-MADRL,-5903.226596997004,-7030.332149031332
518,3,A2C-MADRL,-6445.540384578566,-6997.843717672845
519,3,A2C-MADRL,-6131.105598587768,-6952.225921931525
520,3,A2C-MADRL,-7886.977299569982,-6998.9634908134485
521,3,A2C-MADRL,-8929.209598321282,-7090.879972123345
522,3,A2C-MADRL,-9738.720286383566,-7211.236350044264
523,3,A2C-MADRL,-6268.675061219293,-7170.2554244431785
524,3,A2C-MADRL,-7667.841713785432,-7190.988186499107
525,3,A2C-MADRL,-8512.70853568198,-7243.857000466421
526,3,A2C-MADRL,-9234.108378389876,-7298.668450940752
527,3,A2C-MADRL,-8458.191763440671,-7374.496932083591
528,3,A2C-MADRL,-6839.634207241469,-7403.104474103162
529,3,A2C-MADRL,-8243.557656520901,-7453.01399062052
530,3,A2C-MADRL,-6962.427038700918,-7498.33792701126
531,3,A2C-MADRL,-9526.484916315072,-7633.603791689416
532,3,A2C-MADRL,-7719.285409256446,-7664.077933808249
533,3,A2C-MADRL,-9282.3284875528,-7784.082892741809
534,3,A2C-MADRL,-8877.194327249017,-7768.720567432281
535,3,A2C-MADRL,-7814.096909305925,-7673.443207652544
536,3,A2C-MADRL,-7946.511522151122,-7716.621319123989
537,3,A2C-MADRL,-7193.607117574016,-7811.274815224707
538,3,A2C-MADRL,-8398.47936989171,-7870.288040005528
539,3,A2C-MADRL,-7541.083655959805,-7904.7234152066785
540,3,A2C-MADRL,-6319.679614225373,-7849.4769332534215
541,3,A2C-MADRL,-8725.651791146212,-7862.6530896018485
542,3,A2C-MADRL,-6769.469442946144,-7897.302803439815
543,3,A2C-MADRL,-8666.959103988474,-7986.15955221621
544,3,A2C-MADRL,-6602.456743533505,-8005.01359801404
545,3,A2C-MADRL,-8312.368733163845,-8022.029255357795
546,3,A2C-MADRL,-6318.471425683672,-7917.59972845229
547,3,A2C-MADRL,-8370.572412302176,-7862.873813489034
548,3,A2C-MADRL,-8662.177617323105,-7958.613915733187
549,3,A2C-MADRL,-7845.780836772024,-7965.73148065265
550,3,A2C-MADRL,-6655.202381416131,-7891.431234482017
551,3,A2C-MADRL,-8811.379670356688,-7874.522086160689
552,3,A2C-MADRL,-6507.942869443108,-7796.512130400786
553,3,A2C-MADRL,-6956.803626076726,-7801.198907154197
554,3,A2C-MADRL,-6033.134920140469,-7712.7819976989795
555,3,A2C-MADRL,-7431.842936720312,-7731.558633619756
556,3,A2C-MADRL,-6560.094130049012,-7612.903002169112
557,3,A2C-MADRL,-6875.527968364759,-7579.152704533446
558,3,A2C-MADRL,-8147.338403132521,-7533.753101156633
559,3,A2C-MADRL,-6537.270828439992,-7440.156161204272
560,3,A2C-MADRL,-6676.256075527988,-7394.642527853155
561,3,A2C-MADRL,-6227.879458817741,-7325.897245319819
562,3,A2C-MADRL,-6974.613245357568,-7317.137490431163
563,3,A2C-MADRL,-8339.454723685769,-7314.776504582925
564,3,A2C-MADRL,-8477.422500407447,-7352.230058360831
565,3,A2C-MADRL,-7083.375727959503,-7382.777902910196
566,3,A2C-MADRL,-8294.25447414214,-7365.522010230034
567,3,A2C-MADRL,-6001.580821006248,-7334.806465352436
568,3,A2C-MADRL,-6986.450437803853,-7267.586118705052
569,3,A2C-MADRL,-7011.873036323438,-7283.96277041665
570,3,A2C-MADRL,-7158.144878976471,-7237.793816249154
571,3,A2C-MADRL,-6796.89256445871,-7256.930661800156
572,3,A2C-MADRL,-6589.654596102148,-7185.693949152155
573,3,A2C-MADRL,-6998.092506787205,-7119.130544730719
574,3,A2C-MADRL,-7122.484333161036,-7090.198684586279
575,3,A2C-MADRL,-7350.27396276923,-7118.001547840403
576,3,A2C-MADRL,-9387.455572036186,-7141.044583907584
577,3,A2C-MADRL,-9273.66503163538,-7251.673470395273
578,3,A2C-MADRL,-7906.41875108874,-7289.658075395754
579,3,A2C-MADRL,-7982.747683209916,-7367.642585918532
580,3,A2C-MADRL,-7088.380893221609,-7353.904104178584
581,3,A2C-MADRL,-7086.775280555521,-7374.971350198844
582,3,A2C-MADRL,-6668.004622709114,-7366.670416372619
583,3,A2C-MADRL,-8259.253059389,-7371.147002622879
584,3,A2C-MADRL,-7854.585802724302,-7423.839601594251
585,3,A2C-MADRL,-8143.125709267992,-7482.514386943851
586,3,A2C-MADRL,-6857.526138834781,-7507.700254144533
587,3,A2C-MADRL,-9025.753160180362,-7589.745850737444
588,3,A2C-MADRL,-6959.1248838874,-7534.53265714551
589,3,A2C-MADRL,-8402.724941056751,-7531.544754771481
590,3,A2C-MADRL,-5580.645715172176,-7471.435554259988
591,3,A2C-MADRL,-7148.389133322407,-7425.6009406272
592,3,A2C-MADRL,-6871.471979372792,-7460.396586961861
593,3,A2C-MADRL,-8281.488405857415,-7512.198105684003
594,3,A2C-MADRL,-8307.892832037047,-7564.038897512547
595,3,A2C-MADRL,-7734.4528227312,-7587.091215262738
596,3,A2C-MADRL,-7626.765844872393,-7620.286146479284
597,3,A2C-MADRL,-7715.227796139617,-7665.309074480782
598,3,A2C-MADRL,-8340.894046325628,-7719.02113606232
599,3,A2C-MADRL,-7725.61619564367,-7743.146410561625
600,3,A2C-MADRL,-8442.7588614247,-7786.845806507844
601,3,A2C-MADRL,-6574.809105498389,-7674.339947846332
602,3,A2C-MADRL,-7015.195768266927,-7584.001177311595
603,3,A2C-MADRL,-6047.525679835741,-7509.645454461474
604,3,A2C-MADRL,-7981.44613416054,-7509.593392499499
605,3,A2C-MADRL,-6621.420108575438,-7490.914961113653
606,3,A2C-MADRL,-7525.180055782184,-7508.45115212272
607,3,A2C-MADRL,-7097.587181129547,-7525.634454459537
608,3,A2C-MADRL,-6624.700756532484,-7460.252362345275
609,3,A2C-MADRL,-8234.355001932336,-7475.443130313597
610,3,A2C-MADRL,-8260.15993316209,-7480.124499269361
611,3,A2C-MADRL,-5525.6725299866175,-7426.850354915434
612,3,A2C-MADRL,-7907.3099057132,-7382.112624736748
613,3,A2C-MADRL,-7639.1038116813315,-7409.311781848505
614,3,A2C-MADRL,-6572.378614261047,-7336.097928776677
615,3,A2C-MADRL,-7339.659488816767,-7406.458479722462
616,3,A2C-MADRL,-8912.665080181026,-7477.029517596804
617,3,A2C-MADRL,-6992.197621543784,-7481.858543283644
618,3,A2C-MADRL,-8825.115842481351,-7503.603640748603
619,3,A2C-MADRL,-6555.809368925256,-7433.520302224131
620,3,A2C-MADRL,-7840.568055059595,-7437.764911517265
621,3,A2C-MADRL,-6920.488934301258,-7409.513835094422
622,3,A2C-MADRL,-8861.634762981023,-7455.370113768077
623,3,A2C-MADRL,-7971.131997902179,-7440.5796318311395
624,3,A2C-MADRL,-6801.448206914466,-7403.612912281972
625,3,A2C-MADRL,-6579.068836996776,-7329.065311304854
626,3,A2C-MADRL,-7986.909487700209,-7385.549326592927
627,3,A2C-MADRL,-6681.367469314006,-7372.19619463481
628,3,A2C-MADRL,-7597.2185369922045,-7434.183908921069
629,3,A2C-MADRL,-9122.178685072377,-7479.813210957543
630,3,A2C-MADRL,-7303.105153933535,-7507.080612771865
631,3,A2C-MADRL,-7614.310592847192,-7510.6458342544665
632,3,A2C-MADRL,-6437.09088814525,-7484.225982535094
633,3,A2C-MADRL,-7221.109085903839,-7508.0823157099485
634,3,A2C-MADRL,-7688.289257095796,-7486.239685916487
635,3,A2C-MADRL,-5620.784001487695,-7380.664648649511
636,3,A2C-MADRL,-7220.858403871267,-7448.472083604898
637,3,A2C-MADRL,-8244.53286124577,-7461.9610018262
638,3,A2C-MADRL,-6639.554570336504,-7421.979032172407
639,3,A2C-MADRL,-7421.850855666975,-7455.9579218286435
640,3,A2C-MADRL,-7486.467723396814,-7461.830251211845
641,3,A2C-MADRL,-6827.850535679253,-7378.437669431775
642,3,A2C-MADRL,-6373.570762030574,-7353.692595051247
643,3,A2C-MADRL,-7897.053812042195,-7316.570113833681
644,3,A2C-MADRL,-7252.712793418804,-7344.446250813422
645,3,A2C-MADRL,-7208.431644459333,-7319.160794389412
646,3,A2C-MADRL,-5365.413692315369,-7256.957784709975
647,3,A2C-MADRL,-8690.245159664126,-7250.102200577301
648,3,A2C-MADRL,-5766.674882211686,-7161.92391594968
649,3,A2C-MADRL,-6199.312645088073,-7137.8384934766245
650,3,A2C-MADRL,-7526.113111440975,-7175.720264454393
651,3,A2C-MADRL,-8738.695894430291,-7205.791720723596
652,3,A2C-MADRL,-6018.520293435926,-7179.277833688472
653,3,A2C-MADRL,-7606.74057749758,-7179.658715308687
654,3,A2C-MADRL,-7709.721160051642,-7123.1604143078575
655,3,A2C-MADRL,-6585.870701761846,-7094.471036220992
656,3,A2C-MADRL,-6426.623237351034,-7046.963542001145
657,3,A2C-MADRL,-6284.658413810157,-7040.866243027741
658,3,A2C-MADRL,-6821.46131088002,-7024.880332026788
659,3,A2C-MADRL,-5924.702153724508,-6954.336847891936
660,3,A2C-MADRL,-7564.296616091869,-7032.077352476103
661,3,A2C-MADRL,-6179.190391112399,-6990.410631965748
662,3,A2C-MADRL,-8929.806373060415,-7017.821572438334
663,3,A2C-MADRL,-8816.50274893661,-7104.899499582339
664,3,A2C-MADRL,-8592.878111669437,-7151.740589822438
665,3,A2C-MADRL,-6361.415340848624,-7106.738494520509
666,3,A2C-MADRL,-8267.518180744175,-7164.325200323106
667,3,A2C-MADRL,-5846.65514704096,-7143.248575723522
668,3,A2C-MADRL,-7768.061620516321,-7138.088888062487
669,3,A2C-MADRL,-7120.981285571183,-7132.819627748582
670,3,A2C-MADRL,-8566.38228660793,-7187.137653434525
671,3,A2C-MADRL,-8368.711616570175,-7307.269570404718
672,3,A2C-MADRL,-6512.721790630403,-7220.16863564337
673,3,A2C-MADRL,-7999.743138394477,-7309.491365890683
674,3,A2C-MADRL,-6884.109829358897,-7336.883253261514
675,3,A2C-MADRL,-6327.526392072019,-7288.939784486756
676,3,A2C-MADRL,-5840.14775653418,-7172.997858970912
677,3,A2C-MADRL,-6139.628389000528,-7177.842182793496
678,3,A2C-MADRL,-6599.0310426746255,-7137.533801400577
679,3,A2C-MADRL,-8703.201901101473,-7177.273031042571
680,3,A2C-MADRL,-7638.978953840522,-7219.397361125718
681,3,A2C-MADRL,-7547.93707006865,-7264.249914434422
682,3,A2C-MADRL,-5612.871410041926,-7237.378434283693
683,3,A2C-MADRL,-7849.475524969597,-7278.499002847277
684,3,A2C-MADRL,-7829.509574530399,-7354.691299679511
685,3,A2C-MADRL,-9102.066428463697,-7416.202092174385
686,3,A2C-MADRL,-4970.79346659453,-7367.8662151936705
687,3,A2C-MADRL,-6201.059397426757,-7258.716336168324
688,3,A2C-MADRL,-6261.982714662448,-7156.535534797357
689,3,A2C-MADRL,-8071.9299315006465,-7135.697607590605
690,3,A2C-MADRL,-7396.414658990972,-7177.097580316299
691,3,A2C-MADRL,-6559.734260046622,-7108.786223488398
692,3,A2C-MADRL,-8010.483877298834,-7195.339372698712
693,3,A2C-MADRL,-7089.328012031817,-7168.190028359332
694,3,A2C-MADRL,-5678.274165538714,-7110.481743558034
695,3,A2C-MADRL,-7855.6216179339135,-7082.051316811074
696,3,A2C-MADRL,-7804.848108683609,-7059.49677649561
697,3,A2C-MADRL,-8047.155357431238,-7120.874119167644
698,3,A2C-MADRL,-7402.345236876557,-7096.978203106928
699,3,A2C-MADRL,-9350.558446722183,-7195.63614780146
700,3,A2C-MADRL,-6614.075873445871,-7207.0981270564125
701,3,A2C-MADRL,-8252.148955651595,-7303.57817502111
702,3,A2C-MADRL,-7250.156124101754,-7347.999284425157
703,3,A2C-MADRL,-6542.1825859855,-7345.725346157594
704,3,A2C-MADRL,-6635.041570073667,-7262.998932916481
705,3,A2C-MADRL,-6972.67144254527,-7236.34663246467
706,3,A2C-MADRL,-6782.465586975956,-7205.727773140963
707,3,A2C-MADRL,-8047.899488597438,-7303.128896283184
708,3,A2C-MADRL,-6921.124830344553,-7265.994868498182
709,3,A2C-MADRL,-6371.962333964368,-7207.692978875541
710,3,A2C-MADRL,-8054.057527275332,-7165.772622828006
711,3,A2C-MADRL,-8875.531333796063,-7321.962137516068
712,3,A2C-MADRL,-6979.723722022785,-7353.108710499909
713,3,A2C-MADRL,-5632.883482260437,-7327.944741203828
714,3,A2C-MADRL,-6600.917108292762,-7269.1042282755125
715,3,A2C-MADRL,-9627.571433336385,-7358.350499249329
716,3,A2C-MADRL,-5800.040620340456,-7327.962753661082
717,3,A2C-MADRL,-7441.571202074062,-7305.206246652092
718,3,A2C-MADRL,-8963.175658537319,-7380.1601525123115
719,3,A2C-MADRL,-5878.818841910152,-7388.181939567169
720,3,A2C-MADRL,-7478.063921702216,-7373.079631717901
721,3,A2C-MADRL,-8325.172130708535,-7393.892592598899
722,3,A2C-MADRL,-8171.5705466079,-7398.869200165966
723,3,A2C-MADRL,-7920.819631299706,-7419.608175942891
724,3,A2C-MADRL,-7208.274489912465,-7333.9168176705025
725,3,A2C-MADRL,-6180.384965274918,-7316.569181343664
726,3,A2C-MADRL,-9959.364889589568,-7384.857818701183
727,3,A2C-MADRL,-7607.871731624462,-7399.166443002091
728,3,A2C-MADRL,-7191.270899131221,-7425.12997552792
729,3,A2C-MADRL,-6500.937041722107,-7419.765794393857
730,3,A2C-MADRL,-8720.109483176535,-7489.663316019109
731,3,A2C-MADRL,-7537.371754100668,-7519.859562704096
732,3,A2C-MADRL,-6919.099215580618,-7474.707551783424
733,3,A2C-MADRL,-7915.153182558899,-7514.468685871997
734,3,A2C-MADRL,-8132.82034202831,-7584.903006194555
735,3,A2C-MADRL,-8556.213633974428,-7604.989250462519
736,3,A2C-MADRL,-8413.734838192122,-7586.517390638361
737,3,A2C-MADRL,-6438.895836215527,-7564.88427520607
738,3,A2C-MADRL,-8338.291411091033,-7673.100592359295
739,3,A2C-MADRL,-7164.479666914418,-7695.643094704162
740,3,A2C-MADRL,-10453.08695161331,-7728.663715435238
741,3,A2C-MADRL,-5879.077681474704,-7731.825197880608
742,3,A2C-MADRL,-8127.066713583919,-7759.245018341002
743,3,A2C-MADRL,-6715.375373069533,-7669.333006922292
744,3,A2C-MADRL,-6341.236747125215,-7687.829723130893
745,3,A2C-MADRL,-7451.894964318268,-7686.782964835536
746,3,A2C-MADRL,-7492.517477866931,-7653.4767787218725
747,3,A2C-MADRL,-6571.599017023919,-7589.477917538511
748,3,A2C-MADRL,-8128.413027308541,-7597.7816533788655
749,3,A2C-MADRL,-6343.185288004792,-7563.178085302558
750,3,A2C-MADRL,-5994.399674424035,-7555.738673668522
751,3,A2C-MADRL,-8393.45908089758,-7493.102441320844
752,3,A2C-MADRL,-6635.49705547353,-7454.207454274807
753,3,A2C-MADRL,-5239.632011507539,-7376.141898769859
754,3,A2C-MADRL,-7993.028098474104,-7435.82554103994
755,3,A2C-MADRL,-6143.412069709167,-7332.757644501245
756,3,A2C-MADRL,-9373.516227951732,-7406.203423455287
757,3,A2C-MADRL,-7901.768002489858,-7445.510174931656
758,3,A2C-MADRL,-6189.194756438934,-7376.471837886858
759,3,A2C-MADRL,-7777.896019309926,-7362.274864978123
760,3,A2C-MADRL,-8647.712372623439,-7365.934814524084
761,3,A2C-MADRL,-8043.880750282353,-7351.140651007693
762,3,A2C-MADRL,-6220.333963433154,-7342.398176096397
763,3,A2C-MADRL,-6152.978236402187,-7254.985649108844
764,3,A2C-MADRL,-6695.753487358928,-7236.236601926624
765,3,A2C-MADRL,-6271.334121330413,-7068.966488715308
766,3,A2C-MADRL,-7004.099338090016,-7113.96735497992
767,3,A2C-MADRL,-7010.555895052012,-7069.306922238644
768,3,A2C-MADRL,-7311.0501407664,-7093.133912946518
769,3,A2C-MADRL,-8733.072489421358,-7188.807342638365
770,3,A2C-MADRL,-6939.890550039341,-7168.327166067207
771,3,A2C-MADRL,-6118.632381533628,-7113.371762213875
772,3,A2C-MADRL,-7013.554418665373,-7131.049978279533
773,3,A2C-MADRL,-7806.637437802285,-7118.178954699283
774,3,A2C-MADRL,-7105.064622836617,-7148.654128092557
775,3,A2C-MADRL,-7880.939794543207,-7224.115732897323
776,3,A2C-MADRL,-5205.2930517909335,-7096.589091733057
777,3,A2C-MADRL,-7392.96358857875,-7126.887753057265
778,3,A2C-MADRL,-8418.453174435355,-7254.0405995743795
779,3,A2C-MADRL,-6513.08843609117,-7194.843013079062
780,3,A2C-MADRL,-6608.530704876472,-7213.447758485753
781,3,A2C-MADRL,-7089.034894177668,-7122.068505134791
782,3,A2C-MADRL,-6840.714202335263,-7079.626353128607
783,3,A2C-MADRL,-9336.29888063644,-7205.510518096507
784,3,A2C-MADRL,-5955.206447823756,-7132.602935237061
785,3,A2C-MADRL,-7597.6075116490865,-7090.598740798086
786,3,A2C-MADRL,-7615.394542267831,-7073.459292477505
787,3,A2C-MADRL,-6661.1486246809245,-7091.091878927417
788,3,A2C-MADRL,-7356.453779163968,-7139.230900637887
789,3,A2C-MADRL,-6823.579745171312,-7144.343950950383
790,3,A2C-MADRL,-6378.049777533447,-7148.612577198505
791,3,A2C-MADRL,-8156.160750533215,-7194.695033696232
792,3,A2C-MADRL,-6210.188420919275,-7162.680334730923
793,3,A2C-MADRL,-7030.728239220729,-7151.467458669096
794,3,A2C-MADRL,-6289.263468402757,-7053.715097828352
795,3,A2C-MADRL,-7305.441045160511,-7068.337117633199
796,3,A2C-MADRL,-7947.525983342147,-7141.49286170554
797,3,A2C-MADRL,-7757.192293029959,-7171.238376680122
798,3,A2C-MADRL,-7439.795960717674,-7156.564717596739
799,3,A2C-MADRL,-5727.725898158683,-7101.471168609622
800,3,A2C-MADRL,-7402.866103054026,-7082.348220950054
801,3,A2C-MADRL,-6513.937679480363,-7134.694006057631
802,3,A2C-MADRL,-6295.759139017326,-7090.805828075175
803,3,A2C-MADRL,-7201.021781299624,-7042.108572349745
804,3,A2C-MADRL,-8793.872297890046,-7133.3399268217
805,3,A2C-MADRL,-6244.528085442559,-7118.779822044344
806,3,A2C-MADRL,-7043.75644863173,-7116.968684222506
807,3,A2C-MADRL,-6614.440031195102,-7107.917717376899
808,3,A2C-MADRL,-6209.054617218676,-6982.82794684019
809,3,A2C-MADRL,-7045.441574778879,-7026.437351918394
810,3,A2C-MADRL,-6094.641312450225,-6966.31870395044
811,3,A2C-MADRL,-8138.810637715505,-6987.255347768347
812,3,A2C-MADRL,-6936.130551255764,-6998.25462483134
813,3,A2C-MADRL,-6944.96821178945,-6981.79520213636
814,3,A2C-MADRL,-6728.960020876257,-6978.010413164557
815,3,A2C-MADRL,-7615.473011968559,-7027.507342541961
816,3,A2C-MADRL,-8050.439120270494,-7023.278477331453
817,3,A2C-MADRL,-7325.950347953234,-7067.908954412811
818,3,A2C-MADRL,-6539.556722403453,-7048.262093740121
819,3,A2C-MADRL,-7407.954356429865,-7093.009729261205
820,3,A2C-MADRL,-8132.52984694334,-7126.093281332517
821,3,A2C-MADRL,-6357.033560578462,-7062.4735844219695
822,3,A2C-MADRL,-7000.66403040039,-7032.212453916788
823,3,A2C-MADRL,-6913.496201395484,-7011.1604635439
824,3,A2C-MADRL,-6763.11895404751,-7052.576185779453
825,3,A2C-MADRL,-6978.934009116754,-7035.618902021962
826,3,A2C-MADRL,-5983.410251087813,-7014.397804886261
827,3,A2C-MADRL,-7400.18714897176,-7058.574925284437
828,3,A2C-MADRL,-6743.057554003137,-7040.256356192578
829,3,A2C-MADRL,-8037.828685757613,-7010.014611707281
830,3,A2C-MADRL,-6186.278136216688,-7007.684613738246
831,3,A2C-MADRL,-8464.219420000727,-7064.503132593006
832,3,A2C-MADRL,-7041.522526443396,-7081.586432402937
833,3,A2C-MADRL,-8763.96222056245,-7183.782736536688
834,3,A2C-MADRL,-7108.28553306737,-7186.2964948682275
835,3,A2C-MADRL,-6170.485129562392,-7189.330247552715
836,3,A2C-MADRL,-6795.530326918895,-7135.599035120849
837,3,A2C-MADRL,-6078.842218938737,-7101.307501828169
838,3,A2C-MADRL,-7493.266876408366,-7123.239448412925
839,3,A2C-MADRL,-6142.300068266593,-7099.7730503085395
840,3,A2C-MADRL,-8233.63049150937,-7124.499349490171
841,3,A2C-MADRL,-6496.252939321641,-7062.331902252216
842,3,A2C-MADRL,-7386.412481661927,-7064.750387600565
843,3,A2C-MADRL,-5185.944547882056,-7010.605900619708
844,3,A2C-MADRL,-6446.232429769773,-6972.137023553306
845,3,A2C-MADRL,-7191.964464428437,-6934.5144082527095
846,3,A2C-MADRL,-8197.86083781594,-7008.147499342209
847,3,A2C-MADRL,-8398.827672353791,-7064.074045020346
848,3,A2C-MADRL,-8214.688483678417,-7116.121736311662
849,3,A2C-MADRL,-7012.38478210091,-7126.092369433799
850,3,A2C-MADRL,-6861.962424486679,-7121.413506048595
851,3,A2C-MADRL,-8031.290819085823,-7203.328728768514
852,3,A2C-MADRL,-8602.01001299809,-7251.401643329569
853,3,A2C-MADRL,-4410.812537895701,-7158.111842685271
854,3,A2C-MADRL,-9921.368316438968,-7233.4534279125255
855,3,A2C-MADRL,-7317.492518818977,-7278.7020032166165
856,3,A2C-MADRL,-8603.423425224915,-7284.270163425585
857,3,A2C-MADRL,-6031.5943108675165,-7243.873034802549
858,3,A2C-MADRL,-8230.51242927733,-7222.535043151144
859,3,A2C-MADRL,-7973.167919490715,-7257.130338608079
860,3,A2C-MADRL,-7788.901106095136,-7321.866977669389
861,3,A2C-MADRL,-7216.2185975528255,-7338.6945084947465
862,3,A2C-MADRL,-7705.754890882401,-7403.771015372492
863,3,A2C-MADRL,-5918.486744214066,-7340.77981008472
864,3,A2C-MADRL,-5101.487523937749,-7299.147308311566
865,3,A2C-MADRL,-7955.190383078239,-7288.009703974321
866,3,A2C-MADRL,-6072.57521559211,-7271.062595025141
867,3,A2C-MADRL,-8872.667751237563,-7330.5128058081655
868,3,A2C-MADRL,-6478.429022278047,-7382.212184784005
869,3,A2C-MADRL,-7069.901327918247,-7407.158940709944
870,3,A2C-MADRL,-7369.368797599192,-7414.255114036774
871,3,A2C-MADRL,-6410.511945355051,-7342.761158338338
872,3,A2C-MADRL,-8057.637829338561,-7329.113564617729
873,3,A2C-MADRL,-8633.781160084945,-7345.87727167399
874,3,A2C-MADRL,-7716.814113245142,-7374.05444491976
875,3,A2C-MADRL,-6361.561487507277,-7354.038407440584
876,3,A2C-MADRL,-7316.688165748024,-7325.4543013070725
877,3,A2C-MADRL,-9126.485324850652,-7346.433313781175
878,3,A2C-MADRL,-7332.4947239917055,-7463.300601225014
879,3,A2C-MADRL,-7505.294785775082,-7366.657659998458
880,3,A2C-MADRL,-6075.552209506841,-7316.980047625973
881,3,A2C-MADRL,-7766.976968200242,-7283.522189344986
882,3,A2C-MADRL,-8001.732836296841,-7362.327730362159
883,3,A2C-MADRL,-6584.381097053461,-7296.482477073205
884,3,A2C-MADRL,-6737.4056629458855,-7247.051986811412
885,3,A2C-MADRL,-6035.277974166695,-7176.907061534273
886,3,A2C-MADRL,-5634.526580702188,-7113.639380860247
887,3,A2C-MADRL,-6937.899667527991,-7082.925171926072
888,3,A2C-MADRL,-7666.921967403992,-7152.862580853668
889,3,A2C-MADRL,-7319.236436659133,-7241.572537362525
890,3,A2C-MADRL,-7246.717713550671,-7213.2336305814215
891,3,A2C-MADRL,-7214.46555861017,-7258.909244302144
892,3,A2C-MADRL,-9203.924639803545,-7272.159519844783
893,3,A2C-MADRL,-8823.510874916723,-7365.96279395033
894,3,A2C-MADRL,-5395.38534962718,-7298.982154818687
895,3,A2C-MADRL,-6209.145396364101,-7252.573218769285
896,3,A2C-MADRL,-7531.509584108753,-7297.413124319432
897,3,A2C-MADRL,-7257.640960457043,-7265.413249564171
898,3,A2C-MADRL,-7004.81120987066,-7200.254451555599
899,3,A2C-MADRL,-5266.689374828745,-7102.2494620189445
900,3,A2C-MADRL,-7199.934384179533,-7135.784377885833
901,3,A2C-MADRL,-7227.799785004036,-7132.228842656074
902,3,A2C-MADRL,-6147.2801699416805,-7013.060636459716
903,3,A2C-MADRL,-7068.602544217452,-7002.504949268745
904,3,A2C-MADRL,-8968.336664715991,-7061.026624426383
905,3,A2C-MADRL,-7282.42317864119,-7109.301463191756
906,3,A2C-MADRL,-6662.382930306708,-7065.117701676014
907,3,A2C-MADRL,-6958.226385241473,-7023.3774436338
908,3,A2C-MADRL,-7101.381996285734,-7044.0574796030905
909,3,A2C-MADRL,-6313.931084329513,-7027.118496458436
910,3,A2C-MADRL,-6606.804584334424,-7049.979560865145
911,3,A2C-MADRL,-7460.52064386583,-7123.019323391691
912,3,A2C-MADRL,-6694.153163882902,-7113.269463245887
913,3,A2C-MADRL,-7811.912375365366,-7119.069079564343
914,3,A2C-MADRL,-7613.71327780871,-7130.848153210325
915,3,A2C-MADRL,-7380.524086314771,-7136.200408120889
916,3,A2C-MADRL,-6304.539330069337,-7099.803358979257
917,3,A2C-MADRL,-6561.720138723689,-6994.115178936061
918,3,A2C-MADRL,-6774.045373939918,-6912.13655889699
919,3,A2C-MADRL,-5625.018105810533,-6921.321869144324
920,3,A2C-MADRL,-7735.454269300988,-6982.3742240617985
921,3,A2C-MADRL,-7599.917078568364,-6985.110523840183
922,3,A2C-MADRL,-7710.937783997027,-7003.242396781783
923,3,A2C-MADRL,-5078.888951476391,-6926.205506446012
924,3,A2C-MADRL,-8999.517184851495,-7075.518618846922
925,3,A2C-MADRL,-6132.361719056642,-7032.815712242005
926,3,A2C-MADRL,-8296.13660816643,-7075.549185168502
927,3,A2C-MADRL,-5499.819737832562,-7049.650767884137
928,3,A2C-MADRL,-7019.194634908703,-7047.674451511787
929,3,A2C-MADRL,-5767.269771377261,-6919.631775778239
930,3,A2C-MADRL,-7739.291665194068,-6937.906515240353
931,3,A2C-MADRL,-7841.487763229964,-6985.070708557285
932,3,A2C-MADRL,-6369.967270608638,-6961.540343971969
933,3,A2C-MADRL,-8386.791621772383,-7012.956728991437
934,3,A2C-MADRL,-6017.172364774249,-7001.086380209225
935,3,A2C-MADRL,-7442.043405183087,-7034.495933043172
936,3,A2C-MADRL,-7316.551960079774,-7028.73718569173
937,3,A2C-MADRL,-6933.396652085939,-7038.306925219851
938,3,A2C-MADRL,-6745.747793915025,-6995.660341961838
939,3,A2C-MADRL,-7580.725139154725,-6994.340816415677
940,3,A2C-MADRL,-6603.812962894855,-6963.272371478883
941,3,A2C-MADRL,-8003.784563047571,-7031.242180798011
942,3,A2C-MADRL,-7348.863238530162,-7062.727904790271
943,3,A2C-MADRL,-7732.467214681608,-7101.064778419938
944,3,A2C-MADRL,-6371.402211068981,-7130.920142630276
945,3,A2C-MADRL,-8692.65313672789,-7169.208097327351
946,3,A2C-MADRL,-7791.791382840685,-7176.883069498244
947,3,A2C-MADRL,-7759.81229615058,-7178.838049984386
948,3,A2C-MADRL,-5420.227739429854,-7192.491601502526
949,3,A2C-MADRL,-5631.406902816504,-7057.767190221126
950,3,A2C-MADRL,-6316.864464768412,-7065.147300049597
951,3,A2C-MADRL,-6601.99201788558,-6997.381516438361
952,3,A2C-MADRL,-8046.617246627158,-7099.253416790146
953,3,A2C-MADRL,-7077.087057545589,-7101.569113695623
954,3,A2C-MADRL,-8959.505534760427,-7229.258544230949
955,3,A2C-MADRL,-5863.7456480194505,-7154.236703543965
956,3,A2C-MADRL,-5243.077176587898,-7050.300280078281
957,3,A2C-MADRL,-7203.349085381188,-7083.635552669184
958,3,A2C-MADRL,-7369.086661474132,-7042.927354257252
959,3,A2C-MADRL,-5403.305245147448,-7018.372669472181
960,3,A2C-MADRL,-6981.074000089451,-6999.933893268436
961,3,A2C-MADRL,-7334.556196207909,-7000.654062713562
962,3,A2C-MADRL,-7359.860771693888,-7017.712627497879
963,3,A2C-MADRL,-8860.317928053653,-7102.295432863424
964,3,A2C-MADRL,-7313.130447510417,-7091.591645197652
965,3,A2C-MADRL,-7147.638721938736,-7113.344675559406
966,3,A2C-MADRL,-5974.301038035327,-7032.1653345589175
967,3,A2C-MADRL,-7887.788602510867,-7053.722349118146
968,3,A2C-MADRL,-6321.561399350561,-6997.2861165049035
969,3,A2C-MADRL,-6497.661381627795,-7002.336483327255
970,3,A2C-MADRL,-8556.525218462419,-6996.891366596637
971,3,A2C-MADRL,-6593.188319152574,-6948.947244049113
972,3,A2C-MADRL,-7158.337278808492,-6924.88824335543
973,3,A2C-MADRL,-7069.627663432161,-6990.864240315522
974,3,A2C-MADRL,-6487.090128829857,-7025.091569356055
975,3,A2C-MADRL,-6493.799354248045,-7032.168964935241
976,3,A2C-MADRL,-6461.388546626817,-7026.544826084891
977,3,A2C-MADRL,-6402.946861639568,-6960.7980106853865
978,3,A2C-MADRL,-7614.190027324368,-6982.282129476537
979,3,A2C-MADRL,-5466.811611560975,-6842.57437254856
980,3,A2C-MADRL,-6258.619635469518,-6858.369332046563
981,3,A2C-MADRL,-5656.361656772489,-6874.900711253947
982,3,A2C-MADRL,-7382.45917985242,-6882.065115032796
983,3,A2C-MADRL,-8432.193036960804,-6924.589370052263
984,3,A2C-MADRL,-6383.934272648692,-6963.814531152312
985,3,A2C-MADRL,-6902.71088542097,-6960.6800065655725
986,3,A2C-MADRL,-5877.549942619653,-6902.399756422042
987,3,A2C-MADRL,-6717.9009691437495,-6876.721364320037
988,3,A2C-MADRL,-4959.7148410168265,-6720.697240838564
989,3,A2C-MADRL,-7699.327340448884,-6736.145116556103
990,3,A2C-MADRL,-6880.41217148004,-6725.456054537755
991,3,A2C-MADRL,-7056.371206494638,-6768.738861276127
992,3,A2C-MADRL,-4784.595780790149,-6644.611148407299
993,3,A2C-MADRL,-6382.153766504032,-6647.034843093437
994,3,A2C-MADRL,-7739.71272549998,-6696.716896848325
995,3,A2C-MADRL,-6660.712526733938,-6620.884389179186
996,3,A2C-MADRL,-7349.134830625188,-6651.122249638091
997,3,A2C-MADRL,-5876.300286337371,-6599.840769939246
998,3,A2C-MADRL,-5786.053790648939,-6548.497815027917
999,3,A2C-MADRL,-6320.920993076439,-6541.851049597779
1000,3,A2C-MADRL,-7352.971781132823,-6576.21794667317
1001,3,A2C-MADRL,-7176.579974722441,-7176.579974722441
1002,3,A2C-MADRL,-6666.345989790872,-6921.462982256657
1003,3,A2C-MADRL,-6682.464598849831,-6841.796854454381
1004,3,A2C-MADRL,-5866.74264639881,-6598.033302440489
1005,3,A2C-MADRL,-7241.838729750129,-6726.794387902417
1006,3,A2C-MADRL,-7038.710449455046,-6778.780398161188
1007,3,A2C-MADRL,-6968.67889047642,-6805.908754206221
1008,3,A2C-MADRL,-7360.405061253819,-6875.220792587171
1009,3,A2C-MADRL,-8969.863892911413,-7107.958914845421
1010,3,A2C-MADRL,-6626.656806524457,-7059.828704013324
1011,3,A2C-MADRL,-6170.1117953505245,-6978.945348680342
1012,3,A2C-MADRL,-6519.244728444175,-6940.636963660661
1013,3,A2C-MADRL,-6162.601177616059,-6880.788057041846
1014,3,A2C-MADRL,-7002.296520141159,-6889.467232977511
1015,3,A2C-MADRL,-8042.040981921144,-6966.305482907087
1016,3,A2C-MADRL,-8267.69396213134,-7047.642262858602
1017,3,A2C-MADRL,-6434.067485091205,-7011.549628872285
1018,3,A2C-MADRL,-6933.258864542326,-7007.200141965065
1019,3,A2C-MADRL,-6308.335717807509,-6970.417803851509
1020,3,A2C-MADRL,-7188.71998334686,-6981.332912826278
1021,3,A2C-MADRL,-6587.658225885984,-6962.586499162453
1022,3,A2C-MADRL,-5786.942118561738,-6909.148118226058
1023,3,A2C-MADRL,-6571.645294828652,-6894.474082426171
1024,3,A2C-MADRL,-6652.199762420657,-6884.379319092607
1025,3,A2C-MADRL,-4832.322558944736,-6802.2970486866925
1026,3,A2C-MADRL,-6302.590366725509,-6767.337464366815
1027,3,A2C-MADRL,-4515.055386473849,-6681.2858402341335
1028,3,A2C-MADRL,-5857.3777550782725,-6648.282366483272
1029,3,A2C-MADRL,-8171.301215039085,-6740.464709228882
1030,3,A2C-MADRL,-6002.892762012768,-6690.906870519389
1031,3,A2C-MADRL,-5906.183157077249,-6645.605778824276
1032,3,A2C-MADRL,-4584.80528342138,-6550.250834542076
1033,3,A2C-MADRL,-8318.61668048456,-6588.579299311305
1034,3,A2C-MADRL,-6553.36994153979,-6491.91954125644
1035,3,A2C-MADRL,-7206.570213646701,-6515.116077541329
1036,3,A2C-MADRL,-5355.458366256231,-6482.529940377558
1037,3,A2C-MADRL,-6772.779033156067,-6492.671312566033
1038,3,A2C-MADRL,-6773.81145951347,-6517.119723841929
1039,3,A2C-MADRL,-7314.062558507869,-6529.590365376598
1040,3,A2C-MADRL,-6171.396618888317,-6454.764590855285
1041,3,A2C-MADRL,-6456.494508556822,-6382.316612712304
1042,3,A2C-MADRL,-6952.506407292134,-6403.05416960034
1043,3,A2C-MADRL,-6860.133415695584,-6400.129151646472
1044,3,A2C-MADRL,-6525.549518082052,-6408.817703657454
1045,3,A2C-MADRL,-5495.749856916113,-6341.098898600223
1046,3,A2C-MADRL,-5493.519472971257,-6297.333348483634
1047,3,A2C-MADRL,-6723.141814915267,-6334.781336337776
1048,3,A2C-MADRL,-5005.878438976343,-6272.150662103683
1049,3,A2C-MADRL,-6238.9676664305225,-6255.621378264078
1050,3,A2C-MADRL,-7017.453107343295,-6343.026600200019
1051,3,A2C-MADRL,-4049.1155657688105,-6252.887608161753
1052,3,A2C-MADRL,-6104.698596155351,-6316.473336549013
1053,3,A2C-MADRL,-6263.482040461538,-6332.717507964342
1054,3,A2C-MADRL,-7382.539730115415,-6301.167048567396
1055,3,A2C-MADRL,-7488.50985512306,-6360.591732291808
1056,3,A2C-MADRL,-6071.461188173655,-6367.202853535664
1057,3,A2C-MADRL,-7662.454914531999,-6490.308838780089
1058,3,A2C-MADRL,-5344.755712710452,-6371.3544000691245
1059,3,A2C-MADRL,-5838.840914219518,-6342.773238976314
1060,3,A2C-MADRL,-7101.390185054068,-6338.566037832608
1061,3,A2C-MADRL,-6896.475050993628,-6400.206705222105
1062,3,A2C-MADRL,-5825.941106689962,-6362.33318816346
1063,3,A2C-MADRL,-7662.663824840201,-6397.88728277653
1064,3,A2C-MADRL,-5936.190746233538,-6342.772410285555
1065,3,A2C-MADRL,-6869.246662022318,-6370.686412010916
1066,3,A2C-MADRL,-7057.893915553865,-6394.742388290798
1067,3,A2C-MADRL,-6059.033452775969,-6359.003470110151
1068,3,A2C-MADRL,-5963.3327911359465,-6323.131445127765
1069,3,A2C-MADRL,-6290.504792156127,-6313.729656090728
1070,3,A2C-MADRL,-6051.013913676425,-6335.940218361141
1071,3,A2C-MADRL,-6764.193539374557,-6386.767181017273
1072,3,A2C-MADRL,-7091.408809613567,-6401.497860805205
1073,3,A2C-MADRL,-4804.0341236089935,-6393.424088190511
1074,3,A2C-MADRL,-7257.542238067754,-6434.167071056
1075,3,A2C-MADRL,-6319.625700905497,-6406.253974798489
1076,3,A2C-MADRL,-7848.575478997473,-6558.232371327635
1077,3,A2C-MADRL,-6343.629774878938,-6567.789618476578
1078,3,A2C-MADRL,-7492.579166160773,-6616.953503504548
1079,3,A2C-MADRL,-6777.440715501676,-6592.749542919998
1080,3,A2C-MADRL,-6364.345368311974,-6547.782963447555
1081,3,A2C-MADRL,-6787.742129587464,-6576.434201104108
1082,3,A2C-MADRL,-6376.569383231344,-6524.998779852081
1083,3,A2C-MADRL,-7211.37992566671,-6599.663748370331
1084,3,A2C-MADRL,-5868.176539679493,-6600.83717338873
1085,3,A2C-MADRL,-4839.498592360594,-6510.361509680993
1086,3,A2C-MADRL,-6399.839784728971,-6490.496099030404
1087,3,A2C-MADRL,-6590.965326974048,-6521.097067841769
1088,3,A2C-MADRL,-6416.019291068484,-6471.2312864909
1089,3,A2C-MADRL,-6714.925068883818,-6502.380659396911
1090,3,A2C-MADRL,-6086.086603132524,-6471.05425704132
1091,3,A2C-MADRL,-7092.554657071856,-6472.440686702039
1092,3,A2C-MADRL,-6280.1333967061655,-6481.284684459247
1093,3,A2C-MADRL,-6982.974073832251,-6522.070335767099
1094,3,A2C-MADRL,-7734.212544444796,-6579.818645858646
1095,3,A2C-MADRL,-4679.016980613875,-6524.9387685361435
1096,3,A2C-MADRL,-7438.876477221433,-6551.926086050019
1097,3,A2C-MADRL,-5672.205536683699,-6495.157955132824
1098,3,A2C-MADRL,-7058.313093633262,-6585.329113933794
1099,3,A2C-MADRL,-6670.147375606423,-6561.833319435342
1100,3,A2C-MADRL,-6149.479004818787,-6555.027451591874
1101,3,A2C-MADRL,-5670.627419466266,-6467.909529210625
1102,3,A2C-MADRL,-6003.0070455388695,-6454.284620037023
1103,3,A2C-MADRL,-6629.4736284779565,-6419.76039852971
1104,3,A2C-MADRL,-5946.788767086215,-6386.534320593091
1105,3,A2C-MADRL,-6603.252377737297,-6396.090600970105
1106,3,A2C-MADRL,-5998.9972496186,-6364.540805771349
1107,3,A2C-MADRL,-5140.939123874327,-6315.115595397069
1108,3,A2C-MADRL,-5161.807738333744,-6233.132707903751
1109,3,A2C-MADRL,-7708.95114152573,-6306.7636919776005
1110,3,A2C-MADRL,-7162.205281602519,-6399.671959547276
1111,3,A2C-MADRL,-6526.355433629425,-6404.732585503295
1112,3,A2C-MADRL,-5571.19402497559,-6363.941733423358
1113,3,A2C-MADRL,-6465.642330552695,-6365.926655002725
1114,3,A2C-MADRL,-7213.502245043068,-6385.869742049094
1115,3,A2C-MADRL,-5923.651255019502,-6379.372328124574
1116,3,A2C-MADRL,-5255.608318661764,-6305.894474588171
1117,3,A2C-MADRL,-4700.200505304998,-6242.697158932124
1118,3,A2C-MADRL,-5260.252277899237,-6173.788287094803
1119,3,A2C-MADRL,-6380.917664736304,-6119.656491906464
1120,3,A2C-MADRL,-5767.204114935442,-6163.183977279326
1121,3,A2C-MADRL,-6395.063462831557,-6121.431456703731
1122,3,A2C-MADRL,-6706.684250910916,-6162.81060527282
1123,3,A2C-MADRL,-6414.231833336868,-6137.047354860964
1124,3,A2C-MADRL,-6249.57751253129,-6120.224560337959
1125,3,A2C-MADRL,-7495.693020251268,-6174.073120955257
1126,3,A2C-MADRL,-6665.102027438343,-6213.852105274141
1127,3,A2C-MADRL,-5494.324582272053,-6193.504806743468
1128,3,A2C-MADRL,-6596.28075304331,-6192.177091726082
1129,3,A2C-MADRL,-7504.749583839453,-6254.495524396213
1130,3,A2C-MADRL,-6309.598310377902,-6242.749361701836
1131,3,A2C-MADRL,-6581.041782265386,-6266.031143007707
1132,3,A2C-MADRL,-6008.668510271718,-6300.740318463603
1133,3,A2C-MADRL,-6192.63854276852,-6341.973550640994
1134,3,A2C-MADRL,-6198.050401991941,-6281.537521059642
1135,3,A2C-MADRL,-6745.247325328735,-6264.859202808691
1136,3,A2C-MADRL,-6200.30802772692,-6251.817306572591
1137,3,A2C-MADRL,-6959.619936320471,-6307.354343026386
1138,3,A2C-MADRL,-5492.409880958785,-6268.425045042631
1139,3,A2C-MADRL,-6028.863290652058,-6221.03948686699
1140,3,A2C-MADRL,-5006.39699405387,-6184.349316428365
1141,3,A2C-MADRL,-6013.604540230048,-6214.669165291096
1142,3,A2C-MADRL,-6445.692619951778,-6284.488849876967
1143,3,A2C-MADRL,-8096.897621000036,-6397.954663600998
1144,3,A2C-MADRL,-6534.680946390594,-6404.10519486717
1145,3,A2C-MADRL,-6275.472132355389,-6424.435915563968
1146,3,A2C-MADRL,-7227.015957325584,-6457.714015343729
1147,3,A2C-MADRL,-6485.943918715335,-6448.884402055907
1148,3,A2C-MADRL,-7106.883390964416,-6476.590464361008
1149,3,A2C-MADRL,-3961.4190697396334,-6385.064126649342
1150,3,A2C-MADRL,-5254.975743088324,-6295.435435562826
1151,3,A2C-MADRL,-5526.786038561094,-6249.902796007735
1152,3,A2C-MADRL,-5915.302169299924,-6266.7418994888485
1153,3,A2C-MADRL,-6815.681303636447,-6275.517921512575
1154,3,A2C-MADRL,-5705.050806858935,-6203.529970433354
1155,3,A2C-MADRL,-7173.331548378311,-6238.0792999533705
1156,3,A2C-MADRL,-6828.896459758662,-6247.9934870531015
1157,3,A2C-MADRL,-7148.80925882669,-6293.5991169952995
1158,3,A2C-MADRL,-5509.796373428586,-6266.285430221703
1159,3,A2C-MADRL,-7072.103078099175,-6301.247537265993
1160,3,A2C-MADRL,-6469.8620580784045,-6290.232126575979
1161,3,A2C-MADRL,-7209.77433030113,-6330.610778678948
1162,3,A2C-MADRL,-5870.894470839281,-6287.061760059699
1163,3,A2C-MADRL,-5937.516640777716,-6304.8660304524565
1164,3,A2C-MADRL,-6483.930308033512,-6323.068711147715
1165,3,A2C-MADRL,-6142.914237711311,-6368.529400894014
1166,3,A2C-MADRL,-6839.675726351296,-6401.572248338863
1167,3,A2C-MADRL,-5007.788569207343,-6344.056086309085
1168,3,A2C-MADRL,-6855.273329932989,-6294.391114666404
1169,3,A2C-MADRL,-6686.384982293405,-6300.459276102516
1170,3,A2C-MADRL,-6639.004762536363,-6315.000581309755
1171,3,A2C-MADRL,-7262.585579813989,-6316.423366209291
1172,3,A2C-MADRL,-5579.849575489032,-6280.179592480238
1173,3,A2C-MADRL,-5528.242234335441,-6217.03394621508
1174,3,A2C-MADRL,-4815.946611050767,-6251.215047867525
1175,3,A2C-MADRL,-5854.310889780534,-6275.188453735214
1176,3,A2C-MADRL,-5682.654482087719,-6281.423191476278
1177,3,A2C-MADRL,-5821.969458532385,-6277.6898830455775
1178,3,A2C-MADRL,-6748.542652074726,-6275.004336983107
1179,3,A2C-MADRL,-7393.535777539654,-6342.543735810336
1180,3,A2C-MADRL,-7098.44433999564,-6339.548247475031
1181,3,A2C-MADRL,-5786.974577445652,-6297.87137218251
1182,3,A2C-MADRL,-5915.451638958097,-6248.537067387766
1183,3,A2C-MADRL,-7157.226901188757,-6314.4342884981725
1184,3,A2C-MADRL,-7074.226945492555,-6314.519243193908
1185,3,A2C-MADRL,-4868.442818680973,-6250.462473618011
1186,3,A2C-MADRL,-6015.203217829537,-6202.679629119147
1187,3,A2C-MADRL,-5727.913889816719,-6196.960405878245
1188,3,A2C-MADRL,-6512.111116823306,-6219.944184920068
1189,3,A2C-MADRL,-5324.114980360529,-6173.551571813149
1190,3,A2C-MADRL,-5319.953699785472,-6140.633150296116
1191,3,A2C-MADRL,-6766.958471872785,-6137.724460116974
1192,3,A2C-MADRL,-6389.323965578767,-6192.985875971832
1193,3,A2C-MADRL,-6152.383300763897,-6164.870274805068
1194,3,A2C-MADRL,-6991.8084142165135,-6177.087212081991
1195,3,A2C-MADRL,-7136.063984278431,-6196.969580951675
1196,3,A2C-MADRL,-4541.275645081778,-6088.117183562386
1197,3,A2C-MADRL,-4683.791865879135,-6052.274875177991
1198,3,A2C-MADRL,-5194.413699074253,-6038.921733767543
1199,3,A2C-MADRL,-6031.543879249079,-6087.545624495476
1200,3,A2C-MADRL,-6382.087847295887,-6108.656702796089
1201,3,A2C-MADRL,-6520.362730310422,-6142.165032724999
1202,3,A2C-MADRL,-6694.197105368296,-6177.054138598434
1203,3,A2C-MADRL,-7495.882131866173,-6206.947717790093
1204,3,A2C-MADRL,-6051.692793861013,-6153.273998442946
1205,3,A2C-MADRL,-6164.700163826462,-6115.924231396179
1206,3,A2C-MADRL,-5960.1087400108645,-6122.8495978987885
1207,3,A2C-MADRL,-6548.625221306442,-6148.176541192722
1208,3,A2C-MADRL,-5772.120678347198,-6092.77229227906
1209,3,A2C-MADRL,-6394.563442917798,-6065.585752176068
1210,3,A2C-MADRL,-5522.720740475566,-6091.756869047852
1211,3,A2C-MADRL,-6087.983515278689,-6094.668080945819
1212,3,A2C-MADRL,-5543.250824004772,-6087.281558313341
1213,3,A2C-MADRL,-6932.4247204368585,-6104.094102457882
1214,3,A2C-MADRL,-6620.066242867331,-6155.932152958155
1215,3,A2C-MADRL,-6799.08154088657,-6215.097266602198
1216,3,A2C-MADRL,-6023.022158471295,-6185.339814066141
1217,3,A2C-MADRL,-7950.880664279191,-6247.802082014157
1218,3,A2C-MADRL,-5219.943233217648,-6210.504479312306
1219,3,A2C-MADRL,-6146.136997847608,-6176.677622657551
1220,3,A2C-MADRL,-4437.966609185776,-6068.753727653844
1221,3,A2C-MADRL,-6694.63484228543,-6154.88809554199
1222,3,A2C-MADRL,-6143.754904516918,-6213.286617087502
1223,3,A2C-MADRL,-6646.515827421752,-6271.370702221402
1224,3,A2C-MADRL,-6691.283125859921,-6297.760272085836
1225,3,A2C-MADRL,-5127.489991734748,-6247.5763578633905
1226,3,A2C-MADRL,-5718.936525429423,-6215.51930966815
1227,3,A2C-MADRL,-5881.910945499329,-6183.027863273392
1228,3,A2C-MADRL,-6062.116285578239,-6125.677229421874
1229,3,A2C-MADRL,-7731.641161445077,-6192.875164125237
1230,3,A2C-MADRL,-5567.69940118295,-6168.995133619496
1231,3,A2C-MADRL,-5491.621317411706,-6150.255636715529
1232,3,A2C-MADRL,-6615.64717108489,-6152.936514706667
1233,3,A2C-MADRL,-6367.991815044939,-6176.771360174577
1234,3,A2C-MADRL,-6153.759969384058,-6167.1392212332275
1235,3,A2C-MADRL,-8621.538128885479,-6291.091916769624
1236,3,A2C-MADRL,-6002.74217050747,-6287.682262978775
1237,3,A2C-MADRL,-5532.991222529381,-6287.27187891976
1238,3,A2C-MADRL,-5187.551940255172,-6217.476967712491
1239,3,A2C-MADRL,-6569.525811385954,-6215.455350453238
1240,3,A2C-MADRL,-5188.313639983642,-6151.02463441712
1241,3,A2C-MADRL,-4616.9699908485145,-6094.782547712209
1242,3,A2C-MADRL,-5637.756795358246,-6002.2575929553705
1243,3,A2C-MADRL,-6818.209768949764,-6066.188254384656
1244,3,A2C-MADRL,-6357.416210219095,-6074.639422879514
1245,3,A2C-MADRL,-7737.492894937692,-6206.620474309591
1246,3,A2C-MADRL,-6412.173869863744,-6195.322035412724
1247,3,A2C-MADRL,-4518.981202679475,-6130.331087339226
1248,3,A2C-MADRL,-6719.074620508952,-6133.233439062714
1249,3,A2C-MADRL,-5203.998082212771,-6073.742037316829
1250,3,A2C-MADRL,-5141.061290857856,-6074.284889281752
1251,3,A2C-MADRL,-5656.897608880616,-6071.8033326198
1252,3,A2C-MADRL,-6903.886119858304,-6112.682339594159
1253,3,A2C-MADRL,-6145.0312875265945,-6115.998939672094
1254,3,A2C-MADRL,-5717.78055862242,-6035.444515559187
1255,3,A2C-MADRL,-5780.5415608664025,-6043.958201946525
1256,3,A2C-MADRL,-7936.313094971756,-6141.745873048927
1257,3,A2C-MADRL,-6421.749897978774,-6133.989982124683
1258,3,A2C-MADRL,-6077.614520264014,-6122.374890333445
1259,3,A2C-MADRL,-4777.656014173726,-6067.330732125033
1260,3,A2C-MADRL,-5324.4299736922,-5935.4464059173015
1261,3,A2C-MADRL,-5496.560333582266,-5915.1991324402925
1262,3,A2C-MADRL,-6595.159993039199,-5957.685883260686
1263,3,A2C-MADRL,-4832.848369656357,-5943.497740436735
1264,3,A2C-MADRL,-6194.100935825552,-5928.480745414317
1265,3,A2C-MADRL,-5193.92152196879,-5928.705060693724
1266,3,A2C-MADRL,-7766.122834622534,-6054.671174444683
1267,3,A2C-MADRL,-6006.9211185792265,-6069.437747373524
1268,3,A2C-MADRL,-6952.883556963511,-6074.824698894073
1269,3,A2C-MADRL,-5307.170653263072,-6032.814876615832
1270,3,A2C-MADRL,-4940.120380505454,-5920.919976038543
1271,3,A2C-MADRL,-5784.3116026898215,-5895.805485351586
1272,3,A2C-MADRL,-6120.716279269641,-5959.874888415192
1273,3,A2C-MADRL,-5368.338475517139,-5905.84544261552
1274,3,A2C-MADRL,-7337.735569102929,-5991.194942091126
1275,3,A2C-MADRL,-4993.711265801618,-5985.300941088877
1276,3,A2C-MADRL,-6140.810738035421,-6004.657466255069
1277,3,A2C-MADRL,-5084.005127653755,-5931.862226566886
1278,3,A2C-MADRL,-5794.2042386956855,-5917.829144613651
1279,3,A2C-MADRL,-6119.092839776269,-5933.881635859805
1280,3,A2C-MADRL,-5939.405417675655,-5940.236190132175
1281,3,A2C-MADRL,-6388.7410404308175,-5878.333307950537
1282,3,A2C-MADRL,-6724.542142094513,-5890.444997715168
1283,3,A2C-MADRL,-4654.931176371109,-5833.53766395945
1284,3,A2C-MADRL,-6293.27001186073,-5894.16222386693
1285,3,A2C-MADRL,-6617.295058094547,-5945.876827243024
1286,3,A2C-MADRL,-5249.631684504849,-5935.999681279928
1287,3,A2C-MADRL,-5516.216880646622,-5892.841956784225
1288,3,A2C-MADRL,-6087.448605921966,-5943.025966234849
1289,3,A2C-MADRL,-7178.936162536713,-5982.419375303296
1290,3,A2C-MADRL,-6667.122289452338,-6041.347406002637
1291,3,A2C-MADRL,-6039.175799330611,-5972.269524590961
1292,3,A2C-MADRL,-5785.2906482812905,-5963.404305779042
1293,3,A2C-MADRL,-5492.21826539155,-5904.977694116165
1294,3,A2C-MADRL,-5941.86511307633,-5930.365472508694
1295,3,A2C-MADRL,-6255.195157933327,-5982.96846360581
1296,3,A2C-MADRL,-5784.327337584857,-5982.96909300161
1297,3,A2C-MADRL,-6705.47383212781,-6006.359395115938
1298,3,A2C-MADRL,-5031.179746518374,-5992.873045955987
1299,3,A2C-MADRL,-5754.285895986732,-5929.53505903134
1300,3,A2C-MADRL,-6496.8472593069655,-5989.660498771554
1301,3,A2C-MADRL,-7233.5028066289,-6033.368181515293
1302,3,A2C-MADRL,-4595.33896319986,-6013.821534937137
1303,3,A2C-MADRL,-4971.327989435502,-5980.90648496673
1304,3,A2C-MADRL,-8198.672340494872,-6064.089664995474
1305,3,A2C-MADRL,-6431.416044176945,-6083.770090055525
1306,3,A2C-MADRL,-5547.434401588519,-6050.117824501833
1307,3,A2C-MADRL,-5821.71560786872,-6014.004763132801
1308,3,A2C-MADRL,-5716.953807669213,-6056.4856683847265
1309,3,A2C-MADRL,-6362.204273413247,-6059.243038846827
1310,3,A2C-MADRL,-5516.0660547014,-6015.193878711101
1311,3,A2C-MADRL,-7379.0545326851825,-6100.370792638314
1312,3,A2C-MADRL,-6287.796846676352,-6131.233991279503
1313,3,A2C-MADRL,-8338.056035075468,-6221.258288445644
1314,3,A2C-MADRL,-5749.132908200378,-6164.06615827219
1315,3,A2C-MADRL,-4696.040626413765,-6085.222891750646
1316,3,A2C-MADRL,-4660.384164772535,-6030.0712263683245
1317,3,A2C-MADRL,-4526.114677659969,-5979.704187543472
1318,3,A2C-MADRL,-5735.890071902442,-5989.451059803907
1319,3,A2C-MADRL,-5349.2484492634085,-5965.74639325139
1320,3,A2C-MADRL,-5629.956080127652,-5940.7368301391625
1321,3,A2C-MADRL,-6122.322463382685,-5954.256635171075
1322,3,A2C-MADRL,-6930.114307903681,-5963.242254202111
1323,3,A2C-MADRL,-5944.101267730925,-5999.759115050613
1324,3,A2C-MADRL,-5631.80037192256,-5994.859694088045
1325,3,A2C-MADRL,-4988.046465447923,-5934.5076623336845
1326,3,A2C-MADRL,-5830.248040249335,-5878.377471678501
1327,3,A2C-MADRL,-5354.213966001282,-5908.732471790559
1328,3,A2C-MADRL,-6717.173758081373,-5978.566302536393
1329,3,A2C-MADRL,-5628.703505536119,-5875.767549138042
1330,3,A2C-MADRL,-5531.430132208381,-5839.768112659301
1331,3,A2C-MADRL,-5798.254630789553,-5849.800921827342
1332,3,A2C-MADRL,-6016.927475466225,-5857.609396531243
1333,3,A2C-MADRL,-6078.696724802207,-5872.079113216562
1334,3,A2C-MADRL,-4528.816089577257,-5798.743585863122
1335,3,A2C-MADRL,-4686.808086958426,-5765.573267153403
1336,3,A2C-MADRL,-6607.65891241649,-5734.717442342657
1337,3,A2C-MADRL,-5623.153543887062,-5708.131710231084
1338,3,A2C-MADRL,-6573.000063119571,-5637.529471352847
1339,3,A2C-MADRL,-6925.975424030727,-5684.603171986062
1340,3,A2C-MADRL,-7316.790008528651,-5789.433147270658
1341,3,A2C-MADRL,-5747.508126903879,-5832.918105755912
1342,3,A2C-MADRL,-6011.822729119634,-5892.346427814298
1343,3,A2C-MADRL,-7610.867146159684,-5967.3455107845875
1344,3,A2C-MADRL,-4741.610964316728,-5943.04001138672
1345,3,A2C-MADRL,-5498.988924175495,-5937.801325148634
1346,3,A2C-MADRL,-5350.306058135675,-5906.920668938754
1347,3,A2C-MADRL,-4403.868542279302,-5805.870838313779
1348,3,A2C-MADRL,-5640.146549432073,-5793.712649581825
1349,3,A2C-MADRL,-5342.961129751693,-5782.15907989499
1350,3,A2C-MADRL,-5819.914594581672,-5815.43380506034
1351,3,A2C-MADRL,-6374.529820673057,-5837.205076277289
1352,3,A2C-MADRL,-5712.79100459901,-5851.5481578211975
1353,3,A2C-MADRL,-5777.892813711626,-5813.976920046408
1354,3,A2C-MADRL,-5859.556621708254,-5823.211044693294
1355,3,A2C-MADRL,-5984.155187927986,-5841.320046922078
1356,3,A2C-MADRL,-6870.979594717893,-5884.229045479212
1357,3,A2C-MADRL,-6212.161590543386,-5892.038410082298
1358,3,A2C-MADRL,-4514.146084495642,-5829.456384470035
1359,3,A2C-MADRL,-6548.03035683975,-5910.2249551605355
1360,3,A2C-MADRL,-6107.244210110344,-5967.0424000866105
1361,3,A2C-MADRL,-6544.022190645697,-5964.49693121578
1362,3,A2C-MADRL,-6173.279460470583,-5986.5019678791205
1363,3,A2C-MADRL,-6254.430382042488,-5973.759180636037
1364,3,A2C-MADRL,-6295.794573912098,-5948.551946631292
1365,3,A2C-MADRL,-8772.458085235328,-6006.778669699558
1366,3,A2C-MADRL,-4719.213208493004,-5965.646872963124
1367,3,A2C-MADRL,-4546.206998089425,-5907.022243721916
1368,3,A2C-MADRL,-5799.393887442541,-5834.56331337323
1369,3,A2C-MADRL,-7418.629975106245,-5941.644073804811
1370,3,A2C-MADRL,-6323.897054570729,-5974.64039902062
1371,3,A2C-MADRL,-5320.601546111577,-5973.452218539656
1372,3,A2C-MADRL,-6949.432224071705,-6075.274765811352
1373,3,A2C-MADRL,-6999.132863701638,-6129.634218382134
1374,3,A2C-MADRL,-5279.339814219946,-6127.089365760865
1375,3,A2C-MADRL,-4375.6907775608215,-6069.32041308003
1376,3,A2C-MADRL,-5243.219703243848,-6024.068008382863
1377,3,A2C-MADRL,-5347.165238130313,-6009.442977724115
1378,3,A2C-MADRL,-5453.611768385013,-5996.47173591105
1379,3,A2C-MADRL,-6342.866840651621,-6015.804144668785
1380,3,A2C-MADRL,-5290.69553277699,-5988.065758462745
1381,3,A2C-MADRL,-6477.568061050532,-5972.329297116051
1382,3,A2C-MADRL,-5561.529299795628,-5946.304005486139
1383,3,A2C-MADRL,-6306.444485688429,-6017.995941533852
1384,3,A2C-MADRL,-5413.0258003166055,-5972.5957592729255
1385,3,A2C-MADRL,-6128.698529559553,-5973.453932050895
1386,3,A2C-MADRL,-4763.5962146524525,-5902.236893011164
1387,3,A2C-MADRL,-4563.838941066055,-5837.859272234983
1388,3,A2C-MADRL,-5029.062863342855,-5788.844571486998
1389,3,A2C-MADRL,-6606.596511083448,-5801.2766489738515
1390,3,A2C-MADRL,-4683.634025142132,-5637.723686570124
1391,3,A2C-MADRL,-5288.557404446576,-5660.497454408266
1392,3,A2C-MADRL,-5213.27326131147,-5687.180104937148
1393,3,A2C-MADRL,-6781.417707365405,-5726.461057734064
1394,3,A2C-MADRL,-4639.2678068069845,-5615.286571002092
1395,3,A2C-MADRL,-6203.859888557836,-5610.485084361577
1396,3,A2C-MADRL,-6408.474191368977,-5653.999990171874
1397,3,A2C-MADRL,-6260.077925531319,-5626.425818230258
1398,3,A2C-MADRL,-6064.788734918228,-5589.052053078922
1399,3,A2C-MADRL,-6619.502837561144,-5642.658574012569
1400,3,A2C-MADRL,-5517.967193930294,-5688.349630667349
1401,3,A2C-MADRL,-5277.345280523408,-5689.71465375853
1402,3,A2C-MADRL,-5534.701454186303,-5697.21610240077
1403,3,A2C-MADRL,-6047.427927897187,-5720.968748781257
1404,3,A2C-MADRL,-4461.060582998645,-5645.696498475138
1405,3,A2C-MADRL,-5725.143088744412,-5663.074400713835
1406,3,A2C-MADRL,-5214.2816450052605,-5612.542944072024
1407,3,A2C-MADRL,-6671.234184661375,-5656.931139466655
1408,3,A2C-MADRL,-6786.694421682974,-5676.141136906435
1409,3,A2C-MADRL,-5133.684504269583,-5664.967485064556
1410,3,A2C-MADRL,-6006.878574270533,-5660.094686852994
1411,3,A2C-MADRL,-6456.37699638396,-5727.805918122255
1412,3,A2C-MADRL,-5653.711817293033,-5771.400833171334
1413,3,A2C-MADRL,-5973.571238050488,-5809.18116815964
1414,3,A2C-MADRL,-6529.961043519479,-5806.115749457081
1415,3,A2C-MADRL,-5693.516207793351,-5846.511036763129
1416,3,A2C-MADRL,-6940.401910328548,-5912.584816998408
1417,3,A2C-MADRL,-5715.338828732689,-5932.667439695257
1418,3,A2C-MADRL,-6420.256707867962,-5918.2209997153595
1419,3,A2C-MADRL,-5630.843290652991,-5957.884019069199
1420,3,A2C-MADRL,-6897.980834805602,-5985.64885691911
1421,3,A2C-MADRL,-7118.211518827799,-6014.038350017462
1422,3,A2C-MADRL,-7576.840752609447,-6066.708863100587
1423,3,A2C-MADRL,-5937.369068265266,-6061.61207643447
1424,3,A2C-MADRL,-5792.955817990314,-6028.550195651636
1425,3,A2C-MADRL,-6846.573759812231,-6081.694458286915
1426,3,A2C-MADRL,-5082.44642472735,-6073.8985040550715
1427,3,A2C-MADRL,-7134.920388542992,-6137.907261429338
1428,3,A2C-MADRL,-4920.295865114293,-6092.821978918023
1429,3,A2C-MADRL,-5382.778411502672,-6129.690692058185
1430,3,A2C-MADRL,-6774.35168356034,-6171.659035850822
1431,3,A2C-MADRL,-5767.290636075705,-6193.779395493639
1432,3,A2C-MADRL,-5594.737406107452,-6150.719524351482
1433,3,A2C-MADRL,-6273.731596371173,-6130.201011339011
1434,3,A2C-MADRL,-5665.43601282344,-6151.471071681164
1435,3,A2C-MADRL,-5476.202888983568,-6130.244044269685
1436,3,A2C-MADRL,-5433.064361672039,-6089.311538881209
1437,3,A2C-MADRL,-6100.092415090181,-6107.166762793096
1438,3,A2C-MADRL,-6243.394535471578,-6117.959694689938
1439,3,A2C-MADRL,-5868.942992642538,-6091.518972654861
1440,3,A2C-MADRL,-5049.473250059414,-6065.7572543455035
1441,3,A2C-MADRL,-6559.253146122435,-6050.511303777258
1442,3,A2C-MADRL,-5625.969846033128,-6046.936544469278
1443,3,A2C-MADRL,-7042.07711027882,-6071.80936056571
1444,3,A2C-MADRL,-5766.434520773689,-6077.233009770539
1445,3,A2C-MADRL,-6026.589324459077,-6042.377349356679
1446,3,A2C-MADRL,-3600.5976496040525,-5901.672794587728
1447,3,A2C-MADRL,-6240.681186059272,-5848.226411925721
1448,3,A2C-MADRL,-5274.194827162279,-5821.699442281601
1449,3,A2C-MADRL,-6205.504752760597,-5838.201399672414
1450,3,A2C-MADRL,-5782.018093261725,-5795.619173010392
1451,3,A2C-MADRL,-5946.223347055429,-5830.170249903516
1452,3,A2C-MADRL,-5308.981717980701,-5757.132703081024
1453,3,A2C-MADRL,-6152.3287078341455,-5806.414016789818
1454,3,A2C-MADRL,-4973.3292124197815,-5790.036048826503
1455,3,A2C-MADRL,-7708.767650972639,-5827.412687522994
1456,3,A2C-MADRL,-6345.207033904813,-5850.529343436159
1457,3,A2C-MADRL,-5134.875646294697,-5832.134873043649
1458,3,A2C-MADRL,-5141.941593160998,-5786.863272915241
1459,3,A2C-MADRL,-6323.868763667359,-5813.200582948999
1460,3,A2C-MADRL,-6951.72622177071,-5872.221516260485
1461,3,A2C-MADRL,-6007.911840708565,-5895.215415421944
1462,3,A2C-MADRL,-5911.646253143954,-5887.677568944096
1463,3,A2C-MADRL,-7159.168090601988,-5924.308511149312
1464,3,A2C-MADRL,-5079.150453448654,-5892.716809581558
1465,3,A2C-MADRL,-6107.268500399946,-5935.028619595179
1466,3,A2C-MADRL,-6566.876292647724,-5935.33354545619
1467,3,A2C-MADRL,-4997.435738842914,-5910.192181168581
1468,3,A2C-MADRL,-6696.797485753521,-5896.3809961875695
1469,3,A2C-MADRL,-7387.714080401533,-5961.232178572683
1470,3,A2C-MADRL,-5455.385238754228,-5938.384015144489
1471,3,A2C-MADRL,-5079.687552962374,-5997.547611278822
1472,3,A2C-MADRL,-5172.449042047264,-5954.818325518342
1473,3,A2C-MADRL,-6064.255406993362,-5986.420748711585
1474,3,A2C-MADRL,-5867.2067658118485,-5972.888829233635
1475,3,A2C-MADRL,-4041.9299117835417,-5903.285301974508
1476,3,A2C-MADRL,-5836.655125325608,-5898.902573105314
1477,3,A2C-MADRL,-6564.86619603341,-5949.137952227423
1478,3,A2C-MADRL,-6817.534573913412,-5975.746186870594
1479,3,A2C-MADRL,-6711.253324593812,-6045.263151357554
1480,3,A2C-MADRL,-4320.267559191642,-5909.723147686316
1481,3,A2C-MADRL,-6582.996769965817,-5919.234737128755
1482,3,A2C-MADRL,-5115.359455549162,-5918.454089498933
1483,3,A2C-MADRL,-5591.457592734734,-5936.434729481884
1484,3,A2C-MADRL,-5444.318456320757,-5901.252717188019
1485,3,A2C-MADRL,-6261.651893704527,-5873.649744065371
1486,3,A2C-MADRL,-6122.8751239129,-5878.248275393546
1487,3,A2C-MADRL,-4610.740048035137,-5826.212027189193
1488,3,A2C-MADRL,-5435.952418932734,-5757.2834003224225
1489,3,A2C-MADRL,-6330.531761198784,-5807.3386526324275
1490,3,A2C-MADRL,-8196.48376949961,-5890.907263396413
1491,3,A2C-MADRL,-7152.609860722906,-5914.336606119422
1492,3,A2C-MADRL,-4561.3969661667925,-5896.895055212377
1493,3,A2C-MADRL,-5631.579771188604,-5854.28634662978
1494,3,A2C-MADRL,-7819.712507182634,-5871.566283701024
1495,3,A2C-MADRL,-6303.568867214889,-5905.49362883945
1496,3,A2C-MADRL,-4548.074916707155,-5884.229123389241
1497,3,A2C-MADRL,-6426.692728707646,-5934.398870855657
1498,3,A2C-MADRL,-6699.635383473276,-5959.8140699148535
1499,3,A2C-MADRL,-5457.323717383925,-5943.4187479777365
1500,3,A2C-MADRL,-6884.945231258685,-6057.1393607567425
1,3,TRPO-MADRL,-7625.019790821091,-7625.019790821091
2,3,TRPO-MADRL,-9134.724534769584,-8379.872162795338
3,3,TRPO-MADRL,-5915.972124929036,-7558.572150173237
4,3,TRPO-MADRL,-7252.97653163038,-7482.173245537522
5,3,TRPO-MADRL,-6088.690122508982,-7203.476620931814
6,3,TRPO-MADRL,-6513.777244140605,-7088.526724799946
7,3,TRPO-MADRL,-7970.445750365927,-7214.515157023658
8,3,TRPO-MADRL,-9625.249172643424,-7515.856908976129
9,3,TRPO-MADRL,-7885.485020921178,-7556.926699192245
10,3,TRPO-MADRL,-8386.446112637586,-7639.878640536779
11,3,TRPO-MADRL,-8082.891666996786,-7680.152552033143
12,3,TRPO-MADRL,-5821.129339518309,-7525.23395099024
13,3,TRPO-MADRL,-8283.935050870923,-7583.595574057986
14,3,TRPO-MADRL,-7891.015286274722,-7605.55412493061
15,3,TRPO-MADRL,-7438.53610952109,-7594.419590569974
16,3,TRPO-MADRL,-8312.455150973958,-7639.296813095224
17,3,TRPO-MADRL,-6264.961834326216,-7558.453579049988
18,3,TRPO-MADRL,-8776.847959209534,-7626.142155725519
19,3,TRPO-MADRL,-4666.655294446603,-7470.379689342418
20,3,TRPO-MADRL,-6764.356377594475,-7435.078523755021
21,3,TRPO-MADRL,-7182.619817481616,-7423.056680599145
22,3,TRPO-MADRL,-6575.185788604755,-7384.5170945994
23,3,TRPO-MADRL,-6521.620493377686,-7346.99985106802
24,3,TRPO-MADRL,-8632.339145985792,-7400.555655022928
25,3,TRPO-MADRL,-7737.264153623735,-7414.023994966959
26,3,TRPO-MADRL,-7586.026013454652,-7412.464243872302
27,3,TRPO-MADRL,-9828.217581704184,-7440.203965749686
28,3,TRPO-MADRL,-8729.462397608397,-7552.743576656861
29,3,TRPO-MADRL,-6639.443933515617,-7528.202272732269
30,3,TRPO-MADRL,-5255.635393728765,-7494.880083581062
31,3,TRPO-MADRL,-6028.407426954863,-7475.4652908936305
32,3,TRPO-MADRL,-7631.057642310045,-7461.889766571398
33,3,TRPO-MADRL,-8843.581556525212,-7430.623061926668
34,3,TRPO-MADRL,-7057.716861376851,-7397.512335544896
35,3,TRPO-MADRL,-6456.892329679085,-7320.330184226554
36,3,TRPO-MADRL,-7242.377730209235,-7286.709626755052
37,3,TRPO-MADRL,-6993.617661868089,-7333.609159649045
38,3,TRPO-MADRL,-9133.817810123488,-7367.604470019146
39,3,TRPO-MADRL,-6613.747178642269,-7316.513745713849
40,3,TRPO-MADRL,-9192.314044903953,-7386.664863129163
41,3,TRPO-MADRL,-5937.670989068093,-7291.673496652929
42,3,TRPO-MADRL,-7448.268868395518,-7339.005778015699
43,3,TRPO-MADRL,-5952.717059925271,-7226.04054204433
44,3,TRPO-MADRL,-8483.688973065313,-7378.721889189079
45,3,TRPO-MADRL,-6058.193598371647,-7350.4753780201645
46,3,TRPO-MADRL,-6834.005447793413,-7336.530803232637
47,3,TRPO-MADRL,-5439.8472526693095,-7291.117261795219
48,3,TRPO-MADRL,-4776.476183550021,-7221.311489402113
49,3,TRPO-MADRL,-6101.592735251874,-7120.081632972756
50,3,TRPO-MADRL,-6643.909447521866,-7076.347444728682
51,3,TRPO-MADRL,-5715.115802109672,-7001.511036274883
52,3,TRPO-MADRL,-9985.276122718407,-7007.793377915451
53,3,TRPO-MADRL,-5770.539262077212,-6889.436452494203
54,3,TRPO-MADRL,-10902.0326901769,-7059.940002760655
55,3,TRPO-MADRL,-5387.283553699874,-7065.2059291595
56,3,TRPO-MADRL,-13077.073489316095,-7347.15257165395
57,3,TRPO-MADRL,-13240.768901286789,-7571.541022013017
58,3,TRPO-MADRL,-10820.594652796446,-7650.621545863867
59,3,TRPO-MADRL,-3907.522400725653,-7524.61376743782
60,3,TRPO-MADRL,-5511.822061676765,-7486.810956717727
61,3,TRPO-MADRL,-5444.19891695125,-7414.883804187408
62,3,TRPO-MADRL,-9919.3293101298,-7531.912270117876
63,3,TRPO-MADRL,-10347.370216264266,-7580.454366363507
64,3,TRPO-MADRL,-5587.834478848052,-7539.4178583717385
65,3,TRPO-MADRL,-5665.22369377948,-7398.33424432676
66,3,TRPO-MADRL,-5755.540778674854,-7391.049035911029
67,3,TRPO-MADRL,-10169.324344602805,-7499.8912549593215
68,3,TRPO-MADRL,-10757.683573056322,-7692.089915484564
69,3,TRPO-MADRL,-8732.038592913053,-7702.023900278473
70,3,TRPO-MADRL,-9011.01298247765,-7820.136675642712
71,3,TRPO-MADRL,-6045.1385004157,-7788.581997747605
72,3,TRPO-MADRL,-9607.842579541852,-7955.301810822507
73,3,TRPO-MADRL,-8603.012913087172,-8108.363280003993
74,3,TRPO-MADRL,-6131.259875577256,-8109.549965617007
75,3,TRPO-MADRL,-5482.066527211151,-8063.076248804578
76,3,TRPO-MADRL,-9991.573787938789,-8234.134568237743
77,3,TRPO-MADRL,-9619.59623435825,-8219.507372703338
78,3,TRPO-MADRL,-5725.537575055517,-8217.70730522247
79,3,TRPO-MADRL,-6206.860423155105,-8029.9004145415975
80,3,TRPO-MADRL,-10703.069735222794,-8242.531861802514
81,3,TRPO-MADRL,-5415.25945264425,-7936.05930033564
82,3,TRPO-MADRL,-9386.108178169929,-7781.872871410967
83,3,TRPO-MADRL,-5018.969058456209,-7549.807847637358
84,3,TRPO-MADRL,-5637.128710266068,-7618.992100018973
85,3,TRPO-MADRL,-4558.242593811204,-7580.848921304351
86,3,TRPO-MADRL,-9201.082685304596,-7731.124272038485
87,3,TRPO-MADRL,-9675.80875536158,-7721.383449847755
88,3,TRPO-MADRL,-5574.362114547079,-7530.463125779069
89,3,TRPO-MADRL,-10249.501231725106,-7716.9297958941515
90,3,TRPO-MADRL,-7301.44722327041,-7782.378737073787
91,3,TRPO-MADRL,-9508.530660842222,-7932.498332360484
92,3,TRPO-MADRL,-7267.8507320285,-7816.43938785751
93,3,TRPO-MADRL,-7890.453744599626,-7701.750194719241
94,3,TRPO-MADRL,-9179.654568594158,-7719.654833746487
95,3,TRPO-MADRL,-9177.792835824788,-7726.326027880373
96,3,TRPO-MADRL,-8321.233929719558,-7817.369845052527
97,3,TRPO-MADRL,-8313.41757694231,-7765.5928449485455
98,3,TRPO-MADRL,-8571.044049403768,-7764.314090401209
99,3,TRPO-MADRL,-8063.786097530786,-7841.615139279351
100,3,TRPO-MADRL,-8913.111599722568,-7978.856942179806
101,3,TRPO-MADRL,-7793.039768363732,-7890.9155813968055
102,3,TRPO-MADRL,-6668.818896591158,-7772.88448788612
103,3,TRPO-MADRL,-7611.143417147046,-7848.3087215697815
104,3,TRPO-MADRL,-6679.340619265859,-7867.207929414211
105,3,TRPO-MADRL,-7060.363949699991,-7721.4996979933
106,3,TRPO-MADRL,-8495.309688251404,-7844.7017074175865
107,3,TRPO-MADRL,-6172.09818254866,-7716.141307592736
108,3,TRPO-MADRL,-7069.856563038465,-7798.176807776026
109,3,TRPO-MADRL,-8355.42990552887,-7906.908855586538
110,3,TRPO-MADRL,-9153.705545587592,-8090.7273736575935
111,3,TRPO-MADRL,-6594.849464494901,-7986.478044825206
112,3,TRPO-MADRL,-6813.484337862725,-7871.985068125252
113,3,TRPO-MADRL,-6628.609075246964,-7914.154946553247
114,3,TRPO-MADRL,-8680.681809942278,-7851.402169681933
115,3,TRPO-MADRL,-7727.743960307607,-7868.454039163422
116,3,TRPO-MADRL,-8913.2251094465,-7844.641817107592
117,3,TRPO-MADRL,-8242.80044084912,-7883.639805460418
118,3,TRPO-MADRL,-7606.089883347144,-7872.265251010319
119,3,TRPO-MADRL,-8661.444578809831,-7851.536851418945
120,3,TRPO-MADRL,-9094.142627668316,-7848.190843092686
121,3,TRPO-MADRL,-8488.509411096544,-7854.8818623477655
122,3,TRPO-MADRL,-8699.807644609416,-7870.33746505445
123,3,TRPO-MADRL,-8232.478327402729,-7856.794836174408
124,3,TRPO-MADRL,-6000.725500429999,-7774.272412290376
125,3,TRPO-MADRL,-9384.235865383229,-7793.117382916804
126,3,TRPO-MADRL,-8815.946409316812,-7834.033648554926
127,3,TRPO-MADRL,-8798.435106968773,-7919.218296970032
128,3,TRPO-MADRL,-9208.12656828182,-7983.097623015422
129,3,TRPO-MADRL,-9807.209276639174,-8108.212369310355
130,3,TRPO-MADRL,-10658.368945403648,-8252.132569138501
131,3,TRPO-MADRL,-8890.6876989749,-8267.947689567442
132,3,TRPO-MADRL,-8426.42195729959,-8358.120640557478
133,3,TRPO-MADRL,-5164.250690404552,-8281.896405652122
134,3,TRPO-MADRL,-6824.447087847932,-8220.657092944884
135,3,TRPO-MADRL,-9422.976614926234,-8231.42793571843
136,3,TRPO-MADRL,-8166.4101828515,-8294.290364452692
137,3,TRPO-MADRL,-7136.489204670219,-8307.210559124993
138,3,TRPO-MADRL,-7132.463976753763,-8327.364755185265
139,3,TRPO-MADRL,-7522.240754274708,-8281.027112958564
140,3,TRPO-MADRL,-7311.63171357547,-8264.382623089276
141,3,TRPO-MADRL,-7133.819520634157,-8193.206399536784
142,3,TRPO-MADRL,-7075.734630450999,-8146.523767120859
143,3,TRPO-MADRL,-6927.31006479695,-8119.37257437885
144,3,TRPO-MADRL,-5502.616241193879,-7993.019440874212
145,3,TRPO-MADRL,-5986.388794424454,-7868.709287544458
146,3,TRPO-MADRL,-7303.658824677876,-7821.3152640877115
147,3,TRPO-MADRL,-7026.65783712158,-7754.389271788198
148,3,TRPO-MADRL,-6512.77093997692,-7685.600976291165
149,3,TRPO-MADRL,-4874.982398385539,-7640.571252209388
150,3,TRPO-MADRL,-5660.617686949617,-7491.6265250720435
151,3,TRPO-MADRL,-4510.98526162154,-7319.428079164232
152,3,TRPO-MADRL,-6404.035077844687,-7223.652077999269
153,3,TRPO-MADRL,-4664.349935397322,-7041.9010126838875
154,3,TRPO-MADRL,-4723.698377311376,-6838.560576710775
155,3,TRPO-MADRL,-5744.941497383567,-6642.0234787899735
156,3,TRPO-MADRL,-5162.410000343314,-6492.89237084471
157,3,TRPO-MADRL,-5888.269656051759,-6391.366278794797
158,3,TRPO-MADRL,-5846.402878284785,-6418.652366310005
159,3,TRPO-MADRL,-5420.229189328547,-6362.483650369231
160,3,TRPO-MADRL,-5561.556889346483,-6208.02686134604
161,3,TRPO-MADRL,-5240.380915479222,-6090.9856906511495
162,3,TRPO-MADRL,-6377.290673470251,-6060.617749403151
163,3,TRPO-MADRL,-6120.973162401973,-6020.158116829079
164,3,TRPO-MADRL,-4790.428581931301,-5910.885629935343
165,3,TRPO-MADRL,-4953.119129007588,-5816.545126552628
166,3,TRPO-MADRL,-6286.958944755035,-5782.670703517463
167,3,TRPO-MADRL,-6019.77215672696,-5740.4322045685
168,3,TRPO-MADRL,-4002.387292495541,-5623.435293676444
169,3,TRPO-MADRL,-5434.714039833014,-5620.719205622011
170,3,TRPO-MADRL,-6043.346617656785,-5622.997518551304
171,3,TRPO-MADRL,-5686.569320381866,-5558.313938379462
172,3,TRPO-MADRL,-5532.554950366997,-5498.549822909279
173,3,TRPO-MADRL,-4409.387028949195,-5414.414466468172
174,3,TRPO-MADRL,-4167.72048167148,-5386.123989799608
175,3,TRPO-MADRL,-5214.323311906279,-5368.272214797875
176,3,TRPO-MADRL,-4480.368793533,-5367.0475560743325
177,3,TRPO-MADRL,-5272.115858556014,-5321.770787302787
178,3,TRPO-MADRL,-5310.009430505199,-5347.597167107101
179,3,TRPO-MADRL,-6437.060028629173,-5416.131633159813
180,3,TRPO-MADRL,-5069.734026939757,-5389.123334342061
181,3,TRPO-MADRL,-4642.671247945172,-5368.333784246135
182,3,TRPO-MADRL,-4705.249055701505,-5321.012960232125
183,3,TRPO-MADRL,-4812.739577937525,-5279.666428218235
184,3,TRPO-MADRL,-5032.091567479125,-5264.140923344257
185,3,TRPO-MADRL,-5654.062005785492,-5267.841128001818
186,3,TRPO-MADRL,-4728.840965001864,-5247.379529982723
187,3,TRPO-MADRL,-6163.567731759096,-5238.8306123142775
188,3,TRPO-MADRL,-4479.294386425191,-5173.163461275206
189,3,TRPO-MADRL,-4698.491061934171,-5169.485960475321
190,3,TRPO-MADRL,-4173.504307598838,-5138.301367618971
191,3,TRPO-MADRL,-4732.847264611939,-5076.136900413247
192,3,TRPO-MADRL,-4703.973687009302,-5023.504961624541
193,3,TRPO-MADRL,-5470.059976942215,-5082.211869002408
194,3,TRPO-MADRL,-4108.907903931763,-5029.179623566359
195,3,TRPO-MADRL,-4760.048071882349,-4977.84768173538
196,3,TRPO-MADRL,-3987.112220216264,-4909.869397728757
197,3,TRPO-MADRL,-4384.608033659625,-4863.951521060461
198,3,TRPO-MADRL,-4584.795407194888,-4870.967856190289
199,3,TRPO-MADRL,-3363.6106687889373,-4838.803463674987
200,3,TRPO-MADRL,-3695.917380053456,-4778.0672264008745
201,3,TRPO-MADRL,-4051.2060902392886,-4760.900718269126
202,3,TRPO-MADRL,-4277.403168293269,-4721.112210658616
203,3,TRPO-MADRL,-4112.227079494388,-4673.200916618184
204,3,TRPO-MADRL,-3978.431428862143,-4574.855772627502
205,3,TRPO-MADRL,-4517.205595565437,-4552.75463537253
206,3,TRPO-MADRL,-3824.56367292146,-4520.030332371582
207,3,TRPO-MADRL,-4026.426103527945,-4492.877414284639
208,3,TRPO-MADRL,-5059.740264570229,-4502.757441749947
209,3,TRPO-MADRL,-4686.936362810384,-4488.951233563197
210,3,TRPO-MADRL,-3686.3127607105407,-4410.241263760199
211,3,TRPO-MADRL,-3916.263227478291,-4377.738154259256
212,3,TRPO-MADRL,-4021.7962136898377,-4292.067293536486
213,3,TRPO-MADRL,-3439.005264276499,-4250.455728650539
214,3,TRPO-MADRL,-3692.491258876205,-4210.215736528219
215,3,TRPO-MADRL,-4529.271394124274,-4224.446419989236
216,3,TRPO-MADRL,-4269.831432674773,-4205.92578671175
217,3,TRPO-MADRL,-4435.281482199863,-4195.178098519373
218,3,TRPO-MADRL,-4172.450334661802,-4143.273712828156
219,3,TRPO-MADRL,-3524.6838919396955,-4119.904752348474
220,3,TRPO-MADRL,-5291.334580297083,-4141.156212685063
221,3,TRPO-MADRL,-7669.756211007194,-4288.461972316701
222,3,TRPO-MADRL,-7070.7591573607,-4395.908017264744
223,3,TRPO-MADRL,-7603.671159255089,-4516.663047347151
224,3,TRPO-MADRL,-4608.167415273359,-4566.445317206529
225,3,TRPO-MADRL,-4814.290965882543,-4611.180260639691
226,3,TRPO-MADRL,-4191.949914976272,-4616.8100136291705
227,3,TRPO-MADRL,-4830.154064839466,-4638.920049491019
228,3,TRPO-MADRL,-4801.581886462928,-4666.49424176976
229,3,TRPO-MADRL,-4075.0279766523367,-4670.3581036813675
230,3,TRPO-MADRL,-4044.950828165288,-4651.467912985362
231,3,TRPO-MADRL,-5032.462975575797,-4699.783885091536
232,3,TRPO-MADRL,-3021.00328197226,-4659.566972229309
233,3,TRPO-MADRL,-4227.193670100894,-4626.265108450535
234,3,TRPO-MADRL,-3342.6025165223864,-4572.491754599015
235,3,TRPO-MADRL,-3975.36290899441,-4584.05376053037
236,3,TRPO-MADRL,-3906.1639716052823,-4583.64979029545
237,3,TRPO-MADRL,-3144.72924695548,-4548.5671116260755
238,3,TRPO-MADRL,-5114.818709677278,-4615.599649442107
239,3,TRPO-MADRL,-4370.896292391026,-4642.735850782699
240,3,TRPO-MADRL,-3315.8297874174536,-4594.198186514426
241,3,TRPO-MADRL,-3722.048202679917,-4572.286857314632
242,3,TRPO-MADRL,-3398.156619431634,-4530.801862803903
243,3,TRPO-MADRL,-4588.850267906315,-4547.457860133683
244,3,TRPO-MADRL,-3733.600687888727,-4555.814531971645
245,3,TRPO-MADRL,-3837.825012075416,-4497.674149242778
246,3,TRPO-MADRL,-2476.032526636763,-4289.925201867961
247,3,TRPO-MADRL,-4199.795796966109,-4175.086667452177
248,3,TRPO-MADRL,-3196.1713621210056,-3998.7866755668138
249,3,TRPO-MADRL,-3811.712070982505,-3966.92846179518
250,3,TRPO-MADRL,-3698.2887457955776,-3922.2883729917016
251,3,TRPO-MADRL,-3484.469181874375,-3893.9891436676257
252,3,TRPO-MADRL,-4928.051965357914,-3897.905059688363
253,3,TRPO-MADRL,-4179.85711243082,-3873.036068727079
254,3,TRPO-MADRL,-4029.333517703789,-3871.208290369137
255,3,TRPO-MADRL,-3915.4266358863033,-3866.0273226779773
256,3,TRPO-MADRL,-3609.4819378327848,-3809.108081168257
257,3,TRPO-MADRL,-3217.081747396266,-3816.951219785217
258,3,TRPO-MADRL,-3439.436950285819,-3785.4409509926145
259,3,TRPO-MADRL,-7321.433999587025,-3944.5942103151992
260,3,TRPO-MADRL,-4207.366692690519,-3953.8743616630445
261,3,TRPO-MADRL,-3593.9336774627814,-3941.385149897344
262,3,TRPO-MADRL,-7492.798698321781,-4115.307927951996
263,3,TRPO-MADRL,-4584.971662173539,-4094.114046051847
264,3,TRPO-MADRL,-7293.20594302994,-4211.006432077403
265,3,TRPO-MADRL,-4652.945474009156,-4264.491059541071
266,3,TRPO-MADRL,-4101.630788925574,-4279.674362990898
267,3,TRPO-MADRL,-5099.766958455464,-4347.738776551851
268,3,TRPO-MADRL,-7934.94933284324,-4481.582739149328
269,3,TRPO-MADRL,-8202.2279610931,-4660.327830077503
270,3,TRPO-MADRL,-5772.807915976911,-4737.727146233562
271,3,TRPO-MADRL,-5014.746148043034,-4839.275691089813
272,3,TRPO-MADRL,-5508.745826385862,-4891.633692266603
273,3,TRPO-MADRL,-5544.753642583688,-4985.576983485111
274,3,TRPO-MADRL,-4840.393499434258,-5026.724240623181
275,3,TRPO-MADRL,-7320.369968343684,-5171.607489525105
276,3,TRPO-MADRL,-7569.823919362343,-5335.021679024623
277,3,TRPO-MADRL,-7060.586483855765,-5420.323059764538
278,3,TRPO-MADRL,-7003.904754627461,-5533.2849654524025
279,3,TRPO-MADRL,-5644.073846676742,-5597.874578611322
280,3,TRPO-MADRL,-7010.266978611628,-5721.668192320334
281,3,TRPO-MADRL,-5284.476167510048,-5788.667961507425
282,3,TRPO-MADRL,-5328.593118503364,-5873.128416351708
283,3,TRPO-MADRL,-4602.825887528278,-5919.663973841406
284,3,TRPO-MADRL,-5012.2038662518535,-5827.294768508
285,3,TRPO-MADRL,-8728.446174078805,-6008.137947763533
286,3,TRPO-MADRL,-8712.996556359181,-6212.900462919388
287,3,TRPO-MADRL,-8855.517775724806,-6267.409226015509
288,3,TRPO-MADRL,-8762.169919441454,-6434.497156306225
289,3,TRPO-MADRL,-8645.521611385946,-6488.589783040466
290,3,TRPO-MADRL,-8473.996008546983,-6641.431804421978
291,3,TRPO-MADRL,-9014.926565189506,-6837.963635472535
292,3,TRPO-MADRL,-8751.854253506855,-6984.047127274592
293,3,TRPO-MADRL,-8755.033891986246,-7016.850509640312
294,3,TRPO-MADRL,-8563.02482478955,-7031.282384188171
295,3,TRPO-MADRL,-8517.16000687111,-7141.056467823938
296,3,TRPO-MADRL,-8377.007831688163,-7275.546935169743
297,3,TRPO-MADRL,-3429.5049617786653,-7192.377300585456
298,3,TRPO-MADRL,-5003.468032136461,-7170.725876167566
299,3,TRPO-MADRL,-8017.475153423754,-7297.809142327145
300,3,TRPO-MADRL,-8268.604032898464,-7335.738504909337
301,3,TRPO-MADRL,-8090.494740906375,-7356.5653377711
302,3,TRPO-MADRL,-8012.997896007606,-7394.661794257172
303,3,TRPO-MADRL,-8463.751550630755,-7453.055666097305
304,3,TRPO-MADRL,-8192.689664523376,-7555.000298811169
305,3,TRPO-MADRL,-8381.947360519693,-7609.867514087491
306,3,TRPO-MADRL,-8224.591223054125,-7727.4721163092545
307,3,TRPO-MADRL,-7909.427381421997,-7830.705486826
308,3,TRPO-MADRL,-8045.621201714721,-7968.417299393459
309,3,TRPO-MADRL,-8140.959032376199,-8093.567506038433
310,3,TRPO-MADRL,-7917.704646624602,-8061.137844940265
311,3,TRPO-MADRL,-8064.382159165214,-8035.1932690525055
312,3,TRPO-MADRL,-8114.962960781428,-8005.571076454769
313,3,TRPO-MADRL,-4924.12105780737,-7852.049121989407
314,3,TRPO-MADRL,-8301.856458064014,-7838.30251585653
315,3,TRPO-MADRL,-8159.424796300949,-7825.719667366689
316,3,TRPO-MADRL,-3919.190998979385,-7621.890244718284
317,3,TRPO-MADRL,-3779.499153279489,-7422.9960407091885
318,3,TRPO-MADRL,-4547.687852190875,-7254.702199117373
319,3,TRPO-MADRL,-7800.164053132516,-7224.187768251093
320,3,TRPO-MADRL,-8161.568704971264,-7209.964116175099
321,3,TRPO-MADRL,-7866.298956705153,-7189.535761175777
322,3,TRPO-MADRL,-8045.925046263787,-7374.192564555182
323,3,TRPO-MADRL,-7712.575127477789,-7482.556848368836
324,3,TRPO-MADRL,-7927.000314944821,-7478.937854829678
325,3,TRPO-MADRL,-7708.980588958946,-7456.552917072097
326,3,TRPO-MADRL,-8016.055208595738,-7453.575335779672
327,3,TRPO-MADRL,-8207.041599324677,-7461.3370839123545
328,3,TRPO-MADRL,-8229.141887335634,-7451.9526973805505
329,3,TRPO-MADRL,-8649.090947357496,-7470.2087486939145
330,3,TRPO-MADRL,-8516.158268342475,-7475.577185006828
331,3,TRPO-MADRL,-8045.903554415223,-7468.429678261271
332,3,TRPO-MADRL,-8640.833315572123,-7497.685915627276
333,3,TRPO-MADRL,-8351.927050030483,-7509.938149559906
334,3,TRPO-MADRL,-7966.550247494115,-7502.961798164622
335,3,TRPO-MADRL,-7923.701727379546,-7503.20168139482
336,3,TRPO-MADRL,-8565.465148760159,-7523.245000978617
337,3,TRPO-MADRL,-8414.55725697537,-7535.228772826376
338,3,TRPO-MADRL,-4175.32233236214,-7505.276823808566
339,3,TRPO-MADRL,-7569.782450190485,-7475.993863493625
340,3,TRPO-MADRL,-7759.525430614003,-7459.997888866147
341,3,TRPO-MADRL,-8148.388681055981,-7629.165796149211
342,3,TRPO-MADRL,-7807.029958568707,-7790.26702836078
343,3,TRPO-MADRL,-3043.13595289472,-7730.084952388935
344,3,TRPO-MADRL,-3592.914169838427,-7561.79495705717
345,3,TRPO-MADRL,-7477.679319397321,-7534.439381634213
346,3,TRPO-MADRL,-3462.0494301091358,-7358.269400570372
347,3,TRPO-MADRL,-8251.846088416993,-7366.506242256501
348,3,TRPO-MADRL,-7924.159799738865,-7374.969629146944
349,3,TRPO-MADRL,-7770.27535314722,-7368.70063067504
350,3,TRPO-MADRL,-8259.268336344856,-7390.712140570477
351,3,TRPO-MADRL,-8130.382113292366,-7395.2852167583405
352,3,TRPO-MADRL,-8372.5745318034,-7401.90653405749
353,3,TRPO-MADRL,-8202.923796790077,-7400.8578104356675
354,3,TRPO-MADRL,-7913.415992546008,-7371.4308122432085
355,3,TRPO-MADRL,-8148.901917225306,-7356.74055819852
356,3,TRPO-MADRL,-7953.624110817765,-7353.049380454622
357,3,TRPO-MADRL,-7964.125031683131,-7325.981049099063
358,3,TRPO-MADRL,-8378.767787533636,-7327.054678599188
359,3,TRPO-MADRL,-7818.410055023892,-7321.129070900381
360,3,TRPO-MADRL,-8469.489610969064,-7342.960586243961
361,3,TRPO-MADRL,-5521.844334839976,-7221.215753687154
362,3,TRPO-MADRL,-8198.932258094526,-7212.59075373192
363,3,TRPO-MADRL,-8617.646134099004,-7390.283705801395
364,3,TRPO-MADRL,-8541.422509471016,-7429.149308172616
365,3,TRPO-MADRL,-7744.489923860836,-7428.5478879024895
366,3,TRPO-MADRL,-7662.350296460506,-7409.10635251867
367,3,TRPO-MADRL,-8134.233353342652,-7422.194488309628
368,3,TRPO-MADRL,-8476.088226243452,-7639.5125792435765
369,3,TRPO-MADRL,-8094.530478040586,-7819.577231571664
370,3,TRPO-MADRL,-8071.307355312871,-7843.322353008286
371,3,TRPO-MADRL,-4730.026341766277,-7894.041429474571
372,3,TRPO-MADRL,-7988.537828307295,-7883.509099070183
373,3,TRPO-MADRL,-5019.759867906356,-7767.333101796883
374,3,TRPO-MADRL,-7790.369508132946,-7768.136867996311
375,3,TRPO-MADRL,-8302.330204587874,-7769.859342726034
376,3,TRPO-MADRL,-7912.60322105761,-7761.148187036642
377,3,TRPO-MADRL,-8035.5050907730865,-7747.66540939543
378,3,TRPO-MADRL,-7679.130048225044,-7726.713659452828
379,3,TRPO-MADRL,-8439.690008380407,-7747.764620086205
380,3,TRPO-MADRL,-7965.961248920972,-7740.446993354031
381,3,TRPO-MADRL,-7848.06906566506,-7736.224791547924
382,3,TRPO-MADRL,-7920.603239042125,-7734.483919842282
383,3,TRPO-MADRL,-7945.886544443475,-7717.168670118677
384,3,TRPO-MADRL,-7641.758001612975,-7710.102587982239
385,3,TRPO-MADRL,-8013.614179839947,-7691.867570737075
386,3,TRPO-MADRL,-7727.254954929946,-7780.083995540674
387,3,TRPO-MADRL,-7879.224638110763,-7767.295690741323
388,3,TRPO-MADRL,-8031.761090560994,-7743.860288999804
389,3,TRPO-MADRL,-7681.377897229781,-7709.458504510154
390,3,TRPO-MADRL,-7583.979401072907,-7703.038083598636
391,3,TRPO-MADRL,-8026.398509288606,-7717.60001211176
392,3,TRPO-MADRL,-7611.096089398086,-7696.674521553978
393,3,TRPO-MADRL,-7502.600577235079,-7657.735015593643
394,3,TRPO-MADRL,-7803.111416112511,-7646.07825311652
395,3,TRPO-MADRL,-8157.957806069028,-7649.544271146766
396,3,TRPO-MADRL,-7551.328214101759,-7762.396346040186
397,3,TRPO-MADRL,-8432.535878922747,-7780.156268064803
398,3,TRPO-MADRL,-8453.39299796768,-7917.501593267257
399,3,TRPO-MADRL,-7770.799446171619,-7916.718790788804
400,3,TRPO-MADRL,-8050.411580930333,-7906.642045842501
401,3,TRPO-MADRL,-7535.038422365168,-7891.539453894805
402,3,TRPO-MADRL,-7238.880987939078,-7859.674489781443
403,3,TRPO-MADRL,-8551.470005940206,-7894.568088090051
404,3,TRPO-MADRL,-7875.455831213642,-7871.998721003379
405,3,TRPO-MADRL,-7716.809088958379,-7862.032634604876
406,3,TRPO-MADRL,-7968.7012712055375,-7866.857922826494
407,3,TRPO-MADRL,-8006.501106266248,-7870.29383751546
408,3,TRPO-MADRL,-8067.421148292844,-7875.1552216694345
409,3,TRPO-MADRL,-7354.424438099424,-7863.661879128893
410,3,TRPO-MADRL,-8429.705631011031,-7880.3055371757355
411,3,TRPO-MADRL,-7855.714953048773,-7885.443937100488
412,3,TRPO-MADRL,-7924.8427723710065,-7887.2686624708995
413,3,TRPO-MADRL,-7659.759968181459,-7872.388617575717
414,3,TRPO-MADRL,-7677.811551709216,-7872.245963754895
415,3,TRPO-MADRL,-7781.426086056501,-7880.143831154239
416,3,TRPO-MADRL,-7758.393126375597,-7869.423615837718
417,3,TRPO-MADRL,-7747.066372770376,-7874.862427172609
418,3,TRPO-MADRL,-7964.751118402436,-7893.3484488193035
419,3,TRPO-MADRL,-6850.678076763411,-7855.25111524534
420,3,TRPO-MADRL,-7818.239765086904,-7841.662393606055
421,3,TRPO-MADRL,-8209.246759225975,-7867.979135411024
422,3,TRPO-MADRL,-8040.432905378462,-7852.295016469252
423,3,TRPO-MADRL,-7963.839521475946,-7832.712877409584
424,3,TRPO-MADRL,-7662.459455081219,-7828.379277765966
425,3,TRPO-MADRL,-7609.734115541456,-7810.752179150411
426,3,TRPO-MADRL,-7764.904854095332,-7819.946836419618
427,3,TRPO-MADRL,-7345.212083413367,-7824.20008023859
428,3,TRPO-MADRL,-7799.496327854888,-7794.121133115176
429,3,TRPO-MADRL,-7403.858134196827,-7775.257225234505
430,3,TRPO-MADRL,-7327.251068545189,-7759.674904417977
431,3,TRPO-MADRL,-7480.570286246109,-7740.1496650195995
432,3,TRPO-MADRL,-7692.125185707204,-7727.574628197238
433,3,TRPO-MADRL,-7621.625397939239,-7709.742798183093
434,3,TRPO-MADRL,-7564.001114393509,-7718.125865234857
435,3,TRPO-MADRL,-7774.922989618907,-7691.934559579173
436,3,TRPO-MADRL,-7155.728489298625,-7663.935101029167
437,3,TRPO-MADRL,-7560.948018781073,-7649.379310885569
438,3,TRPO-MADRL,-7519.191698479724,-7643.7565800975
439,3,TRPO-MADRL,-7396.861233288095,-7632.518567360655
440,3,TRPO-MADRL,-7048.9607813587645,-7603.219955172746
441,3,TRPO-MADRL,-7049.955747784225,-7574.88246002909
442,3,TRPO-MADRL,-7446.975078325819,-7562.878808251308
443,3,TRPO-MADRL,-7461.29474909545,-7542.74055347903
444,3,TRPO-MADRL,-7610.534158707655,-7573.134796756799
445,3,TRPO-MADRL,-7707.268018011246,-7568.695926873773
446,3,TRPO-MADRL,-7247.71356798962,-7530.234599224317
447,3,TRPO-MADRL,-7295.288438409139,-7500.428820545545
448,3,TRPO-MADRL,-7145.224191436484,-7467.684207343967
449,3,TRPO-MADRL,-7091.364175235849,-7444.840396150152
450,3,TRPO-MADRL,-7312.181095376715,-7432.938275343563
451,3,TRPO-MADRL,-6939.694084866531,-7399.92984457441
452,3,TRPO-MADRL,-6999.846527823074,-7386.115222350798
453,3,TRPO-MADRL,-7096.941797678712,-7358.013041143751
454,3,TRPO-MADRL,-7040.951578408989,-7343.496778912238
455,3,TRPO-MADRL,-7086.78203148158,-7333.8780174296935
456,3,TRPO-MADRL,-7160.268465108548,-7321.065944584191
457,3,TRPO-MADRL,-7427.551899346446,-7310.48301312976
458,3,TRPO-MADRL,-7088.640107424795,-7289.1636015091835
459,3,TRPO-MADRL,-6880.111449286411,-7261.808014904898
460,3,TRPO-MADRL,-6945.623066026912,-7228.636017961219
461,3,TRPO-MADRL,-6964.339417808467,-7220.980455101613
462,3,TRPO-MADRL,-7016.89102006239,-7199.218175152866
463,3,TRPO-MADRL,-7167.997667664244,-7185.170413920246
464,3,TRPO-MADRL,-6858.4660814663,-7163.634607847375
465,3,TRPO-MADRL,-7224.555802381017,-7170.658408688265
466,3,TRPO-MADRL,-6459.907754416636,-7147.056488953561
467,3,TRPO-MADRL,-7071.3416547029965,-7132.031152008649
468,3,TRPO-MADRL,-6547.959308885884,-7095.4977344002655
469,3,TRPO-MADRL,-6635.858132406577,-7056.510693348222
470,3,TRPO-MADRL,-7348.674050113192,-7042.166934632301
471,3,TRPO-MADRL,-7141.8943207302345,-7037.934164741925
472,3,TRPO-MADRL,-7178.918080160671,-7033.279350411986
473,3,TRPO-MADRL,-6956.356915757018,-7025.724659384808
474,3,TRPO-MADRL,-7300.336390937064,-7034.083548012856
475,3,TRPO-MADRL,-6970.908505650719,-7020.432644423817
476,3,TRPO-MADRL,-7112.878062201298,-7027.360003517208
477,3,TRPO-MADRL,-7043.6173854925055,-7029.110837823985
478,3,TRPO-MADRL,-6937.484300943428,-7022.732537954573
479,3,TRPO-MADRL,-7174.511862881041,-7028.074949333455
480,3,TRPO-MADRL,-6267.548344092511,-6995.305601837892
481,3,TRPO-MADRL,-5865.730438160008,-6943.52408075995
482,3,TRPO-MADRL,-6631.925089173619,-6911.699008353038
483,3,TRPO-MADRL,-6069.273754632399,-6870.9243542413415
484,3,TRPO-MADRL,-6208.320172326139,-6844.052703162931
485,3,TRPO-MADRL,-6017.847615249068,-6806.941685131817
486,3,TRPO-MADRL,-5990.115239678169,-6767.972718006606
487,3,TRPO-MADRL,-5741.8481399801385,-6716.971002803314
488,3,TRPO-MADRL,-5957.9454012142905,-6668.568912145317
489,3,TRPO-MADRL,-6346.137821531693,-6648.075781747932
490,3,TRPO-MADRL,-5784.2302182444255,-6590.462758382468
491,3,TRPO-MADRL,-4760.963245992742,-6522.504978045513
492,3,TRPO-MADRL,-5615.170206991233,-6464.258120137042
493,3,TRPO-MADRL,-5939.922776831889,-6439.936658854883
494,3,TRPO-MADRL,-5943.906158830934,-6412.258579911857
495,3,TRPO-MADRL,-5570.581562722621,-6341.134880416235
496,3,TRPO-MADRL,-6227.829878383986,-6304.572302722385
497,3,TRPO-MADRL,-5920.168235589974,-6254.222308939556
498,3,TRPO-MADRL,-5754.666748938167,-6206.154702266803
499,3,TRPO-MADRL,-6497.771169171044,-6174.052093396162
500,3,TRPO-MADRL,-5474.2515978689,-6114.185817084889
501,3,TRPO-MADRL,-6417.453051700311,-6417.453051700311
502,3,TRPO-MADRL,-5158.257997586143,-5787.855524643227
503,3,TRPO-MADRL,-5301.152354097299,-5625.62113446125
504,3,TRPO-MADRL,-6653.380170435814,-5882.560893454892
505,3,TRPO-MADRL,-6762.252725138928,-6058.499259791699
506,3,TRPO-MADRL,-6346.001830684777,-6106.416354940546
507,3,TRPO-MADRL,-6258.461508569797,-6128.137091173296
508,3,TRPO-MADRL,-6473.702678390433,-6171.332789575437
509,3,TRPO-MADRL,-5879.116310163319,-6138.86429186298
510,3,TRPO-MADRL,-5808.30621182374,-6105.808483859057
511,3,TRPO-MADRL,-6227.732568003208,-6116.892491508524
512,3,TRPO-MADRL,-6441.318028189559,-6143.927952898611
513,3,TRPO-MADRL,-6186.8436010915975,-6147.229156605764
514,3,TRPO-MADRL,-6556.337171335013,-6176.4511576578525
515,3,TRPO-MADRL,-6213.322069291189,-6178.909218433409
516,3,TRPO-MADRL,-5946.626661891662,-6164.39155864955
517,3,TRPO-MADRL,-6174.3113407808805,-6164.97507524551
518,3,TRPO-MADRL,-6347.412062138111,-6175.11046340621
519,3,TRPO-MADRL,-6510.654222834623,-6192.7706612708635
520,3,TRPO-MADRL,-6081.0353306532,-6187.18389473998
521,3,TRPO-MADRL,-5529.131421333994,-6155.848062673029
522,3,TRPO-MADRL,-5378.968887096096,-6120.5353728740765
523,3,TRPO-MADRL,-6605.724833796634,-6141.630566827232
524,3,TRPO-MADRL,-6487.432117770688,-6156.038964783209
525,3,TRPO-MADRL,-5668.370333652232,-6136.53221953797
526,3,TRPO-MADRL,-5987.709692608915,-6119.342485174315
527,3,TRPO-MADRL,-4871.1006849537225,-6107.856192669017
528,3,TRPO-MADRL,-5530.92930195336,-6117.047270583259
529,3,TRPO-MADRL,-5853.735180526509,-6085.061470986888
530,3,TRPO-MADRL,-5599.144435408656,-6038.537139397677
531,3,TRPO-MADRL,-4764.222131526756,-5975.265951431356
532,3,TRPO-MADRL,-5639.9183177072055,-5950.524223796852
533,3,TRPO-MADRL,-5216.625096583532,-5900.241120524576
534,3,TRPO-MADRL,-5566.866317682252,-5887.7511208253345
535,3,TRPO-MADRL,-5523.929871841042,-5876.376067226026
536,3,TRPO-MADRL,-5175.956439956744,-5834.305022104167
537,3,TRPO-MADRL,-5517.765207912215,-5797.362909293073
538,3,TRPO-MADRL,-5239.206094492572,-5759.457409029113
539,3,TRPO-MADRL,-5784.790470916395,-5728.595541012368
540,3,TRPO-MADRL,-4694.90094648715,-5667.8586961002065
541,3,TRPO-MADRL,-4441.840958725145,-5607.667267973546
542,3,TRPO-MADRL,-5392.915216078478,-5576.4114229854495
543,3,TRPO-MADRL,-5538.912655880975,-5544.071446735164
544,3,TRPO-MADRL,-5885.146780231563,-5519.051149031042
545,3,TRPO-MADRL,-5589.149198188775,-5499.375703732465
546,3,TRPO-MADRL,-6615.344895667644,-5542.824242705811
547,3,TRPO-MADRL,-6092.613276043244,-5571.370018263697
548,3,TRPO-MADRL,-5917.23956156673,-5543.830607374501
549,3,TRPO-MADRL,-6532.717146736907,-5545.642008533148
550,3,TRPO-MADRL,-5962.337604846029,-5557.400699380901
551,3,TRPO-MADRL,-5660.383069483472,-5544.307634455883
552,3,TRPO-MADRL,-5917.677507793847,-5586.170707369489
553,3,TRPO-MADRL,-6098.495251875582,-5608.873345366377
554,3,TRPO-MADRL,-6665.614049188248,-5641.348500112846
555,3,TRPO-MADRL,-6159.728243287112,-5663.771852427984
556,3,TRPO-MADRL,-6277.807679935335,-5724.315274364328
557,3,TRPO-MADRL,-5760.73097441712,-5729.147780632725
558,3,TRPO-MADRL,-5593.6122812452,-5744.227268019191
559,3,TRPO-MADRL,-6187.302277561466,-5769.044706414359
560,3,TRPO-MADRL,-5815.6513884356655,-5780.713567078144
561,3,TRPO-MADRL,-5651.793067726825,-5799.747032188948
562,3,TRPO-MADRL,-6199.980452362217,-5827.035641966948
563,3,TRPO-MADRL,-5773.598662756466,-5848.411344697503
564,3,TRPO-MADRL,-5466.56833950561,-5835.682459441072
565,3,TRPO-MADRL,-6003.382930736385,-5888.021738811041
566,3,TRPO-MADRL,-5359.598731953716,-5924.732049740184
567,3,TRPO-MADRL,-6109.152822174336,-5953.381553984018
568,3,TRPO-MADRL,-5585.990164042342,-5955.264654310474
569,3,TRPO-MADRL,-5076.156189195565,-5922.905030669033
570,3,TRPO-MADRL,-6014.0129714266295,-5939.899581598547
571,3,TRPO-MADRL,-5533.637084108226,-5896.631269136171
572,3,TRPO-MADRL,-5377.383819386922,-5868.022090869918
573,3,TRPO-MADRL,-5375.974386358393,-5846.371483861584
574,3,TRPO-MADRL,-5173.125971540529,-5791.98783685373
575,3,TRPO-MADRL,-5226.535877135371,-5762.5557677453035
576,3,TRPO-MADRL,-5267.941698854736,-5746.858112920154
577,3,TRPO-MADRL,-4980.987172080866,-5709.390499491635
578,3,TRPO-MADRL,-5266.577021759598,-5676.113770286995
579,3,TRPO-MADRL,-5291.687198148393,-5621.156696245402
580,3,TRPO-MADRL,-5285.506112051575,-5586.187810995981
581,3,TRPO-MADRL,-4920.8245215214565,-5531.908484659424
582,3,TRPO-MADRL,-5410.151796771275,-5517.8853175535905
583,3,TRPO-MADRL,-4741.9978506013895,-5483.820740327838
584,3,TRPO-MADRL,-4622.300478829153,-5421.220668378545
585,3,TRPO-MADRL,-5075.371803126751,-5391.609484966189
586,3,TRPO-MADRL,-4824.678299658889,-5358.524894243472
587,3,TRPO-MADRL,-4816.377694941049,-5303.180783946625
588,3,TRPO-MADRL,-4226.115809587867,-5241.281469819881
589,3,TRPO-MADRL,-4087.769533503136,-5186.129517579782
590,3,TRPO-MADRL,-4941.877244031859,-5143.669290111601
591,3,TRPO-MADRL,-5202.449376306991,-5137.3833158857315
592,3,TRPO-MADRL,-4522.789165646207,-5073.9287696246065
593,3,TRPO-MADRL,-5221.670929191399,-5059.356000230569
594,3,TRPO-MADRL,-4463.10126301624,-5034.833803183396
595,3,TRPO-MADRL,-4912.450057124057,-4990.771286611293
596,3,TRPO-MADRL,-5081.059279221011,-4972.668174415805
597,3,TRPO-MADRL,-5216.923189316626,-4966.249749212993
598,3,TRPO-MADRL,-4708.634061007749,-4939.556136198967
599,3,TRPO-MADRL,-4843.374802748418,-4926.366089447282
600,3,TRPO-MADRL,-8390.163305213999,-5052.911186570428
601,3,TRPO-MADRL,-4531.730650461399,-5023.462744634694
602,3,TRPO-MADRL,-4943.5472305749645,-5021.965146974458
603,3,TRPO-MADRL,-4167.34824757907,-4977.995996007237
604,3,TRPO-MADRL,-4139.791136036093,-4931.920153522745
605,3,TRPO-MADRL,-4667.442515053286,-4907.197609642814
606,3,TRPO-MADRL,-4412.272606372444,-4886.855533036854
607,3,TRPO-MADRL,-7495.321316909929,-4970.262313842399
608,3,TRPO-MADRL,-3782.780085731151,-4931.893603247589
609,3,TRPO-MADRL,-3994.539028836429,-4906.78314524788
610,3,TRPO-MADRL,-3982.6905420538246,-4863.075894804963
611,3,TRPO-MADRL,-3757.6006546930944,-4820.392789006331
612,3,TRPO-MADRL,-4629.945871711932,-4812.9355160771665
613,3,TRPO-MADRL,-4162.287006436116,-4810.3823639510965
614,3,TRPO-MADRL,-4043.385111925733,-4808.606987088001
615,3,TRPO-MADRL,-4476.682355125979,-4789.999191531766
616,3,TRPO-MADRL,-4347.732338982984,-4755.810510038806
617,3,TRPO-MADRL,-3898.670034704971,-4730.845744801156
618,3,TRPO-MADRL,-3789.879513113781,-4673.574088158051
619,3,TRPO-MADRL,-3975.3078549479415,-4654.0623518353195
620,3,TRPO-MADRL,-3994.5554064337657,-4617.3465658077075
621,3,TRPO-MADRL,-4090.996427546724,-4577.744051740736
622,3,TRPO-MADRL,-3896.683470305463,-4524.934462980289
623,3,TRPO-MADRL,-3931.802125114208,-4493.861185544548
624,3,TRPO-MADRL,-3618.7664639100753,-4444.8768519910145
625,3,TRPO-MADRL,-3829.925387917514,-4262.467335299155
626,3,TRPO-MADRL,-4134.423880787585,-4246.5750645122025
627,3,TRPO-MADRL,-3498.8109891455274,-4188.785614855025
628,3,TRPO-MADRL,-3847.611181674284,-4175.996132218833
629,3,TRPO-MADRL,-3881.8846078059896,-4165.679871089629
630,3,TRPO-MADRL,-3668.064780413745,-4125.704761704048
631,3,TRPO-MADRL,-3808.778054345451,-4101.564979622967
632,3,TRPO-MADRL,-3960.161529998436,-3960.158588146508
633,3,TRPO-MADRL,-3738.815592225149,-3958.400008406268
634,3,TRPO-MADRL,-3965.337401265542,-3957.2319433034327
635,3,TRPO-MADRL,-3733.407960433058,-3947.2606400386017
636,3,TRPO-MADRL,-3950.628299012076,-3954.9817458113616
637,3,TRPO-MADRL,-3803.1515266827314,-3921.909972010193
638,3,TRPO-MADRL,-4077.0923323227735,-3918.5021850456596
639,3,TRPO-MADRL,-3590.4123982754736,-3900.3832764996496
640,3,TRPO-MADRL,-3822.365047436588,-3874.2105841920734
641,3,TRPO-MADRL,-3741.233075265748,-3849.950613643384
642,3,TRPO-MADRL,-3703.0346174613273,-3842.1251969536384
643,3,TRPO-MADRL,-3699.702039226977,-3838.5180979981656
644,3,TRPO-MADRL,-4079.313657073505,-3842.6783300831885
645,3,TRPO-MADRL,-3683.051276807063,-3830.2181648981204
646,3,TRPO-MADRL,-3998.850939724037,-3826.5323453852134
647,3,TRPO-MADRL,-3396.7373944049814,-3806.5345023491936
648,3,TRPO-MADRL,-3542.231668295105,-3790.95168407643
649,3,TRPO-MADRL,-3609.626750815245,-3790.5860955526364
650,3,TRPO-MADRL,-3215.4454335738938,-3766.0068973788916
651,3,TRPO-MADRL,-3439.8539729394747,-3738.2241010649677
652,3,TRPO-MADRL,-3855.28581889798,-3752.483094255065
653,3,TRPO-MADRL,-3384.625404382123,-3733.963663163379
654,3,TRPO-MADRL,-3445.7513957253805,-3716.518334680155
655,3,TRPO-MADRL,-3295.8653744623,-3701.6303584420966
656,3,TRPO-MADRL,-3668.196322886904,-3696.007089183755
657,3,TRPO-MADRL,-3860.0737196186265,-3692.003576768562
658,3,TRPO-MADRL,-3639.188916275825,-3688.0185097305894
659,3,TRPO-MADRL,-3320.8055126445443,-3662.2372341857495
660,3,TRPO-MADRL,-2852.201218857068,-3626.9889645227104
661,3,TRPO-MADRL,-3393.0826237381125,-3604.6871375117516
662,3,TRPO-MADRL,-3156.010846212785,-3578.801510292954
663,3,TRPO-MADRL,-3619.2876210678696,-3560.489321842758
664,3,TRPO-MADRL,-3104.3422969333624,-3541.046517789073
665,3,TRPO-MADRL,-3101.759404392942,-3512.222292067327
666,3,TRPO-MADRL,-3206.620546498695,-3490.837790916645
667,3,TRPO-MADRL,-3059.789458852134,-3465.1079845722775
668,3,TRPO-MADRL,-2945.3551796466936,-3434.9341101890664
669,3,TRPO-MADRL,-2996.906568367862,-3391.6378266408406
670,3,TRPO-MADRL,-2720.0668929460494,-3353.1184512864
671,3,TRPO-MADRL,-3608.162860551689,-3337.490928119506
672,3,TRPO-MADRL,-2974.709700789984,-3320.6098203749057
673,3,TRPO-MADRL,-3162.205287714209,-3305.40876515167
674,3,TRPO-MADRL,-3293.128081575816,-3292.748818382093
675,3,TRPO-MADRL,-2801.0934026591176,-3276.174737145502
676,3,TRPO-MADRL,-2796.6787220007886,-3250.4477271079545
677,3,TRPO-MADRL,-2908.35329394944,-3212.5704261100127
678,3,TRPO-MADRL,-2713.5612732763598,-3185.727860865782
679,3,TRPO-MADRL,-3343.138978505209,-3181.6233641769754
680,3,TRPO-MADRL,-3205.8021105703574,-3178.0208336212977
681,3,TRPO-MADRL,-2784.74723817118,-3142.682870232669
682,3,TRPO-MADRL,-3007.765346648447,-3108.590535313862
683,3,TRPO-MADRL,-3895.691633450573,-3118.8506440008514
684,3,TRPO-MADRL,-3545.24163084119,-3127.8280887287174
685,3,TRPO-MADRL,-3171.2859617619406,-3140.5914784449124
686,3,TRPO-MADRL,-3096.593253090613,-3128.731903619012
687,3,TRPO-MADRL,-3114.6233337240405,-3127.076403119462
688,3,TRPO-MADRL,-2817.4070535928067,-3095.0011804204596
689,3,TRPO-MADRL,-2955.3494504426653,-3089.0414665608323
690,3,TRPO-MADRL,-2820.832195809686,-3077.804378217502
691,3,TRPO-MADRL,-9261.316855367548,-3319.9922305722557
692,3,TRPO-MADRL,-3291.697757162344,-3329.2685625046643
693,3,TRPO-MADRL,-3098.088731420244,-3335.3779045756064
694,3,TRPO-MADRL,-2925.3228704176927,-3332.5145566575998
695,3,TRPO-MADRL,-2712.6871960764825,-3332.2193687828167
696,3,TRPO-MADRL,-2434.2092882434904,-3285.2612258904887
697,3,TRPO-MADRL,-2792.0317712353326,-3277.9541087083026
698,3,TRPO-MADRL,-2830.650156980618,-3264.6919034789594
699,3,TRPO-MADRL,-3256.270209280795,-3263.2175885871584
700,3,TRPO-MADRL,-11657.726509740198,-3617.482912870402
701,3,TRPO-MADRL,-3329.190592392253,-3638.78338768606
702,3,TRPO-MADRL,-3074.3936545604897,-3645.425002110502
703,3,TRPO-MADRL,-3812.865812090647,-3689.397183663074
704,3,TRPO-MADRL,-3210.1077004014114,-3684.0759325389213
705,3,TRPO-MADRL,-3085.085411997851,-3679.247264596022
706,3,TRPO-MADRL,-3059.815232590462,-3690.2499843727924
707,3,TRPO-MADRL,-3334.0671480687424,-3703.3020564296044
708,3,TRPO-MADRL,-3134.321973000624,-3672.8472700116067
709,3,TRPO-MADRL,-2972.8717855161512,-3649.952476198605
710,3,TRPO-MADRL,-3107.627357408263,-3647.4061320244577
711,3,TRPO-MADRL,-3212.867449356417,-3652.05709987509
712,3,TRPO-MADRL,-13134.553730476007,-4052.8543157451695
713,3,TRPO-MADRL,-3030.273852531954,-4061.368987702735
714,3,TRPO-MADRL,-2981.7270759860776,-4062.424092724471
715,3,TRPO-MADRL,-3087.2601206367617,-4073.081209717554
716,3,TRPO-MADRL,-2790.833678066509,-3814.2618826255125
717,3,TRPO-MADRL,-2883.401692509515,-3797.9300400394
718,3,TRPO-MADRL,-3006.18953245108,-3794.254072080633
719,3,TRPO-MADRL,-12108.169017846816,-4161.567917977798
720,3,TRPO-MADRL,-4025.8434469445647,-4214.094168012522
721,3,TRPO-MADRL,-3749.52640938024,-4266.706852857991
722,3,TRPO-MADRL,-12939.50876633479,-4672.60593266197
723,3,TRPO-MADRL,-4164.948215033753,-4725.977854984095
724,3,TRPO-MADRL,-3952.557710984229,-4753.829355052232
725,3,TRPO-MADRL,-3914.128456694036,-4444.085432930387
726,3,TRPO-MADRL,-3613.571607505918,-4455.4606735349325
727,3,TRPO-MADRL,-3713.667529356607,-4481.031628526777
728,3,TRPO-MADRL,-4313.078812042645,-4501.040148524858
729,3,TRPO-MADRL,-4074.208057361109,-4535.604162803245
730,3,TRPO-MADRL,-3783.7123353051065,-4563.549239735536
731,3,TRPO-MADRL,-4108.192688151605,-4605.484337957981
732,3,TRPO-MADRL,-3601.0813189445776,-4616.164904793014
733,3,TRPO-MADRL,-3408.7070938369184,-4627.140309626467
734,3,TRPO-MADRL,-3856.582783809192,-4662.488749558188
735,3,TRPO-MADRL,-3386.813750678669,-4673.656205289004
736,3,TRPO-MADRL,-3512.1048937226387,-4685.625703063653
737,3,TRPO-MADRL,-3509.55934154614,-4300.625927506458
738,3,TRPO-MADRL,-3579.526170542548,-4322.596020226882
739,3,TRPO-MADRL,-3532.497606958216,-4344.626841465767
740,3,TRPO-MADRL,-3399.002968806852,-4357.096555392571
741,3,TRPO-MADRL,-3533.452474573912,-4386.801307252867
742,3,TRPO-MADRL,-3524.35599690844,-4412.439479428824
743,3,TRPO-MADRL,-3313.5301888106733,-4424.733105683208
744,3,TRPO-MADRL,-3027.052428436341,-4061.488442106789
745,3,TRPO-MADRL,-3308.30052300403,-4032.7867251491675
746,3,TRPO-MADRL,-3287.419896928292,-4014.3024646510894
747,3,TRPO-MADRL,-2982.1771651204026,-3616.009200602514
748,3,TRPO-MADRL,-3063.289778515966,-3571.9428631418023
749,3,TRPO-MADRL,-3617.9499551151735,-3558.5585529070404
750,3,TRPO-MADRL,-3476.312811049901,-3541.0459270812744
751,3,TRPO-MADRL,-3339.0720359858237,-3530.065944220471
752,3,TRPO-MADRL,-13217.194806750336,-3910.2070353162203
753,3,TRPO-MADRL,-3207.9215753303124,-3866.000745847727
754,3,TRPO-MADRL,-3079.500301450328,-3826.2124356112963
755,3,TRPO-MADRL,-3361.822063867784,-3809.3368247538024
756,3,TRPO-MADRL,-3123.7663331176072,-3769.9597705524434
757,3,TRPO-MADRL,-3420.7570823431306,-3762.7468010883854
758,3,TRPO-MADRL,-3431.0797268532096,-3763.6417064090365
759,3,TRPO-MADRL,-3470.8390997438955,-3748.2119590464245
760,3,TRPO-MADRL,-3288.659470370956,-3744.2857878341165
761,3,TRPO-MADRL,-2815.8643442995717,-3716.4361658571934
762,3,TRPO-MADRL,-3882.335204059568,-3731.3472003577313
763,3,TRPO-MADRL,-3141.070798053036,-3713.8089854581503
764,3,TRPO-MADRL,-3207.3101180179738,-3700.8014859005407
765,3,TRPO-MADRL,-12558.174265057278,-4067.168337750558
766,3,TRPO-MADRL,-2888.883336553788,-4041.3855722297526
767,3,TRPO-MADRL,-2934.175400200593,-4017.778348361439
768,3,TRPO-MADRL,-2878.334347744308,-4000.3705147187843
769,3,TRPO-MADRL,-3065.72543737272,-4001.917435076239
770,3,TRPO-MADRL,-3236.0774274926835,-3999.028511255785
771,3,TRPO-MADRL,-2859.7071396435163,-3981.9200009643946
772,3,TRPO-MADRL,-2826.228953153479,-3975.6820724857175
773,3,TRPO-MADRL,-3182.6066216433355,-3980.4547462108126
774,3,TRPO-MADRL,-2868.046522299337,-3950.4586088981787
775,3,TRPO-MADRL,-2784.553576899699,-3922.788239532171
776,3,TRPO-MADRL,-2849.781332840648,-3903.216611406364
777,3,TRPO-MADRL,-2988.111355170656,-3494.053273343177
778,3,TRPO-MADRL,-3057.5800635692863,-3488.0396128727357
779,3,TRPO-MADRL,-2889.0091133841725,-3480.419965350089
780,3,TRPO-MADRL,-3108.009623212301,-3470.26746772387
781,3,TRPO-MADRL,-2715.941301708392,-3453.9544664675013
782,3,TRPO-MADRL,-2656.15404480844,-3423.370344966114
783,3,TRPO-MADRL,-2869.111820751848,-3400.8916287220595
784,3,TRPO-MADRL,-2679.3628585798497,-3369.232579075497
785,3,TRPO-MADRL,-2930.75854286123,-3354.9165419751084
786,3,TRPO-MADRL,-2823.569705987737,-3355.2247564426348
787,3,TRPO-MADRL,-3106.9863558765974,-3324.210802515316
788,3,TRPO-MADRL,-3058.141797720369,-3320.8936425020097
789,3,TRPO-MADRL,-3007.1936744276327,-3312.888984758396
790,3,TRPO-MADRL,-2831.8408997322967,-2923.835650145397
791,3,TRPO-MADRL,-2978.490602741388,-2927.419940792901
792,3,TRPO-MADRL,-2935.129695665284,-2927.458112611488
793,3,TRPO-MADRL,-2876.132288742846,-2927.37003025143
794,3,TRPO-MADRL,-2964.6864541655823,-2923.3284709231443
795,3,TRPO-MADRL,-2700.427863104631,-2901.9024883476227
796,3,TRPO-MADRL,-2740.772922013296,-2897.145119642413
797,3,TRPO-MADRL,-2957.6063827124626,-2902.4002168247725
798,3,TRPO-MADRL,-2947.423896805215,-2892.992907831248
799,3,TRPO-MADRL,-2773.86084440764,-2889.22548071558
800,3,TRPO-MADRL,-2432.287292116413,-2875.1348293242486
801,3,TRPO-MADRL,-2879.4482595964823,-2876.321506394482
802,3,TRPO-MADRL,-3119.9391393701344,-2881.594617762461
803,3,TRPO-MADRL,-2655.497235396637,-2865.511304635555
804,3,TRPO-MADRL,-2871.91726040516,-2864.827630516395
805,3,TRPO-MADRL,-2748.400422360748,-2850.4432624823326
806,3,TRPO-MADRL,-2899.158994246153,-2857.7719701838428
807,3,TRPO-MADRL,-2736.756220369532,-2860.9960572062864
808,3,TRPO-MADRL,-11096.599167338549,-3190.0955510697545
809,3,TRPO-MADRL,-2911.2830574890068,-3199.372359026121
810,3,TRPO-MADRL,-2932.6805110928026,-3199.449237755384
811,3,TRPO-MADRL,-2996.158628913661,-3206.352794672421
812,3,TRPO-MADRL,-3098.8724681337662,-3206.0282391627075
813,3,TRPO-MADRL,-3042.301074977173,-3205.3946102529794
814,3,TRPO-MADRL,-3150.3131741903526,-3211.1193902434884
815,3,TRPO-MADRL,-3092.4920828245467,-3221.545437567178
816,3,TRPO-MADRL,-2920.0105173099446,-3219.2062341499204
817,3,TRPO-MADRL,-2978.250621254276,-3220.9310711734806
818,3,TRPO-MADRL,-3070.5698645164334,-3228.7085742044237
819,3,TRPO-MADRL,-11596.041231605366,-3573.9627653020157
820,3,TRPO-MADRL,-2940.009103287958,-3583.5460149093483
821,3,TRPO-MADRL,-3211.261603155676,-3602.365562155044
822,3,TRPO-MADRL,-3172.488332774281,-3610.9608401575165
823,3,TRPO-MADRL,-3153.455870811132,-3619.2021191177528
824,3,TRPO-MADRL,-3289.0417348951805,-3639.809354737254
825,3,TRPO-MADRL,-3119.814007513296,-3667.31042335313
826,3,TRPO-MADRL,-3175.411692321626,-3679.1489606621362
827,3,TRPO-MADRL,-2791.2001763285634,-3665.999402140473
828,3,TRPO-MADRL,-3518.89555154188,-3700.5353347862824
829,3,TRPO-MADRL,-3116.387358772382,-3710.3141387209716
830,3,TRPO-MADRL,-2938.8008322679043,-3717.930155117258
831,3,TRPO-MADRL,-3142.9301865251737,-3727.6810028084183
832,3,TRPO-MADRL,-3086.566087096088,-3741.673397477481
833,3,TRPO-MADRL,-2993.9975599283043,-3417.5693331810708
834,3,TRPO-MADRL,-3340.2452612267875,-3434.727821330582
835,3,TRPO-MADRL,-3141.8631287192,-3443.095126035638
836,3,TRPO-MADRL,-3160.997076009766,-3449.6886639194818
837,3,TRPO-MADRL,-3212.152538580298,-3454.219866737343
838,3,TRPO-MADRL,-3009.877174324799,-3452.922910711249
839,3,TRPO-MADRL,-3006.007643481592,-3447.150689482898
840,3,TRPO-MADRL,-3056.461902666831,-3445.70948227659
841,3,TRPO-MADRL,-3113.491950674109,-3453.4487396111567
842,3,TRPO-MADRL,-3133.4865276611526,-3459.6581758674315
843,3,TRPO-MADRL,-3054.8415354024983,-3459.0290427028735
844,3,TRPO-MADRL,-2793.9134477459065,-3106.943931348495
845,3,TRPO-MADRL,-3002.4913998180164,-3109.443223209698
846,3,TRPO-MADRL,-3150.745098749388,-3107.022563033446
847,3,TRPO-MADRL,-2766.648532277009,-3090.7889710135555
848,3,TRPO-MADRL,-2761.004943622333,-3075.090933926004
849,3,TRPO-MADRL,-2862.353980601321,-3058.0234237542486
850,3,TRPO-MADRL,-2740.657201223348,-3042.8571515026515
851,3,TRPO-MADRL,-3126.991871319608,-3040.9203586625704
852,3,TRPO-MADRL,-3033.9955400886547,-3050.632173212974
853,3,TRPO-MADRL,-3012.367191523751,-3030.3710388122486
854,3,TRPO-MADRL,-3047.219823595746,-3027.6043374051833
855,3,TRPO-MADRL,-2827.482013815381,-3023.1515846670823
856,3,TRPO-MADRL,-3189.764510035454,-3025.024957607494
857,3,TRPO-MADRL,-3072.5342237313944,-3024.4636830729055
858,3,TRPO-MADRL,-2950.7028886400985,-3022.731896221378
859,3,TRPO-MADRL,-3185.9698000186263,-3016.560877773051
860,3,TRPO-MADRL,-2872.9333889188133,-3005.803688181036
861,3,TRPO-MADRL,-2811.68230832885,-2991.831097473799
862,3,TRPO-MADRL,-2893.469042557758,-2979.0837576328977
863,3,TRPO-MADRL,-2972.2527341504933,-2977.5787800259254
864,3,TRPO-MADRL,-2947.1132265811266,-2975.223003349907
865,3,TRPO-MADRL,-12002.1208859548,-3333.0493626814255
866,3,TRPO-MADRL,-3288.1753345075267,-3340.036698034762
867,3,TRPO-MADRL,-3219.089515718475,-3343.4608175570547
868,3,TRPO-MADRL,-3107.2235804117868,-3345.556099357427
869,3,TRPO-MADRL,-3250.336072785331,-3363.813004359004
870,3,TRPO-MADRL,-3351.300008035156,-3377.765348687689
871,3,TRPO-MADRL,-3447.1700388099907,-3389.6223462901135
872,3,TRPO-MADRL,-3021.423208137061,-3399.813333324515
873,3,TRPO-MADRL,-2982.5898797096384,-3408.6767307680075
874,3,TRPO-MADRL,-3203.3730377780767,-3422.317493055078
875,3,TRPO-MADRL,-3024.4300389205027,-3433.6684065629643
876,3,TRPO-MADRL,-11704.00731576694,-3776.7490243408574
877,3,TRPO-MADRL,-3008.6192252899973,-3775.733971748911
878,3,TRPO-MADRL,-3031.751228833866,-3776.5093332413153
879,3,TRPO-MADRL,-2897.894870452289,-3770.536335115577
880,3,TRPO-MADRL,-2806.871374284604,-3769.711909534346
881,3,TRPO-MADRL,-2743.2097188047155,-3751.8497178851167
882,3,TRPO-MADRL,-2928.796574503664,-3746.1002119160075
883,3,TRPO-MADRL,-3040.9870681639595,-3749.7115790969615
884,3,TRPO-MADRL,-2881.524384573425,-3737.5337624791537
885,3,TRPO-MADRL,-3044.078303521738,-3744.3795590632712
886,3,TRPO-MADRL,-2994.771117323456,-3751.7031114230554
887,3,TRPO-MADRL,-3147.406580162386,-3761.86061292724
888,3,TRPO-MADRL,-2913.9684864284554,-3759.529243018359
889,3,TRPO-MADRL,-2750.1116005154618,-3751.6491779757325
890,3,TRPO-MADRL,-2773.924856948144,-3382.521336815466
891,3,TRPO-MADRL,-2864.58608349977,-3365.5777667751554
892,3,TRPO-MADRL,-3081.4181757434435,-3360.0709131761546
893,3,TRPO-MADRL,-3022.5684263639737,-3356.6847070142417
894,3,TRPO-MADRL,-3167.355466151964,-3353.3654827489067
895,3,TRPO-MADRL,-2906.2382959874494,-3335.5630142669993
896,3,TRPO-MADRL,-2816.871589053785,-3310.3510762767505
897,3,TRPO-MADRL,-3076.942516011399,-3312.5718485917246
898,3,TRPO-MADRL,-3116.847613504403,-3317.9421579435143
899,3,TRPO-MADRL,-3018.2725277865475,-3310.5381375438533
900,3,TRPO-MADRL,-2955.1538634050767,-3307.7670905232367
901,3,TRPO-MADRL,-3020.327763797904,-2960.4199084444754
902,3,TRPO-MADRL,-3127.2145222221952,-2965.163720321763
903,3,TRPO-MADRL,-2959.949035959211,-2962.291632606777
904,3,TRPO-MADRL,-2704.244866901569,-2954.5456324647485
905,3,TRPO-MADRL,-2934.4638617450664,-2959.6493319631663
906,3,TRPO-MADRL,-2849.238630209894,-2963.890488419374
907,3,TRPO-MADRL,-3085.488562338428,-2970.158167932764
908,3,TRPO-MADRL,-2875.422923645417,-2963.535602152023
909,3,TRPO-MADRL,-2798.3447434630657,-2960.2084165076085
910,3,TRPO-MADRL,-3042.633285668304,-2960.1506157934705
911,3,TRPO-MADRL,-2864.904486391785,-2954.955950556204
912,3,TRPO-MADRL,-3070.1467661270963,-2951.8655579947927
913,3,TRPO-MADRL,-2859.0712392134583,-2949.669668106192
914,3,TRPO-MADRL,-2600.2354910816,-2943.6746237288376
915,3,TRPO-MADRL,-2867.950690517393,-2947.435657071608
916,3,TRPO-MADRL,-2815.068682377589,-2945.454961026721
917,3,TRPO-MADRL,-2811.699975172942,-2934.6662330039003
918,3,TRPO-MADRL,-2754.354666797239,-2923.937682621231
919,3,TRPO-MADRL,-2654.974558258714,-2903.4424463055016
920,3,TRPO-MADRL,-3113.5323468751435,-2911.7342083410094
921,3,TRPO-MADRL,-2704.248339797988,-2907.229278370777
922,3,TRPO-MADRL,-2782.4496350356594,-2895.4495631317473
923,3,TRPO-MADRL,-2881.67590897542,-2886.0426949505886
924,3,TRPO-MADRL,-2774.0683466208648,-2876.2745277039608
925,3,TRPO-MADRL,-2756.103695791585,-2868.3125209994214
926,3,TRPO-MADRL,-2664.63659486108,-2854.084874241948
927,3,TRPO-MADRL,-2857.71686973038,-2843.3049681422763
928,3,TRPO-MADRL,-2532.817879534296,-2826.219721885279
929,3,TRPO-MADRL,-2890.662222678566,-2833.6764161163587
930,3,TRPO-MADRL,-2597.5660181824824,-2820.2005023738557
931,3,TRPO-MADRL,-2701.227094322678,-2814.280040938367
932,3,TRPO-MADRL,-2589.658896647283,-2794.4468543107214
933,3,TRPO-MADRL,-2648.928882210837,-2785.3870926533377
934,3,TRPO-MADRL,-2497.5985508227955,-2773.3572449477274
935,3,TRPO-MADRL,-2765.8496294839547,-2762.285898700353
936,3,TRPO-MADRL,-2687.6307988109315,-2755.1949511971193
937,3,TRPO-MADRL,-2590.9116635808487,-2736.0255470952693
938,3,TRPO-MADRL,-2666.9934189124,-2728.342434283227
939,3,TRPO-MADRL,-2680.6381404879767,-2731.558540259482
940,3,TRPO-MADRL,-2699.463968348606,-2724.8190713727304
941,3,TRPO-MADRL,-2532.168773705119,-2713.5030750258315
942,3,TRPO-MADRL,-2593.29955340483,-2704.767058155107
943,3,TRPO-MADRL,-2730.540444329818,-2703.81448925641
944,3,TRPO-MADRL,-2705.851859047372,-2705.849581287957
945,3,TRPO-MADRL,-2633.0682087732384,-2686.6310157638804
946,3,TRPO-MADRL,-2809.953583480984,-2690.8592255112003
947,3,TRPO-MADRL,-2689.291274509983,-2687.132891090173
948,3,TRPO-MADRL,-2593.1580475983405,-2675.5921766350903
949,3,TRPO-MADRL,-2639.273834655295,-2670.200396156467
950,3,TRPO-MADRL,-2429.055360162626,-2657.118462731309
951,3,TRPO-MADRL,-2574.746227048193,-2653.522848018793
952,3,TRPO-MADRL,-2611.391084597305,-2643.66981661347
953,3,TRPO-MADRL,-2486.7296741527684,-2641.8262883982093
954,3,TRPO-MADRL,-2635.878971970289,-2631.634958369878
955,3,TRPO-MADRL,-2595.673327995952,-2631.5592507624174
956,3,TRPO-MADRL,-2595.671530939643,-2627.3370282270957
957,3,TRPO-MADRL,-2609.2376910596854,-2628.120180003592
958,3,TRPO-MADRL,-2756.1774202669903,-2632.410121525838
959,3,TRPO-MADRL,-2629.689254524356,-2637.6937496739
960,3,TRPO-MADRL,-2513.6745078261065,-2627.606744807586
961,3,TRPO-MADRL,-2665.9027297180965,-2626.7376220438728
962,3,TRPO-MADRL,-2452.2986381707324,-2621.1931010274684
963,3,TRPO-MADRL,-2586.9246339710053,-2617.9903496298125
964,3,TRPO-MADRL,-2593.648642199216,-2614.5107696982623
965,3,TRPO-MADRL,-2578.659390551426,-2609.678586586375
966,3,TRPO-MADRL,-2518.654133184647,-2609.138000965556
967,3,TRPO-MADRL,-2679.5052044921445,-2612.5862270090483
968,3,TRPO-MADRL,-2500.282296357933,-2603.375901090173
969,3,TRPO-MADRL,-2628.48005654423,-2600.2810289900476
970,3,TRPO-MADRL,-2516.378313865879,-2595.613433193753
971,3,TRPO-MADRL,-2481.19378341386,-2582.463041191068
972,3,TRPO-MADRL,-2761.663918459424,-2585.357946949046
973,3,TRPO-MADRL,-2360.5913948114894,-2576.055280837572
974,3,TRPO-MADRL,-2571.3055507074023,-2573.3365494796562
975,3,TRPO-MADRL,-2597.275010571924,-2580.0653354960277
976,3,TRPO-MADRL,-2687.716505953971,-2584.584146652259
977,3,TRPO-MADRL,-2495.760378285163,-2579.9589183997737
978,3,TRPO-MADRL,-2541.5056363484287,-2582.1499568875997
979,3,TRPO-MADRL,-2590.510464666986,-2580.3352165954675
980,3,TRPO-MADRL,-2465.386952364316,-2575.123761570202
981,3,TRPO-MADRL,-2605.4799097020204,-2575.516096720697
982,3,TRPO-MADRL,-2618.9290777539222,-2575.9037521884666
983,3,TRPO-MADRL,-2579.431855812252,-2568.833929610277
984,3,TRPO-MADRL,-2546.8334222287585,-2565.5196963184535
985,3,TRPO-MADRL,-2492.956811098796,-2564.6909884493607
986,3,TRPO-MADRL,-2456.011172340606,-2556.2953261542616
987,3,TRPO-MADRL,-2621.584026892793,-2563.066741703144
988,3,TRPO-MADRL,-2532.824998015698,-2560.9027562649317
989,3,TRPO-MADRL,-2576.4621795642893,-2560.215297759534
990,3,TRPO-MADRL,-2563.663510674412,-2559.615462564454
991,3,TRPO-MADRL,-2681.9735577852416,-2566.1482395484777
992,3,TRPO-MADRL,-2471.3265742658377,-2557.821094339425
993,3,TRPO-MADRL,-2589.9631758646547,-2561.4083295196942
994,3,TRPO-MADRL,-2476.230396317979,-2555.318343110644
995,3,TRPO-MADRL,-2536.940708071027,-2556.14083887885
996,3,TRPO-MADRL,-2483.325089410904,-2556.226091118732
997,3,TRPO-MADRL,-2616.7023378804884,-2550.4276278955745
998,3,TRPO-MADRL,-2623.9673088507143,-2560.9626644571435
999,3,TRPO-MADRL,-2694.335848914078,-2565.8838763854105
1000,3,TRPO-MADRL,-2680.5601563485907,-2569.215282216477
1001,3,TRPO-MADRL,-2633.904509276417,-2633.904509276417
1002,3,TRPO-MADRL,-2553.368155441887,-2593.636332359152
1003,3,TRPO-MADRL,-2566.944286602416,-2584.738983773573
1004,3,TRPO-MADRL,-2602.3481342129453,-2589.141271383416
1005,3,TRPO-MADRL,-2529.022120569008,-2577.1174412205346
1006,3,TRPO-MADRL,-2485.6093390567803,-2561.866090859909
1007,3,TRPO-MADRL,-2556.1556002146085,-2561.0503064820086
1008,3,TRPO-MADRL,-2554.4122140448803,-2560.220544927368
1009,3,TRPO-MADRL,-2734.743442943876,-2579.6119780403133
1010,3,TRPO-MADRL,-2649.7578135888834,-2586.62656159517
1011,3,TRPO-MADRL,-2647.121752434079,-2592.1261243987074
1012,3,TRPO-MADRL,-2688.452584775552,-2600.153329430111
1013,3,TRPO-MADRL,-2430.643533754702,-2587.1141143781565
1014,3,TRPO-MADRL,-2565.452980452462,-2585.5668905263215
1015,3,TRPO-MADRL,-2520.2603964439973,-2581.2131242541664
1016,3,TRPO-MADRL,-2720.489557572383,-2589.9179013365547
1017,3,TRPO-MADRL,-2562.2012659682414,-2588.2875110207715
1018,3,TRPO-MADRL,-2525.0597641823865,-2584.7748584186393
1019,3,TRPO-MADRL,-2455.056061210992,-2577.947553302447
1020,3,TRPO-MADRL,-2487.4622961390533,-2573.4232904442774
1021,3,TRPO-MADRL,-2618.079651231194,-2575.549783815083
1022,3,TRPO-MADRL,-2594.7574867494263,-2576.4228612211896
1023,3,TRPO-MADRL,-2466.56785955299,-2571.646556800833
1024,3,TRPO-MADRL,-2435.573012945867,-2565.976825806876
1025,3,TRPO-MADRL,-2566.76447072428,-2566.0083316035725
1026,3,TRPO-MADRL,-2571.2710721368967,-2563.502994117992
1027,3,TRPO-MADRL,-2534.3656549424622,-2562.7428940980144
1028,3,TRPO-MADRL,-2441.819026198438,-2557.7378836818552
1029,3,TRPO-MADRL,-2424.648591337788,-2550.629901966849
1030,3,TRPO-MADRL,-2461.658057102537,-2547.93533942819
1031,3,TRPO-MADRL,-2675.6145999093605,-2555.5355498622935
1032,3,TRPO-MADRL,-2397.6630095656083,-2549.1958462363336
1033,3,TRPO-MADRL,-2433.602344063852,-2544.363451437092
1034,3,TRPO-MADRL,-2428.446547513367,-2532.111575619872
1035,3,TRPO-MADRL,-2454.505336281322,-2524.3014765275693
1036,3,TRPO-MADRL,-2366.793160858568,-2513.088332864549
1037,3,TRPO-MADRL,-2538.3608210623306,-2507.08466231602
1038,3,TRPO-MADRL,-2520.6257410436497,-2510.683950607578
1039,3,TRPO-MADRL,-2436.3680038750613,-2505.520551544482
1040,3,TRPO-MADRL,-2623.512376206535,-2509.650630734983
1041,3,TRPO-MADRL,-2416.0472172232667,-2497.472937121019
1042,3,TRPO-MADRL,-2530.022207545234,-2496.1857747840986
1043,3,TRPO-MADRL,-2481.0268844199536,-2494.4244595936016
1044,3,TRPO-MADRL,-2547.8552510018862,-2498.136427185237
1045,3,TRPO-MADRL,-2386.343771496641,-2494.0916861995406
1046,3,TRPO-MADRL,-2459.148890640555,-2487.734455775915
1047,3,TRPO-MADRL,-2452.6670770179103,-2482.0508393866544
1048,3,TRPO-MADRL,-2491.4308385511717,-2483.0453585465816
1049,3,TRPO-MADRL,-2452.7764004911214,-2483.733494048392
1050,3,TRPO-MADRL,-2311.343633437029,-2473.5166605569016
1051,3,TRPO-MADRL,-2506.8579469160622,-2470.940135548068
1052,3,TRPO-MADRL,-2452.561442981368,-2467.667967069625
1053,3,TRPO-MADRL,-2576.799338494492,-2473.067179561467
1054,3,TRPO-MADRL,-2413.8611615676946,-2472.6356823706633
1055,3,TRPO-MADRL,-2545.704723703252,-2475.997549034692
1056,3,TRPO-MADRL,-2473.577561441748,-2467.916067495987
1057,3,TRPO-MADRL,-2431.9759200801004,-2469.288583916567
1058,3,TRPO-MADRL,-2502.7103420485346,-2472.052903835954
1059,3,TRPO-MADRL,-2469.5552909199305,-2473.6972535722166
1060,3,TRPO-MADRL,-2616.4673370678247,-2480.175733603677
1061,3,TRPO-MADRL,-2453.9056883710364,-2483.6602347041758
1062,3,TRPO-MADRL,-2428.1368285129856,-2479.2512750022015
1063,3,TRPO-MADRL,-2605.9765086109182,-2482.6653057048925
1064,3,TRPO-MADRL,-2359.186198412411,-2479.5780334863866
1065,3,TRPO-MADRL,-2452.1738657876685,-2472.724493069632
1066,3,TRPO-MADRL,-2361.674474114769,-2470.549583345292
1067,3,TRPO-MADRL,-2305.234677763438,-2461.55808215402
1068,3,TRPO-MADRL,-2569.0188558809045,-2465.0777610124583
1069,3,TRPO-MADRL,-2493.86999400318,-2462.9183507325097
1070,3,TRPO-MADRL,-2384.056457597886,-2462.8268581765597
1071,3,TRPO-MADRL,-2425.8106115524733,-2461.4933270130364
1072,3,TRPO-MADRL,-2464.0625700036458,-2461.949146732466
1073,3,TRPO-MADRL,-2449.051324070517,-2460.2539661532396
1074,3,TRPO-MADRL,-2406.327639815482,-2458.396015726214
1075,3,TRPO-MADRL,-2506.079366631296,-2466.185445053985
1076,3,TRPO-MADRL,-2461.643142019945,-2464.3768528581404
1077,3,TRPO-MADRL,-2334.0466546100074,-2459.6362613232855
1078,3,TRPO-MADRL,-2448.1945482405536,-2454.492069713128
1079,3,TRPO-MADRL,-2468.145022404437,-2456.6634241465977
1080,3,TRPO-MADRL,-2444.202479513866,-2452.6033343790223
1081,3,TRPO-MADRL,-2498.024787785997,-2453.5812234327923
1082,3,TRPO-MADRL,-2466.638422071069,-2454.967723512431
1083,3,TRPO-MADRL,-2380.692194581939,-2450.0869976137674
1084,3,TRPO-MADRL,-2414.6614820415225,-2447.891245258631
1085,3,TRPO-MADRL,-2480.1136320676,-2442.437097058622
1086,3,TRPO-MADRL,-2395.783030223654,-2440.1121907327265
1087,3,TRPO-MADRL,-2623.489015454086,-2447.9262782103706
1088,3,TRPO-MADRL,-2357.808202697784,-2437.9995459738457
1089,3,TRPO-MADRL,-2406.683067966273,-2439.899420756
1090,3,TRPO-MADRL,-2472.857760559459,-2440.7267765468714
1091,3,TRPO-MADRL,-2483.434198997431,-2445.597165542178
1092,3,TRPO-MADRL,-2404.143806197168,-2449.553530679527
1093,3,TRPO-MADRL,-2397.108519563455,-2442.677117226829
1094,3,TRPO-MADRL,-2421.3264042423207,-2439.7753736363948
1095,3,TRPO-MADRL,-2873.7180224871445,-2459.361836231965
1096,3,TRPO-MADRL,-2470.240646013922,-2461.1390376104227
1097,3,TRPO-MADRL,-2354.6856591671326,-2456.7639611769623
1098,3,TRPO-MADRL,-2383.4172153877425,-2454.1385968296513
1099,3,TRPO-MADRL,-2467.9904901124464,-2456.60511084153
1100,3,TRPO-MADRL,-2432.1722721997457,-2453.6488270642676
1101,3,TRPO-MADRL,-2394.9060860825657,-2450.979344826773
1102,3,TRPO-MADRL,-2474.7697339763654,-2456.608268001427
1103,3,TRPO-MADRL,-2413.0440493470787,-2455.2022480456885
1104,3,TRPO-MADRL,-2530.800213070137,-2457.708455672316
1105,3,TRPO-MADRL,-2504.30917875754,-2460.1127236420634
1106,3,TRPO-MADRL,-2446.063952962085,-2458.0342902491066
1107,3,TRPO-MADRL,-2362.650414751932,-2453.874769956341
1108,3,TRPO-MADRL,-2334.261609811137,-2452.0175465655093
1109,3,TRPO-MADRL,-2552.689551874624,-2457.5386693588334
1110,3,TRPO-MADRL,-2476.523644081308,-2457.3950698393814
1111,3,TRPO-MADRL,-2442.5222558823134,-2459.2646388657276
1112,3,TRPO-MADRL,-2319.296410612579,-2447.0969346720676
1113,3,TRPO-MADRL,-2549.7594549600526,-2454.7749847625582
1114,3,TRPO-MADRL,-2383.3009597871223,-2453.8397004353924
1115,3,TRPO-MADRL,-2381.324499388644,-2450.17836998856
1116,3,TRPO-MADRL,-2489.3194719024896,-2450.413780904762
1117,3,TRPO-MADRL,-2290.7959831183903,-2445.879867981611
1118,3,TRPO-MADRL,-2415.4467124220346,-2446.6133956959543
1119,3,TRPO-MADRL,-2479.8283754148238,-2448.953474542854
1120,3,TRPO-MADRL,-2449.752720486258,-2431.9948624628187
1121,3,TRPO-MADRL,-2418.1269444404143,-2429.9103143998786
1122,3,TRPO-MADRL,-2482.7202164016444,-2435.0316966892588
1123,3,TRPO-MADRL,-2471.030252922791,-2438.5362181906607
1124,3,TRPO-MADRL,-2281.7952040543114,-2431.0884067483353
1125,3,TRPO-MADRL,-2406.738538366801,-2430.0710573950178
1126,3,TRPO-MADRL,-2416.739712452466,-2430.944402449814
1127,3,TRPO-MADRL,-2447.032945316633,-2429.8349309034243
1128,3,TRPO-MADRL,-2414.907841947381,-2429.9094826074365
1129,3,TRPO-MADRL,-2574.268768913645,-2431.648224841177
1130,3,TRPO-MADRL,-2428.864008594781,-2428.6304180346665
1131,3,TRPO-MADRL,-2346.479275131949,-2424.647030921461
1132,3,TRPO-MADRL,-2501.901547659373,-2430.2170762377586
1133,3,TRPO-MADRL,-2360.366347377332,-2431.261265740406
1134,3,TRPO-MADRL,-2373.862423827318,-2424.108180618514
1135,3,TRPO-MADRL,-2435.91642425633,-2422.4838918255155
1136,3,TRPO-MADRL,-2423.074877330237,-2421.705996683432
1137,3,TRPO-MADRL,-2407.59487505409,-2425.2379352610924
1138,3,TRPO-MADRL,-2429.600258938738,-2420.43156742024
1139,3,TRPO-MADRL,-2383.4922836075416,-2420.4392203730567
1140,3,TRPO-MADRL,-2358.873615052752,-2419.541184999621
1141,3,TRPO-MADRL,-2438.7676227831025,-2417.5191110348455
1142,3,TRPO-MADRL,-2431.867783445762,-2423.161983047941
1143,3,TRPO-MADRL,-2490.621448280678,-2426.168972482286
1144,3,TRPO-MADRL,-2421.832000147924,-2423.84911747161
1145,3,TRPO-MADRL,-2384.084778139708,-2421.2223997777483
1146,3,TRPO-MADRL,-2389.6014247169096,-2420.081378988808
1147,3,TRPO-MADRL,-2511.9147164436736,-2421.249158990489
1148,3,TRPO-MADRL,-2358.2463113840386,-2416.737801328939
1149,3,TRPO-MADRL,-2319.351170037663,-2418.2400399682733
1150,3,TRPO-MADRL,-2447.9042181702744,-2419.8866671604123
1151,3,TRPO-MADRL,-2362.2179038332524,-2417.7057948156435
1152,3,TRPO-MADRL,-2348.1068586426168,-2413.748751348683
1153,3,TRPO-MADRL,-2397.801147861252,-2413.0644835852377
1154,3,TRPO-MADRL,-2404.820331498152,-2406.286546088618
1155,3,TRPO-MADRL,-2451.169738531831,-2407.1787752861
1156,3,TRPO-MADRL,-2470.082301869237,-2412.122896355592
1157,3,TRPO-MADRL,-2412.495878901291,-2408.546669605268
1158,3,TRPO-MADRL,-2402.5776078111103,-2410.2351200226194
1159,3,TRPO-MADRL,-2371.7073629752667,-2410.1489175885376
1160,3,TRPO-MADRL,-2433.2687686419167,-2410.043011363961
1161,3,TRPO-MADRL,-2394.784710057106,-2408.9114046730356
1162,3,TRPO-MADRL,-2447.564654219711,-2410.5101958396604
1163,3,TRPO-MADRL,-2403.6012341439646,-2409.4702348478695
1164,3,TRPO-MADRL,-2343.2081866773224,-2407.8588709706605
1165,3,TRPO-MADRL,-2353.4745841499403,-2407.642909734548
1166,3,TRPO-MADRL,-2425.605906927441,-2407.1164411003215
1167,3,TRPO-MADRL,-2404.5920468438235,-2406.025411636244
1168,3,TRPO-MADRL,-2405.3604969047688,-2402.614973581208
1169,3,TRPO-MADRL,-2444.457728015642,-2403.5200026959164
1170,3,TRPO-MADRL,-2346.671042059002,-2402.0234532526883
1171,3,TRPO-MADRL,-2434.064906506558,-2403.8019925242743
1172,3,TRPO-MADRL,-2357.934348442603,-2397.6427778042316
1173,3,TRPO-MADRL,-2272.1211812189467,-2394.1977725976276
1174,3,TRPO-MADRL,-2329.93832450543,-2394.6212587763384
1175,3,TRPO-MADRL,-2331.513500214921,-2389.9656300581246
1176,3,TRPO-MADRL,-2405.5269865851824,-2391.6979933682014
1177,3,TRPO-MADRL,-2385.62690790067,-2393.1987953385237
1178,3,TRPO-MADRL,-2369.052275393579,-2392.0488404398166
1179,3,TRPO-MADRL,-2385.6411875376625,-2391.2816746813974
1180,3,TRPO-MADRL,-2364.2647336707923,-2387.8054744869555
1181,3,TRPO-MADRL,-2340.685491587544,-2382.6296020756877
1182,3,TRPO-MADRL,-2330.908091534636,-2379.3660905810216
1183,3,TRPO-MADRL,-2338.3031791661347,-2376.7951134352224
1184,3,TRPO-MADRL,-2377.1775079788003,-2377.013919235364
1185,3,TRPO-MADRL,-2326.3502493170645,-2372.7371784623697
1186,3,TRPO-MADRL,-2377.0667238819,-2372.0284590153615
1187,3,TRPO-MADRL,-2387.9984539390525,-2369.6458110041353
1188,3,TRPO-MADRL,-2406.0817004340106,-2369.745029655737
1189,3,TRPO-MADRL,-2382.792120698651,-2371.32838701659
1190,3,TRPO-MADRL,-2341.9856218620234,-2370.8688285250737
1191,3,TRPO-MADRL,-2396.247684530488,-2369.6944996291954
1192,3,TRPO-MADRL,-2365.767459889861,-2368.141516151037
1193,3,TRPO-MADRL,-2362.3005601298137,-2366.419118680039
1194,3,TRPO-MADRL,-2387.5128665675334,-2364.1413242221142
1195,3,TRPO-MADRL,-2384.862996938329,-2365.6690024172876
1196,3,TRPO-MADRL,-2292.347453856124,-2360.00030431127
1197,3,TRPO-MADRL,-2333.3139084419363,-2359.0154867112437
1198,3,TRPO-MADRL,-2327.900041589688,-2361.246641126073
1199,3,TRPO-MADRL,-2418.6268719161226,-2364.794183022501
1200,3,TRPO-MADRL,-2304.079552108523,-2363.696825098245
1201,3,TRPO-MADRL,-2339.7365345298845,-2361.065207016033
1202,3,TRPO-MADRL,-2327.3912060513235,-2358.7357789420594
1203,3,TRPO-MADRL,-2303.168451595525,-2356.100425990137
1204,3,TRPO-MADRL,-2311.555775868408,-2353.1370095233665
1205,3,TRPO-MADRL,-2324.034653307343,-2351.527806308829
1206,3,TRPO-MADRL,-2325.806021720369,-2350.9326275141416
1207,3,TRPO-MADRL,-2347.918608089612,-2351.6130481763407
1208,3,TRPO-MADRL,-2434.42391925238,-2355.4578777797906
1209,3,TRPO-MADRL,-2312.5194889757627,-2352.871557019669
1210,3,TRPO-MADRL,-2295.453703932719,-2351.635695204295
1211,3,TRPO-MADRL,-2372.813585744725,-2351.4655696788086
1212,3,TRPO-MADRL,-2386.571396268052,-2351.4084873719685
1213,3,TRPO-MADRL,-2391.280239129549,-2350.81642891979
1214,3,TRPO-MADRL,-2345.53926304442,-2349.3263146136205
1215,3,TRPO-MADRL,-2387.07136176117,-2351.1297442095865
1216,3,TRPO-MADRL,-2262.461680340112,-2345.7783040419718
1217,3,TRPO-MADRL,-2361.7936763935413,-2345.6193527021187
1218,3,TRPO-MADRL,-2296.8601305286707,-2343.0017355180726
1219,3,TRPO-MADRL,-2288.648238457063,-2339.047150393654
1220,3,TRPO-MADRL,-2305.2108439455947,-2335.8610642739445
1221,3,TRPO-MADRL,-2339.4063931111027,-2337.743421844144
1222,3,TRPO-MADRL,-2322.1215895554506,-2337.2957290886843
1223,3,TRPO-MADRL,-2312.124865605676,-2336.6647220493237
1224,3,TRPO-MADRL,-2363.3557537317783,-2334.45387732195
1225,3,TRPO-MADRL,-2307.7616579465484,-2334.601161555471
1226,3,TRPO-MADRL,-2320.1084662584326,-2333.8160388246133
1227,3,TRPO-MADRL,-2357.280513850966,-2335.0116111365987
1228,3,TRPO-MADRL,-2385.7653793398395,-2338.3154882463714
1229,3,TRPO-MADRL,-2407.196670490904,-2342.1411240312714
1230,3,TRPO-MADRL,-2391.862255682946,-2344.8542281262953
1231,3,TRPO-MADRL,-2354.442508979429,-2345.999687616658
1232,3,TRPO-MADRL,-2353.998744271933,-2346.2428930639508
1233,3,TRPO-MADRL,-2435.089077206675,-2346.2694993821224
1234,3,TRPO-MADRL,-2409.354409473119,-2350.142896202017
1235,3,TRPO-MADRL,-2341.541798735856,-2351.986419994142
1236,3,TRPO-MADRL,-2367.0700962397696,-2351.7566804139437
1237,3,TRPO-MADRL,-2320.269621402452,-2349.10460941932
1238,3,TRPO-MADRL,-2314.899399522187,-2346.049375835026
1239,3,TRPO-MADRL,-2436.7166860631723,-2349.6964727557756
1240,3,TRPO-MADRL,-2339.7489456447315,-2347.803576111118
1241,3,TRPO-MADRL,-2367.139572419751,-2351.9906917943035
1242,3,TRPO-MADRL,-2357.099005000864,-2351.8029049385964
1243,3,TRPO-MADRL,-2252.7420225479705,-2350.0381806193686
1244,3,TRPO-MADRL,-2334.7732908845974,-2351.88318271647
1245,3,TRPO-MADRL,-2368.391030120646,-2354.4103901634717
1246,3,TRPO-MADRL,-2342.299605405589,-2354.526118655251
1247,3,TRPO-MADRL,-2274.745973014633,-2352.631093993619
1248,3,TRPO-MADRL,-2311.0597186616405,-2352.588488115857
1249,3,TRPO-MADRL,-2279.1002495513267,-2349.2182679486396
1250,3,TRPO-MADRL,-2290.500619556032,-2348.5278264130184
1251,3,TRPO-MADRL,-2360.043221865702,-2350.125216637309
1252,3,TRPO-MADRL,-2339.937211349298,-2349.4314845372423
1253,3,TRPO-MADRL,-2323.297008321995,-2346.932749696529
1254,3,TRPO-MADRL,-2317.4112260654656,-2343.3413319195115
1255,3,TRPO-MADRL,-2330.567335281798,-2340.8895351034653
1256,3,TRPO-MADRL,-2294.3859222423152,-2338.487271633981
1257,3,TRPO-MADRL,-2371.033193189932,-2339.1686495907006
1258,3,TRPO-MADRL,-2290.405772274954,-2333.381317393432
1259,3,TRPO-MADRL,-2299.8798968455485,-2329.002336888329
1260,3,TRPO-MADRL,-2279.0621549049106,-2326.5031511350912
1261,3,TRPO-MADRL,-2376.3343762497625,-2326.873722335491
1262,3,TRPO-MADRL,-2293.190805121648,-2325.7905696842586
1263,3,TRPO-MADRL,-2239.3847977144706,-2322.7699856119502
1264,3,TRPO-MADRL,-2355.570867298574,-2319.524152861366
1265,3,TRPO-MADRL,-2301.257452148473,-2317.9844931215157
1266,3,TRPO-MADRL,-2382.2834411217677,-2318.5902478695966
1267,3,TRPO-MADRL,-2266.4451345947105,-2314.96409305335
1268,3,TRPO-MADRL,-2314.125873410523,-2317.4194470878524
1269,3,TRPO-MADRL,-2287.566610955517,-2315.531179890689
1270,3,TRPO-MADRL,-2348.3665687004595,-2314.730201433882
1271,3,TRPO-MADRL,-2332.5641500507954,-2314.3407832196904
1272,3,TRPO-MADRL,-2328.8987593136803,-2316.506894671652
1273,3,TRPO-MADRL,-2307.8870997291333,-2316.3799899143514
1274,3,TRPO-MADRL,-2300.9446516569733,-2317.2537659985774
1275,3,TRPO-MADRL,-2226.951564261658,-2314.7118037868026
1276,3,TRPO-MADRL,-2247.176062260993,-2310.1971174026144
1277,3,TRPO-MADRL,-2291.626478683429,-2308.2646880959796
1278,3,TRPO-MADRL,-2289.472878715799,-2306.9117229117314
1279,3,TRPO-MADRL,-2253.008200683795,-2304.3356018964646
1280,3,TRPO-MADRL,-2288.9844991529408,-2302.67228845131
1281,3,TRPO-MADRL,-2353.4874260584093,-2305.036348603954
1282,3,TRPO-MADRL,-2386.156975301642,-2305.6412998884225
1283,3,TRPO-MADRL,-2241.142852650029,-2303.6707831034255
1284,3,TRPO-MADRL,-2322.8344640423543,-2304.588965791298
1285,3,TRPO-MADRL,-2285.7259186166684,-2304.855516339768
1286,3,TRPO-MADRL,-2283.8971330022023,-2301.158026609866
1287,3,TRPO-MADRL,-2295.0808531165667,-2301.233628529663
1288,3,TRPO-MADRL,-2323.1098473885672,-2304.582630516626
1289,3,TRPO-MADRL,-2378.8189010847336,-2305.512551868073
1290,3,TRPO-MADRL,-2325.0713804050506,-2306.4651089983363
1291,3,TRPO-MADRL,-2368.4064295166218,-2305.91002853413
1292,3,TRPO-MADRL,-2364.85103876251,-2309.8462647008423
1293,3,TRPO-MADRL,-2340.1877406372614,-2310.8887393899117
1294,3,TRPO-MADRL,-2347.6398609347752,-2313.291669389082
1295,3,TRPO-MADRL,-2353.756020491277,-2313.5072474607146
1296,3,TRPO-MADRL,-2310.2174183692605,-2312.613378193453
1297,3,TRPO-MADRL,-2289.668162588665,-2311.044154324453
1298,3,TRPO-MADRL,-2316.255260842368,-2311.378880768982
1299,3,TRPO-MADRL,-2376.1537822862056,-2314.3872459941513
1300,3,TRPO-MADRL,-2329.9608777561066,-2318.5076185339294
1301,3,TRPO-MADRL,-2330.535395830708,-2321.841991876718
1302,3,TRPO-MADRL,-2357.2673036172746,-2324.4676248740716
1303,3,TRPO-MADRL,-2320.1908812877164,-2325.6963449769482
1304,3,TRPO-MADRL,-2284.671876505217,-2326.9628920098053
1305,3,TRPO-MADRL,-2263.893687566956,-2325.959259546366
1306,3,TRPO-MADRL,-2359.1417384775177,-2326.1854320431303
1307,3,TRPO-MADRL,-2307.820414833121,-2323.051969624389
1308,3,TRPO-MADRL,-2288.8171360316846,-2324.9589409596556
1309,3,TRPO-MADRL,-2285.835260548323,-2323.4789728198944
1310,3,TRPO-MADRL,-2305.8419088765945,-2324.2836124302917
1311,3,TRPO-MADRL,-2352.01308517484,-2327.008250517197
1312,3,TRPO-MADRL,-2313.664655515241,-2327.751602613144
1313,3,TRPO-MADRL,-2345.3392821774423,-2328.640780004699
1314,3,TRPO-MADRL,-2291.1269659030118,-2325.13310259743
1315,3,TRPO-MADRL,-2289.1111857400674,-2323.6946948108307
1316,3,TRPO-MADRL,-2297.596201091974,-2320.862285673845
1317,3,TRPO-MADRL,-2224.4401441976224,-2315.2458498912492
1318,3,TRPO-MADRL,-2291.331932795844,-2313.2916175775927
1319,3,TRPO-MADRL,-2362.0336678619287,-2313.8673698546786
1320,3,TRPO-MADRL,-2272.600920735328,-2310.6211658644406
1321,3,TRPO-MADRL,-2338.173485215738,-2311.7394085383
1322,3,TRPO-MADRL,-2361.789231362654,-2314.6242512892595
1323,3,TRPO-MADRL,-2255.06332957155,-2312.1765740384267
1324,3,TRPO-MADRL,-2242.3303102281307,-2306.8236351561036
1325,3,TRPO-MADRL,-2225.3571153120542,-2302.639484658341
1326,3,TRPO-MADRL,-2250.640202961543,-2299.4436769435747
1327,3,TRPO-MADRL,-2224.8645277032774,-2294.147565907015
1328,3,TRPO-MADRL,-2342.947971323195,-2295.057849508434
1329,3,TRPO-MADRL,-2256.3938571819217,-2293.9267287355024
1330,3,TRPO-MADRL,-2320.355196585608,-2296.1851890962485
1331,3,TRPO-MADRL,-2312.2851094755038,-2294.310923936168
1332,3,TRPO-MADRL,-2239.464769193901,-2291.576698110599
1333,3,TRPO-MADRL,-2283.3408547964214,-2291.357646861188
1334,3,TRPO-MADRL,-2232.6825512237856,-2289.231538488207
1335,3,TRPO-MADRL,-2257.0686092116907,-2287.2806065016107
1336,3,TRPO-MADRL,-2369.1533290636185,-2287.9662162571617
1337,3,TRPO-MADRL,-2365.685387412299,-2290.0470455330446
1338,3,TRPO-MADRL,-2305.900467148078,-2288.46949293187
1339,3,TRPO-MADRL,-2322.57981153945,-2289.727606757327
1340,3,TRPO-MADRL,-2316.754002814202,-2290.8333194402926
1341,3,TRPO-MADRL,-2310.698132287622,-2291.3573966881186
1342,3,TRPO-MADRL,-2324.1154129535075,-2295.344407438354
1343,3,TRPO-MADRL,-2284.9979141849662,-2295.091046693919
1344,3,TRPO-MADRL,-2255.408761424905,-2290.8260504364384
1345,3,TRPO-MADRL,-2256.7388447996477,-2290.1915673990106
1346,3,TRPO-MADRL,-2260.3638072579715,-2287.0791802807003
1347,3,TRPO-MADRL,-2208.1268492130525,-2280.932684994716
1348,3,TRPO-MADRL,-2323.8229998503566,-2283.6830718058686
1349,3,TRPO-MADRL,-2294.469360088953,-2285.7686338003014
1350,3,TRPO-MADRL,-2292.825667671489,-2288.4673758946788
1351,3,TRPO-MADRL,-2327.4951637739287,-2291.5415743271737
1352,3,TRPO-MADRL,-2174.847043964791,-2289.5408749776343
1353,3,TRPO-MADRL,-2286.4690602776864,-2287.281718535814
1354,3,TRPO-MADRL,-2233.6354698359264,-2286.3713830419742
1355,3,TRPO-MADRL,-2354.645602679489,-2287.74299928573
1356,3,TRPO-MADRL,-2344.5012088075828,-2289.031643259013
1357,3,TRPO-MADRL,-2367.34357752055,-2294.146795592079
1358,3,TRPO-MADRL,-2243.6718937321257,-2292.560037149507
1359,3,TRPO-MADRL,-2327.496972243792,-2296.352613990307
1360,3,TRPO-MADRL,-2322.4375700373475,-2298.9673724233335
1361,3,TRPO-MADRL,-2359.636801251159,-2298.586711310835
1362,3,TRPO-MADRL,-2260.793124361049,-2294.3910207887848
1363,3,TRPO-MADRL,-2247.8753798431567,-2292.0700172965885
1364,3,TRPO-MADRL,-2285.011717952304,-2290.5672935531024
1365,3,TRPO-MADRL,-2303.8899245439643,-2290.052730422293
1366,3,TRPO-MADRL,-2205.9724552721823,-2285.8637033416753
1367,3,TRPO-MADRL,-2206.6712503519293,-2281.165936837612
1368,3,TRPO-MADRL,-2270.1935245594204,-2280.5737612525904
1369,3,TRPO-MADRL,-2298.723842135924,-2282.306364481031
1370,3,TRPO-MADRL,-2310.889796875853,-2284.4724025640794
1371,3,TRPO-MADRL,-2204.5459825506714,-2282.239689575787
1372,3,TRPO-MADRL,-2231.484669050119,-2283.17400236927
1373,3,TRPO-MADRL,-2264.2332802562705,-2280.7904135855065
1374,3,TRPO-MADRL,-2352.6533856804917,-2283.117774609168
1375,3,TRPO-MADRL,-2230.32909592256,-2280.617911739211
1376,3,TRPO-MADRL,-2284.2253930104416,-2278.8871209086715
1377,3,TRPO-MADRL,-2291.823175395495,-2283.5661661658996
1378,3,TRPO-MADRL,-2235.264751863002,-2281.517993829312
1379,3,TRPO-MADRL,-2263.466776249785,-2282.7112460858666
1380,3,TRPO-MADRL,-2274.019758877003,-2279.486212333767
1381,3,TRPO-MADRL,-2200.013947972416,-2273.70672190036
1382,3,TRPO-MADRL,-2278.48178415989,-2270.152250165934
1383,3,TRPO-MADRL,-2255.063865999484,-2270.607929056628
1384,3,TRPO-MADRL,-2300.603727777709,-2269.532199277985
1385,3,TRPO-MADRL,-2245.665979986294,-2266.461335675943
1386,3,TRPO-MADRL,-2281.012751236563,-2263.316373675359
1387,3,TRPO-MADRL,-2187.104495786629,-2260.3688285323824
1388,3,TRPO-MADRL,-2291.442304496436,-2262.1115055185137
1389,3,TRPO-MADRL,-2309.1075329900027,-2263.075338120021
1390,3,TRPO-MADRL,-2204.6329632844854,-2259.1050596696423
1391,3,TRPO-MADRL,-2225.1469466816734,-2259.872039326022
1392,3,TRPO-MADRL,-2175.08623038104,-2258.6086385271865
1393,3,TRPO-MADRL,-2210.280562483091,-2256.2121200441334
1394,3,TRPO-MADRL,-2265.189867442806,-2254.8707610564084
1395,3,TRPO-MADRL,-2219.291431541291,-2251.206826443026
1396,3,TRPO-MADRL,-2187.5946144164977,-2250.5287717176593
1397,3,TRPO-MADRL,-2279.253373394252,-2252.4395198914244
1398,3,TRPO-MADRL,-2286.2750429304488,-2253.3211903983915
1399,3,TRPO-MADRL,-2275.4917431260283,-2250.234724696213
1400,3,TRPO-MADRL,-2228.781319616081,-2250.1728136439538
1401,3,TRPO-MADRL,-2281.4405015646958,-2250.0614179861236
1402,3,TRPO-MADRL,-2265.905949242091,-2249.0247289399877
1403,3,TRPO-MADRL,-2297.7928849882137,-2251.5258542649963
1404,3,TRPO-MADRL,-2233.403805905002,-2250.323335451205
1405,3,TRPO-MADRL,-2324.126785725298,-2252.327616525137
1406,3,TRPO-MADRL,-2252.6599263833878,-2254.433455661576
1407,3,TRPO-MADRL,-2333.675957524798,-2256.641222596172
1408,3,TRPO-MADRL,-2185.0732844110435,-2253.8415993326344
1409,3,TRPO-MADRL,-2196.5093665950503,-2249.677824885328
1410,3,TRPO-MADRL,-2272.4159265876647,-2250.747822749383
1411,3,TRPO-MADRL,-2264.264198778816,-2250.077880651073
1412,3,TRPO-MADRL,-2221.2949989230283,-2251.445500776529
1413,3,TRPO-MADRL,-2270.206016063559,-2250.596049239214
1414,3,TRPO-MADRL,-2233.727250242709,-2247.580837929322
1415,3,TRPO-MADRL,-2234.813695157414,-2248.7880672042393
1416,3,TRPO-MADRL,-2207.3664817485437,-2248.076848606914
1417,3,TRPO-MADRL,-2306.170762866412,-2253.3202299063287
1418,3,TRPO-MADRL,-2265.2777650517965,-2255.520118009077
1419,3,TRPO-MADRL,-2235.769024425623,-2254.34328428839
1420,3,TRPO-MADRL,-2247.1986291445846,-2255.4595721925216
1421,3,TRPO-MADRL,-2319.2664355020806,-2260.726445035945
1422,3,TRPO-MADRL,-2315.3138545239544,-2262.1688642811328
1423,3,TRPO-MADRL,-2269.391314251594,-2261.4935151339787
1424,3,TRPO-MADRL,-2254.3381754565826,-2260.647372427201
1425,3,TRPO-MADRL,-2234.276812992321,-2260.8671921622504
1426,3,TRPO-MADRL,-2270.844186936233,-2260.4433395771116
1427,3,TRPO-MADRL,-2335.892860088459,-2263.2428160109666
1428,3,TRPO-MADRL,-2238.4587195167387,-2260.869449392108
1429,3,TRPO-MADRL,-2271.107553315699,-2262.3775992885357
1430,3,TRPO-MADRL,-2296.1916626748225,-2261.2601943665168
1431,3,TRPO-MADRL,-2329.3376311033308,-2264.3273025553144
1432,3,TRPO-MADRL,-2260.364682920728,-2261.3948515711513
1433,3,TRPO-MADRL,-2196.0165669319485,-2261.832582871988
1434,3,TRPO-MADRL,-2295.666880693563,-2265.798883435928
1435,3,TRPO-MADRL,-2214.8859461666925,-2263.4976842190895
1436,3,TRPO-MADRL,-2335.034676450863,-2266.3285033259713
1437,3,TRPO-MADRL,-2237.606909861085,-2266.9809797634935
1438,3,TRPO-MADRL,-2239.647253357721,-2265.75862925526
1439,3,TRPO-MADRL,-2207.548481616071,-2264.7114785101944
1440,3,TRPO-MADRL,-2173.645768358898,-2262.264761438254
1441,3,TRPO-MADRL,-2328.1808832108745,-2267.097337496747
1442,3,TRPO-MADRL,-2234.8960058527773,-2264.2463472162017
1443,3,TRPO-MADRL,-2268.462824179285,-2264.373749581301
1444,3,TRPO-MADRL,-2360.590219524476,-2269.3665973852553
1445,3,TRPO-MADRL,-2296.594857623505,-2271.342446524412
1446,3,TRPO-MADRL,-2207.985209040756,-2266.891197465959
1447,3,TRPO-MADRL,-2268.4175732829653,-2265.01534621632
1448,3,TRPO-MADRL,-2276.0650495728387,-2265.2822956291693
1449,3,TRPO-MADRL,-2239.3653610677447,-2264.6833830536157
1450,3,TRPO-MADRL,-2211.3918824933835,-2263.7679858336583
1451,3,TRPO-MADRL,-2250.556659641649,-2262.956484741875
1452,3,TRPO-MADRL,-2215.2854797479213,-2258.1321895282535
1453,3,TRPO-MADRL,-2253.8232973270337,-2258.7467726406653
1454,3,TRPO-MADRL,-2207.9037694872186,-2256.218621287526
1455,3,TRPO-MADRL,-2287.903109772245,-2255.887079171423
1456,3,TRPO-MADRL,-2119.2866838918994,-2247.4850412829655
1457,3,TRPO-MADRL,-2221.667794662969,-2245.9371657526553
1458,3,TRPO-MADRL,-2280.704102471125,-2249.324667174222
1459,3,TRPO-MADRL,-2278.214792668213,-2248.6265836532084
1460,3,TRPO-MADRL,-2334.286623788,-2253.4026107580603
1461,3,TRPO-MADRL,-2226.2504279383147,-2249.051240817559
1462,3,TRPO-MADRL,-2370.3823539956265,-2254.3622585829403
1463,3,TRPO-MADRL,-2250.916723224339,-2254.8130373776053
1464,3,TRPO-MADRL,-2208.4645453109874,-2254.8496799254017
1465,3,TRPO-MADRL,-2171.8270003018843,-2254.776929203121
1466,3,TRPO-MADRL,-2219.7624401607127,-2250.440191481115
1467,3,TRPO-MADRL,-2271.0443864498566,-2251.886126704998
1468,3,TRPO-MADRL,-2151.441151076692,-2247.2052597808943
1469,3,TRPO-MADRL,-2354.518682071868,-2246.9623982827898
1470,3,TRPO-MADRL,-2274.686268721081,-2246.086054726693
1471,3,TRPO-MADRL,-2224.9943415376742,-2246.76642002657
1472,3,TRPO-MADRL,-2213.0006584128346,-2244.5497434317645
1473,3,TRPO-MADRL,-2265.79388625235,-2244.138896898945
1474,3,TRPO-MADRL,-2238.6221175728515,-2244.1091671591494
1475,3,TRPO-MADRL,-2143.2965891415,-2241.385355425074
1476,3,TRPO-MADRL,-2209.921507708882,-2239.7599493477633
1477,3,TRPO-MADRL,-2183.404288629124,-2238.484701703011
1478,3,TRPO-MADRL,-2170.755749487126,-2235.161999789415
1479,3,TRPO-MADRL,-2248.285160019569,-2236.777255410709
1480,3,TRPO-MADRL,-2183.875660935662,-2232.6161574572457
1481,3,TRPO-MADRL,-2244.1749603596263,-2237.611688515955
1482,3,TRPO-MADRL,-2151.047396744076,-2234.7868725991993
1483,3,TRPO-MADRL,-2184.0544593063173,-2230.920886872607
1484,3,TRPO-MADRL,-2191.821354769071,-2227.465149356641
1485,3,TRPO-MADRL,-2256.5913365418514,-2224.357337866795
1486,3,TRPO-MADRL,-2223.50868807427,-2224.247668272233
1487,3,TRPO-MADRL,-2200.991410835159,-2217.472030545815
1488,3,TRPO-MADRL,-2188.501831680725,-2214.97543488407
1489,3,TRPO-MADRL,-2210.3451973882434,-2215.05066096716
1490,3,TRPO-MADRL,-2250.816003413896,-2218.210221091641
1491,3,TRPO-MADRL,-2181.99716092316,-2216.6996099221387
1492,3,TRPO-MADRL,-2134.378438248805,-2211.2329719940967
1493,3,TRPO-MADRL,-2243.170947854835,-2214.902163865222
1494,3,TRPO-MADRL,-2283.328844508107,-2212.054570362672
1495,3,TRPO-MADRL,-2207.6697032984407,-2209.3739077457662
1496,3,TRPO-MADRL,-2175.4680954531445,-2207.392857902385
1497,3,TRPO-MADRL,-2230.652510086032,-2208.098931969313
1498,3,TRPO-MADRL,-2226.61316202542,-2206.5317030002357
1499,3,TRPO-MADRL,-2096.509044153094,-2200.847180063445
1500,3,TRPO-MADRL,-2268.526618613529,-2205.8563812423267
