mg,hour,time_index,load,wind,pv,price_grid,price_mg,latent_cg,latent_ba,cg_raw,ba_raw,p_cg,p_ba,soc_before,soc_after,p_loss,p_de,unbalanced,cg_cost,ba_cost,imbalance_cost,reward,mg_import,mg_export,grid_power,transaction_expense,balance_residual,obs_load,obs_wind,obs_pv,obs_soc,obs_price,sold_to_mg1,sold_to_mg2,sold_to_mg3,run_id,seed,config_hash,iteration,stage,algorithm,scenario,checkpoint_sha256
1,1,0,457.7,51.48,0.0,8.65,4.33,4.225222587585449,0.849358081817627,199.95724809789834,34.536698411616406,199.95724809789834,34.536698411616406,0.5,0.1354558061935115,5.719478930190295,177.44553242067553,-177.44553242067553,1530.6169577617427,816.4071201737913,1534.9038554388435,-737.6472165061903,78.95008780258861,0.0,98.49544461808692,1193.8394761316606,0.0,447.3,44.12,0.0,0.5,8.87,0.0,0.0,0.0,inferred_20260921_seed0,0,11ed1195aabfcd298bcaf379e7f064ad8010cd8ca67a057b647baa8bf9ef6e77,1500,pre_fed,F-MADRL,deterministic,da6d509ce9b1ab973ae4a8e7710ddc1e233ea53728e643e80be14e75e70f672a
2,1,0,110.5,51.48,0.0,8.65,4.33,-0.6458529829978943,0.5112762451171875,60.35797553858982,23.546949533095045,60.35797553858982,23.546949533095045,0.5,0.25113737333584163,2.707698501433697,-22.17722657025115,22.17722657025115,735.5207486636793,746.1022659417936,191.83300983267245,-115.95731471681206,0.0,22.17722657025115,0.0,-96.02739104918749,0.0,119.6,44.12,0.0,0.5,8.87,22.17722657025115,0.0,0.0,inferred_20260921_seed0,0,11ed1195aabfcd298bcaf379e7f064ad8010cd8ca67a057b647baa8bf9ef6e77,1500,pre_fed,F-MADRL,deterministic,da6d509ce9b1ab973ae4a8e7710ddc1e233ea53728e643e80be14e75e70f672a
3,1,0,124.71,51.48,0.0,8.65,4.33,0.14908871054649353,0.39789244532585144,114.7993823827963,18.907210711425616,114.7993823827963,18.907210711425616,0.5,0.2999767293534146,3.7037318618844384,-56.77286123233746,56.77286123233746,900.1839445010255,729.5885505518646,491.08524965971907,-253.58381224793138,0.0,56.77286123233746,0.0,-245.82648913602122,0.0,134.98,44.12,0.0,0.5,8.87,56.77286123233746,0.0,0.0,inferred_20260921_seed0,0,11ed1195aabfcd298bcaf379e7f064ad8010cd8ca67a057b647baa8bf9ef6e77,1500,pre_fed,F-MADRL,deterministic,da6d509ce9b1ab973ae4a8e7710ddc1e233ea53728e643e80be14e75e70f672a
1,2,1,336.5,38.37,0.0,8.11,4.06,4.151191711425781,0.8334513902664185,199.95042724798742,34.116244440580665,199.95042724798742,3.342564985206825,0.1354558061935115,0.1,4.833259844663885,99.67026761146963,-99.67026761146963,1530.5558480473749,1033.6942089969707,808.3258703290186,-415.03164278894525,55.95099858289382,0.0,43.71926902857581,581.7243260682986,0.0,457.7,51.48,0.0,0.1354558061935115,8.65,0.0,0.0,0.0,inferred_20260921_seed0,0,11ed1195aabfcd298bcaf379e7f064ad8010cd8ca67a057b647baa8bf9ef6e77,1500,pre_fed,F-MADRL,deterministic,da6d509ce9b1ab973ae4a8e7710ddc1e233ea53728e643e80be14e75e70f672a
2,2,1,109.85,38.37,0.0,8.11,4.06,-0.5668529272079468,0.45301929116249084,68.17379720926316,21.21888506566244,68.17379720926316,14.310334365971142,0.25113737333584163,0.1,2.417082631504686,-8.587048943729613,8.587048943729613,787.5494345056807,1007.6612870302954,69.64096693364715,-67.24264955086073,0.0,8.587048943729613,0.0,-34.863418711542224,0.0,110.5,51.48,0.0,0.25113737333584163,8.65,8.587048943729613,0.0,0.0,inferred_20260921_seed0,0,11ed1195aabfcd298bcaf379e7f064ad8010cd8ca67a057b647baa8bf9ef6e77,1500,pre_fed,F-MADRL,deterministic,da6d509ce9b1ab973ae4a8e7710ddc1e233ea53728e643e80be14e75e70f672a
3,2,1,123.98,38.37,0.0,8.11,4.06,0.1796099692583084,0.39307594299316406,117.77031801268956,18.700446925233116,117.77031801268956,18.700446925233116,0.2999767293534146,0.10252996615541174,3.4968152987584533,-47.363949639164204,47.363949639164204,924.0091017994215,1012.7966913196249,384.12163157362164,-211.59085007051067,0.0,47.363949639164204,0.0,-192.29763553500666,0.0,124.71,51.48,0.0,0.2999767293534146,8.65,47.363949639164204,0.0,0.0,inferred_20260921_seed0,0,11ed1195aabfcd298bcaf379e7f064ad8010cd8ca67a057b647baa8bf9ef6e77,1500,pre_fed,F-MADRL,deterministic,da6d509ce9b1ab973ae4a8e7710ddc1e233ea53728e643e80be14e75e70f672a
1,3,2,274.9,43.56,0.0,8.25,4.13,3.911712884902954,0.7830238938331604,199.9199823922262,32.72194590468722,199.9199823922262,-0.02105263157894797,0.1,0.1,4.8691785952129445,36.3102488345657,-36.3102488345657,1530.283094097169,1052.5389067811634,299.559552885167,-186.4582388158918,36.3102488345657,0.0,0.0,149.96132768675633,0.0,336.5,38.37,0.0,0.1,8.11,0.0,0.0,0.0,inferred_20260921_seed0,0,11ed1195aabfcd298bcaf379e7f064ad8010cd8ca67a057b647baa8bf9ef6e77,1500,pre_fed,F-MADRL,deterministic,da6d509ce9b1ab973ae4a8e7710ddc1e233ea53728e643e80be14e75e70f672a
2,3,2,112.45,43.56,0.0,8.25,4.13,-0.42491358518600464,0.37260347604751587,83.85135184759154,17.813342233677627,83.85135184759154,-0.02105263157894797,0.1,0.1,2.547805984320252,-12.392493231692342,12.392493231692342,894.7116524650013,1090.2561177506923,102.23806916146182,-85.7064865269717,0.0,12.392493231692342,0.0,-51.18099704688937,0.0,109.85,38.37,0.0,0.1,8.11,12.392493231692342,0.0,0.0,inferred_20260921_seed0,0,11ed1195aabfcd298bcaf379e7f064ad8010cd8ca67a057b647baa8bf9ef6e77,1500,pre_fed,F-MADRL,deterministic,da6d509ce9b1ab973ae4a8e7710ddc1e233ea53728e643e80be14e75e70f672a
3,3,2,126.91,43.56,0.0,8.25,4.13,0.2607972323894501,0.41020485758781433,125.50410597117994,19.432330434586873,125.50410597117994,0.22086609119458686,0.10252996615541174,0.1,3.3856994412474903,-38.98927262112704,38.98927262112704,986.8160215409945,1126.5414505505682,321.6614991242981,-187.0148240477654,0.0,23.917755602873356,-15.071517018253687,-98.78033063986696,0.0,123.98,38.37,0.0,0.10252996615541174,8.11,23.917755602873356,0.0,0.0,inferred_20260921_seed0,0,11ed1195aabfcd298bcaf379e7f064ad8010cd8ca67a057b647baa8bf9ef6e77,1500,pre_fed,F-MADRL,deterministic,da6d509ce9b1ab973ae4a8e7710ddc1e233ea53728e643e80be14e75e70f672a
1,4,3,272.6,40.75,0.0,8.1,4.05,3.8606693744659424,0.7711248993873596,199.91138592296284,32.379154178236455,199.91138592296284,-0.02105263157894797,0.1,0.1,4.812806665827678,36.77247337444382,-36.77247337444382,1530.2060814746296,1052.5389067811634,297.85703433299494,-185.69056521496358,36.77247337444382,0.0,0.0,148.92851716649747,0.0,274.9,43.56,0.0,0.1,8.25,0.0,0.0,0.0,inferred_20260921_seed0,0,11ed1195aabfcd298bcaf379e7f064ad8010cd8ca67a057b647baa8bf9ef6e77,1500,pre_fed,F-MADRL,deterministic,da6d509ce9b1ab973ae4a8e7710ddc1e233ea53728e643e80be14e75e70f672a
2,4,3,110.5,40.75,0.0,8.1,4.05,-0.45028525590896606,0.3864465653896332,80.90131591705266,18.414640347179255,80.90131591705266,-0.02105263157894797,0.1,0.1,2.432605265709474,-8.697658019764233,8.697658019764233,874.2616485789008,1090.2561177506923,70.45102996009028,-70.9933188086325,0.0,8.697658019764233,0.0,-35.22551498004514,0.0,112.45,43.56,0.0,0.1,8.25,8.697658019764233,0.0,0.0,inferred_20260921_seed0,0,11ed1195aabfcd298bcaf379e7f064ad8010cd8ca67a057b647baa8bf9ef6e77,1500,pre_fed,F-MADRL,deterministic,da6d509ce9b1ab973ae4a8e7710ddc1e233ea53728e643e80be14e75e70f672a
3,4,3,124.71,40.75,0.0,8.1,4.05,0.25660985708236694,0.4120291769504547,125.11218935992139,19.509713626856705,125.11218935992139,-0.02105263157894797,0.1,0.1,3.316822734566849,-37.8143139937756,37.8143139937756,983.6058894822551,1127.9733287202216,306.29594334958233,-180.0647588713616,0.0,28.074815354679586,-9.739498639096013,-113.70300218645232,0.0,126.91,43.56,0.0,0.1,8.25,28.074815354679586,0.0,0.0,inferred_20260921_seed0,0,11ed1195aabfcd298bcaf379e7f064ad8010cd8ca67a057b647baa8bf9ef6e77,1500,pre_fed,F-MADRL,deterministic,da6d509ce9b1ab973ae4a8e7710ddc1e233ea53728e643e80be14e75e70f672a
1,5,4,245.3,27.74,0.0,8.14,4.07,3.832172155380249,0.7653984427452087,199.90619115194633,32.21228781539922,199.90619115194633,-0.02105263157894797,0.1,0.1,4.552502770407348,22.227364250039983,-22.227364250039983,1530.1595440022488,1052.5389067811634,180.93074499532548,-133.0728042635647,21.550055672873555,0.0,0.6773085771664284,93.2220184067301,0.0,272.6,40.75,0.0,0.1,8.1,0.0,0.0,0.0,inferred_20260921_seed0,0,11ed1195aabfcd298bcaf379e7f064ad8010cd8ca67a057b647baa8bf9ef6e77,1500,pre_fed,F-MADRL,deterministic,da6d509ce9b1ab973ae4a8e7710ddc1e233ea53728e643e80be14e75e70f672a
2,5,4,113.75,27.74,0.0,8.14,4.07,-0.4366483986377716,0.3783489763736725,82.47925571850904,18.0636394673064,82.47925571850904,-0.02105263157894797,0.1,0.1,2.203964061738602,5.755760974808524,-5.755760974808524,885.1836624226133,1090.2561177506923,46.85189433494139,-60.59214805418975,0.0,0.0,5.755760974808524,46.85189433494139,0.0,110.5,40.75,0.0,0.1,8.1,0.0,0.0,0.0,inferred_20260921_seed0,0,11ed1195aabfcd298bcaf379e7f064ad8010cd8ca67a057b647baa8bf9ef6e77,1500,pre_fed,F-MADRL,deterministic,da6d509ce9b1ab973ae4a8e7710ddc1e233ea53728e643e80be14e75e70f672a
3,5,4,128.38,27.74,0.0,8.14,4.07,0.25830456614494324,0.4098641574382782,125.27090535900096,19.417866585398595,125.27090535900096,-0.02105263157894797,0.1,0.1,3.05979705454844,-21.550055672873555,21.550055672873555,984.9055575657014,1127.9733287202216,175.41745317719074,-121.19543165545429,0.0,21.550055672873555,0.0,-87.70872658859537,0.0,124.71,40.75,0.0,0.1,8.1,21.550055672873555,0.0,0.0,inferred_20260921_seed0,0,11ed1195aabfcd298bcaf379e7f064ad8010cd8ca67a057b647baa8bf9ef6e77,1500,pre_fed,F-MADRL,deterministic,da6d509ce9b1ab973ae4a8e7710ddc1e233ea53728e643e80be14e75e70f672a
1,6,5,233.7,30.15,0.0,8.13,4.07,3.6808292865753174,0.7346699237823486,199.87305179992302,31.295702537687532,199.87305179992302,-0.02105263157894797,0.1,0.1,4.600039983366882,8.298040815022802,-8.298040815022802,1529.8626746656587,1052.5389067811634,67.46307182613538,-82.00641395069736,8.298040815022802,0.0,0.0,33.773026117142805,0.0,245.3,27.74,0.0,0.1,8.14,0.0,0.0,0.0,inferred_20260921_seed0,0,11ed1195aabfcd298bcaf379e7f064ad8010cd8ca67a057b647baa8bf9ef6e77,1500,pre_fed,F-MADRL,deterministic,da6d509ce9b1ab973ae4a8e7710ddc1e233ea53728e643e80be14e75e70f672a
2,6,5,120.25,30.15,0.0,8.13,4.07,-0.36853912472724915,0.3476901054382324,90.62014647824259,16.716271080616906,90.62014647824259,-0.02105263157894797,0.1,0.1,2.4149818769332727,1.9158880302696275,-1.9158880302696275,942.1337151992277,1090.2561177506923,15.576169686092074,-47.65707301773983,1.9158880302696275,0.0,0.0,7.797664283197385,0.0,113.75,27.74,0.0,0.1,8.14,0.0,0.0,0.0,inferred_20260921_seed0,0,11ed1195aabfcd298bcaf379e7f064ad8010cd8ca67a057b647baa8bf9ef6e77,1500,pre_fed,F-MADRL,deterministic,da6d509ce9b1ab973ae4a8e7710ddc1e233ea53728e643e80be14e75e70f672a
3,6,5,135.43,30.15,0.0,8.13,4.07,0.2873431444168091,0.42247530817985535,127.96876142895744,19.95068474707816,127.96876142895744,-0.02105263157894797,0.1,0.1,3.16195417594757,-19.505754621430924,19.505754621430924,1007.0705409680262,1127.9733287202216,158.58178507223343,-114.06268067627002,0.0,10.213928845292429,-9.291825776138495,-41.57069040034019,0.0,128.38,27.74,0.0,0.1,8.14,8.298040815022802,1.9158880302696275,0.0,inferred_20260921_seed0,0,11ed1195aabfcd298bcaf379e7f064ad8010cd8ca67a057b647baa8bf9ef6e77,1500,pre_fed,F-MADRL,deterministic,da6d509ce9b1ab973ae4a8e7710ddc1e233ea53728e643e80be14e75e70f672a
1,7,6,274.6,28.65,0.16,8.34,4.17,3.679912805557251,0.7340643405914307,199.87281904340946,31.2772788148664,199.87281904340946,-0.02105263157894797,0.1,0.1,4.573235328236611,50.51146891640613,-50.51146891640613,1529.8605896464142,1052.5389067811634,421.26565076282714,-241.21753277182376,7.464740237379743,0.0,43.04672867902639,390.1376839729536,0.0,233.7,30.15,0.0,0.1,8.13,0.0,0.0,0.0,inferred_20260921_seed0,0,11ed1195aabfcd298bcaf379e7f064ad8010cd8ca67a057b647baa8bf9ef6e77,1500,pre_fed,F-MADRL,deterministic,da6d509ce9b1ab973ae4a8e7710ddc1e233ea53728e643e80be14e75e70f672a
2,7,6,130.0,28.65,0.16,8.34,4.17,-0.37889888882637024,0.35567498207092285,89.35488333949318,17.069938388851824,89.35488333949318,-0.02105263157894797,0.1,0.1,2.3628766141582846,14.219045906244062,-14.219045906244062,933.216380710591,1090.2561177506923,118.58684285807549,-93.83352925535964,0.0,0.0,14.219045906244062,118.58684285807549,0.0,120.25,30.15,0.0,0.1,8.13,0.0,0.0,0.0,inferred_20260921_seed0,0,11ed1195aabfcd298bcaf379e7f064ad8010cd8ca67a057b647baa8bf9ef6e77,1500,pre_fed,F-MADRL,deterministic,da6d509ce9b1ab973ae4a8e7710ddc1e233ea53728e643e80be14e75e70f672a
3,7,6,146.72,28.65,0.16,8.34,4.17,0.29357749223709106,0.4308151304721832,128.54242022074195,20.300115000626327,128.54242022074195,-0.02105263157894797,0.1,0.1,3.14662735178326,-7.464740237379743,7.464740237379743,1011.8014225464658,1127.9733287202216,62.25593357974706,-70.81066513621992,0.0,7.464740237379743,0.0,-31.12796678987353,0.0,135.43,30.15,0.0,0.1,8.13,7.464740237379743,0.0,0.0,inferred_20260921_seed0,0,11ed1195aabfcd298bcaf379e7f064ad8010cd8ca67a057b647baa8bf9ef6e77,1500,pre_fed,F-MADRL,deterministic,da6d509ce9b1ab973ae4a8e7710ddc1e233ea53728e643e80be14e75e70f672a
1,8,7,291.0,23.38,1.77,9.35,4.68,3.750631809234619,0.7494605779647827,199.8895838075704,31.741351529646245,199.8895838075704,-0.02105263157894797,0.1,0.1,4.500370623519829,70.48183944752839,-70.48183944752839,1530.0107696688888,1052.5389067811634,659.0051988343904,-348.2033330044767,0.0,0.0,70.48183944752839,659.0051988343904,0.0,274.6,28.65,0.16,0.1,8.34,0.0,0.0,0.0,inferred_20260921_seed0,0,11ed1195aabfcd298bcaf379e7f064ad8010cd8ca67a057b647baa8bf9ef6e77,1500,pre_fed,F-MADRL,deterministic,da6d509ce9b1ab973ae4a8e7710ddc1e233ea53728e643e80be14e75e70f672a
2,8,7,157.95,23.38,1.77,9.35,4.68,-0.36775022745132446,0.3564212918281555,90.71687882588489,17.102896236805936,90.71687882588489,-0.02105263157894797,0.1,0.1,2.3169165238861185,44.42109032958018,-44.42109032958018,942.8164677207443,1090.2561177506923,415.3371945815747,-227.56318927113733,0.0,0.0,44.42109032958018,415.3371945815747,0.0,130.0,28.65,0.16,0.1,8.34,0.0,0.0,0.0,inferred_20260921_seed0,0,11ed1195aabfcd298bcaf379e7f064ad8010cd8ca67a057b647baa8bf9ef6e77,1500,pre_fed,F-MADRL,deterministic,da6d509ce9b1ab973ae4a8e7710ddc1e233ea53728e643e80be14e75e70f672a
3,8,7,178.26,23.38,1.77,9.35,4.68,0.31365299224853516,0.448762446641922,130.37567033532443,21.044060198543942,130.37567033532443,-0.02105263157894797,0.1,0.1,3.1100923540749097,25.865474650329418,-25.865474650329418,1026.961891094394,1127.9733287202216,241.84218798058004,-151.92768898755332,0.0,0.0,25.865474650329418,241.84218798058004,0.0,146.72,28.65,0.16,0.1,8.34,0.0,0.0,0.0,inferred_20260921_seed0,0,11ed1195aabfcd298bcaf379e7f064ad8010cd8ca67a057b647baa8bf9ef6e77,1500,pre_fed,F-MADRL,deterministic,da6d509ce9b1ab973ae4a8e7710ddc1e233ea53728e643e80be14e75e70f672a
1,9,8,315.7,21.75,5.3,12.0,6.0,3.785557985305786,0.7572369575500488,199.89702958743902,31.9723294622003,199.89702958743902,-0.02105263157894797,0.1,0.1,4.5385195391172015,93.31254258325711,-93.31254258325711,1530.077470986991,1052.5389067811634,1119.7505109990852,-555.5400575049515,0.0,0.0,93.31254258325711,1119.7505109990852,0.0,291.0,23.38,1.77,0.1,9.35,0.0,0.0,0.0,inferred_20260921_seed0,0,11ed1195aabfcd298bcaf379e7f064ad8010cd8ca67a057b647baa8bf9ef6e77,1500,pre_fed,F-MADRL,deterministic,da6d509ce9b1ab973ae4a8e7710ddc1e233ea53728e643e80be14e75e70f672a
2,9,8,165.1,21.75,5.3,12.0,6.0,-0.32911667227745056,0.35989031195640564,95.51824177699022,17.255870712862688,95.51824177699022,-0.02105263157894797,0.1,0.1,2.4509437829082255,45.003754637496954,-45.003754637496954,976.8839955857779,1090.2561177506923,540.0450556499634,-284.36307730921294,0.0,0.0,45.003754637496954,540.0450556499634,0.0,157.95,23.38,1.77,0.1,9.35,0.0,0.0,0.0,inferred_20260921_seed0,0,11ed1195aabfcd298bcaf379e7f064ad8010cd8ca67a057b647baa8bf9ef6e77,1500,pre_fed,F-MADRL,deterministic,da6d509ce9b1ab973ae4a8e7710ddc1e233ea53728e643e80be14e75e70f672a
3,9,8,186.33,21.75,5.3,12.0,6.0,0.37390822172164917,0.5047106742858887,135.7405454199291,23.29068909544003,135.7405454199291,-0.02105263157894797,0.1,0.1,3.255389855767003,26.81589706741684,-26.81589706741684,1071.6947777633366,1127.9733287202216,321.7907648090021,-188.7992062937221,0.0,0.0,26.81589706741684,321.7907648090021,0.0,178.26,23.38,1.77,0.1,9.35,0.0,0.0,0.0,inferred_20260921_seed0,0,11ed1195aabfcd298bcaf379e7f064ad8010cd8ca67a057b647baa8bf9ef6e77,1500,pre_fed,F-MADRL,deterministic,da6d509ce9b1ab973ae4a8e7710ddc1e233ea53728e643e80be14e75e70f672a
1,10,9,362.4,34.82,11.6,9.19,4.6,3.922731637954712,0.7857589721679688,199.9217258097623,32.79998955754554,199.9217258097623,-0.02105263157894797,0.1,0.1,4.926413463563667,121.00574028538031,-121.00574028538031,1530.298712882946,1052.5389067811634,1112.042753222645,-552.0759913434724,0.0,0.0,121.00574028538031,1112.042753222645,0.0,315.7,21.75,5.3,0.1,12.0,0.0,0.0,0.0,inferred_20260921_seed0,0,11ed1195aabfcd298bcaf379e7f064ad8010cd8ca67a057b647baa8bf9ef6e77,1500,pre_fed,F-MADRL,deterministic,da6d509ce9b1ab973ae4a8e7710ddc1e233ea53728e643e80be14e75e70f672a
2,10,9,169.0,34.82,11.6,9.19,4.6,-0.31754016876220703,0.3795444667339325,96.98065465060958,18.115589871052727,96.98065465060958,-0.02105263157894797,0.1,0.1,2.8675920403806123,28.487990021349987,-28.487990021349987,987.3299984765645,1090.2561177506923,261.8046282962064,-159.36380505783802,0.0,0.0,28.487990021349987,261.8046282962064,0.0,165.1,21.75,5.3,0.1,12.0,0.0,0.0,0.0,inferred_20260921_seed0,0,11ed1195aabfcd298bcaf379e7f064ad8010cd8ca67a057b647baa8bf9ef6e77,1500,pre_fed,F-MADRL,deterministic,da6d509ce9b1ab973ae4a8e7710ddc1e233ea53728e643e80be14e75e70f672a
3,10,9,190.73,34.82,11.6,9.19,4.6,0.3982175588607788,0.5415951013565063,137.84228045288873,24.709722470384403,137.84228045288873,-0.02105263157894797,0.1,0.1,3.684824556426195,10.173596735116433,-10.173596735116433,1089.3683450955853,1127.9733287202216,93.49535399572002,-86.41974277439014,0.0,0.0,10.173596735116433,93.49535399572002,0.0,186.33,21.75,5.3,0.1,12.0,0.0,0.0,0.0,inferred_20260921_seed0,0,11ed1195aabfcd298bcaf379e7f064ad8010cd8ca67a057b647baa8bf9ef6e77,1500,pre_fed,F-MADRL,deterministic,da6d509ce9b1ab973ae4a8e7710ddc1e233ea53728e643e80be14e75e70f672a
1,11,10,320.0,27.17,36.64,12.3,6.15,4.038931846618652,0.8102821111679077,199.93795259639748,33.487292826678086,199.93795259639748,-0.02105263157894797,0.1,0.1,5.274537999296371,61.547638034477814,-61.547638034477814,1530.4440864477517,1052.5389067811634,757.0359478240772,-392.3258363854131,1.5569349664231424,0.0,59.99070306805467,747.4607977805748,0.0,362.4,34.82,11.6,0.1,9.19,0.0,0.0,0.0,inferred_20260921_seed0,0,11ed1195aabfcd298bcaf379e7f064ad8010cd8ca67a057b647baa8bf9ef6e77,1500,pre_fed,F-MADRL,deterministic,da6d509ce9b1ab973ae4a8e7710ddc1e233ea53728e643e80be14e75e70f672a
2,11,10,173.55,27.17,36.64,12.3,6.15,-0.36466696858406067,0.4001665711402893,91.09545405406034,19.00457389812851,91.09545405406034,-0.02105263157894797,0.1,0.1,3.0976880284496278,21.76328660596826,-21.76328660596826,945.4898803218599,1090.2561177506923,267.6884252534096,-161.17471132548536,0.0,0.0,21.76328660596826,267.6884252534096,0.0,169.0,34.82,11.6,0.1,9.19,0.0,0.0,0.0,inferred_20260921_seed0,0,11ed1195aabfcd298bcaf379e7f064ad8010cd8ca67a057b647baa8bf9ef6e77,1500,pre_fed,F-MADRL,deterministic,da6d509ce9b1ab973ae4a8e7710ddc1e233ea53728e643e80be14e75e70f672a
3,11,10,195.87,27.17,36.64,12.3,6.15,0.3961746394634247,0.5463675260543823,137.66710871976588,24.889639979195344,137.66710871976588,-0.02105263157894797,0.1,0.1,4.029121121763738,-1.5569349664231424,1.5569349664231424,1087.892113482808,1127.9733287202216,19.150300087004652,-52.93494388321268,0.0,1.5569349664231424,0.0,-9.575150043502326,0.0,190.73,34.82,11.6,0.1,9.19,1.5569349664231424,0.0,0.0,inferred_20260921_seed0,0,11ed1195aabfcd298bcaf379e7f064ad8010cd8ca67a057b647baa8bf9ef6e77,1500,pre_fed,F-MADRL,deterministic,da6d509ce9b1ab973ae4a8e7710ddc1e233ea53728e643e80be14e75e70f672a
1,12,11,350.0,30.2,42.68,20.7,10.35,4.166067600250244,0.8371642827987671,199.95188005171775,34.21520783965412,199.95188005171775,-0.02105263157894797,0.1,0.1,5.456216548402777,82.64538912826396,-82.64538912826396,1530.5688640191793,1052.5389067811634,1710.7595549550638,-821.5039551457855,25.764693098854394,0.0,56.88069602940956,1444.094981381921,0.0,320.0,27.17,36.64,0.1,12.3,0.0,0.0,0.0,inferred_20260921_seed0,0,11ed1195aabfcd298bcaf379e7f064ad8010cd8ca67a057b647baa8bf9ef6e77,1500,pre_fed,F-MADRL,deterministic,da6d509ce9b1ab973ae4a8e7710ddc1e233ea53728e643e80be14e75e70f672a
2,12,11,168.35,30.2,42.68,20.7,10.35,-0.2779347598552704,0.4255668520927429,102.06103901115911,20.080490870989095,102.06103901115911,-0.02105263157894797,0.1,0.1,3.4983997275916034,-3.071586651988582,3.071586651988582,1023.8717647820675,1090.2561177506923,63.581843696163645,-70.89438731392885,0.0,3.071586651988582,0.0,-31.790921848081823,0.0,173.55,27.17,36.64,0.1,12.3,3.071586651988582,0.0,0.0,inferred_20260921_seed0,0,11ed1195aabfcd298bcaf379e7f064ad8010cd8ca67a057b647baa8bf9ef6e77,1500,pre_fed,F-MADRL,deterministic,da6d509ce9b1ab973ae4a8e7710ddc1e233ea53728e643e80be14e75e70f672a
3,12,11,190.0,30.2,42.68,20.7,10.35,0.47440096735954285,0.6470732092857361,144.17483472021755,28.48481866245584,144.17483472021755,-0.02105263157894797,0.1,0.1,4.340675641772772,-22.693106446865812,22.693106446865812,1143.1264279071834,1127.9733287202216,469.7473034501223,-256.8082816851031,0.0,22.693106446865812,0.0,-234.87365172506114,0.0,195.87,27.17,36.64,0.1,12.3,22.693106446865812,0.0,0.0,inferred_20260921_seed0,0,11ed1195aabfcd298bcaf379e7f064ad8010cd8ca67a057b647baa8bf9ef6e77,1500,pre_fed,F-MADRL,deterministic,da6d509ce9b1ab973ae4a8e7710ddc1e233ea53728e643e80be14e75e70f672a
1,13,12,345.2,23.52,35.22,26.82,13.41,4.342798709869385,0.8739758729934692,199.9662052238884,35.16942709949758,199.9662052238884,-0.02105263157894797,0.1,0.1,5.17370305184619,91.68855045953666,-91.68855045953666,1530.697208056944,1052.5389067811634,2459.086923324773,-1158.2538377929102,8.460701962314602,0.0,83.22784849722206,2345.6289100101344,0.0,350.0,30.2,42.68,0.1,20.7,0.0,0.0,0.0,inferred_20260921_seed0,0,11ed1195aabfcd298bcaf379e7f064ad8010cd8ca67a057b647baa8bf9ef6e77,1500,pre_fed,F-MADRL,deterministic,da6d509ce9b1ab973ae4a8e7710ddc1e233ea53728e643e80be14e75e70f672a
2,13,12,168.35,23.52,35.22,26.82,13.41,-0.3032652735710144,0.4861902892589569,98.79828914302905,22.55937432055661,98.79828914302905,-0.02105263157894797,0.1,0.1,3.1503447302290017,13.98310821877891,-13.98310821877891,1000.3586570580858,1090.2561177506923,375.02696242765035,-210.57442858861822,0.0,0.0,13.98310821877891,375.02696242765035,0.0,168.35,30.2,42.68,0.1,20.7,0.0,0.0,0.0,inferred_20260921_seed0,0,11ed1195aabfcd298bcaf379e7f064ad8010cd8ca67a057b647baa8bf9ef6e77,1500,pre_fed,F-MADRL,deterministic,da6d509ce9b1ab973ae4a8e7710ddc1e233ea53728e643e80be14e75e70f672a
3,13,12,190.0,23.52,35.22,26.82,13.41,0.46965402364730835,0.6862014532089233,143.79197300128772,29.77681018451721,143.79197300128772,-0.02105263157894797,0.1,0.1,4.050218407394175,-8.460701962314602,8.460701962314602,1139.8546123837104,1127.9733287202216,226.9160266292776,-147.46877080525357,0.0,8.460701962314602,0.0,-113.4580133146388,0.0,190.0,30.2,42.68,0.1,20.7,8.460701962314602,0.0,0.0,inferred_20260921_seed0,0,11ed1195aabfcd298bcaf379e7f064ad8010cd8ca67a057b647baa8bf9ef6e77,1500,pre_fed,F-MADRL,deterministic,da6d509ce9b1ab973ae4a8e7710ddc1e233ea53728e643e80be14e75e70f672a
1,14,13,320.6,39.48,35.46,27.35,13.68,4.359304904937744,0.8771700859069824,199.96730247670985,35.249938868768524,199.96730247670985,-0.02105263157894797,0.1,0.1,5.497724996902618,51.21147515177171,-51.21147515177171,1530.7070388512573,1052.5389067811634,1400.6338454009563,-681.9501493430788,31.31753200177573,0.0,19.893943149995977,972.523182936682,0.0,345.2,23.52,35.22,0.1,26.82,0.0,0.0,0.0,inferred_20260921_seed0,0,11ed1195aabfcd298bcaf379e7f064ad8010cd8ca67a057b647baa8bf9ef6e77,1500,pre_fed,F-MADRL,deterministic,da6d509ce9b1ab973ae4a8e7710ddc1e233ea53728e643e80be14e75e70f672a
2,14,13,165.75,39.48,35.46,27.35,13.68,-0.29963356256484985,0.4980420470237732,99.26318692852672,23.028796852418587,99.26318692852672,-0.02105263157894797,0.1,0.1,3.4836426859389555,-4.948491611008819,4.948491611008819,1003.6990718760098,1090.2561177506923,135.34124556109123,-102.7826642950251,0.0,4.948491611008819,0.0,-67.69536523860064,0.0,168.35,23.52,35.22,0.1,26.82,4.948491611008819,0.0,0.0,inferred_20260921_seed0,0,11ed1195aabfcd298bcaf379e7f064ad8010cd8ca67a057b647baa8bf9ef6e77,1500,pre_fed,F-MADRL,deterministic,da6d509ce9b1ab973ae4a8e7710ddc1e233ea53728e643e80be14e75e70f672a
3,14,13,187.07,39.48,35.46,27.35,13.68,0.45837628841400146,0.6869909167289734,142.8759918058309,29.80227169477449,142.8759918058309,-0.02105263157894797,0.1,0.1,4.3558987834850385,-26.369040390766912,26.369040390766912,1132.038228219626,1127.9733287202216,721.1932546874751,-369.73719574816073,0.0,26.369040390766912,0.0,-360.7284725456914,0.0,190.0,23.52,35.22,0.1,26.82,26.369040390766912,0.0,0.0,inferred_20260921_seed0,0,11ed1195aabfcd298bcaf379e7f064ad8010cd8ca67a057b647baa8bf9ef6e77,1500,pre_fed,F-MADRL,deterministic,da6d509ce9b1ab973ae4a8e7710ddc1e233ea53728e643e80be14e75e70f672a
1,15,14,333.2,35.74,34.83,13.81,6.91,4.392997741699219,0.8836499452590942,199.9694328985393,35.41215646227484,199.9694328985393,-0.02105263157894797,0.1,0.1,5.410367605339208,68.09198733837883,-68.09198733837883,1530.7261263391285,1052.5389067811634,940.3503451430116,-474.8229559767611,14.540624946387908,0.0,53.55136239199092,840.0200330129351,0.0,320.6,39.48,35.46,0.1,27.35,0.0,0.0,0.0,inferred_20260921_seed0,0,11ed1195aabfcd298bcaf379e7f064ad8010cd8ca67a057b647baa8bf9ef6e77,1500,pre_fed,F-MADRL,deterministic,da6d509ce9b1ab973ae4a8e7710ddc1e233ea53728e643e80be14e75e70f672a
2,15,14,170.3,35.74,34.83,13.81,6.91,-0.3777611553668976,0.5338981747627258,89.49337864950762,24.41776166057048,89.49337864950762,-0.02105263157894797,0.1,0.1,3.2008465203585734,13.458520502429906,-13.458520502429906,934.1912833771948,1090.2561177506923,185.862168138557,-124.1269236849084,0.0,0.0,13.458520502429906,185.862168138557,0.0,165.75,39.48,35.46,0.1,27.35,0.0,0.0,0.0,inferred_20260921_seed0,0,11ed1195aabfcd298bcaf379e7f064ad8010cd8ca67a057b647baa8bf9ef6e77,1500,pre_fed,F-MADRL,deterministic,da6d509ce9b1ab973ae4a8e7710ddc1e233ea53728e643e80be14e75e70f672a
3,15,14,192.2,35.74,34.83,13.81,6.91,0.4285499155521393,0.6770206093788147,140.41087400544416,29.478953272030218,140.41087400544416,-0.02105263157894797,0.1,0.1,4.219196427477304,-14.540624946387908,14.540624946387908,1111.0817065918714,1127.9733287202216,200.80603050961702,-135.14381443556954,0.0,14.540624946387908,0.0,-100.47571837954044,0.0,187.07,39.48,35.46,0.1,27.35,14.540624946387908,0.0,0.0,inferred_20260921_seed0,0,11ed1195aabfcd298bcaf379e7f064ad8010cd8ca67a057b647baa8bf9ef6e77,1500,pre_fed,F-MADRL,deterministic,da6d509ce9b1ab973ae4a8e7710ddc1e233ea53728e643e80be14e75e70f672a
1,16,15,316.8,18.06,23.62,17.31,8.66,4.231583118438721,0.8503832221031189,199.9577883888757,34.56348104263228,199.9577883888757,-0.02105263157894797,0.1,0.1,4.832334715145936,80.01559895784919,-80.01559895784919,1530.6217983970694,1052.5389067811634,1385.0700179603693,-674.9447221857308,0.0,0.0,80.01559895784919,1385.0700179603693,0.0,333.2,35.74,34.83,0.1,13.81,0.0,0.0,0.0,inferred_20260921_seed0,0,11ed1195aabfcd298bcaf379e7f064ad8010cd8ca67a057b647baa8bf9ef6e77,1500,pre_fed,F-MADRL,deterministic,da6d509ce9b1ab973ae4a8e7710ddc1e233ea53728e643e80be14e75e70f672a
2,16,15,172.25,18.06,23.62,17.31,8.66,-0.3308798372745514,0.4529787600040436,95.29644205724243,21.21722345501426,95.29644205724243,-0.02105263157894797,0.1,0.1,2.7391077885132695,38.03371836284981,-38.03371836284981,975.3025210877842,1090.2561177506923,658.3636648609302,-337.5748219641881,0.0,0.0,38.03371836284981,658.3636648609302,0.0,170.3,35.74,34.83,0.1,13.81,0.0,0.0,0.0,inferred_20260921_seed0,0,11ed1195aabfcd298bcaf379e7f064ad8010cd8ca67a057b647baa8bf9ef6e77,1500,pre_fed,F-MADRL,deterministic,da6d509ce9b1ab973ae4a8e7710ddc1e233ea53728e643e80be14e75e70f672a
3,16,15,194.4,18.06,23.62,17.31,8.66,0.45074108242988586,0.6394658088684082,142.25079854020376,28.226785924643348,142.25079854020376,-0.02105263157894797,0.1,0.1,3.678194918172496,14.168449009547686,-14.168449009547686,1126.7123915291772,1127.9733287202216,245.25585235527043,-155.45884796485967,0.0,0.0,14.168449009547686,245.25585235527043,0.0,192.2,35.74,34.83,0.1,13.81,0.0,0.0,0.0,inferred_20260921_seed0,0,11ed1195aabfcd298bcaf379e7f064ad8010cd8ca67a057b647baa8bf9ef6e77,1500,pre_fed,F-MADRL,deterministic,da6d509ce9b1ab973ae4a8e7710ddc1e233ea53728e643e80be14e75e70f672a
1,17,16,291.3,24.27,14.18,16.42,8.21,4.144168376922607,0.8320627808570862,199.94972617866742,34.07910335692138,199.94972617866742,-0.02105263157894797,0.1,0.1,4.76757347094177,57.688899923853285,-57.688899923853285,1530.5495670332625,1052.5389067811634,947.2517367496711,-477.9250510136405,0.0,0.0,57.688899923853285,947.2517367496711,0.0,316.8,18.06,23.62,0.1,17.31,0.0,0.0,0.0,inferred_20260921_seed0,0,11ed1195aabfcd298bcaf379e7f064ad8010cd8ca67a057b647baa8bf9ef6e77,1500,pre_fed,F-MADRL,deterministic,da6d509ce9b1ab973ae4a8e7710ddc1e233ea53728e643e80be14e75e70f672a
2,17,16,165.75,24.27,14.18,16.42,8.21,-0.2713676691055298,0.4235805869102478,102.91442073299027,19.997129503631943,102.91442073299027,-0.02105263157894797,0.1,0.1,2.826867362028226,27.233499260616924,-27.233499260616924,1030.0483825239176,1090.2561177506923,447.17405785932993,-243.63441604219065,0.0,0.0,27.233499260616924,447.17405785932993,0.0,172.25,18.06,23.62,0.1,17.31,0.0,0.0,0.0,inferred_20260921_seed0,0,11ed1195aabfcd298bcaf379e7f064ad8010cd8ca67a057b647baa8bf9ef6e77,1500,pre_fed,F-MADRL,deterministic,da6d509ce9b1ab973ae4a8e7710ddc1e233ea53728e643e80be14e75e70f672a
3,17,16,187.07,24.27,14.18,16.42,8.21,0.45754215121269226,0.6332105994224548,142.80788811143356,28.012950068187358,142.80788811143356,-0.02105263157894797,0.1,0.1,3.6247367095970926,9.457901229742475,-9.457901229742475,1131.4577125424823,1127.9733287202216,155.29873819237147,-115.07305301182124,0.0,0.0,9.457901229742475,155.29873819237147,0.0,194.4,18.06,23.62,0.1,17.31,0.0,0.0,0.0,inferred_20260921_seed0,0,11ed1195aabfcd298bcaf379e7f064ad8010cd8ca67a057b647baa8bf9ef6e77,1500,pre_fed,F-MADRL,deterministic,da6d509ce9b1ab973ae4a8e7710ddc1e233ea53728e643e80be14e75e70f672a
1,18,17,413.8,26.26,4.67,9.83,4.92,4.077517032623291,0.8172058463096619,199.94255940197166,33.67731004747033,199.94255940197166,-0.02105263157894797,0.1,0.1,4.617030135407854,187.56552336501517,-187.56552336501517,1530.4853589669865,1052.5389067811634,1843.769094678099,-881.3565779201076,0.0,0.0,187.56552336501517,1843.769094678099,0.0,291.3,24.27,14.18,0.1,16.42,0.0,0.0,0.0,inferred_20260921_seed0,0,11ed1195aabfcd298bcaf379e7f064ad8010cd8ca67a057b647baa8bf9ef6e77,1500,pre_fed,F-MADRL,deterministic,da6d509ce9b1ab973ae4a8e7710ddc1e233ea53728e643e80be14e75e70f672a
2,18,17,164.25,26.26,4.67,9.83,4.92,-0.32337692379951477,0.4232284426689148,96.24199836605963,19.982336554100712,96.24199836605963,-0.02105263157894797,0.1,0.1,2.543018914689614,39.642073180208925,-39.642073180208925,982.0497198153627,1090.2561177506923,389.6815793614537,-216.8028274639753,0.0,0.0,39.642073180208925,389.6815793614537,0.0,165.75,24.27,14.18,0.1,16.42,0.0,0.0,0.0,inferred_20260921_seed0,0,11ed1195aabfcd298bcaf379e7f064ad8010cd8ca67a057b647baa8bf9ef6e77,1500,pre_fed,F-MADRL,deterministic,da6d509ce9b1ab973ae4a8e7710ddc1e233ea53728e643e80be14e75e70f672a
3,18,17,185.6,26.26,4.67,9.83,4.92,0.4162943363189697,0.5898036360740662,139.38040253074269,26.48771829034788,139.38040253074269,-0.02105263157894797,0.1,0.1,3.4057869979832742,18.71643709881957,-18.71643709881957,1102.3556564951177,1127.9733287202216,183.98257668139635,-127.39873921093516,0.0,0.0,18.71643709881957,183.98257668139635,0.0,187.07,24.27,14.18,0.1,16.42,0.0,0.0,0.0,inferred_20260921_seed0,0,11ed1195aabfcd298bcaf379e7f064ad8010cd8ca67a057b647baa8bf9ef6e77,1500,pre_fed,F-MADRL,deterministic,da6d509ce9b1ab973ae4a8e7710ddc1e233ea53728e643e80be14e75e70f672a
1,19,18,539.8,26.77,0.18,8.63,4.32,4.01625919342041,0.8064062595367432,199.93507520617098,33.38015016276795,199.93507520617098,-0.02105263157894797,0.1,0.1,4.537280451491841,317.47325787689977,-317.47325787689977,1530.4183079906456,1052.5389067811634,2739.794215477645,-1284.5665412603764,0.0,0.0,317.47325787689977,2739.794215477645,0.0,413.8,26.26,4.67,0.1,9.83,0.0,0.0,0.0,inferred_20260921_seed0,0,11ed1195aabfcd298bcaf379e7f064ad8010cd8ca67a057b647baa8bf9ef6e77,1500,pre_fed,F-MADRL,deterministic,da6d509ce9b1ab973ae4a8e7710ddc1e233ea53728e643e80be14e75e70f672a
2,19,18,162.5,26.77,0.18,8.63,4.32,-0.33753833174705505,0.3753441870212555,94.46108688862812,17.932867392898856,94.46108688862812,-0.02105263157894797,0.1,0.1,2.4278006851409835,43.537766428091814,-43.537766428091814,969.3529902423828,1090.2561177506923,375.73092427443237,-210.2710980833561,0.0,0.0,43.537766428091814,375.73092427443237,0.0,164.25,26.26,4.67,0.1,9.83,0.0,0.0,0.0,inferred_20260921_seed0,0,11ed1195aabfcd298bcaf379e7f064ad8010cd8ca67a057b647baa8bf9ef6e77,1500,pre_fed,F-MADRL,deterministic,da6d509ce9b1ab973ae4a8e7710ddc1e233ea53728e643e80be14e75e70f672a
3,19,18,183.4,26.77,0.18,8.63,4.32,0.3870426416397095,0.5251603722572327,136.88079185107546,24.08364861759815,136.88079185107546,-0.02105263157894797,0.1,0.1,3.2761947843899306,22.866455564893414,-22.866455564893414,1081.272736843634,1127.9733287202216,197.33751152503018,-132.9868014975407,0.0,0.0,22.866455564893414,197.33751152503018,0.0,185.6,26.26,4.67,0.1,9.83,0.0,0.0,0.0,inferred_20260921_seed0,0,11ed1195aabfcd298bcaf379e7f064ad8010cd8ca67a057b647baa8bf9ef6e77,1500,pre_fed,F-MADRL,deterministic,da6d509ce9b1ab973ae4a8e7710ddc1e233ea53728e643e80be14e75e70f672a
1,20,19,557.2,26.22,0.0,8.87,4.44,4.0953450202941895,0.8240445256233215,199.94457086151928,33.86326129554924,199.94457086151928,-0.02105263157894797,0.1,0.1,4.522870364598806,335.5793521346585,-335.5793521346585,1530.5033798055667,1052.5389067811634,2976.588853434421,-1391.125829777224,0.0,0.0,335.5793521346585,2976.588853434421,0.0,539.8,26.77,0.18,0.1,8.63,0.0,0.0,0.0,inferred_20260921_seed0,0,11ed1195aabfcd298bcaf379e7f064ad8010cd8ca67a057b647baa8bf9ef6e77,1500,pre_fed,F-MADRL,deterministic,da6d509ce9b1ab973ae4a8e7710ddc1e233ea53728e643e80be14e75e70f672a
2,20,19,165.75,26.22,0.0,8.87,4.44,-0.34687602519989014,0.36321935057640076,93.29570078269012,17.402328407606262,93.29570078269012,-0.02105263157894797,0.1,0.1,2.3898929630222234,48.645244811911056,-48.645244811911056,961.0706476081325,1090.2561177506923,431.48332148165105,-235.19402997391947,0.0,0.0,48.645244811911056,431.48332148165105,0.0,162.5,26.77,0.18,0.1,8.63,0.0,0.0,0.0,inferred_20260921_seed0,0,11ed1195aabfcd298bcaf379e7f064ad8010cd8ca67a057b647baa8bf9ef6e77,1500,pre_fed,F-MADRL,deterministic,da6d509ce9b1ab973ae4a8e7710ddc1e233ea53728e643e80be14e75e70f672a
3,20,19,187.07,26.22,0.0,8.87,4.44,0.37092268466949463,0.5004798173904419,135.47985116604443,23.1247212438881,135.47985116604443,-0.02105263157894797,0.1,0.1,3.2335759706893095,28.624777436223837,-28.624777436223837,1069.5084409584667,1127.9733287202216,253.90177585930542,-158.20543453026121,0.0,0.0,28.624777436223837,253.90177585930542,0.0,183.4,26.77,0.18,0.1,8.63,0.0,0.0,0.0,inferred_20260921_seed0,0,11ed1195aabfcd298bcaf379e7f064ad8010cd8ca67a057b647baa8bf9ef6e77,1500,pre_fed,F-MADRL,deterministic,da6d509ce9b1ab973ae4a8e7710ddc1e233ea53728e643e80be14e75e70f672a
1,21,20,557.1,32.84,0.0,8.35,4.18,4.112975120544434,0.8278355002403259,199.94649073468756,33.96560301070613,199.94649073468756,-0.02105263157894797,0.1,0.1,4.655308762062172,328.9898706589536,-328.9898706589536,1530.5205801750562,1052.5389067811634,2747.0654200022623,-1287.8406287401424,0.0,0.0,328.9898706589536,2747.0654200022623,0.0,557.2,26.22,0.0,0.1,8.87,0.0,0.0,0.0,inferred_20260921_seed0,0,11ed1195aabfcd298bcaf379e7f064ad8010cd8ca67a057b647baa8bf9ef6e77,1500,pre_fed,F-MADRL,deterministic,da6d509ce9b1ab973ae4a8e7710ddc1e233ea53728e643e80be14e75e70f672a
2,21,20,169.0,32.84,0.0,8.35,4.18,-0.3437734842300415,0.3642517626285553,93.68211560600024,17.447679563517017,93.68211560600024,-0.02105263157894797,0.1,0.1,2.530021259488426,45.028958285067134,-45.028958285067134,963.8145914036429,1090.2561177506923,375.9918016803106,-210.27772493922646,0.0,0.0,45.028958285067134,375.9918016803106,0.0,165.75,26.22,0.0,0.1,8.87,0.0,0.0,0.0,inferred_20260921_seed0,0,11ed1195aabfcd298bcaf379e7f064ad8010cd8ca67a057b647baa8bf9ef6e77,1500,pre_fed,F-MADRL,deterministic,da6d509ce9b1ab973ae4a8e7710ddc1e233ea53728e643e80be14e75e70f672a
3,21,20,190.73,32.84,0.0,8.35,4.18,0.3768700361251831,0.5063097476959229,135.99861909702906,23.353247568999176,135.99861909702906,-0.02105263157894797,0.1,0.1,3.3763513293090024,25.288784863858865,-25.288784863858865,1073.8604087185772,1127.9733287202216,211.1613536132215,-139.05928387472568,0.0,0.0,25.288784863858865,211.1613536132215,0.0,187.07,26.22,0.0,0.1,8.87,0.0,0.0,0.0,inferred_20260921_seed0,0,11ed1195aabfcd298bcaf379e7f064ad8010cd8ca67a057b647baa8bf9ef6e77,1500,pre_fed,F-MADRL,deterministic,da6d509ce9b1ab973ae4a8e7710ddc1e233ea53728e643e80be14e75e70f672a
1,22,21,535.0,36.02,0.0,16.44,8.22,4.135282516479492,0.832107663154602,199.9488249706698,34.08030492224093,199.9488249706698,-0.02105263157894797,0.1,0.1,4.718955446781817,303.77118310769094,-303.77118310769094,1530.5414929501587,1052.5389067811634,4993.9982502904395,-2298.9608206253242,0.0,0.0,303.77118310769094,4993.9982502904395,0.0,557.1,32.84,0.0,0.1,8.35,0.0,0.0,0.0,inferred_20260921_seed0,0,11ed1195aabfcd298bcaf379e7f064ad8010cd8ca67a057b647baa8bf9ef6e77,1500,pre_fed,F-MADRL,deterministic,da6d509ce9b1ab973ae4a8e7710ddc1e233ea53728e643e80be14e75e70f672a
2,22,21,161.2,36.02,0.0,16.44,8.22,-0.3759763240814209,0.37806057929992676,89.71087370269149,18.05110035838875,89.71087370269149,-0.02105263157894797,0.1,0.1,2.514196421422251,38.0043753503097,-38.0043753503097,935.7228731710896,1090.2561177506923,624.7919307590915,-321.67594866002685,0.0,0.0,38.0043753503097,624.7919307590915,0.0,169.0,32.84,0.0,0.1,8.35,0.0,0.0,0.0,inferred_20260921_seed0,0,11ed1195aabfcd298bcaf379e7f064ad8010cd8ca67a057b647baa8bf9ef6e77,1500,pre_fed,F-MADRL,deterministic,da6d509ce9b1ab973ae4a8e7710ddc1e233ea53728e643e80be14e75e70f672a
3,22,21,181.93,36.02,0.0,16.44,8.22,0.3701844811439514,0.5047763586044312,135.41530657254333,23.293260615368723,135.41530657254333,-0.02105263157894797,0.1,0.1,3.428285078819288,13.944031137854921,-13.944031137854921,1068.9673311007678,1127.9733287202216,229.2398719063349,-147.0967555542705,0.0,0.0,13.944031137854921,229.2398719063349,0.0,190.73,32.84,0.0,0.1,8.35,0.0,0.0,0.0,inferred_20260921_seed0,0,11ed1195aabfcd298bcaf379e7f064ad8010cd8ca67a057b647baa8bf9ef6e77,1500,pre_fed,F-MADRL,deterministic,da6d509ce9b1ab973ae4a8e7710ddc1e233ea53728e643e80be14e75e70f672a
1,23,22,437.8,37.23,0.0,16.19,8.1,4.26915979385376,0.858852207660675,199.96084385940804,34.78329141850314,199.96084385940804,-0.02105263157894797,0.1,0.1,4.743395824556582,205.37360459672752,-205.37360459672752,1530.6491733992432,1052.5389067811634,3324.9986584210187,-1547.9131578930667,6.45417219871328,0.0,198.91943239801424,3272.7844053334284,0.0,535.0,36.02,0.0,0.1,16.44,0.0,0.0,0.0,inferred_20260921_seed0,0,11ed1195aabfcd298bcaf379e7f064ad8010cd8ca67a057b647baa8bf9ef6e77,1500,pre_fed,F-MADRL,deterministic,da6d509ce9b1ab973ae4a8e7710ddc1e233ea53728e643e80be14e75e70f672a
2,23,22,148.0,37.23,0.0,16.19,8.1,-0.41290754079818726,0.4358387589454651,85.26858916851326,20.509463464819316,85.26858916851326,-0.02105263157894797,0.1,0.1,2.4495507307386863,27.972014193804384,-27.972014193804384,904.5831519479494,1090.2561177506923,452.866909797693,-243.6868948029347,0.0,0.0,27.972014193804384,452.866909797693,0.0,161.2,36.02,0.0,0.1,16.44,0.0,0.0,0.0,inferred_20260921_seed0,0,11ed1195aabfcd298bcaf379e7f064ad8010cd8ca67a057b647baa8bf9ef6e77,1500,pre_fed,F-MADRL,deterministic,da6d509ce9b1ab973ae4a8e7710ddc1e233ea53728e643e80be14e75e70f672a
3,23,22,161.39,37.23,0.0,16.19,8.1,0.35477808117866516,0.5324342250823975,134.0606160996537,24.3619812664611,134.0606160996537,-0.02105263157894797,0.1,0.1,3.425391269361495,-6.45417219871328,6.45417219871328,1057.6285430346659,1127.9733287202216,104.49304789716801,-90.73390898882336,0.0,6.45417219871328,0.0,-52.27879480957757,0.0,181.93,36.02,0.0,0.1,16.44,6.45417219871328,0.0,0.0,inferred_20260921_seed0,0,11ed1195aabfcd298bcaf379e7f064ad8010cd8ca67a057b647baa8bf9ef6e77,1500,pre_fed,F-MADRL,deterministic,da6d509ce9b1ab973ae4a8e7710ddc1e233ea53728e643e80be14e75e70f672a
1,24,23,447.3,44.12,0.0,8.87,4.44,4.1970014572143555,0.8427960872650146,199.95476624786792,34.3643608028934,199.95476624786792,-0.02105263157894797,0.1,0.1,4.88107427232578,208.1273606560368,-208.1273606560368,1530.5947221542444,1052.5389067811634,1846.0896890190463,-882.403032637279,42.871489626442056,0.0,165.25587102959474,1656.168989973908,0.0,437.8,37.23,0.0,0.1,16.19,0.0,0.0,0.0,inferred_20260921_seed0,0,11ed1195aabfcd298bcaf379e7f064ad8010cd8ca67a057b647baa8bf9ef6e77,1500,pre_fed,F-MADRL,deterministic,da6d509ce9b1ab973ae4a8e7710ddc1e233ea53728e643e80be14e75e70f672a
2,24,23,119.6,44.12,0.0,8.87,4.44,-0.42303192615509033,0.4334045350551605,84.0725775779825,20.40812983541774,84.0725775779825,-0.02105263157894797,0.1,0.1,2.5634304989280707,-6.008094447475472,6.008094447475472,896.2505477275453,1090.2561177506923,53.29179774910743,-63.7114422966631,0.0,6.008094447475472,0.0,-26.675939346791097,0.0,148.0,37.23,0.0,0.1,16.19,6.008094447475472,0.0,0.0,inferred_20260921_seed0,0,11ed1195aabfcd298bcaf379e7f064ad8010cd8ca67a057b647baa8bf9ef6e77,1500,pre_fed,F-MADRL,deterministic,da6d509ce9b1ab973ae4a8e7710ddc1e233ea53728e643e80be14e75e70f672a
3,24,23,134.98,44.12,0.0,8.87,4.44,0.32332971692085266,0.5040915012359619,131.25145587542238,23.266440937582757,131.25145587542238,-0.02105263157894797,0.1,0.1,3.5070080648768687,-36.863395178966584,36.863395178966584,1034.2269329956744,1127.9733287202216,326.97831523743355,-190.38424709116302,0.0,36.863395178966584,0.0,-163.67347459461166,0.0,161.39,37.23,0.0,0.1,16.19,36.863395178966584,0.0,0.0,inferred_20260921_seed0,0,11ed1195aabfcd298bcaf379e7f064ad8010cd8ca67a057b647baa8bf9ef6e77,1500,pre_fed,F-MADRL,deterministic,da6d509ce9b1ab973ae4a8e7710ddc1e233ea53728e643e80be14e75e70f672a
1,1,0,457.7,51.48,0.0,8.65,4.33,2.0649449825286865,2.983513832092285,196.83399436832593,49.744470150159856,196.83399436832593,37.905,0.5,0.09999999999999992,5.724379887366519,177.2053855190406,-177.2053855190406,1502.7137806326446,846.5310470825,1532.8265847397013,-736.7568596871685,15.416947733398317,0.0,161.78843778564226,1466.2253705314204,0.0,447.3,44.12,0.0,0.5,8.87,0.0,0.0,0.0,inferred_20260921_seed0,0,11ed1195aabfcd298bcaf379e7f064ad8010cd8ca67a057b647baa8bf9ef6e77,1500,pre_fed,PPO-MADRL,deterministic,c0ebcc7b9ee72ae1e2bac680d3b7d9eac16b073b5f4e9f988cee283c4dd15ba3
2,1,0,110.5,51.48,0.0,8.65,4.33,-0.3306271731853485,-0.8029628992080688,95.32821097811794,-33.28449684907202,95.32821097811794,-33.28449684907202,0.5,0.8152027200661842,2.2704742825809183,-0.753239846464993,0.753239846464993,975.528993698703,295.6404239823356,6.51552467192219,-28.355374455985757,0.0,0.753239846464993,0.0,-3.2615285351934196,0.0,119.6,44.12,0.0,0.5,8.87,0.753239846464993,0.0,0.0,inferred_20260921_seed0,0,11ed1195aabfcd298bcaf379e7f064ad8010cd8ca67a057b647baa8bf9ef6e77,1500,pre_fed,PPO-MADRL,deterministic,c0ebcc7b9ee72ae1e2bac680d3b7d9eac16b073b5f4e9f988cee283c4dd15ba3
3,1,0,124.71,51.48,0.0,8.65,4.33,0.18829631805419922,-0.6291152834892273,118.6102052082349,-27.872135935853944,118.6102052082349,-27.872135935853944,0.5,0.7637852913906125,2.844361385447619,-14.663707886933324,14.663707886933324,930.7749096654709,346.93785511079966,126.84107322197326,-82.63273824541338,0.0,14.663707886933324,0.0,-63.49385515042129,0.0,134.98,44.12,0.0,0.5,8.87,14.663707886933324,0.0,0.0,inferred_20260921_seed0,0,11ed1195aabfcd298bcaf379e7f064ad8010cd8ca67a057b647baa8bf9ef6e77,1500,pre_fed,PPO-MADRL,deterministic,c0ebcc7b9ee72ae1e2bac680d3b7d9eac16b073b5f4e9f988cee283c4dd15ba3
1,2,1,336.5,38.37,0.0,8.11,4.06,1.947526216506958,2.8114559650421143,196.0126503317702,49.639891293525096,196.0126503317702,-0.021052631578956735,0.09999999999999992,0.1,4.687231954003825,106.82563425381258,-106.82563425381258,1495.4021285274125,1052.5389067811636,866.35589379842,-440.8189729154605,20.422069050740106,0.0,86.40356520307247,783.6465141429226,0.0,457.7,51.48,0.0,0.09999999999999992,8.65,0.0,0.0,0.0,inferred_20260921_seed0,0,11ed1195aabfcd298bcaf379e7f064ad8010cd8ca67a057b647baa8bf9ef6e77,1500,pre_fed,PPO-MADRL,deterministic,c0ebcc7b9ee72ae1e2bac680d3b7d9eac16b073b5f4e9f988cee283c4dd15ba3
2,2,1,109.85,38.37,0.0,8.11,4.06,-0.39681416749954224,-0.9739241003990173,87.18923555366,-37.521182039847496,87.18923555366,-9.097651091994546,0.8152027200661842,0.9,2.3292316892333087,-4.282352772432134,4.282352772432134,918.009775197669,142.6802065949864,34.729880984424604,-36.84224607884418,0.0,4.282352772432134,0.0,-17.38635225607446,0.0,110.5,51.48,0.0,0.8152027200661842,8.65,4.282352772432134,0.0,0.0,inferred_20260921_seed0,0,11ed1195aabfcd298bcaf379e7f064ad8010cd8ca67a057b647baa8bf9ef6e77,1500,pre_fed,PPO-MADRL,deterministic,c0ebcc7b9ee72ae1e2bac680d3b7d9eac16b073b5f4e9f988cee283c4dd15ba3
3,2,1,123.98,38.37,0.0,8.11,4.06,0.19346293807029724,-0.6886167526245117,119.10848960819025,-29.854632153480647,119.10848960819025,-14.499187283386183,0.7637852913906125,0.9,2.859586046496081,-16.139716278307972,16.139716278307972,934.7952314426568,165.73623833291657,130.89309901707765,-80.91252395319641,0.0,16.139716278307972,0.0,-65.52724808993037,0.0,124.71,51.48,0.0,0.7637852913906125,8.65,16.139716278307972,0.0,0.0,inferred_20260921_seed0,0,11ed1195aabfcd298bcaf379e7f064ad8010cd8ca67a057b647baa8bf9ef6e77,1500,pre_fed,PPO-MADRL,deterministic,c0ebcc7b9ee72ae1e2bac680d3b7d9eac16b073b5f4e9f988cee283c4dd15ba3
1,3,2,274.9,43.56,0.0,8.25,4.13,1.809249997138977,2.6083414554595947,194.7755584126885,49.46039795053097,194.7755584126885,-0.02105263157894797,0.1,0.1,4.766290115622191,41.351784334512615,-41.351784334512615,1484.4100911758728,1052.5389067811634,341.15222075972906,-204.2574793010188,41.351784334512615,0.0,0.0,170.7828693015371,0.0,336.5,38.37,0.0,0.1,8.11,0.0,0.0,0.0,inferred_20260921_seed0,0,11ed1195aabfcd298bcaf379e7f064ad8010cd8ca67a057b647baa8bf9ef6e77,1500,pre_fed,PPO-MADRL,deterministic,c0ebcc7b9ee72ae1e2bac680d3b7d9eac16b073b5f4e9f988cee283c4dd15ba3
2,3,2,112.45,43.56,0.0,8.25,4.13,-0.3737929165363312,-0.9654789566993713,89.97731766812002,-37.3355408495067,89.97731766812002,-0.18947368421052882,0.9,0.9,2.6669568796781897,-18.230887104231286,18.230887104231286,937.6001388350201,119.10680096398887,150.40481860990812,-88.81630717043883,0.0,18.230887104231286,0.0,-75.29356374047521,0.0,109.85,38.37,0.0,0.9,8.11,18.230887104231286,0.0,0.0,inferred_20260921_seed0,0,11ed1195aabfcd298bcaf379e7f064ad8010cd8ca67a057b647baa8bf9ef6e77,1500,pre_fed,PPO-MADRL,deterministic,c0ebcc7b9ee72ae1e2bac680d3b7d9eac16b073b5f4e9f988cee283c4dd15ba3
3,3,2,126.91,43.56,0.0,8.25,4.13,0.22592613101005554,-0.717568576335907,122.21590709649462,-30.77004819314808,122.21590709649462,-0.18947368421052882,0.9,0.9,3.311728668245682,-35.36470474403842,35.36470474403842,959.9733357311143,126.80720528531852,291.75881413831695,-153.02707718257128,0.0,23.12089723028133,-12.24380751375709,-95.48930556106188,0.0,123.98,38.37,0.0,0.9,8.11,23.12089723028133,0.0,0.0,inferred_20260921_seed0,0,11ed1195aabfcd298bcaf379e7f064ad8010cd8ca67a057b647baa8bf9ef6e77,1500,pre_fed,PPO-MADRL,deterministic,c0ebcc7b9ee72ae1e2bac680d3b7d9eac16b073b5f4e9f988cee283c4dd15ba3
1,4,3,272.6,40.75,0.0,8.1,4.05,1.7917284965515137,2.5793826580047607,194.59426879502576,49.42840664714907,194.59426879502576,-0.02105263157894797,0.1,0.1,4.7064643232689365,41.98324815982215,-41.98324815982215,1482.8013460353004,1052.5389067811634,340.0643100945594,-203.735744598881,41.98324815982215,0.0,0.0,170.03215504727973,0.0,274.9,43.56,0.0,0.1,8.25,0.0,0.0,0.0,inferred_20260921_seed0,0,11ed1195aabfcd298bcaf379e7f064ad8010cd8ca67a057b647baa8bf9ef6e77,1500,pre_fed,PPO-MADRL,deterministic,c0ebcc7b9ee72ae1e2bac680d3b7d9eac16b073b5f4e9f988cee283c4dd15ba3
2,4,3,110.5,40.75,0.0,8.1,4.05,-0.38673490285873413,-0.9823588132858276,88.40411888477311,-37.70426015757093,88.40411888477311,-0.18947368421052882,0.9,0.9,2.5792929040112518,-15.885352296551332,15.885352296551332,926.5315858575387,119.10680096398887,128.67135360206578,-78.81487685736016,0.0,15.885352296551332,0.0,-64.33567680103289,0.0,112.45,43.56,0.0,0.9,8.25,15.885352296551332,0.0,0.0,inferred_20260921_seed0,0,11ed1195aabfcd298bcaf379e7f064ad8010cd8ca67a057b647baa8bf9ef6e77,1500,pre_fed,PPO-MADRL,deterministic,c0ebcc7b9ee72ae1e2bac680d3b7d9eac16b073b5f4e9f988cee283c4dd15ba3
3,4,3,124.71,40.75,0.0,8.1,4.05,0.21959614753723145,-0.7207959294319153,121.61331080224454,-30.8701038869507,121.61331080224454,-0.18947368421052882,0.9,0.9,3.2434767423606803,-34.22036037567334,34.22036037567334,955.0764107217324,126.80720528531852,277.184919042954,-146.37088588947032,0.0,26.09789586327082,-8.122464512402516,-105.69647824624683,0.0,126.91,43.56,0.0,0.9,8.25,26.09789586327082,0.0,0.0,inferred_20260921_seed0,0,11ed1195aabfcd298bcaf379e7f064ad8010cd8ca67a057b647baa8bf9ef6e77,1500,pre_fed,PPO-MADRL,deterministic,c0ebcc7b9ee72ae1e2bac680d3b7d9eac16b073b5f4e9f988cee283c4dd15ba3
1,5,4,245.3,27.74,0.0,8.14,4.07,1.773084282875061,2.5526723861694336,194.39464833010769,49.397230566213324,194.39464833010769,-0.02105263157894797,0.1,0.1,4.442271913970575,27.628676215441857,-27.628676215441857,1481.0305507732444,1052.5389067811634,224.89742439369672,-151.87523012825167,18.772960574856683,0.0,8.855715640585174,148.49147485403003,0.0,272.6,40.75,0.0,0.1,8.1,0.0,0.0,0.0,inferred_20260921_seed0,0,11ed1195aabfcd298bcaf379e7f064ad8010cd8ca67a057b647baa8bf9ef6e77,1500,pre_fed,PPO-MADRL,deterministic,c0ebcc7b9ee72ae1e2bac680d3b7d9eac16b073b5f4e9f988cee283c4dd15ba3
2,5,4,113.75,27.74,0.0,8.14,4.07,-0.37976837158203125,-0.9728420972824097,89.24911876518658,-37.49752841334595,89.24911876518658,-0.18947368421052882,0.9,0.9,2.335992901619521,-0.7136521793565294,0.7136521793565294,932.4720741090139,119.10680096398887,5.80912873996215,-23.645685434443024,0.0,0.7136521793565294,0.0,-2.904564369981075,0.0,110.5,40.75,0.0,0.9,8.1,0.7136521793565294,0.0,0.0,inferred_20260921_seed0,0,11ed1195aabfcd298bcaf379e7f064ad8010cd8ca67a057b647baa8bf9ef6e77,1500,pre_fed,PPO-MADRL,deterministic,c0ebcc7b9ee72ae1e2bac680d3b7d9eac16b073b5f4e9f988cee283c4dd15ba3
3,5,4,128.38,27.74,0.0,8.14,4.07,0.22236748039722443,-0.7174596190452576,121.87733939390455,-30.766663307910985,121.87733939390455,-0.18947368421052882,0.9,0.9,2.988557314193881,-18.059308395500153,18.059308395500153,957.2211575270869,126.80720528531852,147.00277033937127,-87.83181390896519,0.0,18.059308395500153,0.0,-73.50138516968563,0.0,124.71,40.75,0.0,0.9,8.1,18.059308395500153,0.0,0.0,inferred_20260921_seed0,0,11ed1195aabfcd298bcaf379e7f064ad8010cd8ca67a057b647baa8bf9ef6e77,1500,pre_fed,PPO-MADRL,deterministic,c0ebcc7b9ee72ae1e2bac680d3b7d9eac16b073b5f4e9f988cee283c4dd15ba3
1,6,5,233.7,30.15,0.0,8.13,4.07,1.686462163925171,2.4266207218170166,193.36951075482924,49.22573726705109,193.36951075482924,-0.02105263157894797,0.1,0.1,4.469969162465006,14.671511039214693,-14.671511039214693,1471.9469198030756,1052.5389067811634,119.27938474881546,-104.16543966865174,14.671511039214693,0.0,0.0,59.713049929603805,0.0,245.3,27.74,0.0,0.1,8.14,0.0,0.0,0.0,inferred_20260921_seed0,0,11ed1195aabfcd298bcaf379e7f064ad8010cd8ca67a057b647baa8bf9ef6e77,1500,pre_fed,PPO-MADRL,deterministic,c0ebcc7b9ee72ae1e2bac680d3b7d9eac16b073b5f4e9f988cee283c4dd15ba3
2,6,5,120.25,30.15,0.0,8.13,4.07,-0.3450809121131897,-0.9311262369155884,93.51918117084102,-36.555927624728376,93.51918117084102,-0.18947368421052882,0.9,0.9,2.46959414973261,-0.7601133368978878,0.7601133368978878,962.6573121265478,119.10680096398887,6.179721428979829,-24.41615690485166,0.0,0.7601133368978878,0.0,-3.0936612811744038,0.0,113.75,27.74,0.0,0.9,8.14,0.7601133368978878,0.0,0.0,inferred_20260921_seed0,0,11ed1195aabfcd298bcaf379e7f064ad8010cd8ca67a057b647baa8bf9ef6e77,1500,pre_fed,PPO-MADRL,deterministic,c0ebcc7b9ee72ae1e2bac680d3b7d9eac16b073b5f4e9f988cee283c4dd15ba3
3,6,5,135.43,30.15,0.0,8.13,4.07,0.2465868890285492,-0.7232993841171265,124.17076156537594,-30.947442912032187,124.17076156537594,-0.18947368421052882,0.9,0.9,3.0826257576233083,-15.618662123542094,15.618662123542094,975.906715958226,126.80720528531852,126.97972306439723,-79.19515380384965,0.0,13.911397702316805,-1.7072644212252897,-56.6193886484294,0.0,128.38,27.74,0.0,0.9,8.14,13.911397702316805,0.0,0.0,inferred_20260921_seed0,0,11ed1195aabfcd298bcaf379e7f064ad8010cd8ca67a057b647baa8bf9ef6e77,1500,pre_fed,PPO-MADRL,deterministic,c0ebcc7b9ee72ae1e2bac680d3b7d9eac16b073b5f4e9f988cee283c4dd15ba3
1,7,6,274.6,28.65,0.16,8.34,4.17,1.6891807317733765,2.4297287464141846,193.4042781139601,49.23049827462555,193.4042781139601,-0.02105263157894797,0.1,0.1,4.443864509647623,56.85063902726651,-56.85063902726651,1472.254710633386,1052.5389067811634,474.1343294874027,-263.8563206176222,3.0653982818007535,0.0,53.78524074546576,461.35161865229355,0.0,233.7,30.15,0.0,0.1,8.13,0.0,0.0,0.0,inferred_20260921_seed0,0,11ed1195aabfcd298bcaf379e7f064ad8010cd8ca67a057b647baa8bf9ef6e77,1500,pre_fed,PPO-MADRL,deterministic,c0ebcc7b9ee72ae1e2bac680d3b7d9eac16b073b5f4e9f988cee283c4dd15ba3
2,7,6,130.0,28.65,0.16,8.34,4.17,-0.3506162166595459,-0.9393124580383301,92.83093068505431,-36.74531016301916,92.83093068505431,-0.18947368421052882,0.9,0.9,2.4290291400168758,10.977572139173091,-10.977572139173091,957.7733071491939,119.10680096398887,91.55295164070358,-62.736430400580275,0.0,0.0,10.977572139173091,91.55295164070358,0.0,120.25,30.15,0.0,0.9,8.13,0.0,0.0,0.0,inferred_20260921_seed0,0,11ed1195aabfcd298bcaf379e7f064ad8010cd8ca67a057b647baa8bf9ef6e77,1500,pre_fed,PPO-MADRL,deterministic,c0ebcc7b9ee72ae1e2bac680d3b7d9eac16b073b5f4e9f988cee283c4dd15ba3
3,7,6,146.72,28.65,0.16,8.34,4.17,0.24712812900543213,-0.7283644080162048,124.22171682890517,-31.103184578925607,124.22171682890517,-0.18947368421052882,0.9,0.9,3.0568448628938927,-3.0653982818007535,3.0653982818007535,976.3230066291857,126.80720528531852,25.565421670218285,-33.56704398988831,0.0,3.0653982818007535,0.0,-12.782710835109143,0.0,135.43,30.15,0.0,0.9,8.13,3.0653982818007535,0.0,0.0,inferred_20260921_seed0,0,11ed1195aabfcd298bcaf379e7f064ad8010cd8ca67a057b647baa8bf9ef6e77,1500,pre_fed,PPO-MADRL,deterministic,c0ebcc7b9ee72ae1e2bac680d3b7d9eac16b073b5f4e9f988cee283c4dd15ba3
1,8,7,291.0,23.38,1.77,9.35,4.68,1.7228446006774902,2.4804327487945557,193.82046460977384,49.30418936958702,193.82046460977384,-0.02105263157894797,0.1,0.1,4.378988239563898,76.42957626136902,-76.42957626136902,1475.9406748304498,1052.5389067811634,714.6165380438003,-372.14703375194244,0.0,0.0,76.42957626136902,714.6165380438003,0.0,274.6,28.65,0.16,0.1,8.34,0.0,0.0,0.0,inferred_20260921_seed0,0,11ed1195aabfcd298bcaf379e7f064ad8010cd8ca67a057b647baa8bf9ef6e77,1500,pre_fed,PPO-MADRL,deterministic,c0ebcc7b9ee72ae1e2bac680d3b7d9eac16b073b5f4e9f988cee283c4dd15ba3
2,8,7,157.95,23.38,1.77,9.35,4.68,-0.3453778326511383,-0.9358855485916138,93.48219799154337,-36.666307519161684,93.48219799154337,-0.18947368421052882,0.9,0.9,2.368854486146657,41.87613017881381,-41.87613017881381,962.3946867860752,119.10680096398887,391.5418171719091,-197.82384748236038,0.0,0.0,41.87613017881381,391.5418171719091,0.0,130.0,28.65,0.16,0.9,8.34,0.0,0.0,0.0,inferred_20260921_seed0,0,11ed1195aabfcd298bcaf379e7f064ad8010cd8ca67a057b647baa8bf9ef6e77,1500,pre_fed,PPO-MADRL,deterministic,c0ebcc7b9ee72ae1e2bac680d3b7d9eac16b073b5f4e9f988cee283c4dd15ba3
3,8,7,178.26,23.38,1.77,9.35,4.68,0.25788992643356323,-0.7411976456642151,125.23208528895513,-31.493410273236343,125.23208528895513,-0.18947368421052882,0.9,0.9,3.003852232094893,31.07124062735025,-31.07124062735025,984.5876297941205,126.80720528531852,290.5160998657248,-152.96014164116494,0.0,0.0,31.07124062735025,290.5160998657248,0.0,146.72,28.65,0.16,0.9,8.34,0.0,0.0,0.0,inferred_20260921_seed0,0,11ed1195aabfcd298bcaf379e7f064ad8010cd8ca67a057b647baa8bf9ef6e77,1500,pre_fed,PPO-MADRL,deterministic,c0ebcc7b9ee72ae1e2bac680d3b7d9eac16b073b5f4e9f988cee283c4dd15ba3
1,9,8,315.7,21.75,5.3,12.0,6.0,1.7496693134307861,2.517705202102661,194.13378906474725,49.35384940942142,194.13378906474725,-0.02105263157894797,0.1,0.1,4.423254728663366,98.96051829549504,-98.96051829549504,1478.7174907091041,1052.5389067811634,1187.5262195459404,-585.0119267454786,0.0,0.0,98.96051829549504,1187.5262195459404,0.0,291.0,23.38,1.77,0.1,9.35,0.0,0.0,0.0,inferred_20260921_seed0,0,11ed1195aabfcd298bcaf379e7f064ad8010cd8ca67a057b647baa8bf9ef6e77,1500,pre_fed,PPO-MADRL,deterministic,c0ebcc7b9ee72ae1e2bac680d3b7d9eac16b073b5f4e9f988cee283c4dd15ba3
2,9,8,165.1,21.75,5.3,12.0,6.0,-0.3281409442424774,-0.9252944588661194,95.6410917364165,-36.41962338509849,95.6410917364165,-0.18947368421052882,0.9,0.9,2.4500323610441193,45.04841430883815,-45.04841430883815,977.7602611197013,119.10680096398887,540.5809717060578,-265.1987785093998,0.0,0.0,45.04841430883815,540.5809717060578,0.0,157.95,23.38,1.77,0.9,9.35,0.0,0.0,0.0,inferred_20260921_seed0,0,11ed1195aabfcd298bcaf379e7f064ad8010cd8ca67a057b647baa8bf9ef6e77,1500,pre_fed,PPO-MADRL,deterministic,c0ebcc7b9ee72ae1e2bac680d3b7d9eac16b073b5f4e9f988cee283c4dd15ba3
3,9,8,186.33,21.75,5.3,12.0,6.0,0.2927663028240204,-0.7871790528297424,128.4678925549413,-32.84040034575851,128.4678925549413,-0.18947368421052882,0.9,0.9,3.106568377414616,34.108149506683844,-34.108149506683844,1011.1864502105344,126.80720528531852,409.29779408020613,-206.94388044600984,0.0,0.0,34.108149506683844,409.29779408020613,0.0,178.26,23.38,1.77,0.9,9.35,0.0,0.0,0.0,inferred_20260921_seed0,0,11ed1195aabfcd298bcaf379e7f064ad8010cd8ca67a057b647baa8bf9ef6e77,1500,pre_fed,PPO-MADRL,deterministic,c0ebcc7b9ee72ae1e2bac680d3b7d9eac16b073b5f4e9f988cee283c4dd15ba3
1,10,9,362.4,34.82,11.6,9.19,4.6,1.852315902709961,2.6616976261138916,195.1963587951791,49.514749189175014,195.1963587951791,-0.02105263157894797,0.1,0.1,4.831906123272002,125.63659995967186,-125.63659995967186,1488.1462820522843,1052.5389067811634,1154.6003536293842,-570.3838629098918,0.0,0.0,125.63659995967186,1154.6003536293842,0.0,315.7,21.75,5.3,0.1,12.0,0.0,0.0,0.0,inferred_20260921_seed0,0,11ed1195aabfcd298bcaf379e7f064ad8010cd8ca67a057b647baa8bf9ef6e77,1500,pre_fed,PPO-MADRL,deterministic,c0ebcc7b9ee72ae1e2bac680d3b7d9eac16b073b5f4e9f988cee283c4dd15ba3
2,10,9,169.0,34.82,11.6,9.19,4.6,-0.32631027698516846,-0.9370630979537964,95.87178851448135,-36.69349912031054,95.87178851448135,-0.18947368421052882,0.9,0.9,2.8420462966054165,29.739731466334604,-29.739731466334604,979.4063974927914,119.10680096398887,273.308132175615,-144.95892344816238,0.0,0.0,29.739731466334604,273.308132175615,0.0,165.1,21.75,5.3,0.9,12.0,0.0,0.0,0.0,inferred_20260921_seed0,0,11ed1195aabfcd298bcaf379e7f064ad8010cd8ca67a057b647baa8bf9ef6e77,1500,pre_fed,PPO-MADRL,deterministic,c0ebcc7b9ee72ae1e2bac680d3b7d9eac16b073b5f4e9f988cee283c4dd15ba3
3,10,9,190.73,34.82,11.6,9.19,4.6,0.31495288014411926,-0.8448205590248108,130.493618663431,-34.417695757799244,130.493618663431,-0.18947368421052882,0.9,0.9,3.5344828995844093,17.540337920363953,-17.540337920363953,1027.939477297365,126.80720528531852,161.1957054881447,-95.6330011213188,0.0,0.0,17.540337920363953,161.1957054881447,0.0,186.33,21.75,5.3,0.9,12.0,0.0,0.0,0.0,inferred_20260921_seed0,0,11ed1195aabfcd298bcaf379e7f064ad8010cd8ca67a057b647baa8bf9ef6e77,1500,pre_fed,PPO-MADRL,deterministic,c0ebcc7b9ee72ae1e2bac680d3b7d9eac16b073b5f4e9f988cee283c4dd15ba3
1,11,10,320.0,27.17,36.64,12.3,6.15,1.9133738279342651,2.750901937484741,195.73678668284228,49.59371678830845,195.73678668284228,-0.02105263157894797,0.1,0.1,5.190514681025267,65.66478062976194,-65.66478062976194,1492.9488260793462,1052.5389067811634,807.6768017460719,-414.36431544294254,0.0,0.0,65.66478062976194,807.6768017460719,0.0,362.4,34.82,11.6,0.1,9.19,0.0,0.0,0.0,inferred_20260921_seed0,0,11ed1195aabfcd298bcaf379e7f064ad8010cd8ca67a057b647baa8bf9ef6e77,1500,pre_fed,PPO-MADRL,deterministic,c0ebcc7b9ee72ae1e2bac680d3b7d9eac16b073b5f4e9f988cee283c4dd15ba3
2,11,10,173.55,27.17,36.64,12.3,6.15,-0.35782650113105774,-0.9662269949913025,91.93826284652619,-37.35207907430215,91.93826284652619,-0.18947368421052882,0.9,0.9,3.1111757832463134,21.102386620930673,-21.102386620930673,951.4494287000693,119.10680096398887,259.5593554374473,-138.21283454013246,0.0,0.0,21.102386620930673,259.5593554374473,0.0,169.0,34.82,11.6,0.9,9.19,0.0,0.0,0.0,inferred_20260921_seed0,0,11ed1195aabfcd298bcaf379e7f064ad8010cd8ca67a057b647baa8bf9ef6e77,1500,pre_fed,PPO-MADRL,deterministic,c0ebcc7b9ee72ae1e2bac680d3b7d9eac16b073b5f4e9f988cee283c4dd15ba3
3,11,10,195.87,27.17,36.64,12.3,6.15,0.30212244391441345,-0.8332798480987549,129.3253736225799,-34.1116600164434,129.3253736225799,-0.18947368421052882,0.9,0.9,3.8589179987673874,6.783018060398035,-6.783018060398035,1018.2684172420779,126.80720528531852,83.43112214289584,-60.44551741485107,0.0,0.0,6.783018060398035,83.43112214289584,0.0,190.73,34.82,11.6,0.9,9.19,0.0,0.0,0.0,inferred_20260921_seed0,0,11ed1195aabfcd298bcaf379e7f064ad8010cd8ca67a057b647baa8bf9ef6e77,1500,pre_fed,PPO-MADRL,deterministic,c0ebcc7b9ee72ae1e2bac680d3b7d9eac16b073b5f4e9f988cee283c4dd15ba3
1,12,11,350.0,30.2,42.68,20.7,10.35,2.0514557361602783,2.9335057735443115,196.7488250849172,49.71766717753026,196.7488250849172,-0.02105263157894797,0.1,0.1,5.392155449066766,85.78438299572849,-85.78438299572849,1501.9550908813187,1052.5389067811634,1775.7367280115798,-850.1714075584605,14.035735958431957,0.0,71.74864703729654,1630.466860841809,0.0,320.0,27.17,36.64,0.1,12.3,0.0,0.0,0.0,inferred_20260921_seed0,0,11ed1195aabfcd298bcaf379e7f064ad8010cd8ca67a057b647baa8bf9ef6e77,1500,pre_fed,PPO-MADRL,deterministic,c0ebcc7b9ee72ae1e2bac680d3b7d9eac16b073b5f4e9f988cee283c4dd15ba3
2,12,11,168.35,30.2,42.68,20.7,10.35,-0.3408440351486206,-0.9645150303840637,94.04770115815565,-37.31420234072829,94.04770115815565,-0.18947368421052882,0.9,0.9,3.3347645494789027,4.946537075533769,-4.946537075533769,966.4127152861406,119.10680096398887,102.39331746354901,-67.78738318359964,0.0,0.0,4.946537075533769,102.39331746354901,0.0,173.55,27.17,36.64,0.9,12.3,0.0,0.0,0.0,inferred_20260921_seed0,0,11ed1195aabfcd298bcaf379e7f064ad8010cd8ca67a057b647baa8bf9ef6e77,1500,pre_fed,PPO-MADRL,deterministic,c0ebcc7b9ee72ae1e2bac680d3b7d9eac16b073b5f4e9f988cee283c4dd15ba3
3,12,11,190.0,30.2,42.68,20.7,10.35,0.37125852704048157,-0.969907283782959,135.50920425403905,-37.43317703756157,135.50920425403905,-0.18947368421052882,0.9,0.9,4.1639946113965705,-14.035735958431957,14.035735958431957,1069.7545488728142,126.80720528531852,290.5397343395415,-154.67411553595633,0.0,14.035735958431957,0.0,-145.26986716977075,0.0,195.87,27.17,36.64,0.9,12.3,14.035735958431957,0.0,0.0,inferred_20260921_seed0,0,11ed1195aabfcd298bcaf379e7f064ad8010cd8ca67a057b647baa8bf9ef6e77,1500,pre_fed,PPO-MADRL,deterministic,c0ebcc7b9ee72ae1e2bac680d3b7d9eac16b073b5f4e9f988cee283c4dd15ba3
1,13,12,345.2,23.52,35.22,26.82,13.41,2.197418689727783,3.143519639968872,197.56191077492412,49.81431946306893,197.56191077492412,-0.02105263157894797,0.1,0.1,5.125617162866904,94.0447590195217,-94.0447590195217,1509.2028692037825,1052.5389067811634,2522.280436903572,-1186.2610321263064,1.5761973914323733,0.0,92.46856162808933,2501.143629884464,0.0,350.0,30.2,42.68,0.1,20.7,0.0,0.0,0.0,inferred_20260921_seed0,0,11ed1195aabfcd298bcaf379e7f064ad8010cd8ca67a057b647baa8bf9ef6e77,1500,pre_fed,PPO-MADRL,deterministic,c0ebcc7b9ee72ae1e2bac680d3b7d9eac16b073b5f4e9f988cee283c4dd15ba3
2,13,12,168.35,23.52,35.22,26.82,13.41,-0.35916227102279663,-1.020687222480774,91.77337031492219,-38.507314867966564,91.77337031492219,-0.18947368421052882,0.9,0.9,3.0064779326142332,21.03258130190258,-21.03258130190258,950.2826147808528,119.10680096398887,564.0938305170273,-275.2300120475591,0.0,0.0,21.03258130190258,564.0938305170273,0.0,168.35,30.2,42.68,0.9,20.7,0.0,0.0,0.0,inferred_20260921_seed0,0,11ed1195aabfcd298bcaf379e7f064ad8010cd8ca67a057b647baa8bf9ef6e77,1500,pre_fed,PPO-MADRL,deterministic,c0ebcc7b9ee72ae1e2bac680d3b7d9eac16b073b5f4e9f988cee283c4dd15ba3
3,13,12,190.0,23.52,35.22,26.82,13.41,0.3876747190952301,-1.07821786403656,136.93538938975377,-39.6268641759574,136.93538938975377,-0.18947368421052882,0.9,0.9,3.909718314110865,-1.5761973914323733,1.5761973914323733,1081.7319705940424,126.80720528531852,42.27361403821625,-43.193909834784534,0.0,1.5761973914323733,0.0,-21.136807019108126,0.0,190.0,30.2,42.68,0.9,20.7,1.5761973914323733,0.0,0.0,inferred_20260921_seed0,0,11ed1195aabfcd298bcaf379e7f064ad8010cd8ca67a057b647baa8bf9ef6e77,1500,pre_fed,PPO-MADRL,deterministic,c0ebcc7b9ee72ae1e2bac680d3b7d9eac16b073b5f4e9f988cee283c4dd15ba3
1,14,13,320.6,39.48,35.46,27.35,13.68,2.218886375427246,3.17499041557312,197.66317840775213,49.82562653022535,197.66317840775213,-0.02105263157894797,0.1,0.1,5.4516425155234645,53.4695167393503,-53.4695167393503,1510.1063104882064,1052.5389067811634,1462.3912828212308,-709.3289816149412,20.818273211985996,0.0,32.6512435273643,1177.805488013382,0.0,345.2,23.52,35.22,0.1,26.82,0.0,0.0,0.0,inferred_20260921_seed0,0,11ed1195aabfcd298bcaf379e7f064ad8010cd8ca67a057b647baa8bf9ef6e77,1500,pre_fed,PPO-MADRL,deterministic,c0ebcc7b9ee72ae1e2bac680d3b7d9eac16b073b5f4e9f988cee283c4dd15ba3
2,14,13,165.75,39.48,35.46,27.35,13.68,-0.34757012128829956,-1.027136206626892,93.20936180715806,-38.637861097543485,93.20936180715806,-0.18947368421052882,0.9,0.9,3.359197762458951,1.149309639511415,-1.149309639511415,960.4578620412403,119.10680096398887,31.433618640637203,-35.73642164839133,0.0,0.0,1.149309639511415,31.433618640637203,0.0,168.35,23.52,35.22,0.9,26.82,0.0,0.0,0.0,inferred_20260921_seed0,0,11ed1195aabfcd298bcaf379e7f064ad8010cd8ca67a057b647baa8bf9ef6e77,1500,pre_fed,PPO-MADRL,deterministic,c0ebcc7b9ee72ae1e2bac680d3b7d9eac16b073b5f4e9f988cee283c4dd15ba3
3,14,13,187.07,39.48,35.46,27.35,13.68,0.3928372859954834,-1.1136603355407715,137.3803647168493,-40.26762288216631,137.3803647168493,-0.18947368421052882,0.9,0.9,4.242617820652775,-20.818273211985996,20.818273211985996,1085.4768827973726,126.80720528531852,569.379772347817,-280.4665793181715,0.0,20.818273211985996,0.0,-284.7939775399684,0.0,190.0,23.52,35.22,0.9,26.82,20.818273211985996,0.0,0.0,inferred_20260921_seed0,0,11ed1195aabfcd298bcaf379e7f064ad8010cd8ca67a057b647baa8bf9ef6e77,1500,pre_fed,PPO-MADRL,deterministic,c0ebcc7b9ee72ae1e2bac680d3b7d9eac16b073b5f4e9f988cee283c4dd15ba3
1,15,14,333.2,35.74,34.83,13.81,6.91,2.244772434234619,3.2127952575683594,197.7797733453142,49.83830421760825,197.7797733453142,-0.02105263157894797,0.1,0.1,5.366574414274705,70.2378537005394,-70.2378537005394,1511.1466973658403,1052.5389067811634,969.9847596044492,-487.7668539049422,9.60085078149811,0.0,60.637002919041294,903.7388892121123,0.0,320.6,39.48,35.46,0.1,27.35,0.0,0.0,0.0,inferred_20260921_seed0,0,11ed1195aabfcd298bcaf379e7f064ad8010cd8ca67a057b647baa8bf9ef6e77,1500,pre_fed,PPO-MADRL,deterministic,c0ebcc7b9ee72ae1e2bac680d3b7d9eac16b073b5f4e9f988cee283c4dd15ba3
2,15,14,170.3,35.74,34.83,13.81,6.91,-0.3879477083683014,-1.0778688192367554,88.25745353983602,-39.620372160093744,88.25745353983602,-0.18947368421052882,0.9,0.9,3.17275959711251,14.834779741487012,-14.834779741487012,925.5016097068245,119.10680096398887,204.86830822993565,-113.08290691688731,0.0,0.0,14.834779741487012,204.86830822993565,0.0,165.75,39.48,35.46,0.9,27.35,0.0,0.0,0.0,inferred_20260921_seed0,0,11ed1195aabfcd298bcaf379e7f064ad8010cd8ca67a057b647baa8bf9ef6e77,1500,pre_fed,PPO-MADRL,deterministic,c0ebcc7b9ee72ae1e2bac680d3b7d9eac16b073b5f4e9f988cee283c4dd15ba3
3,15,14,192.2,35.74,34.83,13.81,6.91,0.37159618735313416,-1.1171411275863647,135.53870917553513,-40.32861047893439,135.53870917553513,-0.18947368421052882,0.9,0.9,4.118384709826492,-9.60085078149811,9.60085078149811,1070.001946317077,126.80720528531852,132.5877492924889,-83.60067021366791,0.0,9.60085078149811,0.0,-66.34187890015194,0.0,187.07,39.48,35.46,0.9,27.35,9.60085078149811,0.0,0.0,inferred_20260921_seed0,0,11ed1195aabfcd298bcaf379e7f064ad8010cd8ca67a057b647baa8bf9ef6e77,1500,pre_fed,PPO-MADRL,deterministic,c0ebcc7b9ee72ae1e2bac680d3b7d9eac16b073b5f4e9f988cee283c4dd15ba3
1,16,15,316.8,18.06,23.62,17.31,8.66,2.0970563888549805,3.00114369392395,197.02800601361585,49.7533012290934,197.02800601361585,-0.02105263157894797,0.1,0.1,4.773739067640738,82.88678568560385,-82.88678568560385,1504.4424791428642,1052.5389067811634,1434.7702602178026,-696.7862448164918,0.0,0.0,82.88678568560385,1434.7702602178026,0.0,333.2,35.74,34.83,0.1,13.81,0.0,0.0,0.0,inferred_20260921_seed0,0,11ed1195aabfcd298bcaf379e7f064ad8010cd8ca67a057b647baa8bf9ef6e77,1500,pre_fed,PPO-MADRL,deterministic,c0ebcc7b9ee72ae1e2bac680d3b7d9eac16b073b5f4e9f988cee283c4dd15ba3
2,16,15,172.25,18.06,23.62,17.31,8.66,-0.36604005098342896,-1.0010762214660645,90.92676024302658,-38.102288550973846,90.92676024302658,-0.18947368421052882,0.9,0.9,2.6483457311763208,42.48105917236029,-42.48105917236029,944.2983337154166,119.10680096398887,735.3471342735565,-352.17431311668855,0.0,0.0,42.48105917236029,735.3471342735565,0.0,170.3,35.74,34.83,0.9,13.81,0.0,0.0,0.0,inferred_20260921_seed0,0,11ed1195aabfcd298bcaf379e7f064ad8010cd8ca67a057b647baa8bf9ef6e77,1500,pre_fed,PPO-MADRL,deterministic,c0ebcc7b9ee72ae1e2bac680d3b7d9eac16b073b5f4e9f988cee283c4dd15ba3
3,16,15,194.4,18.06,23.62,17.31,8.66,0.3565763831138611,-0.9795849919319153,134.21948625136903,-37.64430975747764,134.21948625136903,-0.18947368421052882,0.9,0.9,3.5142002513431705,22.20418768418466,-22.20418768418466,1058.9564847714778,126.80720528531852,384.35448881323646,-196.67479376709235,0.0,0.0,22.20418768418466,384.35448881323646,0.0,192.2,35.74,34.83,0.9,13.81,0.0,0.0,0.0,inferred_20260921_seed0,0,11ed1195aabfcd298bcaf379e7f064ad8010cd8ca67a057b647baa8bf9ef6e77,1500,pre_fed,PPO-MADRL,deterministic,c0ebcc7b9ee72ae1e2bac680d3b7d9eac16b073b5f4e9f988cee283c4dd15ba3
1,17,16,291.3,24.27,14.18,16.42,8.21,2.0437304973602295,2.9247684478759766,196.69903832846444,49.71270444941824,196.69903832846444,-0.02105263157894797,0.1,0.1,4.70255971393771,60.874574017052225,-60.874574017052225,1501.5116438414927,1052.5389067811634,999.5605053599976,-500.88323842445203,0.0,0.0,60.874574017052225,999.5605053599976,0.0,316.8,18.06,23.62,0.1,17.31,0.0,0.0,0.0,inferred_20260921_seed0,0,11ed1195aabfcd298bcaf379e7f064ad8010cd8ca67a057b647baa8bf9ef6e77,1500,pre_fed,PPO-MADRL,deterministic,c0ebcc7b9ee72ae1e2bac680d3b7d9eac16b073b5f4e9f988cee283c4dd15ba3
2,17,16,165.75,24.27,14.18,16.42,8.21,-0.3224722146987915,-0.959894061088562,96.3563163404227,-37.21148046891775,96.3563163404227,-0.18947368421052882,0.9,0.9,2.6923368531242433,33.825494196912075,-33.825494196912075,982.8663785236874,119.10680096398887,555.4146147132964,-271.9760402107369,0.0,0.0,33.825494196912075,555.4146147132964,0.0,172.25,18.06,23.62,0.9,17.31,0.0,0.0,0.0,inferred_20260921_seed0,0,11ed1195aabfcd298bcaf379e7f064ad8010cd8ca67a057b647baa8bf9ef6e77,1500,pre_fed,PPO-MADRL,deterministic,c0ebcc7b9ee72ae1e2bac680d3b7d9eac16b073b5f4e9f988cee283c4dd15ba3
3,17,16,187.07,24.27,14.18,16.42,8.21,0.37089794874191284,-0.9843313694000244,135.47768893507407,-37.74674056099594,135.47768893507407,-0.18947368421052882,0.9,0.9,3.4747643050172714,16.80654905415369,-16.80654905415369,1069.4903126050729,126.80720528531852,275.96353546920363,-148.10954131894945,0.0,0.0,16.80654905415369,275.96353546920363,0.0,194.4,18.06,23.62,0.9,17.31,0.0,0.0,0.0,inferred_20260921_seed0,0,11ed1195aabfcd298bcaf379e7f064ad8010cd8ca67a057b647baa8bf9ef6e77,1500,pre_fed,PPO-MADRL,deterministic,c0ebcc7b9ee72ae1e2bac680d3b7d9eac16b073b5f4e9f988cee283c4dd15ba3
1,18,17,413.8,26.26,4.67,9.83,4.92,1.9910151958465576,2.8520264625549316,196.33872673491751,49.66786362649248,196.33872673491751,-0.02105263157894797,0.1,0.1,4.544953482066771,191.09727937872825,-191.09727937872825,1498.303571412426,1052.5389067811634,1878.4862562928986,-896.3356648956761,0.0,0.0,191.09727937872825,1878.4862562928986,0.0,291.3,24.27,14.18,0.1,16.42,0.0,0.0,0.0,inferred_20260921_seed0,0,11ed1195aabfcd298bcaf379e7f064ad8010cd8ca67a057b647baa8bf9ef6e77,1500,pre_fed,PPO-MADRL,deterministic,c0ebcc7b9ee72ae1e2bac680d3b7d9eac16b073b5f4e9f988cee283c4dd15ba3
2,18,17,164.25,26.26,4.67,9.83,4.92,-0.33900269865989685,-0.973655641078949,94.27785431085258,-37.515316842952835,94.27785431085258,-0.18947368421052882,0.9,0.9,2.500367612532841,41.731986985890785,-41.731986985890785,968.049397467926,119.10680096398887,410.22543207130644,-206.3445684007262,0.0,0.0,41.731986985890785,410.22543207130644,0.0,165.75,24.27,14.18,0.9,16.42,0.0,0.0,0.0,inferred_20260921_seed0,0,11ed1195aabfcd298bcaf379e7f064ad8010cd8ca67a057b647baa8bf9ef6e77,1500,pre_fed,PPO-MADRL,deterministic,c0ebcc7b9ee72ae1e2bac680d3b7d9eac16b073b5f4e9f988cee283c4dd15ba3
3,18,17,185.6,26.26,4.67,9.83,4.92,0.3393231928348541,-0.9362100958824158,132.68730355640062,-36.673806553588456,132.68730355640062,-0.18947368421052882,0.9,0.9,3.2685565974438013,25.44072672525371,-25.44072672525371,1046.1694786508374,126.80720528531852,250.082343709244,-135.99658834788292,0.0,0.0,25.44072672525371,250.082343709244,0.0,187.07,24.27,14.18,0.9,16.42,0.0,0.0,0.0,inferred_20260921_seed0,0,11ed1195aabfcd298bcaf379e7f064ad8010cd8ca67a057b647baa8bf9ef6e77,1500,pre_fed,PPO-MADRL,deterministic,c0ebcc7b9ee72ae1e2bac680d3b7d9eac16b073b5f4e9f988cee283c4dd15ba3
1,19,18,539.8,26.77,0.18,8.63,4.32,1.8801755905151367,2.709613084793091,195.45077283214377,49.55889695616295,195.45077283214377,-0.02105263157894797,0.1,0.1,4.447594404011297,321.8678742034464,-321.8678742034464,1490.4065578653888,1052.5389067811634,2777.7197543757425,-1300.832798762015,0.0,0.0,321.8678742034464,2777.7197543757425,0.0,413.8,26.26,4.67,0.1,9.83,0.0,0.0,0.0,inferred_20260921_seed0,0,11ed1195aabfcd298bcaf379e7f064ad8010cd8ca67a057b647baa8bf9ef6e77,1500,pre_fed,PPO-MADRL,deterministic,c0ebcc7b9ee72ae1e2bac680d3b7d9eac16b073b5f4e9f988cee283c4dd15ba3
2,19,18,162.5,26.77,0.18,8.63,4.32,-0.33598002791404724,-0.9393097758293152,94.65626534991148,-36.74524848377496,94.65626534991148,-0.18947368421052882,0.9,0.9,2.4283358333140193,43.51154416761307,-43.51154416761307,970.7421323194428,119.10680096398887,375.5046261665008,-190.774060440594,0.0,0.0,43.51154416761307,375.5046261665008,0.0,164.25,26.26,4.67,0.9,9.83,0.0,0.0,0.0,inferred_20260921_seed0,0,11ed1195aabfcd298bcaf379e7f064ad8010cd8ca67a057b647baa8bf9ef6e77,1500,pre_fed,PPO-MADRL,deterministic,c0ebcc7b9ee72ae1e2bac680d3b7d9eac16b073b5f4e9f988cee283c4dd15ba3
3,19,18,183.4,26.77,0.18,8.63,4.32,0.3001782298088074,-0.8113375902175903,129.1475708667551,-33.51637395244543,129.1475708667551,-0.18947368421052882,0.9,0.9,3.118161943650892,30.610064761106315,-30.610064761106315,1016.7987898132906,126.80720528531852,264.1648588883475,-141.74630640172856,0.0,0.0,30.610064761106315,264.1648588883475,0.0,185.6,26.26,4.67,0.9,9.83,0.0,0.0,0.0,inferred_20260921_seed0,0,11ed1195aabfcd298bcaf379e7f064ad8010cd8ca67a057b647baa8bf9ef6e77,1500,pre_fed,PPO-MADRL,deterministic,c0ebcc7b9ee72ae1e2bac680d3b7d9eac16b073b5f4e9f988cee283c4dd15ba3
1,20,19,557.2,26.22,0.0,8.87,4.44,1.8990235328674316,2.7463841438293457,195.61537847489282,49.59004426365923,195.61537847489282,-0.02105263157894797,0.1,0.1,4.436286516866278,339.82196067355244,-339.82196067355244,1491.8695128729792,1052.5389067811634,3014.22079117441,-1407.2875244215675,0.0,0.0,339.82196067355244,3014.22079117441,0.0,539.8,26.77,0.18,0.1,8.63,0.0,0.0,0.0,inferred_20260921_seed0,0,11ed1195aabfcd298bcaf379e7f064ad8010cd8ca67a057b647baa8bf9ef6e77,1500,pre_fed,PPO-MADRL,deterministic,c0ebcc7b9ee72ae1e2bac680d3b7d9eac16b073b5f4e9f988cee283c4dd15ba3
2,20,19,165.75,26.22,0.0,8.87,4.44,-0.33569788932800293,-0.9319310188293457,94.69162446610314,-36.57464652397612,94.69162446610314,-0.18947368421052882,0.9,0.9,2.4144430156378522,47.44229223374525,-47.44229223374525,970.9938554220901,119.10680096398887,420.8131321133203,-211.16792257871572,0.0,0.0,47.44229223374525,420.8131321133203,0.0,162.5,26.77,0.18,0.9,8.63,0.0,0.0,0.0,inferred_20260921_seed0,0,11ed1195aabfcd298bcaf379e7f064ad8010cd8ca67a057b647baa8bf9ef6e77,1500,pre_fed,PPO-MADRL,deterministic,c0ebcc7b9ee72ae1e2bac680d3b7d9eac16b073b5f4e9f988cee283c4dd15ba3
3,20,19,187.07,26.22,0.0,8.87,4.44,0.2849203944206238,-0.7734826803207397,127.74528743865727,-32.44750033880549,127.74528743865727,-0.18947368421052882,0.9,0.9,3.075516275088935,36.36970252064219,-36.36970252064219,1005.2292754150578,126.80720528531852,322.5992613580962,-167.81039722515084,0.0,0.0,36.36970252064219,322.5992613580962,0.0,183.4,26.77,0.18,0.9,8.63,0.0,0.0,0.0,inferred_20260921_seed0,0,11ed1195aabfcd298bcaf379e7f064ad8010cd8ca67a057b647baa8bf9ef6e77,1500,pre_fed,PPO-MADRL,deterministic,c0ebcc7b9ee72ae1e2bac680d3b7d9eac16b073b5f4e9f988cee283c4dd15ba3
1,21,20,557.1,32.84,0.0,8.35,4.18,1.9101940393447876,2.7629523277282715,195.7101714417653,49.60335310436593,195.7101714417653,-0.02105263157894797,0.1,0.1,4.570582376203728,333.14146356601736,-333.14146356601736,1492.7121974135953,1052.5389067811634,2781.7312207762448,-1302.6840714332052,0.0,0.0,333.14146356601736,2781.7312207762448,0.0,557.2,26.22,0.0,0.1,8.87,0.0,0.0,0.0,inferred_20260921_seed0,0,11ed1195aabfcd298bcaf379e7f064ad8010cd8ca67a057b647baa8bf9ef6e77,1500,pre_fed,PPO-MADRL,deterministic,c0ebcc7b9ee72ae1e2bac680d3b7d9eac16b073b5f4e9f988cee283c4dd15ba3
2,21,20,169.0,32.84,0.0,8.35,4.18,-0.33400315046310425,-0.9315087795257568,94.90415396412975,-36.56482815742568,94.90415396412975,-0.18947368421052882,0.9,0.9,2.5510936055983846,43.99641332567916,-43.99641332567916,972.507262657576,119.10680096398887,367.37005126942097,-187.14880434367072,0.0,0.0,43.99641332567916,367.37005126942097,0.0,165.75,26.22,0.0,0.9,8.87,0.0,0.0,0.0,inferred_20260921_seed0,0,11ed1195aabfcd298bcaf379e7f064ad8010cd8ca67a057b647baa8bf9ef6e77,1500,pre_fed,PPO-MADRL,deterministic,c0ebcc7b9ee72ae1e2bac680d3b7d9eac16b073b5f4e9f988cee283c4dd15ba3
3,21,20,190.73,32.84,0.0,8.35,4.18,0.28840890526771545,-0.7789870500564575,128.06697127098633,-32.606245730897335,128.06697127098633,-0.18947368421052882,0.9,0.9,3.214349951735516,33.22685236495971,-33.22685236495971,1007.880019824405,126.80720528531852,277.4442172474136,-147.5436422635306,0.0,0.0,33.22685236495971,277.4442172474136,0.0,187.07,26.22,0.0,0.9,8.87,0.0,0.0,0.0,inferred_20260921_seed0,0,11ed1195aabfcd298bcaf379e7f064ad8010cd8ca67a057b647baa8bf9ef6e77,1500,pre_fed,PPO-MADRL,deterministic,c0ebcc7b9ee72ae1e2bac680d3b7d9eac16b073b5f4e9f988cee283c4dd15ba3
1,22,21,535.0,36.02,0.0,16.44,8.22,1.9250164031982422,2.784311294555664,195.83286495863481,49.61987718242174,195.83286495863481,-0.02105263157894797,0.1,0.1,4.6366362465411175,307.8048239194852,-307.8048239194852,1493.803126646437,1052.5389067811634,5060.311305236337,-2328.0669280249035,0.0,0.0,307.8048239194852,5060.311305236337,0.0,557.1,32.84,0.0,0.1,8.35,0.0,0.0,0.0,inferred_20260921_seed0,0,11ed1195aabfcd298bcaf379e7f064ad8010cd8ca67a057b647baa8bf9ef6e77,1500,pre_fed,PPO-MADRL,deterministic,c0ebcc7b9ee72ae1e2bac680d3b7d9eac16b073b5f4e9f988cee283c4dd15ba3
2,22,21,161.2,36.02,0.0,16.44,8.22,-0.3507018983364105,-0.9504538774490356,92.82029723564851,-36.99942310791665,92.82029723564851,-0.18947368421052882,0.9,0.9,2.5730164710287595,35.12219291959077,-35.12219291959077,957.697905898231,119.10680096398887,577.4088515980724,-281.37007735637695,0.0,0.0,35.12219291959077,577.4088515980724,0.0,169.0,32.84,0.0,0.9,8.35,0.0,0.0,0.0,inferred_20260921_seed0,0,11ed1195aabfcd298bcaf379e7f064ad8010cd8ca67a057b647baa8bf9ef6e77,1500,pre_fed,PPO-MADRL,deterministic,c0ebcc7b9ee72ae1e2bac680d3b7d9eac16b073b5f4e9f988cee283c4dd15ba3
3,22,21,181.93,36.02,0.0,16.44,8.22,0.27839693427085876,-0.773362934589386,127.14207585568478,-32.444034245490066,127.14207585568478,-0.18947368421052882,0.9,0.9,3.259452043429485,22.216849871955247,-22.216849871955247,1000.2639815240092,126.80720528531852,365.2450118949443,-186.9016790889115,0.0,0.0,22.216849871955247,365.2450118949443,0.0,190.73,32.84,0.0,0.9,8.35,0.0,0.0,0.0,inferred_20260921_seed0,0,11ed1195aabfcd298bcaf379e7f064ad8010cd8ca67a057b647baa8bf9ef6e77,1500,pre_fed,PPO-MADRL,deterministic,c0ebcc7b9ee72ae1e2bac680d3b7d9eac16b073b5f4e9f988cee283c4dd15ba3
1,23,22,437.8,37.23,0.0,16.19,8.1,2.0701100826263428,2.9845335483551025,196.86602164023782,49.74498942739985,196.86602164023782,-0.02105263157894797,0.1,0.1,4.681499380173177,208.40653037151432,-208.40653037151432,1502.9991106414423,1052.5389067811634,3374.1017267148172,-1569.4565373701198,0.6399107137250439,0.0,207.76661965778928,3368.9248490407817,0.0,535.0,36.02,0.0,0.1,16.44,0.0,0.0,0.0,inferred_20260921_seed0,0,11ed1195aabfcd298bcaf379e7f064ad8010cd8ca67a057b647baa8bf9ef6e77,1500,pre_fed,PPO-MADRL,deterministic,c0ebcc7b9ee72ae1e2bac680d3b7d9eac16b073b5f4e9f988cee283c4dd15ba3
2,23,22,148.0,37.23,0.0,16.19,8.1,-0.36921924352645874,-1.0057438611984253,90.53679543425334,-38.199794873565665,90.53679543425334,-0.18947368421052882,0.9,0.9,2.5515464350008563,22.974224684958045,-22.974224684958045,941.545524155588,119.10680096398887,371.9526976494708,-188.5917604446534,0.0,0.0,22.974224684958045,371.9526976494708,0.0,161.2,36.02,0.0,0.9,16.44,0.0,0.0,0.0,inferred_20260921_seed0,0,11ed1195aabfcd298bcaf379e7f064ad8010cd8ca67a057b647baa8bf9ef6e77,1500,pre_fed,PPO-MADRL,deterministic,c0ebcc7b9ee72ae1e2bac680d3b7d9eac16b073b5f4e9f988cee283c4dd15ba3
3,23,22,161.39,37.23,0.0,16.19,8.1,0.29089805483818054,-0.8777690529823303,128.29611726964424,-35.264995833711524,128.29611726964424,-0.18947368421052882,0.9,0.9,3.3067328717086744,-0.6399107137250439,0.6399107137250439,1009.7694315480629,126.80720528531852,10.360154455208463,-27.393602241511438,0.0,0.6399107137250439,0.0,-5.1832767811728555,0.0,181.93,36.02,0.0,0.9,16.44,0.6399107137250439,0.0,0.0,inferred_20260921_seed0,0,11ed1195aabfcd298bcaf379e7f064ad8010cd8ca67a057b647baa8bf9ef6e77,1500,pre_fed,PPO-MADRL,deterministic,c0ebcc7b9ee72ae1e2bac680d3b7d9eac16b073b5f4e9f988cee283c4dd15ba3
1,24,23,447.3,44.12,0.0,8.87,4.44,2.029409170150757,2.9223241806030273,196.6047512287411,49.71130062130955,196.6047512287411,-0.02105263157894797,0.1,0.1,4.814073971943243,211.4103753747811,-211.4103753747811,1500.671945494692,1052.5389067811634,1875.2100295743082,-894.9087303539559,44.0824304581424,0.0,167.3279449166387,1679.9248626447375,0.0,437.8,37.23,0.0,0.1,16.19,0.0,0.0,0.0,inferred_20260921_seed0,0,11ed1195aabfcd298bcaf379e7f064ad8010cd8ca67a057b647baa8bf9ef6e77,1500,pre_fed,PPO-MADRL,deterministic,c0ebcc7b9ee72ae1e2bac680d3b7d9eac16b073b5f4e9f988cee283c4dd15ba3
2,24,23,119.6,44.12,0.0,8.87,4.44,-0.37393712997436523,-1.0078428983688354,89.95970627139306,-38.24341739041347,89.95970627139306,-0.18947368421052882,0.9,0.9,2.6778046517436507,-11.612427935438888,11.612427935438888,937.476022140021,119.10680096398887,103.00223578734293,-67.48266256638452,0.0,11.612427935438888,0.0,-51.55918003334867,0.0,148.0,37.23,0.0,0.9,16.19,11.612427935438888,0.0,0.0,inferred_20260921_seed0,0,11ed1195aabfcd298bcaf379e7f064ad8010cd8ca67a057b647baa8bf9ef6e77,1500,pre_fed,PPO-MADRL,deterministic,c0ebcc7b9ee72ae1e2bac680d3b7d9eac16b073b5f4e9f988cee283c4dd15ba3
3,24,23,134.98,44.12,0.0,8.87,4.44,0.27618250250816345,-0.8598741292953491,126.9368231971733,-34.80964076186703,126.9368231971733,-0.18947368421052882,0.9,0.9,3.4173469902592553,-32.47000252270351,32.47000252270351,998.5760350677859,126.80720528531852,288.0089223763801,-152.11167987643316,0.0,32.47000252270351,0.0,-144.1668112008036,0.0,161.39,37.23,0.0,0.9,16.19,32.47000252270351,0.0,0.0,inferred_20260921_seed0,0,11ed1195aabfcd298bcaf379e7f064ad8010cd8ca67a057b647baa8bf9ef6e77,1500,pre_fed,PPO-MADRL,deterministic,c0ebcc7b9ee72ae1e2bac680d3b7d9eac16b073b5f4e9f988cee283c4dd15ba3
1,1,0,457.7,51.48,0.0,8.65,4.33,0.3485572636127472,0.4067997932434082,133.5095431064668,19.287602347573525,133.5095431064668,19.287602347573525,0.5,0.29597260686764715,4.0855429090808055,257.5083974550405,-257.5083974550405,971.0554511830198,684.3726419393058,2227.4476379861003,-1035.4599989561916,42.05477906930683,0.0,215.45361838573365,2045.7709924066949,0.0,447.3,44.12,0.0,0.5,8.87,0.0,0.0,0.0,inferred_20260921_seed0,0,11ed1195aabfcd298bcaf379e7f064ad8010cd8ca67a057b647baa8bf9ef6e77,1500,pre_fed,A2C-MADRL,deterministic,9160163a531b1c58c2933fa3f809b9158e8f534c4f42091fa110e702ee1001ab
2,1,0,110.5,51.48,0.0,8.65,4.33,-0.3999333083629608,-0.3857080638408661,86.81513443988734,-18.38271509478634,86.81513443988734,-18.38271509478634,0.5,0.6736357934004702,2.39824838690202,-7.014170958198974,7.014170958198974,915.3901571339595,403.5714131510266,60.672578788421134,-53.68189186048923,0.0,7.014170958198974,0.0,-30.371360249001558,0.0,119.6,44.12,0.0,0.5,8.87,7.014170958198974,0.0,0.0,inferred_20260921_seed0,0,11ed1195aabfcd298bcaf379e7f064ad8010cd8ca67a057b647baa8bf9ef6e77,1500,pre_fed,A2C-MADRL,deterministic,9160163a531b1c58c2933fa3f809b9158e8f534c4f42091fa110e702ee1001ab
3,1,0,124.71,51.48,0.0,8.65,4.33,0.3312719762325287,-0.43406152725219727,131.96632406829943,-20.435499465128157,131.96632406829943,-20.435499465128157,0.5,0.6931372449187174,3.2602164920634253,-35.04060811110786,35.04060811110786,1040.167894373764,402.70725870229086,303.10126016108296,-165.25307013400842,0.0,35.04060811110786,0.0,-151.72583312109703,0.0,134.98,44.12,0.0,0.5,8.87,35.04060811110786,0.0,0.0,inferred_20260921_seed0,0,11ed1195aabfcd298bcaf379e7f064ad8010cd8ca67a057b647baa8bf9ef6e77,1500,pre_fed,A2C-MADRL,deterministic,9160163a531b1c58c2933fa3f809b9158e8f534c4f42091fa110e702ee1001ab
1,2,1,336.5,38.37,0.0,8.11,4.06,0.3232748210430145,0.37441009283065796,131.2465023451711,17.892156921059453,131.2465023451711,17.892156921059453,0.29597260686764715,0.10704216774802286,3.750173185324611,152.74151391909405,-152.74151391909405,953.2577128748908,943.5146266773381,1238.7336778838526,-595.3656018387783,23.03481437395861,0.0,129.70669954513545,1145.4426796693203,0.0,457.7,51.48,0.0,0.29597260686764715,8.65,0.0,0.0,0.0,inferred_20260921_seed0,0,11ed1195aabfcd298bcaf379e7f064ad8010cd8ca67a057b647baa8bf9ef6e77,1500,pre_fed,A2C-MADRL,deterministic,9160163a531b1c58c2933fa3f809b9158e8f534c4f42091fa110e702ee1001ab
2,2,1,109.85,38.37,0.0,8.11,4.06,-0.44364243745803833,-0.42975038290023804,81.66772643672951,-20.255633946090253,81.66772643672951,-20.255633946090253,0.6736357934004702,0.8647170443015266,1.9956418498127853,12.063549359173521,-12.063549359173521,879.5617794748417,207.28755195780653,97.83538530289725,-65.76291001495673,0.0,0.0,12.063549359173521,97.83538530289725,0.0,110.5,51.48,0.0,0.6736357934004702,8.65,0.0,0.0,0.0,inferred_20260921_seed0,0,11ed1195aabfcd298bcaf379e7f064ad8010cd8ca67a057b647baa8bf9ef6e77,1500,pre_fed,A2C-MADRL,deterministic,9160163a531b1c58c2933fa3f809b9158e8f534c4f42091fa110e702ee1001ab
3,2,1,123.98,38.37,0.0,8.11,4.06,0.34919413924217224,-0.47103697061538696,133.56606718929157,-21.95183934570143,133.56606718929157,-21.92095048117053,0.6931372449187174,0.9,3.000302334162421,-23.03481437395861,23.03481437395861,1053.4978462617203,186.4376473766512,186.8123445728043,-108.86426493052937,0.0,23.03481437395861,0.0,-93.52134635827196,0.0,124.71,51.48,0.0,0.6931372449187174,8.65,23.03481437395861,0.0,0.0,inferred_20260921_seed0,0,11ed1195aabfcd298bcaf379e7f064ad8010cd8ca67a057b647baa8bf9ef6e77,1500,pre_fed,A2C-MADRL,deterministic,9160163a531b1c58c2933fa3f809b9158e8f534c4f42091fa110e702ee1001ab
1,3,2,274.9,43.56,0.0,8.25,4.13,0.25755101442337036,0.29405584931373596,125.20034908610302,14.293176448155545,125.20034908610302,0.6486679241900463,0.10704216774802286,0.1,3.3881803402058615,108.87916332991276,-108.87916332991276,906.1145288038938,1048.8025894728553,898.2530974717803,-443.3122362278361,53.2152217392006,0.0,55.663941590712156,679.0063839062738,0.0,336.5,38.37,0.0,0.10704216774802286,8.11,0.0,0.0,0.0,inferred_20260921_seed0,0,11ed1195aabfcd298bcaf379e7f064ad8010cd8ca67a057b647baa8bf9ef6e77,1500,pre_fed,A2C-MADRL,deterministic,9160163a531b1c58c2933fa3f809b9158e8f534c4f42091fa110e702ee1001ab
2,3,2,112.45,43.56,0.0,8.25,4.13,-0.44846540689468384,-0.4413849711418152,81.11085477823568,-20.739589217436038,81.11085477823568,-3.896041030218573,0.8647170443015266,0.9,2.415496274960342,-5.90931747305676,5.90931747305676,875.7098329380844,128.8578338602497,48.75186915271827,-42.0296944546899,0.0,5.90931747305676,0.0,-24.405481163724417,0.0,109.85,38.37,0.0,0.8647170443015266,8.11,5.90931747305676,0.0,0.0,inferred_20260921_seed0,0,11ed1195aabfcd298bcaf379e7f064ad8010cd8ca67a057b647baa8bf9ef6e77,1500,pre_fed,A2C-MADRL,deterministic,9160163a531b1c58c2933fa3f809b9158e8f534c4f42091fa110e702ee1001ab
3,3,2,126.91,43.56,0.0,8.25,4.13,0.3586314916610718,-0.49288293719291687,134.40080456803076,-22.825079250700618,134.40080456803076,-0.18947368421052882,0.9,0.9,3.555426617676405,-47.30590426614384,47.30590426614384,1060.4726490913317,126.80720528531852,390.2737101956867,-199.36876667559204,0.0,47.30590426614384,0.0,-195.37338461917406,0.0,123.98,38.37,0.0,0.9,8.11,47.30590426614384,0.0,0.0,inferred_20260921_seed0,0,11ed1195aabfcd298bcaf379e7f064ad8010cd8ca67a057b647baa8bf9ef6e77,1500,pre_fed,A2C-MADRL,deterministic,9160163a531b1c58c2933fa3f809b9158e8f534c4f42091fa110e702ee1001ab
1,4,3,272.6,40.75,0.0,8.1,4.05,0.2497088611125946,0.281821072101593,124.46449680183429,13.729484263389358,124.46449680183429,-0.02105263157894797,0.1,0.1,3.303868883405107,110.71042471314979,-110.71042471314979,900.417350515976,1052.5389067811634,896.7544401765133,-442.5986232253738,54.10502175570495,0.0,56.60540295744484,677.6291020659082,0.0,274.9,43.56,0.0,0.1,8.25,0.0,0.0,0.0,inferred_20260921_seed0,0,11ed1195aabfcd298bcaf379e7f064ad8010cd8ca67a057b647baa8bf9ef6e77,1500,pre_fed,A2C-MADRL,deterministic,9160163a531b1c58c2933fa3f809b9158e8f534c4f42091fa110e702ee1001ab
2,4,3,110.5,40.75,0.0,8.1,4.05,-0.46416082978248596,-0.45589202642440796,79.3142944757787,-21.336509637423013,79.3142944757787,-0.18947368421052882,0.9,0.9,2.3974964158313634,-6.977324375736799,6.977324375736799,863.314948164671,119.10680096398887,56.51632744346807,-45.080782332133836,0.0,6.977324375736799,0.0,-28.258163721734036,0.0,112.45,43.56,0.0,0.9,8.25,6.977324375736799,0.0,0.0,inferred_20260921_seed0,0,11ed1195aabfcd298bcaf379e7f064ad8010cd8ca67a057b647baa8bf9ef6e77,1500,pre_fed,A2C-MADRL,deterministic,9160163a531b1c58c2933fa3f809b9158e8f534c4f42091fa110e702ee1001ab
3,4,3,124.71,40.75,0.0,8.1,4.05,0.3629850447177887,-0.4985504150390625,134.78406284744332,-23.04881855325574,134.78406284744332,-0.18947368421052882,0.9,0.9,3.5068917832646562,-47.127697379968154,47.127697379968154,1063.6794693214492,126.80720528531852,381.734348777742,-195.59019044211928,0.0,47.127697379968154,0.0,-190.867174388871,0.0,126.91,43.56,0.0,0.9,8.25,47.127697379968154,0.0,0.0,inferred_20260921_seed0,0,11ed1195aabfcd298bcaf379e7f064ad8010cd8ca67a057b647baa8bf9ef6e77,1500,pre_fed,A2C-MADRL,deterministic,9160163a531b1c58c2933fa3f809b9158e8f534c4f42091fa110e702ee1001ab
1,5,4,245.3,27.74,0.0,8.14,4.07,0.24588270485401154,0.277866929769516,124.10444589654008,13.546486424363824,124.10444589654008,-0.02105263157894797,0.1,0.1,3.036467865299223,96.51307460033809,-96.51307460033809,897.632929807636,1052.5389067811634,785.6164272467521,-392.53082899281446,30.441235925850975,0.0,66.07183867448711,661.7205970285387,0.0,272.6,40.75,0.0,0.1,8.1,0.0,0.0,0.0,inferred_20260921_seed0,0,11ed1195aabfcd298bcaf379e7f064ad8010cd8ca67a057b647baa8bf9ef6e77,1500,pre_fed,A2C-MADRL,deterministic,9160163a531b1c58c2933fa3f809b9158e8f534c4f42091fa110e702ee1001ab
2,5,4,113.75,27.74,0.0,8.14,4.07,-0.4583047032356262,-0.45093485713005066,79.98179126660442,-21.133357788305297,79.98179126660442,-0.18947368421052882,0.9,0.9,2.150646351647878,8.368328769253992,-8.368328769253992,867.9144350943446,119.10680096398887,68.1181961817275,-50.39361300294405,0.0,0.0,8.368328769253992,68.1181961817275,0.0,110.5,40.75,0.0,0.9,8.1,0.0,0.0,0.0,inferred_20260921_seed0,0,11ed1195aabfcd298bcaf379e7f064ad8010cd8ca67a057b647baa8bf9ef6e77,1500,pre_fed,A2C-MADRL,deterministic,9160163a531b1c58c2933fa3f809b9158e8f534c4f42091fa110e702ee1001ab
3,5,4,128.38,27.74,0.0,8.14,4.07,0.3598927855491638,-0.4946902096271515,134.51195932283395,-22.896552618229578,134.51195932283395,-0.18947368421052882,0.9,0.9,3.2412497127724684,-30.441235925850975,30.441235925850975,1061.4024220739086,126.80720528531852,247.79166043642695,-135.27043974357667,0.0,30.441235925850975,0.0,-123.89583021821348,0.0,124.71,40.75,0.0,0.9,8.1,30.441235925850975,0.0,0.0,inferred_20260921_seed0,0,11ed1195aabfcd298bcaf379e7f064ad8010cd8ca67a057b647baa8bf9ef6e77,1500,pre_fed,A2C-MADRL,deterministic,9160163a531b1c58c2933fa3f809b9158e8f534c4f42091fa110e702ee1001ab
1,6,5,233.7,30.15,0.0,8.13,4.07,0.22972989082336426,0.2600509524345398,122.57720270170482,12.71715947710825,122.57720270170482,-0.02105263157894797,0.1,0.1,3.0541230014025174,84.04797293127666,-84.04797293127666,885.8454814933676,1052.5389067811634,683.3100199312793,-346.2571967345663,25.365787715319186,0.0,58.682185215957475,580.3249218070835,0.0,245.3,27.74,0.0,0.1,8.14,0.0,0.0,0.0,inferred_20260921_seed0,0,11ed1195aabfcd298bcaf379e7f064ad8010cd8ca67a057b647baa8bf9ef6e77,1500,pre_fed,A2C-MADRL,deterministic,9160163a531b1c58c2933fa3f809b9158e8f534c4f42091fa110e702ee1001ab
2,6,5,120.25,30.15,0.0,8.13,4.07,-0.43463924527168274,-0.4313461482524872,82.71324748031785,-20.322284516004924,82.71324748031785,-0.18947368421052882,0.9,0.9,2.2534754759221465,9.829701679814818,-9.829701679814818,886.8065036346317,119.10680096398887,79.91547465689447,-56.08022968757493,0.0,0.0,9.829701679814818,79.91547465689447,0.0,113.75,27.74,0.0,0.9,8.14,0.0,0.0,0.0,inferred_20260921_seed0,0,11ed1195aabfcd298bcaf379e7f064ad8010cd8ca67a057b647baa8bf9ef6e77,1500,pre_fed,A2C-MADRL,deterministic,9160163a531b1c58c2933fa3f809b9158e8f534c4f42091fa110e702ee1001ab
3,6,5,135.43,30.15,0.0,8.13,4.07,0.35541388392448425,-0.4867994487285614,134.11680808759746,-22.58362529160998,134.11680808759746,-0.18947368421052882,0.9,0.9,3.281546688067739,-25.365787715319186,25.365787715319186,1058.098177999193,126.80720528531852,206.22385412554502,-116.49884202218549,0.0,25.365787715319186,0.0,-103.23875600134909,0.0,128.38,27.74,0.0,0.9,8.14,25.365787715319186,0.0,0.0,inferred_20260921_seed0,0,11ed1195aabfcd298bcaf379e7f064ad8010cd8ca67a057b647baa8bf9ef6e77,1500,pre_fed,A2C-MADRL,deterministic,9160163a531b1c58c2933fa3f809b9158e8f534c4f42091fa110e702ee1001ab
1,7,6,274.6,28.65,0.16,8.34,4.17,0.22938716411590576,0.25889354944229126,122.54467449638813,12.663017059845533,122.54467449638813,-0.02105263157894797,0.1,0.1,3.0266724372961837,126.29305057248703,-126.29305057248703,885.5948358234884,1052.5389067811634,1053.284041774542,-512.740493650637,13.08372172118817,0.0,113.20932885129886,998.7249221971872,0.0,233.7,30.15,0.0,0.1,8.13,0.0,0.0,0.0,inferred_20260921_seed0,0,11ed1195aabfcd298bcaf379e7f064ad8010cd8ca67a057b647baa8bf9ef6e77,1500,pre_fed,A2C-MADRL,deterministic,9160163a531b1c58c2933fa3f809b9158e8f534c4f42091fa110e702ee1001ab
2,7,6,130.0,28.65,0.16,8.34,4.17,-0.43979427218437195,-0.43575096130371094,82.11365396567919,-20.505812071890517,82.11365396567919,-0.18947368421052882,0.9,0.9,2.2146836056293733,21.480503324160708,-21.480503324160708,882.6497109987821,119.10680096398887,179.1473977235003,-100.65145921483055,0.0,0.0,21.480503324160708,179.1473977235003,0.0,120.25,30.15,0.0,0.9,8.13,0.0,0.0,0.0,inferred_20260921_seed0,0,11ed1195aabfcd298bcaf379e7f064ad8010cd8ca67a057b647baa8bf9ef6e77,1500,pre_fed,A2C-MADRL,deterministic,9160163a531b1c58c2933fa3f809b9158e8f534c4f42091fa110e702ee1001ab
3,7,6,146.72,28.65,0.16,8.34,4.17,0.35912713408470154,-0.49090811610221863,134.44449584868823,-22.74684478220627,134.44449584868823,-0.18947368421052882,0.9,0.9,3.2613004432895543,-13.08372172118817,13.08372172118817,1060.8380842889542,126.80720528531852,109.11823915470933,-72.85611341110466,0.0,13.08372172118817,0.0,-54.559119577354664,0.0,135.43,30.15,0.0,0.9,8.13,13.08372172118817,0.0,0.0,inferred_20260921_seed0,0,11ed1195aabfcd298bcaf379e7f064ad8010cd8ca67a057b647baa8bf9ef6e77,1500,pre_fed,A2C-MADRL,deterministic,9160163a531b1c58c2933fa3f809b9158e8f534c4f42091fa110e702ee1001ab
1,8,7,291.0,23.38,1.77,9.35,4.68,0.2381848841905594,0.2704651653766632,123.37805655965927,13.20288098286435,123.37805655965927,-0.02105263157894797,0.1,0.1,2.9701400785616068,145.46313615048126,-145.46313615048126,892.0218567288027,1052.5389067811634,1360.0803230069998,-650.9273606233492,0.0,0.0,145.46313615048126,1360.0803230069998,0.0,274.6,28.65,0.16,0.1,8.34,0.0,0.0,0.0,inferred_20260921_seed0,0,11ed1195aabfcd298bcaf379e7f064ad8010cd8ca67a057b647baa8bf9ef6e77,1500,pre_fed,A2C-MADRL,deterministic,9160163a531b1c58c2933fa3f809b9158e8f534c4f42091fa110e702ee1001ab
2,8,7,157.95,23.38,1.77,9.35,4.68,-0.4388565719127655,-0.43523678183555603,82.2225308040955,-20.484422719227886,82.2225308040955,-0.18947368421052882,0.9,0.9,2.1436611423976992,52.91060402251273,-52.91060402251273,883.4041137131737,119.10680096398887,494.71414761049397,-242.67158471826554,0.0,0.0,52.91060402251273,494.71414761049397,0.0,130.0,28.65,0.16,0.9,8.34,0.0,0.0,0.0,inferred_20260921_seed0,0,11ed1195aabfcd298bcaf379e7f064ad8010cd8ca67a057b647baa8bf9ef6e77,1500,pre_fed,A2C-MADRL,deterministic,9160163a531b1c58c2933fa3f809b9158e8f534c4f42091fa110e702ee1001ab
3,8,7,178.26,23.38,1.77,9.35,4.68,0.36426830291748047,-0.4954993426799774,134.896811738745,-22.928513627079187,134.896811738745,-0.18947368421052882,0.9,0.9,3.197146761090689,21.599808706556217,-21.599808706556217,1064.6233994662532,126.80720528531852,201.95821140630062,-114.70980722786672,0.0,0.0,21.599808706556217,201.95821140630062,0.0,146.72,28.65,0.16,0.9,8.34,0.0,0.0,0.0,inferred_20260921_seed0,0,11ed1195aabfcd298bcaf379e7f064ad8010cd8ca67a057b647baa8bf9ef6e77,1500,pre_fed,A2C-MADRL,deterministic,9160163a531b1c58c2933fa3f809b9158e8f534c4f42091fa110e702ee1001ab
1,9,8,315.7,21.75,5.3,12.0,6.0,0.24682557582855225,0.27999743819236755,124.19323447876968,13.645135477502922,124.19323447876968,-0.02105263157894797,0.1,0.1,3.024443636943815,167.50226178975305,-167.50226178975305,898.3193730899817,1052.5389067811634,2010.0271414770366,-943.5293792620894,0.0,0.0,167.50226178975305,2010.0271414770366,0.0,291.0,23.38,1.77,0.1,9.35,0.0,0.0,0.0,inferred_20260921_seed0,0,11ed1195aabfcd298bcaf379e7f064ad8010cd8ca67a057b647baa8bf9ef6e77,1500,pre_fed,A2C-MADRL,deterministic,9160163a531b1c58c2933fa3f809b9158e8f534c4f42091fa110e702ee1001ab
2,9,8,165.1,21.75,5.3,12.0,6.0,-0.43614012002944946,-0.433862566947937,82.53841486641636,-20.42721253096966,82.53841486641636,-0.18947368421052882,0.9,0.9,2.1879788236441167,57.88903764143828,-57.88903764143828,885.5938798990659,119.10680096398887,694.6684516972593,-332.6948168810278,0.0,0.0,57.88903764143828,694.6684516972593,0.0,157.95,23.38,1.77,0.9,9.35,0.0,0.0,0.0,inferred_20260921_seed0,0,11ed1195aabfcd298bcaf379e7f064ad8010cd8ca67a057b647baa8bf9ef6e77,1500,pre_fed,A2C-MADRL,deterministic,9160163a531b1c58c2933fa3f809b9158e8f534c4f42091fa110e702ee1001ab
3,9,8,186.33,21.75,5.3,12.0,6.0,0.3824920952320099,-0.5122432112693787,136.48697519991592,-23.58455784436003,136.48697519991592,-0.18947368421052882,0.9,0.9,3.266950030314108,26.24944851460873,-26.24944851460873,1077.9619227041248,126.80720528531852,314.99338217530476,-165.84240453867602,0.0,0.0,26.24944851460873,314.99338217530476,0.0,178.26,23.38,1.77,0.9,9.35,0.0,0.0,0.0,inferred_20260921_seed0,0,11ed1195aabfcd298bcaf379e7f064ad8010cd8ca67a057b647baa8bf9ef6e77,1500,pre_fed,A2C-MADRL,deterministic,9160163a531b1c58c2933fa3f809b9158e8f534c4f42091fa110e702ee1001ab
1,10,9,362.4,34.82,11.6,9.19,4.6,0.27459636330604553,0.30890217423439026,126.78965542833889,14.971901735380518,126.78965542833889,-0.02105263157894797,0.1,0.1,3.4637720559351988,192.67516925917525,-192.67516925917525,918.4493245115574,1052.5389067811634,1770.6848054918205,-836.2279270971737,0.0,0.0,192.67516925917525,1770.6848054918205,0.0,315.7,21.75,5.3,0.1,12.0,0.0,0.0,0.0,inferred_20260921_seed0,0,11ed1195aabfcd298bcaf379e7f064ad8010cd8ca67a057b647baa8bf9ef6e77,1500,pre_fed,A2C-MADRL,deterministic,9160163a531b1c58c2933fa3f809b9158e8f534c4f42091fa110e702ee1001ab
2,10,9,169.0,34.82,11.6,9.19,4.6,-0.4463413953781128,-0.443578839302063,81.35582112506543,-20.83032691386009,81.35582112506543,-0.18947368421052882,0.9,0.9,2.5517269488170977,43.9653795079622,-43.9653795079622,877.4037131854673,119.10680096398887,404.04183767817256,-201.74903723816678,0.0,0.0,43.9653795079622,404.04183767817256,0.0,165.1,21.75,5.3,0.9,12.0,0.0,0.0,0.0,inferred_20260921_seed0,0,11ed1195aabfcd298bcaf379e7f064ad8010cd8ca67a057b647baa8bf9ef6e77,1500,pre_fed,A2C-MADRL,deterministic,9160163a531b1c58c2933fa3f809b9158e8f534c4f42091fa110e702ee1001ab
3,10,9,190.73,34.82,11.6,9.19,4.6,0.407460480928421,-0.539119303226471,138.6314277869329,-24.616051126302,138.6314277869329,-0.18947368421052882,0.9,0.9,3.6972390820544474,9.565284979332063,-9.565284979332063,1096.025986759394,126.80720528531852,87.90496896006165,-64.013899872922,0.0,0.0,9.565284979332063,87.90496896006165,0.0,186.33,21.75,5.3,0.9,12.0,0.0,0.0,0.0,inferred_20260921_seed0,0,11ed1195aabfcd298bcaf379e7f064ad8010cd8ca67a057b647baa8bf9ef6e77,1500,pre_fed,A2C-MADRL,deterministic,9160163a531b1c58c2933fa3f809b9158e8f534c4f42091fa110e702ee1001ab
1,11,10,320.0,27.17,36.64,12.3,6.15,0.282840758562088,0.31803059577941895,127.5532223650774,15.386254567584556,127.5532223650774,-0.02105263157894797,0.1,0.1,3.8268433946699685,132.48467366117154,-132.48467366117154,924.3900106675333,1052.5389067811634,1629.5614860324101,-772.8412470635585,2.20737910617612,0.0,130.27729455499542,1615.986104529427,0.0,362.4,34.82,11.6,0.1,9.19,0.0,0.0,0.0,inferred_20260921_seed0,0,11ed1195aabfcd298bcaf379e7f064ad8010cd8ca67a057b647baa8bf9ef6e77,1500,pre_fed,A2C-MADRL,deterministic,9160163a531b1c58c2933fa3f809b9158e8f534c4f42091fa110e702ee1001ab
2,11,10,173.55,27.17,36.64,12.3,6.15,-0.45727401971817017,-0.45106738805770874,80.0996196011616,-21.138800213683165,80.0996196011616,-0.18947368421052882,0.9,0.9,2.8744029183390216,32.70425700138796,-32.70425700138796,868.7270521925038,119.10680096398887,402.2623611170719,-200.77473956581224,0.0,0.0,32.70425700138796,402.2623611170719,0.0,169.0,34.82,11.6,0.9,9.19,0.0,0.0,0.0,inferred_20260921_seed0,0,11ed1195aabfcd298bcaf379e7f064ad8010cd8ca67a057b647baa8bf9ef6e77,1500,pre_fed,A2C-MADRL,deterministic,9160163a531b1c58c2933fa3f809b9158e8f534c4f42091fa110e702ee1001ab
3,11,10,195.87,27.17,36.64,12.3,6.15,0.4059077501296997,-0.5365914702415466,138.4992482823494,-24.52017516971346,138.4992482823494,-0.18947368421052882,0.9,0.9,4.042395491962778,-2.20737910617612,2.20737910617612,1094.9100293808206,126.80720528531852,27.150763005966276,-36.65218804600761,0.0,2.20737910617612,0.0,-13.575381502983138,0.0,190.73,34.82,11.6,0.9,9.19,2.20737910617612,0.0,0.0,inferred_20260921_seed0,0,11ed1195aabfcd298bcaf379e7f064ad8010cd8ca67a057b647baa8bf9ef6e77,1500,pre_fed,A2C-MADRL,deterministic,9160163a531b1c58c2933fa3f809b9158e8f534c4f42091fa110e702ee1001ab
1,12,11,350.0,30.2,42.68,20.7,10.35,0.32401061058044434,0.3509499430656433,131.31288218931462,16.86088666990569,131.31288218931462,-0.02105263157894797,0.1,0.1,4.0834365911547135,149.91160703341905,-149.91160703341905,953.7785776566845,1052.5389067811634,3103.1702655917743,-1436.5529692050554,21.191086759247128,0.0,128.72052027417192,2883.842517633567,0.0,320.0,27.17,36.64,0.1,12.3,0.0,0.0,0.0,inferred_20260921_seed0,0,11ed1195aabfcd298bcaf379e7f064ad8010cd8ca67a057b647baa8bf9ef6e77,1500,pre_fed,A2C-MADRL,deterministic,9160163a531b1c58c2933fa3f809b9158e8f534c4f42091fa110e702ee1001ab
2,12,11,168.35,30.2,42.68,20.7,10.35,-0.45476794242858887,-0.4489705264568329,80.38654930577438,-21.052620466286065,80.38654930577438,-0.18947368421052882,0.9,0.9,3.0615415124312775,18.33446589086742,-18.33446589086742,870.7067796074001,119.10680096398887,379.5234439409556,-190.5818213848578,0.0,0.0,18.33446589086742,379.5234439409556,0.0,173.55,27.17,36.64,0.9,12.3,0.0,0.0,0.0,inferred_20260921_seed0,0,11ed1195aabfcd298bcaf379e7f064ad8010cd8ca67a057b647baa8bf9ef6e77,1500,pre_fed,A2C-MADRL,deterministic,9160163a531b1c58c2933fa3f809b9158e8f534c4f42091fa110e702ee1001ab
3,12,11,190.0,30.2,42.68,20.7,10.35,0.45757514238357544,-0.5858867168426514,142.8105826222178,-26.34654225935274,142.8105826222178,-0.18947368421052882,0.9,0.9,4.310022178760145,-21.191086759247128,21.191086759247128,1131.4806788696096,126.80720528531852,438.65549591641553,-222.56073084548558,0.0,21.191086759247128,0.0,-219.32774795820777,0.0,195.87,27.17,36.64,0.9,12.3,21.191086759247128,0.0,0.0,inferred_20260921_seed0,0,11ed1195aabfcd298bcaf379e7f064ad8010cd8ca67a057b647baa8bf9ef6e77,1500,pre_fed,A2C-MADRL,deterministic,9160163a531b1c58c2933fa3f809b9158e8f534c4f42091fa110e702ee1001ab
1,13,12,345.2,23.52,35.22,26.82,13.41,0.3890916407108307,0.4179946780204773,137.05768749488286,19.761985627895942,137.05768749488286,-0.02105263157894797,0.1,0.1,3.9155326972660784,153.33889783396216,-153.33889783396216,999.1269310524341,1052.5389067811634,4112.549239906865,-1891.6804747147612,11.309094676924616,0.0,142.02980315703755,3960.894280289306,0.0,350.0,30.2,42.68,0.1,20.7,0.0,0.0,0.0,inferred_20260921_seed0,0,11ed1195aabfcd298bcaf379e7f064ad8010cd8ca67a057b647baa8bf9ef6e77,1500,pre_fed,A2C-MADRL,deterministic,9160163a531b1c58c2933fa3f809b9158e8f534c4f42091fa110e702ee1001ab
2,13,12,168.35,23.52,35.22,26.82,13.41,-0.49426910281181335,-0.4849618077278137,75.9362537028739,-22.510427246808053,75.9362537028739,-0.18947368421052882,0.9,0.9,2.6897356003732678,36.55295558170988,-36.55295558170988,840.1419121931707,119.10680096398887,980.3502687014591,-460.3425951787998,0.0,0.0,36.55295558170988,980.3502687014591,0.0,168.35,30.2,42.68,0.9,20.7,0.0,0.0,0.0,inferred_20260921_seed0,0,11ed1195aabfcd298bcaf379e7f064ad8010cd8ca67a057b647baa8bf9ef6e77,1500,pre_fed,A2C-MADRL,deterministic,9160163a531b1c58c2933fa3f809b9158e8f534c4f42091fa110e702ee1001ab
3,13,12,190.0,23.52,35.22,26.82,13.41,0.5083635449409485,-0.6455358266830444,146.8669172320928,-28.432852239333307,146.8669172320928,-0.18947368421052882,0.9,0.9,4.108348870957646,-11.309094676924616,11.309094676924616,1166.2107572024138,126.80720528531852,303.30991923511823,-162.34982290555786,0.0,11.309094676924616,0.0,-151.65495961755911,0.0,190.0,30.2,42.68,0.9,20.7,11.309094676924616,0.0,0.0,inferred_20260921_seed0,0,11ed1195aabfcd298bcaf379e7f064ad8010cd8ca67a057b647baa8bf9ef6e77,1500,pre_fed,A2C-MADRL,deterministic,9160163a531b1c58c2933fa3f809b9158e8f534c4f42091fa110e702ee1001ab
1,14,13,320.6,39.48,35.46,27.35,13.68,0.4077870845794678,0.43882954120635986,138.65921045453965,20.63368907028914,138.65921045453965,-0.02105263157894797,0.1,0.1,4.271563156459214,111.29340533349855,-111.29340533349855,1011.8643346153649,1052.5389067811634,3043.8746358711855,-1411.0316509699642,31.401367617060743,0.0,79.89203771643781,2614.617940545965,0.0,345.2,23.52,35.22,0.1,26.82,0.0,0.0,0.0,inferred_20260921_seed0,0,11ed1195aabfcd298bcaf379e7f064ad8010cd8ca67a057b647baa8bf9ef6e77,1500,pre_fed,A2C-MADRL,deterministic,9160163a531b1c58c2933fa3f809b9158e8f534c4f42091fa110e702ee1001ab
2,14,13,165.75,39.48,35.46,27.35,13.68,-0.5065475702285767,-0.4979797899723053,74.58487787092116,-23.026344259542096,74.58487787092116,-0.18947368421052882,0.9,0.9,2.9867080837342126,19.40130389702358,-19.40130389702358,830.920176760186,119.10680096398887,530.6256615835949,-257.78208726710125,0.0,0.0,19.40130389702358,530.6256615835949,0.0,168.35,23.52,35.22,0.9,26.82,0.0,0.0,0.0,inferred_20260921_seed0,0,11ed1195aabfcd298bcaf379e7f064ad8010cd8ca67a057b647baa8bf9ef6e77,1500,pre_fed,A2C-MADRL,deterministic,9160163a531b1c58c2933fa3f809b9158e8f534c4f42091fa110e702ee1001ab
3,14,13,187.07,39.48,35.46,27.35,13.68,0.5253185033798218,-0.6675994396209717,148.17944064039494,-29.169929011144504,148.17944064039494,-0.18947368421052882,0.9,0.9,4.458599339123689,-31.401367617060743,31.401367617060743,1177.5154430914477,126.80720528531852,858.8274043266114,-412.55878491451045,0.0,31.401367617060743,0.0,-429.5707090013909,0.0,190.0,23.52,35.22,0.9,26.82,31.401367617060743,0.0,0.0,inferred_20260921_seed0,0,11ed1195aabfcd298bcaf379e7f064ad8010cd8ca67a057b647baa8bf9ef6e77,1500,pre_fed,A2C-MADRL,deterministic,9160163a531b1c58c2933fa3f809b9158e8f534c4f42091fa110e702ee1001ab
1,15,14,333.2,35.74,34.83,13.81,6.91,0.4177515208721161,0.44748255610466003,139.5034520348955,20.991373372717984,139.5034520348955,-0.02105263157894797,0.1,0.1,4.201047988066332,127.34864858474975,-127.34864858474975,1018.5955719897867,1052.5389067811634,1758.684836955394,-832.8308662053463,22.50755960735188,0.0,104.84108897739787,1603.3826756646663,0.0,320.6,39.48,35.46,0.1,27.35,0.0,0.0,0.0,inferred_20260921_seed0,0,11ed1195aabfcd298bcaf379e7f064ad8010cd8ca67a057b647baa8bf9ef6e77,1500,pre_fed,A2C-MADRL,deterministic,9160163a531b1c58c2933fa3f809b9158e8f534c4f42091fa110e702ee1001ab
2,15,14,170.3,35.74,34.83,13.81,6.91,-0.5334318280220032,-0.5204156637191772,71.67999649673217,-23.90103794209105,71.67999649673217,-0.18947368421052882,0.9,0.9,2.8412104562504332,31.080687643728766,-31.080687643728766,811.1913465245025,119.10680096398887,429.22429635989425,-211.75689631172224,0.0,0.0,31.080687643728766,429.22429635989425,0.0,165.75,39.48,35.46,0.9,27.35,0.0,0.0,0.0,inferred_20260921_seed0,0,11ed1195aabfcd298bcaf379e7f064ad8010cd8ca67a057b647baa8bf9ef6e77,1500,pre_fed,A2C-MADRL,deterministic,9160163a531b1c58c2933fa3f809b9158e8f534c4f42091fa110e702ee1001ab
3,15,14,192.2,35.74,34.83,13.81,6.91,0.5322356820106506,-0.6781725287437439,148.70882022232465,-29.51650316307767,148.70882022232465,-0.18947368421052882,0.9,0.9,4.381786930762283,-22.50755960735188,22.50755960735188,1182.084221004905,126.80720528531852,310.82939817752947,-166.05105770569273,0.0,22.50755960735188,0.0,-155.5272368868015,0.0,187.07,39.48,35.46,0.9,27.35,22.50755960735188,0.0,0.0,inferred_20260921_seed0,0,11ed1195aabfcd298bcaf379e7f064ad8010cd8ca67a057b647baa8bf9ef6e77,1500,pre_fed,A2C-MADRL,deterministic,9160163a531b1c58c2933fa3f809b9158e8f534c4f42091fa110e702ee1001ab
1,16,15,316.8,18.06,23.62,17.31,8.66,0.340399831533432,0.36891597509384155,132.7834301080268,17.65215816273691,132.7834301080268,-0.02105263157894797,0.1,0.1,3.4888475495289573,145.84647007308112,-145.84647007308112,965.3358786390645,1052.5389067811634,2524.602396965034,-1176.42857434267,0.0,0.0,145.84647007308112,2524.602396965034,0.0,333.2,35.74,34.83,0.1,13.81,0.0,0.0,0.0,inferred_20260921_seed0,0,11ed1195aabfcd298bcaf379e7f064ad8010cd8ca67a057b647baa8bf9ef6e77,1500,pre_fed,A2C-MADRL,deterministic,9160163a531b1c58c2933fa3f809b9158e8f534c4f42091fa110e702ee1001ab
2,16,15,172.25,18.06,23.62,17.31,8.66,-0.4772670865058899,-0.4684658944606781,77.832685841967,-21.84794766497238,77.832685841967,-0.18947368421052882,0.9,0.9,2.38646424315513,55.313252085398645,-55.313252085398645,853.1299006712175,119.10680096398887,957.4723935982505,-450.30731115191685,0.0,0.0,55.313252085398645,957.4723935982505,0.0,170.3,35.74,34.83,0.9,13.81,0.0,0.0,0.0,inferred_20260921_seed0,0,11ed1195aabfcd298bcaf379e7f064ad8010cd8ca67a057b647baa8bf9ef6e77,1500,pre_fed,A2C-MADRL,deterministic,9160163a531b1c58c2933fa3f809b9158e8f534c4f42091fa110e702ee1001ab
3,16,15,194.4,18.06,23.62,17.31,8.66,0.4663030803203583,-0.5987914800643921,143.52074394694134,-26.809452650067556,143.52074394694134,-0.18947368421052882,0.9,0.9,3.7002254052546166,13.088955142523815,-13.088955142523815,1137.5384597910224,126.80720528531852,226.56981351708723,-127.24332938421608,0.0,0.0,13.088955142523815,226.56981351708723,0.0,192.2,35.74,34.83,0.9,13.81,0.0,0.0,0.0,inferred_20260921_seed0,0,11ed1195aabfcd298bcaf379e7f064ad8010cd8ca67a057b647baa8bf9ef6e77,1500,pre_fed,A2C-MADRL,deterministic,9160163a531b1c58c2933fa3f809b9158e8f534c4f42091fa110e702ee1001ab
1,17,16,291.3,24.27,14.18,16.42,8.21,0.33228182792663574,0.3629283308982849,132.05696082035212,17.389538782625614,132.05696082035212,-0.02105263157894797,0.1,0.1,3.4097181637754637,124.2238099750023,-124.2238099750023,959.6220471913889,1052.5389067811634,2039.754959789538,-958.132950984743,0.0,0.0,124.2238099750023,2039.754959789538,0.0,316.8,18.06,23.62,0.1,17.31,0.0,0.0,0.0,inferred_20260921_seed0,0,11ed1195aabfcd298bcaf379e7f064ad8010cd8ca67a057b647baa8bf9ef6e77,1500,pre_fed,A2C-MADRL,deterministic,9160163a531b1c58c2933fa3f809b9158e8f534c4f42091fa110e702ee1001ab
2,17,16,165.75,24.27,14.18,16.42,8.21,-0.46226662397384644,-0.45828378200531006,79.52983217893957,-21.4342207288503,79.52983217893957,-0.18947368421052882,0.9,0.9,2.355807169894581,50.31544867516553,-50.31544867516553,864.799402745095,119.10680096398887,826.1796672462181,-391.4589743349798,0.0,0.0,50.31544867516553,826.1796672462181,0.0,172.25,18.06,23.62,0.9,17.31,0.0,0.0,0.0,inferred_20260921_seed0,0,11ed1195aabfcd298bcaf379e7f064ad8010cd8ca67a057b647baa8bf9ef6e77,1500,pre_fed,A2C-MADRL,deterministic,9160163a531b1c58c2933fa3f809b9158e8f534c4f42091fa110e702ee1001ab
3,17,16,187.07,24.27,14.18,16.42,8.21,0.46520790457725525,-0.5988821983337402,143.43192730819158,-26.812684337102194,143.43192730819158,-0.18947368421052882,0.9,0.9,3.6338490724796215,9.011395448498547,-9.011395448498547,1136.7803164883453,126.80720528531852,147.96711326434615,-91.85695140442905,0.0,0.0,9.011395448498547,147.96711326434615,0.0,194.4,18.06,23.62,0.9,17.31,0.0,0.0,0.0,inferred_20260921_seed0,0,11ed1195aabfcd298bcaf379e7f064ad8010cd8ca67a057b647baa8bf9ef6e77,1500,pre_fed,A2C-MADRL,deterministic,9160163a531b1c58c2933fa3f809b9158e8f534c4f42091fa110e702ee1001ab
1,18,17,413.8,26.26,4.67,9.83,4.92,0.31487205624580383,0.34605154395103455,130.48628764266473,16.643460571491957,130.48628764266473,-0.02105263157894797,0.1,0.1,3.2279047002217154,255.63266968913598,-255.63266968913598,947.2976025444326,1052.5389067811634,2512.869143044207,-1170.7878445564052,0.0,0.0,255.63266968913598,2512.869143044207,0.0,291.3,24.27,14.18,0.1,16.42,0.0,0.0,0.0,inferred_20260921_seed0,0,11ed1195aabfcd298bcaf379e7f064ad8010cd8ca67a057b647baa8bf9ef6e77,1500,pre_fed,A2C-MADRL,deterministic,9160163a531b1c58c2933fa3f809b9158e8f534c4f42091fa110e702ee1001ab
2,18,17,164.25,26.26,4.67,9.83,4.92,-0.47047606110572815,-0.46521785855293274,78.59825636894755,-21.71636746860422,78.59825636894755,-0.18947368421052882,0.9,0.9,2.1867756536947405,57.09799296895771,-57.09799296895771,858.3885090478369,119.10680096398887,561.2732708848544,-272.122878098421,0.0,0.0,57.09799296895771,561.2732708848544,0.0,165.75,24.27,14.18,0.9,16.42,0.0,0.0,0.0,inferred_20260921_seed0,0,11ed1195aabfcd298bcaf379e7f064ad8010cd8ca67a057b647baa8bf9ef6e77,1500,pre_fed,A2C-MADRL,deterministic,9160163a531b1c58c2933fa3f809b9158e8f534c4f42091fa110e702ee1001ab
3,18,17,185.6,26.26,4.67,9.83,4.92,0.4483843147754669,-0.5842111110687256,142.05700052447793,-26.28597065648216,142.05700052447793,-0.18947368421052882,0.9,0.9,3.455950536805348,16.25842369653796,-16.25842369653796,1125.062991328326,126.80720528531852,159.82030493696814,-96.95654115390856,0.0,0.0,16.25842369653796,159.82030493696814,0.0,187.07,24.27,14.18,0.9,16.42,0.0,0.0,0.0,inferred_20260921_seed0,0,11ed1195aabfcd298bcaf379e7f064ad8010cd8ca67a057b647baa8bf9ef6e77,1500,pre_fed,A2C-MADRL,deterministic,9160163a531b1c58c2933fa3f809b9158e8f534c4f42091fa110e702ee1001ab
1,19,18,539.8,26.77,0.18,8.63,4.32,0.2795642912387848,0.3198283016681671,127.25017742325812,15.467583119666454,127.25017742325812,-0.02105263157894797,0.1,0.1,3.083582495833584,388.7044577041544,-388.7044577041544,922.0311368604669,1052.5389067811634,3354.5194699868525,-1549.0251623669162,0.0,0.0,388.7044577041544,3354.5194699868525,0.0,413.8,26.26,4.67,0.1,9.83,0.0,0.0,0.0,inferred_20260921_seed0,0,11ed1195aabfcd298bcaf379e7f064ad8010cd8ca67a057b647baa8bf9ef6e77,1500,pre_fed,A2C-MADRL,deterministic,9160163a531b1c58c2933fa3f809b9158e8f534c4f42091fa110e702ee1001ab
2,19,18,162.5,26.77,0.18,8.63,4.32,-0.4444604516029358,-0.44100308418273926,81.57311828895644,-20.723777590670924,81.57311828895644,-0.18947368421052882,0.9,0.9,2.1666728920949185,56.33302828734901,-56.33302828734901,878.9070314493915,119.10680096398887,486.154034119822,-238.7295920021875,0.0,0.0,56.33302828734901,486.154034119822,0.0,164.25,26.26,4.67,0.9,9.83,0.0,0.0,0.0,inferred_20260921_seed0,0,11ed1195aabfcd298bcaf379e7f064ad8010cd8ca67a057b647baa8bf9ef6e77,1500,pre_fed,A2C-MADRL,deterministic,9160163a531b1c58c2933fa3f809b9158e8f534c4f42091fa110e702ee1001ab
3,19,18,183.4,26.77,0.18,8.63,4.32,0.39416709542274475,-0.5246096253395081,137.49470743751863,-24.062494570121345,137.49470743751863,-0.18947368421052882,0.9,0.9,3.2851046750661625,22.429870921758038,-22.429870921758038,1086.4397986586073,126.80720528531852,193.5697860547719,-111.37134380352586,0.0,0.0,22.429870921758038,193.5697860547719,0.0,185.6,26.26,4.67,0.9,9.83,0.0,0.0,0.0,inferred_20260921_seed0,0,11ed1195aabfcd298bcaf379e7f064ad8010cd8ca67a057b647baa8bf9ef6e77,1500,pre_fed,A2C-MADRL,deterministic,9160163a531b1c58c2933fa3f809b9158e8f534c4f42091fa110e702ee1001ab
1,20,19,557.2,26.22,0.0,8.87,4.44,0.28571224212646484,0.334206759929657,127.81836048842817,16.114782878954347,127.81836048842817,-0.02105263157894797,0.1,0.1,3.0803461571369843,406.2630383002878,-406.2630383002878,926.4550415452022,1052.5389067811634,3603.5531497235525,-1661.178796342126,0.0,0.0,406.2630383002878,3603.5531497235525,0.0,539.8,26.77,0.18,0.1,8.63,0.0,0.0,0.0,inferred_20260921_seed0,0,11ed1195aabfcd298bcaf379e7f064ad8010cd8ca67a057b647baa8bf9ef6e77,1500,pre_fed,A2C-MADRL,deterministic,9160163a531b1c58c2933fa3f809b9158e8f534c4f42091fa110e702ee1001ab
2,20,19,165.75,26.22,0.0,8.87,4.44,-0.43953150510787964,-0.43648761510849,82.14415547277056,-20.536440416802485,82.14415547277056,-0.18947368421052882,0.9,0.9,2.163493635771201,59.73881184721117,-59.73881184721117,882.8610364006805,119.10680096398887,529.883261084763,-258.48682423543676,0.0,0.0,59.73881184721117,529.883261084763,0.0,162.5,26.77,0.18,0.9,8.63,0.0,0.0,0.0,inferred_20260921_seed0,0,11ed1195aabfcd298bcaf379e7f064ad8010cd8ca67a057b647baa8bf9ef6e77,1500,pre_fed,A2C-MADRL,deterministic,9160163a531b1c58c2933fa3f809b9158e8f534c4f42091fa110e702ee1001ab
3,20,19,187.07,26.22,0.0,8.87,4.44,0.3785054385662079,-0.5083466172218323,136.1408822711318,-23.43279813419716,136.1408822711318,-0.18947368421052882,0.9,0.9,3.2434281717384255,28.14201958481715,-28.14201958481715,1075.0547543381163,126.80720528531852,249.6197137173281,-136.36611036526634,0.0,0.0,28.14201958481715,249.6197137173281,0.0,183.4,26.77,0.18,0.9,8.63,0.0,0.0,0.0,inferred_20260921_seed0,0,11ed1195aabfcd298bcaf379e7f064ad8010cd8ca67a057b647baa8bf9ef6e77,1500,pre_fed,A2C-MADRL,deterministic,9160163a531b1c58c2933fa3f809b9158e8f534c4f42091fa110e702ee1001ab
1,21,20,557.1,32.84,0.0,8.35,4.18,0.28936418890953064,0.33888381719589233,128.1549507259545,16.324027455135756,128.1549507259545,-0.02105263157894797,0.1,0.1,3.2194779618875113,399.345579867512,-399.345579867512,929.0782184565916,1052.5389067811634,3334.5355918937253,-1540.1733588569316,0.0,0.0,399.345579867512,3334.5355918937253,0.0,557.2,26.22,0.0,0.1,8.87,0.0,0.0,0.0,inferred_20260921_seed0,0,11ed1195aabfcd298bcaf379e7f064ad8010cd8ca67a057b647baa8bf9ef6e77,1500,pre_fed,A2C-MADRL,deterministic,9160163a531b1c58c2933fa3f809b9158e8f534c4f42091fa110e702ee1001ab
2,21,20,169.0,32.84,0.0,8.35,4.18,-0.43995317816734314,-0.43701884150505066,82.09521167412042,-20.55851607224428,82.09521167412042,-0.18947368421052882,0.9,0.9,2.294914759798198,56.549176769888305,-56.549176769888305,882.5219430356257,119.10680096398887,472.18562602856736,-232.51610659284762,0.0,0.0,56.549176769888305,472.18562602856736,0.0,165.75,26.22,0.0,0.9,8.87,0.0,0.0,0.0,inferred_20260921_seed0,0,11ed1195aabfcd298bcaf379e7f064ad8010cd8ca67a057b647baa8bf9ef6e77,1500,pre_fed,A2C-MADRL,deterministic,9160163a531b1c58c2933fa3f809b9158e8f534c4f42091fa110e702ee1001ab
3,21,20,190.73,32.84,0.0,8.35,4.18,0.38089630007743835,-0.5107805132865906,136.34856001935992,-23.527655696655955,136.34856001935992,-0.18947368421052882,0.9,0.9,3.379981726702988,25.110895391553584,-25.110895391553584,1076.7989669963345,126.80720528531852,209.6759765194724,-118.42631287939565,0.0,0.0,25.110895391553584,209.6759765194724,0.0,187.07,26.22,0.0,0.9,8.87,0.0,0.0,0.0,inferred_20260921_seed0,0,11ed1195aabfcd298bcaf379e7f064ad8010cd8ca67a057b647baa8bf9ef6e77,1500,pre_fed,A2C-MADRL,deterministic,9160163a531b1c58c2933fa3f809b9158e8f534c4f42091fa110e702ee1001ab
1,22,21,535.0,36.02,0.0,16.44,8.22,0.29100996255874634,0.3403535485267639,128.30641170385016,16.389649586410158,128.30641170385016,-0.02105263157894797,0.1,0.1,3.2861071814454244,373.9807481091742,-373.9807481091742,930.2592107489979,1052.5389067811634,6148.243498914824,-2806.365536862274,0.0,0.0,373.9807481091742,6148.243498914824,0.0,557.1,32.84,0.0,0.1,8.35,0.0,0.0,0.0,inferred_20260921_seed0,0,11ed1195aabfcd298bcaf379e7f064ad8010cd8ca67a057b647baa8bf9ef6e77,1500,pre_fed,A2C-MADRL,deterministic,9160163a531b1c58c2933fa3f809b9158e8f534c4f42091fa110e702ee1001ab
2,22,21,161.2,36.02,0.0,16.44,8.22,-0.45011064410209656,-0.4452672600746155,80.92140691709254,-20.900046644342194,80.92140691709254,-0.18947368421052882,0.9,0.9,2.3350386646576404,46.783105431775624,-46.783105431775624,874.4004744296424,119.10680096398887,769.1142532983913,-365.97155949214874,0.0,0.0,46.783105431775624,769.1142532983913,0.0,169.0,32.84,0.0,0.9,8.35,0.0,0.0,0.0,inferred_20260921_seed0,0,11ed1195aabfcd298bcaf379e7f064ad8010cd8ca67a057b647baa8bf9ef6e77,1500,pre_fed,A2C-MADRL,deterministic,9160163a531b1c58c2933fa3f809b9158e8f534c4f42091fa110e702ee1001ab
3,22,21,181.93,36.02,0.0,16.44,8.22,0.3817180395126343,-0.5125661492347717,136.4198556836831,-23.597110265590867,136.4198556836831,-0.18947368421052882,0.9,0.9,3.4450076399894516,13.124625640516882,-13.124625640516882,1077.3979432573894,126.80720528531852,215.76884553009756,-121.18008345939806,0.0,0.0,13.124625640516882,215.76884553009756,0.0,190.73,32.84,0.0,0.9,8.35,0.0,0.0,0.0,inferred_20260921_seed0,0,11ed1195aabfcd298bcaf379e7f064ad8010cd8ca67a057b647baa8bf9ef6e77,1500,pre_fed,A2C-MADRL,deterministic,9160163a531b1c58c2933fa3f809b9158e8f534c4f42091fa110e702ee1001ab
1,23,22,437.8,37.23,0.0,16.19,8.1,0.34355705976486206,0.39233502745628357,133.06492821758476,18.66857438482534,133.06492821758476,-0.02105263157894797,0.1,0.1,3.405477511720116,270.9316019257143,-270.9316019257143,967.5522178891479,1052.5389067811634,4386.382635177315,-2014.274008323198,12.790146970910143,0.0,258.14145495480415,4282.910346182651,0.0,535.0,36.02,0.0,0.1,16.44,0.0,0.0,0.0,inferred_20260921_seed0,0,11ed1195aabfcd298bcaf379e7f064ad8010cd8ca67a057b647baa8bf9ef6e77,1500,pre_fed,A2C-MADRL,deterministic,9160163a531b1c58c2933fa3f809b9158e8f534c4f42091fa110e702ee1001ab
2,23,22,148.0,37.23,0.0,16.19,8.1,-0.49147531390190125,-0.48327866196632385,76.2458779876545,-22.443276787784015,76.2458779876545,-0.18947368421052882,0.9,0.9,2.2657280860688793,36.97932378262492,-36.97932378262492,842.2586846867006,119.10680096398887,598.6952520406975,-288.64017313132763,0.0,0.0,36.97932378262492,598.6952520406975,0.0,161.2,36.02,0.0,0.9,16.44,0.0,0.0,0.0,inferred_20260921_seed0,0,11ed1195aabfcd298bcaf379e7f064ad8010cd8ca67a057b647baa8bf9ef6e77,1500,pre_fed,A2C-MADRL,deterministic,9160163a531b1c58c2933fa3f809b9158e8f534c4f42091fa110e702ee1001ab
3,23,22,161.39,37.23,0.0,16.19,8.1,0.4319422245025635,-0.5725195407867432,140.694317532078,-25.86036187319094,140.694317532078,-0.18947368421052882,0.9,0.9,3.5546968769573493,-12.790146970910143,12.790146970910143,1113.4854492266363,126.80720528531852,207.07247945903524,-117.98846884680495,0.0,12.790146970910143,0.0,-103.60019046437216,0.0,181.93,36.02,0.0,0.9,16.44,12.790146970910143,0.0,0.0,inferred_20260921_seed0,0,11ed1195aabfcd298bcaf379e7f064ad8010cd8ca67a057b647baa8bf9ef6e77,1500,pre_fed,A2C-MADRL,deterministic,9160163a531b1c58c2933fa3f809b9158e8f534c4f42091fa110e702ee1001ab
1,24,23,447.3,44.12,0.0,8.87,4.44,0.32853272557258606,0.37186986207962036,131.72017500040914,17.781308905418623,131.72017500040914,-0.02105263157894797,0.1,0.1,3.516382447376604,274.99726007854645,-274.99726007854645,956.9760574696613,1052.5389067811634,2439.2256968967067,-1137.8418628885345,45.32408918827275,0.0,229.6731708902737,2238.4399817926583,0.0,437.8,37.23,0.0,0.1,16.19,0.0,0.0,0.0,inferred_20260921_seed0,0,11ed1195aabfcd298bcaf379e7f064ad8010cd8ca67a057b647baa8bf9ef6e77,1500,pre_fed,A2C-MADRL,deterministic,9160163a531b1c58c2933fa3f809b9158e8f534c4f42091fa110e702ee1001ab
2,24,23,119.6,44.12,0.0,8.87,4.44,-0.49145036935806274,-0.4829317331314087,76.24864604598204,-22.429423154997856,76.24864604598204,-0.18947368421052882,0.9,0.9,2.4035834472354303,1.8244110854639075,-1.8244110854639075,842.2776153224034,119.10680096398887,16.18252632806486,-26.509825173357033,0.0,0.0,1.8244110854639075,16.18252632806486,0.0,148.0,37.23,0.0,0.9,16.19,0.0,0.0,0.0,inferred_20260921_seed0,0,11ed1195aabfcd298bcaf379e7f064ad8010cd8ca67a057b647baa8bf9ef6e77,1500,pre_fed,A2C-MADRL,deterministic,9160163a531b1c58c2933fa3f809b9158e8f534c4f42091fa110e702ee1001ab
3,24,23,134.98,44.12,0.0,8.87,4.44,0.42428287863731384,-0.5655602812767029,140.05323816203986,-25.60456356550793,140.05323816203986,-0.18947368421052882,0.9,0.9,3.6796752895565867,-45.32408918827275,45.32408918827275,1108.0509541583456,126.80720528531852,402.0246710999793,-205.60826518386395,0.0,45.32408918827275,0.0,-201.23895599593104,0.0,161.39,37.23,0.0,0.9,16.19,45.32408918827275,0.0,0.0,inferred_20260921_seed0,0,11ed1195aabfcd298bcaf379e7f064ad8010cd8ca67a057b647baa8bf9ef6e77,1500,pre_fed,A2C-MADRL,deterministic,9160163a531b1c58c2933fa3f809b9158e8f534c4f42091fa110e702ee1001ab
1,1,0,457.7,51.48,0.0,8.65,4.33,2.024773359298706,2.596263885498047,196.57366718503994,49.44727801114129,196.57366718503994,37.905,0.5,0.09999999999999992,5.719173343700799,177.46050615866085,-177.46050615866085,1500.3951500060846,846.5310470825,1535.0333782724165,-737.7035441643591,5.983544358993242,0.0,171.4769617996676,1509.1844666415657,0.0,447.3,44.12,0.0,0.5,8.87,0.0,0.0,0.0,inferred_20260921_seed0,0,11ed1195aabfcd298bcaf379e7f064ad8010cd8ca67a057b647baa8bf9ef6e77,1500,pre_fed,TRPO-MADRL,deterministic,26888b3366a2d64eafd5cf9f7ac936ff73f4e0f4abddb165bcc8c236d3758fc9
2,1,0,110.5,51.48,0.0,8.65,4.33,-1.0699937343597412,3.538388729095459,29.4757595499931,49.91562223888464,29.4757595499931,37.905,0.5,0.09999999999999992,2.3772151909998622,-5.983544358993242,5.983544358993242,539.0253492919333,876.5690861075,51.75765870529155,-51.602835125369864,0.0,5.983544358993242,0.0,-25.90874707444074,0.0,119.6,44.12,0.0,0.5,8.87,5.983544358993242,0.0,0.0,inferred_20260921_seed0,0,11ed1195aabfcd298bcaf379e7f064ad8010cd8ca67a057b647baa8bf9ef6e77,1500,pre_fed,TRPO-MADRL,deterministic,26888b3366a2d64eafd5cf9f7ac936ff73f4e0f4abddb165bcc8c236d3758fc9
3,1,0,124.71,51.48,0.0,8.65,4.33,-0.7291485667228699,14.994855880737305,37.745582478258775,49.99999999999055,37.745582478258775,37.905,0.5,0.09999999999999992,2.5426116495651754,0.12202917130639435,-0.12202917130639435,340.83675966660235,906.6071251325,1.055552331800311,-25.42387624529219,0.0,0.0,0.12202917130639435,1.055552331800311,0.0,134.98,44.12,0.0,0.5,8.87,0.0,0.0,0.0,inferred_20260921_seed0,0,11ed1195aabfcd298bcaf379e7f064ad8010cd8ca67a057b647baa8bf9ef6e77,1500,pre_fed,TRPO-MADRL,deterministic,26888b3366a2d64eafd5cf9f7ac936ff73f4e0f4abddb165bcc8c236d3758fc9
1,2,1,336.5,38.37,0.0,8.11,4.06,1.9182703495025635,15.094828605651855,195.77745560090426,49.999999999992255,195.77745560090426,-0.021052631578956735,0.09999999999999992,0.1,4.682528059386506,107.05612509006119,-107.05612509006119,1493.310424221841,1052.5389067811636,868.2251744803962,-441.6183151362384,60.00421798197485,0.0,47.05190710808634,625.208091653398,0.0,457.7,51.48,0.0,0.09999999999999992,8.65,0.0,0.0,0.0,inferred_20260921_seed0,0,11ed1195aabfcd298bcaf379e7f064ad8010cd8ca67a057b647baa8bf9ef6e77,1500,pre_fed,TRPO-MADRL,deterministic,26888b3366a2d64eafd5cf9f7ac936ff73f4e0f4abddb165bcc8c236d3758fc9
2,2,1,109.85,38.37,0.0,8.11,4.06,-0.03593200445175171,36.297035217285156,134.97168322543084,50.0,134.97168322543084,-0.021052631578956735,0.09999999999999992,0.1,3.466412611877038,-60.00421798197485,60.00421798197485,1270.0910607930132,1090.2561177506927,486.634207833816,-266.1923370960913,0.0,60.00421798197485,0.0,-243.61712500681784,0.0,110.5,51.48,0.0,0.09999999999999992,8.65,60.00421798197485,0.0,0.0,inferred_20260921_seed0,0,11ed1195aabfcd298bcaf379e7f064ad8010cd8ca67a057b647baa8bf9ef6e77,1500,pre_fed,TRPO-MADRL,deterministic,26888b3366a2d64eafd5cf9f7ac936ff73f4e0f4abddb165bcc8c236d3758fc9
3,2,1,123.98,38.37,0.0,8.11,4.06,-0.14499036967754364,21.674846649169922,85.601716479958,50.0,85.601716479958,-0.021052631578956735,0.09999999999999992,0.1,2.479013276967581,2.508349428588545,-2.508349428588545,674.9586844595495,1127.9733287202218,20.3427138658531,-45.21286150322932,0.0,0.0,2.508349428588545,20.3427138658531,0.0,124.71,51.48,0.0,0.09999999999999992,8.65,0.0,0.0,0.0,inferred_20260921_seed0,0,11ed1195aabfcd298bcaf379e7f064ad8010cd8ca67a057b647baa8bf9ef6e77,1500,pre_fed,TRPO-MADRL,deterministic,26888b3366a2d64eafd5cf9f7ac936ff73f4e0f4abddb165bcc8c236d3758fc9
1,3,2,274.9,43.56,0.0,8.25,4.13,1.8606226444244385,15.357023239135742,195.27363437994163,49.99999999999542,195.27363437994163,-0.02105263157894797,0.1,0.1,4.776251634967253,40.863669886604555,-40.863669886604555,1488.83270615327,1052.5389067811634,337.1252765644876,-202.5338067127081,40.863669886604555,0.0,0.0,168.7669566316768,0.0,336.5,38.37,0.0,0.1,8.11,0.0,0.0,0.0,inferred_20260921_seed0,0,11ed1195aabfcd298bcaf379e7f064ad8010cd8ca67a057b647baa8bf9ef6e77,1500,pre_fed,TRPO-MADRL,deterministic,26888b3366a2d64eafd5cf9f7ac936ff73f4e0f4abddb165bcc8c236d3758fc9
2,3,2,112.45,43.56,0.0,8.25,4.13,0.07447865605354309,35.98164749145508,150.40777474127603,50.0,150.40777474127603,-0.02105263157894797,0.1,0.1,3.8789344421939416,-77.61778766750312,77.61778766750312,1391.2471506703782,1090.2561177506923,640.3467482569008,-337.78610208402677,0.0,40.863669886604555,-36.75411778089857,-168.7669566316768,0.0,109.85,38.37,0.0,0.1,8.11,40.863669886604555,0.0,0.0,inferred_20260921_seed0,0,11ed1195aabfcd298bcaf379e7f064ad8010cd8ca67a057b647baa8bf9ef6e77,1500,pre_fed,TRPO-MADRL,deterministic,26888b3366a2d64eafd5cf9f7ac936ff73f4e0f4abddb165bcc8c236d3758fc9
3,3,2,126.91,43.56,0.0,8.25,4.13,-0.01190483570098877,21.402925491333008,98.80957266718589,50.0,98.80957266718589,-0.02105263157894797,0.1,0.1,2.8469704007121384,-12.59154963489479,12.59154963489479,774.8352678777329,1127.9733287202216,103.88028448788202,-84.802299951506,0.0,0.0,-12.59154963489479,0.0,0.0,123.98,38.37,0.0,0.1,8.11,0.0,0.0,0.0,inferred_20260921_seed0,0,11ed1195aabfcd298bcaf379e7f064ad8010cd8ca67a057b647baa8bf9ef6e77,1500,pre_fed,TRPO-MADRL,deterministic,26888b3366a2d64eafd5cf9f7ac936ff73f4e0f4abddb165bcc8c236d3758fc9
1,4,3,272.6,40.75,0.0,8.1,4.05,1.8146462440490723,15.793094635009766,194.83019033638192,49.99999999999808,194.83019033638192,-0.02105263157894797,0.1,0.1,4.711182754096059,41.752045049293116,-41.752045049293116,1484.894993562842,1052.5389067811634,338.1915648992742,-202.93488221155351,41.752045049293116,0.0,0.0,169.0957824496371,0.0,274.9,43.56,0.0,0.1,8.25,0.0,0.0,0.0,inferred_20260921_seed0,0,11ed1195aabfcd298bcaf379e7f064ad8010cd8ca67a057b647baa8bf9ef6e77,1500,pre_fed,TRPO-MADRL,deterministic,26888b3366a2d64eafd5cf9f7ac936ff73f4e0f4abddb165bcc8c236d3758fc9
2,4,3,110.5,40.75,0.0,8.1,4.05,0.03704780340194702,36.0909309387207,145.18432079784426,50.0,145.18432079784426,-0.02105263157894797,0.1,0.1,3.7182653633253064,-71.69500280294,71.69500280294,1349.8434433737937,1090.2561177506923,580.7295227038139,-310.130276439206,0.0,41.752045049293116,-29.94295775364688,-169.0957824496371,0.0,112.45,43.56,0.0,0.1,8.25,41.752045049293116,0.0,0.0,inferred_20260921_seed0,0,11ed1195aabfcd298bcaf379e7f064ad8010cd8ca67a057b647baa8bf9ef6e77,1500,pre_fed,TRPO-MADRL,deterministic,26888b3366a2d64eafd5cf9f7ac936ff73f4e0f4abddb165bcc8c236d3758fc9
3,4,3,124.71,40.75,0.0,8.1,4.05,-0.05308528244495392,21.521623611450195,94.69645270203648,50.0,94.69645270203648,-0.02105263157894797,0.1,0.1,2.7085080014091507,-8.00689206904839,8.00689206904839,743.3768626651477,1127.9733287202216,64.85582575929196,-66.61212541938878,0.0,0.0,-8.00689206904839,0.0,0.0,126.91,43.56,0.0,0.1,8.25,0.0,0.0,0.0,inferred_20260921_seed0,0,11ed1195aabfcd298bcaf379e7f064ad8010cd8ca67a057b647baa8bf9ef6e77,1500,pre_fed,TRPO-MADRL,deterministic,26888b3366a2d64eafd5cf9f7ac936ff73f4e0f4abddb165bcc8c236d3758fc9
1,5,4,245.3,27.74,0.0,8.14,4.07,1.8163955211639404,15.735185623168945,194.8477804705338,49.99999999999785,194.8477804705338,-0.02105263157894797,0.1,0.1,4.451334556779097,27.184606717824266,-27.184606717824266,1485.0511304812292,1052.5389067811634,221.28269868308954,-150.32901515263814,27.184606717824266,0.0,0.0,110.64134934154477,0.0,272.6,40.75,0.0,0.1,8.1,0.0,0.0,0.0,inferred_20260921_seed0,0,11ed1195aabfcd298bcaf379e7f064ad8010cd8ca67a057b647baa8bf9ef6e77,1500,pre_fed,TRPO-MADRL,deterministic,26888b3366a2d64eafd5cf9f7ac936ff73f4e0f4abddb165bcc8c236d3758fc9
2,5,4,113.75,27.74,0.0,8.14,4.07,0.055202752351760864,36.02977752685547,147.72054453733134,50.0,147.72054453733134,-0.02105263157894797,0.1,0.1,3.5087898381150477,-58.180702067637355,58.180702067637355,1369.8950234879253,1090.2561177506923,473.5909148305681,-262.318934498528,0.0,33.938886583591085,-24.24181548404627,-138.13126839521573,0.0,110.5,40.75,0.0,0.1,8.1,27.184606717824266,0.0,6.754279865766819,inferred_20260921_seed0,0,11ed1195aabfcd298bcaf379e7f064ad8010cd8ca67a057b647baa8bf9ef6e77,1500,pre_fed,TRPO-MADRL,deterministic,26888b3366a2d64eafd5cf9f7ac936ff73f4e0f4abddb165bcc8c236d3758fc9
3,5,4,128.38,27.74,0.0,8.14,4.07,-0.036126405000686646,21.461143493652344,96.388930319572,50.0,96.388930319572,-0.02105263157894797,0.1,0.1,2.482157553759861,6.754279865766819,-6.754279865766819,756.2825310941507,1127.9733287202216,54.979838107341905,-62.426044344591304,6.754279865766819,0.0,0.0,27.489919053670953,0.0,124.71,40.75,0.0,0.1,8.1,0.0,0.0,0.0,inferred_20260921_seed0,0,11ed1195aabfcd298bcaf379e7f064ad8010cd8ca67a057b647baa8bf9ef6e77,1500,pre_fed,TRPO-MADRL,deterministic,26888b3366a2d64eafd5cf9f7ac936ff73f4e0f4abddb165bcc8c236d3758fc9
1,6,5,233.7,30.15,0.0,8.13,4.07,1.8156960010528564,15.516254425048828,194.84075333714156,49.99999999999667,194.84075333714156,-0.02105263157894797,0.1,0.1,4.499394014111252,13.229693308548633,-13.229693308548633,1484.9887542924268,1052.5389067811634,107.55740659850039,-99.15138619079698,13.229693308548633,0.0,0.0,53.84485176579294,0.0,245.3,27.74,0.0,0.1,8.14,0.0,0.0,0.0,inferred_20260921_seed0,0,11ed1195aabfcd298bcaf379e7f064ad8010cd8ca67a057b647baa8bf9ef6e77,1500,pre_fed,TRPO-MADRL,deterministic,26888b3366a2d64eafd5cf9f7ac936ff73f4e0f4abddb165bcc8c236d3758fc9
2,6,5,120.25,30.15,0.0,8.13,4.07,0.1837279200553894,35.70698547363281,165.43634154909802,50.0,165.43634154909802,-0.02105263157894797,0.1,0.1,3.9113057783503815,-71.4039831391687,71.4039831391687,1512.6842115980153,1090.2561177506923,580.5143829214416,-313.29027890162286,0.0,13.229693308548633,-58.17428983062007,-53.84485176579294,0.0,113.75,27.74,0.0,0.1,8.14,13.229693308548633,0.0,0.0,inferred_20260921_seed0,0,11ed1195aabfcd298bcaf379e7f064ad8010cd8ca67a057b647baa8bf9ef6e77,1500,pre_fed,TRPO-MADRL,deterministic,26888b3366a2d64eafd5cf9f7ac936ff73f4e0f4abddb165bcc8c236d3758fc9
3,6,5,135.43,30.15,0.0,8.13,4.07,0.19888490438461304,21.10122299194336,119.630342993782,50.0,119.630342993782,-0.02105263157894797,0.1,0.1,2.995185807244061,-11.33410455495897,11.33410455495897,939.0107729595676,1127.9733287202216,92.14627003181643,-82.80550354791318,0.0,0.0,-11.33410455495897,0.0,0.0,128.38,27.74,0.0,0.1,8.14,0.0,0.0,0.0,inferred_20260921_seed0,0,11ed1195aabfcd298bcaf379e7f064ad8010cd8ca67a057b647baa8bf9ef6e77,1500,pre_fed,TRPO-MADRL,deterministic,26888b3366a2d64eafd5cf9f7ac936ff73f4e0f4abddb165bcc8c236d3758fc9
1,7,6,274.6,28.65,0.16,8.34,4.17,1.8049473762512207,15.640069961547852,194.73159622183138,49.9999999999974,194.73159622183138,-0.02105263157894797,0.1,0.1,4.470410871805049,55.54986728155265,-55.54986728155265,1484.0199263824047,1052.5389067811634,463.2858931281491,-259.20982857093844,55.54986728155265,0.0,0.0,231.64294656407455,0.0,233.7,30.15,0.0,0.1,8.13,0.0,0.0,0.0,inferred_20260921_seed0,0,11ed1195aabfcd298bcaf379e7f064ad8010cd8ca67a057b647baa8bf9ef6e77,1500,pre_fed,TRPO-MADRL,deterministic,26888b3366a2d64eafd5cf9f7ac936ff73f4e0f4abddb165bcc8c236d3758fc9
2,7,6,130.0,28.65,0.16,8.34,4.17,0.18293869495391846,35.72221374511719,165.32948212375302,50.0,165.32948212375302,-0.02105263157894797,0.1,0.1,3.8823685898434817,-60.23606090233059,60.23606090233059,1511.8086246736607,1090.2561177506923,502.3687479254371,-278.1072314149338,0.0,55.54986728155265,-4.686193620777942,-231.64294656407455,0.0,120.25,30.15,0.0,0.1,8.13,55.54986728155265,0.0,0.0,inferred_20260921_seed0,0,11ed1195aabfcd298bcaf379e7f064ad8010cd8ca67a057b647baa8bf9ef6e77,1500,pre_fed,TRPO-MADRL,deterministic,26888b3366a2d64eafd5cf9f7ac936ff73f4e0f4abddb165bcc8c236d3758fc9
3,7,6,146.72,28.65,0.16,8.34,4.17,0.21916773915290833,21.173114776611328,121.57246743087038,50.0,121.57246743087038,-0.02105263157894797,0.1,0.1,3.0072282959858287,-0.6341865033055853,0.6341865033055853,954.7447517270422,1127.9733287202216,5.289115437568582,-44.03446355585113,0.0,0.0,-0.6341865033055853,0.0,0.0,135.43,30.15,0.0,0.1,8.13,0.0,0.0,0.0,inferred_20260921_seed0,0,11ed1195aabfcd298bcaf379e7f064ad8010cd8ca67a057b647baa8bf9ef6e77,1500,pre_fed,TRPO-MADRL,deterministic,26888b3366a2d64eafd5cf9f7ac936ff73f4e0f4abddb165bcc8c236d3758fc9
1,8,7,291.0,23.38,1.77,9.35,4.68,1.8349368572235107,15.383599281311035,195.0306792476706,49.99999999999565,195.0306792476706,-0.02105263157894797,0.1,0.1,4.4031925323218335,75.24356591623018,-75.24356591623018,1486.6749086639188,1052.5389067811634,703.5273413167522,-367.37157990144016,34.55073067266278,0.0,40.6928352435674,542.175429075417,0.0,274.6,28.65,0.16,0.1,8.34,0.0,0.0,0.0,inferred_20260921_seed0,0,11ed1195aabfcd298bcaf379e7f064ad8010cd8ca67a057b647baa8bf9ef6e77,1500,pre_fed,TRPO-MADRL,deterministic,26888b3366a2d64eafd5cf9f7ac936ff73f4e0f4abddb165bcc8c236d3758fc9
2,8,7,157.95,23.38,1.77,9.35,4.68,0.2274150848388672,35.63900375366211,171.30036964450014,50.0,171.30036964450014,-0.02105263157894797,0.1,0.1,3.928586340258424,-34.55073067266278,34.55073067266278,1560.9991060473628,1090.2561177506923,323.049331789397,-198.39730378118978,0.0,34.55073067266278,0.0,-161.6974195480618,0.0,130.0,28.65,0.16,0.1,8.34,34.55073067266278,0.0,0.0,inferred_20260921_seed0,0,11ed1195aabfcd298bcaf379e7f064ad8010cd8ca67a057b647baa8bf9ef6e77,1500,pre_fed,TRPO-MADRL,deterministic,26888b3366a2d64eafd5cf9f7ac936ff73f4e0f4abddb165bcc8c236d3758fc9
3,8,7,178.26,23.38,1.77,9.35,4.68,0.34547698497772217,21.118438720703125,133.23582170162982,50.0,133.23582170162982,-0.02105263157894797,0.1,0.1,3.1672953814010176,23.062526311350126,-23.062526311350126,1050.7420738392998,1127.9733287202216,215.63462101112367,-140.6098875061961,0.0,0.0,23.062526311350126,215.63462101112367,0.0,146.72,28.65,0.16,0.1,8.34,0.0,0.0,0.0,inferred_20260921_seed0,0,11ed1195aabfcd298bcaf379e7f064ad8010cd8ca67a057b647baa8bf9ef6e77,1500,pre_fed,TRPO-MADRL,deterministic,26888b3366a2d64eafd5cf9f7ac936ff73f4e0f4abddb165bcc8c236d3758fc9
1,9,8,315.7,21.75,5.3,12.0,6.0,1.859611988067627,15.053954124450684,195.26429769580605,49.9999999999916,195.26429769580605,-0.02105263157894797,0.1,0.1,4.445864901284542,97.85261983705743,-97.85261983705743,1488.7497650525652,1052.5389067811634,1174.2314380446892,-579.2299205567847,44.72136288058593,0.0,53.1312569564715,905.9032607611737,0.0,291.0,23.38,1.77,0.1,9.35,0.0,0.0,0.0,inferred_20260921_seed0,0,11ed1195aabfcd298bcaf379e7f064ad8010cd8ca67a057b647baa8bf9ef6e77,1500,pre_fed,TRPO-MADRL,deterministic,26888b3366a2d64eafd5cf9f7ac936ff73f4e0f4abddb165bcc8c236d3758fc9
2,9,8,165.1,21.75,5.3,12.0,6.0,0.3498542904853821,35.4193229675293,187.0744841423809,50.0,187.0744841423809,-0.02105263157894797,0.1,0.1,4.282068630216039,-44.72136288058593,44.72136288058593,1693.5592258189718,1090.2561177506923,536.6563545670311,-297.1716664265573,0.0,44.72136288058593,0.0,-268.3281772835156,0.0,157.95,23.38,1.77,0.1,9.35,44.72136288058593,0.0,0.0,inferred_20260921_seed0,0,11ed1195aabfcd298bcaf379e7f064ad8010cd8ca67a057b647baa8bf9ef6e77,1500,pre_fed,TRPO-MADRL,deterministic,26888b3366a2d64eafd5cf9f7ac936ff73f4e0f4abddb165bcc8c236d3758fc9
3,9,8,186.33,21.75,5.3,12.0,6.0,0.7109367847442627,20.91356086730957,161.12639299576924,50.0,161.12639299576924,-0.02105263157894797,0.1,0.1,3.763106807283806,1.9377664430935226,-1.9377664430935226,1290.7806312437763,1127.9733287202216,23.25319731712227,-58.839017991984974,0.0,0.0,1.9377664430935226,23.25319731712227,0.0,178.26,23.38,1.77,0.1,9.35,0.0,0.0,0.0,inferred_20260921_seed0,0,11ed1195aabfcd298bcaf379e7f064ad8010cd8ca67a057b647baa8bf9ef6e77,1500,pre_fed,TRPO-MADRL,deterministic,26888b3366a2d64eafd5cf9f7ac936ff73f4e0f4abddb165bcc8c236d3758fc9
1,10,9,362.4,34.82,11.6,9.19,4.6,1.8943779468536377,14.647462844848633,195.5753558230802,49.99999999998106,195.5753558230802,-0.02105263157894797,0.1,0.1,4.839486063830025,125.26518287232878,-125.26518287232878,1491.5137657311466,1052.5389067811634,1151.1870305967013,-568.9152172187619,69.33011995798375,0.0,55.935062914345025,832.9617799895559,0.0,315.7,21.75,5.3,0.1,12.0,0.0,0.0,0.0,inferred_20260921_seed0,0,11ed1195aabfcd298bcaf379e7f064ad8010cd8ca67a057b647baa8bf9ef6e77,1500,pre_fed,TRPO-MADRL,deterministic,26888b3366a2d64eafd5cf9f7ac936ff73f4e0f4abddb165bcc8c236d3758fc9
2,10,9,169.0,34.82,11.6,9.19,4.6,0.3366129994392395,35.608089447021484,185.4230385106546,50.0,185.4230385106546,-0.02105263157894797,0.1,0.1,4.636439717581513,-58.18554616149413,58.18554616149413,1679.5038031404983,1090.2561177506923,534.725169224131,-296.02152456868276,0.0,58.18554616149413,0.0,-267.653512342873,0.0,165.1,21.75,5.3,0.1,12.0,58.18554616149413,0.0,0.0,inferred_20260921_seed0,0,11ed1195aabfcd298bcaf379e7f064ad8010cd8ca67a057b647baa8bf9ef6e77,1500,pre_fed,TRPO-MADRL,deterministic,26888b3366a2d64eafd5cf9f7ac936ff73f4e0f4abddb165bcc8c236d3758fc9
3,10,9,190.73,34.82,11.6,9.19,4.6,0.686850905418396,20.79686737060547,159.59551568922143,50.0,159.59551568922143,-0.02105263157894797,0.1,0.1,4.119889261152849,-11.144573796489624,11.144573796489624,1277.2218681214074,1127.9733287202216,102.41863318973964,-94.19228887221541,0.0,11.144573796489624,0.0,-51.26503946385227,0.0,186.33,21.75,5.3,0.1,12.0,11.144573796489624,0.0,0.0,inferred_20260921_seed0,0,11ed1195aabfcd298bcaf379e7f064ad8010cd8ca67a057b647baa8bf9ef6e77,1500,pre_fed,TRPO-MADRL,deterministic,26888b3366a2d64eafd5cf9f7ac936ff73f4e0f4abddb165bcc8c236d3758fc9
1,11,10,320.0,27.17,36.64,12.3,6.15,1.908813714981079,14.647054672241211,195.6985674251655,49.99999999998104,195.6985674251655,-0.02105263157894797,0.1,0.1,5.189750295871732,65.70223550228516,-65.70223550228516,1492.6090329392691,1052.5389067811634,808.1374966781076,-414.5648322995571,60.360759457326765,0.0,5.341476044958398,436.9188260155479,0.0,362.4,34.82,11.6,0.1,9.19,0.0,0.0,0.0,inferred_20260921_seed0,0,11ed1195aabfcd298bcaf379e7f064ad8010cd8ca67a057b647baa8bf9ef6e77,1500,pre_fed,TRPO-MADRL,deterministic,26888b3366a2d64eafd5cf9f7ac936ff73f4e0f4abddb165bcc8c236d3758fc9
2,11,10,173.55,27.17,36.64,12.3,6.15,0.15926575660705566,35.84263610839844,162.1105721303744,50.0,162.1105721303744,-0.02105263157894797,0.1,0.1,4.5179903899759095,-47.831529108819524,47.831529108819524,1485.5148154334502,1090.2561177506923,588.3278080384802,-316.26293228099894,0.0,47.831529108819524,0.0,-294.1639040192401,0.0,169.0,34.82,11.6,0.1,9.19,47.831529108819524,0.0,0.0,inferred_20260921_seed0,0,11ed1195aabfcd298bcaf379e7f064ad8010cd8ca67a057b647baa8bf9ef6e77,1500,pre_fed,TRPO-MADRL,deterministic,26888b3366a2d64eafd5cf9f7ac936ff73f4e0f4abddb165bcc8c236d3758fc9
3,11,10,195.87,27.17,36.64,12.3,6.15,0.5342633724212646,21.268945693969727,148.86332849740268,50.0,148.86332849740268,-0.02105263157894797,0.1,0.1,4.253045517316474,-12.529230348507241,12.529230348507241,1183.4186989975028,1127.9733287202216,154.10953328663908,-115.57713053334207,0.0,12.529230348507241,0.0,-77.05476664331954,0.0,190.73,34.82,11.6,0.1,9.19,12.529230348507241,0.0,0.0,inferred_20260921_seed0,0,11ed1195aabfcd298bcaf379e7f064ad8010cd8ca67a057b647baa8bf9ef6e77,1500,pre_fed,TRPO-MADRL,deterministic,26888b3366a2d64eafd5cf9f7ac936ff73f4e0f4abddb165bcc8c236d3758fc9
1,12,11,350.0,30.2,42.68,20.7,10.35,1.9478037357330322,13.326311111450195,196.0148187636527,49.99999999973398,196.0148187636527,-0.02105263157894797,0.1,0.1,5.377475322641475,86.50370919056775,-86.50370919056775,1495.421417645169,1052.5389067811634,1790.6267802447524,-856.7412575986652,61.31266425371132,0.0,25.19104493685643,1156.0407052188402,0.0,320.0,27.17,36.64,0.1,12.3,0.0,0.0,0.0,inferred_20260921_seed0,0,11ed1195aabfcd298bcaf379e7f064ad8010cd8ca67a057b647baa8bf9ef6e77,1500,pre_fed,TRPO-MADRL,deterministic,26888b3366a2d64eafd5cf9f7ac936ff73f4e0f4abddb165bcc8c236d3758fc9
2,12,11,168.35,30.2,42.68,20.7,10.35,-0.06684485077857971,36.31956481933594,130.6556343512902,50.0,130.6556343512902,-0.02105263157894797,0.1,0.1,4.070291634394224,-31.094290085317,31.094290085317,1236.8628035021375,1090.2561177506923,643.6518047660619,-336.18569056978447,0.0,31.094290085317,0.0,-321.82590238303095,0.0,173.55,27.17,36.64,0.1,12.3,31.094290085317,0.0,0.0,inferred_20260921_seed0,0,11ed1195aabfcd298bcaf379e7f064ad8010cd8ca67a057b647baa8bf9ef6e77,1500,pre_fed,TRPO-MADRL,deterministic,26888b3366a2d64eafd5cf9f7ac936ff73f4e0f4abddb165bcc8c236d3758fc9
3,12,11,190.0,30.2,42.68,20.7,10.35,0.5743363499641418,20.937231063842773,151.85367933402213,50.0,151.85367933402213,-0.02105263157894797,0.1,0.1,4.494252534048863,-30.21837416839432,30.21837416839432,1209.3355062398286,1127.9733287202216,625.5203452857623,-328.23033207779406,0.0,30.21837416839432,0.0,-312.7601726428812,0.0,195.87,27.17,36.64,0.1,12.3,30.21837416839432,0.0,0.0,inferred_20260921_seed0,0,11ed1195aabfcd298bcaf379e7f064ad8010cd8ca67a057b647baa8bf9ef6e77,1500,pre_fed,TRPO-MADRL,deterministic,26888b3366a2d64eafd5cf9f7ac936ff73f4e0f4abddb165bcc8c236d3758fc9
1,13,12,345.2,23.52,35.22,26.82,13.41,1.9954404830932617,12.548589706420898,196.37040265078357,49.99999999873982,196.37040265078357,-0.02105263157894797,0.1,0.1,5.101787000384093,95.21243698117945,-95.21243698117945,1498.585516964052,1052.5389067811634,2553.597559835233,-1200.141390400759,1.7329560949857523,0.0,93.4794808861937,2530.358618601474,0.0,350.0,30.2,42.68,0.1,20.7,0.0,0.0,0.0,inferred_20260921_seed0,0,11ed1195aabfcd298bcaf379e7f064ad8010cd8ca67a057b647baa8bf9ef6e77,1500,pre_fed,TRPO-MADRL,deterministic,26888b3366a2d64eafd5cf9f7ac936ff73f4e0f4abddb165bcc8c236d3758fc9
2,13,12,168.35,23.52,35.22,26.82,13.41,-0.1849384605884552,36.94450759887695,114.39981338374295,50.0,114.39981338374295,-0.02105263157894797,0.1,0.1,3.4623752150432803,-1.3063855371207467,1.3063855371207467,1114.2545515166476,1090.2561177506923,35.037260105578426,-59.85698043285709,0.0,1.3063855371207467,0.0,-17.518630052789213,0.0,168.35,30.2,42.68,0.1,20.7,1.3063855371207467,0.0,0.0,inferred_20260921_seed0,0,11ed1195aabfcd298bcaf379e7f064ad8010cd8ca67a057b647baa8bf9ef6e77,1500,pre_fed,TRPO-MADRL,deterministic,26888b3366a2d64eafd5cf9f7ac936ff73f4e0f4abddb165bcc8c236d3758fc9
3,13,12,190.0,23.52,35.22,26.82,13.41,0.3722277879714966,20.563169479370117,135.5938797314412,50.0,135.5938797314412,-0.02105263157894797,0.1,0.1,3.8862565419972452,-0.42657055786500564,0.42657055786500564,1070.4645933356064,1127.9733287202216,11.440622361939452,-49.11703850398932,0.0,0.42657055786500564,0.0,-5.720311180969726,0.0,190.0,30.2,42.68,0.1,20.7,0.42657055786500564,0.0,0.0,inferred_20260921_seed0,0,11ed1195aabfcd298bcaf379e7f064ad8010cd8ca67a057b647baa8bf9ef6e77,1500,pre_fed,TRPO-MADRL,deterministic,26888b3366a2d64eafd5cf9f7ac936ff73f4e0f4abddb165bcc8c236d3758fc9
1,14,13,320.6,39.48,35.46,27.35,13.68,2.005420207977295,12.446182250976562,196.44085279693627,49.99999999845338,196.44085279693627,-0.02105263157894797,0.1,0.1,5.427196003307147,54.66739583794981,-54.66739583794981,1499.212648043935,1052.5389067811634,1495.1532761679275,-723.8540053720693,31.739620681296515,0.0,22.927775156653297,1061.272661454604,0.0,345.2,23.52,35.22,0.1,26.82,0.0,0.0,0.0,inferred_20260921_seed0,0,11ed1195aabfcd298bcaf379e7f064ad8010cd8ca67a057b647baa8bf9ef6e77,1500,pre_fed,TRPO-MADRL,deterministic,26888b3366a2d64eafd5cf9f7ac936ff73f4e0f4abddb165bcc8c236d3758fc9
2,14,13,165.75,39.48,35.46,27.35,13.68,-0.10356181859970093,36.939876556396484,125.55295692600946,50.0,125.55295692600946,-0.02105263157894797,0.1,0.1,4.00943808588861,-30.712466208541912,30.712466208541912,1197.9437372855032,1090.2561177506923,839.9859508036213,-423.7576749623536,0.0,30.712466208541912,0.0,-420.14653773285335,0.0,168.35,23.52,35.22,0.1,26.82,30.712466208541912,0.0,0.0,inferred_20260921_seed0,0,11ed1195aabfcd298bcaf379e7f064ad8010cd8ca67a057b647baa8bf9ef6e77,1500,pre_fed,TRPO-MADRL,deterministic,26888b3366a2d64eafd5cf9f7ac936ff73f4e0f4abddb165bcc8c236d3758fc9
3,14,13,187.07,39.48,35.46,27.35,13.68,0.17184095084667206,19.985971450805664,117.01692454255301,50.0,117.01692454255301,-0.02105263157894797,0.1,0.1,3.8387174382194815,-1.027154472754603,1.027154472754603,917.9514575715096,1127.9733287202216,28.09267482983839,-53.560199399261904,0.0,1.027154472754603,0.0,-14.051473187282967,0.0,190.0,23.52,35.22,0.1,26.82,1.027154472754603,0.0,0.0,inferred_20260921_seed0,0,11ed1195aabfcd298bcaf379e7f064ad8010cd8ca67a057b647baa8bf9ef6e77,1500,pre_fed,TRPO-MADRL,deterministic,26888b3366a2d64eafd5cf9f7ac936ff73f4e0f4abddb165bcc8c236d3758fc9
1,15,14,333.2,35.74,34.83,13.81,6.91,1.9723520278930664,13.408327102661133,196.20212640728516,49.999999999774225,196.20212640728516,-0.02105263157894797,0.1,0.1,5.335021475514124,71.78394769980787,-71.78394769980787,1497.0878857442676,1052.5389067811634,991.3363177343467,-497.0938788309646,10.351101544284262,0.0,61.432846155523606,919.9137170787853,0.0,320.6,39.48,35.46,0.1,27.35,0.0,0.0,0.0,inferred_20260921_seed0,0,11ed1195aabfcd298bcaf379e7f064ad8010cd8ca67a057b647baa8bf9ef6e77,1500,pre_fed,TRPO-MADRL,deterministic,26888b3366a2d64eafd5cf9f7ac936ff73f4e0f4abddb165bcc8c236d3758fc9
2,15,14,170.3,35.74,34.83,13.81,6.91,-0.1894567608833313,37.31018829345703,113.7889113502364,50.0,113.7889113502364,-0.02105263157894797,0.1,0.1,3.686757174373149,-10.351101544284262,10.351101544284262,1109.7251807010098,1090.2561177506923,142.94871232656567,-108.3265465159886,0.0,10.351101544284262,0.0,-71.52611167100426,0.0,165.75,39.48,35.46,0.1,27.35,10.351101544284262,0.0,0.0,inferred_20260921_seed0,0,11ed1195aabfcd298bcaf379e7f064ad8010cd8ca67a057b647baa8bf9ef6e77,1500,pre_fed,TRPO-MADRL,deterministic,26888b3366a2d64eafd5cf9f7ac936ff73f4e0f4abddb165bcc8c236d3758fc9
3,15,14,192.2,35.74,34.83,13.81,6.91,0.21114158630371094,20.41042709350586,120.80589274505552,50.0,120.80589274505552,-0.02105263157894797,0.1,0.1,3.8270968022695313,4.672256688792942,-4.672256688792942,948.5258422071062,1127.9733287202216,64.52386487223053,-70.56572261105029,0.0,0.0,4.672256688792942,64.52386487223053,0.0,187.07,39.48,35.46,0.1,27.35,0.0,0.0,0.0,inferred_20260921_seed0,0,11ed1195aabfcd298bcaf379e7f064ad8010cd8ca67a057b647baa8bf9ef6e77,1500,pre_fed,TRPO-MADRL,deterministic,26888b3366a2d64eafd5cf9f7ac936ff73f4e0f4abddb165bcc8c236d3758fc9
1,16,15,316.8,18.06,23.62,17.31,8.66,1.9463741779327393,13.662408828735352,196.00363636625423,49.99999999986417,196.00363636625423,-0.02105263157894797,0.1,0.1,4.753251674693506,83.89066794001823,-83.89066794001823,1495.321946312212,1052.5389067811634,1452.1474620417155,-704.4235749806395,0.0,0.0,83.89066794001823,1452.1474620417155,0.0,333.2,35.74,34.83,0.1,13.81,0.0,0.0,0.0,inferred_20260921_seed0,0,11ed1195aabfcd298bcaf379e7f064ad8010cd8ca67a057b647baa8bf9ef6e77,1500,pre_fed,TRPO-MADRL,deterministic,26888b3366a2d64eafd5cf9f7ac936ff73f4e0f4abddb165bcc8c236d3758fc9
2,16,15,172.25,18.06,23.62,17.31,8.66,-0.11468285322189331,36.59272384643555,124.01442079239277,50.0,124.01442079239277,-0.02105263157894797,0.1,0.1,3.3134673632162763,9.890099202402467,-9.890099202402467,1186.286691990783,1090.2561177506923,171.1976171935867,-122.5697839319435,0.0,0.0,9.890099202402467,171.1976171935867,0.0,170.3,35.74,34.83,0.1,13.81,0.0,0.0,0.0,inferred_20260921_seed0,0,11ed1195aabfcd298bcaf379e7f064ad8010cd8ca67a057b647baa8bf9ef6e77,1500,pre_fed,TRPO-MADRL,deterministic,26888b3366a2d64eafd5cf9f7ac936ff73f4e0f4abddb165bcc8c236d3758fc9
3,16,15,194.4,18.06,23.62,17.31,8.66,0.46548062562942505,21.09893226623535,143.4540523668684,50.0,143.4540523668684,-0.02105263157894797,0.1,0.1,3.7022599947057895,12.98926025941634,-12.98926025941634,1136.9691630860295,1127.9733287202216,224.84409509049684,-146.4786926268486,0.0,0.0,12.98926025941634,224.84409509049684,0.0,192.2,35.74,34.83,0.1,13.81,0.0,0.0,0.0,inferred_20260921_seed0,0,11ed1195aabfcd298bcaf379e7f064ad8010cd8ca67a057b647baa8bf9ef6e77,1500,pre_fed,TRPO-MADRL,deterministic,26888b3366a2d64eafd5cf9f7ac936ff73f4e0f4abddb165bcc8c236d3758fc9
1,17,16,291.3,24.27,14.18,16.42,8.21,1.9512696266174316,13.459709167480469,196.0418028241933,49.99999999979627,196.0418028241933,-0.02105263157894797,0.1,0.1,4.689415003852288,61.518664811237926,-61.518664811237926,1495.6614586363207,1052.5389067811634,1010.1364762005269,-505.5254215985868,27.562272635327986,0.0,33.95639217590994,783.8502178644841,0.0,316.8,18.06,23.62,0.1,17.31,0.0,0.0,0.0,inferred_20260921_seed0,0,11ed1195aabfcd298bcaf379e7f064ad8010cd8ca67a057b647baa8bf9ef6e77,1500,pre_fed,TRPO-MADRL,deterministic,26888b3366a2d64eafd5cf9f7ac936ff73f4e0f4abddb165bcc8c236d3758fc9
2,17,16,165.75,24.27,14.18,16.42,8.21,0.1353088617324829,36.170166015625,158.82847368803607,50.0,158.82847368803607,-0.02105263157894797,0.1,0.1,3.9451484211291428,-27.562272635327986,27.562272635327986,1458.8670093589858,1090.2561177506923,452.57251667208556,-254.64009504463206,0.0,27.562272635327986,0.0,-226.28625833604278,0.0,172.25,18.06,23.62,0.1,17.31,27.562272635327986,0.0,0.0,inferred_20260921_seed0,0,11ed1195aabfcd298bcaf379e7f064ad8010cd8ca67a057b647baa8bf9ef6e77,1500,pre_fed,TRPO-MADRL,deterministic,26888b3366a2d64eafd5cf9f7ac936ff73f4e0f4abddb165bcc8c236d3758fc9
3,17,16,187.07,24.27,14.18,16.42,8.21,0.5634123086929321,20.45999526977539,151.05048350492626,50.0,151.05048350492626,-0.02105263157894797,0.1,0.1,3.7895886174669466,1.3801577441196002,-1.3801577441196002,1202.3576705508056,1127.9733287202216,22.66219015844384,-56.804605556720276,0.0,0.0,1.3801577441196002,22.66219015844384,0.0,194.4,18.06,23.62,0.1,17.31,0.0,0.0,0.0,inferred_20260921_seed0,0,11ed1195aabfcd298bcaf379e7f064ad8010cd8ca67a057b647baa8bf9ef6e77,1500,pre_fed,TRPO-MADRL,deterministic,26888b3366a2d64eafd5cf9f7ac936ff73f4e0f4abddb165bcc8c236d3758fc9
1,18,17,413.8,26.26,4.67,9.83,4.92,1.9072988033294678,14.385451316833496,195.68579663367828,49.99999999996801,195.68579663367828,-0.02105263157894797,0.1,0.1,4.531894880041986,191.7371508779427,-191.7371508779427,1492.4954978783137,1052.5389067811634,1884.7761931301768,-899.0499750017691,28.927438020023544,0.0,162.80971285791915,1742.742472451861,0.0,291.3,24.27,14.18,0.1,16.42,0.0,0.0,0.0,inferred_20260921_seed0,0,11ed1195aabfcd298bcaf379e7f064ad8010cd8ca67a057b647baa8bf9ef6e77,1500,pre_fed,TRPO-MADRL,deterministic,26888b3366a2d64eafd5cf9f7ac936ff73f4e0f4abddb165bcc8c236d3758fc9
2,18,17,164.25,26.26,4.67,9.83,4.92,0.18945527076721191,36.14638137817383,166.21088734588872,50.0,166.21088734588872,-0.02105263157894797,0.1,0.1,3.942396694286195,-28.927438020023544,28.927438020023544,1519.0358890741866,1090.2561177506923,284.35671573683146,-180.14636221807172,0.0,28.927438020023544,0.0,-142.32299505851583,0.0,165.75,24.27,14.18,0.1,16.42,28.927438020023544,0.0,0.0,inferred_20260921_seed0,0,11ed1195aabfcd298bcaf379e7f064ad8010cd8ca67a057b647baa8bf9ef6e77,1500,pre_fed,TRPO-MADRL,deterministic,26888b3366a2d64eafd5cf9f7ac936ff73f4e0f4abddb165bcc8c236d3758fc9
3,18,17,185.6,26.26,4.67,9.83,4.92,0.4936861991882324,20.718524932861328,145.71372190547737,50.0,145.71372190547737,-0.02105263157894797,0.1,0.1,3.532453385477968,12.509784111579563,-12.509784111579563,1156.305367410518,1127.9733287202216,122.97117781682711,-101.022603940187,0.0,0.0,12.509784111579563,122.97117781682711,0.0,187.07,24.27,14.18,0.1,16.42,0.0,0.0,0.0,inferred_20260921_seed0,0,11ed1195aabfcd298bcaf379e7f064ad8010cd8ca67a057b647baa8bf9ef6e77,1500,pre_fed,TRPO-MADRL,deterministic,26888b3366a2d64eafd5cf9f7ac936ff73f4e0f4abddb165bcc8c236d3758fc9
1,19,18,539.8,26.77,0.18,8.63,4.32,1.9423880577087402,14.289926528930664,195.97229323608815,49.99999999996128,195.97229323608815,-0.02105263157894797,0.1,0.1,4.458024812090184,321.3567842075809,-321.3567842075809,1495.0431490117357,1052.5389067811634,2773.309047711424,-1298.9407125859987,41.89231947380654,0.0,279.4644647337744,2592.7531507793174,0.0,413.8,26.26,4.67,0.1,9.83,0.0,0.0,0.0,inferred_20260921_seed0,0,11ed1195aabfcd298bcaf379e7f064ad8010cd8ca67a057b647baa8bf9ef6e77,1500,pre_fed,TRPO-MADRL,deterministic,26888b3366a2d64eafd5cf9f7ac936ff73f4e0f4abddb165bcc8c236d3758fc9
2,19,18,162.5,26.77,0.18,8.63,4.32,0.30665427446365356,35.55628967285156,181.63464393138153,50.0,181.63464393138153,-0.02105263157894797,0.1,0.1,4.171271825996052,-41.89231947380654,41.89231947380654,1647.417470988453,1090.2561177506923,361.5307170589505,-217.4422944513106,0.0,41.89231947380654,0.0,-180.97482012684426,0.0,164.25,26.26,4.67,0.1,9.83,41.89231947380654,0.0,0.0,inferred_20260921_seed0,0,11ed1195aabfcd298bcaf379e7f064ad8010cd8ca67a057b647baa8bf9ef6e77,1500,pre_fed,TRPO-MADRL,deterministic,26888b3366a2d64eafd5cf9f7ac936ff73f4e0f4abddb165bcc8c236d3758fc9
3,19,18,183.4,26.77,0.18,8.63,4.32,0.669550359249115,21.001516342163086,158.468403205485,50.0,158.468403205485,-0.02105263157894797,0.1,0.1,3.7079470114781214,1.7105964375720646,-1.7105964375720646,1267.2676533615813,1127.9733287202216,14.762447256246919,-54.54792090694717,0.0,0.0,1.7105964375720646,14.762447256246919,0.0,185.6,26.26,4.67,0.1,9.83,0.0,0.0,0.0,inferred_20260921_seed0,0,11ed1195aabfcd298bcaf379e7f064ad8010cd8ca67a057b647baa8bf9ef6e77,1500,pre_fed,TRPO-MADRL,deterministic,26888b3366a2d64eafd5cf9f7ac936ff73f4e0f4abddb165bcc8c236d3758fc9
1,20,19,557.2,26.22,0.0,8.87,4.44,2.0075018405914307,13.702579498291016,196.45537759915524,49.99999999987466,196.45537759915524,-0.02105263157894797,0.1,0.1,4.453086499351526,338.99876153177524,-338.99876153177524,1499.341954506944,1052.5389067811634,3006.919014786846,-1404.151173879843,43.7931034500576,0.0,295.2056580817176,2812.9155665030908,0.0,539.8,26.77,0.18,0.1,8.63,0.0,0.0,0.0,inferred_20260921_seed0,0,11ed1195aabfcd298bcaf379e7f064ad8010cd8ca67a057b647baa8bf9ef6e77,1500,pre_fed,TRPO-MADRL,deterministic,26888b3366a2d64eafd5cf9f7ac936ff73f4e0f4abddb165bcc8c236d3758fc9
2,20,19,165.75,26.22,0.0,8.87,4.44,0.3542584776878357,35.381866455078125,187.62054594796427,50.0,187.62054594796427,-0.02105263157894797,0.1,0.1,4.2763898663277065,-43.7931034500576,43.7931034500576,1698.2158673742097,1090.2561177506923,388.4448276020109,-230.56961212340295,0.0,43.7931034500576,0.0,-194.44137931825577,0.0,162.5,26.77,0.18,0.1,8.63,43.7931034500576,0.0,0.0,inferred_20260921_seed0,0,11ed1195aabfcd298bcaf379e7f064ad8010cd8ca67a057b647baa8bf9ef6e77,1500,pre_fed,TRPO-MADRL,deterministic,26888b3366a2d64eafd5cf9f7ac936ff73f4e0f4abddb165bcc8c236d3758fc9
3,20,19,187.07,26.22,0.0,8.87,4.44,0.720973551273346,21.033512115478516,161.75119806874227,50.0,161.75119806874227,-0.02105263157894797,0.1,0.1,3.759002908743266,2.8788574715799484,-2.8788574715799484,1296.3272365077908,1127.9733287202216,25.53546577291414,-59.97697090237161,0.0,0.0,2.8788574715799484,25.53546577291414,0.0,183.4,26.77,0.18,0.1,8.63,0.0,0.0,0.0,inferred_20260921_seed0,0,11ed1195aabfcd298bcaf379e7f064ad8010cd8ca67a057b647baa8bf9ef6e77,1500,pre_fed,TRPO-MADRL,deterministic,26888b3366a2d64eafd5cf9f7ac936ff73f4e0f4abddb165bcc8c236d3758fc9
1,21,20,557.1,32.84,0.0,8.35,4.18,2.019240617752075,13.555234909057617,196.5362028917271,49.9999999998317,196.5362028917271,-0.02105263157894797,0.1,0.1,4.587103005202963,332.3319527450549,-332.3319527450549,1500.0615608221738,1052.5389067811634,2774.971805421208,-1299.7893217916105,51.511653041237366,0.0,280.82029970381757,2560.168212239249,5.684341886080802e-14,557.2,26.22,0.0,0.1,8.87,0.0,0.0,0.0,inferred_20260921_seed0,0,11ed1195aabfcd298bcaf379e7f064ad8010cd8ca67a057b647baa8bf9ef6e77,1500,pre_fed,TRPO-MADRL,deterministic,26888b3366a2d64eafd5cf9f7ac936ff73f4e0f4abddb165bcc8c236d3758fc9
2,21,20,169.0,32.84,0.0,8.35,4.18,0.37267303466796875,35.35862350463867,189.88586021818267,50.0,189.88586021818267,-0.02105263157894797,0.1,0.1,4.454096151732075,-49.25071143487165,49.25071143487165,1717.5821493613514,1090.2561177506923,411.24344048117825,-241.2163135587711,0.0,49.25071143487165,0.0,-205.86797379776348,0.0,165.75,26.22,0.0,0.1,8.87,49.25071143487165,0.0,0.0,inferred_20260921_seed0,0,11ed1195aabfcd298bcaf379e7f064ad8010cd8ca67a057b647baa8bf9ef6e77,1500,pre_fed,TRPO-MADRL,deterministic,26888b3366a2d64eafd5cf9f7ac936ff73f4e0f4abddb165bcc8c236d3758fc9
3,21,20,190.73,32.84,0.0,8.35,4.18,0.760049045085907,21.008235931396484,164.11058488297252,50.0,164.11058488297252,-0.02105263157894797,0.1,0.1,3.9385906450278716,-2.2609416063657193,2.2609416063657193,1317.3391968410679,1127.9733287202216,18.878862413153755,-57.401738597144984,0.0,2.2609416063657193,0.0,-9.450735914608705,0.0,187.07,26.22,0.0,0.1,8.87,2.2609416063657193,0.0,0.0,inferred_20260921_seed0,0,11ed1195aabfcd298bcaf379e7f064ad8010cd8ca67a057b647baa8bf9ef6e77,1500,pre_fed,TRPO-MADRL,deterministic,26888b3366a2d64eafd5cf9f7ac936ff73f4e0f4abddb165bcc8c236d3758fc9
1,22,21,535.0,36.02,0.0,16.44,8.22,2.007586717605591,13.849353790283203,196.45596860045745,49.99999999990654,196.45596860045745,-0.02105263157894797,0.1,0.1,4.64909831937757,307.1941823504991,-307.1941823504991,1499.3472159444423,1052.5389067811634,5050.272357842206,-2323.660283483505,61.49328689124562,0.0,245.70089545925347,4544.797539596167,0.0,557.1,32.84,0.0,0.1,8.35,0.0,0.0,0.0,inferred_20260921_seed0,0,11ed1195aabfcd298bcaf379e7f064ad8010cd8ca67a057b647baa8bf9ef6e77,1500,pre_fed,TRPO-MADRL,deterministic,26888b3366a2d64eafd5cf9f7ac936ff73f4e0f4abddb165bcc8c236d3758fc9
2,22,21,161.2,36.02,0.0,16.44,8.22,0.3202275037765503,35.468727111816406,183.35976636368514,50.0,183.35976636368514,-0.02105263157894797,0.1,0.1,4.387174274642124,-53.77153945746409,53.77153945746409,1662.0015827449151,1090.2561177506923,884.0041086807097,-452.84700291623153,0.0,53.77153945746409,0.0,-442.00205434035485,0.0,169.0,32.84,0.0,0.1,8.35,53.77153945746409,0.0,0.0,inferred_20260921_seed0,0,11ed1195aabfcd298bcaf379e7f064ad8010cd8ca67a057b647baa8bf9ef6e77,1500,pre_fed,TRPO-MADRL,deterministic,26888b3366a2d64eafd5cf9f7ac936ff73f4e0f4abddb165bcc8c236d3758fc9
3,22,21,181.93,36.02,0.0,16.44,8.22,0.6553080081939697,21.218687057495117,157.5232438905397,50.0,157.5232438905397,-0.02105263157894797,0.1,0.1,3.8704438251792155,-7.72174743378153,7.72174743378153,1258.9389844791208,1127.9733287202216,126.94552781136836,-104.86373377910262,0.0,7.72174743378153,0.0,-63.47276390568418,0.0,190.73,32.84,0.0,0.1,8.35,7.72174743378153,0.0,0.0,inferred_20260921_seed0,0,11ed1195aabfcd298bcaf379e7f064ad8010cd8ca67a057b647baa8bf9ef6e77,1500,pre_fed,TRPO-MADRL,deterministic,26888b3366a2d64eafd5cf9f7ac936ff73f4e0f4abddb165bcc8c236d3758fc9
1,23,22,437.8,37.23,0.0,16.19,8.1,2.011354923248291,13.863449096679688,196.48210944928337,49.999999999909136,196.48210944928337,-0.02105263157894797,0.1,0.1,4.673821136354088,208.7827643186497,-208.7827643186497,1499.5799426523863,1052.5389067811634,3380.192954318939,-1572.1292064321938,64.92185287862122,0.0,143.86091144002847,2854.975164530893,0.0,535.0,36.02,0.0,0.1,16.44,0.0,0.0,0.0,inferred_20260921_seed0,0,11ed1195aabfcd298bcaf379e7f064ad8010cd8ca67a057b647baa8bf9ef6e77,1500,pre_fed,TRPO-MADRL,deterministic,26888b3366a2d64eafd5cf9f7ac936ff73f4e0f4abddb165bcc8c236d3758fc9
2,23,22,148.0,37.23,0.0,16.19,8.1,0.25245118141174316,36.19743728637695,174.6109991187737,50.0,174.6109991187737,-0.02105263157894797,0.1,0.1,4.236398929743895,-59.58354755745083,59.58354755745083,1588.5068826953832,1090.2561177506923,964.657634955129,-487.6711957387296,0.0,59.58354755745083,0.0,-482.6267352153517,0.0,161.2,36.02,0.0,0.1,16.44,59.58354755745083,0.0,0.0,inferred_20260921_seed0,0,11ed1195aabfcd298bcaf379e7f064ad8010cd8ca67a057b647baa8bf9ef6e77,1500,pre_fed,TRPO-MADRL,deterministic,26888b3366a2d64eafd5cf9f7ac936ff73f4e0f4abddb165bcc8c236d3758fc9
3,23,22,161.39,37.23,0.0,16.19,8.1,0.341952919960022,21.075275421142578,132.9219764286916,50.0,132.9219764286916,-0.02105263157894797,0.1,0.1,3.402618475942253,-5.338305321170395,5.338305321170395,1048.12507531894,1127.9733287202216,86.42716314974871,-82.41419149817014,0.0,5.338305321170395,0.0,-43.2402731014802,0.0,181.93,36.02,0.0,0.1,16.44,5.338305321170395,0.0,0.0,inferred_20260921_seed0,0,11ed1195aabfcd298bcaf379e7f064ad8010cd8ca67a057b647baa8bf9ef6e77,1500,pre_fed,TRPO-MADRL,deterministic,26888b3366a2d64eafd5cf9f7ac936ff73f4e0f4abddb165bcc8c236d3758fc9
1,24,23,447.3,44.12,0.0,8.87,4.44,1.951110601425171,14.545271873474121,196.04056864456638,49.999999999976765,196.04056864456638,-0.02105263157894797,0.1,0.1,4.802790320259748,211.96327430727234,-211.96327430727234,1495.6504795382477,1052.5389067811634,1880.1142431055055,-897.0151971238657,113.11074345209119,0.0,98.85253085518116,1379.0336496127418,0.0,437.8,37.23,0.0,0.1,16.19,0.0,0.0,0.0,inferred_20260921_seed0,0,11ed1195aabfcd298bcaf379e7f064ad8010cd8ca67a057b647baa8bf9ef6e77,1500,pre_fed,TRPO-MADRL,deterministic,26888b3366a2d64eafd5cf9f7ac936ff73f4e0f4abddb165bcc8c236d3758fc9
2,24,23,119.6,44.12,0.0,8.87,4.44,0.20446091890335083,36.29273986816406,168.23221173519718,50.0,168.23221173519718,-0.02105263157894797,0.1,0.1,4.246623182072365,-88.48453592154587,88.48453592154587,1535.6547483523232,1090.2561177506923,784.8578336241118,-405.7042424529106,0.0,88.48453592154587,0.0,-392.8713394916637,0.0,148.0,37.23,0.0,0.1,16.19,88.48453592154587,0.0,0.0,inferred_20260921_seed0,0,11ed1195aabfcd298bcaf379e7f064ad8010cd8ca67a057b647baa8bf9ef6e77,1500,pre_fed,TRPO-MADRL,deterministic,26888b3366a2d64eafd5cf9f7ac936ff73f4e0f4abddb165bcc8c236d3758fc9
3,24,23,134.98,44.12,0.0,8.87,4.44,0.1898954063653946,21.109966278076172,118.76452970356397,50.0,118.76452970356397,-0.02105263157894797,0.1,0.1,3.2572695414397006,-24.626207530545315,24.626207530545315,932.0195459769395,1127.9733287202216,218.43446079593693,-139.49536485211485,0.0,24.626207530545315,0.0,-109.3403614356212,0.0,161.39,37.23,0.0,0.1,16.19,24.626207530545315,0.0,0.0,inferred_20260921_seed0,0,11ed1195aabfcd298bcaf379e7f064ad8010cd8ca67a057b647baa8bf9ef6e77,1500,pre_fed,TRPO-MADRL,deterministic,26888b3366a2d64eafd5cf9f7ac936ff73f4e0f4abddb165bcc8c236d3758fc9
1,1,0,457.7,51.48,0.0,8.65,4.33,3.3188600540161133,0.6686252951622009,199.73834067162645,29.203743841864497,199.73834067162645,29.203743841864497,0.5,0.19159217008563684,5.608441690269818,182.88635717677892,-182.88635717677892,1528.6560869891662,769.4225704130413,1581.9669895791376,-757.8467184586561,54.4853599966135,0.0,128.4009971801654,1346.5902343937673,0.0,447.3,44.12,0.0,0.5,8.87,0.0,0.0,0.0,inferred_20260921_seed1,1,11ed1195aabfcd298bcaf379e7f064ad8010cd8ca67a057b647baa8bf9ef6e77,1500,pre_fed,F-MADRL,deterministic,90b130ce724bf41b6b32ce725412fb088369580335f697bd23e50b1a9071cace
2,1,0,110.5,51.48,0.0,8.65,4.33,-0.6363969445228577,0.36388787627220154,61.25822066238733,17.43169871393501,61.25822066238733,17.43169871393501,0.5,0.31550843459015776,2.6033983875264473,-17.0665209887959,17.0665209887959,741.4662223126452,692.575769259035,147.62540655308456,-95.11227278032166,0.0,17.0665209887959,0.0,-73.89803588148625,0.0,119.6,44.12,0.0,0.5,8.87,17.0665209887959,0.0,0.0,inferred_20260921_seed1,1,11ed1195aabfcd298bcaf379e7f064ad8010cd8ca67a057b647baa8bf9ef6e77,1500,pre_fed,F-MADRL,deterministic,90b130ce724bf41b6b32ce725412fb088369580335f697bd23e50b1a9071cace
3,1,0,124.71,51.48,0.0,8.65,4.33,0.4334045350551605,-0.6001740097999573,140.81625967083545,-26.85866884653178,140.81625967083545,-26.85866884653178,0.5,0.7541573540420519,3.3087518164860734,-37.418839007817596,37.418839007817596,1114.5200490705533,354.42550915935004,323.67295741762223,-175.03174200252806,0.0,37.418839007817596,0.0,-162.02357290385018,0.0,134.98,44.12,0.0,0.5,8.87,37.418839007817596,0.0,0.0,inferred_20260921_seed1,1,11ed1195aabfcd298bcaf379e7f064ad8010cd8ca67a057b647baa8bf9ef6e77,1500,pre_fed,F-MADRL,deterministic,90b130ce724bf41b6b32ce725412fb088369580335f697bd23e50b1a9071cace
1,2,1,336.5,38.37,0.0,8.11,4.06,3.2945432662963867,0.6548953652381897,199.72531863254065,28.747813540672524,199.72531863254065,8.664853645819228,0.19159217008563684,0.1,4.935203445567198,94.67503116720732,-94.67503116720732,1528.5394660913785,1004.0660194887514,767.8145027660513,-396.16863595632566,45.22134039558286,0.0,49.453690771624466,584.6680741639407,0.0,457.7,51.48,0.0,0.19159217008563684,8.65,0.0,0.0,0.0,inferred_20260921_seed1,1,11ed1195aabfcd298bcaf379e7f064ad8010cd8ca67a057b647baa8bf9ef6e77,1500,pre_fed,F-MADRL,deterministic,90b130ce724bf41b6b32ce725412fb088369580335f697bd23e50b1a9071cace
2,2,1,109.85,38.37,0.0,8.11,4.06,-0.5642063617706299,0.3407246768474579,68.44716090615293,16.406210132695715,68.44716090615293,16.406210132695715,0.31550843459015776,0.14218046895575936,2.4644674207769732,-10.90890361807169,10.90890361807169,789.3859791014058,934.7454320780151,88.4712083425614,-74.29467197774105,0.0,10.90890361807169,0.0,-44.29014868937106,0.0,110.5,51.48,0.0,0.31550843459015776,8.65,10.90890361807169,0.0,0.0,inferred_20260921_seed1,1,11ed1195aabfcd298bcaf379e7f064ad8010cd8ca67a057b647baa8bf9ef6e77,1500,pre_fed,F-MADRL,deterministic,90b130ce724bf41b6b32ce725412fb088369580335f697bd23e50b1a9071cace
3,2,1,123.98,38.37,0.0,8.11,4.06,0.40783777832984924,-0.6324688792228699,138.66352210945948,-27.987494417826515,138.66352210945948,-15.510627438529712,0.7541573540420519,0.9,3.2304578934185955,-34.31243677751117,34.31243677751117,1096.297000912065,168.53689927894578,278.27386226561555,-150.5199160233472,0.0,34.31243677751117,0.0,-139.30849331669532,0.0,124.71,51.48,0.0,0.7541573540420519,8.65,34.31243677751117,0.0,0.0,inferred_20260921_seed1,1,11ed1195aabfcd298bcaf379e7f064ad8010cd8ca67a057b647baa8bf9ef6e77,1500,pre_fed,F-MADRL,deterministic,90b130ce724bf41b6b32ce725412fb088369580335f697bd23e50b1a9071cace
1,3,2,274.9,43.56,0.0,8.25,4.13,3.076183557510376,0.6128326654434204,199.57521661574822,27.30590054410043,199.57521661574822,-0.02105263157894797,0.1,0.1,4.8622832796833855,36.64811929551411,-36.64811929551411,1527.1954024485847,1052.5389067811634,302.3469841879914,-187.65082906919108,36.64811929551411,0.0,0.0,151.35673269047328,0.0,336.5,38.37,0.0,0.1,8.11,0.0,0.0,0.0,inferred_20260921_seed1,1,11ed1195aabfcd298bcaf379e7f064ad8010cd8ca67a057b647baa8bf9ef6e77,1500,pre_fed,F-MADRL,deterministic,90b130ce724bf41b6b32ce725412fb088369580335f697bd23e50b1a9071cace
2,3,2,112.45,43.56,0.0,8.25,4.13,-0.40873613953590393,0.2881898880004883,85.7641366874971,14.023396811719133,85.7641366874971,3.9801302616955456,0.14218046895575936,0.1,2.6660853389838532,-18.188181610208787,18.188181610208787,908.0419986622964,1066.9916571222432,150.05249828422248,-107.0242973435909,0.0,18.188181610208787,0.0,-75.11719005016229,0.0,109.85,38.37,0.0,0.14218046895575936,8.11,18.188181610208787,0.0,0.0,inferred_20260921_seed1,1,11ed1195aabfcd298bcaf379e7f064ad8010cd8ca67a057b647baa8bf9ef6e77,1500,pre_fed,F-MADRL,deterministic,90b130ce724bf41b6b32ce725412fb088369580335f697bd23e50b1a9071cace
3,3,2,126.91,43.56,0.0,8.25,4.13,0.3828607499599457,-0.6142380833625793,136.51892847516544,-27.35517565272565,136.51892847516544,-0.18947368421052882,0.9,0.9,3.5977890958190986,-49.38166569513581,49.38166569513581,1078.230443844781,126.80720528531852,407.3987419848704,-207.43018687579368,0.0,18.45993768530532,-30.92172800983049,-76.23954264031097,0.0,123.98,38.37,0.0,0.9,8.11,18.45993768530532,0.0,0.0,inferred_20260921_seed1,1,11ed1195aabfcd298bcaf379e7f064ad8010cd8ca67a057b647baa8bf9ef6e77,1500,pre_fed,F-MADRL,deterministic,90b130ce724bf41b6b32ce725412fb088369580335f697bd23e50b1a9071cace
1,4,3,272.6,40.75,0.0,8.1,4.05,3.039926290512085,0.6071985960006714,199.54334226792318,27.107605661913357,199.54334226792318,-0.02105263157894797,0.1,0.1,4.805445792726885,37.13315615638268,-37.13315615638268,1526.9100358644941,1052.5389067811634,300.7785648666997,-186.939333042928,37.13315615638268,0.0,0.0,150.38928243334985,0.0,274.9,43.56,0.0,0.1,8.25,0.0,0.0,0.0,inferred_20260921_seed1,1,11ed1195aabfcd298bcaf379e7f064ad8010cd8ca67a057b647baa8bf9ef6e77,1500,pre_fed,F-MADRL,deterministic,90b130ce724bf41b6b32ce725412fb088369580335f697bd23e50b1a9071cace
2,4,3,110.5,40.75,0.0,8.1,4.05,-0.4035153090953827,0.2896214723587036,86.38661182399774,14.089318932690432,86.38661182399774,-0.02105263157894797,0.1,0.1,2.542311183848376,-14.073248008570417,14.073248008570417,912.3920700987757,1090.2561177506923,113.99330886942037,-91.34995274822853,0.0,14.073248008570417,0.0,-56.99665443471019,0.0,112.45,43.56,0.0,0.1,8.25,14.073248008570417,0.0,0.0,inferred_20260921_seed1,1,11ed1195aabfcd298bcaf379e7f064ad8010cd8ca67a057b647baa8bf9ef6e77,1500,pre_fed,F-MADRL,deterministic,90b130ce724bf41b6b32ce725412fb088369580335f697bd23e50b1a9071cace
3,4,3,124.71,40.75,0.0,8.1,4.05,0.39032530784606934,-0.6270912885665894,137.16406391465202,-27.802304547468825,137.16406391465202,-0.18947368421052882,0.9,0.9,3.55449180460883,-49.46009842583267,49.46009842583267,1083.6560254251642,126.80720528531852,400.6267972492446,-204.4913233763697,0.0,23.059908147812266,-26.400190278020403,-93.39262799863967,0.0,126.91,43.56,0.0,0.9,8.25,23.059908147812266,0.0,0.0,inferred_20260921_seed1,1,11ed1195aabfcd298bcaf379e7f064ad8010cd8ca67a057b647baa8bf9ef6e77,1500,pre_fed,F-MADRL,deterministic,90b130ce724bf41b6b32ce725412fb088369580335f697bd23e50b1a9071cace
1,5,4,245.3,27.74,0.0,8.14,4.07,3.0134241580963135,0.602304995059967,199.5185443356225,26.934385973052528,199.5185443356225,-0.02105263157894797,0.1,0.1,4.544749834080871,22.607258130037337,-22.607258130037337,1526.6880348235873,1052.5389067811634,184.02308117850393,-134.3949253624218,22.607258130037337,0.0,0.0,92.01154058925196,0.0,272.6,40.75,0.0,0.1,8.1,0.0,0.0,0.0,inferred_20260921_seed1,1,11ed1195aabfcd298bcaf379e7f064ad8010cd8ca67a057b647baa8bf9ef6e77,1500,pre_fed,F-MADRL,deterministic,90b130ce724bf41b6b32ce725412fb088369580335f697bd23e50b1a9071cace
2,5,4,113.75,27.74,0.0,8.14,4.07,-0.39173251390457153,0.2837977707386017,87.80060076199418,13.8208173984127,87.80060076199418,-0.02105263157894797,0.1,0.1,2.3103909626083046,0.5408428321930927,-0.5408428321930927,922.2953980837968,1090.2561177506923,4.402460654051775,-42.23213761101309,0.5408428321930927,0.0,0.0,2.2012303270258875,0.0,110.5,40.75,0.0,0.1,8.1,0.0,0.0,0.0,inferred_20260921_seed1,1,11ed1195aabfcd298bcaf379e7f064ad8010cd8ca67a057b647baa8bf9ef6e77,1500,pre_fed,F-MADRL,deterministic,90b130ce724bf41b6b32ce725412fb088369580335f697bd23e50b1a9071cace
3,5,4,128.38,27.74,0.0,8.14,4.07,0.38522085547447205,-0.6194301843643188,136.72328738764563,-27.536558265696563,136.72328738764563,-0.18947368421052882,0.9,0.9,3.2854762740687025,-32.6083374293664,32.6083374293664,1079.948244206026,126.80720528531852,265.4318666750425,-143.57944899359603,0.0,23.14810096223043,-9.46023646713597,-94.21277091627786,0.0,124.71,40.75,0.0,0.9,8.1,22.607258130037337,0.5408428321930927,0.0,inferred_20260921_seed1,1,11ed1195aabfcd298bcaf379e7f064ad8010cd8ca67a057b647baa8bf9ef6e77,1500,pre_fed,F-MADRL,deterministic,90b130ce724bf41b6b32ce725412fb088369580335f697bd23e50b1a9071cace
1,6,5,233.7,30.15,0.0,8.13,4.07,2.86708664894104,0.5765650272369385,199.35537354474354,26.008216969639562,199.35537354474354,-0.02105263157894797,0.1,0.1,4.589686418263292,8.805365505098678,-8.805365505098678,1525.2275128613633,1052.5389067811634,71.58762155645226,-83.76975809325405,8.805365505098678,0.0,0.0,35.837837605751616,0.0,245.3,27.74,0.0,0.1,8.14,0.0,0.0,0.0,inferred_20260921_seed1,1,11ed1195aabfcd298bcaf379e7f064ad8010cd8ca67a057b647baa8bf9ef6e77,1500,pre_fed,F-MADRL,deterministic,90b130ce724bf41b6b32ce725412fb088369580335f697bd23e50b1a9071cace
2,6,5,120.25,30.15,0.0,8.13,4.07,-0.33495625853538513,0.2640250027179718,94.78460039025937,12.902819197478,94.78460039025937,-0.02105263157894797,0.1,0.1,2.4982709551736084,-2.1652768035067993,2.1652768035067993,971.655845797346,1090.2561177506923,17.60370041251028,-49.1599044565904,0.0,2.1652768035067993,0.0,-8.812676590272673,0.0,113.75,27.74,0.0,0.1,8.14,2.1652768035067993,0.0,0.0,inferred_20260921_seed1,1,11ed1195aabfcd298bcaf379e7f064ad8010cd8ca67a057b647baa8bf9ef6e77,1500,pre_fed,F-MADRL,deterministic,90b130ce724bf41b6b32ce725412fb088369580335f697bd23e50b1a9071cace
3,6,5,135.43,30.15,0.0,8.13,4.07,0.37995895743370056,-0.5950888991355896,136.26718239060347,-26.67728617998135,136.26718239060347,-0.18947368421052882,0.9,0.9,3.324554174127859,-27.473154532265085,27.473154532265085,1076.115407157809,126.80720528531852,223.35674634731515,-124.56898810515438,0.0,6.640088701591878,-20.833065830673206,-27.025161015478947,0.0,128.38,27.74,0.0,0.9,8.14,6.640088701591878,0.0,0.0,inferred_20260921_seed1,1,11ed1195aabfcd298bcaf379e7f064ad8010cd8ca67a057b647baa8bf9ef6e77,1500,pre_fed,F-MADRL,deterministic,90b130ce724bf41b6b32ce725412fb088369580335f697bd23e50b1a9071cace
1,7,6,274.6,28.65,0.16,8.34,4.17,2.8701536655426025,0.5772455930709839,199.35930297378573,26.033029406885806,199.35930297378573,-0.02105263157894797,0.1,0.1,4.562965006844136,51.01471466463738,-51.01471466463738,1525.2626796358231,1052.5389067811634,425.46272030307574,-243.0142558647238,15.625905092647429,0.0,35.38880957198995,360.30269606673596,0.0,233.7,30.15,0.0,0.1,8.13,0.0,0.0,0.0,inferred_20260921_seed1,1,11ed1195aabfcd298bcaf379e7f064ad8010cd8ca67a057b647baa8bf9ef6e77,1500,pre_fed,F-MADRL,deterministic,90b130ce724bf41b6b32ce725412fb088369580335f697bd23e50b1a9071cace
2,7,6,130.0,28.65,0.16,8.34,4.17,-0.3435889482498169,0.2705027461051941,93.70512423624531,13.204628983448544,93.70512423624531,-0.02105263157894797,0.1,0.1,2.449881432093327,9.955809827426975,-9.955809827426975,963.9780480036627,1090.2561177506923,83.03145396074098,-78.44883759742054,0.0,0.0,9.955809827426975,83.03145396074098,0.0,120.25,30.15,0.0,0.1,8.13,0.0,0.0,0.0,inferred_20260921_seed1,1,11ed1195aabfcd298bcaf379e7f064ad8010cd8ca67a057b647baa8bf9ef6e77,1500,pre_fed,F-MADRL,deterministic,90b130ce724bf41b6b32ce725412fb088369580335f697bd23e50b1a9071cace
3,7,6,146.72,28.65,0.16,8.34,4.17,0.3888699412345886,-0.6047020554542542,137.0385605134426,-27.019349635565632,137.0385605134426,-0.18947368421052882,0.9,0.9,3.313181736584642,-15.625905092647429,15.625905092647429,1082.599923725268,126.80720528531852,130.32004847267956,-82.83216439291753,0.0,15.625905092647429,0.0,-65.16002423633978,0.0,135.43,30.15,0.0,0.9,8.13,15.625905092647429,0.0,0.0,inferred_20260921_seed1,1,11ed1195aabfcd298bcaf379e7f064ad8010cd8ca67a057b647baa8bf9ef6e77,1500,pre_fed,F-MADRL,deterministic,90b130ce724bf41b6b32ce725412fb088369580335f697bd23e50b1a9071cace
1,8,7,291.0,23.38,1.77,9.35,4.68,2.926043748855591,0.5869544148445129,199.42686839016864,26.385082817774435,199.42686839016864,-0.02105263157894797,0.1,0.1,4.491116315171793,70.93530055658209,-70.93530055658209,1525.8674014626326,1052.5389067811634,663.2450602040425,-350.02840325669507,0.0,0.0,70.93530055658209,663.2450602040425,0.0,274.6,28.65,0.16,0.1,8.34,0.0,0.0,0.0,inferred_20260921_seed1,1,11ed1195aabfcd298bcaf379e7f064ad8010cd8ca67a057b647baa8bf9ef6e77,1500,pre_fed,F-MADRL,deterministic,90b130ce724bf41b6b32ce725412fb088369580335f697bd23e50b1a9071cace
2,8,7,157.95,23.38,1.77,9.35,4.68,-0.33507922291755676,0.27311381697654724,94.76918164889504,13.32599312019705,94.76918164889504,-0.02105263157894797,0.1,0.1,2.397962580346322,40.449833563030225,-40.449833563030225,971.5460549727734,1090.2561177506923,378.2059438143326,-211.428718170919,0.0,0.0,40.449833563030225,378.2059438143326,0.0,130.0,28.65,0.16,0.1,8.34,0.0,0.0,0.0,inferred_20260921_seed1,1,11ed1195aabfcd298bcaf379e7f064ad8010cd8ca67a057b647baa8bf9ef6e77,1500,pre_fed,F-MADRL,deterministic,90b130ce724bf41b6b32ce725412fb088369580335f697bd23e50b1a9071cace
3,8,7,178.26,23.38,1.77,9.35,4.68,0.40083950757980347,-0.6099839806556702,138.06670482850927,-27.205791116355016,138.06670482850927,-0.18947368421052882,0.9,0.9,3.260544622885975,18.493313478587226,-18.493313478587226,1091.2604973845646,126.80720528531852,172.91248102479057,-102.17197051455342,0.0,0.0,18.493313478587226,172.91248102479057,0.0,146.72,28.65,0.16,0.9,8.34,0.0,0.0,0.0,inferred_20260921_seed1,1,11ed1195aabfcd298bcaf379e7f064ad8010cd8ca67a057b647baa8bf9ef6e77,1500,pre_fed,F-MADRL,deterministic,90b130ce724bf41b6b32ce725412fb088369580335f697bd23e50b1a9071cace
1,9,8,315.7,21.75,5.3,12.0,6.0,2.9365293979644775,0.5901817679405212,199.43872917094976,26.50131621867326,199.43872917094976,-0.02105263157894797,0.1,0.1,4.529353530787416,93.76167699141658,-93.76167699141658,1525.9735650737523,1052.5389067811634,1125.1401238969988,-557.8833051907478,0.0,0.0,93.76167699141658,1125.1401238969988,0.0,291.0,23.38,1.77,0.1,9.35,0.0,0.0,0.0,inferred_20260921_seed1,1,11ed1195aabfcd298bcaf379e7f064ad8010cd8ca67a057b647baa8bf9ef6e77,1500,pre_fed,F-MADRL,deterministic,90b130ce724bf41b6b32ce725412fb088369580335f697bd23e50b1a9071cace
2,9,8,165.1,21.75,5.3,12.0,6.0,-0.30785509943962097,0.28339606523513794,98.21216365515464,13.802264699666617,98.21216365515464,-0.02105263157894797,0.1,0.1,2.504822220471514,42.36371119689582,-42.36371119689582,996.1518706439626,1090.2561177506923,508.36453436274985,-270.49220023113054,0.0,0.0,42.36371119689582,508.36453436274985,0.0,157.95,23.38,1.77,0.1,9.35,0.0,0.0,0.0,inferred_20260921_seed1,1,11ed1195aabfcd298bcaf379e7f064ad8010cd8ca67a057b647baa8bf9ef6e77,1500,pre_fed,F-MADRL,deterministic,90b130ce724bf41b6b32ce725412fb088369580335f697bd23e50b1a9071cace
3,9,8,186.33,21.75,5.3,12.0,6.0,0.4372232258319855,-0.6253482103347778,141.13401380731258,-27.74203916449547,141.13401380731258,-0.18947368421052882,0.9,0.9,3.3598908024620413,21.69535067935999,-21.69535067935999,1117.2173138274316,126.80720528531852,260.3442081523199,-142.03538405079894,0.0,0.0,21.69535067935999,260.3442081523199,0.0,178.26,23.38,1.77,0.9,9.35,0.0,0.0,0.0,inferred_20260921_seed1,1,11ed1195aabfcd298bcaf379e7f064ad8010cd8ca67a057b647baa8bf9ef6e77,1500,pre_fed,F-MADRL,deterministic,90b130ce724bf41b6b32ce725412fb088369580335f697bd23e50b1a9071cace
1,10,9,362.4,34.82,11.6,9.19,4.6,3.0292935371398926,0.6098077297210693,199.53355010986624,27.199587035169788,199.53355010986624,-0.02105263157894797,0.1,0.1,4.918649949565745,121.38615247127845,-121.38615247127845,1526.8223713459515,1052.5389067811634,1115.538741211049,-553.5796591075143,0.0,0.0,121.38615247127845,1115.538741211049,0.0,315.7,21.75,5.3,0.1,12.0,0.0,0.0,0.0,inferred_20260921_seed1,1,11ed1195aabfcd298bcaf379e7f064ad8010cd8ca67a057b647baa8bf9ef6e77,1500,pre_fed,F-MADRL,deterministic,90b130ce724bf41b6b32ce725412fb088369580335f697bd23e50b1a9071cace
2,10,9,169.0,34.82,11.6,9.19,4.6,-0.31045445799827576,0.30358994007110596,97.8809330542382,14.729722653553326,97.8809330542382,-0.02105263157894797,0.1,0.1,2.885597608453185,27.605717185793964,-27.605717185793964,993.7768453703917,1090.2561177506923,253.6965409374465,-155.8441026842726,0.0,0.0,27.605717185793964,253.6965409374465,0.0,165.1,21.75,5.3,0.1,12.0,0.0,0.0,0.0,inferred_20260921_seed1,1,11ed1195aabfcd298bcaf379e7f064ad8010cd8ca67a057b647baa8bf9ef6e77,1500,pre_fed,F-MADRL,deterministic,90b130ce724bf41b6b32ce725412fb088369580335f697bd23e50b1a9071cace
3,10,9,190.73,34.82,11.6,9.19,4.6,0.4636644124984741,-0.6427361369132996,143.3066095805716,-28.337983863123718,143.3066095805716,-0.18947368421052882,0.9,0.9,3.7907427179272215,4.9836068215661555,-4.9836068215661555,1135.7108529831655,126.80720528531852,45.79934669019297,-45.860067175956516,0.0,0.0,4.9836068215661555,45.79934669019297,0.0,186.33,21.75,5.3,0.9,12.0,0.0,0.0,0.0,inferred_20260921_seed1,1,11ed1195aabfcd298bcaf379e7f064ad8010cd8ca67a057b647baa8bf9ef6e77,1500,pre_fed,F-MADRL,deterministic,90b130ce724bf41b6b32ce725412fb088369580335f697bd23e50b1a9071cace
1,11,10,320.0,27.17,36.64,12.3,6.15,3.1436049938201904,0.6279825568199158,199.6287021972424,27.833074263692815,199.6287021972424,-0.02105263157894797,0.1,0.1,5.268352991313269,61.85070342564984,-61.85070342564984,1527.6742883699644,1052.5389067811634,760.7636521354931,-393.9479073639945,7.417700495858384,0.0,54.433002929791456,715.144794085964,0.0,362.4,34.82,11.6,0.1,9.19,0.0,0.0,0.0,inferred_20260921_seed1,1,11ed1195aabfcd298bcaf379e7f064ad8010cd8ca67a057b647baa8bf9ef6e77,1500,pre_fed,F-MADRL,deterministic,90b130ce724bf41b6b32ce725412fb088369580335f697bd23e50b1a9071cace
2,11,10,173.55,27.17,36.64,12.3,6.15,-0.3507888913154602,0.3268824517726898,92.80950167645769,15.785837285711404,92.80950167645769,-0.02105263157894797,0.1,0.1,3.1319689808975744,20.08351993601886,-20.08351993601886,957.6213568931659,1090.2561177506923,247.02729521303198,-152.11983233874156,0.0,0.0,20.08351993601886,247.02729521303198,0.0,169.0,34.82,11.6,0.1,9.19,0.0,0.0,0.0,inferred_20260921_seed1,1,11ed1195aabfcd298bcaf379e7f064ad8010cd8ca67a057b647baa8bf9ef6e77,1500,pre_fed,F-MADRL,deterministic,90b130ce724bf41b6b32ce725412fb088369580335f697bd23e50b1a9071cace
3,11,10,195.87,27.17,36.64,12.3,6.15,0.4699501395225525,-0.6649414300918579,143.81590276161705,-29.082125782770873,143.81590276161705,-0.18947368421052882,0.9,0.9,4.148728581548131,-7.417700495858384,7.417700495858384,1140.0590269728145,126.80720528531852,91.23771609905812,-66.39429688973881,0.0,7.417700495858384,0.0,-45.61885804952906,0.0,190.73,34.82,11.6,0.9,9.19,7.417700495858384,0.0,0.0,inferred_20260921_seed1,1,11ed1195aabfcd298bcaf379e7f064ad8010cd8ca67a057b647baa8bf9ef6e77,1500,pre_fed,F-MADRL,deterministic,90b130ce724bf41b6b32ce725412fb088369580335f697bd23e50b1a9071cace
1,12,11,350.0,30.2,42.68,20.7,10.35,3.181325674057007,0.6420904994010925,199.65563642768288,28.316063441532457,199.65563642768288,-0.02105263157894797,0.1,0.1,5.450291675922078,82.93570787981815,-82.93570787981815,1527.9154629408251,1052.5389067811634,1716.7691531122357,-824.1552062949459,25.8510795711056,0.0,57.08462830871255,1449.2104795512928,0.0,320.0,27.17,36.64,0.1,12.3,0.0,0.0,0.0,inferred_20260921_seed1,1,11ed1195aabfcd298bcaf379e7f064ad8010cd8ca67a057b647baa8bf9ef6e77,1500,pre_fed,F-MADRL,deterministic,90b130ce724bf41b6b32ce725412fb088369580335f697bd23e50b1a9071cace
2,12,11,168.35,30.2,42.68,20.7,10.35,-0.32155439257621765,0.3803287446498871,96.47235717062827,18.149646480804858,96.47235717062827,-0.02105263157894797,0.1,0.1,3.3866260907809864,2.4053215517316744,-2.4053215517316744,983.6955480344038,1090.2561177506923,49.79015612084566,-63.884603570082476,0.0,0.0,2.4053215517316744,49.79015612084566,0.0,173.55,27.17,36.64,0.1,12.3,0.0,0.0,0.0,inferred_20260921_seed1,1,11ed1195aabfcd298bcaf379e7f064ad8010cd8ca67a057b647baa8bf9ef6e77,1500,pre_fed,F-MADRL,deterministic,90b130ce724bf41b6b32ce725412fb088369580335f697bd23e50b1a9071cace
3,12,11,190.0,30.2,42.68,20.7,10.35,0.5173559784889221,-0.6872637867927551,147.56567732819585,-29.811066637758817,147.56567732819585,-0.18947368421052882,0.9,0.9,4.4051240728797065,-25.8510795711056,25.8510795711056,1172.2250619674453,126.80720528531852,535.1173471218859,-266.78345154990393,0.0,25.8510795711056,0.0,-267.55867356094296,0.0,195.87,27.17,36.64,0.9,12.3,25.8510795711056,0.0,0.0,inferred_20260921_seed1,1,11ed1195aabfcd298bcaf379e7f064ad8010cd8ca67a057b647baa8bf9ef6e77,1500,pre_fed,F-MADRL,deterministic,90b130ce724bf41b6b32ce725412fb088369580335f697bd23e50b1a9071cace
1,13,12,345.2,23.52,35.22,26.82,13.41,3.337256669998169,0.67351233959198,199.7477810864128,29.364277395655712,199.7477810864128,-0.02105263157894797,0.1,0.1,5.169334569096678,91.90260611426277,-91.90260611426277,1528.7406338107396,1052.5389067811634,2464.8278959845275,-1160.7981440048754,14.959899634283715,0.0,76.94270647997905,2264.2156418887826,0.0,350.0,30.2,42.68,0.1,20.7,0.0,0.0,0.0,inferred_20260921_seed1,1,11ed1195aabfcd298bcaf379e7f064ad8010cd8ca67a057b647baa8bf9ef6e77,1500,pre_fed,F-MADRL,deterministic,90b130ce724bf41b6b32ce725412fb088369580335f697bd23e50b1a9071cace
2,13,12,168.35,23.52,35.22,26.82,13.41,-0.3694594204425812,0.42312392592430115,90.50737044139403,19.97794519116817,90.50737044139403,-0.02105263157894797,0.1,0.1,2.9845263561963016,22.108208546381235,-22.108208546381235,941.3379032991577,1090.2561177506923,592.9421532139447,-307.45584936727215,0.0,0.0,22.108208546381235,592.9421532139447,0.0,168.35,30.2,42.68,0.1,20.7,0.0,0.0,0.0,inferred_20260921_seed1,1,11ed1195aabfcd298bcaf379e7f064ad8010cd8ca67a057b647baa8bf9ef6e77,1500,pre_fed,F-MADRL,deterministic,90b130ce724bf41b6b32ce725412fb088369580335f697bd23e50b1a9071cace
3,13,12,190.0,23.52,35.22,26.82,13.41,0.557233989238739,-0.7239013910293579,150.59222841307144,-30.966004966121307,150.59222841307144,-0.18947368421052882,0.9,0.9,4.182855094577219,-14.959899634283715,14.959899634283715,1198.3820300348846,126.80720528531852,401.22450819148924,-207.0548133925742,0.0,14.959899634283715,0.0,-200.61225409574462,0.0,190.0,30.2,42.68,0.9,20.7,14.959899634283715,0.0,0.0,inferred_20260921_seed1,1,11ed1195aabfcd298bcaf379e7f064ad8010cd8ca67a057b647baa8bf9ef6e77,1500,pre_fed,F-MADRL,deterministic,90b130ce724bf41b6b32ce725412fb088369580335f697bd23e50b1a9071cace
1,14,13,320.6,39.48,35.46,27.35,13.68,3.3486523628234863,0.6776329278945923,199.75345748656673,29.49891978503294,199.75345748656673,-0.02105263157894797,0.1,0.1,5.493448097099757,51.42104324211198,-51.42104324211198,1528.7914714236463,1052.5389067811634,1406.3655326717626,-684.4910972663894,34.55728604024324,0.0,16.863757201868737,933.9674325016375,0.0,345.2,23.52,35.22,0.1,26.82,0.0,0.0,0.0,inferred_20260921_seed1,1,11ed1195aabfcd298bcaf379e7f064ad8010cd8ca67a057b647baa8bf9ef6e77,1500,pre_fed,F-MADRL,deterministic,90b130ce724bf41b6b32ce725412fb088369580335f697bd23e50b1a9071cace
2,14,13,165.75,39.48,35.46,27.35,13.68,-0.37004122138023376,0.41961050033569336,90.43611249756735,19.830112437926218,90.43611249756735,-0.02105263157894797,0.1,0.1,3.3071011973197684,3.7020413313313725,-3.7020413313313725,940.8351663580947,1090.2561177506923,101.25083041191304,-86.18469936753661,0.0,0.0,3.7020413313313725,101.25083041191304,0.0,168.35,23.52,35.22,0.1,26.82,0.0,0.0,0.0,inferred_20260921_seed1,1,11ed1195aabfcd298bcaf379e7f064ad8010cd8ca67a057b647baa8bf9ef6e77,1500,pre_fed,F-MADRL,deterministic,90b130ce724bf41b6b32ce725412fb088369580335f697bd23e50b1a9071cace
3,14,13,187.07,39.48,35.46,27.35,13.68,0.5681477189064026,-0.7254722118377686,151.39976556200975,-31.014373915354444,151.39976556200975,-0.18947368421052882,0.9,0.9,4.523005837555984,-34.55728604024324,34.55728604024324,1205.3905835314758,126.80720528531852,945.1417732006527,-451.95775371662955,0.0,34.55728604024324,0.0,-472.74367303052753,0.0,190.0,23.52,35.22,0.9,26.82,34.55728604024324,0.0,0.0,inferred_20260921_seed1,1,11ed1195aabfcd298bcaf379e7f064ad8010cd8ca67a057b647baa8bf9ef6e77,1500,pre_fed,F-MADRL,deterministic,90b130ce724bf41b6b32ce725412fb088369580335f697bd23e50b1a9071cace
1,15,14,333.2,35.74,34.83,13.81,6.91,3.3973588943481445,0.6857788562774658,199.77631567169493,29.763170888721657,199.77631567169493,-0.02105263157894797,0.1,0.1,5.40650526080232,68.2812422206863,-68.2812422206863,1528.9961936992843,1052.5389067811634,942.9639550676777,-475.9644817900639,25.803132950662786,0.0,42.47810927002351,764.9223377081046,0.0,320.6,39.48,35.46,0.1,27.35,0.0,0.0,0.0,inferred_20260921_seed1,1,11ed1195aabfcd298bcaf379e7f064ad8010cd8ca67a057b647baa8bf9ef6e77,1500,pre_fed,F-MADRL,deterministic,90b130ce724bf41b6b32ce725412fb088369580335f697bd23e50b1a9071cace
2,15,14,170.3,35.74,34.83,13.81,6.91,-0.4343384802341461,0.44113650918006897,82.74830859747875,20.729302481068963,82.74830859747875,-0.02105263157894797,0.1,0.1,3.0659451193179956,20.068689153418234,-20.068689153418234,887.0497404093305,1090.2561177506923,277.14859720870584,-164.2629859071181,0.0,0.0,20.068689153418234,277.14859720870584,0.0,165.75,39.48,35.46,0.1,27.35,0.0,0.0,0.0,inferred_20260921_seed1,1,11ed1195aabfcd298bcaf379e7f064ad8010cd8ca67a057b647baa8bf9ef6e77,1500,pre_fed,F-MADRL,deterministic,90b130ce724bf41b6b32ce725412fb088369580335f697bd23e50b1a9071cace
3,15,14,192.2,35.74,34.83,13.81,6.91,0.5773223042488098,-0.7523264288902283,152.07165016447868,-31.82674082770218,152.07165016447868,-0.18947368421052882,0.9,0.9,4.449043529605363,-25.803132950662786,25.803132950662786,1211.2312619012232,126.80720528531852,356.3412660486531,-187.11433906562473,0.0,25.803132950662786,0.0,-178.29964868907985,0.0,187.07,39.48,35.46,0.9,27.35,25.803132950662786,0.0,0.0,inferred_20260921_seed1,1,11ed1195aabfcd298bcaf379e7f064ad8010cd8ca67a057b647baa8bf9ef6e77,1500,pre_fed,F-MADRL,deterministic,90b130ce724bf41b6b32ce725412fb088369580335f697bd23e50b1a9071cace
1,16,15,316.8,18.06,23.62,17.31,8.66,3.256094217300415,0.6553062200546265,199.70339535602676,28.761562122323408,199.70339535602676,-0.02105263157894797,0.1,0.1,4.827246854488957,80.26490413004115,-80.26490413004115,1528.3431349819498,1052.5389067811634,1389.3854904910122,-676.8411115562178,0.0,0.0,80.26490413004115,1389.3854904910122,0.0,333.2,35.74,34.83,0.1,13.81,0.0,0.0,0.0,inferred_20260921_seed1,1,11ed1195aabfcd298bcaf379e7f064ad8010cd8ca67a057b647baa8bf9ef6e77,1500,pre_fed,F-MADRL,deterministic,90b130ce724bf41b6b32ce725412fb088369580335f697bd23e50b1a9071cace
2,16,15,172.25,18.06,23.62,17.31,8.66,-0.36595433950424194,0.3938727080821991,90.93728581692223,18.734702282391783,90.93728581692223,-0.02105263157894797,0.1,0.1,2.651924663706865,42.3056914783636,-42.3056914783636,944.3726670734076,1090.2561177506923,732.3115194904739,-370.23275946719525,0.0,0.0,42.3056914783636,732.3115194904739,0.0,170.3,35.74,34.83,0.1,13.81,0.0,0.0,0.0,inferred_20260921_seed1,1,11ed1195aabfcd298bcaf379e7f064ad8010cd8ca67a057b647baa8bf9ef6e77,1500,pre_fed,F-MADRL,deterministic,90b130ce724bf41b6b32ce725412fb088369580335f697bd23e50b1a9071cace
3,16,15,194.4,18.06,23.62,17.31,8.66,0.524239718914032,-0.7056304812431335,148.09656052494822,-30.396475434215542,148.09656052494822,-0.18947368421052882,0.9,0.9,3.791741736814754,8.60465489607705,-8.60465489607705,1176.8006334234858,126.80720528531852,148.94657625109375,-93.09811608716828,0.0,0.0,8.60465489607705,148.94657625109375,0.0,192.2,35.74,34.83,0.9,13.81,0.0,0.0,0.0,inferred_20260921_seed1,1,11ed1195aabfcd298bcaf379e7f064ad8010cd8ca67a057b647baa8bf9ef6e77,1500,pre_fed,F-MADRL,deterministic,90b130ce724bf41b6b32ce725412fb088369580335f697bd23e50b1a9071cace
1,17,16,291.3,24.27,14.18,16.42,8.21,3.161792278289795,0.6405817270278931,199.64194156751995,28.264775696126037,199.64194156751995,-0.02105263157894797,0.1,0.1,4.761417778718821,57.99052884277782,-57.99052884277782,1527.7928349122915,1052.5389067811634,952.2044835984119,-480.0986524531545,0.0,0.0,57.99052884277782,952.2044835984119,0.0,316.8,18.06,23.62,0.1,17.31,0.0,0.0,0.0,inferred_20260921_seed1,1,11ed1195aabfcd298bcaf379e7f064ad8010cd8ca67a057b647baa8bf9ef6e77,1500,pre_fed,F-MADRL,deterministic,90b130ce724bf41b6b32ce725412fb088369580335f697bd23e50b1a9071cace
2,17,16,165.75,24.27,14.18,16.42,8.21,-0.31108158826828003,0.36061856150627136,97.80109659704243,17.287938179496276,97.80109659704243,-0.02105263157894797,0.1,0.1,2.7246008793092695,32.2445569138458,-32.2445569138458,993.2046428376395,1090.2561177506923,529.4556245253481,-279.9242462481733,0.0,0.0,32.2445569138458,529.4556245253481,0.0,172.25,18.06,23.62,0.1,17.31,0.0,0.0,0.0,inferred_20260921_seed1,1,11ed1195aabfcd298bcaf379e7f064ad8010cd8ca67a057b647baa8bf9ef6e77,1500,pre_fed,F-MADRL,deterministic,90b130ce724bf41b6b32ce725412fb088369580335f697bd23e50b1a9071cace
3,17,16,187.07,24.27,14.18,16.42,8.21,0.5185603499412537,-0.6783339977264404,147.65881224668763,-29.52176259791035,147.65881224668763,-0.18947368421052882,0.9,0.9,3.7183867712495426,4.869048208772426,-4.869048208772426,1173.0273850772294,126.80720528531852,79.94977158804325,-61.97408902187043,0.0,0.0,4.869048208772426,79.94977158804325,0.0,194.4,18.06,23.62,0.9,17.31,0.0,0.0,0.0,inferred_20260921_seed1,1,11ed1195aabfcd298bcaf379e7f064ad8010cd8ca67a057b647baa8bf9ef6e77,1500,pre_fed,F-MADRL,deterministic,90b130ce724bf41b6b32ce725412fb088369580335f697bd23e50b1a9071cace
1,18,17,413.8,26.26,4.67,9.83,4.92,3.1304523944854736,0.6333296298980713,199.6188244004847,28.017033194969756,199.6188244004847,-0.02105263157894797,0.1,0.1,4.610555435378115,187.8827836664724,-187.8827836664724,1527.585843516528,1052.5389067811634,1846.8877634414237,-882.7019885545945,0.0,0.0,187.8827836664724,1846.8877634414237,0.0,291.3,24.27,14.18,0.1,16.42,0.0,0.0,0.0,inferred_20260921_seed1,1,11ed1195aabfcd298bcaf379e7f064ad8010cd8ca67a057b647baa8bf9ef6e77,1500,pre_fed,F-MADRL,deterministic,90b130ce724bf41b6b32ce725412fb088369580335f697bd23e50b1a9071cace
2,18,17,164.25,26.26,4.67,9.83,4.92,-0.33906975388526917,0.34555312991142273,94.26946804816727,16.621297455763244,94.26946804816727,-0.02105263157894797,0.1,0.1,2.5035683083317664,41.57515289174344,-41.57515289174344,967.9897463198317,1090.2561177506923,408.68375292583806,-225.07260609803762,0.0,0.0,41.57515289174344,408.68375292583806,0.0,165.75,24.27,14.18,0.1,16.42,0.0,0.0,0.0,inferred_20260921_seed1,1,11ed1195aabfcd298bcaf379e7f064ad8010cd8ca67a057b647baa8bf9ef6e77,1500,pre_fed,F-MADRL,deterministic,90b130ce724bf41b6b32ce725412fb088369580335f697bd23e50b1a9071cace
3,18,17,185.6,26.26,4.67,9.83,4.92,0.4999556243419647,-0.6748707294464111,146.20822574086893,-29.408735667781745,146.20822574086893,-0.18947368421052882,0.9,0.9,3.5389750411331677,12.190222984474786,-12.190222984474786,1160.549821660231,126.80720528531852,119.82989193738715,-79.6705919107352,0.0,0.0,12.190222984474786,119.82989193738715,0.0,187.07,24.27,14.18,0.9,16.42,0.0,0.0,0.0,inferred_20260921_seed1,1,11ed1195aabfcd298bcaf379e7f064ad8010cd8ca67a057b647baa8bf9ef6e77,1500,pre_fed,F-MADRL,deterministic,90b130ce724bf41b6b32ce725412fb088369580335f697bd23e50b1a9071cace
1,19,18,539.8,26.77,0.18,8.63,4.32,3.130035400390625,0.6240270733833313,199.6185069785673,27.696284292161728,199.6185069785673,-0.02105263157894797,0.1,0.1,4.530949086939767,317.7834947399514,-317.7834947399514,1527.5830013770585,1052.5389067811634,2742.471559605781,-1285.7146399857659,0.0,0.0,317.7834947399514,2742.471559605781,0.0,413.8,26.26,4.67,0.1,9.83,0.0,0.0,0.0,inferred_20260921_seed1,1,11ed1195aabfcd298bcaf379e7f064ad8010cd8ca67a057b647baa8bf9ef6e77,1500,pre_fed,F-MADRL,deterministic,90b130ce724bf41b6b32ce725412fb088369580335f697bd23e50b1a9071cace
2,19,18,162.5,26.77,0.18,8.63,4.32,-0.3203221261501312,0.29933902621269226,96.62825754518443,14.535380725188842,96.62825754518443,-0.02105263157894797,0.1,0.1,2.4711440982721093,41.41393918466663,-41.41393918466663,984.8098560439081,1090.2561177506923,357.40229516367305,-202.33235229954488,0.0,0.0,41.41393918466663,357.40229516367305,0.0,164.25,26.26,4.67,0.1,9.83,0.0,0.0,0.0,inferred_20260921_seed1,1,11ed1195aabfcd298bcaf379e7f064ad8010cd8ca67a057b647baa8bf9ef6e77,1500,pre_fed,F-MADRL,deterministic,90b130ce724bf41b6b32ce725412fb088369580335f697bd23e50b1a9071cace
3,19,18,183.4,26.77,0.18,8.63,4.32,0.4533120393753052,-0.6410675048828125,142.46176967941696,-28.281298315612464,142.46176967941696,-0.18947368421052882,0.9,0.9,3.3844459199041292,17.562149924697678,-17.562149924697678,1128.5087621292294,126.80720528531852,151.561353850141,-93.3089285808544,0.0,0.0,17.562149924697678,151.561353850141,0.0,185.6,26.26,4.67,0.9,9.83,0.0,0.0,0.0,inferred_20260921_seed1,1,11ed1195aabfcd298bcaf379e7f064ad8010cd8ca67a057b647baa8bf9ef6e77,1500,pre_fed,F-MADRL,deterministic,90b130ce724bf41b6b32ce725412fb088369580335f697bd23e50b1a9071cace
1,20,19,557.2,26.22,0.0,8.87,4.44,3.2144360542297363,0.6358423829078674,199.67766622787738,28.10310156224276,199.67766622787738,-0.02105263157894797,0.1,0.1,4.517532271925969,335.84091867562756,-335.84091867562756,1528.1127309841725,1052.5389067811634,2978.9089486528164,-1392.1220596490741,0.0,0.0,335.84091867562756,2978.9089486528164,0.0,539.8,26.77,0.18,0.1,8.63,0.0,0.0,0.0,inferred_20260921_seed1,1,11ed1195aabfcd298bcaf379e7f064ad8010cd8ca67a057b647baa8bf9ef6e77,1500,pre_fed,F-MADRL,deterministic,90b130ce724bf41b6b32ce725412fb088369580335f697bd23e50b1a9071cace
2,20,19,165.75,26.22,0.0,8.87,4.44,-0.31837937235832214,0.28367355465888977,96.87428705803825,13.815080940166602,96.87428705803825,-0.02105263157894797,0.1,0.1,2.461464688529186,45.1382302620699,-45.1382302620699,986.5691194364815,1090.2561177506923,400.37610242456,-221.70575083479548,0.0,0.0,45.1382302620699,400.37610242456,0.0,162.5,26.77,0.18,0.1,8.63,0.0,0.0,0.0,inferred_20260921_seed1,1,11ed1195aabfcd298bcaf379e7f064ad8010cd8ca67a057b647baa8bf9ef6e77,1500,pre_fed,F-MADRL,deterministic,90b130ce724bf41b6b32ce725412fb088369580335f697bd23e50b1a9071cace
3,20,19,187.07,26.22,0.0,8.87,4.44,0.4381628632545471,-0.6304380297660828,141.21204863348825,-27.917687968480198,141.21204863348825,-0.18947368421052882,0.9,0.9,3.3448514989855544,23.172276549707817,-23.172276549707817,1117.8800080135998,126.80720528531852,205.53809299590833,-117.38588611413712,0.0,0.0,23.172276549707817,205.53809299590833,0.0,183.4,26.77,0.18,0.9,8.63,0.0,0.0,0.0,inferred_20260921_seed1,1,11ed1195aabfcd298bcaf379e7f064ad8010cd8ca67a057b647baa8bf9ef6e77,1500,pre_fed,F-MADRL,deterministic,90b130ce724bf41b6b32ce725412fb088369580335f697bd23e50b1a9071cace
1,21,20,557.1,32.84,0.0,8.35,4.18,3.2283499240875244,0.6383380889892578,199.68649852651842,28.18834572331714,199.68649852651842,-0.02105263157894797,0.1,0.1,4.650108917898789,329.24466302295934,-329.24466302295934,1528.1918228913132,1052.5389067811634,2749.1929362417104,-1288.751435902219,0.0,0.0,329.24466302295934,2749.1929362417104,0.0,557.2,26.22,0.0,0.1,8.87,0.0,0.0,0.0,inferred_20260921_seed1,1,11ed1195aabfcd298bcaf379e7f064ad8010cd8ca67a057b647baa8bf9ef6e77,1500,pre_fed,F-MADRL,deterministic,90b130ce724bf41b6b32ce725412fb088369580335f697bd23e50b1a9071cace
2,21,20,169.0,32.84,0.0,8.35,4.18,-0.3161814212799072,0.28471046686172485,97.15298982248794,13.862954789391905,97.15298982248794,-0.02105263157894797,0.1,0.1,2.5994387438181796,41.627501552909195,-41.627501552909195,988.5631282707396,1090.2561177506923,347.58963796679177,-197.99172200548495,0.0,0.0,41.627501552909195,347.58963796679177,0.0,165.75,26.22,0.0,0.1,8.87,0.0,0.0,0.0,inferred_20260921_seed1,1,11ed1195aabfcd298bcaf379e7f064ad8010cd8ca67a057b647baa8bf9ef6e77,1500,pre_fed,F-MADRL,deterministic,90b130ce724bf41b6b32ce725412fb088369580335f697bd23e50b1a9071cace
3,21,20,190.73,32.84,0.0,8.35,4.18,0.44254061579704285,-0.6325094699859619,141.5748138914315,-27.988888029548768,141.5748138914315,-0.18947368421052882,0.9,0.9,3.4845068041444196,19.98916659692344,-19.98916659692344,1120.9622340289548,126.80720528531852,166.90954108431072,-100.06468227422529,0.0,0.0,19.98916659692344,166.90954108431072,0.0,187.07,26.22,0.0,0.9,8.87,0.0,0.0,0.0,inferred_20260921_seed1,1,11ed1195aabfcd298bcaf379e7f064ad8010cd8ca67a057b647baa8bf9ef6e77,1500,pre_fed,F-MADRL,deterministic,90b130ce724bf41b6b32ce725412fb088369580335f697bd23e50b1a9071cace
1,22,21,535.0,36.02,0.0,16.44,8.22,3.2546732425689697,0.6429478526115417,199.7025524771211,28.345168456719755,199.7025524771211,-0.02105263157894797,0.1,0.1,4.714029996910843,304.0125301513687,-304.0125301513687,1528.3355868427388,1052.5389067811634,4997.965995688502,-2300.702187932304,0.0,0.0,304.0125301513687,4997.965995688502,0.0,557.1,32.84,0.0,0.1,8.35,0.0,0.0,0.0,inferred_20260921_seed1,1,11ed1195aabfcd298bcaf379e7f064ad8010cd8ca67a057b647baa8bf9ef6e77,1500,pre_fed,F-MADRL,deterministic,90b130ce724bf41b6b32ce725412fb088369580335f697bd23e50b1a9071cace
2,22,21,161.2,36.02,0.0,16.44,8.22,-0.3416370749473572,0.2942765951156616,93.94866277077575,14.303311153755526,93.94866277077575,-0.02105263157894797,0.1,0.1,2.598952202783936,33.851342063587126,-33.851342063587126,965.7086739347751,1090.2561177506923,556.5160635253724,-291.55152442012695,0.0,0.0,33.851342063587126,556.5160635253724,0.0,169.0,32.84,0.0,0.1,8.35,0.0,0.0,0.0,inferred_20260921_seed1,1,11ed1195aabfcd298bcaf379e7f064ad8010cd8ca67a057b647baa8bf9ef6e77,1500,pre_fed,F-MADRL,deterministic,90b130ce724bf41b6b32ce725412fb088369580335f697bd23e50b1a9071cace
3,22,21,181.93,36.02,0.0,16.44,8.22,0.4475603401660919,-0.6456977725028992,141.9891539585615,-28.43833059802096,141.9891539585615,-0.18947368421052882,0.9,0.9,3.55639360548702,7.666713331136037,-7.666713331136037,1124.485722996989,126.80720528531852,126.04076716387647,-81.74420378939057,0.0,0.0,7.666713331136037,126.04076716387647,0.0,190.73,32.84,0.0,0.9,8.35,0.0,0.0,0.0,inferred_20260921_seed1,1,11ed1195aabfcd298bcaf379e7f064ad8010cd8ca67a057b647baa8bf9ef6e77,1500,pre_fed,F-MADRL,deterministic,90b130ce724bf41b6b32ce725412fb088369580335f697bd23e50b1a9071cace
1,23,22,437.8,37.23,0.0,16.19,8.1,3.348344087600708,0.6656659841537476,199.75330562135377,29.106087261192958,199.75330562135377,-0.02105263157894797,0.1,0.1,4.739245059795496,205.5769920700207,-205.5769920700207,1528.790111318073,1052.5389067811634,3328.2915016136353,-1549.3577560881206,16.93796185175941,0.0,188.6390302182613,3191.263390232902,0.0,535.0,36.02,0.0,0.1,16.44,0.0,0.0,0.0,inferred_20260921_seed1,1,11ed1195aabfcd298bcaf379e7f064ad8010cd8ca67a057b647baa8bf9ef6e77,1500,pre_fed,F-MADRL,deterministic,90b130ce724bf41b6b32ce725412fb088369580335f697bd23e50b1a9071cace
2,23,22,148.0,37.23,0.0,16.19,8.1,-0.3939717411994934,0.3320208787918091,87.53091594948597,16.016772794574948,87.53091594948597,-0.02105263157894797,0.1,0.1,2.49479726635814,25.754933948451125,-25.754933948451125,920.4042280699457,1090.2561177506923,416.97238062542374,-227.85077819785346,0.0,0.0,25.754933948451125,416.97238062542374,0.0,161.2,36.02,0.0,0.1,16.44,0.0,0.0,0.0,inferred_20260921_seed1,1,11ed1195aabfcd298bcaf379e7f064ad8010cd8ca67a057b647baa8bf9ef6e77,1500,pre_fed,F-MADRL,deterministic,90b130ce724bf41b6b32ce725412fb088369580335f697bd23e50b1a9071cace
3,23,22,161.39,37.23,0.0,16.19,8.1,0.483782559633255,-0.681003749370575,144.92678169620993,-29.60857751464187,144.92678169620993,-0.18947368421052882,0.9,0.9,3.639346160239988,-16.93796185175941,16.93796185175941,1149.560436156778,126.80720528531852,274.2256023799849,-148.92887389983514,0.0,16.93796185175941,0.0,-137.19749099925122,0.0,181.93,36.02,0.0,0.9,16.44,16.93796185175941,0.0,0.0,inferred_20260921_seed1,1,11ed1195aabfcd298bcaf379e7f064ad8010cd8ca67a057b647baa8bf9ef6e77,1500,pre_fed,F-MADRL,deterministic,90b130ce724bf41b6b32ce725412fb088369580335f697bd23e50b1a9071cace
1,24,23,447.3,44.12,0.0,8.87,4.44,3.287182092666626,0.65580815076828,199.72125044113312,28.778349592269397,199.72125044113312,-0.02105263157894797,0.1,0.1,4.8764039561910835,208.3562061466369,-208.3562061466369,1528.5030333332168,1052.5389067811634,1848.1195485206692,-883.2746356365888,56.99966598926383,0.0,151.35654015737308,1595.6110281882306,0.0,437.8,37.23,0.0,0.1,16.19,0.0,0.0,0.0,inferred_20260921_seed1,1,11ed1195aabfcd298bcaf379e7f064ad8010cd8ca67a057b647baa8bf9ef6e77,1500,pre_fed,F-MADRL,deterministic,90b130ce724bf41b6b32ce725412fb088369580335f697bd23e50b1a9071cace
2,24,23,119.6,44.12,0.0,8.87,4.44,-0.40183448791503906,0.32811039686203003,86.58754633188856,15.84109319260594,86.58754633188856,-0.02105263157894797,0.1,0.1,2.613729874006192,-8.472763826303407,8.472763826303407,913.7975273314318,1090.2561177506923,75.1534151393112,-73.90010971433253,0.0,8.472763826303407,0.0,-37.61907138878713,0.0,148.0,37.23,0.0,0.1,16.19,8.472763826303407,0.0,0.0,inferred_20260921_seed1,1,11ed1195aabfcd298bcaf379e7f064ad8010cd8ca67a057b647baa8bf9ef6e77,1500,pre_fed,F-MADRL,deterministic,90b130ce724bf41b6b32ce725412fb088369580335f697bd23e50b1a9071cace
3,24,23,134.98,44.12,0.0,8.87,4.44,0.4638466536998749,-0.6704679727554321,143.3214146668232,-29.264381520232597,143.3214146668232,-0.18947368421052882,0.9,0.9,3.7450388196522533,-48.526902162960425,48.526902162960425,1135.8371842841877,126.80720528531852,430.43362218545894,-218.94801777484665,0.0,48.526902162960425,0.0,-215.4594456035443,0.0,161.39,37.23,0.0,0.9,16.19,48.526902162960425,0.0,0.0,inferred_20260921_seed1,1,11ed1195aabfcd298bcaf379e7f064ad8010cd8ca67a057b647baa8bf9ef6e77,1500,pre_fed,F-MADRL,deterministic,90b130ce724bf41b6b32ce725412fb088369580335f697bd23e50b1a9071cace
1,1,0,457.7,51.48,0.0,8.65,4.33,3.889885187149048,-0.9356763958930969,199.91641331388226,-36.66147291628941,199.91641331388226,-36.66147291628941,0.5,0.8472839927047494,4.294698807951857,247.259758410359,-247.259758410359,1530.251119884931,260.88403272566734,2138.7969102496054,-998.2813126645344,52.39220524639897,0.0,194.86755316396005,1912.462583585162,0.0,447.3,44.12,0.0,0.5,8.87,0.0,0.0,0.0,inferred_20260921_seed1,1,11ed1195aabfcd298bcaf379e7f064ad8010cd8ca67a057b647baa8bf9ef6e77,1500,pre_fed,PPO-MADRL,deterministic,f5655ff5653f79b7d93180b1026bff34ef192d86c96c832c1da5719e592c5452
2,1,0,110.5,51.48,0.0,8.65,4.33,-0.8484205603599548,0.6697238683700562,43.36591933478237,29.239910727905293,43.36591933478237,29.239910727905293,0.5,0.19121146602204953,2.4817166012537535,-11.104113461433911,11.104113461433911,625.6110043156702,797.028228018941,96.05058144140334,-71.67554629532373,0.0,11.104113461433911,0.0,-48.08081128800884,0.0,119.6,44.12,0.0,0.5,8.87,11.104113461433911,0.0,0.0,inferred_20260921_seed1,1,11ed1195aabfcd298bcaf379e7f064ad8010cd8ca67a057b647baa8bf9ef6e77,1500,pre_fed,PPO-MADRL,deterministic,f5655ff5653f79b7d93180b1026bff34ef192d86c96c832c1da5719e592c5452
3,1,0,124.71,51.48,0.0,8.65,4.33,-0.03936607390642166,0.4682789146900177,96.06542485374526,21.84038309009662,96.06542485374526,21.84038309009662,0.5,0.2691012306305619,3.3877161588768376,-41.28809178496506,41.28809178496506,753.8114939974004,756.1042334258891,357.1419939399478,-190.9122118214423,0.0,41.28809178496506,0.0,-178.7774374288987,0.0,134.98,44.12,0.0,0.5,8.87,41.28809178496506,0.0,0.0,inferred_20260921_seed1,1,11ed1195aabfcd298bcaf379e7f064ad8010cd8ca67a057b647baa8bf9ef6e77,1500,pre_fed,PPO-MADRL,deterministic,f5655ff5653f79b7d93180b1026bff34ef192d86c96c832c1da5719e592c5452
1,2,1,336.5,38.37,0.0,8.11,4.06,4.005900859832764,-0.9614214301109314,199.93371660230815,-37.24551142719747,199.93371660230815,-5.727428976911586,0.8472839927047494,0.9,4.651525752507931,108.57523812711136,-108.57523812711136,1530.4061363439405,125.69286259215646,880.5451812108731,-429.36731152361483,37.68066975408688,0.0,70.89456837302448,727.9384687068213,0.0,457.7,51.48,0.0,0.8472839927047494,8.65,0.0,0.0,0.0,inferred_20260921_seed1,1,11ed1195aabfcd298bcaf379e7f064ad8010cd8ca67a057b647baa8bf9ef6e77,1500,pre_fed,PPO-MADRL,deterministic,f5655ff5653f79b7d93180b1026bff34ef192d86c96c832c1da5719e592c5452
2,2,1,109.85,38.37,0.0,8.11,4.06,-0.61192387342453,0.5109828114509583,63.63280770979951,23.5355302098412,63.63280770979951,8.628759093550514,0.19121146602204953,0.1,2.2126313360670005,1.431064532716988,-1.431064532716988,757.2077678411068,1040.1468988402332,11.605933360334772,-41.169763345777454,0.0,0.0,1.431064532716988,11.605933360334772,0.0,110.5,51.48,0.0,0.19121146602204953,8.65,0.0,0.0,0.0,inferred_20260921_seed1,1,11ed1195aabfcd298bcaf379e7f064ad8010cd8ca67a057b647baa8bf9ef6e77,1500,pre_fed,PPO-MADRL,deterministic,f5655ff5653f79b7d93180b1026bff34ef192d86c96c832c1da5719e592c5452
3,2,1,123.98,38.37,0.0,8.11,4.06,0.10616081953048706,0.5155733227729797,110.57637941992347,23.71381365916292,110.57637941992347,16.013487676083574,0.2691012306305619,0.09999999999999998,3.2991973419201406,-37.68066975408688,37.68066975408688,866.6065534431347,1032.344941651409,305.59023170564456,-175.49463416943092,0.0,37.68066975408688,0.0,-152.9835192015927,0.0,124.71,51.48,0.0,0.2691012306305619,8.65,37.68066975408688,0.0,0.0,inferred_20260921_seed1,1,11ed1195aabfcd298bcaf379e7f064ad8010cd8ca67a057b647baa8bf9ef6e77,1500,pre_fed,PPO-MADRL,deterministic,f5655ff5653f79b7d93180b1026bff34ef192d86c96c832c1da5719e592c5452
1,3,2,274.9,43.56,0.0,8.25,4.13,3.9254515171051025,-0.94122713804245,199.92215028114165,-36.78927754136595,199.92215028114165,-0.18947368421052882,0.9,0.9,4.8658535319386225,36.47317693500747,-36.47317693500747,1530.302515609717,111.40639664265923,300.9037097138116,-168.24084761626276,36.47317693500747,0.0,0.0,150.63422074158086,0.0,336.5,38.37,0.0,0.9,8.11,0.0,0.0,0.0,inferred_20260921_seed1,1,11ed1195aabfcd298bcaf379e7f064ad8010cd8ca67a057b647baa8bf9ef6e77,1500,pre_fed,PPO-MADRL,deterministic,f5655ff5653f79b7d93180b1026bff34ef192d86c96c832c1da5719e592c5452
2,3,2,112.45,43.56,0.0,8.25,4.13,-0.41817545890808105,0.4123753011226654,84.64508612532259,19.524382956268074,84.64508612532259,-0.02105263157894797,0.1,0.1,2.563680669874873,-13.170352823868768,13.170352823868768,900.2364977910732,1090.2561177506923,108.65541079691734,-88.70478716944811,0.0,13.170352823868768,0.0,-54.39355716257801,0.0,109.85,38.37,0.0,0.1,8.11,13.170352823868768,0.0,0.0,inferred_20260921_seed1,1,11ed1195aabfcd298bcaf379e7f064ad8010cd8ca67a057b647baa8bf9ef6e77,1500,pre_fed,PPO-MADRL,deterministic,f5655ff5653f79b7d93180b1026bff34ef192d86c96c832c1da5719e592c5452
3,3,2,126.91,43.56,0.0,8.25,4.13,0.31467464566230774,0.5609706044197083,130.46838026790124,25.434861319780584,130.46838026790124,-0.021052631578950893,0.09999999999999998,0.1,3.480146552726446,-43.61718108359585,43.61718108359585,1027.730272728938,1127.9733287202216,359.8417439396658,-205.0428568018328,0.0,23.302824111138705,-20.314356972457148,-96.24066357900284,0.0,123.98,38.37,0.0,0.09999999999999998,8.11,23.302824111138705,0.0,0.0,inferred_20260921_seed1,1,11ed1195aabfcd298bcaf379e7f064ad8010cd8ca67a057b647baa8bf9ef6e77,1500,pre_fed,PPO-MADRL,deterministic,f5655ff5653f79b7d93180b1026bff34ef192d86c96c832c1da5719e592c5452
1,4,3,272.6,40.75,0.0,8.1,4.05,3.9054853916168213,-0.9366927742958069,199.91897994797,-36.684952786010086,199.91897994797,-0.18947368421052882,0.9,0.9,4.809590125275189,36.930083861515726,-36.930083861515726,1530.2741135042268,111.40639664265923,299.1336792782774,-167.44376587816254,36.930083861515726,0.0,0.0,149.56683963913866,0.0,274.9,43.56,0.0,0.9,8.25,0.0,0.0,0.0,inferred_20260921_seed1,1,11ed1195aabfcd298bcaf379e7f064ad8010cd8ca67a057b647baa8bf9ef6e77,1500,pre_fed,PPO-MADRL,deterministic,f5655ff5653f79b7d93180b1026bff34ef192d86c96c832c1da5719e592c5452
2,4,3,110.5,40.75,0.0,8.1,4.05,-0.4565463662147522,0.4285329580307007,80.18286798635322,20.204727583235833,80.18286798635322,-0.02105263157894797,0.1,0.1,2.4182363070954853,-7.993579047678779,7.993579047678779,869.301311783215,1090.2561177506923,64.7479902861981,-68.32774421946729,0.0,7.993579047678779,0.0,-32.37399514309905,0.0,112.45,43.56,0.0,0.1,8.25,7.993579047678779,0.0,0.0,inferred_20260921_seed1,1,11ed1195aabfcd298bcaf379e7f064ad8010cd8ca67a057b647baa8bf9ef6e77,1500,pre_fed,PPO-MADRL,deterministic,f5655ff5653f79b7d93180b1026bff34ef192d86c96c832c1da5719e592c5452
3,4,3,124.71,40.75,0.0,8.1,4.05,0.2980313003063202,0.5663261413574219,128.95099510850685,25.63280362804211,128.95099510850685,-0.02105263157894797,0.1,0.1,3.393598849538558,-41.576343627389335,41.576343627389335,1015.1746934054293,1127.9733287202216,336.7683833818536,-194.40873296434714,0.0,28.936504813836947,-12.639838813552387,-117.19284449603963,0.0,126.91,43.56,0.0,0.1,8.25,28.936504813836947,0.0,0.0,inferred_20260921_seed1,1,11ed1195aabfcd298bcaf379e7f064ad8010cd8ca67a057b647baa8bf9ef6e77,1500,pre_fed,PPO-MADRL,deterministic,f5655ff5653f79b7d93180b1026bff34ef192d86c96c832c1da5719e592c5452
1,5,4,245.3,27.74,0.0,8.14,4.07,3.8936269283294678,-0.933692216873169,199.91703624016014,-36.61553444739494,199.91703624016014,-0.18947368421052882,0.9,0.9,4.549351251118993,22.381788695169377,-22.381788695169377,1530.256700464017,111.40639664265923,182.18775997867874,-114.81775393253895,22.381788695169377,0.0,0.0,91.09387998933937,0.0,272.6,40.75,0.0,0.9,8.1,0.0,0.0,0.0,inferred_20260921_seed1,1,11ed1195aabfcd298bcaf379e7f064ad8010cd8ca67a057b647baa8bf9ef6e77,1500,pre_fed,PPO-MADRL,deterministic,f5655ff5653f79b7d93180b1026bff34ef192d86c96c832c1da5719e592c5452
2,5,4,113.75,27.74,0.0,8.14,4.07,-0.43591007590293884,0.41879338026046753,82.56519809061834,19.795671657992088,82.56519809061834,-0.02105263157894797,0.1,0.1,2.2056829091807875,5.671537450141415,-5.671537450141415,885.7796158663593,1090.2561177506923,46.16631484415112,-60.29555635220904,3.4089389278239537,0.0,2.262598522317461,32.29193340790762,0.0,110.5,40.75,0.0,0.1,8.1,0.0,0.0,0.0,inferred_20260921_seed1,1,11ed1195aabfcd298bcaf379e7f064ad8010cd8ca67a057b647baa8bf9ef6e77,1500,pre_fed,PPO-MADRL,deterministic,f5655ff5653f79b7d93180b1026bff34ef192d86c96c832c1da5719e592c5452
3,5,4,128.38,27.74,0.0,8.14,4.07,0.3051091730594635,0.5617203116416931,129.59812163463337,25.462635888773104,129.59812163463337,-0.02105263157894797,0.1,0.1,3.1463413800610884,-25.79072762299333,25.79072762299333,1020.5239814438595,1127.9733287202216,209.93652285116573,-137.4413814863062,0.0,25.79072762299333,0.0,-104.96826142558287,0.0,124.71,40.75,0.0,0.1,8.1,22.381788695169377,3.4089389278239537,0.0,inferred_20260921_seed1,1,11ed1195aabfcd298bcaf379e7f064ad8010cd8ca67a057b647baa8bf9ef6e77,1500,pre_fed,PPO-MADRL,deterministic,f5655ff5653f79b7d93180b1026bff34ef192d86c96c832c1da5719e592c5452
1,6,5,233.7,30.15,0.0,8.13,4.07,3.8256843090057373,-0.9160653352737427,199.90496656781488,-36.2015354722608,199.90496656781488,-0.18947368421052882,0.9,0.9,4.597309857672087,8.431816974067715,-8.431816974067715,1530.1485736015825,111.40639664265923,68.55067199917053,-63.67890180451158,8.431816974067715,0.0,0.0,34.3174950844556,0.0,245.3,27.74,0.0,0.9,8.14,0.0,0.0,0.0,inferred_20260921_seed1,1,11ed1195aabfcd298bcaf379e7f064ad8010cd8ca67a057b647baa8bf9ef6e77,1500,pre_fed,PPO-MADRL,deterministic,f5655ff5653f79b7d93180b1026bff34ef192d86c96c832c1da5719e592c5452
2,6,5,120.25,30.15,0.0,8.13,4.07,-0.332425981760025,0.3826119303703308,95.10214810476246,18.248681447537926,95.10214810476246,-0.02105263157894797,0.1,0.1,2.50462190946367,-2.4764735637198356,2.4764735637198356,973.917782398516,1090.2561177506923,20.133730073042265,-50.343656535853185,0.0,2.4764735637198356,0.0,-10.079247404339732,0.0,113.75,27.74,0.0,0.1,8.14,2.4764735637198356,0.0,0.0,inferred_20260921_seed1,1,11ed1195aabfcd298bcaf379e7f064ad8010cd8ca67a057b647baa8bf9ef6e77,1500,pre_fed,PPO-MADRL,deterministic,f5655ff5653f79b7d93180b1026bff34ef192d86c96c832c1da5719e592c5452
3,6,5,135.43,30.15,0.0,8.13,4.07,0.37572914361953735,0.5705904960632324,135.89927392051553,25.789640458883422,135.89927392051553,-0.02105263157894797,0.1,0.1,3.3205644257787315,-27.27765686315783,27.27765686315783,1073.0266016733667,1127.9733287202216,221.76735029747317,-143.8153062417347,0.0,5.955343410347879,-21.32231345280995,-24.23824768011587,0.0,128.38,27.74,0.0,0.1,8.14,5.955343410347879,0.0,0.0,inferred_20260921_seed1,1,11ed1195aabfcd298bcaf379e7f064ad8010cd8ca67a057b647baa8bf9ef6e77,1500,pre_fed,PPO-MADRL,deterministic,f5655ff5653f79b7d93180b1026bff34ef192d86c96c832c1da5719e592c5452
1,7,6,274.6,28.65,0.16,8.34,4.17,3.826214551925659,-0.9164055585861206,199.90506724819218,-36.209627043147925,199.90506724819218,-0.18947368421052882,0.9,0.9,4.570511871279633,50.644918307297985,-50.644918307297985,1530.1494755428434,111.40639664265923,422.3786186828652,-222.90149585099937,15.127833279622877,0.0,35.51708502767511,359.2955539068378,0.0,233.7,30.15,0.0,0.9,8.13,0.0,0.0,0.0,inferred_20260921_seed1,1,11ed1195aabfcd298bcaf379e7f064ad8010cd8ca67a057b647baa8bf9ef6e77,1500,pre_fed,PPO-MADRL,deterministic,f5655ff5653f79b7d93180b1026bff34ef192d86c96c832c1da5719e592c5452
2,7,6,130.0,28.65,0.16,8.34,4.17,-0.346754252910614,0.3893545866012573,93.31085222670785,18.540184455233547,93.31085222670785,-0.02105263157894797,0.1,0.1,2.441995991902578,10.342196396773673,-10.342196396773673,961.1781957365869,1090.2561177506923,86.25391794909243,-79.84294934683717,0.0,0.0,10.342196396773673,86.25391794909243,0.0,120.25,30.15,0.0,0.1,8.13,0.0,0.0,0.0,inferred_20260921_seed1,1,11ed1195aabfcd298bcaf379e7f064ad8010cd8ca67a057b647baa8bf9ef6e77,1500,pre_fed,PPO-MADRL,deterministic,f5655ff5653f79b7d93180b1026bff34ef192d86c96c832c1da5719e592c5452
3,7,6,146.72,28.65,0.16,8.34,4.17,0.3810500502586365,0.5828911662101746,136.3619029169084,26.23818065632776,136.3619029169084,-0.02105263157894797,0.1,0.1,3.303017005706589,-15.127833279622877,15.127833279622877,1076.9110573348812,1127.9733287202216,126.16612955205478,-100.8724460195267,0.0,15.127833279622877,0.0,-63.08306477602739,0.0,135.43,30.15,0.0,0.1,8.13,15.127833279622877,0.0,0.0,inferred_20260921_seed1,1,11ed1195aabfcd298bcaf379e7f064ad8010cd8ca67a057b647baa8bf9ef6e77,1500,pre_fed,PPO-MADRL,deterministic,f5655ff5653f79b7d93180b1026bff34ef192d86c96c832c1da5719e592c5452
1,8,7,291.0,23.38,1.77,9.35,4.68,3.8543949127197266,-0.9230661392211914,199.91026740720187,-36.36723483001964,199.91026740720187,-0.18947368421052882,0.9,0.9,4.497415874459827,70.62662215146847,-70.62662215146847,1530.1960611892282,111.40639664265923,660.3589171162301,-329.99356185894135,0.0,0.0,70.62662215146847,660.3589171162301,0.0,274.6,28.65,0.16,0.9,8.34,0.0,0.0,0.0,inferred_20260921_seed1,1,11ed1195aabfcd298bcaf379e7f064ad8010cd8ca67a057b647baa8bf9ef6e77,1500,pre_fed,PPO-MADRL,deterministic,f5655ff5653f79b7d93180b1026bff34ef192d86c96c832c1da5719e592c5452
2,8,7,157.95,23.38,1.77,9.35,4.68,-0.32866013050079346,0.3885236382484436,95.57571363119027,18.50433857886199,95.57571363119027,-0.02105263157894797,0.1,0.1,2.414093219992226,39.65943222038091,-39.65943222038091,977.2939028996065,1090.2561177506923,370.8156912605615,-208.21806148025865,0.0,0.0,39.65943222038091,370.8156912605615,0.0,130.0,28.65,0.16,0.1,8.34,0.0,0.0,0.0,inferred_20260921_seed1,1,11ed1195aabfcd298bcaf379e7f064ad8010cd8ca67a057b647baa8bf9ef6e77,1500,pre_fed,PPO-MADRL,deterministic,f5655ff5653f79b7d93180b1026bff34ef192d86c96c832c1da5719e592c5452
3,8,7,178.26,23.38,1.77,9.35,4.68,0.41652897000312805,0.6054688692092896,139.4002253302161,27.046482899758416,139.4002253302161,-0.02105263157894797,0.1,0.1,3.290583453972743,17.02141075533558,-17.02141075533558,1102.5233259786482,1127.9733287202216,159.15019056238768,-116.22751884705184,0.0,0.0,17.02141075533558,159.15019056238768,0.0,146.72,28.65,0.16,0.1,8.34,0.0,0.0,0.0,inferred_20260921_seed1,1,11ed1195aabfcd298bcaf379e7f064ad8010cd8ca67a057b647baa8bf9ef6e77,1500,pre_fed,PPO-MADRL,deterministic,f5655ff5653f79b7d93180b1026bff34ef192d86c96c832c1da5719e592c5452
1,9,8,315.7,21.75,5.3,12.0,6.0,3.858837604522705,-0.9230623245239258,199.91106083099362,-36.367144999430515,199.91106083099362,-0.18947368421052882,0.9,0.9,4.535431742935662,93.46384459615254,-93.46384459615254,1530.2031691181267,111.40639664265923,1121.5661351538306,-537.5369521344395,0.0,0.0,93.46384459615254,1121.5661351538306,0.0,291.0,23.38,1.77,0.9,9.35,0.0,0.0,0.0,inferred_20260921_seed1,1,11ed1195aabfcd298bcaf379e7f064ad8010cd8ca67a057b647baa8bf9ef6e77,1500,pre_fed,PPO-MADRL,deterministic,f5655ff5653f79b7d93180b1026bff34ef192d86c96c832c1da5719e592c5452
2,9,8,165.1,21.75,5.3,12.0,6.0,-0.2694231867790222,0.3933138847351074,103.16767606895303,18.710678905069678,103.16767606895303,-0.02105263157894797,0.1,0.1,2.6039324687474816,37.507309031373396,-37.507309031373396,1031.883527401213,1090.2561177506923,450.08770837648075,-244.98226167245446,0.0,0.0,37.507309031373396,450.08770837648075,0.0,157.95,23.38,1.77,0.1,9.35,0.0,0.0,0.0,inferred_20260921_seed1,1,11ed1195aabfcd298bcaf379e7f064ad8010cd8ca67a057b647baa8bf9ef6e77,1500,pre_fed,PPO-MADRL,deterministic,f5655ff5653f79b7d93180b1026bff34ef192d86c96c832c1da5719e592c5452
3,9,8,186.33,21.75,5.3,12.0,6.0,0.5243659615516663,0.6746829152107239,148.10626385489473,29.40259298948753,148.10626385489473,-0.02105263157894797,0.1,0.1,3.502704224466316,14.697493001150548,-14.697493001150548,1176.8843142309674,1127.9733287202216,176.36991601380657,-125.46361506523674,0.0,0.0,14.697493001150548,176.36991601380657,0.0,178.26,23.38,1.77,0.1,9.35,0.0,0.0,0.0,inferred_20260921_seed1,1,11ed1195aabfcd298bcaf379e7f064ad8010cd8ca67a057b647baa8bf9ef6e77,1500,pre_fed,PPO-MADRL,deterministic,f5655ff5653f79b7d93180b1026bff34ef192d86c96c832c1da5719e592c5452
1,10,9,362.4,34.82,11.6,9.19,4.6,3.8992860317230225,-0.9314063787460327,199.91796956427555,-36.56244610959292,199.91796956427555,-0.18947368421052882,0.9,0.9,4.9229699176013,121.17447403753627,-121.17447403753627,1530.2650618007472,111.40639664265923,1113.5934164049584,-533.9504665510995,3.4826262571487234,0.0,117.69184778038755,1097.6081618846456,0.0,315.7,21.75,5.3,0.9,12.0,0.0,0.0,0.0,inferred_20260921_seed1,1,11ed1195aabfcd298bcaf379e7f064ad8010cd8ca67a057b647baa8bf9ef6e77,1500,pre_fed,PPO-MADRL,deterministic,f5655ff5653f79b7d93180b1026bff34ef192d86c96c832c1da5719e592c5452
2,10,9,169.0,34.82,11.6,9.19,4.6,-0.2600598931312561,0.43847185373306274,104.39078274210613,20.618848209196866,104.39078274210613,-0.02105263157894797,0.1,0.1,3.0157946022105433,21.22606449168339,-21.22606449168339,1040.7601559386358,1090.2561177506923,195.06753267857033,-130.40071517914322,0.0,0.0,21.22606449168339,195.06753267857033,0.0,165.1,21.75,5.3,0.1,12.0,0.0,0.0,0.0,inferred_20260921_seed1,1,11ed1195aabfcd298bcaf379e7f064ad8010cd8ca67a057b647baa8bf9ef6e77,1500,pre_fed,PPO-MADRL,deterministic,f5655ff5653f79b7d93180b1026bff34ef192d86c96c832c1da5719e592c5452
3,10,9,190.73,34.82,11.6,9.19,4.6,0.5732908844947815,0.7213531732559204,151.77720187356746,30.887339488145983,151.77720187356746,-0.02105263157894797,0.1,0.1,3.96352298483977,-3.4826262571487234,3.4826262571487234,1208.6705734668385,1127.9733287202216,32.005335303196766,-61.13527893017975,0.0,3.4826262571487234,0.0,-16.020080782884126,0.0,186.33,21.75,5.3,0.1,12.0,3.4826262571487234,0.0,0.0,inferred_20260921_seed1,1,11ed1195aabfcd298bcaf379e7f064ad8010cd8ca67a057b647baa8bf9ef6e77,1500,pre_fed,PPO-MADRL,deterministic,f5655ff5653f79b7d93180b1026bff34ef192d86c96c832c1da5719e592c5452
1,11,10,320.0,27.17,36.64,12.3,6.15,3.952491044998169,-0.9460771083831787,199.92624699630156,-36.90009579182999,199.92624699630156,-0.18947368421052882,0.9,0.9,5.27093546624182,61.72416215415086,-61.72416215415086,1530.3392171468568,111.40639664265923,759.2071944960556,-374.47814979901534,12.323900934303367,0.0,49.40026121984749,683.4152037500899,0.0,362.4,34.82,11.6,0.9,9.19,0.0,0.0,0.0,inferred_20260921_seed1,1,11ed1195aabfcd298bcaf379e7f064ad8010cd8ca67a057b647baa8bf9ef6e77,1500,pre_fed,PPO-MADRL,deterministic,f5655ff5653f79b7d93180b1026bff34ef192d86c96c832c1da5719e592c5452
2,11,10,173.55,27.17,36.64,12.3,6.15,-0.34059712290763855,0.462496817111969,94.07854720481772,21.605849953601876,94.07854720481772,-0.02105263157894797,0.1,0.1,3.1573498914647753,18.83985531822603,-18.83985531822603,966.6320232590499,1090.2561177506923,231.73022041418017,-145.41636200657592,0.0,0.0,18.83985531822603,231.73022041418017,0.0,169.0,34.82,11.6,0.1,9.19,0.0,0.0,0.0,inferred_20260921_seed1,1,11ed1195aabfcd298bcaf379e7f064ad8010cd8ca67a057b647baa8bf9ef6e77,1500,pre_fed,PPO-MADRL,deterministic,f5655ff5653f79b7d93180b1026bff34ef192d86c96c832c1da5719e592c5452
3,11,10,195.87,27.17,36.64,12.3,6.15,0.5315147042274475,0.731435239315033,148.65380868699057,31.197131445421057,148.65380868699057,-0.02105263157894797,0.1,0.1,4.248855121108232,-12.323900934303367,12.323900934303367,1181.609199424325,1127.9733287202216,151.58398149193144,-114.40444223426007,0.0,12.323900934303367,0.0,-75.79199074596572,0.0,190.73,34.82,11.6,0.1,9.19,12.323900934303367,0.0,0.0,inferred_20260921_seed1,1,11ed1195aabfcd298bcaf379e7f064ad8010cd8ca67a057b647baa8bf9ef6e77,1500,pre_fed,PPO-MADRL,deterministic,f5655ff5653f79b7d93180b1026bff34ef192d86c96c832c1da5719e592c5452
1,12,11,350.0,30.2,42.68,20.7,10.35,3.9572603702545166,-0.9434828162193298,199.92694690008673,-36.84091666234887,199.92694690008673,-0.18947368421052882,0.9,0.9,5.452349464317523,82.83487624844139,-82.83487624844139,1530.3454874524957,111.40639664265923,1714.6819383427367,-804.4419099361346,40.92347271181191,0.0,41.91140353662948,1291.1239957754833,0.0,320.0,27.17,36.64,0.9,12.3,0.0,0.0,0.0,inferred_20260921_seed1,1,11ed1195aabfcd298bcaf379e7f064ad8010cd8ca67a057b647baa8bf9ef6e77,1500,pre_fed,PPO-MADRL,deterministic,f5655ff5653f79b7d93180b1026bff34ef192d86c96c832c1da5719e592c5452
2,12,11,168.35,30.2,42.68,20.7,10.35,-0.2646353244781494,0.5699836015701294,103.79236382005506,25.76736174098922,103.79236382005506,-0.02105263157894797,0.1,0.1,3.5330262237695225,-4.768284964706595,4.768284964706595,1036.4143228818084,1090.2561177506923,98.70349876942652,-86.94998325889195,0.0,4.768284964706595,0.0,-49.35174938471326,0.0,173.55,27.17,36.64,0.1,12.3,4.768284964706595,0.0,0.0,inferred_20260921_seed1,1,11ed1195aabfcd298bcaf379e7f064ad8010cd8ca67a057b647baa8bf9ef6e77,1500,pre_fed,PPO-MADRL,deterministic,f5655ff5653f79b7d93180b1026bff34ef192d86c96c832c1da5719e592c5452
3,12,11,190.0,30.2,42.68,20.7,10.35,0.6611323952674866,0.8463624119758606,157.91165237352317,34.45821647200974,157.91165237352317,-0.02105263157894797,0.1,0.1,4.615411994838884,-36.155187747105316,36.155187747105316,1262.3595548658657,1127.9733287202216,748.41238636508,-384.5922315360077,0.0,36.155187747105316,0.0,-374.20619318254,0.0,195.87,27.17,36.64,0.1,12.3,36.155187747105316,0.0,0.0,inferred_20260921_seed1,1,11ed1195aabfcd298bcaf379e7f064ad8010cd8ca67a057b647baa8bf9ef6e77,1500,pre_fed,PPO-MADRL,deterministic,f5655ff5653f79b7d93180b1026bff34ef192d86c96c832c1da5719e592c5452
1,13,12,345.2,23.52,35.22,26.82,13.41,4.027925968170166,-0.9588116407394409,199.93657211955144,-37.187316420375076,199.93657211955144,-0.18947368421052882,0.9,0.9,5.169741968706818,91.88264353336592,-91.88264353336592,1530.4317187782588,111.40639664265923,2464.292499564874,-1141.768387112612,23.208321947756872,0.0,68.67432158560905,2153.0689022454544,0.0,350.0,30.2,42.68,0.9,20.7,0.0,0.0,0.0,inferred_20260921_seed1,1,11ed1195aabfcd298bcaf379e7f064ad8010cd8ca67a057b647baa8bf9ef6e77,1500,pre_fed,PPO-MADRL,deterministic,f5655ff5653f79b7d93180b1026bff34ef192d86c96c832c1da5719e592c5452
2,13,12,168.35,23.52,35.22,26.82,13.41,-0.32212480902671814,0.6891066431999207,96.40023125809266,29.870389291671863,96.40023125809266,-0.02105263157894797,0.1,0.1,3.102383572530274,16.333204946016565,-16.333204946016565,983.1801484042307,1090.2561177506923,438.05655665216426,-238.59417581657237,0.0,0.0,16.333204946016565,438.05655665216426,0.0,168.35,30.2,42.68,0.1,20.7,0.0,0.0,0.0,inferred_20260921_seed1,1,11ed1195aabfcd298bcaf379e7f064ad8010cd8ca67a057b647baa8bf9ef6e77,1500,pre_fed,PPO-MADRL,deterministic,f5655ff5653f79b7d93180b1026bff34ef192d86c96c832c1da5719e592c5452
3,13,12,190.0,23.52,35.22,26.82,13.41,0.6752238869667053,0.8992369174957275,158.8405648231676,35.79630544746284,158.8405648231676,-0.02105263157894797,0.1,0.1,4.351190243831773,-23.208321947756872,23.208321947756872,1270.5517694393611,1127.9733287202216,622.4471946388393,-328.07173955066935,0.0,23.208321947756872,0.0,-311.22359731941964,0.0,190.0,30.2,42.68,0.1,20.7,23.208321947756872,0.0,0.0,inferred_20260921_seed1,1,11ed1195aabfcd298bcaf379e7f064ad8010cd8ca67a057b647baa8bf9ef6e77,1500,pre_fed,PPO-MADRL,deterministic,f5655ff5653f79b7d93180b1026bff34ef192d86c96c832c1da5719e592c5452
1,14,13,320.6,39.48,35.46,27.35,13.68,4.033004283905029,-0.9587490558624268,199.93721287146778,-37.18591807958796,199.93721287146778,-0.18947368421052882,0.9,0.9,5.493754783745144,51.406015596487975,-51.406015596487975,1530.4374592603617,111.40639664265923,1405.9545265639463,-665.5164140718363,47.564687592079565,0.0,3.8413280044084104,755.7452471802184,0.0,345.2,23.52,35.22,0.9,26.82,0.0,0.0,0.0,inferred_20260921_seed1,1,11ed1195aabfcd298bcaf379e7f064ad8010cd8ca67a057b647baa8bf9ef6e77,1500,pre_fed,PPO-MADRL,deterministic,f5655ff5653f79b7d93180b1026bff34ef192d86c96c832c1da5719e592c5452
2,14,13,165.75,39.48,35.46,27.35,13.68,-0.30520734190940857,0.7090774774551392,98.55009044675441,30.504900858722227,98.55009044675441,-0.02105263157894797,0.1,0.1,3.4693807563035093,-4.2496570588719464,4.2496570588719464,998.5766282232474,1090.2561177506923,116.22812056014774,-94.07930917154528,0.0,4.2496570588719464,0.0,-58.13530856536823,0.0,168.35,23.52,35.22,0.1,26.82,4.2496570588719464,0.0,0.0,inferred_20260921_seed1,1,11ed1195aabfcd298bcaf379e7f064ad8010cd8ca67a057b647baa8bf9ef6e77,1500,pre_fed,PPO-MADRL,deterministic,f5655ff5653f79b7d93180b1026bff34ef192d86c96c832c1da5719e592c5452
3,14,13,187.07,39.48,35.46,27.35,13.68,0.6957734823226929,0.9027809500694275,160.16781848179082,35.8824633808146,160.16781848179082,-0.02105263157894797,0.1,0.1,4.701735317004237,-43.31503053320762,43.31503053320762,1282.2854611127555,1127.9733287202216,1184.6660850832284,-581.3049140841123,0.0,43.31503053320762,0.0,-592.5496176942802,0.0,190.0,23.52,35.22,0.1,26.82,43.31503053320762,0.0,0.0,inferred_20260921_seed1,1,11ed1195aabfcd298bcaf379e7f064ad8010cd8ca67a057b647baa8bf9ef6e77,1500,pre_fed,PPO-MADRL,deterministic,f5655ff5653f79b7d93180b1026bff34ef192d86c96c832c1da5719e592c5452
1,15,14,333.2,35.74,34.83,13.81,6.91,4.056096076965332,-0.9653061032295227,199.94004581568782,-37.33171663879551,199.94004581568782,-0.18947368421052882,0.9,0.9,5.406411442629546,68.28583931115224,-68.28583931115224,1530.462839624047,111.40639664265923,943.0274408870125,-457.19973312448974,29.591651699863775,0.0,38.69418761128847,738.8450441579525,0.0,320.6,39.48,35.46,0.9,27.35,0.0,0.0,0.0,inferred_20260921_seed1,1,11ed1195aabfcd298bcaf379e7f064ad8010cd8ca67a057b647baa8bf9ef6e77,1500,pre_fed,PPO-MADRL,deterministic,f5655ff5653f79b7d93180b1026bff34ef192d86c96c832c1da5719e592c5452
2,15,14,170.3,35.74,34.83,13.81,6.91,-0.42491090297698975,0.7549018263816833,83.85166695632302,31.903210637497814,83.85166695632302,-0.02105263157894797,0.1,0.1,3.088012286494881,18.987397961750844,-18.987397961750844,894.713843902206,1090.2561177506923,262.2159658517792,-157.6965838663586,0.0,0.0,18.987397961750844,262.2159658517792,0.0,165.75,39.48,35.46,0.1,27.35,0.0,0.0,0.0,inferred_20260921_seed1,1,11ed1195aabfcd298bcaf379e7f064ad8010cd8ca67a057b647baa8bf9ef6e77,1500,pre_fed,PPO-MADRL,deterministic,f5655ff5653f79b7d93180b1026bff34ef192d86c96c832c1da5719e592c5452
3,15,14,192.2,35.74,34.83,13.81,6.91,0.6294750571250916,0.9013078808784485,155.76906457021545,35.84670518491001,155.76906457021545,-0.02105263157894797,0.1,0.1,4.52636023877273,-29.591651699863775,29.591651699863775,1243.5262791852113,1127.9733287202216,408.6607099751187,-231.32731164691208,0.0,29.591651699863775,0.0,-204.4783132460587,0.0,187.07,39.48,35.46,0.1,27.35,29.591651699863775,0.0,0.0,inferred_20260921_seed1,1,11ed1195aabfcd298bcaf379e7f064ad8010cd8ca67a057b647baa8bf9ef6e77,1500,pre_fed,PPO-MADRL,deterministic,f5655ff5653f79b7d93180b1026bff34ef192d86c96c832c1da5719e592c5452
1,16,15,316.8,18.06,23.62,17.31,8.66,3.993288040161133,-0.9527603983879089,199.93202386914064,-37.05150958733465,199.93202386914064,-0.18947368421052882,0.9,0.9,4.828451003698603,80.2059008187685,-80.2059008187685,1530.3909712956106,111.40639664265923,1388.3641431728827,-657.5998117865627,0.0,0.0,80.2059008187685,1388.3641431728827,0.0,333.2,35.74,34.83,0.9,13.81,0.0,0.0,0.0,inferred_20260921_seed1,1,11ed1195aabfcd298bcaf379e7f064ad8010cd8ca67a057b647baa8bf9ef6e77,1500,pre_fed,PPO-MADRL,deterministic,f5655ff5653f79b7d93180b1026bff34ef192d86c96c832c1da5719e592c5452
2,16,15,172.25,18.06,23.62,17.31,8.66,-0.3413779139518738,0.6053251624107361,93.98102228676255,27.04139963035077,93.98102228676255,-0.02105263157894797,0.1,0.1,2.712799393103672,39.322829737920074,-39.322829737920074,965.938693969305,1090.2561177506923,680.6781827633964,-347.42907847792833,0.0,0.0,39.322829737920074,680.6781827633964,0.0,170.3,35.74,34.83,0.1,13.81,0.0,0.0,0.0,inferred_20260921_seed1,1,11ed1195aabfcd298bcaf379e7f064ad8010cd8ca67a057b647baa8bf9ef6e77,1500,pre_fed,PPO-MADRL,deterministic,f5655ff5653f79b7d93180b1026bff34ef192d86c96c832c1da5719e592c5452
3,16,15,194.4,18.06,23.62,17.31,8.66,0.6176892518997192,0.8436337113380432,154.95171032520776,34.38644612607301,154.95171032520776,-0.02105263157894797,0.1,0.1,3.9322131538725764,1.7215554602437635,-1.7215554602437635,1236.3647460501743,1127.9733287202216,29.800125016819543,-60.69681775297671,0.0,0.0,1.7215554602437635,29.800125016819543,0.0,192.2,35.74,34.83,0.1,13.81,0.0,0.0,0.0,inferred_20260921_seed1,1,11ed1195aabfcd298bcaf379e7f064ad8010cd8ca67a057b647baa8bf9ef6e77,1500,pre_fed,PPO-MADRL,deterministic,f5655ff5653f79b7d93180b1026bff34ef192d86c96c832c1da5719e592c5452
1,17,16,291.3,24.27,14.18,16.42,8.21,3.950207471847534,-0.9403722882270813,199.9259095102395,-36.76966266364708,199.9259095102395,-0.18947368421052882,0.9,0.9,4.76372871652058,57.87729289049159,-57.87729289049159,1530.3361936758913,111.40639664265923,950.3451492618719,-460.4901689742134,6.421703415386247,0.0,51.45558947510534,897.6229642215509,0.0,316.8,18.06,23.62,0.9,17.31,0.0,0.0,0.0,inferred_20260921_seed1,1,11ed1195aabfcd298bcaf379e7f064ad8010cd8ca67a057b647baa8bf9ef6e77,1500,pre_fed,PPO-MADRL,deterministic,f5655ff5653f79b7d93180b1026bff34ef192d86c96c832c1da5719e592c5452
2,17,16,165.75,24.27,14.18,16.42,8.21,-0.2316148281097412,0.56046462059021,108.14158315658605,25.41610404626321,108.14158315658605,-0.02105263157894797,0.1,0.1,2.9314106105001425,22.110880085493022,-22.110880085493022,1068.1231675872662,1090.2561177506923,363.06065100379544,-206.5448786584671,0.0,0.0,22.110880085493022,363.06065100379544,0.0,172.25,18.06,23.62,0.1,17.31,0.0,0.0,0.0,inferred_20260921_seed1,1,11ed1195aabfcd298bcaf379e7f064ad8010cd8ca67a057b647baa8bf9ef6e77,1500,pre_fed,PPO-MADRL,deterministic,f5655ff5653f79b7d93180b1026bff34ef192d86c96c832c1da5719e592c5452
3,17,16,187.07,24.27,14.18,16.42,8.21,0.6778435111045837,0.8310016989707947,159.01156632074856,34.05067521142342,159.01156632074856,-0.02105263157894797,0.1,0.1,3.9488102737833923,-6.421703415386247,6.421703415386247,1272.0616434494382,1127.9733287202216,105.44437008064219,-95.45066597968219,0.0,6.421703415386247,0.0,-52.722185040321094,0.0,194.4,18.06,23.62,0.1,17.31,6.421703415386247,0.0,0.0,inferred_20260921_seed1,1,11ed1195aabfcd298bcaf379e7f064ad8010cd8ca67a057b647baa8bf9ef6e77,1500,pre_fed,PPO-MADRL,deterministic,f5655ff5653f79b7d93180b1026bff34ef192d86c96c832c1da5719e592c5452
1,18,17,413.8,26.26,4.67,9.83,4.92,3.938458204269409,-0.9388390779495239,199.92414854351597,-36.73442069567695,199.92414854351597,-0.18947368421052882,0.9,0.9,4.613293497186109,187.7486186378807,-187.7486186378807,1530.320417552795,111.40639664265923,1845.5689212103673,-863.3405508285744,0.0,0.0,187.7486186378807,1845.5689212103673,0.0,291.3,24.27,14.18,0.9,16.42,0.0,0.0,0.0,inferred_20260921_seed1,1,11ed1195aabfcd298bcaf379e7f064ad8010cd8ca67a057b647baa8bf9ef6e77,1500,pre_fed,PPO-MADRL,deterministic,f5655ff5653f79b7d93180b1026bff34ef192d86c96c832c1da5719e592c5452
2,18,17,164.25,26.26,4.67,9.83,4.92,-0.2904108166694641,0.5351209044456482,100.44819617438296,24.46428984723865,100.44819617438296,-0.02105263157894797,0.1,0.1,2.6271428708560802,35.51999932805208,-35.51999932805208,1012.2285391421188,1090.2561177506923,349.16159339475195,-199.1724101654946,0.0,0.0,35.51999932805208,349.16159339475195,0.0,165.75,24.27,14.18,0.1,16.42,0.0,0.0,0.0,inferred_20260921_seed1,1,11ed1195aabfcd298bcaf379e7f064ad8010cd8ca67a057b647baa8bf9ef6e77,1500,pre_fed,PPO-MADRL,deterministic,f5655ff5653f79b7d93180b1026bff34ef192d86c96c832c1da5719e592c5452
3,18,17,185.6,26.26,4.67,9.83,4.92,0.6077451705932617,0.7836287021636963,154.2537919391465,32.73922780176598,154.2537919391465,-0.02105263157894797,0.1,0.1,3.703254786151351,4.140515478583808,-4.140515478583808,1230.2597382786935,1127.9733287202216,40.701267154478835,-65.48023155949377,0.0,0.0,4.140515478583808,40.701267154478835,0.0,187.07,24.27,14.18,0.1,16.42,0.0,0.0,0.0,inferred_20260921_seed1,1,11ed1195aabfcd298bcaf379e7f064ad8010cd8ca67a057b647baa8bf9ef6e77,1500,pre_fed,PPO-MADRL,deterministic,f5655ff5653f79b7d93180b1026bff34ef192d86c96c832c1da5719e592c5452
1,19,18,539.8,26.77,0.18,8.63,4.32,3.9510364532470703,-0.9455428719520569,199.92603220234696,-36.887927682816205,199.92603220234696,-0.18947368421052882,0.9,0.9,4.533731170362729,317.64717265222623,-317.64717265222623,1530.3372928500328,111.40639664265923,2741.2950999887125,-1266.4176687847746,0.0,0.0,317.64717265222623,2741.2950999887125,0.0,413.8,26.26,4.67,0.9,9.83,0.0,0.0,0.0,inferred_20260921_seed1,1,11ed1195aabfcd298bcaf379e7f064ad8010cd8ca67a057b647baa8bf9ef6e77,1500,pre_fed,PPO-MADRL,deterministic,f5655ff5653f79b7d93180b1026bff34ef192d86c96c832c1da5719e592c5452
2,19,18,162.5,26.77,0.18,8.63,4.32,-0.28704941272735596,0.41983693838119507,100.88164273997202,19.839652623407773,100.88164273997202,-0.02105263157894797,0.1,0.1,2.5562118021678617,37.245621693774794,-37.245621693774794,1015.3537351615978,1090.2561177506923,321.4297152172765,-186.75556890602024,0.0,0.0,37.245621693774794,321.4297152172765,0.0,164.25,26.26,4.67,0.1,9.83,0.0,0.0,0.0,inferred_20260921_seed1,1,11ed1195aabfcd298bcaf379e7f064ad8010cd8ca67a057b647baa8bf9ef6e77,1500,pre_fed,PPO-MADRL,deterministic,f5655ff5653f79b7d93180b1026bff34ef192d86c96c832c1da5719e592c5452
3,19,18,183.4,26.77,0.18,8.63,4.32,0.5396022200584412,0.7019912004470825,149.26868029887035,30.281507502130196,149.26868029887035,-0.02105263157894797,0.1,0.1,3.5239525533458282,10.726324886054414,-10.726324886054414,1186.9218522590172,1127.9733287202216,92.5681837666496,-87.95358631457711,0.0,0.0,10.726324886054414,92.5681837666496,0.0,185.6,26.26,4.67,0.1,9.83,0.0,0.0,0.0,inferred_20260921_seed1,1,11ed1195aabfcd298bcaf379e7f064ad8010cd8ca67a057b647baa8bf9ef6e77,1500,pre_fed,PPO-MADRL,deterministic,f5655ff5653f79b7d93180b1026bff34ef192d86c96c832c1da5719e592c5452
1,20,19,557.2,26.22,0.0,8.87,4.44,3.994819164276123,-0.9571853280067444,199.9322316401083,-37.15093725668394,199.9322316401083,-0.18947368421052882,0.9,0.9,4.5192551591179555,335.7564972032202,-335.7564972032202,1530.3928326950302,111.40639664265923,2978.160130192563,-1373.008043173407,0.0,0.0,335.7564972032202,2978.160130192563,0.0,539.8,26.77,0.18,0.9,8.63,0.0,0.0,0.0,inferred_20260921_seed1,1,11ed1195aabfcd298bcaf379e7f064ad8010cd8ca67a057b647baa8bf9ef6e77,1500,pre_fed,PPO-MADRL,deterministic,f5655ff5653f79b7d93180b1026bff34ef192d86c96c832c1da5719e592c5452
2,20,19,165.75,26.22,0.0,8.87,4.44,-0.29143691062927246,0.3866201639175415,100.31604683979761,18.42214245217976,100.31604683979761,-0.02105263157894797,0.1,0.1,2.530299884164373,41.765305675945726,-41.765305675945726,1011.2762963771403,1090.2561177506923,370.45826134563856,-208.736865888094,0.0,0.0,41.765305675945726,370.45826134563856,0.0,162.5,26.77,0.18,0.1,8.63,0.0,0.0,0.0,inferred_20260921_seed1,1,11ed1195aabfcd298bcaf379e7f064ad8010cd8ca67a057b647baa8bf9ef6e77,1500,pre_fed,PPO-MADRL,deterministic,f5655ff5653f79b7d93180b1026bff34ef192d86c96c832c1da5719e592c5452
3,20,19,187.07,26.22,0.0,8.87,4.44,0.5114573240280151,0.6712802648544312,147.10798972345,29.291070426278772,147.10798972345,-0.02105263157894797,0.1,0.1,3.466138741837421,17.22920164996637,-17.22920164996637,1168.284646377754,1127.9733287202216,152.8230186352017,-114.69551788780028,0.0,0.0,17.22920164996637,152.8230186352017,0.0,183.4,26.77,0.18,0.1,8.63,0.0,0.0,0.0,inferred_20260921_seed1,1,11ed1195aabfcd298bcaf379e7f064ad8010cd8ca67a057b647baa8bf9ef6e77,1500,pre_fed,PPO-MADRL,deterministic,f5655ff5653f79b7d93180b1026bff34ef192d86c96c832c1da5719e592c5452
1,21,20,557.1,32.84,0.0,8.35,4.18,4.001386642456055,-0.9586875438690186,199.93311565839724,-37.18454358350649,199.93311565839724,-0.18947368421052882,0.9,0.9,4.651672839483735,329.16803086529706,-329.16803086529706,1530.400752534712,111.40639664265923,2748.5530577252302,-1269.685018959901,0.0,0.0,329.16803086529706,2748.5530577252302,0.0,557.2,26.22,0.0,0.9,8.87,0.0,0.0,0.0,inferred_20260921_seed1,1,11ed1195aabfcd298bcaf379e7f064ad8010cd8ca67a057b647baa8bf9ef6e77,1500,pre_fed,PPO-MADRL,deterministic,f5655ff5653f79b7d93180b1026bff34ef192d86c96c832c1da5719e592c5452
2,21,20,169.0,32.84,0.0,8.35,4.18,-0.2860071659088135,0.38756731152534485,101.01620433380127,18.463056771787883,101.01620433380127,-0.02105263157894797,0.1,0.1,2.676703034044446,37.84155133182213,-37.84155133182213,1016.3245195048542,1090.2561177506923,315.97695362071477,-184.3212418744326,0.0,0.0,37.84155133182213,315.97695362071477,0.0,165.75,26.22,0.0,0.1,8.87,0.0,0.0,0.0,inferred_20260921_seed1,1,11ed1195aabfcd298bcaf379e7f064ad8010cd8ca67a057b647baa8bf9ef6e77,1500,pre_fed,PPO-MADRL,deterministic,f5655ff5653f79b7d93180b1026bff34ef192d86c96c832c1da5719e592c5452
3,21,20,190.73,32.84,0.0,8.35,4.18,0.5228606462478638,0.6786377429962158,147.99048476719136,29.53165359778881,147.99048476719136,-0.02105263157894797,0.1,0.1,3.6161886427122485,13.536756507099824,-13.536756507099824,1175.8859605228506,1127.9733287202216,113.03191683428352,-96.94154836028903,0.0,0.0,13.536756507099824,113.03191683428352,0.0,187.07,26.22,0.0,0.1,8.87,0.0,0.0,0.0,inferred_20260921_seed1,1,11ed1195aabfcd298bcaf379e7f064ad8010cd8ca67a057b647baa8bf9ef6e77,1500,pre_fed,PPO-MADRL,deterministic,f5655ff5653f79b7d93180b1026bff34ef192d86c96c832c1da5719e592c5452
1,22,21,535.0,36.02,0.0,16.44,8.22,4.012760162353516,-0.9619616270065308,199.93461941398647,-37.25752890850156,199.93461941398647,-0.18947368421052882,0.9,0.9,4.715302914595519,303.95015718481955,-303.95015718481955,1530.414224573749,111.40639664265923,4996.940584118433,-2281.4596752776233,0.0,0.0,303.95015718481955,4996.940584118433,0.0,557.1,32.84,0.0,0.9,8.35,0.0,0.0,0.0,inferred_20260921_seed1,1,11ed1195aabfcd298bcaf379e7f064ad8010cd8ca67a057b647baa8bf9ef6e77,1500,pre_fed,PPO-MADRL,deterministic,f5655ff5653f79b7d93180b1026bff34ef192d86c96c832c1da5719e592c5452
2,22,21,161.2,36.02,0.0,16.44,8.22,-0.3336929678916931,0.39936563372612,94.9430777102173,18.970302154073174,94.9430777102173,-0.02105263157894797,0.1,0.1,2.618840501572767,32.87681542293441,-32.87681542293441,972.7845102327058,1090.2561177506923,540.4948455530418,-284.4834930585368,0.0,0.0,32.87681542293441,540.4948455530418,0.0,169.0,32.84,0.0,0.1,8.35,0.0,0.0,0.0,inferred_20260921_seed1,1,11ed1195aabfcd298bcaf379e7f064ad8010cd8ca67a057b647baa8bf9ef6e77,1500,pre_fed,PPO-MADRL,deterministic,f5655ff5653f79b7d93180b1026bff34ef192d86c96c832c1da5719e592c5452
3,22,21,181.93,36.02,0.0,16.44,8.22,0.4980091452598572,0.6802675724029541,146.05500143491943,29.584665900249902,146.05500143491943,-0.02105263157894797,0.1,0.1,3.64107897606681,3.5171301727263256,-3.5171301727263256,1159.2341610563478,1127.9733287202216,57.8216200396208,-71.76387881336075,0.0,0.0,3.5171301727263256,57.8216200396208,0.0,190.73,32.84,0.0,0.1,8.35,0.0,0.0,0.0,inferred_20260921_seed1,1,11ed1195aabfcd298bcaf379e7f064ad8010cd8ca67a057b647baa8bf9ef6e77,1500,pre_fed,PPO-MADRL,deterministic,f5655ff5653f79b7d93180b1026bff34ef192d86c96c832c1da5719e592c5452
1,23,22,437.8,37.23,0.0,16.19,8.1,4.050477504730225,-0.9686444401741028,199.93936850772195,-37.40539961871637,199.93936850772195,-0.18947368421052882,0.9,0.9,4.7395978964702286,205.55970307295883,-205.55970307295883,1530.4567716062293,111.40639664265923,3328.011592751204,-1530.4424801030195,18.484113342803823,0.0,187.075589730155,3178.4751158079207,0.0,535.0,36.02,0.0,0.9,16.44,0.0,0.0,0.0,inferred_20260921_seed1,1,11ed1195aabfcd298bcaf379e7f064ad8010cd8ca67a057b647baa8bf9ef6e77,1500,pre_fed,PPO-MADRL,deterministic,f5655ff5653f79b7d93180b1026bff34ef192d86c96c832c1da5719e592c5452
2,23,22,148.0,37.23,0.0,16.19,8.1,-0.3994144797325134,0.5156315565109253,86.87730002254867,23.716070334752104,86.87730002254867,-0.02105263157894797,0.1,0.1,2.481724947819394,26.395477556849684,-26.395477556849684,915.8253200980566,1090.2561177506923,427.3427816453964,-232.42588049740337,0.0,0.0,26.395477556849684,427.3427816453964,0.0,161.2,36.02,0.0,0.1,16.44,0.0,0.0,0.0,inferred_20260921_seed1,1,11ed1195aabfcd298bcaf379e7f064ad8010cd8ca67a057b647baa8bf9ef6e77,1500,pre_fed,PPO-MADRL,deterministic,f5655ff5653f79b7d93180b1026bff34ef192d86c96c832c1da5719e592c5452
3,23,22,161.39,37.23,0.0,16.19,8.1,0.5015823245048523,0.7233180403709412,146.33606624668488,30.948018359691805,146.33606624668488,-0.02105263157894797,0.1,0.1,3.6709002723021182,-18.484113342803823,18.484113342803823,1161.6478655965034,1127.9733287202216,299.2577950199939,-180.45843164533176,0.0,18.484113342803823,0.0,-149.72131807671096,0.0,181.93,36.02,0.0,0.1,16.44,18.484113342803823,0.0,0.0,inferred_20260921_seed1,1,11ed1195aabfcd298bcaf379e7f064ad8010cd8ca67a057b647baa8bf9ef6e77,1500,pre_fed,PPO-MADRL,deterministic,f5655ff5653f79b7d93180b1026bff34ef192d86c96c832c1da5719e592c5452
1,24,23,447.3,44.12,0.0,8.87,4.44,4.020402431488037,-0.9612995386123657,199.93561080852658,-37.24279843223907,199.93561080852658,-0.18947368421052882,0.9,0.9,4.877322742486321,208.31118561817027,-208.31118561817027,1530.4231064267387,111.40639664265923,1847.7202164331702,-864.3106874563146,54.26150404055157,0.0,154.04968157761868,1607.3417535335266,0.0,437.8,37.23,0.0,0.9,16.19,0.0,0.0,0.0,inferred_20260921_seed1,1,11ed1195aabfcd298bcaf379e7f064ad8010cd8ca67a057b647baa8bf9ef6e77,1500,pre_fed,PPO-MADRL,deterministic,f5655ff5653f79b7d93180b1026bff34ef192d86c96c832c1da5719e592c5452
2,24,23,119.6,44.12,0.0,8.87,4.44,-0.41687285900115967,0.5161042213439941,84.79901942825076,23.734382444018287,84.79901942825076,-0.02105263157894797,0.1,0.1,2.577959335933436,-6.720007460738358,6.720007460738358,901.3090704420099,1090.2561177506923,59.60646617674924,-66.6542135433912,0.0,6.720007460738358,0.0,-29.836833125678314,0.0,148.0,37.23,0.0,0.1,16.19,6.720007460738358,0.0,0.0,inferred_20260921_seed1,1,11ed1195aabfcd298bcaf379e7f064ad8010cd8ca67a057b647baa8bf9ef6e77,1500,pre_fed,PPO-MADRL,deterministic,f5655ff5653f79b7d93180b1026bff34ef192d86c96c832c1da5719e592c5452
3,24,23,134.98,44.12,0.0,8.87,4.44,0.4494840204715729,0.6879022717475891,142.147477713021,29.831634625237303,142.147477713021,-0.02105263157894797,0.1,0.1,3.7249285016288414,-47.54149657981321,47.54149657981321,1125.8329470043032,1127.9733287202216,421.69307466294316,-234.83800911281492,0.0,47.54149657981321,0.0,-211.0842448143707,0.0,161.39,37.23,0.0,0.1,16.19,47.54149657981321,0.0,0.0,inferred_20260921_seed1,1,11ed1195aabfcd298bcaf379e7f064ad8010cd8ca67a057b647baa8bf9ef6e77,1500,pre_fed,PPO-MADRL,deterministic,f5655ff5653f79b7d93180b1026bff34ef192d86c96c832c1da5719e592c5452
1,1,0,457.7,51.48,0.0,8.65,4.33,3.202720880508423,-0.9461629390716553,199.67003727008773,-36.90204983186361,199.67003727008773,-36.90204983186361,0.5,0.8495694734027043,4.284959748764483,247.73697231054035,-247.73697231054035,1528.0444158307514,259.2698871787868,2142.924810486174,-1000.062450778969,87.53174265725387,0.0,160.2052296532865,1764.7876822068374,0.0,447.3,44.12,0.0,0.5,8.87,0.0,0.0,0.0,inferred_20260921_seed1,1,11ed1195aabfcd298bcaf379e7f064ad8010cd8ca67a057b647baa8bf9ef6e77,1500,pre_fed,A2C-MADRL,deterministic,adc5004a276ee9b2548fd35a38b307f33b0164569988c417883606a0532ca907
2,1,0,110.5,51.48,0.0,8.65,4.33,-0.365001380443573,-0.0580686591565609,91.05435403688365,-2.900173924688164,91.05435403688365,-2.900173924688164,0.5,0.5265516522845376,2.7926836022439097,-26.341496509951583,26.341496509951583,945.1995358864626,523.3766932622293,227.8539448110812,-131.90579974796037,0.0,26.341496509951583,0.0,-114.05867988809035,0.0,119.6,44.12,0.0,0.5,8.87,26.341496509951583,0.0,0.0,inferred_20260921_seed1,1,11ed1195aabfcd298bcaf379e7f064ad8010cd8ca67a057b647baa8bf9ef6e77,1500,pre_fed,A2C-MADRL,deterministic,adc5004a276ee9b2548fd35a38b307f33b0164569988c417883606a0532ca907
3,1,0,124.71,51.48,0.0,8.65,4.33,0.38542720675468445,0.029468335211277008,136.74113830966127,1.4729904120757722,136.74113830966127,1.4729904120757722,0.5,0.4834948377676235,3.7938825744347406,-61.19024614730229,61.19024614730229,1080.09833318824,578.1274109076969,529.2956291741648,-271.3475480102929,0.0,61.19024614730229,0.0,-264.9537658178189,0.0,134.98,44.12,0.0,0.5,8.87,61.19024614730229,0.0,0.0,inferred_20260921_seed1,1,11ed1195aabfcd298bcaf379e7f064ad8010cd8ca67a057b647baa8bf9ef6e77,1500,pre_fed,A2C-MADRL,deterministic,adc5004a276ee9b2548fd35a38b307f33b0164569988c417883606a0532ca907
1,2,1,336.5,38.37,0.0,8.11,4.06,3.3025383949279785,-0.97552090883255,199.7296700387517,-37.55601969953415,199.7296700387517,-5.487333215168542,0.8495694734027043,0.9,4.652246736471663,108.5399099128885,-108.5399099128885,1528.5784354813475,125.06991613589325,880.2586693935257,-429.1893682594314,60.228460713490975,0.0,48.31144919939753,636.3334035038872,0.0,457.7,51.48,0.0,0.8495694734027043,8.65,0.0,0.0,0.0,inferred_20260921_seed1,1,11ed1195aabfcd298bcaf379e7f064ad8010cd8ca67a057b647baa8bf9ef6e77,1500,pre_fed,A2C-MADRL,deterministic,adc5004a276ee9b2548fd35a38b307f33b0164569988c417883606a0532ca907
2,2,1,109.85,38.37,0.0,8.11,4.06,-0.38511577248573303,-0.06250188499689102,88.6001257582291,-3.1210312200023163,88.6001257582291,-3.1210312200023163,0.5265516522845376,0.5551483455699905,2.476981890764536,-11.52211264746225,11.52211264746225,927.9085796679838,490.0760042128423,93.44433357091884,-70.40964178453,0.0,11.52211264746225,0.0,-46.77977734869673,0.0,110.5,51.48,0.0,0.5265516522845376,8.65,11.52211264746225,0.0,0.0,inferred_20260921_seed1,1,11ed1195aabfcd298bcaf379e7f064ad8010cd8ca67a057b647baa8bf9ef6e77,1500,pre_fed,A2C-MADRL,deterministic,adc5004a276ee9b2548fd35a38b307f33b0164569988c417883606a0532ca907
3,2,1,123.98,38.37,0.0,8.11,4.06,0.38177987933158875,0.028314363211393356,136.42521929777277,1.4153399532769464,136.42521929777277,1.4153399532769464,0.4834948377676235,0.46762953279443614,3.5242111850209943,-48.706348066028724,48.706348066028724,1077.443008494291,598.5068729195694,395.0084828154929,-211.27281489524904,0.0,48.706348066028724,0.0,-197.7477731480766,0.0,124.71,51.48,0.0,0.4834948377676235,8.65,48.706348066028724,0.0,0.0,inferred_20260921_seed1,1,11ed1195aabfcd298bcaf379e7f064ad8010cd8ca67a057b647baa8bf9ef6e77,1500,pre_fed,A2C-MADRL,deterministic,adc5004a276ee9b2548fd35a38b307f33b0164569988c417883606a0532ca907
1,3,2,274.9,43.56,0.0,8.25,4.13,3.2403218746185303,-0.9575965404510498,199.69390446893277,-37.1601440216964,199.69390446893277,-0.18947368421052882,0.9,0.9,4.861288615694445,36.696857830972164,-36.696857830972164,1528.258142966878,111.40639664265923,302.74907710552037,-169.0303754896749,36.696857830972164,0.0,0.0,151.55802284191503,0.0,336.5,38.37,0.0,0.9,8.11,0.0,0.0,0.0,inferred_20260921_seed1,1,11ed1195aabfcd298bcaf379e7f064ad8010cd8ca67a057b647baa8bf9ef6e77,1500,pre_fed,A2C-MADRL,deterministic,adc5004a276ee9b2548fd35a38b307f33b0164569988c417883606a0532ca907
2,3,2,112.45,43.56,0.0,8.25,4.13,-0.3681827783584595,-0.058377042412757874,90.66383399994132,-2.915540935850922,90.66383399994132,-2.915540935850922,0.5551483455699905,0.5817356877694343,2.6261658612818084,-16.2321272028086,16.2321272028086,942.4420511659905,458.2744127692822,133.91504942317093,-88.27610151913237,0.0,16.2321272028086,0.0,-67.03868534759951,0.0,109.85,38.37,0.0,0.5551483455699905,8.11,16.2321272028086,0.0,0.0,inferred_20260921_seed1,1,11ed1195aabfcd298bcaf379e7f064ad8010cd8ca67a057b647baa8bf9ef6e77,1500,pre_fed,A2C-MADRL,deterministic,adc5004a276ee9b2548fd35a38b307f33b0164569988c417883606a0532ca907
3,3,2,126.91,43.56,0.0,8.25,4.13,0.364372193813324,0.02821422927081585,134.9059353272128,1.4103372538253107,134.9059353272128,1.4103372538253107,0.46762953279443614,0.45184861842542295,3.597525451620762,-49.36874712941736,49.36874712941736,1064.6997924229524,618.7180632231592,407.2921638176932,-216.94983083088417,0.0,20.464730628163565,-28.904016501253793,-84.51933749431552,0.0,123.98,38.37,0.0,0.46762953279443614,8.11,20.464730628163565,0.0,0.0,inferred_20260921_seed1,1,11ed1195aabfcd298bcaf379e7f064ad8010cd8ca67a057b647baa8bf9ef6e77,1500,pre_fed,A2C-MADRL,deterministic,adc5004a276ee9b2548fd35a38b307f33b0164569988c417883606a0532ca907
1,4,3,272.6,40.75,0.0,8.1,4.05,3.227149486541748,-0.9539855122566223,199.6857461284538,-37.079103137962335,199.6857461284538,-0.18947368421052882,0.9,0.9,4.804925448884865,37.15865300464162,-37.15865300464162,1528.1850852304617,111.40639664265923,300.9850893375971,-168.23511983938113,37.15865300464162,0.0,0.0,150.49254466879856,0.0,274.9,43.56,0.0,0.9,8.25,0.0,0.0,0.0,inferred_20260921_seed1,1,11ed1195aabfcd298bcaf379e7f064ad8010cd8ca67a057b647baa8bf9ef6e77,1500,pre_fed,A2C-MADRL,deterministic,adc5004a276ee9b2548fd35a38b307f33b0164569988c417883606a0532ca907
2,4,3,110.5,40.75,0.0,8.1,4.05,-0.38610967993736267,-0.06181042641401291,88.47977874759741,-3.086591517577025,88.47977874759741,-3.086591517577025,0.5817356877694343,0.6098948358108772,2.5228637446004076,-13.120323485419974,13.120323485419974,927.0630447652541,426.4465702289842,106.27462023190178,-74.89377140424057,0.0,13.120323485419974,0.0,-53.13731011595089,0.0,112.45,43.56,0.0,0.5817356877694343,8.25,13.120323485419974,0.0,0.0,inferred_20260921_seed1,1,11ed1195aabfcd298bcaf379e7f064ad8010cd8ca67a057b647baa8bf9ef6e77,1500,pre_fed,A2C-MADRL,deterministic,adc5004a276ee9b2548fd35a38b307f33b0164569988c417883606a0532ca907
3,4,3,124.71,40.75,0.0,8.1,4.05,0.3730384111404419,0.028937768191099167,135.6646516311589,1.4464846726919094,135.6646516311589,1.4464846726919094,0.45184861842542295,0.4357187667391836,3.5572227260770166,-49.59391357777382,49.59391357777382,1071.0581541479683,639.3703941290083,401.7106999799679,-214.9783859565251,0.0,24.038329519221648,-25.55558405855217,-97.35523455284768,0.0,126.91,43.56,0.0,0.45184861842542295,8.25,24.038329519221648,0.0,0.0,inferred_20260921_seed1,1,11ed1195aabfcd298bcaf379e7f064ad8010cd8ca67a057b647baa8bf9ef6e77,1500,pre_fed,A2C-MADRL,deterministic,adc5004a276ee9b2548fd35a38b307f33b0164569988c417883606a0532ca907
1,5,4,245.3,27.74,0.0,8.14,4.07,3.217613697052002,-0.951195240020752,199.6797049851089,-37.01618416407758,199.6797049851089,-0.18947368421052882,0.9,0.9,4.544604626017968,22.614373325119573,-22.614373325119573,1528.130987636638,111.40639664265923,184.08099886647332,-115.62719717549894,22.614373325119573,0.0,0.0,92.04049943323666,0.0,272.6,40.75,0.0,0.9,8.1,0.0,0.0,0.0,inferred_20260921_seed1,1,11ed1195aabfcd298bcaf379e7f064ad8010cd8ca67a057b647baa8bf9ef6e77,1500,pre_fed,A2C-MADRL,deterministic,adc5004a276ee9b2548fd35a38b307f33b0164569988c417883606a0532ca907
2,5,4,113.75,27.74,0.0,8.14,4.07,-0.3888120949268341,-0.06199195235967636,88.15300291954848,-3.095633125316238,88.15300291954848,-3.095633125316238,0.6098948358108772,0.6380835608297597,2.255947395884645,3.208577601652408,-3.208577601652408,924.7682912034131,394.633289049973,26.117821677450603,-38.141051359920496,3.208577601652408,0.0,0.0,13.058910838725302,0.0,110.5,40.75,0.0,0.6098948358108772,8.1,0.0,0.0,0.0,inferred_20260921_seed1,1,11ed1195aabfcd298bcaf379e7f064ad8010cd8ca67a057b647baa8bf9ef6e77,1500,pre_fed,A2C-MADRL,deterministic,adc5004a276ee9b2548fd35a38b307f33b0164569988c417883606a0532ca907
3,5,4,128.38,27.74,0.0,8.14,4.07,0.3675811290740967,0.02893495373427868,135.18741415254402,1.4463440676142054,135.18741415254402,1.4463440676142054,0.4357187667391836,0.41962265480976624,3.287475164403165,-32.70628305575508,32.70628305575508,1067.0574272061695,660.3625194338084,266.2291440738464,-154.35151376603045,0.0,25.82295092677198,-6.883332128983099,-105.09941027196197,0.0,124.71,40.75,0.0,0.4357187667391836,8.1,22.614373325119573,3.208577601652408,0.0,inferred_20260921_seed1,1,11ed1195aabfcd298bcaf379e7f064ad8010cd8ca67a057b647baa8bf9ef6e77,1500,pre_fed,A2C-MADRL,deterministic,adc5004a276ee9b2548fd35a38b307f33b0164569988c417883606a0532ca907
1,6,5,233.7,30.15,0.0,8.13,4.07,3.165708065032959,-0.9358784556388855,199.6447298148395,-36.666143588554206,199.6447298148395,-0.18947368421052882,0.9,0.9,4.59210512261258,8.686848991983595,-8.686848991983595,1527.817801497888,111.40639664265923,70.62408230482663,-64.56532099998293,8.686848991983595,0.0,0.0,35.35547539737323,0.0,245.3,27.74,0.0,0.9,8.14,0.0,0.0,0.0,inferred_20260921_seed1,1,11ed1195aabfcd298bcaf379e7f064ad8010cd8ca67a057b647baa8bf9ef6e77,1500,pre_fed,A2C-MADRL,deterministic,adc5004a276ee9b2548fd35a38b307f33b0164569988c417883606a0532ca907
2,6,5,120.25,30.15,0.0,8.13,4.07,-0.37352707982063293,-0.05779293179512024,90.00978649941348,-2.886433720120468,90.00978649941348,-2.886433720120468,0.6380835608297597,0.6642285140492445,2.3454670555858605,5.322114276292837,-5.322114276292837,937.8289759757605,364.9674988948095,43.268789066260766,-45.52688457722874,5.322114276292837,0.0,0.0,21.661005104511847,0.0,113.75,27.74,0.0,0.6380835608297597,8.14,0.0,0.0,0.0,inferred_20260921_seed1,1,11ed1195aabfcd298bcaf379e7f064ad8010cd8ca67a057b647baa8bf9ef6e77,1500,pre_fed,A2C-MADRL,deterministic,adc5004a276ee9b2548fd35a38b307f33b0164569988c417883606a0532ca907
3,6,5,135.43,30.15,0.0,8.13,4.07,0.3594663739204407,0.03000744618475437,134.47439151738817,1.4999221362182806,134.47439151738817,1.4999221362182806,0.41962265480976624,0.4029947554346911,3.3224862730721294,-27.37182738053434,27.37182738053434,1061.0881534687574,681.9855094227362,222.53295660374422,-135.00130372951477,0.0,14.008963268276432,-13.36286411225791,-57.016480501885084,0.0,128.38,27.74,0.0,0.41962265480976624,8.14,8.686848991983595,5.322114276292837,0.0,inferred_20260921_seed1,1,11ed1195aabfcd298bcaf379e7f064ad8010cd8ca67a057b647baa8bf9ef6e77,1500,pre_fed,A2C-MADRL,deterministic,adc5004a276ee9b2548fd35a38b307f33b0164569988c417883606a0532ca907
1,7,6,274.6,28.65,0.16,8.34,4.17,3.166712760925293,-0.9362611174583435,199.6454417107974,-36.67498514044988,199.6454417107974,-0.18947368421052882,0.9,0.9,4.5653193605317375,50.89935133394488,-50.89935133394488,1527.8241759925463,111.40639664265923,424.5005901251003,-223.80987700899925,15.499754614701317,0.0,35.39959671924356,359.8666133817958,0.0,233.7,30.15,0.0,0.9,8.13,0.0,0.0,0.0,inferred_20260921_seed1,1,11ed1195aabfcd298bcaf379e7f064ad8010cd8ca67a057b647baa8bf9ef6e77,1500,pre_fed,A2C-MADRL,deterministic,adc5004a276ee9b2548fd35a38b307f33b0164569988c417883606a0532ca907
2,7,6,130.0,28.65,0.16,8.34,4.17,-0.3858411908149719,-0.05998889356851578,88.5122800095707,-2.9958518488841572,88.5122800095707,-2.9958518488841572,0.6642285140492445,0.6913606495855456,2.286528563213731,17.96010040252719,-17.96010040252719,927.2913706693057,335.7417190146348,149.78723735707675,-92.66491860436335,0.0,0.0,17.96010040252719,149.78723735707675,0.0,120.25,30.15,0.0,0.6642285140492445,8.13,0.0,0.0,0.0,inferred_20260921_seed1,1,11ed1195aabfcd298bcaf379e7f064ad8010cd8ca67a057b647baa8bf9ef6e77,1500,pre_fed,A2C-MADRL,deterministic,adc5004a276ee9b2548fd35a38b307f33b0164569988c417883606a0532ca907
3,7,6,146.72,28.65,0.16,8.34,4.17,0.3673413395881653,0.03108920156955719,135.1664023948582,1.5539594568778403,135.1664023948582,1.5539594568778403,0.4029947554346911,0.3858312979566865,3.310607237034721,-15.499754614701317,15.499754614701317,1066.881383109629,704.5325363662325,129.26795348660897,-93.59885745849127,0.0,15.499754614701317,0.0,-64.63397674330449,0.0,135.43,30.15,0.0,0.4029947554346911,8.13,15.499754614701317,0.0,0.0,inferred_20260921_seed1,1,11ed1195aabfcd298bcaf379e7f064ad8010cd8ca67a057b647baa8bf9ef6e77,1500,pre_fed,A2C-MADRL,deterministic,adc5004a276ee9b2548fd35a38b307f33b0164569988c417883606a0532ca907
1,8,7,291.0,23.38,1.77,9.35,4.68,3.187223434448242,-0.9420555233955383,199.65966764142306,-36.80826165486569,199.65966764142306,-0.18947368421052882,0.9,0.9,4.492403879144251,70.87220992193173,-70.87220992193173,1527.9515602586762,111.40639664265923,662.6551627700617,-330.9819823845545,0.0,0.0,70.87220992193173,662.6551627700617,0.0,274.6,28.65,0.16,0.9,8.34,0.0,0.0,0.0,inferred_20260921_seed1,1,11ed1195aabfcd298bcaf379e7f064ad8010cd8ca67a057b647baa8bf9ef6e77,1500,pre_fed,A2C-MADRL,deterministic,adc5004a276ee9b2548fd35a38b307f33b0164569988c417883606a0532ca907
2,8,7,157.95,23.38,1.77,9.35,4.68,-0.3919418454170227,-0.060475513339042664,87.7753704751917,-3.020094779152828,87.7753704751917,-3.020094779152828,0.6913606495855456,0.7186688286883264,2.1981055139207775,50.2428298178819,-50.2428298178819,922.1184233307232,306.6021231863481,469.7704587971957,-235.9711173890795,0.0,0.0,50.2428298178819,469.7704587971957,0.0,130.0,28.65,0.16,0.6913606495855456,8.34,0.0,0.0,0.0,inferred_20260921_seed1,1,11ed1195aabfcd298bcaf379e7f064ad8010cd8ca67a057b647baa8bf9ef6e77,1500,pre_fed,A2C-MADRL,deterministic,adc5004a276ee9b2548fd35a38b307f33b0164569988c417883606a0532ca907
3,8,7,178.26,23.38,1.77,9.35,4.68,0.3777274191379547,0.03303041681647301,136.07322352225603,1.6509204950925143,136.07322352225603,1.6509204950925143,0.3858312979566865,0.3676815248861151,3.2574828803469713,18.643338862998405,-18.643338862998405,1074.4866891818172,728.4113991938432,174.31521836903508,-114.499810033579,0.0,0.0,18.643338862998405,174.31521836903508,0.0,146.72,28.65,0.16,0.3858312979566865,8.34,0.0,0.0,0.0,inferred_20260921_seed1,1,11ed1195aabfcd298bcaf379e7f064ad8010cd8ca67a057b647baa8bf9ef6e77,1500,pre_fed,A2C-MADRL,deterministic,adc5004a276ee9b2548fd35a38b307f33b0164569988c417883606a0532ca907
1,9,8,315.7,21.75,5.3,12.0,6.0,3.193023443222046,-0.9433651566505432,199.6635860911953,-36.83822732715842,199.6635860911953,-0.18947368421052882,0.9,0.9,4.530482248139696,93.7063698411549,-93.7063698411549,1527.986648089086,111.40639664265923,1124.4764380938586,-538.8022580368713,0.0,0.0,93.7063698411549,1124.4764380938586,0.0,291.0,23.38,1.77,0.9,9.35,0.0,0.0,0.0,inferred_20260921_seed1,1,11ed1195aabfcd298bcaf379e7f064ad8010cd8ca67a057b647baa8bf9ef6e77,1500,pre_fed,A2C-MADRL,deterministic,adc5004a276ee9b2548fd35a38b307f33b0164569988c417883606a0532ca907
2,9,8,165.1,21.75,5.3,12.0,6.0,-0.39418426156044006,-0.05875971168279648,87.50534420443749,-2.934608916267652,87.50534420443749,-2.934608916267652,0.7186688286883264,0.7451102757354924,2.232414705763397,55.71167941759356,-55.71167941759356,920.2249630901667,278.5854277911222,668.5401530111227,-324.819276672631,0.0,0.0,55.71167941759356,668.5401530111227,0.0,157.95,23.38,1.77,0.7186688286883264,9.35,0.0,0.0,0.0,inferred_20260921_seed1,1,11ed1195aabfcd298bcaf379e7f064ad8010cd8ca67a057b647baa8bf9ef6e77,1500,pre_fed,A2C-MADRL,deterministic,adc5004a276ee9b2548fd35a38b307f33b0164569988c417883606a0532ca907
3,9,8,186.33,21.75,5.3,12.0,6.0,0.41228803992271423,0.03861137479543686,139.04137010466854,1.929609922961516,139.04137010466854,1.929609922961516,0.3676815248861151,0.346634478436748,3.3604196005526012,21.669439572922556,-21.669439572922556,1099.4891350136668,755.531572153908,260.0332748750707,-154.1153878371333,0.0,0.0,21.669439572922556,260.0332748750707,0.0,178.26,23.38,1.77,0.3676815248861151,9.35,0.0,0.0,0.0,inferred_20260921_seed1,1,11ed1195aabfcd298bcaf379e7f064ad8010cd8ca67a057b647baa8bf9ef6e77,1500,pre_fed,A2C-MADRL,deterministic,adc5004a276ee9b2548fd35a38b307f33b0164569988c417883606a0532ca907
1,10,9,362.4,34.82,11.6,9.19,4.6,3.230313301086426,-0.953693151473999,199.68772523749178,-37.07252277459921,199.68772523749178,-0.18947368421052882,0.9,0.9,4.918365031065625,121.40011347778437,-121.40011347778437,1528.2028080036973,111.40639664265923,1115.6670428608384,-534.8423533803044,0.0,0.0,121.40011347778437,1115.6670428608384,0.0,315.7,21.75,5.3,0.9,12.0,0.0,0.0,0.0,inferred_20260921_seed1,1,11ed1195aabfcd298bcaf379e7f064ad8010cd8ca67a057b647baa8bf9ef6e77,1500,pre_fed,A2C-MADRL,deterministic,adc5004a276ee9b2548fd35a38b307f33b0164569988c417883606a0532ca907
2,10,9,169.0,34.82,11.6,9.19,4.6,-0.4080895185470581,-0.05846714600920677,85.84109679155476,-2.920030773777254,85.84109679155476,-2.920030773777254,0.7451102757354924,0.7713603475349053,2.58682132035555,42.24575530257805,-42.24575530257805,908.5795034036968,251.49445562220242,388.2384912306922,-197.90880023432948,0.0,0.0,42.24575530257805,388.2384912306922,0.0,165.1,21.75,5.3,0.7451102757354924,12.0,0.0,0.0,0.0,inferred_20260921_seed1,1,11ed1195aabfcd298bcaf379e7f064ad8010cd8ca67a057b647baa8bf9ef6e77,1500,pre_fed,A2C-MADRL,deterministic,adc5004a276ee9b2548fd35a38b307f33b0164569988c417883606a0532ca907
3,10,9,190.73,34.82,11.6,9.19,4.6,0.4538630247116089,0.04393419995903969,142.5069233684098,2.195297714935461,142.5069233684098,2.195297714935461,0.346634478436748,0.32283281248055384,3.822444421666905,3.4302233383216674,-3.4302233383216674,1128.893345245794,786.8418516065385,31.52375247917612,-52.500392552675905,0.0,0.0,3.4302233383216674,31.52375247917612,0.0,186.33,21.75,5.3,0.346634478436748,12.0,0.0,0.0,0.0,inferred_20260921_seed1,1,11ed1195aabfcd298bcaf379e7f064ad8010cd8ca67a057b647baa8bf9ef6e77,1500,pre_fed,A2C-MADRL,deterministic,adc5004a276ee9b2548fd35a38b307f33b0164569988c417883606a0532ca907
1,11,10,320.0,27.17,36.64,12.3,6.15,3.2679433822631836,-0.9650484919548035,199.7103316958357,-37.32601541407605,199.7103316958357,-0.18947368421052882,0.9,0.9,5.266617160232503,61.93575914860736,-61.93575914860736,1528.4052516472718,111.40639664265923,761.8098375278706,-375.6106598533404,8.54880442199186,0.0,53.3869547266155,709.2346903326206,0.0,362.4,34.82,11.6,0.9,9.19,0.0,0.0,0.0,inferred_20260921_seed1,1,11ed1195aabfcd298bcaf379e7f064ad8010cd8ca67a057b647baa8bf9ef6e77,1500,pre_fed,A2C-MADRL,deterministic,adc5004a276ee9b2548fd35a38b307f33b0164569988c417883606a0532ca907
2,11,10,173.55,27.17,36.64,12.3,6.15,-0.4286938011646271,-0.06285637617111206,83.40792297760153,-3.138686326502442,83.40792297760153,-3.138686326502442,0.7713603475349053,0.7996351469416088,2.8815847330219815,32.35234808192291,-32.35234808192291,891.6293027901017,223.55058673806235,397.9338814076518,-201.37384442400662,0.0,0.0,32.35234808192291,397.9338814076518,0.0,169.0,34.82,11.6,0.7713603475349053,9.19,0.0,0.0,0.0,inferred_20260921_seed1,1,11ed1195aabfcd298bcaf379e7f064ad8010cd8ca67a057b647baa8bf9ef6e77,1500,pre_fed,A2C-MADRL,deterministic,adc5004a276ee9b2548fd35a38b307f33b0164569988c417883606a0532ca907
3,11,10,195.87,27.17,36.64,12.3,6.15,0.45501577854156494,0.0436134859919548,142.60132405283318,2.1792927043014165,142.60132405283318,2.1792927043014165,0.32283281248055384,0.29924722365241996,4.1718123351426915,-8.54880442199186,8.54880442199186,1129.6975001523615,819.7840603523913,105.1502943904999,-86.30726368582002,0.0,8.54880442199186,0.0,-52.57514719524995,0.0,190.73,34.82,11.6,0.32283281248055384,9.19,8.54880442199186,0.0,0.0,inferred_20260921_seed1,1,11ed1195aabfcd298bcaf379e7f064ad8010cd8ca67a057b647baa8bf9ef6e77,1500,pre_fed,A2C-MADRL,deterministic,adc5004a276ee9b2548fd35a38b307f33b0164569988c417883606a0532ca907
1,12,11,350.0,30.2,42.68,20.7,10.35,3.288348436355591,-0.9700194001197815,199.72189901579983,-37.43564060353985,199.72189901579983,-0.18947368421052882,0.9,0.9,5.448248506631785,83.03582317504254,-83.03582317504254,1528.5088416368415,111.40639664265923,1718.8415397233805,-806.2769976411113,30.417982485575692,0.0,52.617840689466846,1404.0154209976722,0.0,320.0,27.17,36.64,0.9,12.3,0.0,0.0,0.0,inferred_20260921_seed1,1,11ed1195aabfcd298bcaf379e7f064ad8010cd8ca67a057b647baa8bf9ef6e77,1500,pre_fed,A2C-MADRL,deterministic,adc5004a276ee9b2548fd35a38b307f33b0164569988c417883606a0532ca907
2,12,11,168.35,30.2,42.68,20.7,10.35,-0.4304286241531372,-0.05375375226140022,83.20487645047088,-2.6851019409601267,83.20487645047088,-2.6851019409601267,0.7996351469416088,0.8235443450868468,3.0679954901902153,18.018220980679445,-18.018220980679445,890.2188893737243,198.57496252255663,372.9771743000645,-189.61560547295466,0.0,0.0,18.018220980679445,372.9771743000645,0.0,173.55,27.17,36.64,0.7996351469416088,12.3,0.0,0.0,0.0,inferred_20260921_seed1,1,11ed1195aabfcd298bcaf379e7f064ad8010cd8ca67a057b647baa8bf9ef6e77,1500,pre_fed,A2C-MADRL,deterministic,adc5004a276ee9b2548fd35a38b307f33b0164569988c417883606a0532ca907
3,12,11,190.0,30.2,42.68,20.7,10.35,0.5397030711174011,0.05525600165128708,149.27631696380206,2.759991694948637,149.27631696380206,2.759991694948637,0.29924722365241996,0.269596185047761,4.498326173175014,-30.417982485575692,30.417982485575692,1186.9878802193261,858.5030553637672,629.6522374514168,-324.2533255647994,0.0,30.417982485575692,0.0,-314.8261187257084,0.0,195.87,27.17,36.64,0.29924722365241996,12.3,30.417982485575692,0.0,0.0,inferred_20260921_seed1,1,11ed1195aabfcd298bcaf379e7f064ad8010cd8ca67a057b647baa8bf9ef6e77,1500,pre_fed,A2C-MADRL,deterministic,adc5004a276ee9b2548fd35a38b307f33b0164569988c417883606a0532ca907
1,13,12,345.2,23.52,35.22,26.82,13.41,3.34810209274292,-0.9869894981384277,199.75318634229373,-37.80378548111055,199.75318634229373,-0.18947368421052882,0.9,0.9,5.166074253161663,92.0623615950785,-92.0623615950785,1528.789043054503,111.40639664265923,2469.1125379800055,-1143.9045508849458,22.8324466134047,0.0,69.2299149816738,2162.9294288942483,0.0,350.0,30.2,42.68,0.9,20.7,0.0,0.0,0.0,inferred_20260921_seed1,1,11ed1195aabfcd298bcaf379e7f064ad8010cd8ca67a057b647baa8bf9ef6e77,1500,pre_fed,A2C-MADRL,deterministic,adc5004a276ee9b2548fd35a38b307f33b0164569988c417883606a0532ca907
2,13,12,168.35,23.52,35.22,26.82,13.41,-0.4654868245124817,-0.05529474839568138,79.16362271563062,-2.761923124927941,79.16362271563062,-2.761923124927941,0.8235443450868468,0.8481355260834885,2.7028339918140536,35.91113440111138,-35.91113440111138,862.2776586518985,174.8647494748999,963.1366246378072,-454.1543292495492,0.0,0.0,35.91113440111138,963.1366246378072,0.0,168.35,30.2,42.68,0.8235443450868468,20.7,0.0,0.0,0.0,inferred_20260921_seed1,1,11ed1195aabfcd298bcaf379e7f064ad8010cd8ca67a057b647baa8bf9ef6e77,1500,pre_fed,A2C-MADRL,deterministic,adc5004a276ee9b2548fd35a38b307f33b0164569988c417883606a0532ca907
3,13,12,190.0,23.52,35.22,26.82,13.41,0.6221519708633423,0.06355559825897217,155.26245780090701,3.1735081311385827,155.26245780090701,3.1735081311385827,0.269596185047761,0.23565164392883828,4.3435193186409125,-22.8324466134047,22.8324466134047,1239.0859724458649,904.9588521319603,612.366218171514,-318.4456946687378,0.0,22.8324466134047,0.0,-306.183109085757,0.0,190.0,30.2,42.68,0.269596185047761,20.7,22.8324466134047,0.0,0.0,inferred_20260921_seed1,1,11ed1195aabfcd298bcaf379e7f064ad8010cd8ca67a057b647baa8bf9ef6e77,1500,pre_fed,A2C-MADRL,deterministic,adc5004a276ee9b2548fd35a38b307f33b0164569988c417883606a0532ca907
1,14,13,320.6,39.48,35.46,27.35,13.68,3.3549482822418213,-0.9887268543243408,199.75653869139833,-37.84094641465953,199.75653869139833,-0.18947368421052882,0.9,0.9,5.490141300143755,51.58307629295604,-51.58307629295604,1528.81906678954,111.40639664265923,1410.7971366123477,-667.6632207442004,43.599102703832955,0.0,7.983973589123082,814.7974026509511,0.0,345.2,23.52,35.22,0.9,26.82,0.0,0.0,0.0,inferred_20260921_seed1,1,11ed1195aabfcd298bcaf379e7f064ad8010cd8ca67a057b647baa8bf9ef6e77,1500,pre_fed,A2C-MADRL,deterministic,adc5004a276ee9b2548fd35a38b307f33b0164569988c417883606a0532ca907
2,14,13,165.75,39.48,35.46,27.35,13.68,-0.4773012697696686,-0.05642208829522133,77.82884389065383,-2.818114604994554,77.82884389065383,-2.818114604994554,0.8481355260834885,0.8732113437787699,2.999014585713186,18.79828530005389,-18.79828530005389,853.1035332532176,151.0781374776136,514.133102956474,-251.44352974502993,0.0,0.0,18.79828530005389,514.133102956474,0.0,168.35,23.52,35.22,0.8481355260834885,26.82,0.0,0.0,0.0,inferred_20260921_seed1,1,11ed1195aabfcd298bcaf379e7f064ad8010cd8ca67a057b647baa8bf9ef6e77,1500,pre_fed,A2C-MADRL,deterministic,adc5004a276ee9b2548fd35a38b307f33b0164569988c417883606a0532ca907
3,14,13,187.07,39.48,35.46,27.35,13.68,0.6490079164505005,0.06682857125997543,157.10017231668905,3.3364630953854038,157.10017231668905,3.3364630953854038,0.23565164392883828,0.20005967647902897,4.707532708241489,-43.599102703832955,43.599102703832955,1255.2164105083307,956.0943666983109,1192.4354589498314,-580.822172071557,0.0,43.599102703832955,0.0,-596.4357249884348,0.0,190.0,23.52,35.22,0.23565164392883828,26.82,43.599102703832955,0.0,0.0,inferred_20260921_seed1,1,11ed1195aabfcd298bcaf379e7f064ad8010cd8ca67a057b647baa8bf9ef6e77,1500,pre_fed,A2C-MADRL,deterministic,adc5004a276ee9b2548fd35a38b307f33b0164569988c417883606a0532ca907
1,15,14,333.2,35.74,34.83,13.81,6.91,3.370349884033203,-0.993495762348175,199.76391503642225,-37.94244916417648,199.76391503642225,-0.18947368421052882,0.9,0.9,5.402888827044234,68.45844747483255,-68.45844747483255,1528.8851301888344,111.40639664265923,945.4111596274375,-458.24085236897673,35.11485124495971,0.0,33.343596229872844,703.1186860372156,0.0,320.6,39.48,35.46,0.9,27.35,0.0,0.0,0.0,inferred_20260921_seed1,1,11ed1195aabfcd298bcaf379e7f064ad8010cd8ca67a057b647baa8bf9ef6e77,1500,pre_fed,A2C-MADRL,deterministic,adc5004a276ee9b2548fd35a38b307f33b0164569988c417883606a0532ca907
2,15,14,170.3,35.74,34.83,13.81,6.91,-0.5092379450798035,-0.0635417252779007,74.29082778716003,-3.1728172758152775,74.29082778716003,-3.003692516714495,0.8732113437787699,0.9,2.8371427054089104,31.28000743496341,-31.28000743496341,828.91726774016,126.5027992922463,431.9769026768447,-213.49800754522826,0.0,0.0,31.28000743496341,431.9769026768447,0.0,165.75,39.48,35.46,0.8732113437787699,27.35,0.0,0.0,0.0,inferred_20260921_seed1,1,11ed1195aabfcd298bcaf379e7f064ad8010cd8ca67a057b647baa8bf9ef6e77,1500,pre_fed,A2C-MADRL,deterministic,adc5004a276ee9b2548fd35a38b307f33b0164569988c417883606a0532ca907
3,15,14,192.2,35.74,34.83,13.81,6.91,0.6629625558853149,0.06711598485708237,158.03316033101277,3.350769510782837,158.03316033101277,3.350769510782837,0.20005967647902897,0.16438829911783054,4.639078596835912,-35.11485124495971,35.11485124495971,1263.4302192831562,1009.1704660781124,484.9360956928936,-263.6732567690275,0.0,35.11485124495971,0.0,-242.6436221026716,0.0,187.07,39.48,35.46,0.20005967647902897,27.35,35.11485124495971,0.0,0.0,inferred_20260921_seed1,1,11ed1195aabfcd298bcaf379e7f064ad8010cd8ca67a057b647baa8bf9ef6e77,1500,pre_fed,A2C-MADRL,deterministic,adc5004a276ee9b2548fd35a38b307f33b0164569988c417883606a0532ca907
1,16,15,316.8,18.06,23.62,17.31,8.66,3.3147404193878174,-0.9778246879577637,199.73617873966407,-37.606134329989985,199.73617873966407,-0.18947368421052882,0.9,0.9,4.824534101109071,80.39782904565553,-80.39782904565553,1528.636725280815,111.40639664265923,1391.686420780297,-659.0597517896032,0.0,0.0,80.39782904565553,1391.686420780297,0.0,333.2,35.74,34.83,0.9,13.81,0.0,0.0,0.0,inferred_20260921_seed1,1,11ed1195aabfcd298bcaf379e7f064ad8010cd8ca67a057b647baa8bf9ef6e77,1500,pre_fed,A2C-MADRL,deterministic,adc5004a276ee9b2548fd35a38b307f33b0164569988c417883606a0532ca907
2,16,15,172.25,18.06,23.62,17.31,8.66,-0.47564563155174255,-0.06240313500165939,78.0150595546846,-3.1161129280901183,78.0150595546846,-0.18947368421052882,0.9,0.9,2.3901117174094817,55.134525846935404,-55.134525846935404,854.381794602248,119.10680096398887,954.3786424104518,-448.94016099602806,0.0,0.0,55.134525846935404,954.3786424104518,0.0,170.3,35.74,34.83,0.9,13.81,0.0,0.0,0.0,inferred_20260921_seed1,1,11ed1195aabfcd298bcaf379e7f064ad8010cd8ca67a057b647baa8bf9ef6e77,1500,pre_fed,A2C-MADRL,deterministic,adc5004a276ee9b2548fd35a38b307f33b0164569988c417883606a0532ca907
3,16,15,194.4,18.06,23.62,17.31,8.66,0.5561097264289856,0.05825252830982208,150.50853089488214,2.9093363540288992,150.50853089488214,2.9093363540288992,0.16438829911783054,0.13343492931929068,3.9019573449782214,3.2040900960671763,-3.2040900960671763,1197.6563342845543,1058.7175898184073,55.46279956292282,-70.0857382853745,0.0,0.0,3.2040900960671763,55.46279956292282,0.0,192.2,35.74,34.83,0.16438829911783054,13.81,0.0,0.0,0.0,inferred_20260921_seed1,1,11ed1195aabfcd298bcaf379e7f064ad8010cd8ca67a057b647baa8bf9ef6e77,1500,pre_fed,A2C-MADRL,deterministic,adc5004a276ee9b2548fd35a38b307f33b0164569988c417883606a0532ca907
1,17,16,291.3,24.27,14.18,16.42,8.21,3.2851126194000244,-0.968712329864502,199.72009593871695,-37.406894251215626,199.72009593871695,-0.18947368421052882,0.9,0.9,4.759612445090129,58.07899019058371,-58.07899019058371,1528.4926942158004,111.40639664265923,953.6570189293847,-461.94364033539233,0.7297894617829286,0.0,57.34920072880078,947.6654474481468,0.0,316.8,18.06,23.62,0.9,17.31,0.0,0.0,0.0,inferred_20260921_seed1,1,11ed1195aabfcd298bcaf379e7f064ad8010cd8ca67a057b647baa8bf9ef6e77,1500,pre_fed,A2C-MADRL,deterministic,adc5004a276ee9b2548fd35a38b307f33b0164569988c417883606a0532ca907
2,17,16,165.75,24.27,14.18,16.42,8.21,-0.45863932371139526,-0.05903575196862221,79.94355963573551,-2.948363162581898,79.94355963573551,-0.18947368421052882,0.9,0.9,2.3640817190304997,49.90999576750552,-49.90999576750552,867.650811457944,119.10680096398887,819.5221305024407,-388.52011097453703,0.0,0.0,49.90999576750552,819.5221305024407,0.0,172.25,18.06,23.62,0.9,17.31,0.0,0.0,0.0,inferred_20260921_seed1,1,11ed1195aabfcd298bcaf379e7f064ad8010cd8ca67a057b647baa8bf9ef6e77,1500,pre_fed,A2C-MADRL,deterministic,adc5004a276ee9b2548fd35a38b307f33b0164569988c417883606a0532ca907
3,17,16,187.07,24.27,14.18,16.42,8.21,0.552001416683197,0.05968206748366356,150.20187288614713,2.980565340161942,150.20187288614713,2.980565340161942,0.13343492931929068,0.10179368745894746,3.8326487645261818,-0.7297894617829286,0.7297894617829286,1194.9986063443246,1107.0811286293726,11.98314296247569,-51.43400903258801,0.0,0.7297894617829286,0.0,-5.991571481237845,0.0,194.4,18.06,23.62,0.13343492931929068,17.31,0.7297894617829286,0.0,0.0,inferred_20260921_seed1,1,11ed1195aabfcd298bcaf379e7f064ad8010cd8ca67a057b647baa8bf9ef6e77,1500,pre_fed,A2C-MADRL,deterministic,adc5004a276ee9b2548fd35a38b307f33b0164569988c417883606a0532ca907
1,18,17,413.8,26.26,4.67,9.83,4.92,3.2719507217407227,-0.9652701616287231,199.71264069333571,-37.330921342733134,199.71264069333571,-0.18947368421052882,0.9,0.9,4.609063340182503,187.95589633105735,-187.95589633105735,1528.425929472794,111.40639664265923,1847.6064609342936,-864.2195539427412,0.0,0.0,187.95589633105735,1847.6064609342936,0.0,291.3,24.27,14.18,0.9,16.42,0.0,0.0,0.0,inferred_20260921_seed1,1,11ed1195aabfcd298bcaf379e7f064ad8010cd8ca67a057b647baa8bf9ef6e77,1500,pre_fed,A2C-MADRL,deterministic,adc5004a276ee9b2548fd35a38b307f33b0164569988c417883606a0532ca907
2,18,17,164.25,26.26,4.67,9.83,4.92,-0.46751224994659424,-0.06427043676376343,78.93381024175518,-3.209104450306051,78.93381024175518,-0.18947368421052882,0.9,0.9,2.193486731150893,56.769150173606235,-56.769150173606235,860.6961948077083,119.10680096398887,558.0407462065493,-270.7143957083811,0.0,0.0,56.769150173606235,558.0407462065493,0.0,165.75,24.27,14.18,0.9,16.42,0.0,0.0,0.0,inferred_20260921_seed1,1,11ed1195aabfcd298bcaf379e7f064ad8010cd8ca67a057b647baa8bf9ef6e77,1500,pre_fed,A2C-MADRL,deterministic,adc5004a276ee9b2548fd35a38b307f33b0164569988c417883606a0532ca907
3,18,17,185.6,26.26,4.67,9.83,4.92,0.523908793926239,0.056071192026138306,148.0711191964587,2.8006251811130642,148.0711191964587,0.151059507982808,0.10179368745894746,0.1,3.58304357408883,10.030864869647331,-10.030864869647331,1176.5812377622979,1126.964309376459,98.60340166863327,-90.4424416936601,0.0,0.0,10.030864869647331,98.60340166863327,0.0,187.07,24.27,14.18,0.10179368745894746,16.42,0.0,0.0,0.0,inferred_20260921_seed1,1,11ed1195aabfcd298bcaf379e7f064ad8010cd8ca67a057b647baa8bf9ef6e77,1500,pre_fed,A2C-MADRL,deterministic,adc5004a276ee9b2548fd35a38b307f33b0164569988c417883606a0532ca907
1,19,18,539.8,26.77,0.18,8.63,4.32,3.26297664642334,-0.9634631872177124,199.70744417514888,-37.290882555856314,199.70744417514888,-0.18947368421052882,0.9,0.9,4.529359409818768,317.8613889188804,-317.8613889188804,1528.3793930795102,111.40639664265923,2743.143786369938,-1267.2104196609155,0.0,0.0,317.8613889188804,2743.143786369938,0.0,413.8,26.26,4.67,0.9,9.83,0.0,0.0,0.0,inferred_20260921_seed1,1,11ed1195aabfcd298bcaf379e7f064ad8010cd8ca67a057b647baa8bf9ef6e77,1500,pre_fed,A2C-MADRL,deterministic,adc5004a276ee9b2548fd35a38b307f33b0164569988c417883606a0532ca907
2,19,18,162.5,26.77,0.18,8.63,4.32,-0.4507082402706146,-0.06721062958240509,80.85265921310116,-3.3554804643860043,80.85265921310116,-0.18947368421052882,0.9,0.9,2.1522637105778126,57.039078181687174,-57.039078181687174,873.9254633443215,119.10680096398887,492.24724470796036,-241.37190540474836,0.0,0.0,57.039078181687174,492.24724470796036,0.0,164.25,26.26,4.67,0.9,9.83,0.0,0.0,0.0,inferred_20260921_seed1,1,11ed1195aabfcd298bcaf379e7f064ad8010cd8ca67a057b647baa8bf9ef6e77,1500,pre_fed,A2C-MADRL,deterministic,adc5004a276ee9b2548fd35a38b307f33b0164569988c417883606a0532ca907
3,19,18,183.4,26.77,0.18,8.63,4.32,0.43639156222343445,0.04658694937825203,141.0648956245335,2.327663768927597,141.0648956245335,-0.02105263157894797,0.1,0.1,3.3598768598590913,18.766033866904536,-18.766033866904536,1116.6304389653646,1127.9733287202216,161.95087227138615,-117.7699678758355,0.0,0.0,18.766033866904536,161.95087227138615,0.0,185.6,26.26,4.67,0.1,9.83,0.0,0.0,0.0,inferred_20260921_seed1,1,11ed1195aabfcd298bcaf379e7f064ad8010cd8ca67a057b647baa8bf9ef6e77,1500,pre_fed,A2C-MADRL,deterministic,adc5004a276ee9b2548fd35a38b307f33b0164569988c417883606a0532ca907
1,20,19,557.2,26.22,0.0,8.87,4.44,3.29114031791687,-0.9717364311218262,199.723445397249,-37.473317801642146,199.723445397249,-0.18947368421052882,0.9,0.9,4.51507943426077,335.96110772122233,-335.96110772122233,1528.5226902671823,111.40639664265923,2979.975025487242,-1373.7873432074557,0.0,0.0,335.96110772122233,2979.975025487242,0.0,539.8,26.77,0.18,0.9,8.63,0.0,0.0,0.0,inferred_20260921_seed1,1,11ed1195aabfcd298bcaf379e7f064ad8010cd8ca67a057b647baa8bf9ef6e77,1500,pre_fed,A2C-MADRL,deterministic,adc5004a276ee9b2548fd35a38b307f33b0164569988c417883606a0532ca907
2,20,19,165.75,26.22,0.0,8.87,4.44,-0.447518914937973,-0.06859289109706879,81.2199615639159,-3.424275850100594,81.2199615639159,-0.18947368421052882,0.9,0.9,2.1450097575941074,60.644521877888735,-60.644521877888735,876.4641660720165,119.10680096398887,537.916909056873,-261.974028416313,0.0,0.0,60.644521877888735,537.916909056873,0.0,162.5,26.77,0.18,0.9,8.63,0.0,0.0,0.0,inferred_20260921_seed1,1,11ed1195aabfcd298bcaf379e7f064ad8010cd8ca67a057b647baa8bf9ef6e77,1500,pre_fed,A2C-MADRL,deterministic,adc5004a276ee9b2548fd35a38b307f33b0164569988c417883606a0532ca907
3,20,19,187.07,26.22,0.0,8.87,4.44,0.4107617437839508,0.04356998950242996,138.91192770022852,2.1771220072833413,138.91192770022852,-0.02105263157894797,0.1,0.1,3.3022175013729913,25.26134243272341,-25.26134243272341,1098.395274683566,1127.9733287202216,224.06810737825663,-145.35802038829124,0.0,0.0,25.26134243272341,224.06810737825663,0.0,183.4,26.77,0.18,0.1,8.63,0.0,0.0,0.0,inferred_20260921_seed1,1,11ed1195aabfcd298bcaf379e7f064ad8010cd8ca67a057b647baa8bf9ef6e77,1500,pre_fed,A2C-MADRL,deterministic,adc5004a276ee9b2548fd35a38b307f33b0164569988c417883606a0532ca907
1,21,20,557.1,32.84,0.0,8.35,4.18,3.2963905334472656,-0.9732102751731873,199.72633019387257,-37.5055814457084,199.72633019387257,-0.18947368421052882,0.9,0.9,4.647537130193241,329.3706806205312,-329.3706806205312,1528.5485251879168,111.40639664265923,2750.245183181435,-1270.4094308682575,0.0,0.0,329.3706806205312,2750.245183181435,0.0,557.2,26.22,0.0,0.9,8.87,0.0,0.0,0.0,inferred_20260921_seed1,1,11ed1195aabfcd298bcaf379e7f064ad8010cd8ca67a057b647baa8bf9ef6e77,1500,pre_fed,A2C-MADRL,deterministic,adc5004a276ee9b2548fd35a38b307f33b0164569988c417883606a0532ca907
2,21,20,169.0,32.84,0.0,8.35,4.18,-0.4474318325519562,-0.06840422004461288,81.23000433843828,-3.4148864221377035,81.23000433843828,-0.18947368421052882,0.9,0.9,2.2776106130845553,57.39707995885681,-57.39707995885681,876.5336080389819,119.10680096398887,479.2656176564543,-235.58233612546385,0.0,0.0,57.39707995885681,479.2656176564543,0.0,165.75,26.22,0.0,0.9,8.87,0.0,0.0,0.0,inferred_20260921_seed1,1,11ed1195aabfcd298bcaf379e7f064ad8010cd8ca67a057b647baa8bf9ef6e77,1500,pre_fed,A2C-MADRL,deterministic,adc5004a276ee9b2548fd35a38b307f33b0164569988c417883606a0532ca907
3,21,20,190.73,32.84,0.0,8.35,4.18,0.4151633083820343,0.04417196661233902,139.28479735833236,2.207163005981562,139.28479735833236,-0.02105263157894797,0.1,0.1,3.442074894535068,22.068330167781653,-22.068330167781653,1101.5470930158522,1127.9733287202216,184.2705569009768,-127.51215904016104,0.0,0.0,22.068330167781653,184.2705569009768,0.0,187.07,26.22,0.0,0.1,8.87,0.0,0.0,0.0,inferred_20260921_seed1,1,11ed1195aabfcd298bcaf379e7f064ad8010cd8ca67a057b647baa8bf9ef6e77,1500,pre_fed,A2C-MADRL,deterministic,adc5004a276ee9b2548fd35a38b307f33b0164569988c417883606a0532ca907
1,22,21,535.0,36.02,0.0,16.44,8.22,3.3052539825439453,-0.9759430885314941,199.73113229987862,-37.56521646146981,199.73113229987862,-0.18947368421052882,0.9,0.9,4.711233172313363,304.14957455664523,-304.14957455664523,1528.5915309546176,111.40639664265923,5000.219005711248,-2282.898511122007,0.0,0.0,304.14957455664523,5000.219005711248,0.0,557.1,32.84,0.0,0.9,8.35,0.0,0.0,0.0,inferred_20260921_seed1,1,11ed1195aabfcd298bcaf379e7f064ad8010cd8ca67a057b647baa8bf9ef6e77,1500,pre_fed,A2C-MADRL,deterministic,adc5004a276ee9b2548fd35a38b307f33b0164569988c417883606a0532ca907
2,22,21,161.2,36.02,0.0,16.44,8.22,-0.4567659795284271,-0.07087019830942154,80.15773730981799,-3.5375892833450417,80.15773730981799,-0.18947368421052882,0.9,0.9,2.319765272512149,47.53150164690467,-47.53150164690467,869.1279455845525,119.10680096398887,781.4178870751128,-371.4027441147716,0.0,0.0,47.53150164690467,781.4178870751128,0.0,169.0,32.84,0.0,0.9,8.35,0.0,0.0,0.0,inferred_20260921_seed1,1,11ed1195aabfcd298bcaf379e7f064ad8010cd8ca67a057b647baa8bf9ef6e77,1500,pre_fed,A2C-MADRL,deterministic,adc5004a276ee9b2548fd35a38b307f33b0164569988c417883606a0532ca907
3,22,21,181.93,36.02,0.0,16.44,8.22,0.41791749000549316,0.04375737905502319,139.51745804378214,2.186473644494035,139.51745804378214,-0.02105263157894797,0.1,0.1,3.510328108244064,9.923922696040876,-9.923922696040876,1103.51508167486,1127.9733287202216,163.14928912291202,-118.04694831321204,0.0,0.0,9.923922696040876,163.14928912291202,0.0,190.73,32.84,0.0,0.1,8.35,0.0,0.0,0.0,inferred_20260921_seed1,1,11ed1195aabfcd298bcaf379e7f064ad8010cd8ca67a057b647baa8bf9ef6e77,1500,pre_fed,A2C-MADRL,deterministic,adc5004a276ee9b2548fd35a38b307f33b0164569988c417883606a0532ca907
1,23,22,437.8,37.23,0.0,16.19,8.1,3.3448243141174316,-0.986859142780304,199.75156504261534,-37.800993323172726,199.75156504261534,-0.18947368421052882,0.9,0.9,4.735841827168096,205.7437504687633,-205.7437504687633,1528.7745227132507,111.40639664265923,3330.991320089278,-1531.7497124272932,18.115007037021087,0.0,187.6287434317422,3184.4409131597777,0.0,535.0,36.02,0.0,0.9,16.44,0.0,0.0,0.0,inferred_20260921_seed1,1,11ed1195aabfcd298bcaf379e7f064ad8010cd8ca67a057b647baa8bf9ef6e77,1500,pre_fed,A2C-MADRL,deterministic,adc5004a276ee9b2548fd35a38b307f33b0164569988c417883606a0532ca907
2,23,22,148.0,37.23,0.0,16.19,8.1,-0.4869203567504883,-0.07274031639099121,76.75237606567839,-3.6306146971201243,76.75237606567839,-0.18947368421052882,0.9,0.9,2.2758580476293573,36.4829556661615,-36.4829556661615,845.7245430141809,119.10680096398887,590.6590522351547,-285.09320038538306,0.0,0.0,36.4829556661615,590.6590522351547,0.0,161.2,36.02,0.0,0.9,16.44,0.0,0.0,0.0,inferred_20260921_seed1,1,11ed1195aabfcd298bcaf379e7f064ad8010cd8ca67a057b647baa8bf9ef6e77,1500,pre_fed,A2C-MADRL,deterministic,adc5004a276ee9b2548fd35a38b307f33b0164569988c417883606a0532ca907
3,23,22,161.39,37.23,0.0,16.19,8.1,0.49679678678512573,0.05097724869847298,145.9594271591515,2.546656835041525,145.9594271591515,-0.02105263157894797,0.1,0.1,3.6633674905514506,-18.115007037021087,18.115007037021087,1158.4137383726327,1127.9733287202216,293.28196392937144,-177.70462511007426,0.0,18.115007037021087,0.0,-146.7315569998708,0.0,181.93,36.02,0.0,0.1,16.44,18.115007037021087,0.0,0.0,inferred_20260921_seed1,1,11ed1195aabfcd298bcaf379e7f064ad8010cd8ca67a057b647baa8bf9ef6e77,1500,pre_fed,A2C-MADRL,deterministic,adc5004a276ee9b2548fd35a38b307f33b0164569988c417883606a0532ca907
1,24,23,447.3,44.12,0.0,8.87,4.44,3.323090076446533,-0.9806376099586487,199.74054212421447,-37.6670894224785,199.74054212421447,-0.18947368421052882,0.9,0.9,4.873421368800079,208.50235292879614,-208.50235292879614,1528.675802711915,111.40639664265923,1849.4158704784215,-865.0387857023811,50.05062269132455,0.0,158.4517302374716,1627.691611955854,0.0,437.8,37.23,0.0,0.9,16.19,0.0,0.0,0.0,inferred_20260921_seed1,1,11ed1195aabfcd298bcaf379e7f064ad8010cd8ca67a057b647baa8bf9ef6e77,1500,pre_fed,A2C-MADRL,deterministic,adc5004a276ee9b2548fd35a38b307f33b0164569988c417883606a0532ca907
2,24,23,119.6,44.12,0.0,8.87,4.44,-0.48795995116233826,-0.07335401326417923,76.63659191099705,-3.661136389615914,76.63659191099705,-0.18947368421052882,0.9,0.9,2.411342364535731,1.4442241377491882,-1.4442241377491882,844.9319129244318,119.10680096398887,12.810268101835298,-25.0453949235943,0.0,0.0,1.4442241377491882,12.810268101835298,0.0,148.0,37.23,0.0,0.9,16.19,0.0,0.0,0.0,inferred_20260921_seed1,1,11ed1195aabfcd298bcaf379e7f064ad8010cd8ca67a057b647baa8bf9ef6e77,1500,pre_fed,A2C-MADRL,deterministic,adc5004a276ee9b2548fd35a38b307f33b0164569988c417883606a0532ca907
3,24,23,134.98,44.12,0.0,8.87,4.44,0.4810424745082855,0.048689551651477814,144.7078104798693,2.432555622118505,144.7078104798693,-0.02105263157894797,0.1,0.1,3.776135156965807,-50.05062269132455,50.05062269132455,1147.6857078198793,1127.9733287202216,443.9490232720487,-245.29024120322393,0.0,50.05062269132455,0.0,-222.224764749481,0.0,161.39,37.23,0.0,0.1,16.19,50.05062269132455,0.0,0.0,inferred_20260921_seed1,1,11ed1195aabfcd298bcaf379e7f064ad8010cd8ca67a057b647baa8bf9ef6e77,1500,pre_fed,A2C-MADRL,deterministic,adc5004a276ee9b2548fd35a38b307f33b0164569988c417883606a0532ca907
1,1,0,457.7,51.48,0.0,8.65,4.33,3.2489724159240723,-3.28007435798645,199.69914680690968,-49.858632614178475,199.69914680690968,-42.21052631578948,0.5,0.9,4.179372409822404,252.9107519187022,-252.9107519187022,1528.3050885423254,224.10347285318556,2187.678004096774,-1019.5032730714586,251.37232260327306,0.0,1.5384293154291413,1101.7495704506343,0.0,447.3,44.12,0.0,0.5,8.87,0.0,0.0,0.0,inferred_20260921_seed1,1,11ed1195aabfcd298bcaf379e7f064ad8010cd8ca67a057b647baa8bf9ef6e77,1500,pre_fed,TRPO-MADRL,deterministic,906a87974dd2e29dc760770c07604a511da286c80ddd9662f188cc461a44bc52
2,1,0,110.5,51.48,0.0,8.65,4.33,3.846876859664917,6.059881210327148,279.8724720441562,49.99945493073813,279.8724720441562,37.905,0.5,0.09999999999999992,7.385149440883124,-251.37232260327306,251.37232260327306,2549.9730058324203,876.5690861075,2174.370590518312,-1046.9976075720388,0.0,251.37232260327306,0.0,-1088.4421568721723,0.0,119.6,44.12,0.0,0.5,8.87,251.37232260327306,0.0,0.0,inferred_20260921_seed1,1,11ed1195aabfcd298bcaf379e7f064ad8010cd8ca67a057b647baa8bf9ef6e77,1500,pre_fed,TRPO-MADRL,deterministic,906a87974dd2e29dc760770c07604a511da286c80ddd9662f188cc461a44bc52
3,1,0,124.71,51.48,0.0,8.65,4.33,-0.736603856086731,7.181840896606445,37.29110941023384,49.99994219944529,37.29110941023384,37.905,0.5,0.09999999999999992,2.533522188204677,0.56741277797083,-0.56741277797083,337.8723006633959,906.6071251325,4.90812052944768,-27.098242754169373,0.0,0.0,0.56741277797083,4.90812052944768,0.0,134.98,44.12,0.0,0.5,8.87,0.0,0.0,0.0,inferred_20260921_seed1,1,11ed1195aabfcd298bcaf379e7f064ad8010cd8ca67a057b647baa8bf9ef6e77,1500,pre_fed,TRPO-MADRL,deterministic,906a87974dd2e29dc760770c07604a511da286c80ddd9662f188cc461a44bc52
1,2,1,336.5,38.37,0.0,8.11,4.06,3.750631093978882,-8.938714027404785,199.88958364970583,-49.999998278402444,199.88958364970583,-0.18947368421052882,0.9,0.9,4.761402199309906,103.19129223381461,-103.19129223381461,1530.0107682547043,111.40639664265923,836.8813800162364,-409.42496430525364,0.4898751010383364,0.0,102.70141713277627,834.8973858570312,0.0,457.7,51.48,0.0,0.9,8.65,0.0,0.0,0.0,inferred_20260921_seed1,1,11ed1195aabfcd298bcaf379e7f064ad8010cd8ca67a057b647baa8bf9ef6e77,1500,pre_fed,TRPO-MADRL,deterministic,906a87974dd2e29dc760770c07604a511da286c80ddd9662f188cc461a44bc52
2,2,1,109.85,38.37,0.0,8.11,4.06,-0.5096783638000488,21.096771240234375,74.24276191835277,50.0,74.24276191835277,-0.021052631578956735,0.09999999999999992,0.1,2.251834185735476,-0.4898751010383364,0.4898751010383364,828.5899941954593,1090.2561177506927,3.972887069420908,-40.16472142016245,0.0,0.4898751010383364,0.0,-1.9888929102156456,0.0,110.5,51.48,0.0,0.09999999999999992,8.65,0.4898751010383364,0.0,0.0,inferred_20260921_seed1,1,11ed1195aabfcd298bcaf379e7f064ad8010cd8ca67a057b647baa8bf9ef6e77,1500,pre_fed,TRPO-MADRL,deterministic,906a87974dd2e29dc760770c07604a511da286c80ddd9662f188cc461a44bc52
3,2,1,123.98,38.37,0.0,8.11,4.06,-0.2021758258342743,17.683317184448242,80.0534518552104,49.99999999999996,80.0534518552104,-0.021052631578956735,0.09999999999999992,0.1,2.368047984472629,7.9456487608411805,-7.9456487608411805,633.9918292411501,1127.9733287202218,64.43921145042196,-64.23694831191733,0.0,0.0,7.9456487608411805,64.43921145042196,0.0,124.71,51.48,0.0,0.09999999999999992,8.65,0.0,0.0,0.0,inferred_20260921_seed1,1,11ed1195aabfcd298bcaf379e7f064ad8010cd8ca67a057b647baa8bf9ef6e77,1500,pre_fed,TRPO-MADRL,deterministic,906a87974dd2e29dc760770c07604a511da286c80ddd9662f188cc461a44bc52
1,3,2,274.9,43.56,0.0,8.25,4.13,3.4504168033599854,-9.427653312683105,199.79881344745036,-49.999999352493134,199.79881344745036,-0.18947368421052882,0.9,0.9,4.8633867952647964,36.594047032024946,-36.594047032024946,1529.1976963449895,111.40639664265923,301.9008880142058,-168.6674814661456,12.222734169214846,0.0,24.3713128628101,251.54322323704065,0.0,336.5,38.37,0.0,0.9,8.11,0.0,0.0,0.0,inferred_20260921_seed1,1,11ed1195aabfcd298bcaf379e7f064ad8010cd8ca67a057b647baa8bf9ef6e77,1500,pre_fed,TRPO-MADRL,deterministic,906a87974dd2e29dc760770c07604a511da286c80ddd9662f188cc461a44bc52
2,3,2,112.45,43.56,0.0,8.25,4.13,-0.4562174081802368,21.5175724029541,80.22051996463165,50.0,80.22051996463165,-0.02105263157894797,0.1,0.1,2.475189346661054,-8.83427798639164,8.83427798639164,869.5610752569163,1090.2561177506923,72.88279338773103,-71.99360088463115,0.0,8.83427798639164,0.0,-36.485568083797475,0.0,109.85,38.37,0.0,0.1,8.11,8.83427798639164,0.0,0.0,inferred_20260921_seed1,1,11ed1195aabfcd298bcaf379e7f064ad8010cd8ca67a057b647baa8bf9ef6e77,1500,pre_fed,TRPO-MADRL,deterministic,906a87974dd2e29dc760770c07604a511da286c80ddd9662f188cc461a44bc52
3,3,2,126.91,43.56,0.0,8.25,4.13,-0.10621097683906555,17.281171798706055,89.41866098139855,49.9999999999999,89.41866098139855,-0.02105263157894797,0.1,0.1,2.659152166996392,-3.388456182823205,3.388456182823205,703.4815411531353,1127.9733287202216,27.954763508291443,-49.20874097619829,0.0,3.388456182823205,0.0,-13.994324035059837,0.0,123.98,38.37,0.0,0.1,8.11,3.388456182823205,0.0,0.0,inferred_20260921_seed1,1,11ed1195aabfcd298bcaf379e7f064ad8010cd8ca67a057b647baa8bf9ef6e77,1500,pre_fed,TRPO-MADRL,deterministic,906a87974dd2e29dc760770c07604a511da286c80ddd9662f188cc461a44bc52
1,4,3,272.6,40.75,0.0,8.1,4.05,3.376089572906494,-9.475279808044434,199.76660650454545,-49.99999941132373,199.76660650454545,-0.18947368421052882,0.9,0.9,4.806542656406698,37.07940983607179,-37.07940983607179,1528.9092355081693,111.40639664265923,300.3432196721815,-167.96076149549825,6.904155350597605,0.0,30.175254485474184,272.3813905022612,0.0,274.9,43.56,0.0,0.9,8.25,0.0,0.0,0.0,inferred_20260921_seed1,1,11ed1195aabfcd298bcaf379e7f064ad8010cd8ca67a057b647baa8bf9ef6e77,1500,pre_fed,TRPO-MADRL,deterministic,906a87974dd2e29dc760770c07604a511da286c80ddd9662f188cc461a44bc52
2,4,3,110.5,40.75,0.0,8.1,4.05,-0.4696725606918335,21.356229782104492,78.68914031743077,50.0,78.68914031743077,-0.02105263157894797,0.1,0.1,2.3883617537170365,-6.529725932134781,6.529725932134781,859.0133711126186,1090.2561177506923,52.890780050291724,-62.7862407998975,0.0,6.529725932134781,0.0,-26.445390025145862,0.0,112.45,43.56,0.0,0.1,8.25,6.529725932134781,0.0,0.0,inferred_20260921_seed1,1,11ed1195aabfcd298bcaf379e7f064ad8010cd8ca67a057b647baa8bf9ef6e77,1500,pre_fed,TRPO-MADRL,deterministic,906a87974dd2e29dc760770c07604a511da286c80ddd9662f188cc461a44bc52
3,4,3,124.71,40.75,0.0,8.1,4.05,-0.13167348504066467,17.516101837158203,86.90822550756143,49.999999999999936,86.90822550756143,-0.02105263157894797,0.1,0.1,2.5527434575196497,-0.3744294184628245,0.3744294184628245,684.6906669772268,1127.9733287202216,3.0328782895488784,-37.618075144245964,0.0,0.3744294184628245,0.0,-1.5164391447744392,0.0,126.91,43.56,0.0,0.1,8.25,0.3744294184628245,0.0,0.0,inferred_20260921_seed1,1,11ed1195aabfcd298bcaf379e7f064ad8010cd8ca67a057b647baa8bf9ef6e77,1500,pre_fed,TRPO-MADRL,deterministic,906a87974dd2e29dc760770c07604a511da286c80ddd9662f188cc461a44bc52
1,5,4,245.3,27.74,0.0,8.14,4.07,3.3439133167266846,-9.550433158874512,199.75111254661297,-49.99999949347701,199.75111254661297,-0.18947368421052882,0.9,0.9,4.546032777248049,22.544393914845614,-22.544393914845614,1528.7704701718644,111.40639664265923,183.5113664668433,-115.38365224636996,0.0,0.0,22.544393914845614,183.5113664668433,0.0,272.6,40.75,0.0,0.9,8.1,0.0,0.0,0.0,inferred_20260921_seed1,1,11ed1195aabfcd298bcaf379e7f064ad8010cd8ca67a057b647baa8bf9ef6e77,1500,pre_fed,TRPO-MADRL,deterministic,906a87974dd2e29dc760770c07604a511da286c80ddd9662f188cc461a44bc52
2,5,4,113.75,27.74,0.0,8.14,4.07,-0.46789371967315674,21.453523635864258,78.8905726118882,50.0,78.8905726118882,-0.02105263157894797,0.1,0.1,2.132190399606185,9.272670419296944,-9.272670419296944,860.3987430329652,1090.2561177506923,75.47953721307712,-72.97888896155786,0.0,0.0,9.272670419296944,75.47953721307712,0.0,110.5,40.75,0.0,0.1,8.1,0.0,0.0,0.0,inferred_20260921_seed1,1,11ed1195aabfcd298bcaf379e7f064ad8010cd8ca67a057b647baa8bf9ef6e77,1500,pre_fed,TRPO-MADRL,deterministic,906a87974dd2e29dc760770c07604a511da286c80ddd9662f188cc461a44bc52
3,5,4,128.38,27.74,0.0,8.14,4.07,-0.12470274418592453,17.390453338623047,87.59396681867705,49.99999999999992,87.59396681867705,-0.02105263157894797,0.1,0.1,2.3062582837419616,15.373344096643876,-15.373344096643876,689.8116259353128,1127.9733287202216,125.13902094668116,-92.66825851911722,0.0,0.0,15.373344096643876,125.13902094668116,0.0,124.71,40.75,0.0,0.1,8.1,0.0,0.0,0.0,inferred_20260921_seed1,1,11ed1195aabfcd298bcaf379e7f064ad8010cd8ca67a057b647baa8bf9ef6e77,1500,pre_fed,TRPO-MADRL,deterministic,906a87974dd2e29dc760770c07604a511da286c80ddd9662f188cc461a44bc52
1,6,5,233.7,30.15,0.0,8.13,4.07,3.1511685848236084,-9.789033889770508,199.63426642398306,-49.999999685693616,199.63426642398306,-0.18947368421052882,0.9,0.9,4.591895854795451,8.697103115022884,-8.697103115022884,1527.724110623382,111.40639664265923,70.70744832513606,-64.60096189163205,3.153208777840959,0.0,5.543894337181925,57.90542068710176,0.0,245.3,27.74,0.0,0.9,8.14,0.0,0.0,0.0,inferred_20260921_seed1,1,11ed1195aabfcd298bcaf379e7f064ad8010cd8ca67a057b647baa8bf9ef6e77,1500,pre_fed,TRPO-MADRL,deterministic,906a87974dd2e29dc760770c07604a511da286c80ddd9662f188cc461a44bc52
2,6,5,120.25,30.15,0.0,8.13,4.07,-0.3438509702682495,21.780540466308594,93.67245519685164,50.0,93.67245519685164,-0.02105263157894797,0.1,0.1,2.476028051305454,-1.0753745139672475,1.0753745139672475,963.7459648739242,1090.2561177506923,8.742794798553723,-45.014299311841505,0.0,1.0753745139672475,0.0,-4.376774271846697,0.0,113.75,27.74,0.0,0.1,8.14,1.0753745139672475,0.0,0.0,inferred_20260921_seed1,1,11ed1195aabfcd298bcaf379e7f064ad8010cd8ca67a057b647baa8bf9ef6e77,1500,pre_fed,TRPO-MADRL,deterministic,906a87974dd2e29dc760770c07604a511da286c80ddd9662f188cc461a44bc52
3,6,5,135.43,30.15,0.0,8.13,4.07,0.10220609605312347,16.934486389160156,110.18516922736845,49.99999999999981,110.18516922736845,-0.02105263157894797,0.1,0.1,2.80628233191579,-2.0778342638737115,2.0778342638737115,863.513162628817,1127.9733287202216,16.892792565293277,-47.43148648136275,0.0,2.0778342638737115,0.0,-8.456785453966006,0.0,128.38,27.74,0.0,0.1,8.14,2.0778342638737115,0.0,0.0,inferred_20260921_seed1,1,11ed1195aabfcd298bcaf379e7f064ad8010cd8ca67a057b647baa8bf9ef6e77,1500,pre_fed,TRPO-MADRL,deterministic,906a87974dd2e29dc760770c07604a511da286c80ddd9662f188cc461a44bc52
1,7,6,274.6,28.65,0.16,8.34,4.17,3.1488661766052246,-9.78920841217041,199.63258150552144,-49.99999968580331,199.63258150552144,-0.18947368421052882,0.9,0.9,4.565062156426219,50.911954335115325,-50.911954335115325,1527.7090237599077,111.40639664265923,424.6056991548618,-223.85487302773913,0.0,0.0,50.911954335115325,424.6056991548618,0.0,233.7,30.15,0.0,0.9,8.13,0.0,0.0,0.0,inferred_20260921_seed1,1,11ed1195aabfcd298bcaf379e7f064ad8010cd8ca67a057b647baa8bf9ef6e77,1500,pre_fed,TRPO-MADRL,deterministic,906a87974dd2e29dc760770c07604a511da286c80ddd9662f188cc461a44bc52
2,7,6,130.0,28.65,0.16,8.34,4.17,-0.3264538049697876,21.704797744750977,95.85369178623023,50.0,95.85369178623023,-0.02105263157894797,0.1,0.1,2.4928527830930256,7.85021362844175,-7.85021362844175,979.2772390865648,1090.2561177506923,65.4707816612042,-70.85251888428704,0.0,0.0,7.85021362844175,65.4707816612042,0.0,120.25,30.15,0.0,0.1,8.13,0.0,0.0,0.0,inferred_20260921_seed1,1,11ed1195aabfcd298bcaf379e7f064ad8010cd8ca67a057b647baa8bf9ef6e77,1500,pre_fed,TRPO-MADRL,deterministic,906a87974dd2e29dc760770c07604a511da286c80ddd9662f188cc461a44bc52
3,7,6,146.72,28.65,0.16,8.34,4.17,0.13209085166454315,17.206829071044922,113.13279356744788,49.999999999999886,113.13279356744788,-0.02105263157894797,0.1,0.1,2.8384348187173782,7.636693882848476,-7.636693882848476,886.8923059404325,1127.9733287202216,63.69002698295629,-68.9578248355434,0.0,0.0,7.636693882848476,63.69002698295629,0.0,135.43,30.15,0.0,0.1,8.13,0.0,0.0,0.0,inferred_20260921_seed1,1,11ed1195aabfcd298bcaf379e7f064ad8010cd8ca67a057b647baa8bf9ef6e77,1500,pre_fed,TRPO-MADRL,deterministic,906a87974dd2e29dc760770c07604a511da286c80ddd9662f188cc461a44bc52
1,8,7,291.0,23.38,1.77,9.35,4.68,3.232991933822632,-9.658347129821777,199.6893911118966,-49.99999959180632,199.6893911118966,-0.18947368421052882,0.9,0.9,4.492998348553722,70.84308092086764,-70.84308092086764,1528.2177258334327,111.40639664265923,662.3828066101123,-330.8647454240724,0.0,0.0,70.84308092086764,662.3828066101123,0.0,274.6,28.65,0.16,0.9,8.34,0.0,0.0,0.0,inferred_20260921_seed1,1,11ed1195aabfcd298bcaf379e7f064ad8010cd8ca67a057b647baa8bf9ef6e77,1500,pre_fed,TRPO-MADRL,deterministic,906a87974dd2e29dc760770c07604a511da286c80ddd9662f188cc461a44bc52
2,8,7,157.95,23.38,1.77,9.35,4.68,-0.2506856918334961,21.6967716217041,105.621163958881,50.0,105.621163958881,-0.02105263157894797,0.1,0.1,2.615002226546041,29.814890899243977,-29.814890899243977,1049.712521384263,1090.2561177506923,278.76922990793116,-168.24552624126812,0.0,0.0,29.814890899243977,278.76922990793116,0.0,130.0,28.65,0.16,0.1,8.34,0.0,0.0,0.0,inferred_20260921_seed1,1,11ed1195aabfcd298bcaf379e7f064ad8010cd8ca67a057b647baa8bf9ef6e77,1500,pre_fed,TRPO-MADRL,deterministic,906a87974dd2e29dc760770c07604a511da286c80ddd9662f188cc461a44bc52
3,8,7,178.26,23.38,1.77,9.35,4.68,0.27149105072021484,17.3814640045166,126.50117148895565,49.99999999999992,126.50117148895565,-0.02105263157894797,0.1,0.1,3.0326023771475343,29.662483519770802,-29.662483519770802,994.9959970375749,1127.9733287202216,277.344220909857,-167.26428592459155,0.0,0.0,29.662483519770802,277.344220909857,0.0,146.72,28.65,0.16,0.1,8.34,0.0,0.0,0.0,inferred_20260921_seed1,1,11ed1195aabfcd298bcaf379e7f064ad8010cd8ca67a057b647baa8bf9ef6e77,1500,pre_fed,TRPO-MADRL,deterministic,906a87974dd2e29dc760770c07604a511da286c80ddd9662f188cc461a44bc52
1,9,8,315.7,21.75,5.3,12.0,6.0,3.251964807510376,-9.461495399475098,199.7009392865304,-49.999999394868844,199.7009392865304,-0.18947368421052882,0.9,0.9,4.531229312046398,93.66976370972651,-93.66976370972651,1528.3211404495262,111.40639664265923,1124.0371645167181,-538.6112747743668,0.0,0.0,93.66976370972651,1124.0371645167181,0.0,291.0,23.38,1.77,0.9,9.35,0.0,0.0,0.0,inferred_20260921_seed1,1,11ed1195aabfcd298bcaf379e7f064ad8010cd8ca67a057b647baa8bf9ef6e77,1500,pre_fed,TRPO-MADRL,deterministic,906a87974dd2e29dc760770c07604a511da286c80ddd9662f188cc461a44bc52
2,9,8,165.1,21.75,5.3,12.0,6.0,-0.03104257583618164,21.6530818939209,135.65543482774402,50.0,135.65543482774402,-0.02105263157894797,0.1,0.1,3.2536876439233016,5.669305447758234,-5.669305447758234,1275.3810870086986,1090.2561177506923,68.0316653730988,-77.92699351308228,0.0,0.0,5.669305447758234,68.0316653730988,0.0,157.95,23.38,1.77,0.1,9.35,0.0,0.0,0.0,inferred_20260921_seed1,1,11ed1195aabfcd298bcaf379e7f064ad8010cd8ca67a057b647baa8bf9ef6e77,1500,pre_fed,TRPO-MADRL,deterministic,906a87974dd2e29dc760770c07604a511da286c80ddd9662f188cc461a44bc52
3,9,8,186.33,21.75,5.3,12.0,6.0,0.6584486961364746,17.83111000061035,157.73301006200748,49.999999999999964,157.73301006200748,-0.02105263157894797,0.1,0.1,3.6952391486085707,5.263281718180053,-5.263281718180053,1260.7859618608663,1127.9733287202216,63.15938061816064,-76.19690708979405,0.0,0.0,5.263281718180053,63.15938061816064,0.0,178.26,23.38,1.77,0.1,9.35,0.0,0.0,0.0,inferred_20260921_seed1,1,11ed1195aabfcd298bcaf379e7f064ad8010cd8ca67a057b647baa8bf9ef6e77,1500,pre_fed,TRPO-MADRL,deterministic,906a87974dd2e29dc760770c07604a511da286c80ddd9662f188cc461a44bc52
1,10,9,362.4,34.82,11.6,9.19,4.6,3.3648080825805664,-8.867925643920898,199.76128695017476,-49.999998016566494,199.76128695017476,-0.18947368421052882,0.9,0.9,4.919836265319285,121.32802299935503,-121.32802299935503,1528.861592643319,111.40639664265923,1115.0045313640726,-534.5573988995523,26.302294498459503,0.0,95.02572850089553,994.2769996161436,0.0,315.7,21.75,5.3,0.9,12.0,0.0,0.0,0.0,inferred_20260921_seed1,1,11ed1195aabfcd298bcaf379e7f064ad8010cd8ca67a057b647baa8bf9ef6e77,1500,pre_fed,TRPO-MADRL,deterministic,906a87974dd2e29dc760770c07604a511da286c80ddd9662f188cc461a44bc52
2,10,9,169.0,34.82,11.6,9.19,4.6,-0.00796496868133545,21.39900779724121,138.88492796483982,50.0,138.88492796483982,-0.02105263157894797,0.1,0.1,3.705677506665217,-12.578197826595641,12.578197826595641,1300.4629672803605,1090.2561177506923,115.59363802641394,-99.83151881250734,0.0,12.578197826595641,0.0,-57.859710002339945,0.0,165.1,21.75,5.3,0.1,12.0,12.578197826595641,0.0,0.0,inferred_20260921_seed1,1,11ed1195aabfcd298bcaf379e7f064ad8010cd8ca67a057b647baa8bf9ef6e77,1500,pre_fed,TRPO-MADRL,deterministic,906a87974dd2e29dc760770c07604a511da286c80ddd9662f188cc461a44bc52
3,10,9,190.73,34.82,11.6,9.19,4.6,0.7287121415138245,17.80689811706543,162.2276818885829,49.999999999999964,162.2276818885829,-0.02105263157894797,0.1,0.1,4.172532585140079,-13.724096671863862,13.724096671863862,1300.5621290966276,1127.9733287202216,126.12444841442888,-105.32671094282998,0.0,13.724096671863862,0.0,-63.13084469057376,0.0,186.33,21.75,5.3,0.1,12.0,13.724096671863862,0.0,0.0,inferred_20260921_seed1,1,11ed1195aabfcd298bcaf379e7f064ad8010cd8ca67a057b647baa8bf9ef6e77,1500,pre_fed,TRPO-MADRL,deterministic,906a87974dd2e29dc760770c07604a511da286c80ddd9662f188cc461a44bc52
1,11,10,320.0,27.17,36.64,12.3,6.15,3.648240327835083,-9.147379875183105,199.86450776950883,-49.999998865807456,199.86450776950883,-0.18947368421052882,0.9,0.9,5.269700681705965,61.7846665964077,-61.7846665964077,1529.7861383157697,111.40639664265923,759.9513991358148,-374.8019803102852,5.938838391229524,0.0,55.84582820517818,723.4275430297532,0.0,362.4,34.82,11.6,0.9,9.19,0.0,0.0,0.0,inferred_20260921_seed1,1,11ed1195aabfcd298bcaf379e7f064ad8010cd8ca67a057b647baa8bf9ef6e77,1500,pre_fed,TRPO-MADRL,deterministic,906a87974dd2e29dc760770c07604a511da286c80ddd9662f188cc461a44bc52
2,11,10,173.55,27.17,36.64,12.3,6.15,-0.16785311698913574,21.343280792236328,116.71880072744224,50.0,116.71880072744224,-0.02105263157894797,0.1,0.1,3.6101549619172655,-3.347593133945992,3.347593133945992,1131.4997043005899,1090.2561177506923,41.1753955475357,-62.9640444374167,0.0,3.347593133945992,0.0,-20.58769777376785,0.0,169.0,34.82,11.6,0.1,9.19,3.347593133945992,0.0,0.0,inferred_20260921_seed1,1,11ed1195aabfcd298bcaf379e7f064ad8010cd8ca67a057b647baa8bf9ef6e77,1500,pre_fed,TRPO-MADRL,deterministic,906a87974dd2e29dc760770c07604a511da286c80ddd9662f188cc461a44bc52
3,11,10,195.87,27.17,36.64,12.3,6.15,0.40853172540664673,19.052196502685547,138.72252738390912,50.0,138.72252738390912,-0.02105263157894797,0.1,0.1,4.050229495046603,-2.591245257283532,2.591245257283532,1096.7953103364164,1127.9733287202216,31.872316664587448,-58.83791528019711,0.0,2.591245257283532,0.0,-15.936158332293724,0.0,190.73,34.82,11.6,0.1,9.19,2.591245257283532,0.0,0.0,inferred_20260921_seed1,1,11ed1195aabfcd298bcaf379e7f064ad8010cd8ca67a057b647baa8bf9ef6e77,1500,pre_fed,TRPO-MADRL,deterministic,906a87974dd2e29dc760770c07604a511da286c80ddd9662f188cc461a44bc52
1,12,11,350.0,30.2,42.68,20.7,10.35,3.8504438400268555,-8.732502937316895,199.90955584011792,-49.99999739957513,199.90955584011792,-0.18947368421052882,0.9,0.9,5.452001643118146,82.85191948721081,-82.85191948721081,1530.1896865866395,111.40639664265923,1715.0347333852637,-804.5975516879546,2.3071457254411882,0.0,80.54477376176962,1691.1557751269474,0.0,320.0,27.17,36.64,0.9,12.3,0.0,0.0,0.0,inferred_20260921_seed1,1,11ed1195aabfcd298bcaf379e7f064ad8010cd8ca67a057b647baa8bf9ef6e77,1500,pre_fed,TRPO-MADRL,deterministic,906a87974dd2e29dc760770c07604a511da286c80ddd9662f188cc461a44bc52
2,12,11,168.35,30.2,42.68,20.7,10.35,-0.2860076427459717,21.175498962402344,101.01614275279836,50.0,101.01614275279836,-0.02105263157894797,0.1,0.1,3.4775018024243884,-2.0475883187950217,2.0475883187950217,1016.3240751704631,1090.2561177506923,42.38507819905695,-61.20488904799873,0.0,2.0475883187950217,0.0,-21.192539099528474,0.0,173.55,27.17,36.64,0.1,12.3,2.0475883187950217,0.0,0.0,inferred_20260921_seed1,1,11ed1195aabfcd298bcaf379e7f064ad8010cd8ca67a057b647baa8bf9ef6e77,1500,pre_fed,TRPO-MADRL,deterministic,906a87974dd2e29dc760770c07604a511da286c80ddd9662f188cc461a44bc52
3,12,11,190.0,30.2,42.68,20.7,10.35,0.216138556599617,19.76021957397461,121.28345814856485,50.0,121.28345814856485,-0.02105263157894797,0.1,0.1,3.882848110339718,-0.25955740664616656,0.25955740664616656,952.3988254376711,1127.9733287202216,5.372838317575647,-44.02522032606689,0.0,0.25955740664616656,0.0,-2.6864191587878237,0.0,195.87,27.17,36.64,0.1,12.3,0.25955740664616656,0.0,0.0,inferred_20260921_seed1,1,11ed1195aabfcd298bcaf379e7f064ad8010cd8ca67a057b647baa8bf9ef6e77,1500,pre_fed,TRPO-MADRL,deterministic,906a87974dd2e29dc760770c07604a511da286c80ddd9662f188cc461a44bc52
1,13,12,345.2,23.52,35.22,26.82,13.41,3.9336137771606445,-7.7604756355285645,199.9234103408517,-49.99998183077386,199.9234103408517,-0.18947368421052882,0.9,0.9,5.169478733132823,91.8955420764917,-91.8955420764917,1530.3138041684358,111.40639664265923,2464.6384384915073,-1141.9217013374002,2.6897625158615313,0.0,89.20577956063016,2428.568723153804,0.0,350.0,30.2,42.68,0.9,20.7,0.0,0.0,0.0,inferred_20260921_seed1,1,11ed1195aabfcd298bcaf379e7f064ad8010cd8ca67a057b647baa8bf9ef6e77,1500,pre_fed,TRPO-MADRL,deterministic,906a87974dd2e29dc760770c07604a511da286c80ddd9662f188cc461a44bc52
2,13,12,168.35,23.52,35.22,26.82,13.41,-0.17452621459960938,20.139524459838867,115.81142254572337,50.0,115.81142254572337,-0.02105263157894797,0.1,0.1,3.4906073982828882,-2.6897625158615313,2.6897625158615313,1124.7422505593959,1090.2561177506923,72.13943067540627,-76.7627111701346,0.0,2.6897625158615313,0.0,-36.06971533770314,0.0,168.35,30.2,42.68,0.1,20.7,2.6897625158615313,0.0,0.0,inferred_20260921_seed1,1,11ed1195aabfcd298bcaf379e7f064ad8010cd8ca67a057b647baa8bf9ef6e77,1500,pre_fed,TRPO-MADRL,deterministic,906a87974dd2e29dc760770c07604a511da286c80ddd9662f188cc461a44bc52
3,13,12,190.0,23.52,35.22,26.82,13.41,0.35765784978866577,19.0316219329834,134.31493387375966,50.0,134.31493387375966,-0.02105263157894797,0.1,0.1,3.8606776248436145,0.8267963826629057,-0.8267963826629057,1059.7545296909116,1127.9733287202216,22.17467898301913,-53.733162710581276,0.0,0.0,0.8267963826629057,22.17467898301913,0.0,190.0,30.2,42.68,0.1,20.7,0.0,0.0,0.0,inferred_20260921_seed1,1,11ed1195aabfcd298bcaf379e7f064ad8010cd8ca67a057b647baa8bf9ef6e77,1500,pre_fed,TRPO-MADRL,deterministic,906a87974dd2e29dc760770c07604a511da286c80ddd9662f188cc461a44bc52
1,14,13,320.6,39.48,35.46,27.35,13.68,3.78800892829895,-6.9697418212890625,199.8975328436004,-49.99991165971627,199.8975328436004,-0.18947368421052882,0.9,0.9,5.492961183187797,51.444902023797965,-51.444902023797965,1530.0819793247563,111.40639664265923,1407.0180703508745,-665.9878991772418,3.8184665639158766,0.0,47.62643545988209,1354.8196324221444,0.0,345.2,23.52,35.22,0.9,26.82,0.0,0.0,0.0,inferred_20260921_seed1,1,11ed1195aabfcd298bcaf379e7f064ad8010cd8ca67a057b647baa8bf9ef6e77,1500,pre_fed,TRPO-MADRL,deterministic,906a87974dd2e29dc760770c07604a511da286c80ddd9662f188cc461a44bc52
2,14,13,165.75,39.48,35.46,27.35,13.68,-0.30865561962127686,19.74721908569336,98.11010014577882,50.0,98.11010014577882,-0.02105263157894797,0.1,0.1,3.4605809502839975,-3.8184665639158766,3.8184665639158766,995.4198661326957,1090.2561177506923,104.43506052309922,-88.70929691306242,0.0,3.8184665639158766,0.0,-52.23662259436919,0.0,168.35,23.52,35.22,0.1,26.82,3.8184665639158766,0.0,0.0,inferred_20260921_seed1,1,11ed1195aabfcd298bcaf379e7f064ad8010cd8ca67a057b647baa8bf9ef6e77,1500,pre_fed,TRPO-MADRL,deterministic,906a87974dd2e29dc760770c07604a511da286c80ddd9662f188cc461a44bc52
3,14,13,187.07,39.48,35.46,27.35,13.68,0.15560375154018402,17.447967529296875,115.43599430806286,49.99999999999993,115.43599430806286,-0.02105263157894797,0.1,0.1,3.8070988335296785,0.52215715704574,-0.52215715704574,905.2750803578108,1127.9733287202216,14.280998245200989,-47.09141739190109,0.0,0.0,0.52215715704574,14.280998245200989,0.0,190.0,23.52,35.22,0.1,26.82,0.0,0.0,0.0,inferred_20260921_seed1,1,11ed1195aabfcd298bcaf379e7f064ad8010cd8ca67a057b647baa8bf9ef6e77,1500,pre_fed,TRPO-MADRL,deterministic,906a87974dd2e29dc760770c07604a511da286c80ddd9662f188cc461a44bc52
1,15,14,333.2,35.74,34.83,13.81,6.91,3.8391385078430176,-6.981178283691406,199.9074884996101,-49.999913657381875,199.9074884996101,-0.18947368421052882,0.9,0.9,5.405760296307991,68.31774548090846,-68.31774548090846,1530.171166279366,111.40639664265923,943.4680650913458,-457.39218054954614,2.5167478401540677,0.0,65.80099764075439,926.1025049942828,0.0,320.6,39.48,35.46,0.9,27.35,0.0,0.0,0.0,inferred_20260921_seed1,1,11ed1195aabfcd298bcaf379e7f064ad8010cd8ca67a057b647baa8bf9ef6e77,1500,pre_fed,TRPO-MADRL,deterministic,906a87974dd2e29dc760770c07604a511da286c80ddd9662f188cc461a44bc52
2,15,14,170.3,35.74,34.83,13.81,6.91,-0.28719937801361084,19.227617263793945,100.86228758079618,50.0,100.86228758079618,-0.02105263157894797,0.1,0.1,3.428224698984345,2.3169897497671172,-2.3169897497671172,1015.2141214847596,1090.2561177506923,31.99762844428389,-56.50833758463679,0.0,0.0,2.3169897497671172,31.99762844428389,0.0,165.75,39.48,35.46,0.1,27.35,0.0,0.0,0.0,inferred_20260921_seed1,1,11ed1195aabfcd298bcaf379e7f064ad8010cd8ca67a057b647baa8bf9ef6e77,1500,pre_fed,TRPO-MADRL,deterministic,906a87974dd2e29dc760770c07604a511da286c80ddd9662f188cc461a44bc52
3,15,14,192.2,35.74,34.83,13.81,6.91,0.28921931982040405,17.890087127685547,128.14161165214432,49.99999999999997,128.14161165214432,-0.02105263157894797,0.1,0.1,3.973811180411307,-2.5167478401540677,2.5167478401540677,1008.4953537486437,1127.9733287202216,34.75628767252768,-58.36970310201475,0.0,2.5167478401540677,0.0,-17.39072757546461,0.0,187.07,39.48,35.46,0.1,27.35,2.5167478401540677,0.0,0.0,inferred_20260921_seed1,1,11ed1195aabfcd298bcaf379e7f064ad8010cd8ca67a057b647baa8bf9ef6e77,1500,pre_fed,TRPO-MADRL,deterministic,906a87974dd2e29dc760770c07604a511da286c80ddd9662f188cc461a44bc52
1,16,15,316.8,18.06,23.62,17.31,8.66,3.8928470611572266,-8.467130661010742,199.91690679157003,-49.99999557876363,199.91690679157003,-0.18947368421052882,0.9,0.9,4.82814866214719,80.22071555478769,-80.22071555478769,1530.2555407787656,111.40639664265923,1388.6205862533748,-657.7125025624472,0.0,0.0,80.22071555478769,1388.6205862533748,0.0,333.2,35.74,34.83,0.9,13.81,0.0,0.0,0.0,inferred_20260921_seed1,1,11ed1195aabfcd298bcaf379e7f064ad8010cd8ca67a057b647baa8bf9ef6e77,1500,pre_fed,TRPO-MADRL,deterministic,906a87974dd2e29dc760770c07604a511da286c80ddd9662f188cc461a44bc52
2,16,15,172.25,18.06,23.62,17.31,8.66,-0.21094059944152832,20.761680603027344,110.89867138377703,50.0,110.89867138377703,-0.02105263157894797,0.1,0.1,3.0511523750439613,22.743533622845888,-22.743533622845888,1088.3731698514744,1090.2561177506923,393.6905670114623,-220.73334090720135,0.0,0.0,22.743533622845888,393.6905670114623,0.0,170.3,35.74,34.83,0.1,13.81,0.0,0.0,0.0,inferred_20260921_seed1,1,11ed1195aabfcd298bcaf379e7f064ad8010cd8ca67a057b647baa8bf9ef6e77,1500,pre_fed,TRPO-MADRL,deterministic,906a87974dd2e29dc760770c07604a511da286c80ddd9662f188cc461a44bc52
3,16,15,194.4,18.06,23.62,17.31,8.66,0.33418333530426025,19.688444137573242,132.22746660162525,50.0,132.22746660162525,-0.02105263157894797,0.1,0.1,3.4777282794009263,23.991314309354635,-23.991314309354635,1042.34055873234,1127.9733287202216,415.2896506949287,-230.28662056176915,0.0,0.0,23.991314309354635,415.2896506949287,0.0,192.2,35.74,34.83,0.1,13.81,0.0,0.0,0.0,inferred_20260921_seed1,1,11ed1195aabfcd298bcaf379e7f064ad8010cd8ca67a057b647baa8bf9ef6e77,1500,pre_fed,TRPO-MADRL,deterministic,906a87974dd2e29dc760770c07604a511da286c80ddd9662f188cc461a44bc52
1,17,16,291.3,24.27,14.18,16.42,8.21,3.630795478820801,-8.02261734008789,199.85970042696727,-49.99998924419126,199.85970042696727,-0.18947368421052882,0.9,0.9,4.762404534855135,57.94217779209839,-57.94217779209839,1529.7430752657851,111.40639664265923,951.4105593462557,-460.957741143984,0.0,0.0,57.94217779209839,951.4105593462557,0.0,316.8,18.06,23.62,0.9,17.31,0.0,0.0,0.0,inferred_20260921_seed1,1,11ed1195aabfcd298bcaf379e7f064ad8010cd8ca67a057b647baa8bf9ef6e77,1500,pre_fed,TRPO-MADRL,deterministic,906a87974dd2e29dc760770c07604a511da286c80ddd9662f188cc461a44bc52
2,17,16,165.75,24.27,14.18,16.42,8.21,-0.09451723098754883,20.891931533813477,126.80685131208412,50.0,126.80685131208412,-0.02105263157894797,0.1,0.1,3.304715973610104,3.8189172931049313,-3.8189172931049313,1207.470744754244,1090.2561177506923,62.70662195278298,-74.17251712885107,0.0,0.0,3.8189172931049313,62.70662195278298,0.0,172.25,18.06,23.62,0.1,17.31,0.0,0.0,0.0,inferred_20260921_seed1,1,11ed1195aabfcd298bcaf379e7f064ad8010cd8ca67a057b647baa8bf9ef6e77,1500,pre_fed,TRPO-MADRL,deterministic,906a87974dd2e29dc760770c07604a511da286c80ddd9662f188cc461a44bc52
3,17,16,187.07,24.27,14.18,16.42,8.21,0.5411360263824463,18.23085594177246,149.38474147588389,49.999999999999986,149.38474147588389,-0.02105263157894797,0.1,0.1,3.756273776886099,3.0125849325811487,-3.0125849325811487,1187.9254573401436,1127.9733287202216,49.46664459298247,-68.57796578804941,0.0,0.0,3.0125849325811487,49.46664459298247,0.0,194.4,18.06,23.62,0.1,17.31,0.0,0.0,0.0,inferred_20260921_seed1,1,11ed1195aabfcd298bcaf379e7f064ad8010cd8ca67a057b647baa8bf9ef6e77,1500,pre_fed,TRPO-MADRL,deterministic,906a87974dd2e29dc760770c07604a511da286c80ddd9662f188cc461a44bc52
1,18,17,413.8,26.26,4.67,9.83,4.92,3.4975671768188477,-8.092144966125488,199.81690184378698,-49.99999064051078,199.81690184378698,-0.18947368421052882,0.9,0.9,4.611148563191529,187.8537204036151,-187.8537204036151,1529.3597120723034,111.40639664265923,1846.6020715675365,-863.7862543796907,0.0,0.0,187.8537204036151,1846.6020715675365,0.0,291.3,24.27,14.18,0.9,16.42,0.0,0.0,0.0,inferred_20260921_seed1,1,11ed1195aabfcd298bcaf379e7f064ad8010cd8ca67a057b647baa8bf9ef6e77,1500,pre_fed,TRPO-MADRL,deterministic,906a87974dd2e29dc760770c07604a511da286c80ddd9662f188cc461a44bc52
2,18,17,164.25,26.26,4.67,9.83,4.92,-0.13708102703094482,20.86284637451172,120.92796899412608,50.0,120.92796899412608,-0.02105263157894797,0.1,0.1,3.036738327250942,15.44982196470383,-15.44982196470383,1163.010023892973,1090.2561177506923,151.87174991303866,-113.4076102937407,0.0,0.0,15.44982196470383,151.87174991303866,0.0,165.75,24.27,14.18,0.1,16.42,0.0,0.0,0.0,inferred_20260921_seed1,1,11ed1195aabfcd298bcaf379e7f064ad8010cd8ca67a057b647baa8bf9ef6e77,1500,pre_fed,TRPO-MADRL,deterministic,906a87974dd2e29dc760770c07604a511da286c80ddd9662f188cc461a44bc52
3,18,17,185.6,26.26,4.67,9.83,4.92,0.5974253416061401,17.867216110229492,153.52149646526394,49.99999999999997,153.52149646526394,-0.02105263157894797,0.1,0.1,3.6886088766736993,4.85816504298873,-4.85816504298873,1223.8639682940568,1127.9733287202216,47.75576237257922,-68.52683900794621,0.0,0.0,4.85816504298873,47.75576237257922,0.0,187.07,24.27,14.18,0.1,16.42,0.0,0.0,0.0,inferred_20260921_seed1,1,11ed1195aabfcd298bcaf379e7f064ad8010cd8ca67a057b647baa8bf9ef6e77,1500,pre_fed,TRPO-MADRL,deterministic,906a87974dd2e29dc760770c07604a511da286c80ddd9662f188cc461a44bc52
1,19,18,539.8,26.77,0.18,8.63,4.32,3.5669851303100586,-9.05959415435791,199.84061778967313,-49.99999864812513,199.84061778967313,-0.18947368421052882,0.9,0.9,4.532022882109253,317.7308787766466,-317.7308787766466,1529.572141157252,111.40639664265923,2742.0174838424605,-1266.7274384851055,0.0,0.0,317.7308787766466,2742.0174838424605,0.0,413.8,26.26,4.67,0.9,9.83,0.0,0.0,0.0,inferred_20260921_seed1,1,11ed1195aabfcd298bcaf379e7f064ad8010cd8ca67a057b647baa8bf9ef6e77,1500,pre_fed,TRPO-MADRL,deterministic,906a87974dd2e29dc760770c07604a511da286c80ddd9662f188cc461a44bc52
2,19,18,162.5,26.77,0.18,8.63,4.32,-0.04630720615386963,21.51162338256836,133.5216211297062,50.0,133.5216211297062,-0.02105263157894797,0.1,0.1,3.2090113699625453,5.258442871835285,-5.258442871835285,1258.8957851659277,1090.2561177506923,45.38036198393851,-67.40420095110474,0.0,0.0,5.258442871835285,45.38036198393851,0.0,164.25,26.26,4.67,0.1,9.83,0.0,0.0,0.0,inferred_20260921_seed1,1,11ed1195aabfcd298bcaf379e7f064ad8010cd8ca67a057b647baa8bf9ef6e77,1500,pre_fed,TRPO-MADRL,deterministic,906a87974dd2e29dc760770c07604a511da286c80ddd9662f188cc461a44bc52
3,19,18,183.4,26.77,0.18,8.63,4.32,0.6376341581344604,18.226463317871094,156.32865255967562,49.999999999999986,156.32865255967562,-0.02105263157894797,0.1,0.1,3.665151998561934,3.807552070465249,-3.807552070465249,1248.4366236773913,1127.9733287202216,32.8591743681151,-62.31482751360405,0.0,0.0,3.807552070465249,32.8591743681151,0.0,185.6,26.26,4.67,0.1,9.83,0.0,0.0,0.0,inferred_20260921_seed1,1,11ed1195aabfcd298bcaf379e7f064ad8010cd8ca67a057b647baa8bf9ef6e77,1500,pre_fed,TRPO-MADRL,deterministic,906a87974dd2e29dc760770c07604a511da286c80ddd9662f188cc461a44bc52
1,20,19,557.2,26.22,0.0,8.87,4.44,3.6943345069885254,-9.076098442077637,199.87643274233272,-49.99999869202015,199.87643274233272,-0.18947368421052882,0.9,0.9,4.518139181162444,335.8111801230403,-335.8111801230403,1529.8929610491252,111.40639664265923,2978.645167691367,-1373.216312614951,0.0,0.0,335.8111801230403,2978.645167691367,0.0,539.8,26.77,0.18,0.9,8.63,0.0,0.0,0.0,inferred_20260921_seed1,1,11ed1195aabfcd298bcaf379e7f064ad8010cd8ca67a057b647baa8bf9ef6e77,1500,pre_fed,TRPO-MADRL,deterministic,906a87974dd2e29dc760770c07604a511da286c80ddd9662f188cc461a44bc52
2,20,19,165.75,26.22,0.0,8.87,4.44,-0.02616143226623535,21.632768630981445,136.33823484037254,50.0,136.33823484037254,-0.02105263157894797,0.1,0.1,3.2507436441758717,6.463561435382303,-6.463561435382303,1280.670842416669,1090.2561177506923,57.33178993184102,-73.21784467267568,0.0,0.0,6.463561435382303,57.33178993184102,0.0,162.5,26.77,0.18,0.1,8.63,0.0,0.0,0.0,inferred_20260921_seed1,1,11ed1195aabfcd298bcaf379e7f064ad8010cd8ca67a057b647baa8bf9ef6e77,1500,pre_fed,TRPO-MADRL,deterministic,906a87974dd2e29dc760770c07604a511da286c80ddd9662f188cc461a44bc52
3,20,19,187.07,26.22,0.0,8.87,4.44,0.6343938112258911,18.032487869262695,156.10702764614044,49.99999999999998,156.10702764614044,-0.02105263157894797,0.1,0.1,3.64611950029123,8.410144485729745,-8.410144485729745,1246.491169388948,1127.9733287202216,74.59798158842283,-81.05838167697367,0.0,0.0,8.410144485729745,74.59798158842283,0.0,183.4,26.77,0.18,0.1,8.63,0.0,0.0,0.0,inferred_20260921_seed1,1,11ed1195aabfcd298bcaf379e7f064ad8010cd8ca67a057b647baa8bf9ef6e77,1500,pre_fed,TRPO-MADRL,deterministic,906a87974dd2e29dc760770c07604a511da286c80ddd9662f188cc461a44bc52
1,21,20,557.1,32.84,0.0,8.35,4.18,3.712678909301758,-9.01229476928711,199.880881468924,-49.99999851399517,199.880881468924,-0.18947368421052882,0.9,0.9,4.65062815569427,329.2192203709808,-329.2192203709808,1529.932812894277,111.40639664265923,2748.9804900976897,-1269.868004734699,0.9577091508404578,0.0,328.26151122014033,2744.9868429386847,0.0,557.2,26.22,0.0,0.9,8.87,0.0,0.0,0.0,inferred_20260921_seed1,1,11ed1195aabfcd298bcaf379e7f064ad8010cd8ca67a057b647baa8bf9ef6e77,1500,pre_fed,TRPO-MADRL,deterministic,906a87974dd2e29dc760770c07604a511da286c80ddd9662f188cc461a44bc52
2,21,20,169.0,32.84,0.0,8.35,4.18,0.004337787628173828,21.613048553466797,140.60728645896717,50.0,140.60728645896717,-0.02105263157894797,0.1,0.1,3.4685246765477644,-0.9577091508404578,0.9577091508404578,1313.9044955276242,1090.2561177506923,7.996871409517823,-51.68180439984934,0.0,0.9577091508404578,0.0,-4.003224250513114,0.0,165.75,26.22,0.0,0.1,8.87,0.9577091508404578,0.0,0.0,inferred_20260921_seed1,1,11ed1195aabfcd298bcaf379e7f064ad8010cd8ca67a057b647baa8bf9ef6e77,1500,pre_fed,TRPO-MADRL,deterministic,906a87974dd2e29dc760770c07604a511da286c80ddd9662f188cc461a44bc52
3,21,20,190.73,32.84,0.0,8.35,4.18,0.6815795302391052,18.03749656677246,159.25452962539512,49.99999999999998,159.25452962539512,-0.02105263157894797,0.1,0.1,3.8414695398763237,2.4979925460601464,-2.4979925460601464,1274.207866582501,1127.9733287202216,20.858237759602222,-57.429830897875455,0.0,0.0,2.4979925460601464,20.858237759602222,0.0,187.07,26.22,0.0,0.1,8.87,0.0,0.0,0.0,inferred_20260921_seed1,1,11ed1195aabfcd298bcaf379e7f064ad8010cd8ca67a057b647baa8bf9ef6e77,1500,pre_fed,TRPO-MADRL,deterministic,906a87974dd2e29dc760770c07604a511da286c80ddd9662f188cc461a44bc52
1,22,21,535.0,36.02,0.0,16.44,8.22,3.7564480304718018,-9.036957740783691,199.89086007920545,-49.999998585515364,199.89086007920545,-0.18947368421052882,0.9,0.9,4.714427727899899,303.99304133290497,-303.99304133290497,1530.0222027930115,111.40639664265923,4997.645599512958,-2281.769091769545,5.942658316964952,0.0,298.05038301594004,4948.796948147507,0.0,557.1,32.84,0.0,0.9,8.35,0.0,0.0,0.0,inferred_20260921_seed1,1,11ed1195aabfcd298bcaf379e7f064ad8010cd8ca67a057b647baa8bf9ef6e77,1500,pre_fed,TRPO-MADRL,deterministic,906a87974dd2e29dc760770c07604a511da286c80ddd9662f188cc461a44bc52
2,22,21,161.2,36.02,0.0,16.44,8.22,-0.0437697172164917,21.49045753479004,133.87614975688132,50.0,133.87614975688132,-0.02105263157894797,0.1,0.1,3.3975019425060475,-5.277595182796347,5.277595182796347,1261.6299890194105,1090.2561177506923,86.76366480517194,-86.08137129772943,0.0,5.277595182796347,0.0,-43.38183240258597,0.0,169.0,32.84,0.0,0.1,8.35,5.277595182796347,0.0,0.0,inferred_20260921_seed1,1,11ed1195aabfcd298bcaf379e7f064ad8010cd8ca67a057b647baa8bf9ef6e77,1500,pre_fed,TRPO-MADRL,deterministic,906a87974dd2e29dc760770c07604a511da286c80ddd9662f188cc461a44bc52
3,22,21,181.93,36.02,0.0,16.44,8.22,0.5536160469055176,18.37737274169922,150.32254562562855,49.999999999999986,150.32254562562855,-0.02105263157894797,0.1,0.1,3.726429859880992,-0.6650631341686051,0.6650631341686051,1196.044233456909,1127.9733287202216,10.933637925731869,-51.40048831012195,0.0,0.6650631341686051,0.0,-5.4668189628659345,0.0,190.73,32.84,0.0,0.1,8.35,0.6650631341686051,0.0,0.0,inferred_20260921_seed1,1,11ed1195aabfcd298bcaf379e7f064ad8010cd8ca67a057b647baa8bf9ef6e77,1500,pre_fed,TRPO-MADRL,deterministic,906a87974dd2e29dc760770c07604a511da286c80ddd9662f188cc461a44bc52
1,23,22,437.8,37.23,0.0,16.19,8.1,3.7477173805236816,-7.721210956573486,199.88893868638993,-49.99998034643721,199.88893868638993,-0.18947368421052882,0.9,0.9,4.738589300043588,205.6091242978642,-205.6091242978642,1530.0049905404383,111.40639664265923,3328.811722382422,-1530.793502815752,0.0,0.0,205.6091242978642,3328.811722382422,0.0,535.0,36.02,0.0,0.9,16.44,0.0,0.0,0.0,inferred_20260921_seed1,1,11ed1195aabfcd298bcaf379e7f064ad8010cd8ca67a057b647baa8bf9ef6e77,1500,pre_fed,TRPO-MADRL,deterministic,906a87974dd2e29dc760770c07604a511da286c80ddd9662f188cc461a44bc52
2,23,22,148.0,37.23,0.0,16.19,8.1,-0.2268695831298828,20.597959518432617,108.77219204295686,50.0,108.77219204295686,-0.02105263157894797,0.1,0.1,2.9196227882275583,4.9384833768496605,-4.9384833768496605,1072.7446129939021,1090.2561177506923,79.95404587119602,-79.2393352569301,0.0,0.0,4.9384833768496605,79.95404587119602,0.0,161.2,36.02,0.0,0.1,16.44,0.0,0.0,0.0,inferred_20260921_seed1,1,11ed1195aabfcd298bcaf379e7f064ad8010cd8ca67a057b647baa8bf9ef6e77,1500,pre_fed,TRPO-MADRL,deterministic,906a87974dd2e29dc760770c07604a511da286c80ddd9662f188cc461a44bc52
3,23,22,161.39,37.23,0.0,16.19,8.1,0.25463759899139404,16.998165130615234,124.92730971836272,49.99999999999983,124.92730971836272,-0.02105263157894797,0.1,0.1,3.2427251417356753,2.4964680549518903,-2.4964680549518903,982.0925802416307,1127.9733287202216,40.41781780967111,-60.389336193589045,0.0,0.0,2.4964680549518903,40.41781780967111,0.0,181.93,36.02,0.0,0.1,16.44,0.0,0.0,0.0,inferred_20260921_seed1,1,11ed1195aabfcd298bcaf379e7f064ad8010cd8ca67a057b647baa8bf9ef6e77,1500,pre_fed,TRPO-MADRL,deterministic,906a87974dd2e29dc760770c07604a511da286c80ddd9662f188cc461a44bc52
1,24,23,447.3,44.12,0.0,8.87,4.44,3.626047134399414,-7.807576656341553,199.85836264696627,-49.99998346420763,199.85836264696627,-0.18947368421052882,0.9,0.9,4.875777779255115,208.38688881649938,-208.38688881649938,1529.7310918120497,111.40639664265923,1848.3917038023494,-864.5990164801515,21.2260008955663,0.0,187.16088792093308,1754.3605198349908,0.0,437.8,37.23,0.0,0.9,16.19,0.0,0.0,0.0,inferred_20260921_seed1,1,11ed1195aabfcd298bcaf379e7f064ad8010cd8ca67a057b647baa8bf9ef6e77,1500,pre_fed,TRPO-MADRL,deterministic,906a87974dd2e29dc760770c07604a511da286c80ddd9662f188cc461a44bc52
2,24,23,119.6,44.12,0.0,8.87,4.44,-0.3077876567840576,20.622007369995117,98.2207645862459,50.0,98.2207645862459,-0.02105263157894797,0.1,0.1,2.846394239093339,-19.87331771557362,19.87331771557362,996.2135641787679,1090.2561177506923,176.276328137138,-121.05374130030131,0.0,19.87331771557362,0.0,-88.23753065714688,0.0,148.0,37.23,0.0,0.1,16.19,19.87331771557362,0.0,0.0,inferred_20260921_seed1,1,11ed1195aabfcd298bcaf379e7f064ad8010cd8ca67a057b647baa8bf9ef6e77,1500,pre_fed,TRPO-MADRL,deterministic,906a87974dd2e29dc760770c07604a511da286c80ddd9662f188cc461a44bc52
3,24,23,134.98,44.12,0.0,8.87,4.44,-0.0498809739947319,16.57665252685547,95.01603546830619,49.9999999999996,95.01603546830619,-0.02105263157894797,0.1,0.1,2.7822996567345446,-1.352683179992681,1.352683179992681,745.8096125339458,1127.9733287202216,11.99829980653508,-42.874893738024134,0.0,1.352683179992681,0.0,-6.0059133191675045,0.0,161.39,37.23,0.0,0.1,16.19,1.352683179992681,0.0,0.0,inferred_20260921_seed1,1,11ed1195aabfcd298bcaf379e7f064ad8010cd8ca67a057b647baa8bf9ef6e77,1500,pre_fed,TRPO-MADRL,deterministic,906a87974dd2e29dc760770c07604a511da286c80ddd9662f188cc461a44bc52
1,1,0,457.7,51.48,0.0,8.65,4.33,3.9286255836486816,0.6441547274589539,199.92264272566237,28.386090943293734,199.92264272566237,28.386090943293734,0.5,0.2001990427021712,5.595774673379122,183.50704100442306,-183.50704100442306,1530.3069272935327,762.2958059740329,1587.3359046882595,-760.153211775068,89.48058859670935,0.0,94.0264524077137,1200.779761950475,0.0,447.3,44.12,0.0,0.5,8.87,0.0,0.0,0.0,inferred_20260921_seed2,2,11ed1195aabfcd298bcaf379e7f064ad8010cd8ca67a057b647baa8bf9ef6e77,1500,pre_fed,F-MADRL,deterministic,087825044c19fdd2d33a34ed29fa7e927a19b832acaea425ee010c23e4c8d1a9
2,1,0,110.5,51.48,0.0,8.65,4.33,-0.6655360460281372,0.6274483799934387,58.51498349513739,27.81463626380305,58.51498349513739,27.81463626380305,0.5,0.20621435511786262,2.7561923951788088,-24.553427363761642,24.553427363761642,723.3875312824955,784.1793942377966,212.38714669653822,-125.72555452384803,0.0,24.553427363761642,0.0,-106.3163404850879,0.0,119.6,44.12,0.0,0.5,8.87,24.553427363761642,0.0,0.0,inferred_20260921_seed2,2,11ed1195aabfcd298bcaf379e7f064ad8010cd8ca67a057b647baa8bf9ef6e77,1500,pre_fed,F-MADRL,deterministic,087825044c19fdd2d33a34ed29fa7e927a19b832acaea425ee010c23e4c8d1a9
3,1,0,124.71,51.48,0.0,8.65,4.33,0.074349045753479,0.8520164489746094,107.42123529177023,34.60607208878863,107.42123529177023,34.60607208878863,0.5,0.13472555696011967,3.8701461476111776,-64.92716123294771,64.92716123294771,841.7409340654787,874.972248759723,561.6199446649978,-287.06323875575305,0.0,64.92716123294771,0.0,-281.13460813866357,0.0,134.98,44.12,0.0,0.5,8.87,64.92716123294771,0.0,0.0,inferred_20260921_seed2,2,11ed1195aabfcd298bcaf379e7f064ad8010cd8ca67a057b647baa8bf9ef6e77,1500,pre_fed,F-MADRL,deterministic,087825044c19fdd2d33a34ed29fa7e927a19b832acaea425ee010c23e4c8d1a9
1,2,1,336.5,38.37,0.0,8.11,4.06,3.9114155769348145,0.6325457692146301,199.91993481738584,27.99013424542266,199.91993481738584,9.48087123859285,0.2001990427021712,0.1,4.9554161211195735,93.6846100651409,-93.6846100651409,1530.2826678882882,999.5493703691504,759.7821876282926,-392.4986251978805,43.444307205352814,0.0,50.24030285978809,583.8327434466138,0.0,457.7,51.48,0.0,0.2001990427021712,8.65,0.0,0.0,0.0,inferred_20260921_seed2,2,11ed1195aabfcd298bcaf379e7f064ad8010cd8ca67a057b647baa8bf9ef6e77,1500,pre_fed,F-MADRL,deterministic,087825044c19fdd2d33a34ed29fa7e927a19b832acaea425ee010c23e4c8d1a9
2,2,1,109.85,38.37,0.0,8.11,4.06,-0.5232746005058289,0.560714602470398,72.76872380727426,25.425372304725478,72.76872380727426,10.051183008724554,0.20621435511786262,0.10000000000000002,2.4237981363199763,-8.916108679678842,8.916108679678842,818.5705336758169,1031.980426352178,72.3096413921954,-69.55035782704783,0.0,8.916108679678842,0.0,-36.1994012394961,0.0,110.5,51.48,0.0,0.20621435511786262,8.65,8.916108679678842,0.0,0.0,inferred_20260921_seed2,2,11ed1195aabfcd298bcaf379e7f064ad8010cd8ca67a057b647baa8bf9ef6e77,1500,pre_fed,F-MADRL,deterministic,087825044c19fdd2d33a34ed29fa7e927a19b832acaea425ee010c23e4c8d1a9
3,2,1,123.98,38.37,0.0,8.11,4.06,0.20377162098884583,0.7699577212333679,120.09972966468654,32.3452432707735,120.09972966468654,3.2733300553889455,0.13472555696011967,0.1,3.2348611944015095,-34.52819852567397,34.52819852567397,942.8069074743712,1108.1067819858363,280.0236900432159,-167.0289343086513,0.0,34.52819852567397,0.0,-140.1844860142363,0.0,124.71,51.48,0.0,0.13472555696011967,8.65,34.52819852567397,0.0,0.0,inferred_20260921_seed2,2,11ed1195aabfcd298bcaf379e7f064ad8010cd8ca67a057b647baa8bf9ef6e77,1500,pre_fed,F-MADRL,deterministic,087825044c19fdd2d33a34ed29fa7e927a19b832acaea425ee010c23e4c8d1a9
1,3,2,274.9,43.56,0.0,8.25,4.13,3.7543182373046875,0.6045328974723816,199.890394452078,27.013361048747083,199.890394452078,-0.02105263157894797,0.1,0.1,4.868586836409981,36.339245015910905,-36.339245015910905,1530.0180315989655,1052.5389067811634,299.79877138126494,-186.56058588917182,36.339245015910905,0.0,0.0,150.08108191571205,0.0,336.5,38.37,0.0,0.1,8.11,0.0,0.0,0.0,inferred_20260921_seed2,2,11ed1195aabfcd298bcaf379e7f064ad8010cd8ca67a057b647baa8bf9ef6e77,1500,pre_fed,F-MADRL,deterministic,087825044c19fdd2d33a34ed29fa7e927a19b832acaea425ee010c23e4c8d1a9
2,3,2,112.45,43.56,0.0,8.25,4.13,-0.39602553844451904,0.4968670606613159,87.28396129441484,22.98248499723937,87.28396129441484,-0.02105263157894651,0.10000000000000002,0.1,2.6164581732567176,-15.756450489579166,15.756450489579166,918.6734233865375,1090.2561177506923,129.9907165390281,-98.67441326530725,0.0,15.756450489579166,0.0,-65.07414052196195,0.0,109.85,38.37,0.0,0.10000000000000002,8.11,15.756450489579166,0.0,0.0,inferred_20260921_seed2,2,11ed1195aabfcd298bcaf379e7f064ad8010cd8ca67a057b647baa8bf9ef6e77,1500,pre_fed,F-MADRL,deterministic,087825044c19fdd2d33a34ed29fa7e927a19b832acaea425ee010c23e4c8d1a9
3,3,2,126.91,43.56,0.0,8.25,4.13,0.24980860948562622,0.7255815863609314,124.47387440467814,31.01773828500714,124.47387440467814,-0.02105263157894797,0.1,0.1,3.3602564354619844,-37.74256533763722,37.74256533763722,978.3837916796401,1127.9733287202216,311.37616403550703,-182.24641622397542,0.0,20.58279452633174,-17.159770811305478,-85.00694139375008,0.0,123.98,38.37,0.0,0.1,8.11,20.58279452633174,0.0,0.0,inferred_20260921_seed2,2,11ed1195aabfcd298bcaf379e7f064ad8010cd8ca67a057b647baa8bf9ef6e77,1500,pre_fed,F-MADRL,deterministic,087825044c19fdd2d33a34ed29fa7e927a19b832acaea425ee010c23e4c8d1a9
1,4,3,272.6,40.75,0.0,8.1,4.05,3.7151882648468018,0.5996730923652649,199.8814774393876,26.840845297787475,199.8814774393876,-0.02105263157894797,0.1,0.1,4.812208496156173,36.80178368834754,-36.80178368834754,1529.9381516424517,1052.5389067811634,298.09444787561506,-185.79204271249907,36.80178368834754,0.0,0.0,149.04722393780753,0.0,274.9,43.56,0.0,0.1,8.25,0.0,0.0,0.0,inferred_20260921_seed2,2,11ed1195aabfcd298bcaf379e7f064ad8010cd8ca67a057b647baa8bf9ef6e77,1500,pre_fed,F-MADRL,deterministic,087825044c19fdd2d33a34ed29fa7e927a19b832acaea425ee010c23e4c8d1a9
2,4,3,110.5,40.75,0.0,8.1,4.05,-0.41916945576667786,0.5103636384010315,84.52772824093086,23.511423995994342,84.52772824093086,-0.02105263157894797,0.1,0.1,2.505133512187038,-12.251542097164858,12.251542097164858,899.4190164044394,1090.2561177506923,99.23749098703534,-84.45037362726853,0.0,12.251542097164858,0.0,-49.61874549351767,0.0,112.45,43.56,0.0,0.1,8.25,12.251542097164858,0.0,0.0,inferred_20260921_seed2,2,11ed1195aabfcd298bcaf379e7f064ad8010cd8ca67a057b647baa8bf9ef6e77,1500,pre_fed,F-MADRL,deterministic,087825044c19fdd2d33a34ed29fa7e927a19b832acaea425ee010c23e4c8d1a9
3,4,3,124.71,40.75,0.0,8.1,4.05,0.2400192767381668,0.7405596375465393,123.55139571398806,31.474158107502088,123.55139571398806,-0.02105263157894797,0.1,0.1,3.285606861648182,-36.284736220760934,36.284736220760934,970.8506092355781,1127.9733287202216,293.9063633881635,-174.23434228378957,0.0,24.550241591182683,-11.73449462957825,-99.42847844428987,0.0,126.91,43.56,0.0,0.1,8.25,24.550241591182683,0.0,0.0,inferred_20260921_seed2,2,11ed1195aabfcd298bcaf379e7f064ad8010cd8ca67a057b647baa8bf9ef6e77,1500,pre_fed,F-MADRL,deterministic,087825044c19fdd2d33a34ed29fa7e927a19b832acaea425ee010c23e4c8d1a9
1,5,4,245.3,27.74,0.0,8.14,4.07,3.697500705718994,0.5967196822166443,199.8772122681899,26.73556274037535,199.8772122681899,-0.02105263157894797,0.1,0.1,4.551923192732219,22.25576355612128,-22.25576355612128,1529.899944045281,1052.5389067811634,181.16191534682724,-133.17163892260118,20.244419600824017,0.0,2.0113439552972636,98.76712757147348,0.0,272.6,40.75,0.0,0.1,8.1,0.0,0.0,0.0,inferred_20260921_seed2,2,11ed1195aabfcd298bcaf379e7f064ad8010cd8ca67a057b647baa8bf9ef6e77,1500,pre_fed,F-MADRL,deterministic,087825044c19fdd2d33a34ed29fa7e927a19b832acaea425ee010c23e4c8d1a9
2,5,4,113.75,27.74,0.0,8.14,4.07,-0.4068116247653961,0.5021295547485352,85.9933035021055,23.189514584853214,85.9933035021055,-0.02105263157894797,0.1,0.1,2.274245017410531,2.3119941468839897,-2.3119941468839897,909.642810570719,1090.2561177506923,18.81963235563568,-48.46681312646429,0.0,0.0,2.3119941468839897,18.81963235563568,0.0,110.5,40.75,0.0,0.1,8.1,0.0,0.0,0.0,inferred_20260921_seed2,2,11ed1195aabfcd298bcaf379e7f064ad8010cd8ca67a057b647baa8bf9ef6e77,1500,pre_fed,F-MADRL,deterministic,087825044c19fdd2d33a34ed29fa7e927a19b832acaea425ee010c23e4c8d1a9
3,5,4,128.38,27.74,0.0,8.14,4.07,0.2441229373216629,0.7310042381286621,123.93862365282796,31.183967379839768,123.93862365282796,-0.02105263157894797,0.1,0.1,3.03315142042498,-20.244419600824017,20.244419600824017,974.010836536025,1127.9733287202216,164.7895755507075,-116.1949923029433,0.0,20.244419600824017,0.0,-82.39478777535375,0.0,124.71,40.75,0.0,0.1,8.1,20.244419600824017,0.0,0.0,inferred_20260921_seed2,2,11ed1195aabfcd298bcaf379e7f064ad8010cd8ca67a057b647baa8bf9ef6e77,1500,pre_fed,F-MADRL,deterministic,087825044c19fdd2d33a34ed29fa7e927a19b832acaea425ee010c23e4c8d1a9
1,6,5,233.7,30.15,0.0,8.13,4.07,3.602062463760376,0.5816299915313721,199.85140797225708,26.192456601096666,199.85140797225708,-0.02105263157894797,0.1,0.1,4.599607106813563,8.319251766135409,-8.319251766135409,1529.6687942761082,1052.5389067811634,67.63551685868089,-82.08013660755184,8.319251766135409,0.0,0.0,33.859354688171116,0.0,245.3,27.74,0.0,0.1,8.14,0.0,0.0,0.0,inferred_20260921_seed2,2,11ed1195aabfcd298bcaf379e7f064ad8010cd8ca67a057b647baa8bf9ef6e77,1500,pre_fed,F-MADRL,deterministic,087825044c19fdd2d33a34ed29fa7e927a19b832acaea425ee010c23e4c8d1a9
2,6,5,120.25,30.15,0.0,8.13,4.07,-0.34420448541641235,0.47452694177627563,93.62838772482812,22.092486656341155,93.62838772482812,-0.02105263157894797,0.1,0.1,2.4751467018649835,-1.0321883913841816,1.0321883913841816,963.4329321854493,1090.2561177506923,8.391691621953397,-44.85004222860186,0.0,1.0321883913841816,0.0,-4.201006752933619,0.0,113.75,27.74,0.0,0.1,8.14,1.0321883913841816,0.0,0.0,inferred_20260921_seed2,2,11ed1195aabfcd298bcaf379e7f064ad8010cd8ca67a057b647baa8bf9ef6e77,1500,pre_fed,F-MADRL,deterministic,087825044c19fdd2d33a34ed29fa7e927a19b832acaea425ee010c23e4c8d1a9
3,6,5,135.43,30.15,0.0,8.13,4.07,0.28352370858192444,0.7052838802337646,127.61632066335639,30.38554789202832,127.61632066335639,-0.02105263157894797,0.1,0.1,3.154905360635549,-19.160362671141883,19.160362671141883,1004.1671134008004,1127.9733287202216,155.77374851638353,-112.74099567479303,0.0,7.287063374751227,-11.873299296390655,-29.658347935237497,0.0,128.38,27.74,0.0,0.1,8.14,7.287063374751227,0.0,0.0,inferred_20260921_seed2,2,11ed1195aabfcd298bcaf379e7f064ad8010cd8ca67a057b647baa8bf9ef6e77,1500,pre_fed,F-MADRL,deterministic,087825044c19fdd2d33a34ed29fa7e927a19b832acaea425ee010c23e4c8d1a9
1,7,6,274.6,28.65,0.16,8.34,4.17,3.5991673469543457,0.5815281271934509,199.85054573878512,26.188760856954456,199.85054573878512,-0.02105263157894797,0.1,0.1,4.572789862144123,50.53329675493799,-50.53329675493799,1529.6610707457817,1052.5389067811634,421.44769493618287,-241.29546227182118,6.650706600169144,0.0,43.88259015476885,393.7142484134775,0.0,233.7,30.15,0.0,0.1,8.13,0.0,0.0,0.0,inferred_20260921_seed2,2,11ed1195aabfcd298bcaf379e7f064ad8010cd8ca67a057b647baa8bf9ef6e77,1500,pre_fed,F-MADRL,deterministic,087825044c19fdd2d33a34ed29fa7e927a19b832acaea425ee010c23e4c8d1a9
2,7,6,130.0,28.65,0.16,8.34,4.17,-0.35404613614082336,0.48240524530410767,92.40574426418024,22.4083910979376,92.40574426418024,-0.02105263157894797,0.1,0.1,2.423893832652026,11.229202200050736,-11.229202200050736,954.7596713754735,1090.2561177506923,93.65154634842314,-83.04351163931372,0.0,0.0,11.229202200050736,93.65154634842314,0.0,120.25,30.15,0.0,0.1,8.13,0.0,0.0,0.0,inferred_20260921_seed2,2,11ed1195aabfcd298bcaf379e7f064ad8010cd8ca67a057b647baa8bf9ef6e77,1500,pre_fed,F-MADRL,deterministic,087825044c19fdd2d33a34ed29fa7e927a19b832acaea425ee010c23e4c8d1a9
3,7,6,146.72,28.65,0.16,8.34,4.17,0.2845573425292969,0.715603232383728,127.7117736521597,30.708922735129413,127.7117736521597,-0.02105263157894797,0.1,0.1,3.1300144204116154,-6.650706600169144,6.650706600169144,1004.9532276481623,1127.9733287202216,55.466893045410664,-67.61863299780248,0.0,6.650706600169144,0.0,-27.733446522705332,0.0,135.43,30.15,0.0,0.1,8.13,6.650706600169144,0.0,0.0,inferred_20260921_seed2,2,11ed1195aabfcd298bcaf379e7f064ad8010cd8ca67a057b647baa8bf9ef6e77,1500,pre_fed,F-MADRL,deterministic,087825044c19fdd2d33a34ed29fa7e927a19b832acaea425ee010c23e4c8d1a9
1,8,7,291.0,23.38,1.77,9.35,4.68,3.650625705718994,0.588775098323822,199.86515219559863,26.45070367331721,199.86515219559863,-0.02105263157894797,0.1,0.1,4.499881991280394,70.50578242726073,-70.50578242726073,1529.7919109623995,1052.5389067811634,659.2290656948878,-348.2996959175708,0.0,0.0,70.50578242726073,659.2290656948878,0.0,274.6,28.65,0.16,0.1,8.34,0.0,0.0,0.0,inferred_20260921_seed2,2,11ed1195aabfcd298bcaf379e7f064ad8010cd8ca67a057b647baa8bf9ef6e77,1500,pre_fed,F-MADRL,deterministic,087825044c19fdd2d33a34ed29fa7e927a19b832acaea425ee010c23e4c8d1a9
2,8,7,157.95,23.38,1.77,9.35,4.68,-0.34395623207092285,0.48491090536117554,93.65933269618064,22.50839794624035,93.65933269618064,-0.02105263157894797,0.1,0.1,2.375765601292034,41.53748553669034,-41.53748553669034,963.6527462826193,1090.2561177506923,388.37548976805465,-215.84714767629083,0.0,0.0,41.53748553669034,388.37548976805465,0.0,130.0,28.65,0.16,0.1,8.34,0.0,0.0,0.0,inferred_20260921_seed2,2,11ed1195aabfcd298bcaf379e7f064ad8010cd8ca67a057b647baa8bf9ef6e77,1500,pre_fed,F-MADRL,deterministic,087825044c19fdd2d33a34ed29fa7e927a19b832acaea425ee010c23e4c8d1a9
3,8,7,178.26,23.38,1.77,9.35,4.68,0.30253204703330994,0.7233672142028809,129.36280694115615,30.949535051026427,129.36280694115615,-0.02105263157894797,0.1,0.1,3.089835086191544,26.858080776614344,-26.858080776614344,1018.5778986152181,1127.9733287202216,251.1230552613441,-155.93639941431366,0.0,0.0,26.858080776614344,251.1230552613441,0.0,146.72,28.65,0.16,0.1,8.34,0.0,0.0,0.0,inferred_20260921_seed2,2,11ed1195aabfcd298bcaf379e7f064ad8010cd8ca67a057b647baa8bf9ef6e77,1500,pre_fed,F-MADRL,deterministic,087825044c19fdd2d33a34ed29fa7e927a19b832acaea425ee010c23e4c8d1a9
1,9,8,315.7,21.75,5.3,12.0,6.0,3.6766421794891357,0.5927060842514038,199.87198492809358,26.591953029228538,199.87198492809358,-0.02105263157894797,0.1,0.1,4.5380186459302925,93.33708634941564,-93.33708634941564,1529.8531176973734,1052.5389067811634,1120.0450361929877,-555.6681067764152,0.0,0.0,93.33708634941564,1120.0450361929877,0.0,291.0,23.38,1.77,0.1,9.35,0.0,0.0,0.0,inferred_20260921_seed2,2,11ed1195aabfcd298bcaf379e7f064ad8010cd8ca67a057b647baa8bf9ef6e77,1500,pre_fed,F-MADRL,deterministic,087825044c19fdd2d33a34ed29fa7e927a19b832acaea425ee010c23e4c8d1a9
2,9,8,165.1,21.75,5.3,12.0,6.0,-0.30873817205429077,0.49475371837615967,98.09957777947466,22.89906209076615,98.09957777947466,-0.02105263157894797,0.1,0.1,2.502570502957914,42.4740453550622,-42.4740453550622,995.3444082073012,1090.2561177506923,509.6885442607464,-271.07185543649575,0.0,0.0,42.4740453550622,509.6885442607464,0.0,157.95,23.38,1.77,0.1,9.35,0.0,0.0,0.0,inferred_20260921_seed2,2,11ed1195aabfcd298bcaf379e7f064ad8010cd8ca67a057b647baa8bf9ef6e77,1500,pre_fed,F-MADRL,deterministic,087825044c19fdd2d33a34ed29fa7e927a19b832acaea425ee010c23e4c8d1a9
3,9,8,186.33,21.75,5.3,12.0,6.0,0.3595699667930603,0.7495764493942261,134.48351929426218,31.744810006353507,134.48351929426218,-0.02105263157894797,0.1,0.1,3.230249333253665,28.047782670570427,-28.047782670570427,1061.16450823648,1127.9733287202216,336.57339204684513,-195.24078316021436,0.0,0.0,28.047782670570427,336.57339204684513,0.0,178.26,23.38,1.77,0.1,9.35,0.0,0.0,0.0,inferred_20260921_seed2,2,11ed1195aabfcd298bcaf379e7f064ad8010cd8ca67a057b647baa8bf9ef6e77,1500,pre_fed,F-MADRL,deterministic,087825044c19fdd2d33a34ed29fa7e927a19b832acaea425ee010c23e4c8d1a9
1,10,9,362.4,34.82,11.6,9.19,4.6,3.7666501998901367,0.607242226600647,199.89306326273788,27.109145940733598,199.89306326273788,-0.02105263157894797,0.1,0.1,4.925840212623179,121.03382958146423,-121.03382958146423,1530.0419394614041,1052.5389067811634,1112.3008938536561,-552.1870191589967,0.0,0.0,121.03382958146423,1112.3008938536561,0.0,315.7,21.75,5.3,0.1,12.0,0.0,0.0,0.0,inferred_20260921_seed2,2,11ed1195aabfcd298bcaf379e7f064ad8010cd8ca67a057b647baa8bf9ef6e77,1500,pre_fed,F-MADRL,deterministic,087825044c19fdd2d33a34ed29fa7e927a19b832acaea425ee010c23e4c8d1a9
2,10,9,169.0,34.82,11.6,9.19,4.6,-0.2964117228984833,0.523625910282135,99.67644044059676,24.024682420771388,99.67644044059676,-0.02105263157894797,0.1,0.1,2.921507756180356,25.84611994716255,-25.84611994716255,1006.6711668222891,1090.2561177506923,237.5258423144238,-148.82517473295036,0.0,0.0,25.84611994716255,237.5258423144238,0.0,165.1,21.75,5.3,0.1,12.0,0.0,0.0,0.0,inferred_20260921_seed2,2,11ed1195aabfcd298bcaf379e7f064ad8010cd8ca67a057b647baa8bf9ef6e77,1500,pre_fed,F-MADRL,deterministic,087825044c19fdd2d33a34ed29fa7e927a19b832acaea425ee010c23e4c8d1a9
3,10,9,190.73,34.82,11.6,9.19,4.6,0.3937940001487732,0.7924349308013916,137.4626385968901,32.989310384558095,137.4626385968901,-0.02105263157894797,0.1,0.1,3.6772317193062225,10.545645753995103,-10.545645753995103,1086.1697118431139,1127.9733287202216,96.91448447921499,-87.89437882691345,0.0,0.0,10.545645753995103,96.91448447921499,0.0,186.33,21.75,5.3,0.1,12.0,0.0,0.0,0.0,inferred_20260921_seed2,2,11ed1195aabfcd298bcaf379e7f064ad8010cd8ca67a057b647baa8bf9ef6e77,1500,pre_fed,F-MADRL,deterministic,087825044c19fdd2d33a34ed29fa7e927a19b832acaea425ee010c23e4c8d1a9
1,11,10,320.0,27.17,36.64,12.3,6.15,3.8223507404327393,0.6154950857162476,199.904331154127,27.399183044001262,199.904331154127,-0.02105263157894797,0.1,0.1,5.273865570450961,61.580587047902895,-61.580587047902895,1530.1428812764552,1052.5389067811634,757.4412206892057,-392.50218507129495,0.0,0.0,61.580587047902895,757.4412206892057,0.0,362.4,34.82,11.6,0.1,9.19,0.0,0.0,0.0,inferred_20260921_seed2,2,11ed1195aabfcd298bcaf379e7f064ad8010cd8ca67a057b647baa8bf9ef6e77,1500,pre_fed,F-MADRL,deterministic,087825044c19fdd2d33a34ed29fa7e927a19b832acaea425ee010c23e4c8d1a9
2,11,10,173.55,27.17,36.64,12.3,6.15,-0.3440394699573517,0.5286964178085327,93.64895646241352,24.21919976360915,93.64895646241352,-0.02105263157894797,0.1,0.1,3.1487580766166916,19.260854245782127,-19.260854245782127,963.5790382599014,1090.2561177506923,236.90850722312018,-147.68553137061596,0.0,0.0,19.260854245782127,236.90850722312018,0.0,169.0,34.82,11.6,0.1,9.19,0.0,0.0,0.0,inferred_20260921_seed2,2,11ed1195aabfcd298bcaf379e7f064ad8010cd8ca67a057b647baa8bf9ef6e77,1500,pre_fed,F-MADRL,deterministic,087825044c19fdd2d33a34ed29fa7e927a19b832acaea425ee010c23e4c8d1a9
3,11,10,195.87,27.17,36.64,12.3,6.15,0.3572390675544739,0.7948859333992004,134.2779815645879,33.05840039022595,134.2779815645879,-0.02105263157894797,0.1,0.1,3.961338578660179,1.7644096456512557,-1.7644096456512557,1059.4455480543238,1127.9733287202216,21.702238641510448,-53.51438492417061,0.0,0.0,1.7644096456512557,21.702238641510448,0.0,190.73,34.82,11.6,0.1,9.19,0.0,0.0,0.0,inferred_20260921_seed2,2,11ed1195aabfcd298bcaf379e7f064ad8010cd8ca67a057b647baa8bf9ef6e77,1500,pre_fed,F-MADRL,deterministic,087825044c19fdd2d33a34ed29fa7e927a19b832acaea425ee010c23e4c8d1a9
1,12,11,350.0,30.2,42.68,20.7,10.35,3.87850284576416,0.6259065866470337,199.9144894884905,27.76135723339132,199.9144894884905,-0.02105263157894797,0.1,0.1,5.455468737138231,82.6820318802267,-82.6820318802267,1530.23388504446,1052.5389067811634,1711.5180599206926,-821.8385828008242,24.157273729061842,0.0,58.52475815116486,1461.4902768249026,0.0,320.0,27.17,36.64,0.1,12.3,0.0,0.0,0.0,inferred_20260921_seed2,2,11ed1195aabfcd298bcaf379e7f064ad8010cd8ca67a057b647baa8bf9ef6e77,1500,pre_fed,F-MADRL,deterministic,087825044c19fdd2d33a34ed29fa7e927a19b832acaea425ee010c23e4c8d1a9
2,12,11,168.35,30.2,42.68,20.7,10.35,-0.2680467963218689,0.5574273467063904,103.34709816951727,25.303306812895787,103.34709816951727,-0.02105263157894797,0.1,0.1,3.524120910758766,-4.331924627179546,4.331924627179546,1033.1842501233127,1090.2561177506923,89.67083978261661,-82.82068525965758,0.0,4.331924627179546,0.0,-44.835419891308305,0.0,173.55,27.17,36.64,0.1,12.3,4.331924627179546,0.0,0.0,inferred_20260921_seed2,2,11ed1195aabfcd298bcaf379e7f064ad8010cd8ca67a057b647baa8bf9ef6e77,1500,pre_fed,F-MADRL,deterministic,087825044c19fdd2d33a34ed29fa7e927a19b832acaea425ee010c23e4c8d1a9
3,12,11,190.0,30.2,42.68,20.7,10.35,0.43860265612602234,0.8531965613365173,141.24855171513232,34.63678702068281,141.24855171513232,-0.02105263157894797,0.1,0.1,4.2821499816710675,-19.825349101882296,19.825349101882296,1118.1900424003315,1127.9733287202216,410.3847264089635,-229.59639430644467,0.0,19.825349101882296,0.0,-205.19236320448175,0.0,195.87,27.17,36.64,0.1,12.3,19.825349101882296,0.0,0.0,inferred_20260921_seed2,2,11ed1195aabfcd298bcaf379e7f064ad8010cd8ca67a057b647baa8bf9ef6e77,1500,pre_fed,F-MADRL,deterministic,087825044c19fdd2d33a34ed29fa7e927a19b832acaea425ee010c23e4c8d1a9
1,13,12,345.2,23.52,35.22,26.82,13.41,3.9992525577545166,0.6460233926773071,199.93282967068583,28.449342734496692,199.93282967068583,-0.02105263157894797,0.1,0.1,5.173035540782138,91.72125850167524,-91.72125850167524,1530.3981903953554,1052.5389067811634,2459.9641530149297,-1158.6426108002488,8.035040542464571,0.0,83.68621795921067,2352.21425934048,0.0,350.0,30.2,42.68,0.1,20.7,0.0,0.0,0.0,inferred_20260921_seed2,2,11ed1195aabfcd298bcaf379e7f064ad8010cd8ca67a057b647baa8bf9ef6e77,1500,pre_fed,F-MADRL,deterministic,087825044c19fdd2d33a34ed29fa7e927a19b832acaea425ee010c23e4c8d1a9
2,13,12,168.35,23.52,35.22,26.82,13.41,-0.282723605632782,0.6358484625816345,101.4406454258206,28.10330951260059,101.4406454258206,-0.02105263157894797,0.1,0.1,3.203191855884833,11.393599061643158,-11.393599061643158,1019.3884205561546,1090.2561177506923,305.5763268332695,-179.70223784110823,0.0,0.0,11.393599061643158,305.5763268332695,0.0,168.35,30.2,42.68,0.1,20.7,0.0,0.0,0.0,inferred_20260921_seed2,2,11ed1195aabfcd298bcaf379e7f064ad8010cd8ca67a057b647baa8bf9ef6e77,1500,pre_fed,F-MADRL,deterministic,087825044c19fdd2d33a34ed29fa7e927a19b832acaea425ee010c23e4c8d1a9
3,13,12,190.0,23.52,35.22,26.82,13.41,0.4642924964427948,0.9468171000480652,143.35762461368566,36.916934470498134,143.35762461368566,-0.02105263157894797,0.1,0.1,4.041531439642134,-8.035040542464571,8.035040542464571,1136.1461800868585,1127.9733287202216,215.49978734889982,-142.25729448314652,0.0,8.035040542464571,0.0,-107.74989367444991,0.0,190.0,30.2,42.68,0.1,20.7,8.035040542464571,0.0,0.0,inferred_20260921_seed2,2,11ed1195aabfcd298bcaf379e7f064ad8010cd8ca67a057b647baa8bf9ef6e77,1500,pre_fed,F-MADRL,deterministic,087825044c19fdd2d33a34ed29fa7e927a19b832acaea425ee010c23e4c8d1a9
1,14,13,320.6,39.48,35.46,27.35,13.68,4.0206146240234375,0.6495537757873535,199.9356381197488,28.568474711983587,199.9356381197488,-0.02105263157894797,0.1,0.1,5.497091709763397,51.2425062215936,-51.2425062215936,1530.4233511068073,1052.5389067811634,1401.482545160585,-682.3263904800227,37.41903651754788,0.0,13.82346970404572,889.9643159657055,0.0,345.2,23.52,35.22,0.1,26.82,0.0,0.0,0.0,inferred_20260921_seed2,2,11ed1195aabfcd298bcaf379e7f064ad8010cd8ca67a057b647baa8bf9ef6e77,1500,pre_fed,F-MADRL,deterministic,087825044c19fdd2d33a34ed29fa7e927a19b832acaea425ee010c23e4c8d1a9
2,14,13,165.75,39.48,35.46,27.35,13.68,-0.2704229950904846,0.6653353571891785,103.0374254955295,29.095155716745065,103.0374254955295,-0.02105263157894797,0.1,0.1,3.5591274572790113,-8.647245406671544,8.647245406671544,1030.9395808154832,1090.2561177506923,236.50216187246676,-148.84988681393355,0.0,8.647245406671544,0.0,-118.29431716326673,0.0,168.35,23.52,35.22,0.1,26.82,8.647245406671544,0.0,0.0,inferred_20260921_seed2,2,11ed1195aabfcd298bcaf379e7f064ad8010cd8ca67a057b647baa8bf9ef6e77,1500,pre_fed,F-MADRL,deterministic,087825044c19fdd2d33a34ed29fa7e927a19b832acaea425ee010c23e4c8d1a9
3,14,13,187.07,39.48,35.46,27.35,13.68,0.4888179898262024,0.979498565196991,145.32777825492215,37.642437795177194,145.32777825492215,-0.02105263157894797,0.1,0.1,4.404934512466864,-28.771791110876336,28.771791110876336,1152.99594141996,1127.9733287202216,786.9084868824679,-399.72820449991417,0.0,28.771791110876336,0.0,-393.59810239678825,0.0,190.0,23.52,35.22,0.1,26.82,28.771791110876336,0.0,0.0,inferred_20260921_seed2,2,11ed1195aabfcd298bcaf379e7f064ad8010cd8ca67a057b647baa8bf9ef6e77,1500,pre_fed,F-MADRL,deterministic,087825044c19fdd2d33a34ed29fa7e927a19b832acaea425ee010c23e4c8d1a9
1,15,14,333.2,35.74,34.83,13.81,6.91,4.038364887237549,0.6535378694534302,199.9378822216423,28.702340976994208,199.9378822216423,-0.02105263157894797,0.1,0.1,5.409736591801268,68.12290700173787,-68.12290700173787,1530.443455960724,1052.5389067811634,940.777345694,-475.00945281713774,16.022161382573017,0.0,52.100745619164854,830.2244321542462,0.0,320.6,39.48,35.46,0.1,27.35,0.0,0.0,0.0,inferred_20260921_seed2,2,11ed1195aabfcd298bcaf379e7f064ad8010cd8ca67a057b647baa8bf9ef6e77,1500,pre_fed,F-MADRL,deterministic,087825044c19fdd2d33a34ed29fa7e927a19b832acaea425ee010c23e4c8d1a9
2,15,14,170.3,35.74,34.83,13.81,6.91,-0.33844292163848877,0.6949555277824402,94.34787715896185,30.057804329931137,94.34787715896185,-0.02105263157894797,0.1,0.1,3.297936490547658,8.701111963164777,-8.701111963164777,968.5475088883627,1090.2561177506923,120.16235621130558,-95.2491328278686,0.0,0.0,8.701111963164777,120.16235621130558,0.0,165.75,39.48,35.46,0.1,27.35,0.0,0.0,0.0,inferred_20260921_seed2,2,11ed1195aabfcd298bcaf379e7f064ad8010cd8ca67a057b647baa8bf9ef6e77,1500,pre_fed,F-MADRL,deterministic,087825044c19fdd2d33a34ed29fa7e927a19b832acaea425ee010c23e4c8d1a9
3,15,14,192.2,35.74,34.83,13.81,6.91,0.4467531740665436,1.006734013557434,141.92264587910242,38.22038981705915,141.92264587910242,-0.02105263157894797,0.1,0.1,4.24943186495047,-16.022161382573017,16.022161382573017,1123.9199279841737,1127.9733287202216,221.26604869333337,-144.60758704608793,0.0,16.022161382573017,0.0,-110.71313515357956,0.0,187.07,39.48,35.46,0.1,27.35,16.022161382573017,0.0,0.0,inferred_20260921_seed2,2,11ed1195aabfcd298bcaf379e7f064ad8010cd8ca67a057b647baa8bf9ef6e77,1500,pre_fed,F-MADRL,deterministic,087825044c19fdd2d33a34ed29fa7e927a19b832acaea425ee010c23e4c8d1a9
1,16,15,316.8,18.06,23.62,17.31,8.66,3.9247965812683105,0.6337577700614929,199.922048280956,28.031715271996653,199.922048280956,-0.02105263157894797,0.1,0.1,4.8316199129875415,80.0506242636105,-80.0506242636105,1530.3016018167768,1052.5389067811634,1385.6763060030976,-675.2111478733527,0.0,0.0,80.0506242636105,1385.6763060030976,0.0,333.2,35.74,34.83,0.1,13.81,0.0,0.0,0.0,inferred_20260921_seed2,2,11ed1195aabfcd298bcaf379e7f064ad8010cd8ca67a057b647baa8bf9ef6e77,1500,pre_fed,F-MADRL,deterministic,087825044c19fdd2d33a34ed29fa7e927a19b832acaea425ee010c23e4c8d1a9
2,16,15,172.25,18.06,23.62,17.31,8.66,-0.3136656880378723,0.5870869159698486,97.47244812461301,26.389862666755022,97.47244812461301,-0.02105263157894797,0.1,0.1,2.782627909860681,35.901232416826616,-35.901232416826616,990.8501792376828,1090.2561177506923,621.4503331352687,-321.27477585063843,0.0,0.0,35.901232416826616,621.4503331352687,0.0,170.3,35.74,34.83,0.1,13.81,0.0,0.0,0.0,inferred_20260921_seed2,2,11ed1195aabfcd298bcaf379e7f064ad8010cd8ca67a057b647baa8bf9ef6e77,1500,pre_fed,F-MADRL,deterministic,087825044c19fdd2d33a34ed29fa7e927a19b832acaea425ee010c23e4c8d1a9
3,16,15,194.4,18.06,23.62,17.31,8.66,0.4159826636314392,0.8824304938316345,139.35406550051746,35.381741987676314,139.35406550051746,-0.02105263157894797,0.1,0.1,3.6202602573787703,17.00724738844025,-17.00724738844025,1102.1328984874704,1127.9733287202216,294.3954522939007,-177.08007807640917,0.0,0.0,17.00724738844025,294.3954522939007,0.0,192.2,35.74,34.83,0.1,13.81,0.0,0.0,0.0,inferred_20260921_seed2,2,11ed1195aabfcd298bcaf379e7f064ad8010cd8ca67a057b647baa8bf9ef6e77,1500,pre_fed,F-MADRL,deterministic,087825044c19fdd2d33a34ed29fa7e927a19b832acaea425ee010c23e4c8d1a9
1,17,16,291.3,24.27,14.18,16.42,8.21,3.889763116836548,0.6278942823410034,199.91639291301703,27.830028079575687,199.91639291301703,-0.02105263157894797,0.1,0.1,4.7669068056287625,57.72156652419068,-57.72156652419068,1530.250937120807,1052.5389067811634,947.788122327211,-478.1604519252844,0.0,0.0,57.72156652419068,947.788122327211,0.0,316.8,18.06,23.62,0.1,17.31,0.0,0.0,0.0,inferred_20260921_seed2,2,11ed1195aabfcd298bcaf379e7f064ad8010cd8ca67a057b647baa8bf9ef6e77,1500,pre_fed,F-MADRL,deterministic,087825044c19fdd2d33a34ed29fa7e927a19b832acaea425ee010c23e4c8d1a9
2,17,16,165.75,24.27,14.18,16.42,8.21,-0.25340735912323,0.5781831741333008,105.2633473543419,26.067183454426818,105.2633473543419,-0.02105263157894797,0.1,0.1,2.8738458944552594,24.93155117169229,-24.93155117169229,1047.1066424240923,1090.2561177506923,409.37607023918747,-226.96648681113004,0.0,0.0,24.93155117169229,409.37607023918747,0.0,172.25,18.06,23.62,0.1,17.31,0.0,0.0,0.0,inferred_20260921_seed2,2,11ed1195aabfcd298bcaf379e7f064ad8010cd8ca67a057b647baa8bf9ef6e77,1500,pre_fed,F-MADRL,deterministic,087825044c19fdd2d33a34ed29fa7e927a19b832acaea425ee010c23e4c8d1a9
3,17,16,187.07,24.27,14.18,16.42,8.21,0.4639117419719696,0.8753852844238281,143.32670180407115,35.20499668637154,143.32670180407115,-0.02105263157894797,0.1,0.1,3.635112983449844,8.949463810957639,-8.949463810957639,1135.8823002569682,1127.9733287202216,146.95019577592444,-111.40470067870979,0.0,0.0,8.949463810957639,146.95019577592444,0.0,194.4,18.06,23.62,0.1,17.31,0.0,0.0,0.0,inferred_20260921_seed2,2,11ed1195aabfcd298bcaf379e7f064ad8010cd8ca67a057b647baa8bf9ef6e77,1500,pre_fed,F-MADRL,deterministic,087825044c19fdd2d33a34ed29fa7e927a19b832acaea425ee010c23e4c8d1a9
1,18,17,413.8,26.26,4.67,9.83,4.92,3.856227159500122,0.6230330467224121,199.91059548323497,27.661814032757214,199.91059548323497,-0.02105263157894797,0.1,0.1,4.61639085703312,187.59684800537713,-187.59684800537713,1530.1990002744428,1052.5389067811634,1844.0770158928572,-881.4894152928979,0.0,0.0,187.59684800537713,1844.0770158928572,0.0,291.3,24.27,14.18,0.1,16.42,0.0,0.0,0.0,inferred_20260921_seed2,2,11ed1195aabfcd298bcaf379e7f064ad8010cd8ca67a057b647baa8bf9ef6e77,1500,pre_fed,F-MADRL,deterministic,087825044c19fdd2d33a34ed29fa7e927a19b832acaea425ee010c23e4c8d1a9
2,18,17,164.25,26.26,4.67,9.83,4.92,-0.29883310198783875,0.5767920613288879,99.3657870369151,26.016496254969002,99.3657870369151,-0.02105263157894797,0.1,0.1,2.605494688106723,36.58076028277057,-36.58076028277057,1004.436723584016,1090.2561177506923,359.5888735796347,-203.70884993752978,0.0,0.0,36.58076028277057,359.5888735796347,0.0,165.75,24.27,14.18,0.1,16.42,0.0,0.0,0.0,inferred_20260921_seed2,2,11ed1195aabfcd298bcaf379e7f064ad8010cd8ca67a057b647baa8bf9ef6e77,1500,pre_fed,F-MADRL,deterministic,087825044c19fdd2d33a34ed29fa7e927a19b832acaea425ee010c23e4c8d1a9
3,18,17,185.6,26.26,4.67,9.83,4.92,0.4234459400177002,0.86316978931427,139.98294744085769,34.89436131611631,139.98294744085769,-0.02105263157894797,0.1,0.1,3.417837896185574,18.125943086906858,-18.125943086906858,1107.4555675865672,1127.9733287202216,178.1780205442944,-124.88868717106826,0.0,0.0,18.125943086906858,178.1780205442944,0.0,187.07,24.27,14.18,0.1,16.42,0.0,0.0,0.0,inferred_20260921_seed2,2,11ed1195aabfcd298bcaf379e7f064ad8010cd8ca67a057b647baa8bf9ef6e77,1500,pre_fed,F-MADRL,deterministic,087825044c19fdd2d33a34ed29fa7e927a19b832acaea425ee010c23e4c8d1a9
1,19,18,539.8,26.77,0.18,8.63,4.32,3.8254387378692627,0.6147345304489136,199.90491990360982,27.372563399920036,199.90491990360982,-0.02105263157894797,0.1,0.1,4.5366773454406175,317.5028100734097,-317.5028100734097,1530.1481555621642,1052.5389067811634,2740.049250933526,-1284.6759041669532,0.0,0.0,317.5028100734097,2740.049250933526,0.0,413.8,26.26,4.67,0.1,9.83,0.0,0.0,0.0,inferred_20260921_seed2,2,11ed1195aabfcd298bcaf379e7f064ad8010cd8ca67a057b647baa8bf9ef6e77,1500,pre_fed,F-MADRL,deterministic,087825044c19fdd2d33a34ed29fa7e927a19b832acaea425ee010c23e4c8d1a9
2,19,18,162.5,26.77,0.18,8.63,4.32,-0.31684714555740356,0.5106291770935059,97.06853550578225,23.521763912239564,97.06853550578225,-0.02105263157894797,0.1,0.1,2.4799496574840663,40.98246678328077,-40.98246678328077,987.9587661206467,1090.2561177506923,353.67868833971306,-200.7197074302977,0.0,0.0,40.98246678328077,353.67868833971306,0.0,164.25,26.26,4.67,0.1,9.83,0.0,0.0,0.0,inferred_20260921_seed2,2,11ed1195aabfcd298bcaf379e7f064ad8010cd8ca67a057b647baa8bf9ef6e77,1500,pre_fed,F-MADRL,deterministic,087825044c19fdd2d33a34ed29fa7e927a19b832acaea425ee010c23e4c8d1a9
3,19,18,183.4,26.77,0.18,8.63,4.32,0.3673010468482971,0.771912157535553,135.16287136142654,32.401998054371504,135.16287136142654,-0.02105263157894797,0.1,0.1,3.2418363745969523,24.550017644749346,-24.550017644749346,1066.8517996592109,1127.9733287202216,211.86665227418686,-139.23649609097274,0.0,0.0,24.550017644749346,211.86665227418686,0.0,185.6,26.26,4.67,0.1,9.83,0.0,0.0,0.0,inferred_20260921_seed2,2,11ed1195aabfcd298bcaf379e7f064ad8010cd8ca67a057b647baa8bf9ef6e77,1500,pre_fed,F-MADRL,deterministic,087825044c19fdd2d33a34ed29fa7e927a19b832acaea425ee010c23e4c8d1a9
1,20,19,557.2,26.22,0.0,8.87,4.44,3.883284330368042,0.6222020983695984,199.9153029806808,27.63296979574677,199.9153029806808,-0.02105263157894797,0.1,0.1,4.522285006982037,335.60803465788024,-335.60803465788024,1530.2411728129389,1052.5389067811634,2976.8432674153973,-1391.2350719288108,0.0,0.0,335.60803465788024,2976.8432674153973,0.0,539.8,26.77,0.18,0.1,8.63,0.0,0.0,0.0,inferred_20260921_seed2,2,11ed1195aabfcd298bcaf379e7f064ad8010cd8ca67a057b647baa8bf9ef6e77,1500,pre_fed,F-MADRL,deterministic,087825044c19fdd2d33a34ed29fa7e927a19b832acaea425ee010c23e4c8d1a9
2,20,19,165.75,26.22,0.0,8.87,4.44,-0.32561370730400085,0.49522367119789124,95.95963876203727,22.917627179284842,95.95963876203727,-0.02105263157894797,0.1,0.1,2.4431717226091663,46.03458559215085,-46.03458559215085,980.0334654305609,1090.2561177506923,408.326774202378,-225.15284005469513,0.0,0.0,46.03458559215085,408.326774202378,0.0,162.5,26.77,0.18,0.1,8.63,0.0,0.0,0.0,inferred_20260921_seed2,2,11ed1195aabfcd298bcaf379e7f064ad8010cd8ca67a057b647baa8bf9ef6e77,1500,pre_fed,F-MADRL,deterministic,087825044c19fdd2d33a34ed29fa7e927a19b832acaea425ee010c23e4c8d1a9
3,20,19,187.07,26.22,0.0,8.87,4.44,0.34818124771118164,0.7475650310516357,133.47615955451445,31.684701860965596,133.47615955451445,-0.02105263157894797,0.1,0.1,3.19350213845871,30.588395215523207,-30.588395215523207,1052.74739612124,1127.9733287202216,271.3190655616908,-165.70799399959012,0.0,0.0,30.588395215523207,271.3190655616908,0.0,183.4,26.77,0.18,0.1,8.63,0.0,0.0,0.0,inferred_20260921_seed2,2,11ed1195aabfcd298bcaf379e7f064ad8010cd8ca67a057b647baa8bf9ef6e77,1500,pre_fed,F-MADRL,deterministic,087825044c19fdd2d33a34ed29fa7e927a19b832acaea425ee010c23e4c8d1a9
1,21,20,557.1,32.84,0.0,8.35,4.18,3.895155668258667,0.6239974498748779,199.9172894080579,27.69525757437581,199.9172894080579,-0.02105263157894797,0.1,0.1,4.654724735529579,329.0184879590506,-329.0184879590506,1530.2589685086393,1052.5389067811634,2747.3043744580727,-1287.9429260119289,0.0,0.0,329.0184879590506,2747.3043744580727,0.0,557.2,26.22,0.0,0.1,8.87,0.0,0.0,0.0,inferred_20260921_seed2,2,11ed1195aabfcd298bcaf379e7f064ad8010cd8ca67a057b647baa8bf9ef6e77,1500,pre_fed,F-MADRL,deterministic,087825044c19fdd2d33a34ed29fa7e927a19b832acaea425ee010c23e4c8d1a9
2,21,20,169.0,32.84,0.0,8.35,4.18,-0.32258111238479614,0.4975523352622986,96.34255274002156,23.00950104627191,96.34255274002156,-0.02105263157894797,0.1,0.1,2.583230002168852,42.42172989372625,-42.42172989372625,982.7680443236476,1090.2561177506923,354.22144461261416,-200.8601333171632,0.0,0.0,42.42172989372625,354.22144461261416,0.0,165.75,26.22,0.0,0.1,8.87,0.0,0.0,0.0,inferred_20260921_seed2,2,11ed1195aabfcd298bcaf379e7f064ad8010cd8ca67a057b647baa8bf9ef6e77,1500,pre_fed,F-MADRL,deterministic,087825044c19fdd2d33a34ed29fa7e927a19b832acaea425ee010c23e4c8d1a9
3,21,20,190.73,32.84,0.0,8.35,4.18,0.3546602129936218,0.7517910599708557,134.05019628182959,31.810812902515405,134.05019628182959,-0.02105263157894797,0.1,0.1,3.3373828730050126,27.19823922275438,-27.19823922275438,1057.5414640678018,1127.9733287202216,227.10529750999908,-145.90767973526005,0.0,0.0,27.19823922275438,227.10529750999908,0.0,187.07,26.22,0.0,0.1,8.87,0.0,0.0,0.0,inferred_20260921_seed2,2,11ed1195aabfcd298bcaf379e7f064ad8010cd8ca67a057b647baa8bf9ef6e77,1500,pre_fed,F-MADRL,deterministic,087825044c19fdd2d33a34ed29fa7e927a19b832acaea425ee010c23e4c8d1a9
1,22,21,535.0,36.02,0.0,16.44,8.22,3.905242443084717,0.6259676814079285,199.91894058695817,27.76347019372199,199.91894058695817,-0.02105263157894797,0.1,0.1,4.718357759107585,303.80046980372833,-303.80046980372833,1530.2737608812354,1052.5389067811634,4994.479723573294,-2299.17212896123,0.0,0.0,303.80046980372833,4994.479723573294,0.0,557.1,32.84,0.0,0.1,8.35,0.0,0.0,0.0,inferred_20260921_seed2,2,11ed1195aabfcd298bcaf379e7f064ad8010cd8ca67a057b647baa8bf9ef6e77,1500,pre_fed,F-MADRL,deterministic,087825044c19fdd2d33a34ed29fa7e927a19b832acaea425ee010c23e4c8d1a9
2,22,21,161.2,36.02,0.0,16.44,8.22,-0.35277682542800903,0.5079154968261719,92.56297796118335,23.415973245976282,92.56297796118335,-0.02105263157894797,0.1,0.1,2.571238506592088,35.20931317698766,-35.20931317698766,955.8737919762445,1090.2561177506923,578.8411086296773,-301.4010970778935,0.0,0.0,35.20931317698766,578.8411086296773,0.0,169.0,32.84,0.0,0.1,8.35,0.0,0.0,0.0,inferred_20260921_seed2,2,11ed1195aabfcd298bcaf379e7f064ad8010cd8ca67a057b647baa8bf9ef6e77,1500,pre_fed,F-MADRL,deterministic,087825044c19fdd2d33a34ed29fa7e927a19b832acaea425ee010c23e4c8d1a9
3,22,21,181.93,36.02,0.0,16.44,8.22,0.3370029330253601,0.7611393332481384,132.4799116989804,32.08737807670508,132.4799116989804,-0.02105263157894797,0.1,0.1,3.369577181348029,16.820718113946583,-16.820718113946583,1044.4420935068877,1127.9733287202216,276.53260579328185,-167.887981051519,0.0,0.0,16.820718113946583,276.53260579328185,0.0,190.73,32.84,0.0,0.1,8.35,0.0,0.0,0.0,inferred_20260921_seed2,2,11ed1195aabfcd298bcaf379e7f064ad8010cd8ca67a057b647baa8bf9ef6e77,1500,pre_fed,F-MADRL,deterministic,087825044c19fdd2d33a34ed29fa7e927a19b832acaea425ee010c23e4c8d1a9
1,23,22,437.8,37.23,0.0,16.19,8.1,3.988391160964966,0.6417410969734192,199.93135508623408,28.304193985453274,199.93135508623408,-0.02105263157894797,0.1,0.1,4.742806049093103,205.402503594438,-205.402503594438,1530.384979740863,1052.5389067811634,3325.4665331939514,-1548.1184176677189,7.330380540238593,0.0,198.0721230541994,3266.1637546234215,0.0,535.0,36.02,0.0,0.1,16.44,0.0,0.0,0.0,inferred_20260921_seed2,2,11ed1195aabfcd298bcaf379e7f064ad8010cd8ca67a057b647baa8bf9ef6e77,1500,pre_fed,F-MADRL,deterministic,087825044c19fdd2d33a34ed29fa7e927a19b832acaea425ee010c23e4c8d1a9
2,23,22,148.0,37.23,0.0,16.19,8.1,-0.37635987997055054,0.5907833576202393,89.66411097612769,26.52293863915556,89.66411097612769,-0.02105263157894797,0.1,0.1,2.5374611668909743,23.664402822342254,-23.664402822342254,935.3935116026643,1090.2561177506923,383.12668169372114,-212.91999934924166,0.0,0.0,23.664402822342254,383.12668169372114,0.0,161.2,36.02,0.0,0.1,16.44,0.0,0.0,0.0,inferred_20260921_seed2,2,11ed1195aabfcd298bcaf379e7f064ad8010cd8ca67a057b647baa8bf9ef6e77,1500,pre_fed,F-MADRL,deterministic,087825044c19fdd2d33a34ed29fa7e927a19b832acaea425ee010c23e4c8d1a9
3,23,22,161.39,37.23,0.0,16.19,8.1,0.3649276793003082,0.8640809655189514,134.9547062440673,34.9177160059374,134.9547062440673,-0.02105263157894797,0.1,0.1,3.4432730722497666,-7.330380540238593,7.330380540238593,1065.1081842835447,1127.9733287202216,118.67886094646283,-97.2671176859836,0.0,7.330380540238593,0.0,-59.376082375932604,0.0,181.93,36.02,0.0,0.1,16.44,7.330380540238593,0.0,0.0,inferred_20260921_seed2,2,11ed1195aabfcd298bcaf379e7f064ad8010cd8ca67a057b647baa8bf9ef6e77,1500,pre_fed,F-MADRL,deterministic,087825044c19fdd2d33a34ed29fa7e927a19b832acaea425ee010c23e4c8d1a9
1,24,23,447.3,44.12,0.0,8.87,4.44,3.9448468685150146,0.6356169581413269,199.92511119642563,28.095390085888887,199.92511119642563,-0.02105263157894797,0.1,0.1,4.880481171296934,208.15642260645026,-208.15642260645026,1530.32904174747,1052.5389067811634,1846.3474685192136,-882.5137198042188,48.79593943714562,0.0,159.36048316930464,1630.1814568126586,0.0,437.8,37.23,0.0,0.1,16.19,0.0,0.0,0.0,inferred_20260921_seed2,2,11ed1195aabfcd298bcaf379e7f064ad8010cd8ca67a057b647baa8bf9ef6e77,1500,pre_fed,F-MADRL,deterministic,087825044c19fdd2d33a34ed29fa7e927a19b832acaea425ee010c23e4c8d1a9
2,24,23,119.6,44.12,0.0,8.87,4.44,-0.38559338450431824,0.5869909524917603,88.54228326331774,26.386400944547233,88.54228326331774,-0.02105263157894797,0.1,0.1,2.6528246126347756,-10.388406019103996,10.388406019103996,927.5021619693049,1090.2561177506923,92.14516138945244,-81.82048821965354,0.0,10.388406019103996,0.0,-46.124522724821745,0.0,148.0,37.23,0.0,0.1,16.19,10.388406019103996,0.0,0.0,inferred_20260921_seed2,2,11ed1195aabfcd298bcaf379e7f064ad8010cd8ca67a057b647baa8bf9ef6e77,1500,pre_fed,F-MADRL,deterministic,087825044c19fdd2d33a34ed29fa7e927a19b832acaea425ee010c23e4c8d1a9
3,24,23,134.98,44.12,0.0,8.87,4.44,0.3408892750740051,0.852613627910614,132.8271071397847,34.62162121327509,132.8271071397847,-0.02105263157894797,0.1,0.1,3.5385210901641146,-38.40753341804162,38.40753341804162,1047.3343761978253,1127.9733287202216,340.6748214180292,-196.80982373647407,0.0,38.40753341804162,0.0,-170.52944837610482,0.0,161.39,37.23,0.0,0.1,16.19,38.40753341804162,0.0,0.0,inferred_20260921_seed2,2,11ed1195aabfcd298bcaf379e7f064ad8010cd8ca67a057b647baa8bf9ef6e77,1500,pre_fed,F-MADRL,deterministic,087825044c19fdd2d33a34ed29fa7e927a19b832acaea425ee010c23e4c8d1a9
1,1,0,457.7,51.48,0.0,8.65,4.33,5.019927978515625,-1.3789023160934448,199.99127516930432,-44.03526157541234,199.99127516930432,-42.21052631578948,0.5,0.9,4.185214977070297,252.62446612355546,-252.62446612355546,1530.9218261335602,224.10347285318556,2185.201631968755,-1018.4412403656747,75.4876268336665,0.0,177.13683928988894,1859.0950840473151,-2.842170943040401e-14,447.3,44.12,0.0,0.5,8.87,0.0,0.0,0.0,inferred_20260921_seed2,2,11ed1195aabfcd298bcaf379e7f064ad8010cd8ca67a057b647baa8bf9ef6e77,1500,pre_fed,PPO-MADRL,deterministic,f55feed415c2b8cc50bb8ce081e599b8843a20763d3a5b1052d493081ff8593f
2,1,0,110.5,51.48,0.0,8.65,4.33,-1.0110206604003906,1.558532476425171,32.73426208349231,45.75911949709168,32.73426208349231,37.905,0.5,0.09999999999999992,2.442385241669846,-9.176876841822477,9.176876841822477,559.0742511817821,876.5690861075,79.37998468176443,-64.43385985257963,0.0,9.176876841822477,0.0,-39.73587672509132,0.0,119.6,44.12,0.0,0.5,8.87,9.176876841822477,0.0,0.0,inferred_20260921_seed2,2,11ed1195aabfcd298bcaf379e7f064ad8010cd8ca67a057b647baa8bf9ef6e77,1500,pre_fed,PPO-MADRL,deterministic,f55feed415c2b8cc50bb8ce081e599b8843a20763d3a5b1052d493081ff8593f
3,1,0,124.71,51.48,0.0,8.65,4.33,0.05539792776107788,1.0651350021362305,105.53413264473879,39.38106380143751,105.53413264473879,37.905,0.5,0.09999999999999992,3.898382652894776,-66.31074999184402,66.31074999184402,826.9591156201668,906.6071251325,573.5879874294508,-292.7859191583062,0.0,66.31074999184402,0.0,-287.1255474646846,0.0,134.98,44.12,0.0,0.5,8.87,66.31074999184402,0.0,0.0,inferred_20260921_seed2,2,11ed1195aabfcd298bcaf379e7f064ad8010cd8ca67a057b647baa8bf9ef6e77,1500,pre_fed,PPO-MADRL,deterministic,f55feed415c2b8cc50bb8ce081e599b8843a20763d3a5b1052d493081ff8593f
1,2,1,336.5,38.37,0.0,8.11,4.06,5.1160454750061035,-1.4037202596664429,199.99280097428328,-44.307657392491954,199.99280097428328,-0.18947368421052882,0.9,0.9,4.763466545801456,103.0901392557287,-103.0901392557287,1530.9354971493685,111.40639664265923,836.0610293639597,-409.07430108962245,29.128408775015643,0.0,73.96173048071306,718.0909738251464,0.0,457.7,51.48,0.0,0.9,8.65,0.0,0.0,0.0,inferred_20260921_seed2,2,11ed1195aabfcd298bcaf379e7f064ad8010cd8ca67a057b647baa8bf9ef6e77,1500,pre_fed,PPO-MADRL,deterministic,f55feed415c2b8cc50bb8ce081e599b8843a20763d3a5b1052d493081ff8593f
2,2,1,109.85,38.37,0.0,8.11,4.06,-0.5647043585777283,1.0800282955169678,68.3956662384195,39.66047949107388,68.3956662384195,-0.021052631578956735,0.09999999999999992,0.1,2.134892272136811,5.240278665296259,-5.240278665296259,789.039934651722,1090.2561177506927,42.498659975552656,-56.710318037046996,0.0,0.0,5.240278665296259,42.498659975552656,0.0,110.5,51.48,0.0,0.09999999999999992,8.65,0.0,0.0,0.0,inferred_20260921_seed2,2,11ed1195aabfcd298bcaf379e7f064ad8010cd8ca67a057b647baa8bf9ef6e77,1500,pre_fed,PPO-MADRL,deterministic,f55feed415c2b8cc50bb8ce081e599b8843a20763d3a5b1052d493081ff8593f
3,2,1,123.98,38.37,0.0,8.11,4.06,0.1807853728532791,1.0964033603668213,117.88412281016633,39.960168968245505,117.88412281016633,-0.021052631578956735,0.09999999999999992,0.1,3.1246614035717477,-29.128408775015643,29.128408775015643,924.9250844289289,1127.9733287202218,236.23139516537685,-147.3620960874026,0.0,29.128408775015643,0.0,-118.2613396265635,0.0,124.71,51.48,0.0,0.09999999999999992,8.65,29.128408775015643,0.0,0.0,inferred_20260921_seed2,2,11ed1195aabfcd298bcaf379e7f064ad8010cd8ca67a057b647baa8bf9ef6e77,1500,pre_fed,PPO-MADRL,deterministic,f55feed415c2b8cc50bb8ce081e599b8843a20763d3a5b1052d493081ff8593f
1,3,2,274.9,43.56,0.0,8.25,4.13,5.043314456939697,-1.3821173906326294,199.99167384221064,-44.071226049028375,199.99167384221064,-0.18947368421052882,0.9,0.9,4.867244003160002,36.40504384515987,-36.40504384515987,1530.9253981877391,111.40639664265923,300.3416117225689,-168.000361171764,36.40504384515987,0.0,0.0,150.35283108051024,0.0,336.5,38.37,0.0,0.9,8.11,0.0,0.0,0.0,inferred_20260921_seed2,2,11ed1195aabfcd298bcaf379e7f064ad8010cd8ca67a057b647baa8bf9ef6e77,1500,pre_fed,PPO-MADRL,deterministic,f55feed415c2b8cc50bb8ce081e599b8843a20763d3a5b1052d493081ff8593f
2,3,2,112.45,43.56,0.0,8.25,4.13,-0.4615088403224945,0.9608597755432129,79.61615767933564,37.233006328433206,79.61615767933564,-0.02105263157894797,0.1,0.1,2.4631021009551337,-8.242002946801549,8.242002946801549,865.3941431021448,1090.2561177506923,67.99652431111278,-69.7114411570575,0.0,8.242002946801549,0.0,-34.039472170290395,0.0,109.85,38.37,0.0,0.1,8.11,8.242002946801549,0.0,0.0,inferred_20260921_seed2,2,11ed1195aabfcd298bcaf379e7f064ad8010cd8ca67a057b647baa8bf9ef6e77,1500,pre_fed,PPO-MADRL,deterministic,f55feed415c2b8cc50bb8ce081e599b8843a20763d3a5b1052d493081ff8593f
3,3,2,126.91,43.56,0.0,8.25,4.13,0.2028205245733261,1.0799833536148071,120.00844502124303,39.65964619682681,120.00844502124303,-0.02105263157894797,0.1,0.1,3.270947847793282,-33.366444541870806,33.366444541870806,942.0683208993808,1127.9733287202216,275.27316747043415,-165.27375835408742,0.0,28.163040898358318,-5.2034036435124875,-116.31335891021985,0.0,123.98,38.37,0.0,0.1,8.11,28.163040898358318,0.0,0.0,inferred_20260921_seed2,2,11ed1195aabfcd298bcaf379e7f064ad8010cd8ca67a057b647baa8bf9ef6e77,1500,pre_fed,PPO-MADRL,deterministic,f55feed415c2b8cc50bb8ce081e599b8843a20763d3a5b1052d493081ff8593f
1,4,3,272.6,40.75,0.0,8.1,4.05,5.030371189117432,-1.3794094324111938,199.9914555021977,-44.04094782295882,199.9914555021977,-0.18947368421052882,0.9,0.9,4.811039636359744,36.85905781837258,-36.85905781837258,1530.9234418910596,111.40639664265923,298.55836832881783,-167.1978625186424,35.29647656322446,0.0,1.5625812551481175,155.6076382477588,0.0,274.9,43.56,0.0,0.9,8.25,0.0,0.0,0.0,inferred_20260921_seed2,2,11ed1195aabfcd298bcaf379e7f064ad8010cd8ca67a057b647baa8bf9ef6e77,1500,pre_fed,PPO-MADRL,deterministic,f55feed415c2b8cc50bb8ce081e599b8843a20763d3a5b1052d493081ff8593f
2,4,3,110.5,40.75,0.0,8.1,4.05,-0.5008925795555115,1.007395625114441,75.20536312573049,38.23413382259459,75.20536312573049,-0.02105263157894797,0.1,0.1,2.3186862098830305,-3.115624284268506,3.115624284268506,835.1508970399838,1090.2561177506923,25.236556702574898,-49.86459081197222,0.0,3.115624284268506,0.0,-12.618278351287449,0.0,112.45,43.56,0.0,0.1,8.25,3.115624284268506,0.0,0.0,inferred_20260921_seed2,2,11ed1195aabfcd298bcaf379e7f064ad8010cd8ca67a057b647baa8bf9ef6e77,1500,pre_fed,PPO-MADRL,deterministic,f55feed415c2b8cc50bb8ce081e599b8843a20763d3a5b1052d493081ff8593f
3,4,3,124.71,40.75,0.0,8.1,4.05,0.196113720536232,1.0893725156784058,119.36375903867686,39.83245035772537,119.36375903867686,-0.02105263157894797,0.1,0.1,3.201854128141958,-32.18085227895595,32.18085227895595,936.856656247224,1127.9733287202216,260.6649034595432,-158.59580625614336,0.0,32.18085227895595,0.0,-130.3324517297716,0.0,126.91,43.56,0.0,0.1,8.25,32.18085227895595,0.0,0.0,inferred_20260921_seed2,2,11ed1195aabfcd298bcaf379e7f064ad8010cd8ca67a057b647baa8bf9ef6e77,1500,pre_fed,PPO-MADRL,deterministic,f55feed415c2b8cc50bb8ce081e599b8843a20763d3a5b1052d493081ff8593f
1,5,4,245.3,27.74,0.0,8.14,4.07,5.0200090408325195,-1.3761134147644043,199.99127658363793,-44.00389896650269,199.99127658363793,-0.18947368421052882,0.9,0.9,4.5508360579885485,22.309033158561164,-22.309033158561164,1530.9218388057895,111.40639664265923,181.59552991068787,-114.56455316877853,15.993573358398578,0.0,6.315459800162586,116.50168634200567,0.0,272.6,40.75,0.0,0.9,8.1,0.0,0.0,0.0,inferred_20260921_seed2,2,11ed1195aabfcd298bcaf379e7f064ad8010cd8ca67a057b647baa8bf9ef6e77,1500,pre_fed,PPO-MADRL,deterministic,f55feed415c2b8cc50bb8ce081e599b8843a20763d3a5b1052d493081ff8593f
2,5,4,113.75,27.74,0.0,8.14,4.07,-0.48009592294692993,0.981041669845581,77.51514001719916,37.67582407642539,77.51514001719916,-0.02105263157894797,0.1,0.1,2.1046817477124042,10.620594362092206,-10.620594362092206,850.9513319800247,1090.2561177506923,86.45163810743055,-77.7273861429581,0.0,0.0,10.620594362092206,86.45163810743055,0.0,110.5,40.75,0.0,0.1,8.1,0.0,0.0,0.0,inferred_20260921_seed2,2,11ed1195aabfcd298bcaf379e7f064ad8010cd8ca67a057b647baa8bf9ef6e77,1500,pre_fed,PPO-MADRL,deterministic,f55feed415c2b8cc50bb8ce081e599b8843a20763d3a5b1052d493081ff8593f
3,5,4,128.38,27.74,0.0,8.14,4.07,0.19857999682426453,1.0804389715194702,119.60102544627138,39.668091324993625,119.60102544627138,-0.02105263157894797,0.1,0.1,2.9463994562938485,-15.993573358398578,15.993573358398578,938.7738080769334,1127.9733287202216,130.18768713736443,-99.9194019477571,0.0,15.993573358398578,0.0,-65.09384356868222,0.0,124.71,40.75,0.0,0.1,8.1,15.993573358398578,0.0,0.0,inferred_20260921_seed2,2,11ed1195aabfcd298bcaf379e7f064ad8010cd8ca67a057b647baa8bf9ef6e77,1500,pre_fed,PPO-MADRL,deterministic,f55feed415c2b8cc50bb8ce081e599b8843a20763d3a5b1052d493081ff8593f
1,6,5,233.7,30.15,0.0,8.13,4.07,4.9625630378723145,-1.3575221300125122,199.99021453969848,-43.79085563327283,199.99021453969848,-0.18947368421052882,0.9,0.9,4.59901481710976,8.348273961621771,-8.348273961621771,1530.9123230513158,111.40639664265923,67.87146730798501,-63.38853468247276,8.348273961621771,0.0,0.0,33.977475023800615,0.0,245.3,27.74,0.0,0.9,8.14,0.0,0.0,0.0,inferred_20260921_seed2,2,11ed1195aabfcd298bcaf379e7f064ad8010cd8ca67a057b647baa8bf9ef6e77,1500,pre_fed,PPO-MADRL,deterministic,f55feed415c2b8cc50bb8ce081e599b8843a20763d3a5b1052d493081ff8593f
2,6,5,120.25,30.15,0.0,8.13,4.07,-0.3702338933944702,0.8666694760322571,90.41252083946348,34.98390107328308,90.41252083946348,-0.02105263157894797,0.1,0.1,2.4108293641576903,2.119361156273172,-2.119361156273172,940.6687401947054,1090.2561177506923,17.230406200500887,-48.372179949133354,2.119361156273172,0.0,0.0,8.62579990603181,0.0,113.75,27.74,0.0,0.1,8.14,0.0,0.0,0.0,inferred_20260921_seed2,2,11ed1195aabfcd298bcaf379e7f064ad8010cd8ca67a057b647baa8bf9ef6e77,1500,pre_fed,PPO-MADRL,deterministic,f55feed415c2b8cc50bb8ce081e599b8843a20763d3a5b1052d493081ff8593f
3,6,5,135.43,30.15,0.0,8.13,4.07,0.22902263700962067,1.0912498235702515,122.51007169761417,39.866692861584205,122.51007169761417,-0.02105263157894797,0.1,0.1,3.0527803813207046,-14.15623868471451,14.15623868471451,962.3663344030066,1127.9733287202216,115.09022050672897,-93.5973924904926,0.0,10.467635117894943,-3.688603566819566,-42.60327492983242,0.0,128.38,27.74,0.0,0.1,8.14,8.348273961621771,2.119361156273172,0.0,inferred_20260921_seed2,2,11ed1195aabfcd298bcaf379e7f064ad8010cd8ca67a057b647baa8bf9ef6e77,1500,pre_fed,PPO-MADRL,deterministic,f55feed415c2b8cc50bb8ce081e599b8843a20763d3a5b1052d493081ff8593f
1,7,6,274.6,28.65,0.16,8.34,4.17,4.9640021324157715,-1.3584060668945312,199.99024266223907,-43.8011430730718,199.99024266223907,-0.18947368421052882,0.9,0.9,4.572215379560571,50.56144640153204,-50.56144640153204,1530.9125750248277,111.40639664265923,421.6824629887772,-222.6034877782995,1.7256268985726706,0.0,48.83581950295937,414.48659882172916,0.0,233.7,30.15,0.0,0.9,8.13,0.0,0.0,0.0,inferred_20260921_seed2,2,11ed1195aabfcd298bcaf379e7f064ad8010cd8ca67a057b647baa8bf9ef6e77,1500,pre_fed,PPO-MADRL,deterministic,f55feed415c2b8cc50bb8ce081e599b8843a20763d3a5b1052d493081ff8593f
2,7,6,130.0,28.65,0.16,8.34,4.17,-0.38436776399612427,0.8873271346092224,88.69075611326699,35.50355205180279,88.69075611326699,-0.02105263157894797,0.1,0.1,2.3495940696337607,14.869890587945733,-14.869890587945733,928.5454763949233,1090.2561177506923,124.0148875034674,-96.18273125947265,0.0,0.0,14.869890587945733,124.0148875034674,0.0,120.25,30.15,0.0,0.1,8.13,0.0,0.0,0.0,inferred_20260921_seed2,2,11ed1195aabfcd298bcaf379e7f064ad8010cd8ca67a057b647baa8bf9ef6e77,1500,pre_fed,PPO-MADRL,deterministic,f55feed415c2b8cc50bb8ce081e599b8843a20763d3a5b1052d493081ff8593f
3,7,6,146.72,28.65,0.16,8.34,4.17,0.23087851703166962,1.1044377088546753,122.68618211991841,40.10436998353711,122.68618211991841,-0.02105263157894797,0.1,0.1,3.029502589766789,-1.7256268985726706,1.7256268985726706,963.799761306763,1127.9733287202216,14.391728334096072,-48.31173955088292,0.0,1.7256268985726706,0.0,-7.195864167048036,0.0,135.43,30.15,0.0,0.1,8.13,1.7256268985726706,0.0,0.0,inferred_20260921_seed2,2,11ed1195aabfcd298bcaf379e7f064ad8010cd8ca67a057b647baa8bf9ef6e77,1500,pre_fed,PPO-MADRL,deterministic,f55feed415c2b8cc50bb8ce081e599b8843a20763d3a5b1052d493081ff8593f
1,8,7,291.0,23.38,1.77,9.35,4.68,4.985623836517334,-1.3640726804733276,199.9906555905064,-43.866715033951046,199.9906555905064,-0.18947368421052882,0.9,0.9,4.499023638125918,70.54784173183003,-70.54784173183003,1530.9162747982132,111.40639664265923,659.6223201926108,-329.6764975154923,0.0,0.0,70.54784173183003,659.6223201926108,0.0,274.6,28.65,0.16,0.9,8.34,0.0,0.0,0.0,inferred_20260921_seed2,2,11ed1195aabfcd298bcaf379e7f064ad8010cd8ca67a057b647baa8bf9ef6e77,1500,pre_fed,PPO-MADRL,deterministic,f55feed415c2b8cc50bb8ce081e599b8843a20763d3a5b1052d493081ff8593f
2,8,7,157.95,23.38,1.77,9.35,4.68,-0.36231544613838196,0.8757374882698059,91.38473264589656,35.213874305657676,91.38473264589656,-0.02105263157894797,0.1,0.1,2.330273600286352,43.766593585968735,-43.766593585968735,947.5341685704835,1090.2561177506923,409.21765002880767,-224.90374823938697,0.0,0.0,43.766593585968735,409.21765002880767,0.0,130.0,28.65,0.16,0.1,8.34,0.0,0.0,0.0,inferred_20260921_seed2,2,11ed1195aabfcd298bcaf379e7f064ad8010cd8ca67a057b647baa8bf9ef6e77,1500,pre_fed,PPO-MADRL,deterministic,f55feed415c2b8cc50bb8ce081e599b8843a20763d3a5b1052d493081ff8593f
3,8,7,178.26,23.38,1.77,9.35,4.68,0.24647746980190277,1.1347618103027344,124.16045862552467,40.63213495692718,124.16045862552467,-0.02105263157894797,0.1,0.1,2.9857881198789147,31.956382125933175,-31.956382125933175,975.8225497322542,1127.9733287202216,298.7921728774752,-176.53239536391337,0.0,0.0,31.956382125933175,298.7921728774752,0.0,146.72,28.65,0.16,0.1,8.34,0.0,0.0,0.0,inferred_20260921_seed2,2,11ed1195aabfcd298bcaf379e7f064ad8010cd8ca67a057b647baa8bf9ef6e77,1500,pre_fed,PPO-MADRL,deterministic,f55feed415c2b8cc50bb8ce081e599b8843a20763d3a5b1052d493081ff8593f
1,9,8,315.7,21.75,5.3,12.0,6.0,4.988231182098389,-1.362930417060852,199.9907041896263,-43.85354956658516,199.9907041896263,-0.18947368421052882,0.9,0.9,4.5370246101083165,93.38579410469251,-93.38579410469251,1530.9167102389895,111.40639664265923,1120.62952925631,-537.1297503029725,0.0,0.0,93.38579410469251,1120.62952925631,0.0,291.0,23.38,1.77,0.9,9.35,0.0,0.0,0.0,inferred_20260921_seed2,2,11ed1195aabfcd298bcaf379e7f064ad8010cd8ca67a057b647baa8bf9ef6e77,1500,pre_fed,PPO-MADRL,deterministic,f55feed415c2b8cc50bb8ce081e599b8843a20763d3a5b1052d493081ff8593f
2,9,8,165.1,21.75,5.3,12.0,6.0,-0.285701185464859,0.8356332778930664,101.0557234647212,34.17446128730474,101.0557234647212,-0.02105263157894797,0.1,0.1,2.5616934166628447,39.5770225835206,-39.5770225835206,1016.6096795414508,1090.2561177506923,474.9242710022472,-255.85323789685413,0.0,0.0,39.5770225835206,474.9242710022472,0.0,157.95,23.38,1.77,0.1,9.35,0.0,0.0,0.0,inferred_20260921_seed2,2,11ed1195aabfcd298bcaf379e7f064ad8010cd8ca67a057b647baa8bf9ef6e77,1500,pre_fed,PPO-MADRL,deterministic,f55feed415c2b8cc50bb8ce081e599b8843a20763d3a5b1052d493081ff8593f
3,9,8,186.33,21.75,5.3,12.0,6.0,0.2952219247817993,1.2372936010360718,128.69339578257316,42.2340974666232,128.69339578257316,-0.02105263157894797,0.1,0.1,3.1144468630198845,33.72210371202567,-33.72210371202567,1013.0475356182253,1127.9733287202216,404.66524454430805,-224.91977733170756,0.0,0.0,33.72210371202567,404.66524454430805,0.0,178.26,23.38,1.77,0.1,9.35,0.0,0.0,0.0,inferred_20260921_seed2,2,11ed1195aabfcd298bcaf379e7f064ad8010cd8ca67a057b647baa8bf9ef6e77,1500,pre_fed,PPO-MADRL,deterministic,f55feed415c2b8cc50bb8ce081e599b8843a20763d3a5b1052d493081ff8593f
1,10,9,362.4,34.82,11.6,9.19,4.6,5.021986961364746,-1.3702114820480347,199.99131102242532,-43.93701905891487,199.99131102242532,-0.18947368421052882,0.9,0.9,4.924436746764296,121.10259940854948,-121.10259940854948,1530.9221473724674,111.40639664265923,1112.9328885645696,-533.6663707343589,0.0,0.0,121.10259940854948,1112.9328885645696,0.0,315.7,21.75,5.3,0.9,12.0,0.0,0.0,0.0,inferred_20260921_seed2,2,11ed1195aabfcd298bcaf379e7f064ad8010cd8ca67a057b647baa8bf9ef6e77,1500,pre_fed,PPO-MADRL,deterministic,f55feed415c2b8cc50bb8ce081e599b8843a20763d3a5b1052d493081ff8593f
2,10,9,169.0,34.82,11.6,9.19,4.6,-0.2529192268848419,0.8537764549255371,105.32748650610093,34.65186159465614,105.32748650610093,-0.02105263157894797,0.1,0.1,3.0345286774904396,20.30809480296847,-20.30809480296847,1047.5736068987192,1090.2561177506923,186.63139123928022,-126.74072055066434,0.0,0.0,20.30809480296847,186.63139123928022,0.0,165.1,21.75,5.3,0.1,12.0,0.0,0.0,0.0,inferred_20260921_seed2,2,11ed1195aabfcd298bcaf379e7f064ad8010cd8ca67a057b647baa8bf9ef6e77,1500,pre_fed,PPO-MADRL,deterministic,f55feed415c2b8cc50bb8ce081e599b8843a20763d3a5b1052d493081ff8593f
3,10,9,190.73,34.82,11.6,9.19,4.6,0.32601839303970337,1.3556694984436035,131.49386017361377,43.769242583302955,131.49386017361377,-0.02105263157894797,0.1,0.1,3.557856150840696,16.395048608805894,-16.395048608805894,1036.2403626105959,1127.9733287202216,150.67049671492614,-111.08599734833312,0.0,0.0,16.395048608805894,150.67049671492614,0.0,186.33,21.75,5.3,0.1,12.0,0.0,0.0,0.0,inferred_20260921_seed2,2,11ed1195aabfcd298bcaf379e7f064ad8010cd8ca67a057b647baa8bf9ef6e77,1500,pre_fed,PPO-MADRL,deterministic,f55feed415c2b8cc50bb8ce081e599b8843a20763d3a5b1052d493081ff8593f
1,11,10,320.0,27.17,36.64,12.3,6.15,5.057811737060547,-1.3830550909042358,199.99191177961703,-44.08167702394427,199.99191177961703,-0.18947368421052882,0.9,0.9,5.272248761908129,61.6598106665017,-61.6598106665017,1530.927530075265,111.40639664265923,758.4156711979709,-374.1337305734454,0.0,0.0,61.6598106665017,758.4156711979709,0.0,362.4,34.82,11.6,0.9,9.19,0.0,0.0,0.0,inferred_20260921_seed2,2,11ed1195aabfcd298bcaf379e7f064ad8010cd8ca67a057b647baa8bf9ef6e77,1500,pre_fed,PPO-MADRL,deterministic,f55feed415c2b8cc50bb8ce081e599b8843a20763d3a5b1052d493081ff8593f
2,11,10,173.55,27.17,36.64,12.3,6.15,-0.32224589586257935,0.8911672830581665,96.38492381259826,35.59848982133379,96.38492381259826,-0.02105263157894797,0.1,0.1,3.2034774236203862,16.579606242601102,-16.579606242601102,983.0707741470969,1090.2561177506923,203.92915678399356,-133.23465839075288,0.0,0.0,16.579606242601102,203.92915678399356,0.0,169.0,34.82,11.6,0.1,9.19,0.0,0.0,0.0,inferred_20260921_seed2,2,11ed1195aabfcd298bcaf379e7f064ad8010cd8ca67a057b647baa8bf9ef6e77,1500,pre_fed,PPO-MADRL,deterministic,f55feed415c2b8cc50bb8ce081e599b8843a20763d3a5b1052d493081ff8593f
3,11,10,195.87,27.17,36.64,12.3,6.15,0.29740679264068604,1.3049395084381104,128.89376837690807,43.149467646195,128.89376837690807,-0.02105263157894797,0.1,0.1,3.853654314906582,7.0409385695774915,-7.0409385695774915,1014.702027770636,1127.9733287202216,86.60354440580315,-81.82510211242857,0.0,0.0,7.0409385695774915,86.60354440580315,0.0,190.73,34.82,11.6,0.1,9.19,0.0,0.0,0.0,inferred_20260921_seed2,2,11ed1195aabfcd298bcaf379e7f064ad8010cd8ca67a057b647baa8bf9ef6e77,1500,pre_fed,PPO-MADRL,deterministic,f55feed415c2b8cc50bb8ce081e599b8843a20763d3a5b1052d493081ff8593f
1,12,11,350.0,30.2,42.68,20.7,10.35,5.048678398132324,-1.373595952987671,199.99176268318342,-43.975456317319306,199.99176268318342,-0.18947368421052882,0.9,0.9,5.453645779979458,82.7713567810066,-82.7713567810066,1530.9261941909358,111.40639664265923,1713.3670853668366,-803.8618402317484,35.407200817078206,0.0,47.3641559639284,1346.9025569100772,0.0,320.0,27.17,36.64,0.9,12.3,0.0,0.0,0.0,inferred_20260921_seed2,2,11ed1195aabfcd298bcaf379e7f064ad8010cd8ca67a057b647baa8bf9ef6e77,1500,pre_fed,PPO-MADRL,deterministic,f55feed415c2b8cc50bb8ce081e599b8843a20763d3a5b1052d493081ff8593f
2,12,11,168.35,30.2,42.68,20.7,10.35,-0.13500593602657318,0.7630866765975952,121.21317053023584,32.144574006260946,121.21317053023584,-0.02105263157894797,0.1,0.1,3.881442357973138,-21.840675540683776,21.840675540683776,1165.1548172076791,1090.2561177506923,452.10198369215414,-248.5541113606368,0.0,21.840675540683776,0.0,-226.05099184607707,0.0,173.55,27.17,36.64,0.1,12.3,21.840675540683776,0.0,0.0,inferred_20260921_seed2,2,11ed1195aabfcd298bcaf379e7f064ad8010cd8ca67a057b647baa8bf9ef6e77,1500,pre_fed,PPO-MADRL,deterministic,f55feed415c2b8cc50bb8ce081e599b8843a20763d3a5b1052d493081ff8593f
3,12,11,190.0,30.2,42.68,20.7,10.35,0.3638719320297241,1.5217328071594238,134.8619967911651,45.449957860405256,134.8619967911651,-0.02105263157894797,0.1,0.1,4.154418883191723,-13.56652527639443,13.56652527639443,1064.3319040524214,1127.9733287202216,280.8270732213647,-170.21828760506696,0.0,13.56652527639443,0.0,-140.41353661068234,0.0,195.87,27.17,36.64,0.1,12.3,13.56652527639443,0.0,0.0,inferred_20260921_seed2,2,11ed1195aabfcd298bcaf379e7f064ad8010cd8ca67a057b647baa8bf9ef6e77,1500,pre_fed,PPO-MADRL,deterministic,f55feed415c2b8cc50bb8ce081e599b8843a20763d3a5b1052d493081ff8593f
1,13,12,345.2,23.52,35.22,26.82,13.41,5.112262725830078,-1.3886847496032715,199.9927463055039,-44.144059270137376,199.9927463055039,-0.18947368421052882,0.9,0.9,5.170865452425868,91.82759283113245,-91.82759283113245,1530.9350073235053,111.40639664265923,2462.8160397309725,-1141.114045958261,7.535231553379219,0.0,84.29236127775323,2361.768584600157,0.0,350.0,30.2,42.68,0.9,20.7,0.0,0.0,0.0,inferred_20260921_seed2,2,11ed1195aabfcd298bcaf379e7f064ad8010cd8ca67a057b647baa8bf9ef6e77,1500,pre_fed,PPO-MADRL,deterministic,f55feed415c2b8cc50bb8ce081e599b8843a20763d3a5b1052d493081ff8593f
2,13,12,168.35,23.52,35.22,26.82,13.41,-0.15580923855304718,0.9064017534255981,118.36152613727143,35.970036218255615,118.36152613727143,-0.02105263157894797,0.1,0.1,3.54160947011385,-5.188864035578632,5.188864035578632,1143.765295068236,1090.2561177506923,139.16533343421892,-107.30482830177708,0.0,5.188864035578632,0.0,-69.58266671710946,0.0,168.35,30.2,42.68,0.1,20.7,5.188864035578632,0.0,0.0,inferred_20260921_seed2,2,11ed1195aabfcd298bcaf379e7f064ad8010cd8ca67a057b647baa8bf9ef6e77,1500,pre_fed,PPO-MADRL,deterministic,f55feed415c2b8cc50bb8ce081e599b8843a20763d3a5b1052d493081ff8593f
3,13,12,190.0,23.52,35.22,26.82,13.41,0.3948438763618469,1.7397396564483643,137.55285622117137,47.00982199765279,137.55285622117137,-0.02105263157894797,0.1,0.1,3.9254360717918484,-2.346367517800587,2.346367517800587,1086.9295830637268,1127.9733287202216,62.92957682741175,-72.61636780801425,0.0,2.346367517800587,0.0,-31.464788413705875,0.0,190.0,30.2,42.68,0.1,20.7,2.346367517800587,0.0,0.0,inferred_20260921_seed2,2,11ed1195aabfcd298bcaf379e7f064ad8010cd8ca67a057b647baa8bf9ef6e77,1500,pre_fed,PPO-MADRL,deterministic,f55feed415c2b8cc50bb8ce081e599b8843a20763d3a5b1052d493081ff8593f
1,14,13,320.6,39.48,35.46,27.35,13.68,5.122653007507324,-1.3896117210388184,199.99289548066724,-44.15427173397905,199.99289548066724,-0.18947368421052882,0.9,0.9,5.494868435929134,51.35144663947244,-51.35144663947244,1530.9363439156195,111.40639664265923,1404.4620655895715,-664.8547843264728,46.93356403519107,0.0,4.417882604281374,762.8802452285094,0.0,345.2,23.52,35.22,0.9,26.82,0.0,0.0,0.0,inferred_20260921_seed2,2,11ed1195aabfcd298bcaf379e7f064ad8010cd8ca67a057b647baa8bf9ef6e77,1500,pre_fed,PPO-MADRL,deterministic,f55feed415c2b8cc50bb8ce081e599b8843a20763d3a5b1052d493081ff8593f
2,14,13,165.75,39.48,35.46,27.35,13.68,-0.15341369807720184,0.9751277565956116,118.6890106557876,37.547450025209,118.6890106557876,-0.02105263157894797,0.1,0.1,3.872159160484173,-23.985798863724483,23.985798863724483,1146.215398028291,1090.2561177506923,656.0115989228647,-339.9346498308688,0.0,23.985798863724483,0.0,-328.1257284557509,0.0,168.35,23.52,35.22,0.1,26.82,23.985798863724483,0.0,0.0,inferred_20260921_seed2,2,11ed1195aabfcd298bcaf379e7f064ad8010cd8ca67a057b647baa8bf9ef6e77,1500,pre_fed,PPO-MADRL,deterministic,f55feed415c2b8cc50bb8ce081e599b8843a20763d3a5b1052d493081ff8593f
3,14,13,187.07,39.48,35.46,27.35,13.68,0.4163475036621094,1.8355035781860352,139.38489464327955,47.51808439010462,139.38489464327955,-0.02105263157894797,0.1,0.1,4.286076840234012,-22.947765171466585,22.947765171466585,1102.3936519972765,1127.9733287202216,627.6213774396111,-327.036959462175,0.0,22.947765171466585,0.0,-313.9254275456629,0.0,190.0,23.52,35.22,0.1,26.82,22.947765171466585,0.0,0.0,inferred_20260921_seed2,2,11ed1195aabfcd298bcaf379e7f064ad8010cd8ca67a057b647baa8bf9ef6e77,1500,pre_fed,PPO-MADRL,deterministic,f55feed415c2b8cc50bb8ce081e599b8843a20763d3a5b1052d493081ff8593f
1,15,14,333.2,35.74,34.83,13.81,6.91,5.143376350402832,-1.398005723953247,199.99318391088585,-44.2459909324819,199.99318391088585,-0.18947368421052882,0.9,0.9,5.407474204533506,68.23376397785819,-68.23376397785819,1530.9389282178556,111.40639664265923,942.3082805342216,-456.88563273761,11.67764858064126,0.0,56.55611539721693,861.7325053277968,0.0,320.6,39.48,35.46,0.9,27.35,0.0,0.0,0.0,inferred_20260921_seed2,2,11ed1195aabfcd298bcaf379e7f064ad8010cd8ca67a057b647baa8bf9ef6e77,1500,pre_fed,PPO-MADRL,deterministic,f55feed415c2b8cc50bb8ce081e599b8843a20763d3a5b1052d493081ff8593f
2,15,14,170.3,35.74,34.83,13.81,6.91,-0.2762596905231476,1.1123461723327637,102.27842550882336,40.24450809655136,102.27842550882336,-0.02105263157894797,0.1,0.1,3.4565474575448882,0.9291745803004972,-0.9291745803004972,1025.4441169568026,1090.2561177506923,12.831900953949866,-48.08836012342734,0.0,0.0,0.9291745803004972,12.831900953949866,0.0,165.75,39.48,35.46,0.1,27.35,0.0,0.0,0.0,inferred_20260921_seed2,2,11ed1195aabfcd298bcaf379e7f064ad8010cd8ca67a057b647baa8bf9ef6e77,1500,pre_fed,PPO-MADRL,deterministic,f55feed415c2b8cc50bb8ce081e599b8843a20763d3a5b1052d493081ff8593f
3,15,14,192.2,35.74,34.83,13.81,6.91,0.3941061496734619,1.8411648273468018,137.4894695506006,47.54534147955948,137.4894695506006,-0.02105263157894797,0.1,0.1,4.160768338380434,-11.67764858064126,11.67764858064126,1086.395683343392,1127.9733287202216,161.26832689865583,-116.8581273456674,0.0,11.67764858064126,0.0,-80.69255169223112,0.0,187.07,39.48,35.46,0.1,27.35,11.67764858064126,0.0,0.0,inferred_20260921_seed2,2,11ed1195aabfcd298bcaf379e7f064ad8010cd8ca67a057b647baa8bf9ef6e77,1500,pre_fed,PPO-MADRL,deterministic,f55feed415c2b8cc50bb8ce081e599b8843a20763d3a5b1052d493081ff8593f
1,16,15,316.8,18.06,23.62,17.31,8.66,5.083821773529053,-1.3849427700042725,199.99232175729503,-44.10266348405498,199.99232175729503,-0.18947368421052882,0.9,0.9,4.829656961461691,80.1468088883772,-80.1468088883772,1530.9312034229022,111.40639664265923,1387.341261857809,-657.1503198373252,0.0,0.0,80.1468088883772,1387.341261857809,0.0,333.2,35.74,34.83,0.9,13.81,0.0,0.0,0.0,inferred_20260921_seed2,2,11ed1195aabfcd298bcaf379e7f064ad8010cd8ca67a057b647baa8bf9ef6e77,1500,pre_fed,PPO-MADRL,deterministic,f55feed415c2b8cc50bb8ce081e599b8843a20763d3a5b1052d493081ff8593f
2,16,15,172.25,18.06,23.62,17.31,8.66,-0.22147496044635773,0.8766717314720154,109.49072037974919,35.237401430860174,109.49072037974919,-0.02105263157894797,0.1,0.1,3.0229933549634045,24.123325606793173,-24.123325606793173,1078.0177474114762,1090.2561177506923,417.5747662535898,-231.27412211735881,0.0,0.0,24.123325606793173,417.5747662535898,0.0,170.3,35.74,34.83,0.1,13.81,0.0,0.0,0.0,inferred_20260921_seed2,2,11ed1195aabfcd298bcaf379e7f064ad8010cd8ca67a057b647baa8bf9ef6e77,1500,pre_fed,PPO-MADRL,deterministic,f55feed415c2b8cc50bb8ce081e599b8843a20763d3a5b1052d493081ff8593f
3,16,15,194.4,18.06,23.62,17.31,8.66,0.35141295194625854,1.5491327047348022,133.76280267631995,45.682113816820966,133.76280267631995,-0.02105263157894797,0.1,0.1,3.50843500089482,22.486684956153823,-22.486684956153823,1055.1405136577478,1127.9733287202216,389.24451659102266,-218.82230931351958,0.0,0.0,22.486684956153823,389.24451659102266,0.0,192.2,35.74,34.83,0.1,13.81,0.0,0.0,0.0,inferred_20260921_seed2,2,11ed1195aabfcd298bcaf379e7f064ad8010cd8ca67a057b647baa8bf9ef6e77,1500,pre_fed,PPO-MADRL,deterministic,f55feed415c2b8cc50bb8ce081e599b8843a20763d3a5b1052d493081ff8593f
1,17,16,291.3,24.27,14.18,16.42,8.21,5.056161403656006,-1.3739714622497559,199.99188504007478,-43.97970687409573,199.99188504007478,-0.18947368421052882,0.9,0.9,4.765048227117285,57.812636871253034,-57.812636871253034,1530.9272904924758,111.40639664265923,949.2834974259749,-460.02424758439145,0.0,0.0,57.812636871253034,949.2834974259749,0.0,316.8,18.06,23.62,0.9,17.31,0.0,0.0,0.0,inferred_20260921_seed2,2,11ed1195aabfcd298bcaf379e7f064ad8010cd8ca67a057b647baa8bf9ef6e77,1500,pre_fed,PPO-MADRL,deterministic,f55feed415c2b8cc50bb8ce081e599b8843a20763d3a5b1052d493081ff8593f
2,17,16,165.75,24.27,14.18,16.42,8.21,-0.1378498673439026,0.8308306336402893,120.82234000447849,34.046088239327496,120.82234000447849,-0.02105263157894797,0.1,0.1,3.185025747457991,9.68373837455843,-9.68373837455843,1162.2159788410372,1090.2561177506923,159.00698411024945,-116.60258478144685,0.0,0.0,9.68373837455843,159.00698411024945,0.0,172.25,18.06,23.62,0.1,17.31,0.0,0.0,0.0,inferred_20260921_seed2,2,11ed1195aabfcd298bcaf379e7f064ad8010cd8ca67a057b647baa8bf9ef6e77,1500,pre_fed,PPO-MADRL,deterministic,f55feed415c2b8cc50bb8ce081e599b8843a20763d3a5b1052d493081ff8593f
3,17,16,187.07,24.27,14.18,16.42,8.21,0.3857777714729309,1.5984240770339966,136.77145856240065,46.07154952354036,136.77145856240065,-0.02105263157894797,0.1,0.1,3.5040081186164342,15.373602187794717,-15.373602187794717,1080.3532770817692,1127.9733287202216,252.43454792358926,-157.762078681655,0.0,0.0,15.373602187794717,252.43454792358926,0.0,194.4,18.06,23.62,0.1,17.31,0.0,0.0,0.0,inferred_20260921_seed2,2,11ed1195aabfcd298bcaf379e7f064ad8010cd8ca67a057b647baa8bf9ef6e77,1500,pre_fed,PPO-MADRL,deterministic,f55feed415c2b8cc50bb8ce081e599b8843a20763d3a5b1052d493081ff8593f
1,18,17,413.8,26.26,4.67,9.83,4.92,5.054292678833008,-1.3763691186904907,199.9918546553105,-44.00678090341241,199.9918546553105,-0.18947368421052882,0.9,0.9,4.614647619422,187.68226664832204,-187.68226664832204,1530.92701824899,111.40639664265923,1844.9166811530056,-863.0591748166854,0.0,0.0,187.68226664832204,1844.9166811530056,0.0,291.3,24.27,14.18,0.9,16.42,0.0,0.0,0.0,inferred_20260921_seed2,2,11ed1195aabfcd298bcaf379e7f064ad8010cd8ca67a057b647baa8bf9ef6e77,1500,pre_fed,PPO-MADRL,deterministic,f55feed415c2b8cc50bb8ce081e599b8843a20763d3a5b1052d493081ff8593f
2,18,17,164.25,26.26,4.67,9.83,4.92,-0.2384701669216156,0.9154886603355408,107.23296658520417,36.18781123689279,107.23296658520417,-0.02105263157894797,0.1,0.1,2.7628382790725037,28.870924325447305,-28.870924325447305,1061.4749595362023,1090.2561177506923,283.801186119147,-170.74515529935405,0.0,0.0,28.870924325447305,283.801186119147,0.0,165.75,24.27,14.18,0.1,16.42,0.0,0.0,0.0,inferred_20260921_seed2,2,11ed1195aabfcd298bcaf379e7f064ad8010cd8ca67a057b647baa8bf9ef6e77,1500,pre_fed,PPO-MADRL,deterministic,f55feed415c2b8cc50bb8ce081e599b8843a20763d3a5b1052d493081ff8593f
3,18,17,185.6,26.26,4.67,9.83,4.92,0.3557605743408203,1.5261893272399902,134.1474381791237,45.48851087994282,134.1474381791237,-0.02105263157894797,0.1,0.1,3.3011277109508943,23.84474216340618,-23.84474216340618,1058.3541999359159,1127.9733287202216,234.39381546628277,-149.20376753295,0.0,0.0,23.84474216340618,234.39381546628277,0.0,187.07,24.27,14.18,0.1,16.42,0.0,0.0,0.0,inferred_20260921_seed2,2,11ed1195aabfcd298bcaf379e7f064ad8010cd8ca67a057b647baa8bf9ef6e77,1500,pre_fed,PPO-MADRL,deterministic,f55feed415c2b8cc50bb8ce081e599b8843a20763d3a5b1052d493081ff8593f
1,19,18,539.8,26.77,0.18,8.63,4.32,5.0589447021484375,-1.3826994895935059,199.99193008547243,-44.077715765121,199.99193008547243,-0.18947368421052882,0.9,0.9,4.535049128025238,317.58259272676327,-317.58259272676327,1530.9276940933335,111.40639664265923,2740.737775231967,-1266.1786806691052,0.0,0.0,317.58259272676327,2740.737775231967,0.0,413.8,26.26,4.67,0.9,9.83,0.0,0.0,0.0,inferred_20260921_seed2,2,11ed1195aabfcd298bcaf379e7f064ad8010cd8ca67a057b647baa8bf9ef6e77,1500,pre_fed,PPO-MADRL,deterministic,f55feed415c2b8cc50bb8ce081e599b8843a20763d3a5b1052d493081ff8593f
2,19,18,162.5,26.77,0.18,8.63,4.32,-0.2906836271286011,0.8574104309082031,100.41305377469003,34.746052717533075,100.41305377469003,-0.02105263157894797,0.1,0.1,2.5468400228622214,37.70483887975115,-37.70483887975115,1011.9752838397661,1090.2561177506923,325.39275953225246,-188.47136982132278,0.0,0.0,37.70483887975115,325.39275953225246,0.0,164.25,26.26,4.67,0.1,9.83,0.0,0.0,0.0,inferred_20260921_seed2,2,11ed1195aabfcd298bcaf379e7f064ad8010cd8ca67a057b647baa8bf9ef6e77,1500,pre_fed,PPO-MADRL,deterministic,f55feed415c2b8cc50bb8ce081e599b8843a20763d3a5b1052d493081ff8593f
3,19,18,183.4,26.77,0.18,8.63,4.32,0.3034045696258545,1.2818834781646729,129.44251609222624,42.84929642544096,129.44251609222624,-0.02105263157894797,0.1,0.1,3.1274292692129464,30.15596580856564,-30.15596580856564,1019.2369857325539,1127.9733287202216,260.2459849279215,-160.0548995066202,0.0,0.0,30.15596580856564,260.2459849279215,0.0,185.6,26.26,4.67,0.1,9.83,0.0,0.0,0.0,inferred_20260921_seed2,2,11ed1195aabfcd298bcaf379e7f064ad8010cd8ca67a057b647baa8bf9ef6e77,1500,pre_fed,PPO-MADRL,deterministic,f55feed415c2b8cc50bb8ce081e599b8843a20763d3a5b1052d493081ff8593f
1,20,19,557.2,26.22,0.0,8.87,4.44,5.092801570892334,-1.3933789730072021,199.9924584193515,-44.19560396549939,199.9924584193515,-0.18947368421052882,0.9,0.9,4.5204596947028195,335.6974749595619,-335.6974749595619,1530.9324278980803,111.40639664265923,2977.6366028913135,-1372.783247791906,0.0,0.0,335.6974749595619,2977.6366028913135,0.0,539.8,26.77,0.18,0.9,8.63,0.0,0.0,0.0,inferred_20260921_seed2,2,11ed1195aabfcd298bcaf379e7f064ad8010cd8ca67a057b647baa8bf9ef6e77,1500,pre_fed,PPO-MADRL,deterministic,f55feed415c2b8cc50bb8ce081e599b8843a20763d3a5b1052d493081ff8593f
2,20,19,165.75,26.22,0.0,8.87,4.44,-0.3167620599269867,0.8589854836463928,97.07932761680692,34.78672994700351,97.07932761680692,-0.02105263157894797,0.1,0.1,2.4655654997045593,44.93729051447659,-44.93729051447659,988.0359893275015,1090.2561177506923,398.59376686340727,-220.93303723009714,0.0,0.0,44.93729051447659,398.59376686340727,0.0,162.5,26.77,0.18,0.1,8.63,0.0,0.0,0.0,inferred_20260921_seed2,2,11ed1195aabfcd298bcaf379e7f064ad8010cd8ca67a057b647baa8bf9ef6e77,1500,pre_fed,PPO-MADRL,deterministic,f55feed415c2b8cc50bb8ce081e599b8843a20763d3a5b1052d493081ff8593f
3,20,19,187.07,26.22,0.0,8.87,4.44,0.2862820029258728,1.2133382558822632,127.87091907459794,41.883903217140364,127.87091907459794,-0.02105263157894797,0.1,0.1,3.0813973288603798,36.0815308858414,-36.0815308858414,1006.2642733007465,1127.9733287202216,320.0431789574132,-186.7041825712553,0.0,0.0,36.0815308858414,320.0431789574132,0.0,183.4,26.77,0.18,0.1,8.63,0.0,0.0,0.0,inferred_20260921_seed2,2,11ed1195aabfcd298bcaf379e7f064ad8010cd8ca67a057b647baa8bf9ef6e77,1500,pre_fed,PPO-MADRL,deterministic,f55feed415c2b8cc50bb8ce081e599b8843a20763d3a5b1052d493081ff8593f
1,21,20,557.1,32.84,0.0,8.35,4.18,5.098033905029297,-1.3946332931518555,199.99253692506176,-44.2093047235772,199.99253692506176,-0.18947368421052882,0.9,0.9,4.652861264817025,329.1097980239658,-329.1097980239658,1530.9331312997028,111.40639664265923,2748.0668135001147,-1269.476856633899,0.0,0.0,329.1097980239658,2748.0668135001147,0.0,557.2,26.22,0.0,0.9,8.87,0.0,0.0,0.0,inferred_20260921_seed2,2,11ed1195aabfcd298bcaf379e7f064ad8010cd8ca67a057b647baa8bf9ef6e77,1500,pre_fed,PPO-MADRL,deterministic,f55feed415c2b8cc50bb8ce081e599b8843a20763d3a5b1052d493081ff8593f
2,21,20,169.0,32.84,0.0,8.35,4.18,-0.3104258179664612,0.85878586769104,97.88457977676299,34.781579605571984,97.88457977676299,-0.02105263157894797,0.1,0.1,2.614070542903681,40.910543397719636,-40.910543397719636,993.8029844133722,1090.2561177506923,341.60303737095893,-195.40254886021282,0.0,0.0,40.910543397719636,341.60303737095893,0.0,165.75,26.22,0.0,0.1,8.87,0.0,0.0,0.0,inferred_20260921_seed2,2,11ed1195aabfcd298bcaf379e7f064ad8010cd8ca67a057b647baa8bf9ef6e77,1500,pre_fed,PPO-MADRL,deterministic,f55feed415c2b8cc50bb8ce081e599b8843a20763d3a5b1052d493081ff8593f
3,21,20,190.73,32.84,0.0,8.35,4.18,0.2919478416442871,1.2271970510482788,128.3926619056391,42.08821897661044,128.3926619056391,-0.02105263157894797,0.1,0.1,3.224232185481203,32.74262291142105,-32.74262291142105,1010.5657841683128,1127.9733287202216,273.4009013103658,-165.8011878474353,0.0,0.0,32.74262291142105,273.4009013103658,0.0,187.07,26.22,0.0,0.1,8.87,0.0,0.0,0.0,inferred_20260921_seed2,2,11ed1195aabfcd298bcaf379e7f064ad8010cd8ca67a057b647baa8bf9ef6e77,1500,pre_fed,PPO-MADRL,deterministic,f55feed415c2b8cc50bb8ce081e599b8843a20763d3a5b1052d493081ff8593f
1,22,21,535.0,36.02,0.0,16.44,8.22,5.107818603515625,-1.3985947370529175,199.9926815478875,-44.25237594889628,199.9926815478875,-0.18947368421052882,0.9,0.9,4.71646415727354,303.89325629359655,-303.89325629359655,1530.9344271029058,111.40639664265923,4996.005133466728,-2281.049126534939,0.0,0.0,303.89325629359655,4996.005133466728,0.0,557.1,32.84,0.0,0.9,8.35,0.0,0.0,0.0,inferred_20260921_seed2,2,11ed1195aabfcd298bcaf379e7f064ad8010cd8ca67a057b647baa8bf9ef6e77,1500,pre_fed,PPO-MADRL,deterministic,f55feed415c2b8cc50bb8ce081e599b8843a20763d3a5b1052d493081ff8593f
2,22,21,161.2,36.02,0.0,16.44,8.22,-0.3619375228881836,0.9079367518424988,91.43126800203308,36.00702431022324,91.43126800203308,-0.02105263157894797,0.1,0.1,2.5486043074090827,36.31838893695493,-36.31838893695493,947.8631456918408,1090.2561177506923,597.0743141235391,-309.44582662444327,0.0,0.0,36.31838893695493,597.0743141235391,0.0,169.0,32.84,0.0,0.1,8.35,0.0,0.0,0.0,inferred_20260921_seed2,2,11ed1195aabfcd298bcaf379e7f064ad8010cd8ca67a057b647baa8bf9ef6e77,1500,pre_fed,PPO-MADRL,deterministic,f55feed415c2b8cc50bb8ce081e599b8843a20763d3a5b1052d493081ff8593f
3,22,21,181.93,36.02,0.0,16.44,8.22,0.2789013981819153,1.2156167030334473,127.18879949863637,41.91782094500754,127.18879949863637,-0.02105263157894797,0.1,0.1,3.2637549373411487,22.00600807028374,-22.00600807028374,1000.6483369071683,1127.9733287202216,361.7787726754647,-205.37288101650694,0.0,0.0,22.00600807028374,361.7787726754647,0.0,190.73,32.84,0.0,0.1,8.35,0.0,0.0,0.0,inferred_20260921_seed2,2,11ed1195aabfcd298bcaf379e7f064ad8010cd8ca67a057b647baa8bf9ef6e77,1500,pre_fed,PPO-MADRL,deterministic,f55feed415c2b8cc50bb8ce081e599b8843a20763d3a5b1052d493081ff8593f
1,23,22,437.8,37.23,0.0,16.19,8.1,5.144312858581543,-1.4059215784072876,199.99319666514978,-44.331246084471545,199.99319666514978,-0.18947368421052882,0.9,0.9,4.740674459618785,205.50695147867955,-205.50695147867955,1530.9390424946534,111.40639664265923,3327.1575444398222,-1530.0678037806665,2.8134946646769947,0.0,202.69345681400256,3304.3963726025854,0.0,535.0,36.02,0.0,0.9,16.44,0.0,0.0,0.0,inferred_20260921_seed2,2,11ed1195aabfcd298bcaf379e7f064ad8010cd8ca67a057b647baa8bf9ef6e77,1500,pre_fed,PPO-MADRL,deterministic,f55feed415c2b8cc50bb8ce081e599b8843a20763d3a5b1052d493081ff8593f
2,23,22,148.0,37.23,0.0,16.19,8.1,-0.4046371877193451,1.0777400732040405,86.25264016453377,39.6179766572959,86.25264016453377,-0.02105263157894797,0.1,0.1,2.4692317506590964,27.007644217704282,-27.007644217704282,911.4553324432311,1090.2561177506923,437.25375988463236,-236.79842095196304,0.0,0.0,27.007644217704282,437.25375988463236,0.0,161.2,36.02,0.0,0.1,16.44,0.0,0.0,0.0,inferred_20260921_seed2,2,11ed1195aabfcd298bcaf379e7f064ad8010cd8ca67a057b647baa8bf9ef6e77,1500,pre_fed,PPO-MADRL,deterministic,f55feed415c2b8cc50bb8ce081e599b8843a20763d3a5b1052d493081ff8593f
3,23,22,161.39,37.23,0.0,16.19,8.1,0.31332218647003174,1.4530109167099,130.3456390241065,44.81433161013468,130.3456390241065,-0.02105263157894797,0.1,0.1,3.3510917278505508,-2.8134946646769947,2.8134946646769947,1026.7130260497843,1127.9733287202216,45.55047862112055,-63.59144247490437,0.0,2.8134946646769947,0.0,-22.789306783883656,0.0,181.93,36.02,0.0,0.1,16.44,2.8134946646769947,0.0,0.0,inferred_20260921_seed2,2,11ed1195aabfcd298bcaf379e7f064ad8010cd8ca67a057b647baa8bf9ef6e77,1500,pre_fed,PPO-MADRL,deterministic,f55feed415c2b8cc50bb8ce081e599b8843a20763d3a5b1052d493081ff8593f
1,24,23,447.3,44.12,0.0,8.87,4.44,5.123692989349365,-1.400556206703186,199.99291024192885,-44.27359072309978,199.99291024192885,-0.18947368421052882,0.9,0.9,4.878468731154367,208.25503217343604,-208.25503217343604,1530.936476174826,111.40639664265923,1847.2221353783775,-864.0968183766197,39.85539129021754,0.0,168.3996408832185,1670.6627519627136,0.0,437.8,37.23,0.0,0.9,16.19,0.0,0.0,0.0,inferred_20260921_seed2,2,11ed1195aabfcd298bcaf379e7f064ad8010cd8ca67a057b647baa8bf9ef6e77,1500,pre_fed,PPO-MADRL,deterministic,f55feed415c2b8cc50bb8ce081e599b8843a20763d3a5b1052d493081ff8593f
2,24,23,119.6,44.12,0.0,8.87,4.44,-0.4254891872406006,1.0860401391983032,83.78374520115884,39.77141430190397,83.78374520115884,-0.02105263157894797,0.1,0.1,2.557653851391598,-5.725038718188301,5.725038718188301,894.2415140380707,1090.2561177506923,50.78109343033023,-62.54144467942387,0.0,5.725038718188301,0.0,-25.41917190875606,0.0,148.0,37.23,0.0,0.1,16.19,5.725038718188301,0.0,0.0,inferred_20260921_seed2,2,11ed1195aabfcd298bcaf379e7f064ad8010cd8ca67a057b647baa8bf9ef6e77,1500,pre_fed,PPO-MADRL,deterministic,f55feed415c2b8cc50bb8ce081e599b8843a20763d3a5b1052d493081ff8593f
3,24,23,134.98,44.12,0.0,8.87,4.44,0.2927091121673584,1.4127132892608643,128.46263688875163,44.40344627995139,128.46263688875163,-0.02105263157894797,0.1,0.1,3.451231685143454,-34.13035257202924,34.13035257202924,1011.1430865495538,1127.9733287202216,302.7362273138993,-179.0136305966502,0.0,34.13035257202924,0.0,-151.53876541980983,0.0,161.39,37.23,0.0,0.1,16.19,34.13035257202924,0.0,0.0,inferred_20260921_seed2,2,11ed1195aabfcd298bcaf379e7f064ad8010cd8ca67a057b647baa8bf9ef6e77,1500,pre_fed,PPO-MADRL,deterministic,f55feed415c2b8cc50bb8ce081e599b8843a20763d3a5b1052d493081ff8593f
1,1,0,457.7,51.48,0.0,8.65,4.33,3.156506061553955,-0.8529590964317322,199.63814282209634,-34.630610525765896,199.63814282209634,-34.630610525765896,0.5,0.827990799994776,4.329750645926609,245.54221834959617,-245.54221834959617,1527.7588203049825,274.5806380670497,2123.940188724007,-991.8198740932438,77.10423292119351,0.0,168.43798542840267,1790.8499025044512,0.0,447.3,44.12,0.0,0.5,8.87,0.0,0.0,0.0,inferred_20260921_seed2,2,11ed1195aabfcd298bcaf379e7f064ad8010cd8ca67a057b647baa8bf9ef6e77,1500,pre_fed,A2C-MADRL,deterministic,62b08b4d6b7e35bc46bd64ee1392b54a3070b0977426fbb5562f0fea0366b58a
2,1,0,110.5,51.48,0.0,8.65,4.33,-0.49010327458381653,0.2317616045475006,76.39822447930797,11.384964574245458,76.39822447930797,11.384964574245458,0.5,0.3791582676395215,2.7852637810710683,-25.977925272482338,25.977925272482338,843.3007491897588,640.8477025019907,224.70905360697222,-130.80204315697247,0.0,25.977925272482338,0.0,-112.48441642984852,0.0,119.6,44.12,0.0,0.5,8.87,25.977925272482338,0.0,0.0,inferred_20260921_seed2,2,11ed1195aabfcd298bcaf379e7f064ad8010cd8ca67a057b647baa8bf9ef6e77,1500,pre_fed,A2C-MADRL,deterministic,62b08b4d6b7e35bc46bd64ee1392b54a3070b0977426fbb5562f0fea0366b58a
3,1,0,124.71,51.48,0.0,8.65,4.33,0.30627891421318054,-0.03521469980478287,129.70481125972125,-1.7600075365465577,129.70481125972125,-1.7600075365465577,0.5,0.5157200715971924,3.5884960744634937,-51.126307648711176,51.126307648711176,1021.4066650262197,551.196426121831,442.2425611613517,-230.4612143455693,0.0,51.126307648711176,0.0,-221.3769121189194,0.0,134.98,44.12,0.0,0.5,8.87,51.126307648711176,0.0,0.0,inferred_20260921_seed2,2,11ed1195aabfcd298bcaf379e7f064ad8010cd8ca67a057b647baa8bf9ef6e77,1500,pre_fed,A2C-MADRL,deterministic,62b08b4d6b7e35bc46bd64ee1392b54a3070b0977426fbb5562f0fea0366b58a
1,2,1,336.5,38.37,0.0,8.11,4.06,3.2598538398742676,-0.8802825808525085,199.7056139647103,-35.32804285811274,199.7056139647103,-7.7542296426540664,0.827990799994776,0.9,4.606427686441125,110.78504336438488,-110.78504336438488,1528.3630030952202,130.96441741558633,898.4667016851613,-437.4965641685387,53.86645406738366,0.0,56.91858929700122,680.3075627122575,0.0,457.7,51.48,0.0,0.827990799994776,8.65,0.0,0.0,0.0,inferred_20260921_seed2,2,11ed1195aabfcd298bcaf379e7f064ad8010cd8ca67a057b647baa8bf9ef6e77,1500,pre_fed,A2C-MADRL,deterministic,62b08b4d6b7e35bc46bd64ee1392b54a3070b0977426fbb5562f0fea0366b58a
2,2,1,109.85,38.37,0.0,8.11,4.06,-0.4643798768520355,0.2175334244966507,79.2893923698914,10.708293389315912,79.2893923698914,10.708293389315912,0.3791582676395215,0.2656810733219697,2.5673537151841463,-15.950332044023185,15.950332044023185,863.1434875031213,793.3671957829454,129.357192877028,-91.34095046038394,0.0,15.950332044023185,0.0,-64.75834809873412,0.0,110.5,51.48,0.0,0.3791582676395215,8.65,15.950332044023185,0.0,0.0,inferred_20260921_seed2,2,11ed1195aabfcd298bcaf379e7f064ad8010cd8ca67a057b647baa8bf9ef6e77,1500,pre_fed,A2C-MADRL,deterministic,62b08b4d6b7e35bc46bd64ee1392b54a3070b0977426fbb5562f0fea0366b58a
3,2,1,123.98,38.37,0.0,8.11,4.06,0.29656532406806946,-0.03975098952651024,128.81662778163252,-1.9865032679993928,128.81662778163252,-1.9865032679993928,0.5157200715971924,0.5335604124999922,3.304002490272663,-37.91612202336047,37.91612202336047,1014.0649815450856,529.9275098207786,307.49974960945343,-169.25473715157133,0.0,37.91612202336047,0.0,-153.9394554148435,0.0,124.71,51.48,0.0,0.5157200715971924,8.65,37.91612202336047,0.0,0.0,inferred_20260921_seed2,2,11ed1195aabfcd298bcaf379e7f064ad8010cd8ca67a057b647baa8bf9ef6e77,1500,pre_fed,A2C-MADRL,deterministic,62b08b4d6b7e35bc46bd64ee1392b54a3070b0977426fbb5562f0fea0366b58a
1,3,2,274.9,43.56,0.0,8.25,4.13,3.1983766555786133,-0.862869918346405,199.6671627067843,-34.886668714552805,199.6671627067843,-0.18947368421052882,0.9,0.9,4.860753780451476,36.723064757877694,-36.723064757877694,1528.0186751761637,111.40639664265923,302.96528425249096,-169.1228793499974,36.723064757877694,0.0,0.0,151.6662574500349,0.0,336.5,38.37,0.0,0.9,8.11,0.0,0.0,0.0,inferred_20260921_seed2,2,11ed1195aabfcd298bcaf379e7f064ad8010cd8ca67a057b647baa8bf9ef6e77,1500,pre_fed,A2C-MADRL,deterministic,62b08b4d6b7e35bc46bd64ee1392b54a3070b0977426fbb5562f0fea0366b58a
2,3,2,112.45,43.56,0.0,8.25,4.13,-0.38561755418777466,0.1845635324716568,88.53935666808287,9.12480297192539,88.53935666808287,9.12480297192539,0.2656810733219697,0.1690991535761111,2.824483192800165,-25.94967644720809,25.94967644720809,927.4816002366155,936.5808996421991,214.08483068946674,-133.6194238078363,0.0,25.94967644720809,0.0,-107.17216372696942,0.0,109.85,38.37,0.0,0.2656810733219697,8.11,25.94967644720809,0.0,0.0,inferred_20260921_seed2,2,11ed1195aabfcd298bcaf379e7f064ad8010cd8ca67a057b647baa8bf9ef6e77,1500,pre_fed,A2C-MADRL,deterministic,62b08b4d6b7e35bc46bd64ee1392b54a3070b0977426fbb5562f0fea0366b58a
3,3,2,126.91,43.56,0.0,8.25,4.13,0.2906377911567688,-0.03481915220618248,128.2721729925542,-1.7402543877917038,128.2721729925542,-1.7402543877917038,0.5335604124999922,0.5490257083590134,3.40183837209525,-39.780080232667245,39.780080232667245,1009.5719535469415,510.14249449197064,328.18566191950475,-178.0778368245554,0.0,10.773388310669603,-29.006691921997643,-44.49409372306546,0.0,123.98,38.37,0.0,0.5335604124999922,8.11,10.773388310669603,0.0,0.0,inferred_20260921_seed2,2,11ed1195aabfcd298bcaf379e7f064ad8010cd8ca67a057b647baa8bf9ef6e77,1500,pre_fed,A2C-MADRL,deterministic,62b08b4d6b7e35bc46bd64ee1392b54a3070b0977426fbb5562f0fea0366b58a
1,4,3,272.6,40.75,0.0,8.1,4.05,3.182263135910034,-0.8588211536407471,199.65628036962624,-34.78249013131076,199.65628036962624,-0.18947368421052882,0.9,0.9,4.804336133708315,37.18752944829262,-37.18752944829262,1527.921229071644,111.40639664265923,301.2189885311702,-168.33509735331268,37.18752944829262,0.0,0.0,150.6094942655851,0.0,274.9,43.56,0.0,0.9,8.25,0.0,0.0,0.0,inferred_20260921_seed2,2,11ed1195aabfcd298bcaf379e7f064ad8010cd8ca67a057b647baa8bf9ef6e77,1500,pre_fed,A2C-MADRL,deterministic,62b08b4d6b7e35bc46bd64ee1392b54a3070b0977426fbb5562f0fea0366b58a
2,4,3,110.5,40.75,0.0,8.1,4.05,-0.3633336126804352,0.17337723076343536,91.25942210548799,8.583032366946378,91.25942210548799,6.532290750551092,0.1690991535761111,0.1,2.770834257120782,-25.2708785989183,25.2708785989183,946.6484616941816,1052.2239668653642,204.69411665123823,-132.08980106424812,0.0,25.2708785989183,0.0,-102.34705832561912,0.0,112.45,43.56,0.0,0.1690991535761111,8.25,25.2708785989183,0.0,0.0,inferred_20260921_seed2,2,11ed1195aabfcd298bcaf379e7f064ad8010cd8ca67a057b647baa8bf9ef6e77,1500,pre_fed,A2C-MADRL,deterministic,62b08b4d6b7e35bc46bd64ee1392b54a3070b0977426fbb5562f0fea0366b58a
3,4,3,124.71,40.75,0.0,8.1,4.05,0.2934812903404236,-0.0377485528588295,128.53358351621418,-1.8865316549208853,128.53358351621418,-1.8865316549208853,0.5490257083590134,0.5658497076640439,3.347941037225866,-39.33911082406745,39.33911082406745,1011.7285000986407,490.2710232789674,318.6467976749463,-173.431049421278,0.0,11.91665084937432,-27.422459974693126,-48.262435939966,0.0,126.91,43.56,0.0,0.5490257083590134,8.25,11.91665084937432,0.0,0.0,inferred_20260921_seed2,2,11ed1195aabfcd298bcaf379e7f064ad8010cd8ca67a057b647baa8bf9ef6e77,1500,pre_fed,A2C-MADRL,deterministic,62b08b4d6b7e35bc46bd64ee1392b54a3070b0977426fbb5562f0fea0366b58a
1,5,4,245.3,27.74,0.0,8.14,4.07,3.1726624965667725,-0.8560568690299988,199.6496284165961,-34.711024481917526,199.6496284165961,-0.18947368421052882,0.9,0.9,4.544003094647712,22.643848362262133,-22.643848362262133,1527.8616649706973,111.40639664265923,184.32092566881377,-115.72977778323333,22.643848362262133,0.0,0.0,92.16046283440689,0.0,272.6,40.75,0.0,0.9,8.1,0.0,0.0,0.0,inferred_20260921_seed2,2,11ed1195aabfcd298bcaf379e7f064ad8010cd8ca67a057b647baa8bf9ef6e77,1500,pre_fed,A2C-MADRL,deterministic,62b08b4d6b7e35bc46bd64ee1392b54a3070b0977426fbb5562f0fea0366b58a
2,5,4,113.75,27.74,0.0,8.14,4.07,-0.32683122158050537,0.15735633671283722,95.80611302483521,7.803515248339379,95.80611302483521,-0.02105263157894797,0.1,0.1,2.470501207865125,-7.304559185391128,7.304559185391128,978.937687807313,1090.2561177506923,59.45911176908378,-68.1404764072478,0.0,7.304559185391128,0.0,-29.72955588454189,0.0,110.5,40.75,0.0,0.1,8.1,7.304559185391128,0.0,0.0,inferred_20260921_seed2,2,11ed1195aabfcd298bcaf379e7f064ad8010cd8ca67a057b647baa8bf9ef6e77,1500,pre_fed,A2C-MADRL,deterministic,62b08b4d6b7e35bc46bd64ee1392b54a3070b0977426fbb5562f0fea0366b58a
3,5,4,128.38,27.74,0.0,8.14,4.07,0.29023075103759766,-0.037293966859579086,128.23471820828857,-1.8638343246680997,128.23471820828857,-1.8638343246680997,0.5658497076640439,0.5824244343330627,3.0822176776724097,-22.648666205948075,22.648666205948075,1009.2630708527687,470.333785601543,184.36014291641735,-112.55400144147404,0.0,15.339289176871006,-7.309377029077069,-62.430906949865,0.0,124.71,40.75,0.0,0.5658497076640439,8.1,15.339289176871006,0.0,0.0,inferred_20260921_seed2,2,11ed1195aabfcd298bcaf379e7f064ad8010cd8ca67a057b647baa8bf9ef6e77,1500,pre_fed,A2C-MADRL,deterministic,62b08b4d6b7e35bc46bd64ee1392b54a3070b0977426fbb5562f0fea0366b58a
1,6,5,233.7,30.15,0.0,8.13,4.07,3.124272346496582,-0.8417506217956543,199.6140929438461,-34.33675970489873,199.6140929438461,-0.18947368421052882,0.9,0.9,4.591492385192711,8.716873125557129,-8.716873125557129,1527.5434790633344,111.40639664265923,70.86817851077946,-64.66967784397063,8.716873125557129,0.0,0.0,35.477673621017516,0.0,245.3,27.74,0.0,0.9,8.14,0.0,0.0,0.0,inferred_20260921_seed2,2,11ed1195aabfcd298bcaf379e7f064ad8010cd8ca67a057b647baa8bf9ef6e77,1500,pre_fed,A2C-MADRL,deterministic,62b08b4d6b7e35bc46bd64ee1392b54a3070b0977426fbb5562f0fea0366b58a
2,6,5,120.25,30.15,0.0,8.13,4.07,-0.2894544005393982,0.14433619379997253,100.57144080306351,7.167108041317732,100.57144080306351,-0.02105263157894797,0.1,0.1,2.614007763429691,-7.8363804080548505,7.8363804080548505,1013.116855520952,1090.2561177506923,63.70977271748594,-70.73685718830156,0.0,7.8363804080548505,0.0,-31.894068260783243,0.0,113.75,27.74,0.0,0.1,8.14,7.8363804080548505,0.0,0.0,inferred_20260921_seed2,2,11ed1195aabfcd298bcaf379e7f064ad8010cd8ca67a057b647baa8bf9ef6e77,1500,pre_fed,A2C-MADRL,deterministic,62b08b4d6b7e35bc46bd64ee1392b54a3070b0977426fbb5562f0fea0366b58a
3,6,5,135.43,30.15,0.0,8.13,4.07,0.2928954064846039,-0.031574610620737076,128.4797562018516,-1.5782060985263573,128.4797562018516,-1.5782060985263573,0.5824244343330627,0.596252543400397,3.141031002066505,-18.48051910125872,18.48051910125872,1011.2843371927863,452.96970403250305,150.24662029323343,-96.89605995646083,0.0,0.8804927175022783,-17.600026383756443,-3.583605360234273,0.0,128.38,27.74,0.0,0.5824244343330627,8.14,0.8804927175022783,0.0,0.0,inferred_20260921_seed2,2,11ed1195aabfcd298bcaf379e7f064ad8010cd8ca67a057b647baa8bf9ef6e77,1500,pre_fed,A2C-MADRL,deterministic,62b08b4d6b7e35bc46bd64ee1392b54a3070b0977426fbb5562f0fea0366b58a
1,7,6,274.6,28.65,0.16,8.34,4.17,3.1240720748901367,-0.8418872356414795,199.61393863886533,-34.340368668396174,199.61393863886533,-0.18947368421052882,0.9,0.9,4.5646892990930965,50.9302243444383,-50.9302243444383,1527.5420974555673,111.40639664265923,424.7580710326154,-223.92010184664144,6.161647212854518,0.0,44.76857713158378,399.0640021550121,0.0,233.7,30.15,0.0,0.9,8.13,0.0,0.0,0.0,inferred_20260921_seed2,2,11ed1195aabfcd298bcaf379e7f064ad8010cd8ca67a057b647baa8bf9ef6e77,1500,pre_fed,A2C-MADRL,deterministic,62b08b4d6b7e35bc46bd64ee1392b54a3070b0977426fbb5562f0fea0366b58a
2,7,6,130.0,28.65,0.16,8.34,4.17,-0.2973206341266632,0.1474653035402298,99.55977972756759,7.320279638851858,99.55977972756759,-0.02105263157894797,0.1,0.1,2.5669745419197727,4.218247445931141,-4.218247445931141,1005.8318868720373,1090.2561177506923,35.180183699065715,-57.75284275703416,0.0,0.0,4.218247445931141,35.180183699065715,0.0,120.25,30.15,0.0,0.1,8.13,0.0,0.0,0.0,inferred_20260921_seed2,2,11ed1195aabfcd298bcaf379e7f064ad8010cd8ca67a057b647baa8bf9ef6e77,1500,pre_fed,A2C-MADRL,deterministic,62b08b4d6b7e35bc46bd64ee1392b54a3070b0977426fbb5562f0fea0366b58a
3,7,6,146.72,28.65,0.16,8.34,4.17,0.2969432473182678,-0.03320414200425148,128.85127806417293,-1.6595972347295584,128.85127806417293,-1.6595972347295584,0.596252543400397,0.610826212043527,3.120033616588868,-6.161647212854518,6.161647212854518,1014.3511182111674,436.12294328172635,51.388137755206685,-52.13414321970089,0.0,6.161647212854518,0.0,-25.694068877603343,0.0,135.43,30.15,0.0,0.596252543400397,8.13,6.161647212854518,0.0,0.0,inferred_20260921_seed2,2,11ed1195aabfcd298bcaf379e7f064ad8010cd8ca67a057b647baa8bf9ef6e77,1500,pre_fed,A2C-MADRL,deterministic,62b08b4d6b7e35bc46bd64ee1392b54a3070b0977426fbb5562f0fea0366b58a
1,8,7,291.0,23.38,1.77,9.35,4.68,3.1470625400543213,-0.8479905128479004,199.63125618132946,-34.500910454254424,199.63125618132946,-0.18947368421052882,0.9,0.9,4.491835649942379,70.90005315282343,-70.90005315282343,1527.6971567579428,111.40639664265923,662.9154969788991,-331.09404470851666,0.0,0.0,70.90005315282343,662.9154969788991,0.0,274.6,28.65,0.16,0.9,8.34,0.0,0.0,0.0,inferred_20260921_seed2,2,11ed1195aabfcd298bcaf379e7f064ad8010cd8ca67a057b647baa8bf9ef6e77,1500,pre_fed,A2C-MADRL,deterministic,62b08b4d6b7e35bc46bd64ee1392b54a3070b0977426fbb5562f0fea0366b58a
2,8,7,157.95,23.38,1.77,9.35,4.68,-0.29504916071891785,0.1476113200187683,99.85144263365942,7.327423819779365,99.85144263365942,-0.02105263157894797,0.1,0.1,2.499607800041609,35.469217797961136,-35.469217797961136,1007.9305546889601,1090.2561177506923,331.63718641093664,-191.20046733371453,0.0,0.0,35.469217797961136,331.63718641093664,0.0,130.0,28.65,0.16,0.1,8.34,0.0,0.0,0.0,inferred_20260921_seed2,2,11ed1195aabfcd298bcaf379e7f064ad8010cd8ca67a057b647baa8bf9ef6e77,1500,pre_fed,A2C-MADRL,deterministic,62b08b4d6b7e35bc46bd64ee1392b54a3070b0977426fbb5562f0fea0366b58a
3,8,7,178.26,23.38,1.77,9.35,4.68,0.3063439726829529,-0.03263496607542038,129.7107429318567,-1.6311692574987362,129.7107429318567,-1.6311692574987362,0.610826212043527,0.6251006675656781,3.0645914734871593,28.09501779912918,-28.09501779912918,1021.4557463374622,419.4214353983695,262.6884164218578,-147.02733102455267,0.0,0.0,28.09501779912918,262.6884164218578,0.0,146.72,28.65,0.16,0.610826212043527,8.34,0.0,0.0,0.0,inferred_20260921_seed2,2,11ed1195aabfcd298bcaf379e7f064ad8010cd8ca67a057b647baa8bf9ef6e77,1500,pre_fed,A2C-MADRL,deterministic,62b08b4d6b7e35bc46bd64ee1392b54a3070b0977426fbb5562f0fea0366b58a
1,9,8,315.7,21.75,5.3,12.0,6.0,3.159723997116089,-0.8504337072372437,199.64046003700986,-34.564799027962906,199.64046003700986,-0.18947368421052882,0.9,0.9,4.530019727055987,93.72903337425663,-93.72903337425663,1527.7795690103867,111.40639664265923,1124.7484004910796,-538.9204995340467,0.0,0.0,93.72903337425663,1124.7484004910796,0.0,291.0,23.38,1.77,0.9,9.35,0.0,0.0,0.0,inferred_20260921_seed2,2,11ed1195aabfcd298bcaf379e7f064ad8010cd8ca67a057b647baa8bf9ef6e77,1500,pre_fed,A2C-MADRL,deterministic,62b08b4d6b7e35bc46bd64ee1392b54a3070b0977426fbb5562f0fea0366b58a
2,9,8,165.1,21.75,5.3,12.0,6.0,-0.28687119483947754,0.14834631979465485,100.90464640963465,7.363380669560195,100.90464640963465,-0.02105263157894797,0.1,0.1,2.5586718755611138,39.72507809750542,-39.72507809750542,1015.5196738763306,1090.2561177506923,476.700937170065,-256.6309375590697,0.0,0.0,39.72507809750542,476.700937170065,0.0,157.95,23.38,1.77,0.1,9.35,0.0,0.0,0.0,inferred_20260921_seed2,2,11ed1195aabfcd298bcaf379e7f064ad8010cd8ca67a057b647baa8bf9ef6e77,1500,pre_fed,A2C-MADRL,deterministic,62b08b4d6b7e35bc46bd64ee1392b54a3070b0977426fbb5562f0fea0366b58a
3,9,8,186.33,21.75,5.3,12.0,6.0,0.33964818716049194,-0.028873058035969734,132.71632747091098,-1.4432518667723209,132.71632747091098,-1.4432518667723209,0.6251006675656781,0.6375613589648838,3.1664615120827735,31.173385907944123,-31.173385907944123,1046.4112865909706,404.4408166542164,374.0806308953295,-197.353325967802,0.0,0.0,31.173385907944123,374.0806308953295,0.0,178.26,23.38,1.77,0.6251006675656781,9.35,0.0,0.0,0.0,inferred_20260921_seed2,2,11ed1195aabfcd298bcaf379e7f064ad8010cd8ca67a057b647baa8bf9ef6e77,1500,pre_fed,A2C-MADRL,deterministic,62b08b4d6b7e35bc46bd64ee1392b54a3070b0977426fbb5562f0fea0366b58a
1,10,9,362.4,34.82,11.6,9.19,4.6,3.2086427211761475,-0.8623526096343994,199.6739158581538,-34.87339060565353,199.6739158581538,-0.18947368421052882,0.9,0.9,4.918088843478865,121.41364666953558,-121.41364666953558,1528.0791473690851,111.40639664265923,1115.791412893032,-534.8958466820993,0.0,0.0,121.41364666953558,1115.791412893032,0.0,315.7,21.75,5.3,0.9,12.0,0.0,0.0,0.0,inferred_20260921_seed2,2,11ed1195aabfcd298bcaf379e7f064ad8010cd8ca67a057b647baa8bf9ef6e77,1500,pre_fed,A2C-MADRL,deterministic,62b08b4d6b7e35bc46bd64ee1392b54a3070b0977426fbb5562f0fea0366b58a
2,10,9,169.0,34.82,11.6,9.19,4.6,-0.2945443391799927,0.1569366604089737,99.91631471229806,7.783041215832773,99.91631471229806,-0.02105263157894797,0.1,0.1,2.926305241614382,25.611043160895292,-25.611043160895292,1008.3975191530741,1090.2561177506923,235.36548664862772,-147.8875417299578,0.0,0.0,25.611043160895292,235.36548664862772,0.0,165.1,21.75,5.3,0.1,12.0,0.0,0.0,0.0,inferred_20260921_seed2,2,11ed1195aabfcd298bcaf379e7f064ad8010cd8ca67a057b647baa8bf9ef6e77,1500,pre_fed,A2C-MADRL,deterministic,62b08b4d6b7e35bc46bd64ee1392b54a3070b0977426fbb5562f0fea0366b58a
3,10,9,190.73,34.82,11.6,9.19,4.6,0.37867945432662964,-0.025442419573664665,136.15600996550506,-1.271846561346509,136.15600996550506,-1.271846561346509,0.6375613589648838,0.6483687785797458,3.626083268083171,13.05191986392461,-13.05191986392461,1075.1817788719882,391.5274081333416,119.94714354946716,-83.31039833736682,0.0,0.0,13.05191986392461,119.94714354946716,0.0,186.33,21.75,5.3,0.6375613589648838,12.0,0.0,0.0,0.0,inferred_20260921_seed2,2,11ed1195aabfcd298bcaf379e7f064ad8010cd8ca67a057b647baa8bf9ef6e77,1500,pre_fed,A2C-MADRL,deterministic,62b08b4d6b7e35bc46bd64ee1392b54a3070b0977426fbb5562f0fea0366b58a
1,11,10,320.0,27.17,36.64,12.3,6.15,3.233537435531616,-0.8705083131790161,199.68972927703646,-35.08161498756965,199.68972927703646,-0.18947368421052882,0.9,0.9,5.266205111856518,61.95594951903058,-61.95594951903058,1528.220754092411,111.40639664265923,762.0581790840762,-375.71872360253565,0.0,0.0,61.95594951903058,762.0581790840762,0.0,362.4,34.82,11.6,0.9,9.19,0.0,0.0,0.0,inferred_20260921_seed2,2,11ed1195aabfcd298bcaf379e7f064ad8010cd8ca67a057b647baa8bf9ef6e77,1500,pre_fed,A2C-MADRL,deterministic,62b08b4d6b7e35bc46bd64ee1392b54a3070b0977426fbb5562f0fea0366b58a
2,11,10,173.55,27.17,36.64,12.3,6.15,-0.31296858191490173,0.158929705619812,97.56105615225864,7.880248586747313,97.56105615225864,-0.02105263157894797,0.1,0.1,3.2270000704135935,15.426996549733929,-15.426996549733929,991.4848124941647,1090.2561177506923,189.75205756172733,-127.02324450767443,0.0,0.0,15.426996549733929,189.75205756172733,0.0,169.0,34.82,11.6,0.1,9.19,0.0,0.0,0.0,inferred_20260921_seed2,2,11ed1195aabfcd298bcaf379e7f064ad8010cd8ca67a057b647baa8bf9ef6e77,1500,pre_fed,A2C-MADRL,deterministic,62b08b4d6b7e35bc46bd64ee1392b54a3070b0977426fbb5562f0fea0366b58a
3,11,10,195.87,27.17,36.64,12.3,6.15,0.3637818396091461,-0.033983610570430756,134.85408224672844,-1.6985267107396156,134.85408224672844,-1.6985267107396156,0.6483687785797458,0.6632080447746127,3.9393111107197756,2.8437555747310057,-2.8437555747310057,1064.2656410902625,376.0837229434622,34.97819356919137,-44.54717438681061,0.0,0.0,2.8437555747310057,34.97819356919137,0.0,190.73,34.82,11.6,0.6483687785797458,9.19,0.0,0.0,0.0,inferred_20260921_seed2,2,11ed1195aabfcd298bcaf379e7f064ad8010cd8ca67a057b647baa8bf9ef6e77,1500,pre_fed,A2C-MADRL,deterministic,62b08b4d6b7e35bc46bd64ee1392b54a3070b0977426fbb5562f0fea0366b58a
1,12,11,350.0,30.2,42.68,20.7,10.35,3.2669413089752197,-0.8754966259002686,199.70975141931166,-35.20780362589097,199.70975141931166,-0.18947368421052882,0.9,0.9,5.448005554702022,83.04772781960094,-83.04772781960094,1528.400055095365,111.40639664265923,1719.0879658657393,-806.3857136743432,21.027040727014736,0.0,62.0206870925862,1501.4580943411368,0.0,320.0,27.17,36.64,0.9,12.3,0.0,0.0,0.0,inferred_20260921_seed2,2,11ed1195aabfcd298bcaf379e7f064ad8010cd8ca67a057b647baa8bf9ef6e77,1500,pre_fed,A2C-MADRL,deterministic,62b08b4d6b7e35bc46bd64ee1392b54a3070b0977426fbb5562f0fea0366b58a
2,12,11,168.35,30.2,42.68,20.7,10.35,-0.28598377108573914,0.15788578987121582,101.01922567183888,7.8293409504022335,101.01922567183888,-0.02105263157894797,0.1,0.1,3.4775634608051984,-2.0506095794547434,2.0506095794547434,1016.3463198766129,1090.2561177506923,42.44761829471319,-61.233476985167044,0.0,2.0506095794547434,0.0,-21.223809147356594,0.0,173.55,27.17,36.64,0.1,12.3,2.0506095794547434,0.0,0.0,inferred_20260921_seed2,2,11ed1195aabfcd298bcaf379e7f064ad8010cd8ca67a057b647baa8bf9ef6e77,1500,pre_fed,A2C-MADRL,deterministic,62b08b4d6b7e35bc46bd64ee1392b54a3070b0977426fbb5562f0fea0366b58a
3,12,11,190.0,30.2,42.68,20.7,10.35,0.4427376091480255,-0.024601975455880165,141.59110693050553,-1.2298506574851213,141.59110693050553,-1.2298506574851213,0.6632080447746127,0.6735652099311722,4.264825125460408,-18.976431147559992,18.976431147559992,1121.1007261033926,362.9471483434164,392.81212475449183,-206.4464136284575,0.0,18.976431147559992,0.0,-196.40606237724592,0.0,195.87,27.17,36.64,0.6632080447746127,12.3,18.976431147559992,0.0,0.0,inferred_20260921_seed2,2,11ed1195aabfcd298bcaf379e7f064ad8010cd8ca67a057b647baa8bf9ef6e77,1500,pre_fed,A2C-MADRL,deterministic,62b08b4d6b7e35bc46bd64ee1392b54a3070b0977426fbb5562f0fea0366b58a
1,13,12,345.2,23.52,35.22,26.82,13.41,3.346586227416992,-0.8953229784965515,199.75243786196003,-35.7006454475004,199.75243786196003,-0.18947368421052882,0.9,0.9,5.166059283554991,92.06309510580547,-92.06309510580547,1528.7823396679605,111.40639664265923,2469.1322107377027,-1143.9132695581786,11.713984794890138,0.0,80.34911031091534,2312.047674638226,0.0,350.0,30.2,42.68,0.9,20.7,0.0,0.0,0.0,inferred_20260921_seed2,2,11ed1195aabfcd298bcaf379e7f064ad8010cd8ca67a057b647baa8bf9ef6e77,1500,pre_fed,A2C-MADRL,deterministic,62b08b4d6b7e35bc46bd64ee1392b54a3070b0977426fbb5562f0fea0366b58a
2,13,12,168.35,23.52,35.22,26.82,13.41,-0.3299499750137329,0.18847522139549255,95.41338428866139,9.313737676909811,95.41338428866139,-0.02105263157894797,0.1,0.1,3.082646633141649,17.300314976059212,-17.300314976059212,976.1362484103566,1090.2561177506923,463.9944476579081,-250.12534876927964,0.0,0.0,17.300314976059212,463.9944476579081,0.0,168.35,30.2,42.68,0.1,20.7,0.0,0.0,0.0,inferred_20260921_seed2,2,11ed1195aabfcd298bcaf379e7f064ad8010cd8ca67a057b647baa8bf9ef6e77,1500,pre_fed,A2C-MADRL,deterministic,62b08b4d6b7e35bc46bd64ee1392b54a3070b0977426fbb5562f0fea0366b58a
3,13,12,190.0,23.52,35.22,26.82,13.41,0.5229393243789673,-0.01812085509300232,147.99654032612656,-0.9059435966468333,147.99654032612656,-0.9059435966468333,0.6735652099311722,0.6808245436794548,4.116611934589595,-11.713984794890138,11.713984794890138,1175.9381708055719,353.8179425649595,314.1690721989535,-171.9712047569397,0.0,11.713984794890138,0.0,-157.08453609947674,0.0,190.0,30.2,42.68,0.6735652099311722,20.7,11.713984794890138,0.0,0.0,inferred_20260921_seed2,2,11ed1195aabfcd298bcaf379e7f064ad8010cd8ca67a057b647baa8bf9ef6e77,1500,pre_fed,A2C-MADRL,deterministic,62b08b4d6b7e35bc46bd64ee1392b54a3070b0977426fbb5562f0fea0366b58a
1,14,13,320.6,39.48,35.46,27.35,13.68,3.365001916885376,-0.8995778560638428,199.76137936340524,-35.8046129413444,199.76137936340524,-0.18947368421052882,0.9,0.9,5.490238113583894,51.57833243438921,-51.57833243438921,1528.8624203085574,111.40639664265923,1410.667392080545,-667.6057027752695,33.5930774267232,0.0,17.985255007666012,951.4500236572387,0.0,345.2,23.52,35.22,0.9,26.82,0.0,0.0,0.0,inferred_20260921_seed2,2,11ed1195aabfcd298bcaf379e7f064ad8010cd8ca67a057b647baa8bf9ef6e77,1500,pre_fed,A2C-MADRL,deterministic,62b08b4d6b7e35bc46bd64ee1392b54a3070b0977426fbb5562f0fea0366b58a
2,14,13,165.75,39.48,35.46,27.35,13.68,-0.34511861205101013,0.2031790167093277,93.51448502013844,10.02142829264154,93.51448502013844,-0.02105263157894797,0.1,0.1,3.3686686477711896,0.6852362592117061,-0.6852362592117061,962.6239626196073,1090.2561177506923,18.74121168944016,-49.491146867654074,0.0,0.0,0.6852362592117061,18.74121168944016,0.0,168.35,23.52,35.22,0.1,26.82,0.0,0.0,0.0,inferred_20260921_seed2,2,11ed1195aabfcd298bcaf379e7f064ad8010cd8ca67a057b647baa8bf9ef6e77,1500,pre_fed,A2C-MADRL,deterministic,62b08b4d6b7e35bc46bd64ee1392b54a3070b0977426fbb5562f0fea0366b58a
3,14,13,187.07,39.48,35.46,27.35,13.68,0.5598925948143005,-0.01126784272491932,150.78977383137055,-0.5633682938978984,150.78977383137055,-0.5633682938978984,0.6808245436794548,0.6848148933841259,4.503328110749453,-33.5930774267232,33.5930774267232,1200.0953669353637,348.30264774967213,918.7706676208795,-444.41476072309655,0.0,33.5930774267232,0.0,-459.5532991975733,0.0,190.0,23.52,35.22,0.6808245436794548,26.82,33.5930774267232,0.0,0.0,inferred_20260921_seed2,2,11ed1195aabfcd298bcaf379e7f064ad8010cd8ca67a057b647baa8bf9ef6e77,1500,pre_fed,A2C-MADRL,deterministic,62b08b4d6b7e35bc46bd64ee1392b54a3070b0977426fbb5562f0fea0366b58a
1,15,14,333.2,35.74,34.83,13.81,6.91,3.3771398067474365,-0.903647780418396,199.7670956552475,-35.903470056421774,199.7670956552475,-0.18947368421052882,0.9,0.9,5.402952439420739,68.4553304683838,-68.4553304683838,1528.9136164509312,111.40639664265923,945.3681137683805,-458.22205145764303,23.928808939839655,0.0,44.52652152854415,780.2593320834867,0.0,320.6,39.48,35.46,0.9,27.35,0.0,0.0,0.0,inferred_20260921_seed2,2,11ed1195aabfcd298bcaf379e7f064ad8010cd8ca67a057b647baa8bf9ef6e77,1500,pre_fed,A2C-MADRL,deterministic,62b08b4d6b7e35bc46bd64ee1392b54a3070b0977426fbb5562f0fea0366b58a
2,15,14,170.3,35.74,34.83,13.81,6.91,-0.3887421488761902,0.21903309226036072,88.16145256581775,10.779814488421023,88.16145256581775,-0.02105263157894797,0.1,0.1,3.1742079986847758,14.76380806444601,-14.76380806444601,924.8276076345583,1090.2561177506923,203.88818936999942,-132.05135972420476,0.0,0.0,14.76380806444601,203.88818936999942,0.0,165.75,39.48,35.46,0.1,27.35,0.0,0.0,0.0,inferred_20260921_seed2,2,11ed1195aabfcd298bcaf379e7f064ad8010cd8ca67a057b647baa8bf9ef6e77,1500,pre_fed,A2C-MADRL,deterministic,62b08b4d6b7e35bc46bd64ee1392b54a3070b0977426fbb5562f0fea0366b58a
3,15,14,192.2,35.74,34.83,13.81,6.91,0.5607850551605225,-0.017729196697473526,150.85596792691334,-0.8863669678933045,150.85596792691334,-0.8863669678933045,0.6848148933841259,0.691865749792344,4.410792019180401,-23.928808939839655,23.928808939839655,1200.6696427174425,341.51903133023205,330.45685145918566,-179.54935663758704,0.0,23.928808939839655,0.0,-165.34806977429201,0.0,187.07,39.48,35.46,0.6848148933841259,27.35,23.928808939839655,0.0,0.0,inferred_20260921_seed2,2,11ed1195aabfcd298bcaf379e7f064ad8010cd8ca67a057b647baa8bf9ef6e77,1500,pre_fed,A2C-MADRL,deterministic,62b08b4d6b7e35bc46bd64ee1392b54a3070b0977426fbb5562f0fea0366b58a
1,16,15,316.8,18.06,23.62,17.31,8.66,3.2963476181030273,-0.8839693069458008,199.72630673574224,-35.42011302256062,199.72630673574224,-0.18947368421052882,0.9,0.9,4.824336661030634,80.40750360949892,-80.40750360949892,1528.548315107074,111.40639664265923,1391.8538874804262,-659.1333436011864,0.0,0.0,80.40750360949892,1391.8538874804262,0.0,333.2,35.74,34.83,0.9,13.81,0.0,0.0,0.0,inferred_20260921_seed2,2,11ed1195aabfcd298bcaf379e7f064ad8010cd8ca67a057b647baa8bf9ef6e77,1500,pre_fed,A2C-MADRL,deterministic,62b08b4d6b7e35bc46bd64ee1392b54a3070b0977426fbb5562f0fea0366b58a
2,16,15,172.25,18.06,23.62,17.31,8.66,-0.3197137713432312,0.17224323749542236,96.7052675716527,8.527992803430836,96.7052675716527,-0.02105263157894797,0.1,0.1,2.7672842988014748,36.65306935872775,-36.65306935872775,985.3604265053849,1090.2561177506923,634.4646305995773,-327.02141465493133,0.0,0.0,36.65306935872775,634.4646305995773,0.0,170.3,35.74,34.83,0.1,13.81,0.0,0.0,0.0,inferred_20260921_seed2,2,11ed1195aabfcd298bcaf379e7f064ad8010cd8ca67a057b647baa8bf9ef6e77,1500,pre_fed,A2C-MADRL,deterministic,62b08b4d6b7e35bc46bd64ee1392b54a3070b0977426fbb5562f0fea0366b58a
3,16,15,194.4,18.06,23.62,17.31,8.66,0.45018652081489563,-0.028525132685899734,142.20523135230977,-1.425869919808156,142.20523135230977,-1.425869919808156,0.691865749792344,0.7040277825309368,3.6491872286500326,15.589825796148403,-15.589825796148403,1126.324508484577,329.83200299656204,269.8598845313288,-150.56007826872076,0.0,0.0,15.589825796148403,269.8598845313288,0.0,192.2,35.74,34.83,0.691865749792344,13.81,0.0,0.0,0.0,inferred_20260921_seed2,2,11ed1195aabfcd298bcaf379e7f064ad8010cd8ca67a057b647baa8bf9ef6e77,1500,pre_fed,A2C-MADRL,deterministic,62b08b4d6b7e35bc46bd64ee1392b54a3070b0977426fbb5562f0fea0366b58a
1,17,16,291.3,24.27,14.18,16.42,8.21,3.2803802490234375,-0.8784694075584412,199.71743790322012,-35.28258537291749,199.71743790322012,-0.18947368421052882,0.9,0.9,4.759559284380193,58.08159506537061,-58.08159506537061,1528.4688903276942,111.40639664265923,953.6997909733855,-461.96241167743057,0.0,0.0,58.08159506537061,953.6997909733855,0.0,316.8,18.06,23.62,0.9,17.31,0.0,0.0,0.0,inferred_20260921_seed2,2,11ed1195aabfcd298bcaf379e7f064ad8010cd8ca67a057b647baa8bf9ef6e77,1500,pre_fed,A2C-MADRL,deterministic,62b08b4d6b7e35bc46bd64ee1392b54a3070b0977426fbb5562f0fea0366b58a
2,17,16,165.75,24.27,14.18,16.42,8.21,-0.2968786656856537,0.16970530152320862,99.61649968803816,8.404734426802671,99.61649968803816,-0.02105263157894797,0.1,0.1,2.760908941129184,30.465461884669963,-30.465461884669963,1006.2399155047932,1090.2561177506923,500.24288414628086,-267.0392185309361,0.0,0.0,30.465461884669963,500.24288414628086,0.0,172.25,18.06,23.62,0.1,17.31,0.0,0.0,0.0,inferred_20260921_seed2,2,11ed1195aabfcd298bcaf379e7f064ad8010cd8ca67a057b647baa8bf9ef6e77,1500,pre_fed,A2C-MADRL,deterministic,62b08b4d6b7e35bc46bd64ee1392b54a3070b0977426fbb5562f0fea0366b58a
3,17,16,187.07,24.27,14.18,16.42,8.21,0.4654536843299866,-0.019069263711571693,143.45186693168404,-0.9533476309467357,143.45186693168404,-0.9533476309467357,0.7040277825309368,0.7116765294598689,3.618970386014747,9.740451085277414,-9.740451085277414,1136.9505090718471,320.0092802247868,159.93820682025515,-101.11138885504751,0.0,0.0,9.740451085277414,159.93820682025515,0.0,194.4,18.06,23.62,0.7040277825309368,17.31,0.0,0.0,0.0,inferred_20260921_seed2,2,11ed1195aabfcd298bcaf379e7f064ad8010cd8ca67a057b647baa8bf9ef6e77,1500,pre_fed,A2C-MADRL,deterministic,62b08b4d6b7e35bc46bd64ee1392b54a3070b0977426fbb5562f0fea0366b58a
1,18,17,413.8,26.26,4.67,9.83,4.92,3.263237714767456,-0.8751935362815857,199.7075966661353,-35.20016164801218,199.7075966661353,-0.18947368421052882,0.9,0.9,4.608962459638495,187.96083947771376,-187.96083947771376,1528.3807586762202,111.40639664265923,1847.6550520659264,-864.2405165360444,0.0,0.0,187.96083947771376,1847.6550520659264,0.0,291.3,24.27,14.18,0.9,16.42,0.0,0.0,0.0,inferred_20260921_seed2,2,11ed1195aabfcd298bcaf379e7f064ad8010cd8ca67a057b647baa8bf9ef6e77,1500,pre_fed,A2C-MADRL,deterministic,62b08b4d6b7e35bc46bd64ee1392b54a3070b0977426fbb5562f0fea0366b58a
2,18,17,164.25,26.26,4.67,9.83,4.92,-0.3177327513694763,0.17428086698055267,96.95624028575222,8.626875975409451,96.95624028575222,-0.02105263157894797,0.1,0.1,2.5573037530834655,38.94211609891019,-38.94211609891019,987.1553400537214,1090.2561177506923,382.80100125228716,-213.8086797196175,0.0,0.0,38.94211609891019,382.80100125228716,0.0,165.75,24.27,14.18,0.1,16.42,0.0,0.0,0.0,inferred_20260921_seed2,2,11ed1195aabfcd298bcaf379e7f064ad8010cd8ca67a057b647baa8bf9ef6e77,1500,pre_fed,A2C-MADRL,deterministic,62b08b4d6b7e35bc46bd64ee1392b54a3070b0977426fbb5562f0fea0366b58a
3,18,17,185.6,26.26,4.67,9.83,4.92,0.43635785579681396,-0.02429332211613655,141.0620933432034,-1.2144272108586966,141.0620933432034,-1.2144272108586966,0.7116765294598689,0.7217902349041069,3.4155533226468937,18.237887190302217,-18.237887190302217,1116.6066470184946,309.84246053903337,179.2784310806708,-109.20427613745242,0.0,0.0,18.237887190302217,179.2784310806708,0.0,187.07,24.27,14.18,0.7116765294598689,16.42,0.0,0.0,0.0,inferred_20260921_seed2,2,11ed1195aabfcd298bcaf379e7f064ad8010cd8ca67a057b647baa8bf9ef6e77,1500,pre_fed,A2C-MADRL,deterministic,62b08b4d6b7e35bc46bd64ee1392b54a3070b0977426fbb5562f0fea0366b58a
1,19,18,539.8,26.77,0.18,8.63,4.32,3.2334485054016113,-0.8704484105110168,199.68967417293112,-35.080094258139724,199.68967417293112,-0.18947368421052882,0.9,0.9,4.529004009774412,317.8788035210538,-317.8788035210538,1528.2202606366263,111.40639664265923,2743.2940743866943,-1267.2748666195982,0.0,0.0,317.8788035210538,2743.2940743866943,0.0,413.8,26.26,4.67,0.9,9.83,0.0,0.0,0.0,inferred_20260921_seed2,2,11ed1195aabfcd298bcaf379e7f064ad8010cd8ca67a057b647baa8bf9ef6e77,1500,pre_fed,A2C-MADRL,deterministic,62b08b4d6b7e35bc46bd64ee1392b54a3070b0977426fbb5562f0fea0366b58a
2,19,18,162.5,26.77,0.18,8.63,4.32,-0.2965197265148163,0.15336200594902039,99.66257474241897,7.608542885454152,99.66257474241897,-0.02105263157894797,0.1,0.1,2.5318304422168003,38.440308331376784,-38.440308331376784,1006.5714034495304,1090.2561177506923,331.73986089978166,-191.2194878289062,0.0,0.0,38.440308331376784,331.73986089978166,0.0,164.25,26.26,4.67,0.1,9.83,0.0,0.0,0.0,inferred_20260921_seed2,2,11ed1195aabfcd298bcaf379e7f064ad8010cd8ca67a057b647baa8bf9ef6e77,1500,pre_fed,A2C-MADRL,deterministic,62b08b4d6b7e35bc46bd64ee1392b54a3070b0977426fbb5562f0fea0366b58a
3,19,18,183.4,26.77,0.18,8.63,4.32,0.35209301114082336,-0.033167462795972824,133.8230425776664,-1.6577652925698523,133.8230425776664,-1.6577652925698523,0.7217902349041069,0.7360954247137123,3.1823055457019316,27.46702826060536,-27.46702826060536,1055.6436412613089,295.80512900409394,237.0404538890243,-133.69717965536898,0.0,0.0,27.46702826060536,237.0404538890243,0.0,185.6,26.26,4.67,0.7217902349041069,9.83,0.0,0.0,0.0,inferred_20260921_seed2,2,11ed1195aabfcd298bcaf379e7f064ad8010cd8ca67a057b647baa8bf9ef6e77,1500,pre_fed,A2C-MADRL,deterministic,62b08b4d6b7e35bc46bd64ee1392b54a3070b0977426fbb5562f0fea0366b58a
1,20,19,557.2,26.22,0.0,8.87,4.44,3.259866952896118,-0.8785876035690308,199.70562167382639,-35.28555217430812,199.70562167382639,-0.18947368421052882,0.9,0.9,4.5147229597923175,335.9785749701765,-335.9785749701765,1528.3630721321356,111.40639664265923,2980.1299599854656,-1373.8538713689554,0.0,0.0,335.9785749701765,2980.1299599854656,0.0,539.8,26.77,0.18,0.9,8.63,0.0,0.0,0.0,inferred_20260921_seed2,2,11ed1195aabfcd298bcaf379e7f064ad8010cd8ca67a057b647baa8bf9ef6e77,1500,pre_fed,A2C-MADRL,deterministic,62b08b4d6b7e35bc46bd64ee1392b54a3070b0977426fbb5562f0fea0366b58a
2,20,19,165.75,26.22,0.0,8.87,4.44,-0.2947179675102234,0.14978627860546112,99.89400049096669,7.433802154565697,99.89400049096669,-0.02105263157894797,0.1,0.1,2.5218589571877548,42.178911097800025,-42.178911097800025,1008.2368889277691,1090.2561177506923,374.1269414374862,-210.326983780438,0.0,0.0,42.178911097800025,374.1269414374862,0.0,162.5,26.77,0.18,0.1,8.63,0.0,0.0,0.0,inferred_20260921_seed2,2,11ed1195aabfcd298bcaf379e7f064ad8010cd8ca67a057b647baa8bf9ef6e77,1500,pre_fed,A2C-MADRL,deterministic,62b08b4d6b7e35bc46bd64ee1392b54a3070b0977426fbb5562f0fea0366b58a
3,20,19,187.07,26.22,0.0,8.87,4.44,0.32878175377845764,-0.03575838357210159,131.7425704056124,-1.7871575200625582,131.7425704056124,-1.7871575200625582,0.7360954247137123,0.7516012303048791,3.123508257710997,34.01809537216113,-34.01809537216113,1038.3073301988466,279.68056300525575,301.74050595106917,-162.14298554206317,0.0,0.0,34.01809537216113,301.74050595106917,0.0,183.4,26.77,0.18,0.7360954247137123,8.63,0.0,0.0,0.0,inferred_20260921_seed2,2,11ed1195aabfcd298bcaf379e7f064ad8010cd8ca67a057b647baa8bf9ef6e77,1500,pre_fed,A2C-MADRL,deterministic,62b08b4d6b7e35bc46bd64ee1392b54a3070b0977426fbb5562f0fea0366b58a
1,21,20,557.1,32.84,0.0,8.35,4.18,3.266525983810425,-0.8802926540374756,199.7095105743952,-35.32829507464341,199.7095105743952,-0.18947368421052882,0.9,0.9,4.6472007378036935,329.38716384761904,-329.38716384761904,1528.3978982578428,111.40639664265923,2750.382818127619,-1270.4683540554386,0.0,0.0,329.38716384761904,2750.382818127619,0.0,557.2,26.22,0.0,0.9,8.87,0.0,0.0,0.0,inferred_20260921_seed2,2,11ed1195aabfcd298bcaf379e7f064ad8010cd8ca67a057b647baa8bf9ef6e77,1500,pre_fed,A2C-MADRL,deterministic,62b08b4d6b7e35bc46bd64ee1392b54a3070b0977426fbb5562f0fea0366b58a
2,21,20,169.0,32.84,0.0,8.35,4.18,-0.29491743445396423,0.15047599375247955,99.86836830401101,7.467522156089669,99.86836830401101,-0.02105263157894797,0.1,0.1,2.653746313448641,38.966430641016586,-38.966430641016586,1008.052383473345,1090.2561177506923,325.36969585248846,-188.38253315810056,0.0,0.0,38.966430641016586,325.36969585248846,0.0,165.75,26.22,0.0,0.1,8.87,0.0,0.0,0.0,inferred_20260921_seed2,2,11ed1195aabfcd298bcaf379e7f064ad8010cd8ca67a057b647baa8bf9ef6e77,1500,pre_fed,A2C-MADRL,deterministic,62b08b4d6b7e35bc46bd64ee1392b54a3070b0977426fbb5562f0fea0366b58a
3,21,20,190.73,32.84,0.0,8.35,4.18,0.33272573351860046,-0.03581291064620018,132.0967839197911,-1.78988038534267,132.0967839197911,-1.78988038534267,0.7516012303048791,0.7671018915050247,3.2629380706889686,30.846034536240523,-30.846034536240523,1041.25313763253,263.36283917826466,257.56438837760834,-141.99629430613965,0.0,0.0,30.846034536240523,257.56438837760834,0.0,187.07,26.22,0.0,0.7516012303048791,8.87,0.0,0.0,0.0,inferred_20260921_seed2,2,11ed1195aabfcd298bcaf379e7f064ad8010cd8ca67a057b647baa8bf9ef6e77,1500,pre_fed,A2C-MADRL,deterministic,62b08b4d6b7e35bc46bd64ee1392b54a3070b0977426fbb5562f0fea0366b58a
1,22,21,535.0,36.02,0.0,16.44,8.22,3.272891044616699,-0.8825514912605286,199.71317983225322,-35.384762145136136,199.71317983225322,-0.18947368421052882,0.9,0.9,4.710874122960854,304.16716797491813,-304.16716797491813,1528.4307576500387,111.40639664265923,5000.508241507654,-2283.0254517642984,0.0,0.0,304.16716797491813,5000.508241507654,0.0,557.1,32.84,0.0,0.9,8.35,0.0,0.0,0.0,inferred_20260921_seed2,2,11ed1195aabfcd298bcaf379e7f064ad8010cd8ca67a057b647baa8bf9ef6e77,1500,pre_fed,A2C-MADRL,deterministic,62b08b4d6b7e35bc46bd64ee1392b54a3070b0977426fbb5562f0fea0366b58a
2,22,21,161.2,36.02,0.0,16.44,8.22,-0.31187552213668823,0.15564370155334473,97.70006859430342,7.719947048231797,97.70006859430342,-0.02105263157894797,0.1,0.1,2.6739803192544893,30.174964356530012,-30.174964356530012,992.4806954809635,1090.2561177506923,496.07641402135346,-264.88912257424215,0.0,0.0,30.174964356530012,496.07641402135346,0.0,169.0,32.84,0.0,0.1,8.35,0.0,0.0,0.0,inferred_20260921_seed2,2,11ed1195aabfcd298bcaf379e7f064ad8010cd8ca67a057b647baa8bf9ef6e77,1500,pre_fed,A2C-MADRL,deterministic,62b08b4d6b7e35bc46bd64ee1392b54a3070b0977426fbb5562f0fea0366b58a
3,22,21,181.93,36.02,0.0,16.44,8.22,0.32877346873283386,-0.040006373077631,131.7418253784462,-1.9992521600557978,131.7418253784462,-1.9992521600557978,0.7671018915050247,0.7845605832425447,3.3152514643678086,19.482678245977382,-19.482678245977382,1038.3011367121999,245.8156489934698,320.2952303638682,-169.8151893778541,0.0,0.0,19.482678245977382,320.2952303638682,0.0,190.73,32.84,0.0,0.7671018915050247,8.35,0.0,0.0,0.0,inferred_20260921_seed2,2,11ed1195aabfcd298bcaf379e7f064ad8010cd8ca67a057b647baa8bf9ef6e77,1500,pre_fed,A2C-MADRL,deterministic,62b08b4d6b7e35bc46bd64ee1392b54a3070b0977426fbb5562f0fea0366b58a
1,23,22,437.8,37.23,0.0,16.19,8.1,3.335167407989502,-0.8971728086471558,199.74672631609712,-35.745923594316004,199.74672631609712,-0.18947368421052882,0.9,0.9,4.735745052637732,205.74849242075115,-205.74849242075115,1528.7311873874578,111.40639664265923,3331.0680922919614,-1531.783393211985,9.014204549569484,0.0,196.73428787118166,3258.1431774859443,0.0,535.0,36.02,0.0,0.9,16.44,0.0,0.0,0.0,inferred_20260921_seed2,2,11ed1195aabfcd298bcaf379e7f064ad8010cd8ca67a057b647baa8bf9ef6e77,1500,pre_fed,A2C-MADRL,deterministic,62b08b4d6b7e35bc46bd64ee1392b54a3070b0977426fbb5562f0fea0366b58a
2,23,22,148.0,37.23,0.0,16.19,8.1,-0.36166244745254517,0.1880340725183487,91.46514692790169,9.292443840062074,91.46514692790169,-0.02105263157894797,0.1,0.1,2.5734818859264545,21.899387589603734,-21.899387589603734,948.1026701298056,1090.2561177506923,354.55108507568445,-200.31516404166797,0.0,0.0,21.899387589603734,354.55108507568445,0.0,161.2,36.02,0.0,0.1,16.44,0.0,0.0,0.0,inferred_20260921_seed2,2,11ed1195aabfcd298bcaf379e7f064ad8010cd8ca67a057b647baa8bf9ef6e77,1500,pre_fed,A2C-MADRL,deterministic,62b08b4d6b7e35bc46bd64ee1392b54a3070b0977426fbb5562f0fea0366b58a
3,23,22,161.39,37.23,0.0,16.19,8.1,0.4043472707271576,-0.03430161625146866,138.3662498509168,-1.7144084738050827,138.3662498509168,-1.7144084738050827,0.7845605832425447,0.7992783425772079,3.4776368275422342,-9.014204549569484,9.014204549569484,1093.7874930629866,229.85325364485539,145.93997165752995,-92.14580218004532,0.0,9.014204549569484,0.0,-73.01505685151282,0.0,181.93,36.02,0.0,0.7845605832425447,16.44,9.014204549569484,0.0,0.0,inferred_20260921_seed2,2,11ed1195aabfcd298bcaf379e7f064ad8010cd8ca67a057b647baa8bf9ef6e77,1500,pre_fed,A2C-MADRL,deterministic,62b08b4d6b7e35bc46bd64ee1392b54a3070b0977426fbb5562f0fea0366b58a
1,24,23,447.3,44.12,0.0,8.87,4.44,3.3112051486968994,-0.890748918056488,199.73430925723062,-35.58817198024424,199.73430925723062,-0.18947368421052882,0.9,0.9,4.873296711460402,208.5084611384403,-208.5084611384403,1528.6199827365097,111.40639664265923,1849.4700502979654,-865.0620502216678,54.00386989337542,0.0,154.5045912450649,1610.2329066703123,0.0,437.8,37.23,0.0,0.9,16.19,0.0,0.0,0.0,inferred_20260921_seed2,2,11ed1195aabfcd298bcaf379e7f064ad8010cd8ca67a057b647baa8bf9ef6e77,1500,pre_fed,A2C-MADRL,deterministic,62b08b4d6b7e35bc46bd64ee1392b54a3070b0977426fbb5562f0fea0366b58a
2,24,23,119.6,44.12,0.0,8.87,4.44,-0.3624333441257477,0.18718162178993225,91.37021784566417,9.251286967347069,91.37021784566417,-0.02105263157894797,0.1,0.1,2.7093833042817046,-13.159781909803513,13.159781909803513,947.4315643530199,1090.2561177506923,116.72726553995714,-93.28102313505497,0.0,13.159781909803513,0.0,-58.4294316795276,0.0,148.0,37.23,0.0,0.1,16.19,13.159781909803513,0.0,0.0,inferred_20260921_seed2,2,11ed1195aabfcd298bcaf379e7f064ad8010cd8ca67a057b647baa8bf9ef6e77,1500,pre_fed,A2C-MADRL,deterministic,62b08b4d6b7e35bc46bd64ee1392b54a3070b0977426fbb5562f0fea0366b58a
3,24,23,134.98,44.12,0.0,8.87,4.44,0.38953205943107605,-0.03608245775103569,137.0956750166865,-1.8033403395723242,137.0956750166865,-1.8033403395723242,0.7992783425772079,0.8148115191179905,3.588246693542284,-40.84408798357191,40.84408798357191,1083.0805008756172,214.33037699224084,362.2870604142828,-188.97739474378443,0.0,40.84408798357191,0.0,-181.34775064705929,0.0,161.39,37.23,0.0,0.7992783425772079,16.19,40.84408798357191,0.0,0.0,inferred_20260921_seed2,2,11ed1195aabfcd298bcaf379e7f064ad8010cd8ca67a057b647baa8bf9ef6e77,1500,pre_fed,A2C-MADRL,deterministic,62b08b4d6b7e35bc46bd64ee1392b54a3070b0977426fbb5562f0fea0366b58a
1,1,0,457.7,51.48,0.0,8.65,4.33,-0.03319224715232849,-2.6163785457611084,96.68199370574023,-49.468956579667456,96.68199370574023,-42.21052631578948,0.5,0.9,2.119029347799015,353.86756195784824,-353.86756195784824,691.7350080428602,224.10347285318556,3060.9544109353874,-1395.7462545388453,2.109995232714212,0.0,351.757566725134,3051.8392315300616,-5.684341886080802e-14,447.3,44.12,0.0,0.5,8.87,0.0,0.0,0.0,inferred_20260921_seed2,2,11ed1195aabfcd298bcaf379e7f064ad8010cd8ca67a057b647baa8bf9ef6e77,1500,pre_fed,TRPO-MADRL,deterministic,42ca27a68052e4de81d98fc588576a7a84744cb71471ee696c22bec69ed9382a
2,1,0,110.5,51.48,0.0,8.65,4.33,-1.1766517162322998,6.406449317932129,24.304995671460393,49.99972746163786,24.304995671460393,37.905,0.5,0.09999999999999992,2.2737999134292077,-0.9161957580311935,0.9161957580311935,507.5419448047768,876.5690861075,7.925093306969824,-31.248512606381958,0.0,0.9161957580311935,0.0,-3.967127632275068,0.0,119.6,44.12,0.0,0.5,8.87,0.9161957580311935,0.0,0.0,inferred_20260921_seed2,2,11ed1195aabfcd298bcaf379e7f064ad8010cd8ca67a057b647baa8bf9ef6e77,1500,pre_fed,TRPO-MADRL,deterministic,42ca27a68052e4de81d98fc588576a7a84744cb71471ee696c22bec69ed9382a
3,1,0,124.71,51.48,0.0,8.65,4.33,-0.7075168490409851,8.545465469360352,39.0882647700847,49.999996219902634,39.0882647700847,37.905,0.5,0.09999999999999992,2.5694652954016943,-1.1937994746830185,1.1937994746830185,349.6177965201864,906.6071251325,10.32636545600811,-29.77136288825738,0.0,1.1937994746830185,0.0,-5.16915172537747,0.0,134.98,44.12,0.0,0.5,8.87,1.1937994746830185,0.0,0.0,inferred_20260921_seed2,2,11ed1195aabfcd298bcaf379e7f064ad8010cd8ca67a057b647baa8bf9ef6e77,1500,pre_fed,TRPO-MADRL,deterministic,42ca27a68052e4de81d98fc588576a7a84744cb71471ee696c22bec69ed9382a
1,2,1,336.5,38.37,0.0,8.11,4.06,-1.6663215160369873,-3.9764204025268555,6.893632317020105,-49.96484618806628,6.893632317020105,-0.18947368421052882,0.9,0.9,0.9014831726561916,292.3273245398466,-292.3273245398466,102.81650640218533,111.40639664265923,2370.7746020181557,-1071.133028969067,0.0,0.0,292.3273245398466,2370.7746020181557,0.0,457.7,51.48,0.0,0.9,8.65,0.0,0.0,0.0,inferred_20260921_seed2,2,11ed1195aabfcd298bcaf379e7f064ad8010cd8ca67a057b647baa8bf9ef6e77,1500,pre_fed,TRPO-MADRL,deterministic,42ca27a68052e4de81d98fc588576a7a84744cb71471ee696c22bec69ed9382a
2,2,1,109.85,38.37,0.0,8.11,4.06,-0.5445847511291504,10.595403671264648,70.49691566129304,49.999999937345926,70.49691566129304,-0.021052631578956735,0.09999999999999992,0.1,2.1769172605942817,3.181054230880193,-3.181054230880193,803.193075851086,1090.2561177506927,25.79834981243836,-49.47824128763284,0.0,0.0,3.181054230880193,25.79834981243836,0.0,110.5,51.48,0.0,0.09999999999999992,8.65,0.0,0.0,0.0,inferred_20260921_seed2,2,11ed1195aabfcd298bcaf379e7f064ad8010cd8ca67a057b647baa8bf9ef6e77,1500,pre_fed,TRPO-MADRL,deterministic,42ca27a68052e4de81d98fc588576a7a84744cb71471ee696c22bec69ed9382a
3,2,1,123.98,38.37,0.0,8.11,4.06,-0.1407865583896637,17.219697952270508,86.01362955860574,49.999999999999886,86.01362955860574,-0.021052631578956735,0.09999999999999992,0.1,2.487251538540536,2.104674611513744,-2.104674611513744,678.0234601990273,1127.9733287202218,17.06891109937646,-43.800945773104395,0.0,0.0,2.104674611513744,17.06891109937646,0.0,124.71,51.48,0.0,0.09999999999999992,8.65,0.0,0.0,0.0,inferred_20260921_seed2,2,11ed1195aabfcd298bcaf379e7f064ad8010cd8ca67a057b647baa8bf9ef6e77,1500,pre_fed,TRPO-MADRL,deterministic,42ca27a68052e4de81d98fc588576a7a84744cb71471ee696c22bec69ed9382a
1,3,2,274.9,43.56,0.0,8.25,4.13,-1.4058890342712402,-4.134788513183594,11.338203958003302,-49.97438719868718,11.338203958003302,-0.18947368421052882,0.9,0.9,1.0941746054758557,221.28544433168304,-221.28544433168304,128.89582107862446,111.40639664265923,1825.604915736385,-826.328256435799,21.608547701123413,0.0,199.6768966305596,1736.5776992077565,0.0,336.5,38.37,0.0,0.9,8.11,0.0,0.0,0.0,inferred_20260921_seed2,2,11ed1195aabfcd298bcaf379e7f064ad8010cd8ca67a057b647baa8bf9ef6e77,1500,pre_fed,TRPO-MADRL,deterministic,42ca27a68052e4de81d98fc588576a7a84744cb71471ee696c22bec69ed9382a
2,3,2,112.45,43.56,0.0,8.25,4.13,-0.4456444978713989,11.04771900177002,81.43629076882942,49.99999997464444,81.43629076882942,-0.02105263157894797,0.1,0.1,2.4995047627450093,-10.025733374505464,10.025733374505464,877.9603394187596,1090.2561177506923,82.71230033967008,-76.58486429624058,0.0,10.025733374505464,0.0,-41.406278836707564,0.0,109.85,38.37,0.0,0.1,8.11,10.025733374505464,0.0,0.0,inferred_20260921_seed2,2,11ed1195aabfcd298bcaf379e7f064ad8010cd8ca67a057b647baa8bf9ef6e77,1500,pre_fed,TRPO-MADRL,deterministic,42ca27a68052e4de81d98fc588576a7a84744cb71471ee696c22bec69ed9382a
3,3,2,126.91,43.56,0.0,8.25,4.13,-0.022201137617230415,17.363338470458984,97.78025092404626,49.999999999999915,97.78025092404626,-0.02105263157894797,0.1,0.1,2.8263839658493457,-11.58281432661795,11.58281432661795,766.9325438410185,1127.9733287202216,95.55821819459808,-80.89931563879395,0.0,11.58281432661795,0.0,-47.83702316893213,0.0,123.98,38.37,0.0,0.1,8.11,11.58281432661795,0.0,0.0,inferred_20260921_seed2,2,11ed1195aabfcd298bcaf379e7f064ad8010cd8ca67a057b647baa8bf9ef6e77,1500,pre_fed,TRPO-MADRL,deterministic,42ca27a68052e4de81d98fc588576a7a84744cb71471ee696c22bec69ed9382a
1,4,3,272.6,40.75,0.0,8.1,4.05,-1.4153947830200195,-4.313985347747803,11.136573234905711,-49.98210044668762,11.136573234905711,-0.18947368421052882,0.9,0.9,1.0339419910139038,221.93684244031874,-221.93684244031874,127.70578733733366,111.40639664265923,1797.6884237665818,-813.7420343745617,13.317903925037015,0.0,208.61893851528174,1743.750912870182,0.0,274.9,43.56,0.0,0.9,8.25,0.0,0.0,0.0,inferred_20260921_seed2,2,11ed1195aabfcd298bcaf379e7f064ad8010cd8ca67a057b647baa8bf9ef6e77,1500,pre_fed,TRPO-MADRL,deterministic,42ca27a68052e4de81d98fc588576a7a84744cb71471ee696c22bec69ed9382a
2,4,3,110.5,40.75,0.0,8.1,4.05,-0.48310667276382446,10.863396644592285,77.17805362650157,49.999999963341594,77.17805362650157,-0.02105263157894797,0.1,0.1,2.3581400198984523,-5.048860975024155,5.048860975024155,848.6403795065,1090.2561177506923,40.895773897695655,-57.18102819910689,0.0,5.048860975024155,0.0,-20.447886948847827,0.0,112.45,43.56,0.0,0.1,8.25,5.048860975024155,0.0,0.0,inferred_20260921_seed2,2,11ed1195aabfcd298bcaf379e7f064ad8010cd8ca67a057b647baa8bf9ef6e77,1500,pre_fed,TRPO-MADRL,deterministic,42ca27a68052e4de81d98fc588576a7a84744cb71471ee696c22bec69ed9382a
3,4,3,124.71,40.75,0.0,8.1,4.05,-0.05040310323238373,17.33156967163086,94.96395360097982,49.999999999999915,94.96395360097982,-0.02105263157894797,0.1,0.1,2.7138580193880175,-8.26904295001286,8.26904295001286,745.4130190152187,1127.9733287202216,66.97924789510417,-67.60838850750568,0.0,8.26904295001286,0.0,-33.48962394755208,0.0,126.91,43.56,0.0,0.1,8.25,8.26904295001286,0.0,0.0,inferred_20260921_seed2,2,11ed1195aabfcd298bcaf379e7f064ad8010cd8ca67a057b647baa8bf9ef6e77,1500,pre_fed,TRPO-MADRL,deterministic,42ca27a68052e4de81d98fc588576a7a84744cb71471ee696c22bec69ed9382a
1,5,4,245.3,27.74,0.0,8.14,4.07,-1.377192497253418,-4.294587135314941,11.96789586888255,-49.98139249299047,11.96789586888255,-0.18947368421052882,0.9,0.9,0.7903684436934404,206.57194625902144,-206.57194625902144,132.61653167538836,111.40639664265923,1681.4956425484347,-761.5534977131566,0.0,0.0,206.57194625902144,1681.4956425484347,0.0,272.6,40.75,0.0,0.9,8.1,0.0,0.0,0.0,inferred_20260921_seed2,2,11ed1195aabfcd298bcaf379e7f064ad8010cd8ca67a057b647baa8bf9ef6e77,1500,pre_fed,TRPO-MADRL,deterministic,42ca27a68052e4de81d98fc588576a7a84744cb71471ee696c22bec69ed9382a
2,5,4,113.75,27.74,0.0,8.14,4.07,-0.47150126099586487,10.97006607055664,78.48238896662718,49.999999970384316,78.48238896662718,-0.02105263157894797,0.1,0.1,2.1240267267009645,9.672690391652736,-9.672690391652736,857.5920582025506,1090.2561177506923,78.73569978805328,-74.38802842368884,0.0,0.0,9.672690391652736,78.73569978805328,0.0,110.5,40.75,0.0,0.1,8.1,0.0,0.0,0.0,inferred_20260921_seed2,2,11ed1195aabfcd298bcaf379e7f064ad8010cd8ca67a057b647baa8bf9ef6e77,1500,pre_fed,TRPO-MADRL,deterministic,42ca27a68052e4de81d98fc588576a7a84744cb71471ee696c22bec69ed9382a
3,5,4,128.38,27.74,0.0,8.14,4.07,-0.042411208152770996,17.325265884399414,95.76142020613662,49.999999999999915,95.76142020613662,-0.02105263157894797,0.1,0.1,2.4696073514911534,7.369239776933483,-7.369239776933483,751.4912225966683,1127.9733287202216,59.98561178423856,-64.58281632924515,0.0,0.0,7.369239776933483,59.98561178423856,0.0,124.71,40.75,0.0,0.1,8.1,0.0,0.0,0.0,inferred_20260921_seed2,2,11ed1195aabfcd298bcaf379e7f064ad8010cd8ca67a057b647baa8bf9ef6e77,1500,pre_fed,TRPO-MADRL,deterministic,42ca27a68052e4de81d98fc588576a7a84744cb71471ee696c22bec69ed9382a
1,6,5,233.7,30.15,0.0,8.13,4.07,-1.1670560836791992,-4.2519683837890625,17.667386969560226,-49.97973721304188,17.667386969560226,-0.18947368421052882,0.9,0.9,0.952558265706994,187.02464498035727,-187.02464498035727,166.5857596207752,111.40639664265923,1520.5103636903048,-689.7895067859058,19.77308382777622,0.0,167.25156115258105,1440.2316433495332,0.0,245.3,27.74,0.0,0.9,8.14,0.0,0.0,0.0,inferred_20260921_seed2,2,11ed1195aabfcd298bcaf379e7f064ad8010cd8ca67a057b647baa8bf9ef6e77,1500,pre_fed,TRPO-MADRL,deterministic,42ca27a68052e4de81d98fc588576a7a84744cb71471ee696c22bec69ed9382a
2,6,5,120.25,30.15,0.0,8.13,4.07,-0.2774132490158081,11.363297462463379,102.12869833936607,49.99999998651145,102.12869833936607,-0.02105263157894797,0.1,0.1,2.645152914155742,-9.362492793631361,9.362492793631361,1024.361066353748,1090.2561177506923,76.11706641222297,-76.54502356758914,0.0,9.362492793631361,0.0,-38.10534567007964,0.0,113.75,27.74,0.0,0.1,8.14,9.362492793631361,0.0,0.0,inferred_20260921_seed2,2,11ed1195aabfcd298bcaf379e7f064ad8010cd8ca67a057b647baa8bf9ef6e77,1500,pre_fed,TRPO-MADRL,deterministic,42ca27a68052e4de81d98fc588576a7a84744cb71471ee696c22bec69ed9382a
3,6,5,135.43,30.15,0.0,8.13,4.07,0.18910211324691772,17.61663055419922,118.6879822582574,49.99999999999995,118.6879822582574,-0.02105263157894797,0.1,0.1,2.976338592533569,-10.410591034144858,10.410591034144858,931.4021296795715,1127.9733287202216,84.6381051075977,-79.27465646641483,0.0,10.410591034144858,0.0,-42.37110550896957,0.0,128.38,27.74,0.0,0.1,8.14,10.410591034144858,0.0,0.0,inferred_20260921_seed2,2,11ed1195aabfcd298bcaf379e7f064ad8010cd8ca67a057b647baa8bf9ef6e77,1500,pre_fed,TRPO-MADRL,deterministic,42ca27a68052e4de81d98fc588576a7a84744cb71471ee696c22bec69ed9382a
1,7,6,274.6,28.65,0.16,8.34,4.17,-1.1886138916015625,-4.2963385581970215,16.985151258827436,-49.98145754612968,16.985151258827436,-0.18947368421052882,0.9,0.9,0.9121135514923381,229.90643597687546,-229.90643597687546,162.49187764310344,111.40639664265923,1917.4196760471414,-868.3168197069289,0.7964824500691634,0.0,229.1099535268063,1914.098344230353,0.0,233.7,30.15,0.0,0.9,8.13,0.0,0.0,0.0,inferred_20260921_seed2,2,11ed1195aabfcd298bcaf379e7f064ad8010cd8ca67a057b647baa8bf9ef6e77,1500,pre_fed,TRPO-MADRL,deterministic,42ca27a68052e4de81d98fc588576a7a84744cb71471ee696c22bec69ed9382a
2,7,6,130.0,28.65,0.16,8.34,4.17,-0.28051137924194336,11.261035919189453,101.72703693098502,49.99999998345036,101.72703693098502,-0.02105263157894797,0.1,0.1,2.610319685988121,2.0943353865820598,-2.0943353865820598,1021.4573340929555,1090.2561177506923,17.46675712409438,-50.09430974271543,0.0,0.0,2.0943353865820598,17.46675712409438,0.0,120.25,30.15,0.0,0.1,8.13,0.0,0.0,0.0,inferred_20260921_seed2,2,11ed1195aabfcd298bcaf379e7f064ad8010cd8ca67a057b647baa8bf9ef6e77,1500,pre_fed,TRPO-MADRL,deterministic,42ca27a68052e4de81d98fc588576a7a84744cb71471ee696c22bec69ed9382a
3,7,6,146.72,28.65,0.16,8.34,4.17,0.22090530395507812,17.669937133789062,121.7380755398128,49.99999999999996,121.7380755398128,-0.02105263157894797,0.1,0.1,3.010540458164677,-0.7964824500691634,0.7964824500691634,956.0897297296153,1127.9733287202216,6.642663633576823,-44.6704598041063,0.0,0.7964824500691634,0.0,-3.3213318167884114,0.0,135.43,30.15,0.0,0.1,8.13,0.7964824500691634,0.0,0.0,inferred_20260921_seed2,2,11ed1195aabfcd298bcaf379e7f064ad8010cd8ca67a057b647baa8bf9ef6e77,1500,pre_fed,TRPO-MADRL,deterministic,42ca27a68052e4de81d98fc588576a7a84744cb71471ee696c22bec69ed9382a
1,8,7,291.0,23.38,1.77,9.35,4.68,-1.1985273361206055,-4.1964640617370605,16.679513674089673,-49.97735880795891,16.679513674089673,-0.18947368421052882,0.9,0.9,0.832800799797583,250.19276080991844,-250.19276080991844,160.6602882446665,111.40639664265923,2339.302313572737,-1058.1273748054784,0.0,0.0,250.19276080991844,2339.302313572737,0.0,274.6,28.65,0.16,0.9,8.34,0.0,0.0,0.0,inferred_20260921_seed2,2,11ed1195aabfcd298bcaf379e7f064ad8010cd8ca67a057b647baa8bf9ef6e77,1500,pre_fed,TRPO-MADRL,deterministic,42ca27a68052e4de81d98fc588576a7a84744cb71471ee696c22bec69ed9382a
2,8,7,157.95,23.38,1.77,9.35,4.68,-0.20038074254989624,11.26336669921875,112.31623162657074,49.999999983527324,112.31623162657074,-0.02105263157894797,0.1,0.1,2.748903579899836,23.253724584908014,-23.253724584908014,1098.8297083785524,1090.2561177506923,217.42232486888992,-141.62176271358535,0.0,0.0,23.253724584908014,217.42232486888992,0.0,130.0,28.65,0.16,0.1,8.34,0.0,0.0,0.0,inferred_20260921_seed2,2,11ed1195aabfcd298bcaf379e7f064ad8010cd8ca67a057b647baa8bf9ef6e77,1500,pre_fed,TRPO-MADRL,deterministic,42ca27a68052e4de81d98fc588576a7a84744cb71471ee696c22bec69ed9382a
3,8,7,178.26,23.38,1.77,9.35,4.68,0.3541480302810669,17.88620376586914,134.0049084440072,49.99999999999997,134.0049084440072,-0.02105263157894797,0.1,0.1,3.1826771162485654,22.30882130382028,-22.30882130382028,1057.163015187006,1127.9733287202216,208.58747919071962,-137.5670925139684,0.0,0.0,22.30882130382028,208.58747919071962,0.0,146.72,28.65,0.16,0.1,8.34,0.0,0.0,0.0,inferred_20260921_seed2,2,11ed1195aabfcd298bcaf379e7f064ad8010cd8ca67a057b647baa8bf9ef6e77,1500,pre_fed,TRPO-MADRL,deterministic,42ca27a68052e4de81d98fc588576a7a84744cb71471ee696c22bec69ed9382a
1,9,8,315.7,21.75,5.3,12.0,6.0,-1.030829906463623,-4.1179399490356445,22.57590266941236,-49.97350964701861,22.57590266941236,-0.18947368421052882,0.9,0.9,0.9887285797040366,267.2522995945022,-267.2522995945022,196.26250145788282,111.40639664265923,3207.0275951340263,-1449.3157957723226,1.9273251640365459,0.0,265.32497443046566,3195.4636441498074,0.0,291.0,23.38,1.77,0.9,9.35,0.0,0.0,0.0,inferred_20260921_seed2,2,11ed1195aabfcd298bcaf379e7f064ad8010cd8ca67a057b647baa8bf9ef6e77,1500,pre_fed,TRPO-MADRL,deterministic,42ca27a68052e4de81d98fc588576a7a84744cb71471ee696c22bec69ed9382a
2,9,8,165.1,21.75,5.3,12.0,6.0,0.024341225624084473,11.346196174621582,143.4070987173305,49.99999998604213,143.4070987173305,-0.02105263157894797,0.1,0.1,3.4087209217150316,-1.9273251640365459,1.9273251640365459,1335.850850029606,1090.2561177506923,23.12790196843855,-58.92969524140331,0.0,1.9273251640365459,0.0,-11.563950984219275,0.0,157.95,23.38,1.77,0.1,9.35,1.9273251640365459,0.0,0.0,inferred_20260921_seed2,2,11ed1195aabfcd298bcaf379e7f064ad8010cd8ca67a057b647baa8bf9ef6e77,1500,pre_fed,TRPO-MADRL,deterministic,42ca27a68052e4de81d98fc588576a7a84744cb71471ee696c22bec69ed9382a
3,9,8,186.33,21.75,5.3,12.0,6.0,0.6905194520950317,18.565704345703125,159.83156019749703,49.99999999999999,159.83156019749703,-0.02105263157894797,0.1,0.1,3.7372101513183615,3.2067025854002793,-3.2067025854002793,1279.3095772815357,1127.9733287202216,38.48043102480335,-65.46185208119667,0.0,0.0,3.2067025854002793,38.48043102480335,0.0,178.26,23.38,1.77,0.1,9.35,0.0,0.0,0.0,inferred_20260921_seed2,2,11ed1195aabfcd298bcaf379e7f064ad8010cd8ca67a057b647baa8bf9ef6e77,1500,pre_fed,TRPO-MADRL,deterministic,42ca27a68052e4de81d98fc588576a7a84744cb71471ee696c22bec69ed9382a
1,10,9,362.4,34.82,11.6,9.19,4.6,-0.7865304350852966,-4.058494567871094,34.35609563701857,-49.970166320260674,34.35609563701857,-0.18947368421052882,0.9,0.9,1.6117324390561607,283.4251104862481,-283.4251104862481,269.07763163384794,111.40639664265923,2604.67676536862,-1179.7142249814094,36.40311321747586,0.0,247.02199726877225,2437.5864757004056,0.0,315.7,21.75,5.3,0.9,12.0,0.0,0.0,0.0,inferred_20260921_seed2,2,11ed1195aabfcd298bcaf379e7f064ad8010cd8ca67a057b647baa8bf9ef6e77,1500,pre_fed,TRPO-MADRL,deterministic,42ca27a68052e4de81d98fc588576a7a84744cb71471ee696c22bec69ed9382a
2,10,9,169.0,34.82,11.6,9.19,4.6,0.061188697814941406,11.435274124145508,148.55574262972294,49.999999988319885,148.55574262972294,-0.02105263157894797,0.1,0.1,3.8990937999628796,-22.055596198181092,22.055596198181092,1376.5195640156667,1090.2561177506923,202.69092906128424,-140.5464317129051,0.0,22.055596198181092,0.0,-101.45574251163302,0.0,165.1,21.75,5.3,0.1,12.0,22.055596198181092,0.0,0.0,inferred_20260921_seed2,2,11ed1195aabfcd298bcaf379e7f064ad8010cd8ca67a057b647baa8bf9ef6e77,1500,pre_fed,TRPO-MADRL,deterministic,42ca27a68052e4de81d98fc588576a7a84744cb71471ee696c22bec69ed9382a
3,10,9,190.73,34.82,11.6,9.19,4.6,0.7391614317893982,19.204784393310547,162.86382510024708,50.0,162.86382510024708,-0.02105263157894797,0.1,0.1,4.185255449373362,-14.34751701929477,14.34751701929477,1306.2227663321323,1127.9733287202216,131.85368140731893,-108.01807853434059,0.0,14.34751701929477,0.0,-65.99857828875594,0.0,186.33,21.75,5.3,0.1,12.0,14.34751701929477,0.0,0.0,inferred_20260921_seed2,2,11ed1195aabfcd298bcaf379e7f064ad8010cd8ca67a057b647baa8bf9ef6e77,1500,pre_fed,TRPO-MADRL,deterministic,42ca27a68052e4de81d98fc588576a7a84744cb71471ee696c22bec69ed9382a
1,11,10,320.0,27.17,36.64,12.3,6.15,-0.6915368437767029,-3.943258762359619,40.10316113946206,-49.9624365225129,40.10316113946206,-0.18947368421052882,0.9,0.9,2.0744737491050307,218.3507862938535,-218.3507862938535,305.417016338082,111.40639664265923,2685.7146714143983,-1216.908070396094,4.6087157987923035,0.0,213.7420704950612,2657.3710692518252,0.0,362.4,34.82,11.6,0.9,9.19,0.0,0.0,0.0,inferred_20260921_seed2,2,11ed1195aabfcd298bcaf379e7f064ad8010cd8ca67a057b647baa8bf9ef6e77,1500,pre_fed,TRPO-MADRL,deterministic,42ca27a68052e4de81d98fc588576a7a84744cb71471ee696c22bec69ed9382a
2,11,10,173.55,27.17,36.64,12.3,6.15,-0.16930711269378662,11.4682035446167,116.52091850281485,49.999999989064335,116.52091850281485,-0.02105263157894797,0.1,0.1,3.6061973174247175,-3.153668553811144,3.153668553811144,1130.0249629064094,1090.2561177506923,38.790123211877074,-61.86117705848672,0.0,3.153668553811144,0.0,-19.395061605938537,0.0,169.0,34.82,11.6,0.1,9.19,3.153668553811144,0.0,0.0,inferred_20260921_seed2,2,11ed1195aabfcd298bcaf379e7f064ad8010cd8ca67a057b647baa8bf9ef6e77,1500,pre_fed,TRPO-MADRL,deterministic,42ca27a68052e4de81d98fc588576a7a84744cb71471ee696c22bec69ed9382a
3,11,10,195.87,27.17,36.64,12.3,6.15,0.3949636220932007,18.9208984375,137.56314165706996,49.99999999999999,137.56314165706996,-0.02105263157894797,0.1,0.1,4.02704178050982,-1.4550472449811593,1.4550472449811593,1087.0162234819259,1127.9733287202216,17.89708111326826,-52.35347754501367,0.0,1.4550472449811593,0.0,-8.94854055663413,0.0,190.73,34.82,11.6,0.1,9.19,1.4550472449811593,0.0,0.0,inferred_20260921_seed2,2,11ed1195aabfcd298bcaf379e7f064ad8010cd8ca67a057b647baa8bf9ef6e77,1500,pre_fed,TRPO-MADRL,deterministic,42ca27a68052e4de81d98fc588576a7a84744cb71471ee696c22bec69ed9382a
1,12,11,350.0,30.2,42.68,20.7,10.35,0.9987350106239319,-3.7615156173706055,176.10623808423776,-49.94598002505692,176.10623808423776,-0.18947368421052882,0.9,0.9,4.975935288000545,106.17917088797333,-106.17917088797333,1321.5362792885162,111.40639664265923,2197.9088373810478,-1017.717830340095,0.6624358544410995,0.0,105.51673503353223,2191.0526262875824,0.0,320.0,27.17,36.64,0.9,12.3,0.0,0.0,0.0,inferred_20260921_seed2,2,11ed1195aabfcd298bcaf379e7f064ad8010cd8ca67a057b647baa8bf9ef6e77,1500,pre_fed,TRPO-MADRL,deterministic,42ca27a68052e4de81d98fc588576a7a84744cb71471ee696c22bec69ed9382a
2,12,11,168.35,30.2,42.68,20.7,10.35,-0.29698601365089417,12.634322166442871,99.60272187080457,49.999999998938385,99.60272187080457,-0.02105263157894797,0.1,0.1,3.4492333847845122,-0.6624358544410995,0.6624358544410995,1006.1407969771236,1090.2561177506923,13.71242218693076,-48.09852827867516,0.0,0.6624358544410995,0.0,-6.85621109346538,0.0,173.55,27.17,36.64,0.1,12.3,0.6624358544410995,0.0,0.0,inferred_20260921_seed2,2,11ed1195aabfcd298bcaf379e7f064ad8010cd8ca67a057b647baa8bf9ef6e77,1500,pre_fed,TRPO-MADRL,deterministic,42ca27a68052e4de81d98fc588576a7a84744cb71471ee696c22bec69ed9382a
3,12,11,190.0,30.2,42.68,20.7,10.35,0.21051757037639618,20.203046798706055,120.74618468047755,50.0,120.74618468047755,-0.02105263157894797,0.1,0.1,3.8721026409779724,0.26697059207936036,-0.26697059207936036,948.0419235850485,1127.9733287202216,5.526291256042759,-44.00713611132465,0.0,0.0,0.26697059207936036,5.526291256042759,0.0,195.87,27.17,36.64,0.1,12.3,0.0,0.0,0.0,inferred_20260921_seed2,2,11ed1195aabfcd298bcaf379e7f064ad8010cd8ca67a057b647baa8bf9ef6e77,1500,pre_fed,TRPO-MADRL,deterministic,42ca27a68052e4de81d98fc588576a7a84744cb71471ee696c22bec69ed9382a
1,13,12,345.2,23.52,35.22,26.82,13.41,1.3465476036071777,-3.810770034790039,187.3235952705374,-49.951045282981276,187.3235952705374,-0.18947368421052882,0.9,0.9,4.917482431726538,104.24336084539965,-104.24336084539965,1418.7210126426228,111.40639664265923,2795.8069378736186,-1288.7156702288341,1.2858546582987458,0.0,102.9575061871009,2778.5636269058327,0.0,350.0,30.2,42.68,0.9,20.7,0.0,0.0,0.0,inferred_20260921_seed2,2,11ed1195aabfcd298bcaf379e7f064ad8010cd8ca67a057b647baa8bf9ef6e77,1500,pre_fed,TRPO-MADRL,deterministic,42ca27a68052e4de81d98fc588576a7a84744cb71471ee696c22bec69ed9382a
2,13,12,168.35,23.52,35.22,26.82,13.41,-0.18509328365325928,12.4664306640625,114.378863507394,49.99999999851476,114.378863507394,-0.02105263157894797,0.1,0.1,3.461956217516301,-1.2858546582987458,1.2858546582987458,1114.0991302930452,1090.2561177506923,34.486621935572366,-59.60608483188231,0.0,1.2858546582987458,0.0,-17.243310967786183,0.0,168.35,30.2,42.68,0.1,20.7,1.2858546582987458,0.0,0.0,inferred_20260921_seed2,2,11ed1195aabfcd298bcaf379e7f064ad8010cd8ca67a057b647baa8bf9ef6e77,1500,pre_fed,TRPO-MADRL,deterministic,42ca27a68052e4de81d98fc588576a7a84744cb71471ee696c22bec69ed9382a
3,13,12,190.0,23.52,35.22,26.82,13.41,0.3566897213459015,20.98536491394043,134.2294925260822,50.0,134.2294925260822,-0.02105263157894797,0.1,0.1,3.858968797890065,0.9105289033868189,-0.9105289033868189,1059.0401398827282,1127.9733287202216,24.420385188834484,-54.729442707034515,0.0,0.0,0.9105289033868189,24.420385188834484,0.0,190.0,30.2,42.68,0.1,20.7,0.0,0.0,0.0,inferred_20260921_seed2,2,11ed1195aabfcd298bcaf379e7f064ad8010cd8ca67a057b647baa8bf9ef6e77,1500,pre_fed,TRPO-MADRL,deterministic,42ca27a68052e4de81d98fc588576a7a84744cb71471ee696c22bec69ed9382a
1,14,13,320.6,39.48,35.46,27.35,13.68,1.0827906131744385,-3.9602136611938477,179.42316663721778,-49.963688483080126,179.42316663721778,-0.18947368421052882,0.9,0.9,5.083473859060145,71.50978090605292,-71.50978090605292,1350.0611622465128,111.40639664265923,1955.7925077805476,-909.3359796790298,0.0,0.0,71.50978090605292,1955.7925077805476,0.0,345.2,23.52,35.22,0.9,26.82,0.0,0.0,0.0,inferred_20260921_seed2,2,11ed1195aabfcd298bcaf379e7f064ad8010cd8ca67a057b647baa8bf9ef6e77,1500,pre_fed,TRPO-MADRL,deterministic,42ca27a68052e4de81d98fc588576a7a84744cb71471ee696c22bec69ed9382a
2,14,13,165.75,39.48,35.46,27.35,13.68,-0.3428698778152466,12.25250244140625,93.79480738570209,49.999999997721694,93.79480738570209,-0.02105263157894797,0.1,0.1,3.3742750950824627,0.410520340959323,-0.410520340959323,964.6152467339471,1090.2561177506923,11.227731325237485,-46.14990638604966,0.0,0.0,0.410520340959323,11.227731325237485,0.0,168.35,23.52,35.22,0.1,26.82,0.0,0.0,0.0,inferred_20260921_seed2,2,11ed1195aabfcd298bcaf379e7f064ad8010cd8ca67a057b647baa8bf9ef6e77,1500,pre_fed,TRPO-MADRL,deterministic,42ca27a68052e4de81d98fc588576a7a84744cb71471ee696c22bec69ed9382a
3,14,13,187.07,39.48,35.46,27.35,13.68,0.15886852145195007,21.039575576782227,115.75453067653736,50.0,115.75453067653736,-0.02105263157894797,0.1,0.1,3.8134695608991684,0.20999151594074306,-0.20999151594074306,907.8253812660635,1127.9733287202216,5.743267960979323,-43.300444782166394,0.0,0.0,0.20999151594074306,5.743267960979323,0.0,190.0,23.52,35.22,0.1,26.82,0.0,0.0,0.0,inferred_20260921_seed2,2,11ed1195aabfcd298bcaf379e7f064ad8010cd8ca67a057b647baa8bf9ef6e77,1500,pre_fed,TRPO-MADRL,deterministic,42ca27a68052e4de81d98fc588576a7a84744cb71471ee696c22bec69ed9382a
1,15,14,333.2,35.74,34.83,13.81,6.91,0.8934710025787354,-4.15254545211792,171.31038961067995,-49.975280625313154,171.31038961067995,-0.18947368421052882,0.9,0.9,4.833818318529389,96.34290239205993,-96.34290239205993,1280.6081502404493,111.40639664265923,1330.4954820343476,-626.5632578531186,0.0,0.0,96.34290239205993,1330.4954820343476,0.0,320.6,39.48,35.46,0.9,27.35,0.0,0.0,0.0,inferred_20260921_seed2,2,11ed1195aabfcd298bcaf379e7f064ad8010cd8ca67a057b647baa8bf9ef6e77,1500,pre_fed,TRPO-MADRL,deterministic,42ca27a68052e4de81d98fc588576a7a84744cb71471ee696c22bec69ed9382a
2,15,14,170.3,35.74,34.83,13.81,6.91,-0.283783882856369,11.850780487060547,101.30350703840134,49.999999994912045,101.30350703840134,-0.02105263157894797,0.1,0.1,3.4370490881364475,1.88459468131407,-1.88459468131407,1018.3981640690432,1090.2561177506923,26.02625254894731,-53.884899283421,0.0,0.0,1.88459468131407,26.02625254894731,0.0,165.75,39.48,35.46,0.1,27.35,0.0,0.0,0.0,inferred_20260921_seed2,2,11ed1195aabfcd298bcaf379e7f064ad8010cd8ca67a057b647baa8bf9ef6e77,1500,pre_fed,TRPO-MADRL,deterministic,42ca27a68052e4de81d98fc588576a7a84744cb71471ee696c22bec69ed9382a
3,15,14,192.2,35.74,34.83,13.81,6.91,0.24178552627563477,21.06275749206543,123.7181543014614,50.0,123.7181543014614,-0.02105263157894797,0.1,0.1,3.885342033397649,1.818240363515173,-1.818240363515173,972.2112026772127,1127.9733287202216,25.10989942014454,-53.303145367013734,0.0,0.0,1.818240363515173,25.10989942014454,0.0,187.07,39.48,35.46,0.1,27.35,0.0,0.0,0.0,inferred_20260921_seed2,2,11ed1195aabfcd298bcaf379e7f064ad8010cd8ca67a057b647baa8bf9ef6e77,1500,pre_fed,TRPO-MADRL,deterministic,42ca27a68052e4de81d98fc588576a7a84744cb71471ee696c22bec69ed9382a
1,16,15,316.8,18.06,23.62,17.31,8.66,0.7599165439605713,-3.853699207305908,164.10278012514473,-49.955071260766445,164.10278012514473,-0.18947368421052882,0.9,0.9,4.111866128818685,115.31855968788449,-115.31855968788449,1219.7986541187208,111.40639664265923,1996.1642681972803,-924.8980217040037,0.0,0.0,115.31855968788449,1996.1642681972803,0.0,333.2,35.74,34.83,0.9,13.81,0.0,0.0,0.0,inferred_20260921_seed2,2,11ed1195aabfcd298bcaf379e7f064ad8010cd8ca67a057b647baa8bf9ef6e77,1500,pre_fed,TRPO-MADRL,deterministic,42ca27a68052e4de81d98fc588576a7a84744cb71471ee696c22bec69ed9382a
2,16,15,172.25,18.06,23.62,17.31,8.66,-0.19440776109695435,12.260652542114258,113.12069219084593,49.99999999775853,113.12069219084593,-0.02105263157894797,0.1,0.1,3.0955927911853394,20.56595323191837,-20.56595323191837,1104.7773432571994,1090.2561177506923,355.996650444507,-204.09916192018596,0.0,0.0,20.56595323191837,355.996650444507,0.0,170.3,35.74,34.83,0.1,13.81,0.0,0.0,0.0,inferred_20260921_seed2,2,11ed1195aabfcd298bcaf379e7f064ad8010cd8ca67a057b647baa8bf9ef6e77,1500,pre_fed,TRPO-MADRL,deterministic,42ca27a68052e4de81d98fc588576a7a84744cb71471ee696c22bec69ed9382a
3,16,15,194.4,18.06,23.62,17.31,8.66,0.27954623103141785,20.245601654052734,127.24850550436706,50.0,127.24850550436706,-0.02105263157894797,0.1,0.1,3.378149057455762,28.87069618466768,-28.87069618466768,1001.1395474347745,1127.9733287202216,499.7517509565975,-267.47054545356883,0.0,0.0,28.87069618466768,499.7517509565975,0.0,192.2,35.74,34.83,0.1,13.81,0.0,0.0,0.0,inferred_20260921_seed2,2,11ed1195aabfcd298bcaf379e7f064ad8010cd8ca67a057b647baa8bf9ef6e77,1500,pre_fed,TRPO-MADRL,deterministic,42ca27a68052e4de81d98fc588576a7a84744cb71471ee696c22bec69ed9382a
1,17,16,291.3,24.27,14.18,16.42,8.21,0.4250200688838959,-3.9304327964782715,140.1151124437966,-49.961460857762795,140.1151124437966,-0.18947368421052882,0.9,0.9,3.5675127751917217,116.49187401560565,-116.49187401560565,1023.4796255331323,111.40639664265923,1912.7965713362448,-883.456177544826,0.999756554259136,0.0,115.49211746134651,1904.5885700257775,0.0,316.8,18.06,23.62,0.9,17.31,0.0,0.0,0.0,inferred_20260921_seed2,2,11ed1195aabfcd298bcaf379e7f064ad8010cd8ca67a057b647baa8bf9ef6e77,1500,pre_fed,TRPO-MADRL,deterministic,42ca27a68052e4de81d98fc588576a7a84744cb71471ee696c22bec69ed9382a
2,17,16,165.75,24.27,14.18,16.42,8.21,-0.059184253215789795,12.154986381530762,131.72386544204744,49.999999997231065,131.72386544204744,-0.02105263157894797,0.1,0.1,3.40305625620937,-0.999756554259136,0.999756554259136,1245.0604988359887,1090.2561177506923,16.416002620935014,-54.09353351115438,0.0,0.999756554259136,0.0,-8.208001310467507,0.0,172.25,18.06,23.62,0.1,17.31,0.999756554259136,0.0,0.0,inferred_20260921_seed2,2,11ed1195aabfcd298bcaf379e7f064ad8010cd8ca67a057b647baa8bf9ef6e77,1500,pre_fed,TRPO-MADRL,deterministic,42ca27a68052e4de81d98fc588576a7a84744cb71471ee696c22bec69ed9382a
3,17,16,187.07,24.27,14.18,16.42,8.21,0.5724272727966309,20.42134666442871,151.71396482427107,50.0,151.71396482427107,-0.02105263157894797,0.1,0.1,3.802858243853843,0.7299460511617042,-0.7299460511617042,1208.1208432946664,1127.9733287202216,11.985714160075185,-52.11545481233159,0.0,0.0,0.7299460511617042,11.985714160075185,0.0,194.4,18.06,23.62,0.1,17.31,0.0,0.0,0.0,inferred_20260921_seed2,2,11ed1195aabfcd298bcaf379e7f064ad8010cd8ca67a057b647baa8bf9ef6e77,1500,pre_fed,TRPO-MADRL,deterministic,42ca27a68052e4de81d98fc588576a7a84744cb71471ee696c22bec69ed9382a
1,18,17,413.8,26.26,4.67,9.83,4.92,-0.20884591341018677,-4.122533321380615,79.41384148352513,-49.9737518291148,79.41384148352513,-0.18947368421052882,0.9,0.9,2.2030873559862925,305.8487195566717,-305.8487195566717,568.3302948610444,111.40639664265923,3006.492913242083,-1366.5165447890115,0.0,0.0,305.8487195566717,3006.492913242083,0.0,291.3,24.27,14.18,0.9,16.42,0.0,0.0,0.0,inferred_20260921_seed2,2,11ed1195aabfcd298bcaf379e7f064ad8010cd8ca67a057b647baa8bf9ef6e77,1500,pre_fed,TRPO-MADRL,deterministic,42ca27a68052e4de81d98fc588576a7a84744cb71471ee696c22bec69ed9382a
2,18,17,164.25,26.26,4.67,9.83,4.92,-0.05909937620162964,11.632863998413086,131.73570675769815,49.99999999213276,131.73570675769815,-0.02105263157894797,0.1,0.1,3.252893082522384,4.8582389564031985,-4.8582389564031985,1245.1514672893472,1090.2561177506923,47.75648894144344,-68.19857172445035,0.0,0.0,4.8582389564031985,47.75648894144344,0.0,165.75,24.27,14.18,0.1,16.42,0.0,0.0,0.0,inferred_20260921_seed2,2,11ed1195aabfcd298bcaf379e7f064ad8010cd8ca67a057b647baa8bf9ef6e77,1500,pre_fed,TRPO-MADRL,deterministic,42ca27a68052e4de81d98fc588576a7a84744cb71471ee696c22bec69ed9382a
3,18,17,185.6,26.26,4.67,9.83,4.92,0.5788902640342712,19.995929718017578,152.1858382676861,50.0,152.1858382676861,-0.02105263157894797,0.1,0.1,3.6618957127221425,6.1671100766150175,-6.1671100766150175,1212.2247493430202,1127.9733287202216,60.622692053125625,-74.08417298517138,0.0,0.0,6.1671100766150175,60.622692053125625,0.0,187.07,24.27,14.18,0.1,16.42,0.0,0.0,0.0,inferred_20260921_seed2,2,11ed1195aabfcd298bcaf379e7f064ad8010cd8ca67a057b647baa8bf9ef6e77,1500,pre_fed,TRPO-MADRL,deterministic,42ca27a68052e4de81d98fc588576a7a84744cb71471ee696c22bec69ed9382a
1,19,18,539.8,26.77,0.18,8.63,4.32,-1.0139241218566895,-3.836541175842285,23.261980231704115,-49.95350345356169,23.261980231704115,-0.18947368421052882,0.9,0.9,1.0004501309498717,490.77794358345625,-490.77794358345625,200.4415966921791,111.40639664265923,4235.413653125228,-1912.1731037730492,0.0,0.0,490.77794358345625,4235.413653125228,0.0,413.8,26.26,4.67,0.9,9.83,0.0,0.0,0.0,inferred_20260921_seed2,2,11ed1195aabfcd298bcaf379e7f064ad8010cd8ca67a057b647baa8bf9ef6e77,1500,pre_fed,TRPO-MADRL,deterministic,42ca27a68052e4de81d98fc588576a7a84744cb71471ee696c22bec69ed9382a
2,19,18,162.5,26.77,0.18,8.63,4.32,-0.008157610893249512,11.361274719238281,138.85795980780253,49.99999998645677,138.85795980780253,-0.02105263157894797,0.1,0.1,3.315738143524472,0.028830967300876864,-0.028830967300876864,1300.2528625234067,1090.2561177506923,0.24881124780656735,-47.92214466699494,0.0,0.0,0.028830967300876864,0.24881124780656735,0.0,164.25,26.26,4.67,0.1,9.83,0.0,0.0,0.0,inferred_20260921_seed2,2,11ed1195aabfcd298bcaf379e7f064ad8010cd8ca67a057b647baa8bf9ef6e77,1500,pre_fed,TRPO-MADRL,deterministic,42ca27a68052e4de81d98fc588576a7a84744cb71471ee696c22bec69ed9382a
3,19,18,183.4,26.77,0.18,8.63,4.32,0.6371657252311707,18.813308715820312,156.29666381876177,49.99999999999999,156.29666381876177,-0.02105263157894797,0.1,0.1,3.6645122237436567,3.838901036560827,-3.838901036560827,1248.1557644353186,1127.9733287202216,33.12971594551994,-62.430954038594784,0.0,0.0,3.838901036560827,33.12971594551994,0.0,185.6,26.26,4.67,0.1,9.83,0.0,0.0,0.0,inferred_20260921_seed2,2,11ed1195aabfcd298bcaf379e7f064ad8010cd8ca67a057b647baa8bf9ef6e77,1500,pre_fed,TRPO-MADRL,deterministic,42ca27a68052e4de81d98fc588576a7a84744cb71471ee696c22bec69ed9382a
1,20,19,557.2,26.22,0.0,8.87,4.44,-1.3839032649993896,-3.57011342048645,11.817769343611417,-49.92080553851512,11.817769343611417,-0.18947368421052882,0.9,0.9,0.7569659131880178,520.1086702537872,-520.1086702537872,131.72888399075362,111.40639664265923,4613.363905151092,-2080.8764629306597,0.0,0.0,520.1086702537872,4613.363905151092,0.0,539.8,26.77,0.18,0.9,8.63,0.0,0.0,0.0,inferred_20260921_seed2,2,11ed1195aabfcd298bcaf379e7f064ad8010cd8ca67a057b647baa8bf9ef6e77,1500,pre_fed,TRPO-MADRL,deterministic,42ca27a68052e4de81d98fc588576a7a84744cb71471ee696c22bec69ed9382a
2,20,19,165.75,26.22,0.0,8.87,4.44,-0.010471463203430176,11.175620079040527,138.53404873240024,49.99999998036731,138.53404873240024,-0.02105263157894797,0.1,0.1,3.2946599220164257,4.31166382119514,-4.31166382119514,1297.7301850022852,1090.2561177506923,38.24445809400088,-64.96973219735995,0.0,0.0,4.31166382119514,38.24445809400088,0.0,162.5,26.77,0.18,0.1,8.63,0.0,0.0,0.0,inferred_20260921_seed2,2,11ed1195aabfcd298bcaf379e7f064ad8010cd8ca67a057b647baa8bf9ef6e77,1500,pre_fed,TRPO-MADRL,deterministic,42ca27a68052e4de81d98fc588576a7a84744cb71471ee696c22bec69ed9382a
3,20,19,187.07,26.22,0.0,8.87,4.44,0.6616519093513489,18.36785125732422,157.94617014097568,49.999999999999986,157.94617014097568,-0.02105263157894797,0.1,0.1,3.6829023501879345,6.607784840791197,-6.607784840791197,1262.663678809988,1127.9733287202216,58.611051537817914,-74.18771334262225,0.0,0.0,6.607784840791197,58.611051537817914,0.0,183.4,26.77,0.18,0.1,8.63,0.0,0.0,0.0,inferred_20260921_seed2,2,11ed1195aabfcd298bcaf379e7f064ad8010cd8ca67a057b647baa8bf9ef6e77,1500,pre_fed,TRPO-MADRL,deterministic,42ca27a68052e4de81d98fc588576a7a84744cb71471ee696c22bec69ed9382a
1,21,20,557.1,32.84,0.0,8.35,4.18,-1.3936526775360107,-3.529742479324341,11.60280761436473,-49.91415171119815,11.60280761436473,-0.18947368421052882,0.9,0.9,0.8850666786030841,513.7317327484488,-513.7317327484488,130.45852322490754,111.40639664265923,4289.659968449548,-1935.184284199648,3.0195166524517845,0.0,510.71221609599706,4277.068584008824,0.0,557.2,26.22,0.0,0.9,8.87,0.0,0.0,0.0,inferred_20260921_seed2,2,11ed1195aabfcd298bcaf379e7f064ad8010cd8ca67a057b647baa8bf9ef6e77,1500,pre_fed,TRPO-MADRL,deterministic,42ca27a68052e4de81d98fc588576a7a84744cb71471ee696c22bec69ed9382a
2,21,20,169.0,32.84,0.0,8.35,4.18,0.01936793327331543,11.158594131469727,142.711171664693,49.999999979687274,142.711171664693,-0.02105263157894797,0.1,0.1,3.5106023806622813,-3.0195166524517845,3.0195166524517845,1330.3846917915682,1090.2561177506923,25.2129640479724,-59.75865001243278,0.0,3.0195166524517845,0.0,-12.621579607248458,0.0,165.75,26.22,0.0,0.1,8.87,3.0195166524517845,0.0,0.0,inferred_20260921_seed2,2,11ed1195aabfcd298bcaf379e7f064ad8010cd8ca67a057b647baa8bf9ef6e77,1500,pre_fed,TRPO-MADRL,deterministic,42ca27a68052e4de81d98fc588576a7a84744cb71471ee696c22bec69ed9382a
3,21,20,190.73,32.84,0.0,8.35,4.18,0.7037081122398376,18.444805145263672,160.67161890558666,49.999999999999986,160.67161890558666,-0.02105263157894797,0.1,0.1,3.8698113254801543,1.109245051472442,-1.109245051472442,1286.7481124980081,1127.9733287202216,9.26219617979489,-52.462417105272294,0.0,0.0,1.109245051472442,9.26219617979489,0.0,187.07,26.22,0.0,0.1,8.87,0.0,0.0,0.0,inferred_20260921_seed2,2,11ed1195aabfcd298bcaf379e7f064ad8010cd8ca67a057b647baa8bf9ef6e77,1500,pre_fed,TRPO-MADRL,deterministic,42ca27a68052e4de81d98fc588576a7a84744cb71471ee696c22bec69ed9382a
1,22,21,535.0,36.02,0.0,16.44,8.22,-1.487739086151123,-3.579420804977417,9.709212623472109,-49.922264953681044,9.709212623472109,-0.18947368421052882,0.9,0.9,0.9107947787852316,490.37105583952365,-490.37105583952365,119.30027356537956,111.40639664265923,8061.7001580017695,-3632.379204504957,2.440120423944336,0.0,487.9309354155793,8041.642368116947,0.0,557.1,32.84,0.0,0.9,8.35,0.0,0.0,0.0,inferred_20260921_seed2,2,11ed1195aabfcd298bcaf379e7f064ad8010cd8ca67a057b647baa8bf9ef6e77,1500,pre_fed,TRPO-MADRL,deterministic,42ca27a68052e4de81d98fc588576a7a84744cb71471ee696c22bec69ed9382a
2,22,21,161.2,36.02,0.0,16.44,8.22,-0.08056068420410156,10.965757369995117,128.74584027224535,49.99999997012801,128.74584027224535,-0.02105263157894797,0.1,0.1,3.294895752813328,-0.2498918878530958,0.2498918878530958,1222.250107290643,1090.2561177506923,4.1082226363048955,-48.09882468716391,0.0,0.2498918878530958,0.0,-2.0541113181524477,0.0,169.0,32.84,0.0,0.1,8.35,0.2498918878530958,0.0,0.0,inferred_20260921_seed2,2,11ed1195aabfcd298bcaf379e7f064ad8010cd8ca67a057b647baa8bf9ef6e77,1500,pre_fed,TRPO-MADRL,deterministic,42ca27a68052e4de81d98fc588576a7a84744cb71471ee696c22bec69ed9382a
3,22,21,181.93,36.02,0.0,16.44,8.22,0.574680507183075,18.288599014282227,151.8788368520802,49.999999999999986,151.8788368520802,-0.02105263157894797,0.1,0.1,3.7575556844100255,-2.19022853609124,2.19022853609124,1209.5542624042237,1127.9733287202216,36.007357133339994,-62.95386253249191,0.0,2.19022853609124,0.0,-18.003678566669997,0.0,190.73,32.84,0.0,0.1,8.35,2.19022853609124,0.0,0.0,inferred_20260921_seed2,2,11ed1195aabfcd298bcaf379e7f064ad8010cd8ca67a057b647baa8bf9ef6e77,1500,pre_fed,TRPO-MADRL,deterministic,42ca27a68052e4de81d98fc588576a7a84744cb71471ee696c22bec69ed9382a
1,23,22,437.8,37.23,0.0,16.19,8.1,-1.417797327041626,-3.798941135406494,11.086148486511682,-49.949873901154284,11.086148486511682,-0.18947368421052882,0.9,0.9,0.9625334960460231,390.63585869374486,-390.63585869374486,127.40828111779321,111.40639664265923,6324.39455225173,-2850.7538420684878,0.7760482652271321,0.0,389.85981042851773,6318.116321786042,0.0,535.0,36.02,0.0,0.9,16.44,0.0,0.0,0.0,inferred_20260921_seed2,2,11ed1195aabfcd298bcaf379e7f064ad8010cd8ca67a057b647baa8bf9ef6e77,1500,pre_fed,TRPO-MADRL,deterministic,42ca27a68052e4de81d98fc588576a7a84744cb71471ee696c22bec69ed9382a
2,23,22,148.0,37.23,0.0,16.19,8.1,-0.20300835371017456,10.63286304473877,111.96293457168746,49.99999994186837,111.96293457168746,-0.02105263157894797,0.1,0.1,2.98343763880217,1.8115556986936667,-1.8115556986936667,1096.2207786232548,1090.2561177506923,29.329086761850466,-56.92762697031165,0.0,0.0,1.8115556986936667,29.329086761850466,0.0,161.2,36.02,0.0,0.1,16.44,0.0,0.0,0.0,inferred_20260921_seed2,2,11ed1195aabfcd298bcaf379e7f064ad8010cd8ca67a057b647baa8bf9ef6e77,1500,pre_fed,TRPO-MADRL,deterministic,42ca27a68052e4de81d98fc588576a7a84744cb71471ee696c22bec69ed9382a
3,23,22,161.39,37.23,0.0,16.19,8.1,0.29057735204696655,19.241777420043945,128.26661208589235,50.0,128.26661208589235,-0.02105263157894797,0.1,0.1,3.3095111890862676,-0.7760482652271321,0.7760482652271321,1009.5260920909659,1127.9733287202216,12.56422141402727,-48.40388805253602,0.0,0.7760482652271321,0.0,-6.285990948339769,0.0,181.93,36.02,0.0,0.1,16.44,0.7760482652271321,0.0,0.0,inferred_20260921_seed2,2,11ed1195aabfcd298bcaf379e7f064ad8010cd8ca67a057b647baa8bf9ef6e77,1500,pre_fed,TRPO-MADRL,deterministic,42ca27a68052e4de81d98fc588576a7a84744cb71471ee696c22bec69ed9382a
1,24,23,447.3,44.12,0.0,8.87,4.44,-1.3644914627075195,-4.030821323394775,12.256929567865427,-49.96846911758657,12.256929567865427,-0.18947368421052882,0.9,0.9,1.123749117673098,392.2362932340182,-392.2362932340182,134.3265189398863,111.40639664265923,3479.135920985741,-1570.5258227552345,33.80486413283606,0.0,358.4314291011822,3329.3803728772778,0.0,437.8,37.23,0.0,0.9,16.19,0.0,0.0,0.0,inferred_20260921_seed2,2,11ed1195aabfcd298bcaf379e7f064ad8010cd8ca67a057b647baa8bf9ef6e77,1500,pre_fed,TRPO-MADRL,deterministic,42ca27a68052e4de81d98fc588576a7a84744cb71471ee696c22bec69ed9382a
2,24,23,119.6,44.12,0.0,8.87,4.44,-0.2354494035243988,10.64269733428955,107.63298843047482,49.99999994300056,107.63298843047482,-0.02105263157894797,0.1,0.1,3.0346387159779176,-29.097297082917976,29.097297082917976,1064.400311793505,1090.2561177506923,258.0930251254824,-159.23498989735103,0.0,29.097297082917976,0.0,-129.19199904815582,0.0,148.0,37.23,0.0,0.1,16.19,29.097297082917976,0.0,0.0,inferred_20260921_seed2,2,11ed1195aabfcd298bcaf379e7f064ad8010cd8ca67a057b647baa8bf9ef6e77,1500,pre_fed,TRPO-MADRL,deterministic,42ca27a68052e4de81d98fc588576a7a84744cb71471ee696c22bec69ed9382a
3,24,23,134.98,44.12,0.0,8.87,4.44,-0.015607403591275215,18.95718002319336,98.43938635598515,49.99999999999999,98.43938635598515,-0.02105263157894797,0.1,0.1,2.8507666744881237,-4.707567049918083,4.707567049918083,771.9908061966313,1127.9733287202216,41.75611973277339,-56.78953657808508,0.0,4.707567049918083,0.0,-20.90159770163629,0.0,161.39,37.23,0.0,0.1,16.19,4.707567049918083,0.0,0.0,inferred_20260921_seed2,2,11ed1195aabfcd298bcaf379e7f064ad8010cd8ca67a057b647baa8bf9ef6e77,1500,pre_fed,TRPO-MADRL,deterministic,42ca27a68052e4de81d98fc588576a7a84744cb71471ee696c22bec69ed9382a
1,1,0,457.7,51.48,0.0,8.65,4.33,3.491358757019043,1.338447093963623,199.81461629039012,43.564937665535375,199.81461629039012,37.905,0.5,0.09999999999999992,5.7839923258078025,174.28437603541767,-174.28437603541767,1529.3392403355658,846.5310470825,1507.5598527063628,-725.9193394662245,80.9683744526841,0.0,93.31600158273356,1157.7764750707674,0.0,447.3,44.12,0.0,0.5,8.87,0.0,0.0,0.0,inferred_20260921_seed3,3,11ed1195aabfcd298bcaf379e7f064ad8010cd8ca67a057b647baa8bf9ef6e77,1500,pre_fed,F-MADRL,deterministic,c70b3d1e9ee018c607404b6a7d234059cbd1f356e748a26b3c3690cf510ad709
2,1,0,110.5,51.48,0.0,8.65,4.33,-0.638022780418396,0.6011619567871094,61.10275035592543,26.89379367990876,61.10275035592543,26.89379367990876,0.5,0.2159074349483288,2.789530880716684,-26.187013155117512,26.187013155117512,740.4385723897014,775.9132229595715,226.5176637917665,-132.25998461328038,0.0,26.187013155117512,0.0,-113.38976696165884,0.0,119.6,44.12,0.0,0.5,8.87,26.187013155117512,0.0,0.0,inferred_20260921_seed3,3,11ed1195aabfcd298bcaf379e7f064ad8010cd8ca67a057b647baa8bf9ef6e77,1500,pre_fed,F-MADRL,deterministic,c70b3d1e9ee018c607404b6a7d234059cbd1f356e748a26b3c3690cf510ad709
3,1,0,124.71,51.48,0.0,8.65,4.33,-0.044559672474861145,0.9129589200019836,95.54697961538943,36.12747068824995,95.54697961538943,36.12747068824995,0.5,0.11871083486052686,3.663089006072788,-54.78136129756659,54.78136129756659,749.8555920448372,889.5148267796786,473.858775223951,-246.02385722726825,0.0,54.78136129756659,0.0,-237.20329441846334,0.0,134.98,44.12,0.0,0.5,8.87,54.78136129756659,0.0,0.0,inferred_20260921_seed3,3,11ed1195aabfcd298bcaf379e7f064ad8010cd8ca67a057b647baa8bf9ef6e77,1500,pre_fed,F-MADRL,deterministic,c70b3d1e9ee018c607404b6a7d234059cbd1f356e748a26b3c3690cf510ad709
1,2,1,336.5,38.37,0.0,8.11,4.06,3.3599672317504883,1.2736700773239136,199.75896737636293,42.73946205144419,199.75896737636293,-0.021052631578956735,0.09999999999999992,0.1,4.76215829489568,103.15424355011169,-103.15424355011169,1528.8408182756896,1052.5389067811636,836.5809151914058,-428.08900633726967,32.59511176700015,0.0,70.55913178311154,704.5707125350552,0.0,457.7,51.48,0.0,0.09999999999999992,8.65,0.0,0.0,0.0,inferred_20260921_seed3,3,11ed1195aabfcd298bcaf379e7f064ad8010cd8ca67a057b647baa8bf9ef6e77,1500,pre_fed,F-MADRL,deterministic,c70b3d1e9ee018c607404b6a7d234059cbd1f356e748a26b3c3690cf510ad709
2,2,1,109.85,38.37,0.0,8.11,4.06,-0.5238968133926392,0.488598108291626,72.70172281699944,22.655153031398896,72.70172281699944,10.970183907451053,0.2159074349483288,0.1,2.4408381344890095,-9.751068589961477,9.751068589961477,818.1158934048113,1026.716109518044,79.08116626458758,-72.48316487752152,0.0,9.751068589961477,0.0,-39.58933847524359,0.0,110.5,51.48,0.0,0.2159074349483288,8.65,9.751068589961477,0.0,0.0,inferred_20260921_seed3,3,11ed1195aabfcd298bcaf379e7f064ad8010cd8ca67a057b647baa8bf9ef6e77,1500,pre_fed,F-MADRL,deterministic,c70b3d1e9ee018c607404b6a7d234059cbd1f356e748a26b3c3690cf510ad709
3,2,1,123.98,38.37,0.0,8.11,4.06,0.09726030379533768,0.8110905885696411,109.69547796834146,33.50957211679243,109.69547796834146,1.7549742531265504,0.11871083486052686,0.1,2.9964090444293605,-22.84404317703867,22.84404317703867,859.6451569197413,1117.2628949664702,185.26519016578362,-122.90749661232687,0.0,22.84404317703867,0.0,-92.746815298777,0.0,124.71,51.48,0.0,0.11871083486052686,8.65,22.84404317703867,0.0,0.0,inferred_20260921_seed3,3,11ed1195aabfcd298bcaf379e7f064ad8010cd8ca67a057b647baa8bf9ef6e77,1500,pre_fed,F-MADRL,deterministic,c70b3d1e9ee018c607404b6a7d234059cbd1f356e748a26b3c3690cf510ad709
1,3,2,274.9,43.56,0.0,8.25,4.13,3.1453144550323486,1.1976149082183838,199.62996712338236,41.646282915417395,199.62996712338236,-0.02105263157894797,0.1,0.1,4.863378289836068,36.59446379803265,-36.59446379803265,1527.685614512577,1052.5389067811634,301.90432633376935,-187.46143727607102,36.59446379803265,0.0,0.0,151.13513548587483,0.0,336.5,38.37,0.0,0.1,8.11,0.0,0.0,0.0,inferred_20260921_seed3,3,11ed1195aabfcd298bcaf379e7f064ad8010cd8ca67a057b647baa8bf9ef6e77,1500,pre_fed,F-MADRL,deterministic,c70b3d1e9ee018c607404b6a7d234059cbd1f356e748a26b3c3690cf510ad709
2,3,2,112.45,43.56,0.0,8.25,4.13,-0.38642728328704834,0.4169078767299652,88.44134038051699,19.71611457988475,88.44134038051699,-0.02105263157894797,0.1,0.1,2.6396057549787604,-16.890681993959262,16.890681993959262,926.7930305924352,1090.2561177506923,139.3481264501639,-103.0476398694363,0.0,16.890681993959262,0.0,-69.75851663505175,0.0,109.85,38.37,0.0,0.1,8.11,16.890681993959262,0.0,0.0,inferred_20260921_seed3,3,11ed1195aabfcd298bcaf379e7f064ad8010cd8ca67a057b647baa8bf9ef6e77,1500,pre_fed,F-MADRL,deterministic,c70b3d1e9ee018c607404b6a7d234059cbd1f356e748a26b3c3690cf510ad709
3,3,2,126.91,43.56,0.0,8.25,4.13,0.17455603182315826,0.7904016971588135,117.28044802337281,32.93182681131753,117.28044802337281,-0.02105263157894797,0.1,0.1,3.216387907835877,-30.693007483957985,30.693007483957985,920.069086157145,1127.9733287202216,253.21731174265338,-154.90863858174134,0.0,19.703781804073387,-10.989225679884598,-81.37661885082308,0.0,123.98,38.37,0.0,0.1,8.11,19.703781804073387,0.0,0.0,inferred_20260921_seed3,3,11ed1195aabfcd298bcaf379e7f064ad8010cd8ca67a057b647baa8bf9ef6e77,1500,pre_fed,F-MADRL,deterministic,c70b3d1e9ee018c607404b6a7d234059cbd1f356e748a26b3c3690cf510ad709
1,4,3,272.6,40.75,0.0,8.1,4.05,3.062767744064331,1.1726471185684204,199.5636899022713,41.25594609313487,199.5636899022713,-0.02105263157894797,0.1,0.1,4.805852745413847,37.11321547472153,-37.11321547472153,1527.092203493012,1052.5389067811634,300.6170453452444,-186.87029261084348,37.11321547472153,0.0,0.0,150.3085226726222,0.0,274.9,43.56,0.0,0.1,8.25,0.0,0.0,0.0,inferred_20260921_seed3,3,11ed1195aabfcd298bcaf379e7f064ad8010cd8ca67a057b647baa8bf9ef6e77,1500,pre_fed,F-MADRL,deterministic,c70b3d1e9ee018c607404b6a7d234059cbd1f356e748a26b3c3690cf510ad709
2,4,3,110.5,40.75,0.0,8.1,4.05,-0.41318607330322266,0.4254378080368042,85.23555787063702,20.075079066416716,85.23555787063702,-0.02105263157894797,0.1,0.1,2.5192901047811613,-12.945215134276907,12.945215134276907,904.3527311791605,1090.2561177506923,104.85624258764294,-87.07748614303638,0.0,12.945215134276907,0.0,-52.42812129382147,0.0,112.45,43.56,0.0,0.1,8.25,12.945215134276907,0.0,0.0,inferred_20260921_seed3,3,11ed1195aabfcd298bcaf379e7f064ad8010cd8ca67a057b647baa8bf9ef6e77,1500,pre_fed,F-MADRL,deterministic,c70b3d1e9ee018c607404b6a7d234059cbd1f356e748a26b3c3690cf510ad709
3,4,3,124.71,40.75,0.0,8.1,4.05,0.15228314697742462,0.7986859083175659,115.11168081280844,33.16507396632281,115.11168081280844,-0.02105263157894797,0.1,0.1,3.11681256362459,-28.01381561760492,28.01381561760492,902.680506588141,1127.9733287202216,226.91190650259983,-142.7234346323372,0.0,24.16800034044462,-3.8458152771602983,-97.88040137880071,0.0,126.91,43.56,0.0,0.1,8.25,24.16800034044462,0.0,0.0,inferred_20260921_seed3,3,11ed1195aabfcd298bcaf379e7f064ad8010cd8ca67a057b647baa8bf9ef6e77,1500,pre_fed,F-MADRL,deterministic,c70b3d1e9ee018c607404b6a7d234059cbd1f356e748a26b3c3690cf510ad709
1,5,4,245.3,27.74,0.0,8.14,4.07,3.043314218521118,1.164879560470581,199.54641906177994,41.13118702153612,199.54641906177994,-0.02105263157894797,0.1,0.1,4.54530732860402,22.579940898403038,-22.579940898403038,1526.9375812524552,1052.5389067811634,183.80071891300074,-134.2998532715227,12.593158054742133,0.0,9.986782843660905,132.54656563020026,0.0,272.6,40.75,0.0,0.1,8.1,0.0,0.0,0.0,inferred_20260921_seed3,3,11ed1195aabfcd298bcaf379e7f064ad8010cd8ca67a057b647baa8bf9ef6e77,1500,pre_fed,F-MADRL,deterministic,c70b3d1e9ee018c607404b6a7d234059cbd1f356e748a26b3c3690cf510ad709
2,5,4,113.75,27.74,0.0,8.14,4.07,-0.3986493647098541,0.4195944666862488,86.96902008714439,19.829436850474657,86.96902008714439,-0.02105263157894797,0.1,0.1,2.2937593491113084,1.3557918935458844,-1.3557918935458844,916.4674735523578,1090.2561177506923,11.0361460134635,-45.10073753211958,0.0,0.0,1.3557918935458844,11.0361460134635,0.0,110.5,40.75,0.0,0.1,8.1,0.0,0.0,0.0,inferred_20260921_seed3,3,11ed1195aabfcd298bcaf379e7f064ad8010cd8ca67a057b647baa8bf9ef6e77,1500,pre_fed,F-MADRL,deterministic,c70b3d1e9ee018c607404b6a7d234059cbd1f356e748a26b3c3690cf510ad709
3,5,4,128.38,27.74,0.0,8.14,4.07,0.16273359954357147,0.7916235327720642,116.13121391192807,32.96638901905626,116.13121391192807,-0.02105263157894797,0.1,0.1,2.877003225606982,-12.593158054742133,12.593158054742133,910.843711852553,1127.9733287202216,102.50830656560098,-86.90507876597593,0.0,12.593158054742133,0.0,-51.25415328280049,0.0,124.71,40.75,0.0,0.1,8.1,12.593158054742133,0.0,0.0,inferred_20260921_seed3,3,11ed1195aabfcd298bcaf379e7f064ad8010cd8ca67a057b647baa8bf9ef6e77,1500,pre_fed,F-MADRL,deterministic,c70b3d1e9ee018c607404b6a7d234059cbd1f356e748a26b3c3690cf510ad709
1,6,5,233.7,30.15,0.0,8.13,4.07,2.9386751651763916,1.1263315677642822,199.44112600646855,40.48800042767517,199.44112600646855,-0.02105263157894797,0.1,0.1,4.591401467497792,8.72132809260819,-8.72132809260819,1525.9950189730976,1052.5389067811634,70.90439739290458,-83.47765734189228,8.72132809260819,0.0,0.0,35.49580533691533,0.0,245.3,27.74,0.0,0.1,8.14,0.0,0.0,0.0,inferred_20260921_seed3,3,11ed1195aabfcd298bcaf379e7f064ad8010cd8ca67a057b647baa8bf9ef6e77,1500,pre_fed,F-MADRL,deterministic,c70b3d1e9ee018c607404b6a7d234059cbd1f356e748a26b3c3690cf510ad709
2,6,5,120.25,30.15,0.0,8.13,4.07,-0.32718339562416077,0.4070773720741272,95.76172667360483,19.2994147730489,95.76172667360483,-0.02105263157894797,0.1,0.1,2.5178134808405175,-3.122860561185348,3.122860561185348,978.6209505519529,1090.2561177506923,25.388856362436883,-52.8025267291495,0.0,3.122860561185348,0.0,-12.710042484024369,0.0,113.75,27.74,0.0,0.1,8.14,3.122860561185348,0.0,0.0,inferred_20260921_seed3,3,11ed1195aabfcd298bcaf379e7f064ad8010cd8ca67a057b647baa8bf9ef6e77,1500,pre_fed,F-MADRL,deterministic,c70b3d1e9ee018c607404b6a7d234059cbd1f356e748a26b3c3690cf510ad709
3,6,5,135.43,30.15,0.0,8.13,4.07,0.24184858798980713,0.7935664057731628,123.72410562965132,33.02123272645927,123.72410562965132,-0.02105263157894797,0.1,0.1,3.0770610599614474,-15.345991938110927,15.345991938110927,972.2597696899168,1127.9733287202216,124.76291445684186,-98.1479734737816,0.0,5.598467531422841,-9.747524406688086,-22.785762852890965,0.0,128.38,27.74,0.0,0.1,8.14,5.598467531422841,0.0,0.0,inferred_20260921_seed3,3,11ed1195aabfcd298bcaf379e7f064ad8010cd8ca67a057b647baa8bf9ef6e77,1500,pre_fed,F-MADRL,deterministic,c70b3d1e9ee018c607404b6a7d234059cbd1f356e748a26b3c3690cf510ad709
1,7,6,274.6,28.65,0.16,8.34,4.17,2.9249324798583984,1.1227071285247803,199.42559682926046,40.42542436670789,199.42559682926046,-0.02105263157894797,0.1,0.1,4.56429088395363,50.949746686272135,-50.949746686272135,1525.8560200960944,1052.5389067811634,424.9208873635096,-242.78229785112447,2.7187477307764993,0.0,48.230998955495636,413.5837093261716,0.0,233.7,30.15,0.0,0.1,8.13,0.0,0.0,0.0,inferred_20260921_seed3,3,11ed1195aabfcd298bcaf379e7f064ad8010cd8ca67a057b647baa8bf9ef6e77,1500,pre_fed,F-MADRL,deterministic,c70b3d1e9ee018c607404b6a7d234059cbd1f356e748a26b3c3690cf510ad709
2,7,6,130.0,28.65,0.16,8.34,4.17,-0.3375065326690674,0.41272348165512085,94.46506776720103,19.539135437511852,94.46506776720103,-0.02105263157894797,0.1,0.1,2.4650803027124413,9.211065167090368,-9.211065167090368,969.3813175324921,1090.2561177506923,76.82028349353367,-75.76187627775384,0.0,0.0,9.211065167090368,76.82028349353367,0.0,120.25,30.15,0.0,0.1,8.13,0.0,0.0,0.0,inferred_20260921_seed3,3,11ed1195aabfcd298bcaf379e7f064ad8010cd8ca67a057b647baa8bf9ef6e77,1500,pre_fed,F-MADRL,deterministic,c70b3d1e9ee018c607404b6a7d234059cbd1f356e748a26b3c3690cf510ad709
3,7,6,146.72,28.65,0.16,8.34,4.17,0.24158862233161926,0.8034561276435852,123.69957072420803,33.29822522349474,123.69957072420803,-0.02105263157894797,0.1,0.1,3.0497703618525818,-2.7187477307764993,2.7187477307764993,972.0595519825054,1127.9733287202216,22.674356074676005,-52.20411784765875,0.0,2.7187477307764993,0.0,-11.337178037338003,0.0,135.43,30.15,0.0,0.1,8.13,2.7187477307764993,0.0,0.0,inferred_20260921_seed3,3,11ed1195aabfcd298bcaf379e7f064ad8010cd8ca67a057b647baa8bf9ef6e77,1500,pre_fed,F-MADRL,deterministic,c70b3d1e9ee018c607404b6a7d234059cbd1f356e748a26b3c3690cf510ad709
1,8,7,291.0,23.38,1.77,9.35,4.68,3.008991241455078,1.1505556106567383,199.5142672648515,40.89690280481953,199.5142672648515,-0.02105263157894797,0.1,0.1,4.492864292665451,70.8496496593929,-70.8496496593929,1526.6497457770183,1052.5389067811634,662.4442243153236,-349.68367399305924,0.0,0.0,70.8496496593929,662.4442243153236,0.0,274.6,28.65,0.16,0.1,8.34,0.0,0.0,0.0,inferred_20260921_seed3,3,11ed1195aabfcd298bcaf379e7f064ad8010cd8ca67a057b647baa8bf9ef6e77,1500,pre_fed,F-MADRL,deterministic,c70b3d1e9ee018c607404b6a7d234059cbd1f356e748a26b3c3690cf510ad709
2,8,7,157.95,23.38,1.77,9.35,4.68,-0.3257470726966858,0.4185738265514374,95.94281595081348,19.786413892128486,95.94281595081348,-0.02105263157894797,0.1,0.1,2.4214352663846905,39.29967194715016,-39.29967194715016,979.9133764881652,1090.2561177506923,367.45193270585395,-206.75675960241142,0.0,0.0,39.29967194715016,367.45193270585395,0.0,130.0,28.65,0.16,0.1,8.34,0.0,0.0,0.0,inferred_20260921_seed3,3,11ed1195aabfcd298bcaf379e7f064ad8010cd8ca67a057b647baa8bf9ef6e77,1500,pre_fed,F-MADRL,deterministic,c70b3d1e9ee018c607404b6a7d234059cbd1f356e748a26b3c3690cf510ad709
3,8,7,178.26,23.38,1.77,9.35,4.68,0.27236247062683105,0.8233259916305542,126.5821746651634,33.843804283430515,126.5821746651634,-0.02105263157894797,0.1,0.1,3.034222440671689,29.583100407087244,-29.583100407087244,995.6613807627377,1127.9733287202216,276.6019888062657,-166.94358915247875,0.0,0.0,29.583100407087244,276.6019888062657,0.0,146.72,28.65,0.16,0.1,8.34,0.0,0.0,0.0,inferred_20260921_seed3,3,11ed1195aabfcd298bcaf379e7f064ad8010cd8ca67a057b647baa8bf9ef6e77,1500,pre_fed,F-MADRL,deterministic,c70b3d1e9ee018c607404b6a7d234059cbd1f356e748a26b3c3690cf510ad709
1,9,8,315.7,21.75,5.3,12.0,6.0,3.062392234802246,1.170931100845337,199.56336281787753,41.22852146815486,199.56336281787753,-0.02105263157894797,0.1,0.1,4.531846203725972,93.63953601742736,-93.63953601742736,1527.089275129616,1052.5389067811634,1123.6744322091283,-557.2460581323234,0.0,0.0,93.63953601742736,1123.6744322091283,0.0,291.0,23.38,1.77,0.1,9.35,0.0,0.0,0.0,inferred_20260921_seed3,3,11ed1195aabfcd298bcaf379e7f064ad8010cd8ca67a057b647baa8bf9ef6e77,1500,pre_fed,F-MADRL,deterministic,c70b3d1e9ee018c607404b6a7d234059cbd1f356e748a26b3c3690cf510ad709
2,9,8,165.1,21.75,5.3,12.0,6.0,-0.2869913578033447,0.44131186604499817,100.88913599153446,20.73656276555427,100.88913599153446,-0.02105263157894797,0.1,0.1,2.5583616671991103,39.7402783072436,-39.7402783072436,1015.4077874164151,1090.2561177506923,476.8833396869232,-256.7107809624576,0.0,0.0,39.7402783072436,476.8833396869232,0.0,157.95,23.38,1.77,0.1,9.35,0.0,0.0,0.0,inferred_20260921_seed3,3,11ed1195aabfcd298bcaf379e7f064ad8010cd8ca67a057b647baa8bf9ef6e77,1500,pre_fed,F-MADRL,deterministic,c70b3d1e9ee018c607404b6a7d234059cbd1f356e748a26b3c3690cf510ad709
3,9,8,186.33,21.75,5.3,12.0,6.0,0.36708152294158936,0.8911987543106079,135.1436317399417,35.599265726117665,135.1436317399417,-0.02105263157894797,0.1,0.1,3.243451582167255,27.400872473804526,-27.400872473804526,1066.6906118077404,1127.9733287202216,328.8104696856543,-191.8579901691037,0.0,0.0,27.400872473804526,328.8104696856543,0.0,178.26,23.38,1.77,0.1,9.35,0.0,0.0,0.0,inferred_20260921_seed3,3,11ed1195aabfcd298bcaf379e7f064ad8010cd8ca67a057b647baa8bf9ef6e77,1500,pre_fed,F-MADRL,deterministic,c70b3d1e9ee018c607404b6a7d234059cbd1f356e748a26b3c3690cf510ad709
1,10,9,362.4,34.82,11.6,9.19,4.6,3.197291851043701,1.2249579429626465,199.6664410017078,42.05552994988075,199.6664410017078,-0.02105263157894797,0.1,0.1,4.921307767402577,121.25591939727371,-121.25591939727371,1528.012212594305,1052.5389067811634,1114.3418992609454,-553.0648770549349,0.0,0.0,121.25591939727371,1114.3418992609454,0.0,315.7,21.75,5.3,0.1,12.0,0.0,0.0,0.0,inferred_20260921_seed3,3,11ed1195aabfcd298bcaf379e7f064ad8010cd8ca67a057b647baa8bf9ef6e77,1500,pre_fed,F-MADRL,deterministic,c70b3d1e9ee018c607404b6a7d234059cbd1f356e748a26b3c3690cf510ad709
2,10,9,169.0,34.82,11.6,9.19,4.6,-0.2844586670398712,0.4832739233970642,101.21627092492136,22.44308759532913,101.21627092492136,-0.02105263157894797,0.1,0.1,2.9523043658668477,24.337086072524443,-24.337086072524443,1017.768393453151,1090.2561177506923,223.6578210064996,-142.80650967700169,0.0,0.0,24.337086072524443,223.6578210064996,0.0,165.1,21.75,5.3,0.1,12.0,0.0,0.0,0.0,inferred_20260921_seed3,3,11ed1195aabfcd298bcaf379e7f064ad8010cd8ca67a057b647baa8bf9ef6e77,1500,pre_fed,F-MADRL,deterministic,c70b3d1e9ee018c607404b6a7d234059cbd1f356e748a26b3c3690cf510ad709
3,10,9,190.73,34.82,11.6,9.19,4.6,0.4075930714607239,0.9726837873458862,138.6427074981825,37.49406438535226,138.6427074981825,-0.02105263157894797,0.1,0.1,3.7008330973320707,9.389178230728533,-9.389178230728533,1096.1212338174928,1127.9733287202216,86.28654794039521,-83.31083782393213,0.0,0.0,9.389178230728533,86.28654794039521,0.0,186.33,21.75,5.3,0.1,12.0,0.0,0.0,0.0,inferred_20260921_seed3,3,11ed1195aabfcd298bcaf379e7f064ad8010cd8ca67a057b647baa8bf9ef6e77,1500,pre_fed,F-MADRL,deterministic,c70b3d1e9ee018c607404b6a7d234059cbd1f356e748a26b3c3690cf510ad709
1,11,10,320.0,27.17,36.64,12.3,6.15,3.2609875202178955,1.2444831132888794,199.70627970874634,42.336468242447275,199.70627970874634,-0.02105263157894797,0.1,0.1,5.269904541543347,61.77467746437594,-61.77467746437594,1528.368964990404,1052.5389067811634,759.8285328118241,-393.54099720075214,0.0,0.0,61.77467746437594,759.8285328118241,0.0,362.4,34.82,11.6,0.1,9.19,0.0,0.0,0.0,inferred_20260921_seed3,3,11ed1195aabfcd298bcaf379e7f064ad8010cd8ca67a057b647baa8bf9ef6e77,1500,pre_fed,F-MADRL,deterministic,c70b3d1e9ee018c607404b6a7d234059cbd1f356e748a26b3c3690cf510ad709
2,11,10,173.55,27.17,36.64,12.3,6.15,-0.33129793405532837,0.4728047847747803,95.24388358478078,22.023137042055374,95.24388358478078,-0.02105263157894797,0.1,0.1,3.1806566190640364,17.69782566586221,-17.69782566586221,974.9278786999205,1090.2561177506923,217.68325569010523,-139.2611449895596,0.0,0.0,17.69782566586221,217.68325569010523,0.0,169.0,34.82,11.6,0.1,9.19,0.0,0.0,0.0,inferred_20260921_seed3,3,11ed1195aabfcd298bcaf379e7f064ad8010cd8ca67a057b647baa8bf9ef6e77,1500,pre_fed,F-MADRL,deterministic,c70b3d1e9ee018c607404b6a7d234059cbd1f356e748a26b3c3690cf510ad709
3,11,10,195.87,27.17,36.64,12.3,6.15,0.3463577926158905,0.9479567408561707,133.3141499391355,36.942831290458194,133.3141499391355,-0.02105263157894797,0.1,0.1,3.94206194615113,2.7089646385946367,-2.7089646385946367,1051.3955055993229,1127.9733287202216,33.320265054714035,-58.58149596101221,0.0,0.0,2.7089646385946367,33.320265054714035,0.0,190.73,34.82,11.6,0.1,9.19,0.0,0.0,0.0,inferred_20260921_seed3,3,11ed1195aabfcd298bcaf379e7f064ad8010cd8ca67a057b647baa8bf9ef6e77,1500,pre_fed,F-MADRL,deterministic,c70b3d1e9ee018c607404b6a7d234059cbd1f356e748a26b3c3690cf510ad709
1,12,11,350.0,30.2,42.68,20.7,10.35,3.3574438095092773,1.2930278778076172,199.7577493245568,42.99587421507417,199.7577493245568,-0.02105263157894797,0.1,0.1,5.452333933859558,82.83563724088168,-82.83563724088168,1528.829909299686,1052.5389067811634,1714.6976908862507,-823.2413372204298,24.77471253075899,0.0,58.06092471012269,1458.279416192895,0.0,320.0,27.17,36.64,0.1,12.3,0.0,0.0,0.0,inferred_20260921_seed3,3,11ed1195aabfcd298bcaf379e7f064ad8010cd8ca67a057b647baa8bf9ef6e77,1500,pre_fed,F-MADRL,deterministic,c70b3d1e9ee018c607404b6a7d234059cbd1f356e748a26b3c3690cf510ad709
2,12,11,168.35,30.2,42.68,20.7,10.35,-0.2699381113052368,0.5398489236831665,103.10058542255113,24.643679949832283,103.10058542255113,-0.02105263157894797,0.1,0.1,3.5191906558194437,-4.090342135152753,4.090342135152753,1031.3972786300833,1090.2561177506923,84.67008219766198,-80.53460491656341,0.0,4.090342135152753,0.0,-42.33504109883099,0.0,173.55,27.17,36.64,0.1,12.3,4.090342135152753,0.0,0.0,inferred_20260921_seed3,3,11ed1195aabfcd298bcaf379e7f064ad8010cd8ca67a057b647baa8bf9ef6e77,1500,pre_fed,F-MADRL,deterministic,c70b3d1e9ee018c607404b6a7d234059cbd1f356e748a26b3c3690cf510ad709
3,12,11,190.0,30.2,42.68,20.7,10.35,0.449211984872818,1.1011935472488403,142.12510405566695,40.04636680370619,142.12510405566695,-0.02105263157894797,0.1,0.1,4.29968102848176,-20.684370395606237,20.684370395606237,1125.6425339903494,1127.9733287202216,428.1664671890491,-237.74722748928352,0.0,20.684370395606237,0.0,-214.08323359452456,0.0,195.87,27.17,36.64,0.1,12.3,20.684370395606237,0.0,0.0,inferred_20260921_seed3,3,11ed1195aabfcd298bcaf379e7f064ad8010cd8ca67a057b647baa8bf9ef6e77,1500,pre_fed,F-MADRL,deterministic,c70b3d1e9ee018c607404b6a7d234059cbd1f356e748a26b3c3690cf510ad709
1,13,12,345.2,23.52,35.22,26.82,13.41,3.553004264831543,1.3709403276443481,199.83610199888824,43.945315854087255,199.83610199888824,-0.02105263157894797,0.1,0.1,5.171100987346186,91.81605162003686,-91.81605162003686,1529.531691496732,1052.5389067811634,2462.5065044493886,-1159.7693389677827,6.639706866962456,0.0,85.1763447530744,2373.468035363422,0.0,350.0,30.2,42.68,0.1,20.7,0.0,0.0,0.0,inferred_20260921_seed3,3,11ed1195aabfcd298bcaf379e7f064ad8010cd8ca67a057b647baa8bf9ef6e77,1500,pre_fed,F-MADRL,deterministic,c70b3d1e9ee018c607404b6a7d234059cbd1f356e748a26b3c3690cf510ad709
2,13,12,168.35,23.52,35.22,26.82,13.41,-0.32314756512641907,0.6408352255821228,96.27097374672196,28.273399000466064,96.27097374672196,-0.02105263157894797,0.1,0.1,3.09979842230286,16.459877307159843,-16.459877307159843,982.2566938160602,1090.2561177506923,441.453909378027,-240.1045154514472,0.0,0.0,16.459877307159843,441.453909378027,0.0,168.35,30.2,42.68,0.1,20.7,0.0,0.0,0.0,inferred_20260921_seed3,3,11ed1195aabfcd298bcaf379e7f064ad8010cd8ca67a057b647baa8bf9ef6e77,1500,pre_fed,F-MADRL,deterministic,c70b3d1e9ee018c607404b6a7d234059cbd1f356e748a26b3c3690cf510ad709
3,13,12,190.0,23.52,35.22,26.82,13.41,0.44688868522644043,1.2480138540267944,141.9338147407243,42.38628779511486,141.9338147407243,-0.02105263157894797,0.1,0.1,4.013055242182907,-6.639706866962456,6.639706866962456,1124.0149374287234,1127.9733287202216,178.07693817193308,-125.17438750034879,0.0,6.639706866962456,0.0,-89.03846908596654,0.0,190.0,30.2,42.68,0.1,20.7,6.639706866962456,0.0,0.0,inferred_20260921_seed3,3,11ed1195aabfcd298bcaf379e7f064ad8010cd8ca67a057b647baa8bf9ef6e77,1500,pre_fed,F-MADRL,deterministic,c70b3d1e9ee018c607404b6a7d234059cbd1f356e748a26b3c3690cf510ad709
1,14,13,320.6,39.48,35.46,27.35,13.68,3.597235918045044,1.3898179531097412,199.849967735654,44.156541524394555,199.849967735654,-0.02105263157894797,0.1,0.1,5.495378302081502,51.32646319800648,-51.32646319800648,1529.6558932398707,1052.5389067811634,1403.7787684654772,-683.3443418098855,28.825887829063475,0.0,22.500575368943004,1009.7288818421796,0.0,345.2,23.52,35.22,0.1,26.82,0.0,0.0,0.0,inferred_20260921_seed3,3,11ed1195aabfcd298bcaf379e7f064ad8010cd8ca67a057b647baa8bf9ef6e77,1500,pre_fed,F-MADRL,deterministic,c70b3d1e9ee018c607404b6a7d234059cbd1f356e748a26b3c3690cf510ad709
2,14,13,165.75,39.48,35.46,27.35,13.68,-0.3290242850780487,0.6860287189483643,95.52987061343885,29.77123602388095,95.52987061343885,-0.02105263157894797,0.1,0.1,3.408976359637198,-1.2898416222226956,1.2898416222226956,976.9669320479275,1090.2561177506923,35.27716836779073,-57.21918676147823,0.0,1.2898416222226956,0.0,-17.645033392006475,0.0,168.35,23.52,35.22,0.1,26.82,1.2898416222226956,0.0,0.0,inferred_20260921_seed3,3,11ed1195aabfcd298bcaf379e7f064ad8010cd8ca67a057b647baa8bf9ef6e77,1500,pre_fed,F-MADRL,deterministic,c70b3d1e9ee018c607404b6a7d234059cbd1f356e748a26b3c3690cf510ad709
3,14,13,187.07,39.48,35.46,27.35,13.68,0.47305965423583984,1.3081121444702148,144.06681406713076,43.18984762080625,144.06681406713076,-0.02105263157894797,0.1,0.1,4.379715228711036,-27.53604620684078,27.53604620684078,1142.2030354268354,1127.9733287202216,753.1108637570953,-384.30341597363406,0.0,27.53604620684078,0.0,-376.6931121095819,0.0,190.0,23.52,35.22,0.1,26.82,27.53604620684078,0.0,0.0,inferred_20260921_seed3,3,11ed1195aabfcd298bcaf379e7f064ad8010cd8ca67a057b647baa8bf9ef6e77,1500,pre_fed,F-MADRL,deterministic,c70b3d1e9ee018c607404b6a7d234059cbd1f356e748a26b3c3690cf510ad709
1,15,14,333.2,35.74,34.83,13.81,6.91,3.60896897315979,1.3964225053787231,199.8534448724475,44.22879551128136,199.8534448724475,-0.02105263157894797,0.1,0.1,5.408047844817372,68.20565560394874,-68.20565560394874,1529.6870400322136,1052.5389067811634,941.9201038905321,-475.50856568700704,11.672919367970593,0.0,56.53273623597815,861.376960251535,0.0,320.6,39.48,35.46,0.1,27.35,0.0,0.0,0.0,inferred_20260921_seed3,3,11ed1195aabfcd298bcaf379e7f064ad8010cd8ca67a057b647baa8bf9ef6e77,1500,pre_fed,F-MADRL,deterministic,c70b3d1e9ee018c607404b6a7d234059cbd1f356e748a26b3c3690cf510ad709
2,15,14,170.3,35.74,34.83,13.81,6.91,-0.40972158312797546,0.7049112319946289,85.64692444644534,30.373794003459874,85.64692444644534,-0.02105263157894797,0.1,0.1,3.123917436297327,17.228045621430965,-17.228045621430965,907.2235379260364,1090.2561177506923,237.91931003196163,-147.0132826279173,0.0,0.0,17.228045621430965,237.91931003196163,0.0,165.75,39.48,35.46,0.1,27.35,0.0,0.0,0.0,inferred_20260921_seed3,3,11ed1195aabfcd298bcaf379e7f064ad8010cd8ca67a057b647baa8bf9ef6e77,1500,pre_fed,F-MADRL,deterministic,c70b3d1e9ee018c607404b6a7d234059cbd1f356e748a26b3c3690cf510ad709
3,15,14,192.2,35.74,34.83,13.81,6.91,0.3940500020980835,1.3176472187042236,137.48464382338565,43.30988156936349,137.48464382338565,-0.02105263157894797,0.1,0.1,4.160671823836134,-11.672919367970593,11.672919367970593,1086.355039842681,1127.9733287202216,161.2030164716739,-116.82792478351129,0.0,11.672919367970593,0.0,-80.6598728326768,0.0,187.07,39.48,35.46,0.1,27.35,11.672919367970593,0.0,0.0,inferred_20260921_seed3,3,11ed1195aabfcd298bcaf379e7f064ad8010cd8ca67a057b647baa8bf9ef6e77,1500,pre_fed,F-MADRL,deterministic,c70b3d1e9ee018c607404b6a7d234059cbd1f356e748a26b3c3690cf510ad709
1,16,15,316.8,18.06,23.62,17.31,8.66,3.418308973312378,1.3164156675338745,199.78548459665276,43.294489138223774,199.78548459665276,-0.02105263157894797,0.1,0.1,4.828888639301477,80.18445667422768,-80.18445667422768,1529.0783147225607,1052.5389067811634,1387.992945030881,-676.2291696939709,0.0,0.0,80.18445667422768,1387.992945030881,0.0,333.2,35.74,34.83,0.1,13.81,0.0,0.0,0.0,inferred_20260921_seed3,3,11ed1195aabfcd298bcaf379e7f064ad8010cd8ca67a057b647baa8bf9ef6e77,1500,pre_fed,F-MADRL,deterministic,c70b3d1e9ee018c607404b6a7d234059cbd1f356e748a26b3c3690cf510ad709
2,16,15,172.25,18.06,23.62,17.31,8.66,-0.32774436473846436,0.5636060237884521,95.69104518028301,25.532402544212623,95.69104518028301,-0.02105263157894797,0.1,0.1,2.746999850974081,37.647007302270026,-37.647007302270026,978.1166351944892,1090.2561177506923,651.6696964022941,-334.61881843993604,0.0,0.0,37.647007302270026,651.6696964022941,0.0,170.3,35.74,34.83,0.1,13.81,0.0,0.0,0.0,inferred_20260921_seed3,3,11ed1195aabfcd298bcaf379e7f064ad8010cd8ca67a057b647baa8bf9ef6e77,1500,pre_fed,F-MADRL,deterministic,c70b3d1e9ee018c607404b6a7d234059cbd1f356e748a26b3c3690cf510ad709
3,16,15,194.4,18.06,23.62,17.31,8.66,0.4001152813434601,1.1222915649414062,138.00475971232555,40.4182261737463,138.00475971232555,-0.02105263157894797,0.1,0.1,3.5932741416149323,18.329567060868328,-18.329567060868328,1090.7381341095502,1127.9733287202216,317.28480582363073,-187.15239187722926,0.0,0.0,18.329567060868328,317.28480582363073,0.0,192.2,35.74,34.83,0.1,13.81,0.0,0.0,0.0,inferred_20260921_seed3,3,11ed1195aabfcd298bcaf379e7f064ad8010cd8ca67a057b647baa8bf9ef6e77,1500,pre_fed,F-MADRL,deterministic,c70b3d1e9ee018c607404b6a7d234059cbd1f356e748a26b3c3690cf510ad709
1,17,16,291.3,24.27,14.18,16.42,8.21,3.3887133598327637,1.3069044351577759,199.7724187376746,43.17450247816652,199.7724187376746,-0.02105263157894797,0.1,0.1,4.764027322121914,57.862661216026254,-57.862661216026254,1528.9612914147351,1052.5389067811634,950.1048971671512,-479.177207689136,0.0,0.0,57.862661216026254,950.1048971671512,0.0,316.8,18.06,23.62,0.1,17.31,0.0,0.0,0.0,inferred_20260921_seed3,3,11ed1195aabfcd298bcaf379e7f064ad8010cd8ca67a057b647baa8bf9ef6e77,1500,pre_fed,F-MADRL,deterministic,c70b3d1e9ee018c607404b6a7d234059cbd1f356e748a26b3c3690cf510ad709
2,17,16,165.75,24.27,14.18,16.42,8.21,-0.26560041308403015,0.5719926357269287,103.66632023108656,25.841058804343536,103.66632023108656,-0.02105263157894797,0.1,0.1,2.841905351990152,26.49663775248257,-26.49663775248257,1035.4996641345035,1090.2561177506923,435.07479189576384,-238.29877199079766,0.0,0.0,26.49663775248257,435.07479189576384,0.0,172.25,18.06,23.62,0.1,17.31,0.0,0.0,0.0,inferred_20260921_seed3,3,11ed1195aabfcd298bcaf379e7f064ad8010cd8ca67a057b647baa8bf9ef6e77,1500,pre_fed,F-MADRL,deterministic,c70b3d1e9ee018c607404b6a7d234059cbd1f356e748a26b3c3690cf510ad709
3,17,16,187.07,24.27,14.18,16.42,8.21,0.4839422106742859,1.1431875228881836,144.93952346458866,40.7742322301749,144.93952346458866,-0.02105263157894797,0.1,0.1,3.6673694166601947,7.368898583650463,-7.368898583650463,1149.6695532196095,1127.9733287202216,120.99731474354061,-100.0016492733899,0.0,0.0,7.368898583650463,120.99731474354061,0.0,194.4,18.06,23.62,0.1,17.31,0.0,0.0,0.0,inferred_20260921_seed3,3,11ed1195aabfcd298bcaf379e7f064ad8010cd8ca67a057b647baa8bf9ef6e77,1500,pre_fed,F-MADRL,deterministic,c70b3d1e9ee018c607404b6a7d234059cbd1f356e748a26b3c3690cf510ad709
1,18,17,413.8,26.26,4.67,9.83,4.92,3.3213541507720947,1.2816896438598633,199.73964093420093,42.846722119424925,199.73964093420093,-0.02105263157894797,0.1,0.1,4.612971766052439,187.76438346343048,-187.76438346343048,1528.66773184387,1052.5389067811634,1845.7238894455215,-882.1998830229854,0.0,0.0,187.76438346343048,1845.7238894455215,0.0,291.3,24.27,14.18,0.1,16.42,0.0,0.0,0.0,inferred_20260921_seed3,3,11ed1195aabfcd298bcaf379e7f064ad8010cd8ca67a057b647baa8bf9ef6e77,1500,pre_fed,F-MADRL,deterministic,c70b3d1e9ee018c607404b6a7d234059cbd1f356e748a26b3c3690cf510ad709
2,18,17,164.25,26.26,4.67,9.83,4.92,-0.30975621938705444,0.5541060566902161,97.96985736578971,25.179564387692423,97.96985736578971,-0.02105263157894797,0.1,0.1,2.577576094684215,37.94877136047347,-37.94877136047347,994.4142962749618,1090.2561177506923,373.03642247345425,-209.55979839356752,0.0,0.0,37.94877136047347,373.03642247345425,0.0,165.75,24.27,14.18,0.1,16.42,0.0,0.0,0.0,inferred_20260921_seed3,3,11ed1195aabfcd298bcaf379e7f064ad8010cd8ca67a057b647baa8bf9ef6e77,1500,pre_fed,F-MADRL,deterministic,c70b3d1e9ee018c607404b6a7d234059cbd1f356e748a26b3c3690cf510ad709
3,18,17,185.6,26.26,4.67,9.83,4.92,0.4242827892303467,1.093574047088623,140.05323065566478,39.908945418022675,140.05323065566478,-0.02105263157894797,0.1,0.1,3.419243560481716,18.057065536395896,-18.057065536395896,1108.0508905717563,1127.9733287202216,177.50095422277167,-124.59591378608681,0.0,0.0,18.057065536395896,177.50095422277167,0.0,187.07,24.27,14.18,0.1,16.42,0.0,0.0,0.0,inferred_20260921_seed3,3,11ed1195aabfcd298bcaf379e7f064ad8010cd8ca67a057b647baa8bf9ef6e77,1500,pre_fed,F-MADRL,deterministic,c70b3d1e9ee018c607404b6a7d234059cbd1f356e748a26b3c3690cf510ad709
1,19,18,539.8,26.77,0.18,8.63,4.32,3.288524866104126,1.2494770288467407,199.72199699268324,42.40684629992646,199.72199699268324,-0.02105263157894797,0.1,0.1,4.533018887222086,317.68207452611773,-317.68207452611773,1528.5097190683855,1052.5389067811634,2741.5963031603965,-1285.3393089391695,0.0,0.0,317.68207452611773,2741.5963031603965,0.0,413.8,26.26,4.67,0.1,9.83,0.0,0.0,0.0,inferred_20260921_seed3,3,11ed1195aabfcd298bcaf379e7f064ad8010cd8ca67a057b647baa8bf9ef6e77,1500,pre_fed,F-MADRL,deterministic,c70b3d1e9ee018c607404b6a7d234059cbd1f356e748a26b3c3690cf510ad709
2,19,18,162.5,26.77,0.18,8.63,4.32,-0.2989928722381592,0.45870441198349,99.34530445853821,21.451384166440484,99.34530445853821,-0.02105263157894797,0.1,0.1,2.525485036539185,38.75123320957992,-38.75123320957992,1004.2894496609904,1090.2561177506923,334.42314259867476,-192.3813255176373,0.0,0.0,38.75123320957992,334.42314259867476,0.0,164.25,26.26,4.67,0.1,9.83,0.0,0.0,0.0,inferred_20260921_seed3,3,11ed1195aabfcd298bcaf379e7f064ad8010cd8ca67a057b647baa8bf9ef6e77,1500,pre_fed,F-MADRL,deterministic,c70b3d1e9ee018c607404b6a7d234059cbd1f356e748a26b3c3690cf510ad709
3,19,18,183.4,26.77,0.18,8.63,4.32,0.37255415320396423,0.9244706034660339,135.6223781427752,36.40027406240553,135.6223781427752,-0.02105263157894797,0.1,0.1,3.2510265102239253,24.099700999027675,-24.099700999027675,1070.703596813992,1127.9733287202216,207.98041962160886,-137.56472734040824,0.0,0.0,24.099700999027675,207.98041962160886,0.0,185.6,26.26,4.67,0.1,9.83,0.0,0.0,0.0,inferred_20260921_seed3,3,11ed1195aabfcd298bcaf379e7f064ad8010cd8ca67a057b647baa8bf9ef6e77,1500,pre_fed,F-MADRL,deterministic,c70b3d1e9ee018c607404b6a7d234059cbd1f356e748a26b3c3690cf510ad709
1,20,19,557.2,26.22,0.0,8.87,4.44,3.3878560066223145,1.2781537771224976,199.77202861305594,42.799612059836754,199.77202861305594,-0.02105263157894797,0.1,0.1,4.5194195196295395,335.7484435381526,-335.7484435381526,1528.9577973377027,1052.5389067811634,2978.0886941834137,-1391.7698464649136,0.0,0.0,335.7484435381526,2978.0886941834137,0.0,539.8,26.77,0.18,0.1,8.63,0.0,0.0,0.0,inferred_20260921_seed3,3,11ed1195aabfcd298bcaf379e7f064ad8010cd8ca67a057b647baa8bf9ef6e77,1500,pre_fed,F-MADRL,deterministic,c70b3d1e9ee018c607404b6a7d234059cbd1f356e748a26b3c3690cf510ad709
2,20,19,165.75,26.22,0.0,8.87,4.44,-0.3020024001598358,0.4348984360694885,98.95983830567071,20.470342955766377,98.95983830567071,-0.02105263157894797,0.1,0.1,2.503175713481835,43.09439003939008,-43.09439003939008,1001.5190585170918,1090.2561177506923,382.24723964938994,-213.84676136758117,0.0,0.0,43.09439003939008,382.24723964938994,0.0,162.5,26.77,0.18,0.1,8.63,0.0,0.0,0.0,inferred_20260921_seed3,3,11ed1195aabfcd298bcaf379e7f064ad8010cd8ca67a057b647baa8bf9ef6e77,1500,pre_fed,F-MADRL,deterministic,c70b3d1e9ee018c607404b6a7d234059cbd1f356e748a26b3c3690cf510ad709
3,20,19,187.07,26.22,0.0,8.87,4.44,0.3512600064277649,0.8753817677497864,133.74925089180266,35.204908023188736,133.74925089180266,-0.02105263157894797,0.1,0.1,3.198963965204474,30.320765704980772,-30.320765704980772,1055.027337765498,1127.9733287202216,268.9451918031794,-164.68534964114514,0.0,0.0,30.320765704980772,268.9451918031794,0.0,183.4,26.77,0.18,0.1,8.63,0.0,0.0,0.0,inferred_20260921_seed3,3,11ed1195aabfcd298bcaf379e7f064ad8010cd8ca67a057b647baa8bf9ef6e77,1500,pre_fed,F-MADRL,deterministic,c70b3d1e9ee018c607404b6a7d234059cbd1f356e748a26b3c3690cf510ad709
1,21,20,557.1,32.84,0.0,8.35,4.18,3.4082000255584717,1.285558819770813,199.78110820169329,42.89794693519021,199.78110820169329,-0.02105263157894797,0.1,0.1,4.652001111402287,329.151945541288,-329.151945541288,1529.0391175874888,1052.5389067811634,2748.4187452697547,-1288.4199958587626,0.0,0.0,329.151945541288,2748.4187452697547,0.0,557.2,26.22,0.0,0.1,8.87,0.0,0.0,0.0,inferred_20260921_seed3,3,11ed1195aabfcd298bcaf379e7f064ad8010cd8ca67a057b647baa8bf9ef6e77,1500,pre_fed,F-MADRL,deterministic,c70b3d1e9ee018c607404b6a7d234059cbd1f356e748a26b3c3690cf510ad709
2,21,20,169.0,32.84,0.0,8.35,4.18,-0.2989753186702728,0.4386556148529053,99.34755473657013,20.626473214626976,99.34755473657013,-0.02105263157894797,0.1,0.1,2.6433300420998234,39.47682793710865,-39.47682793710865,1004.3056293079504,1090.2561177506923,329.63151327485724,-190.22541591485862,0.0,0.0,39.47682793710865,329.63151327485724,0.0,165.75,26.22,0.0,0.1,8.87,0.0,0.0,0.0,inferred_20260921_seed3,3,11ed1195aabfcd298bcaf379e7f064ad8010cd8ca67a057b647baa8bf9ef6e77,1500,pre_fed,F-MADRL,deterministic,c70b3d1e9ee018c607404b6a7d234059cbd1f356e748a26b3c3690cf510ad709
3,21,20,190.73,32.84,0.0,8.35,4.18,0.3615992069244385,0.8843680620193481,134.66218807777557,35.430042532887654,134.66218807777557,-0.02105263157894797,0.1,0.1,3.3496227089239325,26.598487262727303,-26.598487262727303,1062.659409261871,1127.9733287202216,222.09736864377297,-143.7564706493397,0.0,0.0,26.598487262727303,222.09736864377297,0.0,187.07,26.22,0.0,0.1,8.87,0.0,0.0,0.0,inferred_20260921_seed3,3,11ed1195aabfcd298bcaf379e7f064ad8010cd8ca67a057b647baa8bf9ef6e77,1500,pre_fed,F-MADRL,deterministic,c70b3d1e9ee018c607404b6a7d234059cbd1f356e748a26b3c3690cf510ad709
1,22,21,535.0,36.02,0.0,16.44,8.22,3.41365909576416,1.2876055240631104,199.78348252065587,42.92490648107113,199.78348252065587,-0.02105263157894797,0.1,0.1,4.715648597781539,303.93321870870466,-303.93321870870466,1529.0603831116093,1052.5389067811634,4996.662115571105,-2300.1299378048525,0.0,0.0,303.93321870870466,4996.662115571105,0.0,557.1,32.84,0.0,0.1,8.35,0.0,0.0,0.0,inferred_20260921_seed3,3,11ed1195aabfcd298bcaf379e7f064ad8010cd8ca67a057b647baa8bf9ef6e77,1500,pre_fed,F-MADRL,deterministic,c70b3d1e9ee018c607404b6a7d234059cbd1f356e748a26b3c3690cf510ad709
2,22,21,161.2,36.02,0.0,16.44,8.22,-0.3312826156616211,0.4405944347381592,95.2458089948503,20.706852346725327,95.2458089948503,-0.02105263157894797,0.1,0.1,2.6248951272654266,32.580138763994086,-32.580138763994086,974.9416024869843,1090.2561177506923,535.6174812800629,-282.3318209807818,0.0,0.0,32.580138763994086,535.6174812800629,0.0,169.0,32.84,0.0,0.1,8.35,0.0,0.0,0.0,inferred_20260921_seed3,3,11ed1195aabfcd298bcaf379e7f064ad8010cd8ca67a057b647baa8bf9ef6e77,1500,pre_fed,F-MADRL,deterministic,c70b3d1e9ee018c607404b6a7d234059cbd1f356e748a26b3c3690cf510ad709
3,22,21,181.93,36.02,0.0,16.44,8.22,0.3295418918132782,0.8793329000473022,131.81090862606075,35.30424823271755,131.81090862606075,-0.02105263157894797,0.1,0.1,3.3561971198896363,17.476341125407828,-17.476341125407828,1038.8754776292762,1127.9733287202216,287.3110481017047,-172.6269477727571,0.0,0.0,17.476341125407828,287.3110481017047,0.0,190.73,32.84,0.0,0.1,8.35,0.0,0.0,0.0,inferred_20260921_seed3,3,11ed1195aabfcd298bcaf379e7f064ad8010cd8ca67a057b647baa8bf9ef6e77,1500,pre_fed,F-MADRL,deterministic,c70b3d1e9ee018c607404b6a7d234059cbd1f356e748a26b3c3690cf510ad709
1,23,22,437.8,37.23,0.0,16.19,8.1,3.541719436645508,1.3472304344177246,199.83236395332713,43.66990001786087,199.83236395332713,-0.02105263157894797,0.1,0.1,4.740826226434963,205.4995149046868,-205.4995149046868,1529.4982086467487,1052.5389067811634,3327.0371463068795,-1548.807458146654,4.232943515382431,0.0,201.26657138930437,3292.7926332674356,0.0,535.0,36.02,0.0,0.1,16.44,0.0,0.0,0.0,inferred_20260921_seed3,3,11ed1195aabfcd298bcaf379e7f064ad8010cd8ca67a057b647baa8bf9ef6e77,1500,pre_fed,F-MADRL,deterministic,c70b3d1e9ee018c607404b6a7d234059cbd1f356e748a26b3c3690cf510ad709
2,23,22,148.0,37.23,0.0,16.19,8.1,-0.3918915092945099,0.5441040992736816,87.78143702238587,24.80441635701833,87.78143702238587,-0.02105263157894797,0.1,0.1,2.4998076878161384,25.50942329700922,-25.50942329700922,922.1609754985865,1090.2561177506923,412.9975631785793,-226.09724529534626,0.0,0.0,25.50942329700922,412.9975631785793,0.0,161.2,36.02,0.0,0.1,16.44,0.0,0.0,0.0,inferred_20260921_seed3,3,11ed1195aabfcd298bcaf379e7f064ad8010cd8ca67a057b647baa8bf9ef6e77,1500,pre_fed,F-MADRL,deterministic,c70b3d1e9ee018c607404b6a7d234059cbd1f356e748a26b3c3690cf510ad709
3,23,22,161.39,37.23,0.0,16.19,8.1,0.3293544054031372,1.0415464639663696,131.79405621870387,38.92490078667836,131.79405621870387,-0.02105263157894797,0.1,0.1,3.3800600717424985,-4.232943515382431,4.232943515382431,1038.7353625491687,1127.9733287202216,68.53135551404156,-74.17328380670651,0.0,4.232943515382431,0.0,-34.286842474597684,0.0,181.93,36.02,0.0,0.1,16.44,4.232943515382431,0.0,0.0,inferred_20260921_seed3,3,11ed1195aabfcd298bcaf379e7f064ad8010cd8ca67a057b647baa8bf9ef6e77,1500,pre_fed,F-MADRL,deterministic,c70b3d1e9ee018c607404b6a7d234059cbd1f356e748a26b3c3690cf510ad709
1,24,23,447.3,44.12,0.0,8.87,4.44,3.458369493484497,1.320219874382019,199.80198493912863,43.34192990135279,199.80198493912863,-0.02105263157894797,0.1,0.1,4.878018646150994,208.27708633860132,-208.27708633860132,1529.2261026553035,1052.5389067811634,1847.4177558233935,-882.9732903092564,41.97454498788308,0.0,166.30254135071826,1661.4705215270715,2.842170943040401e-14,437.8,37.23,0.0,0.1,16.19,0.0,0.0,0.0,inferred_20260921_seed3,3,11ed1195aabfcd298bcaf379e7f064ad8010cd8ca67a057b647baa8bf9ef6e77,1500,pre_fed,F-MADRL,deterministic,c70b3d1e9ee018c607404b6a7d234059cbd1f356e748a26b3c3690cf510ad709
2,24,23,119.6,44.12,0.0,8.87,4.44,-0.40267810225486755,0.5368606448173523,86.48666381114184,24.530395784089613,86.48666381114184,-0.02105263157894797,0.1,0.1,2.6117122235912578,-8.373898955971626,8.373898955971626,913.0918173778648,1090.2561177506923,74.27648373946832,-73.49137638533189,0.0,8.373898955971626,0.0,-37.18011136451402,0.0,148.0,37.23,0.0,0.1,16.19,8.373898955971626,0.0,0.0,inferred_20260921_seed3,3,11ed1195aabfcd298bcaf379e7f064ad8010cd8ca67a057b647baa8bf9ef6e77,1500,pre_fed,F-MADRL,deterministic,c70b3d1e9ee018c607404b6a7d234059cbd1f356e748a26b3c3690cf510ad709
3,24,23,134.98,44.12,0.0,8.87,4.44,0.28683722019195557,1.0147446393966675,127.92212001108041,38.385866138512554,127.92212001108041,-0.02105263157894797,0.1,0.1,3.4404213475900294,-33.60064603191145,33.60064603191145,1006.686170751605,1127.9733287202216,298.03773030305456,-176.81016862581112,0.0,33.60064603191145,0.0,-149.18686838168685,0.0,161.39,37.23,0.0,0.1,16.19,33.60064603191145,0.0,0.0,inferred_20260921_seed3,3,11ed1195aabfcd298bcaf379e7f064ad8010cd8ca67a057b647baa8bf9ef6e77,1500,pre_fed,F-MADRL,deterministic,c70b3d1e9ee018c607404b6a7d234059cbd1f356e748a26b3c3690cf510ad709
1,1,0,457.7,51.48,0.0,8.65,4.33,3.8819055557250977,-1.6990392208099365,199.9150692014755,-46.76444278590609,199.9150692014755,-42.21052631578948,0.5,0.9,4.18369085771372,252.6991479720277,-252.6991479720277,1530.2390784724687,224.10347285318556,2185.8476299580398,-1018.718284507631,35.59759569943844,0.0,217.10155227258923,2032.0660165364654,-2.842170943040401e-14,447.3,44.12,0.0,0.5,8.87,0.0,0.0,0.0,inferred_20260921_seed3,3,11ed1195aabfcd298bcaf379e7f064ad8010cd8ca67a057b647baa8bf9ef6e77,1500,pre_fed,PPO-MADRL,deterministic,a8bdfbcd1e0311aa1b6d35da00f656c7ab05a022a5bbed489548c189b8a06799
2,1,0,110.5,51.48,0.0,8.65,4.33,-0.885233998298645,0.6856999397277832,40.73555882106822,29.76062310029373,40.73555882106822,29.76062310029373,0.5,0.18573028315480278,2.439523638427239,-9.03665828293471,9.03665828293471,608.9893058223993,801.7389611691539,78.16709414738524,-63.38975770615442,0.0,9.03665828293471,0.0,-39.128730365107295,0.0,119.6,44.12,0.0,0.5,8.87,9.03665828293471,0.0,0.0,inferred_20260921_seed3,3,11ed1195aabfcd298bcaf379e7f064ad8010cd8ca67a057b647baa8bf9ef6e77,1500,pre_fed,PPO-MADRL,deterministic,a8bdfbcd1e0311aa1b6d35da00f656c7ab05a022a5bbed489548c189b8a06799
3,1,0,124.71,51.48,0.0,8.65,4.33,-0.11858914792537689,0.30253925919532776,88.19636641732293,14.6817329872727,88.19636641732293,14.6817329872727,0.5,0.34445544223923474,3.087161988091913,-26.560937416503734,26.560937416503734,694.3175798522237,691.9138162536335,229.7521086527573,-131.11307681585794,0.0,26.560937416503734,0.0,-115.00885901346116,0.0,134.98,44.12,0.0,0.5,8.87,26.560937416503734,0.0,0.0,inferred_20260921_seed3,3,11ed1195aabfcd298bcaf379e7f064ad8010cd8ca67a057b647baa8bf9ef6e77,1500,pre_fed,PPO-MADRL,deterministic,a8bdfbcd1e0311aa1b6d35da00f656c7ab05a022a5bbed489548c189b8a06799
1,2,1,336.5,38.37,0.0,8.11,4.06,4.020425796508789,-1.763095498085022,199.93561381639722,-47.14238657731833,199.93561381639722,-0.18947368421052882,0.9,0.9,4.762322802643734,103.14618267045702,-103.14618267045702,1530.4231333741222,111.40639664265923,836.5155414574064,-409.2685842561685,15.262011193428336,0.0,87.88417147702869,774.7043961240216,0.0,457.7,51.48,0.0,0.9,8.65,0.0,0.0,0.0,inferred_20260921_seed3,3,11ed1195aabfcd298bcaf379e7f064ad8010cd8ca67a057b647baa8bf9ef6e77,1500,pre_fed,PPO-MADRL,deterministic,a8bdfbcd1e0311aa1b6d35da00f656c7ab05a022a5bbed489548c189b8a06799
2,2,1,109.85,38.37,0.0,8.11,4.06,-0.6628372073173523,0.49384525418281555,58.76521501433018,22.86315132364458,58.76521501433018,8.109088145906851,0.18573028315480278,0.09999999999999999,2.1048860632047406,6.710582902967701,-6.710582902967701,725.0318850485669,1043.1360272053935,54.42282734306805,-59.85363054945983,0.0,0.0,6.710582902967701,54.42282734306805,0.0,110.5,51.48,0.0,0.18573028315480278,8.65,0.0,0.0,0.0,inferred_20260921_seed3,3,11ed1195aabfcd298bcaf379e7f064ad8010cd8ca67a057b647baa8bf9ef6e77,1500,pre_fed,PPO-MADRL,deterministic,a8bdfbcd1e0311aa1b6d35da00f656c7ab05a022a5bbed489548c189b8a06799
3,2,1,123.98,38.37,0.0,8.11,4.06,-0.10620066523551941,0.2940738797187805,89.419680597506,14.294004293747395,89.419680597506,14.294004293747395,0.34445544223923474,0.1933033282626784,2.841673697825068,-15.262011193428336,15.262011193428336,703.4891974140297,903.9140875502131,123.7749107787038,-87.84677554970156,0.0,15.262011193428336,0.0,-61.96376544531904,0.0,124.71,51.48,0.0,0.34445544223923474,8.65,15.262011193428336,0.0,0.0,inferred_20260921_seed3,3,11ed1195aabfcd298bcaf379e7f064ad8010cd8ca67a057b647baa8bf9ef6e77,1500,pre_fed,PPO-MADRL,deterministic,a8bdfbcd1e0311aa1b6d35da00f656c7ab05a022a5bbed489548c189b8a06799
1,3,2,274.9,43.56,0.0,8.25,4.13,3.9566972255706787,-1.7359256744384766,199.92686460490918,-46.98761553393568,199.92686460490918,-0.18947368421052882,0.9,0.9,4.865947818413973,36.4685568977153,-36.4685568977153,1530.3447501851529,111.40639664265923,300.8655944061512,-168.22454041932428,36.4685568977153,0.0,0.0,150.6151399875642,0.0,336.5,38.37,0.0,0.9,8.11,0.0,0.0,0.0,inferred_20260921_seed3,3,11ed1195aabfcd298bcaf379e7f064ad8010cd8ca67a057b647baa8bf9ef6e77,1500,pre_fed,PPO-MADRL,deterministic,a8bdfbcd1e0311aa1b6d35da00f656c7ab05a022a5bbed489548c189b8a06799
2,3,2,112.45,43.56,0.0,8.25,4.13,-0.44482147693634033,0.36626124382019043,81.53138412042658,17.535857086488004,81.53138412042658,-0.021052631578949432,0.09999999999999999,0.1,2.5014066297769526,-10.118924859070674,10.118924859070674,878.6182479381264,1090.2561177506923,83.48113008733306,-76.94399585307625,0.0,10.118924859070674,0.0,-41.791159667961885,0.0,109.85,38.37,0.0,0.09999999999999999,8.11,10.118924859070674,0.0,0.0,inferred_20260921_seed3,3,11ed1195aabfcd298bcaf379e7f064ad8010cd8ca67a057b647baa8bf9ef6e77,1500,pre_fed,PPO-MADRL,deterministic,a8bdfbcd1e0311aa1b6d35da00f656c7ab05a022a5bbed489548c189b8a06799
3,3,2,126.91,43.56,0.0,8.25,4.13,0.11828005313873291,0.43762102723121643,111.7731536416189,20.583528855288257,111.7731536416189,8.82708855258454,0.1933033282626784,0.09999999999999999,3.283204843884069,-33.96703735031937,33.96703735031937,876.0877824702387,1074.8463020537235,280.2280581401348,-165.12130785353992,0.0,26.34963203864463,-7.617405311674744,-108.82398031960231,0.0,123.98,38.37,0.0,0.1933033282626784,8.11,26.34963203864463,0.0,0.0,inferred_20260921_seed3,3,11ed1195aabfcd298bcaf379e7f064ad8010cd8ca67a057b647baa8bf9ef6e77,1500,pre_fed,PPO-MADRL,deterministic,a8bdfbcd1e0311aa1b6d35da00f656c7ab05a022a5bbed489548c189b8a06799
1,4,3,272.6,40.75,0.0,8.1,4.05,3.9346275329589844,-1.7284584045410156,199.92356541067147,-46.94367465379288,199.92356541067147,-0.18947368421052882,0.9,0.9,4.809681834529219,36.92559010806829,-36.92559010806829,1530.3151934018126,111.40639664265923,299.09727987535314,-167.42820774479836,31.387269280706093,0.0,5.538320827362199,171.97883928849348,0.0,274.9,43.56,0.0,0.9,8.25,0.0,0.0,0.0,inferred_20260921_seed3,3,11ed1195aabfcd298bcaf379e7f064ad8010cd8ca67a057b647baa8bf9ef6e77,1500,pre_fed,PPO-MADRL,deterministic,a8bdfbcd1e0311aa1b6d35da00f656c7ab05a022a5bbed489548c189b8a06799
2,4,3,110.5,40.75,0.0,8.1,4.05,-0.49385860562324524,0.3893042504787445,75.9816979315552,18.53801365779639,75.9816979315552,-0.02105263157894797,0.1,0.1,2.334212905999525,-3.876432393976728,3.876432393976728,840.4525042475055,1090.2561177506923,31.399102391211496,-52.74376851600913,0.0,3.876432393976728,0.0,-15.699551195605748,0.0,112.45,43.56,0.0,0.1,8.25,3.876432393976728,0.0,0.0,inferred_20260921_seed3,3,11ed1195aabfcd298bcaf379e7f064ad8010cd8ca67a057b647baa8bf9ef6e77,1500,pre_fed,PPO-MADRL,deterministic,a8bdfbcd1e0311aa1b6d35da00f656c7ab05a022a5bbed489548c189b8a06799
3,4,3,124.71,40.75,0.0,8.1,4.05,0.1470348834991455,0.4545419216156006,114.59843720987422,21.2812652162055,114.59843720987422,-0.021052631578949432,0.09999999999999999,0.1,3.1065476915659054,-27.510836886729365,27.510836886729365,898.5785373933513,1127.9733287202216,222.83777878250785,-140.8080377744,0.0,27.510836886729365,0.0,-111.41888939125393,0.0,126.91,43.56,0.0,0.09999999999999999,8.25,27.510836886729365,0.0,0.0,inferred_20260921_seed3,3,11ed1195aabfcd298bcaf379e7f064ad8010cd8ca67a057b647baa8bf9ef6e77,1500,pre_fed,PPO-MADRL,deterministic,a8bdfbcd1e0311aa1b6d35da00f656c7ab05a022a5bbed489548c189b8a06799
1,5,4,245.3,27.74,0.0,8.14,4.07,3.928338050842285,-1.7253341674804688,199.9225982445817,-46.92510655701157,199.9225982445817,-0.18947368421052882,0.9,0.9,4.549462491207424,22.376337930836257,-22.376337930836257,1530.306528798809,111.40639664265923,182.14339075700715,-114.79878434948259,12.904685865239003,0.0,9.471652065597254,129.6213192854844,0.0,272.6,40.75,0.0,0.9,8.1,0.0,0.0,0.0,inferred_20260921_seed3,3,11ed1195aabfcd298bcaf379e7f064ad8010cd8ca67a057b647baa8bf9ef6e77,1500,pre_fed,PPO-MADRL,deterministic,a8bdfbcd1e0311aa1b6d35da00f656c7ab05a022a5bbed489548c189b8a06799
2,5,4,113.75,27.74,0.0,8.14,4.07,-0.46776100993156433,0.3763454854488373,78.90561294521537,17.976476532830684,78.90561294521537,-0.02105263157894797,0.1,0.1,2.132491206272728,9.257930892636324,-9.257930892636324,860.5022092612003,1090.2561177506923,75.35955746605968,-72.92696739996471,0.0,0.0,9.257930892636324,75.35955746605968,0.0,110.5,40.75,0.0,0.1,8.1,0.0,0.0,0.0,inferred_20260921_seed3,3,11ed1195aabfcd298bcaf379e7f064ad8010cd8ca67a057b647baa8bf9ef6e77,1500,pre_fed,PPO-MADRL,deterministic,a8bdfbcd1e0311aa1b6d35da00f656c7ab05a022a5bbed489548c189b8a06799
3,5,4,128.38,27.74,0.0,8.14,4.07,0.16599911451339722,0.4647367000579834,116.44909943284325,21.69684375814521,116.44909943284325,-0.02105263157894797,0.1,0.1,2.883360936025286,-12.904685865239003,12.904685865239003,913.3929989126614,1127.9733287202216,105.04414294304549,-88.09719087702813,0.0,12.904685865239003,0.0,-52.52207147152274,0.0,124.71,40.75,0.0,0.1,8.1,12.904685865239003,0.0,0.0,inferred_20260921_seed3,3,11ed1195aabfcd298bcaf379e7f064ad8010cd8ca67a057b647baa8bf9ef6e77,1500,pre_fed,PPO-MADRL,deterministic,a8bdfbcd1e0311aa1b6d35da00f656c7ab05a022a5bbed489548c189b8a06799
1,6,5,233.7,30.15,0.0,8.13,4.07,3.8933448791503906,-1.7080022096633911,199.91698944666697,-46.82009861986799,199.91698944666697,-0.18947368421052882,0.9,0.9,4.597550315249129,8.420034552792657,-8.420034552792657,1530.2562812572269,111.40639664265923,68.45488091420431,-63.637949969389666,8.420034552792657,0.0,0.0,34.269540629866114,0.0,245.3,27.74,0.0,0.9,8.14,0.0,0.0,0.0,inferred_20260921_seed3,3,11ed1195aabfcd298bcaf379e7f064ad8010cd8ca67a057b647baa8bf9ef6e77,1500,pre_fed,PPO-MADRL,deterministic,a8bdfbcd1e0311aa1b6d35da00f656c7ab05a022a5bbed489548c189b8a06799
2,6,5,120.25,30.15,0.0,8.13,4.07,-0.33139047026634216,0.3166404962539673,95.23225286080763,15.32330445887614,95.23225286080763,-0.02105263157894797,0.1,0.1,2.5072240045845735,-2.6039762246441,2.6039762246441,974.8449793349679,1090.2561177506923,21.170326706356537,-50.82866895957364,0.0,2.6039762246441,0.0,-10.598183234301487,0.0,113.75,27.74,0.0,0.1,8.14,2.6039762246441,0.0,0.0,inferred_20260921_seed3,3,11ed1195aabfcd298bcaf379e7f064ad8010cd8ca67a057b647baa8bf9ef6e77,1500,pre_fed,PPO-MADRL,deterministic,a8bdfbcd1e0311aa1b6d35da00f656c7ab05a022a5bbed489548c189b8a06799
3,6,5,135.43,30.15,0.0,8.13,4.07,0.29587969183921814,0.5588637590408325,128.753745621157,25.3566951132121,128.753745621157,-0.02105263157894797,0.1,0.1,3.1776538597915613,-20.275039129786506,20.275039129786506,1013.5457686679595,1127.9733287202216,164.8360681251643,-117.00661260408756,0.0,5.816058328148557,-14.45898080163795,-23.67135739556463,0.0,128.38,27.74,0.0,0.1,8.14,5.816058328148557,0.0,0.0,inferred_20260921_seed3,3,11ed1195aabfcd298bcaf379e7f064ad8010cd8ca67a057b647baa8bf9ef6e77,1500,pre_fed,PPO-MADRL,deterministic,a8bdfbcd1e0311aa1b6d35da00f656c7ab05a022a5bbed489548c189b8a06799
1,7,6,274.6,28.65,0.16,8.34,4.17,3.8903393745422363,-1.7074309587478638,199.91648917575563,-46.816579221692514,199.91648917575563,-0.18947368421052882,0.9,0.9,4.570740309830902,50.63372481828583,-50.63372481828583,1530.2517995046383,111.40639664265923,422.2852649845038,-222.86153316597265,7.548048008572778,0.0,43.08567680971305,390.8099047887553,0.0,233.7,30.15,0.0,0.9,8.13,0.0,0.0,0.0,inferred_20260921_seed3,3,11ed1195aabfcd298bcaf379e7f064ad8010cd8ca67a057b647baa8bf9ef6e77,1500,pre_fed,PPO-MADRL,deterministic,a8bdfbcd1e0311aa1b6d35da00f656c7ab05a022a5bbed489548c189b8a06799
2,7,6,130.0,28.65,0.16,8.34,4.17,-0.34779632091522217,0.32448890805244446,93.18123336695405,15.678007891377197,93.18123336695405,-0.02105263157894797,0.1,0.1,2.4394036147075018,10.469222879332406,-10.469222879332406,960.2582466378782,1090.2561177506923,87.31331881363226,-80.30128075390593,0.0,0.0,10.469222879332406,87.31331881363226,0.0,120.25,30.15,0.0,0.1,8.13,0.0,0.0,0.0,inferred_20260921_seed3,3,11ed1195aabfcd298bcaf379e7f064ad8010cd8ca67a057b647baa8bf9ef6e77,1500,pre_fed,PPO-MADRL,deterministic,a8bdfbcd1e0311aa1b6d35da00f656c7ab05a022a5bbed489548c189b8a06799
3,7,6,146.72,28.65,0.16,8.34,4.17,0.29450321197509766,0.5601165294647217,128.62742815053076,25.40319439282736,128.62742815053076,-0.02105263157894797,0.1,0.1,3.1483275103790365,-7.548048008572778,7.548048008572778,1012.5030026444732,1127.9733287202216,62.950720391496965,-71.13735080346754,0.0,7.548048008572778,0.0,-31.475360195748483,0.0,135.43,30.15,0.0,0.1,8.13,7.548048008572778,0.0,0.0,inferred_20260921_seed3,3,11ed1195aabfcd298bcaf379e7f064ad8010cd8ca67a057b647baa8bf9ef6e77,1500,pre_fed,PPO-MADRL,deterministic,a8bdfbcd1e0311aa1b6d35da00f656c7ab05a022a5bbed489548c189b8a06799
1,8,7,291.0,23.38,1.77,9.35,4.68,3.9139137268066406,-1.7164345979690552,199.92033369041843,-46.87161362948205,199.92033369041843,-0.18947368421052882,0.9,0.9,4.497617200124158,70.61675719391624,-70.61675719391624,1530.286241274588,111.40639664265923,660.2666797631168,-329.95385865174757,0.0,0.0,70.61675719391624,660.2666797631168,0.0,274.6,28.65,0.16,0.9,8.34,0.0,0.0,0.0,inferred_20260921_seed3,3,11ed1195aabfcd298bcaf379e7f064ad8010cd8ca67a057b647baa8bf9ef6e77,1500,pre_fed,PPO-MADRL,deterministic,a8bdfbcd1e0311aa1b6d35da00f656c7ab05a022a5bbed489548c189b8a06799
2,8,7,157.95,23.38,1.77,9.35,4.68,-0.3206205368041992,0.3155529201030731,96.59049313652811,15.27401658006273,96.59049313652811,-0.02105263157894797,0.1,0.1,2.4343888100989832,38.66494830514982,-38.66494830514982,984.539898584598,1090.2561177506923,361.5172666531508,-204.17869032062364,0.0,0.0,38.66494830514982,361.5172666531508,0.0,130.0,28.65,0.16,0.1,8.34,0.0,0.0,0.0,inferred_20260921_seed3,3,11ed1195aabfcd298bcaf379e7f064ad8010cd8ca67a057b647baa8bf9ef6e77,1500,pre_fed,PPO-MADRL,deterministic,a8bdfbcd1e0311aa1b6d35da00f656c7ab05a022a5bbed489548c189b8a06799
3,8,7,178.26,23.38,1.77,9.35,4.68,0.3411533236503601,0.6009351015090942,132.8506645174,26.885731512590418,132.8506645174,-0.02105263157894797,0.1,0.1,3.1595922377164207,23.43998035189537,-23.43998035189537,1047.5307019418842,1127.9733287202216,219.16381629022172,-142.1337979438419,0.0,0.0,23.43998035189537,219.16381629022172,0.0,146.72,28.65,0.16,0.1,8.34,0.0,0.0,0.0,inferred_20260921_seed3,3,11ed1195aabfcd298bcaf379e7f064ad8010cd8ca67a057b647baa8bf9ef6e77,1500,pre_fed,PPO-MADRL,deterministic,a8bdfbcd1e0311aa1b6d35da00f656c7ab05a022a5bbed489548c189b8a06799
1,9,8,315.7,21.75,5.3,12.0,6.0,3.9257419109344482,-1.719090461730957,199.92219546458597,-46.88767090183109,199.92219546458597,-0.18947368421052882,0.9,0.9,4.535654435607509,93.45293265523205,-93.45293265523205,1530.3029203964106,111.40639664265923,1121.4351918627844,-537.4800226790344,0.0,0.0,93.45293265523205,1121.4351918627844,0.0,291.0,23.38,1.77,0.9,9.35,0.0,0.0,0.0,inferred_20260921_seed3,3,11ed1195aabfcd298bcaf379e7f064ad8010cd8ca67a057b647baa8bf9ef6e77,1500,pre_fed,PPO-MADRL,deterministic,a8bdfbcd1e0311aa1b6d35da00f656c7ab05a022a5bbed489548c189b8a06799
2,9,8,165.1,21.75,5.3,12.0,6.0,-0.23396635055541992,0.29198578000068665,107.82958538768047,14.198074933103383,107.82958538768047,-0.02105263157894797,0.1,0.1,2.6971706551220307,32.93863789902048,-32.93863789902048,1065.838913087106,1090.2561177506923,395.26365478824573,-220.99054527146654,0.0,0.0,32.93863789902048,395.26365478824573,0.0,157.95,23.38,1.77,0.1,9.35,0.0,0.0,0.0,inferred_20260921_seed3,3,11ed1195aabfcd298bcaf379e7f064ad8010cd8ca67a057b647baa8bf9ef6e77,1500,pre_fed,PPO-MADRL,deterministic,a8bdfbcd1e0311aa1b6d35da00f656c7ab05a022a5bbed489548c189b8a06799
3,9,8,186.33,21.75,5.3,12.0,6.0,0.47827187180519104,0.7291338443756104,144.48585432893998,31.12675792994108,144.48585432893998,-0.02105263157894797,0.1,0.1,3.430296033947221,18.245494336586205,-18.245494336586205,1145.786353612196,1127.9733287202216,218.94593203903446,-144.00086306421386,0.0,0.0,18.245494336586205,218.94593203903446,0.0,178.26,23.38,1.77,0.1,9.35,0.0,0.0,0.0,inferred_20260921_seed3,3,11ed1195aabfcd298bcaf379e7f064ad8010cd8ca67a057b647baa8bf9ef6e77,1500,pre_fed,PPO-MADRL,deterministic,a8bdfbcd1e0311aa1b6d35da00f656c7ab05a022a5bbed489548c189b8a06799
1,10,9,362.4,34.82,11.6,9.19,4.6,3.96132493019104,-1.7314929962158203,199.92753813596346,-46.96160597957443,199.92753813596346,-0.18947368421052882,0.9,0.9,4.9231612890350585,121.1650968372821,-121.1650968372821,1530.3507842290787,111.40639664265923,1113.5072399346225,-533.9134015880148,0.0,0.0,121.1650968372821,1113.5072399346225,0.0,315.7,21.75,5.3,0.9,12.0,0.0,0.0,0.0,inferred_20260921_seed3,3,11ed1195aabfcd298bcaf379e7f064ad8010cd8ca67a057b647baa8bf9ef6e77,1500,pre_fed,PPO-MADRL,deterministic,a8bdfbcd1e0311aa1b6d35da00f656c7ab05a022a5bbed489548c189b8a06799
2,10,9,169.0,34.82,11.6,9.19,4.6,-0.22033610939979553,0.3168116807937622,109.64262529686347,15.331059383821266,109.64262529686347,-0.02105263157894797,0.1,0.1,3.1208314533056907,16.07925878802118,-16.07925878802118,1079.1335518292963,1090.2561177506923,147.76838826191462,-109.88356810946135,0.0,0.0,16.07925878802118,147.76838826191462,0.0,165.1,21.75,5.3,0.1,12.0,0.0,0.0,0.0,inferred_20260921_seed3,3,11ed1195aabfcd298bcaf379e7f064ad8010cd8ca67a057b647baa8bf9ef6e77,1500,pre_fed,PPO-MADRL,deterministic,a8bdfbcd1e0311aa1b6d35da00f656c7ab05a022a5bbed489548c189b8a06799
3,10,9,190.73,34.82,11.6,9.19,4.6,0.5154085755348206,0.8124575018882751,147.41485738798858,33.54718539717029,147.41485738798858,-0.02105263157894797,0.1,0.1,3.8762760951281923,0.7924713387185705,-0.7924713387185705,1170.9261531220632,1127.9733287202216,7.282811602823662,-49.255254858116345,0.0,0.0,0.7924713387185705,7.282811602823662,0.0,186.33,21.75,5.3,0.1,12.0,0.0,0.0,0.0,inferred_20260921_seed3,3,11ed1195aabfcd298bcaf379e7f064ad8010cd8ca67a057b647baa8bf9ef6e77,1500,pre_fed,PPO-MADRL,deterministic,a8bdfbcd1e0311aa1b6d35da00f656c7ab05a022a5bbed489548c189b8a06799
1,11,10,320.0,27.17,36.64,12.3,6.15,3.983614444732666,-1.7423747777938843,199.93069637747615,-47.025071922875696,199.93069637747615,-0.18947368421052882,0.9,0.9,5.271024453865311,61.71980176059975,-61.71980176059975,1530.3790784464222,111.40639664265923,759.153561655377,-374.4548122467013,2.944771029314694,0.0,58.77503073128506,741.0432198250917,0.0,362.4,34.82,11.6,0.9,9.19,0.0,0.0,0.0,inferred_20260921_seed3,3,11ed1195aabfcd298bcaf379e7f064ad8010cd8ca67a057b647baa8bf9ef6e77,1500,pre_fed,PPO-MADRL,deterministic,a8bdfbcd1e0311aa1b6d35da00f656c7ab05a022a5bbed489548c189b8a06799
2,11,10,173.55,27.17,36.64,12.3,6.15,-0.33461859822273254,0.3582783341407776,94.82694656704608,17.184832177211952,94.82694656704608,-0.02105263157894797,0.1,0.1,3.172317878709343,18.10642394324222,-18.10642394324222,971.9573949445653,1090.2561177506923,222.70901450187932,-141.46332677975084,0.0,0.0,18.10642394324222,222.70901450187932,0.0,169.0,34.82,11.6,0.1,9.19,0.0,0.0,0.0,inferred_20260921_seed3,3,11ed1195aabfcd298bcaf379e7f064ad8010cd8ca67a057b647baa8bf9ef6e77,1500,pre_fed,PPO-MADRL,deterministic,a8bdfbcd1e0311aa1b6d35da00f656c7ab05a022a5bbed489548c189b8a06799
3,11,10,195.87,27.17,36.64,12.3,6.15,0.4127824604511261,0.7136254906654358,139.08326796761438,30.647262541153992,139.08326796761438,-0.02105263157894797,0.1,0.1,4.057444306720708,-2.944771029314694,2.944771029314694,1099.8432634630763,1127.9733287202216,36.220683660570735,-60.85563949092279,0.0,2.944771029314694,0.0,-18.110341830285368,0.0,190.73,34.82,11.6,0.1,9.19,2.944771029314694,0.0,0.0,inferred_20260921_seed3,3,11ed1195aabfcd298bcaf379e7f064ad8010cd8ca67a057b647baa8bf9ef6e77,1500,pre_fed,PPO-MADRL,deterministic,a8bdfbcd1e0311aa1b6d35da00f656c7ab05a022a5bbed489548c189b8a06799
1,12,11,350.0,30.2,42.68,20.7,10.35,3.998047113418579,-1.739544153213501,199.93266758971785,-47.00868757073364,199.93266758971785,-0.18947368421052882,0.9,0.9,5.452463878110145,82.8292699726029,-82.8292699726029,1530.396738326465,111.40639664265923,1714.56588843288,-804.3907124941785,29.6205302161261,0.0,53.2087397564768,1407.9934006959747,0.0,320.0,27.17,36.64,0.9,12.3,0.0,0.0,0.0,inferred_20260921_seed3,3,11ed1195aabfcd298bcaf379e7f064ad8010cd8ca67a057b647baa8bf9ef6e77,1500,pre_fed,PPO-MADRL,deterministic,a8bdfbcd1e0311aa1b6d35da00f656c7ab05a022a5bbed489548c189b8a06799
2,12,11,168.35,30.2,42.68,20.7,10.35,-0.25692513585090637,0.40150386095046997,104.80158264830915,19.061749411046414,104.80158264830915,-0.02105263157894797,0.1,0.1,3.5532106003346042,-5.757319416395603,5.757319416395603,1043.7466145568828,1090.2561177506923,119.17651191938899,-96.30948500987654,0.0,5.757319416395603,0.0,-59.58825595969449,0.0,173.55,27.17,36.64,0.1,12.3,5.757319416395603,0.0,0.0,inferred_20260921_seed3,3,11ed1195aabfcd298bcaf379e7f064ad8010cd8ca67a057b647baa8bf9ef6e77,1500,pre_fed,PPO-MADRL,deterministic,a8bdfbcd1e0311aa1b6d35da00f656c7ab05a022a5bbed489548c189b8a06799
3,12,11,190.0,30.2,42.68,20.7,10.35,0.4893346428871155,0.883354902267456,145.36881875375295,35.40480257734006,145.36881875375295,-0.02105263157894797,0.1,0.1,4.36455532244348,-23.863210799730496,23.863210799730496,1153.3477248849886,1127.9733287202216,493.96846355442125,-267.91222967159376,0.0,23.863210799730496,0.0,-246.98423177721062,0.0,195.87,27.17,36.64,0.1,12.3,23.863210799730496,0.0,0.0,inferred_20260921_seed3,3,11ed1195aabfcd298bcaf379e7f064ad8010cd8ca67a057b647baa8bf9ef6e77,1500,pre_fed,PPO-MADRL,deterministic,a8bdfbcd1e0311aa1b6d35da00f656c7ab05a022a5bbed489548c189b8a06799
1,13,12,345.2,23.52,35.22,26.82,13.41,4.057441234588623,-1.762609601020813,199.9402068464133,-47.139687685416284,199.9402068464133,-0.18947368421052882,0.9,0.9,5.169814663244055,91.87908150104133,-91.87908150104133,1530.464282303155,111.40639664265923,2464.1969658579283,-1141.726048214984,6.317286805677895,0.0,85.56179469536343,2379.482149793788,0.0,350.0,30.2,42.68,0.9,20.7,0.0,0.0,0.0,inferred_20260921_seed3,3,11ed1195aabfcd298bcaf379e7f064ad8010cd8ca67a057b647baa8bf9ef6e77,1500,pre_fed,PPO-MADRL,deterministic,a8bdfbcd1e0311aa1b6d35da00f656c7ab05a022a5bbed489548c189b8a06799
2,13,12,168.35,23.52,35.22,26.82,13.41,-0.328556090593338,0.5043786764144897,95.58881304672465,23.27768907797047,95.58881304672465,-0.02105263157894797,0.1,0.1,3.086155208302914,17.12839479315724,-17.12839479315724,977.3873390709769,1090.2561177506923,459.3835483524772,-248.07546589504813,0.0,0.0,17.12839479315724,459.3835483524772,0.0,168.35,30.2,42.68,0.1,20.7,0.0,0.0,0.0,inferred_20260921_seed3,3,11ed1195aabfcd298bcaf379e7f064ad8010cd8ca67a057b647baa8bf9ef6e77,1500,pre_fed,PPO-MADRL,deterministic,a8bdfbcd1e0311aa1b6d35da00f656c7ab05a022a5bbed489548c189b8a06799
3,13,12,190.0,23.52,35.22,26.82,13.41,0.4429033696651459,0.9851548075675964,141.60481467818903,37.76443650034411,141.60481467818903,-0.02105263157894797,0.1,0.1,4.006475240932202,-6.317286805677895,6.317286805677895,1121.2172469106986,1127.9733287202216,169.42963212828116,-121.22714597034492,0.0,6.317286805677895,0.0,-84.71481606414058,0.0,190.0,30.2,42.68,0.1,20.7,6.317286805677895,0.0,0.0,inferred_20260921_seed3,3,11ed1195aabfcd298bcaf379e7f064ad8010cd8ca67a057b647baa8bf9ef6e77,1500,pre_fed,PPO-MADRL,deterministic,a8bdfbcd1e0311aa1b6d35da00f656c7ab05a022a5bbed489548c189b8a06799
1,14,13,320.6,39.48,35.46,27.35,13.68,4.071319580078125,-1.7680224180221558,199.94184320883673,-47.16961368298713,199.94184320883673,-0.18947368421052882,0.9,0.9,5.493847390492523,51.40147786586641,-51.40147786586641,1530.4789425470972,111.40639664265923,1405.8304196314464,-665.4613956179461,34.62065011479777,0.0,16.780827751068642,932.5661325621609,0.0,345.2,23.52,35.22,0.9,26.82,0.0,0.0,0.0,inferred_20260921_seed3,3,11ed1195aabfcd298bcaf379e7f064ad8010cd8ca67a057b647baa8bf9ef6e77,1500,pre_fed,PPO-MADRL,deterministic,a8bdfbcd1e0311aa1b6d35da00f656c7ab05a022a5bbed489548c189b8a06799
2,14,13,165.75,39.48,35.46,27.35,13.68,-0.29207298159599304,0.5140355229377747,100.23416664141368,23.65417569762806,100.23416664141368,-0.02105263157894797,0.1,0.1,3.5030622801966946,-5.900051729638022,5.900051729638022,1010.6864165566997,1090.2561177506923,161.36641480559993,-114.63373734866781,0.0,5.900051729638022,0.0,-80.71270766144815,0.0,168.35,23.52,35.22,0.1,26.82,5.900051729638022,0.0,0.0,inferred_20260921_seed3,3,11ed1195aabfcd298bcaf379e7f064ad8010cd8ca67a057b647baa8bf9ef6e77,1500,pre_fed,PPO-MADRL,deterministic,a8bdfbcd1e0311aa1b6d35da00f656c7ab05a022a5bbed489548c189b8a06799
3,14,13,187.07,39.48,35.46,27.35,13.68,0.48816072940826416,1.075674057006836,145.27554077970115,39.579468585860766,145.27554077970115,-0.02105263157894797,0.1,0.1,4.403889762962444,-28.720598385159747,28.720598385159747,1152.5482280439924,1127.9733287202216,785.5083658341191,-399.0891957606379,0.0,28.720598385159747,0.0,-392.8977859089853,0.0,190.0,23.52,35.22,0.1,26.82,28.720598385159747,0.0,0.0,inferred_20260921_seed3,3,11ed1195aabfcd298bcaf379e7f064ad8010cd8ca67a057b647baa8bf9ef6e77,1500,pre_fed,PPO-MADRL,deterministic,a8bdfbcd1e0311aa1b6d35da00f656c7ab05a022a5bbed489548c189b8a06799
1,15,14,333.2,35.74,34.83,13.81,6.91,4.078320503234863,-1.7741918563842773,199.94265160506686,-47.20335219974021,199.94265160506686,-0.18947368421052882,0.9,0.9,5.406463558417126,68.28328563756077,-68.28328563756077,1530.48618502099,111.40639664265923,942.9921746547142,-457.18433022789435,8.851558859750924,0.0,59.43172677780984,881.9164185224329,0.0,320.6,39.48,35.46,0.9,27.35,0.0,0.0,0.0,inferred_20260921_seed3,3,11ed1195aabfcd298bcaf379e7f064ad8010cd8ca67a057b647baa8bf9ef6e77,1500,pre_fed,PPO-MADRL,deterministic,a8bdfbcd1e0311aa1b6d35da00f656c7ab05a022a5bbed489548c189b8a06799
2,15,14,170.3,35.74,34.83,13.81,6.91,-0.44943752884864807,0.5864244699478149,80.99888389936794,26.365958888951575,80.99888389936794,-0.02105263157894797,0.1,0.1,3.0309566253557803,21.783125357566774,-21.783125357566774,874.9358864147789,1090.2561177506923,300.8249611879972,-174.67507261790814,0.0,0.0,21.783125357566774,300.8249611879972,0.0,165.75,39.48,35.46,0.1,27.35,0.0,0.0,0.0,inferred_20260921_seed3,3,11ed1195aabfcd298bcaf379e7f064ad8010cd8ca67a057b647baa8bf9ef6e77,1500,pre_fed,PPO-MADRL,deterministic,a8bdfbcd1e0311aa1b6d35da00f656c7ab05a022a5bbed489548c189b8a06799
3,15,14,192.2,35.74,34.83,13.81,6.91,0.36095738410949707,0.9990331530570984,134.60570452928394,38.059390298015806,134.60570452928394,-0.02105263157894797,0.1,0.1,4.103093037954101,-8.851558859750924,8.851558859750924,1062.1867523874762,1127.9733287202216,122.24002785316026,-98.81121415607608,0.0,8.851558859750924,0.0,-61.16427172087889,0.0,187.07,39.48,35.46,0.1,27.35,8.851558859750924,0.0,0.0,inferred_20260921_seed3,3,11ed1195aabfcd298bcaf379e7f064ad8010cd8ca67a057b647baa8bf9ef6e77,1500,pre_fed,PPO-MADRL,deterministic,a8bdfbcd1e0311aa1b6d35da00f656c7ab05a022a5bbed489548c189b8a06799
1,16,15,316.8,18.06,23.62,17.31,8.66,4.020002841949463,-1.7508862018585205,199.93555934605092,-47.07381574444489,199.93555934605092,-0.18947368421052882,0.9,0.9,4.828521713236809,80.2024360513964,-80.2024360513964,1530.4226453766591,111.40639664265923,1388.3041680496717,-657.5734564627386,0.0,0.0,80.2024360513964,1388.3041680496717,0.0,333.2,35.74,34.83,0.9,13.81,0.0,0.0,0.0,inferred_20260921_seed3,3,11ed1195aabfcd298bcaf379e7f064ad8010cd8ca67a057b647baa8bf9ef6e77,1500,pre_fed,PPO-MADRL,deterministic,a8bdfbcd1e0311aa1b6d35da00f656c7ab05a022a5bbed489548c189b8a06799
2,16,15,172.25,18.06,23.62,17.31,8.66,-0.35511648654937744,0.45256507396698,92.27326183501778,21.200260761997853,92.27326183501778,-0.02105263157894797,0.1,0.1,2.6786441840687765,40.99643498062997,-40.99643498062997,953.8212240804214,1090.2561177506923,709.6482895147047,-360.22327711823937,0.0,0.0,40.99643498062997,709.6482895147047,0.0,170.3,35.74,34.83,0.1,13.81,0.0,0.0,0.0,inferred_20260921_seed3,3,11ed1195aabfcd298bcaf379e7f064ad8010cd8ca67a057b647baa8bf9ef6e77,1500,pre_fed,PPO-MADRL,deterministic,a8bdfbcd1e0311aa1b6d35da00f656c7ab05a022a5bbed489548c189b8a06799
3,16,15,194.4,18.06,23.62,17.31,8.66,0.40871915221214294,0.8475832343101501,138.73845856655961,34.49023930636203,138.73845856655961,-0.02105263157894797,0.1,0.1,3.6079481186996136,17.610542183718962,-17.610542183718962,1096.9298631832485,1127.9733287202216,304.8384852001752,-181.67538217814828,0.0,0.0,17.610542183718962,304.8384852001752,0.0,192.2,35.74,34.83,0.1,13.81,0.0,0.0,0.0,inferred_20260921_seed3,3,11ed1195aabfcd298bcaf379e7f064ad8010cd8ca67a057b647baa8bf9ef6e77,1500,pre_fed,PPO-MADRL,deterministic,a8bdfbcd1e0311aa1b6d35da00f656c7ab05a022a5bbed489548c189b8a06799
1,17,16,291.3,24.27,14.18,16.42,8.21,4.008075714111328,-1.7441058158874512,199.93400419470794,-47.035048697373725,199.93400419470794,-0.18947368421052882,0.9,0.9,4.763890610209948,57.86936009971254,-57.86936009971254,1530.4087128636984,111.40639664265923,950.21489283728,-460.43300396690313,0.0,0.0,57.86936009971254,950.21489283728,0.0,316.8,18.06,23.62,0.9,17.31,0.0,0.0,0.0,inferred_20260921_seed3,3,11ed1195aabfcd298bcaf379e7f064ad8010cd8ca67a057b647baa8bf9ef6e77,1500,pre_fed,PPO-MADRL,deterministic,a8bdfbcd1e0311aa1b6d35da00f656c7ab05a022a5bbed489548c189b8a06799
2,17,16,165.75,24.27,14.18,16.42,8.21,-0.19442227482795715,0.3858165144920349,113.11873517488647,18.38740447832803,113.11873517488647,-0.02105263157894797,0.1,0.1,3.0309536508661505,17.233271107558608,-17.233271107558608,1104.7628624748572,1090.2561177506923,282.97031158611236,-171.23701981826156,0.0,0.0,17.233271107558608,282.97031158611236,0.0,172.25,18.06,23.62,0.1,17.31,0.0,0.0,0.0,inferred_20260921_seed3,3,11ed1195aabfcd298bcaf379e7f064ad8010cd8ca67a057b647baa8bf9ef6e77,1500,pre_fed,PPO-MADRL,deterministic,a8bdfbcd1e0311aa1b6d35da00f656c7ab05a022a5bbed489548c189b8a06799
3,17,16,187.07,24.27,14.18,16.42,8.21,0.5598705410957336,0.9738189578056335,150.78813733915618,37.51888520604749,150.78813733915618,-0.02105263157894797,0.1,0.1,3.784341694151545,1.6372569865743003,-1.6372569865743003,1200.0811703815134,1127.9733287202216,26.883759719550014,-58.65878185583221,0.0,0.0,1.6372569865743003,26.883759719550014,0.0,194.4,18.06,23.62,0.1,17.31,0.0,0.0,0.0,inferred_20260921_seed3,3,11ed1195aabfcd298bcaf379e7f064ad8010cd8ca67a057b647baa8bf9ef6e77,1500,pre_fed,PPO-MADRL,deterministic,a8bdfbcd1e0311aa1b6d35da00f656c7ab05a022a5bbed489548c189b8a06799
1,18,17,413.8,26.26,4.67,9.83,4.92,3.992966651916504,-1.741950511932373,199.9319801765012,-47.022621721219224,199.9319801765012,-0.18947368421052882,0.9,0.9,4.6134501298458135,187.74094363755515,-187.74094363755515,1530.3905798576916,111.40639664265923,1845.4934759571672,-863.3080037107324,0.0,0.0,187.74094363755515,1845.4934759571672,0.0,291.3,24.27,14.18,0.9,16.42,0.0,0.0,0.0,inferred_20260921_seed3,3,11ed1195aabfcd298bcaf379e7f064ad8010cd8ca67a057b647baa8bf9ef6e77,1500,pre_fed,PPO-MADRL,deterministic,a8bdfbcd1e0311aa1b6d35da00f656c7ab05a022a5bbed489548c189b8a06799
2,18,17,164.25,26.26,4.67,9.83,4.92,-0.2647508978843689,0.39102327823638916,103.7772662510724,18.612102601202277,103.7772662510724,-0.02105263157894797,0.1,0.1,2.6937242723898684,32.25751065289643,-32.25751065289643,1036.3047518342405,1090.2561177506923,317.0913297179719,-185.222315764786,0.0,0.0,32.25751065289643,317.0913297179719,0.0,165.75,24.27,14.18,0.1,16.42,0.0,0.0,0.0,inferred_20260921_seed3,3,11ed1195aabfcd298bcaf379e7f064ad8010cd8ca67a057b647baa8bf9ef6e77,1500,pre_fed,PPO-MADRL,deterministic,a8bdfbcd1e0311aa1b6d35da00f656c7ab05a022a5bbed489548c189b8a06799
3,18,17,185.6,26.26,4.67,9.83,4.92,0.4943273961544037,0.892935574054718,145.76442735511375,35.64203208445597,145.76442735511375,-0.02105263157894797,0.1,0.1,3.5334674944706954,12.460092770935915,-12.460092770935915,1156.740371613771,1127.9733287202216,122.48271193830006,-100.81149437891489,0.0,0.0,12.460092770935915,122.48271193830006,0.0,187.07,24.27,14.18,0.1,16.42,0.0,0.0,0.0,inferred_20260921_seed3,3,11ed1195aabfcd298bcaf379e7f064ad8010cd8ca67a057b647baa8bf9ef6e77,1500,pre_fed,PPO-MADRL,deterministic,a8bdfbcd1e0311aa1b6d35da00f656c7ab05a022a5bbed489548c189b8a06799
1,19,18,539.8,26.77,0.18,8.63,4.32,3.9918534755706787,-1.745205283164978,199.93182862335934,-47.04136858529607,199.93182862335934,-0.18947368421052882,0.9,0.9,4.533847098782977,317.64149215963414,-317.64149215963414,1530.389222108726,111.40639664265923,2741.246077337643,-1266.396647176967,0.0,0.0,317.64149215963414,2741.246077337643,0.0,413.8,26.26,4.67,0.9,9.83,0.0,0.0,0.0,inferred_20260921_seed3,3,11ed1195aabfcd298bcaf379e7f064ad8010cd8ca67a057b647baa8bf9ef6e77,1500,pre_fed,PPO-MADRL,deterministic,a8bdfbcd1e0311aa1b6d35da00f656c7ab05a022a5bbed489548c189b8a06799
2,19,18,162.5,26.77,0.18,8.63,4.32,-0.2575477361679077,0.3137589693069458,104.71994108924123,15.19264495045613,104.71994108924123,-0.02105263157894797,0.1,0.1,2.632977769153246,33.484089311490976,-33.484089311490976,1043.1528874560697,1090.2561177506923,288.9676907581671,-172.70364094531047,0.0,0.0,33.484089311490976,288.9676907581671,0.0,164.25,26.26,4.67,0.1,9.83,0.0,0.0,0.0,inferred_20260921_seed3,3,11ed1195aabfcd298bcaf379e7f064ad8010cd8ca67a057b647baa8bf9ef6e77,1500,pre_fed,PPO-MADRL,deterministic,a8bdfbcd1e0311aa1b6d35da00f656c7ab05a022a5bbed489548c189b8a06799
3,19,18,183.4,26.77,0.18,8.63,4.32,0.4740159511566162,0.7454396486282349,144.143841097926,31.621021360662656,144.143841097926,-0.02105263157894797,0.1,0.1,3.4214557693269416,15.748667302979868,-15.748667302979868,1142.8614625803593,1127.9733287202216,135.91099882471627,-106.57664529713395,0.0,0.0,15.748667302979868,135.91099882471627,0.0,185.6,26.26,4.67,0.1,9.83,0.0,0.0,0.0,inferred_20260921_seed3,3,11ed1195aabfcd298bcaf379e7f064ad8010cd8ca67a057b647baa8bf9ef6e77,1500,pre_fed,PPO-MADRL,deterministic,a8bdfbcd1e0311aa1b6d35da00f656c7ab05a022a5bbed489548c189b8a06799
1,20,19,557.2,26.22,0.0,8.87,4.44,4.0236897468566895,-1.758685827255249,199.93603262013858,-47.11780243878737,199.93603262013858,-0.18947368421052882,0.9,0.9,4.519331178718561,335.75277224279057,-335.75277224279057,1530.4268854202296,111.40639664265923,2978.127089793552,-1372.993856048356,0.0,0.0,335.75277224279057,2978.127089793552,0.0,539.8,26.77,0.18,0.9,8.63,0.0,0.0,0.0,inferred_20260921_seed3,3,11ed1195aabfcd298bcaf379e7f064ad8010cd8ca67a057b647baa8bf9ef6e77,1500,pre_fed,PPO-MADRL,deterministic,a8bdfbcd1e0311aa1b6d35da00f656c7ab05a022a5bbed489548c189b8a06799
2,20,19,165.75,26.22,0.0,8.87,4.44,-0.26005178689956665,0.2942570745944977,104.3918441964858,14.302414994696358,104.3918441964858,-0.02105263157894797,0.1,0.1,2.611815831298137,37.77102426639128,-37.77102426639128,1040.767869260089,1090.2561177506923,335.0289852428906,-193.3835230995164,0.0,0.0,37.77102426639128,335.0289852428906,0.0,162.5,26.77,0.18,0.1,8.63,0.0,0.0,0.0,inferred_20260921_seed3,3,11ed1195aabfcd298bcaf379e7f064ad8010cd8ca67a057b647baa8bf9ef6e77,1500,pre_fed,PPO-MADRL,deterministic,a8bdfbcd1e0311aa1b6d35da00f656c7ab05a022a5bbed489548c189b8a06799
3,20,19,187.07,26.22,0.0,8.87,4.44,0.4623021185398102,0.7024695873260498,143.19586422894466,30.29664913258148,143.19586422894466,-0.02105263157894797,0.1,0.1,3.3878962319473143,21.0630846345816,-21.0630846345816,1134.7659987267748,1127.9733287202216,186.82956070873877,-129.32808886787237,0.0,0.0,21.0630846345816,186.82956070873877,0.0,183.4,26.77,0.18,0.1,8.63,0.0,0.0,0.0,inferred_20260921_seed3,3,11ed1195aabfcd298bcaf379e7f064ad8010cd8ca67a057b647baa8bf9ef6e77,1500,pre_fed,PPO-MADRL,deterministic,a8bdfbcd1e0311aa1b6d35da00f656c7ab05a022a5bbed489548c189b8a06799
1,21,20,557.1,32.84,0.0,8.35,4.18,4.029529571533203,-1.760758876800537,199.93677515580458,-47.12938525221363,199.93677515580458,-0.18947368421052882,0.9,0.9,4.651746029431881,329.16444455783784,-329.16444455783784,1530.4335377747943,111.40639664265923,2748.523112057946,-1269.6721991144248,0.0,0.0,329.16444455783784,2748.523112057946,0.0,557.2,26.22,0.0,0.9,8.87,0.0,0.0,0.0,inferred_20260921_seed3,3,11ed1195aabfcd298bcaf379e7f064ad8010cd8ca67a057b647baa8bf9ef6e77,1500,pre_fed,PPO-MADRL,deterministic,a8bdfbcd1e0311aa1b6d35da00f656c7ab05a022a5bbed489548c189b8a06799
2,21,20,169.0,32.84,0.0,8.35,4.18,-0.2513248026371002,0.29233598709106445,105.53709713608482,14.214171753960251,105.53709713608482,-0.02105263157894797,0.1,0.1,2.767120890090118,33.41107638558424,-33.41107638558424,1049.1001111594883,1090.2561177506923,278.9824878196284,-168.3292440970364,0.0,0.0,33.41107638558424,278.9824878196284,0.0,165.75,26.22,0.0,0.1,8.87,0.0,0.0,0.0,inferred_20260921_seed3,3,11ed1195aabfcd298bcaf379e7f064ad8010cd8ca67a057b647baa8bf9ef6e77,1500,pre_fed,PPO-MADRL,deterministic,a8bdfbcd1e0311aa1b6d35da00f656c7ab05a022a5bbed489548c189b8a06799
3,21,20,190.73,32.84,0.0,8.35,4.18,0.47755029797554016,0.7178908586502075,144.42795825432816,30.780057612063956,144.42795825432816,-0.02105263157894797,0.1,0.1,3.544938112454984,17.028032489705765,-17.028032489705765,1145.2910711500292,1127.9733287202216,142.18407128904315,-109.44812007747443,0.0,0.0,17.028032489705765,142.18407128904315,0.0,187.07,26.22,0.0,0.1,8.87,0.0,0.0,0.0,inferred_20260921_seed3,3,11ed1195aabfcd298bcaf379e7f064ad8010cd8ca67a057b647baa8bf9ef6e77,1500,pre_fed,PPO-MADRL,deterministic,a8bdfbcd1e0311aa1b6d35da00f656c7ab05a022a5bbed489548c189b8a06799
1,22,21,535.0,36.02,0.0,16.44,8.22,4.032707691192627,-1.7635290622711182,199.9371756277124,-47.14479270194735,199.9371756277124,-0.18947368421052882,0.9,0.9,4.715354038870038,303.94765209536814,-303.94765209536814,1530.4371255942074,111.40639664265923,4996.899400447853,-2281.441600646271,0.0,0.0,303.94765209536814,4996.899400447853,0.0,557.1,32.84,0.0,0.9,8.35,0.0,0.0,0.0,inferred_20260921_seed3,3,11ed1195aabfcd298bcaf379e7f064ad8010cd8ca67a057b647baa8bf9ef6e77,1500,pre_fed,PPO-MADRL,deterministic,a8bdfbcd1e0311aa1b6d35da00f656c7ab05a022a5bbed489548c189b8a06799
2,22,21,161.2,36.02,0.0,16.44,8.22,-0.31310033798217773,0.31563374400138855,97.54430597982036,15.277680567337542,97.54430597982036,-0.02105263157894797,0.1,0.1,2.6708650669648284,30.327611718723404,-30.327611718723404,991.3648343464242,1090.2561177506923,498.5859366558128,-265.9960905370581,0.0,0.0,30.327611718723404,498.5859366558128,0.0,169.0,32.84,0.0,0.1,8.35,0.0,0.0,0.0,inferred_20260921_seed3,3,11ed1195aabfcd298bcaf379e7f064ad8010cd8ca67a057b647baa8bf9ef6e77,1500,pre_fed,PPO-MADRL,deterministic,a8bdfbcd1e0311aa1b6d35da00f656c7ab05a022a5bbed489548c189b8a06799
3,22,21,181.93,36.02,0.0,16.44,8.22,0.4290357232093811,0.6762987971305847,140.45151336245408,29.45539786160984,140.45151336245408,-0.02105263157894797,0.1,0.1,3.5290092146175027,9.008548483742373,-9.008548483742373,1111.4262548909926,1127.9733287202216,148.10053707272462,-111.43323335495037,0.0,0.0,9.008548483742373,148.10053707272462,0.0,190.73,32.84,0.0,0.1,8.35,0.0,0.0,0.0,inferred_20260921_seed3,3,11ed1195aabfcd298bcaf379e7f064ad8010cd8ca67a057b647baa8bf9ef6e77,1500,pre_fed,PPO-MADRL,deterministic,a8bdfbcd1e0311aa1b6d35da00f656c7ab05a022a5bbed489548c189b8a06799
1,23,22,437.8,37.23,0.0,16.19,8.1,4.068035125732422,-1.7768927812576294,199.94146003687194,-47.21799939554671,199.94146003687194,-0.18947368421052882,0.9,0.9,4.739639727053229,205.55765337439183,-205.55765337439183,1530.4755096884837,111.40639664265923,3327.978408131404,-1530.4279217857547,8.9474679392182,0.0,196.61018543517363,3255.593392503129,0.0,535.0,36.02,0.0,0.9,16.44,0.0,0.0,0.0,inferred_20260921_seed3,3,11ed1195aabfcd298bcaf379e7f064ad8010cd8ca67a057b647baa8bf9ef6e77,1500,pre_fed,PPO-MADRL,deterministic,a8bdfbcd1e0311aa1b6d35da00f656c7ab05a022a5bbed489548c189b8a06799
2,23,22,148.0,37.23,0.0,16.19,8.1,-0.39340054988861084,0.4175850450992584,87.59966535411826,19.74470071299151,87.59966535411826,-0.02105263157894797,0.1,0.1,2.496172254450786,25.68755953191149,-25.68755953191149,920.8862296245584,1090.2561177506923,415.88158882164703,-227.3695619172462,0.0,0.0,25.68755953191149,415.88158882164703,0.0,161.2,36.02,0.0,0.1,16.44,0.0,0.0,0.0,inferred_20260921_seed3,3,11ed1195aabfcd298bcaf379e7f064ad8010cd8ca67a057b647baa8bf9ef6e77,1500,pre_fed,PPO-MADRL,deterministic,a8bdfbcd1e0311aa1b6d35da00f656c7ab05a022a5bbed489548c189b8a06799
3,23,22,161.39,37.23,0.0,16.19,8.1,0.38385191559791565,0.7794968485832214,136.60479542669955,32.62089076512739,136.60479542669955,-0.02105263157894797,0.1,0.1,3.4762748559024117,-8.9474679392182,8.9474679392182,1078.9521276980436,1127.9733287202216,144.85950593594268,-109.32528679953953,0.0,8.9474679392182,0.0,-72.47449030766741,0.0,181.93,36.02,0.0,0.1,16.44,8.9474679392182,0.0,0.0,inferred_20260921_seed3,3,11ed1195aabfcd298bcaf379e7f064ad8010cd8ca67a057b647baa8bf9ef6e77,1500,pre_fed,PPO-MADRL,deterministic,a8bdfbcd1e0311aa1b6d35da00f656c7ab05a022a5bbed489548c189b8a06799
1,24,23,447.3,44.12,0.0,8.87,4.44,4.04298734664917,-1.767913579940796,199.93845367315697,-47.16901495210723,199.93845367315697,-0.18947368421052882,0.9,0.9,4.877379599778929,208.30839961083248,-208.30839961083248,1530.448575593884,111.40639664265923,1847.695504548084,-864.3000764913687,42.51885706281628,0.0,165.7895425480162,1659.3369677598077,0.0,437.8,37.23,0.0,0.9,16.19,0.0,0.0,0.0,inferred_20260921_seed3,3,11ed1195aabfcd298bcaf379e7f064ad8010cd8ca67a057b647baa8bf9ef6e77,1500,pre_fed,PPO-MADRL,deterministic,a8bdfbcd1e0311aa1b6d35da00f656c7ab05a022a5bbed489548c189b8a06799
2,24,23,119.6,44.12,0.0,8.87,4.44,-0.42120346426963806,0.42667457461357117,84.28786780717797,20.12692306870235,84.28786780717797,-0.02105263157894797,0.1,0.1,2.5677363035119805,-6.219078872087053,6.219078872087053,897.7488685568212,1090.2561177506923,55.163229595412155,-64.58355304408575,0.0,6.219078872087053,0.0,-27.61271019206652,0.0,148.0,37.23,0.0,0.1,16.19,6.219078872087053,0.0,0.0,inferred_20260921_seed3,3,11ed1195aabfcd298bcaf379e7f064ad8010cd8ca67a057b647baa8bf9ef6e77,1500,pre_fed,PPO-MADRL,deterministic,a8bdfbcd1e0311aa1b6d35da00f656c7ab05a022a5bbed489548c189b8a06799
3,24,23,134.98,44.12,0.0,8.87,4.44,0.3169686198234558,0.7232694029808044,130.67633649967,30.946518123257356,130.67633649967,-0.02105263157894797,0.1,0.1,3.495505677361821,-36.29977819072923,36.29977819072923,1029.454411812345,1127.9733287202216,321.9790325517682,-188.03911945894703,0.0,36.29977819072923,0.0,-161.17101516683778,0.0,161.39,37.23,0.0,0.1,16.19,36.29977819072923,0.0,0.0,inferred_20260921_seed3,3,11ed1195aabfcd298bcaf379e7f064ad8010cd8ca67a057b647baa8bf9ef6e77,1500,pre_fed,PPO-MADRL,deterministic,a8bdfbcd1e0311aa1b6d35da00f656c7ab05a022a5bbed489548c189b8a06799
1,1,0,457.7,51.48,0.0,8.65,4.33,3.216933488845825,-0.7179148197174072,199.67926965323124,-30.780801634422755,199.67926965323124,-30.780801634422755,0.5,0.7914176155270162,4.40756936037617,241.72910134156766,-241.72910134156766,1528.12708932339,300.8910227579402,2090.95672660456,-977.5108892136788,68.012095836701,0.0,173.71700550486668,1797.1444725900121,0.0,447.3,44.12,0.0,0.5,8.87,0.0,0.0,0.0,inferred_20260921_seed3,3,11ed1195aabfcd298bcaf379e7f064ad8010cd8ca67a057b647baa8bf9ef6e77,1500,pre_fed,A2C-MADRL,deterministic,3e07a96bd7089312e6b9e8e7ae6b8661cc5fa4e8337d81c5571c2c904792d398
2,1,0,110.5,51.48,0.0,8.65,4.33,-0.3649454712867737,-0.1044105514883995,91.06122473712945,-5.201639297639295,91.06122473712945,-5.201639297639295,0.5,0.5484155733275733,2.7467917087898033,-24.09279373070035,24.09279373070035,945.2480710516528,505.07327621612507,208.40266577055803,-122.78762654210668,0.0,24.09279373070035,0.0,-104.32179685393253,0.0,119.6,44.12,0.0,0.5,8.87,24.09279373070035,0.0,0.0,inferred_20260921_seed3,3,11ed1195aabfcd298bcaf379e7f064ad8010cd8ca67a057b647baa8bf9ef6e77,1500,pre_fed,A2C-MADRL,deterministic,3e07a96bd7089312e6b9e8e7ae6b8661cc5fa4e8337d81c5571c2c904792d398
3,1,0,124.71,51.48,0.0,8.65,4.33,0.3893352746963501,-0.3425586521625519,137.0787032378112,-16.487986803116655,137.0787032378112,-16.487986803116655,0.5,0.6556358746296083,3.4414143286938907,-43.91930210600064,43.91930210600064,1082.9376891846023,433.0881991586043,379.9019632169056,-201.27640121447163,0.0,43.91930210600064,0.0,-190.17057811898277,0.0,134.98,44.12,0.0,0.5,8.87,43.91930210600064,0.0,0.0,inferred_20260921_seed3,3,11ed1195aabfcd298bcaf379e7f064ad8010cd8ca67a057b647baa8bf9ef6e77,1500,pre_fed,A2C-MADRL,deterministic,3e07a96bd7089312e6b9e8e7ae6b8661cc5fa4e8337d81c5571c2c904792d398
1,2,1,336.5,38.37,0.0,8.11,4.06,3.335418701171875,-0.7436855435371399,199.7468534149379,-31.56833592193032,199.7468534149379,-11.596338916214519,0.7914176155270162,0.9,4.530410289974468,114.50989579125107,-114.50989579125107,1528.7323256717111,141.02060806108966,928.6752548670461,-451.29892336482675,39.926441479338024,0.0,74.58345431191304,766.9731668757271,0.0,457.7,51.48,0.0,0.7914176155270162,8.65,0.0,0.0,0.0,inferred_20260921_seed3,3,11ed1195aabfcd298bcaf379e7f064ad8010cd8ca67a057b647baa8bf9ef6e77,1500,pre_fed,A2C-MADRL,deterministic,3e07a96bd7089312e6b9e8e7ae6b8661cc5fa4e8337d81c5571c2c904792d398
2,2,1,109.85,38.37,0.0,8.11,4.06,-0.39140936732292175,-0.11379913240671158,87.8395566724012,-5.665521084893239,87.8395566724012,-5.665521084893239,0.5484155733275733,0.6011411924874039,2.410880711750159,-8.283154875757802,8.283154875757802,922.5686685439091,444.8899861428204,67.17638604239576,-57.57854681281268,0.0,8.283154875757802,0.0,-33.62960879557667,0.0,110.5,51.48,0.0,0.5484155733275733,8.65,8.283154875757802,0.0,0.0,inferred_20260921_seed3,3,11ed1195aabfcd298bcaf379e7f064ad8010cd8ca67a057b647baa8bf9ef6e77,1500,pre_fed,A2C-MADRL,deterministic,3e07a96bd7089312e6b9e8e7ae6b8661cc5fa4e8337d81c5571c2c904792d398
3,2,1,123.98,38.37,0.0,8.11,4.06,0.40090662240982056,-0.3687106668949127,138.07244362132238,-17.643171576852744,138.07244362132238,-17.643171576852744,0.6556358746296083,0.82193473286045,3.175985440889393,-31.643286603580222,31.643286603580222,1091.3088944717338,253.2379758795978,256.62705435503557,-142.37311186679264,0.0,31.643286603580222,0.0,-128.4717436105357,0.0,124.71,51.48,0.0,0.6556358746296083,8.65,31.643286603580222,0.0,0.0,inferred_20260921_seed3,3,11ed1195aabfcd298bcaf379e7f064ad8010cd8ca67a057b647baa8bf9ef6e77,1500,pre_fed,A2C-MADRL,deterministic,3e07a96bd7089312e6b9e8e7ae6b8661cc5fa4e8337d81c5571c2c904792d398
1,3,2,274.9,43.56,0.0,8.25,4.13,3.2933831214904785,-0.7342728972434998,199.72468143061468,-31.283625332712905,199.72468143061468,-0.18947368421052882,0.9,0.9,4.861904154928083,36.666696408523904,-36.666696408523904,1528.5337596008562,111.40639664265923,302.5002453703222,-168.9239135415153,36.666696408523904,0.0,0.0,151.43345616720373,0.0,336.5,38.37,0.0,0.9,8.11,0.0,0.0,0.0,inferred_20260921_seed3,3,11ed1195aabfcd298bcaf379e7f064ad8010cd8ca67a057b647baa8bf9ef6e77,1500,pre_fed,A2C-MADRL,deterministic,3e07a96bd7089312e6b9e8e7ae6b8661cc5fa4e8337d81c5571c2c904792d398
2,3,2,112.45,43.56,0.0,8.25,4.13,-0.3683675527572632,-0.10585517436265945,90.64117957000161,-5.273077910573205,90.64117957000161,-5.273077910573205,0.6011411924874039,0.6500331502528747,2.5785620331885686,-13.899539626239843,13.899539626239843,942.2821580548028,388.20855636154283,114.67120191647871,-78.21185515074234,0.0,13.899539626239843,0.0,-57.40509865637055,0.0,109.85,38.37,0.0,0.6011411924874039,8.11,13.899539626239843,0.0,0.0,inferred_20260921_seed3,3,11ed1195aabfcd298bcaf379e7f064ad8010cd8ca67a057b647baa8bf9ef6e77,1500,pre_fed,A2C-MADRL,deterministic,3e07a96bd7089312e6b9e8e7ae6b8661cc5fa4e8337d81c5571c2c904792d398
3,3,2,126.91,43.56,0.0,8.25,4.13,0.41980230808258057,-0.3865131437778473,139.67638741265048,-18.417517662763455,139.67638741265048,-8.39043543213378,0.82193473286045,0.9,3.4969190396103342,-44.43903294090637,44.43903294090637,1104.859996273663,148.95895407751453,366.6220217624776,-190.05628880013845,0.0,22.76715678228406,-21.67187615862231,-94.02835751083317,0.0,123.98,38.37,0.0,0.82193473286045,8.11,22.76715678228406,0.0,0.0,inferred_20260921_seed3,3,11ed1195aabfcd298bcaf379e7f064ad8010cd8ca67a057b647baa8bf9ef6e77,1500,pre_fed,A2C-MADRL,deterministic,3e07a96bd7089312e6b9e8e7ae6b8661cc5fa4e8337d81c5571c2c904792d398
1,4,3,272.6,40.75,0.0,8.1,4.05,3.269216537475586,-0.7290344834327698,199.71106727878683,-31.123715061377954,199.71106727878683,-0.18947368421052882,0.9,0.9,4.8054318718915265,37.13383827731525,-37.13383827731525,1528.4118390230808,111.40639664265923,300.7840900462535,-168.14920523412889,37.13383827731525,0.0,0.0,150.39204502312674,0.0,274.9,43.56,0.0,0.9,8.25,0.0,0.0,0.0,inferred_20260921_seed3,3,11ed1195aabfcd298bcaf379e7f064ad8010cd8ca67a057b647baa8bf9ef6e77,1500,pre_fed,A2C-MADRL,deterministic,3e07a96bd7089312e6b9e8e7ae6b8661cc5fa4e8337d81c5571c2c904792d398
2,4,3,110.5,40.75,0.0,8.1,4.05,-0.39135950803756714,-0.1134217232465744,87.84556813581375,-5.6468921136736485,87.84556813581375,-5.6468921136736485,0.6500331502528747,0.7023785590322686,2.458973520442802,-9.989702501697309,9.989702501697309,922.6108402038117,331.9978722705799,80.9165902637482,-61.50463986817452,0.0,9.989702501697309,0.0,-40.4582951318741,0.0,112.45,43.56,0.0,0.6500331502528747,8.25,9.989702501697309,0.0,0.0,inferred_20260921_seed3,3,11ed1195aabfcd298bcaf379e7f064ad8010cd8ca67a057b647baa8bf9ef6e77,1500,pre_fed,A2C-MADRL,deterministic,3e07a96bd7089312e6b9e8e7ae6b8661cc5fa4e8337d81c5571c2c904792d398
3,4,3,124.71,40.75,0.0,8.1,4.05,0.4305778741836548,-0.4023348093032837,140.58041334596857,-19.097247068825688,140.58041334596857,-0.18947368421052882,0.9,0.9,3.6228187932351608,-52.80812086852289,52.80812086852289,1112.5193013970493,126.80720528531852,427.7457790350354,-217.27213069941328,0.0,27.14413577561794,-25.66398509290495,-109.93374989125265,0.0,126.91,43.56,0.0,0.9,8.25,27.14413577561794,0.0,0.0,inferred_20260921_seed3,3,11ed1195aabfcd298bcaf379e7f064ad8010cd8ca67a057b647baa8bf9ef6e77,1500,pre_fed,A2C-MADRL,deterministic,3e07a96bd7089312e6b9e8e7ae6b8661cc5fa4e8337d81c5571c2c904792d398
1,5,4,245.3,27.74,0.0,8.14,4.07,3.2621772289276123,-0.72746741771698,199.70697673838757,-31.075674834774635,199.70697673838757,-0.18947368421052882,0.9,0.9,4.545150061083541,22.587647006906508,-22.587647006906508,1528.3752070632704,111.40639664265923,183.86344663621898,-115.53418306041715,22.587647006906508,0.0,0.0,91.93172331810949,0.0,272.6,40.75,0.0,0.9,8.1,0.0,0.0,0.0,inferred_20260921_seed3,3,11ed1195aabfcd298bcaf379e7f064ad8010cd8ca67a057b647baa8bf9ef6e77,1500,pre_fed,A2C-MADRL,deterministic,3e07a96bd7089312e6b9e8e7ae6b8661cc5fa4e8337d81c5571c2c904792d398
2,5,4,113.75,27.74,0.0,8.14,4.07,-0.39442646503448486,-0.11424663662910461,87.4762057750634,-5.6876078936184635,87.4762057750634,-5.6876078936184635,0.7023785590322686,0.7550060769035796,2.1905719576288987,6.4119740761839665,-6.4119740761839665,920.0207067860496,276.44552299092766,52.19346898013749,-47.41638563660142,6.4119740761839665,0.0,0.0,26.096734490068744,0.0,110.5,40.75,0.0,0.7023785590322686,8.1,0.0,0.0,0.0,inferred_20260921_seed3,3,11ed1195aabfcd298bcaf379e7f064ad8010cd8ca67a057b647baa8bf9ef6e77,1500,pre_fed,A2C-MADRL,deterministic,3e07a96bd7089312e6b9e8e7ae6b8661cc5fa4e8337d81c5571c2c904792d398
3,5,4,128.38,27.74,0.0,8.14,4.07,0.42873287200927734,-0.39964351058006287,140.42618076947372,-18.982194738645372,140.42618076947372,-0.18947368421052882,0.9,0.9,3.359534141705264,-36.23717294355794,36.23717294355794,1111.2114766029008,126.80720528531852,294.9705877605616,-157.4971381300171,0.0,28.999621083090474,-7.2375518604674625,-118.02845780817825,0.0,124.71,40.75,0.0,0.9,8.1,22.587647006906508,6.4119740761839665,0.0,inferred_20260921_seed3,3,11ed1195aabfcd298bcaf379e7f064ad8010cd8ca67a057b647baa8bf9ef6e77,1500,pre_fed,A2C-MADRL,deterministic,3e07a96bd7089312e6b9e8e7ae6b8661cc5fa4e8337d81c5571c2c904792d398
1,6,5,233.7,30.15,0.0,8.13,4.07,3.2246265411376953,-0.7189571857452393,199.68415894084305,-30.81314721261872,199.68415894084305,-0.18947368421052882,0.9,0.9,4.592893705132651,8.6482084485001,-8.6482084485001,1528.1708721301084,111.40639664265923,70.30993468630582,-64.43101598429297,8.6482084485001,0.0,0.0,35.19820838539541,0.0,245.3,27.74,0.0,0.9,8.14,0.0,0.0,0.0,inferred_20260921_seed3,3,11ed1195aabfcd298bcaf379e7f064ad8010cd8ca67a057b647baa8bf9ef6e77,1500,pre_fed,A2C-MADRL,deterministic,3e07a96bd7089312e6b9e8e7ae6b8661cc5fa4e8337d81c5571c2c904792d398
2,6,5,120.25,30.15,0.0,8.13,4.07,-0.37388208508491516,-0.10631964355707169,89.96642815880791,-5.296041949203801,89.96642815880791,-5.296041949203801,0.7550060769035796,0.8038084632672085,2.296407724192082,7.72602151458797,-7.72602151458797,937.5233942289989,225.52067674804655,62.8125549136002,-51.526531130661,7.72602151458797,0.0,0.0,31.44490756437304,0.0,113.75,27.74,0.0,0.7550060769035796,8.14,0.0,0.0,0.0,inferred_20260921_seed3,3,11ed1195aabfcd298bcaf379e7f064ad8010cd8ca67a057b647baa8bf9ef6e77,1500,pre_fed,A2C-MADRL,deterministic,3e07a96bd7089312e6b9e8e7ae6b8661cc5fa4e8337d81c5571c2c904792d398
3,6,5,135.43,30.15,0.0,8.13,4.07,0.4339107871055603,-0.3948977291584015,140.85844216360294,-18.77874098298857,140.85844216360294,-0.18947368421052882,0.9,0.9,3.4163793695878484,-31.972589109804574,31.972589109804574,1114.8780058937255,126.80720528531852,259.9371494627112,-141.80542148180092,0.0,16.37422996308807,-15.598359146716504,-66.64311594976844,0.0,128.38,27.74,0.0,0.9,8.14,8.6482084485001,7.72602151458797,0.0,inferred_20260921_seed3,3,11ed1195aabfcd298bcaf379e7f064ad8010cd8ca67a057b647baa8bf9ef6e77,1500,pre_fed,A2C-MADRL,deterministic,3e07a96bd7089312e6b9e8e7ae6b8661cc5fa4e8337d81c5571c2c904792d398
1,7,6,274.6,28.65,0.16,8.34,4.17,3.221217393875122,-0.7182495594024658,199.68200152091882,-30.79119344266416,199.68200152091882,-0.18947368421052882,0.9,0.9,4.566050556734166,50.863522720025884,-50.863522720025884,1528.1515527239974,111.40639664265923,424.2017794850159,-223.6819597555903,19.61561623411299,0.0,31.247906485912893,342.4046597887647,0.0,233.7,30.15,0.0,0.9,8.13,0.0,0.0,0.0,inferred_20260921_seed3,3,11ed1195aabfcd298bcaf379e7f064ad8010cd8ca67a057b647baa8bf9ef6e77,1500,pre_fed,A2C-MADRL,deterministic,3e07a96bd7089312e6b9e8e7ae6b8661cc5fa4e8337d81c5571c2c904792d398
2,7,6,130.0,28.65,0.16,8.34,4.17,-0.3890514671802521,-0.1113576665520668,88.12408950497648,-5.544982015035969,88.12408950497648,-5.544982015035969,0.8038084632672085,0.8548781754835157,2.22778214979881,20.838674659858313,-20.838674659858313,924.5653275364828,176.00240661845785,173.79454666321834,-100.21890068154707,0.0,0.0,20.838674659858313,173.79454666321834,0.0,120.25,30.15,0.0,0.8038084632672085,8.13,0.0,0.0,0.0,inferred_20260921_seed3,3,11ed1195aabfcd298bcaf379e7f064ad8010cd8ca67a057b647baa8bf9ef6e77,1500,pre_fed,A2C-MADRL,deterministic,3e07a96bd7089312e6b9e8e7ae6b8661cc5fa4e8337d81c5571c2c904792d398
3,7,6,146.72,28.65,0.16,8.34,4.17,0.4369305372238159,-0.3979685604572296,141.1096943312646,-18.910472177388097,141.1096943312646,-0.18947368421052882,0.9,0.9,3.3946044129410815,-19.61561623411299,19.61561623411299,1117.010809490145,126.80720528531852,163.59423939250235,-98.49376802213533,0.0,19.61561623411299,0.0,-81.79711969625117,0.0,135.43,30.15,0.0,0.9,8.13,19.61561623411299,0.0,0.0,inferred_20260921_seed3,3,11ed1195aabfcd298bcaf379e7f064ad8010cd8ca67a057b647baa8bf9ef6e77,1500,pre_fed,A2C-MADRL,deterministic,3e07a96bd7089312e6b9e8e7ae6b8661cc5fa4e8337d81c5571c2c904792d398
1,8,7,291.0,23.38,1.77,9.35,4.68,3.2474091053009033,-0.7239493727684021,199.69820610249545,-30.967483821607832,199.69820610249545,-0.18947368421052882,0.9,0.9,4.493174648365699,70.83444223008078,-70.83444223008078,1528.2966644227672,111.40639664265923,662.3020348512553,-330.82997690437344,0.0,0.0,70.83444223008078,662.3020348512553,0.0,274.6,28.65,0.16,0.9,8.34,0.0,0.0,0.0,inferred_20260921_seed3,3,11ed1195aabfcd298bcaf379e7f064ad8010cd8ca67a057b647baa8bf9ef6e77,1500,pre_fed,A2C-MADRL,deterministic,3e07a96bd7089312e6b9e8e7ae6b8661cc5fa4e8337d81c5571c2c904792d398
2,8,7,157.95,23.38,1.77,9.35,4.68,-0.39614734053611755,-0.11307895928621292,87.26932742758625,-5.629971858283198,87.26932742758625,-4.929640091310665,0.8548781754835157,0.9,2.1497937467255115,52.610106410449916,-52.610106410449916,918.5708896621306,131.5915885970526,491.9044949377067,-242.3602722871517,0.0,0.0,52.610106410449916,491.9044949377067,0.0,130.0,28.65,0.16,0.8548781754835157,8.34,0.0,0.0,0.0,inferred_20260921_seed3,3,11ed1195aabfcd298bcaf379e7f064ad8010cd8ca67a057b647baa8bf9ef6e77,1500,pre_fed,A2C-MADRL,deterministic,3e07a96bd7089312e6b9e8e7ae6b8661cc5fa4e8337d81c5571c2c904792d398
3,8,7,178.26,23.38,1.77,9.35,4.68,0.44532954692840576,-0.4017757177352905,141.80523353454365,-19.073365461263144,141.80523353454365,-0.18947368421052882,0.9,0.9,3.3353151970066626,14.829555346673516,-14.829555346673516,1122.92128728467,126.80720528531852,138.65634249139737,-87.38992397252859,0.0,0.0,14.829555346673516,138.65634249139737,0.0,146.72,28.65,0.16,0.9,8.34,0.0,0.0,0.0,inferred_20260921_seed3,3,11ed1195aabfcd298bcaf379e7f064ad8010cd8ca67a057b647baa8bf9ef6e77,1500,pre_fed,A2C-MADRL,deterministic,3e07a96bd7089312e6b9e8e7ae6b8661cc5fa4e8337d81c5571c2c904792d398
1,9,8,315.7,21.75,5.3,12.0,6.0,3.26357364654541,-0.7271198630332947,199.7077927683665,-31.06500745100388,199.7077927683665,-0.18947368421052882,0.9,0.9,4.53136638168312,93.66304729752713,-93.66304729752713,1528.3825148235999,111.40639664265923,1123.9565675703257,-538.5762336359718,0.0,0.0,93.66304729752713,1123.9565675703257,0.0,291.0,23.38,1.77,0.9,9.35,0.0,0.0,0.0,inferred_20260921_seed3,3,11ed1195aabfcd298bcaf379e7f064ad8010cd8ca67a057b647baa8bf9ef6e77,1500,pre_fed,A2C-MADRL,deterministic,3e07a96bd7089312e6b9e8e7ae6b8661cc5fa4e8337d81c5571c2c904792d398
2,9,8,165.1,21.75,5.3,12.0,6.0,-0.39719894528388977,-0.11089444905519485,87.14303863091689,-5.522104815963289,87.14303863091689,-0.18947368421052882,0.9,0.9,2.280071298934127,53.376506352227764,-53.376506352227764,917.6861692055119,119.10680096398887,640.5180762267332,-308.96899370541996,0.0,0.0,53.376506352227764,640.5180762267332,0.0,157.95,23.38,1.77,0.9,9.35,0.0,0.0,0.0,inferred_20260921_seed3,3,11ed1195aabfcd298bcaf379e7f064ad8010cd8ca67a057b647baa8bf9ef6e77,1500,pre_fed,A2C-MADRL,deterministic,3e07a96bd7089312e6b9e8e7ae6b8661cc5fa4e8337d81c5571c2c904792d398
3,9,8,186.33,21.75,5.3,12.0,6.0,0.4749578833580017,-0.41524091362953186,144.21964754270064,-19.645680002426616,144.21964754270064,-0.18947368421052882,0.9,0.9,3.4216034771698025,18.671429618679696,-18.671429618679696,1143.5095662278281,126.80720528531852,224.05715542415635,-126.2320553711333,0.0,0.0,18.671429618679696,224.05715542415635,0.0,178.26,23.38,1.77,0.9,9.35,0.0,0.0,0.0,inferred_20260921_seed3,3,11ed1195aabfcd298bcaf379e7f064ad8010cd8ca67a057b647baa8bf9ef6e77,1500,pre_fed,A2C-MADRL,deterministic,3e07a96bd7089312e6b9e8e7ae6b8661cc5fa4e8337d81c5571c2c904792d398
1,10,9,362.4,34.82,11.6,9.19,4.6,3.3086671829223633,-0.7364055514335632,199.7329590059094,-31.348428385080418,199.7329590059094,-0.18947368421052882,0.9,0.9,4.919269706433978,121.35578438473507,-121.35578438473507,1528.6078903111775,111.40639664265923,1115.2596584957153,-534.6671320621485,0.0,0.0,121.35578438473507,1115.2596584957153,0.0,315.7,21.75,5.3,0.9,12.0,0.0,0.0,0.0,inferred_20260921_seed3,3,11ed1195aabfcd298bcaf379e7f064ad8010cd8ca67a057b647baa8bf9ef6e77,1500,pre_fed,A2C-MADRL,deterministic,3e07a96bd7089312e6b9e8e7ae6b8661cc5fa4e8337d81c5571c2c904792d398
2,10,9,169.0,34.82,11.6,9.19,4.6,-0.4085041582584381,-0.10919753462076187,85.79174240657724,-5.438278366732445,85.79174240657724,-0.18947368421052882,0.9,0.9,2.640445374447334,39.61817665208062,-39.61817665208062,908.2347921645481,119.10680096398887,364.0910434326209,-184.38780140725015,0.0,0.0,39.61817665208062,364.0910434326209,0.0,165.1,21.75,5.3,0.9,12.0,0.0,0.0,0.0,inferred_20260921_seed3,3,11ed1195aabfcd298bcaf379e7f064ad8010cd8ca67a057b647baa8bf9ef6e77,1500,pre_fed,A2C-MADRL,deterministic,3e07a96bd7089312e6b9e8e7ae6b8661cc5fa4e8337d81c5571c2c904792d398
3,10,9,190.73,34.82,11.6,9.19,4.6,0.5105826258659363,-0.43506842851638794,147.03990284453636,-20.477417430189348,147.03990284453636,-0.18947368421052882,0.9,0.9,3.8654085832065164,1.3249794228806877,-1.3249794228806877,1167.6987992977977,126.80720528531852,12.17656089627352,-31.36957249498541,0.0,0.0,1.3249794228806877,12.17656089627352,0.0,186.33,21.75,5.3,0.9,12.0,0.0,0.0,0.0,inferred_20260921_seed3,3,11ed1195aabfcd298bcaf379e7f064ad8010cd8ca67a057b647baa8bf9ef6e77,1500,pre_fed,A2C-MADRL,deterministic,3e07a96bd7089312e6b9e8e7ae6b8661cc5fa4e8337d81c5571c2c904792d398
1,11,10,320.0,27.17,36.64,12.3,6.15,3.3330471515655518,-0.742037832736969,199.74565139415222,-31.518739679343337,199.74565139415222,-0.18947368421052882,0.9,0.9,5.267323554198834,61.901145844257144,-61.901145844257144,1528.7215605066317,111.40639664265923,761.3840938843629,-375.42540139094916,9.584205559577555,0.0,52.31694028467959,702.441229692961,0.0,362.4,34.82,11.6,0.9,9.19,0.0,0.0,0.0,inferred_20260921_seed3,3,11ed1195aabfcd298bcaf379e7f064ad8010cd8ca67a057b647baa8bf9ef6e77,1500,pre_fed,A2C-MADRL,deterministic,3e07a96bd7089312e6b9e8e7ae6b8661cc5fa4e8337d81c5571c2c904792d398
2,11,10,173.55,27.17,36.64,12.3,6.15,-0.42589423060417175,-0.11736737936735153,83.73619004807571,-5.841570824356937,83.73619004807571,-0.18947368421052882,0.9,0.9,2.9471343272773036,29.14041796341212,-29.14041796341212,893.9108558537026,119.10680096398887,358.4271409499691,-181.55256656383995,0.0,0.0,29.14041796341212,358.4271409499691,0.0,169.0,34.82,11.6,0.9,9.19,0.0,0.0,0.0,inferred_20260921_seed3,3,11ed1195aabfcd298bcaf379e7f064ad8010cd8ca67a057b647baa8bf9ef6e77,1500,pre_fed,A2C-MADRL,deterministic,3e07a96bd7089312e6b9e8e7ae6b8661cc5fa4e8337d81c5571c2c904792d398
3,11,10,195.87,27.17,36.64,12.3,6.15,0.49764901399612427,-0.43258222937583923,146.02662221439172,-20.373852725447957,146.02662221439172,-0.18947368421052882,0.9,0.9,4.192942970603624,-9.584205559577555,9.584205559577555,1158.9905318213903,126.80720528531852,117.88572838280393,-78.76453251439595,0.0,9.584205559577555,0.0,-58.942864191401966,0.0,190.73,34.82,11.6,0.9,9.19,9.584205559577555,0.0,0.0,inferred_20260921_seed3,3,11ed1195aabfcd298bcaf379e7f064ad8010cd8ca67a057b647baa8bf9ef6e77,1500,pre_fed,A2C-MADRL,deterministic,3e07a96bd7089312e6b9e8e7ae6b8661cc5fa4e8337d81c5571c2c904792d398
1,12,11,350.0,30.2,42.68,20.7,10.35,3.3692054748535156,-0.7483298182487488,199.76337470200446,-31.707574423041546,199.76337470200446,-0.18947368421052882,0.9,0.9,5.449078020355878,82.995177002562,-82.995177002562,1528.8802908613661,111.40639664265923,1718.0001639530333,-805.9058075289455,30.108275817707295,0.0,52.88690118485471,1406.3795092397627,0.0,320.0,27.17,36.64,0.9,12.3,0.0,0.0,0.0,inferred_20260921_seed3,3,11ed1195aabfcd298bcaf379e7f064ad8010cd8ca67a057b647baa8bf9ef6e77,1500,pre_fed,A2C-MADRL,deterministic,3e07a96bd7089312e6b9e8e7ae6b8661cc5fa4e8337d81c5571c2c904792d398
2,12,11,168.35,30.2,42.68,20.7,10.35,-0.4311646819114685,-0.10421307384967804,83.11881330181714,-5.191872078423337,83.11881330181714,-0.18947368421052882,0.9,0.9,3.1161867923521323,15.656847174745508,-15.656847174745508,889.6212617020591,119.10680096398887,324.096736517232,-166.01809268607536,0.0,0.0,15.656847174745508,324.096736517232,0.0,173.55,27.17,36.64,0.9,12.3,0.0,0.0,0.0,inferred_20260921_seed3,3,11ed1195aabfcd298bcaf379e7f064ad8010cd8ca67a057b647baa8bf9ef6e77,1500,pre_fed,A2C-MADRL,deterministic,3e07a96bd7089312e6b9e8e7ae6b8661cc5fa4e8337d81c5571c2c904792d398
3,12,11,190.0,30.2,42.68,20.7,10.35,0.5751036405563354,-0.4686022400856018,151.90975513085064,-21.853462972771386,151.90975513085064,-0.18947368421052882,0.9,0.9,4.4920056289328025,-30.108275817707295,30.108275817707295,1209.8231274974348,126.80720528531852,623.241309426541,-307.1911958975985,0.0,30.108275817707295,0.0,-311.6206547132705,0.0,195.87,27.17,36.64,0.9,12.3,30.108275817707295,0.0,0.0,inferred_20260921_seed3,3,11ed1195aabfcd298bcaf379e7f064ad8010cd8ca67a057b647baa8bf9ef6e77,1500,pre_fed,A2C-MADRL,deterministic,3e07a96bd7089312e6b9e8e7ae6b8661cc5fa4e8337d81c5571c2c904792d398
1,13,12,345.2,23.52,35.22,26.82,13.41,3.4373936653137207,-0.7629018425941467,199.79350992852903,-32.139151343848575,199.79350992852903,-0.18947368421052882,0.9,0.9,5.1668807248863695,92.02284448056787,-92.02284448056787,1529.150194328632,111.40639664265923,2468.0526889688304,-1143.4348418553996,20.97455938870769,0.0,71.04828509186018,2186.78384756626,0.0,350.0,30.2,42.68,0.9,20.7,0.0,0.0,0.0,inferred_20260921_seed3,3,11ed1195aabfcd298bcaf379e7f064ad8010cd8ca67a057b647baa8bf9ef6e77,1500,pre_fed,A2C-MADRL,deterministic,3e07a96bd7089312e6b9e8e7ae6b8661cc5fa4e8337d81c5571c2c904792d398
2,13,12,168.35,23.52,35.22,26.82,13.41,-0.4790951907634735,-0.10717865824699402,77.62738393003627,-5.3385069355526,77.62738393003627,-0.18947368421052882,0.9,0.9,2.723558204916515,34.89564795909075,-34.89564795909075,851.7212223148475,119.10680096398887,935.901278262814,-440.57213568384304,0.0,0.0,34.89564795909075,935.901278262814,0.0,168.35,30.2,42.68,0.9,20.7,0.0,0.0,0.0,inferred_20260921_seed3,3,11ed1195aabfcd298bcaf379e7f064ad8010cd8ca67a057b647baa8bf9ef6e77,1500,pre_fed,A2C-MADRL,deterministic,3e07a96bd7089312e6b9e8e7ae6b8661cc5fa4e8337d81c5571c2c904792d398
3,13,12,190.0,23.52,35.22,26.82,13.41,0.6435271501541138,-0.5124260187149048,156.72963632574897,-23.59166393909546,156.72963632574897,-0.18947368421052882,0.9,0.9,4.305603252830769,-20.97455938870769,20.97455938870769,1251.958886629216,126.80720528531852,562.5376828051402,-280.7172791006038,0.0,20.97455938870769,0.0,-281.2688414025701,0.0,190.0,30.2,42.68,0.9,20.7,20.97455938870769,0.0,0.0,inferred_20260921_seed3,3,11ed1195aabfcd298bcaf379e7f064ad8010cd8ca67a057b647baa8bf9ef6e77,1500,pre_fed,A2C-MADRL,deterministic,3e07a96bd7089312e6b9e8e7ae6b8661cc5fa4e8337d81c5571c2c904792d398
1,14,13,320.6,39.48,35.46,27.35,13.68,3.4519777297973633,-0.7659915685653687,199.79943991405702,-32.22962855762352,199.79943991405702,-0.18947368421052882,0.9,0.9,5.490999324596929,51.5410330947505,-51.5410330947505,1529.2033074471701,111.40639664265923,1409.6472551414263,-667.1534588954385,41.6352521999531,0.0,9.905780894797402,840.4933575680675,0.0,345.2,23.52,35.22,0.9,26.82,0.0,0.0,0.0,inferred_20260921_seed3,3,11ed1195aabfcd298bcaf379e7f064ad8010cd8ca67a057b647baa8bf9ef6e77,1500,pre_fed,A2C-MADRL,deterministic,3e07a96bd7089312e6b9e8e7ae6b8661cc5fa4e8337d81c5571c2c904792d398
2,14,13,165.75,39.48,35.46,27.35,13.68,-0.4896421432495117,-0.10570631176233292,76.44946958396217,-5.265717448593299,76.44946958396217,-0.18947368421052882,0.9,0.9,3.023999917995033,17.574004018243386,-17.574004018243386,843.6513498743907,119.10680096398887,480.64900989895665,-235.5472174712981,0.0,0.0,17.574004018243386,480.64900989895665,0.0,168.35,23.52,35.22,0.9,26.82,0.0,0.0,0.0,inferred_20260921_seed3,3,11ed1195aabfcd298bcaf379e7f064ad8010cd8ca67a057b647baa8bf9ef6e77,1500,pre_fed,A2C-MADRL,deterministic,3e07a96bd7089312e6b9e8e7ae6b8661cc5fa4e8337d81c5571c2c904792d398
3,14,13,187.07,39.48,35.46,27.35,13.68,0.6718900799751282,-0.5297368168830872,158.62218001069328,-24.258994318253038,158.62218001069328,-0.18947368421052882,0.9,0.9,4.667454126529655,-41.6352521999531,41.6352521999531,1268.6243277799033,126.80720528531852,1138.7241476687173,-540.3344971122272,0.0,41.6352521999531,0.0,-569.5702500953585,0.0,190.0,23.52,35.22,0.9,26.82,41.6352521999531,0.0,0.0,inferred_20260921_seed3,3,11ed1195aabfcd298bcaf379e7f064ad8010cd8ca67a057b647baa8bf9ef6e77,1500,pre_fed,A2C-MADRL,deterministic,3e07a96bd7089312e6b9e8e7ae6b8661cc5fa4e8337d81c5571c2c904792d398
1,15,14,333.2,35.74,34.83,13.81,6.91,3.458254098892212,-0.767509400844574,199.80193927938214,-32.27394384627173,199.80193927938214,-0.18947368421052882,0.9,0.9,5.403649311903433,68.42118371673183,-68.42118371673183,1529.2256936904612,111.40639664265923,944.8965471280667,-458.01608801429245,32.19791814721626,0.0,36.223265569515576,722.7309119122745,0.0,320.6,39.48,35.46,0.9,27.35,0.0,0.0,0.0,inferred_20260921_seed3,3,11ed1195aabfcd298bcaf379e7f064ad8010cd8ca67a057b647baa8bf9ef6e77,1500,pre_fed,A2C-MADRL,deterministic,3e07a96bd7089312e6b9e8e7ae6b8661cc5fa4e8337d81c5571c2c904792d398
2,15,14,170.3,35.74,34.83,13.81,6.91,-0.5238234996795654,-0.11775702238082886,72.70961528591307,-5.860786176154822,72.70961528591307,-0.18947368421052882,0.9,0.9,2.8618028320340505,30.07166123033153,-30.07166123033153,818.1694448021799,119.10680096398887,415.28964159087843,-205.6258636312187,0.0,0.0,30.07166123033153,415.28964159087843,0.0,165.75,39.48,35.46,0.9,27.35,0.0,0.0,0.0,inferred_20260921_seed3,3,11ed1195aabfcd298bcaf379e7f064ad8010cd8ca67a057b647baa8bf9ef6e77,1500,pre_fed,A2C-MADRL,deterministic,3e07a96bd7089312e6b9e8e7ae6b8661cc5fa4e8337d81c5571c2c904792d398
3,15,14,192.2,35.74,34.83,13.81,6.91,0.6715056300163269,-0.5372498035430908,158.59694118136994,-24.545167449457907,158.59694118136994,-0.18947368421052882,0.9,0.9,4.579549349943189,-32.19791814721626,32.19791814721626,1268.401630908585,126.80720528531852,444.6532496130565,-227.9981390497535,0.0,32.19791814721626,0.0,-222.48761439726434,0.0,187.07,39.48,35.46,0.9,27.35,32.19791814721626,0.0,0.0,inferred_20260921_seed3,3,11ed1195aabfcd298bcaf379e7f064ad8010cd8ca67a057b647baa8bf9ef6e77,1500,pre_fed,A2C-MADRL,deterministic,3e07a96bd7089312e6b9e8e7ae6b8661cc5fa4e8337d81c5571c2c904792d398
1,16,15,316.8,18.06,23.62,17.31,8.66,3.390789747238159,-0.7532244920730591,199.77336080298534,-31.85343501185368,199.77336080298534,-0.18947368421052882,0.9,0.9,4.825277742375497,80.3613906236007,-80.3613906236007,1528.9697288538862,111.40639664265923,1391.055671694528,-658.7825747724685,0.0,0.0,80.3613906236007,1391.055671694528,0.0,333.2,35.74,34.83,0.9,13.81,0.0,0.0,0.0,inferred_20260921_seed3,3,11ed1195aabfcd298bcaf379e7f064ad8010cd8ca67a057b647baa8bf9ef6e77,1500,pre_fed,A2C-MADRL,deterministic,3e07a96bd7089312e6b9e8e7ae6b8661cc5fa4e8337d81c5571c2c904792d398
2,16,15,172.25,18.06,23.62,17.31,8.66,-0.45744720101356506,-0.11219673603773117,80.07981414547771,-5.586415649630169,80.07981414547771,-0.18947368421052882,0.9,0.9,2.431406809225344,53.11106634795816,-53.11106634795816,868.5904467614778,119.10680096398887,919.3525584831557,-433.4625962719294,0.0,0.0,53.11106634795816,919.3525584831557,0.0,170.3,35.74,34.83,0.9,13.81,0.0,0.0,0.0,inferred_20260921_seed3,3,11ed1195aabfcd298bcaf379e7f064ad8010cd8ca67a057b647baa8bf9ef6e77,1500,pre_fed,A2C-MADRL,deterministic,3e07a96bd7089312e6b9e8e7ae6b8661cc5fa4e8337d81c5571c2c904792d398
3,16,15,194.4,18.06,23.62,17.31,8.66,0.580834686756134,-0.47771692276000977,152.32718327308595,-22.220665415135514,152.32718327308595,-0.18947368421052882,0.9,0.9,3.8763541917775086,4.458644602902069,-4.458644602902069,1213.4548570737963,126.80720528531852,77.1791380762348,-61.53585338148797,0.0,0.0,4.458644602902069,77.1791380762348,0.0,192.2,35.74,34.83,0.9,13.81,0.0,0.0,0.0,inferred_20260921_seed3,3,11ed1195aabfcd298bcaf379e7f064ad8010cd8ca67a057b647baa8bf9ef6e77,1500,pre_fed,A2C-MADRL,deterministic,3e07a96bd7089312e6b9e8e7ae6b8661cc5fa4e8337d81c5571c2c904792d398
1,17,16,291.3,24.27,14.18,16.42,8.21,3.376723051071167,-0.7499527931213379,199.76690167225485,-31.756039429449935,199.76690167225485,-0.18947368421052882,0.9,0.9,4.7605485597608865,58.03312057171655,-58.03312057171655,1528.9118790955297,111.40639664265923,952.9038397875859,-461.61309341917746,0.5382795323340019,0.0,57.49484103938255,948.4845648271238,0.0,316.8,18.06,23.62,0.9,17.31,0.0,0.0,0.0,inferred_20260921_seed3,3,11ed1195aabfcd298bcaf379e7f064ad8010cd8ca67a057b647baa8bf9ef6e77,1500,pre_fed,A2C-MADRL,deterministic,3e07a96bd7089312e6b9e8e7ae6b8661cc5fa4e8337d81c5571c2c904792d398
2,17,16,165.75,24.27,14.18,16.42,8.21,-0.4323100447654724,-0.10213208198547363,82.98499473714483,-5.088922272935454,82.98499473714483,-0.18947368421052882,0.9,0.9,2.424910421058686,46.92938936812439,-46.92938936812439,888.6922411785647,119.10680096398887,770.5805734246026,-366.91723888392227,0.0,0.0,46.92938936812439,770.5805734246026,0.0,172.25,18.06,23.62,0.9,17.31,0.0,0.0,0.0,inferred_20260921_seed3,3,11ed1195aabfcd298bcaf379e7f064ad8010cd8ca67a057b647baa8bf9ef6e77,1500,pre_fed,A2C-MADRL,deterministic,3e07a96bd7089312e6b9e8e7ae6b8661cc5fa4e8337d81c5571c2c904792d398
3,17,16,187.07,24.27,14.18,16.42,8.21,0.5926027297973633,-0.47884508967399597,153.17649361516357,-22.265910228999992,153.17649361516357,-0.18947368421052882,0.9,0.9,3.828740398619061,-0.5382795323340019,0.5382795323340019,1220.8542907683445,126.80720528531852,8.838549920924313,-30.930577385489205,0.0,0.5382795323340019,0.0,-4.419274960462157,0.0,194.4,18.06,23.62,0.9,17.31,0.5382795323340019,0.0,0.0,inferred_20260921_seed3,3,11ed1195aabfcd298bcaf379e7f064ad8010cd8ca67a057b647baa8bf9ef6e77,1500,pre_fed,A2C-MADRL,deterministic,3e07a96bd7089312e6b9e8e7ae6b8661cc5fa4e8337d81c5571c2c904792d398
1,18,17,413.8,26.26,4.67,9.83,4.92,3.353801727294922,-0.7453917860984802,199.75598044921261,-31.61958533504113,199.75598044921261,-0.18947368421052882,0.9,0.9,4.609930135300042,187.91342337029798,-187.91342337029798,1528.8140671438284,111.40639664265923,1847.1889517300292,-864.0394375542429,0.0,0.0,187.91342337029798,1847.1889517300292,0.0,291.3,24.27,14.18,0.9,16.42,0.0,0.0,0.0,inferred_20260921_seed3,3,11ed1195aabfcd298bcaf379e7f064ad8010cd8ca67a057b647baa8bf9ef6e77,1500,pre_fed,A2C-MADRL,deterministic,3e07a96bd7089312e6b9e8e7ae6b8661cc5fa4e8337d81c5571c2c904792d398
2,18,17,164.25,26.26,4.67,9.83,4.92,-0.43967491388320923,-0.1098751574754715,82.12750803104029,-5.471756224779302,82.12750803104029,-0.18947368421052882,0.9,0.9,2.2573606869365954,53.63932634010682,-53.63932634010682,882.745695189262,119.10680096398887,527.27457792325,-257.3106099885276,0.0,0.0,53.63932634010682,527.27457792325,0.0,165.75,24.27,14.18,0.9,16.42,0.0,0.0,0.0,inferred_20260921_seed3,3,11ed1195aabfcd298bcaf379e7f064ad8010cd8ca67a057b647baa8bf9ef6e77,1500,pre_fed,A2C-MADRL,deterministic,3e07a96bd7089312e6b9e8e7ae6b8661cc5fa4e8337d81c5571c2c904792d398
3,18,17,185.6,26.26,4.67,9.83,4.92,0.5648680925369263,-0.4678446352481842,151.15804193974398,-21.82280883147599,151.15804193974398,-0.18947368421052882,0.9,0.9,3.6379713651106687,7.339403109577233,-7.339403109577233,1203.2913832789577,126.80720528531852,72.1463325671442,-59.067821426500416,0.0,0.0,7.339403109577233,72.1463325671442,0.0,187.07,24.27,14.18,0.9,16.42,0.0,0.0,0.0,inferred_20260921_seed3,3,11ed1195aabfcd298bcaf379e7f064ad8010cd8ca67a057b647baa8bf9ef6e77,1500,pre_fed,A2C-MADRL,deterministic,3e07a96bd7089312e6b9e8e7ae6b8661cc5fa4e8337d81c5571c2c904792d398
1,19,18,539.8,26.77,0.18,8.63,4.32,3.337932825088501,-0.743331789970398,199.74812150483854,-31.557696599670308,199.74812150483854,-0.18947368421052882,0.9,0.9,4.530172956412561,317.8215251357845,-317.8215251357845,1528.7436825698414,111.40639664265923,2742.7997619218204,-1267.0628944490693,0.0,0.0,317.8215251357845,2742.7997619218204,0.0,413.8,26.26,4.67,0.9,9.83,0.0,0.0,0.0,inferred_20260921_seed3,3,11ed1195aabfcd298bcaf379e7f064ad8010cd8ca67a057b647baa8bf9ef6e77,1500,pre_fed,A2C-MADRL,deterministic,3e07a96bd7089312e6b9e8e7ae6b8661cc5fa4e8337d81c5571c2c904792d398
2,19,18,162.5,26.77,0.18,8.63,4.32,-0.4074225425720215,-0.11257056891918182,85.92051987236391,-5.604873190084617,85.92051987236391,-0.18947368421052882,0.9,0.9,2.253620923763068,52.07257473560968,-52.07257473560968,909.1343044620703,119.10680096398887,449.38631996831157,-222.7886660942614,0.0,0.0,52.07257473560968,449.38631996831157,0.0,164.25,26.26,4.67,0.9,9.83,0.0,0.0,0.0,inferred_20260921_seed3,3,11ed1195aabfcd298bcaf379e7f064ad8010cd8ca67a057b647baa8bf9ef6e77,1500,pre_fed,A2C-MADRL,deterministic,3e07a96bd7089312e6b9e8e7ae6b8661cc5fa4e8337d81c5571c2c904792d398
3,19,18,183.4,26.77,0.18,8.63,4.32,0.4885880947113037,-0.42425617575645447,145.3095102823458,-20.025498117058312,145.3095102823458,-0.18947368421052882,0.9,0.9,3.441400731962706,14.771364133827433,-14.771364133827433,1152.8393656361332,126.80720528531852,127.47687247493076,-82.95752403214787,0.0,0.0,14.771364133827433,127.47687247493076,0.0,185.6,26.26,4.67,0.9,9.83,0.0,0.0,0.0,inferred_20260921_seed3,3,11ed1195aabfcd298bcaf379e7f064ad8010cd8ca67a057b647baa8bf9ef6e77,1500,pre_fed,A2C-MADRL,deterministic,3e07a96bd7089312e6b9e8e7ae6b8661cc5fa4e8337d81c5571c2c904792d398
1,20,19,557.2,26.22,0.0,8.87,4.44,3.3682804107666016,-0.7504316568374634,199.76293702903888,-31.770320106525467,199.76293702903888,-0.18947368421052882,0.9,0.9,4.515869266896567,335.92240592206826,-335.92240592206826,1528.8763709908912,111.40639664265923,2979.6317405287455,-1373.6399385906066,0.0,0.0,335.92240592206826,2979.6317405287455,0.0,539.8,26.77,0.18,0.9,8.63,0.0,0.0,0.0,inferred_20260921_seed3,3,11ed1195aabfcd298bcaf379e7f064ad8010cd8ca67a057b647baa8bf9ef6e77,1500,pre_fed,A2C-MADRL,deterministic,3e07a96bd7089312e6b9e8e7ae6b8661cc5fa4e8337d81c5571c2c904792d398
2,20,19,165.75,26.22,0.0,8.87,4.44,-0.40053457021713257,-0.11397974193096161,86.74312243237728,-5.67443543402043,86.74312243237728,-0.18947368421052882,0.9,0.9,2.255472974963335,55.23182422679659,-55.23182422679659,914.8861420147227,119.10680096398887,489.9062808916857,-241.1376852608328,0.0,0.0,55.23182422679659,489.9062808916857,0.0,162.5,26.77,0.18,0.9,8.63,0.0,0.0,0.0,inferred_20260921_seed3,3,11ed1195aabfcd298bcaf379e7f064ad8010cd8ca67a057b647baa8bf9ef6e77,1500,pre_fed,A2C-MADRL,deterministic,3e07a96bd7089312e6b9e8e7ae6b8661cc5fa4e8337d81c5571c2c904792d398
3,20,19,187.07,26.22,0.0,8.87,4.44,0.4666433334350586,-0.4124058485031128,143.54832059212404,-19.525677415686072,143.54832059212404,-0.18947368421052882,0.9,0.9,3.3915769381582703,20.882730030244744,-20.882730030244744,1137.7738859160233,126.80720528531852,185.22981536827086,-108.64503873974873,0.0,0.0,20.882730030244744,185.22981536827086,0.0,183.4,26.77,0.18,0.9,8.63,0.0,0.0,0.0,inferred_20260921_seed3,3,11ed1195aabfcd298bcaf379e7f064ad8010cd8ca67a057b647baa8bf9ef6e77,1500,pre_fed,A2C-MADRL,deterministic,3e07a96bd7089312e6b9e8e7ae6b8661cc5fa4e8337d81c5571c2c904792d398
1,21,20,557.1,32.84,0.0,8.35,4.18,3.374912977218628,-0.7518538236618042,199.76605728145432,-31.81268076597818,199.76605728145432,-0.18947368421052882,0.9,0.9,4.648331671944876,329.33174807470107,-329.33174807470107,1528.9043165483147,111.40639664265923,2749.920096423754,-1270.270257654509,0.0,0.0,329.33174807470107,2749.920096423754,0.0,557.2,26.22,0.0,0.9,8.87,0.0,0.0,0.0,inferred_20260921_seed3,3,11ed1195aabfcd298bcaf379e7f064ad8010cd8ca67a057b647baa8bf9ef6e77,1500,pre_fed,A2C-MADRL,deterministic,3e07a96bd7089312e6b9e8e7ae6b8661cc5fa4e8337d81c5571c2c904792d398
2,21,20,169.0,32.84,0.0,8.35,4.18,-0.400336891412735,-0.11361408978700638,86.76679442044716,-5.656387552945271,86.76679442044716,-0.18947368421052882,0.9,0.9,2.3883464147247326,51.971025678488104,-51.971025678488104,915.0518145745409,119.10680096398887,433.95806441537565,-215.96430129768964,0.0,0.0,51.971025678488104,433.95806441537565,0.0,165.75,26.22,0.0,0.9,8.87,0.0,0.0,0.0,inferred_20260921_seed3,3,11ed1195aabfcd298bcaf379e7f064ad8010cd8ca67a057b647baa8bf9ef6e77,1500,pre_fed,A2C-MADRL,deterministic,3e07a96bd7089312e6b9e8e7ae6b8661cc5fa4e8337d81c5571c2c904792d398
3,21,20,190.73,32.84,0.0,8.35,4.18,0.47041386365890503,-0.4143199324607849,143.85336483028843,-19.606725963021617,143.85336483028843,-0.18947368421052882,0.9,0.9,3.5300778229215584,17.75618667684364,-17.75618667684364,1140.3790601074384,126.80720528531852,148.2641587516444,-92.06259674609512,0.0,0.0,17.75618667684364,148.2641587516444,0.0,187.07,26.22,0.0,0.9,8.87,0.0,0.0,0.0,inferred_20260921_seed3,3,11ed1195aabfcd298bcaf379e7f064ad8010cd8ca67a057b647baa8bf9ef6e77,1500,pre_fed,A2C-MADRL,deterministic,3e07a96bd7089312e6b9e8e7ae6b8661cc5fa4e8337d81c5571c2c904792d398
1,22,21,535.0,36.02,0.0,16.44,8.22,3.3777904510498047,-0.7526128888130188,199.76739818165765,-31.835258927917316,199.76739818165765,-0.18947368421052882,0.9,0.9,4.711958489948943,304.11403399250185,-304.11403399250185,1528.9163259468603,111.40639664265923,4999.634718836731,-2282.6420779283194,0.0,0.0,304.11403399250185,4999.634718836731,0.0,557.1,32.84,0.0,0.9,8.35,0.0,0.0,0.0,inferred_20260921_seed3,3,11ed1195aabfcd298bcaf379e7f064ad8010cd8ca67a057b647baa8bf9ef6e77,1500,pre_fed,A2C-MADRL,deterministic,3e07a96bd7089312e6b9e8e7ae6b8661cc5fa4e8337d81c5571c2c904792d398
2,22,21,161.2,36.02,0.0,16.44,8.22,-0.4127880334854126,-0.11894327402114868,85.28276380146102,-5.919275671173222,85.28276380146102,-0.18947368421052882,0.9,0.9,2.42226580234501,42.5089756850945,-42.5089756850945,904.6820368845786,119.10680096398887,698.8475602629536,-334.9571788753005,0.0,0.0,42.5089756850945,698.8475602629536,0.0,169.0,32.84,0.0,0.9,8.35,0.0,0.0,0.0,inferred_20260921_seed3,3,11ed1195aabfcd298bcaf379e7f064ad8010cd8ca67a057b647baa8bf9ef6e77,1500,pre_fed,A2C-MADRL,deterministic,3e07a96bd7089312e6b9e8e7ae6b8661cc5fa4e8337d81c5571c2c904792d398
3,22,21,181.93,36.02,0.0,16.44,8.22,0.4659298062324524,-0.4153531789779663,143.49048164049375,-19.650426478075694,143.49048164049375,-0.18947368421052882,0.9,0.9,3.586420159125665,6.1954122028424194,-6.1954122028424194,1137.280122384767,126.80720528531852,101.85257661472939,-71.11540603002994,0.0,0.0,6.1954122028424194,101.85257661472939,0.0,190.73,32.84,0.0,0.9,8.35,0.0,0.0,0.0,inferred_20260921_seed3,3,11ed1195aabfcd298bcaf379e7f064ad8010cd8ca67a057b647baa8bf9ef6e77,1500,pre_fed,A2C-MADRL,deterministic,3e07a96bd7089312e6b9e8e7ae6b8661cc5fa4e8337d81c5571c2c904792d398
1,23,22,437.8,37.23,0.0,16.19,8.1,3.4244606494903564,-0.7619428634643555,199.78810490666405,-32.11099611196292,199.78810490666405,-0.18947368421052882,0.9,0.9,4.73657262444907,205.70794140199558,-205.70794140199558,1529.1017836499075,111.40639664265923,3330.411571298309,-1531.4953706900903,20.70671859516159,0.0,185.001222806834,3162.8942178634516,0.0,535.0,36.02,0.0,0.9,16.44,0.0,0.0,0.0,inferred_20260921_seed3,3,11ed1195aabfcd298bcaf379e7f064ad8010cd8ca67a057b647baa8bf9ef6e77,1500,pre_fed,A2C-MADRL,deterministic,3e07a96bd7089312e6b9e8e7ae6b8661cc5fa4e8337d81c5571c2c904792d398
2,23,22,148.0,37.23,0.0,16.19,8.1,-0.4607638716697693,-0.12334775924682617,79.70107834006194,-6.136298895652467,79.70107834006194,-0.18947368421052882,0.9,0.9,2.3348320931170283,33.593227437265625,-33.593227437265625,865.9793153246738,119.10680096398887,543.8743522093305,-264.445180819972,0.0,0.0,33.593227437265625,543.8743522093305,0.0,161.2,36.02,0.0,0.9,16.44,0.0,0.0,0.0,inferred_20260921_seed3,3,11ed1195aabfcd298bcaf379e7f064ad8010cd8ca67a057b647baa8bf9ef6e77,1500,pre_fed,A2C-MADRL,deterministic,3e07a96bd7089312e6b9e8e7ae6b8661cc5fa4e8337d81c5571c2c904792d398
3,23,22,161.39,37.23,0.0,16.19,8.1,0.5330702662467957,-0.4588089883327484,148.7724518425387,-21.455650351485435,148.7724518425387,-0.18947368421052882,0.9,0.9,3.716259563166563,-20.70671859516159,20.70671859516159,1182.6337482639344,126.80720528531852,335.24177405566616,-177.04761739603484,0.0,20.70671859516159,0.0,-167.72442062080887,0.0,181.93,36.02,0.0,0.9,16.44,20.70671859516159,0.0,0.0,inferred_20260921_seed3,3,11ed1195aabfcd298bcaf379e7f064ad8010cd8ca67a057b647baa8bf9ef6e77,1500,pre_fed,A2C-MADRL,deterministic,3e07a96bd7089312e6b9e8e7ae6b8661cc5fa4e8337d81c5571c2c904792d398
1,24,23,447.3,44.12,0.0,8.87,4.44,3.3970398902893066,-0.7559276819229126,199.77617307350752,-31.933600891546536,199.77617307350752,-0.18947368421052882,0.9,0.9,4.87413398778594,208.46743459848895,-208.46743459848895,1528.9949165364208,111.40639664265923,1849.1061448885969,-864.9057914634502,54.34446255833251,0.0,154.12297204015644,1608.3601757551837,0.0,437.8,37.23,0.0,0.9,16.19,0.0,0.0,0.0,inferred_20260921_seed3,3,11ed1195aabfcd298bcaf379e7f064ad8010cd8ca67a057b647baa8bf9ef6e77,1500,pre_fed,A2C-MADRL,deterministic,3e07a96bd7089312e6b9e8e7ae6b8661cc5fa4e8337d81c5571c2c904792d398
2,24,23,119.6,44.12,0.0,8.87,4.44,-0.46264350414276123,-0.12432970851659775,79.48691962538841,-6.184651027072271,79.48691962538841,-0.18947368421052882,0.9,0.9,2.4683489188235574,-1.3490970223543286,1.3490970223543286,864.5037984478565,119.10680096398887,11.966490588282893,-25.05713275296421,0.0,1.3490970223543286,0.0,-5.98999077925322,0.0,148.0,37.23,0.0,0.9,16.19,1.3490970223543286,0.0,0.0,inferred_20260921_seed3,3,11ed1195aabfcd298bcaf379e7f064ad8010cd8ca67a057b647baa8bf9ef6e77,1500,pre_fed,A2C-MADRL,deterministic,3e07a96bd7089312e6b9e8e7ae6b8661cc5fa4e8337d81c5571c2c904792d398
3,24,23,134.98,44.12,0.0,8.87,4.44,0.5214400887489319,-0.4530126750469208,147.88107116990253,-21.218613836063245,147.88107116990253,-0.18947368421052882,0.9,0.9,3.83623194971384,-52.99536553597818,52.99536553597818,1174.9427299955325,126.80720528531852,470.0688923041264,-237.5660002424739,0.0,52.99536553597818,0.0,-235.29942297974316,0.0,161.39,37.23,0.0,0.9,16.19,52.99536553597818,0.0,0.0,inferred_20260921_seed3,3,11ed1195aabfcd298bcaf379e7f064ad8010cd8ca67a057b647baa8bf9ef6e77,1500,pre_fed,A2C-MADRL,deterministic,3e07a96bd7089312e6b9e8e7ae6b8661cc5fa4e8337d81c5571c2c904792d398
1,1,0,457.7,51.48,0.0,8.65,4.33,2.211338996887207,1.298746109008789,197.62805859418177,43.070000857957254,197.62805859418177,37.905,0.5,0.09999999999999992,5.740261171883636,176.42720257770185,-176.42720257770185,1509.792976462733,846.5310470825,1526.095302297121,-733.869366504609,4.429081367084677,0.0,171.99812121061717,1506.9616707913153,0.0,447.3,44.12,0.0,0.5,8.87,0.0,0.0,0.0,inferred_20260921_seed3,3,11ed1195aabfcd298bcaf379e7f064ad8010cd8ca67a057b647baa8bf9ef6e77,1500,pre_fed,TRPO-MADRL,deterministic,07f4eeb2435dca462f4aa8b94b6984d9b121b687d17c5dfb2b3dd1ef9406ec3c
2,1,0,110.5,51.48,0.0,8.65,4.33,-0.25407013297080994,-4.4001665115356445,105.17628567505379,-49.98493398160499,105.17628567505379,-42.21052631578948,0.5,0.9,2.288915187185286,-1.6568441720790332,1.6568441720790332,1046.4728907541494,234.45756980609414,14.331702088483638,-32.067875151022506,0.0,1.6568441720790332,0.0,-7.174135265102214,0.0,119.6,44.12,0.0,0.5,8.87,1.6568441720790332,0.0,0.0,inferred_20260921_seed3,3,11ed1195aabfcd298bcaf379e7f064ad8010cd8ca67a057b647baa8bf9ef6e77,1500,pre_fed,TRPO-MADRL,deterministic,07f4eeb2435dca462f4aa8b94b6984d9b121b687d17c5dfb2b3dd1ef9406ec3c
3,1,0,124.71,51.48,0.0,8.65,4.33,-0.6822972893714905,5.842931747436523,40.69891550510779,49.9991588173341,40.69891550510779,37.905,0.5,0.09999999999999992,2.601678310102156,-2.772237195005644,2.772237195005644,360.19651545594934,906.6071251325,23.97985173679882,-36.127006093328454,0.0,2.772237195005644,0.0,-12.00378705437444,0.0,134.98,44.12,0.0,0.5,8.87,2.772237195005644,0.0,0.0,inferred_20260921_seed3,3,11ed1195aabfcd298bcaf379e7f064ad8010cd8ca67a057b647baa8bf9ef6e77,1500,pre_fed,TRPO-MADRL,deterministic,07f4eeb2435dca462f4aa8b94b6984d9b121b687d17c5dfb2b3dd1ef9406ec3c
1,2,1,336.5,38.37,0.0,8.11,4.06,2.3799238204956055,19.911102294921875,198.30117081551379,50.0,198.30117081551379,-0.021052631578956735,0.09999999999999992,0.1,4.733002363678697,104.58288417974387,-104.58288417974387,1515.8018672738478,1052.5389067811636,848.1671906977227,-433.04205129507545,0.0,0.0,104.58288417974387,848.1671906977227,0.0,457.7,51.48,0.0,0.09999999999999992,8.65,0.0,0.0,0.0,inferred_20260921_seed3,3,11ed1195aabfcd298bcaf379e7f064ad8010cd8ca67a057b647baa8bf9ef6e77,1500,pre_fed,TRPO-MADRL,deterministic,07f4eeb2435dca462f4aa8b94b6984d9b121b687d17c5dfb2b3dd1ef9406ec3c
2,2,1,109.85,38.37,0.0,8.11,4.06,-0.5736914873123169,-24.786293029785156,67.47087704284897,-50.0,67.47087704284897,-0.18947368421052882,0.9,0.9,2.113028067172769,6.3116247085343105,-6.3116247085343105,782.8322078952597,119.10680096398887,51.187276386213256,-41.07305455098094,0.0,0.0,6.3116247085343105,51.187276386213256,0.0,110.5,51.48,0.0,0.9,8.65,0.0,0.0,0.0,inferred_20260921_seed3,3,11ed1195aabfcd298bcaf379e7f064ad8010cd8ca67a057b647baa8bf9ef6e77,1500,pre_fed,TRPO-MADRL,deterministic,07f4eeb2435dca462f4aa8b94b6984d9b121b687d17c5dfb2b3dd1ef9406ec3c
3,2,1,123.98,38.37,0.0,8.11,4.06,-0.1909284144639969,16.256996154785156,81.13582613672031,49.99999999999925,81.13582613672031,-0.021052631578956735,0.09999999999999992,0.1,2.3896954701028275,6.884921964961464,-6.884921964961464,641.937861541782,1127.9733287202218,55.83671713583747,-60.52474651636694,0.0,0.0,6.884921964961464,55.83671713583747,0.0,124.71,51.48,0.0,0.09999999999999992,8.65,0.0,0.0,0.0,inferred_20260921_seed3,3,11ed1195aabfcd298bcaf379e7f064ad8010cd8ca67a057b647baa8bf9ef6e77,1500,pre_fed,TRPO-MADRL,deterministic,07f4eeb2435dca462f4aa8b94b6984d9b121b687d17c5dfb2b3dd1ef9406ec3c
1,3,2,274.9,43.56,0.0,8.25,4.13,2.337468385696411,16.882795333862305,198.1520115927611,49.99999999999979,198.1520115927611,-0.02105263157894797,0.1,0.1,4.833819179223643,38.042860218041454,-38.042860218041454,1514.469685866481,1052.5389067811634,313.853596798842,-192.5742904124318,25.06678858223229,0.0,12.976071635809163,210.57842784004495,0.0,336.5,38.37,0.0,0.1,8.11,0.0,0.0,0.0,inferred_20260921_seed3,3,11ed1195aabfcd298bcaf379e7f064ad8010cd8ca67a057b647baa8bf9ef6e77,1500,pre_fed,TRPO-MADRL,deterministic,07f4eeb2435dca462f4aa8b94b6984d9b121b687d17c5dfb2b3dd1ef9406ec3c
2,3,2,112.45,43.56,0.0,8.25,4.13,-0.4126393795013428,-25.436153411865234,85.30039733752065,-50.0,85.30039733752065,-0.18947368421052882,0.9,0.9,2.5734184730662024,-13.647505180243925,13.647505180243925,904.8050560502529,119.10680096398887,112.59191773701238,-71.14460012194041,0.0,13.647505180243925,0.0,-56.36419639440741,0.0,109.85,38.37,0.0,0.9,8.11,13.647505180243925,0.0,0.0,inferred_20260921_seed3,3,11ed1195aabfcd298bcaf379e7f064ad8010cd8ca67a057b647baa8bf9ef6e77,1500,pre_fed,TRPO-MADRL,deterministic,07f4eeb2435dca462f4aa8b94b6984d9b121b687d17c5dfb2b3dd1ef9406ec3c
3,3,2,126.91,43.56,0.0,8.25,4.13,-0.02387070655822754,16.411968231201172,97.61338263360788,49.999999999999446,97.61338263360788,-0.02105263157894797,0.1,0.1,2.823046600040579,-11.419283401988366,11.419283401988366,765.6532915584256,1127.9733287202216,94.20908806640402,-80.26662203545476,0.0,11.419283401988366,0.0,-47.16164045021195,0.0,123.98,38.37,0.0,0.1,8.11,11.419283401988366,0.0,0.0,inferred_20260921_seed3,3,11ed1195aabfcd298bcaf379e7f064ad8010cd8ca67a057b647baa8bf9ef6e77,1500,pre_fed,TRPO-MADRL,deterministic,07f4eeb2435dca462f4aa8b94b6984d9b121b687d17c5dfb2b3dd1ef9406ec3c
1,4,3,272.6,40.75,0.0,8.1,4.05,2.234710216522217,14.571906089782715,197.73515102020176,49.999999999977966,197.73515102020176,-0.02105263157894797,0.1,0.1,4.769281967772456,38.90518357914968,-38.90518357914968,1510.748502422308,1052.5389067811634,315.1319869911124,-193.07514233007004,14.883590737281992,0.0,24.021592841867687,254.8534445051203,0.0,274.9,43.56,0.0,0.1,8.25,0.0,0.0,0.0,inferred_20260921_seed3,3,11ed1195aabfcd298bcaf379e7f064ad8010cd8ca67a057b647baa8bf9ef6e77,1500,pre_fed,TRPO-MADRL,deterministic,07f4eeb2435dca462f4aa8b94b6984d9b121b687d17c5dfb2b3dd1ef9406ec3c
2,4,3,110.5,40.75,0.0,8.1,4.05,-0.44920653104782104,-25.197771072387695,81.02548236777193,-50.0,81.02548236777193,-0.18947368421052882,0.9,0.9,2.431720173671228,-8.65428850989018,8.65428850989018,875.1197186752134,119.10680096398887,70.09973693011045,-51.42941201133375,0.0,8.65428850989018,0.0,-35.049868465055226,0.0,112.45,43.56,0.0,0.9,8.25,8.65428850989018,0.0,0.0,inferred_20260921_seed3,3,11ed1195aabfcd298bcaf379e7f064ad8010cd8ca67a057b647baa8bf9ef6e77,1500,pre_fed,TRPO-MADRL,deterministic,07f4eeb2435dca462f4aa8b94b6984d9b121b687d17c5dfb2b3dd1ef9406ec3c
3,4,3,124.71,40.75,0.0,8.1,4.05,-0.07129469513893127,16.32114028930664,92.88258551667263,49.99999999999933,92.88258551667263,-0.02105263157894797,0.1,0.1,2.6722306577018737,-6.229302227391813,6.229302227391813,729.605981428357,1127.9733287202216,50.45734804187368,-59.857392821814734,0.0,6.229302227391813,0.0,-25.22867402093684,0.0,126.91,43.56,0.0,0.1,8.25,6.229302227391813,0.0,0.0,inferred_20260921_seed3,3,11ed1195aabfcd298bcaf379e7f064ad8010cd8ca67a057b647baa8bf9ef6e77,1500,pre_fed,TRPO-MADRL,deterministic,07f4eeb2435dca462f4aa8b94b6984d9b121b687d17c5dfb2b3dd1ef9406ec3c
1,5,4,245.3,27.74,0.0,8.14,4.07,2.2460973262786865,14.608713150024414,197.78558362678024,49.999999999979536,197.78558362678024,-0.02105263157894797,0.1,0.1,4.510090619904026,24.305559624702738,-24.305559624702738,1511.1985487789302,1052.5389067811634,197.8472553450803,-140.306014016488,0.0,0.0,24.305559624702738,197.8472553450803,0.0,272.6,40.75,0.0,0.1,8.1,0.0,0.0,0.0,inferred_20260921_seed3,3,11ed1195aabfcd298bcaf379e7f064ad8010cd8ca67a057b647baa8bf9ef6e77,1500,pre_fed,TRPO-MADRL,deterministic,07f4eeb2435dca462f4aa8b94b6984d9b121b687d17c5dfb2b3dd1ef9406ec3c
2,5,4,113.75,27.74,0.0,8.14,4.07,-0.4310201108455658,-25.345979690551758,83.1357131345955,-50.0,83.1357131345955,-0.18947368421052882,0.9,0.9,2.2137247890076996,5.277485338622725,-5.277485338622725,889.7386062723255,119.10680096398887,42.95873065638899,-39.50833694010133,0.0,0.0,5.277485338622725,42.95873065638899,0.0,110.5,40.75,0.0,0.9,8.1,0.0,0.0,0.0,inferred_20260921_seed3,3,11ed1195aabfcd298bcaf379e7f064ad8010cd8ca67a057b647baa8bf9ef6e77,1500,pre_fed,TRPO-MADRL,deterministic,07f4eeb2435dca462f4aa8b94b6984d9b121b687d17c5dfb2b3dd1ef9406ec3c
3,5,4,128.38,27.74,0.0,8.14,4.07,-0.04998818039894104,16.363826751708984,95.00534151503163,49.99999999999939,95.00534151503163,-0.02105263157894797,0.1,0.1,2.4544857776690536,8.110196894216372,-8.110196894216372,745.7281759080178,1127.9733287202216,66.01700271892128,-67.18168131607936,0.0,0.0,8.110196894216372,66.01700271892128,0.0,124.71,40.75,0.0,0.1,8.1,0.0,0.0,0.0,inferred_20260921_seed3,3,11ed1195aabfcd298bcaf379e7f064ad8010cd8ca67a057b647baa8bf9ef6e77,1500,pre_fed,TRPO-MADRL,deterministic,07f4eeb2435dca462f4aa8b94b6984d9b121b687d17c5dfb2b3dd1ef9406ec3c
1,6,5,233.7,30.15,0.0,8.13,4.07,2.2950539588928223,13.97619342803955,197.9900519639201,49.99999999992749,197.9900519639201,-0.02105263157894797,0.1,0.1,4.562379986646824,10.143380654305645,-10.143380654305645,1513.0235887146969,1052.5389067811634,82.4656847195049,-88.42080803369441,10.143380654305645,0.0,0.0,41.283559263023974,0.0,245.3,27.74,0.0,0.1,8.14,0.0,0.0,0.0,inferred_20260921_seed3,3,11ed1195aabfcd298bcaf379e7f064ad8010cd8ca67a057b647baa8bf9ef6e77,1500,pre_fed,TRPO-MADRL,deterministic,07f4eeb2435dca462f4aa8b94b6984d9b121b687d17c5dfb2b3dd1ef9406ec3c
2,6,5,120.25,30.15,0.0,8.13,4.07,-0.3141400218009949,-25.76825714111328,97.41217777626147,-50.0,97.41217777626147,-0.18947368421052882,0.9,0.9,2.547454081841019,-4.575250010209928,4.575250010209928,990.4185758504312,119.10680096398887,37.196782583006716,-38.929059698641424,0.0,4.575250010209928,0.0,-18.621267541554406,0.0,113.75,27.74,0.0,0.9,8.14,4.575250010209928,0.0,0.0,inferred_20260921_seed3,3,11ed1195aabfcd298bcaf379e7f064ad8010cd8ca67a057b647baa8bf9ef6e77,1500,pre_fed,TRPO-MADRL,deterministic,07f4eeb2435dca462f4aa8b94b6984d9b121b687d17c5dfb2b3dd1ef9406ec3c
3,6,5,135.43,30.15,0.0,8.13,4.07,0.16442710161209106,16.57208824157715,116.29611214943985,49.999999999999595,116.29611214943985,-0.02105263157894797,0.1,0.1,2.928501190357218,-8.066558327503657,8.066558327503657,912.1658757484589,1127.9733287202216,65.58111920260474,-70.31428773054574,0.0,5.568130644095717,-2.4984276834079395,-22.662291721469572,0.0,128.38,27.74,0.0,0.1,8.14,5.568130644095717,0.0,0.0,inferred_20260921_seed3,3,11ed1195aabfcd298bcaf379e7f064ad8010cd8ca67a057b647baa8bf9ef6e77,1500,pre_fed,TRPO-MADRL,deterministic,07f4eeb2435dca462f4aa8b94b6984d9b121b687d17c5dfb2b3dd1ef9406ec3c
1,7,6,274.6,28.65,0.16,8.34,4.17,2.2619175910949707,13.450819969177246,197.853811984374,49.99999999979262,197.853811984374,-0.02105263157894797,0.1,0.1,4.532855187055901,52.49009583426087,-52.49009583426087,1511.8074649762782,1052.5389067811634,437.76739925773563,-248.28225710112986,0.0,0.0,52.49009583426087,437.76739925773563,0.0,233.7,30.15,0.0,0.1,8.13,0.0,0.0,0.0,inferred_20260921_seed3,3,11ed1195aabfcd298bcaf379e7f064ad8010cd8ca67a057b647baa8bf9ef6e77,1500,pre_fed,TRPO-MADRL,deterministic,07f4eeb2435dca462f4aa8b94b6984d9b121b687d17c5dfb2b3dd1ef9406ec3c
2,7,6,130.0,28.65,0.16,8.34,4.17,-0.29442036151885986,-25.66043472290039,99.93224932800517,-50.0,99.93224932800517,-0.18947368421052882,0.9,0.9,2.5710555128758927,4.018279869081255,-4.018279869081255,1008.5122300468042,119.10680096398887,33.51245410813766,-37.632984968877814,0.0,0.0,4.018279869081255,33.51245410813766,0.0,120.25,30.15,0.0,0.9,8.13,0.0,0.0,0.0,inferred_20260921_seed3,3,11ed1195aabfcd298bcaf379e7f064ad8010cd8ca67a057b647baa8bf9ef6e77,1500,pre_fed,TRPO-MADRL,deterministic,07f4eeb2435dca462f4aa8b94b6984d9b121b687d17c5dfb2b3dd1ef9406ec3c
3,7,6,146.72,28.65,0.16,8.34,4.17,0.18454962968826294,16.480554580688477,118.24826196505987,49.99999999999952,118.24826196505987,-0.02105263157894797,0.1,0.1,2.9407441866696185,2.623534853188687,-2.623534853188687,927.8575908656933,1127.9733287202216,21.88028067559365,-50.96274469573544,0.0,0.0,2.623534853188687,21.88028067559365,0.0,135.43,30.15,0.0,0.1,8.13,0.0,0.0,0.0,inferred_20260921_seed3,3,11ed1195aabfcd298bcaf379e7f064ad8010cd8ca67a057b647baa8bf9ef6e77,1500,pre_fed,TRPO-MADRL,deterministic,07f4eeb2435dca462f4aa8b94b6984d9b121b687d17c5dfb2b3dd1ef9406ec3c
1,8,7,291.0,23.38,1.77,9.35,4.68,2.3334805965423584,15.010458946228027,198.13735169943521,49.999999999990834,198.13735169943521,-0.02105263157894797,0.1,0.1,4.465325981357125,72.19902691350086,-72.19902691350086,1514.3387738423414,1052.5389067811634,675.060901641233,-355.114959351025,0.0,0.0,72.19902691350086,675.060901641233,0.0,274.6,28.65,0.16,0.1,8.34,0.0,0.0,0.0,inferred_20260921_seed3,3,11ed1195aabfcd298bcaf379e7f064ad8010cd8ca67a057b647baa8bf9ef6e77,1500,pre_fed,TRPO-MADRL,deterministic,07f4eeb2435dca462f4aa8b94b6984d9b121b687d17c5dfb2b3dd1ef9406ec3c
2,8,7,157.95,23.38,1.77,9.35,4.68,-0.2334495335817337,-25.631519317626953,107.89812738161902,-50.0,107.89812738161902,-0.18947368421052882,0.9,0.9,2.65717307394817,27.74851937653966,-27.74851937653966,1066.3406083102927,119.10680096398887,259.44865617064585,-140.46084346227627,0.0,0.0,27.74851937653966,259.44865617064585,0.0,130.0,28.65,0.16,0.9,8.34,0.0,0.0,0.0,inferred_20260921_seed3,3,11ed1195aabfcd298bcaf379e7f064ad8010cd8ca67a057b647baa8bf9ef6e77,1500,pre_fed,TRPO-MADRL,deterministic,07f4eeb2435dca462f4aa8b94b6984d9b121b687d17c5dfb2b3dd1ef9406ec3c
3,8,7,178.26,23.38,1.77,9.35,4.68,0.29354220628738403,16.45384979248047,128.5391790570883,49.99999999999949,128.5391790570883,-0.02105263157894797,0.1,0.1,3.073362528510187,27.665236103000836,-27.665236103000836,1011.7746755720499,1127.9733287202216,258.66995756305784,-159.19644098922146,0.0,0.0,27.665236103000836,258.66995756305784,0.0,146.72,28.65,0.16,0.1,8.34,0.0,0.0,0.0,inferred_20260921_seed3,3,11ed1195aabfcd298bcaf379e7f064ad8010cd8ca67a057b647baa8bf9ef6e77,1500,pre_fed,TRPO-MADRL,deterministic,07f4eeb2435dca462f4aa8b94b6984d9b121b687d17c5dfb2b3dd1ef9406ec3c
1,9,8,315.7,21.75,5.3,12.0,6.0,2.4138360023498535,15.704425811767578,198.41168755466344,49.99999999999771,198.41168755466344,-0.02105263157894797,0.1,0.1,4.50881269846169,94.76817777537718,-94.76817777537718,1516.7891546548187,1052.5389067811634,1137.2181333045262,-563.1347212157564,0.0,0.0,94.76817777537718,1137.2181333045262,0.0,291.0,23.38,1.77,0.1,9.35,0.0,0.0,0.0,inferred_20260921_seed3,3,11ed1195aabfcd298bcaf379e7f064ad8010cd8ca67a057b647baa8bf9ef6e77,1500,pre_fed,TRPO-MADRL,deterministic,07f4eeb2435dca462f4aa8b94b6984d9b121b687d17c5dfb2b3dd1ef9406ec3c
2,9,8,165.1,21.75,5.3,12.0,6.0,-0.0653211921453476,-25.581893920898438,130.86801769755624,-50.0,130.86801769755624,-0.18947368421052882,0.9,0.9,3.1545708802669146,10.526026866921171,-10.526026866921171,1238.4912697483874,119.10680096398887,126.31232240305405,-83.99250649562185,0.0,0.0,10.526026866921171,126.31232240305405,0.0,157.95,23.38,1.77,0.9,9.35,0.0,0.0,0.0,inferred_20260921_seed3,3,11ed1195aabfcd298bcaf379e7f064ad8010cd8ca67a057b647baa8bf9ef6e77,1500,pre_fed,TRPO-MADRL,deterministic,07f4eeb2435dca462f4aa8b94b6984d9b121b687d17c5dfb2b3dd1ef9406ec3c
3,9,8,186.33,21.75,5.3,12.0,6.0,0.6017317175865173,16.413488388061523,153.82806725425127,49.999999999999446,153.82806725425127,-0.02105263157894797,0.1,0.1,3.6171402924534464,9.090125669781145,-9.090125669781145,1226.5402763613952,1127.9733287202216,109.08150803737374,-96.17695071845051,0.0,0.0,9.090125669781145,109.08150803737374,0.0,178.26,23.38,1.77,0.1,9.35,0.0,0.0,0.0,inferred_20260921_seed3,3,11ed1195aabfcd298bcaf379e7f064ad8010cd8ca67a057b647baa8bf9ef6e77,1500,pre_fed,TRPO-MADRL,deterministic,07f4eeb2435dca462f4aa8b94b6984d9b121b687d17c5dfb2b3dd1ef9406ec3c
1,10,9,362.4,34.82,11.6,9.19,4.6,2.5171496868133545,16.383800506591797,198.70627152756546,49.99999999999941,198.70627152756546,-0.02105263157894797,0.1,0.1,4.90210437791973,122.19688548193321,-122.19688548193321,1519.4217501272055,1052.5389067811634,1122.989377578966,-556.7844330487021,21.85547134046584,0.0,100.34141414146737,1022.6727641262279,0.0,315.7,21.75,5.3,0.1,12.0,0.0,0.0,0.0,inferred_20260921_seed3,3,11ed1195aabfcd298bcaf379e7f064ad8010cd8ca67a057b647baa8bf9ef6e77,1500,pre_fed,TRPO-MADRL,deterministic,07f4eeb2435dca462f4aa8b94b6984d9b121b687d17c5dfb2b3dd1ef9406ec3c
2,10,9,169.0,34.82,11.6,9.19,4.6,-0.00472790002822876,-25.387723922729492,139.33809892787403,-50.0,139.33809892787403,-0.18947368421052882,0.9,0.9,3.7113725048732698,-12.857252738790208,12.857252738790208,1303.995206087863,119.10680096398887,118.158152669482,-81.63320884230394,0.0,12.857252738790208,0.0,-59.143362598434955,0.0,165.1,21.75,5.3,0.9,12.0,12.857252738790208,0.0,0.0,inferred_20260921_seed3,3,11ed1195aabfcd298bcaf379e7f064ad8010cd8ca67a057b647baa8bf9ef6e77,1500,pre_fed,TRPO-MADRL,deterministic,07f4eeb2435dca462f4aa8b94b6984d9b121b687d17c5dfb2b3dd1ef9406ec3c
3,10,9,190.73,34.82,11.6,9.19,4.6,0.6535479426383972,16.620220184326172,157.40535732716634,49.99999999999963,157.40535732716634,-0.02105263157894797,0.1,0.1,4.076086093911748,-8.998218601675632,8.998218601675632,1257.901367966119,1127.9733287202216,82.69362894939906,-84.9296269609564,0.0,8.998218601675632,0.0,-41.391805567707905,0.0,186.33,21.75,5.3,0.1,12.0,8.998218601675632,0.0,0.0,inferred_20260921_seed3,3,11ed1195aabfcd298bcaf379e7f064ad8010cd8ca67a057b647baa8bf9ef6e77,1500,pre_fed,TRPO-MADRL,deterministic,07f4eeb2435dca462f4aa8b94b6984d9b121b687d17c5dfb2b3dd1ef9406ec3c
1,11,10,320.0,27.17,36.64,12.3,6.15,2.420280694961548,18.72320556640625,198.43186906579388,49.99999999999999,198.43186906579388,-0.02105263157894797,0.1,0.1,5.2444163286842995,63.02359989446933,-63.02359989446933,1516.9694650099902,1052.5389067811634,775.1902787019728,-400.2257928517108,13.885218714269655,0.0,49.13838118019967,689.7961836092145,0.0,362.4,34.82,11.6,0.1,9.19,0.0,0.0,0.0,inferred_20260921_seed3,3,11ed1195aabfcd298bcaf379e7f064ad8010cd8ca67a057b647baa8bf9ef6e77,1500,pre_fed,TRPO-MADRL,deterministic,07f4eeb2435dca462f4aa8b94b6984d9b121b687d17c5dfb2b3dd1ef9406ec3c
2,11,10,173.55,27.17,36.64,12.3,6.15,-0.16090843081474304,-25.925506591796875,117.66524802941842,-50.0,117.66524802941842,-0.18947368421052882,0.9,0.9,3.625715486904158,-4.1100588583037165,4.1100588583037165,1138.5614493201633,119.10680096398887,50.553723957135716,-47.90254078639412,0.0,4.1100588583037165,0.0,-25.276861978567858,0.0,169.0,34.82,11.6,0.9,9.19,4.1100588583037165,0.0,0.0,inferred_20260921_seed3,3,11ed1195aabfcd298bcaf379e7f064ad8010cd8ca67a057b647baa8bf9ef6e77,1500,pre_fed,TRPO-MADRL,deterministic,07f4eeb2435dca462f4aa8b94b6984d9b121b687d17c5dfb2b3dd1ef9406ec3c
3,11,10,195.87,27.17,36.64,12.3,6.15,0.4979844093322754,15.74152660369873,146.05305248460544,49.999999999997875,146.05305248460544,-0.02105263157894797,0.1,0.1,4.196839997060529,-9.775159855965939,9.775159855965939,1159.2174292662312,1127.9733287202216,120.23446622838105,-99.84932496250053,0.0,9.775159855965939,0.0,-60.117233114190526,0.0,190.73,34.82,11.6,0.1,9.19,9.775159855965939,0.0,0.0,inferred_20260921_seed3,3,11ed1195aabfcd298bcaf379e7f064ad8010cd8ca67a057b647baa8bf9ef6e77,1500,pre_fed,TRPO-MADRL,deterministic,07f4eeb2435dca462f4aa8b94b6984d9b121b687d17c5dfb2b3dd1ef9406ec3c
1,12,11,350.0,30.2,42.68,20.7,10.35,2.511551856994629,19.401769638061523,198.69180127374264,50.0,198.69180127374264,-0.02105263157894797,0.1,0.1,5.431014972843274,83.8802663306796,-83.8802663306796,1519.2924016223837,1052.5389067811634,1736.3215130450678,-832.7813070383514,16.298850449222982,0.0,67.58141588145662,1567.62841089561,0.0,320.0,27.17,36.64,0.1,12.3,0.0,0.0,0.0,inferred_20260921_seed3,3,11ed1195aabfcd298bcaf379e7f064ad8010cd8ca67a057b647baa8bf9ef6e77,1500,pre_fed,TRPO-MADRL,deterministic,07f4eeb2435dca462f4aa8b94b6984d9b121b687d17c5dfb2b3dd1ef9406ec3c
2,12,11,168.35,30.2,42.68,20.7,10.35,-0.29506099224090576,-27.146278381347656,99.8499224493754,-50.0,99.8499224493754,-0.18947368421052882,0.9,0.9,3.4508089753032976,-0.7396397898615987,0.7396397898615987,1007.919612812364,119.10680096398887,15.310543650135093,-29.43027291808785,0.0,0.7396397898615987,0.0,-7.655271825067547,0.0,173.55,27.17,36.64,0.9,12.3,0.7396397898615987,0.0,0.0,inferred_20260921_seed3,3,11ed1195aabfcd298bcaf379e7f064ad8010cd8ca67a057b647baa8bf9ef6e77,1500,pre_fed,TRPO-MADRL,deterministic,07f4eeb2435dca462f4aa8b94b6984d9b121b687d17c5dfb2b3dd1ef9406ec3c
3,12,11,190.0,30.2,42.68,20.7,10.35,0.3872111439704895,15.311774253845215,136.89534922276405,49.999999999994984,136.89534922276405,-0.02105263157894797,0.1,0.1,4.195085931823702,-15.559210659361383,15.559210659361383,1081.395177053073,1127.9733287202216,322.0756606487806,-189.1214174074172,0.0,15.559210659361383,0.0,-161.0378303243903,0.0,195.87,27.17,36.64,0.1,12.3,15.559210659361383,0.0,0.0,inferred_20260921_seed3,3,11ed1195aabfcd298bcaf379e7f064ad8010cd8ca67a057b647baa8bf9ef6e77,1500,pre_fed,TRPO-MADRL,deterministic,07f4eeb2435dca462f4aa8b94b6984d9b121b687d17c5dfb2b3dd1ef9406ec3c
1,13,12,345.2,23.52,35.22,26.82,13.41,2.6835429668426514,18.923776626586914,199.07079455728368,49.99999999999999,199.07079455728368,-0.02105263157894797,0.1,0.1,5.155794838514095,92.56605291280934,-92.56605291280934,1522.6813129575753,1052.5389067811634,2482.6215391215464,-1168.6840969994707,0.7952330039859135,0.0,91.77081990882343,2471.9574645380953,0.0,350.0,30.2,42.68,0.1,20.7,0.0,0.0,0.0,inferred_20260921_seed3,3,11ed1195aabfcd298bcaf379e7f064ad8010cd8ca67a057b647baa8bf9ef6e77,1500,pre_fed,TRPO-MADRL,deterministic,07f4eeb2435dca462f4aa8b94b6984d9b121b687d17c5dfb2b3dd1ef9406ec3c
2,13,12,168.35,23.52,35.22,26.82,13.41,-0.21789948642253876,-26.1644287109375,109.96788429938147,-50.0,109.96788429938147,-0.18947368421052882,0.9,0.9,3.370368212303419,3.2019575971324628,-3.2019575971324628,1081.523893207831,119.10680096398887,85.87650275509266,-62.6570401232281,0.0,0.0,3.2019575971324628,85.87650275509266,0.0,168.35,30.2,42.68,0.9,20.7,0.0,0.0,0.0,inferred_20260921_seed3,3,11ed1195aabfcd298bcaf379e7f064ad8010cd8ca67a057b647baa8bf9ef6e77,1500,pre_fed,TRPO-MADRL,deterministic,07f4eeb2435dca462f4aa8b94b6984d9b121b687d17c5dfb2b3dd1ef9406ec3c
3,13,12,190.0,23.52,35.22,26.82,13.41,0.37654203176498413,16.174652099609375,135.97006590095233,49.999999999999105,135.97006590095233,-0.02105263157894797,0.1,0.1,3.893780265387468,-0.7952330039859135,0.7952330039859135,1073.6207416850716,1127.9733287202216,21.3281491669022,-53.62954853321186,0.0,0.7952330039859135,0.0,-10.6640745834511,0.0,190.0,30.2,42.68,0.1,20.7,0.7952330039859135,0.0,0.0,inferred_20260921_seed3,3,11ed1195aabfcd298bcaf379e7f064ad8010cd8ca67a057b647baa8bf9ef6e77,1500,pre_fed,TRPO-MADRL,deterministic,07f4eeb2435dca462f4aa8b94b6984d9b121b687d17c5dfb2b3dd1ef9406ec3c
1,14,13,320.6,39.48,35.46,27.35,13.68,2.8336575031280518,16.986066818237305,199.3109550790409,49.99999999999982,199.3109550790409,-0.02105263157894797,0.1,0.1,5.4845980489492385,51.85469560148732,-51.85469560148732,1524.8300032497214,1052.5389067811634,1418.2259247006784,-689.749044315923,0.0,0.0,51.85469560148732,1418.2259247006784,0.0,345.2,23.52,35.22,0.1,26.82,0.0,0.0,0.0,inferred_20260921_seed3,3,11ed1195aabfcd298bcaf379e7f064ad8010cd8ca67a057b647baa8bf9ef6e77,1500,pre_fed,TRPO-MADRL,deterministic,07f4eeb2435dca462f4aa8b94b6984d9b121b687d17c5dfb2b3dd1ef9406ec3c
2,14,13,165.75,39.48,35.46,27.35,13.68,-0.34039753675460815,-24.656747817993164,94.1034845895183,-50.0,94.1034845895183,-0.18947368421052882,0.9,0.9,3.3770802181061557,0.2730693127983841,-0.2730693127983841,966.8093326388257,119.10680096398887,7.468445705035805,-25.079123239322403,0.0,0.0,0.2730693127983841,7.468445705035805,0.0,168.35,23.52,35.22,0.9,26.82,0.0,0.0,0.0,inferred_20260921_seed3,3,11ed1195aabfcd298bcaf379e7f064ad8010cd8ca67a057b647baa8bf9ef6e77,1500,pre_fed,TRPO-MADRL,deterministic,07f4eeb2435dca462f4aa8b94b6984d9b121b687d17c5dfb2b3dd1ef9406ec3c
3,14,13,187.07,39.48,35.46,27.35,13.68,0.14368611574172974,17.04935646057129,114.27053806580054,49.999999999999844,114.27053806580054,-0.02105263157894797,0.1,0.1,3.7837897086844317,1.664304274462836,-1.664304274462836,895.960506925853,1127.9733287202216,45.51872190655857,-60.962101570872846,0.0,0.0,1.664304274462836,45.51872190655857,0.0,190.0,23.52,35.22,0.1,26.82,0.0,0.0,0.0,inferred_20260921_seed3,3,11ed1195aabfcd298bcaf379e7f064ad8010cd8ca67a057b647baa8bf9ef6e77,1500,pre_fed,TRPO-MADRL,deterministic,07f4eeb2435dca462f4aa8b94b6984d9b121b687d17c5dfb2b3dd1ef9406ec3c
1,15,14,333.2,35.74,34.83,13.81,6.91,2.766704797744751,15.913098335266113,199.21261419480453,49.999999999998494,199.21261419480453,-0.02105263157894797,0.1,0.1,5.395231231264512,68.83366966803891,-68.83366966803891,1523.950044994339,1052.5389067811634,950.5929781156174,-479.2966191875379,0.0,0.0,68.83366966803891,950.5929781156174,0.0,320.6,39.48,35.46,0.1,27.35,0.0,0.0,0.0,inferred_20260921_seed3,3,11ed1195aabfcd298bcaf379e7f064ad8010cd8ca67a057b647baa8bf9ef6e77,1500,pre_fed,TRPO-MADRL,deterministic,07f4eeb2435dca462f4aa8b94b6984d9b121b687d17c5dfb2b3dd1ef9406ec3c
2,15,14,170.3,35.74,34.83,13.81,6.91,-0.9252036809921265,-23.931367874145508,38.031021039433185,-50.0,38.031021039433185,-0.18947368421052882,0.9,0.9,2.168230947104453,64.05668359188181,-64.05668359188181,592.0085245698742,119.10680096398887,884.6228004038878,-412.30256669242675,0.0,0.0,64.05668359188181,884.6228004038878,0.0,165.75,39.48,35.46,0.9,27.35,0.0,0.0,0.0,inferred_20260921_seed3,3,11ed1195aabfcd298bcaf379e7f064ad8010cd8ca67a057b647baa8bf9ef6e77,1500,pre_fed,TRPO-MADRL,deterministic,07f4eeb2435dca462f4aa8b94b6984d9b121b687d17c5dfb2b3dd1ef9406ec3c
3,15,14,192.2,35.74,34.83,13.81,6.91,0.26020270586013794,17.070030212402344,125.44851204898859,49.99999999999985,125.44851204898859,-0.02105263157894797,0.1,0.1,3.9199491883481934,0.12248977093852886,-0.12248977093852886,986.3604821700234,1127.9733287202216,1.6915837366610837,-43.047888899302386,0.0,0.0,0.12248977093852886,1.6915837366610837,0.0,187.07,39.48,35.46,0.1,27.35,0.0,0.0,0.0,inferred_20260921_seed3,3,11ed1195aabfcd298bcaf379e7f064ad8010cd8ca67a057b647baa8bf9ef6e77,1500,pre_fed,TRPO-MADRL,deterministic,07f4eeb2435dca462f4aa8b94b6984d9b121b687d17c5dfb2b3dd1ef9406ec3c
1,16,15,316.8,18.06,23.62,17.31,8.66,2.512712240219116,19.144283294677734,198.69481398732222,50.0,198.69481398732222,-0.02105263157894797,0.1,0.1,4.807075227114866,81.2533138713716,-81.2533138713716,1519.3193317616813,1052.5389067811634,1406.4948631134423,-684.3598531719059,0.0,0.0,81.2533138713716,1406.4948631134423,0.0,333.2,35.74,34.83,0.1,13.81,0.0,0.0,0.0,inferred_20260921_seed3,3,11ed1195aabfcd298bcaf379e7f064ad8010cd8ca67a057b647baa8bf9ef6e77,1500,pre_fed,TRPO-MADRL,deterministic,07f4eeb2435dca462f4aa8b94b6984d9b121b687d17c5dfb2b3dd1ef9406ec3c
2,16,15,172.25,18.06,23.62,17.31,8.66,-0.2696989178657532,-26.66325569152832,103.13174819777485,-50.0,103.13174819777485,-0.18947368421052882,0.9,0.9,2.8924454902712866,30.520170976706964,-30.520170976706964,1031.6231266594634,119.10680096398887,528.3041596067975,-260.75147037552796,0.0,0.0,30.520170976706964,528.3041596067975,0.0,170.3,35.74,34.83,0.9,13.81,0.0,0.0,0.0,inferred_20260921_seed3,3,11ed1195aabfcd298bcaf379e7f064ad8010cd8ca67a057b647baa8bf9ef6e77,1500,pre_fed,TRPO-MADRL,deterministic,07f4eeb2435dca462f4aa8b94b6984d9b121b687d17c5dfb2b3dd1ef9406ec3c
3,16,15,194.4,18.06,23.62,17.31,8.66,0.42219310998916626,15.53248405456543,139.87763993556962,49.999999999996774,139.87763993556962,-0.02105263157894797,0.1,0.1,3.6307317460798134,16.49414444208915,-16.49414444208915,1106.5637524881356,1127.9733287202216,285.5136402925632,-173.17187975582058,0.0,0.0,16.49414444208915,285.5136402925632,0.0,192.2,35.74,34.83,0.1,13.81,0.0,0.0,0.0,inferred_20260921_seed3,3,11ed1195aabfcd298bcaf379e7f064ad8010cd8ca67a057b647baa8bf9ef6e77,1500,pre_fed,TRPO-MADRL,deterministic,07f4eeb2435dca462f4aa8b94b6984d9b121b687d17c5dfb2b3dd1ef9406ec3c
1,17,16,291.3,24.27,14.18,16.42,8.21,2.6650540828704834,17.274538040161133,199.03596015577406,49.9999999999999,199.03596015577406,-0.02105263157894797,0.1,0.1,4.749298150483902,58.58439062628878,-58.58439062628878,1522.3697309155878,1052.5389067811634,961.9556940836619,-484.3782350915829,5.143770993500993,0.0,53.44061963278779,919.7253342270187,0.0,316.8,18.06,23.62,0.1,17.31,0.0,0.0,0.0,inferred_20260921_seed3,3,11ed1195aabfcd298bcaf379e7f064ad8010cd8ca67a057b647baa8bf9ef6e77,1500,pre_fed,TRPO-MADRL,deterministic,07f4eeb2435dca462f4aa8b94b6984d9b121b687d17c5dfb2b3dd1ef9406ec3c
2,17,16,165.75,24.27,14.18,16.42,8.21,-0.02771514654159546,-25.807723999023438,136.1208726571707,-50.0,136.1208726571707,-0.18947368421052882,0.9,0.9,3.487627979459204,-5.143770993500993,5.143770993500993,1278.9861356871472,119.10680096398887,84.46071971328632,-65.96918260400156,0.0,5.143770993500993,0.0,-42.23035985664316,0.0,172.25,18.06,23.62,0.9,17.31,5.143770993500993,0.0,0.0,inferred_20260921_seed3,3,11ed1195aabfcd298bcaf379e7f064ad8010cd8ca67a057b647baa8bf9ef6e77,1500,pre_fed,TRPO-MADRL,deterministic,07f4eeb2435dca462f4aa8b94b6984d9b121b687d17c5dfb2b3dd1ef9406ec3c
3,17,16,187.07,24.27,14.18,16.42,8.21,0.5661584734916687,16.575456619262695,151.25324599105153,49.9999999999996,151.25324599105153,-0.02105263157894797,0.1,0.1,3.793643867189452,1.1814505077168462,-1.1814505077168462,1204.11803122489,1127.9733287202216,19.399417336710616,-55.371565000422,0.0,0.0,1.1814505077168462,19.399417336710616,0.0,194.4,18.06,23.62,0.1,17.31,0.0,0.0,0.0,inferred_20260921_seed3,3,11ed1195aabfcd298bcaf379e7f064ad8010cd8ca67a057b647baa8bf9ef6e77,1500,pre_fed,TRPO-MADRL,deterministic,07f4eeb2435dca462f4aa8b94b6984d9b121b687d17c5dfb2b3dd1ef9406ec3c
1,18,17,413.8,26.26,4.67,9.83,4.92,2.596398115158081,15.560953140258789,198.89485110955283,49.99999999999695,198.89485110955283,-0.02105263157894797,0.1,0.1,4.596075969559477,188.59227749158563,-188.59227749158563,1521.1077589095607,1052.5389067811634,1853.8620877422868,-885.7108727978435,0.0,0.0,188.59227749158563,1853.8620877422868,0.0,291.3,24.27,14.18,0.1,16.42,0.0,0.0,0.0,inferred_20260921_seed3,3,11ed1195aabfcd298bcaf379e7f064ad8010cd8ca67a057b647baa8bf9ef6e77,1500,pre_fed,TRPO-MADRL,deterministic,07f4eeb2435dca462f4aa8b94b6984d9b121b687d17c5dfb2b3dd1ef9406ec3c
2,18,17,164.25,26.26,4.67,9.83,4.92,-0.049325793981552124,-25.159564971923828,133.09998392623595,-50.0,133.09998392623595,-0.18947368421052882,0.9,0.9,3.2768102048405083,3.6862999628150988,-3.6862999628150988,1255.6465121818687,119.10680096398887,36.23632863447242,-43.80141414842974,0.0,0.0,3.6862999628150988,36.23632863447242,0.0,165.75,24.27,14.18,0.9,16.42,0.0,0.0,0.0,inferred_20260921_seed3,3,11ed1195aabfcd298bcaf379e7f064ad8010cd8ca67a057b647baa8bf9ef6e77,1500,pre_fed,TRPO-MADRL,deterministic,07f4eeb2435dca462f4aa8b94b6984d9b121b687d17c5dfb2b3dd1ef9406ec3c
3,18,17,185.6,26.26,4.67,9.83,4.92,0.5594325661659241,16.815412521362305,150.75562989548862,49.99999999999975,150.75562989548862,-0.02105263157894797,0.1,0.1,3.633291545278193,7.568714281368528,-7.568714281368528,1199.7991791720515,1127.9733287202216,74.40046138585264,-80.03565778147916,0.0,0.0,7.568714281368528,74.40046138585264,0.0,187.07,24.27,14.18,0.1,16.42,0.0,0.0,0.0,inferred_20260921_seed3,3,11ed1195aabfcd298bcaf379e7f064ad8010cd8ca67a057b647baa8bf9ef6e77,1500,pre_fed,TRPO-MADRL,deterministic,07f4eeb2435dca462f4aa8b94b6984d9b121b687d17c5dfb2b3dd1ef9406ec3c
1,19,18,539.8,26.77,0.18,8.63,4.32,2.505335569381714,19.45290756225586,198.67554384987494,50.0,198.67554384987494,-0.02105263157894797,0.1,0.1,4.51208982436592,318.70759860606984,-318.70759860606984,1519.1470817860375,1052.5389067811634,2750.446575970383,-1289.1346789580164,0.0,0.0,318.70759860606984,2750.446575970383,0.0,413.8,26.26,4.67,0.1,9.83,0.0,0.0,0.0,inferred_20260921_seed3,3,11ed1195aabfcd298bcaf379e7f064ad8010cd8ca67a057b647baa8bf9ef6e77,1500,pre_fed,TRPO-MADRL,deterministic,07f4eeb2435dca462f4aa8b94b6984d9b121b687d17c5dfb2b3dd1ef9406ec3c
2,19,18,162.5,26.77,0.18,8.63,4.32,-0.06539119780063629,-25.593772888183594,130.85825865031413,-50.0,130.85825865031413,-0.18947368421052882,0.9,0.9,3.1523756993220724,8.03359073321846,-8.03359073321846,1238.4164264469273,119.10680096398887,69.32988802767532,-58.34891416067222,0.0,0.0,8.03359073321846,69.32988802767532,0.0,164.25,26.26,4.67,0.9,9.83,0.0,0.0,0.0,inferred_20260921_seed3,3,11ed1195aabfcd298bcaf379e7f064ad8010cd8ca67a057b647baa8bf9ef6e77,1500,pre_fed,TRPO-MADRL,deterministic,07f4eeb2435dca462f4aa8b94b6984d9b121b687d17c5dfb2b3dd1ef9406ec3c
3,19,18,183.4,26.77,0.18,8.63,4.32,0.6051183342933655,16.275373458862305,154.06816442945834,49.999999999999275,154.06816442945834,-0.02105263157894797,0.1,0.1,3.619942235957588,6.022830438078188,-6.022830438078188,1228.6375285964477,1127.9733287202216,51.97702668061476,-70.52187915261004,0.0,0.0,6.022830438078188,51.97702668061476,0.0,185.6,26.26,4.67,0.1,9.83,0.0,0.0,0.0,inferred_20260921_seed3,3,11ed1195aabfcd298bcaf379e7f064ad8010cd8ca67a057b647baa8bf9ef6e77,1500,pre_fed,TRPO-MADRL,deterministic,07f4eeb2435dca462f4aa8b94b6984d9b121b687d17c5dfb2b3dd1ef9406ec3c
1,20,19,557.2,26.22,0.0,8.87,4.44,2.5238184928894043,22.036184310913086,198.72330279681464,50.0,198.72330279681464,-0.02105263157894797,0.1,0.1,4.498445003304714,336.77619483806905,-336.77619483806905,1519.573995701023,1052.5389067811634,2987.204848213672,-1395.684439745796,0.0,0.0,336.77619483806905,2987.204848213672,0.0,539.8,26.77,0.18,0.1,8.63,0.0,0.0,0.0,inferred_20260921_seed3,3,11ed1195aabfcd298bcaf379e7f064ad8010cd8ca67a057b647baa8bf9ef6e77,1500,pre_fed,TRPO-MADRL,deterministic,07f4eeb2435dca462f4aa8b94b6984d9b121b687d17c5dfb2b3dd1ef9406ec3c
2,20,19,165.75,26.22,0.0,8.87,4.44,-0.054874569177627563,-25.460891723632812,132.32526220619945,-50.0,132.32526220619945,-0.18947368421052882,0.9,0.9,3.1671157704397785,10.561327248450851,-10.561327248450851,1249.6832994675526,119.10680096398887,93.67897269375905,-69.5313397208224,0.0,0.0,10.561327248450851,93.67897269375905,0.0,162.5,26.77,0.18,0.9,8.63,0.0,0.0,0.0,inferred_20260921_seed3,3,11ed1195aabfcd298bcaf379e7f064ad8010cd8ca67a057b647baa8bf9ef6e77,1500,pre_fed,TRPO-MADRL,deterministic,07f4eeb2435dca462f4aa8b94b6984d9b121b687d17c5dfb2b3dd1ef9406ec3c
3,20,19,187.07,26.22,0.0,8.87,4.44,0.5918794274330139,16.27336311340332,153.12459653323583,49.99999999999927,153.12459653323583,-0.02105263157894797,0.1,0.1,3.5864708780331376,11.332926976376257,-11.332926976376257,1220.4017554610296,1127.9733287202216,100.5230622804574,-92.20287970983085,0.0,0.0,11.332926976376257,100.5230622804574,0.0,183.4,26.77,0.18,0.1,8.63,0.0,0.0,0.0,inferred_20260921_seed3,3,11ed1195aabfcd298bcaf379e7f064ad8010cd8ca67a057b647baa8bf9ef6e77,1500,pre_fed,TRPO-MADRL,deterministic,07f4eeb2435dca462f4aa8b94b6984d9b121b687d17c5dfb2b3dd1ef9406ec3c
1,21,20,557.1,32.84,0.0,8.35,4.18,2.5352861881256104,22.311216354370117,198.75207047907625,50.0,198.75207047907625,-0.02105263157894797,0.1,0.1,4.631420356949946,330.16040250945264,-330.16040250945264,1519.8311658500456,1052.5389067811634,2756.8393609539294,-1292.0251138818926,0.0,0.0,330.16040250945264,2756.8393609539294,0.0,557.2,26.22,0.0,0.1,8.87,0.0,0.0,0.0,inferred_20260921_seed3,3,11ed1195aabfcd298bcaf379e7f064ad8010cd8ca67a057b647baa8bf9ef6e77,1500,pre_fed,TRPO-MADRL,deterministic,07f4eeb2435dca462f4aa8b94b6984d9b121b687d17c5dfb2b3dd1ef9406ec3c
2,21,20,169.0,32.84,0.0,8.35,4.18,-0.029163196682929993,-25.403575897216797,135.91830954719973,-50.0,135.91830954719973,-0.18947368421052882,0.9,0.9,3.371376717259784,3.8025408542705748,-3.8025408542705748,1277.4167784413744,119.10680096398887,31.751216133159296,-42.21851884802895,0.0,0.0,3.8025408542705748,31.751216133159296,0.0,165.75,26.22,0.0,0.9,8.87,0.0,0.0,0.0,inferred_20260921_seed3,3,11ed1195aabfcd298bcaf379e7f064ad8010cd8ca67a057b647baa8bf9ef6e77,1500,pre_fed,TRPO-MADRL,deterministic,07f4eeb2435dca462f4aa8b94b6984d9b121b687d17c5dfb2b3dd1ef9406ec3c
3,21,20,190.73,32.84,0.0,8.35,4.18,0.6258779168128967,16.29892349243164,155.52073127736867,49.999999999999304,155.52073127736867,-0.02105263157894797,0.1,0.1,3.7667935729157946,6.1571149271260595,-6.1571149271260595,1241.3490783634634,1127.9733287202216,51.4119096415026,-70.52180748034988,0.0,0.0,6.1571149271260595,51.4119096415026,0.0,187.07,26.22,0.0,0.1,8.87,0.0,0.0,0.0,inferred_20260921_seed3,3,11ed1195aabfcd298bcaf379e7f064ad8010cd8ca67a057b647baa8bf9ef6e77,1500,pre_fed,TRPO-MADRL,deterministic,07f4eeb2435dca462f4aa8b94b6984d9b121b687d17c5dfb2b3dd1ef9406ec3c
1,22,21,535.0,36.02,0.0,16.44,8.22,2.499397039413452,22.31664276123047,198.65982545446022,50.0,198.65982545446022,-0.02105263157894797,0.1,0.1,4.693175456457626,305.03440263357635,-305.03440263357635,1519.0065842212448,1052.5389067811634,5014.765579295996,-2308.0754205032467,4.437319730354147,0.0,300.5970829032222,4978.290811112485,0.0,557.1,32.84,0.0,0.1,8.35,0.0,0.0,0.0,inferred_20260921_seed3,3,11ed1195aabfcd298bcaf379e7f064ad8010cd8ca67a057b647baa8bf9ef6e77,1500,pre_fed,TRPO-MADRL,deterministic,07f4eeb2435dca462f4aa8b94b6984d9b121b687d17c5dfb2b3dd1ef9406ec3c
2,22,21,161.2,36.02,0.0,16.44,8.22,-0.05135244131088257,-25.265422821044922,132.81697116439383,-50.0,132.81697116439383,-0.18947368421052882,0.9,0.9,3.3729499496036666,-4.07454753057965,4.07454753057965,1253.4670397163109,119.10680096398887,66.98556140272946,-57.59497944483425,0.0,4.07454753057965,0.0,-33.49278070136473,0.0,169.0,32.84,0.0,0.9,8.35,4.07454753057965,0.0,0.0,inferred_20260921_seed3,3,11ed1195aabfcd298bcaf379e7f064ad8010cd8ca67a057b647baa8bf9ef6e77,1500,pre_fed,TRPO-MADRL,deterministic,07f4eeb2435dca462f4aa8b94b6984d9b121b687d17c5dfb2b3dd1ef9406ec3c
3,22,21,181.93,36.02,0.0,16.44,8.22,0.5494939684867859,16.07691192626953,150.0140854884917,49.99999999999891,150.0140854884917,-0.02105263157894797,0.1,0.1,3.720260657138255,-0.36277219977449704,0.36277219977449704,1193.3719822151475,1127.9733287202216,5.963974964292732,-49.11069495263911,0.0,0.36277219977449704,0.0,-2.981987482146366,0.0,190.73,32.84,0.0,0.1,8.35,0.36277219977449704,0.0,0.0,inferred_20260921_seed3,3,11ed1195aabfcd298bcaf379e7f064ad8010cd8ca67a057b647baa8bf9ef6e77,1500,pre_fed,TRPO-MADRL,deterministic,07f4eeb2435dca462f4aa8b94b6984d9b121b687d17c5dfb2b3dd1ef9406ec3c
1,23,22,437.8,37.23,0.0,16.19,8.1,2.6499457359313965,20.52739143371582,199.00653239213773,50.0,199.00653239213773,-0.02105263157894797,0.1,0.1,4.724309595211175,206.3088298346524,-206.3088298346524,1522.1065247544457,1052.5389067811634,3340.139955023023,-1554.5558883910726,3.269225385942775,0.0,203.03960444870964,3313.691921650746,0.0,535.0,36.02,0.0,0.1,16.44,0.0,0.0,0.0,inferred_20260921_seed3,3,11ed1195aabfcd298bcaf379e7f064ad8010cd8ca67a057b647baa8bf9ef6e77,1500,pre_fed,TRPO-MADRL,deterministic,07f4eeb2435dca462f4aa8b94b6984d9b121b687d17c5dfb2b3dd1ef9406ec3c
2,23,22,148.0,37.23,0.0,16.19,8.1,-0.2604978084564209,-23.488056182861328,104.33344729933768,-50.0,104.33344729933768,-0.18947368421052882,0.9,0.9,2.8274794723025427,9.4535058571754,-9.4535058571754,1040.3435391730018,119.10680096398887,153.05225982766976,-92.0625237251912,0.0,0.0,9.4535058571754,153.05225982766976,0.0,161.2,36.02,0.0,0.9,16.44,0.0,0.0,0.0,inferred_20260921_seed3,3,11ed1195aabfcd298bcaf379e7f064ad8010cd8ca67a057b647baa8bf9ef6e77,1500,pre_fed,TRPO-MADRL,deterministic,07f4eeb2435dca462f4aa8b94b6984d9b121b687d17c5dfb2b3dd1ef9406ec3c
3,23,22,161.39,37.23,0.0,16.19,8.1,0.3184521794319153,17.186336517333984,130.8106703723369,49.999999999999886,130.8106703723369,-0.02105263157894797,0.1,0.1,3.3603923548151586,-3.269225385942775,3.269225385942775,1030.5685939542489,1127.9733287202216,52.928758998413535,-66.98878000277551,0.0,3.269225385942775,0.0,-26.480725626136476,0.0,181.93,36.02,0.0,0.1,16.44,3.269225385942775,0.0,0.0,inferred_20260921_seed3,3,11ed1195aabfcd298bcaf379e7f064ad8010cd8ca67a057b647baa8bf9ef6e77,1500,pre_fed,TRPO-MADRL,deterministic,07f4eeb2435dca462f4aa8b94b6984d9b121b687d17c5dfb2b3dd1ef9406ec3c
1,24,23,447.3,44.12,0.0,8.87,4.44,2.6098873615264893,18.19854736328125,198.92410952260354,49.999999999999986,198.92410952260354,-0.02105263157894797,0.1,0.1,4.860461137820492,209.1374042467959,-209.1374042467959,1521.3693973991144,1052.5389067811634,1855.0487756690795,-886.2501151346913,29.952710273116452,0.0,179.18469397367946,1722.3582691591737,0.0,437.8,37.23,0.0,0.1,16.19,0.0,0.0,0.0,inferred_20260921_seed3,3,11ed1195aabfcd298bcaf379e7f064ad8010cd8ca67a057b647baa8bf9ef6e77,1500,pre_fed,TRPO-MADRL,deterministic,07f4eeb2435dca462f4aa8b94b6984d9b121b687d17c5dfb2b3dd1ef9406ec3c
2,24,23,119.6,44.12,0.0,8.87,4.44,-0.3819817304611206,-23.557798385620117,88.98018504275156,-50.0,88.98018504275156,-0.18947368421052882,0.9,0.9,2.6582142271708205,-10.652497131370211,10.652497131370211,930.5802483526704,119.10680096398887,94.48764955525377,-63.51318328619738,0.0,10.652497131370211,0.0,-47.29708726328374,0.0,148.0,37.23,0.0,0.9,16.19,10.652497131370211,0.0,0.0,inferred_20260921_seed3,3,11ed1195aabfcd298bcaf379e7f064ad8010cd8ca67a057b647baa8bf9ef6e77,1500,pre_fed,TRPO-MADRL,deterministic,07f4eeb2435dca462f4aa8b94b6984d9b121b687d17c5dfb2b3dd1ef9406ec3c
3,24,23,134.98,44.12,0.0,8.87,4.44,0.1340964436531067,17.268352508544922,113.32984155172817,49.9999999999999,113.32984155172817,-0.02105263157894797,0.1,0.1,3.148575778402984,-19.30021314174624,19.30021314174624,888.4610827838688,1127.9733287202216,171.19289056728914,-117.36548898536192,0.0,19.30021314174624,0.0,-85.69294634935332,0.0,161.39,37.23,0.0,0.1,16.19,19.30021314174624,0.0,0.0,inferred_20260921_seed3,3,11ed1195aabfcd298bcaf379e7f064ad8010cd8ca67a057b647baa8bf9ef6e77,1500,pre_fed,TRPO-MADRL,deterministic,07f4eeb2435dca462f4aa8b94b6984d9b121b687d17c5dfb2b3dd1ef9406ec3c
1,1,0,457.7,51.48,0.0,8.65,4.33,3.7227232456207275,-1.2413899898529053,199.88324914386814,-42.29257809848586,199.88324914386814,-42.21052631578948,0.5,0.9,4.183054456561573,252.7303316284829,-252.7303316284829,1529.954022738234,224.10347285318556,2186.1173685863773,-1018.8339657756983,33.352472704785555,0.0,219.37785892369737,2042.0346865017038,2.842170943040401e-14,447.3,44.12,0.0,0.5,8.87,0.0,0.0,0.0,inferred_20260921_seed4,4,11ed1195aabfcd298bcaf379e7f064ad8010cd8ca67a057b647baa8bf9ef6e77,1500,pre_fed,F-MADRL,deterministic,c4b397c2824898ffd60f6b256158ad029508a932938d7f48a0734cc4c7922a82
2,1,0,110.5,51.48,0.0,8.65,4.33,-0.23933511972427368,-0.6660895943641663,107.1185298254338,-29.120086969570114,107.1185298254338,-29.120086969570114,0.5,0.775640826210916,2.5895688571172735,-16.388873998746405,16.388873998746405,1060.6385330913777,325.07366213240545,141.76376008915642,-91.50793594459606,0.0,16.388873998746405,0.0,-70.96382441457193,0.0,119.6,44.12,0.0,0.5,8.87,16.388873998746405,0.0,0.0,inferred_20260921_seed4,4,11ed1195aabfcd298bcaf379e7f064ad8010cd8ca67a057b647baa8bf9ef6e77,1500,pre_fed,F-MADRL,deterministic,c4b397c2824898ffd60f6b256158ad029508a932938d7f48a0734cc4c7922a82
3,1,0,124.71,51.48,0.0,8.65,4.33,0.2562653124332428,-0.7580046653747559,125.07990487749055,-31.995008238675098,125.07990487749055,-31.995008238675098,0.5,0.8029525782674134,2.891297932776309,-16.96359870603915,16.96359870603915,983.3415820777598,316.84377988358005,146.73512880723865,-92.0345152024842,0.0,16.96359870603915,0.0,-73.45238239714952,0.0,134.98,44.12,0.0,0.5,8.87,16.96359870603915,0.0,0.0,inferred_20260921_seed4,4,11ed1195aabfcd298bcaf379e7f064ad8010cd8ca67a057b647baa8bf9ef6e77,1500,pre_fed,F-MADRL,deterministic,c4b397c2824898ffd60f6b256158ad029508a932938d7f48a0734cc4c7922a82
1,2,1,336.5,38.37,0.0,8.11,4.06,3.8654625415802,-1.28525710105896,199.91223097737213,-42.89396462859167,199.91223097737213,-0.18947368421052882,0.9,0.9,4.761855145863232,103.16909785270161,-103.16909785270161,1530.213651954805,111.40639664265923,836.70138358541,-409.3480235853838,42.29500489315117,0.0,60.87409295955044,665.4066137681477,0.0,457.7,51.48,0.0,0.9,8.65,0.0,0.0,0.0,inferred_20260921_seed4,4,11ed1195aabfcd298bcaf379e7f064ad8010cd8ca67a057b647baa8bf9ef6e77,1500,pre_fed,F-MADRL,deterministic,c4b397c2824898ffd60f6b256158ad029508a932938d7f48a0734cc4c7922a82
2,2,1,109.85,38.37,0.0,8.11,4.06,-0.2857382297515869,-0.7772979736328125,101.05093862435037,-32.55765384759706,101.05093862435037,-13.253732151737454,0.775640826210916,0.9,2.523344129452258,-13.793862343160654,13.793862343160654,1016.575152082463,153.84031540041582,111.8682236030329,-73.74900997102239,0.0,13.793862343160654,0.0,-56.00308111323225,0.0,110.5,51.48,0.0,0.775640826210916,8.65,13.793862343160654,0.0,0.0,inferred_20260921_seed4,4,11ed1195aabfcd298bcaf379e7f064ad8010cd8ca67a057b647baa8bf9ef6e77,1500,pre_fed,F-MADRL,deterministic,c4b397c2824898ffd60f6b256158ad029508a932938d7f48a0734cc4c7922a82
3,2,1,123.98,38.37,0.0,8.11,4.06,0.2834289073944092,-0.8691337704658508,127.6075633272018,-35.04668772542386,127.6075633272018,-10.384560725170678,0.8029525782674134,0.9,3.1118600520406225,-28.50114254999052,28.50114254999052,1004.0950000049477,154.40970268232672,231.14426608042308,-127.18501378993588,0.0,28.50114254999052,0.0,-115.71463875296149,0.0,124.71,51.48,0.0,0.8029525782674134,8.65,28.50114254999052,0.0,0.0,inferred_20260921_seed4,4,11ed1195aabfcd298bcaf379e7f064ad8010cd8ca67a057b647baa8bf9ef6e77,1500,pre_fed,F-MADRL,deterministic,c4b397c2824898ffd60f6b256158ad029508a932938d7f48a0734cc4c7922a82
1,3,2,274.9,43.56,0.0,8.25,4.13,3.7934370040893555,-1.2629591226577759,199.89863866546557,-42.593892906011995,199.89863866546557,-0.18947368421052882,0.9,0.9,4.865383299625101,36.49621831837004,-36.49621831837004,1530.0918856629446,111.40639664265923,301.0938011265528,-168.32217615306084,36.49621831837004,0.0,0.0,150.72938165486826,0.0,336.5,38.37,0.0,0.9,8.11,0.0,0.0,0.0,inferred_20260921_seed4,4,11ed1195aabfcd298bcaf379e7f064ad8010cd8ca67a057b647baa8bf9ef6e77,1500,pre_fed,F-MADRL,deterministic,c4b397c2824898ffd60f6b256158ad029508a932938d7f48a0734cc4c7922a82
2,3,2,112.45,43.56,0.0,8.25,4.13,-0.26148051023483276,-0.771476686000824,104.20483056194423,-32.3893648529517,104.20483056194423,-0.18947368421052882,0.9,0.9,2.951507137554674,-32.17384974017902,32.17384974017902,1039.409152606414,119.10680096398887,265.43426035647695,-142.6157362318227,0.0,32.17384974017902,0.0,-132.87799942693937,0.0,109.85,38.37,0.0,0.9,8.11,32.17384974017902,0.0,0.0,inferred_20260921_seed4,4,11ed1195aabfcd298bcaf379e7f064ad8010cd8ca67a057b647baa8bf9ef6e77,1500,pre_fed,F-MADRL,deterministic,c4b397c2824898ffd60f6b256158ad029508a932938d7f48a0734cc4c7922a82
3,3,2,126.91,43.56,0.0,8.25,4.13,0.3182535469532013,-0.8785828351974487,130.79269163737686,-35.28543249447273,130.79269163737686,-0.18947368421052882,0.9,0.9,3.4832643590633268,-43.769953594103015,43.769953594103015,1030.419456177784,126.80720528531852,361.1021171513499,-185.64048594736948,0.0,4.322368578191018,-39.447585015912,-17.8513822279289,0.0,123.98,38.37,0.0,0.9,8.11,4.322368578191018,0.0,0.0,inferred_20260921_seed4,4,11ed1195aabfcd298bcaf379e7f064ad8010cd8ca67a057b647baa8bf9ef6e77,1500,pre_fed,F-MADRL,deterministic,c4b397c2824898ffd60f6b256158ad029508a932938d7f48a0734cc4c7922a82
1,4,3,272.6,40.75,0.0,8.1,4.05,3.767404794692993,-1.2566591501235962,199.89322444273267,-42.50702241866985,199.89322444273267,-0.18947368421052882,0.9,0.9,4.809075015170443,36.95532425664831,-36.95532425664831,1530.0433833551438,111.40639664265923,299.3381264788513,-167.53115251543915,36.95532425664831,0.0,0.0,149.66906323942564,0.0,274.9,43.56,0.0,0.9,8.25,0.0,0.0,0.0,inferred_20260921_seed4,4,11ed1195aabfcd298bcaf379e7f064ad8010cd8ca67a057b647baa8bf9ef6e77,1500,pre_fed,F-MADRL,deterministic,c4b397c2824898ffd60f6b256158ad029508a932938d7f48a0734cc4c7922a82
2,4,3,110.5,40.75,0.0,8.1,4.05,-0.274455726146698,-0.7877575755119324,102.51275922534322,-32.85684159024235,102.51275922534322,-0.18947368421052882,0.9,0.9,2.861465710822654,-29.71181983031005,29.71181983031005,1027.1398525102977,119.10680096398887,240.66574062551138,-131.22451635096587,0.0,29.71181983031005,0.0,-120.33287031275569,0.0,112.45,43.56,0.0,0.9,8.25,29.71181983031005,0.0,0.0,inferred_20260921_seed4,4,11ed1195aabfcd298bcaf379e7f064ad8010cd8ca67a057b647baa8bf9ef6e77,1500,pre_fed,F-MADRL,deterministic,c4b397c2824898ffd60f6b256158ad029508a932938d7f48a0734cc4c7922a82
3,4,3,124.71,40.75,0.0,8.1,4.05,0.3113882541656494,-0.8874821662902832,130.1699516747184,-35.507394857268885,130.1699516747184,-0.18947368421052882,0.9,0.9,3.4146095598101573,-42.605868430697726,42.605868430697726,1025.2574742605998,126.80720528531852,345.10753428865155,-178.33968402081157,0.0,7.243504426338262,-35.36236400435946,-29.33619292666996,0.0,126.91,43.56,0.0,0.9,8.25,7.243504426338262,0.0,0.0,inferred_20260921_seed4,4,11ed1195aabfcd298bcaf379e7f064ad8010cd8ca67a057b647baa8bf9ef6e77,1500,pre_fed,F-MADRL,deterministic,c4b397c2824898ffd60f6b256158ad029508a932938d7f48a0734cc4c7922a82
1,5,4,245.3,27.74,0.0,8.14,4.07,3.76023268699646,-1.2541379928588867,199.8916826290237,-42.47199646372468,199.8916826290237,-0.18947368421052882,0.9,0.9,4.548844178896264,22.406635234083097,-22.406635234083097,1530.0295713905405,111.40639664265923,182.39001080543642,-114.90422422311039,22.406635234083097,0.0,0.0,91.19500540271821,0.0,272.6,40.75,0.0,0.9,8.1,0.0,0.0,0.0,inferred_20260921_seed4,4,11ed1195aabfcd298bcaf379e7f064ad8010cd8ca67a057b647baa8bf9ef6e77,1500,pre_fed,F-MADRL,deterministic,c4b397c2824898ffd60f6b256158ad029508a932938d7f48a0734cc4c7922a82
2,5,4,113.75,27.74,0.0,8.14,4.07,-0.26752808690071106,-0.778810977935791,103.41474915164687,-32.60118542617113,103.41474915164687,-0.18947368421052882,0.9,0.9,2.619305509348727,-14.595969958087636,14.595969958087636,1033.6748137812992,119.10680096398887,118.81119545883337,-76.52067025138078,0.0,14.595969958087636,0.0,-59.405597729416684,0.0,110.5,40.75,0.0,0.9,8.1,14.595969958087636,0.0,0.0,inferred_20260921_seed4,4,11ed1195aabfcd298bcaf379e7f064ad8010cd8ca67a057b647baa8bf9ef6e77,1500,pre_fed,F-MADRL,deterministic,c4b397c2824898ffd60f6b256158ad029508a932938d7f48a0734cc4c7922a82
3,5,4,128.38,27.74,0.0,8.14,4.07,0.3145890235900879,-0.8822382092475891,130.46061270676196,-35.37694140239972,130.46061270676196,-0.18947368421052882,0.9,0.9,3.1602227804510292,-26.47091624210043,26.47091624210043,1027.6658887706124,126.80720528531852,215.4732582106975,-120.05242807593251,0.0,7.810665275995461,-18.660250966104968,-31.78940767330153,0.0,124.71,40.75,0.0,0.9,8.1,7.810665275995461,0.0,0.0,inferred_20260921_seed4,4,11ed1195aabfcd298bcaf379e7f064ad8010cd8ca67a057b647baa8bf9ef6e77,1500,pre_fed,F-MADRL,deterministic,c4b397c2824898ffd60f6b256158ad029508a932938d7f48a0734cc4c7922a82
1,6,5,233.7,30.15,0.0,8.13,4.07,3.7181057929992676,-1.239333152770996,199.8821666051268,-42.26326502069957,199.8821666051268,-0.18947368421052882,0.9,0.9,4.596853858418326,8.454160937502024,-8.454160937502024,1529.9443252480787,111.40639664265923,68.73232842189147,-63.756562227665924,8.454160937502024,0.0,0.0,34.408435015633245,0.0,245.3,27.74,0.0,0.9,8.14,0.0,0.0,0.0,inferred_20260921_seed4,4,11ed1195aabfcd298bcaf379e7f064ad8010cd8ca67a057b647baa8bf9ef6e77,1500,pre_fed,F-MADRL,deterministic,c4b397c2824898ffd60f6b256158ad029508a932938d7f48a0734cc4c7922a82
2,6,5,120.25,30.15,0.0,8.13,4.07,-0.23196662962436676,-0.7382264137268066,108.0948851421803,-31.40362033017897,108.0948851421803,-0.18947368421052882,0.9,0.9,2.7611082291593956,-15.044303228810378,15.044303228810378,1067.7811794812328,119.10680096398887,122.31018525022839,-78.77734297150721,0.0,8.454160937502024,-6.590142291308354,-34.408435015633245,0.0,113.75,27.74,0.0,0.9,8.14,8.454160937502024,0.0,0.0,inferred_20260921_seed4,4,11ed1195aabfcd298bcaf379e7f064ad8010cd8ca67a057b647baa8bf9ef6e77,1500,pre_fed,F-MADRL,deterministic,c4b397c2824898ffd60f6b256158ad029508a932938d7f48a0734cc4c7922a82
3,6,5,135.43,30.15,0.0,8.13,4.07,0.3393908441066742,-0.8650351762771606,132.69334572330777,-34.94214188957492,132.69334572330777,-0.18947368421052882,0.9,0.9,3.253077440781945,-23.970794598315308,23.970794598315308,1046.2198166452483,126.80720528531852,194.88256008430346,-111.15769247654791,0.0,0.0,-23.970794598315308,0.0,0.0,128.38,27.74,0.0,0.9,8.14,0.0,0.0,0.0,inferred_20260921_seed4,4,11ed1195aabfcd298bcaf379e7f064ad8010cd8ca67a057b647baa8bf9ef6e77,1500,pre_fed,F-MADRL,deterministic,c4b397c2824898ffd60f6b256158ad029508a932938d7f48a0734cc4c7922a82
1,7,6,274.6,28.65,0.16,8.34,4.17,3.7145586013793945,-1.238907814025879,199.88132817533221,-42.25719056146169,199.88132817533221,-0.18947368421052882,0.9,0.9,4.570037089822434,50.66818259870075,-50.66818259870075,1529.9368145232925,111.40639664265923,422.5726428731643,-222.98455351624295,14.734342908045221,0.0,35.93383969065553,361.1304329466157,0.0,233.7,30.15,0.0,0.9,8.13,0.0,0.0,0.0,inferred_20260921_seed4,4,11ed1195aabfcd298bcaf379e7f064ad8010cd8ca67a057b647baa8bf9ef6e77,1500,pre_fed,F-MADRL,deterministic,c4b397c2824898ffd60f6b256158ad029508a932938d7f48a0734cc4c7922a82
2,7,6,130.0,28.65,0.16,8.34,4.17,-0.2369968146085739,-0.7471566796302795,107.4280036908399,-31.672480173863,107.4280036908399,-0.18947368421052882,0.9,0.9,2.7209706001325875,-3.327559406496789,3.327559406496789,1062.9009583891639,119.10680096398887,27.75184545018322,-36.128485639645504,0.0,3.327559406496789,0.0,-13.87592272509161,0.0,120.25,30.15,0.0,0.9,8.13,3.327559406496789,0.0,0.0,inferred_20260921_seed4,4,11ed1195aabfcd298bcaf379e7f064ad8010cd8ca67a057b647baa8bf9ef6e77,1500,pre_fed,F-MADRL,deterministic,c4b397c2824898ffd60f6b256158ad029508a932938d7f48a0734cc4c7922a82
3,7,6,146.72,28.65,0.16,8.34,4.17,0.3398386538028717,-0.872311532497406,132.73333440007627,-35.1273329106249,132.73333440007627,-0.18947368421052882,0.9,0.9,3.227077214317315,-11.406783501548432,11.406783501548432,1046.5529844435864,126.80720528531852,95.13257440291392,-66.27686227588937,0.0,11.406783501548432,0.0,-47.56628720145696,0.0,135.43,30.15,0.0,0.9,8.13,11.406783501548432,0.0,0.0,inferred_20260921_seed4,4,11ed1195aabfcd298bcaf379e7f064ad8010cd8ca67a057b647baa8bf9ef6e77,1500,pre_fed,F-MADRL,deterministic,c4b397c2824898ffd60f6b256158ad029508a932938d7f48a0734cc4c7922a82
1,8,7,291.0,23.38,1.77,9.35,4.68,3.742093086242676,-1.2462646961212158,199.88768305615187,-42.36164403371042,199.88768305615187,-0.18947368421052882,0.9,0.9,4.496964187438827,70.64875481549748,-70.64875481549748,1529.9937423653973,111.40639664265923,660.5658575249014,-330.08263866636673,0.0,0.0,70.64875481549748,660.5658575249014,0.0,274.6,28.65,0.16,0.9,8.34,0.0,0.0,0.0,inferred_20260921_seed4,4,11ed1195aabfcd298bcaf379e7f064ad8010cd8ca67a057b647baa8bf9ef6e77,1500,pre_fed,F-MADRL,deterministic,c4b397c2824898ffd60f6b256158ad029508a932938d7f48a0734cc4c7922a82
2,8,7,157.95,23.38,1.77,9.35,4.68,-0.23068192601203918,-0.7440323829650879,108.26545244554305,-31.578762684780102,108.26545244554305,-0.18947368421052882,0.9,0.9,2.6645195752266506,27.38854081389411,-27.38854081389411,1069.0304721592943,119.10680096398887,256.0828566099099,-139.00003093692513,0.0,0.0,27.38854081389411,256.0828566099099,0.0,130.0,28.65,0.16,0.9,8.34,0.0,0.0,0.0,inferred_20260921_seed4,4,11ed1195aabfcd298bcaf379e7f064ad8010cd8ca67a057b647baa8bf9ef6e77,1500,pre_fed,F-MADRL,deterministic,c4b397c2824898ffd60f6b256158ad029508a932938d7f48a0734cc4c7922a82
3,8,7,178.26,23.38,1.77,9.35,4.68,0.3500259220600128,-0.8761202692985535,133.63985331535036,-35.22351765770324,133.63985331535036,-0.18947368421052882,0.9,0.9,3.172007592622797,22.83162796148295,-22.83162796148295,1054.113846506595,126.80720528531852,213.4757214398656,-119.6824956837778,0.0,0.0,22.83162796148295,213.4757214398656,0.0,146.72,28.65,0.16,0.9,8.34,0.0,0.0,0.0,inferred_20260921_seed4,4,11ed1195aabfcd298bcaf379e7f064ad8010cd8ca67a057b647baa8bf9ef6e77,1500,pre_fed,F-MADRL,deterministic,c4b397c2824898ffd60f6b256158ad029508a932938d7f48a0734cc4c7922a82
1,9,8,315.7,21.75,5.3,12.0,6.0,3.7520360946655273,-1.2473466396331787,199.88989331370587,-42.37689607753653,199.88989331370587,-0.18947368421052882,0.9,0.9,4.535008392589908,93.48458876309454,-93.48458876309454,1530.0135422910116,111.40639664265923,1121.8150651571345,-537.645178099384,0.0,0.0,93.48458876309454,1121.8150651571345,0.0,291.0,23.38,1.77,0.9,9.35,0.0,0.0,0.0,inferred_20260921_seed4,4,11ed1195aabfcd298bcaf379e7f064ad8010cd8ca67a057b647baa8bf9ef6e77,1500,pre_fed,F-MADRL,deterministic,c4b397c2824898ffd60f6b256158ad029508a932938d7f48a0734cc4c7922a82
2,9,8,165.1,21.75,5.3,12.0,6.0,-0.2095840871334076,-0.7311073541641235,111.0804284383925,-31.18711749623101,111.0804284383925,-0.18947368421052882,0.9,0.9,2.75881909508364,29.917864340901644,-29.917864340901644,1089.7121815537014,119.10680096398887,359.01437209081973,-185.73284709122268,0.0,0.0,29.917864340901644,359.01437209081973,0.0,157.95,23.38,1.77,0.9,9.35,0.0,0.0,0.0,inferred_20260921_seed4,4,11ed1195aabfcd298bcaf379e7f064ad8010cd8ca67a057b647baa8bf9ef6e77,1500,pre_fed,F-MADRL,deterministic,c4b397c2824898ffd60f6b256158ad029508a932938d7f48a0734cc4c7922a82
3,9,8,186.33,21.75,5.3,12.0,6.0,0.3806280195713043,-0.8851816058158875,136.32527426841204,-35.45028341592467,136.32527426841204,-0.18947368421052882,0.9,0.9,3.2637160116840307,26.40791542748252,-26.40791542748252,1076.6033573408727,126.80720528531852,316.89498512979026,-166.67095456092943,0.0,0.0,26.40791542748252,316.89498512979026,0.0,178.26,23.38,1.77,0.9,9.35,0.0,0.0,0.0,inferred_20260921_seed4,4,11ed1195aabfcd298bcaf379e7f064ad8010cd8ca67a057b647baa8bf9ef6e77,1500,pre_fed,F-MADRL,deterministic,c4b397c2824898ffd60f6b256158ad029508a932938d7f48a0734cc4c7922a82
1,10,9,362.4,34.82,11.6,9.19,4.6,3.785888910293579,-1.2554312944412231,199.8970976808033,-42.48998280232964,199.8970976808033,-0.18947368421052882,0.9,0.9,4.922552479931856,121.19492848333905,-121.19492848333905,1530.0780809899848,111.40639664265923,1113.7813927618859,-534.0313162955015,0.0,0.0,121.19492848333905,1113.7813927618859,0.0,315.7,21.75,5.3,0.9,12.0,0.0,0.0,0.0,inferred_20260921_seed4,4,11ed1195aabfcd298bcaf379e7f064ad8010cd8ca67a057b647baa8bf9ef6e77,1500,pre_fed,F-MADRL,deterministic,c4b397c2824898ffd60f6b256158ad029508a932938d7f48a0734cc4c7922a82
2,10,9,169.0,34.82,11.6,9.19,4.6,-0.20442183315753937,-0.7275264859199524,111.77303778489207,-31.07748733798382,111.77303778489207,-0.18947368421052882,0.9,0.9,3.1600712820136305,14.156507181332103,-14.156507181332103,1094.819265633225,119.10680096398887,130.09830099644202,-82.82275678034318,0.0,0.0,14.156507181332103,130.09830099644202,0.0,165.1,21.75,5.3,0.9,12.0,0.0,0.0,0.0,inferred_20260921_seed4,4,11ed1195aabfcd298bcaf379e7f064ad8010cd8ca67a057b647baa8bf9ef6e77,1500,pre_fed,F-MADRL,deterministic,c4b397c2824898ffd60f6b256158ad029508a932938d7f48a0734cc4c7922a82
3,10,9,190.73,34.82,11.6,9.19,4.6,0.39241987466812134,-0.8908488154411316,137.34445043618982,-35.59063623756548,137.34445043618982,-0.18947368421052882,0.9,0.9,3.671499535039586,10.826522783060284,-10.826522783060284,1085.1744886576432,126.80720528531852,99.495744376324,-69.01271884820504,0.0,0.0,10.826522783060284,99.495744376324,0.0,186.33,21.75,5.3,0.9,12.0,0.0,0.0,0.0,inferred_20260921_seed4,4,11ed1195aabfcd298bcaf379e7f064ad8010cd8ca67a057b647baa8bf9ef6e77,1500,pre_fed,F-MADRL,deterministic,c4b397c2824898ffd60f6b256158ad029508a932938d7f48a0734cc4c7922a82
1,11,10,320.0,27.17,36.64,12.3,6.15,3.8131070137023926,-1.2664376497268677,199.90254690026882,-42.641460472558805,199.90254690026882,-0.18947368421052882,0.9,0.9,5.270461464321166,61.747388248262894,-61.747388248262894,1530.1268971529723,111.40639664265923,759.4928754536336,-374.6024598300478,0.0,0.0,61.747388248262894,759.4928754536336,0.0,362.4,34.82,11.6,0.9,9.19,0.0,0.0,0.0,inferred_20260921_seed4,4,11ed1195aabfcd298bcaf379e7f064ad8010cd8ca67a057b647baa8bf9ef6e77,1500,pre_fed,F-MADRL,deterministic,c4b397c2824898ffd60f6b256158ad029508a932938d7f48a0734cc4c7922a82
2,11,10,173.55,27.17,36.64,12.3,6.15,-0.23390762507915497,-0.7591904401779175,107.83737293740428,-32.029993324434955,107.83737293740428,-0.18947368421052882,0.9,0.9,3.429157985063875,5.521258731870148,-5.521258731870148,1065.8959106999664,119.10680096398887,67.91148240200282,-54.26022131418038,0.0,0.0,5.521258731870148,67.91148240200282,0.0,169.0,34.82,11.6,0.9,9.19,0.0,0.0,0.0,inferred_20260921_seed4,4,11ed1195aabfcd298bcaf379e7f064ad8010cd8ca67a057b647baa8bf9ef6e77,1500,pre_fed,F-MADRL,deterministic,c4b397c2824898ffd60f6b256158ad029508a932938d7f48a0734cc4c7922a82
3,11,10,195.87,27.17,36.64,12.3,6.15,0.36904555559158325,-0.9034825563430786,135.3156587717734,-35.89946805004659,135.3156587717734,-0.18947368421052882,0.9,0.9,3.978723701751257,0.9125386141884064,-0.9125386141884064,1068.1320887979741,126.80720528531852,11.2242249545174,-28.949687111198685,0.0,0.0,0.9125386141884064,11.2242249545174,0.0,190.73,34.82,11.6,0.9,9.19,0.0,0.0,0.0,inferred_20260921_seed4,4,11ed1195aabfcd298bcaf379e7f064ad8010cd8ca67a057b647baa8bf9ef6e77,1500,pre_fed,F-MADRL,deterministic,c4b397c2824898ffd60f6b256158ad029508a932938d7f48a0734cc4c7922a82
1,12,11,350.0,30.2,42.68,20.7,10.35,3.805351495742798,-1.2594866752624512,199.9010242715495,-42.546126469597716,199.9010242715495,-0.18947368421052882,0.9,0.9,5.451831011746779,82.86028042440785,-82.86028042440785,1530.1132568222615,111.40639664265923,1715.2078047852424,-804.6739052226576,27.92522551155713,0.0,54.93505491285072,1426.1817207406261,0.0,320.0,27.17,36.64,0.9,12.3,0.0,0.0,0.0,inferred_20260921_seed4,4,11ed1195aabfcd298bcaf379e7f064ad8010cd8ca67a057b647baa8bf9ef6e77,1500,pre_fed,F-MADRL,deterministic,c4b397c2824898ffd60f6b256158ad029508a932938d7f48a0734cc4c7922a82
2,12,11,168.35,30.2,42.68,20.7,10.35,-0.20396631956100464,-0.7109485268592834,111.83422290599576,-30.563564232694457,111.83422290599576,-0.18947368421052882,0.9,0.9,3.690494984435705,-12.484254237349546,12.484254237349546,1095.2707760447643,119.10680096398887,258.4240627131356,-140.57837976108607,0.0,12.484254237349546,0.0,-129.2120313565678,0.0,173.55,27.17,36.64,0.9,12.3,12.484254237349546,0.0,0.0,inferred_20260921_seed4,4,11ed1195aabfcd298bcaf379e7f064ad8010cd8ca67a057b647baa8bf9ef6e77,1500,pre_fed,F-MADRL,deterministic,c4b397c2824898ffd60f6b256158ad029508a932938d7f48a0734cc4c7922a82
3,12,11,190.0,30.2,42.68,20.7,10.35,0.38776421546936035,-0.8873586654663086,136.9431178415652,-35.50433368285706,136.9431178415652,-0.18947368421052882,0.9,0.9,4.192672883147093,-15.440971274207584,15.440971274207584,1081.7969811390976,126.80720528531852,319.628105376097,-168.00473114773197,0.0,15.440971274207584,0.0,-159.8140526880485,0.0,195.87,27.17,36.64,0.9,12.3,15.440971274207584,0.0,0.0,inferred_20260921_seed4,4,11ed1195aabfcd298bcaf379e7f064ad8010cd8ca67a057b647baa8bf9ef6e77,1500,pre_fed,F-MADRL,deterministic,c4b397c2824898ffd60f6b256158ad029508a932938d7f48a0734cc4c7922a82
1,13,12,345.2,23.52,35.22,26.82,13.41,3.8682796955108643,-1.2758264541625977,199.9127238893555,-42.76844800412295,199.9127238893555,-0.18947368421052882,0.9,0.9,5.1692650041029,91.90601479895793,-91.90601479895793,1530.2180677472932,111.40639664265923,2464.9193169080518,-1142.0461818964225,1.5557052969861047,0.0,90.35030950197182,2444.0573088754677,0.0,350.0,30.2,42.68,0.9,20.7,0.0,0.0,0.0,inferred_20260921_seed4,4,11ed1195aabfcd298bcaf379e7f064ad8010cd8ca67a057b647baa8bf9ef6e77,1500,pre_fed,F-MADRL,deterministic,c4b397c2824898ffd60f6b256158ad029508a932938d7f48a0734cc4c7922a82
2,13,12,168.35,23.52,35.22,26.82,13.41,-0.21858224272727966,-0.7233195304870605,109.87671033443819,-30.948064321391804,109.87671033443819,-0.18947368421052882,0.9,0.9,3.368544733004553,3.2913080827768795,-3.2913080827768795,1080.853689901386,119.10680096398887,88.2728827800759,-63.722007068341654,0.0,0.0,3.2913080827768795,88.2728827800759,0.0,168.35,30.2,42.68,0.9,20.7,0.0,0.0,0.0,inferred_20260921_seed4,4,11ed1195aabfcd298bcaf379e7f064ad8010cd8ca67a057b647baa8bf9ef6e77,1500,pre_fed,F-MADRL,deterministic,c4b397c2824898ffd60f6b256158ad029508a932938d7f48a0734cc4c7922a82
3,13,12,190.0,23.52,35.22,26.82,13.41,0.38743260502815247,-0.898476243019104,136.91447908929837,-35.777755817835754,136.91447908929837,-0.18947368421052882,0.9,0.9,3.9093001081017573,-1.5557052969861047,1.5557052969861047,1081.5560820596156,126.80720528531852,41.724016065167326,-42.94307297622399,0.0,1.5557052969861047,0.0,-20.862008032583663,0.0,190.0,30.2,42.68,0.9,20.7,1.5557052969861047,0.0,0.0,inferred_20260921_seed4,4,11ed1195aabfcd298bcaf379e7f064ad8010cd8ca67a057b647baa8bf9ef6e77,1500,pre_fed,F-MADRL,deterministic,c4b397c2824898ffd60f6b256158ad029508a932938d7f48a0734cc4c7922a82
1,14,13,320.6,39.48,35.46,27.35,13.68,3.8833439350128174,-1.2782666683197021,199.91531307247547,-42.80112057667958,199.91531307247547,-0.18947368421052882,0.9,0.9,5.4933167877652975,51.42747739950045,-51.42747739950045,1530.2412632215733,111.40639664265923,1406.5415068763373,-665.7766312916364,38.42132772499164,0.0,13.006149674508805,881.3219568757015,0.0,345.2,23.52,35.22,0.9,26.82,0.0,0.0,0.0,inferred_20260921_seed4,4,11ed1195aabfcd298bcaf379e7f064ad8010cd8ca67a057b647baa8bf9ef6e77,1500,pre_fed,F-MADRL,deterministic,c4b397c2824898ffd60f6b256158ad029508a932938d7f48a0734cc4c7922a82
2,14,13,165.75,39.48,35.46,27.35,13.68,-0.20782017707824707,-0.7158513069152832,111.31692440532191,-30.71664641087178,111.31692440532191,-0.18947368421052882,0.9,0.9,3.721349014422228,-16.596101706689154,16.596101706689154,1091.4552088310857,119.10680096398887,453.9033816779484,-228.46776195097829,0.0,16.596101706689154,0.0,-227.03467134750764,0.0,168.35,23.52,35.22,0.9,26.82,16.596101706689154,0.0,0.0,inferred_20260921_seed4,4,11ed1195aabfcd298bcaf379e7f064ad8010cd8ca67a057b647baa8bf9ef6e77,1500,pre_fed,F-MADRL,deterministic,c4b397c2824898ffd60f6b256158ad029508a932938d7f48a0734cc4c7922a82
3,14,13,187.07,39.48,35.46,27.35,13.68,0.40483537316322327,-0.9000017046928406,138.40786758043754,-35.81493501212752,138.40786758043754,-0.18947368421052882,0.9,0.9,4.26316787792454,-21.825226018302487,21.825226018302487,1094.1387198198995,126.80720528531852,596.919931600573,-293.0328877223622,0.0,21.825226018302487,0.0,-298.569091930378,0.0,190.0,23.52,35.22,0.9,26.82,21.825226018302487,0.0,0.0,inferred_20260921_seed4,4,11ed1195aabfcd298bcaf379e7f064ad8010cd8ca67a057b647baa8bf9ef6e77,1500,pre_fed,F-MADRL,deterministic,c4b397c2824898ffd60f6b256158ad029508a932938d7f48a0734cc4c7922a82
1,15,14,333.2,35.74,34.83,13.81,6.91,3.892770290374756,-1.2832738161087036,199.9168940376311,-42.8677364005287,199.9168940376311,-0.18947368421052882,0.9,0.9,5.4059484070684105,68.30852805364788,-68.30852805364788,1530.2554265206425,111.40639664265923,943.3407724208772,-457.3365840526608,12.167171964019303,0.0,56.14135608962857,859.3872858691441,0.0,320.6,39.48,35.46,0.9,27.35,0.0,0.0,0.0,inferred_20260921_seed4,4,11ed1195aabfcd298bcaf379e7f064ad8010cd8ca67a057b647baa8bf9ef6e77,1500,pre_fed,F-MADRL,deterministic,c4b397c2824898ffd60f6b256158ad029508a932938d7f48a0734cc4c7922a82
2,15,14,170.3,35.74,34.83,13.81,6.91,-0.25112733244895935,-0.7652261257171631,105.56306898387571,-32.207247435970075,105.56306898387571,-0.18947368421052882,0.9,0.9,3.518871905993304,-2.1247233936718715,2.1247233936718715,1049.2892994814522,119.10680096398887,29.342430066608546,-36.57201553888267,0.0,2.1247233936718715,0.0,-14.681838650272631,0.0,165.75,39.48,35.46,0.9,27.35,2.1247233936718715,0.0,0.0,inferred_20260921_seed4,4,11ed1195aabfcd298bcaf379e7f064ad8010cd8ca67a057b647baa8bf9ef6e77,1500,pre_fed,F-MADRL,deterministic,c4b397c2824898ffd60f6b256158ad029508a932938d7f48a0734cc4c7922a82
3,15,14,192.2,35.74,34.83,13.81,6.91,0.3767631947994232,-0.9207671284675598,135.98931916415688,-36.313006026239435,135.98931916415688,-0.18947368421052882,0.9,0.9,4.127396909598927,-10.042448570347432,10.042448570347432,1073.7823461476953,126.80720528531852,138.68621475649803,-86.4205876690844,0.0,10.042448570347432,0.0,-69.39331962110076,0.0,187.07,39.48,35.46,0.9,27.35,10.042448570347432,0.0,0.0,inferred_20260921_seed4,4,11ed1195aabfcd298bcaf379e7f064ad8010cd8ca67a057b647baa8bf9ef6e77,1500,pre_fed,F-MADRL,deterministic,c4b397c2824898ffd60f6b256158ad029508a932938d7f48a0734cc4c7922a82
1,16,15,316.8,18.06,23.62,17.31,8.66,3.8330955505371094,-1.2688730955123901,199.90636415630786,-42.674596735114,199.90636415630786,-0.18947368421052882,0.9,0.9,4.827937809441947,80.23104733734462,-80.23104733734462,1530.1610938586552,111.40639664265923,1388.7994294094353,-657.7910930442722,0.0,0.0,80.23104733734462,1388.7994294094353,0.0,333.2,35.74,34.83,0.9,13.81,0.0,0.0,0.0,inferred_20260921_seed4,4,11ed1195aabfcd298bcaf379e7f064ad8010cd8ca67a057b647baa8bf9ef6e77,1500,pre_fed,F-MADRL,deterministic,c4b397c2824898ffd60f6b256158ad029508a932938d7f48a0734cc4c7922a82
2,16,15,172.25,18.06,23.62,17.31,8.66,-0.23061224818229675,-0.7428402304649353,108.27470626460708,-31.542904802803857,108.27470626460708,-0.18947368421052882,0.9,0.9,2.995304651607931,25.480072071211396,-25.480072071211396,1069.098262909789,119.10680096398887,441.06004755266923,-222.24112267617673,0.0,0.0,25.480072071211396,441.06004755266923,0.0,170.3,35.74,34.83,0.9,13.81,0.0,0.0,0.0,inferred_20260921_seed4,4,11ed1195aabfcd298bcaf379e7f064ad8010cd8ca67a057b647baa8bf9ef6e77,1500,pre_fed,F-MADRL,deterministic,c4b397c2824898ffd60f6b256158ad029508a932938d7f48a0734cc4c7922a82
3,16,15,194.4,18.06,23.62,17.31,8.66,0.3730967342853546,-0.9020299911499023,135.66974198838523,-35.8642435799884,135.66974198838523,-0.18947368421052882,0.9,0.9,3.543205366083494,20.782937061908797,-20.782937061908797,1071.1008504188708,126.80720528531852,359.75264054164126,-185.84684935782235,0.0,0.0,20.782937061908797,359.75264054164126,0.0,192.2,35.74,34.83,0.9,13.81,0.0,0.0,0.0,inferred_20260921_seed4,4,11ed1195aabfcd298bcaf379e7f064ad8010cd8ca67a057b647baa8bf9ef6e77,1500,pre_fed,F-MADRL,deterministic,c4b397c2824898ffd60f6b256158ad029508a932938d7f48a0734cc4c7922a82
1,17,16,291.3,24.27,14.18,16.42,8.21,3.8194239139556885,-1.2612563371658325,199.903769769884,-42.570504949502244,199.903769769884,-0.18947368421052882,0.9,0.9,4.76328592171347,57.89898983603999,-57.89898983603999,1530.1378521462439,111.40639664265923,950.7014131077767,-460.6465208742776,0.0,0.0,57.89898983603999,950.7014131077767,0.0,316.8,18.06,23.62,0.9,17.31,0.0,0.0,0.0,inferred_20260921_seed4,4,11ed1195aabfcd298bcaf379e7f064ad8010cd8ca67a057b647baa8bf9ef6e77,1500,pre_fed,F-MADRL,deterministic,c4b397c2824898ffd60f6b256158ad029508a932938d7f48a0734cc4c7922a82
2,17,16,165.75,24.27,14.18,16.42,8.21,-0.18921487033367157,-0.7031420469284058,113.82159047844198,-30.317918605067902,113.82159047844198,-0.18947368421052882,0.9,0.9,3.0416423358846294,16.709525541653164,-16.709525541653164,1109.9673278062708,119.10680096398887,274.370409393945,-148.04816680268044,0.0,0.0,16.709525541653164,274.370409393945,0.0,172.25,18.06,23.62,0.9,17.31,0.0,0.0,0.0,inferred_20260921_seed4,4,11ed1195aabfcd298bcaf379e7f064ad8010cd8ca67a057b647baa8bf9ef6e77,1500,pre_fed,F-MADRL,deterministic,c4b397c2824898ffd60f6b256158ad029508a932938d7f48a0734cc4c7922a82
3,17,16,187.07,24.27,14.18,16.42,8.21,0.40958449244499207,-0.8895441293716431,138.8119820395384,-35.55842478218965,138.8119820395384,-0.18947368421052882,0.9,0.9,3.541450167106558,13.538941811778642,-13.538941811778642,1097.5508960482969,126.80720528531852,222.30942454940532,-124.5264030739047,0.0,0.0,13.538941811778642,222.30942454940532,0.0,194.4,18.06,23.62,0.9,17.31,0.0,0.0,0.0,inferred_20260921_seed4,4,11ed1195aabfcd298bcaf379e7f064ad8010cd8ca67a057b647baa8bf9ef6e77,1500,pre_fed,F-MADRL,deterministic,c4b397c2824898ffd60f6b256158ad029508a932938d7f48a0734cc4c7922a82
1,18,17,413.8,26.26,4.67,9.83,4.92,3.809022903442383,-1.2603343725204468,199.9017480146165,-42.557813327982345,199.9017480146165,-0.18947368421052882,0.9,0.9,4.612845486608119,187.77057115620218,-187.77057115620218,1530.11974040393,111.40639664265923,1845.7847144654675,-863.4336442503921,0.0,0.0,187.77057115620218,1845.7847144654675,0.0,291.3,24.27,14.18,0.9,16.42,0.0,0.0,0.0,inferred_20260921_seed4,4,11ed1195aabfcd298bcaf379e7f064ad8010cd8ca67a057b647baa8bf9ef6e77,1500,pre_fed,F-MADRL,deterministic,c4b397c2824898ffd60f6b256158ad029508a932938d7f48a0734cc4c7922a82
2,18,17,164.25,26.26,4.67,9.83,4.92,-0.21156862378120422,-0.732738733291626,110.81455800970457,-31.236900979652564,110.81455800970457,-0.18947368421052882,0.9,0.9,2.8311016865098804,25.526017361015846,-25.526017361015846,1087.7536731234568,119.10680096398887,250.92075065878578,-137.05154727820252,0.0,0.0,25.526017361015846,250.92075065878578,0.0,165.75,24.27,14.18,0.9,16.42,0.0,0.0,0.0,inferred_20260921_seed4,4,11ed1195aabfcd298bcaf379e7f064ad8010cd8ca67a057b647baa8bf9ef6e77,1500,pre_fed,F-MADRL,deterministic,c4b397c2824898ffd60f6b256158ad029508a932938d7f48a0734cc4c7922a82
3,18,17,185.6,26.26,4.67,9.83,4.92,0.39440348744392395,-0.89920574426651,137.5150215142058,-35.79554566127884,137.5150215142058,-0.18947368421052882,0.9,0.9,3.3651109565999056,20.70956312660462,-20.70956312660462,1086.6108958470343,126.80720528531852,203.57500553452343,-115.8771145131826,0.0,0.0,20.70956312660462,203.57500553452343,0.0,187.07,24.27,14.18,0.9,16.42,0.0,0.0,0.0,inferred_20260921_seed4,4,11ed1195aabfcd298bcaf379e7f064ad8010cd8ca67a057b647baa8bf9ef6e77,1500,pre_fed,F-MADRL,deterministic,c4b397c2824898ffd60f6b256158ad029508a932938d7f48a0734cc4c7922a82
1,19,18,539.8,26.77,0.18,8.63,4.32,3.8272228240966797,-1.269321322441101,199.90525840081224,-42.680680242543254,199.90525840081224,-0.18947368421052882,0.9,0.9,4.5333156943320345,317.6675309777303,-317.6675309777303,1530.1511879766397,111.40639664265923,2741.470792337813,-1266.4930082444016,0.0,0.0,317.6675309777303,2741.470792337813,0.0,413.8,26.26,4.67,0.9,9.83,0.0,0.0,0.0,inferred_20260921_seed4,4,11ed1195aabfcd298bcaf379e7f064ad8010cd8ca67a057b647baa8bf9ef6e77,1500,pre_fed,F-MADRL,deterministic,c4b397c2824898ffd60f6b256158ad029508a932938d7f48a0734cc4c7922a82
2,19,18,162.5,26.77,0.18,8.63,4.32,-0.21530091762542725,-0.7394562363624573,110.31513584795036,-31.44082599388382,110.31513584795036,-0.18947368421052882,0.9,0.9,2.741513243274797,28.165851079534946,-28.165851079534946,1084.0776335147111,119.10680096398887,243.0712948163866,-133.44577135694797,0.0,0.0,28.165851079534946,243.0712948163866,0.0,164.25,26.26,4.67,0.9,9.83,0.0,0.0,0.0,inferred_20260921_seed4,4,11ed1195aabfcd298bcaf379e7f064ad8010cd8ca67a057b647baa8bf9ef6e77,1500,pre_fed,F-MADRL,deterministic,c4b397c2824898ffd60f6b256158ad029508a932938d7f48a0734cc4c7922a82
3,19,18,183.4,26.77,0.18,8.63,4.32,0.3812650144100189,-0.893066942691803,136.380555643589,-35.64526251912075,136.380555643589,-0.18947368421052882,0.9,0.9,3.2628216391875697,23.521739679809087,-23.521739679809087,1077.0677598869656,126.80720528531852,202.99261343675244,-115.4241753499843,0.0,0.0,23.521739679809087,202.99261343675244,0.0,185.6,26.26,4.67,0.9,9.83,0.0,0.0,0.0,inferred_20260921_seed4,4,11ed1195aabfcd298bcaf379e7f064ad8010cd8ca67a057b647baa8bf9ef6e77,1500,pre_fed,F-MADRL,deterministic,c4b397c2824898ffd60f6b256158ad029508a932938d7f48a0734cc4c7922a82
1,20,19,557.2,26.22,0.0,8.87,4.44,3.868377685546875,-1.2823532819747925,199.91274098459618,-42.855532324437526,199.91274098459618,-0.18947368421052882,0.9,0.9,4.518865346007713,335.77559804562213,-335.77559804562213,1530.2182208964816,111.40639664265923,2978.329554664668,-1373.0807919498834,0.0,0.0,335.77559804562213,2978.329554664668,0.0,539.8,26.77,0.18,0.9,8.63,0.0,0.0,0.0,inferred_20260921_seed4,4,11ed1195aabfcd298bcaf379e7f064ad8010cd8ca67a057b647baa8bf9ef6e77,1500,pre_fed,F-MADRL,deterministic,c4b397c2824898ffd60f6b256158ad029508a932938d7f48a0734cc4c7922a82
2,20,19,165.75,26.22,0.0,8.87,4.44,-0.2178354412317276,-0.7433536648750305,109.97643814253627,-31.558354636622276,109.97643814253627,-0.18947368421052882,0.9,0.9,2.720139289166515,32.463174830840785,-32.463174830840785,1081.5867774431513,119.10680096398887,287.94836074955776,-153.5906339054438,0.0,0.0,32.463174830840785,287.94836074955776,0.0,162.5,26.77,0.18,0.9,8.63,0.0,0.0,0.0,inferred_20260921_seed4,4,11ed1195aabfcd298bcaf379e7f064ad8010cd8ca67a057b647baa8bf9ef6e77,1500,pre_fed,F-MADRL,deterministic,c4b397c2824898ffd60f6b256158ad029508a932938d7f48a0734cc4c7922a82
3,20,19,187.07,26.22,0.0,8.87,4.44,0.3769283592700958,-0.8917748928070068,136.00369549496153,-35.61346392994467,136.00369549496153,-0.18947368421052882,0.9,0.9,3.24068443621502,28.276462625464006,-28.276462625464006,1073.9030201144456,126.80720528531852,250.8122234878657,-136.87970507753485,0.0,0.0,28.276462625464006,250.8122234878657,0.0,183.4,26.77,0.18,0.9,8.63,0.0,0.0,0.0,inferred_20260921_seed4,4,11ed1195aabfcd298bcaf379e7f064ad8010cd8ca67a057b647baa8bf9ef6e77,1500,pre_fed,F-MADRL,deterministic,c4b397c2824898ffd60f6b256158ad029508a932938d7f48a0734cc4c7922a82
1,21,20,557.1,32.84,0.0,8.35,4.18,3.8746564388275146,-1.2840555906295776,199.91382941982587,-42.878085740967876,199.91382941982587,-0.18947368421052882,0.9,0.9,4.651287114712307,329.186931379097,-329.186931379097,1530.2279717471279,111.40639664265923,2748.71087701546,-1269.7525820247527,0.0,0.0,329.186931379097,2748.71087701546,0.0,557.2,26.22,0.0,0.9,8.87,0.0,0.0,0.0,inferred_20260921_seed4,4,11ed1195aabfcd298bcaf379e7f064ad8010cd8ca67a057b647baa8bf9ef6e77,1500,pre_fed,F-MADRL,deterministic,c4b397c2824898ffd60f6b256158ad029508a932938d7f48a0734cc4c7922a82
2,21,20,169.0,32.84,0.0,8.35,4.18,-0.2158402055501938,-0.7426444292068481,110.24303818790713,-31.537010280068365,110.24303818790713,-0.18947368421052882,0.9,0.9,2.8578712900739323,28.964306786377335,-28.964306786377335,1083.5472656709553,119.10680096398887,241.85196166625073,-132.8864640825117,0.0,0.0,28.964306786377335,241.85196166625073,0.0,165.75,26.22,0.0,0.9,8.87,0.0,0.0,0.0,inferred_20260921_seed4,4,11ed1195aabfcd298bcaf379e7f064ad8010cd8ca67a057b647baa8bf9ef6e77,1500,pre_fed,F-MADRL,deterministic,c4b397c2824898ffd60f6b256158ad029508a932938d7f48a0734cc4c7922a82
3,21,20,190.73,32.84,0.0,8.35,4.18,0.38050952553749084,-0.8933056592941284,136.31498798137548,-35.65113115694489,136.31498798137548,-0.18947368421052882,0.9,0.9,3.379310285943299,25.143795988778322,-25.143795988778322,1076.5169516812357,126.80720528531852,209.95069650629898,-118.54429656716563,0.0,0.0,25.143795988778322,209.95069650629898,0.0,187.07,26.22,0.0,0.9,8.87,0.0,0.0,0.0,inferred_20260921_seed4,4,11ed1195aabfcd298bcaf379e7f064ad8010cd8ca67a057b647baa8bf9ef6e77,1500,pre_fed,F-MADRL,deterministic,c4b397c2824898ffd60f6b256158ad029508a932938d7f48a0734cc4c7922a82
1,22,21,535.0,36.02,0.0,16.44,8.22,3.8788793087005615,-1.2864683866500854,199.91455381983917,-42.909939601892546,199.91455381983917,-0.18947368421052882,0.9,0.9,4.714901602712573,303.96982146708393,-303.96982146708393,1530.2344613642615,111.40639664265923,4997.26386491886,-2281.6015563736255,0.0,0.0,303.96982146708393,4997.26386491886,0.0,557.1,32.84,0.0,0.9,8.35,0.0,0.0,0.0,inferred_20260921_seed4,4,11ed1195aabfcd298bcaf379e7f064ad8010cd8ca67a057b647baa8bf9ef6e77,1500,pre_fed,F-MADRL,deterministic,c4b397c2824898ffd60f6b256158ad029508a932938d7f48a0734cc4c7922a82
2,22,21,161.2,36.02,0.0,16.44,8.22,-0.23260782659053802,-0.7634150385856628,108.00979213921319,-32.15420431662874,108.00979213921319,-0.18947368421052882,0.9,0.9,2.8768063691000534,20.23648791409738,-20.23648791409738,1067.1580948551969,119.10680096398887,332.68786130776095,-173.43483550487613,0.0,0.0,20.23648791409738,332.68786130776095,0.0,169.0,32.84,0.0,0.9,8.35,0.0,0.0,0.0,inferred_20260921_seed4,4,11ed1195aabfcd298bcaf379e7f064ad8010cd8ca67a057b647baa8bf9ef6e77,1500,pre_fed,F-MADRL,deterministic,c4b397c2824898ffd60f6b256158ad029508a932938d7f48a0734cc4c7922a82
3,22,21,181.93,36.02,0.0,16.44,8.22,0.3707517683506012,-0.903485119342804,135.4649101567949,-35.89953013748289,135.4649101567949,-0.18947368421052882,0.9,0.9,3.4259087294516877,14.060472256867314,-14.060472256867314,1069.3831759069692,126.80720528531852,231.15416390289866,-127.94318138015016,0.0,0.0,14.060472256867314,231.15416390289866,0.0,190.73,32.84,0.0,0.9,8.35,0.0,0.0,0.0,inferred_20260921_seed4,4,11ed1195aabfcd298bcaf379e7f064ad8010cd8ca67a057b647baa8bf9ef6e77,1500,pre_fed,F-MADRL,deterministic,c4b397c2824898ffd60f6b256158ad029508a932938d7f48a0734cc4c7922a82
1,23,22,437.8,37.23,0.0,16.19,8.1,3.9103219509124756,-1.2933459281921387,199.9197595733295,-43.00001635496637,199.9197595733295,-0.18947368421052882,0.9,0.9,4.739205717782379,205.57891982866343,-205.57891982866343,1530.2810979290932,111.40639664265923,3328.3227120260613,-1530.5789703031626,7.705810913112629,0.0,197.8731089155508,3265.9827017389803,0.0,535.0,36.02,0.0,0.9,16.44,0.0,0.0,0.0,inferred_20260921_seed4,4,11ed1195aabfcd298bcaf379e7f064ad8010cd8ca67a057b647baa8bf9ef6e77,1500,pre_fed,F-MADRL,deterministic,c4b397c2824898ffd60f6b256158ad029508a932938d7f48a0734cc4c7922a82
2,23,22,148.0,37.23,0.0,16.19,8.1,-0.2502606511116028,-0.7835931777954102,105.6770872257773,-32.73821310063202,105.6770872257773,-0.18947368421052882,0.9,0.9,2.8543522708313356,8.13673872926455,-8.13673872926455,1050.1199708528015,119.10680096398887,131.7338000267931,-82.6647454483927,0.0,0.0,8.13673872926455,131.7338000267931,0.0,161.2,36.02,0.0,0.9,16.44,0.0,0.0,0.0,inferred_20260921_seed4,4,11ed1195aabfcd298bcaf379e7f064ad8010cd8ca67a057b647baa8bf9ef6e77,1500,pre_fed,F-MADRL,deterministic,c4b397c2824898ffd60f6b256158ad029508a932938d7f48a0734cc4c7922a82
3,23,22,161.39,37.23,0.0,16.19,8.1,0.37122437357902527,-0.9193071126937866,135.50621951391727,-36.27847318581948,135.50621951391727,-0.18947368421052882,0.9,0.9,3.450934916594135,-7.705810913112629,7.705810913112629,1069.7295228819216,126.80720528531852,124.75707868329347,-80.07141997082687,0.0,7.705810913112629,0.0,-62.41706839621229,0.0,181.93,36.02,0.0,0.9,16.44,7.705810913112629,0.0,0.0,inferred_20260921_seed4,4,11ed1195aabfcd298bcaf379e7f064ad8010cd8ca67a057b647baa8bf9ef6e77,1500,pre_fed,F-MADRL,deterministic,c4b397c2824898ffd60f6b256158ad029508a932938d7f48a0734cc4c7922a82
1,24,23,447.3,44.12,0.0,8.87,4.44,3.881727933883667,-1.2850998640060425,199.9150390378053,-42.891888480459606,199.9150390378053,-0.18947368421052882,0.9,0.9,4.876911307071896,208.33134595347715,-208.33134595347715,1530.2388082474927,111.40639664265923,1847.8990386073422,-864.387471471107,65.78263545452114,0.0,142.548710498956,1556.4819635438134,0.0,437.8,37.23,0.0,0.9,16.19,0.0,0.0,0.0,inferred_20260921_seed4,4,11ed1195aabfcd298bcaf379e7f064ad8010cd8ca67a057b647baa8bf9ef6e77,1500,pre_fed,F-MADRL,deterministic,c4b397c2824898ffd60f6b256158ad029508a932938d7f48a0734cc4c7922a82
2,24,23,119.6,44.12,0.0,8.87,4.44,-0.2564603388309479,-0.7851541638374329,104.86254813449042,-32.782755837170484,104.86254813449042,-0.18947368421052882,0.9,0.9,2.9758614890055983,-26.2172129612743,26.2172129612743,1044.190043813469,119.10680096398887,232.546678966503,-127.91194243047552,0.0,26.2172129612743,0.0,-116.4044255480579,0.0,148.0,37.23,0.0,0.9,16.19,26.2172129612743,0.0,0.0,inferred_20260921_seed4,4,11ed1195aabfcd298bcaf379e7f064ad8010cd8ca67a057b647baa8bf9ef6e77,1500,pre_fed,F-MADRL,deterministic,c4b397c2824898ffd60f6b256158ad029508a932938d7f48a0734cc4c7922a82
3,24,23,134.98,44.12,0.0,8.87,4.44,0.3560957908630371,-0.9111678600311279,134.17704765691138,-36.084615895394464,134.17704765691138,-0.18947368421052882,0.9,0.9,3.5621514794540174,-39.56542249324684,39.56542249324684,1058.6017080069432,126.80720528531852,350.94529751509947,-181.63356214764002,0.0,39.56542249324684,0.0,-175.670475870016,0.0,161.39,37.23,0.0,0.9,16.19,39.56542249324684,0.0,0.0,inferred_20260921_seed4,4,11ed1195aabfcd298bcaf379e7f064ad8010cd8ca67a057b647baa8bf9ef6e77,1500,pre_fed,F-MADRL,deterministic,c4b397c2824898ffd60f6b256158ad029508a932938d7f48a0734cc4c7922a82
1,1,0,457.7,51.48,0.0,8.65,4.33,3.805567979812622,-1.2824993133544922,199.90106709441739,-42.857469636067634,199.90106709441739,-42.21052631578948,0.5,0.9,4.183410815572558,252.71287003694465,-252.71287003694465,1530.11364044651,224.10347285318556,2185.9663258195715,-1018.7691888848011,38.56799983541997,0.0,214.14487020152467,2019.352566530557,0.0,447.3,44.12,0.0,0.5,8.87,0.0,0.0,0.0,inferred_20260921_seed4,4,11ed1195aabfcd298bcaf379e7f064ad8010cd8ca67a057b647baa8bf9ef6e77,1500,pre_fed,PPO-MADRL,deterministic,8a033af873acd0b5a36a94e9e5117b76026813938c3b2278423cd7a6802ddb77
2,1,0,110.5,51.48,0.0,8.65,4.33,-0.6074005961418152,0.34714990854263306,64.07873862916658,16.692275889150952,64.07873862916658,16.692275889150952,0.5,0.32329183274577944,2.6450202903663507,-19.105994227951186,19.105994227951186,760.1734794703846,686.1862533758457,165.26685007177775,-103.29727718922459,0.0,19.105994227951186,0.0,-82.72895500702863,0.0,119.6,44.12,0.0,0.5,8.87,19.105994227951186,0.0,0.0,inferred_20260921_seed4,4,11ed1195aabfcd298bcaf379e7f064ad8010cd8ca67a057b647baa8bf9ef6e77,1500,pre_fed,PPO-MADRL,deterministic,8a033af873acd0b5a36a94e9e5117b76026813938c3b2278423cd7a6802ddb77
3,1,0,124.71,51.48,0.0,8.65,4.33,0.2606719732284546,-0.6887246370315552,125.49239444101626,-29.858103004823644,125.49239444101626,-29.858103004823644,0.5,0.7826519785458246,2.9422858287238522,-19.462005607468782,19.462005607468782,986.7200517964307,332.36827070510213,168.34634850460498,-102.13762327710289,0.0,19.462005607468782,0.0,-84.27048428033983,0.0,134.98,44.12,0.0,0.5,8.87,19.462005607468782,0.0,0.0,inferred_20260921_seed4,4,11ed1195aabfcd298bcaf379e7f064ad8010cd8ca67a057b647baa8bf9ef6e77,1500,pre_fed,PPO-MADRL,deterministic,8a033af873acd0b5a36a94e9e5117b76026813938c3b2278423cd7a6802ddb77
1,2,1,336.5,38.37,0.0,8.11,4.06,3.9706761837005615,-1.331067442893982,199.92888028269456,-43.47549901098934,199.92888028269456,-0.18947368421052882,0.9,0.9,4.762188131969681,103.15278153348564,-103.15278153348564,1530.3628083028582,111.40639664265923,836.5690582365685,-409.2914603053662,35.57044892776476,0.0,67.58233260572088,692.5087400791213,0.0,457.7,51.48,0.0,0.9,8.65,0.0,0.0,0.0,inferred_20260921_seed4,4,11ed1195aabfcd298bcaf379e7f064ad8010cd8ca67a057b647baa8bf9ef6e77,1500,pre_fed,PPO-MADRL,deterministic,8a033af873acd0b5a36a94e9e5117b76026813938c3b2278423cd7a6802ddb77
2,2,1,109.85,38.37,0.0,8.11,4.06,-0.521062433719635,0.3586672246456146,73.00725808343054,17.20197747906595,73.00725808343054,17.20197747906595,0.32329183274577944,0.1415718019322252,2.57158471124993,-16.157650851246586,16.157650851246586,820.1896798836262,931.2079513937855,131.0385484036098,-93.99529940717264,0.0,16.157650851246586,0.0,-65.60006245606114,0.0,110.5,51.48,0.0,0.32329183274577944,8.65,16.157650851246586,0.0,0.0,inferred_20260921_seed4,4,11ed1195aabfcd298bcaf379e7f064ad8010cd8ca67a057b647baa8bf9ef6e77,1500,pre_fed,PPO-MADRL,deterministic,8a033af873acd0b5a36a94e9e5117b76026813938c3b2278423cd7a6802ddb77
3,2,1,123.98,38.37,0.0,8.11,4.06,0.20759537816047668,-0.7484521865844727,120.46637385928727,-31.711232046229,120.46637385928727,-12.517192148554432,0.7826519785458246,0.9,2.9263836342146567,-19.412798076518172,19.412798076518172,945.7750308151119,160.26691622454408,157.43779240056236,-92.96784552104619,0.0,19.412798076518172,0.0,-78.81596019066377,0.0,124.71,51.48,0.0,0.7826519785458246,8.65,19.412798076518172,0.0,0.0,inferred_20260921_seed4,4,11ed1195aabfcd298bcaf379e7f064ad8010cd8ca67a057b647baa8bf9ef6e77,1500,pre_fed,PPO-MADRL,deterministic,8a033af873acd0b5a36a94e9e5117b76026813938c3b2278423cd7a6802ddb77
1,3,2,274.9,43.56,0.0,8.25,4.13,3.88995623588562,-1.3030129671096802,199.91642518553238,-43.1248393062976,199.91642518553238,-0.18947368421052882,0.9,0.9,4.865739030026437,36.47878752870457,-36.47878752870457,1530.2512262388418,111.40639664265923,300.9499971118127,-168.26065115794574,36.47878752870457,0.0,0.0,150.65739249354988,0.0,336.5,38.37,0.0,0.9,8.11,0.0,0.0,0.0,inferred_20260921_seed4,4,11ed1195aabfcd298bcaf379e7f064ad8010cd8ca67a057b647baa8bf9ef6e77,1500,pre_fed,PPO-MADRL,deterministic,8a033af873acd0b5a36a94e9e5117b76026813938c3b2278423cd7a6802ddb77
2,3,2,112.45,43.56,0.0,8.25,4.13,-0.29148533940315247,0.32067573070526123,100.30981165715733,15.505889637850267,100.30981165715733,3.9224225411942726,0.1415718019322252,0.1,2.955844683967032,-32.38638951438456,32.38638951438456,1011.2313734043308,1067.3264059741507,267.1877134936726,-161.80562665972232,0.0,32.38638951438456,0.0,-133.75578869440824,0.0,109.85,38.37,0.0,0.1415718019322252,8.11,32.38638951438456,0.0,0.0,inferred_20260921_seed4,4,11ed1195aabfcd298bcaf379e7f064ad8010cd8ca67a057b647baa8bf9ef6e77,1500,pre_fed,PPO-MADRL,deterministic,8a033af873acd0b5a36a94e9e5117b76026813938c3b2278423cd7a6802ddb77
3,3,2,126.91,43.56,0.0,8.25,4.13,0.25560444593429565,-0.7531291246414185,125.01796483142114,-31.85060174288168,125.01796483142114,-0.18947368421052882,0.9,0.9,3.367769822944212,-38.11072132426639,38.11072132426639,982.8345452111661,126.80720528531852,314.41345092519776,-163.6788879262687,0.0,4.092398014320011,-34.01832330994638,-16.901603799141647,0.0,123.98,38.37,0.0,0.9,8.11,4.092398014320011,0.0,0.0,inferred_20260921_seed4,4,11ed1195aabfcd298bcaf379e7f064ad8010cd8ca67a057b647baa8bf9ef6e77,1500,pre_fed,PPO-MADRL,deterministic,8a033af873acd0b5a36a94e9e5117b76026813938c3b2278423cd7a6802ddb77
1,4,3,272.6,40.75,0.0,8.1,4.05,3.8633620738983154,-1.2938971519470215,199.911861652658,-43.00718987139798,199.911861652658,-0.18947368421052882,0.9,0.9,4.8094477593689495,36.937059790921495,-36.937059790921495,1530.2103433315986,111.40639664265923,299.1901843064641,-167.467917737394,36.937059790921495,0.0,0.0,149.59509215323203,0.0,274.9,43.56,0.0,0.9,8.25,0.0,0.0,0.0,inferred_20260921_seed4,4,11ed1195aabfcd298bcaf379e7f064ad8010cd8ca67a057b647baa8bf9ef6e77,1500,pre_fed,PPO-MADRL,deterministic,8a033af873acd0b5a36a94e9e5117b76026813938c3b2278423cd7a6802ddb77
2,4,3,110.5,40.75,0.0,8.1,4.05,-0.2879185080528259,0.33434435725212097,100.76949615299388,16.120947829050507,100.76949615299388,-0.02105263157894797,0.1,0.1,2.829968870428299,-28.16847465098664,28.16847465098664,1014.5448724464599,1090.2561177506923,228.16464467299176,-144.77010990678934,0.0,28.16847465098664,0.0,-114.08232233649588,0.0,112.45,43.56,0.0,0.1,8.25,28.16847465098664,0.0,0.0,inferred_20260921_seed4,4,11ed1195aabfcd298bcaf379e7f064ad8010cd8ca67a057b647baa8bf9ef6e77,1500,pre_fed,PPO-MADRL,deterministic,8a033af873acd0b5a36a94e9e5117b76026813938c3b2278423cd7a6802ddb77
3,4,3,124.71,40.75,0.0,8.1,4.05,0.24037054181098938,-0.7632185816764832,123.5845711195792,-32.14844305127059,123.5845711195792,-0.18947368421052882,0.9,0.9,3.282901948707374,-36.15219548666131,36.15219548666131,971.1212472834532,126.80720528531852,292.8327834419566,-153.73332160025592,0.0,8.768585139934856,-27.383610346726456,-35.51276981673617,0.0,126.91,43.56,0.0,0.9,8.25,8.768585139934856,0.0,0.0,inferred_20260921_seed4,4,11ed1195aabfcd298bcaf379e7f064ad8010cd8ca67a057b647baa8bf9ef6e77,1500,pre_fed,PPO-MADRL,deterministic,8a033af873acd0b5a36a94e9e5117b76026813938c3b2278423cd7a6802ddb77
1,5,4,245.3,27.74,0.0,8.14,4.07,3.8549790382385254,-1.2909271717071533,199.91037212923524,-42.96845863090263,199.91037212923524,-0.18947368421052882,0.9,0.9,4.549217968900495,22.388319523875793,-22.388319523875793,1530.196999346505,111.40639664265923,182.24092092434898,-114.84048233574033,22.388319523875793,0.0,0.0,91.12046046217449,0.0,272.6,40.75,0.0,0.9,8.1,0.0,0.0,0.0,inferred_20260921_seed4,4,11ed1195aabfcd298bcaf379e7f064ad8010cd8ca67a057b647baa8bf9ef6e77,1500,pre_fed,PPO-MADRL,deterministic,8a033af873acd0b5a36a94e9e5117b76026813938c3b2278423cd7a6802ddb77
2,5,4,113.75,27.74,0.0,8.14,4.07,-0.27114006876945496,0.3250894248485565,102.94405065244062,15.705076491215648,102.94405065244062,-0.02105263157894797,0.1,0.1,2.6132599604172335,-14.29973806044444,14.29973806044444,1030.263037197828,1090.2561177506923,116.39986781201775,-94.7903236143784,0.0,14.29973806044444,0.0,-58.19993390600887,0.0,110.5,40.75,0.0,0.1,8.1,14.29973806044444,0.0,0.0,inferred_20260921_seed4,4,11ed1195aabfcd298bcaf379e7f064ad8010cd8ca67a057b647baa8bf9ef6e77,1500,pre_fed,PPO-MADRL,deterministic,8a033af873acd0b5a36a94e9e5117b76026813938c3b2278423cd7a6802ddb77
3,5,4,128.38,27.74,0.0,8.14,4.07,0.24742379784584045,-0.7569078207015991,124.24954705489326,-31.962599642571003,124.24954705489326,-0.18947368421052882,0.9,0.9,3.0360014674136546,-20.384071903269074,20.384071903269074,976.550392850718,126.80720528531852,165.92634529261028,-96.73400734439535,0.0,8.088581463431353,-12.295490439837721,-32.92052655616561,0.0,124.71,40.75,0.0,0.9,8.1,8.088581463431353,0.0,0.0,inferred_20260921_seed4,4,11ed1195aabfcd298bcaf379e7f064ad8010cd8ca67a057b647baa8bf9ef6e77,1500,pre_fed,PPO-MADRL,deterministic,8a033af873acd0b5a36a94e9e5117b76026813938c3b2278423cd7a6802ddb77
1,6,5,233.7,30.15,0.0,8.13,4.07,3.8066327571868896,-1.2736135721206665,199.9012774493997,-42.73870107224534,199.9012774493997,-0.18947368421052882,0.9,0.9,4.597236075303783,8.435432310114606,-8.435432310114606,1530.1155248903715,111.40639664265923,68.58006468123176,-63.691467537214905,8.435432310114606,0.0,0.0,34.33220950216645,0.0,245.3,27.74,0.0,0.9,8.14,0.0,0.0,0.0,inferred_20260921_seed4,4,11ed1195aabfcd298bcaf379e7f064ad8010cd8ca67a057b647baa8bf9ef6e77,1500,pre_fed,PPO-MADRL,deterministic,8a033af873acd0b5a36a94e9e5117b76026813938c3b2278423cd7a6802ddb77
2,6,5,120.25,30.15,0.0,8.13,4.07,-0.18293996155261993,0.29695838689804077,114.67034635695214,14.426332997397001,114.67034635695214,-0.02105263157894797,0.1,0.1,2.895985874507464,-21.65330785086573,21.65330785086573,1116.2621586430257,1090.2561177506923,176.0413928275384,-123.34899230026664,0.0,8.435432310114606,-13.217875540751123,-34.33220950216645,0.0,113.75,27.74,0.0,0.1,8.14,8.435432310114606,0.0,0.0,inferred_20260921_seed4,4,11ed1195aabfcd298bcaf379e7f064ad8010cd8ca67a057b647baa8bf9ef6e77,1500,pre_fed,PPO-MADRL,deterministic,8a033af873acd0b5a36a94e9e5117b76026813938c3b2278423cd7a6802ddb77
3,6,5,135.43,30.15,0.0,8.13,4.07,0.3060706555843353,-0.7436569929122925,129.68582184613962,-31.567477423331493,129.68582184613962,-0.18947368421052882,0.9,0.9,3.192926963238582,-21.0234211986905,21.0234211986905,1021.2495426112034,126.80720528531852,170.92041434535378,-99.87532141333965,0.0,0.0,-21.0234211986905,0.0,0.0,128.38,27.74,0.0,0.9,8.14,0.0,0.0,0.0,inferred_20260921_seed4,4,11ed1195aabfcd298bcaf379e7f064ad8010cd8ca67a057b647baa8bf9ef6e77,1500,pre_fed,PPO-MADRL,deterministic,8a033af873acd0b5a36a94e9e5117b76026813938c3b2278423cd7a6802ddb77
1,7,6,274.6,28.65,0.16,8.34,4.17,3.803536891937256,-1.2726024389266968,199.90066459421354,-42.72507128556332,199.90066459421354,-0.18947368421052882,0.9,0.9,4.5704238182000605,50.649232908197064,-50.649232908197064,1530.1100346910885,111.40639664265923,422.4146024543635,-222.91689973113853,17.808613208484985,0.0,32.84061969971208,348.1526853749811,0.0,233.7,30.15,0.0,0.9,8.13,0.0,0.0,0.0,inferred_20260921_seed4,4,11ed1195aabfcd298bcaf379e7f064ad8010cd8ca67a057b647baa8bf9ef6e77,1500,pre_fed,PPO-MADRL,deterministic,8a033af873acd0b5a36a94e9e5117b76026813938c3b2278423cd7a6802ddb77
2,7,6,130.0,28.65,0.16,8.34,4.17,-0.19393393397331238,0.30303436517715454,113.18458851929068,14.704350561965335,113.18458851929068,-0.02105263157894797,0.1,0.1,2.8394707177542347,-9.134065169957495,9.134065169957495,1105.2501709845078,1090.2561177506923,76.1781035174455,-78.19027235755448,0.0,9.134065169957495,0.0,-38.08905175872275,0.0,120.25,30.15,0.0,0.1,8.13,9.134065169957495,0.0,0.0,inferred_20260921_seed4,4,11ed1195aabfcd298bcaf379e7f064ad8010cd8ca67a057b647baa8bf9ef6e77,1500,pre_fed,PPO-MADRL,deterministic,8a033af873acd0b5a36a94e9e5117b76026813938c3b2278423cd7a6802ddb77
3,7,6,146.72,28.65,0.16,8.34,4.17,0.3089190423488617,-0.7549096345901489,129.94533902964673,-31.903442100557506,129.94533902964673,-0.18947368421052882,0.9,0.9,3.1713173069087244,-8.67454803852749,8.67454803852749,1023.3974355497808,126.80720528531852,72.34573064131926,-55.55967160529566,0.0,8.67454803852749,0.0,-36.17286532065963,0.0,135.43,30.15,0.0,0.9,8.13,8.67454803852749,0.0,0.0,inferred_20260921_seed4,4,11ed1195aabfcd298bcaf379e7f064ad8010cd8ca67a057b647baa8bf9ef6e77,1500,pre_fed,PPO-MADRL,deterministic,8a033af873acd0b5a36a94e9e5117b76026813938c3b2278423cd7a6802ddb77
1,8,7,291.0,23.38,1.77,9.35,4.68,3.832460641860962,-1.2826305627822876,199.9062452361387,-42.8592104305305,199.9062452361387,-0.18947368421052882,0.9,0.9,4.497335431038564,70.63056387911038,-70.63056387911038,1530.160028514444,111.40639664265923,660.3957722696821,-330.009426024499,0.0,0.0,70.63056387911038,660.3957722696821,0.0,274.6,28.65,0.16,0.9,8.34,0.0,0.0,0.0,inferred_20260921_seed4,4,11ed1195aabfcd298bcaf379e7f064ad8010cd8ca67a057b647baa8bf9ef6e77,1500,pre_fed,PPO-MADRL,deterministic,8a033af873acd0b5a36a94e9e5117b76026813938c3b2278423cd7a6802ddb77
2,8,7,157.95,23.38,1.77,9.35,4.68,-0.1766752302646637,0.30548030138015747,115.51965029125134,14.815989740374604,115.51965029125134,-0.02105263157894797,0.1,0.1,2.812971953193448,20.114374293521053,-20.114374293521053,1122.5720146402464,1090.2561177506923,188.06939964442182,-128.8877924878086,0.0,0.0,20.114374293521053,188.06939964442182,0.0,130.0,28.65,0.16,0.1,8.34,0.0,0.0,0.0,inferred_20260921_seed4,4,11ed1195aabfcd298bcaf379e7f064ad8010cd8ca67a057b647baa8bf9ef6e77,1500,pre_fed,PPO-MADRL,deterministic,8a033af873acd0b5a36a94e9e5117b76026813938c3b2278423cd7a6802ddb77
3,8,7,178.26,23.38,1.77,9.35,4.68,0.33508625626564026,-0.7656159400939941,132.3083573136922,-32.21864814957134,132.3083573136922,-0.18947368421052882,0.9,0.9,3.1453776725896336,24.136494043107945,-24.136494043107945,1043.0138194355043,126.80720528531852,225.67621930305927,-124.95071918079313,0.0,0.0,24.136494043107945,225.67621930305927,0.0,146.72,28.65,0.16,0.9,8.34,0.0,0.0,0.0,inferred_20260921_seed4,4,11ed1195aabfcd298bcaf379e7f064ad8010cd8ca67a057b647baa8bf9ef6e77,1500,pre_fed,PPO-MADRL,deterministic,8a033af873acd0b5a36a94e9e5117b76026813938c3b2278423cd7a6802ddb77
1,9,8,315.7,21.75,5.3,12.0,6.0,3.8413147926330566,-1.2852956056594849,199.9078901022706,-42.89447295554186,199.9078901022706,-0.18947368421052882,0.9,0.9,4.535368328361202,93.4669519103011,-93.4669519103011,1530.174764038634,111.40639664265923,1121.6034229236134,-537.553163529252,0.0,0.0,93.4669519103011,1121.6034229236134,0.0,291.0,23.38,1.77,0.9,9.35,0.0,0.0,0.0,inferred_20260921_seed4,4,11ed1195aabfcd298bcaf379e7f064ad8010cd8ca67a057b647baa8bf9ef6e77,1500,pre_fed,PPO-MADRL,deterministic,8a033af873acd0b5a36a94e9e5117b76026813938c3b2278423cd7a6802ddb77
2,9,8,165.1,21.75,5.3,12.0,6.0,-0.12185266613960266,0.32271507382392883,123.02456120521988,15.597991925330035,123.02456120521988,-0.02105263157894797,0.1,0.1,3.0010701714728185,18.0475615978319,-18.0475615978319,1178.8058318596493,1090.2561177506923,216.57073917398282,-142.8380716204991,0.0,0.0,18.0475615978319,216.57073917398282,0.0,157.95,23.38,1.77,0.1,9.35,0.0,0.0,0.0,inferred_20260921_seed4,4,11ed1195aabfcd298bcaf379e7f064ad8010cd8ca67a057b647baa8bf9ef6e77,1500,pre_fed,PPO-MADRL,deterministic,8a033af873acd0b5a36a94e9e5117b76026813938c3b2278423cd7a6802ddb77
3,9,8,186.33,21.75,5.3,12.0,6.0,0.4115534722805023,-0.7924894690513611,138.97909198113976,-32.99085016798979,138.97909198113976,-0.18947368421052882,0.9,0.9,3.316792365938585,23.807174069009363,-23.807174069009363,1098.962810485492,126.80720528531852,285.68608882811236,-153.07414028806676,0.0,0.0,23.807174069009363,285.68608882811236,0.0,178.26,23.38,1.77,0.9,9.35,0.0,0.0,0.0,inferred_20260921_seed4,4,11ed1195aabfcd298bcaf379e7f064ad8010cd8ca67a057b647baa8bf9ef6e77,1500,pre_fed,PPO-MADRL,deterministic,8a033af873acd0b5a36a94e9e5117b76026813938c3b2278423cd7a6802ddb77
1,10,9,362.4,34.82,11.6,9.19,4.6,3.8765673637390137,-1.296888828277588,199.91415798123415,-43.0460045009361,199.91415798123415,-0.18947368421052882,0.9,0.9,4.922893685940473,121.17820938891683,-121.17820938891683,1530.2309151995605,111.40639664265923,1113.6277442841456,-533.9652311647098,0.0,0.0,121.17820938891683,1113.6277442841456,0.0,315.7,21.75,5.3,0.9,12.0,0.0,0.0,0.0,inferred_20260921_seed4,4,11ed1195aabfcd298bcaf379e7f064ad8010cd8ca67a057b647baa8bf9ef6e77,1500,pre_fed,PPO-MADRL,deterministic,8a033af873acd0b5a36a94e9e5117b76026813938c3b2278423cd7a6802ddb77
2,10,9,169.0,34.82,11.6,9.19,4.6,-0.11128358542919159,0.38525697588920593,124.48429424471821,18.363206133906647,124.48429424471821,-0.02105263157894797,0.1,0.1,3.417664832262785,1.5344232191235108,-1.5344232191235108,1189.842971613402,1090.2561177506923,14.101349383745063,-51.94758900996717,0.0,0.0,1.5344232191235108,14.101349383745063,0.0,165.1,21.75,5.3,0.1,12.0,0.0,0.0,0.0,inferred_20260921_seed4,4,11ed1195aabfcd298bcaf379e7f064ad8010cd8ca67a057b647baa8bf9ef6e77,1500,pre_fed,PPO-MADRL,deterministic,8a033af873acd0b5a36a94e9e5117b76026813938c3b2278423cd7a6802ddb77
3,10,9,190.73,34.82,11.6,9.19,4.6,0.4324159622192383,-0.8006576895713806,140.73383845500587,-33.22021472298197,140.73383845500587,-0.18947368421052882,0.9,0.9,3.7392872954159064,7.504922524620582,-7.504922524620582,1113.820727643241,126.80720528531852,68.97023800126314,-55.84916575913961,0.0,0.0,7.504922524620582,68.97023800126314,0.0,186.33,21.75,5.3,0.9,12.0,0.0,0.0,0.0,inferred_20260921_seed4,4,11ed1195aabfcd298bcaf379e7f064ad8010cd8ca67a057b647baa8bf9ef6e77,1500,pre_fed,PPO-MADRL,deterministic,8a033af873acd0b5a36a94e9e5117b76026813938c3b2278423cd7a6802ddb77
1,11,10,320.0,27.17,36.64,12.3,6.15,3.9062957763671875,-1.3081295490264893,199.9191111033747,-43.19006852901445,199.9191111033747,-0.18947368421052882,0.9,0.9,5.270792748383283,61.73115532921912,-61.73115532921912,1530.2752884846473,111.40639664265923,759.2932105493952,-374.515578449774,0.20800225237275072,0.0,61.52315307684637,758.0139966973028,0.0,362.4,34.82,11.6,0.9,9.19,0.0,0.0,0.0,inferred_20260921_seed4,4,11ed1195aabfcd298bcaf379e7f064ad8010cd8ca67a057b647baa8bf9ef6e77,1500,pre_fed,PPO-MADRL,deterministic,8a033af873acd0b5a36a94e9e5117b76026813938c3b2278423cd7a6802ddb77
2,11,10,173.55,27.17,36.64,12.3,6.15,-0.19465570151805878,0.3860054612159729,113.08726166867439,18.395573601734746,113.08726166867439,-0.02105263157894797,0.1,0.1,3.537524180741909,0.2113151436464875,-0.2113151436464875,1104.5299847911367,1090.2561177506923,2.5991762668517966,-45.065351370919885,0.0,0.0,0.2113151436464875,2.5991762668517966,0.0,169.0,34.82,11.6,0.1,9.19,0.0,0.0,0.0,inferred_20260921_seed4,4,11ed1195aabfcd298bcaf379e7f064ad8010cd8ca67a057b647baa8bf9ef6e77,1500,pre_fed,PPO-MADRL,deterministic,8a033af873acd0b5a36a94e9e5117b76026813938c3b2278423cd7a6802ddb77
3,11,10,195.87,27.17,36.64,12.3,6.15,0.3821702003479004,-0.8079580664634705,136.4590678192848,-33.4231144300533,136.4590678192848,-0.18947368421052882,0.9,0.9,4.001591882701485,-0.20800225237275072,0.20800225237275072,1077.7274173360722,126.80720528531852,2.558427704184834,-25.241984919310994,0.0,0.20800225237275072,0.0,-1.279213852092417,0.0,190.73,34.82,11.6,0.9,9.19,0.20800225237275072,0.0,0.0,inferred_20260921_seed4,4,11ed1195aabfcd298bcaf379e7f064ad8010cd8ca67a057b647baa8bf9ef6e77,1500,pre_fed,PPO-MADRL,deterministic,8a033af873acd0b5a36a94e9e5117b76026813938c3b2278423cd7a6802ddb77
1,12,11,350.0,30.2,42.68,20.7,10.35,3.887216091156006,-1.3003277778625488,199.91596610700856,-43.090375819313806,199.91596610700856,-0.18947368421052882,0.9,0.9,5.45212984845596,82.84563742565797,-82.84563742565797,1530.2471135185276,111.40639664265923,1714.9046947111199,-804.5401828232277,35.998312614149,0.0,46.84732481150897,1342.3221591546778,0.0,320.0,27.17,36.64,0.9,12.3,0.0,0.0,0.0,inferred_20260921_seed4,4,11ed1195aabfcd298bcaf379e7f064ad8010cd8ca67a057b647baa8bf9ef6e77,1500,pre_fed,PPO-MADRL,deterministic,8a033af873acd0b5a36a94e9e5117b76026813938c3b2278423cd7a6802ddb77
2,12,11,168.35,30.2,42.68,20.7,10.35,-0.15771730244159698,0.5198615193367004,118.10085581563838,23.879656267438705,118.10085581563838,-0.02105263157894797,0.1,0.1,3.819196063681189,-18.79060712037827,18.79060712037827,1141.8162333301611,1090.2561177506923,388.9655673918302,-219.67595234794067,0.0,18.79060712037827,0.0,-194.4827836959151,0.0,173.55,27.17,36.64,0.1,12.3,18.79060712037827,0.0,0.0,inferred_20260921_seed4,4,11ed1195aabfcd298bcaf379e7f064ad8010cd8ca67a057b647baa8bf9ef6e77,1500,pre_fed,PPO-MADRL,deterministic,8a033af873acd0b5a36a94e9e5117b76026813938c3b2278423cd7a6802ddb77
3,12,11,190.0,30.2,42.68,20.7,10.35,0.40880680084228516,-0.7723932862281799,138.7459078615276,-32.41594749958208,138.7459078615276,-0.18947368421052882,0.9,0.9,4.228728683546342,-17.20770549377073,17.20770549377073,1096.9927806845105,126.80720528531852,356.19950372105416,-184.76577639387096,0.0,17.20770549377073,0.0,-178.09975186052708,0.0,195.87,27.17,36.64,0.9,12.3,17.20770549377073,0.0,0.0,inferred_20260921_seed4,4,11ed1195aabfcd298bcaf379e7f064ad8010cd8ca67a057b647baa8bf9ef6e77,1500,pre_fed,PPO-MADRL,deterministic,8a033af873acd0b5a36a94e9e5117b76026813938c3b2278423cd7a6802ddb77
1,13,12,345.2,23.52,35.22,26.82,13.41,3.9583380222320557,-1.3235340118408203,199.92710412483962,-43.38300496118519,199.92710412483962,-0.18947368421052882,0.9,0.9,5.169552608812581,91.8919221681835,-91.8919221681835,1530.3468960004127,111.40639664265923,2464.5413525506815,-1141.878674500668,1.4031352002153596,0.0,90.48878696796814,2445.7253095157935,0.0,350.0,30.2,42.68,0.9,20.7,0.0,0.0,0.0,inferred_20260921_seed4,4,11ed1195aabfcd298bcaf379e7f064ad8010cd8ca67a057b647baa8bf9ef6e77,1500,pre_fed,PPO-MADRL,deterministic,8a033af873acd0b5a36a94e9e5117b76026813938c3b2278423cd7a6802ddb77
2,13,12,168.35,23.52,35.22,26.82,13.41,-0.194597989320755,0.6830634474754333,113.09504288630131,29.675367439426825,113.09504288630131,-0.02105263157894797,0.1,0.1,3.4362798050944474,-0.02771044962793212,0.02771044962793212,1104.5875579076444,1090.2561177506923,0.7431942590211394,-44.23131092972625,0.0,0.02771044962793212,0.0,-0.3715971295105697,0.0,168.35,30.2,42.68,0.1,20.7,0.02771044962793212,0.0,0.0,inferred_20260921_seed4,4,11ed1195aabfcd298bcaf379e7f064ad8010cd8ca67a057b647baa8bf9ef6e77,1500,pre_fed,PPO-MADRL,deterministic,8a033af873acd0b5a36a94e9e5117b76026813938c3b2278423cd7a6802ddb77
3,13,12,190.0,23.52,35.22,26.82,13.41,0.38530445098876953,-0.7781919240951538,136.73051934807523,-32.58338462147758,136.73051934807523,-0.18947368421052882,0.9,0.9,3.9056209132772945,-1.3754247505874275,1.3754247505874275,1080.0090491636636,126.80720528531852,36.88889181075481,-40.736326403819305,0.0,1.3754247505874275,0.0,-18.444445905377403,0.0,190.0,30.2,42.68,0.9,20.7,1.3754247505874275,0.0,0.0,inferred_20260921_seed4,4,11ed1195aabfcd298bcaf379e7f064ad8010cd8ca67a057b647baa8bf9ef6e77,1500,pre_fed,PPO-MADRL,deterministic,8a033af873acd0b5a36a94e9e5117b76026813938c3b2278423cd7a6802ddb77
1,14,13,320.6,39.48,35.46,27.35,13.68,3.9770236015319824,-1.3291032314300537,199.92977711420474,-43.45149934831806,199.92977711420474,-0.18947368421052882,0.9,0.9,5.493606068599884,51.41330263860573,-51.41330263860573,1530.3708428864293,111.40639664265923,1406.1538271658667,-665.6047670152218,45.89607933646721,0.0,5.517223302138518,778.7544226363598,0.0,345.2,23.52,35.22,0.9,26.82,0.0,0.0,0.0,inferred_20260921_seed4,4,11ed1195aabfcd298bcaf379e7f064ad8010cd8ca67a057b647baa8bf9ef6e77,1500,pre_fed,PPO-MADRL,deterministic,8a033af873acd0b5a36a94e9e5117b76026813938c3b2278423cd7a6802ddb77
2,14,13,165.75,39.48,35.46,27.35,13.68,-0.16053344309329987,0.7362260222434998,117.71641323100229,31.3429798650948,117.71641323100229,-0.02105263157894797,0.1,0.1,3.852707211988467,-23.032653387434863,23.032653387434863,1138.943597126281,1090.2561177506923,629.9430701463435,-328.058375863394,0.0,23.032653387434863,0.0,-315.0866983401089,0.0,168.35,23.52,35.22,0.1,26.82,23.032653387434863,0.0,0.0,inferred_20260921_seed4,4,11ed1195aabfcd298bcaf379e7f064ad8010cd8ca67a057b647baa8bf9ef6e77,1500,pre_fed,PPO-MADRL,deterministic,8a033af873acd0b5a36a94e9e5117b76026813938c3b2278423cd7a6802ddb77
3,14,13,187.07,39.48,35.46,27.35,13.68,0.41732269525527954,-0.7896131277084351,139.46725526485577,-32.909490896246396,139.46725526485577,-0.18947368421052882,0.9,0.9,4.284355631612905,-22.863425949032347,22.863425949032347,1103.0903483543802,126.80720528531852,625.3146997060347,-305.98956594050964,0.0,22.863425949032347,0.0,-312.7716669827625,0.0,190.0,23.52,35.22,0.9,26.82,22.863425949032347,0.0,0.0,inferred_20260921_seed4,4,11ed1195aabfcd298bcaf379e7f064ad8010cd8ca67a057b647baa8bf9ef6e77,1500,pre_fed,PPO-MADRL,deterministic,8a033af873acd0b5a36a94e9e5117b76026813938c3b2278423cd7a6802ddb77
1,15,14,333.2,35.74,34.83,13.81,6.91,3.9898765087127686,-1.3337621688842773,199.9315586370928,-43.508291339067064,199.9315586370928,-0.18947368421052882,0.9,0.9,5.406241699057644,68.29415674617542,-68.29415674617542,1530.3868033305346,111.40639664265923,943.1423046646826,-457.24990109857106,9.289608121344372,0.0,59.004548624831045,879.0440086274065,0.0,320.6,39.48,35.46,0.9,27.35,0.0,0.0,0.0,inferred_20260921_seed4,4,11ed1195aabfcd298bcaf379e7f064ad8010cd8ca67a057b647baa8bf9ef6e77,1500,pre_fed,PPO-MADRL,deterministic,8a033af873acd0b5a36a94e9e5117b76026813938c3b2278423cd7a6802ddb77
2,15,14,170.3,35.74,34.83,13.81,6.91,-0.2558859586715698,0.773468554019928,104.93790683342874,32.447091474786305,104.93790683342874,-0.02105263157894797,0.1,0.1,3.5097370840369964,-1.6771171178127986,1.6771171178127986,1044.7382394222936,1090.2561177506923,23.16098739699475,-53.122331472107355,0.0,1.6771171178127986,0.0,-11.588879284086438,0.0,165.75,39.48,35.46,0.1,27.35,1.6771171178127986,0.0,0.0,inferred_20260921_seed4,4,11ed1195aabfcd298bcaf379e7f064ad8010cd8ca67a057b647baa8bf9ef6e77,1500,pre_fed,PPO-MADRL,deterministic,8a033af873acd0b5a36a94e9e5117b76026813938c3b2278423cd7a6802ddb77
3,15,14,192.2,35.74,34.83,13.81,6.91,0.34855982661247253,-0.8090999126434326,133.50977062658967,-33.45467140658769,133.50977062658967,-0.18947368421052882,0.9,0.9,4.0778059388475825,-7.612491003531574,7.612491003531574,1053.0279264417495,126.80720528531852,105.12850075877104,-70.90452797598833,0.0,7.612491003531574,0.0,-52.60231283440317,0.0,187.07,39.48,35.46,0.9,27.35,7.612491003531574,0.0,0.0,inferred_20260921_seed4,4,11ed1195aabfcd298bcaf379e7f064ad8010cd8ca67a057b647baa8bf9ef6e77,1500,pre_fed,PPO-MADRL,deterministic,8a033af873acd0b5a36a94e9e5117b76026813938c3b2278423cd7a6802ddb77
1,16,15,316.8,18.06,23.62,17.31,8.66,3.921063184738159,-1.3119957447052002,199.9214642825753,-43.238976098259776,199.9214642825753,-0.18947368421052882,0.9,0.9,4.828239811967296,80.21624921360254,-80.21624921360254,1530.296369931532,111.40639664265923,1388.54327388746,-657.6785285808407,0.0,0.0,80.21624921360254,1388.54327388746,0.0,333.2,35.74,34.83,0.9,13.81,0.0,0.0,0.0,inferred_20260921_seed4,4,11ed1195aabfcd298bcaf379e7f064ad8010cd8ca67a057b647baa8bf9ef6e77,1500,pre_fed,PPO-MADRL,deterministic,8a033af873acd0b5a36a94e9e5117b76026813938c3b2278423cd7a6802ddb77
2,16,15,172.25,18.06,23.62,17.31,8.66,-0.21548786759376526,0.5575981140136719,110.29014054819521,25.309657928913943,110.29014054819521,-0.02105263157894797,0.1,0.1,3.0389817583323255,23.339893841716048,-23.339893841716048,1083.8937530900175,1090.2561177506923,404.0135624001048,-225.28910049686135,0.0,0.0,23.339893841716048,404.0135624001048,0.0,170.3,35.74,34.83,0.1,13.81,0.0,0.0,0.0,inferred_20260921_seed4,4,11ed1195aabfcd298bcaf379e7f064ad8010cd8ca67a057b647baa8bf9ef6e77,1500,pre_fed,PPO-MADRL,deterministic,8a033af873acd0b5a36a94e9e5117b76026813938c3b2278423cd7a6802ddb77
3,16,15,194.4,18.06,23.62,17.31,8.66,0.3698934316635132,-0.7872693538665771,135.38984947167023,-32.84296746660969,135.38984947167023,-0.18947368421052882,0.9,0.9,3.5376075157491944,21.05723172828948,-21.05723172828948,1068.7539331600385,126.80720528531852,364.50068121669085,-187.93652931641805,0.0,0.0,21.05723172828948,364.50068121669085,0.0,192.2,35.74,34.83,0.9,13.81,0.0,0.0,0.0,inferred_20260921_seed4,4,11ed1195aabfcd298bcaf379e7f064ad8010cd8ca67a057b647baa8bf9ef6e77,1500,pre_fed,PPO-MADRL,deterministic,8a033af873acd0b5a36a94e9e5117b76026813938c3b2278423cd7a6802ddb77
1,17,16,291.3,24.27,14.18,16.42,8.21,3.9067118167877197,-1.3060575723648071,199.9191783542939,-43.163723141473845,199.9191783542939,-0.18947368421052882,0.9,0.9,4.763594093401668,57.883889423318294,-57.883889423318294,1530.2758909647946,111.40639664265923,950.4534643308865,-460.537704701048,0.0,0.0,57.883889423318294,950.4534643308865,0.0,316.8,18.06,23.62,0.9,17.31,0.0,0.0,0.0,inferred_20260921_seed4,4,11ed1195aabfcd298bcaf379e7f064ad8010cd8ca67a057b647baa8bf9ef6e77,1500,pre_fed,PPO-MADRL,deterministic,8a033af873acd0b5a36a94e9e5117b76026813938c3b2278423cd7a6802ddb77
2,17,16,165.75,24.27,14.18,16.42,8.21,-0.10120737552642822,0.5421621799468994,125.87914751686995,24.731145565987138,125.87914751686995,-0.02105263157894797,0.1,0.1,3.2861618977058202,4.728067012414812,-4.728067012414812,1200.419812220583,1090.2561177506923,77.63486034385122,-80.74920575415855,0.0,0.0,4.728067012414812,77.63486034385122,0.0,172.25,18.06,23.62,0.1,17.31,0.0,0.0,0.0,inferred_20260921_seed4,4,11ed1195aabfcd298bcaf379e7f064ad8010cd8ca67a057b647baa8bf9ef6e77,1500,pre_fed,PPO-MADRL,deterministic,8a033af873acd0b5a36a94e9e5117b76026813938c3b2278423cd7a6802ddb77
3,17,16,187.07,24.27,14.18,16.42,8.21,0.4538607895374298,-0.7887371182441711,142.50674023680625,-32.884651078269954,142.50674023680625,-0.18947368421052882,0.9,0.9,3.615345331051915,9.918078778456163,-9.918078778456163,1128.8917853985897,126.80720528531852,162.85485354225023,-98.39866390769077,0.0,0.0,9.918078778456163,162.85485354225023,0.0,194.4,18.06,23.62,0.9,17.31,0.0,0.0,0.0,inferred_20260921_seed4,4,11ed1195aabfcd298bcaf379e7f064ad8010cd8ca67a057b647baa8bf9ef6e77,1500,pre_fed,PPO-MADRL,deterministic,8a033af873acd0b5a36a94e9e5117b76026813938c3b2278423cd7a6802ddb77
1,18,17,413.8,26.26,4.67,9.83,4.92,3.8995919227600098,-1.3039536476135254,199.91801971311318,-43.136874918489326,199.91801971311318,-0.18947368421052882,0.9,0.9,4.613170920578053,187.75462489167543,-187.75462489167543,1530.2655110677103,111.40639664265923,1845.6279626851695,-863.3660213625337,0.0,0.0,187.75462489167543,1845.6279626851695,0.0,291.3,24.27,14.18,0.9,16.42,0.0,0.0,0.0,inferred_20260921_seed4,4,11ed1195aabfcd298bcaf379e7f064ad8010cd8ca67a057b647baa8bf9ef6e77,1500,pre_fed,PPO-MADRL,deterministic,8a033af873acd0b5a36a94e9e5117b76026813938c3b2278423cd7a6802ddb77
2,18,17,164.25,26.26,4.67,9.83,4.92,-0.13902899622917175,0.5062228441238403,120.66038578843794,23.34985015177715,120.66038578843794,-0.02105263157894797,0.1,0.1,3.0313866631371793,15.71205350627821,-15.71205350627821,1160.998849387799,1090.2561177506923,154.4494859667148,-114.52736802779148,0.0,0.0,15.71205350627821,154.4494859667148,0.0,165.75,24.27,14.18,0.1,16.42,0.0,0.0,0.0,inferred_20260921_seed4,4,11ed1195aabfcd298bcaf379e7f064ad8010cd8ca67a057b647baa8bf9ef6e77,1500,pre_fed,PPO-MADRL,deterministic,8a033af873acd0b5a36a94e9e5117b76026813938c3b2278423cd7a6802ddb77
3,18,17,185.6,26.26,4.67,9.83,4.92,0.42158031463623047,-0.8028914332389832,139.82609264225417,-33.282506938479145,139.82609264225417,-0.18947368421052882,0.9,0.9,3.4113323791608723,18.444713421117257,-18.444713421117257,1106.127291995699,126.80720528531852,181.31153292958263,-106.24887976393254,0.0,0.0,18.444713421117257,181.31153292958263,0.0,187.07,24.27,14.18,0.9,16.42,0.0,0.0,0.0,inferred_20260921_seed4,4,11ed1195aabfcd298bcaf379e7f064ad8010cd8ca67a057b647baa8bf9ef6e77,1500,pre_fed,PPO-MADRL,deterministic,8a033af873acd0b5a36a94e9e5117b76026813938c3b2278423cd7a6802ddb77
1,19,18,539.8,26.77,0.18,8.63,4.32,3.922757625579834,-1.3135679960250854,199.92172987638511,-43.25877182660851,199.92172987638511,-0.18947368421052882,0.9,0.9,4.533645123843492,317.65138893166886,-317.65138893166886,1530.2987493147298,111.40639664265923,2741.3314864803024,-1266.433271835284,0.0,0.0,317.65138893166886,2741.3314864803024,0.0,413.8,26.26,4.67,0.9,9.83,0.0,0.0,0.0,inferred_20260921_seed4,4,11ed1195aabfcd298bcaf379e7f064ad8010cd8ca67a057b647baa8bf9ef6e77,1500,pre_fed,PPO-MADRL,deterministic,8a033af873acd0b5a36a94e9e5117b76026813938c3b2278423cd7a6802ddb77
2,19,18,162.5,26.77,0.18,8.63,4.32,-0.1386258453130722,0.3512078523635864,120.71575294874103,16.872314722530046,120.71575294874103,-0.02105263157894797,0.1,0.1,2.952894006343242,17.808193689181138,-17.808193689181138,1161.4149036247081,1090.2561177506923,153.68471153763323,-114.19154061944297,0.0,0.0,17.808193689181138,153.68471153763323,0.0,164.25,26.26,4.67,0.1,9.83,0.0,0.0,0.0,inferred_20260921_seed4,4,11ed1195aabfcd298bcaf379e7f064ad8010cd8ca67a057b647baa8bf9ef6e77,1500,pre_fed,PPO-MADRL,deterministic,8a033af873acd0b5a36a94e9e5117b76026813938c3b2278423cd7a6802ddb77
3,19,18,183.4,26.77,0.18,8.63,4.32,0.4117870330810547,-0.8019070029258728,138.9988976059048,-33.25507702389115,138.9988976059048,-0.18947368421052882,0.9,0.9,3.315188478433886,20.95576455673961,-20.95576455673961,1099.1301836790465,126.80720528531852,180.84824812466283,-105.90045943538559,0.0,0.0,20.95576455673961,180.84824812466283,0.0,185.6,26.26,4.67,0.9,9.83,0.0,0.0,0.0,inferred_20260921_seed4,4,11ed1195aabfcd298bcaf379e7f064ad8010cd8ca67a057b647baa8bf9ef6e77,1500,pre_fed,PPO-MADRL,deterministic,8a033af873acd0b5a36a94e9e5117b76026813938c3b2278423cd7a6802ddb77
1,20,19,557.2,26.22,0.0,8.87,4.44,3.9700794219970703,-1.330233097076416,199.9287953792105,-43.4653145918481,199.9287953792105,-0.18947368421052882,0.9,0.9,4.5191864339,335.7598647389001,-335.7598647389001,1530.36204766552,111.40639664265923,2978.1900002340435,-1373.0208689914832,0.0,0.0,335.7598647389001,2978.1900002340435,0.0,539.8,26.77,0.18,0.9,8.63,0.0,0.0,0.0,inferred_20260921_seed4,4,11ed1195aabfcd298bcaf379e7f064ad8010cd8ca67a057b647baa8bf9ef6e77,1500,pre_fed,PPO-MADRL,deterministic,8a033af873acd0b5a36a94e9e5117b76026813938c3b2278423cd7a6802ddb77
2,20,19,165.75,26.22,0.0,8.87,4.44,-0.13911081850528717,0.3103252947330475,120.6491493912624,15.036650052601683,120.6491493912624,-0.02105263157894797,0.1,0.1,2.936961935193669,21.83886517551022,-21.83886517551022,1160.9144196335176,1090.2561177506923,193.71073410677565,-132.19324109573324,0.0,0.0,21.83886517551022,193.71073410677565,0.0,162.5,26.77,0.18,0.1,8.63,0.0,0.0,0.0,inferred_20260921_seed4,4,11ed1195aabfcd298bcaf379e7f064ad8010cd8ca67a057b647baa8bf9ef6e77,1500,pre_fed,PPO-MADRL,deterministic,8a033af873acd0b5a36a94e9e5117b76026813938c3b2278423cd7a6802ddb77
3,20,19,187.07,26.22,0.0,8.87,4.44,0.40691253542900085,-0.8030058741569519,138.58480084027076,-33.28569335969892,138.58480084027076,-0.18947368421052882,0.9,0.9,3.292306543121205,25.746979387060975,-25.746979387060975,1095.6322896093793,126.80720528531852,228.37570716323083,-127.21785812134783,0.0,0.0,25.746979387060975,228.37570716323083,0.0,183.4,26.77,0.18,0.9,8.63,0.0,0.0,0.0,inferred_20260921_seed4,4,11ed1195aabfcd298bcaf379e7f064ad8010cd8ca67a057b647baa8bf9ef6e77,1500,pre_fed,PPO-MADRL,deterministic,8a033af873acd0b5a36a94e9e5117b76026813938c3b2278423cd7a6802ddb77
1,21,20,557.1,32.84,0.0,8.35,4.18,3.977092981338501,-1.3325728178024292,199.9297868542086,-43.49383698451903,199.9297868542086,-0.18947368421052882,0.9,0.9,4.6516062633999615,329.1712930934019,-329.1712930934019,1530.3709301457843,111.40639664265923,2748.580297329906,-1269.6966803342266,0.0,0.0,329.1712930934019,2748.580297329906,0.0,557.2,26.22,0.0,0.9,8.87,0.0,0.0,0.0,inferred_20260921_seed4,4,11ed1195aabfcd298bcaf379e7f064ad8010cd8ca67a057b647baa8bf9ef6e77,1500,pre_fed,PPO-MADRL,deterministic,8a033af873acd0b5a36a94e9e5117b76026813938c3b2278423cd7a6802ddb77
2,21,20,169.0,32.84,0.0,8.35,4.18,-0.13308657705783844,0.3133833110332489,121.47710967043895,15.17559425358654,121.47710967043895,-0.02105263157894797,0.1,0.1,3.0859211407772,17.789864101917203,-17.789864101917203,1167.1408130496106,1090.2561177506923,148.54536525100863,-111.99335297895995,0.0,0.0,17.789864101917203,148.54536525100863,0.0,165.75,26.22,0.0,0.1,8.87,0.0,0.0,0.0,inferred_20260921_seed4,4,11ed1195aabfcd298bcaf379e7f064ad8010cd8ca67a057b647baa8bf9ef6e77,1500,pre_fed,PPO-MADRL,deterministic,8a033af873acd0b5a36a94e9e5117b76026813938c3b2278423cd7a6802ddb77
3,21,20,190.73,32.84,0.0,8.35,4.18,0.4157221019268036,-0.8069437146186829,139.33204250206222,-33.39504055357772,139.33204250206222,-0.18947368421052882,0.9,0.9,3.439651376357034,22.187082558505324,-22.187082558505324,1101.9466385810479,126.80720528531852,185.26213936351945,-107.94303959091108,0.0,0.0,22.187082558505324,185.26213936351945,0.0,187.07,26.22,0.0,0.9,8.87,0.0,0.0,0.0,inferred_20260921_seed4,4,11ed1195aabfcd298bcaf379e7f064ad8010cd8ca67a057b647baa8bf9ef6e77,1500,pre_fed,PPO-MADRL,deterministic,8a033af873acd0b5a36a94e9e5117b76026813938c3b2278423cd7a6802ddb77
1,22,21,535.0,36.02,0.0,16.44,8.22,3.9827497005462646,-1.3347688913345337,199.93057645560043,-43.52050282357667,199.93057645560043,-0.18947368421052882,0.9,0.9,4.715222055427798,303.9541192840379,-303.9541192840379,1530.378004081171,111.40639664265923,4997.005721029584,-2281.4882624777892,0.0,0.0,303.9541192840379,4997.005721029584,0.0,557.1,32.84,0.0,0.9,8.35,0.0,0.0,0.0,inferred_20260921_seed4,4,11ed1195aabfcd298bcaf379e7f064ad8010cd8ca67a057b647baa8bf9ef6e77,1500,pre_fed,PPO-MADRL,deterministic,8a033af873acd0b5a36a94e9e5117b76026813938c3b2278423cd7a6802ddb77
2,22,21,161.2,36.02,0.0,16.44,8.22,-0.17410016059875488,0.3186524212360382,115.86929379965667,15.414396272093228,115.86929379965667,-0.02105263157894797,0.1,0.1,3.0373648233615547,12.3691236552838,-12.3691236552838,1125.1728574488466,1090.2561177506923,203.3483928928657,-135.81535630578034,0.0,0.0,12.3691236552838,203.3483928928657,0.0,169.0,32.84,0.0,0.1,8.35,0.0,0.0,0.0,inferred_20260921_seed4,4,11ed1195aabfcd298bcaf379e7f064ad8010cd8ca67a057b647baa8bf9ef6e77,1500,pre_fed,PPO-MADRL,deterministic,8a033af873acd0b5a36a94e9e5117b76026813938c3b2278423cd7a6802ddb77
3,22,21,181.93,36.02,0.0,16.44,8.22,0.3950499892234802,-0.8185884952545166,137.57055949819264,-33.715044393440856,137.57055949819264,-0.18947368421052882,0.9,0.9,3.4680217162796425,11.996935902297537,-11.996935902297537,1087.078709670634,126.80720528531852,197.2296262337715,-113.03105010431622,0.0,0.0,11.996935902297537,197.2296262337715,0.0,190.73,32.84,0.0,0.9,8.35,0.0,0.0,0.0,inferred_20260921_seed4,4,11ed1195aabfcd298bcaf379e7f064ad8010cd8ca67a057b647baa8bf9ef6e77,1500,pre_fed,PPO-MADRL,deterministic,8a033af873acd0b5a36a94e9e5117b76026813938c3b2278423cd7a6802ddb77
1,23,22,437.8,37.23,0.0,16.19,8.1,4.017754077911377,-1.3451833724975586,199.93526896369153,-43.645580880611675,199.93526896369153,-0.18947368421052882,0.9,0.9,4.73951590558962,205.56372062610865,-205.56372062610865,1530.420043854543,111.40639664265923,3328.0766369366993,-1530.4710154314587,7.870610316442196,0.0,197.69311030966645,3264.403399476682,0.0,535.0,36.02,0.0,0.9,16.44,0.0,0.0,0.0,inferred_20260921_seed4,4,11ed1195aabfcd298bcaf379e7f064ad8010cd8ca67a057b647baa8bf9ef6e77,1500,pre_fed,PPO-MADRL,deterministic,8a033af873acd0b5a36a94e9e5117b76026813938c3b2278423cd7a6802ddb77
2,23,22,148.0,37.23,0.0,16.19,8.1,-0.2093372344970703,0.47809600830078125,111.11351482870707,22.235873599160136,111.11351482870707,-0.02105263157894797,0.1,0.1,2.9664492439425625,2.6439870468144306,-2.6439870468144306,1089.9559843767347,1090.2561177506923,42.80615028792563,-62.867009672115074,0.0,0.0,2.6439870468144306,42.80615028792563,0.0,161.2,36.02,0.0,0.1,16.44,0.0,0.0,0.0,inferred_20260921_seed4,4,11ed1195aabfcd298bcaf379e7f064ad8010cd8ca67a057b647baa8bf9ef6e77,1500,pre_fed,PPO-MADRL,deterministic,8a033af873acd0b5a36a94e9e5117b76026813938c3b2278423cd7a6802ddb77
3,23,22,161.39,37.23,0.0,16.19,8.1,0.37314990162849426,-0.8331214785575867,135.67438217037602,-34.10742667493386,135.67438217037602,-0.18947368421052882,0.9,0.9,3.4542981697233097,-7.870610316442196,7.870610316442196,1071.1397711943605,126.80720528531852,127.42518102319916,-81.3002709900332,0.0,7.870610316442196,0.0,-63.75194356318178,0.0,181.93,36.02,0.0,0.9,16.44,7.870610316442196,0.0,0.0,inferred_20260921_seed4,4,11ed1195aabfcd298bcaf379e7f064ad8010cd8ca67a057b647baa8bf9ef6e77,1500,pre_fed,PPO-MADRL,deterministic,8a033af873acd0b5a36a94e9e5117b76026813938c3b2278423cd7a6802ddb77
1,24,23,447.3,44.12,0.0,8.87,4.44,3.9861063957214355,-1.334425926208496,199.93104080184253,-43.516345079596206,199.93104080184253,-0.18947368421052882,0.9,0.9,4.8772313423526406,208.31566422472065,-208.31566422472065,1530.3821641030142,111.40639664265923,1847.759941673272,-864.3277449678859,67.77606465898799,0.0,140.53959956573266,1547.5119752339551,0.0,437.8,37.23,0.0,0.9,16.19,0.0,0.0,0.0,inferred_20260921_seed4,4,11ed1195aabfcd298bcaf379e7f064ad8010cd8ca67a057b647baa8bf9ef6e77,1500,pre_fed,PPO-MADRL,deterministic,8a033af873acd0b5a36a94e9e5117b76026813938c3b2278423cd7a6802ddb77
2,24,23,119.6,44.12,0.0,8.87,4.44,-0.2267744243144989,0.47495073080062866,108.78485171298318,22.10953607231081,108.78485171298318,-0.02105263157894797,0.1,0.1,3.0576759816280843,-30.226123099776146,30.226123099776146,1072.837451842584,1090.2561177506923,268.1057118950144,-163.909441744622,0.0,30.226123099776146,0.0,-134.2039865630061,0.0,148.0,37.23,0.0,0.1,16.19,30.226123099776146,0.0,0.0,inferred_20260921_seed4,4,11ed1195aabfcd298bcaf379e7f064ad8010cd8ca67a057b647baa8bf9ef6e77,1500,pre_fed,PPO-MADRL,deterministic,8a033af873acd0b5a36a94e9e5117b76026813938c3b2278423cd7a6802ddb77
3,24,23,134.98,44.12,0.0,8.87,4.44,0.3329894244670868,-0.8127844333648682,132.12043445891646,-33.5561713366756,132.12043445891646,-0.18947368421052882,0.9,0.9,3.521019215494119,-37.549941559211845,37.549941559211845,1041.4499116216266,126.80720528531852,333.06798163020903,-173.24573407173295,0.0,37.549941559211845,0.0,-166.7217405229006,0.0,161.39,37.23,0.0,0.9,16.19,37.549941559211845,0.0,0.0,inferred_20260921_seed4,4,11ed1195aabfcd298bcaf379e7f064ad8010cd8ca67a057b647baa8bf9ef6e77,1500,pre_fed,PPO-MADRL,deterministic,8a033af873acd0b5a36a94e9e5117b76026813938c3b2278423cd7a6802ddb77
1,1,0,457.7,51.48,0.0,8.65,4.33,3.1447606086730957,-0.7106994390487671,199.6295577731734,-30.555762269596503,199.6295577731734,-30.555762269596503,0.5,0.7892797415611668,4.4110759100715375,241.55728040649464,-241.55728040649464,1527.681949189925,302.4430181182157,2089.470475516179,-976.8642133284434,58.61015607606565,0.0,182.947124330429,1836.2746012675752,0.0,447.3,44.12,0.0,0.5,8.87,0.0,0.0,0.0,inferred_20260921_seed4,4,11ed1195aabfcd298bcaf379e7f064ad8010cd8ca67a057b647baa8bf9ef6e77,1500,pre_fed,A2C-MADRL,deterministic,143094c22c04bec4bf42ca11338a74996b0ba209d289db5c265af8602d024ac1
2,1,0,110.5,51.48,0.0,8.65,4.33,-0.37330639362335205,-0.2940836548805237,90.03674540855893,-14.294453105641145,90.03674540855893,-14.294453105641145,0.5,0.6347973045035908,2.544445846058356,-14.177846456859442,14.177846456859442,938.0189919012337,434.4474482911981,122.63837185183418,-82.63659613717401,0.0,14.177846456859442,0.0,-61.390075158201384,0.0,119.6,44.12,0.0,0.5,8.87,14.177846456859442,0.0,0.0,inferred_20260921_seed4,4,11ed1195aabfcd298bcaf379e7f064ad8010cd8ca67a057b647baa8bf9ef6e77,1500,pre_fed,A2C-MADRL,deterministic,143094c22c04bec4bf42ca11338a74996b0ba209d289db5c265af8602d024ac1
3,1,0,124.71,51.48,0.0,8.65,4.33,0.398356556892395,-0.348224401473999,137.8541891246813,-16.73999563569539,137.8541891246813,-16.73999563569539,0.5,0.6580299585391062,3.4518838697797185,-44.43230961920621,44.43230961920621,1089.4687246770206,431.1325713286566,384.3394782061337,-203.36479111287372,0.0,44.43230961920621,0.0,-192.39190065116287,0.0,134.98,44.12,0.0,0.5,8.87,44.43230961920621,0.0,0.0,inferred_20260921_seed4,4,11ed1195aabfcd298bcaf379e7f064ad8010cd8ca67a057b647baa8bf9ef6e77,1500,pre_fed,A2C-MADRL,deterministic,143094c22c04bec4bf42ca11338a74996b0ba209d289db5c265af8602d024ac1
1,2,1,336.5,38.37,0.0,8.11,4.06,3.244389533996582,-0.7327402830123901,199.69638078683286,-31.23694822303082,199.69638078683286,-11.820928202311118,0.7892797415611668,0.9,4.524909051690435,114.77945646716867,-114.77945646716867,1528.2803185454977,141.61099761199347,930.8613919487378,-452.28545270008186,32.42818800365099,0.0,82.35126846351768,799.5272305339513,0.0,457.7,51.48,0.0,0.7892797415611668,8.65,0.0,0.0,0.0,inferred_20260921_seed4,4,11ed1195aabfcd298bcaf379e7f064ad8010cd8ca67a057b647baa8bf9ef6e77,1500,pre_fed,A2C-MADRL,deterministic,143094c22c04bec4bf42ca11338a74996b0ba209d289db5c265af8602d024ac1
2,2,1,109.85,38.37,0.0,8.11,4.06,-0.41991549730300903,-0.33627697825431824,84.43970631058455,-16.207479669662007,84.43970631058455,-16.207479669662007,0.6347973045035908,0.7874987667563726,2.1320445328184507,5.379817891895911,-5.379817891895911,898.8060182579353,273.8035844707931,43.630323103275835,-43.0858374510487,0.0,0.0,5.379817891895911,43.630323103275835,0.0,110.5,51.48,0.0,0.6347973045035908,8.65,0.0,0.0,0.0,inferred_20260921_seed4,4,11ed1195aabfcd298bcaf379e7f064ad8010cd8ca67a057b647baa8bf9ef6e77,1500,pre_fed,A2C-MADRL,deterministic,143094c22c04bec4bf42ca11338a74996b0ba209d289db5c265af8602d024ac1
3,2,1,123.98,38.37,0.0,8.11,4.06,0.41786378622055054,-0.3833978772163391,139.5129262232593,-18.282734382799127,139.5129262232593,-18.282734382799127,0.6580299585391062,0.8303998752586197,3.192003836809204,-32.42818800365099,32.42818800365099,1103.476738899214,246.34759604526243,262.9926047096095,-145.34315881821382,0.0,32.42818800365099,0.0,-131.658443294823,0.0,124.71,51.48,0.0,0.6580299585391062,8.65,32.42818800365099,0.0,0.0,inferred_20260921_seed4,4,11ed1195aabfcd298bcaf379e7f064ad8010cd8ca67a057b647baa8bf9ef6e77,1500,pre_fed,A2C-MADRL,deterministic,143094c22c04bec4bf42ca11338a74996b0ba209d289db5c265af8602d024ac1
1,3,2,274.9,43.56,0.0,8.25,4.13,3.189243793487549,-0.7194289565086365,199.66103772792357,-30.827773042050943,199.66103772792357,-0.18947368421052882,0.9,0.9,4.860631280874261,36.72906723716119,-36.72906723716119,1527.9638286951124,111.40639664265923,303.0148047065798,-169.14406662471634,36.72906723716119,0.0,0.0,151.6910476894757,0.0,336.5,38.37,0.0,0.9,8.11,0.0,0.0,0.0,inferred_20260921_seed4,4,11ed1195aabfcd298bcaf379e7f064ad8010cd8ca67a057b647baa8bf9ef6e77,1500,pre_fed,A2C-MADRL,deterministic,143094c22c04bec4bf42ca11338a74996b0ba209d289db5c265af8602d024ac1
2,3,2,112.45,43.56,0.0,8.25,4.13,-0.4227186441421509,-0.3497448265552521,84.10944233314939,-16.807461198237245,84.10944233314939,-12.008024292330541,0.7874987667563726,0.9,2.313228360816377,-0.89818968000246,0.89818968000246,896.5070594531982,150.48446272237464,7.410064860020295,-24.274359630520586,0.0,0.89818968000246,0.0,-3.70952337841016,0.0,109.85,38.37,0.0,0.7874987667563726,8.11,0.89818968000246,0.0,0.0,inferred_20260921_seed4,4,11ed1195aabfcd298bcaf379e7f064ad8010cd8ca67a057b647baa8bf9ef6e77,1500,pre_fed,A2C-MADRL,deterministic,143094c22c04bec4bf42ca11338a74996b0ba209d289db5c265af8602d024ac1
3,3,2,126.91,43.56,0.0,8.25,4.13,0.43067502975463867,-0.40035614371299744,140.58852865434108,-19.012682569357775,140.58852865434108,-7.501149946515535,0.8303998752586197,0.9,3.532947574156511,-46.20443113366903,46.20443113366903,1112.5881281790503,146.53629882656233,381.1865568527695,-196.71643912385852,0.0,35.83087755715873,-10.373553576510304,-147.98152431106556,0.0,123.98,38.37,0.0,0.8303998752586197,8.11,35.83087755715873,0.0,0.0,inferred_20260921_seed4,4,11ed1195aabfcd298bcaf379e7f064ad8010cd8ca67a057b647baa8bf9ef6e77,1500,pre_fed,A2C-MADRL,deterministic,143094c22c04bec4bf42ca11338a74996b0ba209d289db5c265af8602d024ac1
1,4,3,272.6,40.75,0.0,8.1,4.05,3.164827585220337,-0.7136772871017456,199.6441047614716,-30.64887931071197,199.6441047614716,-0.18947368421052882,0.9,0.9,4.804092621545221,37.19946154428416,-37.19946154428416,1527.8122046202939,111.40639664265923,301.3156385087017,-168.37640935417483,37.19946154428416,0.0,0.0,150.65781925435084,0.0,274.9,43.56,0.0,0.9,8.25,0.0,0.0,0.0,inferred_20260921_seed4,4,11ed1195aabfcd298bcaf379e7f064ad8010cd8ca67a057b647baa8bf9ef6e77,1500,pre_fed,A2C-MADRL,deterministic,143094c22c04bec4bf42ca11338a74996b0ba209d289db5c265af8602d024ac1
2,4,3,110.5,40.75,0.0,8.1,4.05,-0.4566892385482788,-0.379811555147171,80.16651835757608,-18.12719013624524,80.16651835757608,-0.18947368421052882,0.9,0.9,2.414540893467311,-7.81250377989825,7.81250377989825,869.1885213294065,119.10680096398887,63.281280617175824,-48.242482723597035,0.0,7.81250377989825,0.0,-31.640640308587912,0.0,112.45,43.56,0.0,0.9,8.25,7.81250377989825,0.0,0.0,inferred_20260921_seed4,4,11ed1195aabfcd298bcaf379e7f064ad8010cd8ca67a057b647baa8bf9ef6e77,1500,pre_fed,A2C-MADRL,deterministic,143094c22c04bec4bf42ca11338a74996b0ba209d289db5c265af8602d024ac1
3,4,3,124.71,40.75,0.0,8.1,4.05,0.443603515625,-0.41782376170158386,141.66269315430094,-19.754774304645526,141.66269315430094,-0.18947368421052882,0.9,0.9,3.6444643894018083,-53.868755080688615,53.868755080688615,1121.7092742279197,126.80720528531852,436.33691615357776,-221.32194185937476,0.0,29.38695776438591,-24.481797316302703,-119.01717894576294,0.0,126.91,43.56,0.0,0.9,8.25,29.38695776438591,0.0,0.0,inferred_20260921_seed4,4,11ed1195aabfcd298bcaf379e7f064ad8010cd8ca67a057b647baa8bf9ef6e77,1500,pre_fed,A2C-MADRL,deterministic,143094c22c04bec4bf42ca11338a74996b0ba209d289db5c265af8602d024ac1
1,5,4,245.3,27.74,0.0,8.14,4.07,3.1562156677246094,-0.71164870262146,199.63793297944608,-30.585482512136203,199.63793297944608,-0.18947368421052882,0.9,0.9,4.543769185904711,22.655309890669173,-22.655309890669173,1527.7569413453084,111.40639664265923,184.41422251004707,-115.76966688928054,22.655309890669173,0.0,0.0,92.20711125502353,0.0,272.6,40.75,0.0,0.9,8.1,0.0,0.0,0.0,inferred_20260921_seed4,4,11ed1195aabfcd298bcaf379e7f064ad8010cd8ca67a057b647baa8bf9ef6e77,1500,pre_fed,A2C-MADRL,deterministic,143094c22c04bec4bf42ca11338a74996b0ba209d289db5c265af8602d024ac1
2,5,4,113.75,27.74,0.0,8.14,4.07,-0.45040953159332275,-0.3758260905742645,80.88701844296989,-17.9538594552709,80.88701844296989,-0.18947368421052882,0.9,0.9,2.168750895175187,7.481206136415835,-7.481206136415835,874.1628588757785,119.10680096398887,60.8970179504249,-47.26905127448656,7.481206136415835,0.0,0.0,30.44850897521245,0.0,110.5,40.75,0.0,0.9,8.1,0.0,0.0,0.0,inferred_20260921_seed4,4,11ed1195aabfcd298bcaf379e7f064ad8010cd8ca67a057b647baa8bf9ef6e77,1500,pre_fed,A2C-MADRL,deterministic,143094c22c04bec4bf42ca11338a74996b0ba209d289db5c265af8602d024ac1
3,5,4,128.38,27.74,0.0,8.14,4.07,0.4404078722000122,-0.4143737852573395,141.39824697015862,-19.6090045089005,141.39824697015862,-0.18947368421052882,0.9,0.9,3.378975465718962,-37.18979782022916,37.18979782022916,1119.4617252358444,126.80720528531852,302.7249542566654,-161.15160802592268,0.0,30.13651602708501,-7.053281793144151,-122.655620230236,0.0,124.71,40.75,0.0,0.9,8.1,22.655309890669173,7.481206136415835,0.0,inferred_20260921_seed4,4,11ed1195aabfcd298bcaf379e7f064ad8010cd8ca67a057b647baa8bf9ef6e77,1500,pre_fed,A2C-MADRL,deterministic,143094c22c04bec4bf42ca11338a74996b0ba209d289db5c265af8602d024ac1
1,6,5,233.7,30.15,0.0,8.13,4.07,3.1068782806396484,-0.6998370885848999,199.60045900281074,-30.213218030551474,199.60045900281074,-0.18947368421052882,0.9,0.9,4.591219706372004,8.730234387771787,-8.730234387771787,1527.4214056925525,111.40639664265923,70.97680557258464,-64.71611855436733,8.730234387771787,0.0,0.0,35.532053958231174,0.0,245.3,27.74,0.0,0.9,8.14,0.0,0.0,0.0,inferred_20260921_seed4,4,11ed1195aabfcd298bcaf379e7f064ad8010cd8ca67a057b647baa8bf9ef6e77,1500,pre_fed,A2C-MADRL,deterministic,143094c22c04bec4bf42ca11338a74996b0ba209d289db5c265af8602d024ac1
2,6,5,120.25,30.15,0.0,8.13,4.07,-0.4226377606391907,-0.3571668863296509,84.11896161519947,-17.13580569973715,84.11896161519947,-0.18947368421052882,0.9,0.9,2.281589758619779,8.452101827630841,-8.452101827630841,896.5732997188004,119.10680096398887,68.71558785863874,-51.23561655004322,8.452101827630841,0.0,0.0,34.40005443845752,0.0,113.75,27.74,0.0,0.9,8.14,0.0,0.0,0.0,inferred_20260921_seed4,4,11ed1195aabfcd298bcaf379e7f064ad8010cd8ca67a057b647baa8bf9ef6e77,1500,pre_fed,A2C-MADRL,deterministic,143094c22c04bec4bf42ca11338a74996b0ba209d289db5c265af8602d024ac1
3,6,5,135.43,30.15,0.0,8.13,4.07,0.43676885962486267,-0.4033564031124115,141.0962580411291,-19.140858123151695,141.0962580411291,-0.18947368421052882,0.9,0.9,3.4211356871383716,-32.2056486697802,32.2056486697802,1116.8967225344445,126.80720528531852,261.8319236853131,-142.69844421478615,0.0,17.18233621540263,-15.023312454377574,-69.9321083966887,0.0,128.38,27.74,0.0,0.9,8.14,8.730234387771787,8.452101827630841,0.0,inferred_20260921_seed4,4,11ed1195aabfcd298bcaf379e7f064ad8010cd8ca67a057b647baa8bf9ef6e77,1500,pre_fed,A2C-MADRL,deterministic,143094c22c04bec4bf42ca11338a74996b0ba209d289db5c265af8602d024ac1
1,7,6,274.6,28.65,0.16,8.34,4.17,3.1043715476989746,-0.6992654800415039,199.59845491979488,-30.195067062172683,199.59845491979488,-0.18947368421052882,0.9,0.9,4.5643796247116875,50.94539838912735,-50.94539838912735,1527.4034621128185,111.40639664265923,424.8846225653221,-223.9742773295045,19.936605953152082,0.0,31.008792435975266,341.7489757406779,0.0,233.7,30.15,0.0,0.9,8.13,0.0,0.0,0.0,inferred_20260921_seed4,4,11ed1195aabfcd298bcaf379e7f064ad8010cd8ca67a057b647baa8bf9ef6e77,1500,pre_fed,A2C-MADRL,deterministic,143094c22c04bec4bf42ca11338a74996b0ba209d289db5c265af8602d024ac1
2,7,6,130.0,28.65,0.16,8.34,4.17,-0.4282066226005554,-0.360954612493515,83.46499443373835,-17.302730279535776,83.46499443373835,-0.18947368421052882,0.9,0.9,2.2417104149905565,20.15618966546272,-20.15618966546272,892.025848631896,119.10680096398887,168.10262180995906,-95.86883280639928,0.0,0.0,20.15618966546272,168.10262180995906,0.0,120.25,30.15,0.0,0.9,8.13,0.0,0.0,0.0,inferred_20260921_seed4,4,11ed1195aabfcd298bcaf379e7f064ad8010cd8ca67a057b647baa8bf9ef6e77,1500,pre_fed,A2C-MADRL,deterministic,143094c22c04bec4bf42ca11338a74996b0ba209d289db5c265af8602d024ac1
3,7,6,146.72,28.65,0.16,8.34,4.17,0.4408784806728363,-0.40689578652381897,141.43723486089633,-19.29168764801947,141.43723486089633,-0.18947368421052882,0.9,0.9,3.401155223533716,-19.936605953152082,19.936605953152082,1119.7930028902229,126.80720528531852,166.27129364928837,-99.75408630569059,0.0,19.936605953152082,0.0,-83.13564682464418,0.0,135.43,30.15,0.0,0.9,8.13,19.936605953152082,0.0,0.0,inferred_20260921_seed4,4,11ed1195aabfcd298bcaf379e7f064ad8010cd8ca67a057b647baa8bf9ef6e77,1500,pre_fed,A2C-MADRL,deterministic,143094c22c04bec4bf42ca11338a74996b0ba209d289db5c265af8602d024ac1
1,8,7,291.0,23.38,1.77,9.35,4.68,3.1322922706604004,-0.7058338522911072,199.62022179623585,-30.402885117880786,199.62022179623585,-0.18947368421052882,0.9,0.9,4.491614962240507,70.91086685021517,-70.91086685021517,1527.5983555692942,111.40639664265923,663.0166050495118,-331.1375673165194,0.0,0.0,70.91086685021517,663.0166050495118,0.0,274.6,28.65,0.16,0.9,8.34,0.0,0.0,0.0,inferred_20260921_seed4,4,11ed1195aabfcd298bcaf379e7f064ad8010cd8ca67a057b647baa8bf9ef6e77,1500,pre_fed,A2C-MADRL,deterministic,143094c22c04bec4bf42ca11338a74996b0ba209d289db5c265af8602d024ac1
2,8,7,157.95,23.38,1.77,9.35,4.68,-0.425900936126709,-0.3590758144855499,83.73540289926683,-17.219986338250393,83.73540289926683,-0.18947368421052882,0.9,0.9,2.173918584301126,51.42798936924481,-51.42798936924481,893.9053829779749,119.10680096398887,480.851700602439,-236.64350894993683,0.0,0.0,51.42798936924481,480.851700602439,0.0,130.0,28.65,0.16,0.9,8.34,0.0,0.0,0.0,inferred_20260921_seed4,4,11ed1195aabfcd298bcaf379e7f064ad8010cd8ca67a057b647baa8bf9ef6e77,1500,pre_fed,A2C-MADRL,deterministic,143094c22c04bec4bf42ca11338a74996b0ba209d289db5c265af8602d024ac1
3,8,7,178.26,23.38,1.77,9.35,4.68,0.4469587206840515,-0.40853291749954224,141.93958658208982,-19.3613143592521,141.93958658208982,-0.18947368421052882,0.9,0.9,3.338002257957586,14.697889360078278,-14.697889360078278,1124.0640373133401,126.80720528531852,137.42526551673188,-86.85879433450253,0.0,0.0,14.697889360078278,137.42526551673188,0.0,146.72,28.65,0.16,0.9,8.34,0.0,0.0,0.0,inferred_20260921_seed4,4,11ed1195aabfcd298bcaf379e7f064ad8010cd8ca67a057b647baa8bf9ef6e77,1500,pre_fed,A2C-MADRL,deterministic,143094c22c04bec4bf42ca11338a74996b0ba209d289db5c265af8602d024ac1
1,9,8,315.7,21.75,5.3,12.0,6.0,3.1412477493286133,-0.7076699137687683,199.62695085782465,-30.460680868561735,199.62695085782465,-0.18947368421052882,0.9,0.9,4.529749543472283,93.74227236985814,-93.74227236985814,1527.658606927975,111.40639664265923,1124.9072684382977,-538.9895708686466,0.0,0.0,93.74227236985814,1124.9072684382977,0.0,291.0,23.38,1.77,0.9,9.35,0.0,0.0,0.0,inferred_20260921_seed4,4,11ed1195aabfcd298bcaf379e7f064ad8010cd8ca67a057b647baa8bf9ef6e77,1500,pre_fed,A2C-MADRL,deterministic,143094c22c04bec4bf42ca11338a74996b0ba209d289db5c265af8602d024ac1
2,9,8,165.1,21.75,5.3,12.0,6.0,-0.41826894879341125,-0.35192716121673584,84.63404415367545,-16.90417704079774,84.63404415367545,-0.18947368421052882,0.9,0.9,2.2298914093892983,55.83532093992437,-55.83532093992437,900.1595736594043,119.10680096398887,670.0238512790925,-321.8960605680595,0.0,0.0,55.83532093992437,670.0238512790925,0.0,157.95,23.38,1.77,0.9,9.35,0.0,0.0,0.0,inferred_20260921_seed4,4,11ed1195aabfcd298bcaf379e7f064ad8010cd8ca67a057b647baa8bf9ef6e77,1500,pre_fed,A2C-MADRL,deterministic,143094c22c04bec4bf42ca11338a74996b0ba209d289db5c265af8602d024ac1
3,9,8,186.33,21.75,5.3,12.0,6.0,0.46773427724838257,-0.41421765089035034,143.6366836863068,-19.602398100133552,143.6366836863068,-0.18947368421052882,0.9,0.9,3.409944200041926,19.24273419794565,-19.24273419794565,1138.528352771244,126.80720528531852,230.91281037534782,-129.21747583003778,0.0,0.0,19.24273419794565,230.91281037534782,0.0,178.26,23.38,1.77,0.9,9.35,0.0,0.0,0.0,inferred_20260921_seed4,4,11ed1195aabfcd298bcaf379e7f064ad8010cd8ca67a057b647baa8bf9ef6e77,1500,pre_fed,A2C-MADRL,deterministic,143094c22c04bec4bf42ca11338a74996b0ba209d289db5c265af8602d024ac1
1,10,9,362.4,34.82,11.6,9.19,4.6,3.1777126789093018,-0.7157713174819946,199.65314337886008,-30.714156237235485,199.65314337886008,-0.18947368421052882,0.9,0.9,4.917673393892991,121.43400369924342,-121.43400369924342,1527.8931391816627,111.40639664265923,1115.978493996047,-534.9763130147077,0.0,0.0,121.43400369924342,1115.978493996047,0.0,315.7,21.75,5.3,0.9,12.0,0.0,0.0,0.0,inferred_20260921_seed4,4,11ed1195aabfcd298bcaf379e7f064ad8010cd8ca67a057b647baa8bf9ef6e77,1500,pre_fed,A2C-MADRL,deterministic,143094c22c04bec4bf42ca11338a74996b0ba209d289db5c265af8602d024ac1
2,10,9,169.0,34.82,11.6,9.19,4.6,-0.4225800037384033,-0.3495350778102875,84.12575947428522,-16.79815814680996,84.12575947428522,-0.18947368421052882,0.9,0.9,2.6071257158014935,41.25083992572681,-41.25083992572681,896.6206037080922,119.10680096398887,379.09521891742935,-190.90739660628483,0.0,0.0,41.25083992572681,379.09521891742935,0.0,165.1,21.75,5.3,0.9,12.0,0.0,0.0,0.0,inferred_20260921_seed4,4,11ed1195aabfcd298bcaf379e7f064ad8010cd8ca67a057b647baa8bf9ef6e77,1500,pre_fed,A2C-MADRL,deterministic,143094c22c04bec4bf42ca11338a74996b0ba209d289db5c265af8602d024ac1
3,10,9,190.73,34.82,11.6,9.19,4.6,0.4937695264816284,-0.42613834142684937,145.72031305630875,-20.104451047385304,145.72031305630875,-0.18947368421052882,0.9,0.9,3.8390167874419645,2.6181774153437516,-2.6181774153437516,1156.3619104108257,126.80720528531852,24.061050447009077,-36.49085501507697,0.0,0.0,2.6181774153437516,24.061050447009077,0.0,186.33,21.75,5.3,0.9,12.0,0.0,0.0,0.0,inferred_20260921_seed4,4,11ed1195aabfcd298bcaf379e7f064ad8010cd8ca67a057b647baa8bf9ef6e77,1500,pre_fed,A2C-MADRL,deterministic,143094c22c04bec4bf42ca11338a74996b0ba209d289db5c265af8602d024ac1
1,11,10,320.0,27.17,36.64,12.3,6.15,3.2109029293060303,-0.7241251468658447,199.67538418051907,-30.9729006420712,199.67538418051907,-0.18947368421052882,0.9,0.9,5.265918209926171,61.97000771361763,-61.97000771361763,1528.092295798436,111.40639664265923,762.231094877497,-375.79396654369555,8.874990105150033,0.0,53.0950176084676,707.6499057308242,0.0,362.4,34.82,11.6,0.9,9.19,0.0,0.0,0.0,inferred_20260921_seed4,4,11ed1195aabfcd298bcaf379e7f064ad8010cd8ca67a057b647baa8bf9ef6e77,1500,pre_fed,A2C-MADRL,deterministic,143094c22c04bec4bf42ca11338a74996b0ba209d289db5c265af8602d024ac1
2,11,10,173.55,27.17,36.64,12.3,6.15,-0.44486328959465027,-0.36661550402641296,81.52655143178055,-17.551389421542446,81.52655143178055,-0.18947368421052882,0.9,0.9,2.9029415549514006,31.3058638073814,-31.3058638073814,878.58480940404,119.10680096398887,385.0621248307912,-193.23178838121663,0.0,0.0,31.3058638073814,385.0621248307912,0.0,169.0,34.82,11.6,0.9,9.19,0.0,0.0,0.0,inferred_20260921_seed4,4,11ed1195aabfcd298bcaf379e7f064ad8010cd8ca67a057b647baa8bf9ef6e77,1500,pre_fed,A2C-MADRL,deterministic,143094c22c04bec4bf42ca11338a74996b0ba209d289db5c265af8602d024ac1
3,11,10,195.87,27.17,36.64,12.3,6.15,0.4885053336620331,-0.43175366520881653,145.30293297517994,-20.33929149462591,145.30293297517994,-0.18947368421052882,0.9,0.9,4.178469185819388,-8.874990105150033,8.874990105150033,1152.7829927320968,126.80720528531852,109.16237829334541,-74.71487419235375,0.0,8.874990105150033,0.0,-54.581189146672706,0.0,190.73,34.82,11.6,0.9,9.19,8.874990105150033,0.0,0.0,inferred_20260921_seed4,4,11ed1195aabfcd298bcaf379e7f064ad8010cd8ca67a057b647baa8bf9ef6e77,1500,pre_fed,A2C-MADRL,deterministic,143094c22c04bec4bf42ca11338a74996b0ba209d289db5c265af8602d024ac1
1,12,11,350.0,30.2,42.68,20.7,10.35,3.207494020462036,-0.7223000526428223,199.67316707641197,-30.916599349682677,199.67316707641197,-0.18947368421052882,0.9,0.9,5.447273867844029,83.08358047564263,-83.08358047564263,1528.0724422447065,111.40639664265923,1719.8301158458025,-806.7131289083585,27.19164641460037,0.0,55.891934061042264,1438.3965754546887,0.0,320.0,27.17,36.64,0.9,12.3,0.0,0.0,0.0,inferred_20260921_seed4,4,11ed1195aabfcd298bcaf379e7f064ad8010cd8ca67a057b647baa8bf9ef6e77,1500,pre_fed,A2C-MADRL,deterministic,143094c22c04bec4bf42ca11338a74996b0ba209d289db5c265af8602d024ac1
2,12,11,168.35,30.2,42.68,20.7,10.35,-0.43819040060043335,-0.3482171595096588,82.29993150571318,-16.73967412464341,82.29993150571318,-0.18947368421052882,0.9,0.9,3.099809156430053,16.45935133492739,-16.45935133492739,883.9405292688734,119.10680096398887,340.70857263299695,-173.3798042895059,0.0,0.0,16.45935133492739,340.70857263299695,0.0,173.55,27.17,36.64,0.9,12.3,0.0,0.0,0.0,inferred_20260921_seed4,4,11ed1195aabfcd298bcaf379e7f064ad8010cd8ca67a057b647baa8bf9ef6e77,1500,pre_fed,A2C-MADRL,deterministic,143094c22c04bec4bf42ca11338a74996b0ba209d289db5c265af8602d024ac1
3,12,11,190.0,30.2,42.68,20.7,10.35,0.5351869463920593,-0.4485073983669281,148.9336026787007,-21.033565633651644,148.9336026787007,-0.18947368421052882,0.9,0.9,4.432482579889804,-27.19164641460037,27.19164641460037,1184.0258026283934,126.80720528531852,562.8670807822276,-279.50684651027666,0.0,27.19164641460037,0.0,-281.4335403911138,0.0,195.87,27.17,36.64,0.9,12.3,27.19164641460037,0.0,0.0,inferred_20260921_seed4,4,11ed1195aabfcd298bcaf379e7f064ad8010cd8ca67a057b647baa8bf9ef6e77,1500,pre_fed,A2C-MADRL,deterministic,143094c22c04bec4bf42ca11338a74996b0ba209d289db5c265af8602d024ac1
1,13,12,345.2,23.52,35.22,26.82,13.41,3.2739198207855225,-0.7372462153434753,199.7137685293207,-31.373925324532877,199.7137685293207,-0.18947368421052882,0.9,0.9,5.165285896902203,92.10099105179202,-92.10099105179202,1528.4360296431973,111.40639664265923,2470.1485800090622,-1144.3637095297952,17.145672855387005,0.0,74.95531819640502,2240.2251070183224,0.0,350.0,30.2,42.68,0.9,20.7,0.0,0.0,0.0,inferred_20260921_seed4,4,11ed1195aabfcd298bcaf379e7f064ad8010cd8ca67a057b647baa8bf9ef6e77,1500,pre_fed,A2C-MADRL,deterministic,143094c22c04bec4bf42ca11338a74996b0ba209d289db5c265af8602d024ac1
2,13,12,168.35,23.52,35.22,26.82,13.41,-0.4636020064353943,-0.3508020043373108,79.37784506468795,-16.854330555008378,79.37784506468795,-0.18947368421052882,0.9,0.9,2.7585674276095484,33.180196047132114,-33.180196047132114,863.7525613494909,119.10680096398887,889.8928579840833,-420.1089733391071,0.0,0.0,33.180196047132114,889.8928579840833,0.0,168.35,30.2,42.68,0.9,20.7,0.0,0.0,0.0,inferred_20260921_seed4,4,11ed1195aabfcd298bcaf379e7f064ad8010cd8ca67a057b647baa8bf9ef6e77,1500,pre_fed,A2C-MADRL,deterministic,143094c22c04bec4bf42ca11338a74996b0ba209d289db5c265af8602d024ac1
3,13,12,190.0,23.52,35.22,26.82,13.41,0.5876815319061279,-0.476710706949234,152.82260925093195,-22.18027311732701,152.82260925093195,-0.18947368421052882,0.9,0.9,4.227462711334429,-17.145672855387005,17.145672855387005,1217.7694837814133,126.80720528531852,459.8469459814795,-233.8226594730004,0.0,17.145672855387005,0.0,-229.92347299073975,0.0,190.0,30.2,42.68,0.9,20.7,17.145672855387005,0.0,0.0,inferred_20260921_seed4,4,11ed1195aabfcd298bcaf379e7f064ad8010cd8ca67a057b647baa8bf9ef6e77,1500,pre_fed,A2C-MADRL,deterministic,143094c22c04bec4bf42ca11338a74996b0ba209d289db5c265af8602d024ac1
1,14,13,320.6,39.48,35.46,27.35,13.68,3.2874042987823486,-0.7399727702140808,199.72137412078172,-31.45643547695472,199.72137412078172,-0.18947368421052882,0.9,0.9,5.489438008731423,51.6175375721603,-51.6175375721603,1528.5041409444866,111.40639664265923,1411.7396525985844,-668.0810544211058,37.49909990716699,0.0,14.118437664993309,899.1269568676114,0.0,345.2,23.52,35.22,0.9,26.82,0.0,0.0,0.0,inferred_20260921_seed4,4,11ed1195aabfcd298bcaf379e7f064ad8010cd8ca67a057b647baa8bf9ef6e77,1500,pre_fed,A2C-MADRL,deterministic,143094c22c04bec4bf42ca11338a74996b0ba209d289db5c265af8602d024ac1
2,14,13,165.75,39.48,35.46,27.35,13.68,-0.4611314535140991,-0.3423094153404236,79.65917003913042,-16.476879168412374,79.65917003913042,-0.18947368421052882,0.9,0.9,3.088193927098398,14.428497572178486,-14.428497572178486,865.6905194443162,119.10680096398887,394.6194085990816,-197.27468027775282,0.0,0.0,14.428497572178486,394.6194085990816,0.0,168.35,23.52,35.22,0.9,26.82,0.0,0.0,0.0,inferred_20260921_seed4,4,11ed1195aabfcd298bcaf379e7f064ad8010cd8ca67a057b647baa8bf9ef6e77,1500,pre_fed,A2C-MADRL,deterministic,143094c22c04bec4bf42ca11338a74996b0ba209d289db5c265af8602d024ac1
3,14,13,187.07,39.48,35.46,27.35,13.68,0.6098424196243286,-0.48330771923065186,154.4016164466258,-22.444436912596874,154.4016164466258,-0.18947368421052882,0.9,0.9,4.583042855248306,-37.49909990716699,37.49909990716699,1231.5520535875398,126.80720528531852,1025.6003824610173,-488.6873572849149,0.0,37.49909990716699,0.0,-512.9876867300444,0.0,190.0,23.52,35.22,0.9,26.82,37.49909990716699,0.0,0.0,inferred_20260921_seed4,4,11ed1195aabfcd298bcaf379e7f064ad8010cd8ca67a057b647baa8bf9ef6e77,1500,pre_fed,A2C-MADRL,deterministic,143094c22c04bec4bf42ca11338a74996b0ba209d289db5c265af8602d024ac1
1,15,14,333.2,35.74,34.83,13.81,6.91,3.299994468688965,-0.7431659698486328,199.72829300822247,-31.552707837614253,199.72829300822247,-0.18947368421052882,0.9,0.9,5.402176386480238,68.4933570624683,-68.4933570624683,1528.5661033336573,111.40639664265923,945.8932610326873,-458.45141746423565,28.42582343873994,0.0,40.067533623728366,749.7550793053817,0.0,320.6,39.48,35.46,0.9,27.35,0.0,0.0,0.0,inferred_20260921_seed4,4,11ed1195aabfcd298bcaf379e7f064ad8010cd8ca67a057b647baa8bf9ef6e77,1500,pre_fed,A2C-MADRL,deterministic,143094c22c04bec4bf42ca11338a74996b0ba209d289db5c265af8602d024ac1
2,15,14,170.3,35.74,34.83,13.81,6.91,-0.4942563772201538,-0.3650788366794586,75.93766223740874,-17.48398719619069,75.93766223740874,-0.18947368421052882,0.9,0.9,2.9263637710639645,26.90817521786576,-26.90817521786576,840.1515384587108,119.10680096398887,371.6018997587262,-186.40602167988078,0.0,0.0,26.90817521786576,371.6018997587262,0.0,165.75,39.48,35.46,0.9,27.35,0.0,0.0,0.0,inferred_20260921_seed4,4,11ed1195aabfcd298bcaf379e7f064ad8010cd8ca67a057b647baa8bf9ef6e77,1500,pre_fed,A2C-MADRL,deterministic,143094c22c04bec4bf42ca11338a74996b0ba209d289db5c265af8602d024ac1
3,15,14,192.2,35.74,34.83,13.81,6.91,0.6147736310958862,-0.49608972668647766,154.74786494823084,-22.951819020096657,154.74786494823084,-0.18947368421052882,0.9,0.9,4.502567825280407,-28.42582343873994,28.42582343873994,1234.580661556562,126.80720528531852,392.5606216889986,-203.88003709688698,0.0,28.42582343873994,0.0,-196.422439961693,0.0,187.07,39.48,35.46,0.9,27.35,28.42582343873994,0.0,0.0,inferred_20260921_seed4,4,11ed1195aabfcd298bcaf379e7f064ad8010cd8ca67a057b647baa8bf9ef6e77,1500,pre_fed,A2C-MADRL,deterministic,143094c22c04bec4bf42ca11338a74996b0ba209d289db5c265af8602d024ac1
1,16,15,316.8,18.06,23.62,17.31,8.66,3.237635374069214,-0.7294438481330872,199.69225792847988,-31.136249187632043,199.69225792847988,-0.18947368421052882,0.9,0.9,4.823655684885387,80.44087144061604,-80.44087144061604,1528.2433981511585,111.40639664265923,1392.4314846370635,-659.387163982555,0.0,0.0,80.44087144061604,1392.4314846370635,0.0,333.2,35.74,34.83,0.9,13.81,0.0,0.0,0.0,inferred_20260921_seed4,4,11ed1195aabfcd298bcaf379e7f064ad8010cd8ca67a057b647baa8bf9ef6e77,1500,pre_fed,A2C-MADRL,deterministic,143094c22c04bec4bf42ca11338a74996b0ba209d289db5c265af8602d024ac1
2,16,15,172.25,18.06,23.62,17.31,8.66,-0.46010634303092957,-0.3617376983165741,79.77607680840796,-17.337186351616662,79.77607680840796,-0.18947368421052882,0.9,0.9,2.425332062483949,53.4087289382865,-53.4087289382865,866.4962067469089,119.10680096398887,924.5050979217392,-435.73935421900063,0.0,0.0,53.4087289382865,924.5050979217392,0.0,170.3,35.74,34.83,0.9,13.81,0.0,0.0,0.0,inferred_20260921_seed4,4,11ed1195aabfcd298bcaf379e7f064ad8010cd8ca67a057b647baa8bf9ef6e77,1500,pre_fed,A2C-MADRL,deterministic,143094c22c04bec4bf42ca11338a74996b0ba209d289db5c265af8602d024ac1
3,16,15,194.4,18.06,23.62,17.31,8.66,0.5443512797355652,-0.45933252573013306,149.62746527420668,-21.47700226680087,149.62746527420668,-0.18947368421052882,0.9,0.9,3.8223598317999232,7.104368241803769,-7.104368241803769,1190.0251677047881,126.80720528531852,122.97661426562323,-81.6761238793326,0.0,0.0,7.104368241803769,122.97661426562323,0.0,192.2,35.74,34.83,0.9,13.81,0.0,0.0,0.0,inferred_20260921_seed4,4,11ed1195aabfcd298bcaf379e7f064ad8010cd8ca67a057b647baa8bf9ef6e77,1500,pre_fed,A2C-MADRL,deterministic,143094c22c04bec4bf42ca11338a74996b0ba209d289db5c265af8602d024ac1
1,17,16,291.3,24.27,14.18,16.42,8.21,3.217339277267456,-0.7240480780601501,199.67952942803757,-30.970525762230906,199.67952942803757,-0.18947368421052882,0.9,0.9,4.758801114876541,58.1187453710495,-58.1187453710495,1528.1294155564551,111.40639664265923,954.3097989926329,-462.23012579066705,0.0,0.0,58.1187453710495,954.3097989926329,0.0,316.8,18.06,23.62,0.9,17.31,0.0,0.0,0.0,inferred_20260921_seed4,4,11ed1195aabfcd298bcaf379e7f064ad8010cd8ca67a057b647baa8bf9ef6e77,1500,pre_fed,A2C-MADRL,deterministic,143094c22c04bec4bf42ca11338a74996b0ba209d289db5c265af8602d024ac1
2,17,16,165.75,24.27,14.18,16.42,8.21,-0.4297635555267334,-0.33938688039779663,83.28268344941308,-16.346495859128023,83.28268344941308,-0.18947368421052882,0.9,0.9,2.4308641953040513,46.63765443010149,-46.63765443010149,890.7592827479334,119.10680096398887,765.7902857422665,-364.80295025825836,0.0,0.0,46.63765443010149,765.7902857422665,0.0,172.25,18.06,23.62,0.9,17.31,0.0,0.0,0.0,inferred_20260921_seed4,4,11ed1195aabfcd298bcaf379e7f064ad8010cd8ca67a057b647baa8bf9ef6e77,1500,pre_fed,A2C-MADRL,deterministic,143094c22c04bec4bf42ca11338a74996b0ba209d289db5c265af8602d024ac1
3,17,16,187.07,24.27,14.18,16.42,8.21,0.5497859716415405,-0.4507520794868469,150.03597841358763,-21.125850964970965,150.03597841358763,-0.18947368421052882,0.9,0.9,3.7659300945875422,2.5394253652104055,-2.5394253652104055,1193.5615853589081,126.80720528531852,41.697364496754865,-45.171189836424226,0.0,0.0,2.5394253652104055,41.697364496754865,0.0,194.4,18.06,23.62,0.9,17.31,0.0,0.0,0.0,inferred_20260921_seed4,4,11ed1195aabfcd298bcaf379e7f064ad8010cd8ca67a057b647baa8bf9ef6e77,1500,pre_fed,A2C-MADRL,deterministic,143094c22c04bec4bf42ca11338a74996b0ba209d289db5c265af8602d024ac1
1,18,17,413.8,26.26,4.67,9.83,4.92,3.206174850463867,-0.7217130661010742,199.67230505623726,-30.89846470137766,199.67230505623726,-0.18947368421052882,0.9,0.9,4.608256627440534,187.99542525541383,-187.99542525541383,1528.0647231140929,111.40639664265923,1847.995030260718,-864.3871860124582,0.0,0.0,187.99542525541383,1847.995030260718,0.0,291.3,24.27,14.18,0.9,16.42,0.0,0.0,0.0,inferred_20260921_seed4,4,11ed1195aabfcd298bcaf379e7f064ad8010cd8ca67a057b647baa8bf9ef6e77,1500,pre_fed,A2C-MADRL,deterministic,143094c22c04bec4bf42ca11338a74996b0ba209d289db5c265af8602d024ac1
2,18,17,164.25,26.26,4.67,9.83,4.92,-0.4403785765171051,-0.3516336977481842,82.0458527753304,-16.89117972898706,82.0458527753304,-0.18947368421052882,0.9,0.9,2.2557275818223976,53.719348490702515,-53.719348490702515,882.1800106418737,119.10680096398887,528.0611956636058,-257.6532742807398,0.0,0.0,53.719348490702515,528.0611956636058,0.0,165.75,24.27,14.18,0.9,16.42,0.0,0.0,0.0,inferred_20260921_seed4,4,11ed1195aabfcd298bcaf379e7f064ad8010cd8ca67a057b647baa8bf9ef6e77,1500,pre_fed,A2C-MADRL,deterministic,143094c22c04bec4bf42ca11338a74996b0ba209d289db5c265af8602d024ac1
3,18,17,185.6,26.26,4.67,9.83,4.92,0.5342016220092773,-0.4481092691421509,148.85862768256587,-21.0171791628869,148.85862768256587,-0.18947368421052882,0.9,0.9,3.5919830799671066,9.592829081611768,-9.592829081611768,1183.378091673307,126.80720528531852,94.29750987224368,-68.63758538168217,0.0,0.0,9.592829081611768,94.29750987224368,0.0,187.07,24.27,14.18,0.9,16.42,0.0,0.0,0.0,inferred_20260921_seed4,4,11ed1195aabfcd298bcaf379e7f064ad8010cd8ca67a057b647baa8bf9ef6e77,1500,pre_fed,A2C-MADRL,deterministic,143094c22c04bec4bf42ca11338a74996b0ba209d289db5c265af8602d024ac1
1,19,18,539.8,26.77,0.18,8.63,4.32,3.221346378326416,-0.7265769839286804,199.68208341367475,-31.048335817567363,199.68208341367475,-0.18947368421052882,0.9,0.9,4.528852194589285,317.886242465125,-317.886242465125,1528.1522860612681,111.40639664265923,2743.358272474029,-1267.3023962673917,0.0,0.0,317.886242465125,2743.358272474029,0.0,413.8,26.26,4.67,0.9,9.83,0.0,0.0,0.0,inferred_20260921_seed4,4,11ed1195aabfcd298bcaf379e7f064ad8010cd8ca67a057b647baa8bf9ef6e77,1500,pre_fed,A2C-MADRL,deterministic,143094c22c04bec4bf42ca11338a74996b0ba209d289db5c265af8602d024ac1
2,19,18,162.5,26.77,0.18,8.63,4.32,-0.4267722964286804,-0.3559195399284363,83.63315164438043,-17.08074018060259,83.63315164438043,-0.18947368421052882,0.9,0.9,2.2078735592033985,54.31419559903348,-54.31419559903348,893.1945321502676,119.10680096398887,468.731508019659,-231.1752052711317,0.0,0.0,54.31419559903348,468.731508019659,0.0,164.25,26.26,4.67,0.9,9.83,0.0,0.0,0.0,inferred_20260921_seed4,4,11ed1195aabfcd298bcaf379e7f064ad8010cd8ca67a057b647baa8bf9ef6e77,1500,pre_fed,A2C-MADRL,deterministic,143094c22c04bec4bf42ca11338a74996b0ba209d289db5c265af8602d024ac1
3,19,18,183.4,26.77,0.18,8.63,4.32,0.4792158305644989,-0.42175036668777466,144.56153753977077,-19.920199826357322,144.56153753977077,-0.18947368421052882,0.9,0.9,3.426441277111205,15.504377421550942,-15.504377421550942,1146.4338953967622,126.80720528531852,133.80277714798464,-85.6760717302347,0.0,0.0,15.504377421550942,133.80277714798464,0.0,185.6,26.26,4.67,0.9,9.83,0.0,0.0,0.0,inferred_20260921_seed4,4,11ed1195aabfcd298bcaf379e7f064ad8010cd8ca67a057b647baa8bf9ef6e77,1500,pre_fed,A2C-MADRL,deterministic,143094c22c04bec4bf42ca11338a74996b0ba209d289db5c265af8602d024ac1
1,20,19,557.2,26.22,0.0,8.87,4.44,3.263920307159424,-0.736859917640686,199.7079949959392,-31.36221243659213,199.7079949959392,-0.18947368421052882,0.9,0.9,4.514770426234573,335.97624911450595,-335.97624911450595,1528.3843258256866,111.40639664265923,2980.1093296456675,-1373.8450127899173,0.0,0.0,335.97624911450595,2980.1093296456675,0.0,539.8,26.77,0.18,0.9,8.63,0.0,0.0,0.0,inferred_20260921_seed4,4,11ed1195aabfcd298bcaf379e7f064ad8010cd8ca67a057b647baa8bf9ef6e77,1500,pre_fed,A2C-MADRL,deterministic,143094c22c04bec4bf42ca11338a74996b0ba209d289db5c265af8602d024ac1
2,20,19,165.75,26.22,0.0,8.87,4.44,-0.42373374104499817,-0.3572995662689209,83.99002658224131,-17.141660238750962,83.99002658224131,-0.18947368421052882,0.9,0.9,2.2004110579606158,57.929858159929836,-57.929858159929836,895.6762176833013,119.10680096398887,513.8378418785776,-251.52268921830571,0.0,0.0,57.929858159929836,513.8378418785776,0.0,162.5,26.77,0.18,0.9,8.63,0.0,0.0,0.0,inferred_20260921_seed4,4,11ed1195aabfcd298bcaf379e7f064ad8010cd8ca67a057b647baa8bf9ef6e77,1500,pre_fed,A2C-MADRL,deterministic,143094c22c04bec4bf42ca11338a74996b0ba209d289db5c265af8602d024ac1
3,20,19,187.07,26.22,0.0,8.87,4.44,0.4639570713043213,-0.4144648313522339,143.33038374136441,-19.61285650784628,143.33038374136441,-0.18947368421052882,0.9,0.9,3.387218201143078,21.096308143989177,-21.096308143989177,1135.9137191200716,126.80720528531852,187.12425323718398,-109.46033244484059,0.0,0.0,21.096308143989177,187.12425323718398,0.0,183.4,26.77,0.18,0.9,8.63,0.0,0.0,0.0,inferred_20260921_seed4,4,11ed1195aabfcd298bcaf379e7f064ad8010cd8ca67a057b647baa8bf9ef6e77,1500,pre_fed,A2C-MADRL,deterministic,143094c22c04bec4bf42ca11338a74996b0ba209d289db5c265af8602d024ac1
1,21,20,557.1,32.84,0.0,8.35,4.18,3.270419120788574,-0.7383544445037842,199.71176037475152,-31.40749631062489,199.71176037475152,-0.18947368421052882,0.9,0.9,4.64724573381082,329.3849590432699,-329.3849590432699,1528.4180459226343,111.40639664265923,2750.364408011303,-1270.4604724563924,0.0,0.0,329.3849590432699,2750.364408011303,0.0,557.2,26.22,0.0,0.9,8.87,0.0,0.0,0.0,inferred_20260921_seed4,4,11ed1195aabfcd298bcaf379e7f064ad8010cd8ca67a057b647baa8bf9ef6e77,1500,pre_fed,A2C-MADRL,deterministic,143094c22c04bec4bf42ca11338a74996b0ba209d289db5c265af8602d024ac1
2,21,20,169.0,32.84,0.0,8.35,4.18,-0.423250287771225,-0.356691837310791,84.04688782297791,-17.114839665280286,84.04688782297791,-0.18947368421052882,0.9,0.9,2.333948282775348,54.63653414400797,-54.63653414400797,896.071805915249,119.10680096398887,456.2150601024665,-225.60034918369468,0.0,0.0,54.63653414400797,456.2150601024665,0.0,165.75,26.22,0.0,0.9,8.87,0.0,0.0,0.0,inferred_20260921_seed4,4,11ed1195aabfcd298bcaf379e7f064ad8010cd8ca67a057b647baa8bf9ef6e77,1500,pre_fed,A2C-MADRL,deterministic,143094c22c04bec4bf42ca11338a74996b0ba209d289db5c265af8602d024ac1
3,21,20,190.73,32.84,0.0,8.35,4.18,0.46680036187171936,-0.4154214560985565,143.56104459001298,-19.653312967108697,143.56104459001298,-0.18947368421052882,0.9,0.9,3.5242314181160492,18.042660512313574,-18.042660512313574,1137.8825175438444,126.80720528531852,150.65621527781835,-93.08909133160151,0.0,0.0,18.042660512313574,150.65621527781835,0.0,187.07,26.22,0.0,0.9,8.87,0.0,0.0,0.0,inferred_20260921_seed4,4,11ed1195aabfcd298bcaf379e7f064ad8010cd8ca67a057b647baa8bf9ef6e77,1500,pre_fed,A2C-MADRL,deterministic,143094c22c04bec4bf42ca11338a74996b0ba209d289db5c265af8602d024ac1
1,22,21,535.0,36.02,0.0,16.44,8.22,3.27646541595459,-0.7398534417152405,199.71522001519722,-31.452830309871725,199.71522001519722,-0.18947368421052882,0.9,0.9,4.7109149266197345,304.165168595633,-304.165168595633,1528.449028243249,111.40639664265923,5000.475371712208,-2283.0110257682113,0.0,0.0,304.165168595633,5000.475371712208,0.0,557.1,32.84,0.0,0.9,8.35,0.0,0.0,0.0,inferred_20260921_seed4,4,11ed1195aabfcd298bcaf379e7f064ad8010cd8ca67a057b647baa8bf9ef6e77,1500,pre_fed,A2C-MADRL,deterministic,143094c22c04bec4bf42ca11338a74996b0ba209d289db5c265af8602d024ac1
2,22,21,161.2,36.02,0.0,16.44,8.22,-0.43645569682121277,-0.36636102199554443,82.50168160401041,-17.54023219382098,82.50168160401041,-0.18947368421052882,0.9,0.9,2.3666441583959976,45.2344362385961,-45.2344362385961,885.3391602636993,119.10680096398887,743.65413176252,-354.7332785176878,0.0,0.0,45.2344362385961,743.65413176252,0.0,169.0,32.84,0.0,0.9,8.35,0.0,0.0,0.0,inferred_20260921_seed4,4,11ed1195aabfcd298bcaf379e7f064ad8010cd8ca67a057b647baa8bf9ef6e77,1500,pre_fed,A2C-MADRL,deterministic,143094c22c04bec4bf42ca11338a74996b0ba209d289db5c265af8602d024ac1
3,22,21,181.93,36.02,0.0,16.44,8.22,0.46725136041641235,-0.42006009817123413,143.59757927565605,-19.849053013760244,143.59757927565605,-0.18947368421052882,0.9,0.9,3.5885621118289106,6.090456520383384,-6.090456520383384,1138.1944509429306,126.80720528531852,100.12710519510284,-70.35723046236126,0.0,0.0,6.090456520383384,100.12710519510284,0.0,190.73,32.84,0.0,0.9,8.35,0.0,0.0,0.0,inferred_20260921_seed4,4,11ed1195aabfcd298bcaf379e7f064ad8010cd8ca67a057b647baa8bf9ef6e77,1500,pre_fed,A2C-MADRL,deterministic,143094c22c04bec4bf42ca11338a74996b0ba209d289db5c265af8602d024ac1
1,23,22,437.8,37.23,0.0,16.19,8.1,3.309605598449707,-0.7468346953392029,199.73345905939587,-31.66283893828349,199.73345905939587,-0.18947368421052882,0.9,0.9,4.735479707503707,205.7614943323184,-205.7614943323184,1528.6123686291785,111.40639664265923,3331.278593240235,-1531.8757422635424,19.742445831639685,0.0,186.0190485006787,3171.5622064622703,0.0,535.0,36.02,0.0,0.9,16.44,0.0,0.0,0.0,inferred_20260921_seed4,4,11ed1195aabfcd298bcaf379e7f064ad8010cd8ca67a057b647baa8bf9ef6e77,1500,pre_fed,A2C-MADRL,deterministic,143094c22c04bec4bf42ca11338a74996b0ba209d289db5c265af8602d024ac1
2,23,22,148.0,37.23,0.0,16.19,8.1,-0.46305426955223083,-0.3723387122154236,79.4401647311249,-17.80178322358425,79.4401647311249,-0.18947368421052882,0.9,0.9,2.3296138209382873,33.84892277402393,-33.84892277402393,864.1817579438521,119.10680096398887,548.0140597114475,-266.27209804830824,0.0,0.0,33.84892277402393,548.0140597114475,0.0,161.2,36.02,0.0,0.9,16.44,0.0,0.0,0.0,inferred_20260921_seed4,4,11ed1195aabfcd298bcaf379e7f064ad8010cd8ca67a057b647baa8bf9ef6e77,1500,pre_fed,A2C-MADRL,deterministic,143094c22c04bec4bf42ca11338a74996b0ba209d289db5c265af8602d024ac1
3,23,22,161.39,37.23,0.0,16.19,8.1,0.5202397108078003,-0.4500236511230469,147.78850004302652,-21.09592231541172,147.78850004302652,-0.18947368421052882,0.9,0.9,3.6965805271763195,-19.742445831639685,19.742445831639685,1174.1448723271767,126.80720528531852,319.6301980142465,-169.85263065866084,0.0,19.742445831639685,0.0,-159.91381123628145,0.0,181.93,36.02,0.0,0.9,16.44,19.742445831639685,0.0,0.0,inferred_20260921_seed4,4,11ed1195aabfcd298bcaf379e7f064ad8010cd8ca67a057b647baa8bf9ef6e77,1500,pre_fed,A2C-MADRL,deterministic,143094c22c04bec4bf42ca11338a74996b0ba209d289db5c265af8602d024ac1
1,24,23,447.3,44.12,0.0,8.87,4.44,3.2806286811828613,-0.7399758696556091,199.7175780651671,-31.45652911044615,199.7175780651671,-0.18947368421052882,0.9,0.9,4.872962087619132,208.52485770666257,-208.52485770666257,1528.470145537306,111.40639664265923,1849.615487858097,-865.124500379743,53.353536593007746,0.0,155.17132111365484,1613.259320751073,2.842170943040401e-14,437.8,37.23,0.0,0.9,16.19,0.0,0.0,0.0,inferred_20260921_seed4,4,11ed1195aabfcd298bcaf379e7f064ad8010cd8ca67a057b647baa8bf9ef6e77,1500,pre_fed,A2C-MADRL,deterministic,143094c22c04bec4bf42ca11338a74996b0ba209d289db5c265af8602d024ac1
2,24,23,119.6,44.12,0.0,8.87,4.44,-0.46455323696136475,-0.3736768364906311,79.26968748511099,-17.860180455933637,79.26968748511099,-0.18947368421052882,0.9,0.9,2.464004276018009,-1.1362095248824602,1.1362095248824602,863.0078184057329,119.10680096398887,10.07817848570742,-24.177472705962778,0.0,1.1362095248824602,0.0,-5.044770290478124,0.0,148.0,37.23,0.0,0.9,16.19,1.1362095248824602,0.0,0.0,inferred_20260921_seed4,4,11ed1195aabfcd298bcaf379e7f064ad8010cd8ca67a057b647baa8bf9ef6e77,1500,pre_fed,A2C-MADRL,deterministic,143094c22c04bec4bf42ca11338a74996b0ba209d289db5c265af8602d024ac1
3,24,23,134.98,44.12,0.0,8.87,4.44,0.5111895799636841,-0.44707047939300537,147.087154365971,-20.974398132511553,147.087154365971,-0.18947368421052882,0.9,0.9,3.8203536136352096,-52.217327068125286,52.217327068125286,1168.1053611713417,126.80720528531852,463.1676910942712,-234.32371232155526,0.0,52.217327068125286,0.0,-231.8449321824763,0.0,161.39,37.23,0.0,0.9,16.19,52.217327068125286,0.0,0.0,inferred_20260921_seed4,4,11ed1195aabfcd298bcaf379e7f064ad8010cd8ca67a057b647baa8bf9ef6e77,1500,pre_fed,A2C-MADRL,deterministic,143094c22c04bec4bf42ca11338a74996b0ba209d289db5c265af8602d024ac1
1,1,0,457.7,51.48,0.0,8.65,4.33,0.7599281072616577,22.973237991333008,164.10346129491896,50.0,164.10346129491896,37.905,0.5,0.09999999999999992,5.069769225898379,209.2813079309794,-209.2813079309794,1219.8043612796173,846.5310470825,1810.283313602972,-855.9541992885797,3.396000994550562,0.0,205.88530693642883,1795.6125893065134,0.0,447.3,44.12,0.0,0.5,8.87,0.0,0.0,0.0,inferred_20260921_seed4,4,11ed1195aabfcd298bcaf379e7f064ad8010cd8ca67a057b647baa8bf9ef6e77,1500,pre_fed,TRPO-MADRL,deterministic,5c4343790be9618e4502e57801a324fbf3516a92b760902fcf5c5e74e5b5d857
2,1,0,110.5,51.48,0.0,8.65,4.33,-1.2468198537826538,5.102321147918701,21.365474126444028,49.99630032058369,21.365474126444028,37.905,0.5,0.09999999999999992,2.2150094825288806,1.964535356084852,-1.964535356084852,489.825167521525,876.5690861075,16.99323083013397,-34.974838946140785,0.0,0.0,1.964535356084852,16.99323083013397,0.0,119.6,44.12,0.0,0.5,8.87,0.0,0.0,0.0,inferred_20260921_seed4,4,11ed1195aabfcd298bcaf379e7f064ad8010cd8ca67a057b647baa8bf9ef6e77,1500,pre_fed,TRPO-MADRL,deterministic,5c4343790be9618e4502e57801a324fbf3516a92b760902fcf5c5e74e5b5d857
3,1,0,124.71,51.48,0.0,8.65,4.33,-0.6725364923477173,2.5773978233337402,41.335409178112826,49.42614614774501,41.335409178112826,37.905,0.5,0.09999999999999992,2.6144081835622566,-3.396000994550562,3.396000994550562,364.39057981809464,906.6071251325,29.37540860286236,-38.638887970299955,0.0,3.396000994550562,0.0,-14.704684306403934,0.0,134.98,44.12,0.0,0.5,8.87,3.396000994550562,0.0,0.0,inferred_20260921_seed4,4,11ed1195aabfcd298bcaf379e7f064ad8010cd8ca67a057b647baa8bf9ef6e77,1500,pre_fed,TRPO-MADRL,deterministic,5c4343790be9618e4502e57801a324fbf3516a92b760902fcf5c5e74e5b5d857
1,2,1,336.5,38.37,0.0,8.11,4.06,-0.38873130083084106,31.753286361694336,62.973402195883345,50.0,62.973402195883345,-0.021052631578956735,0.09999999999999992,0.1,2.026446991286088,237.20409742698172,-237.20409742698172,455.3296205718611,1052.5389067811636,1923.7252301328217,-895.8337241068303,0.0,0.0,237.20409742698172,1923.7252301328217,0.0,457.7,51.48,0.0,0.09999999999999992,8.65,0.0,0.0,0.0,inferred_20260921_seed4,4,11ed1195aabfcd298bcaf379e7f064ad8010cd8ca67a057b647baa8bf9ef6e77,1500,pre_fed,TRPO-MADRL,deterministic,5c4343790be9618e4502e57801a324fbf3516a92b760902fcf5c5e74e5b5d857
2,2,1,109.85,38.37,0.0,8.11,4.06,-0.5321683883666992,19.400127410888672,71.81483782972971,50.0,71.81483782972971,-0.021052631578956735,0.09999999999999992,0.1,2.203275703963015,1.8894905058122617,-1.8894905058122617,812.1042979599436,1090.2561177506927,15.323768002137442,-44.942903915174576,0.0,0.0,1.8894905058122617,15.323768002137442,0.0,110.5,51.48,0.0,0.09999999999999992,8.65,0.0,0.0,0.0,inferred_20260921_seed4,4,11ed1195aabfcd298bcaf379e7f064ad8010cd8ca67a057b647baa8bf9ef6e77,1500,pre_fed,TRPO-MADRL,deterministic,5c4343790be9618e4502e57801a324fbf3516a92b760902fcf5c5e74e5b5d857
3,2,1,123.98,38.37,0.0,8.11,4.06,-0.12952792644500732,13.058895111083984,87.11916292331627,49.999999999545864,87.11916292331627,-0.021052631578956735,0.09999999999999992,0.1,2.509362205834746,1.0212519140974479,-1.0212519140974479,686.2649477948311,1127.9733287202218,8.282353023330302,-40.011824390799696,0.0,0.0,1.0212519140974479,8.282353023330302,0.0,124.71,51.48,0.0,0.09999999999999992,8.65,0.0,0.0,0.0,inferred_20260921_seed4,4,11ed1195aabfcd298bcaf379e7f064ad8010cd8ca67a057b647baa8bf9ef6e77,1500,pre_fed,TRPO-MADRL,deterministic,5c4343790be9618e4502e57801a324fbf3516a92b760902fcf5c5e74e5b5d857
1,3,2,274.9,43.56,0.0,8.25,4.13,-0.46693357825279236,32.84540557861328,56.42816226517093,50.0,56.42816226517093,-0.02105263157894797,0.1,0.1,1.9993421926718395,176.93223255907984,-176.93223255907984,411.56060187943586,1052.5389067811634,1459.6909186124087,-686.1429035487959,11.672806444128653,0.0,165.25942611495117,1411.5989560625985,0.0,336.5,38.37,0.0,0.1,8.11,0.0,0.0,0.0,inferred_20260921_seed4,4,11ed1195aabfcd298bcaf379e7f064ad8010cd8ca67a057b647baa8bf9ef6e77,1500,pre_fed,TRPO-MADRL,deterministic,5c4343790be9618e4502e57801a324fbf3516a92b760902fcf5c5e74e5b5d857
2,3,2,112.45,43.56,0.0,8.25,4.13,-0.4736165404319763,20.113401412963867,78.24365137680059,50.0,78.24365137680059,-0.02105263157894797,0.1,0.1,2.4356519749044327,-6.8969467703172,6.8969467703172,855.951664074112,1090.2561177506923,56.8998108551169,-64.52907052129869,0.0,6.8969467703172,0.0,-28.484390161410037,0.0,109.85,38.37,0.0,0.1,8.11,6.8969467703172,0.0,0.0,inferred_20260921_seed4,4,11ed1195aabfcd298bcaf379e7f064ad8010cd8ca67a057b647baa8bf9ef6e77,1500,pre_fed,TRPO-MADRL,deterministic,5c4343790be9618e4502e57801a324fbf3516a92b760902fcf5c5e74e5b5d857
3,3,2,126.91,43.56,0.0,8.25,4.13,-0.09191417694091797,13.164544105529785,90.83437882934572,49.99999999963236,90.83437882934572,-0.02105263157894797,0.1,0.1,2.6874665239553357,-4.775859673811453,4.775859673811453,714.131142582973,1127.9733287202216,39.40084230894449,-54.57246846508892,0.0,4.775859673811453,0.0,-19.7243004528413,0.0,123.98,38.37,0.0,0.1,8.11,4.775859673811453,0.0,0.0,inferred_20260921_seed4,4,11ed1195aabfcd298bcaf379e7f064ad8010cd8ca67a057b647baa8bf9ef6e77,1500,pre_fed,TRPO-MADRL,deterministic,5c4343790be9618e4502e57801a324fbf3516a92b760902fcf5c5e74e5b5d857
1,4,3,272.6,40.75,0.0,8.1,4.05,-0.7257719039916992,33.581207275390625,37.95281723351071,50.0,37.95281723351071,-0.02105263157894797,0.1,0.1,1.573635292038635,195.4918706901069,-195.4918706901069,291.7574868969594,1052.5389067811634,1583.484152589866,-739.4537965390022,5.514501222913637,0.0,189.97736946719328,1561.1504226370657,0.0,274.9,43.56,0.0,0.1,8.25,0.0,0.0,0.0,inferred_20260921_seed4,4,11ed1195aabfcd298bcaf379e7f064ad8010cd8ca67a057b647baa8bf9ef6e77,1500,pre_fed,TRPO-MADRL,deterministic,5c4343790be9618e4502e57801a324fbf3516a92b760902fcf5c5e74e5b5d857
2,4,3,110.5,40.75,0.0,8.1,4.05,-0.4916611909866333,19.872095108032227,76.22525346882364,50.0,76.22525346882364,-0.02105263157894797,0.1,0.1,2.3390840167448936,-4.115116820499793,4.115116820499793,842.1176381274549,1090.2561177506923,33.33244624604832,-53.64707592828469,0.0,4.115116820499793,0.0,-16.66622312302416,0.0,112.45,43.56,0.0,0.1,8.25,4.115116820499793,0.0,0.0,inferred_20260921_seed4,4,11ed1195aabfcd298bcaf379e7f064ad8010cd8ca67a057b647baa8bf9ef6e77,1500,pre_fed,TRPO-MADRL,deterministic,5c4343790be9618e4502e57801a324fbf3516a92b760902fcf5c5e74e5b5d857
3,4,3,124.71,40.75,0.0,8.1,4.05,-0.12104678153991699,13.134747505187988,87.95409794016452,49.999999999609784,87.95409794016452,-0.02105263157894797,0.1,0.1,2.573660906171711,-1.399384402413844,1.399384402413844,692.5045808048022,1127.9733287202216,11.335013659552136,-41.51031433729894,0.0,1.399384402413844,0.0,-5.667506829776068,0.0,126.91,43.56,0.0,0.1,8.25,1.399384402413844,0.0,0.0,inferred_20260921_seed4,4,11ed1195aabfcd298bcaf379e7f064ad8010cd8ca67a057b647baa8bf9ef6e77,1500,pre_fed,TRPO-MADRL,deterministic,5c4343790be9618e4502e57801a324fbf3516a92b760902fcf5c5e74e5b5d857
1,5,4,245.3,27.74,0.0,8.14,4.07,-0.7284832000732422,33.58442687988281,37.7863489904654,50.0,37.7863489904654,-0.02105263157894797,0.1,0.1,1.310105927177729,181.1048095682913,-181.1048095682913,290.703162402699,1052.5389067811634,1474.1931498858912,-690.2517588323283,0.0,0.0,181.1048095682913,1474.1931498858912,0.0,272.6,40.75,0.0,0.1,8.1,0.0,0.0,0.0,inferred_20260921_seed4,4,11ed1195aabfcd298bcaf379e7f064ad8010cd8ca67a057b647baa8bf9ef6e77,1500,pre_fed,TRPO-MADRL,deterministic,5c4343790be9618e4502e57801a324fbf3516a92b760902fcf5c5e74e5b5d857
2,5,4,113.75,27.74,0.0,8.14,4.07,-0.4871595799922943,20.00122833251953,76.72572309015773,50.0,76.72572309015773,-0.02105263157894797,0.1,0.1,2.0888934091715754,11.394222950592805,-11.394222950592805,845.5420651882733,1090.2561177506923,92.74897481782544,-80.45300232680076,0.0,0.0,11.394222950592805,92.74897481782544,0.0,110.5,40.75,0.0,0.1,8.1,0.0,0.0,0.0,inferred_20260921_seed4,4,11ed1195aabfcd298bcaf379e7f064ad8010cd8ca67a057b647baa8bf9ef6e77,1500,pre_fed,TRPO-MADRL,deterministic,5c4343790be9618e4502e57801a324fbf3516a92b760902fcf5c5e74e5b5d857
3,5,4,128.38,27.74,0.0,8.14,4.07,-0.11596864461898804,13.150752067565918,88.45484507122656,49.99999999962208,88.45484507122656,-0.02105263157894797,0.1,0.1,2.323475848792952,14.529683409145349,-14.529683409145349,696.2531162212858,1127.9733287202216,118.27162295044315,-89.70675922652956,0.0,0.0,14.529683409145349,118.27162295044315,0.0,124.71,40.75,0.0,0.1,8.1,0.0,0.0,0.0,inferred_20260921_seed4,4,11ed1195aabfcd298bcaf379e7f064ad8010cd8ca67a057b647baa8bf9ef6e77,1500,pre_fed,TRPO-MADRL,deterministic,5c4343790be9618e4502e57801a324fbf3516a92b760902fcf5c5e74e5b5d857
1,6,5,233.7,30.15,0.0,8.13,4.07,-0.8580957055091858,33.81626510620117,30.472476933689464,50.0,30.472476933689464,-0.02105263157894797,0.1,0.1,1.2120284860422104,174.31060418393167,-174.31060418393167,244.82400004954502,1052.5389067811634,1417.1452120153647,-663.6626035435283,14.58342097091385,0.0,159.7271832130178,1357.9365228734541,-2.842170943040401e-14,245.3,27.74,0.0,0.1,8.14,0.0,0.0,0.0,inferred_20260921_seed4,4,11ed1195aabfcd298bcaf379e7f064ad8010cd8ca67a057b647baa8bf9ef6e77,1500,pre_fed,TRPO-MADRL,deterministic,5c4343790be9618e4502e57801a324fbf3516a92b760902fcf5c5e74e5b5d857
2,6,5,120.25,30.15,0.0,8.13,4.07,-0.33391284942626953,20.664499282836914,94.91548472898685,50.0,94.91548472898685,-0.02105263157894797,0.1,0.1,2.500888641948158,-2.293543455459755,2.293543455459755,972.5879674948181,1090.2561177506923,18.64650829288781,-49.647810436709726,0.0,2.293543455459755,0.0,-9.334721863721203,0.0,113.75,27.74,0.0,0.1,8.14,2.293543455459755,0.0,0.0,inferred_20260921_seed4,4,11ed1195aabfcd298bcaf379e7f064ad8010cd8ca67a057b647baa8bf9ef6e77,1500,pre_fed,TRPO-MADRL,deterministic,5c4343790be9618e4502e57801a324fbf3516a92b760902fcf5c5e74e5b5d857
3,6,5,135.43,30.15,0.0,8.13,4.07,0.20904916524887085,13.243827819824219,120.60562152489945,49.99999999968627,120.60562152489945,-0.02105263157894797,0.1,0.1,3.01469137786641,-12.289877515454094,12.289877515454094,946.902962522035,1127.9733287202216,99.91670420064179,-86.46004271513394,0.0,12.289877515454094,0.0,-50.019801487898164,0.0,128.38,27.74,0.0,0.1,8.14,12.289877515454094,0.0,0.0,inferred_20260921_seed4,4,11ed1195aabfcd298bcaf379e7f064ad8010cd8ca67a057b647baa8bf9ef6e77,1500,pre_fed,TRPO-MADRL,deterministic,5c4343790be9618e4502e57801a324fbf3516a92b760902fcf5c5e74e5b5d857
1,7,6,274.6,28.65,0.16,8.34,4.17,-0.936760663986206,33.9773063659668,26.626960214207873,50.0,26.626960214207873,-0.02105263157894797,0.1,0.1,1.1083181516525786,220.29241056902367,-220.29241056902367,221.049072008286,1052.5389067811634,1837.2387041456575,-852.2291764413349,0.0,0.0,220.29241056902367,1837.2387041456575,0.0,233.7,30.15,0.0,0.1,8.13,0.0,0.0,0.0,inferred_20260921_seed4,4,11ed1195aabfcd298bcaf379e7f064ad8010cd8ca67a057b647baa8bf9ef6e77,1500,pre_fed,TRPO-MADRL,deterministic,5c4343790be9618e4502e57801a324fbf3516a92b760902fcf5c5e74e5b5d857
2,7,6,130.0,28.65,0.16,8.34,4.17,-0.32447344064712524,20.62156867980957,96.10353044467678,50.0,96.10353044467678,-0.02105263157894797,0.1,0.1,2.4978495562619565,7.6053717431641275,-7.6053717431641275,981.0608060116391,1090.2561177506923,63.428800337988825,-69.9692986273416,0.0,0.0,7.6053717431641275,63.428800337988825,0.0,120.25,30.15,0.0,0.1,8.13,0.0,0.0,0.0,inferred_20260921_seed4,4,11ed1195aabfcd298bcaf379e7f064ad8010cd8ca67a057b647baa8bf9ef6e77,1500,pre_fed,TRPO-MADRL,deterministic,5c4343790be9618e4502e57801a324fbf3516a92b760902fcf5c5e74e5b5d857
3,7,6,146.72,28.65,0.16,8.34,4.17,0.18734949827194214,13.249902725219727,118.51878636201205,49.99999999969006,118.51878636201205,-0.02105263157894797,0.1,0.1,2.9461546746086618,2.3584209441755775,-2.3584209441755775,930.0378246101703,1127.9733287202216,19.669230674424316,-50.011376870098786,0.0,0.0,2.3584209441755775,19.669230674424316,0.0,135.43,30.15,0.0,0.1,8.13,0.0,0.0,0.0,inferred_20260921_seed4,4,11ed1195aabfcd298bcaf379e7f064ad8010cd8ca67a057b647baa8bf9ef6e77,1500,pre_fed,TRPO-MADRL,deterministic,5c4343790be9618e4502e57801a324fbf3516a92b760902fcf5c5e74e5b5d857
1,8,7,291.0,23.38,1.77,9.35,4.68,-0.6968353390693665,33.476322174072266,39.76448010410848,50.0,39.76448010410848,-0.02105263157894797,0.1,0.1,1.2978685494505906,227.40444107692107,-227.40444107692107,303.2606586068958,1052.5389067811634,2126.231524069212,-983.9201771389065,0.0,0.0,227.40444107692107,2126.231524069212,0.0,274.6,28.65,0.16,0.1,8.34,0.0,0.0,0.0,inferred_20260921_seed4,4,11ed1195aabfcd298bcaf379e7f064ad8010cd8ca67a057b647baa8bf9ef6e77,1500,pre_fed,TRPO-MADRL,deterministic,5c4343790be9618e4502e57801a324fbf3516a92b760902fcf5c5e74e5b5d857
2,8,7,157.95,23.38,1.77,9.35,4.68,-0.24752411246299744,20.78169822692871,106.03741624518008,50.0,106.03741624518008,-0.02105263157894797,0.1,0.1,2.623327272272023,29.40696365867089,-29.40696365867089,1052.7464199666701,1090.2561177506923,274.9551102085728,-166.58985034820503,0.0,0.0,29.40696365867089,274.9551102085728,0.0,130.0,28.65,0.16,0.1,8.34,0.0,0.0,0.0,inferred_20260921_seed4,4,11ed1195aabfcd298bcaf379e7f064ad8010cd8ca67a057b647baa8bf9ef6e77,1500,pre_fed,TRPO-MADRL,deterministic,5c4343790be9618e4502e57801a324fbf3516a92b760902fcf5c5e74e5b5d857
3,8,7,178.26,23.38,1.77,9.35,4.68,0.3255157470703125,13.288562774658203,131.44857397210487,49.99999999971312,131.44857397210487,-0.02105263157894797,0.1,0.1,3.1315504268105183,24.81402908628459,-24.81402908628459,1035.8641269712784,1127.9733287202216,232.01117195676093,-147.68177649437243,0.0,0.0,24.81402908628459,232.01117195676093,0.0,146.72,28.65,0.16,0.1,8.34,0.0,0.0,0.0,inferred_20260921_seed4,4,11ed1195aabfcd298bcaf379e7f064ad8010cd8ca67a057b647baa8bf9ef6e77,1500,pre_fed,TRPO-MADRL,deterministic,5c4343790be9618e4502e57801a324fbf3516a92b760902fcf5c5e74e5b5d857
1,9,8,315.7,21.75,5.3,12.0,6.0,-0.6336615681648254,33.31154251098633,43.9431662717009,50.0,43.9431662717009,-0.02105263157894797,0.1,0.1,1.419442272802439,246.14732863268048,-246.14732863268048,329.9960261561862,1052.5389067811634,2953.767943592166,-1356.8462732752216,0.0,0.0,246.14732863268048,2953.767943592166,0.0,291.0,23.38,1.77,0.1,9.35,0.0,0.0,0.0,inferred_20260921_seed4,4,11ed1195aabfcd298bcaf379e7f064ad8010cd8ca67a057b647baa8bf9ef6e77,1500,pre_fed,TRPO-MADRL,deterministic,5c4343790be9618e4502e57801a324fbf3516a92b760902fcf5c5e74e5b5d857
2,9,8,165.1,21.75,5.3,12.0,6.0,-0.03393140435218811,21.243432998657227,135.25142565900745,50.0,135.25142565900745,-0.02105263157894797,0.1,0.1,3.24560746054857,6.065234433120054,-6.065234433120054,1272.2545036283968,1090.2561177506923,72.78281319744065,-80.00247836643007,0.0,0.0,6.065234433120054,72.78281319744065,0.0,157.95,23.38,1.77,0.1,9.35,0.0,0.0,0.0,inferred_20260921_seed4,4,11ed1195aabfcd298bcaf379e7f064ad8010cd8ca67a057b647baa8bf9ef6e77,1500,pre_fed,TRPO-MADRL,deterministic,5c4343790be9618e4502e57801a324fbf3516a92b760902fcf5c5e74e5b5d857
3,9,8,186.33,21.75,5.3,12.0,6.0,0.7422844171524048,13.402094841003418,163.05233690685006,49.9999999997714,163.05233690685006,-0.02105263157894797,0.1,0.1,3.8016256855054222,0.05034141023432426,-0.05034141023432426,1307.9016908512556,1127.9733287202216,0.6040969228118911,-48.98934400669491,0.0,0.0,0.05034141023432426,0.6040969228118911,0.0,178.26,23.38,1.77,0.1,9.35,0.0,0.0,0.0,inferred_20260921_seed4,4,11ed1195aabfcd298bcaf379e7f064ad8010cd8ca67a057b647baa8bf9ef6e77,1500,pre_fed,TRPO-MADRL,deterministic,5c4343790be9618e4502e57801a324fbf3516a92b760902fcf5c5e74e5b5d857
1,10,9,362.4,34.82,11.6,9.19,4.6,-0.6094005703926086,33.19314193725586,45.62949926738974,50.0,45.62949926738974,-0.02105263157894797,0.1,0.1,1.8405689327162156,272.2121222969054,-272.2121222969054,340.8653505569503,1052.5389067811634,2501.6294039085606,-1153.6013169056146,27.221676568169215,0.0,244.9904457287362,2376.681908460664,0.0,315.7,21.75,5.3,0.1,12.0,0.0,0.0,0.0,inferred_20260921_seed4,4,11ed1195aabfcd298bcaf379e7f064ad8010cd8ca67a057b647baa8bf9ef6e77,1500,pre_fed,TRPO-MADRL,deterministic,5c4343790be9618e4502e57801a324fbf3516a92b760902fcf5c5e74e5b5d857
2,10,9,169.0,34.82,11.6,9.19,4.6,-0.01721300184726715,21.30118179321289,137.5904177129986,50.0,137.5904177129986,-0.02105263157894797,0.1,0.1,3.6797873016283926,-11.309577779791255,11.309577779791255,1290.3901077627565,1090.2561177506923,103.93501979628162,-94.38368341859571,0.0,11.309577779791255,0.0,-52.024057787039766,0.0,165.1,21.75,5.3,0.1,12.0,11.309577779791255,0.0,0.0,inferred_20260921_seed4,4,11ed1195aabfcd298bcaf379e7f064ad8010cd8ca67a057b647baa8bf9ef6e77,1500,pre_fed,TRPO-MADRL,deterministic,5c4343790be9618e4502e57801a324fbf3516a92b760902fcf5c5e74e5b5d857
3,10,9,190.73,34.82,11.6,9.19,4.6,0.766010046005249,13.419438362121582,164.46033710951565,49.999999999779185,164.46033710951565,-0.02105263157894797,0.1,0.1,4.217185689558733,-15.91209878837796,15.91209878837796,1320.4629821869535,1127.9733287202216,146.23218786519345,-114.77321075748056,0.0,15.91209878837796,0.0,-73.19565442653861,0.0,186.33,21.75,5.3,0.1,12.0,15.91209878837796,0.0,0.0,inferred_20260921_seed4,4,11ed1195aabfcd298bcaf379e7f064ad8010cd8ca67a057b647baa8bf9ef6e77,1500,pre_fed,TRPO-MADRL,deterministic,5c4343790be9618e4502e57801a324fbf3516a92b760902fcf5c5e74e5b5d857
1,11,10,320.0,27.17,36.64,12.3,6.15,-0.3975124657154083,32.890750885009766,62.2181477721783,50.0,62.2181477721783,-0.02105263157894797,0.1,0.1,2.520141902811987,196.51304676221264,-196.51304676221264,450.24369834568483,1052.5389067811634,2417.1104751752155,-1117.755365931384,1.4161972859679963,0.0,195.09684947624464,2408.400861866512,0.0,362.4,34.82,11.6,0.1,9.19,0.0,0.0,0.0,inferred_20260921_seed4,4,11ed1195aabfcd298bcaf379e7f064ad8010cd8ca67a057b647baa8bf9ef6e77,1500,pre_fed,TRPO-MADRL,deterministic,5c4343790be9618e4502e57801a324fbf3516a92b760902fcf5c5e74e5b5d857
2,11,10,173.55,27.17,36.64,12.3,6.15,-0.18418557941913605,20.96656036376953,114.50170636018231,50.0,114.50170636018231,-0.02105263157894797,0.1,0.1,3.565813074572067,-1.1748406540312715,1.1748406540312715,1115.0105618972254,1090.2561177506923,14.45054004458464,-50.608076613021446,0.0,1.1748406540312715,0.0,-7.22527002229232,0.0,169.0,34.82,11.6,0.1,9.19,1.1748406540312715,0.0,0.0,inferred_20260921_seed4,4,11ed1195aabfcd298bcaf379e7f064ad8010cd8ca67a057b647baa8bf9ef6e77,1500,pre_fed,TRPO-MADRL,deterministic,5c4343790be9618e4502e57801a324fbf3516a92b760902fcf5c5e74e5b5d857
3,11,10,195.87,27.17,36.64,12.3,6.15,0.38062119483947754,13.517243385314941,136.32468184784094,49.99999999981842,136.32468184784094,-0.02105263157894797,0.1,0.1,4.002272584325239,-0.24135663193672485,0.24135663193672485,1076.5983809046488,1127.9733287202216,2.9686865728217158,-45.427343150267184,0.0,0.24135663193672485,0.0,-1.4843432864108579,0.0,190.73,34.82,11.6,0.1,9.19,0.24135663193672485,0.0,0.0,inferred_20260921_seed4,4,11ed1195aabfcd298bcaf379e7f064ad8010cd8ca67a057b647baa8bf9ef6e77,1500,pre_fed,TRPO-MADRL,deterministic,5c4343790be9618e4502e57801a324fbf3516a92b760902fcf5c5e74e5b5d857
1,12,11,350.0,30.2,42.68,20.7,10.35,-0.6379732489585876,33.9799690246582,43.64820185046946,50.0,43.64820185046946,-0.02105263157894797,0.1,0.1,2.3301429843778103,235.8229937654873,-235.8229937654873,328.09955533539784,1052.5389067811634,4881.535970945587,-2224.303956167845,17.53319838869413,0.0,218.28979537679317,4700.067367622603,0.0,320.0,27.17,36.64,0.1,12.3,0.0,0.0,0.0,inferred_20260921_seed4,4,11ed1195aabfcd298bcaf379e7f064ad8010cd8ca67a057b647baa8bf9ef6e77,1500,pre_fed,TRPO-MADRL,deterministic,5c4343790be9618e4502e57801a324fbf3516a92b760902fcf5c5e74e5b5d857
2,12,11,168.35,30.2,42.68,20.7,10.35,-0.2970547676086426,21.332183837890625,99.59389793707341,50.0,99.59389793707341,-0.02105263157894797,0.1,0.1,3.4490569061098895,-0.653788399384581,0.653788399384581,1006.0773185304585,1090.2561177506923,13.533419867260827,-48.01670766589038,0.0,0.653788399384581,0.0,-6.7667099336304135,0.0,173.55,27.17,36.64,0.1,12.3,0.653788399384581,0.0,0.0,inferred_20260921_seed4,4,11ed1195aabfcd298bcaf379e7f064ad8010cd8ca67a057b647baa8bf9ef6e77,1500,pre_fed,TRPO-MADRL,deterministic,5c4343790be9618e4502e57801a324fbf3516a92b760902fcf5c5e74e5b5d857
3,12,11,190.0,30.2,42.68,20.7,10.35,0.4028968811035156,13.807195663452148,138.24249139618055,49.99999999989832,138.24249139618055,-0.02105263157894797,0.1,0.1,4.222028775292032,-16.87940998930955,16.87940998930955,1092.743246072328,1127.9733287202216,349.4037867787077,-201.64603554626947,0.0,16.87940998930955,0.0,-174.70189338935384,0.0,195.87,27.17,36.64,0.1,12.3,16.87940998930955,0.0,0.0,inferred_20260921_seed4,4,11ed1195aabfcd298bcaf379e7f064ad8010cd8ca67a057b647baa8bf9ef6e77,1500,pre_fed,TRPO-MADRL,deterministic,5c4343790be9618e4502e57801a324fbf3516a92b760902fcf5c5e74e5b5d857
1,13,12,345.2,23.52,35.22,26.82,13.41,-0.6734355688095093,33.93751525878906,41.276474656272924,50.0,41.276474656272924,-0.02105263157894797,0.1,0.1,1.9999084404938794,247.20448641579992,-247.20448641579992,312.90178865028565,1052.5389067811634,6630.024325671754,-3010.819760460918,1.0295890624476272,0.0,246.1748973533523,6616.217536344331,0.0,350.0,30.2,42.68,0.1,20.7,0.0,0.0,0.0,inferred_20260921_seed4,4,11ed1195aabfcd298bcaf379e7f064ad8010cd8ca67a057b647baa8bf9ef6e77,1500,pre_fed,TRPO-MADRL,deterministic,5c4343790be9618e4502e57801a324fbf3516a92b760902fcf5c5e74e5b5d857
2,13,12,168.35,23.52,35.22,26.82,13.41,-0.19659428298473358,20.961307525634766,112.82598728456503,50.0,112.82598728456503,-0.02105263157894797,0.1,0.1,3.4308986930597216,0.23596404007363958,-0.23596404007363958,1102.5973536675292,1090.2561177506923,6.328555554775013,-46.70491942801319,0.0,0.0,0.23596404007363958,6.328555554775013,0.0,168.35,30.2,42.68,0.1,20.7,0.0,0.0,0.0,inferred_20260921_seed4,4,11ed1195aabfcd298bcaf379e7f064ad8010cd8ca67a057b647baa8bf9ef6e77,1500,pre_fed,TRPO-MADRL,deterministic,5c4343790be9618e4502e57801a324fbf3516a92b760902fcf5c5e74e5b5d857
3,13,12,190.0,23.52,35.22,26.82,13.41,0.3792915344238281,13.692109107971191,136.20920473611733,49.99999999987201,136.20920473611733,-0.02105263157894797,0.1,0.1,3.898563042090768,-1.0295890624476272,1.0295890624476272,1075.6284803378742,1127.9733287202216,27.613578654845362,-56.49814657584233,0.0,1.0295890624476272,0.0,-13.806789327422681,0.0,190.0,30.2,42.68,0.1,20.7,1.0295890624476272,0.0,0.0,inferred_20260921_seed4,4,11ed1195aabfcd298bcaf379e7f064ad8010cd8ca67a057b647baa8bf9ef6e77,1500,pre_fed,TRPO-MADRL,deterministic,5c4343790be9618e4502e57801a324fbf3516a92b760902fcf5c5e74e5b5d857
1,14,13,320.6,39.48,35.46,27.35,13.68,-0.7861253619194031,33.83143997192383,34.37915398605965,50.0,34.37915398605965,-0.02105263157894797,0.1,0.1,2.185962027089614,213.48786067260892,-213.48786067260892,269.22236325351855,1052.5389067811634,5838.892989395854,-2653.9370706288278,0.3581081494913576,0.0,213.12975252311756,5833.997650992307,0.0,345.2,23.52,35.22,0.1,26.82,0.0,0.0,0.0,inferred_20260921_seed4,4,11ed1195aabfcd298bcaf379e7f064ad8010cd8ca67a057b647baa8bf9ef6e77,1500,pre_fed,TRPO-MADRL,deterministic,5c4343790be9618e4502e57801a324fbf3516a92b760902fcf5c5e74e5b5d857
2,14,13,165.75,39.48,35.46,27.35,13.68,-0.34779006242752075,20.78703498840332,93.18201156696314,50.0,93.18201156696314,-0.02105263157894797,0.1,0.1,3.362019178707684,1.0110602433234988,-1.0110602433234988,960.2637690258096,1090.2561177506923,27.652497654897694,-53.45402168023401,0.0,0.0,1.0110602433234988,27.652497654897694,0.0,168.35,23.52,35.22,0.1,26.82,0.0,0.0,0.0,inferred_20260921_seed4,4,11ed1195aabfcd298bcaf379e7f064ad8010cd8ca67a057b647baa8bf9ef6e77,1500,pre_fed,TRPO-MADRL,deterministic,5c4343790be9618e4502e57801a324fbf3516a92b760902fcf5c5e74e5b5d857
3,14,13,187.07,39.48,35.46,27.35,13.68,0.1648186445236206,13.46628475189209,116.33422421269258,49.99999999979893,116.33422421269258,-0.02105263157894797,0.1,0.1,3.8250634316222727,-0.3581081494913576,0.3581081494913576,912.4715340458496,1127.9733287202216,9.79425788858863,-45.21631330518631,0.0,0.3581081494913576,0.0,-4.898919485041772,0.0,190.0,23.52,35.22,0.1,26.82,0.3581081494913576,0.0,0.0,inferred_20260921_seed4,4,11ed1195aabfcd298bcaf379e7f064ad8010cd8ca67a057b647baa8bf9ef6e77,1500,pre_fed,TRPO-MADRL,deterministic,5c4343790be9618e4502e57801a324fbf3516a92b760902fcf5c5e74e5b5d857
1,15,14,333.2,35.74,34.83,13.81,6.91,-0.8578780293464661,34.09867477416992,30.48372361976256,50.0,30.48372361976256,-0.02105263157894797,0.1,0.1,2.020653419763672,234.18798243158005,-234.18798243158005,244.89388409142302,1052.5389067811634,3234.136037380121,-1481.309872638506,2.3986994405823907,0.0,231.78928299099766,3217.585011240102,0.0,320.6,39.48,35.46,0.1,27.35,0.0,0.0,0.0,inferred_20260921_seed4,4,11ed1195aabfcd298bcaf379e7f064ad8010cd8ca67a057b647baa8bf9ef6e77,1500,pre_fed,TRPO-MADRL,deterministic,5c4343790be9618e4502e57801a324fbf3516a92b760902fcf5c5e74e5b5d857
2,15,14,170.3,35.74,34.83,13.81,6.91,-0.26669245958328247,20.06692123413086,103.52377167971639,50.0,103.52377167971639,-0.02105263157894797,0.1,0.1,3.4814543809627487,-0.2912646671746586,0.2912646671746586,1034.4655250420237,1090.2561177506923,4.0223650536820355,-44.304497130011235,0.0,0.2912646671746586,0.0,-2.012638850176891,0.0,165.75,39.48,35.46,0.1,27.35,0.2912646671746586,0.0,0.0,inferred_20260921_seed4,4,11ed1195aabfcd298bcaf379e7f064ad8010cd8ca67a057b647baa8bf9ef6e77,1500,pre_fed,TRPO-MADRL,deterministic,5c4343790be9618e4502e57801a324fbf3516a92b760902fcf5c5e74e5b5d857
3,15,14,192.2,35.74,34.83,13.81,6.91,0.28468918800354004,13.414755821228027,127.72394525750516,49.99999999977711,127.72394525750516,-0.02105263157894797,0.1,0.1,3.965457852518525,-2.107434773407732,2.107434773407732,1005.0534807714557,1127.9733287202216,29.10367422076078,-55.7571895891759,0.0,2.107434773407732,0.0,-14.56237428424743,0.0,187.07,39.48,35.46,0.1,27.35,2.107434773407732,0.0,0.0,inferred_20260921_seed4,4,11ed1195aabfcd298bcaf379e7f064ad8010cd8ca67a057b647baa8bf9ef6e77,1500,pre_fed,TRPO-MADRL,deterministic,5c4343790be9618e4502e57801a324fbf3516a92b760902fcf5c5e74e5b5d857
1,16,15,316.8,18.06,23.62,17.31,8.66,-0.6157797574996948,33.87786102294922,45.1817181387137,50.0,45.1817181387137,-0.02105263157894797,0.1,0.1,1.736813310142695,231.69614780300796,-231.69614780300796,337.9746677505683,1052.5389067811634,4010.6603184700675,-1832.607414802165,0.0,0.0,231.69614780300796,4010.6603184700675,0.0,333.2,35.74,34.83,0.1,13.81,0.0,0.0,0.0,inferred_20260921_seed4,4,11ed1195aabfcd298bcaf379e7f064ad8010cd8ca67a057b647baa8bf9ef6e77,1500,pre_fed,TRPO-MADRL,deterministic,5c4343790be9618e4502e57801a324fbf3516a92b760902fcf5c5e74e5b5d857
2,16,15,172.25,18.06,23.62,17.31,8.66,-0.19268009066581726,20.973859786987305,113.35372713923691,50.0,113.35372713923691,-0.02105263157894797,0.1,0.1,3.100253490153159,20.337578982495216,-20.337578982495216,1106.5020828191755,1090.2561177506923,352.0434921869922,-202.35473549554382,0.0,0.0,20.337578982495216,352.0434921869922,0.0,170.3,35.74,34.83,0.1,13.81,0.0,0.0,0.0,inferred_20260921_seed4,4,11ed1195aabfcd298bcaf379e7f064ad8010cd8ca67a057b647baa8bf9ef6e77,1500,pre_fed,TRPO-MADRL,deterministic,5c4343790be9618e4502e57801a324fbf3516a92b760902fcf5c5e74e5b5d857
3,16,15,194.4,18.06,23.62,17.31,8.66,0.4326443672180176,13.728398323059082,140.75288738239445,49.99999999988097,140.75288738239445,-0.02105263157894797,0.1,0.1,3.64823669501631,15.636401944200827,-15.636401944200827,1113.9823411032812,1127.9733287202216,270.6661176541163,-166.6388663408224,0.0,0.0,15.636401944200827,270.6661176541163,0.0,192.2,35.74,34.83,0.1,13.81,0.0,0.0,0.0,inferred_20260921_seed4,4,11ed1195aabfcd298bcaf379e7f064ad8010cd8ca67a057b647baa8bf9ef6e77,1500,pre_fed,TRPO-MADRL,deterministic,5c4343790be9618e4502e57801a324fbf3516a92b760902fcf5c5e74e5b5d857
1,17,16,291.3,24.27,14.18,16.42,8.21,-0.7160248756408691,33.71663284301758,38.555902027511316,50.0,38.555902027511316,-0.02105263157894797,0.1,0.1,1.5396969879186475,215.8548475919863,-215.8548475919863,295.5808760047206,1052.5389067811634,3544.3365974604153,-1621.9138645129046,0.0,0.0,215.8548475919863,3544.3365974604153,0.0,316.8,18.06,23.62,0.1,17.31,0.0,0.0,0.0,inferred_20260921_seed4,4,11ed1195aabfcd298bcaf379e7f064ad8010cd8ca67a057b647baa8bf9ef6e77,1500,pre_fed,TRPO-MADRL,deterministic,5c4343790be9618e4502e57801a324fbf3516a92b760902fcf5c5e74e5b5d857
2,17,16,165.75,24.27,14.18,16.42,8.21,-0.16536998748779297,21.424766540527344,117.05696428949794,50.0,117.05696428949794,-0.02105263157894797,0.1,0.1,3.1097182331583797,13.3738065752394,-13.3738065752394,1134.0212871182616,1090.2561177506923,219.59790396543096,-143.30460488182302,0.0,0.0,13.3738065752394,219.59790396543096,0.0,172.25,18.06,23.62,0.1,17.31,0.0,0.0,0.0,inferred_20260921_seed4,4,11ed1195aabfcd298bcaf379e7f064ad8010cd8ca67a057b647baa8bf9ef6e77,1500,pre_fed,TRPO-MADRL,deterministic,5c4343790be9618e4502e57801a324fbf3516a92b760902fcf5c5e74e5b5d857
3,17,16,187.07,24.27,14.18,16.42,8.21,0.5382733345031738,13.56683349609375,149.16798327977884,49.999999999835566,149.16798327977884,-0.02105263157894797,0.1,0.1,3.751938612963998,3.225007964764103,-3.225007964764103,1186.0513115952006,1127.9733287202216,52.95463078142658,-70.11007665795042,0.0,0.0,3.225007964764103,52.95463078142658,0.0,194.4,18.06,23.62,0.1,17.31,0.0,0.0,0.0,inferred_20260921_seed4,4,11ed1195aabfcd298bcaf379e7f064ad8010cd8ca67a057b647baa8bf9ef6e77,1500,pre_fed,TRPO-MADRL,deterministic,5c4343790be9618e4502e57801a324fbf3516a92b760902fcf5c5e74e5b5d857
1,18,17,413.8,26.26,4.67,9.83,4.92,-0.8042359352111816,33.77059555053711,33.36017647543945,50.0,33.36017647543945,-0.02105263157894797,0.1,0.1,1.28538247687721,350.81625863301673,-350.81625863301673,262.8347105727406,1052.5389067811634,3448.5238223625543,-1578.1431924102276,0.0,0.0,350.81625863301673,3448.5238223625543,0.0,291.3,24.27,14.18,0.1,16.42,0.0,0.0,0.0,inferred_20260921_seed4,4,11ed1195aabfcd298bcaf379e7f064ad8010cd8ca67a057b647baa8bf9ef6e77,1500,pre_fed,TRPO-MADRL,deterministic,5c4343790be9618e4502e57801a324fbf3516a92b760902fcf5c5e74e5b5d857
2,18,17,164.25,26.26,4.67,9.83,4.92,-0.1549060046672821,21.09134864807129,118.48497525761125,50.0,118.48497525761125,-0.02105263157894797,0.1,0.1,2.987878452520646,17.843955826488354,-17.843955826488354,1144.688698612887,1090.2561177506923,175.40608577438053,-123.63163492574284,0.0,0.0,17.843955826488354,175.40608577438053,0.0,165.75,24.27,14.18,0.1,16.42,0.0,0.0,0.0,inferred_20260921_seed4,4,11ed1195aabfcd298bcaf379e7f064ad8010cd8ca67a057b647baa8bf9ef6e77,1500,pre_fed,TRPO-MADRL,deterministic,5c4343790be9618e4502e57801a324fbf3516a92b760902fcf5c5e74e5b5d857
3,18,17,185.6,26.26,4.67,9.83,4.92,0.46525609493255615,13.429701805114746,143.43583723164173,49.999999999783675,143.43583723164173,-0.02105263157894797,0.1,0.1,3.486895692001255,14.742111091938483,-14.742111091938483,1136.8136886380876,1127.9733287202216,144.9149520337553,-110.50746876235607,0.0,0.0,14.742111091938483,144.9149520337553,0.0,187.07,24.27,14.18,0.1,16.42,0.0,0.0,0.0,inferred_20260921_seed4,4,11ed1195aabfcd298bcaf379e7f064ad8010cd8ca67a057b647baa8bf9ef6e77,1500,pre_fed,TRPO-MADRL,deterministic,5c4343790be9618e4502e57801a324fbf3516a92b760902fcf5c5e74e5b5d857
1,19,18,539.8,26.77,0.18,8.63,4.32,-0.3513362407684326,32.125972747802734,66.24399416617766,50.0,66.24399416617766,-0.02105263157894797,0.1,0.1,1.8634588306919742,448.49051729609323,-448.49051729609323,477.46060741155367,1052.5389067811634,3870.473164265285,-1772.3129142032326,0.0,0.0,448.49051729609323,3870.473164265285,0.0,413.8,26.26,4.67,0.1,9.83,0.0,0.0,0.0,inferred_20260921_seed4,4,11ed1195aabfcd298bcaf379e7f064ad8010cd8ca67a057b647baa8bf9ef6e77,1500,pre_fed,TRPO-MADRL,deterministic,5c4343790be9618e4502e57801a324fbf3516a92b760902fcf5c5e74e5b5d857
2,19,18,162.5,26.77,0.18,8.63,4.32,-0.07043059170246124,21.191041946411133,130.1559887498498,50.0,130.1559887498498,-0.02105263157894797,0.1,0.1,3.141698722365417,8.556762604094558,-8.556762604094558,1233.0344347957746,1090.2561177506923,73.84486127333605,-79.69599862393056,0.0,0.0,8.556762604094558,73.84486127333605,0.0,164.25,26.26,4.67,0.1,9.83,0.0,0.0,0.0,inferred_20260921_seed4,4,11ed1195aabfcd298bcaf379e7f064ad8010cd8ca67a057b647baa8bf9ef6e77,1500,pre_fed,TRPO-MADRL,deterministic,5c4343790be9618e4502e57801a324fbf3516a92b760902fcf5c5e74e5b5d857
3,19,18,183.4,26.77,0.18,8.63,4.32,0.6316515207290649,13.43634033203125,155.91883677951537,49.999999999786525,155.91883677951537,-0.02105263157894797,0.1,0.1,3.6569556829587286,4.209171535022307,-4.209171535022307,1244.8399364844172,1127.9733287202216,36.32515034724251,-63.802582960351906,0.0,0.0,4.209171535022307,36.32515034724251,0.0,185.6,26.26,4.67,0.1,9.83,0.0,0.0,0.0,inferred_20260921_seed4,4,11ed1195aabfcd298bcaf379e7f064ad8010cd8ca67a057b647baa8bf9ef6e77,1500,pre_fed,TRPO-MADRL,deterministic,5c4343790be9618e4502e57801a324fbf3516a92b760902fcf5c5e74e5b5d857
1,20,19,557.2,26.22,0.0,8.87,4.44,-0.24913522601127625,30.498327255249023,75.58944099920267,50.0,75.58944099920267,-0.02105263157894797,0.1,0.1,2.0357677673524743,457.4473793997288,-457.4473793997288,541.653087599072,1052.5389067811634,4057.558255275594,-1857.785054761622,0.0,0.0,457.4473793997288,4057.558255275594,0.0,539.8,26.77,0.18,0.1,8.63,0.0,0.0,0.0,inferred_20260921_seed4,4,11ed1195aabfcd298bcaf379e7f064ad8010cd8ca67a057b647baa8bf9ef6e77,1500,pre_fed,TRPO-MADRL,deterministic,5c4343790be9618e4502e57801a324fbf3516a92b760902fcf5c5e74e5b5d857
2,20,19,165.75,26.22,0.0,8.87,4.44,-0.0369596928358078,21.155059814453125,134.82799780612135,50.0,134.82799780612135,-0.02105263157894797,0.1,0.1,3.220538903490848,7.943593728948457,-7.943593728948457,1268.980303881066,1090.2561177506923,70.4596763757728,-78.89158280173294,0.0,0.0,7.943593728948457,70.4596763757728,0.0,162.5,26.77,0.18,0.1,8.63,0.0,0.0,0.0,inferred_20260921_seed4,4,11ed1195aabfcd298bcaf379e7f064ad8010cd8ca67a057b647baa8bf9ef6e77,1500,pre_fed,TRPO-MADRL,deterministic,5c4343790be9618e4502e57801a324fbf3516a92b760902fcf5c5e74e5b5d857
3,20,19,187.07,26.22,0.0,8.87,4.44,0.6890945434570312,13.391792297363281,159.74000043848955,49.99999999976663,159.74000043848955,-0.02105263157894797,0.1,0.1,3.718778956138212,4.849831149227612,-4.849831149227612,1278.4996460784664,1127.9733287202216,43.01800229364891,-67.48756052811578,0.0,0.0,4.849831149227612,43.01800229364891,0.0,183.4,26.77,0.18,0.1,8.63,0.0,0.0,0.0,inferred_20260921_seed4,4,11ed1195aabfcd298bcaf379e7f064ad8010cd8ca67a057b647baa8bf9ef6e77,1500,pre_fed,TRPO-MADRL,deterministic,5c4343790be9618e4502e57801a324fbf3516a92b760902fcf5c5e74e5b5d857
1,21,20,557.1,32.84,0.0,8.35,4.18,-0.25472554564476013,30.286842346191406,75.06444227193789,50.0,75.06444227193789,-0.02105263157894797,0.1,0.1,2.157667792807179,451.37427815244826,-451.37427815244826,538.0094407936213,1052.5389067811634,3768.9752225729426,-1727.84981710932,1.1747920153390226,0.0,450.19948613710926,3764.076339868979,0.0,557.2,26.22,0.0,0.1,8.87,0.0,0.0,0.0,inferred_20260921_seed4,4,11ed1195aabfcd298bcaf379e7f064ad8010cd8ca67a057b647baa8bf9ef6e77,1500,pre_fed,TRPO-MADRL,deterministic,5c4343790be9618e4502e57801a324fbf3516a92b760902fcf5c5e74e5b5d857
2,21,20,169.0,32.84,0.0,8.35,4.18,-0.008329733274877071,21.19598960876465,138.83386431195606,50.0,138.83386431195606,-0.02105263157894797,0.1,0.1,3.4330562336075423,0.7802445532304318,-0.7802445532304318,1300.0651475783193,1090.2561177506923,6.515042019474105,-50.738194215343576,0.0,0.0,0.7802445532304318,6.515042019474105,0.0,165.75,26.22,0.0,0.1,8.87,0.0,0.0,0.0,inferred_20260921_seed4,4,11ed1195aabfcd298bcaf379e7f064ad8010cd8ca67a057b647baa8bf9ef6e77,1500,pre_fed,TRPO-MADRL,deterministic,5c4343790be9618e4502e57801a324fbf3516a92b760902fcf5c5e74e5b5d857
3,21,20,190.73,32.84,0.0,8.35,4.18,0.7414537668228149,13.396502494812012,163.00226897376163,49.999999999768825,163.00226897376163,-0.02105263157894797,0.1,0.1,3.9164243268436536,-1.1747920153390226,1.1747920153390226,1307.455709798203,1127.9733287202216,9.809513328080838,-53.122861768004874,0.0,1.1747920153390226,0.0,-4.910630624117114,0.0,187.07,26.22,0.0,0.1,8.87,1.1747920153390226,0.0,0.0,inferred_20260921_seed4,4,11ed1195aabfcd298bcaf379e7f064ad8010cd8ca67a057b647baa8bf9ef6e77,1500,pre_fed,TRPO-MADRL,deterministic,5c4343790be9618e4502e57801a324fbf3516a92b760902fcf5c5e74e5b5d857
1,22,21,535.0,36.02,0.0,16.44,8.22,-0.2585633397102356,30.3504581451416,74.70487144534145,50.0,74.70487144534145,-0.02105263157894797,0.1,0.1,2.21407637627525,426.5102575625127,-426.5102575625127,535.5164889904395,1052.5389067811634,7011.82863432771,-3187.0839933629013,1.2236382109608996,0.0,425.28661935155185,7001.7703282336115,0.0,557.1,32.84,0.0,0.1,8.35,0.0,0.0,0.0,inferred_20260921_seed4,4,11ed1195aabfcd298bcaf379e7f064ad8010cd8ca67a057b647baa8bf9ef6e77,1500,pre_fed,TRPO-MADRL,deterministic,5c4343790be9618e4502e57801a324fbf3516a92b760902fcf5c5e74e5b5d857
2,22,21,161.2,36.02,0.0,16.44,8.22,-0.07342122495174408,20.966575622558594,129.73945896929413,50.0,129.73945896929413,-0.02105263157894797,0.1,0.1,3.314768126754304,-1.2236382109608996,1.2236382109608996,1229.8458137692937,1090.2561177506923,20.11661218819719,-55.45451411508846,0.0,1.2236382109608996,0.0,-10.058306094098596,0.0,169.0,32.84,0.0,0.1,8.35,1.2236382109608996,0.0,0.0,inferred_20260921_seed4,4,11ed1195aabfcd298bcaf379e7f064ad8010cd8ca67a057b647baa8bf9ef6e77,1500,pre_fed,TRPO-MADRL,deterministic,5c4343790be9618e4502e57801a324fbf3516a92b760902fcf5c5e74e5b5d857
3,22,21,181.93,36.02,0.0,16.44,8.22,0.5405299663543701,13.38195514678955,149.33890267038174,49.999999999762,149.33890267038174,-0.02105263157894797,0.1,0.1,3.706757000776056,0.29890696197327316,-0.29890696197327316,1187.5290490974585,1127.9733287202216,4.914030454840611,-48.52136126103188,0.0,0.0,0.29890696197327316,4.914030454840611,0.0,190.73,32.84,0.0,0.1,8.35,0.0,0.0,0.0,inferred_20260921_seed4,4,11ed1195aabfcd298bcaf379e7f064ad8010cd8ca67a057b647baa8bf9ef6e77,1500,pre_fed,TRPO-MADRL,deterministic,5c4343790be9618e4502e57801a324fbf3516a92b760902fcf5c5e74e5b5d857
1,23,22,437.8,37.23,0.0,16.19,8.1,-0.7574398517608643,31.2626895904541,36.04334939124123,50.0,36.04334939124123,-0.02105263157894797,0.1,0.1,1.4650459351932454,366.012749175531,-366.012749175531,279.6908551041464,1052.5389067811634,5925.746409151847,-2693.2304793560374,0.7655998209810946,0.0,365.2471493545499,5919.5527066001105,0.0,535.0,36.02,0.0,0.1,16.44,0.0,0.0,0.0,inferred_20260921_seed4,4,11ed1195aabfcd298bcaf379e7f064ad8010cd8ca67a057b647baa8bf9ef6e77,1500,pre_fed,TRPO-MADRL,deterministic,5c4343790be9618e4502e57801a324fbf3516a92b760902fcf5c5e74e5b5d857
2,23,22,148.0,37.23,0.0,16.19,8.1,-0.244829460978508,20.287206649780273,106.39269766117273,50.0,106.39269766117273,-0.02105263157894797,0.1,0.1,2.8720329005918757,7.270387870998093,-7.270387870998093,1055.338009194186,1090.2561177506923,117.70757963145913,-95.88029337305417,0.0,0.0,7.270387870998093,117.70757963145913,0.0,161.2,36.02,0.0,0.1,16.44,0.0,0.0,0.0,inferred_20260921_seed4,4,11ed1195aabfcd298bcaf379e7f064ad8010cd8ca67a057b647baa8bf9ef6e77,1500,pre_fed,TRPO-MADRL,deterministic,5c4343790be9618e4502e57801a324fbf3516a92b760902fcf5c5e74e5b5d857
3,23,22,161.39,37.23,0.0,16.19,8.1,0.2904614806175232,13.158441543579102,128.25595040809029,49.999999999627846,128.25595040809029,-0.02105263157894797,0.1,0.1,3.3092979555302264,-0.7655998209810946,0.7655998209810946,1009.4381656142884,1127.9733287202216,12.395061101683922,-48.32600738244797,0.0,0.7655998209810946,0.0,-6.201358549946866,0.0,181.93,36.02,0.0,0.1,16.44,0.7655998209810946,0.0,0.0,inferred_20260921_seed4,4,11ed1195aabfcd298bcaf379e7f064ad8010cd8ca67a057b647baa8bf9ef6e77,1500,pre_fed,TRPO-MADRL,deterministic,5c4343790be9618e4502e57801a324fbf3516a92b760902fcf5c5e74e5b5d857
1,24,23,447.3,44.12,0.0,8.87,4.44,-0.6887115836143494,32.17483901977539,40.28463385046508,50.0,40.28463385046508,-0.02105263157894797,0.1,0.1,1.6876716243777226,364.6040904054916,-364.6040904054916,306.5732045928351,1052.5389067811634,3234.03828189671,-1482.4994690809995,35.12187632778037,0.0,329.4822140777112,3078.448369764643,0.0,437.8,37.23,0.0,0.1,16.19,0.0,0.0,0.0,inferred_20260921_seed4,4,11ed1195aabfcd298bcaf379e7f064ad8010cd8ca67a057b647baa8bf9ef6e77,1500,pre_fed,TRPO-MADRL,deterministic,5c4343790be9618e4502e57801a324fbf3516a92b760902fcf5c5e74e5b5d857
2,24,23,119.6,44.12,0.0,8.87,4.44,-0.3391169011592865,20.091474533081055,94.26357179364595,50.0,94.26357179364595,-0.02105263157894797,0.1,0.1,2.76725038324134,-15.995268778825675,15.995268778825675,967.9478071393573,1090.2561177506923,141.87803406818372,-105.00919382848366,0.0,15.995268778825675,0.0,-71.018993377986,0.0,148.0,37.23,0.0,0.1,16.19,15.995268778825675,0.0,0.0,inferred_20260921_seed4,4,11ed1195aabfcd298bcaf379e7f064ad8010cd8ca67a057b647baa8bf9ef6e77,1500,pre_fed,TRPO-MADRL,deterministic,5c4343790be9618e4502e57801a324fbf3516a92b760902fcf5c5e74e5b5d857
3,24,23,134.98,44.12,0.0,8.87,4.44,0.13229334354400635,13.100685119628906,113.15269298765517,49.99999999958227,113.15269298765517,-0.02105263157894797,0.1,0.1,3.1450328071215243,-19.126607548954695,19.126607548954695,887.0506995966826,1127.9733287202216,169.65300895922812,-116.64433459799073,0.0,19.126607548954695,0.0,-84.92213751735885,0.0,161.39,37.23,0.0,0.1,16.19,19.126607548954695,0.0,0.0,inferred_20260921_seed4,4,11ed1195aabfcd298bcaf379e7f064ad8010cd8ca67a057b647baa8bf9ef6e77,1500,pre_fed,TRPO-MADRL,deterministic,5c4343790be9618e4502e57801a324fbf3516a92b760902fcf5c5e74e5b5d857
