mg,hour,time_index,load,wind,pv,price_grid,price_mg,latent_cg,latent_ba,cg_raw,ba_raw,p_cg,p_ba,soc_before,soc_after,p_loss,p_de,unbalanced,cg_cost,ba_cost,imbalance_cost,reward,mg_import,mg_export,grid_power,transaction_expense,balance_residual,obs_load,obs_wind,obs_pv,obs_soc,obs_price,sold_to_mg1,sold_to_mg2,sold_to_mg3,run_id,seed,config_hash,iteration,stage,algorithm,scenario,checkpoint_sha256
1,1,0,457.7,51.48,0.0,8.65,4.33,-0.1555112898349762,-0.3616231083869934,84.57303168282331,-17.332145519177764,84.57303168282331,-17.332145519177764,0.5,0.6636553824321888,2.3744177232729107,341.35353155962736,-341.35353155962736,604.6937824987424,396.36130986220087,2952.708047990777,-1976.88157017586,0.0,0.0,341.35353155962736,2952.708047990777,0.0,447.3,44.12,0.0,0.5,8.87,0.0,0.0,0.0,main_seed0,0,d1c1eb972d85b5605cb5db7c2c6bc30520ef1b725ec02f3d139c77d64d6a78a6,1500,pre_fed,F-MADRL,deterministic,bb696f8795a17dbaaa830eedc9bcb9df219d4f7e88383a327b045b313522c112
2,1,0,110.5,51.48,0.0,8.65,4.33,-0.47701147198677063,-0.42780134081840515,77.86141875973756,-20.174111053303744,77.86141875973756,-20.174111053303744,0.5,0.6906540550063855,2.1833461541286763,3.5160384476948536,-3.5160384476948536,853.3271025930313,390.21382666973307,30.413732572560484,-636.9773309176625,0.0,0.0,3.5160384476948536,30.413732572560484,0.0,119.6,44.12,0.0,0.5,8.87,0.0,0.0,0.0,main_seed0,0,d1c1eb972d85b5605cb5db7c2c6bc30520ef1b725ec02f3d139c77d64d6a78a6,1500,pre_fed,F-MADRL,deterministic,bb696f8795a17dbaaa830eedc9bcb9df219d4f7e88383a327b045b313522c112
3,1,0,124.71,51.48,0.0,8.65,4.33,-0.2640839219093323,-0.6718873977661133,74.18886213067522,-29.31100198261841,74.18886213067522,-29.31100198261841,0.5,0.7774545188348749,1.9271572029611364,30.27929705490432,-30.27929705490432,591.3251679895442,336.3683311588691,261.91591952492234,-594.8047093366679,0.0,0.0,30.27929705490432,261.91591952492234,0.0,134.98,44.12,0.0,0.5,8.87,0.0,0.0,0.0,main_seed0,0,d1c1eb972d85b5605cb5db7c2c6bc30520ef1b725ec02f3d139c77d64d6a78a6,1500,pre_fed,F-MADRL,deterministic,bb696f8795a17dbaaa830eedc9bcb9df219d4f7e88383a327b045b313522c112
1,2,1,336.5,38.37,0.0,8.11,4.06,-0.16763441264629364,-0.3927587866783142,83.3918383552148,-18.686805725699955,83.3918383552148,-18.686805725699955,0.6636553824321888,0.839852726061474,2.0615006525902966,235.48646802307547,-235.48646802307547,596.3303248963531,217.41529649615777,1909.7952556671419,-1361.7704385298264,0.0,0.0,235.48646802307547,1909.7952556671419,0.0,457.7,51.48,0.0,0.6636553824321888,8.65,0.0,0.0,0.0,main_seed0,0,d1c1eb972d85b5605cb5db7c2c6bc30520ef1b725ec02f3d139c77d64d6a78a6,1500,pre_fed,F-MADRL,deterministic,bb696f8795a17dbaaa830eedc9bcb9df219d4f7e88383a327b045b313522c112
2,2,1,109.85,38.37,0.0,8.11,4.06,-0.5264047384262085,-0.47079163789749146,72.4320713756897,-21.94193607787534,72.4320713756897,-21.94193607787534,0.6906540550063855,0.8977211396361885,1.7772027059562874,22.767067408141912,-22.767067408141912,816.2868431385923,179.70626771777867,184.6409166800309,-590.3170137682009,0.0,0.0,22.767067408141912,184.6409166800309,0.0,110.5,51.48,0.0,0.6906540550063855,8.65,0.0,0.0,0.0,main_seed0,0,d1c1eb972d85b5605cb5db7c2c6bc30520ef1b725ec02f3d139c77d64d6a78a6,1500,pre_fed,F-MADRL,deterministic,bb696f8795a17dbaaa830eedc9bcb9df219d4f7e88383a327b045b313522c112
3,2,1,123.98,38.37,0.0,8.11,4.06,-0.30867940187454224,-0.7766053676605225,70.07647767091876,-32.53769781017766,70.07647767091876,-13.063198968715248,0.7774545188348749,0.9,1.9076655740440702,30.504386871840566,-30.504386871840566,561.7961061342844,161.7711407702668,247.39057753062698,-485.4789122175891,0.0,0.0,30.504386871840566,247.39057753062698,0.0,124.71,51.48,0.0,0.7774545188348749,8.65,0.0,0.0,0.0,main_seed0,0,d1c1eb972d85b5605cb5db7c2c6bc30520ef1b725ec02f3d139c77d64d6a78a6,1500,pre_fed,F-MADRL,deterministic,bb696f8795a17dbaaa830eedc9bcb9df219d4f7e88383a327b045b313522c112
1,3,2,274.9,43.56,0.0,8.25,4.13,-0.1648700088262558,-0.3886747658252716,83.66077644248624,-18.510859639406085,83.66077644248624,-6.508103093752522,0.839852726061474,0.9,2.4142534669746745,156.60158011824092,-156.60158011824092,598.2325579221945,127.72061206959388,1291.9630359754876,-1008.958102983638,0.0,0.0,156.60158011824092,1291.9630359754876,0.0,336.5,38.37,0.0,0.839852726061474,8.11,0.0,0.0,0.0,main_seed0,0,d1c1eb972d85b5605cb5db7c2c6bc30520ef1b725ec02f3d139c77d64d6a78a6,1500,pre_fed,F-MADRL,deterministic,bb696f8795a17dbaaa830eedc9bcb9df219d4f7e88383a327b045b313522c112
2,3,2,112.45,43.56,0.0,8.25,4.13,-0.538791835308075,-0.475453644990921,71.10979592042433,-22.129760475718317,71.10979592042433,-0.42887396242988934,0.8977211396361885,0.9,2.284818439159889,0.49389648116545004,-0.49389648116545004,807.3338242044276,119.73412526183785,4.074645969614963,-465.5712977179402,0.0,0.0,0.49389648116545004,4.074645969614963,0.0,109.85,38.37,0.0,0.8977211396361885,8.11,0.0,0.0,0.0,main_seed0,0,d1c1eb972d85b5605cb5db7c2c6bc30520ef1b725ec02f3d139c77d64d6a78a6,1500,pre_fed,F-MADRL,deterministic,bb696f8795a17dbaaa830eedc9bcb9df219d4f7e88383a327b045b313522c112
3,3,2,126.91,43.56,0.0,8.25,4.13,-0.3099488914012909,-0.7768127918243408,69.96093989776568,-32.54367620468267,69.96093989776568,-0.18947368421052882,0.9,0.9,2.2666293242711033,15.845163110715944,-15.845163110715944,560.971125364117,126.80720528531852,130.72259566340654,-409.25046315642106,0.0,0.0,15.845163110715944,130.72259566340654,0.0,123.98,38.37,0.0,0.9,8.11,0.0,0.0,0.0,main_seed0,0,d1c1eb972d85b5605cb5db7c2c6bc30520ef1b725ec02f3d139c77d64d6a78a6,1500,pre_fed,F-MADRL,deterministic,bb696f8795a17dbaaa830eedc9bcb9df219d4f7e88383a327b045b313522c112
1,4,3,272.6,40.75,0.0,8.1,4.05,-0.16638486087322235,-0.3912578821182251,83.51337203929339,-18.622206528420023,83.51337203929339,-0.18947368421052882,0.9,0.9,2.4814779671016574,151.00757961201882,-151.00757961201882,597.1898028706829,111.40639664265923,1223.1613948573524,-965.8787971853474,0.0,0.0,151.00757961201882,1223.1613948573524,0.0,274.9,43.56,0.0,0.9,8.25,0.0,0.0,0.0,main_seed0,0,d1c1eb972d85b5605cb5db7c2c6bc30520ef1b725ec02f3d139c77d64d6a78a6,1500,pre_fed,F-MADRL,deterministic,bb696f8795a17dbaaa830eedc9bcb9df219d4f7e88383a327b045b313522c112
2,4,3,110.5,40.75,0.0,8.1,4.05,-0.5490290522575378,-0.48582085967063904,70.029098698799,-22.544660631099305,70.029098698799,-0.18947368421052882,0.9,0.9,2.2117925002917698,2.1221674857032866,-2.1221674857032866,800.0362480598809,119.10680096398887,17.18955663419662,-468.1663028290332,0.0,0.0,2.1221674857032866,17.18955663419662,0.0,112.45,43.56,0.0,0.9,8.25,0.0,0.0,0.0,main_seed0,0,d1c1eb972d85b5605cb5db7c2c6bc30520ef1b725ec02f3d139c77d64d6a78a6,1500,pre_fed,F-MADRL,deterministic,bb696f8795a17dbaaa830eedc9bcb9df219d4f7e88383a327b045b313522c112
3,4,3,124.71,40.75,0.0,8.1,4.05,-0.31530916690826416,-0.7904789447784424,69.47406914295246,-32.934013572106416,69.47406914295246,-0.18947368421052882,0.9,0.9,2.200691909174839,16.876096450432897,-16.876096450432897,557.4974814117113,126.80720528531852,136.69638124850647,-410.50053397276815,0.0,0.0,16.876096450432897,136.69638124850647,0.0,126.91,43.56,0.0,0.9,8.25,0.0,0.0,0.0,main_seed0,0,d1c1eb972d85b5605cb5db7c2c6bc30520ef1b725ec02f3d139c77d64d6a78a6,1500,pre_fed,F-MADRL,deterministic,bb696f8795a17dbaaa830eedc9bcb9df219d4f7e88383a327b045b313522c112
1,5,4,245.3,27.74,0.0,8.14,4.07,-0.16499105095863342,-0.38837456703186035,83.64899560875455,-18.49790553430799,83.64899560875455,-0.18947368421052882,0.9,0.9,2.22399043849088,136.3244685139469,-136.3244685139469,598.1492060595388,111.40639664265923,1109.6811737035277,-909.6183882028629,0.0,0.0,136.3244685139469,1109.6811737035277,0.0,272.6,40.75,0.0,0.9,8.1,0.0,0.0,0.0,main_seed0,0,d1c1eb972d85b5605cb5db7c2c6bc30520ef1b725ec02f3d139c77d64d6a78a6,1500,pre_fed,F-MADRL,deterministic,bb696f8795a17dbaaa830eedc9bcb9df219d4f7e88383a327b045b313522c112
2,5,4,113.75,27.74,0.0,8.14,4.07,-0.5432008504867554,-0.47997546195983887,70.64301074944686,-22.31119791679063,70.64301074944686,-0.18947368421052882,0.9,0.9,1.9638707413047265,17.520333676068404,-17.520333676068404,804.1796068117312,119.10680096398887,142.6155161231968,-532.9509619494585,0.0,0.0,17.520333676068404,142.6155161231968,0.0,110.5,40.75,0.0,0.9,8.1,0.0,0.0,0.0,main_seed0,0,d1c1eb972d85b5605cb5db7c2c6bc30520ef1b725ec02f3d139c77d64d6a78a6,1500,pre_fed,F-MADRL,deterministic,bb696f8795a17dbaaa830eedc9bcb9df219d4f7e88383a327b045b313522c112
3,5,4,128.38,27.74,0.0,8.14,4.07,-0.31227028369903564,-0.7827337980270386,69.74989518411144,-32.71365180093391,69.74989518411144,-0.18947368421052882,0.9,0.9,1.9460084299980183,33.025586930097106,-33.025586930097106,559.4648458625354,126.80720528531852,268.8282776109905,-477.5501643794222,0.0,0.0,33.025586930097106,268.8282776109905,0.0,124.71,40.75,0.0,0.9,8.1,0.0,0.0,0.0,main_seed0,0,d1c1eb972d85b5605cb5db7c2c6bc30520ef1b725ec02f3d139c77d64d6a78a6,1500,pre_fed,F-MADRL,deterministic,bb696f8795a17dbaaa830eedc9bcb9df219d4f7e88383a327b045b313522c112
1,6,5,233.7,30.15,0.0,8.13,4.07,-0.158625990152359,-0.37421107292175293,84.26912138130874,-17.883479549744564,84.26912138130874,-0.18947368421052882,0.9,0.9,2.2845929539419645,121.75494525684374,-121.75494525684374,602.5397813299458,111.40639664265923,989.8677049381397,-851.9069414553724,0.0,0.0,121.75494525684374,989.8677049381397,0.0,245.3,27.74,0.0,0.9,8.14,0.0,0.0,0.0,main_seed0,0,d1c1eb972d85b5605cb5db7c2c6bc30520ef1b725ec02f3d139c77d64d6a78a6,1500,pre_fed,F-MADRL,deterministic,bb696f8795a17dbaaa830eedc9bcb9df219d4f7e88383a327b045b313522c112
2,6,5,120.25,30.15,0.0,8.13,4.07,-0.5214930176734924,-0.45728278160095215,72.96078928313258,-21.393350893090865,72.96078928313258,-0.18947368421052882,0.9,0.9,2.058426311978441,19.387110713056373,-19.387110713056373,819.8741866016073,119.10680096398887,157.61721009714833,-548.2990988313722,0.0,0.0,19.387110713056373,157.61721009714833,0.0,113.75,27.74,0.0,0.9,8.14,0.0,0.0,0.0,main_seed0,0,d1c1eb972d85b5605cb5db7c2c6bc30520ef1b725ec02f3d139c77d64d6a78a6,1500,pre_fed,F-MADRL,deterministic,bb696f8795a17dbaaa830eedc9bcb9df219d4f7e88383a327b045b313522c112
3,6,5,135.43,30.15,0.0,8.13,4.07,-0.2995130717754364,-0.7508967518806458,70.91330567466743,-31.784181857428095,70.91330567466743,-0.18947368421052882,0.9,0.9,2.017476639809138,36.57364464935225,-36.57364464935225,567.7789267260515,126.80720528531852,297.3437309992338,-495.96493150530193,0.0,0.0,36.57364464935225,297.3437309992338,0.0,128.38,27.74,0.0,0.9,8.14,0.0,0.0,0.0,main_seed0,0,d1c1eb972d85b5605cb5db7c2c6bc30520ef1b725ec02f3d139c77d64d6a78a6,1500,pre_fed,F-MADRL,deterministic,bb696f8795a17dbaaa830eedc9bcb9df219d4f7e88383a327b045b313522c112
1,7,6,274.6,28.65,0.16,8.34,4.17,-0.15876160562038422,-0.37406569719314575,84.25589571150954,-17.877140311680904,84.25589571150954,-0.18947368421052882,0.9,0.9,2.2575284405459803,163.981106413247,-163.981106413247,602.4460767632396,111.40639664265923,1367.60242748648,-1040.7274504461896,0.0,0.0,163.981106413247,1367.60242748648,0.0,233.7,30.15,0.0,0.9,8.13,0.0,0.0,0.0,main_seed0,0,d1c1eb972d85b5605cb5db7c2c6bc30520ef1b725ec02f3d139c77d64d6a78a6,1500,pre_fed,F-MADRL,deterministic,bb696f8795a17dbaaa830eedc9bcb9df219d4f7e88383a327b045b313522c112
2,7,6,130.0,28.65,0.16,8.34,4.17,-0.5267496705055237,-0.46271926164627075,72.39503534823507,-21.614894511880706,72.39503534823507,-0.18947368421052882,0.9,0.9,2.020311233280491,31.00474956925595,-31.00474956925595,816.035713465324,119.10680096398887,258.5796114075946,-596.8610629184537,0.0,0.0,31.00474956925595,258.5796114075946,0.0,120.25,30.15,0.0,0.9,8.13,0.0,0.0,0.0,main_seed0,0,d1c1eb972d85b5605cb5db7c2c6bc30520ef1b725ec02f3d139c77d64d6a78a6,1500,pre_fed,F-MADRL,deterministic,bb696f8795a17dbaaa830eedc9bcb9df219d4f7e88383a327b045b313522c112
3,7,6,146.72,28.65,0.16,8.34,4.17,-0.30240288376808167,-0.758784294128418,70.64899622029964,-32.01801637743015,70.64899622029964,-0.18947368421052882,0.9,0.9,1.9853904507217823,49.43586791463267,-49.43586791463267,565.887834375832,126.80720528531852,412.29513840803645,-552.4950890345935,0.0,0.0,49.43586791463267,412.29513840803645,0.0,135.43,30.15,0.0,0.9,8.13,0.0,0.0,0.0,main_seed0,0,d1c1eb972d85b5605cb5db7c2c6bc30520ef1b725ec02f3d139c77d64d6a78a6,1500,pre_fed,F-MADRL,deterministic,bb696f8795a17dbaaa830eedc9bcb9df219d4f7e88383a327b045b313522c112
1,8,7,291.0,23.38,1.77,9.35,4.68,-0.16112953424453735,-0.3805307149887085,84.02505888478615,-18.15841373522331,84.02505888478615,-0.18947368421052882,0.9,0.9,2.1797117040115124,184.19412650343588,-184.19412650343588,600.8110420377702,111.40639664265923,1722.2150828071253,-1217.2162607437774,0.0,0.0,184.19412650343588,1722.2150828071253,0.0,274.6,28.65,0.16,0.9,8.34,0.0,0.0,0.0,main_seed0,0,d1c1eb972d85b5605cb5db7c2c6bc30520ef1b725ec02f3d139c77d64d6a78a6,1500,pre_fed,F-MADRL,deterministic,bb696f8795a17dbaaa830eedc9bcb9df219d4f7e88383a327b045b313522c112
2,8,7,157.95,23.38,1.77,9.35,4.68,-0.526943564414978,-0.46257704496383667,72.37422199836844,-21.60911220540641,72.37422199836844,-0.18947368421052882,0.9,0.9,1.946694966283158,62.56194665212524,-62.56194665212524,815.894593825738,119.10680096398887,584.954201197371,-759.977797993549,0.0,0.0,62.56194665212524,584.954201197371,0.0,130.0,28.65,0.16,0.9,8.34,0.0,0.0,0.0,main_seed0,0,d1c1eb972d85b5605cb5db7c2c6bc30520ef1b725ec02f3d139c77d64d6a78a6,1500,pre_fed,F-MADRL,deterministic,bb696f8795a17dbaaa830eedc9bcb9df219d4f7e88383a327b045b313522c112
3,8,7,178.26,23.38,1.77,9.35,4.68,-0.3017340302467346,-0.7582798004150391,70.71013151627432,-32.003130552678876,70.71013151627432,-0.18947368421052882,0.9,0.9,1.9134131566412758,84.50275532457748,-84.50275532457748,566.3251297505175,126.80720528531852,790.1007622847994,-741.6165486603177,0.0,0.0,84.50275532457748,790.1007622847994,0.0,146.72,28.65,0.16,0.9,8.34,0.0,0.0,0.0,main_seed0,0,d1c1eb972d85b5605cb5db7c2c6bc30520ef1b725ec02f3d139c77d64d6a78a6,1500,pre_fed,F-MADRL,deterministic,bb696f8795a17dbaaa830eedc9bcb9df219d4f7e88383a327b045b313522c112
1,9,8,315.7,21.75,5.3,12.0,6.0,-0.16115525364875793,-0.3821120262145996,84.0225525902586,-18.227011793283673,84.0225525902586,-0.18947368421052882,0.9,0.9,2.2176615781209614,207.03458267207287,-207.03458267207287,600.7932945009196,111.40639664265923,2484.4149920648742,-1598.3073416042266,0.0,0.0,207.03458267207287,2484.4149920648742,0.0,291.0,23.38,1.77,0.9,9.35,0.0,0.0,0.0,main_seed0,0,d1c1eb972d85b5605cb5db7c2c6bc30520ef1b725ec02f3d139c77d64d6a78a6,1500,pre_fed,F-MADRL,deterministic,bb696f8795a17dbaaa830eedc9bcb9df219d4f7e88383a327b045b313522c112
2,9,8,165.1,21.75,5.3,12.0,6.0,-0.5281738042831421,-0.4625820219516754,72.24225397321956,-21.60931457390232,72.24225397321956,-0.18947368421052882,0.9,0.9,1.9820556057801808,67.97927531677114,-67.97927531677114,814.9999713372839,119.10680096398887,815.7513038012537,-874.9290380512632,0.0,0.0,67.97927531677114,815.7513038012537,0.0,157.95,23.38,1.77,0.9,9.35,0.0,0.0,0.0,main_seed0,0,d1c1eb972d85b5605cb5db7c2c6bc30520ef1b725ec02f3d139c77d64d6a78a6,1500,pre_fed,F-MADRL,deterministic,bb696f8795a17dbaaa830eedc9bcb9df219d4f7e88383a327b045b313522c112
3,9,8,186.33,21.75,5.3,12.0,6.0,-0.2983975112438202,-0.755405843257904,71.01545679009502,-31.91814675944491,71.01545679009502,-0.18947368421052882,0.9,0.9,1.9575196621176898,90.41153655623322,-90.41153655623322,568.5101574299576,126.80720528531852,1084.9384386747986,-890.1279006950374,0.0,0.0,90.41153655623322,1084.9384386747986,0.0,178.26,23.38,1.77,0.9,9.35,0.0,0.0,0.0,main_seed0,0,d1c1eb972d85b5605cb5db7c2c6bc30520ef1b725ec02f3d139c77d64d6a78a6,1500,pre_fed,F-MADRL,deterministic,bb696f8795a17dbaaa830eedc9bcb9df219d4f7e88383a327b045b313522c112
1,10,9,362.4,34.82,11.6,9.19,4.6,-0.1649569272994995,-0.39266902208328247,83.65231676177073,-18.682944276435805,83.65231676177073,-0.18947368421052882,0.9,0.9,2.5976568615512043,235.11481378399097,-235.11481378399097,598.1727036841828,111.40639664265923,2160.7051386748767,-1435.1421195008593,0.0,0.0,235.11481378399097,2160.7051386748767,0.0,315.7,21.75,5.3,0.9,12.0,0.0,0.0,0.0,main_seed0,0,d1c1eb972d85b5605cb5db7c2c6bc30520ef1b725ec02f3d139c77d64d6a78a6,1500,pre_fed,F-MADRL,deterministic,bb696f8795a17dbaaa830eedc9bcb9df219d4f7e88383a327b045b313522c112
2,10,9,169.0,34.82,11.6,9.19,4.6,-0.5426188111305237,-0.4744530916213989,70.70451514810087,-22.089514944302362,70.70451514810087,-0.18947368421052882,0.9,0.9,2.338700829277807,54.40365936538747,-54.40365936538747,804.595022354906,119.10680096398887,499.96962956791083,-711.8357264434028,0.0,0.0,54.40365936538747,499.96962956791083,0.0,165.1,21.75,5.3,0.9,12.0,0.0,0.0,0.0,main_seed0,0,d1c1eb972d85b5605cb5db7c2c6bc30520ef1b725ec02f3d139c77d64d6a78a6,1500,pre_fed,F-MADRL,deterministic,bb696f8795a17dbaaa830eedc9bcb9df219d4f7e88383a327b045b313522c112
3,10,9,190.73,34.82,11.6,9.19,4.6,-0.29869410395622253,-0.7625365853309631,70.98829154142481,-32.12843163190979,70.98829154142481,-0.18947368421052882,0.9,0.9,2.3443763571442857,75.85555849993,-75.85555849993,568.3156804473963,126.80720528531852,697.1125826143566,-696.1177341735357,0.0,0.0,75.85555849993,697.1125826143566,0.0,186.33,21.75,5.3,0.9,12.0,0.0,0.0,0.0,main_seed0,0,d1c1eb972d85b5605cb5db7c2c6bc30520ef1b725ec02f3d139c77d64d6a78a6,1500,pre_fed,F-MADRL,deterministic,bb696f8795a17dbaaa830eedc9bcb9df219d4f7e88383a327b045b313522c112
1,11,10,320.0,27.17,36.64,12.3,6.15,-0.16320060193538666,-0.3971405029296875,83.82330449370347,-18.87498055999528,83.82330449370347,-0.18947368421052882,0.9,0.9,2.948876616189859,175.50504580669693,-175.50504580669693,599.3827073515613,111.40639664265923,2158.7120634223725,-1434.7505837082965,0.0,0.0,175.50504580669693,2158.7120634223725,0.0,362.4,34.82,11.6,0.9,9.19,0.0,0.0,0.0,main_seed0,0,d1c1eb972d85b5605cb5db7c2c6bc30520ef1b725ec02f3d139c77d64d6a78a6,1500,pre_fed,F-MADRL,deterministic,bb696f8795a17dbaaa830eedc9bcb9df219d4f7e88383a327b045b313522c112
2,11,10,173.55,27.17,36.64,12.3,6.15,-0.5486450791358948,-0.48686090111732483,70.06943478615264,-22.58607100405328,70.06943478615264,-0.18947368421052882,0.9,0.9,2.6737992220388422,42.53383812009673,-42.53383812009673,800.3083048388538,119.10680096398887,523.1662088771899,-721.2906573400163,0.0,0.0,42.53383812009673,523.1662088771899,0.0,169.0,34.82,11.6,0.9,9.19,0.0,0.0,0.0,main_seed0,0,d1c1eb972d85b5605cb5db7c2c6bc30520ef1b725ec02f3d139c77d64d6a78a6,1500,pre_fed,F-MADRL,deterministic,bb696f8795a17dbaaa830eedc9bcb9df219d4f7e88383a327b045b313522c112
3,11,10,195.87,27.17,36.64,12.3,6.15,-0.3022184371948242,-0.7870691418647766,70.66585281703472,-32.837275333624376,70.66585281703472,-0.18947368421052882,0.9,0.9,2.6857275826564835,64.26934844983231,-64.26934844983231,566.0084010333803,126.80720528531852,790.5129859329375,-741.6642961258182,0.0,0.0,64.26934844983231,790.5129859329375,0.0,190.73,34.82,11.6,0.9,9.19,0.0,0.0,0.0,main_seed0,0,d1c1eb972d85b5605cb5db7c2c6bc30520ef1b725ec02f3d139c77d64d6a78a6,1500,pre_fed,F-MADRL,deterministic,bb696f8795a17dbaaa830eedc9bcb9df219d4f7e88383a327b045b313522c112
1,12,11,350.0,30.2,42.68,20.7,10.35,-0.1482163965702057,-0.38337209820747375,85.28594945221421,-18.281617758823597,85.28594945221421,-0.18947368421052882,0.9,0.9,3.1595295153600738,195.18305374735638,-195.18305374735638,609.7525455757869,111.40639664265923,4040.289212570277,-2380.7240773943618,0.0,0.0,195.18305374735638,4040.289212570277,0.0,320.0,27.17,36.64,0.9,12.3,0.0,0.0,0.0,main_seed0,0,d1c1eb972d85b5605cb5db7c2c6bc30520ef1b725ec02f3d139c77d64d6a78a6,1500,pre_fed,F-MADRL,deterministic,bb696f8795a17dbaaa830eedc9bcb9df219d4f7e88383a327b045b313522c112
2,12,11,168.35,30.2,42.68,20.7,10.35,-0.5517680644989014,-0.4925808012485504,69.74181671762614,-22.81311896554144,69.74181671762614,-0.18947368421052882,0.9,0.9,2.848646860668312,28.7663038272527,-28.7663038272527,798.0993185490861,119.10680096398887,595.4624892241309,-756.334304368603,0.0,0.0,28.7663038272527,595.4624892241309,0.0,173.55,27.17,36.64,0.9,12.3,0.0,0.0,0.0,main_seed0,0,d1c1eb972d85b5605cb5db7c2c6bc30520ef1b725ec02f3d139c77d64d6a78a6,1500,pre_fed,F-MADRL,deterministic,bb696f8795a17dbaaa830eedc9bcb9df219d4f7e88383a327b045b313522c112
3,12,11,190.0,30.2,42.68,20.7,10.35,-0.2774201035499573,-0.7760086059570312,72.94843494841301,-32.52048889759006,72.94843494841301,-0.18947368421052882,0.9,0.9,2.91277922528405,47.27381796108156,-47.27381796108156,582.3844115837966,126.80720528531852,978.5680317943883,-843.8798243317517,0.0,0.0,47.27381796108156,978.5680317943883,0.0,195.87,27.17,36.64,0.9,12.3,0.0,0.0,0.0,main_seed0,0,d1c1eb972d85b5605cb5db7c2c6bc30520ef1b725ec02f3d139c77d64d6a78a6,1500,pre_fed,F-MADRL,deterministic,bb696f8795a17dbaaa830eedc9bcb9df219d4f7e88383a327b045b313522c112
1,13,12,345.2,23.52,35.22,26.82,13.41,-0.162356436252594,-0.41336268186569214,83.90552321108751,-19.566208032755895,83.90552321108751,-0.18947368421052882,0.9,0.9,2.849120990537539,205.59307146366055,-205.59307146366055,599.9647010525639,111.40639664265923,5514.006176655376,-3112.6886371753,0.0,0.0,205.59307146366055,5514.006176655376,0.0,350.0,30.2,42.68,0.9,20.7,0.0,0.0,0.0,main_seed0,0,d1c1eb972d85b5605cb5db7c2c6bc30520ef1b725ec02f3d139c77d64d6a78a6,1500,pre_fed,F-MADRL,deterministic,bb696f8795a17dbaaa830eedc9bcb9df219d4f7e88383a327b045b313522c112
2,13,12,168.35,23.52,35.22,26.82,13.41,-0.6003637909889221,-0.5326916575431824,64.77682652015459,-24.37179590334386,64.77682652015459,-0.18947368421052882,0.9,0.9,2.466547056718881,47.48919422077482,-47.48919422077482,764.8222577650467,119.10680096398887,1273.6601890011807,-1078.7946238651082,0.0,0.0,47.48919422077482,1273.6601890011807,0.0,168.35,30.2,42.68,0.9,20.7,0.0,0.0,0.0,main_seed0,0,d1c1eb972d85b5605cb5db7c2c6bc30520ef1b725ec02f3d139c77d64d6a78a6,1500,pre_fed,F-MADRL,deterministic,bb696f8795a17dbaaa830eedc9bcb9df219d4f7e88383a327b045b313522c112
3,13,12,190.0,23.52,35.22,26.82,13.41,-0.2881949841976166,-0.8062213063240051,71.95273684536004,-33.37502349390495,71.95273684536004,-0.18947368421052882,0.9,0.9,2.61006526322299,62.10680210207349,-62.10680210207349,575.2287662971493,126.80720528531852,1665.704432377611,-1183.8702019800394,0.0,0.0,62.10680210207349,1665.704432377611,0.0,190.0,30.2,42.68,0.9,20.7,0.0,0.0,0.0,main_seed0,0,d1c1eb972d85b5605cb5db7c2c6bc30520ef1b725ec02f3d139c77d64d6a78a6,1500,pre_fed,F-MADRL,deterministic,bb696f8795a17dbaaa830eedc9bcb9df219d4f7e88383a327b045b313522c112
1,14,13,320.6,39.48,35.46,27.35,13.68,-0.1743156462907791,-0.4289715588092804,82.74287367361758,-20.223073360617416,82.74287367361758,-0.18947368421052882,0.9,0.9,3.1498679997881416,166.2564680103811,-166.2564680103811,591.7449408776152,111.40639664265923,4547.114400083923,-2625.132868802099,0.0,0.0,166.2564680103811,4547.114400083923,0.0,345.2,23.52,35.22,0.9,26.82,0.0,0.0,0.0,main_seed0,0,d1c1eb972d85b5605cb5db7c2c6bc30520ef1b725ec02f3d139c77d64d6a78a6,1500,pre_fed,F-MADRL,deterministic,bb696f8795a17dbaaa830eedc9bcb9df219d4f7e88383a327b045b313522c112
2,14,13,165.75,39.48,35.46,27.35,13.68,-0.6203716993331909,-0.5435076355934143,62.80585162363177,-24.78192611463317,62.80585162363177,-0.18947368421052882,0.9,0.9,2.751127558788425,30.944749619367172,-30.944749619367172,751.7160072083177,119.10680096398887,846.3389020896922,-858.5808551309995,0.0,0.0,30.944749619367172,846.3389020896922,0.0,168.35,23.52,35.22,0.9,26.82,0.0,0.0,0.0,main_seed0,0,d1c1eb972d85b5605cb5db7c2c6bc30520ef1b725ec02f3d139c77d64d6a78a6,1500,pre_fed,F-MADRL,deterministic,bb696f8795a17dbaaa830eedc9bcb9df219d4f7e88383a327b045b313522c112
3,14,13,187.07,39.48,35.46,27.35,13.68,-0.2966252267360687,-0.807170569896698,71.17787947696843,-33.401322455068836,71.17787947696843,-0.18947368421052882,0.9,0.9,2.918568115855158,44.060162323097245,-44.060162323097245,569.673239766146,126.80720528531852,1205.0454395367096,-950.7629422940871,0.0,0.0,44.060162323097245,1205.0454395367096,0.0,190.0,23.52,35.22,0.9,26.82,0.0,0.0,0.0,main_seed0,0,d1c1eb972d85b5605cb5db7c2c6bc30520ef1b725ec02f3d139c77d64d6a78a6,1500,pre_fed,F-MADRL,deterministic,bb696f8795a17dbaaa830eedc9bcb9df219d4f7e88383a327b045b313522c112
1,15,14,333.2,35.74,34.83,13.81,6.91,-0.17902210354804993,-0.4378166198730469,82.28661811260079,-20.591650453023284,82.28661811260079,-0.18947368421052882,0.9,0.9,3.053342888567806,183.5861984601775,-183.5861984601775,588.5252645193895,111.40639664265923,2535.3254007350515,-1617.6285309485502,0.0,0.0,183.5861984601775,2535.3254007350515,0.0,320.6,39.48,35.46,0.9,27.35,0.0,0.0,0.0,main_seed0,0,d1c1eb972d85b5605cb5db7c2c6bc30520ef1b725ec02f3d139c77d64d6a78a6,1500,pre_fed,F-MADRL,deterministic,bb696f8795a17dbaaa830eedc9bcb9df219d4f7e88383a327b045b313522c112
2,15,14,170.3,35.74,34.83,13.81,6.91,-0.6458138227462769,-0.5697951912879944,60.36168385869195,-25.76044248138119,60.36168385869195,-0.18947368421052882,0.9,0.9,2.6148442034896284,42.172634029008236,-42.172634029008236,735.545214192121,119.10680096398887,582.4040759406038,-718.5280455483569,0.0,0.0,42.172634029008236,582.4040759406038,0.0,165.75,39.48,35.46,0.9,27.35,0.0,0.0,0.0,main_seed0,0,d1c1eb972d85b5605cb5db7c2c6bc30520ef1b725ec02f3d139c77d64d6a78a6,1500,pre_fed,F-MADRL,deterministic,bb696f8795a17dbaaa830eedc9bcb9df219d4f7e88383a327b045b313522c112
3,15,14,192.2,35.74,34.83,13.81,6.91,-0.3124134838581085,-0.8452811241149902,69.7368861118591,-34.42980866782113,69.7368861118591,-0.18947368421052882,0.9,0.9,2.802348248552972,54.88493582090436,-54.88493582090436,559.3720245133964,126.80720528531852,757.9609636866892,-722.070096742702,0.0,0.0,54.88493582090436,757.9609636866892,0.0,187.07,39.48,35.46,0.9,27.35,0.0,0.0,0.0,main_seed0,0,d1c1eb972d85b5605cb5db7c2c6bc30520ef1b725ec02f3d139c77d64d6a78a6,1500,pre_fed,F-MADRL,deterministic,bb696f8795a17dbaaa830eedc9bcb9df219d4f7e88383a327b045b313522c112
1,16,15,316.8,18.06,23.62,17.31,8.66,-0.1561090648174286,-0.39778265357017517,84.5146822251904,-18.902505901213182,84.5146822251904,-0.18947368421052882,0.9,0.9,2.5201041708195975,193.31489562983973,-193.31489562983973,604.2801075722508,111.40639664265923,3346.2808433525256,-2030.983673783718,0.0,0.0,193.31489562983973,3346.2808433525256,0.0,333.2,35.74,34.83,0.9,13.81,0.0,0.0,0.0,main_seed0,0,d1c1eb972d85b5605cb5db7c2c6bc30520ef1b725ec02f3d139c77d64d6a78a6,1500,pre_fed,F-MADRL,deterministic,bb696f8795a17dbaaa830eedc9bcb9df219d4f7e88383a327b045b313522c112
2,16,15,172.25,18.06,23.62,17.31,8.66,-0.5746361613273621,-0.5134958028793335,67.37416598865806,-23.63322403073903,67.37416598865806,-0.18947368421052882,0.9,0.9,2.177293846088951,65.56260154164141,-65.56260154164141,782.1837774598489,119.10680096398887,1134.8886326858128,-1018.0896055548253,0.0,0.0,65.56260154164141,1134.8886326858128,0.0,170.3,35.74,34.83,0.9,13.81,0.0,0.0,0.0,main_seed0,0,d1c1eb972d85b5605cb5db7c2c6bc30520ef1b725ec02f3d139c77d64d6a78a6,1500,pre_fed,F-MADRL,deterministic,bb696f8795a17dbaaa830eedc9bcb9df219d4f7e88383a327b045b313522c112
3,16,15,194.4,18.06,23.62,17.31,8.66,-0.29036274552345276,-0.8020346760749817,71.75313505501784,-33.258636503982274,71.75313505501784,-0.18947368421052882,0.9,0.9,2.2648732274161465,83.42121185660883,-83.42121185660883,573.7965823767781,126.80720528531852,1444.0211772378989,-1072.3124824499978,0.0,0.0,83.42121185660883,1444.0211772378989,0.0,192.2,35.74,34.83,0.9,13.81,0.0,0.0,0.0,main_seed0,0,d1c1eb972d85b5605cb5db7c2c6bc30520ef1b725ec02f3d139c77d64d6a78a6,1500,pre_fed,F-MADRL,deterministic,bb696f8795a17dbaaa830eedc9bcb9df219d4f7e88383a327b045b313522c112
1,17,16,291.3,24.27,14.18,16.42,8.21,-0.16214174032211304,-0.39918744564056396,83.92643739493111,-18.96267473357054,83.92643739493111,-0.18947368421052882,0.9,0.9,2.443739274214412,171.55677556349383,-171.55677556349383,600.1127617388288,111.40639664265923,2816.962254752569,-1764.2407065670286,0.0,0.0,171.55677556349383,2816.962254752569,0.0,316.8,18.06,23.62,0.9,17.31,0.0,0.0,0.0,main_seed0,0,d1c1eb972d85b5605cb5db7c2c6bc30520ef1b725ec02f3d139c77d64d6a78a6,1500,pre_fed,F-MADRL,deterministic,bb696f8795a17dbaaa830eedc9bcb9df219d4f7e88383a327b045b313522c112
2,17,16,165.75,24.27,14.18,16.42,8.21,-0.5665127038955688,-0.4966663718223572,68.20889736101886,-22.97456988054256,68.20889736101886,-0.18947368421052882,0.9,0.9,2.129388473536167,61.409964796727834,-61.409964796727834,787.7851849725528,119.10680096398887,1008.3516219622711,-957.6218039494064,0.0,0.0,61.409964796727834,1008.3516219622711,0.0,172.25,18.06,23.62,0.9,17.31,0.0,0.0,0.0,main_seed0,0,d1c1eb972d85b5605cb5db7c2c6bc30520ef1b725ec02f3d139c77d64d6a78a6,1500,pre_fed,F-MADRL,deterministic,bb696f8795a17dbaaa830eedc9bcb9df219d4f7e88383a327b045b313522c112
3,17,16,187.07,24.27,14.18,16.42,8.21,-0.2878856360912323,-0.7708556056022644,71.98124064448963,-32.371334729462795,71.98124064448963,-0.18947368421052882,0.9,0.9,2.2048353392055824,79.03306837892647,-79.03306837892647,575.433348689324,126.80720528531852,1297.7229827819729,-999.9817683783077,0.0,0.0,79.03306837892647,1297.7229827819729,0.0,194.4,18.06,23.62,0.9,17.31,0.0,0.0,0.0,main_seed0,0,d1c1eb972d85b5605cb5db7c2c6bc30520ef1b725ec02f3d139c77d64d6a78a6,1500,pre_fed,F-MADRL,deterministic,bb696f8795a17dbaaa830eedc9bcb9df219d4f7e88383a327b045b313522c112
1,18,17,413.8,26.26,4.67,9.83,4.92,-0.16720759868621826,-0.4017322063446045,83.43334540561268,-19.07150644389574,83.43334540561268,-0.18947368421052882,0.9,0.9,2.2834774344280433,301.9096057130259,-301.9096057130259,596.6238330372399,111.40639664265923,2967.7714241590443,-1837.9008269194717,0.0,0.0,301.9096057130259,2967.7714241590443,0.0,291.3,24.27,14.18,0.9,16.42,0.0,0.0,0.0,main_seed0,0,d1c1eb972d85b5605cb5db7c2c6bc30520ef1b725ec02f3d139c77d64d6a78a6,1500,pre_fed,F-MADRL,deterministic,bb696f8795a17dbaaa830eedc9bcb9df219d4f7e88383a327b045b313522c112
2,18,17,164.25,26.26,4.67,9.83,4.92,-0.5722410082817078,-0.5012430548667908,67.61955424840852,-23.154709659657183,67.61955424840852,-0.18947368421052882,0.9,0.9,1.96720161128396,67.85712104708595,-67.85712104708595,783.8293394182867,119.10680096398887,667.0354998928549,-784.9858201375653,0.0,0.0,67.85712104708595,667.0354998928549,0.0,165.75,24.27,14.18,0.9,16.42,0.0,0.0,0.0,main_seed0,0,d1c1eb972d85b5605cb5db7c2c6bc30520ef1b725ec02f3d139c77d64d6a78a6,1500,pre_fed,F-MADRL,deterministic,bb696f8795a17dbaaa830eedc9bcb9df219d4f7e88383a327b045b313522c112
3,18,17,185.6,26.26,4.67,9.83,4.92,-0.3009487986564636,-0.7836840748786926,70.78193470128365,-32.740809347487165,70.78193470128365,-0.18947368421052882,0.9,0.9,2.0304492203414624,86.10798820326833,-86.10798820326833,566.8388222749975,126.80720528531852,846.4415240381277,-770.0437757992219,0.0,0.0,86.10798820326833,846.4415240381277,0.0,187.07,24.27,14.18,0.9,16.42,0.0,0.0,0.0,main_seed0,0,d1c1eb972d85b5605cb5db7c2c6bc30520ef1b725ec02f3d139c77d64d6a78a6,1500,pre_fed,F-MADRL,deterministic,bb696f8795a17dbaaa830eedc9bcb9df219d4f7e88383a327b045b313522c112
1,19,18,539.8,26.77,0.18,8.63,4.32,-0.16827790439128876,-0.4033680260181427,83.32927082600652,-19.141354099982504,83.32927082600652,-0.18947368421052882,0.9,0.9,2.20179594283592,431.9119988010399,-431.9119988010399,595.8879448735482,111.40639664265923,3727.4005496529744,-2217.347445584591,0.0,0.0,431.9119988010399,3727.4005496529744,0.0,413.8,26.26,4.67,0.9,9.83,0.0,0.0,0.0,main_seed0,0,d1c1eb972d85b5605cb5db7c2c6bc30520ef1b725ec02f3d139c77d64d6a78a6,1500,pre_fed,F-MADRL,deterministic,bb696f8795a17dbaaa830eedc9bcb9df219d4f7e88383a327b045b313522c112
2,19,18,162.5,26.77,0.18,8.63,4.32,-0.5372816324234009,-0.47207844257354736,71.27014899559526,-21.993856358516517,71.27014899559526,-0.18947368421052882,0.9,0.9,1.9606135062276948,66.42993819484295,-66.42993819484295,808.4181457426741,119.10680096398887,573.2903666214947,-750.4076566640789,0.0,0.0,66.42993819484295,573.2903666214947,0.0,164.25,26.26,4.67,0.9,9.83,0.0,0.0,0.0,main_seed0,0,d1c1eb972d85b5605cb5db7c2c6bc30520ef1b725ec02f3d139c77d64d6a78a6,1500,pre_fed,F-MADRL,deterministic,bb696f8795a17dbaaa830eedc9bcb9df219d4f7e88383a327b045b313522c112
3,19,18,183.4,26.77,0.18,8.63,4.32,-0.300229549407959,-0.7665199041366577,70.84773324508282,-32.245063917595246,70.84773324508282,-0.18947368421052882,0.9,0.9,1.952165191217446,87.74390563034515,-87.74390563034515,567.309642560612,126.80720528531852,757.2299055898787,-725.6733767179046,0.0,0.0,87.74390563034515,757.2299055898787,0.0,185.6,26.26,4.67,0.9,9.83,0.0,0.0,0.0,main_seed0,0,d1c1eb972d85b5605cb5db7c2c6bc30520ef1b725ec02f3d139c77d64d6a78a6,1500,pre_fed,F-MADRL,deterministic,bb696f8795a17dbaaa830eedc9bcb9df219d4f7e88383a327b045b313522c112
1,20,19,557.2,26.22,0.0,8.87,4.44,-0.1747490018606186,-0.4176161289215088,82.70083183268068,-19.746012525446016,82.70083183268068,-0.18947368421052882,0.9,0.9,2.174627162969403,450.6432690144993,-450.6432690144993,591.4481215280538,111.40639664265923,3997.2057961586083,-2350.0301571646605,0.0,0.0,450.6432690144993,3997.2057961586083,0.0,539.8,26.77,0.18,0.9,8.63,0.0,0.0,0.0,main_seed0,0,d1c1eb972d85b5605cb5db7c2c6bc30520ef1b725ec02f3d139c77d64d6a78a6,1500,pre_fed,F-MADRL,deterministic,bb696f8795a17dbaaa830eedc9bcb9df219d4f7e88383a327b045b313522c112
2,20,19,165.75,26.22,0.0,8.87,4.44,-0.5303469896316528,-0.46550318598747253,72.00951987494547,-21.72794119385935,72.00951987494547,-0.18947368421052882,0.9,0.9,1.9608009238146988,69.67075473307976,-69.67075473307976,813.4228921296035,119.10680096398887,617.9795944824174,-775.2546437880048,0.0,0.0,69.67075473307976,617.9795944824174,0.0,162.5,26.77,0.18,0.9,8.63,0.0,0.0,0.0,main_seed0,0,d1c1eb972d85b5605cb5db7c2c6bc30520ef1b725ec02f3d139c77d64d6a78a6,1500,pre_fed,F-MADRL,deterministic,bb696f8795a17dbaaa830eedc9bcb9df219d4f7e88383a327b045b313522c112
3,20,19,187.07,26.22,0.0,8.87,4.44,-0.30227944254875183,-0.7626377940177917,70.66027732773111,-32.13140244779616,70.66027732773111,-0.18947368421052882,0.9,0.9,1.9338160728704117,92.31301242934983,-92.31301242934983,565.9685217984204,126.80720528531852,818.8164202483329,-755.7960736660359,0.0,0.0,92.31301242934983,818.8164202483329,0.0,183.4,26.77,0.18,0.9,8.63,0.0,0.0,0.0,main_seed0,0,d1c1eb972d85b5605cb5db7c2c6bc30520ef1b725ec02f3d139c77d64d6a78a6,1500,pre_fed,F-MADRL,deterministic,bb696f8795a17dbaaa830eedc9bcb9df219d4f7e88383a327b045b313522c112
1,21,20,557.1,32.84,0.0,8.35,4.18,-0.1758335530757904,-0.4201473593711853,82.59564212911434,-19.852728354518426,82.59564212911434,-0.18947368421052882,0.9,0.9,2.3049233688980766,444.15875492399425,-444.15875492399425,590.7055977781719,111.40639664265923,3708.7256036153517,-2205.4187990180912,0.0,0.0,444.15875492399425,3708.7256036153517,0.0,557.2,26.22,0.0,0.9,8.87,0.0,0.0,0.0,main_seed0,0,d1c1eb972d85b5605cb5db7c2c6bc30520ef1b725ec02f3d139c77d64d6a78a6,1500,pre_fed,F-MADRL,deterministic,bb696f8795a17dbaaa830eedc9bcb9df219d4f7e88383a327b045b313522c112
2,21,20,169.0,32.84,0.0,8.35,4.18,-0.5313493609428406,-0.4661005139350891,71.90233772661176,-21.752161290008747,71.90233772661176,-0.18947368421052882,0.9,0.9,2.091057280848025,66.53819323844678,-66.53819323844678,812.696869183348,119.10680096398887,555.5939135410306,-743.6987918441837,0.0,0.0,66.53819323844678,555.5939135410306,0.0,165.75,26.22,0.0,0.9,8.87,0.0,0.0,0.0,main_seed0,0,d1c1eb972d85b5605cb5db7c2c6bc30520ef1b725ec02f3d139c77d64d6a78a6,1500,pre_fed,F-MADRL,deterministic,bb696f8795a17dbaaa830eedc9bcb9df219d4f7e88383a327b045b313522c112
3,21,20,190.73,32.84,0.0,8.35,4.18,-0.30247098207473755,-0.7628716826438904,70.64277316828829,-32.138266388542,70.64277316828829,-0.18947368421052882,0.9,0.9,2.0658659896815554,89.50256650560378,-89.50256650560378,565.8433254163641,126.80720528531852,747.3464303217916,-719.9984805117372,0.0,0.0,89.50256650560378,747.3464303217916,0.0,187.07,26.22,0.0,0.9,8.87,0.0,0.0,0.0,main_seed0,0,d1c1eb972d85b5605cb5db7c2c6bc30520ef1b725ec02f3d139c77d64d6a78a6,1500,pre_fed,F-MADRL,deterministic,bb696f8795a17dbaaa830eedc9bcb9df219d4f7e88383a327b045b313522c112
1,22,21,535.0,36.02,0.0,16.44,8.22,-0.17712567746639252,-0.42303454875946045,82.47037192688687,-19.974189640051176,82.47037192688687,-0.18947368421052882,0.9,0.9,2.3660179648535267,419.0651197221772,-419.0651197221772,589.8215616124412,111.40639664265923,6889.430568232594,-3795.329263243847,0.0,0.0,419.0651197221772,6889.430568232594,0.0,557.1,32.84,0.0,0.9,8.35,0.0,0.0,0.0,main_seed0,0,d1c1eb972d85b5605cb5db7c2c6bc30520ef1b725ec02f3d139c77d64d6a78a6,1500,pre_fed,F-MADRL,deterministic,bb696f8795a17dbaaa830eedc9bcb9df219d4f7e88383a327b045b313522c112
2,22,21,161.2,36.02,0.0,16.44,8.22,-0.5401148200035095,-0.47603291273117065,70.96951732720918,-22.153044237681453,70.96951732720918,-0.18947368421052882,0.9,0.9,2.136000872859973,56.53595722986131,-56.53595722986131,806.3855685799416,119.10680096398887,929.45113685892,-927.4717532014253,0.0,0.0,56.53595722986131,929.45113685892,0.0,169.0,32.84,0.0,0.9,8.35,0.0,0.0,0.0,main_seed0,0,d1c1eb972d85b5605cb5db7c2c6bc30520ef1b725ec02f3d139c77d64d6a78a6,1500,pre_fed,F-MADRL,deterministic,bb696f8795a17dbaaa830eedc9bcb9df219d4f7e88383a327b045b313522c112
3,22,21,181.93,36.02,0.0,16.44,8.22,-0.3084765076637268,-0.7786152362823486,70.09495146370966,-32.59555845598517,70.09495146370966,-0.18947368421052882,0.9,0.9,2.118509555589983,78.12303177609084,-78.12303177609084,561.9280391008012,126.80720528531852,1284.3426423989335,-986.5389433925267,0.0,0.0,78.12303177609084,1284.3426423989335,0.0,190.73,32.84,0.0,0.9,8.35,0.0,0.0,0.0,main_seed0,0,d1c1eb972d85b5605cb5db7c2c6bc30520ef1b725ec02f3d139c77d64d6a78a6,1500,pre_fed,F-MADRL,deterministic,bb696f8795a17dbaaa830eedc9bcb9df219d4f7e88383a327b045b313522c112
1,23,22,437.8,37.23,0.0,16.19,8.1,-0.1913800686597824,-0.44839826226234436,81.09227167430217,-21.02907428224892,81.09227167430217,-0.18947368421052882,0.9,0.9,2.362655959801833,322.0298579697102,-322.0298579697102,580.113041831929,111.40639664265923,5213.663400529608,-2952.5914195020982,0.0,0.0,322.0298579697102,5213.663400529608,0.0,535.0,36.02,0.0,0.9,16.44,0.0,0.0,0.0,main_seed0,0,d1c1eb972d85b5605cb5db7c2c6bc30520ef1b725ec02f3d139c77d64d6a78a6,1500,pre_fed,F-MADRL,deterministic,bb696f8795a17dbaaa830eedc9bcb9df219d4f7e88383a327b045b313522c112
2,23,22,148.0,37.23,0.0,16.19,8.1,-0.5909250378608704,-0.5169906616210938,65.7215190151229,-23.768703000531705,65.7215190151229,-0.18947368421052882,0.9,0.9,2.0552409066182475,47.29319557570588,-47.29319557570588,771.1250452744772,119.10680096398887,765.6768363706783,-827.9543413045722,0.0,0.0,47.29319557570588,765.6768363706783,0.0,161.2,36.02,0.0,0.9,16.44,0.0,0.0,0.0,main_seed0,0,d1c1eb972d85b5605cb5db7c2c6bc30520ef1b725ec02f3d139c77d64d6a78a6,1500,pre_fed,F-MADRL,deterministic,bb696f8795a17dbaaa830eedc9bcb9df219d4f7e88383a327b045b313522c112
3,23,22,161.39,37.23,0.0,16.19,8.1,-0.3239031434059143,-0.8111069798469543,68.69681114230931,-33.51002356320449,68.69681114230931,-0.18947368421052882,0.9,0.9,2.114746749161976,57.76740929106319,-57.76740929106319,551.9613654174772,126.80720528531852,935.2543564223131,-807.0114635625544,0.0,0.0,57.76740929106319,935.2543564223131,0.0,181.93,36.02,0.0,0.9,16.44,0.0,0.0,0.0,main_seed0,0,d1c1eb972d85b5605cb5db7c2c6bc30520ef1b725ec02f3d139c77d64d6a78a6,1500,pre_fed,F-MADRL,deterministic,bb696f8795a17dbaaa830eedc9bcb9df219d4f7e88383a327b045b313522c112
1,24,23,447.3,44.12,0.0,8.87,4.44,-0.1872432380914688,-0.43681275844573975,81.49147544347714,-20.54995322457201,81.49147544347714,-0.18947368421052882,0.9,0.9,2.508440035185332,324.38643827591875,-324.38643827591875,582.9222101533235,111.40639664265923,2877.307707507399,-1785.8181571516907,0.0,0.0,324.38643827591875,2877.307707507399,0.0,437.8,37.23,0.0,0.9,16.19,0.0,0.0,0.0,main_seed0,0,d1c1eb972d85b5605cb5db7c2c6bc30520ef1b725ec02f3d139c77d64d6a78a6,1500,pre_fed,F-MADRL,deterministic,bb696f8795a17dbaaa830eedc9bcb9df219d4f7e88383a327b045b313522c112
2,24,23,119.6,44.12,0.0,8.87,4.44,-0.5896909832954407,-0.5161145925521851,65.84573477540297,-23.73478415608144,65.84573477540297,-0.18947368421052882,0.9,0.9,2.195525221823849,12.019264130631385,-12.019264130631385,771.9547955139456,119.10680096398887,106.61087283870037,-498.83623465831744,0.0,0.0,12.019264130631385,106.61087283870037,0.0,148.0,37.23,0.0,0.9,16.19,0.0,0.0,0.0,main_seed0,0,d1c1eb972d85b5605cb5db7c2c6bc30520ef1b725ec02f3d139c77d64d6a78a6,1500,pre_fed,F-MADRL,deterministic,bb696f8795a17dbaaa830eedc9bcb9df219d4f7e88383a327b045b313522c112
3,24,23,134.98,44.12,0.0,8.87,4.44,-0.323647141456604,-0.8089751601219177,68.71990465081441,-33.451225990901676,68.71990465081441,-0.18947368421052882,0.9,0.9,2.253008619332078,24.582577652728176,-24.582577652728176,552.1256863257934,126.80720528531852,218.04746377969892,-448.4901776954054,0.0,0.0,24.582577652728176,218.04746377969892,0.0,161.39,37.23,0.0,0.9,16.19,0.0,0.0,0.0,main_seed0,0,d1c1eb972d85b5605cb5db7c2c6bc30520ef1b725ec02f3d139c77d64d6a78a6,1500,pre_fed,F-MADRL,deterministic,bb696f8795a17dbaaa830eedc9bcb9df219d4f7e88383a327b045b313522c112
1,1,0,457.7,51.48,0.0,8.65,4.33,0.566336452960968,1.649861216545105,151.26636740672419,46.441928732272785,151.26636740672419,37.905,0.5,0.09999999999999992,4.813027348134484,221.8616599414103,-221.8616599414103,1113.5838842247135,846.5310470825,1919.103358493199,-1939.6091449002063,0.0,0.0,221.8616599414103,1919.103358493199,0.0,447.3,44.12,0.0,0.5,8.87,0.0,0.0,0.0,main_seed0,0,d1c1eb972d85b5605cb5db7c2c6bc30520ef1b725ec02f3d139c77d64d6a78a6,1500,pre_fed,PPO-MADRL,deterministic,ec6a7eecd8e7743e2aa6e5d9d9b8467eef6ee48551c8074eae264399f762b288
2,1,0,110.5,51.48,0.0,8.65,4.33,-0.3702293336391449,-0.8666199445724487,90.41307911993316,-34.982636861138445,90.41307911993316,-34.982636861138445,0.5,0.8313350501808152,2.1382088451758943,5.727766586381179,-5.727766586381179,940.6726784584197,283.8005745503557,49.5451809721972,-637.0092169904863,0.0,0.0,5.727766586381179,49.5451809721972,0.0,119.6,44.12,0.0,0.5,8.87,0.0,0.0,0.0,main_seed0,0,d1c1eb972d85b5605cb5db7c2c6bc30520ef1b725ec02f3d139c77d64d6a78a6,1500,pre_fed,PPO-MADRL,deterministic,ec6a7eecd8e7743e2aa6e5d9d9b8467eef6ee48551c8074eae264399f762b288
3,1,0,124.71,51.48,0.0,8.65,4.33,-0.22371125221252441,-0.5818108916282654,77.99475263763746,-26.199018872646658,77.99475263763746,-26.199018872646658,0.5,0.7478906792901432,2.065514675299816,23.499780910309,-23.499780910309,618.9397364952331,359.3182003015749,203.27310487417284,-590.7655208354904,0.0,0.0,23.499780910309,203.27310487417284,0.0,134.98,44.12,0.0,0.5,8.87,0.0,0.0,0.0,main_seed0,0,d1c1eb972d85b5605cb5db7c2c6bc30520ef1b725ec02f3d139c77d64d6a78a6,1500,pre_fed,PPO-MADRL,deterministic,ec6a7eecd8e7743e2aa6e5d9d9b8467eef6ee48551c8074eae264399f762b288
1,2,1,336.5,38.37,0.0,8.11,4.06,0.4994836747646332,1.4675904512405396,146.17109975744575,44.955840476646664,146.17109975744575,-0.021052631578956735,0.09999999999999992,0.1,3.690400942517336,155.67035381665053,-155.67035381665053,1072.163212887429,1052.5389067811636,1262.4865694530358,-1693.5943445608143,4.418267240113423,0.0,151.25208657653712,1244.5925871305765,0.0,457.7,51.48,0.0,0.09999999999999992,8.65,0.0,0.0,0.0,main_seed0,0,d1c1eb972d85b5605cb5db7c2c6bc30520ef1b725ec02f3d139c77d64d6a78a6,1500,pre_fed,PPO-MADRL,deterministic,ec6a7eecd8e7743e2aa6e5d9d9b8467eef6ee48551c8074eae264399f762b288
2,2,1,109.85,38.37,0.0,8.11,4.06,-0.40983718633651733,-0.97736656665802,85.63318005394552,-37.59618253503569,85.63318005394552,-7.402907359952252,0.8313350501808152,0.9,2.3320054538798654,-4.418267240113423,4.418267240113423,907.1275783051616,138.15898636196528,35.83214731731986,-540.5593559922233,0.0,4.418267240113423,0.0,-17.938164994860493,0.0,110.5,51.48,0.0,0.8313350501808152,8.65,4.418267240113423,0.0,0.0,main_seed0,0,d1c1eb972d85b5605cb5db7c2c6bc30520ef1b725ec02f3d139c77d64d6a78a6,1500,pre_fed,PPO-MADRL,deterministic,ec6a7eecd8e7743e2aa6e5d9d9b8467eef6ee48551c8074eae264399f762b288
3,2,1,123.98,38.37,0.0,8.11,4.06,-0.26793643832206726,-0.7004912495613098,73.8296355097468,-30.233975004404744,73.8296355097468,-16.16895811246707,0.7478906792901432,0.9,1.9206135479455946,29.869936150665865,-29.869936150665865,588.7329255668985,170.3632872541176,242.24518218190013,-500.6706975014581,0.0,0.0,29.869936150665865,242.24518218190013,0.0,124.71,51.48,0.0,0.7478906792901432,8.65,0.0,0.0,0.0,main_seed0,0,d1c1eb972d85b5605cb5db7c2c6bc30520ef1b725ec02f3d139c77d64d6a78a6,1500,pre_fed,PPO-MADRL,deterministic,ec6a7eecd8e7743e2aa6e5d9d9b8467eef6ee48551c8074eae264399f762b288
1,3,2,274.9,43.56,0.0,8.25,4.13,0.4461476504802704,1.2965871095657349,141.8727229804823,43.04209899604063,141.8727229804823,-0.02105263157894797,0.1,0.1,3.708233406978067,93.19656305807467,-93.19656305807467,1037.5477186081216,1052.5389067811634,768.8716452291161,-1429.4791353092005,16.539528209043382,0.0,76.65703484903129,700.7287890078574,0.0,336.5,38.37,0.0,0.1,8.11,0.0,0.0,0.0,main_seed0,0,d1c1eb972d85b5605cb5db7c2c6bc30520ef1b725ec02f3d139c77d64d6a78a6,1500,pre_fed,PPO-MADRL,deterministic,ec6a7eecd8e7743e2aa6e5d9d9b8467eef6ee48551c8074eae264399f762b288
2,3,2,112.45,43.56,0.0,8.25,4.13,-0.38799744844436646,-0.9316365718841553,88.25144124445889,-36.56780036400057,88.25144124445889,-0.18947368421052882,0.9,0.9,2.632439351204967,-16.539528209043382,16.539528209043382,925.4593945696303,119.10680096398887,136.4511077246079,-590.5086516291135,0.0,16.539528209043382,0.0,-68.30825150334917,0.0,109.85,38.37,0.0,0.9,8.11,16.539528209043382,0.0,0.0,main_seed0,0,d1c1eb972d85b5605cb5db7c2c6bc30520ef1b725ec02f3d139c77d64d6a78a6,1500,pre_fed,PPO-MADRL,deterministic,ec6a7eecd8e7743e2aa6e5d9d9b8467eef6ee48551c8074eae264399f762b288
3,3,2,126.91,43.56,0.0,8.25,4.13,-0.28590384125709534,-0.7397915720939636,72.16396325215872,-31.450960884293295,72.16396325215872,-0.18947368421052882,0.9,0.9,2.310689791358964,13.686200223410765,-13.686200223410765,576.7451836215018,126.80720528531852,112.91115184313881,-408.2317703749796,0.0,0.0,13.686200223410765,112.91115184313881,0.0,123.98,38.37,0.0,0.9,8.11,0.0,0.0,0.0,main_seed0,0,d1c1eb972d85b5605cb5db7c2c6bc30520ef1b725ec02f3d139c77d64d6a78a6,1500,pre_fed,PPO-MADRL,deterministic,ec6a7eecd8e7743e2aa6e5d9d9b8467eef6ee48551c8074eae264399f762b288
1,4,3,272.6,40.75,0.0,8.1,4.05,0.43715786933898926,1.2586899995803833,141.12858384853956,42.535127645854445,141.12858384853956,-0.02105263157894797,0.1,0.1,3.6371506243392124,94.37961940737861,-94.37961940737861,1031.5854447643098,1052.5389067811634,764.4749171997668,-1424.2996343726202,14.460521040762956,0.0,79.91909836661566,705.9098069846767,0.0,274.9,43.56,0.0,0.1,8.25,0.0,0.0,0.0,main_seed0,0,d1c1eb972d85b5605cb5db7c2c6bc30520ef1b725ec02f3d139c77d64d6a78a6,1500,pre_fed,PPO-MADRL,deterministic,ec6a7eecd8e7743e2aa6e5d9d9b8467eef6ee48551c8074eae264399f762b288
2,4,3,110.5,40.75,0.0,8.1,4.05,-0.39880624413490295,-0.9559564590454102,86.95020944009109,-37.123390175603824,86.95020944009109,-0.18947368421052882,0.9,0.9,2.5502147151176113,-14.460521040762956,14.460521040762956,916.3357654244527,119.10680096398887,117.13022043017993,-576.2863934093107,0.0,14.460521040762956,0.0,-58.565110215089966,0.0,112.45,43.56,0.0,0.9,8.25,14.460521040762956,0.0,0.0,main_seed0,0,d1c1eb972d85b5605cb5db7c2c6bc30520ef1b725ec02f3d139c77d64d6a78a6,1500,pre_fed,PPO-MADRL,deterministic,ec6a7eecd8e7743e2aa6e5d9d9b8467eef6ee48551c8074eae264399f762b288
3,4,3,124.71,40.75,0.0,8.1,4.05,-0.28828901052474976,-0.7488336563110352,71.94407409825894,-31.722630638043036,71.94407409825894,-0.18947368421052882,0.9,0.9,2.2500920082809683,14.455491594232555,-14.455491594232555,575.1665935905141,126.80720528531852,117.08948191328369,-409.53164039455817,0.0,0.0,14.455491594232555,117.08948191328369,0.0,126.91,43.56,0.0,0.9,8.25,0.0,0.0,0.0,main_seed0,0,d1c1eb972d85b5605cb5db7c2c6bc30520ef1b725ec02f3d139c77d64d6a78a6,1500,pre_fed,PPO-MADRL,deterministic,ec6a7eecd8e7743e2aa6e5d9d9b8467eef6ee48551c8074eae264399f762b288
1,5,4,245.3,27.74,0.0,8.14,4.07,0.43096619844436646,1.2411565780639648,140.61284585235515,42.28925675006146,140.61284585235515,-0.02105263157894797,0.1,0.1,3.366635864415524,80.33484264363932,-80.33484264363932,1027.4584548669268,1052.5389067811634,653.925619119224,-1366.961490383657,0.0,0.0,80.33484264363932,653.925619119224,0.0,272.6,40.75,0.0,0.1,8.1,0.0,0.0,0.0,main_seed0,0,d1c1eb972d85b5605cb5db7c2c6bc30520ef1b725ec02f3d139c77d64d6a78a6,1500,pre_fed,PPO-MADRL,deterministic,ec6a7eecd8e7743e2aa6e5d9d9b8467eef6ee48551c8074eae264399f762b288
2,5,4,113.75,27.74,0.0,8.14,4.07,-0.392238050699234,-0.941391110420227,87.73967620802811,-36.79303713524838,87.73967620802811,-0.18947368421052882,0.9,0.9,2.3058040504763517,0.7656015266587701,-0.7656015266587701,921.8680667978807,119.10680096398887,6.2319964270023895,-523.6034320944359,0.0,0.0,0.7656015266587701,6.2319964270023895,0.0,110.5,40.75,0.0,0.9,8.1,0.0,0.0,0.0,main_seed0,0,d1c1eb972d85b5605cb5db7c2c6bc30520ef1b725ec02f3d139c77d64d6a78a6,1500,pre_fed,PPO-MADRL,deterministic,ec6a7eecd8e7743e2aa6e5d9d9b8467eef6ee48551c8074eae264399f762b288
3,5,4,128.38,27.74,0.0,8.14,4.07,-0.2869696021080017,-0.7439636588096619,72.06567435725921,-31.576697046997975,72.06567435725921,-0.18947368421052882,0.9,0.9,1.9923240134609737,30.756123340412287,-30.756123340412287,576.039451511058,126.80720528531852,250.35484399095603,-476.6007503936663,0.0,0.0,30.756123340412287,250.35484399095603,0.0,124.71,40.75,0.0,0.9,8.1,0.0,0.0,0.0,main_seed0,0,d1c1eb972d85b5605cb5db7c2c6bc30520ef1b725ec02f3d139c77d64d6a78a6,1500,pre_fed,PPO-MADRL,deterministic,ec6a7eecd8e7743e2aa6e5d9d9b8467eef6ee48551c8074eae264399f762b288
1,6,5,233.7,30.15,0.0,8.13,4.07,0.40389978885650635,1.1571416854858398,138.32808190863778,41.00530932653908,138.32808190863778,-0.02105263157894797,0.1,0.1,3.3691405855411767,68.61211130848233,-68.61211130848233,1009.2273602980429,1052.5389067811634,557.8164649379613,-1309.7913660085837,0.0,0.0,68.61211130848233,557.8164649379613,0.0,245.3,27.74,0.0,0.1,8.14,0.0,0.0,0.0,main_seed0,0,d1c1eb972d85b5605cb5db7c2c6bc30520ef1b725ec02f3d139c77d64d6a78a6,1500,pre_fed,PPO-MADRL,deterministic,ec6a7eecd8e7743e2aa6e5d9d9b8467eef6ee48551c8074eae264399f762b288
2,6,5,120.25,30.15,0.0,8.13,4.07,-0.36962890625,-0.8883090019226074,90.48660909349618,-35.527875533097294,90.48660909349618,-0.18947368421052882,0.9,0.9,2.4089427081857133,2.2118072989000552,-2.2118072989000552,941.1914204828762,119.10680096398887,17.98199334005745,-539.1401073934612,0.0,0.0,2.2118072989000552,17.98199334005745,0.0,113.75,27.74,0.0,0.9,8.14,0.0,0.0,0.0,main_seed0,0,d1c1eb972d85b5605cb5db7c2c6bc30520ef1b725ec02f3d139c77d64d6a78a6,1500,pre_fed,PPO-MADRL,deterministic,ec6a7eecd8e7743e2aa6e5d9d9b8467eef6ee48551c8074eae264399f762b288
3,6,5,135.43,30.15,0.0,8.13,4.07,-0.2820301949977875,-0.723324179649353,72.52169707020487,-30.94820772135088,72.52169707020487,-0.18947368421052882,0.9,0.9,2.0496444677198866,34.99742108172556,-34.99742108172556,579.3153271643446,126.80720528531852,284.52903339442884,-495.32578292204596,0.0,0.0,34.99742108172556,284.52903339442884,0.0,128.38,27.74,0.0,0.9,8.14,0.0,0.0,0.0,main_seed0,0,d1c1eb972d85b5605cb5db7c2c6bc30520ef1b725ec02f3d139c77d64d6a78a6,1500,pre_fed,PPO-MADRL,deterministic,ec6a7eecd8e7743e2aa6e5d9d9b8467eef6ee48551c8074eae264399f762b288
1,7,6,274.6,28.65,0.16,8.34,4.17,0.4038376212120056,1.1548397541046143,138.32277828654443,40.96755252374306,138.32277828654443,-0.02105263157894797,0.1,0.1,3.3422345130993096,110.83050885813384,-110.83050885813384,1009.1851388415932,1052.5389067811634,924.3264438768362,-1493.0252447497962,0.0,0.0,110.83050885813384,924.3264438768362,0.0,233.7,30.15,0.0,0.1,8.13,0.0,0.0,0.0,main_seed0,0,d1c1eb972d85b5605cb5db7c2c6bc30520ef1b725ec02f3d139c77d64d6a78a6,1500,pre_fed,PPO-MADRL,deterministic,ec6a7eecd8e7743e2aa6e5d9d9b8467eef6ee48551c8074eae264399f762b288
2,7,6,130.0,28.65,0.16,8.34,4.17,-0.3752927780151367,-0.9006489515304565,89.79424285604975,-35.83068545530159,89.79424285604975,-0.18947368421052882,0.9,0.9,2.3682953834367844,13.953526211597563,-13.953526211597563,936.310145403056,119.10680096398887,116.37240860472367,-585.8946774858842,0.0,0.0,13.953526211597563,116.37240860472367,0.0,120.25,30.15,0.0,0.9,8.13,0.0,0.0,0.0,main_seed0,0,d1c1eb972d85b5605cb5db7c2c6bc30520ef1b725ec02f3d139c77d64d6a78a6,1500,pre_fed,PPO-MADRL,deterministic,ec6a7eecd8e7743e2aa6e5d9d9b8467eef6ee48551c8074eae264399f762b288
3,7,6,146.72,28.65,0.16,8.34,4.17,-0.2841041684150696,-0.7301331162452698,72.33006889492968,-31.157339097417214,72.33006889492968,-0.18947368421052882,0.9,0.9,2.019011904214383,47.788416693495236,-47.788416693495236,577.9382695098216,126.80720528531852,398.5553952237503,-551.6504350094452,0.0,0.0,47.788416693495236,398.5553952237503,0.0,135.43,30.15,0.0,0.9,8.13,0.0,0.0,0.0,main_seed0,0,d1c1eb972d85b5605cb5db7c2c6bc30520ef1b725ec02f3d139c77d64d6a78a6,1500,pre_fed,PPO-MADRL,deterministic,ec6a7eecd8e7743e2aa6e5d9d9b8467eef6ee48551c8074eae264399f762b288
1,8,7,291.0,23.38,1.77,9.35,4.68,0.4168757498264313,1.1988160610198975,139.4295159764923,41.664656266839884,139.4295159764923,-0.02105263157894797,0.1,0.1,3.291169266898267,129.73270592198492,-129.73270592198492,1018.0056097815911,1052.5389067811634,1213.0008003705589,-1641.7726584666566,0.0,0.0,129.73270592198492,1213.0008003705589,0.0,274.6,28.65,0.16,0.1,8.34,0.0,0.0,0.0,main_seed0,0,d1c1eb972d85b5605cb5db7c2c6bc30520ef1b725ec02f3d139c77d64d6a78a6,1500,pre_fed,PPO-MADRL,deterministic,ec6a7eecd8e7743e2aa6e5d9d9b8467eef6ee48551c8074eae264399f762b288
2,8,7,157.95,23.38,1.77,9.35,4.68,-0.3765588700771332,-0.9018402099609375,89.63985539387147,-35.85963599156673,89.63985539387147,-0.18947368421052882,0.9,0.9,2.2920076341932187,45.64162592453226,-45.64162592453226,935.2226865674497,119.10680096398887,426.74920239437665,-740.5393449629076,0.0,0.0,45.64162592453226,426.74920239437665,0.0,130.0,28.65,0.16,0.9,8.34,0.0,0.0,0.0,main_seed0,0,d1c1eb972d85b5605cb5db7c2c6bc30520ef1b725ec02f3d139c77d64d6a78a6,1500,pre_fed,PPO-MADRL,deterministic,ec6a7eecd8e7743e2aa6e5d9d9b8467eef6ee48551c8074eae264399f762b288
3,8,7,178.26,23.38,1.77,9.35,4.68,-0.28476205468177795,-0.7306986451148987,72.26932827634653,-31.174629366006467,72.26932827634653,-0.18947368421052882,0.9,0.9,1.94459709184272,82.97474249970672,-82.97474249970672,577.5019274759595,126.80720528531852,775.8138423722578,-740.0614875667679,0.0,0.0,82.97474249970672,775.8138423722578,0.0,146.72,28.65,0.16,0.9,8.34,0.0,0.0,0.0,main_seed0,0,d1c1eb972d85b5605cb5db7c2c6bc30520ef1b725ec02f3d139c77d64d6a78a6,1500,pre_fed,PPO-MADRL,deterministic,ec6a7eecd8e7743e2aa6e5d9d9b8467eef6ee48551c8074eae264399f762b288
1,9,8,315.7,21.75,5.3,12.0,6.0,0.4283970296382904,1.225791573524475,140.39808130999174,42.06771462426354,140.39808130999174,-0.02105263157894797,0.1,0.1,3.348540573568256,151.62151189515544,-151.62151189515544,1025.7411571009218,1052.5389067811634,1819.4581427418652,-1948.8691033119753,0.0,0.0,151.62151189515544,1819.4581427418652,0.0,291.0,23.38,1.77,0.1,9.35,0.0,0.0,0.0,main_seed0,0,d1c1eb972d85b5605cb5db7c2c6bc30520ef1b725ec02f3d139c77d64d6a78a6,1500,pre_fed,PPO-MADRL,deterministic,ec6a7eecd8e7743e2aa6e5d9d9b8467eef6ee48551c8074eae264399f762b288
2,9,8,165.1,21.75,5.3,12.0,6.0,-0.3837437629699707,-0.9133639335632324,88.76639948100095,-36.13714610782448,88.76639948100095,-0.18947368421052882,0.9,0.9,2.3125385159358083,51.78561271914539,-51.78561271914539,929.0771489959222,119.10680096398887,621.4273526297447,-834.805651294828,0.0,0.0,51.78561271914539,621.4273526297447,0.0,157.95,23.38,1.77,0.9,9.35,0.0,0.0,0.0,main_seed0,0,d1c1eb972d85b5605cb5db7c2c6bc30520ef1b725ec02f3d139c77d64d6a78a6,1500,pre_fed,PPO-MADRL,deterministic,ec6a7eecd8e7743e2aa6e5d9d9b8467eef6ee48551c8074eae264399f762b288
3,9,8,186.33,21.75,5.3,12.0,6.0,-0.28450116515159607,-0.7262195944786072,72.29341275644363,-31.037354371024385,72.29341275644363,-0.18947368421052882,0.9,0.9,1.983078781444662,89.15913970921157,-89.15913970921157,577.6749346306859,126.80720528531852,1069.909676510539,-887.1959082132717,0.0,0.0,89.15913970921157,1069.909676510539,0.0,178.26,23.38,1.77,0.9,9.35,0.0,0.0,0.0,main_seed0,0,d1c1eb972d85b5605cb5db7c2c6bc30520ef1b725ec02f3d139c77d64d6a78a6,1500,pre_fed,PPO-MADRL,deterministic,ec6a7eecd8e7743e2aa6e5d9d9b8467eef6ee48551c8074eae264399f762b288
1,10,9,362.4,34.82,11.6,9.19,4.6,0.4678349792957306,1.3227781057357788,143.64483600450743,43.37365711938879,143.64483600450743,-0.02105263157894797,0.1,0.1,3.8008756674585693,176.1570922945301,-176.1570922945301,1051.7825571229532,1052.5389067811634,1618.8836781867315,-1861.6025710454242,0.0,0.0,176.1570922945301,1618.8836781867315,0.0,315.7,21.75,5.3,0.1,12.0,0.0,0.0,0.0,main_seed0,0,d1c1eb972d85b5605cb5db7c2c6bc30520ef1b725ec02f3d139c77d64d6a78a6,1500,pre_fed,PPO-MADRL,deterministic,ec6a7eecd8e7743e2aa6e5d9d9b8467eef6ee48551c8074eae264399f762b288
2,10,9,169.0,34.82,11.6,9.19,4.6,-0.4103642702102661,-0.9706246852874756,85.57052920356769,-37.448933574326695,85.57052920356769,-0.18947368421052882,0.9,0.9,2.6360211103871434,39.83496559102997,-39.83496559102997,906.6902034344221,119.10680096398887,366.0833337815654,-695.9401690899882,0.0,0.0,39.83496559102997,366.0833337815654,0.0,165.1,21.75,5.3,0.9,12.0,0.0,0.0,0.0,main_seed0,0,d1c1eb972d85b5605cb5db7c2c6bc30520ef1b725ec02f3d139c77d64d6a78a6,1500,pre_fed,PPO-MADRL,deterministic,ec6a7eecd8e7743e2aa6e5d9d9b8467eef6ee48551c8074eae264399f762b288
3,10,9,190.73,34.82,11.6,9.19,4.6,-0.2792870104312897,-0.7100529074668884,72.77549358641434,-30.535500431577194,72.77549358641434,-0.18947368421052882,0.9,0.9,2.380120398044076,74.10410049584026,-74.10410049584026,581.1402061711565,126.80720528531852,681.0166835567719,-694.4820475066235,0.0,0.0,74.10410049584026,681.0166835567719,0.0,186.33,21.75,5.3,0.9,12.0,0.0,0.0,0.0,main_seed0,0,d1c1eb972d85b5605cb5db7c2c6bc30520ef1b725ec02f3d139c77d64d6a78a6,1500,pre_fed,PPO-MADRL,deterministic,ec6a7eecd8e7743e2aa6e5d9d9b8467eef6ee48551c8074eae264399f762b288
1,11,10,320.0,27.17,36.64,12.3,6.15,0.48410600423812866,1.3803141117095947,144.9525939482054,44.05107930040708,144.9525939482054,-0.02105263157894797,0.1,0.1,4.174830826332529,115.4332895097061,-115.4332895097061,1062.3199987714725,1052.5389067811634,1419.829460969385,-1767.3441832610106,0.0,0.0,115.4332895097061,1419.829460969385,0.0,362.4,34.82,11.6,0.1,9.19,0.0,0.0,0.0,main_seed0,0,d1c1eb972d85b5605cb5db7c2c6bc30520ef1b725ec02f3d139c77d64d6a78a6,1500,pre_fed,PPO-MADRL,deterministic,ec6a7eecd8e7743e2aa6e5d9d9b8467eef6ee48551c8074eae264399f762b288
2,11,10,173.55,27.17,36.64,12.3,6.15,-0.4200124144554138,-1.0031622648239136,84.42827533493798,-38.145951542404916,84.42827533493798,-0.18947368421052882,0.9,0.9,2.9609760330145494,28.462174382287117,-28.462174382287117,898.7264198402917,119.10680096398887,350.08474490213155,-683.9589828532061,0.0,0.0,28.462174382287117,350.08474490213155,0.0,169.0,34.82,11.6,0.9,9.19,0.0,0.0,0.0,main_seed0,0,d1c1eb972d85b5605cb5db7c2c6bc30520ef1b725ec02f3d139c77d64d6a78a6,1500,pre_fed,PPO-MADRL,deterministic,ec6a7eecd8e7743e2aa6e5d9d9b8467eef6ee48551c8074eae264399f762b288
3,11,10,195.87,27.17,36.64,12.3,6.15,-0.2808845341205597,-0.7289393544197083,72.62764607102335,-31.120801440379054,72.62764607102335,-0.18947368421052882,0.9,0.9,2.7249634477362568,62.34679106092344,-62.34679106092344,580.0769859239151,126.80720528531852,766.8655300493583,-736.874860629296,0.0,0.0,62.34679106092344,766.8655300493583,0.0,190.73,34.82,11.6,0.9,9.19,0.0,0.0,0.0,main_seed0,0,d1c1eb972d85b5605cb5db7c2c6bc30520ef1b725ec02f3d139c77d64d6a78a6,1500,pre_fed,PPO-MADRL,deterministic,ec6a7eecd8e7743e2aa6e5d9d9b8467eef6ee48551c8074eae264399f762b288
1,12,11,350.0,30.2,42.68,20.7,10.35,0.5392743349075317,1.4685312509536743,149.2438468664857,44.964845199058615,149.2438468664857,-0.02105263157894797,0.1,0.1,4.442055884698135,132.33926164979138,-132.33926164979138,1097.091983279105,1052.5389067811634,2739.4227161506815,-2444.5268031054748,0.0,0.0,132.33926164979138,2739.4227161506815,0.0,320.0,27.17,36.64,0.1,12.3,0.0,0.0,0.0,main_seed0,0,d1c1eb972d85b5605cb5db7c2c6bc30520ef1b725ec02f3d139c77d64d6a78a6,1500,pre_fed,PPO-MADRL,deterministic,ec6a7eecd8e7743e2aa6e5d9d9b8467eef6ee48551c8074eae264399f762b288
2,12,11,168.35,30.2,42.68,20.7,10.35,-0.4651176333427429,-1.1148263216018677,79.20555620172833,-40.28809046083996,79.20555620172833,-0.18947368421052882,0.9,0.9,3.037921650350356,19.491839132832553,-19.491839132832553,862.566312238328,119.10680096398887,403.48107004963384,-692.5770916259754,0.0,0.0,19.491839132832553,403.48107004963384,0.0,173.55,27.17,36.64,0.9,12.3,0.0,0.0,0.0,main_seed0,0,d1c1eb972d85b5605cb5db7c2c6bc30520ef1b725ec02f3d139c77d64d6a78a6,1500,pre_fed,PPO-MADRL,deterministic,ec6a7eecd8e7743e2aa6e5d9d9b8467eef6ee48551c8074eae264399f762b288
3,12,11,190.0,30.2,42.68,20.7,10.35,-0.24705226719379425,-0.6461564898490906,75.7854244086146,-28.453842768148913,75.7854244086146,-0.18947368421052882,0.9,0.9,2.9695190144880814,44.493568290084,-44.493568290084,602.8759060655923,126.80720528531852,921.0168636047388,-825.3499874778248,0.0,0.0,44.493568290084,921.0168636047388,0.0,195.87,27.17,36.64,0.9,12.3,0.0,0.0,0.0,main_seed0,0,d1c1eb972d85b5605cb5db7c2c6bc30520ef1b725ec02f3d139c77d64d6a78a6,1500,pre_fed,PPO-MADRL,deterministic,ec6a7eecd8e7743e2aa6e5d9d9b8467eef6ee48551c8074eae264399f762b288
1,13,12,345.2,23.52,35.22,26.82,13.41,0.6204262375831604,1.672760009765625,155.14247301044907,46.59578264065251,155.14247301044907,-0.02105263157894797,0.1,0.1,4.277228407577403,135.61580802870728,-135.61580802870728,1145.3753597673317,1052.5389067811634,3637.2159713299293,-2917.565118939212,0.0,0.0,135.61580802870728,3637.2159713299293,0.0,350.0,30.2,42.68,0.1,20.7,0.0,0.0,0.0,main_seed0,0,d1c1eb972d85b5605cb5db7c2c6bc30520ef1b725ec02f3d139c77d64d6a78a6,1500,pre_fed,PPO-MADRL,deterministic,ec6a7eecd8e7743e2aa6e5d9d9b8467eef6ee48551c8074eae264399f762b288
2,13,12,168.35,23.52,35.22,26.82,13.41,-0.5301975011825562,-1.2513805627822876,72.0255134112423,-42.43351585992852,72.0255134112423,-0.18947368421052882,0.9,0.9,2.6115207945406356,40.38548106750886,-40.38548106750886,813.5312430002194,119.10680096398887,1083.1386022305878,-1007.8883230973981,0.0,0.0,40.38548106750886,1083.1386022305878,0.0,168.35,30.2,42.68,0.9,20.7,0.0,0.0,0.0,main_seed0,0,d1c1eb972d85b5605cb5db7c2c6bc30520ef1b725ec02f3d139c77d64d6a78a6,1500,pre_fed,PPO-MADRL,deterministic,ec6a7eecd8e7743e2aa6e5d9d9b8467eef6ee48551c8074eae264399f762b288
3,13,12,190.0,23.52,35.22,26.82,13.41,-0.23404289782047272,-0.6060131192207336,77.01388201207776,-27.065727222013464,77.01388201207776,-0.18947368421052882,0.9,0.9,2.7112881665573445,57.146879838690126,-57.146879838690126,611.796465704589,126.80720528531852,1532.679317273669,-1135.6414941317882,0.0,0.0,57.146879838690126,1532.679317273669,0.0,190.0,30.2,42.68,0.9,20.7,0.0,0.0,0.0,main_seed0,0,d1c1eb972d85b5605cb5db7c2c6bc30520ef1b725ec02f3d139c77d64d6a78a6,1500,pre_fed,PPO-MADRL,deterministic,ec6a7eecd8e7743e2aa6e5d9d9b8467eef6ee48551c8074eae264399f762b288
1,14,13,320.6,39.48,35.46,27.35,13.68,0.6396798491477966,1.7208592891693115,156.46815263909275,46.89832089333088,156.46815263909275,-0.02105263157894797,0.1,0.1,4.627742000150276,93.8406419926365,-93.8406419926365,1156.304323696963,1052.5389067811634,2566.5415584986085,-2387.6923944883674,0.0,0.0,93.8406419926365,2566.5415584986085,0.0,345.2,23.52,35.22,0.1,26.82,0.0,0.0,0.0,main_seed0,0,d1c1eb972d85b5605cb5db7c2c6bc30520ef1b725ec02f3d139c77d64d6a78a6,1500,pre_fed,PPO-MADRL,deterministic,ec6a7eecd8e7743e2aa6e5d9d9b8467eef6ee48551c8074eae264399f762b288
2,14,13,165.75,39.48,35.46,27.35,13.68,-0.5490787029266357,-1.281457543373108,70.02388406347968,-42.84363847638416,70.02388406347968,-0.18947368421052882,0.9,0.9,2.8954882075853834,23.871077828316203,-23.871077828316203,800.0010784595155,119.10680096398887,652.8739786044482,-785.9909290139763,0.0,0.0,23.871077828316203,652.8739786044482,0.0,168.35,23.52,35.22,0.9,26.82,0.0,0.0,0.0,main_seed0,0,d1c1eb972d85b5605cb5db7c2c6bc30520ef1b725ec02f3d139c77d64d6a78a6,1500,pre_fed,PPO-MADRL,deterministic,ec6a7eecd8e7743e2aa6e5d9d9b8467eef6ee48551c8074eae264399f762b288
3,14,13,187.07,39.48,35.46,27.35,13.68,-0.2345263957977295,-0.5903453230857849,76.96809192465824,-26.507196105953522,76.96809192465824,-0.18947368421052882,0.9,0.9,3.0343723648089544,38.38575412436123,-38.38575412436123,611.4634422402294,126.80720528531852,1049.8503753012797,-894.0605114134138,0.0,0.0,38.38575412436123,1049.8503753012797,0.0,190.0,23.52,35.22,0.9,26.82,0.0,0.0,0.0,main_seed0,0,d1c1eb972d85b5605cb5db7c2c6bc30520ef1b725ec02f3d139c77d64d6a78a6,1500,pre_fed,PPO-MADRL,deterministic,ec6a7eecd8e7743e2aa6e5d9d9b8467eef6ee48551c8074eae264399f762b288
1,15,14,333.2,35.74,34.83,13.81,6.91,0.6537320017814636,1.7590464353561401,157.41769649850156,47.11982052860535,157.41769649850156,-0.02105263157894797,0.1,0.1,4.559332877338453,109.79268901041581,-109.79268901041581,1164.149906455673,1052.5389067811634,1516.2370352338423,-1866.4629242353394,0.0,0.0,109.79268901041581,1516.2370352338423,0.0,320.6,39.48,35.46,0.1,27.35,0.0,0.0,0.0,main_seed0,0,d1c1eb972d85b5605cb5db7c2c6bc30520ef1b725ec02f3d139c77d64d6a78a6,1500,pre_fed,PPO-MADRL,deterministic,ec6a7eecd8e7743e2aa6e5d9d9b8467eef6ee48551c8074eae264399f762b288
2,15,14,170.3,35.74,34.83,13.81,6.91,-0.5716023445129395,-1.3317935466766357,67.68508941988446,-43.48435015903616,67.68508941988446,-0.18947368421052882,0.9,0.9,2.761312314713479,34.99569657903953,-34.99569657903953,784.2689700112546,119.10680096398887,483.29056975653594,-693.3331703658897,0.0,0.0,34.99569657903953,483.29056975653594,0.0,165.75,39.48,35.46,0.9,27.35,0.0,0.0,0.0,main_seed0,0,d1c1eb972d85b5605cb5db7c2c6bc30520ef1b725ec02f3d139c77d64d6a78a6,1500,pre_fed,PPO-MADRL,deterministic,ec6a7eecd8e7743e2aa6e5d9d9b8467eef6ee48551c8074eae264399f762b288
3,15,14,192.2,35.74,34.83,13.81,6.91,-0.24104289710521698,-0.6163800358772278,76.3519432828757,-27.430128625977407,76.3519432828757,-0.18947368421052882,0.9,0.9,2.9346493919733034,48.40217979330811,-48.40217979330811,606.9861732826867,126.80720528531852,668.434102945585,-701.1137407567951,0.0,0.0,48.40217979330811,668.434102945585,0.0,187.07,39.48,35.46,0.9,27.35,0.0,0.0,0.0,main_seed0,0,d1c1eb972d85b5605cb5db7c2c6bc30520ef1b725ec02f3d139c77d64d6a78a6,1500,pre_fed,PPO-MADRL,deterministic,ec6a7eecd8e7743e2aa6e5d9d9b8467eef6ee48551c8074eae264399f762b288
1,16,15,316.8,18.06,23.62,17.31,8.66,0.5619694590568542,1.535757303237915,150.94372283015832,45.570233812560744,150.94372283015832,-0.02105263157894797,0.1,0.1,3.8520534039715875,128.04938320539222,-128.04938320539222,1110.9485550293098,1052.5389067811634,2216.534823285339,-2190.0111425479063,0.0,0.0,128.04938320539222,2216.534823285339,0.0,333.2,35.74,34.83,0.1,13.81,0.0,0.0,0.0,main_seed0,0,d1c1eb972d85b5605cb5db7c2c6bc30520ef1b725ec02f3d139c77d64d6a78a6,1500,pre_fed,PPO-MADRL,deterministic,ec6a7eecd8e7743e2aa6e5d9d9b8467eef6ee48551c8074eae264399f762b288
2,16,15,172.25,18.06,23.62,17.31,8.66,-0.4864427447319031,-1.1594340801239014,76.80560627846224,-41.04276830011057,76.80560627846224,-0.18947368421052882,0.9,0.9,2.3659226518850343,56.31979005763331,-56.31979005763331,846.0890124457619,119.10680096398887,974.8955658976325,-970.0456896536916,0.0,0.0,56.31979005763331,974.8955658976325,0.0,170.3,35.74,34.83,0.9,13.81,0.0,0.0,0.0,main_seed0,0,d1c1eb972d85b5605cb5db7c2c6bc30520ef1b725ec02f3d139c77d64d6a78a6,1500,pre_fed,PPO-MADRL,deterministic,ec6a7eecd8e7743e2aa6e5d9d9b8467eef6ee48551c8074eae264399f762b288
3,16,15,194.4,18.06,23.62,17.31,8.66,-0.251742959022522,-0.6604726314544678,75.34436310020777,-28.933893064797502,75.34436310020777,-0.18947368421052882,0.9,0.9,2.336697788319945,79.90180837232269,-79.90180837232269,599.6800935964786,126.80720528531852,1383.1003029249057,-1054.7938009033514,0.0,0.0,79.90180837232269,1383.1003029249057,0.0,192.2,35.74,34.83,0.9,13.81,0.0,0.0,0.0,main_seed0,0,d1c1eb972d85b5605cb5db7c2c6bc30520ef1b725ec02f3d139c77d64d6a78a6,1500,pre_fed,PPO-MADRL,deterministic,ec6a7eecd8e7743e2aa6e5d9d9b8467eef6ee48551c8074eae264399f762b288
1,17,16,291.3,24.27,14.18,16.42,8.21,0.5460413098335266,1.4896982908248901,149.75473791382746,45.163460580439654,149.75473791382746,-0.02105263157894797,0.1,0.1,3.7636737056449703,106.87998842339647,-106.87998842339647,1101.25160124097,1052.5389067811634,1754.9694099121702,-1954.3799589671519,0.0,0.0,106.87998842339647,1754.9694099121702,0.0,316.8,18.06,23.62,0.1,17.31,0.0,0.0,0.0,main_seed0,0,d1c1eb972d85b5605cb5db7c2c6bc30520ef1b725ec02f3d139c77d64d6a78a6,1500,pre_fed,PPO-MADRL,deterministic,ec6a7eecd8e7743e2aa6e5d9d9b8467eef6ee48551c8074eae264399f762b288
2,17,16,165.75,24.27,14.18,16.42,8.21,-0.47119271755218506,-1.1114797592163086,78.51724936757265,-40.22924200619302,78.51724936757265,-0.18947368421052882,0.9,0.9,2.3355555136672423,51.30777983030514,-51.30777983030514,857.8316606145095,119.10680096398887,842.4737448136104,-909.7061031960544,0.0,0.0,51.30777983030514,842.4737448136104,0.0,172.25,18.06,23.62,0.9,17.31,0.0,0.0,0.0,main_seed0,0,d1c1eb972d85b5605cb5db7c2c6bc30520ef1b725ec02f3d139c77d64d6a78a6,1500,pre_fed,PPO-MADRL,deterministic,ec6a7eecd8e7743e2aa6e5d9d9b8467eef6ee48551c8074eae264399f762b288
3,17,16,187.07,24.27,14.18,16.42,8.21,-0.25422874093055725,-0.6451398730278015,75.11103946955035,-28.41945353359185,75.11103946955035,-0.18947368421052882,0.9,0.9,2.2674313157067965,75.96586553036698,-75.96586553036698,597.9909876949528,126.80720528531852,1247.359512008626,-986.0788524944487,0.0,0.0,75.96586553036698,1247.359512008626,0.0,194.4,18.06,23.62,0.9,17.31,0.0,0.0,0.0,main_seed0,0,d1c1eb972d85b5605cb5db7c2c6bc30520ef1b725ec02f3d139c77d64d6a78a6,1500,pre_fed,PPO-MADRL,deterministic,ec6a7eecd8e7743e2aa6e5d9d9b8467eef6ee48551c8074eae264399f762b288
1,18,17,413.8,26.26,4.67,9.83,4.92,0.5234189033508301,1.4408308267593384,148.03344181969973,44.69324260665889,148.03344181969973,-0.02105263157894797,0.1,0.1,3.578847783762415,238.43645859564168,-238.43645859564168,1087.2538763742725,1052.5389067811634,2343.8303879951577,-2241.8115855752967,0.0,0.0,238.43645859564168,2343.8303879951577,0.0,291.3,24.27,14.18,0.1,16.42,0.0,0.0,0.0,main_seed0,0,d1c1eb972d85b5605cb5db7c2c6bc30520ef1b725ec02f3d139c77d64d6a78a6,1500,pre_fed,PPO-MADRL,deterministic,ec6a7eecd8e7743e2aa6e5d9d9b8467eef6ee48551c8074eae264399f762b288
2,18,17,164.25,26.26,4.67,9.83,4.92,-0.4619707763195038,-1.08670973777771,79.56352795024452,-39.78370472570419,79.56352795024452,-0.18947368421052882,0.9,0.9,2.20608108532068,56.152026819286675,-56.152026819286675,865.0315366045479,119.10680096398887,551.974423633588,-768.0563806010624,0.0,0.0,56.152026819286675,551.974423633588,0.0,165.75,24.27,14.18,0.9,16.42,0.0,0.0,0.0,main_seed0,0,d1c1eb972d85b5605cb5db7c2c6bc30520ef1b725ec02f3d139c77d64d6a78a6,1500,pre_fed,PPO-MADRL,deterministic,ec6a7eecd8e7743e2aa6e5d9d9b8467eef6ee48551c8074eae264399f762b288
3,18,17,185.6,26.26,4.67,9.83,4.92,-0.2675730586051941,-0.6799112558364868,73.86348795524333,-29.5730849698089,73.86348795524333,-0.18947368421052882,0.9,0.9,2.092080285420656,83.08806601438783,-83.08806601438783,588.9771061226503,126.80720528531852,816.7556889214325,-766.2700001647006,0.0,0.0,83.08806601438783,816.7556889214325,0.0,187.07,24.27,14.18,0.9,16.42,0.0,0.0,0.0,main_seed0,0,d1c1eb972d85b5605cb5db7c2c6bc30520ef1b725ec02f3d139c77d64d6a78a6,1500,pre_fed,PPO-MADRL,deterministic,ec6a7eecd8e7743e2aa6e5d9d9b8467eef6ee48551c8074eae264399f762b288
1,19,18,539.8,26.77,0.18,8.63,4.32,0.4773102402687073,1.3806971311569214,144.40868879225582,44.05536386047565,144.40868879225582,-0.02105263157894797,0.1,0.1,3.4267527232135375,371.8891165625366,-371.8891165625366,1057.934042021162,1052.5389067811634,3209.4030759346915,-2659.9380123685087,0.0,0.0,371.8891165625366,3209.4030759346915,0.0,413.8,26.26,4.67,0.1,9.83,0.0,0.0,0.0,main_seed0,0,d1c1eb972d85b5605cb5db7c2c6bc30520ef1b725ec02f3d139c77d64d6a78a6,1500,pre_fed,PPO-MADRL,deterministic,ec6a7eecd8e7743e2aa6e5d9d9b8467eef6ee48551c8074eae264399f762b288
2,19,18,162.5,26.77,0.18,8.63,4.32,-0.39902448654174805,-0.9490150213241577,86.92404477660888,-36.96684028423551,86.92404477660888,-0.18947368421052882,0.9,0.9,2.273691421847967,51.089120329449614,-51.089120329449614,916.1525749896153,119.10680096398887,440.8991084431502,-738.0792421983772,0.0,0.0,51.089120329449614,440.8991084431502,0.0,164.25,26.26,4.67,0.9,9.83,0.0,0.0,0.0,main_seed0,0,d1c1eb972d85b5605cb5db7c2c6bc30520ef1b725ec02f3d139c77d64d6a78a6,1500,pre_fed,PPO-MADRL,deterministic,ec6a7eecd8e7743e2aa6e5d9d9b8467eef6ee48551c8074eae264399f762b288
3,19,18,183.4,26.77,0.18,8.63,4.32,-0.283438503742218,-0.7260457873344421,72.39155018157484,-31.03201206629459,72.39155018157484,-0.18947368421052882,0.9,0.9,1.9830415299472863,86.23096503258297,-86.23096503258297,578.3800036630188,126.80720528531852,744.1732282311912,-724.6802185897643,0.0,0.0,86.23096503258297,744.1732282311912,0.0,185.6,26.26,4.67,0.9,9.83,0.0,0.0,0.0,main_seed0,0,d1c1eb972d85b5605cb5db7c2c6bc30520ef1b725ec02f3d139c77d64d6a78a6,1500,pre_fed,PPO-MADRL,deterministic,ec6a7eecd8e7743e2aa6e5d9d9b8467eef6ee48551c8074eae264399f762b288
1,20,19,557.2,26.22,0.0,8.87,4.44,0.48718422651290894,1.4451043605804443,145.19787326147565,44.73602912041804,145.19787326147565,-0.02105263157894797,0.1,0.1,3.427936412597934,389.2311157827013,-389.2311157827013,1064.2994564928506,1052.5389067811634,3452.4799969925602,-2784.659180133287,0.0,0.0,389.2311157827013,3452.4799969925602,0.0,539.8,26.77,0.18,0.1,8.63,0.0,0.0,0.0,main_seed0,0,d1c1eb972d85b5605cb5db7c2c6bc30520ef1b725ec02f3d139c77d64d6a78a6,1500,pre_fed,PPO-MADRL,deterministic,ec6a7eecd8e7743e2aa6e5d9d9b8467eef6ee48551c8074eae264399f762b288
2,20,19,165.75,26.22,0.0,8.87,4.44,-0.38187822699546814,-0.9091004133224487,88.99275156084126,-36.035010042400124,88.99275156084126,-0.18947368421052882,0.9,0.9,2.3004655575326147,53.02718768090189,-53.02718768090189,930.6686235763874,119.10680096398887,470.3511547295997,-760.063289634988,0.0,0.0,53.02718768090189,470.3511547295997,0.0,162.5,26.77,0.18,0.9,8.63,0.0,0.0,0.0,main_seed0,0,d1c1eb972d85b5605cb5db7c2c6bc30520ef1b725ec02f3d139c77d64d6a78a6,1500,pre_fed,PPO-MADRL,deterministic,ec6a7eecd8e7743e2aa6e5d9d9b8467eef6ee48551c8074eae264399f762b288
3,20,19,187.07,26.22,0.0,8.87,4.44,-0.2888571619987488,-0.7396534085273743,71.89173941762749,-31.44678566872876,71.89173941762749,-0.18947368421052882,0.9,0.9,1.9584453146683394,91.10617958125137,-91.10617958125137,574.7910168830902,126.80720528531852,808.1118128856996,-754.8550175270541,0.0,0.0,91.10617958125137,808.1118128856996,0.0,183.4,26.77,0.18,0.9,8.63,0.0,0.0,0.0,main_seed0,0,d1c1eb972d85b5605cb5db7c2c6bc30520ef1b725ec02f3d139c77d64d6a78a6,1500,pre_fed,PPO-MADRL,deterministic,ec6a7eecd8e7743e2aa6e5d9d9b8467eef6ee48551c8074eae264399f762b288
1,21,20,557.1,32.84,0.0,8.35,4.18,0.4922337532043457,1.46135413646698,145.59875346084976,44.8957639418358,145.59875346084976,-0.02105263157894797,0.1,0.1,3.5683540165854164,382.2506531873146,-382.2506531873146,1067.5367455718224,1052.5389067811634,3191.7929541140766,-2655.934303233531,0.0,0.0,382.2506531873146,3191.7929541140766,0.0,557.2,26.22,0.0,0.1,8.87,0.0,0.0,0.0,main_seed0,0,d1c1eb972d85b5605cb5db7c2c6bc30520ef1b725ec02f3d139c77d64d6a78a6,1500,pre_fed,PPO-MADRL,deterministic,ec6a7eecd8e7743e2aa6e5d9d9b8467eef6ee48551c8074eae264399f762b288
2,21,20,169.0,32.84,0.0,8.35,4.18,-0.38329511880874634,-0.9112424850463867,88.82080689339799,-36.08640366596381,88.82080689339799,-0.18947368421052882,0.9,0.9,2.429426664183749,49.95809345499629,-49.95809345499629,929.4596147571772,119.10680096398887,417.15008034921897,-732.8582480351926,0.0,0.0,49.95809345499629,417.15008034921897,0.0,165.75,26.22,0.0,0.9,8.87,0.0,0.0,0.0,main_seed0,0,d1c1eb972d85b5605cb5db7c2c6bc30520ef1b725ec02f3d139c77d64d6a78a6,1500,pre_fed,PPO-MADRL,deterministic,ec6a7eecd8e7743e2aa6e5d9d9b8467eef6ee48551c8074eae264399f762b288
3,21,20,190.73,32.84,0.0,8.35,4.18,-0.28914526104927063,-0.7396615147590637,71.86520785841932,-31.447030653960546,71.86520785841932,-0.18947368421052882,0.9,0.9,2.090314683484176,88.30458050927537,-88.30458050927537,574.6006346124875,126.80720528531852,737.3432472524493,-719.3755435751277,0.0,0.0,88.30458050927537,737.3432472524493,0.0,187.07,26.22,0.0,0.9,8.87,0.0,0.0,0.0,main_seed0,0,d1c1eb972d85b5605cb5db7c2c6bc30520ef1b725ec02f3d139c77d64d6a78a6,1500,pre_fed,PPO-MADRL,deterministic,ec6a7eecd8e7743e2aa6e5d9d9b8467eef6ee48551c8074eae264399f762b288
1,22,21,535.0,36.02,0.0,16.44,8.22,0.49606001377105713,1.4748411178588867,145.9012928105748,45.02484678656102,145.9012928105748,-0.02105263157894797,0.1,0.1,3.6380048035799173,356.7377646245841,-356.7377646245841,1069.9816115512442,1052.5389067811634,5864.768850428163,-3993.6446843802855,0.0,0.0,356.7377646245841,5864.768850428163,0.0,557.1,32.84,0.0,0.1,8.35,0.0,0.0,0.0,main_seed0,0,d1c1eb972d85b5605cb5db7c2c6bc30520ef1b725ec02f3d139c77d64d6a78a6,1500,pre_fed,PPO-MADRL,deterministic,ec6a7eecd8e7743e2aa6e5d9d9b8467eef6ee48551c8074eae264399f762b288
2,22,21,161.2,36.02,0.0,16.44,8.22,-0.3913588523864746,-0.9309656620025635,87.84564718822496,-36.55219008056426,87.84564718822496,-0.18947368421052882,0.9,0.9,2.4735234700802886,39.997349966065855,-39.997349966065855,922.6113947764953,119.10680096398887,657.5564334421227,-849.6373145913035,0.0,0.0,39.997349966065855,657.5564334421227,0.0,169.0,32.84,0.0,0.9,8.35,0.0,0.0,0.0,main_seed0,0,d1c1eb972d85b5605cb5db7c2c6bc30520ef1b725ec02f3d139c77d64d6a78a6,1500,pre_fed,PPO-MADRL,deterministic,ec6a7eecd8e7743e2aa6e5d9d9b8467eef6ee48551c8074eae264399f762b288
3,22,21,181.93,36.02,0.0,16.44,8.22,-0.2928140461444855,-0.7537790536880493,71.52772009449677,-31.869903650042513,71.52772009449677,-0.18947368421052882,0.9,0.9,2.1471649282057252,76.71891851791948,-76.71891851791948,572.1800937972347,126.80720528531852,1261.2590204345963,-980.1231597585747,0.0,0.0,76.71891851791948,1261.2590204345963,0.0,190.73,32.84,0.0,0.9,8.35,0.0,0.0,0.0,main_seed0,0,d1c1eb972d85b5605cb5db7c2c6bc30520ef1b725ec02f3d139c77d64d6a78a6,1500,pre_fed,PPO-MADRL,deterministic,ec6a7eecd8e7743e2aa6e5d9d9b8467eef6ee48551c8074eae264399f762b288
1,23,22,437.8,37.23,0.0,16.19,8.1,0.5642982721328735,1.6295652389526367,151.11596066449172,46.29998210874742,151.11596066449172,-0.02105263157894797,0.1,0.1,3.766498160658255,253.2415901277455,-253.2415901277455,1112.3551668980656,1052.5389067811634,4099.9813441682,-3132.4377089237146,0.0,0.0,253.2415901277455,4099.9813441682,0.0,535.0,36.02,0.0,0.1,16.44,0.0,0.0,0.0,main_seed0,0,d1c1eb972d85b5605cb5db7c2c6bc30520ef1b725ec02f3d139c77d64d6a78a6,1500,pre_fed,PPO-MADRL,deterministic,ec6a7eecd8e7743e2aa6e5d9d9b8467eef6ee48551c8074eae264399f762b288
2,23,22,148.0,37.23,0.0,16.19,8.1,-0.4609732925891876,-1.0757112503051758,79.67720046599776,-39.58016293875789,79.67720046599776,-0.18947368421052882,0.9,0.9,2.334354535635745,33.616627753848505,-33.616627753848505,865.8147663300181,119.10680096398887,544.2532033348074,-764.5873853144071,0.0,0.0,33.616627753848505,544.2532033348074,0.0,161.2,36.02,0.0,0.9,16.44,0.0,0.0,0.0,main_seed0,0,d1c1eb972d85b5605cb5db7c2c6bc30520ef1b725ec02f3d139c77d64d6a78a6,1500,pre_fed,PPO-MADRL,deterministic,ec6a7eecd8e7743e2aa6e5d9d9b8467eef6ee48551c8074eae264399f762b288
3,23,22,161.39,37.23,0.0,16.19,8.1,-0.2869948446750641,-0.7303770184516907,72.06334709141629,-31.164797567396796,72.06334709141629,-0.18947368421052882,0.9,0.9,2.182077468144115,54.46820406093835,-54.46820406093835,576.022743544299,126.80720528531852,881.840223746592,-792.3350862881048,0.0,0.0,54.46820406093835,881.840223746592,0.0,181.93,36.02,0.0,0.9,16.44,0.0,0.0,0.0,main_seed0,0,d1c1eb972d85b5605cb5db7c2c6bc30520ef1b725ec02f3d139c77d64d6a78a6,1500,pre_fed,PPO-MADRL,deterministic,ec6a7eecd8e7743e2aa6e5d9d9b8467eef6ee48551c8074eae264399f762b288
1,24,23,447.3,44.12,0.0,8.87,4.44,0.5442563891410828,1.5571681261062622,149.62031292447455,45.748024315523075,149.62031292447455,-0.02105263157894797,0.1,0.1,3.8743852058579122,257.45512491296233,-257.45512491296233,1100.1567180488976,1052.5389067811634,2283.6269579779755,-2218.1612914040184,1.7756597025243224,0.0,255.67946521043802,2275.7607854957932,0.0,437.8,37.23,0.0,0.1,16.19,0.0,0.0,0.0,main_seed0,0,d1c1eb972d85b5605cb5db7c2c6bc30520ef1b725ec02f3d139c77d64d6a78a6,1500,pre_fed,PPO-MADRL,deterministic,ec6a7eecd8e7743e2aa6e5d9d9b8467eef6ee48551c8074eae264399f762b288
2,24,23,119.6,44.12,0.0,8.87,4.44,-0.4588264226913452,-1.0728403329849243,79.9221876663782,-39.52644610898317,79.9221876663782,-0.18947368421052882,0.9,0.9,2.4770542796433537,-1.7756597025243224,1.7756597025243224,867.5034521635145,119.10680096398887,15.750101561390737,-501.18017734444703,0.0,1.7756597025243224,0.0,-7.883929079207992,0.0,148.0,37.23,0.0,0.9,16.19,1.7756597025243224,0.0,0.0,main_seed0,0,d1c1eb972d85b5605cb5db7c2c6bc30520ef1b725ec02f3d139c77d64d6a78a6,1500,pre_fed,PPO-MADRL,deterministic,ec6a7eecd8e7743e2aa6e5d9d9b8467eef6ee48551c8074eae264399f762b288
3,24,23,134.98,44.12,0.0,8.87,4.44,-0.28481200337409973,-0.7259012460708618,72.26471757150769,-31.027568428124518,72.26471757150769,-0.18947368421052882,0.9,0.9,2.3239048777459432,21.108660990448783,-21.108660990448783,577.4688084445124,126.80720528531852,187.23382298528068,-445.7549183575558,0.0,0.0,21.108660990448783,187.23382298528068,0.0,161.39,37.23,0.0,0.9,16.19,0.0,0.0,0.0,main_seed0,0,d1c1eb972d85b5605cb5db7c2c6bc30520ef1b725ec02f3d139c77d64d6a78a6,1500,pre_fed,PPO-MADRL,deterministic,ec6a7eecd8e7743e2aa6e5d9d9b8467eef6ee48551c8074eae264399f762b288
1,1,0,457.7,51.48,0.0,8.65,4.33,0.07284805923700333,0.14690957963466644,107.27194678705006,7.293086819850189,107.27194678705006,7.293086819850189,0.5,0.42223066505420853,3.320900672138005,294.9758670652377,-294.9758670652377,769.8044272185442,585.5176286985628,2551.5412501143064,-1953.4316530157066,45.19403689498837,0.0,249.7818301702493,2356.303010727956,-5.684341886080802e-14,447.3,44.12,0.0,0.5,8.87,0.0,0.0,0.0,main_seed0,0,d1c1eb972d85b5605cb5db7c2c6bc30520ef1b725ec02f3d139c77d64d6a78a6,1500,pre_fed,A2C-MADRL,deterministic,bf68ed86bdf84907480c105e060172e6847425043e243c8008a4b824797ed21e
2,1,0,110.5,51.48,0.0,8.65,4.33,-0.22013942897319794,-0.22619587182998657,109.6688669981167,-11.120774172426419,109.6688669981167,-11.120774172426419,0.5,0.604647354638051,3.0005618565138055,-36.52753096917647,36.52753096917647,1079.3263435030474,458.7918881924963,315.96314288337646,-927.04068728946,0.0,36.52753096917647,0.0,-158.1642090965341,0.0,119.6,44.12,0.0,0.5,8.87,36.52753096917647,0.0,0.0,main_seed0,0,d1c1eb972d85b5605cb5db7c2c6bc30520ef1b725ec02f3d139c77d64d6a78a6,1500,pre_fed,A2C-MADRL,deterministic,bf68ed86bdf84907480c105e060172e6847425043e243c8008a4b824797ed21e
3,1,0,124.71,51.48,0.0,8.65,4.33,-0.07878275215625763,-0.151539608836174,92.13798384085491,-7.519508406352969,92.13798384085491,-7.519508406352969,0.5,0.5704353298603532,2.721969508690039,-8.666505925811904,8.666505925811904,723.9710627448146,504.11559144849457,74.96527625827298,-651.5259652257911,0.0,8.666505925811904,0.0,-37.525970658765544,0.0,134.98,44.12,0.0,0.5,8.87,8.666505925811904,0.0,0.0,main_seed0,0,d1c1eb972d85b5605cb5db7c2c6bc30520ef1b725ec02f3d139c77d64d6a78a6,1500,pre_fed,A2C-MADRL,deterministic,bf68ed86bdf84907480c105e060172e6847425043e243c8008a4b824797ed21e
1,2,1,336.5,38.37,0.0,8.11,4.06,0.06929071247577667,0.13971427083015442,106.91800321087396,6.940611774947003,106.91800321087396,6.940611774947003,0.42223066505420853,0.3483271324088685,3.0445722997164193,187.31595731389544,-187.31595731389544,767.1657995920627,678.6372145042506,1519.132413815692,-1482.4677139560026,21.544816015279935,0.0,165.7711412986155,1431.8759089538082,0.0,457.7,51.48,0.0,0.42223066505420853,8.65,0.0,0.0,0.0,main_seed0,0,d1c1eb972d85b5605cb5db7c2c6bc30520ef1b725ec02f3d139c77d64d6a78a6,1500,pre_fed,A2C-MADRL,deterministic,bf68ed86bdf84907480c105e060172e6847425043e243c8008a4b824797ed21e
2,2,1,109.85,38.37,0.0,8.11,4.06,-0.23532581329345703,-0.24356529116630554,107.64936670196961,-11.943023829234981,107.64936670196961,-11.943023829234981,0.604647354638051,0.7168967863065072,2.6815268574546924,-21.544816015279935,21.544816015279935,1064.5201376173343,335.6698919412047,174.72845788392027,-787.4592437212297,0.0,21.544816015279935,0.0,-87.47195302203653,0.0,110.5,51.48,0.0,0.604647354638051,8.65,21.544816015279935,0.0,0.0,main_seed0,0,d1c1eb972d85b5605cb5db7c2c6bc30520ef1b725ec02f3d139c77d64d6a78a6,1500,pre_fed,A2C-MADRL,deterministic,bf68ed86bdf84907480c105e060172e6847425043e243c8008a4b824797ed21e
3,2,1,123.98,38.37,0.0,8.11,4.06,-0.08449742197990417,-0.16270238161087036,91.57031039868131,-8.064086668711163,91.57031039868131,-8.064086668711163,0.5704353298603532,0.6459032825533886,2.437524474599403,4.541300744629254,-4.541300744629254,719.6821600081914,416.5406011469812,36.82994903894325,-586.5263550970578,0.0,0.0,4.541300744629254,36.82994903894325,0.0,124.71,51.48,0.0,0.5704353298603532,8.65,0.0,0.0,0.0,main_seed0,0,d1c1eb972d85b5605cb5db7c2c6bc30520ef1b725ec02f3d139c77d64d6a78a6,1500,pre_fed,A2C-MADRL,deterministic,bf68ed86bdf84907480c105e060172e6847425043e243c8008a4b824797ed21e
1,3,2,274.9,43.56,0.0,8.25,4.13,0.06061309576034546,0.1183566004037857,106.05389749101413,5.890351100050839,106.05389749101413,5.890351100050839,0.3483271324088685,0.28562678235404193,3.1100849718213,122.50583638075628,-122.50583638075628,760.7324699501805,764.5178802676066,1010.6731501412393,-1267.9617501795133,24.805448015764924,0.0,97.70038836499135,908.4747043162878,0.0,336.5,38.37,0.0,0.3483271324088685,8.11,0.0,0.0,0.0,main_seed0,0,d1c1eb972d85b5605cb5db7c2c6bc30520ef1b725ec02f3d139c77d64d6a78a6,1500,pre_fed,A2C-MADRL,deterministic,bf68ed86bdf84907480c105e060172e6847425043e243c8008a4b824797ed21e
2,3,2,112.45,43.56,0.0,8.25,4.13,-0.23095285892486572,-0.23911310732364655,108.2294729877386,-11.73289337981522,108.2294729877386,-11.73289337981522,0.7168967863065072,0.8269254798421388,2.801131592158468,-24.805448015764924,24.805448015764924,1068.7669096267027,220.72701983041208,204.64494613006062,-747.0694377935877,0.0,24.805448015764924,0.0,-102.44650030510913,0.0,109.85,38.37,0.0,0.7168967863065072,8.11,24.805448015764924,0.0,0.0,main_seed0,0,d1c1eb972d85b5605cb5db7c2c6bc30520ef1b725ec02f3d139c77d64d6a78a6,1500,pre_fed,A2C-MADRL,deterministic,bf68ed86bdf84907480c105e060172e6847425043e243c8008a4b824797ed21e
3,3,2,126.91,43.56,0.0,8.25,4.13,-0.08799421042203903,-0.16180777549743652,91.22322008662714,-8.020513603437957,91.22322008662714,-8.020513603437957,0.6459032825533886,0.7208063552209424,2.5352541296637834,2.6825476464746174,-2.6825476464746174,717.0628295915492,332.0185271602321,22.131018083415594,-535.6061874175983,0.0,0.0,2.6825476464746174,22.131018083415594,0.0,123.98,38.37,0.0,0.6459032825533886,8.11,0.0,0.0,0.0,main_seed0,0,d1c1eb972d85b5605cb5db7c2c6bc30520ef1b725ec02f3d139c77d64d6a78a6,1500,pre_fed,A2C-MADRL,deterministic,bf68ed86bdf84907480c105e060172e6847425043e243c8008a4b824797ed21e
1,4,3,272.6,40.75,0.0,8.1,4.05,0.056271523237228394,0.10544082522392273,105.62122040705763,5.252589981991177,105.62122040705763,5.252589981991177,0.28562678235404193,0.2297651079262688,3.032476207780977,124.00866581873217,-124.00866581873217,757.5157025506072,842.0695065311105,1004.4701931317305,-1302.0277011067242,25.763662691054975,0.0,98.2450031276772,900.1273592329578,0.0,274.9,43.56,0.0,0.28562678235404193,8.25,0.0,0.0,0.0,main_seed0,0,d1c1eb972d85b5605cb5db7c2c6bc30520ef1b725ec02f3d139c77d64d6a78a6,1500,pre_fed,A2C-MADRL,deterministic,bf68ed86bdf84907480c105e060172e6847425043e243c8008a4b824797ed21e
2,4,3,110.5,40.75,0.0,8.1,4.05,-0.24658867716789246,-0.2562175393104553,106.1606980945453,-12.537714002648082,106.1606980945453,-7.866144328162683,0.8269254798421388,0.9,2.7808910753276526,-25.763662691054975,25.763662691054975,1053.6454782084184,139.39310302711561,208.68566779754528,-700.8621245165396,0.0,25.763662691054975,0.0,-104.34283389877264,0.0,112.45,43.56,0.0,0.8269254798421388,8.25,25.763662691054975,0.0,0.0,main_seed0,0,d1c1eb972d85b5605cb5db7c2c6bc30520ef1b725ec02f3d139c77d64d6a78a6,1500,pre_fed,A2C-MADRL,deterministic,bf68ed86bdf84907480c105e060172e6847425043e243c8008a4b824797ed21e
3,4,3,124.71,40.75,0.0,8.1,4.05,-0.09431172907352448,-0.1733459234237671,90.59669045392161,-8.581513119059027,90.59669045392161,-8.581513119059027,0.7208063552209424,0.8008891171415613,2.4553035466972517,4.40012621183466,-4.40012621183466,712.3404945887196,248.30879821732086,35.641022315860745,-498.14515756095057,0.0,0.0,4.40012621183466,35.641022315860745,0.0,126.91,43.56,0.0,0.7208063552209424,8.25,0.0,0.0,0.0,main_seed0,0,d1c1eb972d85b5605cb5db7c2c6bc30520ef1b725ec02f3d139c77d64d6a78a6,1500,pre_fed,A2C-MADRL,deterministic,bf68ed86bdf84907480c105e060172e6847425043e243c8008a4b824797ed21e
1,5,4,245.3,27.74,0.0,8.14,4.07,0.05271870642900467,0.09860219061374664,105.26699209640343,4.914193937069044,105.26699209640343,4.914193937069044,0.2297651079262688,0.17757722047811053,2.758423720669449,110.137237687197,-110.137237687197,754.8844257541241,915.2632187908639,896.5171147737836,-1283.3323796593859,16.93855159621296,0.0,93.19868609098404,827.5772097771969,0.0,272.6,40.75,0.0,0.2297651079262688,8.1,0.0,0.0,0.0,main_seed0,0,d1c1eb972d85b5605cb5db7c2c6bc30520ef1b725ec02f3d139c77d64d6a78a6,1500,pre_fed,A2C-MADRL,deterministic,bf68ed86bdf84907480c105e060172e6847425043e243c8008a4b824797ed21e
2,5,4,113.75,27.74,0.0,8.14,4.07,-0.24928773939609528,-0.25932803750038147,105.80513857830537,-12.683345803933403,105.80513857830537,-0.18947368421052882,0.9,0.9,2.667113297881897,-16.93855159621296,16.93855159621296,1051.0531149815401,119.10680096398887,137.8798099931735,-654.0198629693513,0.0,16.93855159621296,0.0,-68.93990499658675,0.0,110.5,40.75,0.0,0.9,8.1,16.93855159621296,0.0,0.0,main_seed0,0,d1c1eb972d85b5605cb5db7c2c6bc30520ef1b725ec02f3d139c77d64d6a78a6,1500,pre_fed,A2C-MADRL,deterministic,bf68ed86bdf84907480c105e060172e6847425043e243c8008a4b824797ed21e
3,5,4,128.38,27.74,0.0,8.14,4.07,-0.09934314340353012,-0.1792464256286621,90.09823794340083,-8.867554695024566,90.09823794340083,-8.867554695024566,0.8008891171415613,0.8835291085100115,2.1794136649675253,21.58873041659126,-21.58873041659126,708.5888410159627,166.16333608772604,175.73226559105288,-525.2422213473708,0.0,0.0,21.58873041659126,175.73226559105288,0.0,124.71,40.75,0.0,0.8008891171415613,8.1,0.0,0.0,0.0,main_seed0,0,d1c1eb972d85b5605cb5db7c2c6bc30520ef1b725ec02f3d139c77d64d6a78a6,1500,pre_fed,A2C-MADRL,deterministic,bf68ed86bdf84907480c105e060172e6847425043e243c8008a4b824797ed21e
1,6,5,233.7,30.15,0.0,8.13,4.07,0.04809657111763954,0.08906926214694977,104.80595184547354,4.441723423910069,104.80595184547354,4.441723423910069,0.17757722047811053,0.13046708262757464,2.7879535053876725,97.09027823600402,-97.09027823600402,751.462773648218,983.9530322279433,789.3439620587128,-1262.379883967437,14.313247075521389,0.0,82.77703116048264,731.232178932096,0.0,245.3,27.74,0.0,0.17757722047811053,8.14,0.0,0.0,0.0,main_seed0,0,d1c1eb972d85b5605cb5db7c2c6bc30520ef1b725ec02f3d139c77d64d6a78a6,1500,pre_fed,A2C-MADRL,deterministic,bf68ed86bdf84907480c105e060172e6847425043e243c8008a4b824797ed21e
2,6,5,120.25,30.15,0.0,8.13,4.07,-0.23759418725967407,-0.2460913062095642,107.34890947555888,-12.062046509659458,107.34890947555888,-0.18947368421052882,0.9,0.9,2.746188715826967,-14.313247075521389,14.313247075521389,1062.3225973996716,119.10680096398887,116.3666987239889,-648.8980485438248,0.0,14.313247075521389,0.0,-58.254915597372054,0.0,113.75,27.74,0.0,0.9,8.14,14.313247075521389,0.0,0.0,main_seed0,0,d1c1eb972d85b5605cb5db7c2c6bc30520ef1b725ec02f3d139c77d64d6a78a6,1500,pre_fed,A2C-MADRL,deterministic,bf68ed86bdf84907480c105e060172e6847425043e243c8008a4b824797ed21e
3,6,5,135.43,30.15,0.0,8.13,4.07,-0.10335113108158112,-0.1794567108154297,89.70152836573936,-8.877737865123411,89.70152836573936,-1.9197841796851092,0.8835291085100115,0.9,2.358634883721085,19.856890697666827,-19.856890697666827,705.6063396208664,131.44551672403117,161.4365213720313,-499.2441888584644,0.0,0.0,19.856890697666827,161.4365213720313,0.0,128.38,27.74,0.0,0.8835291085100115,8.14,0.0,0.0,0.0,main_seed0,0,d1c1eb972d85b5605cb5db7c2c6bc30520ef1b725ec02f3d139c77d64d6a78a6,1500,pre_fed,A2C-MADRL,deterministic,bf68ed86bdf84907480c105e060172e6847425043e243c8008a4b824797ed21e
1,7,6,274.6,28.65,0.16,8.34,4.17,0.045330509543418884,0.0825185477733612,104.52994858333557,4.116587918776167,104.52994858333557,2.8695841039203502,0.13046708262757464,0.1,2.724190653745118,141.11465796648923,-141.11465796648923,749.4160381184412,1036.3414163394796,1176.8962474405203,-1481.3268509492204,2.8491598385172665,0.0,138.26549812797197,1165.0152509139032,0.0,233.7,30.15,0.0,0.13046708262757464,8.13,0.0,0.0,0.0,main_seed0,0,d1c1eb972d85b5605cb5db7c2c6bc30520ef1b725ec02f3d139c77d64d6a78a6,1500,pre_fed,A2C-MADRL,deterministic,bf68ed86bdf84907480c105e060172e6847425043e243c8008a4b824797ed21e
2,7,6,130.0,28.65,0.16,8.34,4.17,-0.24068641662597656,-0.24946053326129913,106.93984086637099,-12.220574434876388,106.93984086637099,-0.18947368421052882,0.9,0.9,2.7112073436432094,-2.8491598385172665,2.8491598385172665,1059.3328808113752,119.10680096398887,23.761993053234,-601.100837414299,0.0,2.8491598385172665,0.0,-11.880996526617,0.0,120.25,30.15,0.0,0.9,8.13,2.8491598385172665,0.0,0.0,main_seed0,0,d1c1eb972d85b5605cb5db7c2c6bc30520ef1b725ec02f3d139c77d64d6a78a6,1500,pre_fed,A2C-MADRL,deterministic,bf68ed86bdf84907480c105e060172e6847425043e243c8008a4b824797ed21e
3,7,6,146.72,28.65,0.16,8.34,4.17,-0.10511718690395355,-0.1832958608865738,89.52682779173603,-9.063516225286302,89.52682779173603,-0.18947368421052882,0.9,0.9,2.36294708215051,30.93559297462501,-30.93559297462501,704.2938719672723,126.80720528531852,258.0028454083726,-544.5519613304817,0.0,0.0,30.93559297462501,258.0028454083726,0.0,135.43,30.15,0.0,0.9,8.13,0.0,0.0,0.0,main_seed0,0,d1c1eb972d85b5605cb5db7c2c6bc30520ef1b725ec02f3d139c77d64d6a78a6,1500,pre_fed,A2C-MADRL,deterministic,bf68ed86bdf84907480c105e060172e6847425043e243c8008a4b824797ed21e
1,8,7,291.0,23.38,1.77,9.35,4.68,0.04530732333660126,0.08420762419700623,104.52763471813422,4.200457525119102,104.52763471813422,-0.02105263157894797,0.1,0.1,2.593131641731105,163.93654955517584,-163.93654955517584,749.398884587846,1052.5389067811634,1532.806738340894,-1667.372264854952,0.0,0.0,163.93654955517584,1532.806738340894,0.0,274.6,28.65,0.16,0.1,8.34,0.0,0.0,0.0,main_seed0,0,d1c1eb972d85b5605cb5db7c2c6bc30520ef1b725ec02f3d139c77d64d6a78a6,1500,pre_fed,A2C-MADRL,deterministic,bf68ed86bdf84907480c105e060172e6847425043e243c8008a4b824797ed21e
2,8,7,157.95,23.38,1.77,9.35,4.68,-0.2414088398218155,-0.24979320168495178,106.84435785213302,-12.236212953666898,106.84435785213302,-0.18947368421052882,0.9,0.9,2.6360976833584497,28.78121351543595,-28.78121351543595,1058.635400316859,119.10680096398887,269.10434636932615,-723.423273825087,0.0,0.0,28.78121351543595,269.10434636932615,0.0,130.0,28.65,0.16,0.9,8.34,0.0,0.0,0.0,main_seed0,0,d1c1eb972d85b5605cb5db7c2c6bc30520ef1b725ec02f3d139c77d64d6a78a6,1500,pre_fed,A2C-MADRL,deterministic,bf68ed86bdf84907480c105e060172e6847425043e243c8008a4b824797ed21e
3,8,7,178.26,23.38,1.77,9.35,4.68,-0.10550237447023392,-0.18359030783176422,89.48873307576501,-9.077754051611507,89.48873307576501,-0.18947368421052882,0.9,0.9,2.2889851878310896,66.0997257962766,-66.0997257962766,704.0077559714971,126.80720528531852,618.0324361951862,-724.4236987260009,0.0,0.0,66.0997257962766,618.0324361951862,0.0,146.72,28.65,0.16,0.9,8.34,0.0,0.0,0.0,main_seed0,0,d1c1eb972d85b5605cb5db7c2c6bc30520ef1b725ec02f3d139c77d64d6a78a6,1500,pre_fed,A2C-MADRL,deterministic,bf68ed86bdf84907480c105e060172e6847425043e243c8008a4b824797ed21e
1,9,8,315.7,21.75,5.3,12.0,6.0,0.0481112003326416,0.08823008090257645,104.80741138701237,4.400092390518616,104.80741138701237,-0.02105263157894797,0.1,0.1,2.6367271751086685,186.50036841967523,-186.50036841967523,751.473600335047,1052.5389067811634,2238.004421036103,-2021.0084640761565,0.0,0.0,186.50036841967523,2238.004421036103,0.0,291.0,23.38,1.77,0.1,9.35,0.0,0.0,0.0,main_seed0,0,d1c1eb972d85b5605cb5db7c2c6bc30520ef1b725ec02f3d139c77d64d6a78a6,1500,pre_fed,A2C-MADRL,deterministic,bf68ed86bdf84907480c105e060172e6847425043e243c8008a4b824797ed21e
2,9,8,165.1,21.75,5.3,12.0,6.0,-0.24458114802837372,-0.2512955665588379,106.42546016033538,-12.306806360680971,106.42546016033538,-0.18947368421052882,0.9,0.9,2.6657197295224972,34.479733253397626,-34.479733253397626,1055.5770908452823,119.10680096398887,413.7567990407715,-794.2203454250214,0.0,0.0,34.479733253397626,413.7567990407715,0.0,157.95,23.38,1.77,0.9,9.35,0.0,0.0,0.0,main_seed0,0,d1c1eb972d85b5605cb5db7c2c6bc30520ef1b725ec02f3d139c77d64d6a78a6,1500,pre_fed,A2C-MADRL,deterministic,bf68ed86bdf84907480c105e060172e6847425043e243c8008a4b824797ed21e
3,9,8,186.33,21.75,5.3,12.0,6.0,-0.10630647838115692,-0.1835002452135086,89.40921785069311,-9.073399282819697,89.40921785069311,-0.18947368421052882,0.9,0.9,2.325394883329652,72.38565071684708,-72.38565071684708,703.4106339609176,126.80720528531852,868.627808602165,-849.4228239242007,0.0,0.0,72.38565071684708,868.627808602165,0.0,178.26,23.38,1.77,0.9,9.35,0.0,0.0,0.0,main_seed0,0,d1c1eb972d85b5605cb5db7c2c6bc30520ef1b725ec02f3d139c77d64d6a78a6,1500,pre_fed,A2C-MADRL,deterministic,bf68ed86bdf84907480c105e060172e6847425043e243c8008a4b824797ed21e
1,10,9,362.4,34.82,11.6,9.19,4.6,0.055615201592445374,0.09735996276140213,105.5557932234434,4.852675043906713,105.5557932234434,-0.02105263157894797,0.1,0.1,3.039094811837289,213.48435421997283,-213.48435421997283,757.029543650642,1052.5389067811634,1961.9212152815503,-1885.744832856678,0.0,0.0,213.48435421997283,1961.9212152815503,0.0,315.7,21.75,5.3,0.1,12.0,0.0,0.0,0.0,main_seed0,0,d1c1eb972d85b5605cb5db7c2c6bc30520ef1b725ec02f3d139c77d64d6a78a6,1500,pre_fed,A2C-MADRL,deterministic,bf68ed86bdf84907480c105e060172e6847425043e243c8008a4b824797ed21e
2,10,9,169.0,34.82,11.6,9.19,4.6,-0.25619491934776306,-0.2602525055408478,104.89736848339435,-12.726584720984931,104.89736848339435,-0.18947368421052882,0.9,0.9,3.0225578959836765,20.89466309679986,-20.89466309679986,1044.4433331377115,119.10680096398887,192.0219538595907,-677.7860439806456,0.0,0.0,20.89466309679986,192.0219538595907,0.0,165.1,21.75,5.3,0.9,12.0,0.0,0.0,0.0,main_seed0,0,d1c1eb972d85b5605cb5db7c2c6bc30520ef1b725ec02f3d139c77d64d6a78a6,1500,pre_fed,A2C-MADRL,deterministic,bf68ed86bdf84907480c105e060172e6847425043e243c8008a4b824797ed21e
3,10,9,190.73,34.82,11.6,9.19,4.6,-0.10680881142616272,-0.18386469781398773,89.35955063290059,-9.091020663963722,89.35955063290059,-0.18947368421052882,0.9,0.9,2.7118015389738015,57.85172459028371,-57.85172459028371,703.0377174256347,126.80720528531852,531.6573489847073,-680.7511358478303,0.0,0.0,57.85172459028371,531.6573489847073,0.0,186.33,21.75,5.3,0.9,12.0,0.0,0.0,0.0,main_seed0,0,d1c1eb972d85b5605cb5db7c2c6bc30520ef1b725ec02f3d139c77d64d6a78a6,1500,pre_fed,A2C-MADRL,deterministic,bf68ed86bdf84907480c105e060172e6847425043e243c8008a4b824797ed21e
1,11,10,320.0,27.17,36.64,12.3,6.15,0.05428468808531761,0.09634228050708771,105.42314283286575,4.80226526653597,105.42314283286575,-0.02105263157894797,0.1,0.1,3.3842418040257356,154.17215160273898,-154.17215160273898,756.0440932665384,1052.5389067811634,1896.3174647136896,-1852.4502323806955,0.0,0.0,154.17215160273898,1896.3174647136896,0.0,362.4,34.82,11.6,0.1,9.19,0.0,0.0,0.0,main_seed0,0,d1c1eb972d85b5605cb5db7c2c6bc30520ef1b725ec02f3d139c77d64d6a78a6,1500,pre_fed,A2C-MADRL,deterministic,bf68ed86bdf84907480c105e060172e6847425043e243c8008a4b824797ed21e
2,11,10,173.55,27.17,36.64,12.3,6.15,-0.2591964304447174,-0.26645031571388245,104.50387172129881,-13.015938372648039,104.50387172129881,-0.18947368421052882,0.9,0.9,3.362487960741766,8.788089923653473,-8.788089923653473,1041.5820413330139,119.10680096398887,108.09350606093773,-634.3911741789702,0.0,0.0,8.788089923653473,108.09350606093773,0.0,169.0,34.82,11.6,0.9,9.19,0.0,0.0,0.0,main_seed0,0,d1c1eb972d85b5605cb5db7c2c6bc30520ef1b725ec02f3d139c77d64d6a78a6,1500,pre_fed,A2C-MADRL,deterministic,bf68ed86bdf84907480c105e060172e6847425043e243c8008a4b824797ed21e
3,11,10,195.87,27.17,36.64,12.3,6.15,-0.1062009409070015,-0.18780383467674255,89.41965333895395,-9.28132909109196,89.41965333895395,-0.18947368421052882,0.9,0.9,3.0608035930948683,45.89062393835147,-45.89062393835147,703.4889927302801,126.80720528531852,564.4546744417231,-697.3754362286609,0.0,0.0,45.89062393835147,564.4546744417231,0.0,190.73,34.82,11.6,0.9,9.19,0.0,0.0,0.0,main_seed0,0,d1c1eb972d85b5605cb5db7c2c6bc30520ef1b725ec02f3d139c77d64d6a78a6,1500,pre_fed,A2C-MADRL,deterministic,bf68ed86bdf84907480c105e060172e6847425043e243c8008a4b824797ed21e
1,12,11,350.0,30.2,42.68,20.7,10.35,0.06735405325889587,0.09778154641389847,106.72523856518312,4.8735548181000645,106.72523856518312,-0.02105263157894797,0.1,0.1,3.5916837186720834,174.0074977850679,-174.0074977850679,765.7296046218889,1052.5389067811634,3601.9552041509055,-2710.111857776979,3.705876883274783,0.0,170.30162090179311,3563.5993784090115,0.0,320.0,27.17,36.64,0.1,12.3,0.0,0.0,0.0,main_seed0,0,d1c1eb972d85b5605cb5db7c2c6bc30520ef1b725ec02f3d139c77d64d6a78a6,1500,pre_fed,A2C-MADRL,deterministic,bf68ed86bdf84907480c105e060172e6847425043e243c8008a4b824797ed21e
2,12,11,168.35,30.2,42.68,20.7,10.35,-0.2716574966907501,-0.273335337638855,102.87669499367458,-13.33628178364948,102.87669499367458,-0.18947368421052882,0.9,0.9,3.5113444261892814,-3.705876883274783,3.705876883274783,1029.7750967975153,119.10680096398887,76.711651483788,-612.7967746226461,0.0,3.705876883274783,0.0,-38.355825741894,0.0,173.55,27.17,36.64,0.9,12.3,3.705876883274783,0.0,0.0,main_seed0,0,d1c1eb972d85b5605cb5db7c2c6bc30520ef1b725ec02f3d139c77d64d6a78a6,1500,pre_fed,A2C-MADRL,deterministic,bf68ed86bdf84907480c105e060172e6847425043e243c8008a4b824797ed21e
3,12,11,190.0,30.2,42.68,20.7,10.35,-0.10048516094684601,-0.17443828284740448,89.98516871394196,-8.634512254099702,89.98516871394196,-0.18947368421052882,0.9,0.9,3.2535139005946285,30.57781887086321,-30.57781887086321,707.7384708185305,126.80720528531852,632.9608506268685,-733.7532633653587,0.0,0.0,30.57781887086321,632.9608506268685,0.0,195.87,27.17,36.64,0.9,12.3,0.0,0.0,0.0,main_seed0,0,d1c1eb972d85b5605cb5db7c2c6bc30520ef1b725ec02f3d139c77d64d6a78a6,1500,pre_fed,A2C-MADRL,deterministic,bf68ed86bdf84907480c105e060172e6847425043e243c8008a4b824797ed21e
1,13,12,345.2,23.52,35.22,26.82,13.41,0.08647377789020538,0.11953524500131607,108.62588785821494,5.948457344192326,108.62588785821494,-0.02105263157894797,0.1,0.1,3.34689670453272,181.20206147789673,-181.20206147789673,779.9167050041718,1052.5389067811634,4859.839288837191,-3346.147450311263,0.0,0.0,181.20206147789673,4859.839288837191,0.0,350.0,30.2,42.68,0.1,20.7,0.0,0.0,0.0,main_seed0,0,d1c1eb972d85b5605cb5db7c2c6bc30520ef1b725ec02f3d139c77d64d6a78a6,1500,pre_fed,A2C-MADRL,deterministic,bf68ed86bdf84907480c105e060172e6847425043e243c8008a4b824797ed21e
2,13,12,168.35,23.52,35.22,26.82,13.41,-0.3059763014316559,-0.30149632692337036,98.45189524240372,-14.634067943477008,98.45189524240372,-0.18947368421052882,0.9,0.9,3.140048431163864,14.48762687297068,-14.48762687297068,997.8718601206946,119.10680096398887,388.5581527330736,-752.7684069088784,0.0,0.0,14.48762687297068,388.5581527330736,0.0,168.35,30.2,42.68,0.9,20.7,0.0,0.0,0.0,main_seed0,0,d1c1eb972d85b5605cb5db7c2c6bc30520ef1b725ec02f3d139c77d64d6a78a6,1500,pre_fed,A2C-MADRL,deterministic,bf68ed86bdf84907480c105e060172e6847425043e243c8008a4b824797ed21e
3,13,12,190.0,23.52,35.22,26.82,13.41,-0.10237143933773041,-0.17864179611206055,89.79846824314761,-8.838270965638245,89.79846824314761,-0.18947368421052882,0.9,0.9,2.9669798911787417,44.61798533224166,-44.61798533224166,706.3348670314357,126.80720528531852,1196.6543666107214,-1014.8982194637379,0.0,0.0,44.61798533224166,1196.6543666107214,0.0,190.0,30.2,42.68,0.9,20.7,0.0,0.0,0.0,main_seed0,0,d1c1eb972d85b5605cb5db7c2c6bc30520ef1b725ec02f3d139c77d64d6a78a6,1500,pre_fed,A2C-MADRL,deterministic,bf68ed86bdf84907480c105e060172e6847425043e243c8008a4b824797ed21e
1,14,13,320.6,39.48,35.46,27.35,13.68,0.09431123733520508,0.13133199512958527,109.40326080705019,6.529104648580776,109.40326080705019,-0.02105263157894797,0.1,0.1,3.686444163509425,139.9642359880382,-139.9642359880382,785.7361469655722,1052.5389067811634,3828.0218542728453,-2833.1484540097904,2.3962241125496178,0.0,137.5680118754886,3795.2654706542917,0.0,345.2,23.52,35.22,0.1,26.82,0.0,0.0,0.0,main_seed0,0,d1c1eb972d85b5605cb5db7c2c6bc30520ef1b725ec02f3d139c77d64d6a78a6,1500,pre_fed,A2C-MADRL,deterministic,bf68ed86bdf84907480c105e060172e6847425043e243c8008a4b824797ed21e
2,14,13,165.75,39.48,35.46,27.35,13.68,-0.3187505900859833,-0.3100977838039398,96.8272533908938,-15.026302606617586,96.8272533908938,-0.18947368421052882,0.9,0.9,3.4315555941336657,-2.3962241125496178,2.3962241125496178,986.2327284543819,119.10680096398887,65.53672947823205,-585.4381294483014,0.0,2.3962241125496178,0.0,-32.78034585967877,0.0,168.35,23.52,35.22,0.9,26.82,2.3962241125496178,0.0,0.0,main_seed0,0,d1c1eb972d85b5605cb5db7c2c6bc30520ef1b725ec02f3d139c77d64d6a78a6,1500,pre_fed,A2C-MADRL,deterministic,bf68ed86bdf84907480c105e060172e6847425043e243c8008a4b824797ed21e
3,14,13,187.07,39.48,35.46,27.35,13.68,-0.10521447658538818,-0.18116791546344757,89.51720563612598,-8.960575502379609,89.51720563612598,-0.18947368421052882,0.9,0.9,3.2853546390383093,26.08762268712283,-26.08762268712283,704.2216007424464,126.80720528531852,713.4964804928095,-772.2626432602872,0.0,0.0,26.08762268712283,713.4964804928095,0.0,190.0,23.52,35.22,0.9,26.82,0.0,0.0,0.0,main_seed0,0,d1c1eb972d85b5605cb5db7c2c6bc30520ef1b725ec02f3d139c77d64d6a78a6,1500,pre_fed,A2C-MADRL,deterministic,bf68ed86bdf84907480c105e060172e6847425043e243c8008a4b824797ed21e
1,15,14,333.2,35.74,34.83,13.81,6.91,0.09595752507448196,0.13091494143009186,109.56640850830293,6.508606421840338,109.56640850830293,-0.02105263157894797,0.1,0.1,3.602307117534479,156.68695124081052,-156.68695124081052,786.9587194421001,1052.5389067811634,2163.8467966355934,-2001.6722114294284,0.0,0.0,156.68695124081052,2163.8467966355934,0.0,320.6,39.48,35.46,0.1,27.35,0.0,0.0,0.0,main_seed0,0,d1c1eb972d85b5605cb5db7c2c6bc30520ef1b725ec02f3d139c77d64d6a78a6,1500,pre_fed,A2C-MADRL,deterministic,bf68ed86bdf84907480c105e060172e6847425043e243c8008a4b824797ed21e
2,15,14,170.3,35.74,34.83,13.81,6.91,-0.33320558071136475,-0.3260807991027832,95.00425395300209,-15.749740843318333,95.00425395300209,-0.18947368421052882,0.9,0.9,3.307695605375831,8.222915336584293,-8.222915336584293,973.2203052987174,119.10680096398887,113.55846079822909,-602.9427835304678,0.0,0.0,8.222915336584293,113.55846079822909,0.0,165.75,39.48,35.46,0.9,27.35,0.0,0.0,0.0,main_seed0,0,d1c1eb972d85b5605cb5db7c2c6bc30520ef1b725ec02f3d139c77d64d6a78a6,1500,pre_fed,A2C-MADRL,deterministic,bf68ed86bdf84907480c105e060172e6847425043e243c8008a4b824797ed21e
3,15,14,192.2,35.74,34.83,13.81,6.91,-0.10737374424934387,-0.19092540442943573,89.30370032597604,-9.431941785539552,89.30370032597604,-0.18947368421052882,0.9,0.9,3.19368453283531,35.7094578910698,-35.7094578910698,702.6184323670823,126.80720528531852,493.147613475674,-661.2866255640374,0.0,0.0,35.7094578910698,493.147613475674,0.0,187.07,39.48,35.46,0.9,27.35,0.0,0.0,0.0,main_seed0,0,d1c1eb972d85b5605cb5db7c2c6bc30520ef1b725ec02f3d139c77d64d6a78a6,1500,pre_fed,A2C-MADRL,deterministic,bf68ed86bdf84907480c105e060172e6847425043e243c8008a4b824797ed21e
1,16,15,316.8,18.06,23.62,17.31,8.66,0.07091028988361359,0.10345382988452911,107.07916764369088,5.154316243112992,107.07916764369088,-0.02105263157894797,0.1,0.1,2.9747623002422388,171.03664728813033,-171.03664728813033,768.3670188823636,1052.5389067811634,2960.644364557536,-2390.7751451105314,0.0,0.0,171.03664728813033,2960.644364557536,0.0,333.2,35.74,34.83,0.1,13.81,0.0,0.0,0.0,main_seed0,0,d1c1eb972d85b5605cb5db7c2c6bc30520ef1b725ec02f3d139c77d64d6a78a6,1500,pre_fed,A2C-MADRL,deterministic,bf68ed86bdf84907480c105e060172e6847425043e243c8008a4b824797ed21e
2,16,15,172.25,18.06,23.62,17.31,8.66,-0.2846527397632599,-0.2863609492778778,101.19118723433881,-13.939100151841197,101.19118723433881,-0.18947368421052882,0.9,0.9,2.8536342710025657,32.42192072087428,-32.42192072087428,1017.5873319326465,119.10680096398887,561.2234476783337,-848.9587902874846,0.0,0.0,32.42192072087428,561.2234476783337,0.0,170.3,35.74,34.83,0.9,13.81,0.0,0.0,0.0,main_seed0,0,d1c1eb972d85b5605cb5db7c2c6bc30520ef1b725ec02f3d139c77d64d6a78a6,1500,pre_fed,A2C-MADRL,deterministic,bf68ed86bdf84907480c105e060172e6847425043e243c8008a4b824797ed21e
3,16,15,194.4,18.06,23.62,17.31,8.66,-0.10268370062112808,-0.1816030889749527,89.76756807437194,-8.98163371605802,89.76756807437194,-0.18947368421052882,0.9,0.9,2.625161887803228,65.76706749764182,-65.76706749764182,706.1026251529775,126.80720528531852,1138.4279383841797,-985.6688844112379,0.0,0.0,65.76706749764182,1138.4279383841797,0.0,192.2,35.74,34.83,0.9,13.81,0.0,0.0,0.0,main_seed0,0,d1c1eb972d85b5605cb5db7c2c6bc30520ef1b725ec02f3d139c77d64d6a78a6,1500,pre_fed,A2C-MADRL,deterministic,bf68ed86bdf84907480c105e060172e6847425043e243c8008a4b824797ed21e
1,17,16,291.3,24.27,14.18,16.42,8.21,0.07233346253633499,0.10899918526411057,107.22075733089322,5.428478010734711,107.22075733089322,-0.02105263157894797,0.1,0.1,2.9129940939862853,148.56328939467204,-148.56328939467204,769.4226874338526,1052.5389067811634,2439.4092118605154,-2130.685403037766,0.0,0.0,148.56328939467204,2439.4092118605154,0.0,316.8,18.06,23.62,0.1,17.31,0.0,0.0,0.0,main_seed0,0,d1c1eb972d85b5605cb5db7c2c6bc30520ef1b725ec02f3d139c77d64d6a78a6,1500,pre_fed,A2C-MADRL,deterministic,bf68ed86bdf84907480c105e060172e6847425043e243c8008a4b824797ed21e
2,17,16,165.75,24.27,14.18,16.42,8.21,-0.2795206308364868,-0.2774979770183563,101.85541023708525,-13.529391189160108,101.85541023708525,-0.18947368421052882,0.9,0.9,2.8023187310574946,28.436382178182754,-28.436382178182754,1022.3851170653377,119.10680096398887,466.9253953657609,-804.2086566975438,0.0,0.0,28.436382178182754,466.9253953657609,0.0,172.25,18.06,23.62,0.9,17.31,0.0,0.0,0.0,main_seed0,0,d1c1eb972d85b5605cb5db7c2c6bc30520ef1b725ec02f3d139c77d64d6a78a6,1500,pre_fed,A2C-MADRL,deterministic,bf68ed86bdf84907480c105e060172e6847425043e243c8008a4b824797ed21e
3,17,16,187.07,24.27,14.18,16.42,8.21,-0.10440395772457123,-0.17800173163414001,89.59737364523937,-8.80726421099783,89.59737364523937,-0.18947368421052882,0.9,0.9,2.5571579992205766,61.76925803819174,-61.76925803819174,704.8237898380248,126.80720528531852,1014.2512169871085,-922.9411060552259,0.0,0.0,61.76925803819174,1014.2512169871085,0.0,194.4,18.06,23.62,0.9,17.31,0.0,0.0,0.0,main_seed0,0,d1c1eb972d85b5605cb5db7c2c6bc30520ef1b725ec02f3d139c77d64d6a78a6,1500,pre_fed,A2C-MADRL,deterministic,bf68ed86bdf84907480c105e060172e6847425043e243c8008a4b824797ed21e
1,18,17,413.8,26.26,4.67,9.83,4.92,0.06733742356300354,0.10510466247797012,106.72358311516012,5.2359667508750505,106.72358311516012,-0.02105263157894797,0.1,0.1,2.752650609671623,278.9201201260905,-278.9201201260905,765.7172732815177,1052.5389067811634,2741.78478083947,-2280.0204804510754,0.0,0.0,278.9201201260905,2741.78478083947,0.0,291.3,24.27,14.18,0.1,16.42,0.0,0.0,0.0,main_seed0,0,d1c1eb972d85b5605cb5db7c2c6bc30520ef1b725ec02f3d139c77d64d6a78a6,1500,pre_fed,A2C-MADRL,deterministic,bf68ed86bdf84907480c105e060172e6847425043e243c8008a4b824797ed21e
2,18,17,164.25,26.26,4.67,9.83,4.92,-0.27886760234832764,-0.2790600657463074,101.9400623979677,-13.601746350777958,101.9400623979677,-0.18947368421052882,0.9,0.9,2.653611774275143,34.22302306051799,-34.22302306051799,1022.9970544653881,119.10680096398887,336.41231668489183,-739.2580860571345,0.0,0.0,34.22302306051799,336.41231668489183,0.0,165.75,24.27,14.18,0.9,16.42,0.0,0.0,0.0,main_seed0,0,d1c1eb972d85b5605cb5db7c2c6bc30520ef1b725ec02f3d139c77d64d6a78a6,1500,pre_fed,A2C-MADRL,deterministic,bf68ed86bdf84907480c105e060172e6847425043e243c8008a4b824797ed21e
3,18,17,185.6,26.26,4.67,9.83,4.92,-0.1069670170545578,-0.18499566614627838,89.34390945257977,-9.145688400741916,89.34390945257977,-0.18947368421052882,0.9,0.9,2.401688715367385,67.91725294699813,-67.91725294699813,702.9202884040607,126.80720528531852,667.6265964689917,-748.6770450791855,0.0,0.0,67.91725294699813,667.6265964689917,0.0,187.07,24.27,14.18,0.9,16.42,0.0,0.0,0.0,main_seed0,0,d1c1eb972d85b5605cb5db7c2c6bc30520ef1b725ec02f3d139c77d64d6a78a6,1500,pre_fed,A2C-MADRL,deterministic,bf68ed86bdf84907480c105e060172e6847425043e243c8008a4b824797ed21e
1,19,18,539.8,26.77,0.18,8.63,4.32,0.0538802333176136,0.10294131189584732,105.38281542582777,5.128961327368983,105.38281542582777,-0.02105263157894797,0.1,0.1,2.6462352558849767,410.1344724616361,-410.1344724616361,755.7445603110349,1052.5389067811634,3539.46049734392,-2673.871982218059,0.0,0.0,410.1344724616361,3539.46049734392,0.0,413.8,26.26,4.67,0.1,9.83,0.0,0.0,0.0,main_seed0,0,d1c1eb972d85b5605cb5db7c2c6bc30520ef1b725ec02f3d139c77d64d6a78a6,1500,pre_fed,A2C-MADRL,deterministic,bf68ed86bdf84907480c105e060172e6847425043e243c8008a4b824797ed21e
2,19,18,162.5,26.77,0.18,8.63,4.32,-0.2511366009712219,-0.2575235366821289,105.56184990468908,-12.598887896821617,105.56184990468908,-0.18947368421052882,0.9,0.9,2.646447524409571,32.82407130393102,-32.82407130393102,1049.2804190389147,119.10680096398887,283.27173535292474,-725.8294776779142,0.0,0.0,32.82407130393102,283.27173535292474,0.0,164.25,26.26,4.67,0.9,9.83,0.0,0.0,0.0,main_seed0,0,d1c1eb972d85b5605cb5db7c2c6bc30520ef1b725ec02f3d139c77d64d6a78a6,1500,pre_fed,A2C-MADRL,deterministic,bf68ed86bdf84907480c105e060172e6847425043e243c8008a4b824797ed21e
3,19,18,183.4,26.77,0.18,8.63,4.32,-0.10664362460374832,-0.1852991133928299,89.3758825789166,-9.160352320201959,89.3758825789166,-0.18947368421052882,0.9,0.9,2.322728177894122,69.58631928318805,-69.58631928318805,703.1603374577281,126.80720528531852,600.5299354139129,-715.2487390784797,0.0,0.0,69.58631928318805,600.5299354139129,0.0,185.6,26.26,4.67,0.9,9.83,0.0,0.0,0.0,main_seed0,0,d1c1eb972d85b5605cb5db7c2c6bc30520ef1b725ec02f3d139c77d64d6a78a6,1500,pre_fed,A2C-MADRL,deterministic,bf68ed86bdf84907480c105e060172e6847425043e243c8008a4b824797ed21e
1,20,19,557.2,26.22,0.0,8.87,4.44,0.05294867232441902,0.11266934871673584,105.28992461246325,5.609750063381576,105.28992461246325,-0.02105263157894797,0.1,0.1,2.6297774396176856,428.34090545873346,-428.34090545873346,755.0547114049652,1052.5389067811634,3799.3838314189657,-2803.488724802547,0.0,0.0,428.34090545873346,3799.3838314189657,0.0,539.8,26.77,0.18,0.1,8.63,0.0,0.0,0.0,main_seed0,0,d1c1eb972d85b5605cb5db7c2c6bc30520ef1b725ec02f3d139c77d64d6a78a6,1500,pre_fed,A2C-MADRL,deterministic,bf68ed86bdf84907480c105e060172e6847425043e243c8008a4b824797ed21e
2,20,19,165.75,26.22,0.0,8.87,4.44,-0.24476557970046997,-0.2526082992553711,106.40112580676869,-12.368446579674787,106.40112580676869,-0.18947368421052882,0.9,0.9,2.6486330424511637,35.96698091989299,-35.96698091989299,1055.3995113368496,119.10680096398887,319.0271207594508,-746.7667165301447,0.0,0.0,35.96698091989299,319.0271207594508,0.0,162.5,26.77,0.18,0.9,8.63,0.0,0.0,0.0,main_seed0,0,d1c1eb972d85b5605cb5db7c2c6bc30520ef1b725ec02f3d139c77d64d6a78a6,1500,pre_fed,A2C-MADRL,deterministic,bf68ed86bdf84907480c105e060172e6847425043e243c8008a4b824797ed21e
3,20,19,187.07,26.22,0.0,8.87,4.44,-0.10705520957708359,-0.18625487387180328,89.33519042689767,-9.206528248080058,89.33519042689767,-0.18947368421052882,0.9,0.9,2.307314334853743,74.0115975921666,-74.0115975921666,702.854830742071,126.80720528531852,656.4828706425177,-743.0724533349537,0.0,0.0,74.0115975921666,656.4828706425177,0.0,183.4,26.77,0.18,0.9,8.63,0.0,0.0,0.0,main_seed0,0,d1c1eb972d85b5605cb5db7c2c6bc30520ef1b725ec02f3d139c77d64d6a78a6,1500,pre_fed,A2C-MADRL,deterministic,bf68ed86bdf84907480c105e060172e6847425043e243c8008a4b824797ed21e
1,21,20,557.1,32.84,0.0,8.35,4.18,0.05374224856495857,0.11485272645950317,105.36905682912887,5.717518192752577,105.36905682912887,-0.02105263157894797,0.1,0.1,2.7637600839509986,421.6757558864011,-421.6757558864011,755.6423739728046,1052.5389067811634,3520.992561651449,-2664.5869212027083,0.0,0.0,421.6757558864011,3520.992561651449,0.0,557.2,26.22,0.0,0.1,8.87,0.0,0.0,0.0,main_seed0,0,d1c1eb972d85b5605cb5db7c2c6bc30520ef1b725ec02f3d139c77d64d6a78a6,1500,pre_fed,A2C-MADRL,deterministic,bf68ed86bdf84907480c105e060172e6847425043e243c8008a4b824797ed21e
2,21,20,169.0,32.84,0.0,8.35,4.18,-0.2455952912569046,-0.25318554043769836,106.29167835324206,-12.39553865779561,106.29167835324206,-0.18947368421052882,0.9,0.9,2.778844093380631,32.83663942434907,-32.83663942434907,1054.6009317887479,119.10680096398887,274.18593919331477,-723.9468359730258,0.0,0.0,32.83663942434907,274.18593919331477,0.0,165.75,26.22,0.0,0.9,8.87,0.0,0.0,0.0,main_seed0,0,d1c1eb972d85b5605cb5db7c2c6bc30520ef1b725ec02f3d139c77d64d6a78a6,1500,pre_fed,A2C-MADRL,deterministic,bf68ed86bdf84907480c105e060172e6847425043e243c8008a4b824797ed21e
3,21,20,190.73,32.84,0.0,8.35,4.18,-0.10729017853736877,-0.18652844429016113,89.31196136277318,-9.21974234557719,89.31196136277318,-0.18947368421052882,0.9,0.9,2.439249753571253,71.20676207500858,-71.20676207500858,702.6804467211343,126.80720528531852,594.5764633263217,-712.0320576663873,0.0,0.0,71.20676207500858,594.5764633263217,0.0,187.07,26.22,0.0,0.9,8.87,0.0,0.0,0.0,main_seed0,0,d1c1eb972d85b5605cb5db7c2c6bc30520ef1b725ec02f3d139c77d64d6a78a6,1500,pre_fed,A2C-MADRL,deterministic,bf68ed86bdf84907480c105e060172e6847425043e243c8008a4b824797ed21e
1,22,21,535.0,36.02,0.0,16.44,8.22,0.05321419611573219,0.11399367451667786,105.31640231674078,5.675123089851728,105.31640231674078,-0.02105263157894797,0.1,0.1,2.826306993703237,396.5109573085414,-396.5109573085414,755.2513324869842,1052.5389067811634,6518.640138152421,-4163.215188710285,0.0,0.0,396.5109573085414,6518.640138152421,0.0,557.1,32.84,0.0,0.1,8.35,0.0,0.0,0.0,main_seed0,0,d1c1eb972d85b5605cb5db7c2c6bc30520ef1b725ec02f3d139c77d64d6a78a6,1500,pre_fed,A2C-MADRL,deterministic,bf68ed86bdf84907480c105e060172e6847425043e243c8008a4b824797ed21e
2,22,21,161.2,36.02,0.0,16.44,8.22,-0.2500370740890503,-0.25881457328796387,105.70650828059493,-12.659321457906808,105.70650828059493,-0.18947368421052882,0.9,0.9,2.8307406919276885,22.493706095543274,-22.493706095543274,1050.334347819633,119.10680096398887,369.7965282107315,-769.6188384971767,0.0,0.0,22.493706095543274,369.7965282107315,0.0,169.0,32.84,0.0,0.9,8.35,0.0,0.0,0.0,main_seed0,0,d1c1eb972d85b5605cb5db7c2c6bc30520ef1b725ec02f3d139c77d64d6a78a6,1500,pre_fed,A2C-MADRL,deterministic,bf68ed86bdf84907480c105e060172e6847425043e243c8008a4b824797ed21e
3,22,21,181.93,36.02,0.0,16.44,8.22,-0.10813335329294205,-0.19063742458820343,89.22861461176322,-9.418054421963951,89.22861461176322,-0.18947368421052882,0.9,0.9,2.501182818551054,59.37204189099836,-59.37204189099836,702.0548347169226,126.80720528531852,976.0763686880131,-902.4692043451271,0.0,0.0,59.37204189099836,976.0763686880131,0.0,190.73,32.84,0.0,0.9,8.35,0.0,0.0,0.0,main_seed0,0,d1c1eb972d85b5605cb5db7c2c6bc30520ef1b725ec02f3d139c77d64d6a78a6,1500,pre_fed,A2C-MADRL,deterministic,bf68ed86bdf84907480c105e060172e6847425043e243c8008a4b824797ed21e
1,23,22,437.8,37.23,0.0,16.19,8.1,0.06943807750940323,0.1308271735906601,106.9326690375263,6.504292340941542,106.9326690375263,-0.02105263157894797,0.1,0.1,2.8828323281189467,296.54121592217166,-296.54121592217166,767.2750921253123,1052.5389067811634,4801.0022857799595,-3310.4081423432176,0.0,0.0,296.54121592217166,4801.0022857799595,0.0,535.0,36.02,0.0,0.1,16.44,0.0,0.0,0.0,main_seed0,0,d1c1eb972d85b5605cb5db7c2c6bc30520ef1b725ec02f3d139c77d64d6a78a6,1500,pre_fed,A2C-MADRL,deterministic,bf68ed86bdf84907480c105e060172e6847425043e243c8008a4b824797ed21e
2,23,22,148.0,37.23,0.0,16.19,8.1,-0.28478312492370605,-0.2875584065914154,101.17433660824602,-13.99430127985701,101.17433660824602,-0.18947368421052882,0.9,0.9,2.7642972584807097,12.549434334445209,-12.549434334445209,1017.4657044845393,119.10680096398887,203.17534187466796,-669.873923661598,0.0,0.0,12.549434334445209,203.17534187466796,0.0,161.2,36.02,0.0,0.9,16.44,0.0,0.0,0.0,main_seed0,0,d1c1eb972d85b5605cb5db7c2c6bc30520ef1b725ec02f3d139c77d64d6a78a6,1500,pre_fed,A2C-MADRL,deterministic,bf68ed86bdf84907480c105e060172e6847425043e243c8008a4b824797ed21e
3,23,22,161.39,37.23,0.0,16.19,8.1,-0.11143866926431656,-0.1976170688867569,88.90203539364163,-9.754207386253155,88.90203539364163,-0.18947368421052882,0.9,0.9,2.518851234188622,37.966289524757514,-37.966289524757514,699.6047586598147,126.80720528531852,614.6742274058242,-720.5430956754788,0.0,0.0,37.966289524757514,614.6742274058242,0.0,181.93,36.02,0.0,0.9,16.44,0.0,0.0,0.0,main_seed0,0,d1c1eb972d85b5605cb5db7c2c6bc30520ef1b725ec02f3d139c77d64d6a78a6,1500,pre_fed,A2C-MADRL,deterministic,bf68ed86bdf84907480c105e060172e6847425043e243c8008a4b824797ed21e
1,24,23,447.3,44.12,0.0,8.87,4.44,0.06687240302562714,0.12102359533309937,106.67728983718607,6.021808538414635,106.67728983718607,-0.02105263157894797,0.1,0.1,3.015524744112142,299.53928753850505,-299.53928753850505,765.372455621461,1052.5389067811634,2656.9134804665396,-2237.412421434582,22.77665058308284,0.0,276.7626369554222,2556.0129183834824,0.0,437.8,37.23,0.0,0.1,16.19,0.0,0.0,0.0,main_seed0,0,d1c1eb972d85b5605cb5db7c2c6bc30520ef1b725ec02f3d139c77d64d6a78a6,1500,pre_fed,A2C-MADRL,deterministic,bf68ed86bdf84907480c105e060172e6847425043e243c8008a4b824797ed21e
2,24,23,119.6,44.12,0.0,8.87,4.44,-0.2834106683731079,-0.2865353524684906,101.35177019756036,-13.94714219467027,101.35177019756036,-0.18947368421052882,0.9,0.9,2.9056459302669966,-22.77665058308284,22.77665058308284,1018.7466327707037,119.10680096398887,202.0288906719448,-669.9411622033186,0.0,22.77665058308284,0.0,-101.12832858888783,0.0,148.0,37.23,0.0,0.9,16.19,22.77665058308284,0.0,0.0,main_seed0,0,d1c1eb972d85b5605cb5db7c2c6bc30520ef1b725ec02f3d139c77d64d6a78a6,1500,pre_fed,A2C-MADRL,deterministic,bf68ed86bdf84907480c105e060172e6847425043e243c8008a4b824797ed21e
3,24,23,134.98,44.12,0.0,8.87,4.44,-0.11056140065193176,-0.1961859166622162,88.98869018297708,-9.68535392550848,88.98869018297708,-0.18947368421052882,0.9,0.9,2.6583843299753314,4.71916783120875,-4.71916783120875,700.2546662776747,126.80720528531852,41.85901866282161,-434.46044511290745,0.0,0.0,4.71916783120875,41.85901866282161,0.0,161.39,37.23,0.0,0.9,16.19,0.0,0.0,0.0,main_seed0,0,d1c1eb972d85b5605cb5db7c2c6bc30520ef1b725ec02f3d139c77d64d6a78a6,1500,pre_fed,A2C-MADRL,deterministic,bf68ed86bdf84907480c105e060172e6847425043e243c8008a4b824797ed21e
1,1,0,457.7,51.48,0.0,8.65,4.33,-0.30821728706359863,-0.5080764293670654,70.11855711235806,-23.422254588196775,70.11855711235806,-23.422254588196775,0.5,0.7215114185878694,1.9635260504832257,361.48722352632194,-361.48722352632194,503.90270429999214,352.44274605439114,3126.864483502685,-1991.604966928534,125.37648489494269,0.0,236.11073863137926,2585.2380687565324,0.0,447.3,44.12,0.0,0.5,8.87,0.0,0.0,0.0,main_seed0,0,d1c1eb972d85b5605cb5db7c2c6bc30520ef1b725ec02f3d139c77d64d6a78a6,1500,pre_fed,TRPO-MADRL,deterministic,f00c62bbd407a32e1eadb30b157b6d1bbf6f74896d4ae15d17ea7760e663e27a
2,1,0,110.5,51.48,0.0,8.65,4.33,-1.452659010887146,-6.303253650665283,14.529563866269175,-49.999664986746915,14.529563866269175,-42.21052631578948,0.5,0.9,0.4759807510095939,87.1769432005299,-87.1769432005299,449.1323452791033,234.45756980609414,754.0805586845837,-718.8352368848905,0.0,0.0,87.1769432005299,754.0805586845837,0.0,119.6,44.12,0.0,0.5,8.87,0.0,0.0,0.0,main_seed0,0,d1c1eb972d85b5605cb5db7c2c6bc30520ef1b725ec02f3d139c77d64d6a78a6,1500,pre_fed,TRPO-MADRL,deterministic,f00c62bbd407a32e1eadb30b157b6d1bbf6f74896d4ae15d17ea7760e663e27a
3,1,0,124.71,51.48,0.0,8.65,4.33,0.7893716096878052,18.742046356201172,165.8052907091252,49.99999999999999,165.8052907091252,37.905,0.5,0.09999999999999992,5.103805814182504,-125.37648489494269,125.37648489494269,1332.4969860778237,906.6071251325,1084.5065943412544,-1661.8053527757893,0.0,125.37648489494269,0.0,-542.8801795951018,0.0,134.98,44.12,0.0,0.5,8.87,125.37648489494269,0.0,0.0,main_seed0,0,d1c1eb972d85b5605cb5db7c2c6bc30520ef1b725ec02f3d139c77d64d6a78a6,1500,pre_fed,TRPO-MADRL,deterministic,f00c62bbd407a32e1eadb30b157b6d1bbf6f74896d4ae15d17ea7760e663e27a
1,2,1,336.5,38.37,0.0,8.11,4.06,-1.4937974214553833,-17.511783599853516,9.59789071881687,-49.999999999999936,9.59789071881687,-18.940168868348046,0.7215114185878694,0.9,0.5805544370093765,308.05283258654055,-308.05283258654055,118.64610291226035,160.4721504101231,2498.3084722768435,-1388.7133627996136,0.0,0.0,308.05283258654055,2498.3084722768435,0.0,457.7,51.48,0.0,0.7215114185878694,8.65,0.0,0.0,0.0,main_seed0,0,d1c1eb972d85b5605cb5db7c2c6bc30520ef1b725ec02f3d139c77d64d6a78a6,1500,pre_fed,TRPO-MADRL,deterministic,f00c62bbd407a32e1eadb30b157b6d1bbf6f74896d4ae15d17ea7760e663e27a
2,2,1,109.85,38.37,0.0,8.11,4.06,-0.7647961974143982,-22.099411010742188,49.85493271211675,-50.0,49.85493271211675,-0.18947368421052882,0.9,0.9,1.7607091805581245,23.57525015265189,-23.57525015265189,667.0659266043688,119.10680096398887,191.1952787380068,-488.68400315318223,0.0,0.0,23.57525015265189,191.1952787380068,0.0,110.5,51.48,0.0,0.9,8.65,0.0,0.0,0.0,main_seed0,0,d1c1eb972d85b5605cb5db7c2c6bc30520ef1b725ec02f3d139c77d64d6a78a6,1500,pre_fed,TRPO-MADRL,deterministic,f00c62bbd407a32e1eadb30b157b6d1bbf6f74896d4ae15d17ea7760e663e27a
3,2,1,123.98,38.37,0.0,8.11,4.06,-0.16531282663345337,22.713550567626953,83.61767997444444,50.0,83.61767997444444,-0.021052631578956735,0.09999999999999992,0.1,2.4393325468573095,4.45270520399184,-4.45270520399184,660.241926492454,1127.9733287202218,36.11143920437382,-912.1633472085248,0.0,0.0,4.45270520399184,36.11143920437382,0.0,124.71,51.48,0.0,0.09999999999999992,8.65,0.0,0.0,0.0,main_seed0,0,d1c1eb972d85b5605cb5db7c2c6bc30520ef1b725ec02f3d139c77d64d6a78a6,1500,pre_fed,TRPO-MADRL,deterministic,f00c62bbd407a32e1eadb30b157b6d1bbf6f74896d4ae15d17ea7760e663e27a
1,3,2,274.9,43.56,0.0,8.25,4.13,-1.2575486898422241,-20.344398498535156,14.961310319833066,-50.0,14.961310319833066,-0.18947368421052882,0.9,0.9,1.166636732712451,217.73480009708987,-217.73480009708987,150.3918055619845,111.40639664265923,1796.3121008009914,-1029.0551515028176,0.0,0.0,217.73480009708987,1796.3121008009914,0.0,336.5,38.37,0.0,0.9,8.11,0.0,0.0,0.0,main_seed0,0,d1c1eb972d85b5605cb5db7c2c6bc30520ef1b725ec02f3d139c77d64d6a78a6,1500,pre_fed,TRPO-MADRL,deterministic,f00c62bbd407a32e1eadb30b157b6d1bbf6f74896d4ae15d17ea7760e663e27a
2,3,2,112.45,43.56,0.0,8.25,4.13,-0.6468891501426697,-22.18338966369629,60.25991465294043,-50.0,60.25991465294043,-0.18947368421052882,0.9,0.9,2.072608819374598,10.892167850644682,-10.892167850644682,734.873870814947,119.10680096398887,89.86038476781863,-471.9205282733773,0.0,0.0,10.892167850644682,89.86038476781863,0.0,109.85,38.37,0.0,0.9,8.11,0.0,0.0,0.0,main_seed0,0,d1c1eb972d85b5605cb5db7c2c6bc30520ef1b725ec02f3d139c77d64d6a78a6,1500,pre_fed,TRPO-MADRL,deterministic,f00c62bbd407a32e1eadb30b157b6d1bbf6f74896d4ae15d17ea7760e663e27a
3,3,2,126.91,43.56,0.0,8.25,4.13,-0.30081337690353394,22.66054344177246,70.79432127741435,50.0,70.79432127741435,-0.02105263157894797,0.1,0.1,2.286665372916708,14.863396727081295,-14.863396727081295,566.9274479105102,1127.9733287202216,122.62302299842068,-908.7618998145763,0.0,0.0,14.863396727081295,122.62302299842068,0.0,123.98,38.37,0.0,0.1,8.11,0.0,0.0,0.0,main_seed0,0,d1c1eb972d85b5605cb5db7c2c6bc30520ef1b725ec02f3d139c77d64d6a78a6,1500,pre_fed,TRPO-MADRL,deterministic,f00c62bbd407a32e1eadb30b157b6d1bbf6f74896d4ae15d17ea7760e663e27a
1,4,3,272.6,40.75,0.0,8.1,4.05,-1.2400035858154297,-20.36077880859375,15.454338158451986,-50.0,15.454338158451986,-0.18947368421052882,0.9,0.9,1.1202972894848293,217.7054328152434,-217.7054328152434,153.33339046646321,111.40639664265923,1763.4140058034714,-1014.0768964562969,0.0,0.0,217.7054328152434,1763.4140058034714,0.0,274.9,43.56,0.0,0.9,8.25,0.0,0.0,0.0,main_seed0,0,d1c1eb972d85b5605cb5db7c2c6bc30520ef1b725ec02f3d139c77d64d6a78a6,1500,pre_fed,TRPO-MADRL,deterministic,f00c62bbd407a32e1eadb30b157b6d1bbf6f74896d4ae15d17ea7760e663e27a
2,4,3,110.5,40.75,0.0,8.1,4.05,-0.6747103929519653,-22.163097381591797,57.670223057929526,-50.0,57.670223057929526,-0.18947368421052882,0.9,0.9,1.96461498747438,14.233865613755384,-14.233865613755384,717.8433621384299,119.10680096398887,115.29431147141861,-476.12223728691873,0.0,0.0,14.233865613755384,115.29431147141861,0.0,112.45,43.56,0.0,0.9,8.25,0.0,0.0,0.0,main_seed0,0,d1c1eb972d85b5605cb5db7c2c6bc30520ef1b725ec02f3d139c77d64d6a78a6,1500,pre_fed,TRPO-MADRL,deterministic,f00c62bbd407a32e1eadb30b157b6d1bbf6f74896d4ae15d17ea7760e663e27a
3,4,3,124.71,40.75,0.0,8.1,4.05,-0.2400175929069519,22.672409057617188,76.44876332951954,50.0,76.44876332951954,-0.02105263157894797,0.1,0.1,2.3435542139588117,9.875843516018222,-9.875843516018222,607.6892423833309,1127.9733287202216,79.9943324797476,-907.8284517916501,0.0,0.0,9.875843516018222,79.9943324797476,0.0,126.91,43.56,0.0,0.1,8.25,0.0,0.0,0.0,main_seed0,0,d1c1eb972d85b5605cb5db7c2c6bc30520ef1b725ec02f3d139c77d64d6a78a6,1500,pre_fed,TRPO-MADRL,deterministic,f00c62bbd407a32e1eadb30b157b6d1bbf6f74896d4ae15d17ea7760e663e27a
1,5,4,245.3,27.74,0.0,8.14,4.07,-1.2360050678253174,-20.384462356567383,15.568763346564218,-50.0,15.568763346564218,-0.18947368421052882,0.9,0.9,0.8623857932470739,203.0430961308934,-203.0430961308934,154.01665611869203,111.40639664265923,1652.7708025054724,-959.0969276334118,0.0,0.0,203.0430961308934,1652.7708025054724,0.0,272.6,40.75,0.0,0.9,8.1,0.0,0.0,0.0,main_seed0,0,d1c1eb972d85b5605cb5db7c2c6bc30520ef1b725ec02f3d139c77d64d6a78a6,1500,pre_fed,TRPO-MADRL,deterministic,f00c62bbd407a32e1eadb30b157b6d1bbf6f74896d4ae15d17ea7760e663e27a
2,5,4,113.75,27.74,0.0,8.14,4.07,-0.6634580492973328,-22.16917610168457,58.70758213694664,-50.0,58.70758213694664,-0.18947368421052882,0.9,0.9,1.7251621690547223,29.217053716318617,-29.217053716318617,724.6530760606411,119.10680096398887,237.82681725083356,-540.7933471377318,0.0,0.0,29.217053716318617,237.82681725083356,0.0,110.5,40.75,0.0,0.9,8.1,0.0,0.0,0.0,main_seed0,0,d1c1eb972d85b5605cb5db7c2c6bc30520ef1b725ec02f3d139c77d64d6a78a6,1500,pre_fed,TRPO-MADRL,deterministic,f00c62bbd407a32e1eadb30b157b6d1bbf6f74896d4ae15d17ea7760e663e27a
3,5,4,128.38,27.74,0.0,8.14,4.07,-0.2738369107246399,22.65498161315918,73.28085367955342,50.0,73.28085367955342,-0.02105263157894797,0.1,0.1,2.019996020959489,29.40019497298502,-29.40019497298502,584.7775532802444,1127.9733287202216,239.31758708009806,-976.034234540282,0.0,0.0,29.40019497298502,239.31758708009806,0.0,124.71,40.75,0.0,0.1,8.1,0.0,0.0,0.0,main_seed0,0,d1c1eb972d85b5605cb5db7c2c6bc30520ef1b725ec02f3d139c77d64d6a78a6,1500,pre_fed,TRPO-MADRL,deterministic,f00c62bbd407a32e1eadb30b157b6d1bbf6f74896d4ae15d17ea7760e663e27a
1,6,5,233.7,30.15,0.0,8.13,4.07,-1.2077850103378296,-20.477535247802734,16.398616821702195,-50.0,16.398616821702195,-0.18947368421052882,0.9,0.9,0.9271828627498334,188.26803972525815,-188.26803972525815,158.97829675282316,111.40639664265923,1530.619162966349,-900.5019281809157,0.0,0.0,188.26803972525815,1530.619162966349,0.0,245.3,27.74,0.0,0.9,8.14,0.0,0.0,0.0,main_seed0,0,d1c1eb972d85b5605cb5db7c2c6bc30520ef1b725ec02f3d139c77d64d6a78a6,1500,pre_fed,TRPO-MADRL,deterministic,f00c62bbd407a32e1eadb30b157b6d1bbf6f74896d4ae15d17ea7760e663e27a
2,6,5,120.25,30.15,0.0,8.13,4.07,-0.5249708890914917,-22.282461166381836,72.58615872522225,-50.0,72.58615872522225,-0.18947368421052882,0.9,0.9,2.0509337008202344,19.75424865980851,-19.75424865980851,817.3318848917343,119.10680096398887,160.6020416042432,-548.5203637299832,0.0,0.0,19.75424865980851,160.6020416042432,0.0,113.75,27.74,0.0,0.9,8.14,0.0,0.0,0.0,main_seed0,0,d1c1eb972d85b5605cb5db7c2c6bc30520ef1b725ec02f3d139c77d64d6a78a6,1500,pre_fed,TRPO-MADRL,deterministic,f00c62bbd407a32e1eadb30b157b6d1bbf6f74896d4ae15d17ea7760e663e27a
3,6,5,135.43,30.15,0.0,8.13,4.07,-0.44805389642715454,22.712257385253906,57.97020067837679,50.0,57.97020067837679,-0.02105263157894797,0.1,0.1,1.7619829609359567,49.09283491413812,-49.09283491413812,476.7320355249363,1127.9733287202216,399.12474785194297,-1001.9150560485505,0.0,0.0,49.09283491413812,399.12474785194297,0.0,128.38,27.74,0.0,0.1,8.14,0.0,0.0,0.0,main_seed0,0,d1c1eb972d85b5605cb5db7c2c6bc30520ef1b725ec02f3d139c77d64d6a78a6,1500,pre_fed,TRPO-MADRL,deterministic,f00c62bbd407a32e1eadb30b157b6d1bbf6f74896d4ae15d17ea7760e663e27a
1,7,6,274.6,28.65,0.16,8.34,4.17,-1.206559181213379,-20.47369384765625,16.435562035327177,-50.0,16.435562035327177,-0.18947368421052882,0.9,0.9,0.9011217670223328,230.4450334159057,-230.4450334159057,159.19944920734986,111.40639664265923,1921.9115786886534,-1096.2587122693312,0.0,0.0,230.4450334159057,1921.9115786886534,0.0,233.7,30.15,0.0,0.9,8.13,0.0,0.0,0.0,main_seed0,0,d1c1eb972d85b5605cb5db7c2c6bc30520ef1b725ec02f3d139c77d64d6a78a6,1500,pre_fed,TRPO-MADRL,deterministic,f00c62bbd407a32e1eadb30b157b6d1bbf6f74896d4ae15d17ea7760e663e27a
2,7,6,130.0,28.65,0.16,8.34,4.17,-0.49792012572288513,-22.302074432373047,75.53281770400909,-50.0,75.53281770400909,-0.18947368421052882,0.9,0.9,2.0830668803959713,27.92972286059741,-27.92972286059741,837.3859743411053,119.10680096398887,232.93388865738237,-594.7133319812383,0.0,0.0,27.92972286059741,232.93388865738237,0.0,120.25,30.15,0.0,0.9,8.13,0.0,0.0,0.0,main_seed0,0,d1c1eb972d85b5605cb5db7c2c6bc30520ef1b725ec02f3d139c77d64d6a78a6,1500,pre_fed,TRPO-MADRL,deterministic,f00c62bbd407a32e1eadb30b157b6d1bbf6f74896d4ae15d17ea7760e663e27a
3,7,6,146.72,28.65,0.16,8.34,4.17,-0.3981747031211853,22.704511642456055,62.16139147006058,50.0,62.16139147006058,-0.02105263157894797,0.1,0.1,1.8190067767696325,57.588667938288,-57.588667938288,505.86605104124607,1127.9733287202216,480.2894906053219,-1057.0644351833948,0.0,0.0,57.588667938288,480.2894906053219,0.0,135.43,30.15,0.0,0.1,8.13,0.0,0.0,0.0,main_seed0,0,d1c1eb972d85b5605cb5db7c2c6bc30520ef1b725ec02f3d139c77d64d6a78a6,1500,pre_fed,TRPO-MADRL,deterministic,f00c62bbd407a32e1eadb30b157b6d1bbf6f74896d4ae15d17ea7760e663e27a
1,8,7,291.0,23.38,1.77,9.35,4.68,-1.2180099487304688,-20.448963165283203,16.09338331510537,-50.0,16.09338331510537,-0.18947368421052882,0.9,0.9,0.8210781926178968,250.76716856172305,-250.76716856172305,157.1520281532707,111.40639664265923,2344.6730260521103,-1306.6157254240202,0.0,0.0,250.76716856172305,2344.6730260521103,0.0,274.6,28.65,0.16,0.9,8.34,0.0,0.0,0.0,main_seed0,0,d1c1eb972d85b5605cb5db7c2c6bc30520ef1b725ec02f3d139c77d64d6a78a6,1500,pre_fed,TRPO-MADRL,deterministic,f00c62bbd407a32e1eadb30b157b6d1bbf6f74896d4ae15d17ea7760e663e27a
2,8,7,157.95,23.38,1.77,9.35,4.68,-0.4166070818901062,-22.373016357421875,84.83044678602437,-50.0,84.83044678602437,-0.18947368421052882,0.9,0.9,2.1958194620362765,50.35484636022244,-50.35484636022244,901.5280934791839,119.10680096398887,470.8178134680798,-745.7263539556263,0.0,0.0,50.35484636022244,470.8178134680798,0.0,130.0,28.65,0.16,0.9,8.34,0.0,0.0,0.0,main_seed0,0,d1c1eb972d85b5605cb5db7c2c6bc30520ef1b725ec02f3d139c77d64d6a78a6,1500,pre_fed,TRPO-MADRL,deterministic,f00c62bbd407a32e1eadb30b157b6d1bbf6f74896d4ae15d17ea7760e663e27a
3,8,7,178.26,23.38,1.77,9.35,4.68,-0.40352171659469604,22.75779914855957,61.70417595062556,50.0,61.70417595062556,-0.02105263157894797,0.1,0.1,1.7366624663809322,93.16353914733432,-93.16353914733432,502.6716129057192,1127.9733287202216,871.0790910275758,-1250.8620163267583,0.0,0.0,93.16353914733432,871.0790910275758,0.0,146.72,28.65,0.16,0.1,8.34,0.0,0.0,0.0,main_seed0,0,d1c1eb972d85b5605cb5db7c2c6bc30520ef1b725ec02f3d139c77d64d6a78a6,1500,pre_fed,TRPO-MADRL,deterministic,f00c62bbd407a32e1eadb30b157b6d1bbf6f74896d4ae15d17ea7760e663e27a
1,9,8,315.7,21.75,5.3,12.0,6.0,-1.2003148794174194,-20.452693939208984,16.624937367744508,-50.0,16.624937367744508,-0.18947368421052882,0.9,0.9,0.8697092736706796,273.0842455901367,-273.0842455901367,160.33338893759816,111.40639664265923,3277.01094708164,-1774.3753663309487,0.0,0.0,273.0842455901367,3277.01094708164,0.0,291.0,23.38,1.77,0.9,9.35,0.0,0.0,0.0,main_seed0,0,d1c1eb972d85b5605cb5db7c2c6bc30520ef1b725ec02f3d139c77d64d6a78a6,1500,pre_fed,TRPO-MADRL,deterministic,f00c62bbd407a32e1eadb30b157b6d1bbf6f74896d4ae15d17ea7760e663e27a
2,9,8,165.1,21.75,5.3,12.0,6.0,-0.19399559497833252,-22.594215393066406,113.17627277931328,-50.0,113.17627277931328,-0.18947368421052882,0.9,0.9,2.800735981902055,27.86393688679928,-27.86393688679928,1105.1886316601526,119.10680096398887,334.36724264159136,-779.3313376328665,0.0,0.0,27.86393688679928,334.36724264159136,0.0,157.95,23.38,1.77,0.9,9.35,0.0,0.0,0.0,main_seed0,0,d1c1eb972d85b5605cb5db7c2c6bc30520ef1b725ec02f3d139c77d64d6a78a6,1500,pre_fed,TRPO-MADRL,deterministic,f00c62bbd407a32e1eadb30b157b6d1bbf6f74896d4ae15d17ea7760e663e27a
3,9,8,186.33,21.75,5.3,12.0,6.0,-0.4339178800582886,23.0170955657959,59.14096695346165,50.0,59.14096695346165,-0.02105263157894797,0.1,0.1,1.723398286437654,101.88348396455497,-101.88348396455497,484.8367307354214,1127.9733287202216,1222.6018075746597,-1417.7059335151514,0.0,0.0,101.88348396455497,1222.6018075746597,0.0,178.26,23.38,1.77,0.1,9.35,0.0,0.0,0.0,main_seed0,0,d1c1eb972d85b5605cb5db7c2c6bc30520ef1b725ec02f3d139c77d64d6a78a6,1500,pre_fed,TRPO-MADRL,deterministic,f00c62bbd407a32e1eadb30b157b6d1bbf6f74896d4ae15d17ea7760e663e27a
1,10,9,362.4,34.82,11.6,9.19,4.6,-1.1688770055770874,-20.407730102539062,17.60881674290783,-50.0,17.60881674290783,-0.18947368421052882,0.9,0.9,1.276786861173946,299.8374438024766,-299.8374438024766,166.2340022288238,111.40639664265923,2755.50610854476,-1516.5732537081217,0.0,0.0,299.8374438024766,2755.50610854476,0.0,315.7,21.75,5.3,0.9,12.0,0.0,0.0,0.0,main_seed0,0,d1c1eb972d85b5605cb5db7c2c6bc30520ef1b725ec02f3d139c77d64d6a78a6,1500,pre_fed,TRPO-MADRL,deterministic,f00c62bbd407a32e1eadb30b157b6d1bbf6f74896d4ae15d17ea7760e663e27a
2,10,9,169.0,34.82,11.6,9.19,4.6,-0.1644560992717743,-22.734800338745117,117.18149114709114,-50.0,117.18149114709114,-0.18947368421052882,0.9,0.9,3.268240349257612,8.856222886376997,-8.856222886376997,1134.9502839081417,119.10680096398887,81.38868832580461,-667.7228865989676,0.0,0.0,8.856222886376997,81.38868832580461,0.0,165.1,21.75,5.3,0.9,12.0,0.0,0.0,0.0,main_seed0,0,d1c1eb972d85b5605cb5db7c2c6bc30520ef1b725ec02f3d139c77d64d6a78a6,1500,pre_fed,TRPO-MADRL,deterministic,f00c62bbd407a32e1eadb30b157b6d1bbf6f74896d4ae15d17ea7760e663e27a
3,10,9,190.73,34.82,11.6,9.19,4.6,-0.44412440061569214,23.561922073364258,58.2942691078406,50.0,58.2942691078406,-0.02105263157894797,0.1,0.1,2.093864329525233,88.13064785326358,-88.13064785326358,478.97281071931855,1127.9733287202216,809.9206537714923,-1208.4333966055162,0.0,0.0,88.13064785326358,809.9206537714923,0.0,186.33,21.75,5.3,0.1,12.0,0.0,0.0,0.0,main_seed0,0,d1c1eb972d85b5605cb5db7c2c6bc30520ef1b725ec02f3d139c77d64d6a78a6,1500,pre_fed,TRPO-MADRL,deterministic,f00c62bbd407a32e1eadb30b157b6d1bbf6f74896d4ae15d17ea7760e663e27a
1,11,10,320.0,27.17,36.64,12.3,6.15,-1.1702237129211426,-20.388174057006836,17.56561260252082,-50.0,17.56561260252082,-0.18947368421052882,0.9,0.9,1.6237227783662058,240.4375838600559,-240.4375838600559,165.97456512984397,111.40639664265923,2957.3822814786877,-1617.3816216255955,0.0,0.0,240.4375838600559,2957.3822814786877,0.0,362.4,34.82,11.6,0.9,9.19,0.0,0.0,0.0,main_seed0,0,d1c1eb972d85b5605cb5db7c2c6bc30520ef1b725ec02f3d139c77d64d6a78a6,1500,pre_fed,TRPO-MADRL,deterministic,f00c62bbd407a32e1eadb30b157b6d1bbf6f74896d4ae15d17ea7760e663e27a
2,11,10,173.55,27.17,36.64,12.3,6.15,-0.21047061681747437,-22.721660614013672,110.9616320807418,-50.0,110.9616320807418,-0.18947368421052882,0.9,0.9,3.491643167930625,2.4594847713993886,-2.4594847713993886,1088.8369470531798,119.10680096398887,30.25166268821248,-619.0977053526906,0.0,0.0,2.4594847713993886,30.25166268821248,0.0,169.0,34.82,11.6,0.9,9.19,0.0,0.0,0.0,main_seed0,0,d1c1eb972d85b5605cb5db7c2c6bc30520ef1b725ec02f3d139c77d64d6a78a6,1500,pre_fed,TRPO-MADRL,deterministic,f00c62bbd407a32e1eadb30b157b6d1bbf6f74896d4ae15d17ea7760e663e27a
3,11,10,195.87,27.17,36.64,12.3,6.15,-0.057728469371795654,23.158964157104492,94.23355734324514,50.0,94.23355734324514,-0.02105263157894797,0.1,0.1,3.160450094233324,41.00794538256713,-41.00794538256713,739.8566197950996,1127.9733287202216,504.39772820557573,-1186.1138383604484,0.0,0.0,41.00794538256713,504.39772820557573,0.0,190.73,34.82,11.6,0.1,9.19,0.0,0.0,0.0,main_seed0,0,d1c1eb972d85b5605cb5db7c2c6bc30520ef1b725ec02f3d139c77d64d6a78a6,1500,pre_fed,TRPO-MADRL,deterministic,f00c62bbd407a32e1eadb30b157b6d1bbf6f74896d4ae15d17ea7760e663e27a
1,12,11,350.0,30.2,42.68,20.7,10.35,-0.9708985090255737,-20.482784271240234,25.090113607073828,-50.0,25.090113607073828,-0.18947368421052882,0.9,0.9,1.955612798457266,254.17497287559397,-254.17497287559397,211.61451161907084,111.40639664265923,5261.421938524795,-2792.2214233932627,15.784130105715263,0.0,238.3908427698787,5098.056191930642,0.0,320.0,27.17,36.64,0.9,12.3,0.0,0.0,0.0,main_seed0,0,d1c1eb972d85b5605cb5db7c2c6bc30520ef1b725ec02f3d139c77d64d6a78a6,1500,pre_fed,TRPO-MADRL,deterministic,f00c62bbd407a32e1eadb30b157b6d1bbf6f74896d4ae15d17ea7760e663e27a
2,12,11,168.35,30.2,42.68,20.7,10.35,-0.17902079224586487,-23.114778518676758,115.20144317983834,-50.0,115.20144317983834,-0.18947368421052882,0.9,0.9,3.7578393899125566,-15.784130105715263,15.784130105715263,1120.206628342935,119.10680096398887,326.73149318830593,-783.0224612476148,0.0,15.784130105715263,0.0,-163.36574659415297,0.0,173.55,27.17,36.64,0.9,12.3,15.784130105715263,0.0,0.0,main_seed0,0,d1c1eb972d85b5605cb5db7c2c6bc30520ef1b725ec02f3d139c77d64d6a78a6,1500,pre_fed,TRPO-MADRL,deterministic,f00c62bbd407a32e1eadb30b157b6d1bbf6f74896d4ae15d17ea7760e663e27a
3,12,11,190.0,30.2,42.68,20.7,10.35,0.19836512207984924,24.38117218017578,119.58036265107408,50.0,119.58036265107408,-0.02105263157894797,0.1,0.1,3.848786200389903,1.4094761808947567,-1.4094761808947567,938.6068067544832,1127.9733287202216,29.176156944521463,-1047.878146209613,0.0,0.0,1.4094761808947567,29.176156944521463,0.0,195.87,27.17,36.64,0.1,12.3,0.0,0.0,0.0,main_seed0,0,d1c1eb972d85b5605cb5db7c2c6bc30520ef1b725ec02f3d139c77d64d6a78a6,1500,pre_fed,TRPO-MADRL,deterministic,f00c62bbd407a32e1eadb30b157b6d1bbf6f74896d4ae15d17ea7760e663e27a
1,13,12,345.2,23.52,35.22,26.82,13.41,-0.8993467092514038,-20.308475494384766,28.402037728722675,-50.0,28.402037728722675,-0.18947368421052882,0.9,0.9,1.739051280890243,259.9864872363781,-259.9864872363781,231.99372936015837,111.40639664265923,6972.83758767966,-3658.118856841239,0.0,0.0,259.9864872363781,6972.83758767966,0.0,350.0,30.2,42.68,0.9,20.7,0.0,0.0,0.0,main_seed0,0,d1c1eb972d85b5605cb5db7c2c6bc30520ef1b725ec02f3d139c77d64d6a78a6,1500,pre_fed,TRPO-MADRL,deterministic,f00c62bbd407a32e1eadb30b157b6d1bbf6f74896d4ae15d17ea7760e663e27a
2,13,12,168.35,23.52,35.22,26.82,13.41,-0.2740284204483032,-23.233261108398438,102.56829916163748,-50.0,102.56829916163748,-0.18947368421052882,0.9,0.9,3.222376509548539,10.453551032121567,-10.453551032121567,1027.5418847842257,119.10680096398887,280.3642386815004,-713.5064622148575,0.0,0.0,10.453551032121567,280.3642386815004,0.0,168.35,30.2,42.68,0.9,20.7,0.0,0.0,0.0,main_seed0,0,d1c1eb972d85b5605cb5db7c2c6bc30520ef1b725ec02f3d139c77d64d6a78a6,1500,pre_fed,TRPO-MADRL,deterministic,f00c62bbd407a32e1eadb30b157b6d1bbf6f74896d4ae15d17ea7760e663e27a
3,13,12,190.0,23.52,35.22,26.82,13.41,0.23988191783428192,25.855079650878906,123.53842129017411,50.0,123.53842129017411,-0.02105263157894797,0.1,0.1,3.6451473731719033,11.38777871457674,-11.38777871457674,970.7447722771626,1127.9733287202216,305.42022512494816,-1202.0691630611661,0.0,0.0,11.38777871457674,305.42022512494816,0.0,190.0,30.2,42.68,0.1,20.7,0.0,0.0,0.0,main_seed0,0,d1c1eb972d85b5605cb5db7c2c6bc30520ef1b725ec02f3d139c77d64d6a78a6,1500,pre_fed,TRPO-MADRL,deterministic,f00c62bbd407a32e1eadb30b157b6d1bbf6f74896d4ae15d17ea7760e663e27a
1,14,13,320.6,39.48,35.46,27.35,13.68,-0.9017511606216431,-20.178001403808594,28.285052837112257,-50.0,28.285052837112257,-0.18947368421052882,0.9,0.9,2.0607115830580347,219.62513243015633,-219.62513243015633,231.2708603616678,111.40639664265923,6006.747371964776,-3174.7123144845514,6.456813527570574,0.0,213.16831890258575,5918.482731042886,0.0,345.2,23.52,35.22,0.9,26.82,0.0,0.0,0.0,main_seed0,0,d1c1eb972d85b5605cb5db7c2c6bc30520ef1b725ec02f3d139c77d64d6a78a6,1500,pre_fed,TRPO-MADRL,deterministic,f00c62bbd407a32e1eadb30b157b6d1bbf6f74896d4ae15d17ea7760e663e27a
2,14,13,165.75,39.48,35.46,27.35,13.68,-0.2863594591617584,-23.24799156188965,100.9707119776499,-50.0,100.9707119776499,-0.18947368421052882,0.9,0.9,3.5144247658687875,-6.456813527570574,6.456813527570574,1015.9962875803302,119.10680096398887,176.59384997905522,-655.8484692616871,0.0,6.456813527570574,0.0,-88.32920905716546,0.0,168.35,23.52,35.22,0.9,26.82,6.456813527570574,0.0,0.0,main_seed0,0,d1c1eb972d85b5605cb5db7c2c6bc30520ef1b725ec02f3d139c77d64d6a78a6,1500,pre_fed,TRPO-MADRL,deterministic,f00c62bbd407a32e1eadb30b157b6d1bbf6f74896d4ae15d17ea7760e663e27a
3,14,13,187.07,39.48,35.46,27.35,13.68,-0.024138450622558594,26.570085525512695,97.58662364935265,50.0,97.58662364935265,-0.02105263157894797,0.1,0.1,3.4501114203554737,18.014540402581787,-18.014540402581787,765.4481999979025,1127.9733287202216,492.6976800106119,-1193.059604364368,0.0,0.0,18.014540402581787,492.6976800106119,0.0,190.0,23.52,35.22,0.1,26.82,0.0,0.0,0.0,main_seed0,0,d1c1eb972d85b5605cb5db7c2c6bc30520ef1b725ec02f3d139c77d64d6a78a6,1500,pre_fed,TRPO-MADRL,deterministic,f00c62bbd407a32e1eadb30b157b6d1bbf6f74896d4ae15d17ea7760e663e27a
1,15,14,333.2,35.74,34.83,13.81,6.91,-0.892591118812561,-20.05807876586914,28.73288230569636,-50.0,28.73288230569636,-0.18947368421052882,0.9,0.9,1.9822681724297166,236.06885955094387,-236.06885955094387,234.03927284588644,111.40639664265923,3260.110950398535,-1802.7783099435403,4.018919734988799,0.0,232.04993981595507,3232.380404227112,0.0,320.6,39.48,35.46,0.9,27.35,0.0,0.0,0.0,main_seed0,0,d1c1eb972d85b5605cb5db7c2c6bc30520ef1b725ec02f3d139c77d64d6a78a6,1500,pre_fed,TRPO-MADRL,deterministic,f00c62bbd407a32e1eadb30b157b6d1bbf6f74896d4ae15d17ea7760e663e27a
2,15,14,170.3,35.74,34.83,13.81,6.91,-0.36207079887390137,-23.19245719909668,91.41485574881392,-50.0,91.41485574881392,-0.18947368421052882,0.9,0.9,3.235907641292068,11.740525576688697,-11.740525576688697,947.7471171252441,119.10680096398887,162.1366582140709,-614.495288151652,0.0,0.0,11.740525576688697,162.1366582140709,0.0,165.75,39.48,35.46,0.9,27.35,0.0,0.0,0.0,main_seed0,0,d1c1eb972d85b5605cb5db7c2c6bc30520ef1b725ec02f3d139c77d64d6a78a6,1500,pre_fed,TRPO-MADRL,deterministic,f00c62bbd407a32e1eadb30b157b6d1bbf6f74896d4ae15d17ea7760e663e27a
3,15,14,192.2,35.74,34.83,13.81,6.91,0.30594584345817566,26.46784019470215,129.6744401162614,50.0,129.6744401162614,-0.02105263157894797,0.1,0.1,4.0044677496936485,-4.018919734988799,4.018919734988799,1021.1553710604044,1127.9733287202216,55.501281540195315,-1102.3149906604106,0.0,4.018919734988799,0.0,-27.770735368772602,0.0,187.07,39.48,35.46,0.1,27.35,4.018919734988799,0.0,0.0,main_seed0,0,d1c1eb972d85b5605cb5db7c2c6bc30520ef1b725ec02f3d139c77d64d6a78a6,1500,pre_fed,TRPO-MADRL,deterministic,f00c62bbd407a32e1eadb30b157b6d1bbf6f74896d4ae15d17ea7760e663e27a
1,16,15,316.8,18.06,23.62,17.31,8.66,-0.9834346771240234,-20.405017852783203,24.54510934360946,-50.0,24.54510934360946,-0.18947368421052882,0.9,0.9,1.3207127131879788,252.08507705378906,-252.08507705378906,208.27797082623303,111.40639664265923,4363.592683801088,-2341.6385256349904,0.0,0.0,252.08507705378906,4363.592683801088,0.0,333.2,35.74,34.83,0.9,13.81,0.0,0.0,0.0,main_seed0,0,d1c1eb972d85b5605cb5db7c2c6bc30520ef1b725ec02f3d139c77d64d6a78a6,1500,pre_fed,TRPO-MADRL,deterministic,f00c62bbd407a32e1eadb30b157b6d1bbf6f74896d4ae15d17ea7760e663e27a
2,16,15,172.25,18.06,23.62,17.31,8.66,-0.24734905362129211,-23.069236755371094,106.06048315621261,-50.0,106.06048315621261,-0.18947368421052882,0.9,0.9,2.9510201894400416,27.650010717437965,-27.650010717437965,1052.91462259099,119.10680096398887,478.62168551885117,-825.321554536915,0.0,0.0,27.650010717437965,478.62168551885117,0.0,170.3,35.74,34.83,0.9,13.81,0.0,0.0,0.0,main_seed0,0,d1c1eb972d85b5605cb5db7c2c6bc30520ef1b725ec02f3d139c77d64d6a78a6,1500,pre_fed,TRPO-MADRL,deterministic,f00c62bbd407a32e1eadb30b157b6d1bbf6f74896d4ae15d17ea7760e663e27a
3,16,15,194.4,18.06,23.62,17.31,8.66,0.37668126821517944,24.440519332885742,135.98218743406397,50.0,135.98218743406397,-0.02105263157894797,0.1,0.1,3.5528226960497005,20.31168789356468,-20.31168789356468,1073.7224843357642,1127.9733287202216,351.5953174376046,-1276.6455652467953,0.0,0.0,20.31168789356468,351.5953174376046,0.0,192.2,35.74,34.83,0.1,13.81,0.0,0.0,0.0,main_seed0,0,d1c1eb972d85b5605cb5db7c2c6bc30520ef1b725ec02f3d139c77d64d6a78a6,1500,pre_fed,TRPO-MADRL,deterministic,f00c62bbd407a32e1eadb30b157b6d1bbf6f74896d4ae15d17ea7760e663e27a
1,17,16,291.3,24.27,14.18,16.42,8.21,-1.014425277709961,-20.39972686767578,23.241384252237918,-50.0,23.241384252237918,-0.18947368421052882,0.9,0.9,1.230038211360548,231.02812764333316,-231.02812764333316,200.31602965267828,111.40639664265923,3793.481855903531,-2052.6021410994344,0.0,0.0,231.02812764333316,3793.481855903531,0.0,316.8,18.06,23.62,0.9,17.31,0.0,0.0,0.0,main_seed0,0,d1c1eb972d85b5605cb5db7c2c6bc30520ef1b725ec02f3d139c77d64d6a78a6,1500,pre_fed,TRPO-MADRL,deterministic,f00c62bbd407a32e1eadb30b157b6d1bbf6f74896d4ae15d17ea7760e663e27a
2,17,16,165.75,24.27,14.18,16.42,8.21,-0.1689566969871521,-23.074390411376953,116.56859969682685,-50.0,116.56859969682685,-0.18947368421052882,0.9,0.9,3.0965825202523267,14.017456507635984,-14.017456507635984,1130.3802583860975,119.10680096398887,230.16663585538288,-739.8268476027347,0.0,0.0,14.017456507635984,230.16663585538288,0.0,172.25,18.06,23.62,0.9,17.31,0.0,0.0,0.0,main_seed0,0,d1c1eb972d85b5605cb5db7c2c6bc30520ef1b725ec02f3d139c77d64d6a78a6,1500,pre_fed,TRPO-MADRL,deterministic,f00c62bbd407a32e1eadb30b157b6d1bbf6f74896d4ae15d17ea7760e663e27a
3,17,16,187.07,24.27,14.18,16.42,8.21,-0.38679778575897217,25.02325439453125,63.14036513507394,50.0,63.14036513507394,-0.02105263157894797,0.1,0.1,2.0313862500699,87.53207374657491,-87.53207374657491,512.719225673989,1127.9733287202216,1437.2766509187602,-1538.9846026564855,0.0,0.0,87.53207374657491,1437.2766509187602,0.0,194.4,18.06,23.62,0.1,17.31,0.0,0.0,0.0,main_seed0,0,d1c1eb972d85b5605cb5db7c2c6bc30520ef1b725ec02f3d139c77d64d6a78a6,1500,pre_fed,TRPO-MADRL,deterministic,f00c62bbd407a32e1eadb30b157b6d1bbf6f74896d4ae15d17ea7760e663e27a
1,18,17,413.8,26.26,4.67,9.83,4.92,-1.0774341821670532,-20.363662719726562,20.775433680676002,-50.0,20.775433680676002,-0.18947368421052882,0.9,0.9,1.0303191999293098,363.3143592034638,-363.3143592034638,185.3315916748901,111.40639664265923,3571.3801509700493,-1934.0590696437994,0.0,0.0,363.3143592034638,3571.3801509700493,0.0,291.3,24.27,14.18,0.9,16.42,0.0,0.0,0.0,main_seed0,0,d1c1eb972d85b5605cb5db7c2c6bc30520ef1b725ec02f3d139c77d64d6a78a6,1500,pre_fed,TRPO-MADRL,deterministic,f00c62bbd407a32e1eadb30b157b6d1bbf6f74896d4ae15d17ea7760e663e27a
2,18,17,164.25,26.26,4.67,9.83,4.92,-0.22120365500450134,-22.907421112060547,109.52690145499194,-50.0,109.52690145499194,-0.18947368421052882,0.9,0.9,2.805348555415628,26.787920784634224,-26.787920784634224,1078.2834805460739,119.10680096398887,263.3252613129544,-730.3577714115086,0.0,0.0,26.787920784634224,263.3252613129544,0.0,165.75,24.27,14.18,0.9,16.42,0.0,0.0,0.0,main_seed0,0,d1c1eb972d85b5605cb5db7c2c6bc30520ef1b725ec02f3d139c77d64d6a78a6,1500,pre_fed,TRPO-MADRL,deterministic,f00c62bbd407a32e1eadb30b157b6d1bbf6f74896d4ae15d17ea7760e663e27a
3,18,17,185.6,26.26,4.67,9.83,4.92,-0.3400278687477112,24.505924224853516,67.2497725355403,50.0,67.2497725355403,-0.02105263157894797,0.1,0.1,1.9631743980792271,89.40445449411787,-89.40445449411787,541.6852315392673,1127.9733287202216,878.8457876771787,-1274.2521739683339,0.0,0.0,89.40445449411787,878.8457876771787,0.0,187.07,24.27,14.18,0.1,16.42,0.0,0.0,0.0,main_seed0,0,d1c1eb972d85b5605cb5db7c2c6bc30520ef1b725ec02f3d139c77d64d6a78a6,1500,pre_fed,TRPO-MADRL,deterministic,f00c62bbd407a32e1eadb30b157b6d1bbf6f74896d4ae15d17ea7760e663e27a
1,19,18,539.8,26.77,0.18,8.63,4.32,-1.2264560461044312,-20.345571517944336,15.84517083066167,-50.0,15.84517083066167,-0.18947368421052882,0.9,0.9,0.8521139429290229,498.04641679647784,-498.04641679647784,155.66803960447285,111.40639664265923,4298.140576953604,-2282.607506600368,0.0,0.0,498.04641679647784,4298.140576953604,0.0,413.8,26.26,4.67,0.9,9.83,0.0,0.0,0.0,main_seed0,0,d1c1eb972d85b5605cb5db7c2c6bc30520ef1b725ec02f3d139c77d64d6a78a6,1500,pre_fed,TRPO-MADRL,deterministic,f00c62bbd407a32e1eadb30b157b6d1bbf6f74896d4ae15d17ea7760e663e27a
2,19,18,162.5,26.77,0.18,8.63,4.32,-0.1808515191078186,-22.65988540649414,114.95326388495275,-50.0,114.95326388495275,-0.18947368421052882,0.9,0.9,2.834275804014845,23.620485603272613,-23.620485603272613,1118.362860737839,119.10680096398887,203.84479075624267,-720.6572262290352,0.0,0.0,23.620485603272613,203.84479075624267,0.0,164.25,26.26,4.67,0.9,9.83,0.0,0.0,0.0,main_seed0,0,d1c1eb972d85b5605cb5db7c2c6bc30520ef1b725ec02f3d139c77d64d6a78a6,1500,pre_fed,TRPO-MADRL,deterministic,f00c62bbd407a32e1eadb30b157b6d1bbf6f74896d4ae15d17ea7760e663e27a
3,19,18,183.4,26.77,0.18,8.63,4.32,-0.3227027654647827,23.142911911010742,68.80512720587306,50.0,68.80512720587306,-0.02105263157894797,0.1,0.1,1.9146814914858823,89.58060691719177,-89.58060691719177,552.732171599378,1127.9733287202216,773.0806376953651,-1226.8930690074824,0.0,0.0,89.58060691719177,773.0806376953651,0.0,185.6,26.26,4.67,0.1,9.83,0.0,0.0,0.0,main_seed0,0,d1c1eb972d85b5605cb5db7c2c6bc30520ef1b725ec02f3d139c77d64d6a78a6,1500,pre_fed,TRPO-MADRL,deterministic,f00c62bbd407a32e1eadb30b157b6d1bbf6f74896d4ae15d17ea7760e663e27a
1,20,19,557.2,26.22,0.0,8.87,4.44,-1.3148835897445679,-20.217241287231445,13.44941055134299,-50.0,13.44941055134299,-0.18947368421052882,0.9,0.9,0.7895987373426493,518.5096618702103,-518.5096618702103,141.39581017152835,111.40639664265923,4599.180700788765,-2425.991453801476,0.0,0.0,518.5096618702103,4599.180700788765,0.0,539.8,26.77,0.18,0.9,8.63,0.0,0.0,0.0,main_seed0,0,d1c1eb972d85b5605cb5db7c2c6bc30520ef1b725ec02f3d139c77d64d6a78a6,1500,pre_fed,TRPO-MADRL,deterministic,f00c62bbd407a32e1eadb30b157b6d1bbf6f74896d4ae15d17ea7760e663e27a
2,20,19,165.75,26.22,0.0,8.87,4.44,-0.18043619394302368,-22.55815887451172,115.0095525181828,-50.0,115.0095525181828,-0.18947368421052882,0.9,0.9,2.8208015766794454,27.530722742707184,-27.530722742707184,1118.7809567985664,119.10680096398887,244.1975107278127,-741.042634245184,0.0,0.0,27.530722742707184,244.1975107278127,0.0,162.5,26.77,0.18,0.9,8.63,0.0,0.0,0.0,main_seed0,0,d1c1eb972d85b5605cb5db7c2c6bc30520ef1b725ec02f3d139c77d64d6a78a6,1500,pre_fed,TRPO-MADRL,deterministic,f00c62bbd407a32e1eadb30b157b6d1bbf6f74896d4ae15d17ea7760e663e27a
3,20,19,187.07,26.22,0.0,8.87,4.44,-0.3825424909591675,22.845359802246094,63.50865622569355,50.0,63.50865622569355,-0.02105263157894797,0.1,0.1,1.794152071882292,99.15654847776769,-99.15654847776769,515.302112119416,1127.9733287202216,879.5185849977993,-1261.3970129187185,0.0,0.0,99.15654847776769,879.5185849977993,0.0,183.4,26.77,0.18,0.1,8.63,0.0,0.0,0.0,main_seed0,0,d1c1eb972d85b5605cb5db7c2c6bc30520ef1b725ec02f3d139c77d64d6a78a6,1500,pre_fed,TRPO-MADRL,deterministic,f00c62bbd407a32e1eadb30b157b6d1bbf6f74896d4ae15d17ea7760e663e27a
1,21,20,557.1,32.84,0.0,8.35,4.18,-1.3211557865142822,-20.194110870361328,13.292893145283301,-50.0,13.292893145283301,-0.18947368421052882,0.9,0.9,0.9188683892214556,512.0754489281487,-512.0754489281487,140.46662695721304,111.40639664265923,4275.829998550042,-2263.8515110749568,0.0,0.0,512.0754489281487,4275.829998550042,0.0,557.2,26.22,0.0,0.9,8.87,0.0,0.0,0.0,main_seed0,0,d1c1eb972d85b5605cb5db7c2c6bc30520ef1b725ec02f3d139c77d64d6a78a6,1500,pre_fed,TRPO-MADRL,deterministic,f00c62bbd407a32e1eadb30b157b6d1bbf6f74896d4ae15d17ea7760e663e27a
2,21,20,169.0,32.84,0.0,8.35,4.18,-0.1566298007965088,-22.57912826538086,118.24940600078462,-50.0,118.24940600078462,-0.18947368421052882,0.9,0.9,3.0179986463314816,21.118066329757397,-21.118066329757397,1142.9268334329483,119.10680096398887,176.33585385347425,-719.1847441252057,0.0,0.0,21.118066329757397,176.33585385347425,0.0,165.75,26.22,0.0,0.9,8.87,0.0,0.0,0.0,main_seed0,0,d1c1eb972d85b5605cb5db7c2c6bc30520ef1b725ec02f3d139c77d64d6a78a6,1500,pre_fed,TRPO-MADRL,deterministic,f00c62bbd407a32e1eadb30b157b6d1bbf6f74896d4ae15d17ea7760e663e27a
3,21,20,190.73,32.84,0.0,8.35,4.18,-0.38906431198120117,22.883398056030273,62.94467010410856,50.0,62.94467010410856,-0.02105263157894797,0.1,0.1,1.915272349450592,96.88165487692098,-96.88165487692098,511.3478325027637,1127.9733287202216,808.9618182222902,-1224.1414897226377,0.0,0.0,96.88165487692098,808.9618182222902,0.0,187.07,26.22,0.0,0.1,8.87,0.0,0.0,0.0,main_seed0,0,d1c1eb972d85b5605cb5db7c2c6bc30520ef1b725ec02f3d139c77d64d6a78a6,1500,pre_fed,TRPO-MADRL,deterministic,f00c62bbd407a32e1eadb30b157b6d1bbf6f74896d4ae15d17ea7760e663e27a
1,22,21,535.0,36.02,0.0,16.44,8.22,-1.3333796262741089,-20.150999069213867,12.992708986350522,-50.0,12.992708986350522,-0.18947368421052882,0.9,0.9,0.9764647060428,487.1532294039028,-487.1532294039028,138.68566034503732,111.40639664265923,8008.799091400163,-4129.44557419393,0.0,0.0,487.1532294039028,8008.799091400163,0.0,557.1,32.84,0.0,0.9,8.35,0.0,0.0,0.0,main_seed0,0,d1c1eb972d85b5605cb5db7c2c6bc30520ef1b725ec02f3d139c77d64d6a78a6,1500,pre_fed,TRPO-MADRL,deterministic,f00c62bbd407a32e1eadb30b157b6d1bbf6f74896d4ae15d17ea7760e663e27a
2,22,21,161.2,36.02,0.0,16.44,8.22,-0.17954352498054504,-22.5454158782959,115.13056333873001,-50.0,115.13056333873001,-0.18947368421052882,0.9,0.9,3.01922179309039,13.258132138570886,-13.258132138570886,1119.6799540356556,119.10680096398887,217.9636923581054,-728.3752236788749,0.0,0.0,13.258132138570886,217.9636923581054,0.0,169.0,32.84,0.0,0.9,8.35,0.0,0.0,0.0,main_seed0,0,d1c1eb972d85b5605cb5db7c2c6bc30520ef1b725ec02f3d139c77d64d6a78a6,1500,pre_fed,TRPO-MADRL,deterministic,f00c62bbd407a32e1eadb30b157b6d1bbf6f74896d4ae15d17ea7760e663e27a
3,22,21,181.93,36.02,0.0,16.44,8.22,-0.28618067502975464,22.776521682739258,72.13842687585155,50.0,72.13842687585155,-0.02105263157894797,0.1,0.1,2.1627474848854518,75.95537324061287,-75.95537324061287,576.561810153862,1127.9733287202216,1248.7063360756756,-1476.6207374748797,0.0,0.0,75.95537324061287,1248.7063360756756,0.0,190.73,32.84,0.0,0.1,8.35,0.0,0.0,0.0,main_seed0,0,d1c1eb972d85b5605cb5db7c2c6bc30520ef1b725ec02f3d139c77d64d6a78a6,1500,pre_fed,TRPO-MADRL,deterministic,f00c62bbd407a32e1eadb30b157b6d1bbf6f74896d4ae15d17ea7760e663e27a
1,23,22,437.8,37.23,0.0,16.19,8.1,-1.294371247291565,-19.856582641601562,13.973291569728573,-50.0,13.973291569728573,-0.18947368421052882,0.9,0.9,1.0202763577103608,387.80645847219233,-387.80645847219233,144.50877608491788,111.40639664265923,6278.586562664795,-3267.250867696186,0.0,0.0,387.80645847219233,6278.586562664795,0.0,535.0,36.02,0.0,0.9,16.44,0.0,0.0,0.0,main_seed0,0,d1c1eb972d85b5605cb5db7c2c6bc30520ef1b725ec02f3d139c77d64d6a78a6,1500,pre_fed,TRPO-MADRL,deterministic,f00c62bbd407a32e1eadb30b157b6d1bbf6f74896d4ae15d17ea7760e663e27a
2,23,22,148.0,37.23,0.0,16.19,8.1,-0.3138957619667053,-22.639543533325195,97.44321203281287,-50.0,97.44321203281287,-0.18947368421052882,0.9,0.9,2.689674766972047,16.205936418369703,-16.205936418369703,990.6408090880421,119.10680096398887,262.3741106134055,-686.0608603327182,0.0,0.0,16.205936418369703,262.3741106134055,0.0,161.2,36.02,0.0,0.9,16.44,0.0,0.0,0.0,main_seed0,0,d1c1eb972d85b5605cb5db7c2c6bc30520ef1b725ec02f3d139c77d64d6a78a6,1500,pre_fed,TRPO-MADRL,deterministic,f00c62bbd407a32e1eadb30b157b6d1bbf6f74896d4ae15d17ea7760e663e27a
3,23,22,161.39,37.23,0.0,16.19,8.1,-0.22266936302185059,23.921369552612305,78.09391910722302,50.0,78.09391910722302,-0.02105263157894797,0.1,0.1,2.3060573295128814,48.3931908538688,-48.3931908538688,619.6629419274578,1127.9733287202216,783.485759924136,-1265.5610152859076,0.0,0.0,48.3931908538688,783.485759924136,0.0,181.93,36.02,0.0,0.1,16.44,0.0,0.0,0.0,main_seed0,0,d1c1eb972d85b5605cb5db7c2c6bc30520ef1b725ec02f3d139c77d64d6a78a6,1500,pre_fed,TRPO-MADRL,deterministic,f00c62bbd407a32e1eadb30b157b6d1bbf6f74896d4ae15d17ea7760e663e27a
1,24,23,447.3,44.12,0.0,8.87,4.44,-1.2582069635391235,-20.002107620239258,14.943096729243678,-50.0,14.943096729243678,-0.18947368421052882,0.9,0.9,1.177472460900663,389.6038494158675,-389.6038494158675,150.28321202413605,111.40639664265923,3455.7861443187444,-1858.7378764927698,7.6793910437240385,0.0,381.9244583721435,3421.766441995047,0.0,437.8,37.23,0.0,0.9,16.19,0.0,0.0,0.0,main_seed0,0,d1c1eb972d85b5605cb5db7c2c6bc30520ef1b725ec02f3d139c77d64d6a78a6,1500,pre_fed,TRPO-MADRL,deterministic,f00c62bbd407a32e1eadb30b157b6d1bbf6f74896d4ae15d17ea7760e663e27a
2,24,23,119.6,44.12,0.0,8.87,4.44,-0.4072052538394928,-22.564912796020508,85.94640332066362,-50.0,85.94640332066362,-0.18947368421052882,0.9,0.9,2.597538592729062,-7.6793910437240385,7.6793910437240385,909.3151311139316,119.10680096398887,68.11619855783222,-548.2690653178763,0.0,7.6793910437240385,0.0,-34.09649623413473,0.0,148.0,37.23,0.0,0.9,16.19,7.6793910437240385,0.0,0.0,main_seed0,0,d1c1eb972d85b5605cb5db7c2c6bc30520ef1b725ec02f3d139c77d64d6a78a6,1500,pre_fed,TRPO-MADRL,deterministic,f00c62bbd407a32e1eadb30b157b6d1bbf6f74896d4ae15d17ea7760e663e27a
3,24,23,134.98,44.12,0.0,8.87,4.44,-0.22649598121643066,23.859106063842773,77.72992722187404,50.0,77.72992722187404,-0.02105263157894797,0.1,0.1,2.4365774918059016,15.587702901510823,-15.587702901510823,617.0093222253075,1127.9733287202216,138.262924736401,-941.6227878409651,0.0,0.0,15.587702901510823,138.262924736401,0.0,161.39,37.23,0.0,0.1,16.19,0.0,0.0,0.0,main_seed0,0,d1c1eb972d85b5605cb5db7c2c6bc30520ef1b725ec02f3d139c77d64d6a78a6,1500,pre_fed,TRPO-MADRL,deterministic,f00c62bbd407a32e1eadb30b157b6d1bbf6f74896d4ae15d17ea7760e663e27a
1,1,0,457.7,51.48,0.0,8.65,4.33,0.19931043684482574,-0.6930413842201233,119.67125302908318,-29.996614302221662,119.67125302908318,-29.996614302221662,0.5,0.7839678358711057,2.82309277453723,319.36845404767575,-319.36845404767575,863.5213586189176,306.3059190469159,2762.5371275123953,-1966.1822025891142,0.5492828029775865,0.0,318.81917124469817,2760.164225803532,0.0,447.3,44.12,0.0,0.5,8.87,0.0,0.0,0.0,main_seed1,1,d1c1eb972d85b5605cb5db7c2c6bc30520ef1b725ec02f3d139c77d64d6a78a6,1500,pre_fed,F-MADRL,deterministic,a3ae6cf95bff3ebbf3807974a7d9f27d5eb49aa796e78ad46165dabcfffe4138
2,1,0,110.5,51.48,0.0,8.65,4.33,-0.36540359258651733,-0.6675815582275391,91.00493393233897,-29.169339235423063,91.00493393233897,-29.169339235423063,0.5,0.7761087227365191,2.2663118939383184,-0.5492828029775865,0.5492828029775865,944.8504495359086,324.7222530099329,4.751296245756123,-637.1619993957988,0.0,0.5492828029775865,0.0,-2.3783945368929493,0.0,119.6,44.12,0.0,0.5,8.87,0.5492828029775865,0.0,0.0,main_seed1,1,d1c1eb972d85b5605cb5db7c2c6bc30520ef1b725ec02f3d139c77d64d6a78a6,1500,pre_fed,F-MADRL,deterministic,a3ae6cf95bff3ebbf3807974a7d9f27d5eb49aa796e78ad46165dabcfffe4138
3,1,0,124.71,51.48,0.0,8.65,4.33,-0.0799824446439743,-0.8440201282501221,92.01876743927056,-34.39662606481521,92.01876743927056,-34.39662606481521,0.5,0.8257679476157445,2.182042827489107,17.789901453033764,-17.789901453033764,723.0698476520662,299.5847341540844,153.88264756874207,-588.2686146874464,0.0,0.0,17.789901453033764,153.88264756874207,0.0,134.98,44.12,0.0,0.5,8.87,0.0,0.0,0.0,main_seed1,1,d1c1eb972d85b5605cb5db7c2c6bc30520ef1b725ec02f3d139c77d64d6a78a6,1500,pre_fed,F-MADRL,deterministic,a3ae6cf95bff3ebbf3807974a7d9f27d5eb49aa796e78ad46165dabcfffe4138
1,2,1,336.5,38.37,0.0,8.11,4.06,0.20843634009361267,-0.752208948135376,120.5469336101874,-31.823246551151957,120.5469336101874,-12.378957873751206,0.7839678358711057,0.9,2.9307595147287238,192.89278377829254,-192.89278377829254,870.2341221931052,143.07914245588066,1564.3604764419524,-1288.836870545469,0.0,0.0,192.89278377829254,1564.3604764419524,0.0,457.7,51.48,0.0,0.7839678358711057,8.65,0.0,0.0,0.0,main_seed1,1,d1c1eb972d85b5605cb5db7c2c6bc30520ef1b725ec02f3d139c77d64d6a78a6,1500,pre_fed,F-MADRL,deterministic,a3ae6cf95bff3ebbf3807974a7d9f27d5eb49aa796e78ad46165dabcfffe4138
2,2,1,109.85,38.37,0.0,8.11,4.06,-0.4254925549030304,-0.7487167119979858,83.78334974833533,-31.719136843587854,83.78334974833533,-13.204578390416211,0.7761087227365191,0.9,2.1789754271583823,3.080204069239258,-3.080204069239258,894.238764252939,153.70772299590357,24.98045500153038,-536.4634711251864,0.0,0.0,3.080204069239258,24.98045500153038,0.0,110.5,51.48,0.0,0.7761087227365191,8.65,0.0,0.0,0.0,main_seed1,1,d1c1eb972d85b5605cb5db7c2c6bc30520ef1b725ec02f3d139c77d64d6a78a6,1500,pre_fed,F-MADRL,deterministic,a3ae6cf95bff3ebbf3807974a7d9f27d5eb49aa796e78ad46165dabcfffe4138
3,2,1,123.98,38.37,0.0,8.11,4.06,-0.09486580640077591,-0.9365807771682739,90.54177551550362,-36.682367199970926,90.54177551550362,-7.9877461346828476,0.8257679476157445,0.9,2.4184805876164153,5.474451206795649,-5.474451206795649,711.9269403233245,147.86129848052235,44.39779928711271,-452.09301904547976,0.0,0.0,5.474451206795649,44.39779928711271,0.0,124.71,51.48,0.0,0.8257679476157445,8.65,0.0,0.0,0.0,main_seed1,1,d1c1eb972d85b5605cb5db7c2c6bc30520ef1b725ec02f3d139c77d64d6a78a6,1500,pre_fed,F-MADRL,deterministic,a3ae6cf95bff3ebbf3807974a7d9f27d5eb49aa796e78ad46165dabcfffe4138
1,3,2,274.9,43.56,0.0,8.25,4.13,0.1855291873216629,-0.6857468485832214,118.34293885665336,-29.76213756229864,118.34293885665336,-0.18947368421052882,0.9,0.9,3.2342693034488565,116.42080413100601,-116.42080413100601,853.3625247956169,111.40639664265923,960.4716340807996,-962.6202777595379,17.22066311286683,0.0,99.20014101813918,889.5225020557882,0.0,336.5,38.37,0.0,0.9,8.11,0.0,0.0,0.0,main_seed1,1,d1c1eb972d85b5605cb5db7c2c6bc30520ef1b725ec02f3d139c77d64d6a78a6,1500,pre_fed,F-MADRL,deterministic,a3ae6cf95bff3ebbf3807974a7d9f27d5eb49aa796e78ad46165dabcfffe4138
2,3,2,112.45,43.56,0.0,8.25,4.13,-0.4225703179836273,-0.7288540005683899,84.12689949681987,-31.118186920331762,84.12689949681987,-0.18947368421052882,0.9,0.9,2.549948516252187,-12.497477296357161,12.497477296357161,896.6285368059418,119.10680096398887,103.10418769494657,-559.4197627324387,0.0,12.497477296357161,0.0,-51.61458123395507,0.0,109.85,38.37,0.0,0.9,8.11,12.497477296357161,0.0,0.0,main_seed1,1,d1c1eb972d85b5605cb5db7c2c6bc30520ef1b725ec02f3d139c77d64d6a78a6,1500,pre_fed,F-MADRL,deterministic,a3ae6cf95bff3ebbf3807974a7d9f27d5eb49aa796e78ad46165dabcfffe4138
3,3,2,126.91,43.56,0.0,8.25,4.13,-0.09075786173343658,-0.8952962160110474,90.9490510479959,-35.6999895057613,90.9490510479959,-0.18947368421052882,0.9,0.9,2.686391547275708,-4.72318581650967,4.72318581650967,714.9954205109002,126.80720528531852,38.966282986204774,-440.38445439121176,0.0,4.72318581650967,0.0,-19.506757422184936,0.0,123.98,38.37,0.0,0.9,8.11,4.72318581650967,0.0,0.0,main_seed1,1,d1c1eb972d85b5605cb5db7c2c6bc30520ef1b725ec02f3d139c77d64d6a78a6,1500,pre_fed,F-MADRL,deterministic,a3ae6cf95bff3ebbf3807974a7d9f27d5eb49aa796e78ad46165dabcfffe4138
1,4,3,272.6,40.75,0.0,8.1,4.05,0.18044255673885345,-0.6783456206321716,117.85093563472758,-29.52214114534008,117.85093563472758,-0.18947368421052882,0.9,0.9,3.1682292390103415,117.3567672884933,-117.3567672884933,849.6069803734854,111.40639664265923,950.5898150367957,-955.8015960264702,14.544253763343406,0.0,102.8125135251499,891.6855872952549,0.0,274.9,43.56,0.0,0.9,8.25,0.0,0.0,0.0,main_seed1,1,d1c1eb972d85b5605cb5db7c2c6bc30520ef1b725ec02f3d139c77d64d6a78a6,1500,pre_fed,F-MADRL,deterministic,a3ae6cf95bff3ebbf3807974a7d9f27d5eb49aa796e78ad46165dabcfffe4138
2,4,3,110.5,40.75,0.0,8.1,4.05,-0.4318713843822479,-0.7469383478164673,83.03623092588319,-31.665943052893603,83.03623092588319,-0.18947368421052882,0.9,0.9,2.4719351448334534,-10.62482209683921,10.62482209683921,889.0479105714786,119.10680096398887,86.0610589843976,-547.1078852599326,0.0,10.62482209683921,0.0,-43.0305294921988,0.0,112.45,43.56,0.0,0.9,8.25,10.62482209683921,0.0,0.0,main_seed1,1,d1c1eb972d85b5605cb5db7c2c6bc30520ef1b725ec02f3d139c77d64d6a78a6,1500,pre_fed,F-MADRL,deterministic,a3ae6cf95bff3ebbf3807974a7d9f27d5eb49aa796e78ad46165dabcfffe4138
3,4,3,124.71,40.75,0.0,8.1,4.05,-0.09333008527755737,-0.9180546998977661,90.69399579288827,-36.24879229150476,90.69399579288827,-0.18947368421052882,0.9,0.9,2.625090442173555,-3.9194316665041953,3.9194316665041953,713.073423849045,126.80720528531852,31.74739649868398,-435.81401281652376,0.0,3.9194316665041953,0.0,-15.87369824934199,0.0,126.91,43.56,0.0,0.9,8.25,3.9194316665041953,0.0,0.0,main_seed1,1,d1c1eb972d85b5605cb5db7c2c6bc30520ef1b725ec02f3d139c77d64d6a78a6,1500,pre_fed,F-MADRL,deterministic,a3ae6cf95bff3ebbf3807974a7d9f27d5eb49aa796e78ad46165dabcfffe4138
1,5,4,245.3,27.74,0.0,8.14,4.07,0.17805097997188568,-0.6686639189720154,117.61930041075885,-29.205016190642112,117.61930041075885,-0.18947368421052882,0.9,0.9,2.903396534530967,103.03356980798264,-103.03356980798264,847.840226965383,111.40639664265923,838.6932582369787,-898.9699409225104,0.0,0.0,103.03356980798264,838.6932582369787,0.0,272.6,40.75,0.0,0.9,8.1,0.0,0.0,0.0,main_seed1,1,d1c1eb972d85b5605cb5db7c2c6bc30520ef1b725ec02f3d139c77d64d6a78a6,1500,pre_fed,F-MADRL,deterministic,a3ae6cf95bff3ebbf3807974a7d9f27d5eb49aa796e78ad46165dabcfffe4138
2,5,4,113.75,27.74,0.0,8.14,4.07,-0.4266658127307892,-0.7366389632225037,83.6456433096991,-31.355510350849713,83.6456433096991,-0.18947368421052882,0.9,0.9,2.2239233925097714,4.77775376702121,-4.77775376702121,893.2813656987607,119.10680096398887,38.89091566355265,-525.6395411631512,0.0,0.0,4.77775376702121,38.89091566355265,0.0,110.5,40.75,0.0,0.9,8.1,0.0,0.0,0.0,main_seed1,1,d1c1eb972d85b5605cb5db7c2c6bc30520ef1b725ec02f3d139c77d64d6a78a6,1500,pre_fed,F-MADRL,deterministic,a3ae6cf95bff3ebbf3807974a7d9f27d5eb49aa796e78ad46165dabcfffe4138
3,5,4,128.38,27.74,0.0,8.14,4.07,-0.0919220894575119,-0.9047127366065979,90.83359422545068,-35.92924231708759,90.83359422545068,-0.18947368421052882,0.9,0.9,2.367682410824803,12.363561869584643,-12.363561869584643,714.1252299290497,126.80720528531852,100.639393618419,-470.78591441639367,0.0,0.0,12.363561869584643,100.639393618419,0.0,124.71,40.75,0.0,0.9,8.1,0.0,0.0,0.0,main_seed1,1,d1c1eb972d85b5605cb5db7c2c6bc30520ef1b725ec02f3d139c77d64d6a78a6,1500,pre_fed,F-MADRL,deterministic,a3ae6cf95bff3ebbf3807974a7d9f27d5eb49aa796e78ad46165dabcfffe4138
1,6,5,233.7,30.15,0.0,8.13,4.07,0.16552896797657013,-0.6164844036102295,116.4033533337504,-27.433776253160687,116.4033533337504,-0.18947368421052882,0.9,0.9,2.9272775929907975,90.26339794345091,-90.26339794345091,838.580080474522,111.40639664265923,733.841425280256,-841.9139511987187,0.0,0.0,90.26339794345091,733.841425280256,0.0,245.3,27.74,0.0,0.9,8.14,0.0,0.0,0.0,main_seed1,1,d1c1eb972d85b5605cb5db7c2c6bc30520ef1b725ec02f3d139c77d64d6a78a6,1500,pre_fed,F-MADRL,deterministic,a3ae6cf95bff3ebbf3807974a7d9f27d5eb49aa796e78ad46165dabcfffe4138
2,6,5,120.25,30.15,0.0,8.13,4.07,-0.40453702211380005,-0.6950672268867493,86.26459697858756,-30.061370706282275,86.26459697858756,-0.18947368421052882,0.9,0.9,2.3245024658875404,6.349379171510506,-6.349379171510506,911.5389240966512,119.10680096398887,51.62045266438042,-541.1330888625102,0.0,0.0,6.349379171510506,51.62045266438042,0.0,113.75,27.74,0.0,0.9,8.14,0.0,0.0,0.0,main_seed1,1,d1c1eb972d85b5605cb5db7c2c6bc30520ef1b725ec02f3d139c77d64d6a78a6,1500,pre_fed,F-MADRL,deterministic,a3ae6cf95bff3ebbf3807974a7d9f27d5eb49aa796e78ad46165dabcfffe4138
3,6,5,135.43,30.15,0.0,8.13,4.07,-0.08533290773630142,-0.8549614548683167,91.48736137774117,-34.682628500641,91.48736137774117,-0.18947368421052882,0.9,0.9,2.428957753870613,16.41107006033998,-16.41107006033998,719.0559738773595,126.80720528531852,133.42199959056404,-489.64258937662106,0.0,0.0,16.41107006033998,133.42199959056404,0.0,128.38,27.74,0.0,0.9,8.14,0.0,0.0,0.0,main_seed1,1,d1c1eb972d85b5605cb5db7c2c6bc30520ef1b725ec02f3d139c77d64d6a78a6,1500,pre_fed,F-MADRL,deterministic,a3ae6cf95bff3ebbf3807974a7d9f27d5eb49aa796e78ad46165dabcfffe4138
1,7,6,274.6,28.65,0.16,8.34,4.17,0.1654110699892044,-0.6195318102836609,116.3918805413074,-27.540098181986846,116.3918805413074,-0.18947368421052882,0.9,0.9,2.9002481371419373,132.4878412800451,-132.4878412800451,838.4928225294083,111.40639664265923,1104.9485962755762,-1027.423907723822,0.0,0.0,132.4878412800451,1104.9485962755762,0.0,233.7,30.15,0.0,0.9,8.13,0.0,0.0,0.0,main_seed1,1,d1c1eb972d85b5605cb5db7c2c6bc30520ef1b725ec02f3d139c77d64d6a78a6,1500,pre_fed,F-MADRL,deterministic,a3ae6cf95bff3ebbf3807974a7d9f27d5eb49aa796e78ad46165dabcfffe4138
2,7,6,130.0,28.65,0.16,8.34,4.17,-0.40996789932250977,-0.7056640386581421,85.61764070373208,-30.397533178788372,85.61764070373208,-0.18947368421052882,0.9,0.9,2.284763340390431,18.046596320868886,-18.046596320868886,907.0190902347157,119.10680096398887,150.5086133160465,-588.3172522573755,0.0,0.0,18.046596320868886,150.5086133160465,0.0,120.25,30.15,0.0,0.9,8.13,0.0,0.0,0.0,main_seed1,1,d1c1eb972d85b5605cb5db7c2c6bc30520ef1b725ec02f3d139c77d64d6a78a6,1500,pre_fed,F-MADRL,deterministic,a3ae6cf95bff3ebbf3807974a7d9f27d5eb49aa796e78ad46165dabcfffe4138
3,7,6,146.72,28.65,0.16,8.34,4.17,-0.08662523329257965,-0.8680877685546875,91.3590794898726,-35.020063581391625,91.3590794898726,-0.18947368421052882,0.9,0.9,2.3995921161132414,29.139986310451178,-29.139986310451178,718.0878251859099,126.80720528531852,243.02748582916283,-543.9612581501956,0.0,0.0,29.139986310451178,243.02748582916283,0.0,135.43,30.15,0.0,0.9,8.13,0.0,0.0,0.0,main_seed1,1,d1c1eb972d85b5605cb5db7c2c6bc30520ef1b725ec02f3d139c77d64d6a78a6,1500,pre_fed,F-MADRL,deterministic,a3ae6cf95bff3ebbf3807974a7d9f27d5eb49aa796e78ad46165dabcfffe4138
1,8,7,291.0,23.38,1.77,9.35,4.68,0.1709548383951187,-0.6319612860679626,116.93086630979894,-27.970061761300038,116.93086630979894,-0.18947368421052882,0.9,0.9,2.8378278525117686,151.94643522692334,-151.94643522692334,842.5944580093264,111.40639664265923,1420.6991693717332,-1187.3500120118595,0.0,0.0,151.94643522692334,1420.6991693717332,0.0,274.6,28.65,0.16,0.9,8.34,0.0,0.0,0.0,main_seed1,1,d1c1eb972d85b5605cb5db7c2c6bc30520ef1b725ec02f3d139c77d64d6a78a6,1500,pre_fed,F-MADRL,deterministic,a3ae6cf95bff3ebbf3807974a7d9f27d5eb49aa796e78ad46165dabcfffe4138
2,8,7,157.95,23.38,1.77,9.35,4.68,-0.4092431664466858,-0.7053195834159851,85.70381787519304,-30.386673744943504,85.70381787519304,-0.18947368421052882,0.9,0.9,2.21328688381965,49.49894269283713,-49.49894269283713,907.6207829588168,119.10680096398887,462.81511417802716,-744.7713490504165,0.0,0.0,49.49894269283713,462.81511417802716,0.0,130.0,28.65,0.16,0.9,8.34,0.0,0.0,0.0,main_seed1,1,d1c1eb972d85b5605cb5db7c2c6bc30520ef1b725ec02f3d139c77d64d6a78a6,1500,pre_fed,F-MADRL,deterministic,a3ae6cf95bff3ebbf3807974a7d9f27d5eb49aa796e78ad46165dabcfffe4138
3,8,7,178.26,23.38,1.77,9.35,4.68,-0.08591719716787338,-0.869853138923645,91.42935873157805,-35.06497534547446,91.42935873157805,-0.18947368421052882,0.9,0.9,2.3277977009473503,64.19791265357983,-64.19791265357983,718.6181867921105,126.80720528531852,600.2504833109714,-722.8379376942003,0.0,0.0,64.19791265357983,600.2504833109714,0.0,146.72,28.65,0.16,0.9,8.34,0.0,0.0,0.0,main_seed1,1,d1c1eb972d85b5605cb5db7c2c6bc30520ef1b725ec02f3d139c77d64d6a78a6,1500,pre_fed,F-MADRL,deterministic,a3ae6cf95bff3ebbf3807974a7d9f27d5eb49aa796e78ad46165dabcfffe4138
1,9,8,315.7,21.75,5.3,12.0,6.0,0.17223700881004333,-0.6231309771537781,117.05538085734098,-27.665211690006085,117.05538085734098,-0.18947368421052882,0.9,0.9,2.8783181434626095,174.66241097033213,-174.66241097033213,843.5426722240132,111.40639664265923,2095.948931643986,-1525.449000255329,0.0,0.0,174.66241097033213,2095.948931643986,0.0,291.0,23.38,1.77,0.9,9.35,0.0,0.0,0.0,main_seed1,1,d1c1eb972d85b5605cb5db7c2c6bc30520ef1b725ec02f3d139c77d64d6a78a6,1500,pre_fed,F-MADRL,deterministic,a3ae6cf95bff3ebbf3807974a7d9f27d5eb49aa796e78ad46165dabcfffe4138
2,9,8,165.1,21.75,5.3,12.0,6.0,-0.4057740271091461,-0.7027037739753723,86.11699960359324,-30.304058276164913,86.11699960359324,-0.18947368421052882,0.9,0.9,2.2595505183876545,54.382024599004936,-54.382024599004936,910.5072036659217,119.10680096398887,652.5842951880593,-841.0991499089849,0.0,0.0,54.382024599004936,652.5842951880593,0.0,157.95,23.38,1.77,0.9,9.35,0.0,0.0,0.0,main_seed1,1,d1c1eb972d85b5605cb5db7c2c6bc30520ef1b725ec02f3d139c77d64d6a78a6,1500,pre_fed,F-MADRL,deterministic,a3ae6cf95bff3ebbf3807974a7d9f27d5eb49aa796e78ad46165dabcfffe4138
3,9,8,186.33,21.75,5.3,12.0,6.0,-0.08316471427679062,-0.8760093450546265,91.70264894031553,-35.2207236929401,91.70264894031553,-0.18947368421052882,0.9,0.9,2.3712635051221,70.13808824901712,-70.13808824901712,720.6814606586053,126.80720528531852,841.6570589882053,-844.5728624660646,0.0,0.0,70.13808824901712,841.6570589882053,0.0,178.26,23.38,1.77,0.9,9.35,0.0,0.0,0.0,main_seed1,1,d1c1eb972d85b5605cb5db7c2c6bc30520ef1b725ec02f3d139c77d64d6a78a6,1500,pre_fed,F-MADRL,deterministic,a3ae6cf95bff3ebbf3807974a7d9f27d5eb49aa796e78ad46165dabcfffe4138
1,10,9,362.4,34.82,11.6,9.19,4.6,0.18069115281105042,-0.6320727467536926,117.87500200740593,-27.97389058865725,117.87500200740593,-0.18947368421052882,0.9,0.9,3.2821105664639076,201.5765822432685,-201.5765822432685,849.790591878154,111.40639664265923,1852.4887908156372,-1406.8428896682253,0.0,0.0,201.5765822432685,1852.4887908156372,0.0,315.7,21.75,5.3,0.9,12.0,0.0,0.0,0.0,main_seed1,1,d1c1eb972d85b5605cb5db7c2c6bc30520ef1b725ec02f3d139c77d64d6a78a6,1500,pre_fed,F-MADRL,deterministic,a3ae6cf95bff3ebbf3807974a7d9f27d5eb49aa796e78ad46165dabcfffe4138
2,10,9,169.0,34.82,11.6,9.19,4.6,-0.4078189730644226,-0.7127611041069031,85.87330824075893,-30.620266499640238,85.87330824075893,-0.18947368421052882,0.9,0.9,2.6420766911309683,39.53824213458256,-39.53824213458256,908.8045013259249,119.10680096398887,363.3564452168137,-695.6338737533637,0.0,0.0,39.53824213458256,363.3564452168137,0.0,165.1,21.75,5.3,0.9,12.0,0.0,0.0,0.0,main_seed1,1,d1c1eb972d85b5605cb5db7c2c6bc30520ef1b725ec02f3d139c77d64d6a78a6,1500,pre_fed,F-MADRL,deterministic,a3ae6cf95bff3ebbf3807974a7d9f27d5eb49aa796e78ad46165dabcfffe4138
3,10,9,190.73,34.82,11.6,9.19,4.6,-0.08238436281681061,-0.9059188961982727,91.78015184774259,-35.95838414399263,91.78015184774259,-0.18947368421052882,0.9,0.9,2.760213563270641,55.47953539973858,-55.47953539973858,721.266846830734,126.80720528531852,509.8569303235975,-678.965491219825,0.0,0.0,55.47953539973858,509.8569303235975,0.0,186.33,21.75,5.3,0.9,12.0,0.0,0.0,0.0,main_seed1,1,d1c1eb972d85b5605cb5db7c2c6bc30520ef1b725ec02f3d139c77d64d6a78a6,1500,pre_fed,F-MADRL,deterministic,a3ae6cf95bff3ebbf3807974a7d9f27d5eb49aa796e78ad46165dabcfffe4138
1,11,10,320.0,27.17,36.64,12.3,6.15,0.19155775010585785,-0.6823671460151672,118.92486067949295,-29.652806689949816,118.92486067949295,-0.18947368421052882,0.9,0.9,3.6509077399056484,141.10552074462322,-141.10552074462322,857.8094952365578,111.40639664265923,1735.5979051588656,-1352.4068985190413,0.0,0.0,141.10552074462322,1735.5979051588656,0.0,362.4,34.82,11.6,0.9,9.19,0.0,0.0,0.0,main_seed1,1,d1c1eb972d85b5605cb5db7c2c6bc30520ef1b725ec02f3d139c77d64d6a78a6,1500,pre_fed,F-MADRL,deterministic,a3ae6cf95bff3ebbf3807974a7d9f27d5eb49aa796e78ad46165dabcfffe4138
2,11,10,173.55,27.17,36.64,12.3,6.15,-0.42552244663238525,-0.7411932945251465,83.77983971395724,-31.49327902815406,83.77983971395724,-0.18947368421052882,0.9,0.9,2.9480073205949346,29.09764129084823,-29.09764129084823,894.2143572982495,119.10680096398887,357.90098787743324,-685.6110730698358,0.0,0.0,29.09764129084823,357.90098787743324,0.0,169.0,34.82,11.6,0.9,9.19,0.0,0.0,0.0,main_seed1,1,d1c1eb972d85b5605cb5db7c2c6bc30520ef1b725ec02f3d139c77d64d6a78a6,1500,pre_fed,F-MADRL,deterministic,a3ae6cf95bff3ebbf3807974a7d9f27d5eb49aa796e78ad46165dabcfffe4138
3,11,10,195.87,27.17,36.64,12.3,6.15,-0.0861443430185318,-0.9336388111114502,91.40681143785763,-36.614296130158046,91.40681143785763,-0.18947368421052882,0.9,0.9,3.1005467550729424,43.94320900142583,-43.94320900142583,718.4480236376953,126.80720528531852,540.5014707175377,-692.8783498202758,0.0,0.0,43.94320900142583,540.5014707175377,0.0,190.73,34.82,11.6,0.9,9.19,0.0,0.0,0.0,main_seed1,1,d1c1eb972d85b5605cb5db7c2c6bc30520ef1b725ec02f3d139c77d64d6a78a6,1500,pre_fed,F-MADRL,deterministic,a3ae6cf95bff3ebbf3807974a7d9f27d5eb49aa796e78ad46165dabcfffe4138
1,12,11,350.0,30.2,42.68,20.7,10.35,0.19135767221450806,-0.6340028047561646,118.90556873980809,-28.040114999805844,118.90556873980809,-0.18947368421052882,0.9,0.9,3.8319219011119516,162.23582684551437,-162.23582684551437,857.6619808381338,111.40639664265923,3358.281615702147,-2163.67499659147,0.0,0.0,162.23582684551437,3358.281615702147,0.0,320.0,27.17,36.64,0.9,12.3,0.0,0.0,0.0,main_seed1,1,d1c1eb972d85b5605cb5db7c2c6bc30520ef1b725ec02f3d139c77d64d6a78a6,1500,pre_fed,F-MADRL,deterministic,a3ae6cf95bff3ebbf3807974a7d9f27d5eb49aa796e78ad46165dabcfffe4138
2,12,11,168.35,30.2,42.68,20.7,10.35,-0.41055047512054443,-0.7224340438842773,85.54840243661445,-30.92073709555953,85.54840243661445,-0.18947368421052882,0.9,0.9,3.1647785750480786,13.275849822644147,-13.275849822644147,906.5357474518428,119.10680096398887,274.81009132873385,-650.2263198722828,0.0,0.0,13.275849822644147,274.81009132873385,0.0,173.55,27.17,36.64,0.9,12.3,0.0,0.0,0.0,main_seed1,1,d1c1eb972d85b5605cb5db7c2c6bc30520ef1b725ec02f3d139c77d64d6a78a6,1500,pre_fed,F-MADRL,deterministic,a3ae6cf95bff3ebbf3807974a7d9f27d5eb49aa796e78ad46165dabcfffe4138
3,12,11,190.0,30.2,42.68,20.7,10.35,-0.07608284801244736,-0.9554145336151123,92.40636172506746,-37.11122605924416,92.40636172506746,-0.18947368421052882,0.9,0.9,3.3019377608171387,28.205049719960215,-28.205049719960215,726.0008506516499,126.80720528531852,583.8445292031764,-718.3262925700724,0.0,0.0,28.205049719960215,583.8445292031764,0.0,195.87,27.17,36.64,0.9,12.3,0.0,0.0,0.0,main_seed1,1,d1c1eb972d85b5605cb5db7c2c6bc30520ef1b725ec02f3d139c77d64d6a78a6,1500,pre_fed,F-MADRL,deterministic,a3ae6cf95bff3ebbf3807974a7d9f27d5eb49aa796e78ad46165dabcfffe4138
1,13,12,345.2,23.52,35.22,26.82,13.41,0.2116517871618271,-0.6646771430969238,120.85469906188489,-29.073380609360665,120.85469906188489,-0.18947368421052882,0.9,0.9,3.588104507553487,169.38287912987911,-169.38287912987911,872.5963307452255,111.40639664265923,4542.848818263358,-2763.4257728256216,0.0,0.0,169.38287912987911,4542.848818263358,0.0,350.0,30.2,42.68,0.9,20.7,0.0,0.0,0.0,main_seed1,1,d1c1eb972d85b5605cb5db7c2c6bc30520ef1b725ec02f3d139c77d64d6a78a6,1500,pre_fed,F-MADRL,deterministic,a3ae6cf95bff3ebbf3807974a7d9f27d5eb49aa796e78ad46165dabcfffe4138
2,13,12,168.35,23.52,35.22,26.82,13.41,-0.4247611165046692,-0.7651344537734985,83.86926510434755,-32.20456551901466,83.86926510434755,-0.18947368421052882,0.9,0.9,2.84839582840274,28.77860440826572,-28.77860440826572,894.8362333741834,119.10680096398887,771.8421702296866,-892.8926022839295,0.0,0.0,28.77860440826572,771.8421702296866,0.0,168.35,30.2,42.68,0.9,20.7,0.0,0.0,0.0,main_seed1,1,d1c1eb972d85b5605cb5db7c2c6bc30520ef1b725ec02f3d139c77d64d6a78a6,1500,pre_fed,F-MADRL,deterministic,a3ae6cf95bff3ebbf3807974a7d9f27d5eb49aa796e78ad46165dabcfffe4138
3,13,12,190.0,23.52,35.22,26.82,13.41,-0.07958844304084778,-1.0449659824371338,92.0579178493788,-38.99207609709108,92.0579178493788,-0.18947368421052882,0.9,0.9,3.0121688833033655,42.403724718135095,-42.403724718135095,723.3657749731391,126.80720528531852,1137.2678969403833,-993.7204385994205,0.0,0.0,42.403724718135095,1137.2678969403833,0.0,190.0,30.2,42.68,0.9,20.7,0.0,0.0,0.0,main_seed1,1,d1c1eb972d85b5605cb5db7c2c6bc30520ef1b725ec02f3d139c77d64d6a78a6,1500,pre_fed,F-MADRL,deterministic,a3ae6cf95bff3ebbf3807974a7d9f27d5eb49aa796e78ad46165dabcfffe4138
1,14,13,320.6,39.48,35.46,27.35,13.68,0.21467357873916626,-0.6543608903884888,121.14355297907676,-28.72991849426125,121.14355297907676,-0.18947368421052882,0.9,0.9,3.917881585897325,128.62380229103113,-128.62380229103113,874.8147825103134,111.40639664265923,3517.8609926597014,-2252.0410859063372,0.0,0.0,128.62380229103113,3517.8609926597014,0.0,345.2,23.52,35.22,0.9,26.82,0.0,0.0,0.0,main_seed1,1,d1c1eb972d85b5605cb5db7c2c6bc30520ef1b725ec02f3d139c77d64d6a78a6,1500,pre_fed,F-MADRL,deterministic,a3ae6cf95bff3ebbf3807974a7d9f27d5eb49aa796e78ad46165dabcfffe4138
2,14,13,165.75,39.48,35.46,27.35,13.68,-0.42254236340522766,-0.7714941501617432,84.13018982666944,-32.389871632384704,84.13018982666944,-0.18947368421052882,0.9,0.9,3.177614322849178,10.046898180390258,-10.046898180390258,896.6514334015453,119.10680096398887,274.7826652336736,-645.270449799604,0.0,0.0,10.046898180390258,274.7826652336736,0.0,168.35,23.52,35.22,0.9,26.82,0.0,0.0,0.0,main_seed1,1,d1c1eb972d85b5605cb5db7c2c6bc30520ef1b725ec02f3d139c77d64d6a78a6,1500,pre_fed,F-MADRL,deterministic,a3ae6cf95bff3ebbf3807974a7d9f27d5eb49aa796e78ad46165dabcfffe4138
3,14,13,187.07,39.48,35.46,27.35,13.68,-0.08066052943468094,-1.0686269998550415,91.95139455722216,-39.44716904133742,91.95139455722216,-0.18947368421052882,0.9,0.9,3.3340384174602327,23.702117544448583,-23.702117544448583,722.5606625071312,126.80720528531852,648.2529148406688,-748.8103913165593,0.0,0.0,23.702117544448583,648.2529148406688,0.0,190.0,23.52,35.22,0.9,26.82,0.0,0.0,0.0,main_seed1,1,d1c1eb972d85b5605cb5db7c2c6bc30520ef1b725ec02f3d139c77d64d6a78a6,1500,pre_fed,F-MADRL,deterministic,a3ae6cf95bff3ebbf3807974a7d9f27d5eb49aa796e78ad46165dabcfffe4138
1,15,14,333.2,35.74,34.83,13.81,6.91,0.22126363217830658,-0.693400502204895,121.77221244336445,-30.008105060552655,121.77221244336445,-0.18947368421052882,0.9,0.9,3.843054775183079,144.89031601602912,-144.89031601602912,879.6476761351948,111.40639664265923,2000.9352641813623,-1495.9946684796082,0.0,0.0,144.89031601602912,2000.9352641813623,0.0,320.6,39.48,35.46,0.9,27.35,0.0,0.0,0.0,main_seed1,1,d1c1eb972d85b5605cb5db7c2c6bc30520ef1b725ec02f3d139c77d64d6a78a6,1500,pre_fed,F-MADRL,deterministic,a3ae6cf95bff3ebbf3807974a7d9f27d5eb49aa796e78ad46165dabcfffe4138
2,15,14,170.3,35.74,34.83,13.81,6.91,-0.4486592411994934,-0.8199746608734131,81.08852125447184,-33.7528041503023,81.08852125447184,-0.18947368421052882,0.9,0.9,3.0293809514052263,21.860333381143903,-21.860333381143903,875.5554476476007,119.10680096398887,301.8912039935973,-648.2767263025935,0.0,0.0,21.860333381143903,301.8912039935973,0.0,165.75,39.48,35.46,0.9,27.35,0.0,0.0,0.0,main_seed1,1,d1c1eb972d85b5605cb5db7c2c6bc30520ef1b725ec02f3d139c77d64d6a78a6,1500,pre_fed,F-MADRL,deterministic,a3ae6cf95bff3ebbf3807974a7d9f27d5eb49aa796e78ad46165dabcfffe4138
3,15,14,192.2,35.74,34.83,13.81,6.91,-0.08812794834375381,-1.1218265295028687,91.20994947111988,-40.41016531701483,91.20994947111988,-0.18947368421052882,0.9,0.9,3.2318095157381874,33.8413337288288,-33.8413337288288,716.9627278111868,126.80720528531852,467.34881879512574,-655.5593759458155,0.0,0.0,33.8413337288288,467.34881879512574,0.0,187.07,39.48,35.46,0.9,27.35,0.0,0.0,0.0,main_seed1,1,d1c1eb972d85b5605cb5db7c2c6bc30520ef1b725ec02f3d139c77d64d6a78a6,1500,pre_fed,F-MADRL,deterministic,a3ae6cf95bff3ebbf3807974a7d9f27d5eb49aa796e78ad46165dabcfffe4138
1,16,15,316.8,18.06,23.62,17.31,8.66,0.20073722302913666,-0.6702869534492493,119.80837200366035,-29.25843043773213,119.80837200366035,-0.18947368421052882,0.9,0.9,3.2259779663889963,158.7270796469392,-158.7270796469392,864.5716604784936,111.40639664265923,2747.565748688517,-1861.7719029048349,0.0,0.0,158.7270796469392,2747.565748688517,0.0,333.2,35.74,34.83,0.9,13.81,0.0,0.0,0.0,main_seed1,1,d1c1eb972d85b5605cb5db7c2c6bc30520ef1b725ec02f3d139c77d64d6a78a6,1500,pre_fed,F-MADRL,deterministic,a3ae6cf95bff3ebbf3807974a7d9f27d5eb49aa796e78ad46165dabcfffe4138
2,16,15,172.25,18.06,23.62,17.31,8.66,-0.42804208397865295,-0.757527232170105,83.48427469689909,-31.980907053198077,83.48427469689909,-0.18947368421052882,0.9,0.9,2.4994960202537717,49.7746950075652,-49.7746950075652,892.1598236030584,119.10680096398887,861.5999705809536,-936.4332975740004,0.0,0.0,49.7746950075652,861.5999705809536,0.0,170.3,35.74,34.83,0.9,13.81,0.0,0.0,0.0,main_seed1,1,d1c1eb972d85b5605cb5db7c2c6bc30520ef1b725ec02f3d139c77d64d6a78a6,1500,pre_fed,F-MADRL,deterministic,a3ae6cf95bff3ebbf3807974a7d9f27d5eb49aa796e78ad46165dabcfffe4138
3,16,15,194.4,18.06,23.62,17.31,8.66,-0.08171086758375168,-0.9996135234832764,91.84705001129477,-38.07158989775086,91.84705001129477,-0.18947368421052882,0.9,0.9,2.6667515265416846,63.729175199457444,-63.729175199457444,721.7722262255068,126.80720528531852,1103.1520227026083,-975.8657271067168,0.0,0.0,63.729175199457444,1103.1520227026083,0.0,192.2,35.74,34.83,0.9,13.81,0.0,0.0,0.0,main_seed1,1,d1c1eb972d85b5605cb5db7c2c6bc30520ef1b725ec02f3d139c77d64d6a78a6,1500,pre_fed,F-MADRL,deterministic,a3ae6cf95bff3ebbf3807974a7d9f27d5eb49aa796e78ad46165dabcfffe4138
1,17,16,291.3,24.27,14.18,16.42,8.21,0.19168467819690704,-0.6208437085151672,118.93709860116091,-27.585759704381434,118.93709860116091,-0.18947368421052882,0.9,0.9,3.143952498339008,137.24632758138864,-137.24632758138864,857.9030747303048,111.40639664265923,2253.584698886402,-1611.4470851296828,0.0,0.0,137.24632758138864,2253.584698886402,0.0,316.8,18.06,23.62,0.9,17.31,0.0,0.0,0.0,main_seed1,1,d1c1eb972d85b5605cb5db7c2c6bc30520ef1b725ec02f3d139c77d64d6a78a6,1500,pre_fed,F-MADRL,deterministic,a3ae6cf95bff3ebbf3807974a7d9f27d5eb49aa796e78ad46165dabcfffe4138
2,17,16,165.75,24.27,14.18,16.42,8.21,-0.40574216842651367,-0.7218788266181946,86.12079916725173,-30.903587121029297,86.12079916725173,-0.18947368421052882,0.9,0.9,2.487626509660824,43.85630102661963,-43.85630102661963,910.5337588439562,119.10680096398887,720.1204628570945,-874.8805113325197,0.0,0.0,43.85630102661963,720.1204628570945,0.0,172.25,18.06,23.62,0.9,17.31,0.0,0.0,0.0,main_seed1,1,d1c1eb972d85b5605cb5db7c2c6bc30520ef1b725ec02f3d139c77d64d6a78a6,1500,pre_fed,F-MADRL,deterministic,a3ae6cf95bff3ebbf3807974a7d9f27d5eb49aa796e78ad46165dabcfffe4138
3,17,16,187.07,24.27,14.18,16.42,8.21,-0.07735229283571243,-0.9631579518318176,92.28016148017527,-37.2841085117834,92.28016148017527,-0.18947368421052882,0.9,0.9,2.610813755919295,59.140125959954545,-59.140125959954545,725.0462061264869,126.80720528531852,971.0808682624537,-911.4671398371296,0.0,0.0,59.140125959954545,971.0808682624537,0.0,194.4,18.06,23.62,0.9,17.31,0.0,0.0,0.0,main_seed1,1,d1c1eb972d85b5605cb5db7c2c6bc30520ef1b725ec02f3d139c77d64d6a78a6,1500,pre_fed,F-MADRL,deterministic,a3ae6cf95bff3ebbf3807974a7d9f27d5eb49aa796e78ad46165dabcfffe4138
1,18,17,413.8,26.26,4.67,9.83,4.92,0.18884506821632385,-0.634827196598053,118.66317426986977,-28.06835799862585,118.66317426986977,-0.18947368421052882,0.9,0.9,2.9880740117131848,267.38437342605397,-267.38437342605397,855.8090431388471,111.40639664265923,2628.3883907781105,-1797.8019152798083,0.0,0.0,267.38437342605397,2628.3883907781105,0.0,291.3,24.27,14.18,0.9,16.42,0.0,0.0,0.0,main_seed1,1,d1c1eb972d85b5605cb5db7c2c6bc30520ef1b725ec02f3d139c77d64d6a78a6,1500,pre_fed,F-MADRL,deterministic,a3ae6cf95bff3ebbf3807974a7d9f27d5eb49aa796e78ad46165dabcfffe4138
2,18,17,164.25,26.26,4.67,9.83,4.92,-0.417258620262146,-0.7400987148284912,84.75341601719585,-31.460239943816763,84.75341601719585,-0.18947368421052882,0.9,0.9,2.3098788466597067,51.06593651367437,-51.06593651367437,900.9912785797097,119.10680096398887,501.9781559294191,-761.0381177365589,0.0,0.0,51.06593651367437,501.9781559294191,0.0,165.75,24.27,14.18,0.9,16.42,0.0,0.0,0.0,main_seed1,1,d1c1eb972d85b5605cb5db7c2c6bc30520ef1b725ec02f3d139c77d64d6a78a6,1500,pre_fed,F-MADRL,deterministic,a3ae6cf95bff3ebbf3807974a7d9f27d5eb49aa796e78ad46165dabcfffe4138
3,18,17,185.6,26.26,4.67,9.83,4.92,-0.0829053670167923,-0.9688147306442261,91.72840566969136,-37.40914837897402,91.72840566969136,-0.18947368421052882,0.9,0.9,2.4493786397096167,65.58044665422878,-65.58044665422878,720.8759908045897,126.80720528531852,644.6557906110689,-746.1694933504887,0.0,0.0,65.58044665422878,644.6557906110689,0.0,187.07,24.27,14.18,0.9,16.42,0.0,0.0,0.0,main_seed1,1,d1c1eb972d85b5605cb5db7c2c6bc30520ef1b725ec02f3d139c77d64d6a78a6,1500,pre_fed,F-MADRL,deterministic,a3ae6cf95bff3ebbf3807974a7d9f27d5eb49aa796e78ad46165dabcfffe4138
1,19,18,539.8,26.77,0.18,8.63,4.32,0.19271476566791534,-0.6789891719818115,119.03639390890868,-29.543092917341795,119.03639390890868,-0.18947368421052882,0.9,0.9,2.9159384044939634,396.9190181797958,-396.9190181797958,858.6624440651362,111.40639664265923,3425.411126891638,-2197.739983799717,0.0,0.0,396.9190181797958,3425.411126891638,0.0,413.8,26.26,4.67,0.9,9.83,0.0,0.0,0.0,main_seed1,1,d1c1eb972d85b5605cb5db7c2c6bc30520ef1b725ec02f3d139c77d64d6a78a6,1500,pre_fed,F-MADRL,deterministic,a3ae6cf95bff3ebbf3807974a7d9f27d5eb49aa796e78ad46165dabcfffe4138
2,19,18,162.5,26.77,0.18,8.63,4.32,-0.41232025623321533,-0.7166463732719421,85.3382590883735,-30.741384541714673,85.3382590883735,-0.18947368421052882,0.9,0.9,2.2419757080832596,52.64319030392028,-52.64319030392028,905.0692119501426,119.10680096398887,454.31073232283205,-739.2433726184818,0.0,0.0,52.64319030392028,454.31073232283205,0.0,164.25,26.26,4.67,0.9,9.83,0.0,0.0,0.0,main_seed1,1,d1c1eb972d85b5605cb5db7c2c6bc30520ef1b725ec02f3d139c77d64d6a78a6,1500,pre_fed,F-MADRL,deterministic,a3ae6cf95bff3ebbf3807974a7d9f27d5eb49aa796e78ad46165dabcfffe4138
3,19,18,183.4,26.77,0.18,8.63,4.32,-0.08405186235904694,-0.8991566300392151,91.61455140631853,-35.79434852972646,91.61455140631853,-0.18947368421052882,0.9,0.9,2.36750155444216,67.39242383233416,-67.39242383233416,720.0161909498299,126.80720528531852,581.5966176730439,-714.2100069540961,0.0,0.0,67.39242383233416,581.5966176730439,0.0,185.6,26.26,4.67,0.9,9.83,0.0,0.0,0.0,main_seed1,1,d1c1eb972d85b5605cb5db7c2c6bc30520ef1b725ec02f3d139c77d64d6a78a6,1500,pre_fed,F-MADRL,deterministic,a3ae6cf95bff3ebbf3807974a7d9f27d5eb49aa796e78ad46165dabcfffe4138
1,20,19,557.2,26.22,0.0,8.87,4.44,0.205457866191864,-0.7215533256530762,120.26148679121962,-30.89352732405054,120.26148679121962,-0.18947368421052882,0.9,0.9,2.925840262140182,413.83382715513113,-413.83382715513113,868.0445886081773,111.40639664265923,3670.706046866013,-2325.0785160584246,0.0,0.0,413.83382715513113,3670.706046866013,0.0,539.8,26.77,0.18,0.9,8.63,0.0,0.0,0.0,main_seed1,1,d1c1eb972d85b5605cb5db7c2c6bc30520ef1b725ec02f3d139c77d64d6a78a6,1500,pre_fed,F-MADRL,deterministic,a3ae6cf95bff3ebbf3807974a7d9f27d5eb49aa796e78ad46165dabcfffe4138
2,20,19,165.75,26.22,0.0,8.87,4.44,-0.4116657078266144,-0.712394654750824,85.41594621484604,-30.60881312563965,85.41594621484604,-0.18947368421052882,0.9,0.9,2.22892945061271,56.53245691997719,-56.53245691997719,905.6112918954343,119.10680096398887,501.44289288019763,-763.0804928698104,0.0,0.0,56.53245691997719,501.44289288019763,0.0,162.5,26.77,0.18,0.9,8.63,0.0,0.0,0.0,main_seed1,1,d1c1eb972d85b5605cb5db7c2c6bc30520ef1b725ec02f3d139c77d64d6a78a6,1500,pre_fed,F-MADRL,deterministic,a3ae6cf95bff3ebbf3807974a7d9f27d5eb49aa796e78ad46165dabcfffe4138
3,20,19,187.07,26.22,0.0,8.87,4.44,-0.08514747768640518,-0.8823719024658203,91.50577030118856,-35.38027933147115,91.50577030118856,-0.18947368421052882,0.9,0.9,2.350725932339561,71.88442931536152,-71.88442931536152,719.1949324348374,126.80720528531852,637.6148880272566,-741.8085128737063,0.0,0.0,71.88442931536152,637.6148880272566,0.0,183.4,26.77,0.18,0.9,8.63,0.0,0.0,0.0,main_seed1,1,d1c1eb972d85b5605cb5db7c2c6bc30520ef1b725ec02f3d139c77d64d6a78a6,1500,pre_fed,F-MADRL,deterministic,a3ae6cf95bff3ebbf3807974a7d9f27d5eb49aa796e78ad46165dabcfffe4138
1,21,20,557.1,32.84,0.0,8.35,4.18,0.2075549215078354,-0.7258356213569641,120.46249762370573,-31.025550661631694,120.46249762370573,-0.18947368421052882,0.9,0.9,3.0622604787899044,407.0492365392947,-407.0492365392947,869.5863144109013,111.40639664265923,3398.8611251031107,-2189.926918078336,0.0,0.0,407.0492365392947,3398.8611251031107,0.0,557.2,26.22,0.0,0.9,8.87,0.0,0.0,0.0,main_seed1,1,d1c1eb972d85b5605cb5db7c2c6bc30520ef1b725ec02f3d139c77d64d6a78a6,1500,pre_fed,F-MADRL,deterministic,a3ae6cf95bff3ebbf3807974a7d9f27d5eb49aa796e78ad46165dabcfffe4138
2,21,20,169.0,32.84,0.0,8.35,4.18,-0.41165536642074585,-0.7130410075187683,85.4171739353293,-30.62901141818791,85.4171739353293,-0.18947368421052882,0.9,0.9,2.361354005022376,53.2936537539036,-53.2936537539036,905.6198593362175,119.10680096398887,445.002008845095,-734.8643345726507,0.0,0.0,53.2936537539036,445.002008845095,0.0,165.75,26.22,0.0,0.9,8.87,0.0,0.0,0.0,main_seed1,1,d1c1eb972d85b5605cb5db7c2c6bc30520ef1b725ec02f3d139c77d64d6a78a6,1500,pre_fed,F-MADRL,deterministic,a3ae6cf95bff3ebbf3807974a7d9f27d5eb49aa796e78ad46165dabcfffe4138
3,21,20,190.73,32.84,0.0,8.35,4.18,-0.08501962572336197,-0.8843700885772705,91.51846338760181,-35.43009298243799,91.51846338760181,-0.18947368421052882,0.9,0.9,2.483379794067826,69.04439009067653,-69.04439009067653,719.2907491198307,126.80720528531852,576.520657257149,-711.3093058311491,0.0,0.0,69.04439009067653,576.520657257149,0.0,187.07,26.22,0.0,0.9,8.87,0.0,0.0,0.0,main_seed1,1,d1c1eb972d85b5605cb5db7c2c6bc30520ef1b725ec02f3d139c77d64d6a78a6,1500,pre_fed,F-MADRL,deterministic,a3ae6cf95bff3ebbf3807974a7d9f27d5eb49aa796e78ad46165dabcfffe4138
1,22,21,535.0,36.02,0.0,16.44,8.22,0.21041932702064514,-0.7435511350631714,120.73678299681849,-31.56429407698819,120.73678299681849,-0.18947368421052882,0.9,0.9,3.131346186252159,381.5640368736442,-381.5640368736442,871.6911019660106,111.40639664265923,6272.912766202711,-3628.0051324056903,0.0,0.0,381.5640368736442,6272.912766202711,0.0,557.1,32.84,0.0,0.9,8.35,0.0,0.0,0.0,main_seed1,1,d1c1eb972d85b5605cb5db7c2c6bc30520ef1b725ec02f3d139c77d64d6a78a6,1500,pre_fed,F-MADRL,deterministic,a3ae6cf95bff3ebbf3807974a7d9f27d5eb49aa796e78ad46165dabcfffe4138
2,22,21,161.2,36.02,0.0,16.44,8.22,-0.42290201783180237,-0.733375608921051,84.08786312783117,-31.25630848536911,84.08786312783117,-0.18947368421052882,0.9,0.9,2.3983677888724126,43.679978345251754,-43.679978345251754,896.356904879158,119.10680096398887,718.0988439959389,-866.781274919543,0.0,0.0,43.679978345251754,718.0988439959389,0.0,169.0,32.84,0.0,0.9,8.35,0.0,0.0,0.0,main_seed1,1,d1c1eb972d85b5605cb5db7c2c6bc30520ef1b725ec02f3d139c77d64d6a78a6,1500,pre_fed,F-MADRL,deterministic,a3ae6cf95bff3ebbf3807974a7d9f27d5eb49aa796e78ad46165dabcfffe4138
3,22,21,181.93,36.02,0.0,16.44,8.22,-0.0882188230752945,-0.9064474105834961,91.20093228437003,-35.97113757563024,91.20093228437003,-0.18947368421052882,0.9,0.9,2.5406291720031904,57.43917057184369,-57.43917057184369,716.8947120428032,126.80720528531852,944.2999642011104,-894.0009407646161,0.0,0.0,57.43917057184369,944.2999642011104,0.0,190.73,32.84,0.0,0.9,8.35,0.0,0.0,0.0,main_seed1,1,d1c1eb972d85b5605cb5db7c2c6bc30520ef1b725ec02f3d139c77d64d6a78a6,1500,pre_fed,F-MADRL,deterministic,a3ae6cf95bff3ebbf3807974a7d9f27d5eb49aa796e78ad46165dabcfffe4138
1,23,22,437.8,37.23,0.0,16.19,8.1,0.2227441370487213,-0.7585281133651733,121.91319935595655,-32.010458591062985,121.91319935595655,-0.18947368421052882,0.9,0.9,3.1790745134349203,282.0253488416889,-282.0253488416889,880.7324085514335,111.40639664265923,4565.990397746944,-2779.0646014705185,0.0,0.0,282.0253488416889,4565.990397746944,0.0,535.0,36.02,0.0,0.9,16.44,0.0,0.0,0.0,main_seed1,1,d1c1eb972d85b5605cb5db7c2c6bc30520ef1b725ec02f3d139c77d64d6a78a6,1500,pre_fed,F-MADRL,deterministic,a3ae6cf95bff3ebbf3807974a7d9f27d5eb49aa796e78ad46165dabcfffe4138
2,23,22,148.0,37.23,0.0,16.19,8.1,-0.43923574686050415,-0.7794873118400574,82.17849445765624,-32.620616891527455,82.17849445765624,-0.18947368421052882,0.9,0.9,2.3843804154689145,31.16535964202319,-31.16535964202319,883.0989661495729,119.10680096398887,504.5671726043555,-753.3864698589587,0.0,0.0,31.16535964202319,504.5671726043555,0.0,161.2,36.02,0.0,0.9,16.44,0.0,0.0,0.0,main_seed1,1,d1c1eb972d85b5605cb5db7c2c6bc30520ef1b725ec02f3d139c77d64d6a78a6,1500,pre_fed,F-MADRL,deterministic,a3ae6cf95bff3ebbf3807974a7d9f27d5eb49aa796e78ad46165dabcfffe4138
3,23,22,161.39,37.23,0.0,16.19,8.1,-0.09252199530601501,-0.9981865286827087,90.77411097756831,-38.041574601595954,90.77411097756831,-0.18947368421052882,0.9,0.9,2.5562927458671556,36.131655452509364,-36.131655452509364,713.6770074054668,126.80720528531852,584.9715017761266,-712.727857233456,0.0,0.0,36.131655452509364,584.9715017761266,0.0,181.93,36.02,0.0,0.9,16.44,0.0,0.0,0.0,main_seed1,1,d1c1eb972d85b5605cb5db7c2c6bc30520ef1b725ec02f3d139c77d64d6a78a6,1500,pre_fed,F-MADRL,deterministic,a3ae6cf95bff3ebbf3807974a7d9f27d5eb49aa796e78ad46165dabcfffe4138
1,24,23,447.3,44.12,0.0,8.87,4.44,0.21194876730442047,-0.7317773699760437,120.88310369458652,-31.207576099788064,120.88310369458652,-0.18947368421052882,0.9,0.9,3.2962726002075198,285.78264258983154,-285.78264258983154,872.8144236796078,111.40639664265923,2534.8920397718057,-1759.5564300470364,4.024897191824536,0.0,281.757745398007,2517.0617452120227,0.0,437.8,37.23,0.0,0.9,16.19,0.0,0.0,0.0,main_seed1,1,d1c1eb972d85b5605cb5db7c2c6bc30520ef1b725ec02f3d139c77d64d6a78a6,1500,pre_fed,F-MADRL,deterministic,a3ae6cf95bff3ebbf3807974a7d9f27d5eb49aa796e78ad46165dabcfffe4138
2,24,23,119.6,44.12,0.0,8.87,4.44,-0.4389013648033142,-0.7776868939399719,82.2173279615825,-32.56885190959703,82.2173279615825,-0.18947368421052882,0.9,0.9,2.5229570855474397,-4.024897191824536,4.024897191824536,883.368059352071,119.10680096398887,35.70083809148363,-519.0878492037717,0.0,4.024897191824536,0.0,-17.870543531700942,0.0,148.0,37.23,0.0,0.9,16.19,4.024897191824536,0.0,0.0,main_seed1,1,d1c1eb972d85b5605cb5db7c2c6bc30520ef1b725ec02f3d139c77d64d6a78a6,1500,pre_fed,F-MADRL,deterministic,a3ae6cf95bff3ebbf3807974a7d9f27d5eb49aa796e78ad46165dabcfffe4138
3,24,23,134.98,44.12,0.0,8.87,4.44,-0.09298468381166458,-0.9917981028556824,90.72823791517224,-37.90639979494555,90.72823791517224,-0.18947368421052882,0.9,0.9,2.693175284619234,3.0144110536575113,-3.0144110536575113,713.3313872614757,126.80720528531852,26.73782604594212,-433.4382092963682,0.0,0.0,3.0144110536575113,26.73782604594212,0.0,161.39,37.23,0.0,0.9,16.19,0.0,0.0,0.0,main_seed1,1,d1c1eb972d85b5605cb5db7c2c6bc30520ef1b725ec02f3d139c77d64d6a78a6,1500,pre_fed,F-MADRL,deterministic,a3ae6cf95bff3ebbf3807974a7d9f27d5eb49aa796e78ad46165dabcfffe4138
1,1,0,457.7,51.48,0.0,8.65,4.33,0.4649656116962433,-0.37336766719818115,143.4122664004079,-17.846692916028058,143.4122664004079,-17.846692916028058,0.5,0.6685435827022665,3.5409114696875967,284.19533798530773,-284.19533798530773,1049.911496858556,392.6067790579169,2458.289673572912,-1950.4039747446923,0.0,0.0,284.19533798530773,2458.289673572912,0.0,447.3,44.12,0.0,0.5,8.87,0.0,0.0,0.0,main_seed1,1,d1c1eb972d85b5605cb5db7c2c6bc30520ef1b725ec02f3d139c77d64d6a78a6,1500,pre_fed,PPO-MADRL,deterministic,1551c07e365502976b4614a1ecd8198b632376190652e9022251cc1de854629d
2,1,0,110.5,51.48,0.0,8.65,4.33,-0.4642762541770935,-0.8122775554656982,79.30117200107372,-33.542237761945245,79.30117200107372,-33.542237761945245,0.5,0.8176512587384798,1.9447786847825694,15.205844445654094,-15.205844445654094,863.2245936597523,293.8373396341582,131.53055445490793,-644.2962438744091,0.0,0.0,15.205844445654094,131.53055445490793,0.0,119.6,44.12,0.0,0.5,8.87,0.0,0.0,0.0,main_seed1,1,d1c1eb972d85b5605cb5db7c2c6bc30520ef1b725ec02f3d139c77d64d6a78a6,1500,pre_fed,PPO-MADRL,deterministic,1551c07e365502976b4614a1ecd8198b632376190652e9022251cc1de854629d
3,1,0,124.71,51.48,0.0,8.65,4.33,-0.12172623723745346,-0.6167160868644714,87.88714377642317,-27.441872034285637,87.88714377642317,-27.441872034285637,0.5,0.7596977843257136,2.2385054348427507,15.023233692705205,-15.023233692705205,692.0037307322066,350.1123712891369,129.95097144190004,-586.0335367316218,0.0,0.0,15.023233692705205,129.95097144190004,0.0,134.98,44.12,0.0,0.5,8.87,0.0,0.0,0.0,main_seed1,1,d1c1eb972d85b5605cb5db7c2c6bc30520ef1b725ec02f3d139c77d64d6a78a6,1500,pre_fed,PPO-MADRL,deterministic,1551c07e365502976b4614a1ecd8198b632376190652e9022251cc1de854629d
1,2,1,336.5,38.37,0.0,8.11,4.06,0.4804109036922455,-0.39268556237220764,144.65726289598564,-18.68365581793119,144.65726289598564,-18.68365581793119,0.6685435827022665,0.8447012258072084,3.286872141561089,175.44326506350663,-175.44326506350663,1059.93790580436,212.66916578761177,1422.8448796650387,-1347.7259756285052,0.0,0.0,175.44326506350663,1422.8448796650387,0.0,457.7,51.48,0.0,0.6685435827022665,8.65,0.0,0.0,0.0,main_seed1,1,d1c1eb972d85b5605cb5db7c2c6bc30520ef1b725ec02f3d139c77d64d6a78a6,1500,pre_fed,PPO-MADRL,deterministic,1551c07e365502976b4614a1ecd8198b632376190652e9022251cc1de854629d
2,2,1,109.85,38.37,0.0,8.11,4.06,-0.520574152469635,-0.9053486585617065,73.05997677448416,-35.94461302292474,73.05997677448416,-8.84042566094708,0.8176512587384798,0.9,2.0517910222707414,9.312239908733659,-9.312239908733659,820.54764564686,141.99287984424308,75.52226565982997,-519.0313955754666,0.0,0.0,9.312239908733659,75.52226565982997,0.0,110.5,51.48,0.0,0.8176512587384798,8.65,0.0,0.0,0.0,main_seed1,1,d1c1eb972d85b5605cb5db7c2c6bc30520ef1b725ec02f3d139c77d64d6a78a6,1500,pre_fed,PPO-MADRL,deterministic,1551c07e365502976b4614a1ecd8198b632376190652e9022251cc1de854629d
3,2,1,123.98,38.37,0.0,8.11,4.06,-0.14535240828990936,-0.7362650632858276,85.56626501256608,-31.34416482356388,85.56626501256608,-14.928590657151359,0.7596977843257136,0.9,2.1801534871082944,17.152479131693582,-17.152479131693582,674.6950639509155,166.92445761354605,139.10660575803493,-490.36306366124825,0.0,0.0,17.152479131693582,139.10660575803493,0.0,124.71,51.48,0.0,0.7596977843257136,8.65,0.0,0.0,0.0,main_seed1,1,d1c1eb972d85b5605cb5db7c2c6bc30520ef1b725ec02f3d139c77d64d6a78a6,1500,pre_fed,PPO-MADRL,deterministic,1551c07e365502976b4614a1ecd8198b632376190652e9022251cc1de854629d
1,3,2,274.9,43.56,0.0,8.25,4.13,0.4011822044849396,-0.3342466652393341,138.09600476379146,-16.11657086425509,138.09600476379146,-5.998755436253267,0.8447012258072084,0.9,3.513144986550764,102.75589565901257,-102.75589565901257,1007.380250155828,126.39722808427753,847.7361391868536,-990.7568087134796,4.17719848622842,0.0,98.57869717278415,830.5260814235926,0.0,336.5,38.37,0.0,0.8447012258072084,8.11,0.0,0.0,0.0,main_seed1,1,d1c1eb972d85b5605cb5db7c2c6bc30520ef1b725ec02f3d139c77d64d6a78a6,1500,pre_fed,PPO-MADRL,deterministic,1551c07e365502976b4614a1ecd8198b632376190652e9022251cc1de854629d
2,3,2,112.45,43.56,0.0,8.25,4.13,-0.5030978322029114,-0.8708124160766602,74.96300701415548,-35.08933317679533,74.96300701415548,-0.18947368421052882,0.9,0.9,2.3666706665988992,-3.5168626633460605,3.5168626633460605,833.497718236996,119.10680096398887,29.014116972605,-490.809318086795,0.0,3.5168626633460605,0.0,-14.52464279961923,0.0,109.85,38.37,0.0,0.9,8.11,3.5168626633460605,0.0,0.0,main_seed1,1,d1c1eb972d85b5605cb5db7c2c6bc30520ef1b725ec02f3d139c77d64d6a78a6,1500,pre_fed,PPO-MADRL,deterministic,1551c07e365502976b4614a1ecd8198b632376190652e9022251cc1de854629d
3,3,2,126.91,43.56,0.0,8.25,4.13,-0.13274133205413818,-0.7253204584121704,86.8032857483762,-31.009705210909498,86.8032857483762,-0.18947368421052882,0.9,0.9,2.6034762412833135,-0.6603358228823595,0.6603358228823595,683.9077891568511,126.80720528531852,5.447770538779466,-408.08138249047454,0.0,0.6603358228823595,0.0,-2.7271869485041447,0.0,123.98,38.37,0.0,0.9,8.11,0.6603358228823595,0.0,0.0,main_seed1,1,d1c1eb972d85b5605cb5db7c2c6bc30520ef1b725ec02f3d139c77d64d6a78a6,1500,pre_fed,PPO-MADRL,deterministic,1551c07e365502976b4614a1ecd8198b632376190652e9022251cc1de854629d
1,4,3,272.6,40.75,0.0,8.1,4.05,0.38361868262290955,-0.328117698431015,136.58459551940942,-15.841421625146895,136.58459551940942,-0.18947368421052882,0.9,0.9,3.542902436703978,98.9977806015051,-98.9977806015051,995.3722354099473,111.40639664265923,801.8820228721912,-954.3303274623988,1.5018249567006166,0.0,97.49595564480448,795.7996317975537,0.0,274.9,43.56,0.0,0.9,8.25,0.0,0.0,0.0,main_seed1,1,d1c1eb972d85b5605cb5db7c2c6bc30520ef1b725ec02f3d139c77d64d6a78a6,1500,pre_fed,PPO-MADRL,deterministic,1551c07e365502976b4614a1ecd8198b632376190652e9022251cc1de854629d
2,4,3,110.5,40.75,0.0,8.1,4.05,-0.5144152641296387,-0.8915351629257202,73.72705017063973,-35.60755750582831,73.72705017063973,-0.18947368421052882,0.9,0.9,2.285751529728584,-1.5018249567006166,1.5018249567006166,825.0807972134003,119.10680096398887,12.164782149274993,-478.1761901633321,0.0,1.5018249567006166,0.0,-6.0823910746374965,0.0,112.45,43.56,0.0,0.9,8.25,1.5018249567006166,0.0,0.0,main_seed1,1,d1c1eb972d85b5605cb5db7c2c6bc30520ef1b725ec02f3d139c77d64d6a78a6,1500,pre_fed,PPO-MADRL,deterministic,1551c07e365502976b4614a1ecd8198b632376190652e9022251cc1de854629d
3,4,3,124.71,40.75,0.0,8.1,4.05,-0.14012511074543,-0.7473011016845703,86.07848639929577,-31.676803352922846,86.07848639929577,-0.18947368421052882,0.9,0.9,2.532780254301705,0.6037675392164488,-0.6037675392164488,678.506311277449,126.80720528531852,4.890517067653235,-405.1020168152104,0.0,0.0,0.6037675392164488,4.890517067653235,0.0,126.91,43.56,0.0,0.9,8.25,0.0,0.0,0.0,main_seed1,1,d1c1eb972d85b5605cb5db7c2c6bc30520ef1b725ec02f3d139c77d64d6a78a6,1500,pre_fed,PPO-MADRL,deterministic,1551c07e365502976b4614a1ecd8198b632376190652e9022251cc1de854629d
1,5,4,245.3,27.74,0.0,8.14,4.07,0.37646275758743286,-0.3212089240550995,135.96316397189395,-15.529981378012128,135.96316397189395,-0.18947368421052882,0.9,0.9,3.2702738057536687,85.05658351807025,-85.05658351807025,990.4457517729431,111.40639664265923,692.3605898370919,-897.1063691263471,0.0,0.0,85.05658351807025,692.3605898370919,0.0,272.6,40.75,0.0,0.9,8.1,0.0,0.0,0.0,main_seed1,1,d1c1eb972d85b5605cb5db7c2c6bc30520ef1b725ec02f3d139c77d64d6a78a6,1500,pre_fed,PPO-MADRL,deterministic,1551c07e365502976b4614a1ecd8198b632376190652e9022251cc1de854629d
2,5,4,113.75,27.74,0.0,8.14,4.07,-0.5074907541275024,-0.87894606590271,74.48170629698532,-35.29454679989481,74.48170629698532,-0.18947368421052882,0.9,0.9,2.0406446522554957,13.758412039480703,-13.758412039480703,830.2172785209955,119.10680096398887,111.99347400137293,-530.6587767431787,0.0,0.0,13.758412039480703,111.99347400137293,0.0,110.5,40.75,0.0,0.9,8.1,0.0,0.0,0.0,main_seed1,1,d1c1eb972d85b5605cb5db7c2c6bc30520ef1b725ec02f3d139c77d64d6a78a6,1500,pre_fed,PPO-MADRL,deterministic,1551c07e365502976b4614a1ecd8198b632376190652e9022251cc1de854629d
3,5,4,128.38,27.74,0.0,8.14,4.07,-0.13625523447990417,-0.7352556586265564,86.45817653601404,-31.31350912950906,86.45817653601404,-0.18947368421052882,0.9,0.9,2.2801740570360702,16.651471205232554,-16.651471205232554,681.3346604286008,126.80720528531852,135.542975610593,-471.8424206622562,0.0,0.0,16.651471205232554,135.542975610593,0.0,124.71,40.75,0.0,0.9,8.1,0.0,0.0,0.0,main_seed1,1,d1c1eb972d85b5605cb5db7c2c6bc30520ef1b725ec02f3d139c77d64d6a78a6,1500,pre_fed,PPO-MADRL,deterministic,1551c07e365502976b4614a1ecd8198b632376190652e9022251cc1de854629d
1,6,5,233.7,30.15,0.0,8.13,4.07,0.33730241656303406,-0.28471338748931885,132.50669806078412,-13.863089594849697,132.50669806078412,-0.18947368421052882,0.9,0.9,3.249344487531472,74.48212011095785,-74.48212011095785,963.1583156585568,111.40639664265923,605.5396365020874,-840.0521744016518,0.0,0.0,74.48212011095785,605.5396365020874,0.0,245.3,27.74,0.0,0.9,8.14,0.0,0.0,0.0,main_seed1,1,d1c1eb972d85b5605cb5db7c2c6bc30520ef1b725ec02f3d139c77d64d6a78a6,1500,pre_fed,PPO-MADRL,deterministic,1551c07e365502976b4614a1ecd8198b632376190652e9022251cc1de854629d
2,6,5,120.25,30.15,0.0,8.13,4.07,-0.4842558205127716,-0.835763692855835,77.04963366854496,-34.17793550920093,77.04963366854496,-0.18947368421052882,0.9,0.9,2.1402031996866886,15.380043215352273,-15.380043215352273,847.7604292056084,119.10680096398887,125.039751340814,-545.9534907552056,0.0,0.0,15.380043215352273,125.039751340814,0.0,113.75,27.74,0.0,0.9,8.14,0.0,0.0,0.0,main_seed1,1,d1c1eb972d85b5605cb5db7c2c6bc30520ef1b725ec02f3d139c77d64d6a78a6,1500,pre_fed,PPO-MADRL,deterministic,1551c07e365502976b4614a1ecd8198b632376190652e9022251cc1de854629d
3,6,5,135.43,30.15,0.0,8.13,4.07,-0.11646958440542221,-0.6800228953361511,88.40542166074299,-29.576713979913848,88.40542166074299,-0.18947368421052882,0.9,0.9,2.367318959530649,19.431370982998203,-19.431370982998203,695.8829263495476,126.80720528531852,157.9770460917754,-490.33358886332076,0.0,0.0,19.431370982998203,157.9770460917754,0.0,128.38,27.74,0.0,0.9,8.14,0.0,0.0,0.0,main_seed1,1,d1c1eb972d85b5605cb5db7c2c6bc30520ef1b725ec02f3d139c77d64d6a78a6,1500,pre_fed,PPO-MADRL,deterministic,1551c07e365502976b4614a1ecd8198b632376190652e9022251cc1de854629d
1,7,6,274.6,28.65,0.16,8.34,4.17,0.3367791473865509,-0.2864390015602112,132.4598924949856,-13.942699378784981,132.4598924949856,-0.18947368421052882,0.9,0.9,3.2216083762155017,116.74118956544044,-116.74118956544044,962.790132341561,111.40639664265923,973.6215209757733,-1023.9090249799967,0.0,0.0,116.74118956544044,973.6215209757733,0.0,233.7,30.15,0.0,0.9,8.13,0.0,0.0,0.0,main_seed1,1,d1c1eb972d85b5605cb5db7c2c6bc30520ef1b725ec02f3d139c77d64d6a78a6,1500,pre_fed,PPO-MADRL,deterministic,1551c07e365502976b4614a1ecd8198b632376190652e9022251cc1de854629d
2,7,6,130.0,28.65,0.16,8.34,4.17,-0.49042415618896484,-0.8470091819763184,76.36257786457777,-34.47518831592672,76.36257786457777,-0.18947368421052882,0.9,0.9,2.0996620836073445,27.116557903240107,-27.116557903240107,843.0568913365419,119.10680096398887,226.1520929130225,-594.1578926067766,0.0,0.0,27.116557903240107,226.1520929130225,0.0,120.25,30.15,0.0,0.9,8.13,0.0,0.0,0.0,main_seed1,1,d1c1eb972d85b5605cb5db7c2c6bc30520ef1b725ec02f3d139c77d64d6a78a6,1500,pre_fed,PPO-MADRL,deterministic,1551c07e365502976b4614a1ecd8198b632376190652e9022251cc1de854629d
3,7,6,146.72,28.65,0.16,8.34,4.17,-0.12010293453931808,-0.6912153959274292,88.04712363169297,-29.938111235286037,88.04712363169297,-0.18947368421052882,0.9,0.9,2.333352998949649,32.38570305146722,-32.38570305146722,693.200600108375,126.80720528531852,270.09676344923656,-545.0522844214651,0.0,0.0,32.38570305146722,270.09676344923656,0.0,135.43,30.15,0.0,0.9,8.13,0.0,0.0,0.0,main_seed1,1,d1c1eb972d85b5605cb5db7c2c6bc30520ef1b725ec02f3d139c77d64d6a78a6,1500,pre_fed,PPO-MADRL,deterministic,1551c07e365502976b4614a1ecd8198b632376190652e9022251cc1de854629d
1,8,7,291.0,23.38,1.77,9.35,4.68,0.3541398048400879,-0.29643702507019043,134.00418101142876,-14.40243141965088,134.00418101142876,-0.18947368421052882,0.9,0.9,3.1792941465443647,135.21458681932614,-135.21458681932614,974.956591666577,111.40639664265923,1264.2563867606993,-1175.309687534968,0.0,0.0,135.21458681932614,1264.2563867606993,0.0,274.6,28.65,0.16,0.9,8.34,0.0,0.0,0.0,main_seed1,1,d1c1eb972d85b5605cb5db7c2c6bc30520ef1b725ec02f3d139c77d64d6a78a6,1500,pre_fed,PPO-MADRL,deterministic,1551c07e365502976b4614a1ecd8198b632376190652e9022251cc1de854629d
2,8,7,157.95,23.38,1.77,9.35,4.68,-0.49221518635749817,-0.8497092723846436,76.16380406012897,-34.54587782631931,76.16380406012897,-0.18947368421052882,0.9,0.9,2.0224866075183687,58.84815623159993,-58.84815623159993,841.6974374332464,119.10680096398887,550.2302607654593,-755.5172495813473,0.0,0.0,58.84815623159993,550.2302607654593,0.0,130.0,28.65,0.16,0.9,8.34,0.0,0.0,0.0,main_seed1,1,d1c1eb972d85b5605cb5db7c2c6bc30520ef1b725ec02f3d139c77d64d6a78a6,1500,pre_fed,PPO-MADRL,deterministic,1551c07e365502976b4614a1ecd8198b632376190652e9022251cc1de854629d
3,8,7,178.26,23.38,1.77,9.35,4.68,-0.1171218752861023,-0.6855758428573608,88.34107435074536,-29.75661619960437,88.34107435074536,-0.18947368421052882,0.9,0.9,2.2660320133306966,67.22443134679587,-67.22443134679587,695.4010234435477,126.80720528531852,628.5484330925414,-725.3783309107039,0.0,0.0,67.22443134679587,628.5484330925414,0.0,146.72,28.65,0.16,0.9,8.34,0.0,0.0,0.0,main_seed1,1,d1c1eb972d85b5605cb5db7c2c6bc30520ef1b725ec02f3d139c77d64d6a78a6,1500,pre_fed,PPO-MADRL,deterministic,1551c07e365502976b4614a1ecd8198b632376190652e9022251cc1de854629d
1,9,8,315.7,21.75,5.3,12.0,6.0,0.3581308424472809,-0.2943633496761322,134.35665680655825,-14.307293809797466,134.35665680655825,-0.18947368421052882,0.9,0.9,3.224343662446955,157.7071605400992,-157.7071605400992,977.7389378822188,111.40639664265923,1892.4859264811905,-1490.8156305030343,0.0,0.0,157.7071605400992,1892.4859264811905,0.0,291.0,23.38,1.77,0.9,9.35,0.0,0.0,0.0,main_seed1,1,d1c1eb972d85b5605cb5db7c2c6bc30520ef1b725ec02f3d139c77d64d6a78a6,1500,pre_fed,PPO-MADRL,deterministic,1551c07e365502976b4614a1ecd8198b632376190652e9022251cc1de854629d
2,9,8,165.1,21.75,5.3,12.0,6.0,-0.5007574558258057,-0.8627457618713379,75.22022926299002,-34.883482781218746,75.22022926299002,-0.18947368421052882,0.9,0.9,2.04161511157559,65.0608595327961,-65.0608595327961,835.2523321806468,119.10680096398887,780.7303143935533,-867.5447237690945,0.0,0.0,65.0608595327961,780.7303143935533,0.0,157.95,23.38,1.77,0.9,9.35,0.0,0.0,0.0,main_seed1,1,d1c1eb972d85b5605cb5db7c2c6bc30520ef1b725ec02f3d139c77d64d6a78a6,1500,pre_fed,PPO-MADRL,deterministic,1551c07e365502976b4614a1ecd8198b632376190652e9022251cc1de854629d
3,9,8,186.33,21.75,5.3,12.0,6.0,-0.10487446933984756,-0.6616283059120178,89.55083392748634,-28.97230116106071,89.55083392748634,-0.18947368421052882,0.9,0.9,2.328227204865516,72.24686696158972,-72.24686696158972,704.4741877612238,126.80720528531852,866.9624035390766,-849.1218982928094,0.0,0.0,72.24686696158972,866.9624035390766,0.0,178.26,23.38,1.77,0.9,9.35,0.0,0.0,0.0,main_seed1,1,d1c1eb972d85b5605cb5db7c2c6bc30520ef1b725ec02f3d139c77d64d6a78a6,1500,pre_fed,PPO-MADRL,deterministic,1551c07e365502976b4614a1ecd8198b632376190652e9022251cc1de854629d
1,10,9,362.4,34.82,11.6,9.19,4.6,0.3832649290561676,-0.3088960349559784,136.55395095117925,-14.971622294294177,136.55395095117925,-0.18947368421052882,0.9,0.9,3.6556895453393743,183.27121227837065,-183.27121227837065,995.1291497557995,111.40639664265923,1684.2624408382262,-1395.3989936183425,0.0,0.0,183.27121227837065,1684.2624408382262,0.0,315.7,21.75,5.3,0.9,12.0,0.0,0.0,0.0,main_seed1,1,d1c1eb972d85b5605cb5db7c2c6bc30520ef1b725ec02f3d139c77d64d6a78a6,1500,pre_fed,PPO-MADRL,deterministic,1551c07e365502976b4614a1ecd8198b632376190652e9022251cc1de854629d
2,10,9,169.0,34.82,11.6,9.19,4.6,-0.5285990834236145,-0.9094078540802002,72.19667073738759,-36.04239607207542,72.19667073738759,-0.18947368421052882,0.9,0.9,2.368543941063541,52.94134688788648,-52.94134688788648,814.6910202066384,119.10680096398887,486.53097789967677,-710.164399535152,0.0,0.0,52.94134688788648,486.53097789967677,0.0,165.1,21.75,5.3,0.9,12.0,0.0,0.0,0.0,main_seed1,1,d1c1eb972d85b5605cb5db7c2c6bc30520ef1b725ec02f3d139c77d64d6a78a6,1500,pre_fed,PPO-MADRL,deterministic,1551c07e365502976b4614a1ecd8198b632376190652e9022251cc1de854629d
3,10,9,190.73,34.82,11.6,9.19,4.6,-0.09400556236505508,-0.6487604379653931,90.62703727806701,-28.541745486622062,90.62703727806701,-0.18947368421052882,0.9,0.9,2.7371512718771296,56.60958767802066,-56.60958767802066,712.5690555006707,126.80720528531852,520.2421107610098,-679.8091857734996,0.0,0.0,56.60958767802066,520.2421107610098,0.0,186.33,21.75,5.3,0.9,12.0,0.0,0.0,0.0,main_seed1,1,d1c1eb972d85b5605cb5db7c2c6bc30520ef1b725ec02f3d139c77d64d6a78a6,1500,pre_fed,PPO-MADRL,deterministic,1551c07e365502976b4614a1ecd8198b632376190652e9022251cc1de854629d
1,11,10,320.0,27.17,36.64,12.3,6.15,0.4318296015262604,-0.3530372679233551,140.6849198712175,-16.953319625794496,140.6849198712175,-0.18947368421052882,0.9,0.9,4.086108923740139,119.7806627367332,-119.7806627367332,1028.0349397646482,111.40639664265923,1473.3021516618185,-1306.371744034563,0.0,0.0,119.7806627367332,1473.3021516618185,0.0,362.4,34.82,11.6,0.9,9.19,0.0,0.0,0.0,main_seed1,1,d1c1eb972d85b5605cb5db7c2c6bc30520ef1b725ec02f3d139c77d64d6a78a6,1500,pre_fed,PPO-MADRL,deterministic,1551c07e365502976b4614a1ecd8198b632376190652e9022251cc1de854629d
2,11,10,173.55,27.17,36.64,12.3,6.15,-0.5352158546447754,-0.921950101852417,71.48987822831316,-36.340932501376145,71.48987822831316,-0.18947368421052882,0.9,0.9,2.7022080908820527,41.14180354677944,-41.14180354677944,809.9046087739714,119.10680096398887,506.0441836253872,-717.5277966816737,0.0,0.0,41.14180354677944,506.0441836253872,0.0,169.0,34.82,11.6,0.9,9.19,0.0,0.0,0.0,main_seed1,1,d1c1eb972d85b5605cb5db7c2c6bc30520ef1b725ec02f3d139c77d64d6a78a6,1500,pre_fed,PPO-MADRL,deterministic,1551c07e365502976b4614a1ecd8198b632376190652e9022251cc1de854629d
3,11,10,195.87,27.17,36.64,12.3,6.15,-0.10998965054750443,-0.6801820993423462,89.04517550245771,-29.581888316878324,89.04517550245771,-0.18947368421052882,0.9,0.9,3.053314036364944,46.25761221811777,-46.25761221811777,700.6783808317824,126.80720528531852,568.9686302828486,-698.2271081999747,0.0,0.0,46.25761221811777,568.9686302828486,0.0,190.73,34.82,11.6,0.9,9.19,0.0,0.0,0.0,main_seed1,1,d1c1eb972d85b5605cb5db7c2c6bc30520ef1b725ec02f3d139c77d64d6a78a6,1500,pre_fed,PPO-MADRL,deterministic,1551c07e365502976b4614a1ecd8198b632376190652e9022251cc1de854629d
1,12,11,350.0,30.2,42.68,20.7,10.35,0.45607703924179077,-0.3637962341308594,142.6881503032438,-17.427673413445348,142.6881503032438,-0.18947368421052882,0.9,0.9,4.307573532380665,138.92889691334742,-138.92889691334742,1044.0914764539393,111.40639664265923,2875.8281661062915,-2015.663019601445,0.0,0.0,138.92889691334742,2875.8281661062915,0.0,320.0,27.17,36.64,0.9,12.3,0.0,0.0,0.0,main_seed1,1,d1c1eb972d85b5605cb5db7c2c6bc30520ef1b725ec02f3d139c77d64d6a78a6,1500,pre_fed,PPO-MADRL,deterministic,1551c07e365502976b4614a1ecd8198b632376190652e9022251cc1de854629d
2,12,11,168.35,30.2,42.68,20.7,10.35,-0.5763249397277832,-0.984230637550354,67.20151329967678,-37.744574291658225,67.20151329967678,-0.18947368421052882,0.9,0.9,2.797840792309325,31.25580117684308,-31.25580117684308,781.0265253043905,119.10680096398887,646.9950843606517,-773.5642053145156,0.0,0.0,31.25580117684308,646.9950843606517,0.0,173.55,27.17,36.64,0.9,12.3,0.0,0.0,0.0,main_seed1,1,d1c1eb972d85b5605cb5db7c2c6bc30520ef1b725ec02f3d139c77d64d6a78a6,1500,pre_fed,PPO-MADRL,deterministic,1551c07e365502976b4614a1ecd8198b632376190652e9022251cc1de854629d
3,12,11,190.0,30.2,42.68,20.7,10.35,-0.058916281908750534,-0.5603994131088257,94.11517922324907,-25.413686044467347,94.11517922324907,-0.18947368421052882,0.9,0.9,3.336114110780771,26.530408571742242,-26.530408571742242,738.9570274092079,126.80720528531852,549.1794574350644,-707.4718450647954,0.0,0.0,26.530408571742242,549.1794574350644,0.0,195.87,27.17,36.64,0.9,12.3,0.0,0.0,0.0,main_seed1,1,d1c1eb972d85b5605cb5db7c2c6bc30520ef1b725ec02f3d139c77d64d6a78a6,1500,pre_fed,PPO-MADRL,deterministic,1551c07e365502976b4614a1ecd8198b632376190652e9022251cc1de854629d
1,13,12,345.2,23.52,35.22,26.82,13.41,0.5094629526138306,-0.3987860083580017,146.95266520573517,-18.945487254345142,146.95266520573517,-0.18947368421052882,0.9,0.9,4.1100638304304935,143.80687230890584,-143.80687230890584,1078.4894400464632,111.40639664265923,3856.9003153248545,-2523.3980760069885,0.0,0.0,143.80687230890584,3856.9003153248545,0.0,350.0,30.2,42.68,0.9,20.7,0.0,0.0,0.0,main_seed1,1,d1c1eb972d85b5605cb5db7c2c6bc30520ef1b725ec02f3d139c77d64d6a78a6,1500,pre_fed,PPO-MADRL,deterministic,1551c07e365502976b4614a1ecd8198b632376190652e9022251cc1de854629d
2,13,12,168.35,23.52,35.22,26.82,13.41,-0.6471701264381409,-1.1067988872528076,60.23334352815618,-40.14639671113079,60.23334352815618,-0.18947368421052882,0.9,0.9,2.375677396878913,51.941807552933255,-51.941807552933255,734.6986143515418,119.10680096398887,1393.07927856967,-1123.4423469426004,0.0,0.0,51.941807552933255,1393.07927856967,0.0,168.35,30.2,42.68,0.9,20.7,0.0,0.0,0.0,main_seed1,1,d1c1eb972d85b5605cb5db7c2c6bc30520ef1b725ec02f3d139c77d64d6a78a6,1500,pre_fed,PPO-MADRL,deterministic,1551c07e365502976b4614a1ecd8198b632376190652e9022251cc1de854629d
3,13,12,190.0,23.52,35.22,26.82,13.41,-0.04569922387599945,-0.5673739314079285,95.43325626142934,-25.671403569727236,95.43325626142934,-0.18947368421052882,0.9,0.9,3.0796756515443766,39.095893074325545,-39.095893074325545,748.988529685171,126.80720528531852,1048.5518522534112,-962.1737936119504,0.0,0.0,39.095893074325545,1048.5518522534112,0.0,190.0,30.2,42.68,0.9,20.7,0.0,0.0,0.0,main_seed1,1,d1c1eb972d85b5605cb5db7c2c6bc30520ef1b725ec02f3d139c77d64d6a78a6,1500,pre_fed,PPO-MADRL,deterministic,1551c07e365502976b4614a1ecd8198b632376190652e9022251cc1de854629d
1,14,13,320.6,39.48,35.46,27.35,13.68,0.49965089559555054,-0.38432979583740234,146.18425606038258,-18.323086519653568,146.18425606038258,-0.18947368421052882,0.9,0.9,4.418695647523442,104.0839132713514,-104.0839132713514,1072.2696220968012,111.40639664265923,2846.695027971461,-2015.1855233554606,0.0,0.0,104.0839132713514,2846.695027971461,0.0,345.2,23.52,35.22,0.9,26.82,0.0,0.0,0.0,main_seed1,1,d1c1eb972d85b5605cb5db7c2c6bc30520ef1b725ec02f3d139c77d64d6a78a6,1500,pre_fed,PPO-MADRL,deterministic,1551c07e365502976b4614a1ecd8198b632376190652e9022251cc1de854629d
2,14,13,165.75,39.48,35.46,27.35,13.68,-0.6701937913894653,-1.1475807428359985,58.084971822918654,-40.84755217623804,58.084971822918654,-0.18947368421052882,0.9,0.9,2.6567099627741624,35.57121182406604,-35.57121182406604,720.5640059868642,119.10680096398887,972.8726433882063,-906.2717251695296,0.0,0.0,35.57121182406604,972.8726433882063,0.0,168.35,23.52,35.22,0.9,26.82,0.0,0.0,0.0,main_seed1,1,d1c1eb972d85b5605cb5db7c2c6bc30520ef1b725ec02f3d139c77d64d6a78a6,1500,pre_fed,PPO-MADRL,deterministic,1551c07e365502976b4614a1ecd8198b632376190652e9022251cc1de854629d
3,14,13,187.07,39.48,35.46,27.35,13.68,-0.03779144212603569,-0.5733298659324646,96.22265387608982,-25.890027457357984,96.22265387608982,-0.18947368421052882,0.9,0.9,3.419463603837586,19.516283411958284,-19.516283411958284,755.0122106501807,126.80720528531852,533.7703513170591,-707.7948836262792,0.0,0.0,19.516283411958284,533.7703513170591,0.0,190.0,23.52,35.22,0.9,26.82,0.0,0.0,0.0,main_seed1,1,d1c1eb972d85b5605cb5db7c2c6bc30520ef1b725ec02f3d139c77d64d6a78a6,1500,pre_fed,PPO-MADRL,deterministic,1551c07e365502976b4614a1ecd8198b632376190652e9022251cc1de854629d
1,15,14,333.2,35.74,34.83,13.81,6.91,0.5198857188224792,-0.4099801480770111,147.76118048322726,-19.422791201854643,147.76118048322726,-0.18947368421052882,0.9,0.9,4.362834135980335,119.42112733696356,-119.42112733696356,1085.0442206722146,111.40639664265923,1649.205768523467,-1422.8281929191703,0.0,0.0,119.42112733696356,1649.205768523467,0.0,320.6,39.48,35.46,0.9,27.35,0.0,0.0,0.0,main_seed1,1,d1c1eb972d85b5605cb5db7c2c6bc30520ef1b725ec02f3d139c77d64d6a78a6,1500,pre_fed,PPO-MADRL,deterministic,1551c07e365502976b4614a1ecd8198b632376190652e9022251cc1de854629d
2,15,14,170.3,35.74,34.83,13.81,6.91,-0.6934313774108887,-1.1907566785812378,55.97454030418015,-41.540669822076225,55.97454030418015,-0.18947368421052882,0.9,0.9,2.527101332399393,46.472034712429775,-46.472034712429775,706.7473225609518,119.10680096398887,641.7787993786552,-733.816461451798,0.0,0.0,46.472034712429775,641.7787993786552,0.0,165.75,39.48,35.46,0.9,27.35,0.0,0.0,0.0,main_seed1,1,d1c1eb972d85b5605cb5db7c2c6bc30520ef1b725ec02f3d139c77d64d6a78a6,1500,pre_fed,PPO-MADRL,deterministic,1551c07e365502976b4614a1ecd8198b632376190652e9022251cc1de854629d
3,15,14,192.2,35.74,34.83,13.81,6.91,-0.06365388631820679,-0.6467265486717224,93.6431945878658,-28.473108823345665,93.6431945878658,-0.18947368421052882,0.9,0.9,3.280474418073106,31.456753514417812,-31.456753514417812,735.3729155353988,126.80720528531852,434.41776603411,-648.2989434274136,0.0,0.0,31.456753514417812,434.41776603411,0.0,187.07,39.48,35.46,0.9,27.35,0.0,0.0,0.0,main_seed1,1,d1c1eb972d85b5605cb5db7c2c6bc30520ef1b725ec02f3d139c77d64d6a78a6,1500,pre_fed,PPO-MADRL,deterministic,1551c07e365502976b4614a1ecd8198b632376190652e9022251cc1de854629d
1,16,15,316.8,18.06,23.62,17.31,8.66,0.47913655638694763,-0.385121613740921,144.55518406921124,-18.3573506376279,144.55518406921124,-0.18947368421052882,0.9,0.9,3.7209142077000146,134.4752038226993,-134.4752038226993,1059.114882930285,111.40639664265923,2327.765778170925,-1749.1435288719344,0.0,0.0,134.4752038226993,2327.765778170925,0.0,333.2,35.74,34.83,0.9,13.81,0.0,0.0,0.0,main_seed1,1,d1c1eb972d85b5605cb5db7c2c6bc30520ef1b725ec02f3d139c77d64d6a78a6,1500,pre_fed,PPO-MADRL,deterministic,1551c07e365502976b4614a1ecd8198b632376190652e9022251cc1de854629d
2,16,15,172.25,18.06,23.62,17.31,8.66,-0.5999907851219177,-1.0277538299560547,64.81397861914402,-38.65029552425147,64.81397861914402,-0.18947368421052882,0.9,0.9,2.12609009869867,68.07158516376516,-68.07158516376516,765.0698724225037,119.10680096398887,1178.319139184775,-1031.2479062856337,0.0,0.0,68.07158516376516,1178.319139184775,0.0,170.3,35.74,34.83,0.9,13.81,0.0,0.0,0.0,main_seed1,1,d1c1eb972d85b5605cb5db7c2c6bc30520ef1b725ec02f3d139c77d64d6a78a6,1500,pre_fed,PPO-MADRL,deterministic,1551c07e365502976b4614a1ecd8198b632376190652e9022251cc1de854629d
3,16,15,194.4,18.06,23.62,17.31,8.66,-0.074228934943676,-0.6110900044441223,92.59070974491905,-27.244696294284083,92.59070974491905,-0.18947368421052882,0.9,0.9,2.681624721214171,63.00038866050565,-63.00038866050565,727.3958991631242,126.80720528531852,1090.5367277133528,-972.3699160808978,0.0,0.0,63.00038866050565,1090.5367277133528,0.0,192.2,35.74,34.83,0.9,13.81,0.0,0.0,0.0,main_seed1,1,d1c1eb972d85b5605cb5db7c2c6bc30520ef1b725ec02f3d139c77d64d6a78a6,1500,pre_fed,PPO-MADRL,deterministic,1551c07e365502976b4614a1ecd8198b632376190652e9022251cc1de854629d
1,17,16,291.3,24.27,14.18,16.42,8.21,0.4303458631038666,-0.33664923906326294,140.56103110221528,-16.2241349723408,140.56103110221528,-0.18947368421052882,0.9,0.9,3.5764311483600957,116.05487373035533,-116.05487373035533,1027.0440659672668,111.40639664265923,1905.6210266524347,-1522.0357446311805,0.0,0.0,116.05487373035533,1905.6210266524347,0.0,316.8,18.06,23.62,0.9,17.31,0.0,0.0,0.0,main_seed1,1,d1c1eb972d85b5605cb5db7c2c6bc30520ef1b725ec02f3d139c77d64d6a78a6,1500,pre_fed,PPO-MADRL,deterministic,1551c07e365502976b4614a1ecd8198b632376190652e9022251cc1de854629d
2,17,16,165.75,24.27,14.18,16.42,8.21,-0.5885272026062012,-1.0071697235107422,65.96302588193927,-38.229442612735944,65.96302588193927,-0.18947368421052882,0.9,0.9,2.084471043954575,63.61091884622584,-63.61091884622584,772.7385049640257,119.10680096398887,1044.4912874550284,-968.1682966915215,0.0,0.0,63.61091884622584,1044.4912874550284,0.0,172.25,18.06,23.62,0.9,17.31,0.0,0.0,0.0,main_seed1,1,d1c1eb972d85b5605cb5db7c2c6bc30520ef1b725ec02f3d139c77d64d6a78a6,1500,pre_fed,PPO-MADRL,deterministic,1551c07e365502976b4614a1ecd8198b632376190652e9022251cc1de854629d
3,17,16,187.07,24.27,14.18,16.42,8.21,-0.05577172711491585,-0.5766414403915405,94.4286026746139,-26.011003757643316,94.4286026746139,-0.18947368421052882,0.9,0.9,2.6537825798080674,57.03465358940471,-57.03465358940471,741.3394110687676,126.80720528531852,936.5090119380254,-902.3278141460557,0.0,0.0,57.03465358940471,936.5090119380254,0.0,194.4,18.06,23.62,0.9,17.31,0.0,0.0,0.0,main_seed1,1,d1c1eb972d85b5605cb5db7c2c6bc30520ef1b725ec02f3d139c77d64d6a78a6,1500,pre_fed,PPO-MADRL,deterministic,1551c07e365502976b4614a1ecd8198b632376190652e9022251cc1de854629d
1,18,17,413.8,26.26,4.67,9.83,4.92,0.4106277823448181,-0.32839369773864746,138.90055932499666,-15.853835260657196,138.90055932499666,-0.18947368421052882,0.9,0.9,3.3928217128157225,247.55173607202963,-247.55173607202963,1013.7874589234359,111.40639664265923,2433.4335655880514,-1779.3137105770734,0.0,0.0,247.55173607202963,2433.4335655880514,0.0,291.3,24.27,14.18,0.9,16.42,0.0,0.0,0.0,main_seed1,1,d1c1eb972d85b5605cb5db7c2c6bc30520ef1b725ec02f3d139c77d64d6a78a6,1500,pre_fed,PPO-MADRL,deterministic,1551c07e365502976b4614a1ecd8198b632376190652e9022251cc1de854629d
2,18,17,164.25,26.26,4.67,9.83,4.92,-0.5810070633888245,-0.9980719089508057,66.72442013460045,-38.0391608695483,66.72442013460045,-0.18947368421052882,0.9,0.9,1.9492989290077987,68.73435247861786,-68.73435247861786,777.8310330060004,119.10680096398887,675.6586848648136,-786.2982594174015,0.0,0.0,68.73435247861786,675.6586848648136,0.0,165.75,24.27,14.18,0.9,16.42,0.0,0.0,0.0,main_seed1,1,d1c1eb972d85b5605cb5db7c2c6bc30520ef1b725ec02f3d139c77d64d6a78a6,1500,pre_fed,PPO-MADRL,deterministic,1551c07e365502976b4614a1ecd8198b632376190652e9022251cc1de854629d
3,18,17,185.6,26.26,4.67,9.83,4.92,-0.08054255694150925,-0.6382815837860107,91.96311549513734,-28.18641836305064,91.96311549513734,-0.18947368421052882,0.9,0.9,2.4540728362185367,65.35043102529171,-65.35043102529171,722.6492398366815,126.80720528531852,642.3947369786175,-745.9255910503089,0.0,0.0,65.35043102529171,642.3947369786175,0.0,187.07,24.27,14.18,0.9,16.42,0.0,0.0,0.0,main_seed1,1,d1c1eb972d85b5605cb5db7c2c6bc30520ef1b725ec02f3d139c77d64d6a78a6,1500,pre_fed,PPO-MADRL,deterministic,1551c07e365502976b4614a1ecd8198b632376190652e9022251cc1de854629d
1,19,18,539.8,26.77,0.18,8.63,4.32,0.42593222856521606,-0.341072142124176,140.19162171838917,-16.421711127607065,140.19162171838917,-0.18947368421052882,0.9,0.9,3.339042960683573,376.18689492650486,-376.18689492650486,1024.0909717094446,111.40639664265923,3246.4929032157374,-2190.995135783921,0.0,0.0,376.18689492650486,3246.4929032157374,0.0,413.8,26.26,4.67,0.9,9.83,0.0,0.0,0.0,main_seed1,1,d1c1eb972d85b5605cb5db7c2c6bc30520ef1b725ec02f3d139c77d64d6a78a6,1500,pre_fed,PPO-MADRL,deterministic,1551c07e365502976b4614a1ecd8198b632376190652e9022251cc1de854629d
2,19,18,162.5,26.77,0.18,8.63,4.32,-0.5160223245620728,-0.888904333114624,73.55261153799977,-35.542606962217725,73.55261153799977,-0.18947368421052882,0.9,0.9,2.0062627570757847,64.19312490328655,-64.19312490328655,823.8947321826938,119.10680096398887,553.9866679153629,-748.4941005310228,0.0,0.0,64.19312490328655,553.9866679153629,0.0,164.25,26.26,4.67,0.9,9.83,0.0,0.0,0.0,main_seed1,1,d1c1eb972d85b5605cb5db7c2c6bc30520ef1b725ec02f3d139c77d64d6a78a6,1500,pre_fed,PPO-MADRL,deterministic,1551c07e365502976b4614a1ecd8198b632376190652e9022251cc1de854629d
3,19,18,183.4,26.77,0.18,8.63,4.32,-0.1048760712146759,-0.6665481328964233,89.5506754890382,-29.135233225072422,89.5506754890382,-0.18947368421052882,0.9,0.9,2.3262240360965536,69.41502223126888,-69.41502223126888,704.4729976564706,126.80720528531852,599.0516418558504,-715.1659223988198,0.0,0.0,69.41502223126888,599.0516418558504,0.0,185.6,26.26,4.67,0.9,9.83,0.0,0.0,0.0,main_seed1,1,d1c1eb972d85b5605cb5db7c2c6bc30520ef1b725ec02f3d139c77d64d6a78a6,1500,pre_fed,PPO-MADRL,deterministic,1551c07e365502976b4614a1ecd8198b632376190652e9022251cc1de854629d
1,20,19,557.2,26.22,0.0,8.87,4.44,0.4646671414375305,-0.36628657579421997,143.38804128107904,-17.53696788049667,143.38804128107904,-0.18947368421052882,0.9,0.9,3.38837135193737,391.16980375506887,-391.16980375506887,1049.71665222541,111.40639664265923,3469.6761593074607,-2315.399604087765,0.0,0.0,391.16980375506887,3469.6761593074607,0.0,539.8,26.77,0.18,0.9,8.63,0.0,0.0,0.0,main_seed1,1,d1c1eb972d85b5605cb5db7c2c6bc30520ef1b725ec02f3d139c77d64d6a78a6,1500,pre_fed,PPO-MADRL,deterministic,1551c07e365502976b4614a1ecd8198b632376190652e9022251cc1de854629d
2,20,19,165.75,26.22,0.0,8.87,4.44,-0.49928018450737,-0.8615177869796753,75.3828779582512,-34.85194243718484,75.3828779582512,-0.18947368421052882,0.9,0.9,2.0282680854808133,66.36486381144015,-66.36486381144015,836.3623418013082,119.10680096398887,588.656342007474,-772.0627423863855,0.0,0.0,66.36486381144015,588.656342007474,0.0,162.5,26.77,0.18,0.9,8.63,0.0,0.0,0.0,main_seed1,1,d1c1eb972d85b5605cb5db7c2c6bc30520ef1b725ec02f3d139c77d64d6a78a6,1500,pre_fed,PPO-MADRL,deterministic,1551c07e365502976b4614a1ecd8198b632376190652e9022251cc1de854629d
3,20,19,187.07,26.22,0.0,8.87,4.44,-0.11315560340881348,-0.6808068752288818,88.73248911076584,-29.60218492703042,88.73248911076584,-0.18947368421052882,0.9,0.9,2.2952603085311063,74.60224488197579,-74.60224488197579,698.3335806595752,126.80720528531852,661.7219121031252,-743.4313490240095,0.0,0.0,74.60224488197579,661.7219121031252,0.0,183.4,26.77,0.18,0.9,8.63,0.0,0.0,0.0,main_seed1,1,d1c1eb972d85b5605cb5db7c2c6bc30520ef1b725ec02f3d139c77d64d6a78a6,1500,pre_fed,PPO-MADRL,deterministic,1551c07e365502976b4614a1ecd8198b632376190652e9022251cc1de854629d
1,21,20,557.1,32.84,0.0,8.35,4.18,0.4707944691181183,-0.3696727454662323,143.88410075404573,-17.68527165491697,143.88410075404573,-0.18947368421052882,0.9,0.9,3.530692541396704,384.09606547156153,-384.09606547156153,1053.7083953565248,111.40639664265923,3207.2021466875385,-2186.1584693433615,0.0,0.0,384.09606547156153,3207.2021466875385,0.0,557.2,26.22,0.0,0.9,8.87,0.0,0.0,0.0,main_seed1,1,d1c1eb972d85b5605cb5db7c2c6bc30520ef1b725ec02f3d139c77d64d6a78a6,1500,pre_fed,PPO-MADRL,deterministic,1551c07e365502976b4614a1ecd8198b632376190652e9022251cc1de854629d
2,21,20,169.0,32.84,0.0,8.35,4.18,-0.501078188419342,-0.8645548820495605,75.1849457106617,-34.92985139008105,75.1849457106617,-0.18947368421052882,0.9,0.9,2.1567094405290237,63.321237414077856,-63.321237414077856,835.0115897040735,119.10680096398887,528.7323324075501,-741.4253615378062,0.0,0.0,63.321237414077856,528.7323324075501,0.0,165.75,26.22,0.0,0.9,8.87,0.0,0.0,0.0,main_seed1,1,d1c1eb972d85b5605cb5db7c2c6bc30520ef1b725ec02f3d139c77d64d6a78a6,1500,pre_fed,PPO-MADRL,deterministic,1551c07e365502976b4614a1ecd8198b632376190652e9022251cc1de854629d
3,21,20,190.73,32.84,0.0,8.35,4.18,-0.11215192079544067,-0.6797888278961182,88.8315943032907,-29.569104714193145,88.8315943032907,-0.18947368421052882,0.9,0.9,2.4296424123816034,71.67752179330141,-71.67752179330141,699.0765582935311,126.80720528531852,598.5073069740668,-712.1955352764583,0.0,0.0,71.67752179330141,598.5073069740668,0.0,187.07,26.22,0.0,0.9,8.87,0.0,0.0,0.0,main_seed1,1,d1c1eb972d85b5605cb5db7c2c6bc30520ef1b725ec02f3d139c77d64d6a78a6,1500,pre_fed,PPO-MADRL,deterministic,1551c07e365502976b4614a1ecd8198b632376190652e9022251cc1de854629d
1,22,21,535.0,36.02,0.0,16.44,8.22,0.48103341460227966,-0.38192540407180786,144.70708557467535,-18.218920142694657,144.70708557467535,-0.18947368421052882,0.9,0.9,3.610752237809297,358.07314034734446,-358.07314034734446,1060.339668472826,111.40639664265923,5886.722427310344,-3529.2342462129145,0.0,0.0,358.07314034734446,5886.722427310344,0.0,557.1,32.84,0.0,0.9,8.35,0.0,0.0,0.0,main_seed1,1,d1c1eb972d85b5605cb5db7c2c6bc30520ef1b725ec02f3d139c77d64d6a78a6,1500,pre_fed,PPO-MADRL,deterministic,1551c07e365502976b4614a1ecd8198b632376190652e9022251cc1de854629d
2,22,21,161.2,36.02,0.0,16.44,8.22,-0.509294331073761,-0.8803062438964844,74.28467289334233,-35.32863533740991,74.28467289334233,-0.18947368421052882,0.9,0.9,2.2023039841826364,53.28710477505081,-53.28710477505081,828.875357998403,119.10680096398887,876.0400025018354,-912.0110807321137,0.0,0.0,53.28710477505081,876.0400025018354,0.0,169.0,32.84,0.0,0.9,8.35,0.0,0.0,0.0,main_seed1,1,d1c1eb972d85b5605cb5db7c2c6bc30520ef1b725ec02f3d139c77d64d6a78a6,1500,pre_fed,PPO-MADRL,deterministic,1551c07e365502976b4614a1ecd8198b632376190652e9022251cc1de854629d
3,22,21,181.93,36.02,0.0,16.44,8.22,-0.12299735844135284,-0.707770049571991,87.76191601005885,-30.463829240382058,87.76191601005885,-0.18947368421052882,0.9,0.9,2.471848846516967,60.80940652066863,-60.80940652066863,691.0671940851298,126.80720528531852,999.7066431997923,-908.7905212851203,0.0,0.0,60.80940652066863,999.7066431997923,0.0,190.73,32.84,0.0,0.9,8.35,0.0,0.0,0.0,main_seed1,1,d1c1eb972d85b5605cb5db7c2c6bc30520ef1b725ec02f3d139c77d64d6a78a6,1500,pre_fed,PPO-MADRL,deterministic,1551c07e365502976b4614a1ecd8198b632376190652e9022251cc1de854629d
1,23,22,437.8,37.23,0.0,16.19,8.1,0.5047867298126221,-0.3975023627281189,146.58733326089103,-18.8904930713668,146.58733326089103,-0.18947368421052882,0.9,0.9,3.6725571915336097,257.8446976148531,-257.8446976148531,1075.5311010598668,111.40639664265923,4174.505654384472,-2680.721576043499,0.0,0.0,257.8446976148531,4174.505654384472,0.0,535.0,36.02,0.0,0.9,16.44,0.0,0.0,0.0,main_seed1,1,d1c1eb972d85b5605cb5db7c2c6bc30520ef1b725ec02f3d139c77d64d6a78a6,1500,pre_fed,PPO-MADRL,deterministic,1551c07e365502976b4614a1ecd8198b632376190652e9022251cc1de854629d
2,23,22,148.0,37.23,0.0,16.19,8.1,-0.5837303400039673,-1.00925874710083,66.44799978894571,-38.272762782799774,66.44799978894571,-0.18947368421052882,0.9,0.9,2.0697705220947036,46.58124441735953,-46.58124441735953,775.9811975384448,119.10680096398887,754.1503471170508,-824.6191728097423,0.0,0.0,46.58124441735953,754.1503471170508,0.0,161.2,36.02,0.0,0.9,16.44,0.0,0.0,0.0,main_seed1,1,d1c1eb972d85b5605cb5db7c2c6bc30520ef1b725ec02f3d139c77d64d6a78a6,1500,pre_fed,PPO-MADRL,deterministic,1551c07e365502976b4614a1ecd8198b632376190652e9022251cc1de854629d
3,23,22,161.39,37.23,0.0,16.19,8.1,-0.11762448400259018,-0.7367133498191833,88.29149958707059,-31.357766884942023,88.29149958707059,-0.18947368421052882,0.9,0.9,2.5066405180572016,38.564614615197115,-38.564614615197115,695.0298071445501,126.80720528531852,624.3611106200414,-723.099061524955,0.0,0.0,38.564614615197115,624.3611106200414,0.0,181.93,36.02,0.0,0.9,16.44,0.0,0.0,0.0,main_seed1,1,d1c1eb972d85b5605cb5db7c2c6bc30520ef1b725ec02f3d139c77d64d6a78a6,1500,pre_fed,PPO-MADRL,deterministic,1551c07e365502976b4614a1ecd8198b632376190652e9022251cc1de854629d
1,24,23,447.3,44.12,0.0,8.87,4.44,0.46886488795280457,-0.3754853308200836,143.72817094288717,-17.939016469233636,143.72817094288717,-0.18947368421052882,0.9,0.9,3.753173945173533,263.3944766864969,-263.3944766864969,1052.4532134862757,111.40639664265923,2336.309008209227,-1750.084309169081,0.0,0.0,263.3944766864969,2336.309008209227,0.0,437.8,37.23,0.0,0.9,16.19,0.0,0.0,0.0,main_seed1,1,d1c1eb972d85b5605cb5db7c2c6bc30520ef1b725ec02f3d139c77d64d6a78a6,1500,pre_fed,PPO-MADRL,deterministic,1551c07e365502976b4614a1ecd8198b632376190652e9022251cc1de854629d
2,24,23,119.6,44.12,0.0,8.87,4.44,-0.5809429287910461,-1.004705548286438,66.73093949300726,-38.17816470647879,66.73093949300726,-0.18947368421052882,0.9,0.9,2.2132293161759344,11.151763507379215,-11.151763507379215,777.8746752909885,119.10680096398887,98.91614231045362,-497.94880928271556,0.0,0.0,11.151763507379215,98.91614231045362,0.0,148.0,37.23,0.0,0.9,16.19,0.0,0.0,0.0,main_seed1,1,d1c1eb972d85b5605cb5db7c2c6bc30520ef1b725ec02f3d139c77d64d6a78a6,1500,pre_fed,PPO-MADRL,deterministic,1551c07e365502976b4614a1ecd8198b632376190652e9022251cc1de854629d
3,24,23,134.98,44.12,0.0,8.87,4.44,-0.12009837478399277,-0.7397538423538208,88.04757309289089,-31.4498207874432,88.04757309289089,-0.18947368421052882,0.9,0.9,2.639561988173607,5.641462579493236,-5.641462579493236,693.2039633814016,126.80720528531852,50.039773080105,-435.0254708734126,0.0,0.0,5.641462579493236,50.039773080105,0.0,161.39,37.23,0.0,0.9,16.19,0.0,0.0,0.0,main_seed1,1,d1c1eb972d85b5605cb5db7c2c6bc30520ef1b725ec02f3d139c77d64d6a78a6,1500,pre_fed,PPO-MADRL,deterministic,1551c07e365502976b4614a1ecd8198b632376190652e9022251cc1de854629d
1,1,0,457.7,51.48,0.0,8.65,4.33,0.09072168916463852,-0.06619223952293396,109.0473613158316,-3.304786840492893,109.0473613158316,-3.304786840492893,0.5,0.5303954749846824,3.1444514895067743,303.62187701416804,-303.62187701416804,783.0706555071154,501.8365958304729,2626.3292361725535,-1955.6182437550708,54.39765513275303,0.0,249.22422188141502,2391.3313659990604,0.0,447.3,44.12,0.0,0.5,8.87,0.0,0.0,0.0,main_seed1,1,d1c1eb972d85b5605cb5db7c2c6bc30520ef1b725ec02f3d139c77d64d6a78a6,1500,pre_fed,A2C-MADRL,deterministic,c44d78aeb480a3af1b8f5512d7b4e9fb1a5bcce727ebb586edf76aff7970983d
2,1,0,110.5,51.48,0.0,8.65,4.33,-0.19654354453086853,-0.25810834765434265,112.83282311654614,-12.6262678435927,112.83282311654614,-12.6262678435927,0.5,0.6189495445141306,3.0337311054590685,-38.15282416749437,38.15282416749437,1102.6479046926004,447.20271351098074,330.02192904882634,-939.9362736262037,0.0,38.15282416749437,0.0,-165.20172864525063,0.0,119.6,44.12,0.0,0.5,8.87,38.15282416749437,0.0,0.0,main_seed1,1,d1c1eb972d85b5605cb5db7c2c6bc30520ef1b725ec02f3d139c77d64d6a78a6,1500,pre_fed,A2C-MADRL,deterministic,c44d78aeb480a3af1b8f5512d7b4e9fb1a5bcce727ebb586edf76aff7970983d
3,1,0,124.71,51.48,0.0,8.65,4.33,-0.016946610063314438,-0.1196485236287117,98.30550120357296,-5.954041034941677,98.30550120357296,-5.954041034941677,0.5,0.555563389831946,2.8766292033726257,-16.244830965258657,16.244830965258657,770.9626918781729,516.798863434133,140.5177878494874,-714.1396715808967,0.0,16.244830965258657,0.0,-70.34011807956999,0.0,134.98,44.12,0.0,0.5,8.87,16.244830965258657,0.0,0.0,main_seed1,1,d1c1eb972d85b5605cb5db7c2c6bc30520ef1b725ec02f3d139c77d64d6a78a6,1500,pre_fed,A2C-MADRL,deterministic,c44d78aeb480a3af1b8f5512d7b4e9fb1a5bcce727ebb586edf76aff7970983d
1,2,1,336.5,38.37,0.0,8.11,4.06,0.09367077797651291,-0.0702064111828804,109.33977735920915,-3.5045645206728553,109.33977735920915,-3.5045645206728553,0.5303954749846824,0.5626280469811051,2.884104256770726,195.17889141823443,-195.17889141823443,785.2605404896639,465.3768566861669,1582.9008094018811,-1416.769103288856,27.144583416503295,0.0,168.03430800173112,1472.9652465650427,0.0,457.7,51.48,0.0,0.5303954749846824,8.65,0.0,0.0,0.0,main_seed1,1,d1c1eb972d85b5605cb5db7c2c6bc30520ef1b725ec02f3d139c77d64d6a78a6,1500,pre_fed,A2C-MADRL,deterministic,c44d78aeb480a3af1b8f5512d7b4e9fb1a5bcce727ebb586edf76aff7970983d
2,2,1,109.85,38.37,0.0,8.11,4.06,-0.20808881521224976,-0.27165284752845764,111.28089571931672,-13.25810710305016,111.28089571931672,-13.25810710305016,0.6189495445141306,0.7436636629040789,2.727855772325331,-23.81493284394122,23.81493284394122,1091.189614601629,311.00571321472205,193.1391053643633,-797.6672165903572,0.0,23.81493284394122,0.0,-96.68862734640135,0.0,110.5,51.48,0.0,0.6189495445141306,8.65,23.81493284394122,0.0,0.0,main_seed1,1,d1c1eb972d85b5605cb5db7c2c6bc30520ef1b725ec02f3d139c77d64d6a78a6,1500,pre_fed,A2C-MADRL,deterministic,c44d78aeb480a3af1b8f5512d7b4e9fb1a5bcce727ebb586edf76aff7970983d
3,2,1,123.98,38.37,0.0,8.11,4.06,-0.019855955615639687,-0.1302690953016281,98.01466534357967,-6.476858636883673,98.01466534357967,-6.476858636883673,0.555563389831946,0.615982420102677,2.59815613413392,-3.3296505725620733,3.3296505725620733,768.7305145591299,446.1549702300851,27.003466143478413,-620.9444754663467,0.0,3.3296505725620733,0.0,-13.518381324602016,0.0,124.71,51.48,0.0,0.555563389831946,8.65,3.3296505725620733,0.0,0.0,main_seed1,1,d1c1eb972d85b5605cb5db7c2c6bc30520ef1b725ec02f3d139c77d64d6a78a6,1500,pre_fed,A2C-MADRL,deterministic,c44d78aeb480a3af1b8f5512d7b4e9fb1a5bcce727ebb586edf76aff7970983d
1,3,2,274.9,43.56,0.0,8.25,4.13,0.08006872981786728,-0.05747010558843613,107.98980605533615,-2.8703459030556546,107.98980605533615,-2.8703459030556546,0.5626280469811051,0.5887710769661717,2.9735892030456097,129.1941290507651,-129.1941290507651,775.1622561526625,433.7711422987676,1065.851564668812,-1137.392481560121,34.22616656279719,0.0,94.96796248796791,924.8397584300876,0.0,336.5,38.37,0.0,0.5626280469811051,8.11,0.0,0.0,0.0,main_seed1,1,d1c1eb972d85b5605cb5db7c2c6bc30520ef1b725ec02f3d139c77d64d6a78a6,1500,pre_fed,A2C-MADRL,deterministic,c44d78aeb480a3af1b8f5512d7b4e9fb1a5bcce727ebb586edf76aff7970983d
2,3,2,112.45,43.56,0.0,8.25,4.13,-0.2003696709871292,-0.2549494206905365,112.31772104043021,-12.4782760227335,112.31772104043021,-12.4782760227335,0.7436636629040789,0.860719957794239,2.867988900353935,-28.081456117342796,28.081456117342796,1098.8407110034843,189.47829217681374,231.67201296807806,-759.995508074188,0.0,28.081456117342796,0.0,-115.97641376462575,0.0,109.85,38.37,0.0,0.7436636629040789,8.11,28.081456117342796,0.0,0.0,main_seed1,1,d1c1eb972d85b5605cb5db7c2c6bc30520ef1b725ec02f3d139c77d64d6a78a6,1500,pre_fed,A2C-MADRL,deterministic,c44d78aeb480a3af1b8f5512d7b4e9fb1a5bcce727ebb586edf76aff7970983d
3,3,2,126.91,43.56,0.0,8.25,4.13,-0.01674877293407917,-0.12291867285966873,98.32527930199225,-6.115166602549001,98.32527930199225,-6.115166602549001,0.615982420102677,0.6728445379866871,2.715402253988865,-6.144710445454393,6.144710445454393,771.1145479678155,379.3996811826877,50.693861174998744,-600.6040451627509,0.0,6.144710445454393,0.0,-25.377654139726644,0.0,123.98,38.37,0.0,0.615982420102677,8.11,6.144710445454393,0.0,0.0,main_seed1,1,d1c1eb972d85b5605cb5db7c2c6bc30520ef1b725ec02f3d139c77d64d6a78a6,1500,pre_fed,A2C-MADRL,deterministic,c44d78aeb480a3af1b8f5512d7b4e9fb1a5bcce727ebb586edf76aff7970983d
1,4,3,272.6,40.75,0.0,8.1,4.05,0.07597621530294418,-0.05698651075363159,107.58303640616012,-2.8462451797678505,107.58303640616012,-2.8462451797678505,0.5887710769661717,0.6146328640200339,2.909735824527845,130.0229445981356,-130.0229445981356,772.1252569944261,404.93043141538436,1053.1858512448985,-1115.1207698273545,38.61989518782009,0.0,91.40304941031552,896.7752757342271,0.0,274.9,43.56,0.0,0.5887710769661717,8.25,0.0,0.0,0.0,main_seed1,1,d1c1eb972d85b5605cb5db7c2c6bc30520ef1b725ec02f3d139c77d64d6a78a6,1500,pre_fed,A2C-MADRL,deterministic,c44d78aeb480a3af1b8f5512d7b4e9fb1a5bcce727ebb586edf76aff7970983d
2,4,3,110.5,40.75,0.0,8.1,4.05,-0.21261514723300934,-0.2691837251186371,110.67444261914412,-13.143256339664728,110.67444261914412,-4.315945486457839,0.860719957794239,0.9,2.9421699426537256,-33.66632719003255,33.66632719003255,1086.7219591695812,129.96766559026614,272.6972502392636,-744.6934374995554,0.0,33.66632719003255,0.0,-136.3486251196318,0.0,112.45,43.56,0.0,0.860719957794239,8.25,33.66632719003255,0.0,0.0,main_seed1,1,d1c1eb972d85b5605cb5db7c2c6bc30520ef1b725ec02f3d139c77d64d6a78a6,1500,pre_fed,A2C-MADRL,deterministic,c44d78aeb480a3af1b8f5512d7b4e9fb1a5bcce727ebb586edf76aff7970983d
3,4,3,124.71,40.75,0.0,8.1,4.05,-0.01868661865592003,-0.13220065832138062,98.13155560986785,-6.571792346819374,98.13155560986785,-6.571792346819374,0.6728445379866871,0.7339308762054978,2.64619526526097,-4.953567997787545,4.953567997787545,769.6274590542517,313.2091351506444,40.12390078207911,-561.4802474934876,0.0,4.953567997787545,0.0,-20.061950391039556,0.0,126.91,43.56,0.0,0.6728445379866871,8.25,4.953567997787545,0.0,0.0,main_seed1,1,d1c1eb972d85b5605cb5db7c2c6bc30520ef1b725ec02f3d139c77d64d6a78a6,1500,pre_fed,A2C-MADRL,deterministic,c44d78aeb480a3af1b8f5512d7b4e9fb1a5bcce727ebb586edf76aff7970983d
1,5,4,245.3,27.74,0.0,8.14,4.07,0.07565345615148544,-0.055397845804691315,107.55094530109166,-2.7670622371002787,107.55094530109166,-2.7670622371002787,0.6146328640200339,0.6396906895444465,2.6504776612798278,115.42659459728847,-115.42659459728847,771.8857743870274,377.2570550416083,939.5724800219282,-1044.357654725282,21.910447952832982,0.0,93.51614664445549,850.396956853898,0.0,272.6,40.75,0.0,0.6146328640200339,8.1,0.0,0.0,0.0,main_seed1,1,d1c1eb972d85b5605cb5db7c2c6bc30520ef1b725ec02f3d139c77d64d6a78a6,1500,pre_fed,A2C-MADRL,deterministic,c44d78aeb480a3af1b8f5512d7b4e9fb1a5bcce727ebb586edf76aff7970983d
2,5,4,113.75,27.74,0.0,8.14,4.07,-0.21109117567539215,-0.26545393466949463,110.87850220750948,-12.969483317395857,110.87850220750948,-0.18947368421052882,0.9,0.9,2.7685805704659794,-21.910447952832982,21.910447952832982,1088.2246136521871,119.10680096398887,178.35104633606048,-692.8412304761183,0.0,21.910447952832982,0.0,-89.17552316803024,0.0,110.5,40.75,0.0,0.9,8.1,21.910447952832982,0.0,0.0,main_seed1,1,d1c1eb972d85b5605cb5db7c2c6bc30520ef1b725ec02f3d139c77d64d6a78a6,1500,pre_fed,A2C-MADRL,deterministic,c44d78aeb480a3af1b8f5512d7b4e9fb1a5bcce727ebb586edf76aff7970983d
3,5,4,128.38,27.74,0.0,8.14,4.07,-0.01848122663795948,-0.13423483073711395,98.15208771976116,-6.671717058330754,98.15208771976116,-6.671717058330754,0.7339308762054978,0.795844326507229,2.3844074132286077,11.544036751798203,-11.544036751798203,769.7850367274153,247.903037280935,93.96845915963738,-555.8282665839938,0.0,0.0,11.544036751798203,93.96845915963738,0.0,124.71,40.75,0.0,0.7339308762054978,8.1,0.0,0.0,0.0,main_seed1,1,d1c1eb972d85b5605cb5db7c2c6bc30520ef1b725ec02f3d139c77d64d6a78a6,1500,pre_fed,A2C-MADRL,deterministic,c44d78aeb480a3af1b8f5512d7b4e9fb1a5bcce727ebb586edf76aff7970983d
1,6,5,233.7,30.15,0.0,8.13,4.07,0.07066374272108078,-0.04729555547237396,107.05463605593305,-2.363016116695425,107.05463605593305,-2.363016116695425,0.6396906895444465,0.6608599612739642,2.696832398784752,101.55521245954714,-101.55521245954714,768.1841485585901,353.19485647017564,825.6438772961183,-973.511441162442,19.26309347794637,0.0,82.29211898160077,747.435717775656,0.0,245.3,27.74,0.0,0.6396906895444465,8.14,0.0,0.0,0.0,main_seed1,1,d1c1eb972d85b5605cb5db7c2c6bc30520ef1b725ec02f3d139c77d64d6a78a6,1500,pre_fed,A2C-MADRL,deterministic,c44d78aeb480a3af1b8f5512d7b4e9fb1a5bcce727ebb586edf76aff7970983d
2,6,5,120.25,30.15,0.0,8.13,4.07,-0.1997598111629486,-0.2474678009748459,112.39977315150274,-12.126844283682404,112.39977315150274,-0.18947368421052882,0.9,0.9,2.847205989345844,-19.26309347794637,19.26309347794637,1099.446899934806,119.10680096398887,156.608949975704,-687.5813254372495,0.0,19.26309347794637,0.0,-78.40079045524173,0.0,113.75,27.74,0.0,0.9,8.14,19.26309347794637,0.0,0.0,main_seed1,1,d1c1eb972d85b5605cb5db7c2c6bc30520ef1b725ec02f3d139c77d64d6a78a6,1500,pre_fed,A2C-MADRL,deterministic,c44d78aeb480a3af1b8f5512d7b4e9fb1a5bcce727ebb586edf76aff7970983d
3,6,5,135.43,30.15,0.0,8.13,4.07,-0.015133585780858994,-0.12743623554706573,98.4867569438584,-6.337541650194006,98.4867569438584,-6.337541650194006,0.795844326507229,0.8544592835310576,2.4459843058732877,15.576769012208914,-15.576769012208914,772.3546501303442,187.60409509416792,126.63913206925848,-543.2989386468853,0.0,0.0,15.576769012208914,126.63913206925848,0.0,128.38,27.74,0.0,0.795844326507229,8.14,0.0,0.0,0.0,main_seed1,1,d1c1eb972d85b5605cb5db7c2c6bc30520ef1b725ec02f3d139c77d64d6a78a6,1500,pre_fed,A2C-MADRL,deterministic,c44d78aeb480a3af1b8f5512d7b4e9fb1a5bcce727ebb586edf76aff7970983d
1,7,6,274.6,28.65,0.16,8.34,4.17,0.070580393075943,-0.0479499027132988,107.046342524032,-2.3956593891269704,107.046342524032,-2.3956593891269704,0.6608599612739642,0.6822970055481224,2.6692136626981005,143.8085305277931,-143.8085305277931,768.1223267644193,330.50626508649043,1199.3631446017944,-1148.995868226352,7.793151615679591,0.0,136.0153789121135,1166.8657023644105,0.0,233.7,30.15,0.0,0.6608599612739642,8.13,0.0,0.0,0.0,main_seed1,1,d1c1eb972d85b5605cb5db7c2c6bc30520ef1b725ec02f3d139c77d64d6a78a6,1500,pre_fed,A2C-MADRL,deterministic,c44d78aeb480a3af1b8f5512d7b4e9fb1a5bcce727ebb586edf76aff7970983d
2,7,6,130.0,28.65,0.16,8.34,4.17,-0.20284616947174072,-0.2521311640739441,111.984730434904,-12.346047006725382,111.984730434904,-0.18947368421052882,0.9,0.9,2.8121051350138693,-7.793151615679591,7.793151615679591,1096.3816757346483,119.10680096398887,64.99488447476779,-640.2416805867025,0.0,7.793151615679591,0.0,-32.49744223738389,0.0,120.25,30.15,0.0,0.9,8.13,7.793151615679591,0.0,0.0,main_seed1,1,d1c1eb972d85b5605cb5db7c2c6bc30520ef1b725ec02f3d139c77d64d6a78a6,1500,pre_fed,A2C-MADRL,deterministic,c44d78aeb480a3af1b8f5512d7b4e9fb1a5bcce727ebb586edf76aff7970983d
3,7,6,146.72,28.65,0.16,8.34,4.17,-0.016255246475338936,-0.1341780424118042,98.37461850977401,-6.668928175956704,98.37461850977401,-4.973645793263636,0.8544592835310576,0.9,2.444219454330207,26.953246737819853,-26.953246737819853,771.4934064277509,139.67804047198481,224.79007779341757,-567.9807623465766,0.0,0.0,26.953246737819853,224.79007779341757,0.0,135.43,30.15,0.0,0.8544592835310576,8.13,0.0,0.0,0.0,main_seed1,1,d1c1eb972d85b5605cb5db7c2c6bc30520ef1b725ec02f3d139c77d64d6a78a6,1500,pre_fed,A2C-MADRL,deterministic,c44d78aeb480a3af1b8f5512d7b4e9fb1a5bcce727ebb586edf76aff7970983d
1,8,7,291.0,23.38,1.77,9.35,4.68,0.07508086413145065,-0.04957408085465431,107.49401011715798,-2.4766754911779607,107.49401011715798,-2.4766754911779607,0.6822970055481224,0.7044608287032168,2.6033466925196005,163.43601206653955,-163.43601206653955,771.4609317797917,307.5195665094875,1528.1267128221448,-1303.553605555712,0.0,0.0,163.43601206653955,1528.1267128221448,0.0,274.6,28.65,0.16,0.6822970055481224,8.34,0.0,0.0,0.0,main_seed1,1,d1c1eb972d85b5605cb5db7c2c6bc30520ef1b725ec02f3d139c77d64d6a78a6,1500,pre_fed,A2C-MADRL,deterministic,c44d78aeb480a3af1b8f5512d7b4e9fb1a5bcce727ebb586edf76aff7970983d
2,8,7,157.95,23.38,1.77,9.35,4.68,-0.20406053960323334,-0.25341203808784485,111.82156623857743,-12.406166918867429,111.82156623857743,-0.18947368421052882,0.9,0.9,2.7356418510873386,23.9035492967204,-23.9035492967204,1095.1773725730889,119.10680096398887,223.49818592433573,-718.8911797307068,0.0,0.0,23.9035492967204,223.49818592433573,0.0,130.0,28.65,0.16,0.9,8.34,0.0,0.0,0.0,main_seed1,1,d1c1eb972d85b5605cb5db7c2c6bc30520ef1b725ec02f3d139c77d64d6a78a6,1500,pre_fed,A2C-MADRL,deterministic,c44d78aeb480a3af1b8f5512d7b4e9fb1a5bcce727ebb586edf76aff7970983d
3,8,7,178.26,23.38,1.77,9.35,4.68,-0.015920337289571762,-0.1365247517824173,98.40810076151274,-6.784139992260166,98.40810076151274,-0.18947368421052882,0.9,0.9,2.467372541546044,57.358745464243825,-57.358745464243825,771.7505312315254,126.80720528531852,536.3042700906798,-717.4310033037618,0.0,0.0,57.358745464243825,536.3042700906798,0.0,146.72,28.65,0.16,0.9,8.34,0.0,0.0,0.0,main_seed1,1,d1c1eb972d85b5605cb5db7c2c6bc30520ef1b725ec02f3d139c77d64d6a78a6,1500,pre_fed,A2C-MADRL,deterministic,c44d78aeb480a3af1b8f5512d7b4e9fb1a5bcce727ebb586edf76aff7970983d
1,9,8,315.7,21.75,5.3,12.0,6.0,0.07747022062540054,-0.048723313957452774,107.73156091188487,-2.4342397389983303,107.73156091188487,-2.4342397389983303,0.7044608287032168,0.7261771845662944,2.6469464234577305,185.9996252505712,-185.9996252505712,773.2338510697218,284.9638831907324,2231.9955030068545,-1645.0966186336543,0.0,0.0,185.9996252505712,2231.9955030068545,0.0,291.0,23.38,1.77,0.7044608287032168,9.35,0.0,0.0,0.0,main_seed1,1,d1c1eb972d85b5605cb5db7c2c6bc30520ef1b725ec02f3d139c77d64d6a78a6,1500,pre_fed,A2C-MADRL,deterministic,c44d78aeb480a3af1b8f5512d7b4e9fb1a5bcce727ebb586edf76aff7970983d
2,9,8,165.1,21.75,5.3,12.0,6.0,-0.21003569662570953,-0.2599804699420929,111.01990661537373,-12.713863270637225,111.01990661537373,-0.18947368421052882,0.9,0.9,2.757608658623264,29.977175727460065,-29.977175727460065,1089.2662590284585,119.10680096398887,359.7261087295208,-784.0495843609841,0.0,0.0,29.977175727460065,359.7261087295208,0.0,157.95,23.38,1.77,0.9,9.35,0.0,0.0,0.0,main_seed1,1,d1c1eb972d85b5605cb5db7c2c6bc30520ef1b725ec02f3d139c77d64d6a78a6,1500,pre_fed,A2C-MADRL,deterministic,c44d78aeb480a3af1b8f5512d7b4e9fb1a5bcce727ebb586edf76aff7970983d
3,9,8,186.33,21.75,5.3,12.0,6.0,-0.013090747408568859,-0.1323377788066864,98.69100003171275,-6.578529809178982,98.69100003171275,-0.18947368421052882,0.9,0.9,2.5110305269500444,63.289504179447846,-63.289504179447846,773.9238883132166,126.80720528531852,759.4740501533742,-830.1025718759547,0.0,0.0,63.289504179447846,759.4740501533742,0.0,178.26,23.38,1.77,0.9,9.35,0.0,0.0,0.0,main_seed1,1,d1c1eb972d85b5605cb5db7c2c6bc30520ef1b725ec02f3d139c77d64d6a78a6,1500,pre_fed,A2C-MADRL,deterministic,c44d78aeb480a3af1b8f5512d7b4e9fb1a5bcce727ebb586edf76aff7970983d
1,10,9,362.4,34.82,11.6,9.19,4.6,0.08346136659383774,-0.0515013188123703,108.32681133202462,-2.5727916640128505,108.32681133202462,-2.5727916640128505,0.7261771845662944,0.749166351005284,3.0434803933602352,213.26946072534844,-213.26946072534844,777.6804150514296,261.972661782857,1959.946344065952,-1499.7997104501192,0.0,0.0,213.26946072534844,1959.946344065952,0.0,315.7,21.75,5.3,0.7261771845662944,12.0,0.0,0.0,0.0,main_seed1,1,d1c1eb972d85b5605cb5db7c2c6bc30520ef1b725ec02f3d139c77d64d6a78a6,1500,pre_fed,A2C-MADRL,deterministic,c44d78aeb480a3af1b8f5512d7b4e9fb1a5bcce727ebb586edf76aff7970983d
2,10,9,169.0,34.82,11.6,9.19,4.6,-0.2271602600812912,-0.2818935215473175,108.73352450068425,-13.73283353645776,108.73352450068425,-0.18947368421052882,0.9,0.9,3.0992810163294746,17.135230199855755,-17.135230199855755,1072.4610622264775,119.10680096398887,157.4727655366744,-674.5203143635704,0.0,0.0,17.135230199855755,157.4727655366744,0.0,165.1,21.75,5.3,0.9,12.0,0.0,0.0,0.0,main_seed1,1,d1c1eb972d85b5605cb5db7c2c6bc30520ef1b725ec02f3d139c77d64d6a78a6,1500,pre_fed,A2C-MADRL,deterministic,c44d78aeb480a3af1b8f5512d7b4e9fb1a5bcce727ebb586edf76aff7970983d
3,10,9,190.73,34.82,11.6,9.19,4.6,-0.010567747987806797,-0.13101884722709656,98.9432645387133,-6.51371360953497,98.9432645387133,-0.18947368421052882,0.9,0.9,2.903475817090055,48.45968496258729,-48.45968496258729,775.8631781469132,126.80720528531852,445.34450480617716,-674.0074441192045,0.0,0.0,48.45968496258729,445.34450480617716,0.0,186.33,21.75,5.3,0.9,12.0,0.0,0.0,0.0,main_seed1,1,d1c1eb972d85b5605cb5db7c2c6bc30520ef1b725ec02f3d139c77d64d6a78a6,1500,pre_fed,A2C-MADRL,deterministic,c44d78aeb480a3af1b8f5512d7b4e9fb1a5bcce727ebb586edf76aff7970983d
1,11,10,320.0,27.17,36.64,12.3,6.15,0.09109587967395782,-0.060695406049489975,109.08447281595119,-3.031049156296104,109.08447281595119,-3.031049156296104,0.749166351005284,0.7764629852880863,3.397268473193102,153.533844813538,-153.533844813538,783.3485044044661,235.9609440665872,1888.4662912065176,-1453.8878698387855,0.0,0.0,153.533844813538,1888.4662912065176,0.0,362.4,34.82,11.6,0.749166351005284,9.19,0.0,0.0,0.0,main_seed1,1,d1c1eb972d85b5605cb5db7c2c6bc30520ef1b725ec02f3d139c77d64d6a78a6,1500,pre_fed,A2C-MADRL,deterministic,c44d78aeb480a3af1b8f5512d7b4e9fb1a5bcce727ebb586edf76aff7970983d
2,11,10,173.55,27.17,36.64,12.3,6.15,-0.23218564689159393,-0.2900541424751282,108.06581664496535,-14.109232231982135,108.06581664496535,-0.18947368421052882,0.9,0.9,3.433726859215097,5.297383898460254,-5.297383898460254,1067.5683160696922,119.10680096398887,65.15782195106112,-625.9164694923711,0.0,0.0,5.297383898460254,65.15782195106112,0.0,169.0,34.82,11.6,0.9,9.19,0.0,0.0,0.0,main_seed1,1,d1c1eb972d85b5605cb5db7c2c6bc30520ef1b725ec02f3d139c77d64d6a78a6,1500,pre_fed,A2C-MADRL,deterministic,c44d78aeb480a3af1b8f5512d7b4e9fb1a5bcce727ebb586edf76aff7970983d
3,11,10,195.87,27.17,36.64,12.3,6.15,-0.013582436367869377,-0.13728190958499908,98.64183988114577,-6.8212971009914805,98.64183988114577,-0.18947368421052882,0.9,0.9,3.2452473239387047,36.852881127003485,-36.852881127003485,773.5461091732641,126.80720528531852,453.2904378621429,-676.8218761603628,0.0,0.0,36.852881127003485,453.2904378621429,0.0,190.73,34.82,11.6,0.9,9.19,0.0,0.0,0.0,main_seed1,1,d1c1eb972d85b5605cb5db7c2c6bc30520ef1b725ec02f3d139c77d64d6a78a6,1500,pre_fed,A2C-MADRL,deterministic,c44d78aeb480a3af1b8f5512d7b4e9fb1a5bcce727ebb586edf76aff7970983d
1,12,11,350.0,30.2,42.68,20.7,10.35,0.0964868888258934,-0.06222778186202049,109.61885776901674,-3.107379229892389,109.61885776901674,-3.107379229892389,0.7764629852880863,0.8044301620014878,3.587829570782487,174.1963510316581,-174.1963510316581,787.3518476653055,208.70559093792184,3605.8644663553227,-2300.960952479275,4.335720536342421,0.0,169.8606304953157,3560.989758804179,0.0,320.0,27.17,36.64,0.7764629852880863,12.3,0.0,0.0,0.0,main_seed1,1,d1c1eb972d85b5605cb5db7c2c6bc30520ef1b725ec02f3d139c77d64d6a78a6,1500,pre_fed,A2C-MADRL,deterministic,c44d78aeb480a3af1b8f5512d7b4e9fb1a5bcce727ebb586edf76aff7970983d
2,12,11,168.35,30.2,42.68,20.7,10.35,-0.266726016998291,-0.3299708962440491,103.51939259884566,-15.924731282004286,103.51939259884566,-0.18947368421052882,0.9,0.9,3.5241983782927027,-4.335720536342421,4.335720536342421,1034.4337612561012,119.10680096398887,89.74941510228813,-621.6449886611891,0.0,4.335720536342421,0.0,-44.87470755114406,0.0,173.55,27.17,36.64,0.9,12.3,4.335720536342421,0.0,0.0,main_seed1,1,d1c1eb972d85b5605cb5db7c2c6bc30520ef1b725ec02f3d139c77d64d6a78a6,1500,pre_fed,A2C-MADRL,deterministic,c44d78aeb480a3af1b8f5512d7b4e9fb1a5bcce727ebb586edf76aff7970983d
3,12,11,190.0,30.2,42.68,20.7,10.35,-0.003192694392055273,-0.11820143461227417,99.68073164559283,-5.8827003440624335,99.68073164559283,-0.18947368421052882,0.9,0.9,3.447425159227646,21.076167197845336,-21.076167197845336,781.5394093442009,126.80720528531852,436.27666099539846,-672.3116378124589,0.0,0.0,21.076167197845336,436.27666099539846,0.0,195.87,27.17,36.64,0.9,12.3,0.0,0.0,0.0,main_seed1,1,d1c1eb972d85b5605cb5db7c2c6bc30520ef1b725ec02f3d139c77d64d6a78a6,1500,pre_fed,A2C-MADRL,deterministic,c44d78aeb480a3af1b8f5512d7b4e9fb1a5bcce727ebb586edf76aff7970983d
1,13,12,345.2,23.52,35.22,26.82,13.41,0.10803352296352386,-0.07016803324222565,110.76151807511016,-3.502655045640864,110.76151807511016,-3.502655045640864,0.8044301620014878,0.836096524611073,3.3199772605893862,182.52111423112007,-182.52111423112007,795.927605868684,179.3240461550292,4895.21628367864,-2935.2339678511767,0.0,0.0,182.52111423112007,4895.21628367864,0.0,350.0,30.2,42.68,0.8044301620014878,20.7,0.0,0.0,0.0,main_seed1,1,d1c1eb972d85b5605cb5db7c2c6bc30520ef1b725ec02f3d139c77d64d6a78a6,1500,pre_fed,A2C-MADRL,deterministic,c44d78aeb480a3af1b8f5512d7b4e9fb1a5bcce727ebb586edf76aff7970983d
2,13,12,168.35,23.52,35.22,26.82,13.41,-0.31056860089302063,-0.3891817033290863,97.86639991452408,-18.53272834624408,97.86639991452408,-0.18947368421052882,0.9,0.9,3.128338524606271,15.061412294292722,-15.061412294292722,993.6726764794414,119.10680096398887,403.94707773293084,-758.3632775881806,0.0,0.0,15.061412294292722,403.94707773293084,0.0,168.35,30.2,42.68,0.9,20.7,0.0,0.0,0.0,main_seed1,1,d1c1eb972d85b5605cb5db7c2c6bc30520ef1b725ec02f3d139c77d64d6a78a6,1500,pre_fed,A2C-MADRL,deterministic,c44d78aeb480a3af1b8f5512d7b4e9fb1a5bcce727ebb586edf76aff7970983d
3,13,12,190.0,23.52,35.22,26.82,13.41,0.00018383408314548433,-0.12274310737848282,100.01838340810747,-6.106519449250138,100.01838340810747,-0.18947368421052882,0.9,0.9,3.171378194477939,34.60246847058099,-34.60246847058099,784.1417392870306,126.80720528531852,928.038204380982,-919.4935744766656,0.0,0.0,34.60246847058099,928.038204380982,0.0,190.0,30.2,42.68,0.9,20.7,0.0,0.0,0.0,main_seed1,1,d1c1eb972d85b5605cb5db7c2c6bc30520ef1b725ec02f3d139c77d64d6a78a6,1500,pre_fed,A2C-MADRL,deterministic,c44d78aeb480a3af1b8f5512d7b4e9fb1a5bcce727ebb586edf76aff7970983d
1,14,13,320.6,39.48,35.46,27.35,13.68,0.10832515358924866,-0.06730210036039352,110.79034249402453,-3.36003337747878,110.79034249402453,-3.36003337747878,0.836096524611073,0.8663446486478992,3.6474061823309154,141.87709706578516,-141.87709706578516,796.1442089843606,150.48217960688328,3880.3386047492245,-2413.482496670234,1.9189178319448956,0.0,139.95817923384027,3854.106997986538,0.0,345.2,23.52,35.22,0.836096524611073,26.82,0.0,0.0,0.0,main_seed1,1,d1c1eb972d85b5605cb5db7c2c6bc30520ef1b725ec02f3d139c77d64d6a78a6,1500,pre_fed,A2C-MADRL,deterministic,c44d78aeb480a3af1b8f5512d7b4e9fb1a5bcce727ebb586edf76aff7970983d
2,14,13,165.75,39.48,35.46,27.35,13.68,-0.3225996792316437,-0.4059446156024933,96.34020616578695,-19.251194183964103,96.34020616578695,-0.18947368421052882,0.9,0.9,3.4218146496315285,-1.9189178319448956,1.9189178319448956,982.751279484574,119.10680096398887,52.4824027036929,-577.1702415761279,0.0,1.9189178319448956,0.0,-26.25079594100617,0.0,168.35,23.52,35.22,0.9,26.82,1.9189178319448956,0.0,0.0,main_seed1,1,d1c1eb972d85b5605cb5db7c2c6bc30520ef1b725ec02f3d139c77d64d6a78a6,1500,pre_fed,A2C-MADRL,deterministic,c44d78aeb480a3af1b8f5512d7b4e9fb1a5bcce727ebb586edf76aff7970983d
3,14,13,187.07,39.48,35.46,27.35,13.68,0.002005260903388262,-0.12455825507640839,100.20052582156269,-6.195903199073103,100.20052582156269,-0.18947368421052882,0.9,0.9,3.4990210427470436,15.61796890539486,-15.61796890539486,785.5464360849969,126.80720528531852,427.1514495625495,-669.7525454664325,0.0,0.0,15.61796890539486,427.1514495625495,0.0,190.0,23.52,35.22,0.9,26.82,0.0,0.0,0.0,main_seed1,1,d1c1eb972d85b5605cb5db7c2c6bc30520ef1b725ec02f3d139c77d64d6a78a6,1500,pre_fed,A2C-MADRL,deterministic,c44d78aeb480a3af1b8f5512d7b4e9fb1a5bcce727ebb586edf76aff7970983d
1,15,14,333.2,35.74,34.83,13.81,6.91,0.11040711402893066,-0.07402120530605316,110.99606796680123,-3.6943155060958586,110.99606796680123,-3.6943155060958586,0.8663446486478992,0.8997079566585141,3.5574350492141082,158.8856825885087,-158.8856825885087,797.6905383132382,120.69311839745075,2194.2112765473053,-1556.297466628997,0.0,0.0,158.8856825885087,2194.2112765473053,0.0,320.6,39.48,35.46,0.8663446486478992,27.35,0.0,0.0,0.0,main_seed1,1,d1c1eb972d85b5605cb5db7c2c6bc30520ef1b725ec02f3d139c77d64d6a78a6,1500,pre_fed,A2C-MADRL,deterministic,c44d78aeb480a3af1b8f5512d7b4e9fb1a5bcce727ebb586edf76aff7970983d
2,15,14,170.3,35.74,34.83,13.81,6.91,-0.33634692430496216,-0.4275745451450348,94.61029359795191,-20.16461649396816,94.61029359795191,-0.18947368421052882,0.9,0.9,3.2998163982748276,8.608996484533463,-8.608996484533463,970.4148858120158,119.10680096398887,118.89024145140714,-604.2059641137058,0.0,0.0,8.608996484533463,118.89024145140714,0.0,165.75,39.48,35.46,0.9,27.35,0.0,0.0,0.0,main_seed1,1,d1c1eb972d85b5605cb5db7c2c6bc30520ef1b725ec02f3d139c77d64d6a78a6,1500,pre_fed,A2C-MADRL,deterministic,c44d78aeb480a3af1b8f5512d7b4e9fb1a5bcce727ebb586edf76aff7970983d
3,15,14,192.2,35.74,34.83,13.81,6.91,-0.0024483411107212305,-0.13866038620471954,99.7551663781358,-6.888925358036027,99.7551663781358,-0.18947368421052882,0.9,0.9,3.4027138538785056,25.46702115995322,-25.46702115995322,782.1129022386997,126.80720528531852,351.699562218954,-630.3098348714861,0.0,0.0,25.46702115995322,351.699562218954,0.0,187.07,39.48,35.46,0.9,27.35,0.0,0.0,0.0,main_seed1,1,d1c1eb972d85b5605cb5db7c2c6bc30520ef1b725ec02f3d139c77d64d6a78a6,1500,pre_fed,A2C-MADRL,deterministic,c44d78aeb480a3af1b8f5512d7b4e9fb1a5bcce727ebb586edf76aff7970983d
1,16,15,316.8,18.06,23.62,17.31,8.66,0.10258781164884567,-0.06725526601076126,110.22294333363661,-3.357702227693613,110.22294333363661,-0.2201536057687283,0.8997079566585141,0.9,3.0336557945573577,168.15086606668947,-168.15086606668947,791.8829234891549,111.4850695238391,2910.6914916143946,-1907.0297423136944,0.0,0.0,168.15086606668947,2910.6914916143946,0.0,333.2,35.74,34.83,0.8997079566585141,13.81,0.0,0.0,0.0,main_seed1,1,d1c1eb972d85b5605cb5db7c2c6bc30520ef1b725ec02f3d139c77d64d6a78a6,1500,pre_fed,A2C-MADRL,deterministic,c44d78aeb480a3af1b8f5512d7b4e9fb1a5bcce727ebb586edf76aff7970983d
2,16,15,172.25,18.06,23.62,17.31,8.66,-0.2788843810558319,-0.34854134917259216,101.937886995592,-16.7540651782458,101.937886995592,-0.18947368421052882,0.9,0.9,2.8685682662276295,31.69015495484618,-31.69015495484618,1022.9813274539208,119.10680096398887,548.5565822683873,-845.3223553431485,0.0,0.0,31.69015495484618,548.5565822683873,0.0,170.3,35.74,34.83,0.9,13.81,0.0,0.0,0.0,main_seed1,1,d1c1eb972d85b5605cb5db7c2c6bc30520ef1b725ec02f3d139c77d64d6a78a6,1500,pre_fed,A2C-MADRL,deterministic,c44d78aeb480a3af1b8f5512d7b4e9fb1a5bcce727ebb586edf76aff7970983d
3,16,15,194.4,18.06,23.62,17.31,8.66,-0.005813796538859606,-0.12805335223674774,99.41862689628086,-6.367899383387686,99.41862689628086,-0.18947368421052882,0.9,0.9,2.8181830642414063,56.30902985217108,-56.30902985217108,779.5208243198398,126.80720528531852,974.7093067410813,-940.5186681731197,0.0,0.0,56.30902985217108,974.7093067410813,0.0,192.2,35.74,34.83,0.9,13.81,0.0,0.0,0.0,main_seed1,1,d1c1eb972d85b5605cb5db7c2c6bc30520ef1b725ec02f3d139c77d64d6a78a6,1500,pre_fed,A2C-MADRL,deterministic,c44d78aeb480a3af1b8f5512d7b4e9fb1a5bcce727ebb586edf76aff7970983d
1,17,16,291.3,24.27,14.18,16.42,8.21,0.09652316570281982,-0.05676114559173584,109.62245187992028,-2.8350132919372126,109.62245187992028,-0.18947368421052882,0.9,0.9,2.9576595639141954,146.37468136820445,-146.37468136820445,787.3787885980839,111.40639664265923,2403.4722680659174,-1651.1287266533304,0.0,0.0,146.37468136820445,2403.4722680659174,0.0,316.8,18.06,23.62,0.9,17.31,0.0,0.0,0.0,main_seed1,1,d1c1eb972d85b5605cb5db7c2c6bc30520ef1b725ec02f3d139c77d64d6a78a6,1500,pre_fed,A2C-MADRL,deterministic,c44d78aeb480a3af1b8f5512d7b4e9fb1a5bcce727ebb586edf76aff7970983d
2,17,16,165.75,24.27,14.18,16.42,8.21,-0.2693999409675598,-0.334414005279541,103.17070524583454,-16.124068150852125,103.17070524583454,-0.18947368421052882,0.9,0.9,2.82862463123248,27.147393069608484,-27.147393069608484,1031.905483395354,119.10680096398887,445.7601942029713,-798.386239281157,0.0,0.0,27.147393069608484,445.7601942029713,0.0,172.25,18.06,23.62,0.9,17.31,0.0,0.0,0.0,main_seed1,1,d1c1eb972d85b5605cb5db7c2c6bc30520ef1b725ec02f3d139c77d64d6a78a6,1500,pre_fed,A2C-MADRL,deterministic,c44d78aeb480a3af1b8f5512d7b4e9fb1a5bcce727ebb586edf76aff7970983d
3,17,16,187.07,24.27,14.18,16.42,8.21,-0.0024330802261829376,-0.12100104242563248,99.75669245749862,-6.020697246373936,99.75669245749862,-0.18947368421052882,0.9,0.9,2.7603443754657615,51.81312560217768,-51.81312560217768,782.1246612336366,126.80720528531852,850.7715223877576,-879.8516944533565,0.0,0.0,51.81312560217768,850.7715223877576,0.0,194.4,18.06,23.62,0.9,17.31,0.0,0.0,0.0,main_seed1,1,d1c1eb972d85b5605cb5db7c2c6bc30520ef1b725ec02f3d139c77d64d6a78a6,1500,pre_fed,A2C-MADRL,deterministic,c44d78aeb480a3af1b8f5512d7b4e9fb1a5bcce727ebb586edf76aff7970983d
1,18,17,413.8,26.26,4.67,9.83,4.92,0.09192758798599243,-0.055935271084308624,109.16695100709426,-2.793850404407045,109.16695100709426,-0.18947368421052882,0.9,0.9,2.7981495464576747,276.690672223574,-276.690672223574,783.9660876172802,111.40639664265923,2719.8693079577324,-1807.620896108836,0.0,0.0,276.690672223574,2719.8693079577324,0.0,291.3,24.27,14.18,0.9,16.42,0.0,0.0,0.0,main_seed1,1,d1c1eb972d85b5605cb5db7c2c6bc30520ef1b725ec02f3d139c77d64d6a78a6,1500,pre_fed,A2C-MADRL,deterministic,c44d78aeb480a3af1b8f5512d7b4e9fb1a5bcce727ebb586edf76aff7970983d
2,18,17,164.25,26.26,4.67,9.83,4.92,-0.2605322301387787,-0.3255605697631836,104.32894107421697,-15.726306441142219,104.32894107421697,-0.18947368421052882,0.9,0.9,2.7013893478001285,31.881921957793708,-31.881921957793708,1040.310797688625,119.10680096398887,313.39929284511214,-736.408445748863,0.0,0.0,31.881921957793708,313.39929284511214,0.0,165.75,24.27,14.18,0.9,16.42,0.0,0.0,0.0,main_seed1,1,d1c1eb972d85b5605cb5db7c2c6bc30520ef1b725ec02f3d139c77d64d6a78a6,1500,pre_fed,A2C-MADRL,deterministic,c44d78aeb480a3af1b8f5512d7b4e9fb1a5bcce727ebb586edf76aff7970983d
3,18,17,185.6,26.26,4.67,9.83,4.92,-0.007310952991247177,-0.13136518001556396,99.26891772628625,-6.530735592903842,99.26891772628625,-0.18947368421052882,0.9,0.9,2.6001888808415146,58.19074483876578,-58.19074483876578,778.3684332419309,126.80720528531852,572.0150217650677,-738.5953301461586,0.0,0.0,58.19074483876578,572.0150217650677,0.0,187.07,24.27,14.18,0.9,16.42,0.0,0.0,0.0,main_seed1,1,d1c1eb972d85b5605cb5db7c2c6bc30520ef1b725ec02f3d139c77d64d6a78a6,1500,pre_fed,A2C-MADRL,deterministic,c44d78aeb480a3af1b8f5512d7b4e9fb1a5bcce727ebb586edf76aff7970983d
1,19,18,539.8,26.77,0.18,8.63,4.32,0.09526976943016052,-0.05742112174630165,109.49825787838326,-2.86790477553184,109.49825787838326,-0.18947368421052882,0.9,0.9,2.725175683883455,406.2663914897107,-406.2663914897107,786.4479697393996,111.40639664265923,3506.078958556204,-2201.9666624691313,0.0,0.0,406.2663914897107,3506.078958556204,0.0,413.8,26.26,4.67,0.9,9.83,0.0,0.0,0.0,main_seed1,1,d1c1eb972d85b5605cb5db7c2c6bc30520ef1b725ec02f3d139c77d64d6a78a6,1500,pre_fed,A2C-MADRL,deterministic,c44d78aeb480a3af1b8f5512d7b4e9fb1a5bcce727ebb586edf76aff7970983d
2,19,18,162.5,26.77,0.18,8.63,4.32,-0.21939149498939514,-0.27252933382987976,109.7686790356034,-13.298840611042328,109.7686790356034,-0.18947368421052882,0.9,0.9,2.7305841070278576,28.701378755634977,-28.701378755634977,1080.0597349411091,119.10680096398887,247.69289866112987,-723.429717283114,0.0,0.0,28.701378755634977,247.69289866112987,0.0,164.25,26.26,4.67,0.9,9.83,0.0,0.0,0.0,main_seed1,1,d1c1eb972d85b5605cb5db7c2c6bc30520ef1b725ec02f3d139c77d64d6a78a6,1500,pre_fed,A2C-MADRL,deterministic,c44d78aeb480a3af1b8f5512d7b4e9fb1a5bcce727ebb586edf76aff7970983d
3,19,18,183.4,26.77,0.18,8.63,4.32,-0.01284819282591343,-0.13385134935379028,98.71525141037529,-6.65288341537608,98.71525141037529,-0.18947368421052882,0.9,0.9,2.5095155545232952,60.43373782835853,-60.43373782835853,774.1102688739096,126.80720528531852,521.5431574587342,-711.2303158089812,0.0,0.0,60.43373782835853,521.5431574587342,0.0,185.6,26.26,4.67,0.9,9.83,0.0,0.0,0.0,main_seed1,1,d1c1eb972d85b5605cb5db7c2c6bc30520ef1b725ec02f3d139c77d64d6a78a6,1500,pre_fed,A2C-MADRL,deterministic,c44d78aeb480a3af1b8f5512d7b4e9fb1a5bcce727ebb586edf76aff7970983d
1,20,19,557.2,26.22,0.0,8.87,4.44,0.10365068912506104,-0.061714768409729004,110.32810881659654,-3.081826816007546,110.32810881659654,-0.18947368421052882,0.9,0.9,2.7271727026477204,423.56853757026175,-423.56853757026175,792.672344350811,111.40639664265923,3757.0529282482216,-2330.565834620846,0.0,0.0,423.56853757026175,3757.0529282482216,0.0,539.8,26.77,0.18,0.9,8.63,0.0,0.0,0.0,main_seed1,1,d1c1eb972d85b5605cb5db7c2c6bc30520ef1b725ec02f3d139c77d64d6a78a6,1500,pre_fed,A2C-MADRL,deterministic,c44d78aeb480a3af1b8f5512d7b4e9fb1a5bcce727ebb586edf76aff7970983d
2,20,19,165.75,26.22,0.0,8.87,4.44,-0.20815253257751465,-0.2585327625274658,111.27235078024718,-12.646133230185333,111.27235078024718,-0.18947368421052882,0.9,0.9,2.7460575419207336,31.193180445884053,-31.193180445884053,1091.126626397838,119.10680096398887,276.6835105549915,-743.4584689584092,0.0,0.0,31.193180445884053,276.6835105549915,0.0,162.5,26.77,0.18,0.9,8.63,0.0,0.0,0.0,main_seed1,1,d1c1eb972d85b5605cb5db7c2c6bc30520ef1b725ec02f3d139c77d64d6a78a6,1500,pre_fed,A2C-MADRL,deterministic,c44d78aeb480a3af1b8f5512d7b4e9fb1a5bcce727ebb586edf76aff7970983d
3,20,19,187.07,26.22,0.0,8.87,4.44,-0.01470333244651556,-0.13578595221042633,98.52977270231383,-6.747876443550635,98.52977270231383,-0.18947368421052882,0.9,0.9,2.491205980362066,65.00090696225875,-65.00090696225875,772.6850824337548,126.80720528531852,576.5580447552351,-738.0251662371543,0.0,0.0,65.00090696225875,576.5580447552351,0.0,183.4,26.77,0.18,0.9,8.63,0.0,0.0,0.0,main_seed1,1,d1c1eb972d85b5605cb5db7c2c6bc30520ef1b725ec02f3d139c77d64d6a78a6,1500,pre_fed,A2C-MADRL,deterministic,c44d78aeb480a3af1b8f5512d7b4e9fb1a5bcce727ebb586edf76aff7970983d
1,21,20,557.1,32.84,0.0,8.35,4.18,0.1050887405872345,-0.0622771754860878,110.47035877021798,-3.109839364837176,110.47035877021798,-0.18947368421052882,0.9,0.9,2.8624177017201493,416.8415326157127,-416.8415326157127,793.7404235168943,111.40639664265923,3480.626797341201,-2192.8868087503774,0.0,0.0,416.8415326157127,3480.626797341201,0.0,557.2,26.22,0.0,0.9,8.87,0.0,0.0,0.0,main_seed1,1,d1c1eb972d85b5605cb5db7c2c6bc30520ef1b725ec02f3d139c77d64d6a78a6,1500,pre_fed,A2C-MADRL,deterministic,c44d78aeb480a3af1b8f5512d7b4e9fb1a5bcce727ebb586edf76aff7970983d
2,21,20,169.0,32.84,0.0,8.35,4.18,-0.2091217339038849,-0.25975891947746277,111.14240176754011,-12.703501402455593,111.14240176754011,-0.18947368421052882,0.9,0.9,2.875858561666592,28.082930478337005,-28.082930478337005,1090.1688564166234,119.10680096398887,234.49246949411398,-721.8840634373631,0.0,0.0,28.082930478337005,234.49246949411398,0.0,165.75,26.22,0.0,0.9,8.87,0.0,0.0,0.0,main_seed1,1,d1c1eb972d85b5605cb5db7c2c6bc30520ef1b725ec02f3d139c77d64d6a78a6,1500,pre_fed,A2C-MADRL,deterministic,c44d78aeb480a3af1b8f5512d7b4e9fb1a5bcce727ebb586edf76aff7970983d
3,21,20,190.73,32.84,0.0,8.35,4.18,-0.014450312592089176,-0.13563865423202515,98.55506931212223,-6.740645541781282,98.55506931212223,-0.18947368421052882,0.9,0.9,2.6241119125582344,62.14851628464649,-62.14851628464649,772.8794187310436,126.80720528531852,518.9401109767982,-709.3133674965802,0.0,0.0,62.14851628464649,518.9401109767982,0.0,187.07,26.22,0.0,0.9,8.87,0.0,0.0,0.0,main_seed1,1,d1c1eb972d85b5605cb5db7c2c6bc30520ef1b725ec02f3d139c77d64d6a78a6,1500,pre_fed,A2C-MADRL,deterministic,c44d78aeb480a3af1b8f5512d7b4e9fb1a5bcce727ebb586edf76aff7970983d
1,22,21,535.0,36.02,0.0,16.44,8.22,0.1060265377163887,-0.06524625420570374,110.5631012573858,-3.2576912777703333,110.5631012573858,-0.18947368421052882,0.9,0.9,2.927872551463506,391.53424497828826,-391.53424497828826,794.4369540054194,111.40639664265923,6436.822987443059,-3671.333169045569,0.0,0.0,391.53424497828826,6436.822987443059,0.0,557.1,32.84,0.0,0.9,8.35,0.0,0.0,0.0,main_seed1,1,d1c1eb972d85b5605cb5db7c2c6bc30520ef1b725ec02f3d139c77d64d6a78a6,1500,pre_fed,A2C-MADRL,deterministic,c44d78aeb480a3af1b8f5512d7b4e9fb1a5bcce727ebb586edf76aff7970983d
2,22,21,161.2,36.02,0.0,16.44,8.22,-0.2129298895597458,-0.2662871778011322,110.63231486309489,-13.008333913186284,110.63231486309489,-0.18947368421052882,0.9,0.9,2.9292568235776875,17.666415644693302,-17.666415644693302,1086.411817521328,119.10680096398887,290.4358731987579,-747.9772458420374,0.0,0.0,17.666415644693302,290.4358731987579,0.0,169.0,32.84,0.0,0.9,8.35,0.0,0.0,0.0,main_seed1,1,d1c1eb972d85b5605cb5db7c2c6bc30520ef1b725ec02f3d139c77d64d6a78a6,1500,pre_fed,A2C-MADRL,deterministic,c44d78aeb480a3af1b8f5512d7b4e9fb1a5bcce727ebb586edf76aff7970983d
3,22,21,181.93,36.02,0.0,16.44,8.22,-0.016502266749739647,-0.1411583423614502,98.34992310793096,-7.011409831561233,98.34992310793096,-0.18947368421052882,0.9,0.9,2.6836089884744085,50.43315956475399,-50.43315956475399,771.3037733227702,126.80720528531852,829.1211432445557,-863.6160609263222,0.0,0.0,50.43315956475399,829.1211432445557,0.0,190.73,32.84,0.0,0.9,8.35,0.0,0.0,0.0,main_seed1,1,d1c1eb972d85b5605cb5db7c2c6bc30520ef1b725ec02f3d139c77d64d6a78a6,1500,pre_fed,A2C-MADRL,deterministic,c44d78aeb480a3af1b8f5512d7b4e9fb1a5bcce727ebb586edf76aff7970983d
1,23,22,437.8,37.23,0.0,16.19,8.1,0.11099004000425339,-0.0695202499628067,111.05365203047215,-3.4704233713097907,111.05365203047215,-0.18947368421052882,0.9,0.9,2.961883566925233,292.6677052206636,-292.6677052206636,798.1234900116727,111.40639664265923,4738.290147522544,-2823.910017088438,0.0,0.0,292.6677052206636,4738.290147522544,0.0,535.0,36.02,0.0,0.9,16.44,0.0,0.0,0.0,main_seed1,1,d1c1eb972d85b5605cb5db7c2c6bc30520ef1b725ec02f3d139c77d64d6a78a6,1500,pre_fed,A2C-MADRL,deterministic,c44d78aeb480a3af1b8f5512d7b4e9fb1a5bcce727ebb586edf76aff7970983d
2,23,22,148.0,37.23,0.0,16.19,8.1,-0.255109041929245,-0.32360702753067017,105.03987283324548,-15.638238201816346,105.03987283324548,-0.18947368421052882,0.9,0.9,2.841607982980699,8.761208833945744,-8.761208833945744,1045.4801268174997,119.10680096398887,141.8439710215816,-653.2154494015351,0.0,0.0,8.761208833945744,141.8439710215816,0.0,161.2,36.02,0.0,0.9,16.44,0.0,0.0,0.0,main_seed1,1,d1c1eb972d85b5605cb5db7c2c6bc30520ef1b725ec02f3d139c77d64d6a78a6,1500,pre_fed,A2C-MADRL,deterministic,c44d78aeb480a3af1b8f5512d7b4e9fb1a5bcce727ebb586edf76aff7970983d
3,23,22,161.39,37.23,0.0,16.19,8.1,-0.014661003835499287,-0.14917628467082977,98.53400465108476,-7.403973938921547,98.53400465108476,-0.18947368421052882,0.9,0.9,2.7114906193374844,28.526959652463262,-28.526959652463262,772.7175927123124,126.80720528531852,461.8514767733802,-680.6881373855056,0.0,0.0,28.526959652463262,461.8514767733802,0.0,181.93,36.02,0.0,0.9,16.44,0.0,0.0,0.0,main_seed1,1,d1c1eb972d85b5605cb5db7c2c6bc30520ef1b725ec02f3d139c77d64d6a78a6,1500,pre_fed,A2C-MADRL,deterministic,c44d78aeb480a3af1b8f5512d7b4e9fb1a5bcce727ebb586edf76aff7970983d
1,24,23,447.3,44.12,0.0,8.87,4.44,0.10295149683952332,-0.06570873409509659,110.25893043094798,-3.280716414955484,110.25893043094798,-0.18947368421052882,0.9,0.9,3.083789134934749,296.1943323881973,-296.1943323881973,792.1530391572131,111.40639664265923,2627.2437282833102,-1765.4015820415914,31.181242217443867,0.0,265.01309017075346,2489.1108252600334,0.0,437.8,37.23,0.0,0.9,16.19,0.0,0.0,0.0,main_seed1,1,d1c1eb972d85b5605cb5db7c2c6bc30520ef1b725ec02f3d139c77d64d6a78a6,1500,pre_fed,A2C-MADRL,deterministic,c44d78aeb480a3af1b8f5512d7b4e9fb1a5bcce727ebb586edf76aff7970983d
2,24,23,119.6,44.12,0.0,8.87,4.44,-0.2533435821533203,-0.32147216796875,105.27172658038128,-15.541872816099753,105.27172658038128,-0.18947368421052882,0.9,0.9,2.9840450579234155,-26.618207838247343,26.618207838247343,1047.1676437473964,119.10680096398887,236.10350352525393,-701.1889741183196,0.0,26.618207838247343,0.0,-118.18484280181822,0.0,148.0,37.23,0.0,0.9,16.19,26.618207838247343,0.0,0.0,main_seed1,1,d1c1eb972d85b5605cb5db7c2c6bc30520ef1b725ec02f3d139c77d64d6a78a6,1500,pre_fed,A2C-MADRL,deterministic,c44d78aeb480a3af1b8f5512d7b4e9fb1a5bcce727ebb586edf76aff7970983d
3,24,23,134.98,44.12,0.0,8.87,4.44,-0.015397965908050537,-0.14966855943202972,98.46032509155391,-7.428046201740597,98.46032509155391,-0.18947368421052882,0.9,0.9,2.8478170281468675,-4.563034379196523,4.563034379196523,772.1516271447058,126.80720528531852,40.474114943473154,-469.71647368674877,0.0,4.563034379196523,0.0,-20.259872643632566,0.0,161.39,37.23,0.0,0.9,16.19,4.563034379196523,0.0,0.0,main_seed1,1,d1c1eb972d85b5605cb5db7c2c6bc30520ef1b725ec02f3d139c77d64d6a78a6,1500,pre_fed,A2C-MADRL,deterministic,c44d78aeb480a3af1b8f5512d7b4e9fb1a5bcce727ebb586edf76aff7970983d
1,1,0,457.7,51.48,0.0,8.65,4.33,0.6360189318656921,-0.11138424277305603,156.21827939787036,-5.546294479528294,156.21827939787036,-5.546294479528294,0.5,0.5516897975555188,4.043039698366841,259.59105478002476,-259.59105478002476,1154.2421797818702,484.5779319044366,2245.462623847214,-1942.1413677667606,251.4371155809086,0.0,8.153939199116166,1159.2542845376893,0.0,447.3,44.12,0.0,0.5,8.87,0.0,0.0,0.0,main_seed1,1,d1c1eb972d85b5605cb5db7c2c6bc30520ef1b725ec02f3d139c77d64d6a78a6,1500,pre_fed,TRPO-MADRL,deterministic,206e179fd62206377824ca2961fbbc7e4059043d715bfb039475e11382c79944
2,1,0,110.5,51.48,0.0,8.65,4.33,4.21235466003418,3.35315203666687,279.93858732745775,49.87783177815431,279.93858732745775,37.905,0.5,0.09999999999999992,7.386471746549155,-251.4371155809086,251.4371155809086,2550.6298323491446,876.5690861075,2174.9310497748593,-2801.064984115752,0.0,251.4371155809086,0.0,-1088.7227104653343,0.0,119.6,44.12,0.0,0.5,8.87,251.4371155809086,0.0,0.0,main_seed1,1,d1c1eb972d85b5605cb5db7c2c6bc30520ef1b725ec02f3d139c77d64d6a78a6,1500,pre_fed,TRPO-MADRL,deterministic,206e179fd62206377824ca2961fbbc7e4059043d715bfb039475e11382c79944
3,1,0,124.71,51.48,0.0,8.65,4.33,-1.0047986507415771,-9.219940185546875,23.639788759736614,-49.99999901901649,23.639788759736614,-42.21052631578948,0.5,0.9,0.6581852488789426,92.4589228049318,-92.4589228049318,250.65614901381693,244.81166675900275,799.7696822626601,-647.6187490177399,0.0,0.0,92.4589228049318,799.7696822626601,0.0,134.98,44.12,0.0,0.5,8.87,0.0,0.0,0.0,main_seed1,1,d1c1eb972d85b5605cb5db7c2c6bc30520ef1b725ec02f3d139c77d64d6a78a6,1500,pre_fed,TRPO-MADRL,deterministic,206e179fd62206377824ca2961fbbc7e4059043d715bfb039475e11382c79944
1,2,1,336.5,38.37,0.0,8.11,4.06,0.641025185585022,-1.4216433763504028,156.55971856541896,-44.49706272834773,156.55971856541896,-36.78037705679919,0.5516897975555188,0.9,3.162986830172396,181.51364532155262,-181.51364532155262,1157.0602485601903,208.98374274845685,1472.0756635577916,-1419.0598274332192,0.0,0.0,181.51364532155262,1472.0756635577916,0.0,457.7,51.48,0.0,0.5516897975555188,8.65,0.0,0.0,0.0,main_seed1,1,d1c1eb972d85b5605cb5db7c2c6bc30520ef1b725ec02f3d139c77d64d6a78a6,1500,pre_fed,TRPO-MADRL,deterministic,206e179fd62206377824ca2961fbbc7e4059043d715bfb039475e11382c79944
2,2,1,109.85,38.37,0.0,8.11,4.06,-1.5451774597167969,30.05028533935547,12.181921622966868,50.0,12.181921622966868,-0.021052631578956735,0.09999999999999992,0.1,1.0106173798277582,60.32974838843984,-60.32974838843984,435.3211488481054,1090.2561177506927,489.27425943024707,-1007.4257630145225,0.0,0.0,60.32974838843984,489.27425943024707,0.0,110.5,51.48,0.0,0.09999999999999992,8.65,0.0,0.0,0.0,main_seed1,1,d1c1eb972d85b5605cb5db7c2c6bc30520ef1b725ec02f3d139c77d64d6a78a6,1500,pre_fed,TRPO-MADRL,deterministic,206e179fd62206377824ca2961fbbc7e4059043d715bfb039475e11382c79944
3,2,1,123.98,38.37,0.0,8.11,4.06,-0.6323513984680176,-31.188114166259766,44.03307886404877,-50.0,44.03307886404877,-0.18947368421052882,0.9,0.9,1.644272103596765,43.41066692375853,-43.41066692375853,382.25185252547493,126.80720528531852,352.06050875168165,-430.5597832812375,0.0,0.0,43.41066692375853,352.06050875168165,0.0,124.71,51.48,0.0,0.9,8.65,0.0,0.0,0.0,main_seed1,1,d1c1eb972d85b5605cb5db7c2c6bc30520ef1b725ec02f3d139c77d64d6a78a6,1500,pre_fed,TRPO-MADRL,deterministic,206e179fd62206377824ca2961fbbc7e4059043d715bfb039475e11382c79944
1,3,2,274.9,43.56,0.0,8.25,4.13,-0.36540699005126953,-9.864108085632324,65.00322610182646,-49.99999972951413,65.00322610182646,-0.18947368421052882,0.9,0.9,2.1674750483523186,168.69372263073637,-168.69372263073637,469.0443504719732,111.40639664265923,1391.723211703575,-986.0869794091038,0.0,0.0,168.69372263073637,1391.723211703575,0.0,336.5,38.37,0.0,0.9,8.11,0.0,0.0,0.0,main_seed1,1,d1c1eb972d85b5605cb5db7c2c6bc30520ef1b725ec02f3d139c77d64d6a78a6,1500,pre_fed,TRPO-MADRL,deterministic,206e179fd62206377824ca2961fbbc7e4059043d715bfb039475e11382c79944
2,3,2,112.45,43.56,0.0,8.25,4.13,-0.9839318990707397,28.801774978637695,34.3331859041481,50.0,34.3331859041481,-0.02105263157894797,0.1,0.1,1.557442665451383,36.135309392882235,-36.135309392882235,568.9711301084601,1090.2561177506923,298.1163024912784,-978.6717751752154,0.0,0.0,36.135309392882235,298.1163024912784,0.0,109.85,38.37,0.0,0.1,8.11,0.0,0.0,0.0,main_seed1,1,d1c1eb972d85b5605cb5db7c2c6bc30520ef1b725ec02f3d139c77d64d6a78a6,1500,pre_fed,TRPO-MADRL,deterministic,206e179fd62206377824ca2961fbbc7e4059043d715bfb039475e11382c79944
3,3,2,126.91,43.56,0.0,8.25,4.13,-0.41880422830581665,-30.43042755126953,60.4077419237506,-50.0,60.4077419237506,-0.18947368421052882,0.9,0.9,2.0755653647908012,25.207297125250733,-25.207297125250733,493.63538577809226,126.80720528531852,207.96020128331855,-414.2013961733646,0.0,0.0,25.207297125250733,207.96020128331855,0.0,123.98,38.37,0.0,0.9,8.11,0.0,0.0,0.0,main_seed1,1,d1c1eb972d85b5605cb5db7c2c6bc30520ef1b725ec02f3d139c77d64d6a78a6,1500,pre_fed,TRPO-MADRL,deterministic,206e179fd62206377824ca2961fbbc7e4059043d715bfb039475e11382c79944
1,4,3,272.6,40.75,0.0,8.1,4.05,-0.7222597599029541,-9.867815971374512,38.16929010638884,-49.999999731512574,38.16929010638884,-0.18947368421052882,0.9,0.9,1.5745963284435665,195.44477990626527,-195.44477990626527,293.1291865370721,111.40639664265923,1583.1027172407487,-993.81915021024,0.0,0.0,195.44477990626527,1583.1027172407487,0.0,274.9,43.56,0.0,0.9,8.25,0.0,0.0,0.0,main_seed1,1,d1c1eb972d85b5605cb5db7c2c6bc30520ef1b725ec02f3d139c77d64d6a78a6,1500,pre_fed,TRPO-MADRL,deterministic,206e179fd62206377824ca2961fbbc7e4059043d715bfb039475e11382c79944
2,4,3,110.5,40.75,0.0,8.1,4.05,-1.2455183267593384,29.3863582611084,21.416902547487165,50.0,21.416902547487165,-0.02105263157894797,0.1,0.1,1.2429169983181645,49.59706708240994,-49.59706708240994,490.13400270166414,1090.2561177506923,401.7362433675205,-991.0631819099384,0.0,0.0,49.59706708240994,401.7362433675205,0.0,112.45,43.56,0.0,0.1,8.25,0.0,0.0,0.0,main_seed1,1,d1c1eb972d85b5605cb5db7c2c6bc30520ef1b725ec02f3d139c77d64d6a78a6,1500,pre_fed,TRPO-MADRL,deterministic,206e179fd62206377824ca2961fbbc7e4059043d715bfb039475e11382c79944
3,4,3,124.71,40.75,0.0,8.1,4.05,-0.49217700958251953,-30.585264205932617,54.40574117795699,-50.0,54.40574117795699,-0.18947368421052882,0.9,0.9,1.8993253498749294,31.64305785612845,-31.64305785612845,452.2172106385971,126.80720528531852,256.30876863464044,-417.666592279278,0.0,0.0,31.64305785612845,256.30876863464044,0.0,126.91,43.56,0.0,0.9,8.25,0.0,0.0,0.0,main_seed1,1,d1c1eb972d85b5605cb5db7c2c6bc30520ef1b725ec02f3d139c77d64d6a78a6,1500,pre_fed,TRPO-MADRL,deterministic,206e179fd62206377824ca2961fbbc7e4059043d715bfb039475e11382c79944
1,5,4,245.3,27.74,0.0,8.14,4.07,-0.7168439626693726,-9.838991165161133,38.50494260766935,-49.99999971557953,38.50494260766935,-0.18947368421052882,0.9,0.9,1.3211093784691763,180.56564045501037,-180.56564045501037,295.25757961815,111.40639664265923,1469.8043133037845,-938.2341447822969,0.0,0.0,180.56564045501037,1469.8043133037845,0.0,272.6,40.75,0.0,0.9,8.1,0.0,0.0,0.0,main_seed1,1,d1c1eb972d85b5605cb5db7c2c6bc30520ef1b725ec02f3d139c77d64d6a78a6,1500,pre_fed,TRPO-MADRL,deterministic,206e179fd62206377824ca2961fbbc7e4059043d715bfb039475e11382c79944
2,5,4,113.75,27.74,0.0,8.14,4.07,-1.1100430488586426,29.083717346191406,27.4291348874548,50.0,27.4291348874548,-0.02105263157894797,0.1,0.1,1.102961645117517,59.70487938924166,-59.70487938924166,526.5154027098671,1090.2561177506923,485.9977182284272,-1051.3846193444933,0.0,0.0,59.70487938924166,485.9977182284272,0.0,110.5,40.75,0.0,0.1,8.1,0.0,0.0,0.0,main_seed1,1,d1c1eb972d85b5605cb5db7c2c6bc30520ef1b725ec02f3d139c77d64d6a78a6,1500,pre_fed,TRPO-MADRL,deterministic,206e179fd62206377824ca2961fbbc7e4059043d715bfb039475e11382c79944
3,5,4,128.38,27.74,0.0,8.14,4.07,-0.45350855588912964,-30.446086883544922,57.5221232099032,-50.0,57.5221232099032,-0.18947368421052882,0.9,0.9,1.7014529905138533,45.008803464821185,-45.008803464821185,473.63708510600276,126.80720528531852,366.37166020364447,-483.40797529748284,0.0,0.0,45.008803464821185,366.37166020364447,0.0,124.71,40.75,0.0,0.9,8.1,0.0,0.0,0.0,main_seed1,1,d1c1eb972d85b5605cb5db7c2c6bc30520ef1b725ec02f3d139c77d64d6a78a6,1500,pre_fed,TRPO-MADRL,deterministic,206e179fd62206377824ca2961fbbc7e4059043d715bfb039475e11382c79944
1,6,5,233.7,30.15,0.0,8.13,4.07,-0.8668395280838013,-9.711471557617188,30.023518567892225,-49.9999996329519,30.023518567892225,-0.18947368421052882,0.9,0.9,1.199680897673634,174.91563601399193,-174.91563601399193,242.03596071263573,111.40639664265923,1422.0641207937545,-887.7532390745247,0.0,0.0,174.91563601399193,1422.0641207937545,0.0,245.3,27.74,0.0,0.9,8.14,0.0,0.0,0.0,main_seed1,1,d1c1eb972d85b5605cb5db7c2c6bc30520ef1b725ec02f3d139c77d64d6a78a6,1500,pre_fed,TRPO-MADRL,deterministic,206e179fd62206377824ca2961fbbc7e4059043d715bfb039475e11382c79944
2,6,5,120.25,30.15,0.0,8.13,4.07,-0.4615868330001831,27.64186668395996,79.6072702717115,50.0,79.6072702717115,-0.02105263157894797,0.1,0.1,2.194724352802651,12.708506712670115,-12.708506712670115,865.3329079921825,1090.2561177506923,103.32015957400804,-1029.4545926584415,0.0,0.0,12.708506712670115,103.32015957400804,0.0,113.75,27.74,0.0,0.1,8.14,0.0,0.0,0.0,main_seed1,1,d1c1eb972d85b5605cb5db7c2c6bc30520ef1b725ec02f3d139c77d64d6a78a6,1500,pre_fed,TRPO-MADRL,deterministic,206e179fd62206377824ca2961fbbc7e4059043d715bfb039475e11382c79944
3,6,5,135.43,30.15,0.0,8.13,4.07,-0.2455335557460785,-30.12561798095703,75.92844313967097,-50.0,75.92844313967097,-0.18947368421052882,0.9,0.9,2.117779389109209,31.658809933648755,-31.658809933648755,603.9129751788237,126.80720528531852,257.38612476056437,-494.0531526123533,0.0,0.0,31.658809933648755,257.38612476056437,0.0,128.38,27.74,0.0,0.9,8.14,0.0,0.0,0.0,main_seed1,1,d1c1eb972d85b5605cb5db7c2c6bc30520ef1b725ec02f3d139c77d64d6a78a6,1500,pre_fed,TRPO-MADRL,deterministic,206e179fd62206377824ca2961fbbc7e4059043d715bfb039475e11382c79944
1,7,6,274.6,28.65,0.16,8.34,4.17,-0.9303112030029297,-9.69953727722168,26.92610439175944,-49.999999624085596,26.92610439175944,-0.18947368421052882,0.9,0.9,1.1109326141509783,220.16430190660208,-220.16430190660208,222.889939412363,111.40639664265923,1836.1702779010614,-1085.2333069780418,0.0,0.0,220.16430190660208,1836.1702779010614,0.0,233.7,30.15,0.0,0.9,8.13,0.0,0.0,0.0,main_seed1,1,d1c1eb972d85b5605cb5db7c2c6bc30520ef1b725ec02f3d139c77d64d6a78a6,1500,pre_fed,TRPO-MADRL,deterministic,206e179fd62206377824ca2961fbbc7e4059043d715bfb039475e11382c79944
2,7,6,130.0,28.65,0.16,8.34,4.17,-0.6613719463348389,28.093406677246094,58.901400173111455,50.0,58.901400173111455,-0.02105263157894797,0.1,0.1,1.7538069508306502,44.06345940929815,-44.06345940929815,725.927202545156,1090.2561177506923,367.4892514735465,-1091.8362858846974,0.0,0.0,44.06345940929815,367.4892514735465,0.0,120.25,30.15,0.0,0.1,8.13,0.0,0.0,0.0,main_seed1,1,d1c1eb972d85b5605cb5db7c2c6bc30520ef1b725ec02f3d139c77d64d6a78a6,1500,pre_fed,TRPO-MADRL,deterministic,206e179fd62206377824ca2961fbbc7e4059043d715bfb039475e11382c79944
3,7,6,146.72,28.65,0.16,8.34,4.17,-0.26112252473831177,-29.959489822387695,74.46548321270643,-50.0,74.46548321270643,-0.18947368421052882,0.9,0.9,2.0617201905699183,45.695710662074006,-45.695710662074006,593.322985271792,126.80720528531852,381.1022269216972,-550.6162087394039,0.0,0.0,45.695710662074006,381.1022269216972,0.0,135.43,30.15,0.0,0.9,8.13,0.0,0.0,0.0,main_seed1,1,d1c1eb972d85b5605cb5db7c2c6bc30520ef1b725ec02f3d139c77d64d6a78a6,1500,pre_fed,TRPO-MADRL,deterministic,206e179fd62206377824ca2961fbbc7e4059043d715bfb039475e11382c79944
1,8,7,291.0,23.38,1.77,9.35,4.68,-0.7264116406440735,-9.779059410095215,37.91348810488175,-49.99999967936057,37.91348810488175,-0.18947368421052882,0.9,0.9,1.2574802884134244,229.3834658677422,-229.3834658677422,291.50835586018354,111.40639664265923,2144.7354058633896,-1273.8250791831163,0.0,0.0,229.3834658677422,2144.7354058633896,0.0,274.6,28.65,0.16,0.9,8.34,0.0,0.0,0.0,main_seed1,1,d1c1eb972d85b5605cb5db7c2c6bc30520ef1b725ec02f3d139c77d64d6a78a6,1500,pre_fed,TRPO-MADRL,deterministic,206e179fd62206377824ca2961fbbc7e4059043d715bfb039475e11382c79944
2,8,7,157.95,23.38,1.77,9.35,4.68,-0.6619499921798706,28.103782653808594,58.847647457169394,50.0,58.847647457169394,-0.02105263157894797,0.1,0.1,1.679531896511809,75.65293707092135,-75.65293707092135,725.5737842021712,1090.2561177506923,707.3549616131146,-1261.592431782989,0.0,0.0,75.65293707092135,707.3549616131146,0.0,130.0,28.65,0.16,0.1,8.34,0.0,0.0,0.0,main_seed1,1,d1c1eb972d85b5605cb5db7c2c6bc30520ef1b725ec02f3d139c77d64d6a78a6,1500,pre_fed,TRPO-MADRL,deterministic,206e179fd62206377824ca2961fbbc7e4059043d715bfb039475e11382c79944
3,8,7,178.26,23.38,1.77,9.35,4.68,-0.20824222266674042,-29.79582405090332,79.4716593557287,-50.0,79.4716593557287,-0.18947368421052882,0.9,0.9,2.0886437134303635,75.91645804191218,-75.91645804191218,629.729914943937,126.80720528531852,709.8188826918788,-733.1780014605672,0.0,0.0,75.91645804191218,709.8188826918788,0.0,146.72,28.65,0.16,0.9,8.34,0.0,0.0,0.0,main_seed1,1,d1c1eb972d85b5605cb5db7c2c6bc30520ef1b725ec02f3d139c77d64d6a78a6,1500,pre_fed,TRPO-MADRL,deterministic,206e179fd62206377824ca2961fbbc7e4059043d715bfb039475e11382c79944
1,9,8,315.7,21.75,5.3,12.0,6.0,-0.7345872521400452,-9.768961906433105,37.4136235353568,-49.999999672819435,37.4136235353568,-0.18947368421052882,0.9,0.9,1.2854829970229256,252.71133314587664,-252.71133314587664,288.3441383532087,111.40639664265923,3032.5359977505195,-1716.1432663731937,0.0,0.0,252.71133314587664,3032.5359977505195,0.0,291.0,23.38,1.77,0.9,9.35,0.0,0.0,0.0,main_seed1,1,d1c1eb972d85b5605cb5db7c2c6bc30520ef1b725ec02f3d139c77d64d6a78a6,1500,pre_fed,TRPO-MADRL,deterministic,206e179fd62206377824ca2961fbbc7e4059043d715bfb039475e11382c79944
2,9,8,165.1,21.75,5.3,12.0,6.0,-0.616145133972168,28.03439712524414,63.21863146831854,50.0,63.21863146831854,-0.02105263157894797,0.1,0.1,1.8049515767347917,76.65737273999521,-76.65737273999521,754.4559515119751,1090.2561177506923,919.8884728799426,-1382.300271071305,0.0,0.0,76.65737273999521,919.8884728799426,0.0,157.95,23.38,1.77,0.1,9.35,0.0,0.0,0.0,main_seed1,1,d1c1eb972d85b5605cb5db7c2c6bc30520ef1b725ec02f3d139c77d64d6a78a6,1500,pre_fed,TRPO-MADRL,deterministic,206e179fd62206377824ca2961fbbc7e4059043d715bfb039475e11382c79944
3,9,8,186.33,21.75,5.3,12.0,6.0,-0.04597988724708557,-29.611835479736328,95.40524881679497,-50.0,95.40524881679497,-0.18947368421052882,0.9,0.9,2.4453155026516886,66.50954037006727,-66.50954037006727,748.775029892627,126.80720528531852,798.1144844408072,-836.8483598093765,0.0,0.0,66.50954037006727,798.1144844408072,0.0,178.26,23.38,1.77,0.9,9.35,0.0,0.0,0.0,main_seed1,1,d1c1eb972d85b5605cb5db7c2c6bc30520ef1b725ec02f3d139c77d64d6a78a6,1500,pre_fed,TRPO-MADRL,deterministic,206e179fd62206377824ca2961fbbc7e4059043d715bfb039475e11382c79944
1,10,9,362.4,34.82,11.6,9.19,4.6,-0.8676367998123169,-9.788963317871094,29.982854158582718,-49.99999968564926,29.982854158582718,-0.18947368421052882,0.9,0.9,1.5242676094874437,287.71088713511523,-287.71088713511523,241.78359528940135,111.40639664265923,2644.063052771709,-1498.626522351885,0.0,0.0,287.71088713511523,2644.063052771709,0.0,315.7,21.75,5.3,0.9,12.0,0.0,0.0,0.0,main_seed1,1,d1c1eb972d85b5605cb5db7c2c6bc30520ef1b725ec02f3d139c77d64d6a78a6,1500,pre_fed,TRPO-MADRL,deterministic,206e179fd62206377824ca2961fbbc7e4059043d715bfb039475e11382c79944
2,10,9,169.0,34.82,11.6,9.19,4.6,-0.41229546070098877,27.594532012939453,85.34120130052933,50.0,85.34120130052933,-0.02105263157894797,0.1,0.1,2.6348029733790077,39.89465430442863,-39.89465430442863,905.0897402465794,1090.2561177506923,366.63187305769907,-1180.9888655274854,0.0,0.0,39.89465430442863,366.63187305769907,0.0,165.1,21.75,5.3,0.1,12.0,0.0,0.0,0.0,main_seed1,1,d1c1eb972d85b5605cb5db7c2c6bc30520ef1b725ec02f3d139c77d64d6a78a6,1500,pre_fed,TRPO-MADRL,deterministic,206e179fd62206377824ca2961fbbc7e4059043d715bfb039475e11382c79944
3,10,9,190.73,34.82,11.6,9.19,4.6,0.018497422337532043,-31.44032859802246,101.84953129666394,-50.0,101.84953129666394,-0.18947368421052882,0.9,0.9,2.961601152249068,45.61154353979566,-45.61154353979566,798.2923835744436,126.80720528531852,419.1700851307221,-672.1348369952422,0.0,0.0,45.61154353979566,419.1700851307221,0.0,186.33,21.75,5.3,0.9,12.0,0.0,0.0,0.0,main_seed1,1,d1c1eb972d85b5605cb5db7c2c6bc30520ef1b725ec02f3d139c77d64d6a78a6,1500,pre_fed,TRPO-MADRL,deterministic,206e179fd62206377824ca2961fbbc7e4059043d715bfb039475e11382c79944
1,11,10,320.0,27.17,36.64,12.3,6.15,-0.24184225499629974,-9.466459274291992,76.27649202640812,-49.99999940084671,76.27649202640812,-0.18947368421052882,0.9,0.9,2.7979403668439518,182.90092202464638,-182.90092202464638,546.4281706014775,111.40639664265923,2249.6813409031506,-1453.7579540736438,0.0,0.0,182.90092202464638,2249.6813409031506,0.0,362.4,34.82,11.6,0.9,9.19,0.0,0.0,0.0,main_seed1,1,d1c1eb972d85b5605cb5db7c2c6bc30520ef1b725ec02f3d139c77d64d6a78a6,1500,pre_fed,TRPO-MADRL,deterministic,206e179fd62206377824ca2961fbbc7e4059043d715bfb039475e11382c79944
2,11,10,173.55,27.17,36.64,12.3,6.15,-1.8092546463012695,30.790546417236328,7.314151989123527,50.0,7.314151989123527,-0.02105263157894797,0.1,0.1,1.4220619871508917,103.86896262960633,-103.86896262960633,406.9509591250536,1090.2561177506923,1277.5882403441578,-1387.3976586099518,0.0,0.0,103.86896262960633,1277.5882403441578,0.0,169.0,34.82,11.6,0.1,9.19,0.0,0.0,0.0,main_seed1,1,d1c1eb972d85b5605cb5db7c2c6bc30520ef1b725ec02f3d139c77d64d6a78a6,1500,pre_fed,TRPO-MADRL,deterministic,206e179fd62206377824ca2961fbbc7e4059043d715bfb039475e11382c79944
3,11,10,195.87,27.17,36.64,12.3,6.15,-0.056227341294288635,-28.14527702331543,94.38318383750885,-50.0,94.38318383750885,-0.18947368421052882,0.9,0.9,3.1600742030659665,41.026364049767636,-41.026364049767636,740.9940593133238,126.80720528531852,504.62427781214194,-686.2127712053921,0.0,0.0,41.026364049767636,504.62427781214194,0.0,190.73,34.82,11.6,0.9,9.19,0.0,0.0,0.0,main_seed1,1,d1c1eb972d85b5605cb5db7c2c6bc30520ef1b725ec02f3d139c77d64d6a78a6,1500,pre_fed,TRPO-MADRL,deterministic,206e179fd62206377824ca2961fbbc7e4059043d715bfb039475e11382c79944
1,12,11,350.0,30.2,42.68,20.7,10.35,-0.6191041469573975,-8.598050117492676,44.94960241629848,-49.99999659726175,44.94960241629848,-0.18947368421052882,0.9,0.9,2.352802574641759,234.71267384255378,-234.71267384255378,336.4775065560321,111.40639664265923,4858.552348540863,-2653.2181258697774,2.1831976546700673,0.0,232.52947618788372,4835.956252815027,0.0,320.0,27.17,36.64,0.9,12.3,0.0,0.0,0.0,main_seed1,1,d1c1eb972d85b5605cb5db7c2c6bc30520ef1b725ec02f3d139c77d64d6a78a6,1500,pre_fed,TRPO-MADRL,deterministic,206e179fd62206377824ca2961fbbc7e4059043d715bfb039475e11382c79944
2,12,11,168.35,30.2,42.68,20.7,10.35,-2.3096301555633545,32.07001495361328,2.73386811623221,50.0,2.73386811623221,-0.02105263157894797,0.1,0.1,1.5118563096930653,94.2690408250398,-94.2690408250398,380.5851735652638,1090.2561177506923,1951.3691450783238,-1711.10521819714,0.0,0.0,94.2690408250398,1951.3691450783238,0.0,173.55,27.17,36.64,0.1,12.3,0.0,0.0,0.0,main_seed1,1,d1c1eb972d85b5605cb5db7c2c6bc30520ef1b725ec02f3d139c77d64d6a78a6,1500,pre_fed,TRPO-MADRL,deterministic,206e179fd62206377824ca2961fbbc7e4059043d715bfb039475e11382c79944
3,12,11,190.0,30.2,42.68,20.7,10.35,0.238573357462883,-28.045839309692383,123.41477741346571,-50.0,123.41477741346571,-0.18947368421052882,0.9,0.9,3.9221060745851037,-2.1831976546700673,2.1831976546700673,969.736325970381,126.80720528531852,45.19219145167039,-570.8678613536849,0.0,2.1831976546700673,0.0,-22.596095725835195,0.0,195.87,27.17,36.64,0.9,12.3,2.1831976546700673,0.0,0.0,main_seed1,1,d1c1eb972d85b5605cb5db7c2c6bc30520ef1b725ec02f3d139c77d64d6a78a6,1500,pre_fed,TRPO-MADRL,deterministic,206e179fd62206377824ca2961fbbc7e4059043d715bfb039475e11382c79944
1,13,12,345.2,23.52,35.22,26.82,13.41,-1.3382292985916138,-8.676091194152832,12.875371015106884,-49.999997088995165,12.875371015106884,-0.18947368421052882,0.9,0.9,1.4285179466179272,275.20262061572157,-275.20262061572157,137.98990115450226,111.40639664265923,7380.934284913653,-3815.165291355407,0.0,0.0,275.20262061572157,7380.934284913653,0.0,350.0,30.2,42.68,0.9,20.7,0.0,0.0,0.0,main_seed1,1,d1c1eb972d85b5605cb5db7c2c6bc30520ef1b725ec02f3d139c77d64d6a78a6,1500,pre_fed,TRPO-MADRL,deterministic,206e179fd62206377824ca2961fbbc7e4059043d715bfb039475e11382c79944
2,13,12,168.35,23.52,35.22,26.82,13.41,-1.6608562469482422,30.596755981445312,9.753460618745551,50.0,9.753460618745551,-0.02105263157894797,0.1,0.1,1.3694481597433321,101.24704017257672,-101.24704017257672,421.12264426918955,1090.2561177506923,2715.4456174285074,-2113.412189724195,0.0,0.0,101.24704017257672,2715.4456174285074,0.0,168.35,30.2,42.68,0.1,20.7,0.0,0.0,0.0,main_seed1,1,d1c1eb972d85b5605cb5db7c2c6bc30520ef1b725ec02f3d139c77d64d6a78a6,1500,pre_fed,TRPO-MADRL,deterministic,206e179fd62206377824ca2961fbbc7e4059043d715bfb039475e11382c79944
3,13,12,190.0,23.52,35.22,26.82,13.41,0.2648671269416809,-34.43586730957031,125.88422575445915,-50.0,125.88422575445915,-0.18947368421052882,0.9,0.9,3.688695041404973,9.253942971156334,-9.253942971156334,989.9323154245042,126.80720528531852,248.1907504864129,-682.4651355981179,0.0,0.0,9.253942971156334,248.1907504864129,0.0,190.0,30.2,42.68,0.9,20.7,0.0,0.0,0.0,main_seed1,1,d1c1eb972d85b5605cb5db7c2c6bc30520ef1b725ec02f3d139c77d64d6a78a6,1500,pre_fed,TRPO-MADRL,deterministic,206e179fd62206377824ca2961fbbc7e4059043d715bfb039475e11382c79944
1,14,13,320.6,39.48,35.46,27.35,13.68,-1.9591940641403198,-8.66817569732666,3.8971714808225366,-49.99999704254435,3.8971714808225366,-0.18947368421052882,0.9,0.9,1.57295395593224,243.52525615932024,-243.52525615932024,85.41484322926749,111.40639664265923,6660.415755957409,-3428.618497914668,51.535946508250845,0.0,191.9893096510694,5955.919367189619,0.0,345.2,23.52,35.22,0.9,26.82,0.0,0.0,0.0,main_seed1,1,d1c1eb972d85b5605cb5db7c2c6bc30520ef1b725ec02f3d139c77d64d6a78a6,1500,pre_fed,TRPO-MADRL,deterministic,206e179fd62206377824ca2961fbbc7e4059043d715bfb039475e11382c79944
2,14,13,165.75,39.48,35.46,27.35,13.68,0.048619747161865234,26.680097579956055,146.80140621142675,50.0,146.80140621142675,-0.02105263157894797,0.1,0.1,4.434407071596956,-51.535946508250845,51.535946508250845,1362.6169490598616,1090.2561177506923,1409.5081370006608,-1931.1906019056073,0.0,51.535946508250845,0.0,-705.0117482328716,0.0,168.35,23.52,35.22,0.1,26.82,51.535946508250845,0.0,0.0,main_seed1,1,d1c1eb972d85b5605cb5db7c2c6bc30520ef1b725ec02f3d139c77d64d6a78a6,1500,pre_fed,TRPO-MADRL,deterministic,206e179fd62206377824ca2961fbbc7e4059043d715bfb039475e11382c79944
3,14,13,187.07,39.48,35.46,27.35,13.68,0.1428714543581009,-38.182518005371094,114.19072170962541,-50.0,114.19072170962541,-0.18947368421052882,0.9,0.9,3.778824960508298,1.9075769350934024,-1.9075769350934024,895.3235419162921,126.80720528531852,52.172229174804556,-537.1514881882076,0.0,0.0,1.9075769350934024,52.172229174804556,0.0,190.0,23.52,35.22,0.9,26.82,0.0,0.0,0.0,main_seed1,1,d1c1eb972d85b5605cb5db7c2c6bc30520ef1b725ec02f3d139c77d64d6a78a6,1500,pre_fed,TRPO-MADRL,deterministic,206e179fd62206377824ca2961fbbc7e4059043d715bfb039475e11382c79944
1,15,14,333.2,35.74,34.83,13.81,6.91,-2.0949790477752686,-8.654967308044434,2.9841827406214994,-49.99999696337683,2.9841827406214994,-0.18947368421052882,0.9,0.9,1.4672941811282194,261.3025851247172,-261.3025851247172,80.1416585840533,111.40639664265923,3608.588700572345,-1900.0683778995287,0.0,0.0,261.3025851247172,3608.588700572345,0.0,320.6,39.48,35.46,0.9,27.35,0.0,0.0,0.0,main_seed1,1,d1c1eb972d85b5605cb5db7c2c6bc30520ef1b725ec02f3d139c77d64d6a78a6,1500,pre_fed,TRPO-MADRL,deterministic,206e179fd62206377824ca2961fbbc7e4059043d715bfb039475e11382c79944
2,15,14,170.3,35.74,34.83,13.81,6.91,-0.7837812900543213,28.525949478149414,48.31796000424894,50.0,48.31796000424894,-0.02105263157894797,0.1,0.1,2.3773381474533997,53.81043077478343,-53.81043077478343,657.1891647923227,1090.2561177506923,743.1220489997592,-1245.283665771387,0.0,0.0,53.81043077478343,743.1220489997592,0.0,165.75,39.48,35.46,0.1,27.35,0.0,0.0,0.0,main_seed1,1,d1c1eb972d85b5605cb5db7c2c6bc30520ef1b725ec02f3d139c77d64d6a78a6,1500,pre_fed,TRPO-MADRL,deterministic,206e179fd62206377824ca2961fbbc7e4059043d715bfb039475e11382c79944
3,15,14,192.2,35.74,34.83,13.81,6.91,-0.05116735398769379,-38.67115783691406,94.88772530163429,-50.0,94.88772530163429,-0.18947368421052882,0.9,0.9,3.3053650323484756,30.237113414924693,-30.237113414924693,744.83264792522,126.80720528531852,417.57453626011,-644.6071947353244,0.0,0.0,30.237113414924693,417.57453626011,0.0,187.07,39.48,35.46,0.9,27.35,0.0,0.0,0.0,main_seed1,1,d1c1eb972d85b5605cb5db7c2c6bc30520ef1b725ec02f3d139c77d64d6a78a6,1500,pre_fed,TRPO-MADRL,deterministic,206e179fd62206377824ca2961fbbc7e4059043d715bfb039475e11382c79944
1,16,15,316.8,18.06,23.62,17.31,8.66,-0.740720808506012,-8.853781700134277,37.04195406023716,-49.99999795965824,37.04195406023716,-0.18947368421052882,0.9,0.9,1.570649607520533,239.8381692314939,-239.8381692314939,285.99403874542236,111.40639664265923,4151.598709397159,-2274.4995723926204,0.0,0.0,239.8381692314939,4151.598709397159,0.0,333.2,35.74,34.83,0.9,13.81,0.0,0.0,0.0,main_seed1,1,d1c1eb972d85b5605cb5db7c2c6bc30520ef1b725ec02f3d139c77d64d6a78a6,1500,pre_fed,TRPO-MADRL,deterministic,206e179fd62206377824ca2961fbbc7e4059043d715bfb039475e11382c79944
2,16,15,172.25,18.06,23.62,17.31,8.66,-2.383146286010742,32.2086067199707,2.363210731829648,50.0,2.363210731829648,-0.02105263157894797,0.1,0.1,0.880443162005014,129.10828506175432,-129.10828506175432,378.46548117051145,1090.2561177506923,2234.864414418967,-1851.7930066700853,0.0,0.0,129.10828506175432,2234.864414418967,0.0,170.3,35.74,34.83,0.1,13.81,0.0,0.0,0.0,main_seed1,1,d1c1eb972d85b5605cb5db7c2c6bc30520ef1b725ec02f3d139c77d64d6a78a6,1500,pre_fed,TRPO-MADRL,deterministic,206e179fd62206377824ca2961fbbc7e4059043d715bfb039475e11382c79944
3,16,15,194.4,18.06,23.62,17.31,8.66,0.16089271008968353,-29.985387802124023,115.95186219929423,-50.0,115.95186219929423,-0.18947368421052882,0.9,0.9,3.1488477703016744,40.10645925521797,-40.10645925521797,909.4062456789985,126.80720528531852,694.242809707823,-865.22813033607,0.0,0.0,40.10645925521797,694.242809707823,0.0,192.2,35.74,34.83,0.9,13.81,0.0,0.0,0.0,main_seed1,1,d1c1eb972d85b5605cb5db7c2c6bc30520ef1b725ec02f3d139c77d64d6a78a6,1500,pre_fed,TRPO-MADRL,deterministic,206e179fd62206377824ca2961fbbc7e4059043d715bfb039475e11382c79944
1,17,16,291.3,24.27,14.18,16.42,8.21,-1.2951610088348389,-9.133230209350586,13.952776407622736,-49.99999883325209,13.952776407622736,-0.18947368421052882,0.9,0.9,1.044266054468244,240.13096333105605,-240.13096333105605,144.3867888043991,111.40639664265923,3942.950417895941,-2099.3718016714997,0.0,0.0,240.13096333105605,3942.950417895941,0.0,316.8,18.06,23.62,0.9,17.31,0.0,0.0,0.0,main_seed1,1,d1c1eb972d85b5605cb5db7c2c6bc30520ef1b725ec02f3d139c77d64d6a78a6,1500,pre_fed,TRPO-MADRL,deterministic,206e179fd62206377824ca2961fbbc7e4059043d715bfb039475e11382c79944
2,17,16,165.75,24.27,14.18,16.42,8.21,-0.5258274078369141,27.96658706665039,72.49408807785966,50.0,72.49408807785966,-0.02105263157894797,0.1,0.1,2.218460708925614,57.045425262644926,-57.045425262644926,816.7074056096704,1090.2561177506923,936.6858828126298,-1421.8247030864961,0.0,0.0,57.045425262644926,936.6858828126298,0.0,172.25,18.06,23.62,0.1,17.31,0.0,0.0,0.0,main_seed1,1,d1c1eb972d85b5605cb5db7c2c6bc30520ef1b725ec02f3d139c77d64d6a78a6,1500,pre_fed,TRPO-MADRL,deterministic,206e179fd62206377824ca2961fbbc7e4059043d715bfb039475e11382c79944
3,17,16,187.07,24.27,14.18,16.42,8.21,0.2332323044538498,-33.56520462036133,122.90932722436526,-50.0,122.90932722436526,-0.18947368421052882,0.9,0.9,3.2233970708030952,29.123543530648334,-29.123543530648334,965.61686700165,126.80720528531852,478.2085847732457,-785.3163285301072,0.0,0.0,29.123543530648334,478.2085847732457,0.0,194.4,18.06,23.62,0.9,17.31,0.0,0.0,0.0,main_seed1,1,d1c1eb972d85b5605cb5db7c2c6bc30520ef1b725ec02f3d139c77d64d6a78a6,1500,pre_fed,TRPO-MADRL,deterministic,206e179fd62206377824ca2961fbbc7e4059043d715bfb039475e11382c79944
1,18,17,413.8,26.26,4.67,9.83,4.92,-1.4019854068756104,-9.400314331054688,11.421995481134573,-49.99999931610298,11.421995481134573,-0.18947368421052882,0.9,0.9,0.8432504359384811,372.48072863901444,-372.48072863901444,129.39055619633535,111.40639664265923,3661.485562521512,-1951.1412576802531,0.0,0.0,372.48072863901444,3661.485562521512,0.0,291.3,24.27,14.18,0.9,16.42,0.0,0.0,0.0,main_seed1,1,d1c1eb972d85b5605cb5db7c2c6bc30520ef1b725ec02f3d139c77d64d6a78a6,1500,pre_fed,TRPO-MADRL,deterministic,206e179fd62206377824ca2961fbbc7e4059043d715bfb039475e11382c79944
2,18,17,164.25,26.26,4.67,9.83,4.92,-0.40029191970825195,27.606143951416016,86.77218026791992,50.0,86.77218026791992,-0.02105263157894797,0.1,0.1,2.3536225527268195,48.922494916385844,-48.922494916385844,915.0895095619929,1090.2561177506923,480.90812502807285,-1243.126876170379,0.0,0.0,48.922494916385844,480.90812502807285,0.0,165.75,24.27,14.18,0.1,16.42,0.0,0.0,0.0,main_seed1,1,d1c1eb972d85b5605cb5db7c2c6bc30520ef1b725ec02f3d139c77d64d6a78a6,1500,pre_fed,TRPO-MADRL,deterministic,206e179fd62206377824ca2961fbbc7e4059043d715bfb039475e11382c79944
3,18,17,185.6,26.26,4.67,9.83,4.92,0.04973818361759186,-34.058624267578125,104.9697208617002,-50.0,104.9697208617002,-0.18947368421052882,0.9,0.9,2.7142049435497935,52.60395776606012,-52.60395776606012,822.5511800354191,126.80720528531852,517.0969048403709,-733.2276450805543,0.0,0.0,52.60395776606012,517.0969048403709,0.0,187.07,24.27,14.18,0.9,16.42,0.0,0.0,0.0,main_seed1,1,d1c1eb972d85b5605cb5db7c2c6bc30520ef1b725ec02f3d139c77d64d6a78a6,1500,pre_fed,TRPO-MADRL,deterministic,206e179fd62206377824ca2961fbbc7e4059043d715bfb039475e11382c79944
1,19,18,539.8,26.77,0.18,8.63,4.32,-0.08910909295082092,-9.756117820739746,91.11260151850607,-49.99999966430588,91.11260151850607,-0.18947368421052882,0.9,0.9,2.357462556685911,424.2843347223903,-424.2843347223903,651.4062805451623,111.40639664265923,3661.5738086542287,-2212.193242921025,0.0,0.0,424.2843347223903,3661.5738086542287,0.0,413.8,26.26,4.67,0.9,9.83,0.0,0.0,0.0,main_seed1,1,d1c1eb972d85b5605cb5db7c2c6bc30520ef1b725ec02f3d139c77d64d6a78a6,1500,pre_fed,TRPO-MADRL,deterministic,206e179fd62206377824ca2961fbbc7e4059043d715bfb039475e11382c79944
2,19,18,162.5,26.77,0.18,8.63,4.32,-0.9240850210189819,28.748371124267578,38.104611505923025,50.0,38.104611505923025,-0.02105263157894797,0.1,0.1,1.3006711774868815,98.7671123031428,-98.7671123031428,592.4691001305744,1090.2561177506923,852.3601791761224,-1267.5426985286945,0.0,0.0,98.7671123031428,852.3601791761224,0.0,164.25,26.26,4.67,0.1,9.83,0.0,0.0,0.0,main_seed1,1,d1c1eb972d85b5605cb5db7c2c6bc30520ef1b725ec02f3d139c77d64d6a78a6,1500,pre_fed,TRPO-MADRL,deterministic,206e179fd62206377824ca2961fbbc7e4059043d715bfb039475e11382c79944
3,19,18,183.4,26.77,0.18,8.63,4.32,-0.03405402600765228,-29.603824615478516,96.5959131775562,-50.0,96.5959131775562,-0.18947368421052882,0.9,0.9,2.4671287898669134,62.51068929652125,-62.51068929652125,757.8645747663583,126.80720528531852,539.4672486289784,-712.0695143403276,0.0,0.0,62.51068929652125,539.4672486289784,0.0,185.6,26.26,4.67,0.9,9.83,0.0,0.0,0.0,main_seed1,1,d1c1eb972d85b5605cb5db7c2c6bc30520ef1b725ec02f3d139c77d64d6a78a6,1500,pre_fed,TRPO-MADRL,deterministic,206e179fd62206377824ca2961fbbc7e4059043d715bfb039475e11382c79944
1,20,19,557.2,26.22,0.0,8.87,4.44,0.6519677639007568,-9.251490592956543,157.2993161668206,-49.999999079004795,157.2993161668206,-0.18947368421052882,0.9,0.9,3.6665968496522017,377.53675436704214,-377.53675436704214,1163.170994893264,111.40639664265923,3348.7510112356636,-2311.6642013857936,0.0,0.0,377.53675436704214,3348.7510112356636,0.0,539.8,26.77,0.18,0.9,8.63,0.0,0.0,0.0,main_seed1,1,d1c1eb972d85b5605cb5db7c2c6bc30520ef1b725ec02f3d139c77d64d6a78a6,1500,pre_fed,TRPO-MADRL,deterministic,206e179fd62206377824ca2961fbbc7e4059043d715bfb039475e11382c79944
2,20,19,165.75,26.22,0.0,8.87,4.44,-0.8554046154022217,28.56218147277832,42.85645959580283,50.0,42.85645959580283,-0.02105263157894797,0.1,0.1,1.3811081392844775,98.0757011750606,-98.0757011750606,622.3834290852188,1090.2561177506923,869.9314694227875,-1291.2855081293492,0.0,0.0,98.0757011750606,869.9314694227875,0.0,162.5,26.77,0.18,0.1,8.63,0.0,0.0,0.0,main_seed1,1,d1c1eb972d85b5605cb5db7c2c6bc30520ef1b725ec02f3d139c77d64d6a78a6,1500,pre_fed,TRPO-MADRL,deterministic,206e179fd62206377824ca2961fbbc7e4059043d715bfb039475e11382c79944
3,20,19,187.07,26.22,0.0,8.87,4.44,-0.09639930725097656,-28.980199813842773,90.3898194289557,-50.0,90.3898194289557,-0.18947368421052882,0.9,0.9,2.3284069148949036,72.97806117014972,-72.97806117014972,710.7828857180252,126.80720528531852,647.3154025792279,-742.4527467912858,0.0,0.0,72.97806117014972,647.3154025792279,0.0,183.4,26.77,0.18,0.9,8.63,0.0,0.0,0.0,main_seed1,1,d1c1eb972d85b5605cb5db7c2c6bc30520ef1b725ec02f3d139c77d64d6a78a6,1500,pre_fed,TRPO-MADRL,deterministic,206e179fd62206377824ca2961fbbc7e4059043d715bfb039475e11382c79944
1,21,20,557.1,32.84,0.0,8.35,4.18,0.7089208364486694,-9.213570594787598,160.99996716215452,-49.99999900643963,160.99996716215452,-0.18947368421052882,0.9,0.9,3.87300986955888,367.3225163916149,-367.3225163916149,1193.8798265198639,111.40639664265923,3067.143011869984,-2186.2146175162534,0.0,0.0,367.3225163916149,3067.143011869984,0.0,557.2,26.22,0.0,0.9,8.87,0.0,0.0,0.0,main_seed1,1,d1c1eb972d85b5605cb5db7c2c6bc30520ef1b725ec02f3d139c77d64d6a78a6,1500,pre_fed,TRPO-MADRL,deterministic,206e179fd62206377824ca2961fbbc7e4059043d715bfb039475e11382c79944
2,21,20,169.0,32.84,0.0,8.35,4.18,-0.8163096904754639,28.4738712310791,45.77211749347957,50.0,45.77211749347957,-0.02105263157894797,0.1,0.1,1.5718212972380123,91.9807564353374,-91.9807564353374,640.9082865857245,1090.2561177506923,768.0393162350672,-1249.601860285742,0.0,0.0,91.9807564353374,768.0393162350672,0.0,165.75,26.22,0.0,0.1,8.87,0.0,0.0,0.0,main_seed1,1,d1c1eb972d85b5605cb5db7c2c6bc30520ef1b725ec02f3d139c77d64d6a78a6,1500,pre_fed,TRPO-MADRL,deterministic,206e179fd62206377824ca2961fbbc7e4059043d715bfb039475e11382c79944
3,21,20,190.73,32.84,0.0,8.35,4.18,-0.08392498642206192,-29.129497528076172,91.62714992022221,-50.0,91.62714992022221,-0.18947368421052882,0.9,0.9,2.485553524720234,68.93787728870853,-68.93787728870853,720.1113197602683,126.80720528531852,575.6312753607162,-711.2749002031516,0.0,0.0,68.93787728870853,575.6312753607162,0.0,187.07,26.22,0.0,0.9,8.87,0.0,0.0,0.0,main_seed1,1,d1c1eb972d85b5605cb5db7c2c6bc30520ef1b725ec02f3d139c77d64d6a78a6,1500,pre_fed,TRPO-MADRL,deterministic,206e179fd62206377824ca2961fbbc7e4059043d715bfb039475e11382c79944
1,22,21,535.0,36.02,0.0,16.44,8.22,0.7523424029350281,-9.085860252380371,163.65443181935058,-49.99999871730898,163.65443181935058,-0.18947368421052882,0.9,0.9,3.9896991627028013,339.5047410275628,-339.5047410275628,1216.0438117450124,111.40639664265923,5581.457942493133,-3454.454075440402,0.0,0.0,339.5047410275628,5581.457942493133,0.0,557.1,32.84,0.0,0.9,8.35,0.0,0.0,0.0,main_seed1,1,d1c1eb972d85b5605cb5db7c2c6bc30520ef1b725ec02f3d139c77d64d6a78a6,1500,pre_fed,TRPO-MADRL,deterministic,206e179fd62206377824ca2961fbbc7e4059043d715bfb039475e11382c79944
2,22,21,161.2,36.02,0.0,16.44,8.22,-1.2491018772125244,29.445415496826172,21.27557585651227,50.0,21.27557585651227,-0.02105263157894797,0.1,0.1,1.1454904644986665,105.07096723956533,-105.07096723956533,489.2854118379889,1090.2561177506923,1727.3667014184543,-1653.4541155035677,0.0,0.0,105.07096723956533,1727.3667014184543,0.0,169.0,32.84,0.0,0.1,8.35,0.0,0.0,0.0,main_seed1,1,d1c1eb972d85b5605cb5db7c2c6bc30520ef1b725ec02f3d139c77d64d6a78a6,1500,pre_fed,TRPO-MADRL,deterministic,206e179fd62206377824ca2961fbbc7e4059043d715bfb039475e11382c79944
3,22,21,181.93,36.02,0.0,16.44,8.22,-0.16259124875068665,-28.605688095092773,83.88265106601915,-50.0,83.88265106601915,-0.18947368421052882,0.9,0.9,2.394263547636173,64.61108616582754,-64.61108616582754,662.2030446172747,126.80720528531852,1062.206256566205,-925.6082532343992,0.0,0.0,64.61108616582754,1062.206256566205,0.0,190.73,32.84,0.0,0.9,8.35,0.0,0.0,0.0,main_seed1,1,d1c1eb972d85b5605cb5db7c2c6bc30520ef1b725ec02f3d139c77d64d6a78a6,1500,pre_fed,TRPO-MADRL,deterministic,206e179fd62206377824ca2961fbbc7e4059043d715bfb039475e11382c79944
1,23,22,437.8,37.23,0.0,16.19,8.1,-0.236850768327713,-10.675201416015625,76.74810290919913,-49.99999994658812,76.74810290919913,-0.18947368421052882,0.9,0.9,2.275772584499772,326.2871433595112,-326.2871433595112,549.7103461719232,111.40639664265923,5282.588850990487,-2971.852796902535,0.0,0.0,326.2871433595112,5282.588850990487,0.0,535.0,36.02,0.0,0.9,16.44,0.0,0.0,0.0,main_seed1,1,d1c1eb972d85b5605cb5db7c2c6bc30520ef1b725ec02f3d139c77d64d6a78a6,1500,pre_fed,TRPO-MADRL,deterministic,206e179fd62206377824ca2961fbbc7e4059043d715bfb039475e11382c79944
2,23,22,148.0,37.23,0.0,16.19,8.1,-0.19011670351028442,26.987241744995117,113.69976894199975,50.0,113.69976894199975,-0.02105263157894797,0.1,0.1,3.018174326208416,0.10945801578762371,-0.10945801578762371,1109.0647322672858,1090.2561177506923,1.772125275601628,-1100.5464876467897,0.0,0.0,0.10945801578762371,1.772125275601628,0.0,161.2,36.02,0.0,0.1,16.44,0.0,0.0,0.0,main_seed1,1,d1c1eb972d85b5605cb5db7c2c6bc30520ef1b725ec02f3d139c77d64d6a78a6,1500,pre_fed,TRPO-MADRL,deterministic,206e179fd62206377824ca2961fbbc7e4059043d715bfb039475e11382c79944
3,23,22,161.39,37.23,0.0,16.19,8.1,-0.3517909049987793,-35.62362289428711,66.2037146809656,-50.0,66.2037146809656,-0.18947368421052882,0.9,0.9,2.0648848199351018,60.21064382318001,-60.21064382318001,534.2814347532178,126.80720528531852,974.8103234972843,-817.9494817679104,0.0,0.0,60.21064382318001,974.8103234972843,0.0,181.93,36.02,0.0,0.9,16.44,0.0,0.0,0.0,main_seed1,1,d1c1eb972d85b5605cb5db7c2c6bc30520ef1b725ec02f3d139c77d64d6a78a6,1500,pre_fed,TRPO-MADRL,deterministic,206e179fd62206377824ca2961fbbc7e4059043d715bfb039475e11382c79944
1,24,23,447.3,44.12,0.0,8.87,4.44,-0.7181614637374878,-10.53172779083252,38.423082046333626,-49.999999928836466,38.423082046333626,-0.18947368421052882,0.9,0.9,1.647072167242462,366.59346380511937,-366.59346380511937,294.73832849993653,111.40639664265923,3251.6840239514086,-1828.9143745470021,40.03221333106143,0.0,326.56125047405794,3074.3413188948066,0.0,437.8,37.23,0.0,0.9,16.19,0.0,0.0,0.0,main_seed1,1,d1c1eb972d85b5605cb5db7c2c6bc30520ef1b725ec02f3d139c77d64d6a78a6,1500,pre_fed,TRPO-MADRL,deterministic,206e179fd62206377824ca2961fbbc7e4059043d715bfb039475e11382c79944
2,24,23,119.6,44.12,0.0,8.87,4.44,-0.15266752243041992,26.892850875854492,118.79106623470285,50.0,118.79106623470285,-0.02105263157894797,0.1,0.1,3.257800272062478,-40.03221333106143,40.03221333106143,1146.9792685836617,1090.2561177506923,355.08573224651485,-1296.1605592904345,0.0,40.03221333106143,0.0,-177.74302718991277,0.0,148.0,37.23,0.0,0.1,16.19,40.03221333106143,0.0,0.0,main_seed1,1,d1c1eb972d85b5605cb5db7c2c6bc30520ef1b725ec02f3d139c77d64d6a78a6,1500,pre_fed,TRPO-MADRL,deterministic,206e179fd62206377824ca2961fbbc7e4059043d715bfb039475e11382c79944
3,24,23,134.98,44.12,0.0,8.87,4.44,-0.437100887298584,-35.92238998413086,58.87615058081552,-50.0,58.87615058081552,-0.18947368421052882,0.9,0.9,2.0561335379320997,34.229456641327104,-34.229456641327104,483.00124539307933,126.80720528531852,303.6152804085714,-456.71186554348463,0.0,0.0,34.229456641327104,303.6152804085714,0.0,161.39,37.23,0.0,0.9,16.19,0.0,0.0,0.0,main_seed1,1,d1c1eb972d85b5605cb5db7c2c6bc30520ef1b725ec02f3d139c77d64d6a78a6,1500,pre_fed,TRPO-MADRL,deterministic,206e179fd62206377824ca2961fbbc7e4059043d715bfb039475e11382c79944
1,1,0,457.7,51.48,0.0,8.65,4.33,0.4647308886051178,-1.4059386253356934,143.39321580017588,-44.33142839541753,143.39321580017588,-42.21052631578948,0.5,0.9,3.053253789687728,308.0905643053013,-308.0905643053013,1049.7582705108841,224.10347285318556,2664.9833812408565,-1969.4225623024631,0.0,0.0,308.0905643053013,2664.9833812408565,0.0,447.3,44.12,0.0,0.5,8.87,0.0,0.0,0.0,main_seed2,2,d1c1eb972d85b5605cb5db7c2c6bc30520ef1b725ec02f3d139c77d64d6a78a6,1500,pre_fed,F-MADRL,deterministic,409198508b8e7b3f01cbe075a25ea950a12b4e6e65023589db7a01699cce04c2
2,1,0,110.5,51.48,0.0,8.65,4.33,-0.4773840010166168,-0.4003565311431885,77.81954598035546,-19.012699139883317,77.81954598035546,-19.012699139883317,0.5,0.6796206418288915,2.2057369368094424,2.4188900963373214,-2.4188900963373214,853.0397223664927,398.86199592995797,20.923399333317832,-636.4125588148843,0.0,0.0,2.4188900963373214,20.923399333317832,0.0,119.6,44.12,0.0,0.5,8.87,0.0,0.0,0.0,main_seed2,2,d1c1eb972d85b5605cb5db7c2c6bc30520ef1b725ec02f3d139c77d64d6a78a6,1500,pre_fed,F-MADRL,deterministic,409198508b8e7b3f01cbe075a25ea950a12b4e6e65023589db7a01699cce04c2
3,1,0,124.71,51.48,0.0,8.65,4.33,-0.5725354552268982,-1.051305890083313,48.278110535765876,-39.11567709568203,48.278110535765876,-39.11567709568203,0.5,0.8705989324089793,1.2128486688016766,65.28041522871783,-65.28041522871783,410.6381938033842,266.2529575749987,564.6755917284092,-620.783371553396,0.0,0.0,65.28041522871783,564.6755917284092,0.0,134.98,44.12,0.0,0.5,8.87,0.0,0.0,0.0,main_seed2,2,d1c1eb972d85b5605cb5db7c2c6bc30520ef1b725ec02f3d139c77d64d6a78a6,1500,pre_fed,F-MADRL,deterministic,409198508b8e7b3f01cbe075a25ea950a12b4e6e65023589db7a01699cce04c2
1,2,1,336.5,38.37,0.0,8.11,4.06,0.5075998902320862,-1.5569427013397217,146.80730417344074,-45.74618844607245,146.80730417344074,-0.18947368421052882,0.9,0.9,3.6997566097846044,155.21192612055438,-155.21192612055438,1077.3120947973334,111.40639664265923,1258.768720837696,-1223.7436061388444,0.0,0.0,155.21192612055438,1258.768720837696,0.0,457.7,51.48,0.0,0.9,8.65,0.0,0.0,0.0,main_seed2,2,d1c1eb972d85b5605cb5db7c2c6bc30520ef1b725ec02f3d139c77d64d6a78a6,1500,pre_fed,F-MADRL,deterministic,409198508b8e7b3f01cbe075a25ea950a12b4e6e65023589db7a01699cce04c2
2,2,1,109.85,38.37,0.0,8.11,4.06,-0.5301275253295898,-0.44056472182273865,72.033000816564,-20.7056214881626,72.033000816564,-20.7056214881626,0.6796206418288915,0.8749648046827783,1.7939475865680283,21.946568258166607,-21.946568258166607,813.5819690085407,198.45514185210078,177.98666857373118,-595.0118897171862,0.0,0.0,21.946568258166607,177.98666857373118,0.0,110.5,51.48,0.0,0.6796206418288915,8.65,0.0,0.0,0.0,main_seed2,2,d1c1eb972d85b5605cb5db7c2c6bc30520ef1b725ec02f3d139c77d64d6a78a6,1500,pre_fed,F-MADRL,deterministic,409198508b8e7b3f01cbe075a25ea950a12b4e6e65023589db7a01699cce04c2
3,2,1,123.98,38.37,0.0,8.11,4.06,-0.6635617017745972,-1.1923314332962036,41.92711721747929,-41.56502687774822,41.92711721747929,-3.2781332058777526,0.8705989324089793,0.9,1.5403796802320309,48.501395668630494,-48.501395668630494,368.29644103615306,135.10002626233484,393.34631887259326,-448.3713930855406,0.0,0.0,48.501395668630494,393.34631887259326,0.0,124.71,51.48,0.0,0.8705989324089793,8.65,0.0,0.0,0.0,main_seed2,2,d1c1eb972d85b5605cb5db7c2c6bc30520ef1b725ec02f3d139c77d64d6a78a6,1500,pre_fed,F-MADRL,deterministic,409198508b8e7b3f01cbe075a25ea950a12b4e6e65023589db7a01699cce04c2
1,3,2,274.9,43.56,0.0,8.25,4.13,0.46409735083580017,-1.4438974857330322,143.3417772226174,-44.72397904160188,143.3417772226174,-0.18947368421052882,0.9,0.9,3.7342460707681373,91.92194253236124,-91.92194253236124,1049.344573001813,111.40639664265923,758.3560258919803,-959.5534977682262,0.0,0.0,91.92194253236124,758.3560258919803,0.0,336.5,38.37,0.0,0.9,8.11,0.0,0.0,0.0,main_seed2,2,d1c1eb972d85b5605cb5db7c2c6bc30520ef1b725ec02f3d139c77d64d6a78a6,1500,pre_fed,F-MADRL,deterministic,409198508b8e7b3f01cbe075a25ea950a12b4e6e65023589db7a01699cce04c2
2,3,2,112.45,43.56,0.0,8.25,4.13,-0.5456258058547974,-0.4358544647693634,70.38714620691373,-20.510116622450465,70.38714620691373,-2.8194868343776167,0.8749648046827783,0.9,2.2225531874507225,3.544893814914616,-3.544893814914616,802.4520531240362,126.01724603979473,29.24537397304558,-478.85733656843826,0.0,0.0,3.544893814914616,29.24537397304558,0.0,109.85,38.37,0.0,0.8749648046827783,8.11,0.0,0.0,0.0,main_seed2,2,d1c1eb972d85b5605cb5db7c2c6bc30520ef1b725ec02f3d139c77d64d6a78a6,1500,pre_fed,F-MADRL,deterministic,409198508b8e7b3f01cbe075a25ea950a12b4e6e65023589db7a01699cce04c2
3,3,2,126.91,43.56,0.0,8.25,4.13,-0.6453492045402527,-1.1492903232574463,43.146924259871476,-40.8759420505014,43.146924259871476,-0.18947368421052882,0.9,0.9,1.730349011513219,42.122898435852264,-42.122898435852264,376.3693721441806,126.80720528531852,347.51391209578117,-425.34524476264016,0.0,0.0,42.122898435852264,347.51391209578117,0.0,123.98,38.37,0.0,0.9,8.11,0.0,0.0,0.0,main_seed2,2,d1c1eb972d85b5605cb5db7c2c6bc30520ef1b725ec02f3d139c77d64d6a78a6,1500,pre_fed,F-MADRL,deterministic,409198508b8e7b3f01cbe075a25ea950a12b4e6e65023589db7a01699cce04c2
1,4,3,272.6,40.75,0.0,8.1,4.05,0.4576973021030426,-1.4299548864364624,142.82055919501403,-44.58286767562708,142.82055919501403,-0.18947368421052882,0.9,0.9,3.66762171021607,92.8865361994126,-92.8865361994126,1045.1550668385698,111.40639664265923,752.380943215242,-954.4712033482356,0.0,0.0,92.8865361994126,752.380943215242,0.0,274.9,43.56,0.0,0.9,8.25,0.0,0.0,0.0,main_seed2,2,d1c1eb972d85b5605cb5db7c2c6bc30520ef1b725ec02f3d139c77d64d6a78a6,1500,pre_fed,F-MADRL,deterministic,409198508b8e7b3f01cbe075a25ea950a12b4e6e65023589db7a01699cce04c2
2,4,3,110.5,40.75,0.0,8.1,4.05,-0.5614031553268433,-0.45127713680267334,68.73751159641056,-21.147412367295228,68.73751159641056,-0.18947368421052882,0.9,0.9,2.1859607582440006,3.3879228460439776,-3.3879228460439776,791.3378916711587,119.10680096398887,27.442175052956216,-468.9434338440519,0.0,0.0,3.3879228460439776,27.442175052956216,0.0,112.45,43.56,0.0,0.9,8.25,0.0,0.0,0.0,main_seed2,2,d1c1eb972d85b5605cb5db7c2c6bc30520ef1b725ec02f3d139c77d64d6a78a6,1500,pre_fed,F-MADRL,deterministic,409198508b8e7b3f01cbe075a25ea950a12b4e6e65023589db7a01699cce04c2
3,4,3,124.71,40.75,0.0,8.1,4.05,-0.6553385853767395,-1.1708449125289917,42.474710202782504,-41.2271419967626,42.474710202782504,-0.18947368421052882,0.9,0.9,1.6607047303714395,43.33546821179945,-43.33546821179945,371.91702584286475,126.80720528531852,351.01729251557555,-424.8707618218794,0.0,0.0,43.33546821179945,351.01729251557555,0.0,126.91,43.56,0.0,0.9,8.25,0.0,0.0,0.0,main_seed2,2,d1c1eb972d85b5605cb5db7c2c6bc30520ef1b725ec02f3d139c77d64d6a78a6,1500,pre_fed,F-MADRL,deterministic,409198508b8e7b3f01cbe075a25ea950a12b4e6e65023589db7a01699cce04c2
1,5,4,245.3,27.74,0.0,8.14,4.07,0.45250189304351807,-1.4157750606536865,142.39533916213762,-44.4357112047307,142.39533916213762,-0.18947368421052882,0.9,0.9,3.398917309558542,78.75305183163147,-78.75305183163147,1041.7404441897388,111.40639664265923,641.0498419094802,-897.0983413709391,0.0,0.0,78.75305183163147,641.0498419094802,0.0,272.6,40.75,0.0,0.9,8.1,0.0,0.0,0.0,main_seed2,2,d1c1eb972d85b5605cb5db7c2c6bc30520ef1b725ec02f3d139c77d64d6a78a6,1500,pre_fed,F-MADRL,deterministic,409198508b8e7b3f01cbe075a25ea950a12b4e6e65023589db7a01699cce04c2
2,5,4,113.75,27.74,0.0,8.14,4.07,-0.5552476644515991,-0.4444087743759155,69.37799553293145,-20.86460958783968,69.37799553293145,-0.18947368421052882,0.9,0.9,1.9385704369744183,18.760048588253497,-18.760048588253497,795.6481422347233,119.10680096398887,152.70679550838346,-533.7308693535479,0.0,0.0,18.760048588253497,152.70679550838346,0.0,110.5,40.75,0.0,0.9,8.1,0.0,0.0,0.0,main_seed2,2,d1c1eb972d85b5605cb5db7c2c6bc30520ef1b725ec02f3d139c77d64d6a78a6,1500,pre_fed,F-MADRL,deterministic,409198508b8e7b3f01cbe075a25ea950a12b4e6e65023589db7a01699cce04c2
3,5,4,128.38,27.74,0.0,8.14,4.07,-0.6494652628898621,-1.158281922340393,42.86901254780341,-41.02395902948961,42.86901254780341,-0.18947368421052882,0.9,0.9,1.4083907772718576,59.36885191367898,-59.36885191367898,374.5276091525632,126.80720528531852,483.26245457734694,-492.29863450761434,0.0,0.0,59.36885191367898,483.26245457734694,0.0,124.71,40.75,0.0,0.9,8.1,0.0,0.0,0.0,main_seed2,2,d1c1eb972d85b5605cb5db7c2c6bc30520ef1b725ec02f3d139c77d64d6a78a6,1500,pre_fed,F-MADRL,deterministic,409198508b8e7b3f01cbe075a25ea950a12b4e6e65023589db7a01699cce04c2
1,6,5,233.7,30.15,0.0,8.13,4.07,0.42515331506729126,-1.3413461446762085,140.1262922372636,-43.59975975820248,140.1262922372636,-0.18947368421052882,0.9,0.9,3.401736371061062,67.01491781800794,-67.01491781800794,1023.5689515840681,111.40639664265923,544.8312818604046,-839.903315043566,0.0,0.0,67.01491781800794,544.8312818604046,0.0,245.3,27.74,0.0,0.9,8.14,0.0,0.0,0.0,main_seed2,2,d1c1eb972d85b5605cb5db7c2c6bc30520ef1b725ec02f3d139c77d64d6a78a6,1500,pre_fed,F-MADRL,deterministic,409198508b8e7b3f01cbe075a25ea950a12b4e6e65023589db7a01699cce04c2
2,6,5,120.25,30.15,0.0,8.13,4.07,-0.5317735075950623,-0.41580864787101746,71.8570157748927,-19.669678986703715,71.8570157748927,-0.18947368421052882,0.9,0.9,2.0363508418136433,20.468808751131476,-20.468808751131476,812.3899230435467,119.10680096398887,166.41141514669891,-548.9540695771173,0.0,0.0,20.468808751131476,166.41141514669891,0.0,113.75,27.74,0.0,0.9,8.14,0.0,0.0,0.0,main_seed2,2,d1c1eb972d85b5605cb5db7c2c6bc30520ef1b725ec02f3d139c77d64d6a78a6,1500,pre_fed,F-MADRL,deterministic,409198508b8e7b3f01cbe075a25ea950a12b4e6e65023589db7a01699cce04c2
3,6,5,135.43,30.15,0.0,8.13,4.07,-0.6277918219566345,-1.1111233234405518,44.34701601699439,-40.22295547033636,44.34701601699439,-0.18947368421052882,0.9,0.9,1.4861508466556774,62.608608513871815,-62.608608513871815,384.33941244004717,126.80720528531852,509.0079872177779,-510.0773024715718,0.0,0.0,62.608608513871815,509.0079872177779,0.0,128.38,27.74,0.0,0.9,8.14,0.0,0.0,0.0,main_seed2,2,d1c1eb972d85b5605cb5db7c2c6bc30520ef1b725ec02f3d139c77d64d6a78a6,1500,pre_fed,F-MADRL,deterministic,409198508b8e7b3f01cbe075a25ea950a12b4e6e65023589db7a01699cce04c2
1,7,6,274.6,28.65,0.16,8.34,4.17,0.426026850938797,-1.344557762145996,140.1995551559298,-43.63813125850013,140.1995551559298,-0.18947368421052882,0.9,0.9,3.3764016294343855,109.15632015771513,-109.15632015771513,1024.1543691458753,111.40639664265923,910.3637101153441,-1022.9622379519394,0.0,0.0,109.15632015771513,910.3637101153441,0.0,233.7,30.15,0.0,0.9,8.13,0.0,0.0,0.0,main_seed2,2,d1c1eb972d85b5605cb5db7c2c6bc30520ef1b725ec02f3d139c77d64d6a78a6,1500,pre_fed,F-MADRL,deterministic,409198508b8e7b3f01cbe075a25ea950a12b4e6e65023589db7a01699cce04c2
2,7,6,130.0,28.65,0.16,8.34,4.17,-0.5379515290260315,-0.42297205328941345,71.1989901160332,-19.971563475156177,71.1989901160332,-0.18947368421052882,0.9,0.9,1.9963903286364535,32.176873896813774,-32.176873896813774,807.9369149299953,119.10680096398887,268.3551282994269,-597.6994220967056,0.0,0.0,32.176873896813774,268.3551282994269,0.0,120.25,30.15,0.0,0.9,8.13,0.0,0.0,0.0,main_seed2,2,d1c1eb972d85b5605cb5db7c2c6bc30520ef1b725ec02f3d139c77d64d6a78a6,1500,pre_fed,F-MADRL,deterministic,409198508b8e7b3f01cbe075a25ea950a12b4e6e65023589db7a01699cce04c2
3,7,6,146.72,28.65,0.16,8.34,4.17,-0.6338552832603455,-1.1242742538452148,43.929883447054166,-40.452525879921,43.929883447054166,-0.18947368421052882,0.9,0.9,1.4510081952568725,75.62059843241325,-75.62059843241325,381.56605209426647,126.80720528531852,630.6757909263265,-569.5245241529558,0.0,0.0,75.62059843241325,630.6757909263265,0.0,135.43,30.15,0.0,0.9,8.13,0.0,0.0,0.0,main_seed2,2,d1c1eb972d85b5605cb5db7c2c6bc30520ef1b725ec02f3d139c77d64d6a78a6,1500,pre_fed,F-MADRL,deterministic,409198508b8e7b3f01cbe075a25ea950a12b4e6e65023589db7a01699cce04c2
1,8,7,291.0,23.38,1.77,9.35,4.68,0.43501219153404236,-1.3666044473648071,140.95015431640834,-43.895801701108375,140.95015431640834,-0.18947368421052882,0.9,0.9,3.3182136126439565,128.40753298044612,-128.40753298044612,1030.1571453045922,111.40639664265923,1200.6104333671713,-1171.0869876572115,0.0,0.0,128.40753298044612,1200.6104333671713,0.0,274.6,28.65,0.16,0.9,8.34,0.0,0.0,0.0,main_seed2,2,d1c1eb972d85b5605cb5db7c2c6bc30520ef1b725ec02f3d139c77d64d6a78a6,1500,pre_fed,F-MADRL,deterministic,409198508b8e7b3f01cbe075a25ea950a12b4e6e65023589db7a01699cce04c2
2,8,7,157.95,23.38,1.77,9.35,4.68,-0.5381961464881897,-0.42212817072868347,71.1730176231889,-19.93608927460618,71.1730176231889,-0.18947368421052882,0.9,0.9,1.9226708787795672,63.739126939801196,-63.739126939801196,807.7612882254027,119.10680096398887,595.9608368871411,-761.4144630382664,0.0,0.0,63.739126939801196,595.9608368871411,0.0,130.0,28.65,0.16,0.9,8.34,0.0,0.0,0.0,main_seed2,2,d1c1eb972d85b5605cb5db7c2c6bc30520ef1b725ec02f3d139c77d64d6a78a6,1500,pre_fed,F-MADRL,deterministic,409198508b8e7b3f01cbe075a25ea950a12b4e6e65023589db7a01699cce04c2
3,8,7,178.26,23.38,1.77,9.35,4.68,-0.6350136995315552,-1.1264721155166626,43.85051237123392,-40.49041960268141,43.85051237123392,-0.18947368421052882,0.9,0.9,1.3762207737404677,110.82518208671708,-110.82518208671708,381.0387175114566,126.80720528531852,1036.2154525108047,-772.0306876537899,0.0,0.0,110.82518208671708,1036.2154525108047,0.0,146.72,28.65,0.16,0.9,8.34,0.0,0.0,0.0,main_seed2,2,d1c1eb972d85b5605cb5db7c2c6bc30520ef1b725ec02f3d139c77d64d6a78a6,1500,pre_fed,F-MADRL,deterministic,409198508b8e7b3f01cbe075a25ea950a12b4e6e65023589db7a01699cce04c2
1,9,8,315.7,21.75,5.3,12.0,6.0,0.43392375111579895,-1.360276460647583,140.85952213612526,-43.82285864461917,140.85952213612526,-0.18947368421052882,0.9,0.9,3.354400969038295,151.33435251712353,-151.33435251712353,1029.4318469276186,111.40639664265923,1816.0122302054824,-1478.4252368878801,0.0,0.0,151.33435251712353,1816.0122302054824,0.0,291.0,23.38,1.77,0.9,9.35,0.0,0.0,0.0,main_seed2,2,d1c1eb972d85b5605cb5db7c2c6bc30520ef1b725ec02f3d139c77d64d6a78a6,1500,pre_fed,F-MADRL,deterministic,409198508b8e7b3f01cbe075a25ea950a12b4e6e65023589db7a01699cce04c2
2,9,8,165.1,21.75,5.3,12.0,6.0,-0.5374788045883179,-0.41682904958724976,71.24919978044663,-19.71278596118698,71.24919978044663,-0.18947368421052882,0.9,0.9,1.962194521924722,68.95246842568861,-68.95246842568861,808.2764631200272,119.10680096398887,827.4296211082633,-877.4064425961396,0.0,0.0,68.95246842568861,827.4296211082633,0.0,157.95,23.38,1.77,0.9,9.35,0.0,0.0,0.0,main_seed2,2,d1c1eb972d85b5605cb5db7c2c6bc30520ef1b725ec02f3d139c77d64d6a78a6,1500,pre_fed,F-MADRL,deterministic,409198508b8e7b3f01cbe075a25ea950a12b4e6e65023589db7a01699cce04c2
3,9,8,186.33,21.75,5.3,12.0,6.0,-0.6384218335151672,-1.1325726509094238,43.617596049000355,-40.594895544469665,43.617596049000355,-0.18947368421052882,0.9,0.9,1.4095624472957966,117.26144008250598,-117.26144008250598,379.49193255308285,126.80720528531852,1407.1372809900718,-956.7182094142365,0.0,0.0,117.26144008250598,1407.1372809900718,0.0,178.26,23.38,1.77,0.9,9.35,0.0,0.0,0.0,main_seed2,2,d1c1eb972d85b5605cb5db7c2c6bc30520ef1b725ec02f3d139c77d64d6a78a6,1500,pre_fed,F-MADRL,deterministic,409198508b8e7b3f01cbe075a25ea950a12b4e6e65023589db7a01699cce04c2
1,10,9,362.4,34.82,11.6,9.19,4.6,0.4459601640701294,-1.3870595693588257,141.85726037171597,-44.126114234266836,141.85726037171597,-0.18947368421052882,0.9,0.9,3.7617557337501086,178.07396904624466,-178.07396904624466,1037.4237361195828,111.40639664265923,1636.4997755349882,-1392.6649541486152,0.0,0.0,178.07396904624466,1636.4997755349882,0.0,315.7,21.75,5.3,0.9,12.0,0.0,0.0,0.0,main_seed2,2,d1c1eb972d85b5605cb5db7c2c6bc30520ef1b725ec02f3d139c77d64d6a78a6,1500,pre_fed,F-MADRL,deterministic,409198508b8e7b3f01cbe075a25ea950a12b4e6e65023589db7a01699cce04c2
2,10,9,169.0,34.82,11.6,9.19,4.6,-0.5440292358398438,-0.4158375561237335,70.55553599175738,-19.670900695541718,70.55553599175738,-0.18947368421052882,0.9,0.9,2.335721246150937,54.5496589386041,-54.5496589386041,803.5888802422216,119.10680096398887,501.3113656457716,-712.003523425991,0.0,0.0,54.5496589386041,501.3113656457716,0.0,165.1,21.75,5.3,0.9,12.0,0.0,0.0,0.0,main_seed2,2,d1c1eb972d85b5605cb5db7c2c6bc30520ef1b725ec02f3d139c77d64d6a78a6,1500,pre_fed,F-MADRL,deterministic,409198508b8e7b3f01cbe075a25ea950a12b4e6e65023589db7a01699cce04c2
3,10,9,190.73,34.82,11.6,9.19,4.6,-0.6509250998497009,-1.1561554670333862,42.77075921126139,-40.98915059213155,42.77075921126139,-0.18947368421052882,0.9,0.9,1.7800257105410173,103.50874018349013,-103.50874018349013,373.87682053075184,126.80720528531852,951.2453222862742,-725.9646740511723,0.0,0.0,103.50874018349013,951.2453222862742,0.0,186.33,21.75,5.3,0.9,12.0,0.0,0.0,0.0,main_seed2,2,d1c1eb972d85b5605cb5db7c2c6bc30520ef1b725ec02f3d139c77d64d6a78a6,1500,pre_fed,F-MADRL,deterministic,409198508b8e7b3f01cbe075a25ea950a12b4e6e65023589db7a01699cce04c2
1,11,10,320.0,27.17,36.64,12.3,6.15,0.46637165546417236,-1.4383949041366577,143.5263024443784,-44.668707525255954,143.5263024443784,-0.18947368421052882,0.9,0.9,4.142936575203357,116.99610781503551,-116.99610781503551,1050.8288258780212,111.40639664265923,1439.0521261249369,-1300.6436743228087,0.0,0.0,116.99610781503551,1439.0521261249369,0.0,362.4,34.82,11.6,0.9,9.19,0.0,0.0,0.0,main_seed2,2,d1c1eb972d85b5605cb5db7c2c6bc30520ef1b725ec02f3d139c77d64d6a78a6,1500,pre_fed,F-MADRL,deterministic,409198508b8e7b3f01cbe075a25ea950a12b4e6e65023589db7a01699cce04c2
2,11,10,173.55,27.17,36.64,12.3,6.15,-0.5503602027893066,-0.4340749979019165,69.88938220197812,-20.43606048506218,69.88938220197812,-0.18947368421052882,0.9,0.9,2.670198170355352,42.71028965258776,-42.71028965258776,799.0940865659995,119.10680096398887,525.3365627268295,-721.768725128409,0.0,0.0,42.71028965258776,525.3365627268295,0.0,169.0,34.82,11.6,0.9,9.19,0.0,0.0,0.0,main_seed2,2,d1c1eb972d85b5605cb5db7c2c6bc30520ef1b725ec02f3d139c77d64d6a78a6,1500,pre_fed,F-MADRL,deterministic,409198508b8e7b3f01cbe075a25ea950a12b4e6e65023589db7a01699cce04c2
3,11,10,195.87,27.17,36.64,12.3,6.15,-0.6613864898681641,-1.1842968463897705,42.071462373203936,-41.44008503068198,42.071462373203936,-0.18947368421052882,0.9,0.9,2.113839773779868,92.29185108478646,-92.29185108478646,369.25027187740403,126.80720528531852,1135.1897683428735,-815.623622752798,0.0,0.0,92.29185108478646,1135.1897683428735,0.0,190.73,34.82,11.6,0.9,9.19,0.0,0.0,0.0,main_seed2,2,d1c1eb972d85b5605cb5db7c2c6bc30520ef1b725ec02f3d139c77d64d6a78a6,1500,pre_fed,F-MADRL,deterministic,409198508b8e7b3f01cbe075a25ea950a12b4e6e65023589db7a01699cce04c2
1,12,11,350.0,30.2,42.68,20.7,10.35,0.4483250677585602,-1.366855502128601,142.05212365735002,-43.89867895079143,142.05212365735002,-0.18947368421052882,0.9,0.9,4.2948529994627895,139.5522030263233,-139.5522030263233,1038.9864745881027,111.40639664265923,2888.7306026448923,-2019.5617369378272,0.0,0.0,139.5522030263233,2888.7306026448923,0.0,320.0,27.17,36.64,0.9,12.3,0.0,0.0,0.0,main_seed2,2,d1c1eb972d85b5605cb5db7c2c6bc30520ef1b725ec02f3d139c77d64d6a78a6,1500,pre_fed,F-MADRL,deterministic,409198508b8e7b3f01cbe075a25ea950a12b4e6e65023589db7a01699cce04c2
2,12,11,168.35,30.2,42.68,20.7,10.35,-0.5204564929008484,-0.3928050994873047,73.07268391028656,-18.688797886057245,73.07268391028656,-0.18947368421052882,0.9,0.9,2.9152642045215207,25.502053978445474,-25.502053978445474,820.6339348277078,119.10680096398887,527.8925173538213,-733.816626572759,0.0,0.0,25.502053978445474,527.8925173538213,0.0,173.55,27.17,36.64,0.9,12.3,0.0,0.0,0.0,main_seed2,2,d1c1eb972d85b5605cb5db7c2c6bc30520ef1b725ec02f3d139c77d64d6a78a6,1500,pre_fed,F-MADRL,deterministic,409198508b8e7b3f01cbe075a25ea950a12b4e6e65023589db7a01699cce04c2
3,12,11,190.0,30.2,42.68,20.7,10.35,-0.6642634272575378,-1.1908698081970215,41.88062903053967,-41.542421747241285,41.88062903053967,-0.18947368421052882,0.9,0.9,2.2914231069265827,77.72026776059745,-77.72026776059745,367.98933200337547,126.80720528531852,1608.8095426443672,-1051.8030399665306,0.0,0.0,77.72026776059745,1608.8095426443672,0.0,195.87,27.17,36.64,0.9,12.3,0.0,0.0,0.0,main_seed2,2,d1c1eb972d85b5605cb5db7c2c6bc30520ef1b725ec02f3d139c77d64d6a78a6,1500,pre_fed,F-MADRL,deterministic,409198508b8e7b3f01cbe075a25ea950a12b4e6e65023589db7a01699cce04c2
1,13,12,345.2,23.52,35.22,26.82,13.41,0.4821341633796692,-1.4488611221313477,144.7951161713898,-44.7733724398722,144.7951161713898,-0.18947368421052882,0.9,0.9,4.066912849743586,145.9212703625643,-145.9212703625643,1061.0496324037483,111.40639664265923,3913.608471123974,-2543.0322500851908,0.0,0.0,145.9212703625643,3913.608471123974,0.0,350.0,30.2,42.68,0.9,20.7,0.0,0.0,0.0,main_seed2,2,d1c1eb972d85b5605cb5db7c2c6bc30520ef1b725ec02f3d139c77d64d6a78a6,1500,pre_fed,F-MADRL,deterministic,409198508b8e7b3f01cbe075a25ea950a12b4e6e65023589db7a01699cce04c2
2,13,12,168.35,23.52,35.22,26.82,13.41,-0.5498911738395691,-0.40374818444252014,69.9385898722954,-19.157573924042644,69.9385898722954,-0.18947368421052882,0.9,0.9,2.5697823237616975,42.43066613567683,-42.43066613567683,799.425878759909,119.10680096398887,1137.9904657588527,-1028.2615727413754,0.0,0.0,42.43066613567683,1137.9904657588527,0.0,168.35,30.2,42.68,0.9,20.7,0.0,0.0,0.0,main_seed2,2,d1c1eb972d85b5605cb5db7c2c6bc30520ef1b725ec02f3d139c77d64d6a78a6,1500,pre_fed,F-MADRL,deterministic,409198508b8e7b3f01cbe075a25ea950a12b4e6e65023589db7a01699cce04c2
3,13,12,190.0,23.52,35.22,26.82,13.41,-0.7006310224533081,-1.259834885597229,39.5231840696306,-42.55092914503561,39.5231840696306,-0.18947368421052882,0.9,0.9,1.9614742077084015,93.88776382228833,-93.88776382228833,352.4694791950718,126.80720528531852,2518.0698257137733,-1498.673255097082,0.0,0.0,93.88776382228833,2518.0698257137733,0.0,190.0,30.2,42.68,0.9,20.7,0.0,0.0,0.0,main_seed2,2,d1c1eb972d85b5605cb5db7c2c6bc30520ef1b725ec02f3d139c77d64d6a78a6,1500,pre_fed,F-MADRL,deterministic,409198508b8e7b3f01cbe075a25ea950a12b4e6e65023589db7a01699cce04c2
1,14,13,320.6,39.48,35.46,27.35,13.68,0.488919734954834,-1.4692879915237427,145.33586193192295,-44.97207717829364,145.33586193192295,-0.18947368421052882,0.9,0.9,4.401727764954249,104.91533951724185,-104.91533951724185,1065.4134836349085,111.40639664265923,2869.434535796565,-2023.1272080370663,0.0,0.0,104.91533951724185,2869.434535796565,0.0,345.2,23.52,35.22,0.9,26.82,0.0,0.0,0.0,main_seed2,2,d1c1eb972d85b5605cb5db7c2c6bc30520ef1b725ec02f3d139c77d64d6a78a6,1500,pre_fed,F-MADRL,deterministic,409198508b8e7b3f01cbe075a25ea950a12b4e6e65023589db7a01699cce04c2
2,14,13,165.75,39.48,35.46,27.35,13.68,-0.567146897315979,-0.4059803783893585,68.1434787732648,-19.252717222495367,68.1434787732648,-0.18947368421052882,0.9,0.9,2.8578801017810855,25.713875012726817,-25.713875012726817,787.3458155469942,119.10680096398887,703.2744815980785,-804.8635490545308,0.0,0.0,25.713875012726817,703.2744815980785,0.0,168.35,23.52,35.22,0.9,26.82,0.0,0.0,0.0,main_seed2,2,d1c1eb972d85b5605cb5db7c2c6bc30520ef1b725ec02f3d139c77d64d6a78a6,1500,pre_fed,F-MADRL,deterministic,409198508b8e7b3f01cbe075a25ea950a12b4e6e65023589db7a01699cce04c2
3,14,13,187.07,39.48,35.46,27.35,13.68,-0.7117357850074768,-1.2758762836456299,38.82358555187435,-42.76911654762289,38.82358555187435,-0.18947368421052882,0.9,0.9,2.2714822373532764,75.76737036968946,-75.76737036968946,347.8841046098752,126.80720528531852,2072.237579611007,-1273.4644447531002,0.0,0.0,75.76737036968946,2072.237579611007,0.0,190.0,23.52,35.22,0.9,26.82,0.0,0.0,0.0,main_seed2,2,d1c1eb972d85b5605cb5db7c2c6bc30520ef1b725ec02f3d139c77d64d6a78a6,1500,pre_fed,F-MADRL,deterministic,409198508b8e7b3f01cbe075a25ea950a12b4e6e65023589db7a01699cce04c2
1,15,14,333.2,35.74,34.83,13.81,6.91,0.5059197545051575,-1.5183727741241455,146.67599795388057,-45.420683221650734,146.67599795388057,-0.18947368421052882,0.9,0.9,4.341130485393402,120.48460621572332,-120.48460621572332,1076.2488801399077,111.40639664265923,1663.8924118391392,-1425.773844310853,0.0,0.0,120.48460621572332,1663.8924118391392,0.0,320.6,39.48,35.46,0.9,27.35,0.0,0.0,0.0,main_seed2,2,d1c1eb972d85b5605cb5db7c2c6bc30520ef1b725ec02f3d139c77d64d6a78a6,1500,pre_fed,F-MADRL,deterministic,409198508b8e7b3f01cbe075a25ea950a12b4e6e65023589db7a01699cce04c2
2,15,14,170.3,35.74,34.83,13.81,6.91,-0.5953856110572815,-0.4389992654323578,65.27388887198252,-20.64072958958526,65.27388887198252,-0.18947368421052882,0.9,0.9,2.7130883037554403,37.358673115983436,-37.358673115983436,768.1368611132473,119.10680096398887,515.9232757317312,-701.5834689044837,0.0,0.0,37.358673115983436,515.9232757317312,0.0,165.75,39.48,35.46,0.9,27.35,0.0,0.0,0.0,main_seed2,2,d1c1eb972d85b5605cb5db7c2c6bc30520ef1b725ec02f3d139c77d64d6a78a6,1500,pre_fed,F-MADRL,deterministic,409198508b8e7b3f01cbe075a25ea950a12b4e6e65023589db7a01699cce04c2
3,15,14,192.2,35.74,34.83,13.81,6.91,-0.7344706654548645,-1.3247121572494507,37.42071595733779,-43.39754995771583,37.42071595733779,-0.18947368421052882,0.9,0.9,2.1560248454625457,86.55478257233526,-86.55478257233526,338.7173045483502,126.80720528531852,1195.32154732395,-830.4230285788094,0.0,0.0,86.55478257233526,1195.32154732395,0.0,187.07,39.48,35.46,0.9,27.35,0.0,0.0,0.0,main_seed2,2,d1c1eb972d85b5605cb5db7c2c6bc30520ef1b725ec02f3d139c77d64d6a78a6,1500,pre_fed,F-MADRL,deterministic,409198508b8e7b3f01cbe075a25ea950a12b4e6e65023589db7a01699cce04c2
1,16,15,316.8,18.06,23.62,17.31,8.66,0.4696609079837799,-1.4266598224639893,143.79252940979663,-44.54900259948666,143.79252940979663,-0.18947368421052882,0.9,0.9,3.7056611145117224,135.22260538892561,-135.22260538892561,1052.9712294879812,111.40639664265923,2340.7032992823024,-1752.5404627064713,0.0,0.0,135.22260538892561,2340.7032992823024,0.0,333.2,35.74,34.83,0.9,13.81,0.0,0.0,0.0,main_seed2,2,d1c1eb972d85b5605cb5db7c2c6bc30520ef1b725ec02f3d139c77d64d6a78a6,1500,pre_fed,F-MADRL,deterministic,409198508b8e7b3f01cbe075a25ea950a12b4e6e65023589db7a01699cce04c2
2,16,15,172.25,18.06,23.62,17.31,8.66,-0.5444470047950745,-0.4162888526916504,70.51144822543804,-19.68996960399287,70.51144822543804,-0.18947368421052882,0.9,0.9,2.2400394908245507,62.48806494959703,-62.48806494959703,803.2911948349376,119.10680096398887,1081.6684042775246,-1002.0332000382256,0.0,0.0,62.48806494959703,1081.6684042775246,0.0,170.3,35.74,34.83,0.9,13.81,0.0,0.0,0.0,main_seed2,2,d1c1eb972d85b5605cb5db7c2c6bc30520ef1b725ec02f3d139c77d64d6a78a6,1500,pre_fed,F-MADRL,deterministic,409198508b8e7b3f01cbe075a25ea950a12b4e6e65023589db7a01699cce04c2
3,16,15,194.4,18.06,23.62,17.31,8.66,-0.6837807297706604,-1.2304681539535522,40.602823009212955,-42.13575324394777,40.602823009212955,-0.18947368421052882,0.9,0.9,1.6418669865000488,113.94851766149762,-113.94851766149762,359.56399942854324,126.80720528531852,1972.4488407205235,-1229.4100227171925,0.0,0.0,113.94851766149762,1972.4488407205235,0.0,192.2,35.74,34.83,0.9,13.81,0.0,0.0,0.0,main_seed2,2,d1c1eb972d85b5605cb5db7c2c6bc30520ef1b725ec02f3d139c77d64d6a78a6,1500,pre_fed,F-MADRL,deterministic,409198508b8e7b3f01cbe075a25ea950a12b4e6e65023589db7a01699cce04c2
1,17,16,291.3,24.27,14.18,16.42,8.21,0.4528293013572693,-1.3865046501159668,142.4221915435583,-44.1199750862979,142.4221915435583,-0.18947368421052882,0.9,0.9,3.613654357186956,114.23093649783917,-114.23093649783917,1041.9559888461208,111.40639664265923,1875.6719772945194,-1514.5171813916497,0.0,0.0,114.23093649783917,1875.6719772945194,0.0,316.8,18.06,23.62,0.9,17.31,0.0,0.0,0.0,main_seed2,2,d1c1eb972d85b5605cb5db7c2c6bc30520ef1b725ec02f3d139c77d64d6a78a6,1500,pre_fed,F-MADRL,deterministic,409198508b8e7b3f01cbe075a25ea950a12b4e6e65023589db7a01699cce04c2
2,17,16,165.75,24.27,14.18,16.42,8.21,-0.5393510460853577,-0.3964150846004486,71.05047942706369,-18.843869951143464,71.05047942706369,-0.18947368421052882,0.9,0.9,2.186220114857063,58.62521437200391,-58.62521437200391,806.9328199095203,119.10680096398887,962.6260199883043,-944.3328204309067,0.0,0.0,58.62521437200391,962.6260199883043,0.0,172.25,18.06,23.62,0.9,17.31,0.0,0.0,0.0,main_seed2,2,d1c1eb972d85b5605cb5db7c2c6bc30520ef1b725ec02f3d139c77d64d6a78a6,1500,pre_fed,F-MADRL,deterministic,409198508b8e7b3f01cbe075a25ea950a12b4e6e65023589db7a01699cce04c2
3,17,16,187.07,24.27,14.18,16.42,8.21,-0.6708942651748657,-1.1955496072769165,41.443217851925354,-41.61460511099683,41.443217851925354,-0.18947368421052882,0.9,0.9,1.5940748833542966,108.96033071563946,-108.96033071563946,365.1017286259467,126.80720528531852,1789.1286303508,-1140.5187821310326,0.0,0.0,108.96033071563946,1789.1286303508,0.0,194.4,18.06,23.62,0.9,17.31,0.0,0.0,0.0,main_seed2,2,d1c1eb972d85b5605cb5db7c2c6bc30520ef1b725ec02f3d139c77d64d6a78a6,1500,pre_fed,F-MADRL,deterministic,409198508b8e7b3f01cbe075a25ea950a12b4e6e65023589db7a01699cce04c2
1,18,17,413.8,26.26,4.67,9.83,4.92,0.45618000626564026,-1.406173586845398,142.69657028989644,-44.333940665317364,142.69657028989644,-0.18947368421052882,0.9,0.9,3.468741932113718,243.83164532642783,-243.83164532642783,1044.1591025554526,111.40639664265923,2396.8650735587858,-1776.2152863784488,0.0,0.0,243.83164532642783,2396.8650735587858,0.0,291.3,24.27,14.18,0.9,16.42,0.0,0.0,0.0,main_seed2,2,d1c1eb972d85b5605cb5db7c2c6bc30520ef1b725ec02f3d139c77d64d6a78a6,1500,pre_fed,F-MADRL,deterministic,409198508b8e7b3f01cbe075a25ea950a12b4e6e65023589db7a01699cce04c2
2,18,17,164.25,26.26,4.67,9.83,4.92,-0.5574069619178772,-0.4190603792667389,69.15286393160304,-19.80692784754003,69.15286393160304,-0.18947368421052882,0.9,0.9,1.9978678049478504,66.35447755755533,-66.35447755755533,794.1323684150705,119.10680096398887,652.2645143907689,-782.7518418849141,0.0,0.0,66.35447755755533,652.2645143907689,0.0,165.75,24.27,14.18,0.9,16.42,0.0,0.0,0.0,main_seed2,2,d1c1eb972d85b5605cb5db7c2c6bc30520ef1b725ec02f3d139c77d64d6a78a6,1500,pre_fed,F-MADRL,deterministic,409198508b8e7b3f01cbe075a25ea950a12b4e6e65023589db7a01699cce04c2
3,18,17,185.6,26.26,4.67,9.83,4.92,-0.6758608818054199,-1.2055078744888306,41.11780541408261,-41.76634616206201,41.11780541408261,-0.18947368421052882,0.9,0.9,1.4371666345974419,115.17883490472535,-115.17883490472535,362.9558517154884,126.80720528531852,1132.2079471134502,-810.9855020571285,0.0,0.0,115.17883490472535,1132.2079471134502,0.0,187.07,24.27,14.18,0.9,16.42,0.0,0.0,0.0,main_seed2,2,d1c1eb972d85b5605cb5db7c2c6bc30520ef1b725ec02f3d139c77d64d6a78a6,1500,pre_fed,F-MADRL,deterministic,409198508b8e7b3f01cbe075a25ea950a12b4e6e65023589db7a01699cce04c2
1,19,18,539.8,26.77,0.18,8.63,4.32,0.4684988856315613,-1.445946216583252,143.69856449781238,-44.74441926341379,143.69856449781238,-0.18947368421052882,0.9,0.9,3.4091818162720378,372.7500910026701,-372.7500910026701,1052.2149361812155,111.40639664265923,3216.8332853530433,-2190.227309088459,0.0,0.0,372.7500910026701,3216.8332853530433,0.0,413.8,26.26,4.67,0.9,9.83,0.0,0.0,0.0,main_seed2,2,d1c1eb972d85b5605cb5db7c2c6bc30520ef1b725ec02f3d139c77d64d6a78a6,1500,pre_fed,F-MADRL,deterministic,409198508b8e7b3f01cbe075a25ea950a12b4e6e65023589db7a01699cce04c2
2,19,18,162.5,26.77,0.18,8.63,4.32,-0.5436239242553711,-0.4226986765861511,70.59832658041533,-19.960074184644473,70.59832658041533,-0.18947368421052882,0.9,0.9,1.9471770579240961,67.08832416171929,-67.08832416171929,803.8778352180169,119.10680096398887,578.9722375156375,-750.9784368488217,0.0,0.0,67.08832416171929,578.9722375156375,0.0,164.25,26.26,4.67,0.9,9.83,0.0,0.0,0.0,main_seed2,2,d1c1eb972d85b5605cb5db7c2c6bc30520ef1b725ec02f3d139c77d64d6a78a6,1500,pre_fed,F-MADRL,deterministic,409198508b8e7b3f01cbe075a25ea950a12b4e6e65023589db7a01699cce04c2
3,19,18,183.4,26.77,0.18,8.63,4.32,-0.6481015682220459,-1.153251051902771,42.960943271720076,-40.94141106768573,42.960943271720076,-0.18947368421052882,0.9,0.9,1.3944293917501913,115.07295980424064,-115.07295980424064,375.1366855532551,126.80720528531852,993.0796431105969,-747.5117669745853,0.0,0.0,115.07295980424064,993.0796431105969,0.0,185.6,26.26,4.67,0.9,9.83,0.0,0.0,0.0,main_seed2,2,d1c1eb972d85b5605cb5db7c2c6bc30520ef1b725ec02f3d139c77d64d6a78a6,1500,pre_fed,F-MADRL,deterministic,409198508b8e7b3f01cbe075a25ea950a12b4e6e65023589db7a01699cce04c2
1,20,19,557.2,26.22,0.0,8.87,4.44,0.4912300109863281,-1.5057724714279175,145.51921313373674,-45.30929720779775,145.51921313373674,-0.18947368421052882,0.9,0.9,3.4309947889905246,389.08125533946435,-389.08125533946435,1066.8942143925756,111.40639664265923,3451.1507348610485,-2314.7256729481414,0.0,0.0,389.08125533946435,3451.1507348610485,0.0,539.8,26.77,0.18,0.9,8.63,0.0,0.0,0.0,main_seed2,2,d1c1eb972d85b5605cb5db7c2c6bc30520ef1b725ec02f3d139c77d64d6a78a6,1500,pre_fed,F-MADRL,deterministic,409198508b8e7b3f01cbe075a25ea950a12b4e6e65023589db7a01699cce04c2
2,20,19,165.75,26.22,0.0,8.87,4.44,-0.5434439778327942,-0.42610451579093933,70.6173298563379,-20.103033185272647,70.6173298563379,-0.18947368421052882,0.9,0.9,1.9329571234425476,71.03510095131517,-71.03510095131517,804.0061688818944,119.10680096398887,630.0813454381655,-776.5971576420244,0.0,0.0,71.03510095131517,630.0813454381655,0.0,162.5,26.77,0.18,0.9,8.63,0.0,0.0,0.0,main_seed2,2,d1c1eb972d85b5605cb5db7c2c6bc30520ef1b725ec02f3d139c77d64d6a78a6,1500,pre_fed,F-MADRL,deterministic,409198508b8e7b3f01cbe075a25ea950a12b4e6e65023589db7a01699cce04c2
3,20,19,187.07,26.22,0.0,8.87,4.44,-0.6417756080627441,-1.1407642364501953,43.38926687714374,-40.733563737159365,43.38926687714374,-0.18947368421052882,0.9,0.9,1.3883958638586642,119.03860267092544,-119.03860267092544,377.97661111749716,126.80720528531852,1055.8724056911085,-780.328111046962,0.0,0.0,119.03860267092544,1055.8724056911085,0.0,183.4,26.77,0.18,0.9,8.63,0.0,0.0,0.0,main_seed2,2,d1c1eb972d85b5605cb5db7c2c6bc30520ef1b725ec02f3d139c77d64d6a78a6,1500,pre_fed,F-MADRL,deterministic,409198508b8e7b3f01cbe075a25ea950a12b4e6e65023589db7a01699cce04c2
1,21,20,557.1,32.84,0.0,8.35,4.18,0.49441516399383545,-1.5134810209274292,145.77136566580904,-45.37774258756483,145.77136566580904,-0.18947368421052882,0.9,0.9,3.5684378396319705,382.24654585803347,-382.24654585803347,1068.9314690978354,111.40639664265923,3191.7586579145795,-2186.0482618275373,0.0,0.0,382.24654585803347,3191.7586579145795,0.0,557.2,26.22,0.0,0.9,8.87,0.0,0.0,0.0,main_seed2,2,d1c1eb972d85b5605cb5db7c2c6bc30520ef1b725ec02f3d139c77d64d6a78a6,1500,pre_fed,F-MADRL,deterministic,409198508b8e7b3f01cbe075a25ea950a12b4e6e65023589db7a01699cce04c2
2,21,20,169.0,32.84,0.0,8.35,4.18,-0.5444197058677673,-0.42627596855163574,70.51432856281434,-20.110219537103013,70.51432856281434,-0.18947368421052882,0.9,0.9,2.0632970975720766,67.89844221896826,-67.89844221896826,803.3106422850359,119.10680096398887,566.951992528385,-744.6847178887049,0.0,0.0,67.89844221896826,566.951992528385,0.0,165.75,26.22,0.0,0.9,8.87,0.0,0.0,0.0,main_seed2,2,d1c1eb972d85b5605cb5db7c2c6bc30520ef1b725ec02f3d139c77d64d6a78a6,1500,pre_fed,F-MADRL,deterministic,409198508b8e7b3f01cbe075a25ea950a12b4e6e65023589db7a01699cce04c2
3,21,20,190.73,32.84,0.0,8.35,4.18,-0.6428309082984924,-1.1426488161087036,43.31759969432938,-40.76520533648084,43.31759969432938,-0.18947368421052882,0.9,0.9,1.519362520202377,116.28123651008352,-116.28123651008352,377.50119143519623,126.80720528531852,970.9483248591973,-737.6283607898561,0.0,0.0,116.28123651008352,970.9483248591973,0.0,187.07,26.22,0.0,0.9,8.87,0.0,0.0,0.0,main_seed2,2,d1c1eb972d85b5605cb5db7c2c6bc30520ef1b725ec02f3d139c77d64d6a78a6,1500,pre_fed,F-MADRL,deterministic,409198508b8e7b3f01cbe075a25ea950a12b4e6e65023589db7a01699cce04c2
1,22,21,535.0,36.02,0.0,16.44,8.22,0.501503050327301,-1.5338300466537476,146.3298406414555,-45.553886891664554,146.3298406414555,-0.18947368421052882,0.9,0.9,3.6432073391448996,356.4828403818999,-356.4828403818999,1073.4473087925708,111.40639664265923,5860.577895878435,-3522.7158006568325,0.0,0.0,356.4828403818999,5860.577895878435,0.0,557.1,32.84,0.0,0.9,8.35,0.0,0.0,0.0,main_seed2,2,d1c1eb972d85b5605cb5db7c2c6bc30520ef1b725ec02f3d139c77d64d6a78a6,1500,pre_fed,F-MADRL,deterministic,409198508b8e7b3f01cbe075a25ea950a12b4e6e65023589db7a01699cce04c2
2,22,21,161.2,36.02,0.0,16.44,8.22,-0.5552611351013184,-0.4410461485385895,69.37658954029537,-20.725560875384186,69.37658954029537,-0.18947368421052882,0.9,0.9,2.104142317121697,58.09702646103685,-58.09702646103685,795.6386735283216,119.10680096398887,955.1151150194459,-934.9302947558782,0.0,0.0,58.09702646103685,955.1151150194459,0.0,169.0,32.84,0.0,0.9,8.35,0.0,0.0,0.0,main_seed2,2,d1c1eb972d85b5605cb5db7c2c6bc30520ef1b725ec02f3d139c77d64d6a78a6,1500,pre_fed,F-MADRL,deterministic,409198508b8e7b3f01cbe075a25ea950a12b4e6e65023589db7a01699cce04c2
3,22,21,181.93,36.02,0.0,16.44,8.22,-0.6525470614433289,-1.1645935773849487,42.66178655889138,-41.126563157682696,42.66178655889138,-0.18947368421052882,0.9,0.9,1.5698462574936174,105.00753338281277,-105.00753338281277,373.1552462149248,126.80720528531852,1726.323848813442,-1113.1431501568427,0.0,0.0,105.00753338281277,1726.323848813442,0.0,190.73,32.84,0.0,0.9,8.35,0.0,0.0,0.0,main_seed2,2,d1c1eb972d85b5605cb5db7c2c6bc30520ef1b725ec02f3d139c77d64d6a78a6,1500,pre_fed,F-MADRL,deterministic,409198508b8e7b3f01cbe075a25ea950a12b4e6e65023589db7a01699cce04c2
1,23,22,437.8,37.23,0.0,16.19,8.1,0.5238193273544312,-1.5904289484024048,148.064239666043,-46.010753737219005,148.064239666043,-0.18947368421052882,0.9,0.9,3.702095319636649,256.3973293378042,-256.3973293378042,1087.5039053396215,111.40639664265923,4151.0727619790505,-2674.9915319806655,0.0,0.0,256.3973293378042,4151.0727619790505,0.0,535.0,36.02,0.0,0.9,16.44,0.0,0.0,0.0,main_seed2,2,d1c1eb972d85b5605cb5db7c2c6bc30520ef1b725ec02f3d139c77d64d6a78a6,1500,pre_fed,F-MADRL,deterministic,409198508b8e7b3f01cbe075a25ea950a12b4e6e65023589db7a01699cce04c2
2,23,22,148.0,37.23,0.0,16.19,8.1,-0.5928558111190796,-0.45973682403564453,65.52750004640305,-21.493484572944233,65.52750004640305,-0.18947368421052882,0.9,0.9,2.05136052724385,47.48333416505133,-47.48333416505133,769.8294850572876,119.10680096398887,768.7551801321811,-828.8457330767287,0.0,0.0,47.48333416505133,768.7551801321811,0.0,161.2,36.02,0.0,0.9,16.44,0.0,0.0,0.0,main_seed2,2,d1c1eb972d85b5605cb5db7c2c6bc30520ef1b725ec02f3d139c77d64d6a78a6,1500,pre_fed,F-MADRL,deterministic,409198508b8e7b3f01cbe075a25ea950a12b4e6e65023589db7a01699cce04c2
3,23,22,161.39,37.23,0.0,16.19,8.1,-0.6921288371086121,-1.2385820150375366,40.06521380437296,-42.252534720832244,40.06521380437296,-0.18947368421052882,0.9,0.9,1.5421148024032487,85.8263746822408,-85.8263746822408,356.02849509671296,126.80720528531852,1389.5290061054786,-936.1823532437551,0.0,0.0,85.8263746822408,1389.5290061054786,0.0,181.93,36.02,0.0,0.9,16.44,0.0,0.0,0.0,main_seed2,2,d1c1eb972d85b5605cb5db7c2c6bc30520ef1b725ec02f3d139c77d64d6a78a6,1500,pre_fed,F-MADRL,deterministic,409198508b8e7b3f01cbe075a25ea950a12b4e6e65023589db7a01699cce04c2
1,24,23,447.3,44.12,0.0,8.87,4.44,0.5075772404670715,-1.5514769554138184,146.8055354172628,-45.70144266718124,146.8055354172628,-0.18947368421052882,0.9,0.9,3.8147212346610457,260.3786595016088,-260.3786595016088,1077.297770942852,111.40639664265923,2309.55870977927,-1749.1314386823906,0.0,0.0,260.3786595016088,2309.55870977927,0.0,437.8,37.23,0.0,0.9,16.19,0.0,0.0,0.0,main_seed2,2,d1c1eb972d85b5605cb5db7c2c6bc30520ef1b725ec02f3d139c77d64d6a78a6,1500,pre_fed,F-MADRL,deterministic,409198508b8e7b3f01cbe075a25ea950a12b4e6e65023589db7a01699cce04c2
2,24,23,119.6,44.12,0.0,8.87,4.44,-0.5912103652954102,-0.4590350389480591,65.69282205490043,-21.46487076259973,65.69282205490043,-0.18947368421052882,0.9,0.9,2.1924669674137984,12.169118596723877,-12.169118596723877,770.9333854803142,119.10680096398887,107.94008195294077,-498.99013419862194,0.0,0.0,12.169118596723877,107.94008195294077,0.0,148.0,37.23,0.0,0.9,16.19,0.0,0.0,0.0,main_seed2,2,d1c1eb972d85b5605cb5db7c2c6bc30520ef1b725ec02f3d139c77d64d6a78a6,1500,pre_fed,F-MADRL,deterministic,409198508b8e7b3f01cbe075a25ea950a12b4e6e65023589db7a01699cce04c2
3,24,23,134.98,44.12,0.0,8.87,4.44,-0.6887667775154114,-1.2315044403076172,40.2810827504953,-42.150757547471805,40.2810827504953,-0.18947368421052882,0.9,0.9,1.6842321813256955,52.45262311504091,-52.45262311504091,357.44746424212406,126.80720528531852,465.25476703041284,-474.7547182789277,0.0,0.0,52.45262311504091,465.25476703041284,0.0,161.39,37.23,0.0,0.9,16.19,0.0,0.0,0.0,main_seed2,2,d1c1eb972d85b5605cb5db7c2c6bc30520ef1b725ec02f3d139c77d64d6a78a6,1500,pre_fed,F-MADRL,deterministic,409198508b8e7b3f01cbe075a25ea950a12b4e6e65023589db7a01699cce04c2
1,1,0,457.7,51.48,0.0,8.65,4.33,-0.09690386056900024,0.09172217547893524,90.33983250828106,4.573290993699086,90.33983250828106,4.573290993699086,0.5,0.4508600948031675,2.927862470039603,314.23473896805945,-314.23473896805945,645.8502531821242,563.714234290482,2718.1304920737143,-1963.8474897731603,0.0,0.0,314.23473896805945,2718.1304920737143,0.0,447.3,44.12,0.0,0.5,8.87,0.0,0.0,0.0,main_seed2,2,d1c1eb972d85b5605cb5db7c2c6bc30520ef1b725ec02f3d139c77d64d6a78a6,1500,pre_fed,PPO-MADRL,deterministic,1fbcfc65e69bbaaaa4a2da99d05f9e0de6ca4ad3b9b9a63a6e8ebb92d0608f90
2,1,0,110.5,51.48,0.0,8.65,4.33,-0.6831722855567932,-0.3926895558834076,56.899101840583825,-18.683827612217318,56.899101840583825,-18.683827612217318,0.5,0.6764963623160645,1.7939054845673301,22.598631256200832,-22.598631256200832,712.7919576605311,401.31884600738476,195.47816036613722,-654.7944820170266,0.0,0.0,22.598631256200832,195.47816036613722,0.0,119.6,44.12,0.0,0.5,8.87,0.0,0.0,0.0,main_seed2,2,d1c1eb972d85b5605cb5db7c2c6bc30520ef1b725ec02f3d139c77d64d6a78a6,1500,pre_fed,PPO-MADRL,deterministic,1fbcfc65e69bbaaaa4a2da99d05f9e0de6ca4ad3b9b9a63a6e8ebb92d0608f90
3,1,0,124.71,51.48,0.0,8.65,4.33,-0.23053322732448578,-1.4813823699951172,77.34657233737539,-45.086332994784364,77.34657233737539,-42.21052631578948,0.5,0.9,1.732320920431718,39.82627489884581,-39.82627489884581,614.217261677389,244.81166675900275,344.49727787501627,-601.763103155704,0.0,0.0,39.82627489884581,344.49727787501627,0.0,134.98,44.12,0.0,0.5,8.87,0.0,0.0,0.0,main_seed2,2,d1c1eb972d85b5605cb5db7c2c6bc30520ef1b725ec02f3d139c77d64d6a78a6,1500,pre_fed,PPO-MADRL,deterministic,1fbcfc65e69bbaaaa4a2da99d05f9e0de6ca4ad3b9b9a63a6e8ebb92d0608f90
1,2,1,336.5,38.37,0.0,8.11,4.06,-0.09740263223648071,0.07126371562480927,90.29042317419383,3.557166109297428,90.29042317419383,3.557166109297428,0.4508600948031675,0.412514520831483,2.6443517856698255,206.92676250217855,-206.92676250217855,645.4953407438862,615.0117649556117,1678.1760438926678,-1469.341574796083,0.0,0.0,206.92676250217855,1678.1760438926678,0.0,457.7,51.48,0.0,0.4508600948031675,8.65,0.0,0.0,0.0,main_seed2,2,d1c1eb972d85b5605cb5db7c2c6bc30520ef1b725ec02f3d139c77d64d6a78a6,1500,pre_fed,PPO-MADRL,deterministic,1fbcfc65e69bbaaaa4a2da99d05f9e0de6ca4ad3b9b9a63a6e8ebb92d0608f90
2,2,1,109.85,38.37,0.0,8.11,4.06,-0.7497150897979736,-0.4111877381801605,51.10294724574153,-19.47403550146171,51.10294724574153,-19.47403550146171,0.6764963623160645,0.8601467068553186,1.3999782348855963,41.25106649060578,-41.25106649060578,675.1122256065398,209.60755819796182,334.54614923881286,-609.6329665216572,0.0,0.0,41.25106649060578,334.54614923881286,0.0,110.5,51.48,0.0,0.6764963623160645,8.65,0.0,0.0,0.0,main_seed2,2,d1c1eb972d85b5605cb5db7c2c6bc30520ef1b725ec02f3d139c77d64d6a78a6,1500,pre_fed,PPO-MADRL,deterministic,1fbcfc65e69bbaaaa4a2da99d05f9e0de6ca4ad3b9b9a63a6e8ebb92d0608f90
3,2,1,123.98,38.37,0.0,8.11,4.06,-0.28187328577041626,-1.7433491945266724,72.53620386398588,-47.03069193448386,72.53620386398588,-0.18947368421052882,0.9,0.9,2.214334603595507,15.477604423820168,-15.477604423820168,579.4196027242363,126.80720528531852,125.52337187718155,-415.87508994336815,0.0,0.0,15.477604423820168,125.52337187718155,0.0,124.71,51.48,0.0,0.9,8.65,0.0,0.0,0.0,main_seed2,2,d1c1eb972d85b5605cb5db7c2c6bc30520ef1b725ec02f3d139c77d64d6a78a6,1500,pre_fed,PPO-MADRL,deterministic,1fbcfc65e69bbaaaa4a2da99d05f9e0de6ca4ad3b9b9a63a6e8ebb92d0608f90
1,3,2,274.9,43.56,0.0,8.25,4.13,-0.07671378552913666,0.06937967240810394,92.3436348066981,3.463428287234753,92.3436348066981,3.463428287234753,0.412514520831483,0.375232351924191,2.7873412618786575,138.32027816794576,-138.32027816794576,660.277100897747,661.7248565484215,1141.1422948855525,-1231.5721261658605,0.0,0.0,138.32027816794576,1141.1422948855525,0.0,336.5,38.37,0.0,0.412514520831483,8.11,0.0,0.0,0.0,main_seed2,2,d1c1eb972d85b5605cb5db7c2c6bc30520ef1b725ec02f3d139c77d64d6a78a6,1500,pre_fed,PPO-MADRL,deterministic,1fbcfc65e69bbaaaa4a2da99d05f9e0de6ca4ad3b9b9a63a6e8ebb92d0608f90
2,3,2,112.45,43.56,0.0,8.25,4.13,-0.7856917977333069,-0.40272966027259827,48.165386837532125,-19.114106992511662,48.165386837532125,-4.376167006146532,0.8601467068553186,0.9,1.7469843966277119,26.847764565242116,-26.847764565242116,656.2106713551717,130.12692082082032,221.49405766324745,-503.91582491961975,0.0,0.0,26.847764565242116,221.49405766324745,0.0,109.85,38.37,0.0,0.8601467068553186,8.11,0.0,0.0,0.0,main_seed2,2,d1c1eb972d85b5605cb5db7c2c6bc30520ef1b725ec02f3d139c77d64d6a78a6,1500,pre_fed,PPO-MADRL,deterministic,1fbcfc65e69bbaaaa4a2da99d05f9e0de6ca4ad3b9b9a63a6e8ebb92d0608f90
3,3,2,126.91,43.56,0.0,8.25,4.13,-0.26535212993621826,-1.6600335836410522,74.07052911648154,-46.51108531885389,74.07052911648154,-0.18947368421052882,0.9,0.9,2.3488211086454203,11.817765676374407,-11.817765676374407,590.4709853609154,126.80720528531852,97.49656683008885,-407.3873787381614,0.0,0.0,11.817765676374407,97.49656683008885,0.0,123.98,38.37,0.0,0.9,8.11,0.0,0.0,0.0,main_seed2,2,d1c1eb972d85b5605cb5db7c2c6bc30520ef1b725ec02f3d139c77d64d6a78a6,1500,pre_fed,PPO-MADRL,deterministic,1fbcfc65e69bbaaaa4a2da99d05f9e0de6ca4ad3b9b9a63a6e8ebb92d0608f90
1,4,3,272.6,40.75,0.0,8.1,4.05,-0.06449030339717865,0.044978246092796326,93.55989531593539,2.2473969823711215,93.55989531593539,2.2473969823711215,0.375232351924191,0.35082507687959397,2.7311458459661306,138.77385354765963,-138.77385354765963,669.0655787005336,698.5272861218137,1124.068213736043,-1245.8305392791951,0.0,0.0,138.77385354765963,1124.068213736043,0.0,274.9,43.56,0.0,0.375232351924191,8.25,0.0,0.0,0.0,main_seed2,2,d1c1eb972d85b5605cb5db7c2c6bc30520ef1b725ec02f3d139c77d64d6a78a6,1500,pre_fed,PPO-MADRL,deterministic,1fbcfc65e69bbaaaa4a2da99d05f9e0de6ca4ad3b9b9a63a6e8ebb92d0608f90
2,4,3,110.5,40.75,0.0,8.1,4.05,-0.8062466979026794,-0.4130367636680603,46.54796330440743,-19.55240583065514,46.54796330440743,-0.18947368421052882,0.9,0.9,1.742169792403938,25.133680172207036,-25.133680172207036,645.8594495162265,119.10680096398887,203.582809394877,-484.2745299375462,0.0,0.0,25.133680172207036,203.582809394877,0.0,112.45,43.56,0.0,0.9,8.25,0.0,0.0,0.0,main_seed2,2,d1c1eb972d85b5605cb5db7c2c6bc30520ef1b725ec02f3d139c77d64d6a78a6,1500,pre_fed,PPO-MADRL,deterministic,1fbcfc65e69bbaaaa4a2da99d05f9e0de6ca4ad3b9b9a63a6e8ebb92d0608f90
3,4,3,124.71,40.75,0.0,8.1,4.05,-0.27224525809288025,-1.6956275701522827,73.42871868975101,-46.74301162286325,73.42871868975101,-0.18947368421052882,0.9,0.9,2.2797849001108097,13.000539894570323,-13.000539894570323,585.8427345074299,126.80720528531852,105.30437314601961,-408.97715646938406,0.0,0.0,13.000539894570323,105.30437314601961,0.0,126.91,43.56,0.0,0.9,8.25,0.0,0.0,0.0,main_seed2,2,d1c1eb972d85b5605cb5db7c2c6bc30520ef1b725ec02f3d139c77d64d6a78a6,1500,pre_fed,PPO-MADRL,deterministic,1fbcfc65e69bbaaaa4a2da99d05f9e0de6ca4ad3b9b9a63a6e8ebb92d0608f90
1,5,4,245.3,27.74,0.0,8.14,4.07,-0.06343129277229309,0.04394102841615677,93.66536430801857,2.1956384795170996,93.66536430801857,2.1956384795170996,0.35082507687959397,0.327011442730918,2.4720200557507135,124.17101726821507,-124.17101726821507,669.8288076565923,729.3209460761955,1010.7520805632707,-1204.9509171480292,0.0,0.0,124.17101726821507,1010.7520805632707,0.0,272.6,40.75,0.0,0.35082507687959397,8.1,0.0,0.0,0.0,main_seed2,2,d1c1eb972d85b5605cb5db7c2c6bc30520ef1b725ec02f3d139c77d64d6a78a6,1500,pre_fed,PPO-MADRL,deterministic,1fbcfc65e69bbaaaa4a2da99d05f9e0de6ca4ad3b9b9a63a6e8ebb92d0608f90
2,5,4,113.75,27.74,0.0,8.14,4.07,-0.8008477687835693,-0.4081366956233978,46.96853657799366,-19.344471240690545,46.96853657799366,-0.18947368421052882,0.9,0.9,1.4903812578756626,40.72131836409254,-40.72131836409254,648.5472178179193,119.10680096398887,331.4715314837133,-549.5627751328108,0.0,0.0,40.72131836409254,331.4715314837133,0.0,110.5,40.75,0.0,0.9,8.1,0.0,0.0,0.0,main_seed2,2,d1c1eb972d85b5605cb5db7c2c6bc30520ef1b725ec02f3d139c77d64d6a78a6,1500,pre_fed,PPO-MADRL,deterministic,1fbcfc65e69bbaaaa4a2da99d05f9e0de6ca4ad3b9b9a63a6e8ebb92d0608f90
3,5,4,128.38,27.74,0.0,8.14,4.07,-0.2686285376548767,-1.6764230728149414,73.76517736685668,-46.61979129890628,73.76517736685668,-0.18947368421052882,0.9,0.9,2.026314073652923,29.090610391006777,-29.090610391006777,588.2680437250935,126.80720528531852,236.79756858279518,-475.93640879660364,0.0,0.0,29.090610391006777,236.79756858279518,0.0,124.71,40.75,0.0,0.9,8.1,0.0,0.0,0.0,main_seed2,2,d1c1eb972d85b5605cb5db7c2c6bc30520ef1b725ec02f3d139c77d64d6a78a6,1500,pre_fed,PPO-MADRL,deterministic,1fbcfc65e69bbaaaa4a2da99d05f9e0de6ca4ad3b9b9a63a6e8ebb92d0608f90
1,6,5,233.7,30.15,0.0,8.13,4.07,-0.05728307366371155,0.055726975202560425,94.27794994891366,2.783468007116613,94.27794994891366,2.783468007116613,0.327011442730918,0.29705775661264966,2.5442283591206056,109.03281040309032,-109.03281040309032,674.265361665002,765.3061310790936,886.4367485771244,-1163.00412066061,0.0,0.0,109.03281040309032,886.4367485771244,0.0,245.3,27.74,0.0,0.327011442730918,8.14,0.0,0.0,0.0,main_seed2,2,d1c1eb972d85b5605cb5db7c2c6bc30520ef1b725ec02f3d139c77d64d6a78a6,1500,pre_fed,PPO-MADRL,deterministic,1fbcfc65e69bbaaaa4a2da99d05f9e0de6ca4ad3b9b9a63a6e8ebb92d0608f90
2,6,5,120.25,30.15,0.0,8.13,4.07,-0.7844443321228027,-0.3926953673362732,48.264966161766615,-18.68407761044908,48.264966161766615,-0.18947368421052882,0.9,0.9,1.5645098495511218,43.58901737199503,-43.58901737199503,656.8492606841676,119.10680096398887,354.3787112343196,-565.167386441238,0.0,0.0,43.58901737199503,354.3787112343196,0.0,113.75,27.74,0.0,0.9,8.14,0.0,0.0,0.0,main_seed2,2,d1c1eb972d85b5605cb5db7c2c6bc30520ef1b725ec02f3d139c77d64d6a78a6,1500,pre_fed,PPO-MADRL,deterministic,1fbcfc65e69bbaaaa4a2da99d05f9e0de6ca4ad3b9b9a63a6e8ebb92d0608f90
3,6,5,135.43,30.15,0.0,8.13,4.07,-0.25011205673217773,-1.5869593620300293,75.49760054953929,-45.98409095314786,75.49760054953929,-0.18947368421052882,0.9,0.9,2.109162537306575,32.08103567197783,-32.08103567197783,600.7899922358322,126.80720528531852,260.8188200131798,-494.20800876716527,0.0,0.0,32.08103567197783,260.8188200131798,0.0,128.38,27.74,0.0,0.9,8.14,0.0,0.0,0.0,main_seed2,2,d1c1eb972d85b5605cb5db7c2c6bc30520ef1b725ec02f3d139c77d64d6a78a6,1500,pre_fed,PPO-MADRL,deterministic,1fbcfc65e69bbaaaa4a2da99d05f9e0de6ca4ad3b9b9a63a6e8ebb92d0608f90
1,7,6,274.6,28.65,0.16,8.34,4.17,-0.05418187007308006,0.04373323917388916,94.5871087862155,2.1852689572605315,94.5871087862155,2.1852689572605315,0.29705775661264966,0.27346080997036615,2.5116475548695205,151.52926981139353,-151.52926981139353,676.506703560289,799.4787331992645,1263.754110227022,-1369.8697734932878,0.0,0.0,151.52926981139353,1263.754110227022,0.0,233.7,30.15,0.0,0.29705775661264966,8.13,0.0,0.0,0.0,main_seed2,2,d1c1eb972d85b5605cb5db7c2c6bc30520ef1b725ec02f3d139c77d64d6a78a6,1500,pre_fed,PPO-MADRL,deterministic,1fbcfc65e69bbaaaa4a2da99d05f9e0de6ca4ad3b9b9a63a6e8ebb92d0608f90
2,7,6,130.0,28.65,0.16,8.34,4.17,-0.7900947332382202,-0.39756083488464355,47.81522217436903,-18.892999307190998,47.81522217436903,-0.18947368421052882,0.9,0.9,1.5287149698031701,55.09296647964467,-55.09296647964467,653.9663075344565,119.10680096398887,459.47534044023655,-616.274224469341,0.0,0.0,55.09296647964467,459.47534044023655,0.0,120.25,30.15,0.0,0.9,8.13,0.0,0.0,0.0,main_seed2,2,d1c1eb972d85b5605cb5db7c2c6bc30520ef1b725ec02f3d139c77d64d6a78a6,1500,pre_fed,PPO-MADRL,deterministic,1fbcfc65e69bbaaaa4a2da99d05f9e0de6ca4ad3b9b9a63a6e8ebb92d0608f90
3,7,6,146.72,28.65,0.16,8.34,4.17,-0.25385984778404236,-1.6084182262420654,75.14564681325953,-46.146296993190845,75.14564681325953,-0.18947368421052882,0.9,0.9,2.07532346258098,45.02915033353197,-45.02915033353197,598.2414562173776,126.80720528531852,375.54311378165664,-550.2958876421765,0.0,0.0,45.02915033353197,375.54311378165664,0.0,135.43,30.15,0.0,0.9,8.13,0.0,0.0,0.0,main_seed2,2,d1c1eb972d85b5605cb5db7c2c6bc30520ef1b725ec02f3d139c77d64d6a78a6,1500,pre_fed,PPO-MADRL,deterministic,1fbcfc65e69bbaaaa4a2da99d05f9e0de6ca4ad3b9b9a63a6e8ebb92d0608f90
1,8,7,291.0,23.38,1.77,9.35,4.68,-0.06006313115358353,0.04541725665330887,94.00089922831543,2.269302729700613,94.00089922831543,2.269302729700613,0.27346080997036615,0.2490264911956821,2.4284040391603208,172.0082020811443,-172.0082020811443,672.2581129373928,831.6880272540101,1608.2766894586991,-1556.1114148250508,0.0,0.0,172.0082020811443,1608.2766894586991,0.0,274.6,28.65,0.16,0.27346080997036615,8.34,0.0,0.0,0.0,main_seed2,2,d1c1eb972d85b5605cb5db7c2c6bc30520ef1b725ec02f3d139c77d64d6a78a6,1500,pre_fed,PPO-MADRL,deterministic,1fbcfc65e69bbaaaa4a2da99d05f9e0de6ca4ad3b9b9a63a6e8ebb92d0608f90
2,8,7,157.95,23.38,1.77,9.35,4.68,-0.7929379940032959,-0.3997504413127899,47.590174208232476,-18.986770495926912,47.590174208232476,-0.18947368421052882,0.9,0.9,1.451014010480439,86.85031348645848,-86.85031348645848,652.5248570796518,119.10680096398887,812.0504310983868,-791.8410445710138,0.0,0.0,86.85031348645848,812.0504310983868,0.0,130.0,28.65,0.16,0.9,8.34,0.0,0.0,0.0,main_seed2,2,d1c1eb972d85b5605cb5db7c2c6bc30520ef1b725ec02f3d139c77d64d6a78a6,1500,pre_fed,PPO-MADRL,deterministic,1fbcfc65e69bbaaaa4a2da99d05f9e0de6ca4ad3b9b9a63a6e8ebb92d0608f90
3,8,7,178.26,23.38,1.77,9.35,4.68,-0.25148171186447144,-1.6026995182037354,75.3689012734115,-46.10369477449067,75.3689012734115,-0.18947368421052882,0.9,0.9,2.006588551784019,79.93716096258305,-79.93716096258305,599.8577935505526,126.80720528531852,747.4124550001515,-737.0387269180113,0.0,0.0,79.93716096258305,747.4124550001515,0.0,146.72,28.65,0.16,0.9,8.34,0.0,0.0,0.0,main_seed2,2,d1c1eb972d85b5605cb5db7c2c6bc30520ef1b725ec02f3d139c77d64d6a78a6,1500,pre_fed,PPO-MADRL,deterministic,1fbcfc65e69bbaaaa4a2da99d05f9e0de6ca4ad3b9b9a63a6e8ebb92d0608f90
1,9,8,315.7,21.75,5.3,12.0,6.0,-0.057701509445905685,0.04595101624727249,94.23624437533377,2.2959350872863435,94.23624437533377,2.2959350872863435,0.2490264911956821,0.22436070045238185,2.4716435892524022,194.5894641266323,-194.5894641266323,673.9631228340469,864.9167799321903,2335.0735695195876,-1936.9767361429124,0.0,0.0,194.5894641266323,2335.0735695195876,0.0,291.0,23.38,1.77,0.2490264911956821,9.35,0.0,0.0,0.0,main_seed2,2,d1c1eb972d85b5605cb5db7c2c6bc30520ef1b725ec02f3d139c77d64d6a78a6,1500,pre_fed,PPO-MADRL,deterministic,1fbcfc65e69bbaaaa4a2da99d05f9e0de6ca4ad3b9b9a63a6e8ebb92d0608f90
2,9,8,165.1,21.75,5.3,12.0,6.0,-0.8021638989448547,-0.4080864489078522,46.8657319924114,-19.34233491841412,46.8657319924114,-0.18947368421052882,0.9,0.9,1.4745251661640173,92.84826685796314,-92.84826685796314,647.8899736642991,119.10680096398887,1114.1792022955576,-940.5879884619228,0.0,0.0,92.84826685796314,1114.1792022955576,0.0,157.95,23.38,1.77,0.9,9.35,0.0,0.0,0.0,main_seed2,2,d1c1eb972d85b5605cb5db7c2c6bc30520ef1b725ec02f3d139c77d64d6a78a6,1500,pre_fed,PPO-MADRL,deterministic,1fbcfc65e69bbaaaa4a2da99d05f9e0de6ca4ad3b9b9a63a6e8ebb92d0608f90
3,9,8,186.33,21.75,5.3,12.0,6.0,-0.24147139489650726,-1.574446439743042,76.31149389572673,-45.88650759973487,76.31149389572673,-0.18947368421052882,0.9,0.9,2.063440404230324,85.22142019271413,-85.22142019271413,606.6924984898488,126.80720528531852,1022.6570423125696,-878.0783730438685,0.0,0.0,85.22142019271413,1022.6570423125696,0.0,178.26,23.38,1.77,0.9,9.35,0.0,0.0,0.0,main_seed2,2,d1c1eb972d85b5605cb5db7c2c6bc30520ef1b725ec02f3d139c77d64d6a78a6,1500,pre_fed,PPO-MADRL,deterministic,1fbcfc65e69bbaaaa4a2da99d05f9e0de6ca4ad3b9b9a63a6e8ebb92d0608f90
1,10,9,362.4,34.82,11.6,9.19,4.6,-0.05109766125679016,0.035586223006248474,94.89467638503835,1.7785604363349738,94.89467638503835,1.7785604363349738,0.22436070045238185,0.20519029024795105,2.8618647364274667,222.16862791505412,-222.16862791505412,678.7380457328106,893.8963031696883,2041.7296905393473,-1807.182019720923,0.0,0.0,222.16862791505412,2041.7296905393473,0.0,315.7,21.75,5.3,0.22436070045238185,12.0,0.0,0.0,0.0,main_seed2,2,d1c1eb972d85b5605cb5db7c2c6bc30520ef1b725ec02f3d139c77d64d6a78a6,1500,pre_fed,PPO-MADRL,deterministic,1fbcfc65e69bbaaaa4a2da99d05f9e0de6ca4ad3b9b9a63a6e8ebb92d0608f90
2,10,9,169.0,34.82,11.6,9.19,4.6,-0.8201832175254822,-0.4269888401031494,45.476258203402544,-20.140088542061637,45.476258203402544,-0.18947368421052882,0.9,0.9,1.8341356903838404,79.12735117119183,-79.12735117119183,639.0226310527137,119.10680096398887,727.1803572632529,-742.6548946399778,0.0,0.0,79.12735117119183,727.1803572632529,0.0,165.1,21.75,5.3,0.9,12.0,0.0,0.0,0.0,main_seed2,2,d1c1eb972d85b5605cb5db7c2c6bc30520ef1b725ec02f3d139c77d64d6a78a6,1500,pre_fed,PPO-MADRL,deterministic,1fbcfc65e69bbaaaa4a2da99d05f9e0de6ca4ad3b9b9a63a6e8ebb92d0608f90
3,10,9,190.73,34.82,11.6,9.19,4.6,-0.23238100111484528,-1.5508915185928345,77.17135086728496,-45.69662337070838,77.17135086728496,-0.18947368421052882,0.9,0.9,2.4680375436614885,69.79616036058707,-69.79616036058707,612.9420137884008,126.80720528531852,641.4267137137952,-690.5879663937573,0.0,0.0,69.79616036058707,641.4267137137952,0.0,186.33,21.75,5.3,0.9,12.0,0.0,0.0,0.0,main_seed2,2,d1c1eb972d85b5605cb5db7c2c6bc30520ef1b725ec02f3d139c77d64d6a78a6,1500,pre_fed,PPO-MADRL,deterministic,1fbcfc65e69bbaaaa4a2da99d05f9e0de6ca4ad3b9b9a63a6e8ebb92d0608f90
1,11,10,320.0,27.17,36.64,12.3,6.15,-0.05387677997350693,0.010760761797428131,94.61752890805074,0.5380173236400485,94.61752890805074,0.5380173236400485,0.20519029024795105,0.19911656941861253,3.1793109246338163,164.21376469294302,-164.21376469294302,676.7273272450434,908.9051576695024,2019.8293057231992,-1802.7308953188726,0.0,0.0,164.21376469294302,2019.8293057231992,0.0,362.4,34.82,11.6,0.20519029024795105,9.19,0.0,0.0,0.0,main_seed2,2,d1c1eb972d85b5605cb5db7c2c6bc30520ef1b725ec02f3d139c77d64d6a78a6,1500,pre_fed,PPO-MADRL,deterministic,1fbcfc65e69bbaaaa4a2da99d05f9e0de6ca4ad3b9b9a63a6e8ebb92d0608f90
2,11,10,173.55,27.17,36.64,12.3,6.15,-0.817442774772644,-0.43147656321525574,45.685412818157005,-20.327727760386917,45.685412818157005,-0.18947368421052882,0.9,0.9,2.1861187826789297,66.43017964873246,-66.43017964873246,640.355537584309,119.10680096398887,817.0912096794093,-788.2767741138537,0.0,0.0,66.43017964873246,817.0912096794093,0.0,169.0,34.82,11.6,0.9,9.19,0.0,0.0,0.0,main_seed2,2,d1c1eb972d85b5605cb5db7c2c6bc30520ef1b725ec02f3d139c77d64d6a78a6,1500,pre_fed,PPO-MADRL,deterministic,1fbcfc65e69bbaaaa4a2da99d05f9e0de6ca4ad3b9b9a63a6e8ebb92d0608f90
3,11,10,195.87,27.17,36.64,12.3,6.15,-0.2510474622249603,-1.6439787149429321,75.40969604463899,-46.401336121130655,75.40969604463899,-0.18947368421052882,0.9,0.9,2.7806044472085696,59.6203820867801,-59.6203820867801,600.1532454660285,126.80720528531852,733.3306996673953,-730.1455752093711,0.0,0.0,59.6203820867801,733.3306996673953,0.0,190.73,34.82,11.6,0.9,9.19,0.0,0.0,0.0,main_seed2,2,d1c1eb972d85b5605cb5db7c2c6bc30520ef1b725ec02f3d139c77d64d6a78a6,1500,pre_fed,PPO-MADRL,deterministic,1fbcfc65e69bbaaaa4a2da99d05f9e0de6ca4ad3b9b9a63a6e8ebb92d0608f90
1,12,11,350.0,30.2,42.68,20.7,10.35,-0.0008339406922459602,-0.03172730654478073,99.91660595010772,-1.5858332514084872,99.91660595010772,-1.5858332514084872,0.19911656941861253,0.21378375216815593,3.4242154539739853,182.2134427552747,-182.2134427552747,715.3879440057879,897.7643441330238,3771.8182650341864,-2692.485276586499,0.0,0.0,182.2134427552747,3771.8182650341864,0.0,320.0,27.17,36.64,0.19911656941861253,12.3,0.0,0.0,0.0,main_seed2,2,d1c1eb972d85b5605cb5db7c2c6bc30520ef1b725ec02f3d139c77d64d6a78a6,1500,pre_fed,PPO-MADRL,deterministic,1fbcfc65e69bbaaaa4a2da99d05f9e0de6ca4ad3b9b9a63a6e8ebb92d0608f90
2,12,11,168.35,30.2,42.68,20.7,10.35,-0.8188351392745972,-0.4574308693408966,45.579048899756486,-21.399399374303655,45.579048899756486,-0.18947368421052882,0.9,0.9,2.365391504310919,52.44581628876496,-52.44581628876496,639.6776154600254,119.10680096398887,1085.6283971774346,-922.2064068007245,0.0,0.0,52.44581628876496,1085.6283971774346,0.0,173.55,27.17,36.64,0.9,12.3,0.0,0.0,0.0,main_seed2,2,d1c1eb972d85b5605cb5db7c2c6bc30520ef1b725ec02f3d139c77d64d6a78a6,1500,pre_fed,PPO-MADRL,deterministic,1fbcfc65e69bbaaaa4a2da99d05f9e0de6ca4ad3b9b9a63a6e8ebb92d0608f90
3,12,11,190.0,30.2,42.68,20.7,10.35,-0.2133234739303589,-1.5235216617584229,78.98545860979422,-45.46547065765345,78.98545860979422,-0.18947368421052882,0.9,0.9,3.033519698511674,41.35753477292798,-41.35753477292798,626.1731899049998,126.80720528531852,856.1009697996091,-804.5406824949637,0.0,0.0,41.35753477292798,856.1009697996091,0.0,195.87,27.17,36.64,0.9,12.3,0.0,0.0,0.0,main_seed2,2,d1c1eb972d85b5605cb5db7c2c6bc30520ef1b725ec02f3d139c77d64d6a78a6,1500,pre_fed,PPO-MADRL,deterministic,1fbcfc65e69bbaaaa4a2da99d05f9e0de6ca4ad3b9b9a63a6e8ebb92d0608f90
1,13,12,345.2,23.52,35.22,26.82,13.41,0.015762880444526672,-0.052554912865161896,101.57615750483724,-2.6253290187804685,101.57615750483724,-2.6253290187804685,0.21378375216815593,0.23829681034223407,3.1538165697211356,190.66298808366435,-190.66298808366435,727.5891186925938,868.2260358110871,5113.581340403878,-3354.6982474537795,0.0,0.0,190.66298808366435,5113.581340403878,0.0,350.0,30.2,42.68,0.21378375216815593,20.7,0.0,0.0,0.0,main_seed2,2,d1c1eb972d85b5605cb5db7c2c6bc30520ef1b725ec02f3d139c77d64d6a78a6,1500,pre_fed,PPO-MADRL,deterministic,1fbcfc65e69bbaaaa4a2da99d05f9e0de6ca4ad3b9b9a63a6e8ebb92d0608f90
2,13,12,168.35,23.52,35.22,26.82,13.41,-0.8659935593605042,-0.5057317614555359,42.093402938110486,-23.33064653353204,42.093402938110486,-0.18947368421052882,0.9,0.9,2.012878585077999,69.71894933117804,-69.71894933117804,617.5566234273845,119.10680096398887,1869.862221062195,-1303.2628227267842,0.0,0.0,69.71894933117804,1869.862221062195,0.0,168.35,30.2,42.68,0.9,20.7,0.0,0.0,0.0,main_seed2,2,d1c1eb972d85b5605cb5db7c2c6bc30520ef1b725ec02f3d139c77d64d6a78a6,1500,pre_fed,PPO-MADRL,deterministic,1fbcfc65e69bbaaaa4a2da99d05f9e0de6ca4ad3b9b9a63a6e8ebb92d0608f90
3,13,12,190.0,23.52,35.22,26.82,13.41,-0.20029926300048828,-1.4959242343902588,80.23370921639756,-45.220450632329594,80.23370921639756,-0.18947368421052882,0.9,0.9,2.7756847106437403,53.99144917845672,-53.99144917845672,635.3136074461735,126.80720528531852,1448.0506669662093,-1105.0857398488506,0.0,0.0,53.99144917845672,1448.0506669662093,0.0,190.0,30.2,42.68,0.9,20.7,0.0,0.0,0.0,main_seed2,2,d1c1eb972d85b5605cb5db7c2c6bc30520ef1b725ec02f3d139c77d64d6a78a6,1500,pre_fed,PPO-MADRL,deterministic,1fbcfc65e69bbaaaa4a2da99d05f9e0de6ca4ad3b9b9a63a6e8ebb92d0608f90
1,14,13,320.6,39.48,35.46,27.35,13.68,0.013919546268880367,-0.0350501611828804,101.39186473503668,-1.7517907515197433,101.39186473503668,-1.7517907515197433,0.23829681034223407,0.2544622288609872,3.4916014796703387,149.51152749615343,-149.51152749615343,726.2319791834384,842.9237499476726,4089.1402770197965,-2829.1480030754537,0.0,0.0,149.51152749615343,4089.1402770197965,0.0,345.2,23.52,35.22,0.23829681034223407,26.82,0.0,0.0,0.0,main_seed2,2,d1c1eb972d85b5605cb5db7c2c6bc30520ef1b725ec02f3d139c77d64d6a78a6,1500,pre_fed,PPO-MADRL,deterministic,1fbcfc65e69bbaaaa4a2da99d05f9e0de6ca4ad3b9b9a63a6e8ebb92d0608f90
2,14,13,165.75,39.48,35.46,27.35,13.68,-0.8918293714523315,-0.5221967101097107,40.278543523899636,-23.969682948747554,40.278543523899636,-0.18947368421052882,0.9,0.9,2.300581396793782,53.02151155710469,-53.02151155710469,606.1120713356406,119.10680096398887,1450.1383410868134,-1087.6786066932214,0.0,0.0,53.02151155710469,1450.1383410868134,0.0,168.35,23.52,35.22,0.9,26.82,0.0,0.0,0.0,main_seed2,2,d1c1eb972d85b5605cb5db7c2c6bc30520ef1b725ec02f3d139c77d64d6a78a6,1500,pre_fed,PPO-MADRL,deterministic,1fbcfc65e69bbaaaa4a2da99d05f9e0de6ca4ad3b9b9a63a6e8ebb92d0608f90
3,14,13,187.07,39.48,35.46,27.35,13.68,-0.18591418862342834,-1.4345753192901611,81.61985903073464,-44.63002030911344,81.61985903073464,-0.18947368421052882,0.9,0.9,3.127407706930483,33.827022360406346,-33.827022360406346,645.4984941564397,126.80720528531852,925.1690615571137,-848.737380499436,0.0,0.0,33.827022360406346,925.1690615571137,0.0,190.0,23.52,35.22,0.9,26.82,0.0,0.0,0.0,main_seed2,2,d1c1eb972d85b5605cb5db7c2c6bc30520ef1b725ec02f3d139c77d64d6a78a6,1500,pre_fed,PPO-MADRL,deterministic,1fbcfc65e69bbaaaa4a2da99d05f9e0de6ca4ad3b9b9a63a6e8ebb92d0608f90
1,15,14,333.2,35.74,34.83,13.81,6.91,0.017995685338974,-0.058733463287353516,101.79937429881967,-2.9333010154675008,101.79937429881967,-2.9333010154675008,0.2544622288609872,0.2818196640502064,3.388721465667043,167.15264818231486,-167.15264818231486,729.2336331110612,810.7285314328125,2308.3780713977685,-1924.1701179708211,0.0,0.0,167.15264818231486,2308.3780713977685,0.0,320.6,39.48,35.46,0.2544622288609872,27.35,0.0,0.0,0.0,main_seed2,2,d1c1eb972d85b5605cb5db7c2c6bc30520ef1b725ec02f3d139c77d64d6a78a6,1500,pre_fed,PPO-MADRL,deterministic,1fbcfc65e69bbaaaa4a2da99d05f9e0de6ca4ad3b9b9a63a6e8ebb92d0608f90
2,15,14,170.3,35.74,34.83,13.81,6.91,-0.9097455739974976,-0.5391156673431396,39.05858386344113,-24.615913395157026,39.05858386344113,-0.18947368421052882,0.9,0.9,2.188782203584612,63.04967202435401,-63.04967202435401,598.4471109423183,119.10680096398887,870.7159706563289,-794.1349412813181,0.0,0.0,63.04967202435401,870.7159706563289,0.0,165.75,39.48,35.46,0.9,27.35,0.0,0.0,0.0,main_seed2,2,d1c1eb972d85b5605cb5db7c2c6bc30520ef1b725ec02f3d139c77d64d6a78a6,1500,pre_fed,PPO-MADRL,deterministic,1fbcfc65e69bbaaaa4a2da99d05f9e0de6ca4ad3b9b9a63a6e8ebb92d0608f90
3,15,14,192.2,35.74,34.83,13.81,6.91,-0.21207304298877716,-1.5532928705215454,79.10501101674863,-45.716358449109755,79.10501101674863,-0.18947368421052882,0.9,0.9,2.9897107466507618,45.70417341411266,-45.70417341411266,627.0473403029288,126.80720528531852,631.1746348488958,-692.5145902185716,0.0,0.0,45.70417341411266,631.1746348488958,0.0,187.07,39.48,35.46,0.9,27.35,0.0,0.0,0.0,main_seed2,2,d1c1eb972d85b5605cb5db7c2c6bc30520ef1b725ec02f3d139c77d64d6a78a6,1500,pre_fed,PPO-MADRL,deterministic,1fbcfc65e69bbaaaa4a2da99d05f9e0de6ca4ad3b9b9a63a6e8ebb92d0608f90
1,16,15,316.8,18.06,23.62,17.31,8.66,-0.007136374246329069,-0.02417598105967045,99.28637468979055,-1.2085636025210689,99.28637468979055,-1.2085636025210689,0.2818196640502064,0.2927373789460561,2.795156221745389,179.83734513447595,-179.83734513447595,710.766115237838,789.7090936450227,3112.9844442777785,-2306.7298265803197,0.0,0.0,179.83734513447595,3112.9844442777785,0.0,333.2,35.74,34.83,0.2818196640502064,13.81,0.0,0.0,0.0,main_seed2,2,d1c1eb972d85b5605cb5db7c2c6bc30520ef1b725ec02f3d139c77d64d6a78a6,1500,pre_fed,PPO-MADRL,deterministic,1fbcfc65e69bbaaaa4a2da99d05f9e0de6ca4ad3b9b9a63a6e8ebb92d0608f90
2,16,15,172.25,18.06,23.62,17.31,8.66,-0.8389574289321899,-0.47372686862945557,44.06409658886383,-22.06028158248192,44.06409658886383,-0.18947368421052882,0.9,0.9,1.7110924580930664,88.40646955343975,-88.40646955343975,630.0405676470112,119.10680096398887,1530.315987970042,-1139.7316782905211,0.0,0.0,88.40646955343975,1530.315987970042,0.0,170.3,35.74,34.83,0.9,13.81,0.0,0.0,0.0,main_seed2,2,d1c1eb972d85b5605cb5db7c2c6bc30520ef1b725ec02f3d139c77d64d6a78a6,1500,pre_fed,PPO-MADRL,deterministic,1fbcfc65e69bbaaaa4a2da99d05f9e0de6ca4ad3b9b9a63a6e8ebb92d0608f90
3,16,15,194.4,18.06,23.62,17.31,8.66,-0.22660622000694275,-1.5851263999938965,77.71945033612744,-45.96993631312235,77.71945033612744,-0.18947368421052882,0.9,0.9,2.3841995330383385,77.57422288112143,-77.57422288112143,616.9329795781233,126.80720528531852,1342.8097980722118,-1043.2749914678268,0.0,0.0,77.57422288112143,1342.8097980722118,0.0,192.2,35.74,34.83,0.9,13.81,0.0,0.0,0.0,main_seed2,2,d1c1eb972d85b5605cb5db7c2c6bc30520ef1b725ec02f3d139c77d64d6a78a6,1500,pre_fed,PPO-MADRL,deterministic,1fbcfc65e69bbaaaa4a2da99d05f9e0de6ca4ad3b9b9a63a6e8ebb92d0608f90
1,17,16,291.3,24.27,14.18,16.42,8.21,-0.015896063297986984,0.01652482897043228,98.41052754647079,0.8261662494922328,98.41052754647079,0.8261662494922328,0.2927373789460561,0.28345541735140367,2.7537338759192607,156.36704007995624,-156.36704007995624,704.3537362148078,793.205532822594,2567.546798112882,-2032.5530335751419,0.0,0.0,156.36704007995624,2567.546798112882,0.0,316.8,18.06,23.62,0.2927373789460561,17.31,0.0,0.0,0.0,main_seed2,2,d1c1eb972d85b5605cb5db7c2c6bc30520ef1b725ec02f3d139c77d64d6a78a6,1500,pre_fed,PPO-MADRL,deterministic,1fbcfc65e69bbaaaa4a2da99d05f9e0de6ca4ad3b9b9a63a6e8ebb92d0608f90
2,17,16,165.75,24.27,14.18,16.42,8.21,-0.844330906867981,-0.4663012623786926,43.666533599052315,-21.760298292738003,43.666533599052315,-0.18947368421052882,0.9,0.9,1.6385411982968356,85.46148128345506,-85.46148128345506,627.5173336324516,119.10680096398887,1403.2775226743322,-1074.9508286353864,0.0,0.0,85.46148128345506,1403.2775226743322,0.0,172.25,18.06,23.62,0.9,17.31,0.0,0.0,0.0,main_seed2,2,d1c1eb972d85b5605cb5db7c2c6bc30520ef1b725ec02f3d139c77d64d6a78a6,1500,pre_fed,PPO-MADRL,deterministic,1fbcfc65e69bbaaaa4a2da99d05f9e0de6ca4ad3b9b9a63a6e8ebb92d0608f90
3,17,16,187.07,24.27,14.18,16.42,8.21,-0.20225462317466736,-1.4647116661071777,80.0458857469732,-44.92819181532922,80.0458857469732,-0.18947368421052882,0.9,0.9,2.3661282412552533,71.12971617849259,-71.12971617849259,633.9363625275804,126.80720528531852,1167.9499396508484,-964.3467537318736,0.0,0.0,71.12971617849259,1167.9499396508484,0.0,194.4,18.06,23.62,0.9,17.31,0.0,0.0,0.0,main_seed2,2,d1c1eb972d85b5605cb5db7c2c6bc30520ef1b725ec02f3d139c77d64d6a78a6,1500,pre_fed,PPO-MADRL,deterministic,1fbcfc65e69bbaaaa4a2da99d05f9e0de6ca4ad3b9b9a63a6e8ebb92d0608f90
1,18,17,413.8,26.26,4.67,9.83,4.92,-0.027503300458192825,0.01907396875321865,97.25036322321102,0.9535827974824003,97.25036322321102,0.9535827974824003,0.28345541735140367,0.2728507928589914,2.5826789204138687,287.24873289972044,-287.24873289972044,695.8789061278435,806.6319765588977,2823.655044404252,-2163.0829635454966,0.0,0.0,287.24873289972044,2823.655044404252,0.0,291.3,24.27,14.18,0.28345541735140367,16.42,0.0,0.0,0.0,main_seed2,2,d1c1eb972d85b5605cb5db7c2c6bc30520ef1b725ec02f3d139c77d64d6a78a6,1500,pre_fed,PPO-MADRL,deterministic,1fbcfc65e69bbaaaa4a2da99d05f9e0de6ca4ad3b9b9a63a6e8ebb92d0608f90
2,18,17,164.25,26.26,4.67,9.83,4.92,-0.8491241335868835,-0.46156805753707886,43.314373189903534,-21.568067958833176,43.314373189903534,-0.18947368421052882,0.9,0.9,1.4810979901138603,91.67619848442085,-91.67619848442085,625.2842651473923,119.10680096398887,901.177031101857,-822.7840486066191,0.0,0.0,91.67619848442085,901.177031101857,0.0,165.75,24.27,14.18,0.9,16.42,0.0,0.0,0.0,main_seed2,2,d1c1eb972d85b5605cb5db7c2c6bc30520ef1b725ec02f3d139c77d64d6a78a6,1500,pre_fed,PPO-MADRL,deterministic,1fbcfc65e69bbaaaa4a2da99d05f9e0de6ca4ad3b9b9a63a6e8ebb92d0608f90
3,18,17,185.6,26.26,4.67,9.83,4.92,-0.2223764806985855,-1.5358350276947021,78.1218036547072,-45.57089186481157,78.1218036547072,-0.18947368421052882,0.9,0.9,2.1772465994099335,78.91491662891326,-78.91491662891326,619.8663331933626,126.80720528531852,775.7336304622173,-761.2035844704492,0.0,0.0,78.91491662891326,775.7336304622173,0.0,187.07,24.27,14.18,0.9,16.42,0.0,0.0,0.0,main_seed2,2,d1c1eb972d85b5605cb5db7c2c6bc30520ef1b725ec02f3d139c77d64d6a78a6,1500,pre_fed,PPO-MADRL,deterministic,1fbcfc65e69bbaaaa4a2da99d05f9e0de6ca4ad3b9b9a63a6e8ebb92d0608f90
1,19,18,539.8,26.77,0.18,8.63,4.32,-0.0749426856637001,0.056424520909786224,92.51973027052607,2.8182358493208715,92.51973027052607,2.8182358493208715,0.2728507928589914,0.24263945075410634,2.4457593223969387,419.95779320254996,-419.95779320254996,661.5480511109894,837.4225231085268,3624.2357553380066,-2561.6031647787613,0.0,0.0,419.95779320254996,3624.2357553380066,0.0,413.8,26.26,4.67,0.2728507928589914,9.83,0.0,0.0,0.0,main_seed2,2,d1c1eb972d85b5605cb5db7c2c6bc30520ef1b725ec02f3d139c77d64d6a78a6,1500,pre_fed,PPO-MADRL,deterministic,1fbcfc65e69bbaaaa4a2da99d05f9e0de6ca4ad3b9b9a63a6e8ebb92d0608f90
2,19,18,162.5,26.77,0.18,8.63,4.32,-0.8111070394515991,-0.41867125034332275,46.17192942653282,-19.790522090797104,46.17192942653282,-0.18947368421052882,0.9,0.9,1.4586491148464462,91.02619337252415,-91.02619337252415,643.4585968516687,119.10680096398887,785.5560488048835,-774.0607233102705,0.0,0.0,91.02619337252415,785.5560488048835,0.0,164.25,26.26,4.67,0.9,9.83,0.0,0.0,0.0,main_seed2,2,d1c1eb972d85b5605cb5db7c2c6bc30520ef1b725ec02f3d139c77d64d6a78a6,1500,pre_fed,PPO-MADRL,deterministic,1fbcfc65e69bbaaaa4a2da99d05f9e0de6ca4ad3b9b9a63a6e8ebb92d0608f90
3,19,18,183.4,26.77,0.18,8.63,4.32,-0.24300017952919006,-1.592476725578308,76.16724648693418,-46.02641061644294,76.16724648693418,-0.18947368421052882,0.9,0.9,2.058555456054473,82.53078265333083,-82.53078265333083,605.6454717444007,126.80720528531852,712.2406542982451,-722.3466656639821,0.0,0.0,82.53078265333083,712.2406542982451,0.0,185.6,26.26,4.67,0.9,9.83,0.0,0.0,0.0,main_seed2,2,d1c1eb972d85b5605cb5db7c2c6bc30520ef1b725ec02f3d139c77d64d6a78a6,1500,pre_fed,PPO-MADRL,deterministic,1fbcfc65e69bbaaaa4a2da99d05f9e0de6ca4ad3b9b9a63a6e8ebb92d0608f90
1,20,19,557.2,26.22,0.0,8.87,4.44,-0.10380985587835312,0.07363477349281311,89.65614454997272,3.6750988478891196,89.65614454997272,3.6750988478891196,0.24263945075410634,0.20346892082218634,2.391024867957237,440.0397814700955,-440.0397814700955,640.9427632959254,886.1690812124546,3903.1528616397463,-2715.132353074063,0.0,0.0,440.0397814700955,3903.1528616397463,0.0,539.8,26.77,0.18,0.24263945075410634,8.63,0.0,0.0,0.0,main_seed2,2,d1c1eb972d85b5605cb5db7c2c6bc30520ef1b725ec02f3d139c77d64d6a78a6,1500,pre_fed,PPO-MADRL,deterministic,1fbcfc65e69bbaaaa4a2da99d05f9e0de6ca4ad3b9b9a63a6e8ebb92d0608f90
2,20,19,165.75,26.22,0.0,8.87,4.44,-0.8034988045692444,-0.40782272815704346,46.761644561541445,-19.331121032469493,46.761644561541445,-0.18947368421052882,0.9,0.9,1.4558434175466184,94.4136725402157,-94.4136725402157,647.224691765515,119.10680096398887,837.4492754317132,-801.8903840806086,0.0,0.0,94.4136725402157,837.4492754317132,0.0,162.5,26.77,0.18,0.9,8.63,0.0,0.0,0.0,main_seed2,2,d1c1eb972d85b5605cb5db7c2c6bc30520ef1b725ec02f3d139c77d64d6a78a6,1500,pre_fed,PPO-MADRL,deterministic,1fbcfc65e69bbaaaa4a2da99d05f9e0de6ca4ad3b9b9a63a6e8ebb92d0608f90
3,20,19,187.07,26.22,0.0,8.87,4.44,-0.24902676045894623,-1.6073529720306396,75.59964150494119,-46.138395283270775,75.59964150494119,-0.18947368421052882,0.9,0.9,2.0326033564146133,87.47243553568394,-87.47243553568394,601.5293222026266,126.80720528531852,775.8805032015165,-752.1085153447309,0.0,0.0,87.47243553568394,775.8805032015165,0.0,183.4,26.77,0.18,0.9,8.63,0.0,0.0,0.0,main_seed2,2,d1c1eb972d85b5605cb5db7c2c6bc30520ef1b725ec02f3d139c77d64d6a78a6,1500,pre_fed,PPO-MADRL,deterministic,1fbcfc65e69bbaaaa4a2da99d05f9e0de6ca4ad3b9b9a63a6e8ebb92d0608f90
1,21,20,557.1,32.84,0.0,8.35,4.18,-0.10515455901622772,0.06785006821155548,89.52313158745184,3.387307033772048,89.52313158745184,3.387307033772048,0.20346892082218634,0.167406119467152,2.515008772424478,433.8645701512006,-433.8645701512006,639.9888805029407,937.6562761172328,3622.7691607625247,-2600.207158691349,0.0,0.0,433.8645701512006,3622.7691607625247,0.0,557.2,26.22,0.0,0.20346892082218634,8.87,0.0,0.0,0.0,main_seed2,2,d1c1eb972d85b5605cb5db7c2c6bc30520ef1b725ec02f3d139c77d64d6a78a6,1500,pre_fed,PPO-MADRL,deterministic,1fbcfc65e69bbaaaa4a2da99d05f9e0de6ca4ad3b9b9a63a6e8ebb92d0608f90
2,21,20,169.0,32.84,0.0,8.35,4.18,-0.8056233525276184,-0.4093671441078186,46.596367136324254,-19.396759859359904,46.596367136324254,-0.18947368421052882,0.9,0.9,1.5849378690422748,91.33804441692854,-91.33804441692854,646.1686482046255,119.10680096398887,762.6726708813533,-763.9740600249838,0.0,0.0,91.33804441692854,762.6726708813533,0.0,165.75,26.22,0.0,0.9,8.87,0.0,0.0,0.0,main_seed2,2,d1c1eb972d85b5605cb5db7c2c6bc30520ef1b725ec02f3d139c77d64d6a78a6,1500,pre_fed,PPO-MADRL,deterministic,1fbcfc65e69bbaaaa4a2da99d05f9e0de6ca4ad3b9b9a63a6e8ebb92d0608f90
3,21,20,190.73,32.84,0.0,8.35,4.18,-0.2480979710817337,-1.604911208152771,75.68701041485042,-46.12022435438887,75.68701041485042,-0.18947368421052882,0.9,0.9,2.166750734612798,84.5592140039729,-84.5592140039729,602.1625041928888,126.80720528531852,706.0694369331736,-717.5195732056904,0.0,0.0,84.5592140039729,706.0694369331736,0.0,187.07,26.22,0.0,0.9,8.87,0.0,0.0,0.0,main_seed2,2,d1c1eb972d85b5605cb5db7c2c6bc30520ef1b725ec02f3d139c77d64d6a78a6,1500,pre_fed,PPO-MADRL,deterministic,1fbcfc65e69bbaaaa4a2da99d05f9e0de6ca4ad3b9b9a63a6e8ebb92d0608f90
1,22,21,535.0,36.02,0.0,16.44,8.22,-0.10485237836837769,0.0505499541759491,89.5530189096336,2.5253470704777747,89.5530189096336,2.5253470704777747,0.167406119467152,0.14048870648634637,2.5619673196022275,409.4636013394909,-409.4636013394909,640.2031880493206,980.2628198558143,6731.581606021231,-4176.023806963183,0.0,0.0,409.4636013394909,6731.581606021231,0.0,557.1,32.84,0.0,0.167406119467152,8.35,0.0,0.0,0.0,main_seed2,2,d1c1eb972d85b5605cb5db7c2c6bc30520ef1b725ec02f3d139c77d64d6a78a6,1500,pre_fed,PPO-MADRL,deterministic,1fbcfc65e69bbaaaa4a2da99d05f9e0de6ca4ad3b9b9a63a6e8ebb92d0608f90
2,22,21,161.2,36.02,0.0,16.44,8.22,-0.8119522333145142,-0.41530340909957886,46.106788050394535,-19.648322305081443,46.106788050394535,-0.18947368421052882,0.9,0.9,1.6387462873236802,80.90143192113966,-80.90143192113966,643.0429089991034,119.10680096398887,1330.019540783536,-1046.084625373314,0.0,0.0,80.90143192113966,1330.019540783536,0.0,169.0,32.84,0.0,0.9,8.35,0.0,0.0,0.0,main_seed2,2,d1c1eb972d85b5605cb5db7c2c6bc30520ef1b725ec02f3d139c77d64d6a78a6,1500,pre_fed,PPO-MADRL,deterministic,1fbcfc65e69bbaaaa4a2da99d05f9e0de6ca4ad3b9b9a63a6e8ebb92d0608f90
3,22,21,181.93,36.02,0.0,16.44,8.22,-0.2585386633872986,-1.6550405025482178,74.70718120219657,-46.47730339391185,74.70718120219657,-0.18947368421052882,0.9,0.9,2.210754150359721,73.60304663237369,-73.60304663237369,595.0697705549514,126.80720528531852,1210.0340866362235,-965.9555312382467,0.0,0.0,73.60304663237369,1210.0340866362235,0.0,190.73,32.84,0.0,0.9,8.35,0.0,0.0,0.0,main_seed2,2,d1c1eb972d85b5605cb5db7c2c6bc30520ef1b725ec02f3d139c77d64d6a78a6,1500,pre_fed,PPO-MADRL,deterministic,1fbcfc65e69bbaaaa4a2da99d05f9e0de6ca4ad3b9b9a63a6e8ebb92d0608f90
1,23,22,437.8,37.23,0.0,16.19,8.1,-0.08663391321897507,0.023552153259515762,91.35821797879031,1.1773899700808366,91.35821797879031,1.1773899700808366,0.14048870648634637,0.1278141504409438,2.595312158977423,310.6297042101063,-310.6297042101063,653.1742311759878,1005.7608372368932,5029.094911161621,-3344.0149897872507,0.0,0.0,310.6297042101063,5029.094911161621,0.0,535.0,36.02,0.0,0.14048870648634637,16.44,0.0,0.0,0.0,main_seed2,2,d1c1eb972d85b5605cb5db7c2c6bc30520ef1b725ec02f3d139c77d64d6a78a6,1500,pre_fed,PPO-MADRL,deterministic,1fbcfc65e69bbaaaa4a2da99d05f9e0de6ca4ad3b9b9a63a6e8ebb92d0608f90
2,23,22,148.0,37.23,0.0,16.19,8.1,-0.8668199181556702,-0.4645591378211975,42.034327066938594,-21.689636850299916,42.034327066938594,-0.18947368421052882,0.9,0.9,1.5814970676545614,70.5066436849265,-70.5066436849265,617.183301095186,119.10680096398887,1141.5025612589602,-938.8963316590675,0.0,0.0,70.5066436849265,1141.5025612589602,0.0,161.2,36.02,0.0,0.9,16.44,0.0,0.0,0.0,main_seed2,2,d1c1eb972d85b5605cb5db7c2c6bc30520ef1b725ec02f3d139c77d64d6a78a6,1500,pre_fed,PPO-MADRL,deterministic,1fbcfc65e69bbaaaa4a2da99d05f9e0de6ca4ad3b9b9a63a6e8ebb92d0608f90
3,23,22,161.39,37.23,0.0,16.19,8.1,-0.2522146701812744,-1.648344874382019,75.30006467384216,-46.43150748955808,75.30006467384216,-0.18947368421052882,0.9,0.9,2.2468118197926326,51.296220830160976,-51.296220830160976,599.3593232839286,126.80720528531852,830.4858152403062,-778.3261719047766,0.0,0.0,51.296220830160976,830.4858152403062,0.0,181.93,36.02,0.0,0.9,16.44,0.0,0.0,0.0,main_seed2,2,d1c1eb972d85b5605cb5db7c2c6bc30520ef1b725ec02f3d139c77d64d6a78a6,1500,pre_fed,PPO-MADRL,deterministic,1fbcfc65e69bbaaaa4a2da99d05f9e0de6ca4ad3b9b9a63a6e8ebb92d0608f90
1,24,23,447.3,44.12,0.0,8.87,4.44,-0.07042165100574493,0.007145777344703674,92.96945304260187,0.35728278604873587,92.96945304260187,0.35728278604873587,0.1278141504409438,0.12379765070796996,2.748934716573012,312.60219888792244,-312.60219888792244,664.7961569159112,1016.071845425703,2772.7815041358717,-2226.824753238743,0.0,0.0,312.60219888792244,2772.7815041358717,0.0,437.8,37.23,0.0,0.1278141504409438,16.19,0.0,0.0,0.0,main_seed2,2,d1c1eb972d85b5605cb5db7c2c6bc30520ef1b725ec02f3d139c77d64d6a78a6,1500,pre_fed,PPO-MADRL,deterministic,1fbcfc65e69bbaaaa4a2da99d05f9e0de6ca4ad3b9b9a63a6e8ebb92d0608f90
2,24,23,119.6,44.12,0.0,8.87,4.44,-0.862820565700531,-0.4614655077457428,42.320873390105696,-21.56389437008701,42.320873390105696,-0.18947368421052882,0.9,0.9,1.7250279941179034,35.073628288222736,-35.073628288222736,618.9945889220106,119.10680096398887,311.10308291653564,-524.6022364012676,0.0,0.0,35.073628288222736,311.10308291653564,0.0,148.0,37.23,0.0,0.9,16.19,0.0,0.0,0.0,main_seed2,2,d1c1eb972d85b5605cb5db7c2c6bc30520ef1b725ec02f3d139c77d64d6a78a6,1500,pre_fed,PPO-MADRL,deterministic,1fbcfc65e69bbaaaa4a2da99d05f9e0de6ca4ad3b9b9a63a6e8ebb92d0608f90
3,24,23,134.98,44.12,0.0,8.87,4.44,-0.25390881299972534,-1.647397756576538,75.14105282477489,-46.424983402430826,75.14105282477489,-0.18947368421052882,0.9,0.9,2.3814315828112873,18.289852442246925,-18.289852442246925,598.2082061982903,126.80720528531852,162.23099116273022,-443.62320132316955,0.0,0.0,18.289852442246925,162.23099116273022,0.0,161.39,37.23,0.0,0.9,16.19,0.0,0.0,0.0,main_seed2,2,d1c1eb972d85b5605cb5db7c2c6bc30520ef1b725ec02f3d139c77d64d6a78a6,1500,pre_fed,PPO-MADRL,deterministic,1fbcfc65e69bbaaaa4a2da99d05f9e0de6ca4ad3b9b9a63a6e8ebb92d0608f90
1,1,0,457.7,51.48,0.0,8.65,4.33,-0.02600112371146679,0.00028919673059135675,97.40047341307692,0.014459836126452918,97.40047341307692,0.014459836126452918,0.5,0.4988477911986689,2.9778986649840675,311.78296541578067,-311.78296541578067,696.9742109136412,527.6757960150796,2696.922650846503,-1960.786328887612,36.093293359844324,0.0,275.68967205593634,2540.9996235319754,0.0,447.3,44.12,0.0,0.5,8.87,0.0,0.0,0.0,main_seed2,2,d1c1eb972d85b5605cb5db7c2c6bc30520ef1b725ec02f3d139c77d64d6a78a6,1500,pre_fed,A2C-MADRL,deterministic,dee9ea6c19739e956fdb541594da71bddfbd81bcbd155a3cac54d4294294f669
2,1,0,110.5,51.48,0.0,8.65,4.33,-0.26886266469955444,-0.10307823121547699,103.24072838583861,-5.135735161507684,103.24072838583861,-5.135735161507684,0.5,0.547789484034323,2.991699864486619,-36.093293359844324,36.093293359844324,1032.413062013616,505.59500636229143,312.2069875626534,-925.1075279692805,0.0,36.093293359844324,0.0,-156.28396024812594,0.0,119.6,44.12,0.0,0.5,8.87,36.093293359844324,0.0,0.0,main_seed2,2,d1c1eb972d85b5605cb5db7c2c6bc30520ef1b725ec02f3d139c77d64d6a78a6,1500,pre_fed,A2C-MADRL,deterministic,dee9ea6c19739e956fdb541594da71bddfbd81bcbd155a3cac54d4294294f669
3,1,0,124.71,51.48,0.0,8.65,4.33,-0.11727117747068405,-0.31272077560424805,88.32634733602683,-15.14551305803181,88.32634733602683,-15.14551305803181,0.5,0.6428823740513022,2.4932166855599003,2.5423824075648866,-2.5423824075648866,695.2907425426982,443.5430362494894,21.99160782543627,-580.4126933088119,0.0,0.0,2.5423824075648866,21.99160782543627,0.0,134.98,44.12,0.0,0.5,8.87,0.0,0.0,0.0,main_seed2,2,d1c1eb972d85b5605cb5db7c2c6bc30520ef1b725ec02f3d139c77d64d6a78a6,1500,pre_fed,A2C-MADRL,deterministic,dee9ea6c19739e956fdb541594da71bddfbd81bcbd155a3cac54d4294294f669
1,2,1,336.5,38.37,0.0,8.11,4.06,-0.026331821456551552,-0.002538633532822132,97.36742627089276,-0.1269314039646341,97.36742627089276,-0.1269314039646341,0.4988477911986689,0.4990559439539356,2.7122098973385627,203.60171503041045,-203.60171503041045,696.7330454283103,527.9221580777769,1651.2099088966286,-1437.9325562013578,22.437189447269645,0.0,181.1645255831408,1560.3392916351866,0.0,457.7,51.48,0.0,0.4988477911986689,8.65,0.0,0.0,0.0,main_seed2,2,d1c1eb972d85b5605cb5db7c2c6bc30520ef1b725ec02f3d139c77d64d6a78a6,1500,pre_fed,A2C-MADRL,deterministic,dee9ea6c19739e956fdb541594da71bddfbd81bcbd155a3cac54d4294294f669
2,2,1,109.85,38.37,0.0,8.11,4.06,-0.27930834889411926,-0.10571196675300598,101.88292506937162,-5.265997061953652,101.88292506937162,-5.265997061953652,0.547789484034323,0.596720877154814,2.6997385601483597,-22.437189447269645,22.437189447269645,1022.5840055912838,448.67543810853863,181.9656064173568,-826.6125250585897,0.0,22.437189447269645,0.0,-91.09498915591475,0.0,110.5,51.48,0.0,0.547789484034323,8.65,22.437189447269645,0.0,0.0,main_seed2,2,d1c1eb972d85b5605cb5db7c2c6bc30520ef1b725ec02f3d139c77d64d6a78a6,1500,pre_fed,A2C-MADRL,deterministic,dee9ea6c19739e956fdb541594da71bddfbd81bcbd155a3cac54d4294294f669
3,2,1,123.98,38.37,0.0,8.11,4.06,-0.13104026019573212,-0.34782296419143677,86.97046783071431,-16.722171251858487,86.97046783071431,-16.722171251858487,0.6428823740513022,0.8004572361958553,2.172365931577117,17.53406935272129,-17.53406935272129,685.1551097060366,272.97930013205416,142.20130245056964,-550.1678561443302,0.0,0.0,17.53406935272129,142.20130245056964,0.0,124.71,51.48,0.0,0.6428823740513022,8.65,0.0,0.0,0.0,main_seed2,2,d1c1eb972d85b5605cb5db7c2c6bc30520ef1b725ec02f3d139c77d64d6a78a6,1500,pre_fed,A2C-MADRL,deterministic,dee9ea6c19739e956fdb541594da71bddfbd81bcbd155a3cac54d4294294f669
1,3,2,274.9,43.56,0.0,8.25,4.13,-0.02251114696264267,0.0018820198019966483,97.74926547876878,0.09410087899813346,97.74926547876878,0.09410087899813346,0.4990559439539356,0.4970672964976263,2.8280673271553383,136.3247009693884,-136.3247009693884,699.5206416418318,529.4101323057597,1124.6787829974544,-1176.8047784725231,25.861471975378393,0.0,110.46322899401001,1018.1295184588953,0.0,336.5,38.37,0.0,0.4990559439539356,8.11,0.0,0.0,0.0,main_seed2,2,d1c1eb972d85b5605cb5db7c2c6bc30520ef1b725ec02f3d139c77d64d6a78a6,1500,pre_fed,A2C-MADRL,deterministic,dee9ea6c19739e956fdb541594da71bddfbd81bcbd155a3cac54d4294294f669
2,3,2,112.45,43.56,0.0,8.25,4.13,-0.275160551071167,-0.09724580496549606,102.42117593320219,-4.84702085628547,102.42117593320219,-4.84702085628547,0.596720877154814,0.6415741335352164,2.8226831015383347,-25.861471975378393,25.861471975378393,1026.4770186250921,396.3074299942137,213.35714379687175,-818.0707962080887,0.0,25.861471975378393,0.0,-106.80787925831277,0.0,109.85,38.37,0.0,0.596720877154814,8.11,25.861471975378393,0.0,0.0,main_seed2,2,d1c1eb972d85b5605cb5db7c2c6bc30520ef1b725ec02f3d139c77d64d6a78a6,1500,pre_fed,A2C-MADRL,deterministic,dee9ea6c19739e956fdb541594da71bddfbd81bcbd155a3cac54d4294294f669
3,3,2,126.91,43.56,0.0,8.25,4.13,-0.13327248394489288,-0.34795308113098145,86.75109924057132,-16.727949152739573,86.75109924057132,-10.646702976477524,0.8004572361958553,0.9,2.3932879252818755,9.638891661188097,-9.638891661188097,683.5185421724701,155.12811630234683,79.5208562048018,-459.0837573398094,0.0,0.0,9.638891661188097,79.5208562048018,0.0,123.98,38.37,0.0,0.8004572361958553,8.11,0.0,0.0,0.0,main_seed2,2,d1c1eb972d85b5605cb5db7c2c6bc30520ef1b725ec02f3d139c77d64d6a78a6,1500,pre_fed,A2C-MADRL,deterministic,dee9ea6c19739e956fdb541594da71bddfbd81bcbd155a3cac54d4294294f669
1,4,3,272.6,40.75,0.0,8.1,4.05,-0.020105844363570213,-0.0009682049858383834,97.98968644272925,-0.04841023416499844,97.98968644272925,-0.04841023416499844,0.4970672964976263,0.49653305912919854,2.7738255241712846,136.68254931560708,-136.68254931560708,701.2770335104809,530.632210615496,1107.1286494564172,-1169.5189467911969,23.30595620369914,0.0,113.37659311190794,1012.7395268314358,0.0,274.9,43.56,0.0,0.4970672964976263,8.25,0.0,0.0,0.0,main_seed2,2,d1c1eb972d85b5605cb5db7c2c6bc30520ef1b725ec02f3d139c77d64d6a78a6,1500,pre_fed,A2C-MADRL,deterministic,dee9ea6c19739e956fdb541594da71bddfbd81bcbd155a3cac54d4294294f669
2,4,3,110.5,40.75,0.0,8.1,4.05,-0.28750526905059814,-0.10106515884399414,100.82281301115353,-5.036123007378918,100.82281301115353,-5.036123007378918,0.6415741335352164,0.6881341538382457,2.7307338000754924,-23.30595620369914,23.30595620369914,1014.9293990418155,345.5271763344558,188.77824524996302,-774.6174103131171,0.0,23.30595620369914,0.0,-94.38912262498151,0.0,112.45,43.56,0.0,0.6415741335352164,8.25,23.30595620369914,0.0,0.0,main_seed2,2,d1c1eb972d85b5605cb5db7c2c6bc30520ef1b725ec02f3d139c77d64d6a78a6,1500,pre_fed,A2C-MADRL,deterministic,dee9ea6c19739e956fdb541594da71bddfbd81bcbd155a3cac54d4294294f669
3,4,3,124.71,40.75,0.0,8.1,4.05,-0.14287306368350983,-0.3726321756839752,85.80912059867421,-17.8145950660948,85.80912059867421,-0.18947368421052882,0.9,0.9,2.5273929382892737,0.8677460238255748,-0.8677460238255748,676.5014398685164,126.80720528531852,7.028742792987155,-405.16869397341105,0.0,0.0,0.8677460238255748,7.028742792987155,0.0,126.91,43.56,0.0,0.9,8.25,0.0,0.0,0.0,main_seed2,2,d1c1eb972d85b5605cb5db7c2c6bc30520ef1b725ec02f3d139c77d64d6a78a6,1500,pre_fed,A2C-MADRL,deterministic,dee9ea6c19739e956fdb541594da71bddfbd81bcbd155a3cac54d4294294f669
1,5,4,245.3,27.74,0.0,8.14,4.07,-0.020097048953175545,0.00020835932809859514,97.99056562846991,0.01041796625416925,97.99056562846991,0.01041796625416925,0.49653305912919854,0.49543033020826466,2.5148196718944815,122.07383607717043,-122.07383607717043,701.2834581075663,531.7229522428686,993.6810256681673,-1113.343718009301,6.846573932826217,0.0,115.22726214434421,965.8154697615646,0.0,272.6,40.75,0.0,0.49653305912919854,8.1,0.0,0.0,0.0,main_seed2,2,d1c1eb972d85b5605cb5db7c2c6bc30520ef1b725ec02f3d139c77d64d6a78a6,1500,pre_fed,A2C-MADRL,deterministic,dee9ea6c19739e956fdb541594da71bddfbd81bcbd155a3cac54d4294294f669
2,5,4,113.75,27.74,0.0,8.14,4.07,-0.29187896847724915,-0.0991518497467041,100.25913844589113,-4.941409943007236,100.25913844589113,-4.941409943007236,0.6881341538382457,0.733701279989138,2.461154570057678,-6.846573932826217,6.846573932826217,1010.8663071711956,296.50140807955205,55.731111813205416,-681.5494135319765,0.0,6.846573932826217,0.0,-27.865555906602708,0.0,110.5,40.75,0.0,0.6881341538382457,8.1,6.846573932826217,0.0,0.0,main_seed2,2,d1c1eb972d85b5605cb5db7c2c6bc30520ef1b725ec02f3d139c77d64d6a78a6,1500,pre_fed,A2C-MADRL,deterministic,dee9ea6c19739e956fdb541594da71bddfbd81bcbd155a3cac54d4294294f669
3,5,4,128.38,27.74,0.0,8.14,4.07,-0.14101995527744293,-0.36713138222694397,85.99074718483647,-17.574000896202573,85.99074718483647,-0.18947368421052882,0.9,0.9,2.2708254700125186,17.109551969386587,-17.109551969386587,677.8531228572612,126.80720528531852,139.27175303080682,-471.9660405866933,0.0,0.0,17.109551969386587,139.27175303080682,0.0,124.71,40.75,0.0,0.9,8.1,0.0,0.0,0.0,main_seed2,2,d1c1eb972d85b5605cb5db7c2c6bc30520ef1b725ec02f3d139c77d64d6a78a6,1500,pre_fed,A2C-MADRL,deterministic,dee9ea6c19739e956fdb541594da71bddfbd81bcbd155a3cac54d4294294f669
1,6,5,233.7,30.15,0.0,8.13,4.07,-0.019082829356193542,0.005283570382744074,98.0919486671724,0.2641760608852596,98.0919486671724,0.2641760608852596,0.49543033020826466,0.49165866890695065,2.5701224945611534,107.76399776650346,-107.76399776650346,702.0243925621439,535.0166212551239,876.1213018416732,-1056.5811578294706,3.2227599898567263,0.0,104.54123777664674,863.036896282855,0.0,245.3,27.74,0.0,0.49543033020826466,8.14,0.0,0.0,0.0,main_seed2,2,d1c1eb972d85b5605cb5db7c2c6bc30520ef1b725ec02f3d139c77d64d6a78a6,1500,pre_fed,A2C-MADRL,deterministic,dee9ea6c19739e956fdb541594da71bddfbd81bcbd155a3cac54d4294294f669
2,6,5,120.25,30.15,0.0,8.13,4.07,-0.29029446840286255,-0.09267587959766388,100.4631853611128,-4.6205731265651355,100.4631853611128,-4.6205731265651355,0.733701279989138,0.7761293221315286,2.5198522446909535,-3.2227599898567263,3.2227599898567263,1012.3365651091707,251.56785027835366,26.201038717535187,-645.0527270525297,0.0,3.2227599898567263,0.0,-13.116633158716876,0.0,113.75,27.74,0.0,0.733701279989138,8.14,3.2227599898567263,0.0,0.0,main_seed2,2,d1c1eb972d85b5605cb5db7c2c6bc30520ef1b725ec02f3d139c77d64d6a78a6,1500,pre_fed,A2C-MADRL,deterministic,dee9ea6c19739e956fdb541594da71bddfbd81bcbd155a3cac54d4294294f669
3,6,5,135.43,30.15,0.0,8.13,4.07,-0.13358858227729797,-0.34446051716804504,86.72004556693871,-16.572686250182766,86.72004556693871,-0.18947368421052882,0.9,0.9,2.3336114376545636,21.0830395549264,-21.0830395549264,683.2869446236672,126.80720528531852,171.40511158155167,-490.7496307452687,0.0,0.0,21.0830395549264,171.40511158155167,0.0,128.38,27.74,0.0,0.9,8.14,0.0,0.0,0.0,main_seed2,2,d1c1eb972d85b5605cb5db7c2c6bc30520ef1b725ec02f3d139c77d64d6a78a6,1500,pre_fed,A2C-MADRL,deterministic,dee9ea6c19739e956fdb541594da71bddfbd81bcbd155a3cac54d4294294f669
1,7,6,274.6,28.65,0.16,8.34,4.17,-0.018553104251623154,0.0040282076224684715,98.14490242241317,0.2014092917382216,98.14490242241317,0.2014092917382216,0.49165866890695065,0.488555253761366,2.5431262342830276,149.98681452013165,-149.98681452013165,702.4114590153938,538.9759752813811,1250.890033097898,-1246.1387336973364,0.0,0.0,149.98681452013165,1250.890033097898,0.0,233.7,30.15,0.0,0.49165866890695065,8.13,0.0,0.0,0.0,main_seed2,2,d1c1eb972d85b5605cb5db7c2c6bc30520ef1b725ec02f3d139c77d64d6a78a6,1500,pre_fed,A2C-MADRL,deterministic,dee9ea6c19739e956fdb541594da71bddfbd81bcbd155a3cac54d4294294f669
2,7,6,130.0,28.65,0.16,8.34,4.17,-0.2999007999897003,-0.09489864110946655,99.22894404747129,-4.730739285990662,99.22894404747129,-4.730739285990662,0.7761293221315286,0.819519086704177,2.4661640952296127,9.157959333748991,-9.157959333748991,1003.4529155491359,208.2799512344924,76.37738084346658,-644.0551238135474,0.0,0.0,9.157959333748991,76.37738084346658,0.0,120.25,30.15,0.0,0.7761293221315286,8.13,0.0,0.0,0.0,main_seed2,2,d1c1eb972d85b5605cb5db7c2c6bc30520ef1b725ec02f3d139c77d64d6a78a6,1500,pre_fed,A2C-MADRL,deterministic,dee9ea6c19739e956fdb541594da71bddfbd81bcbd155a3cac54d4294294f669
3,7,6,146.72,28.65,0.16,8.34,4.17,-0.13535286486148834,-0.349968284368515,86.54676952535945,-16.817370849056474,86.54676952535945,-0.18947368421052882,0.9,0.9,2.3033459168229786,33.85605007567405,-33.85605007567405,681.9949924374574,126.80720528531852,282.35945763112153,-545.5808276769487,0.0,0.0,33.85605007567405,282.35945763112153,0.0,135.43,30.15,0.0,0.9,8.13,0.0,0.0,0.0,main_seed2,2,d1c1eb972d85b5605cb5db7c2c6bc30520ef1b725ec02f3d139c77d64d6a78a6,1500,pre_fed,A2C-MADRL,deterministic,dee9ea6c19739e956fdb541594da71bddfbd81bcbd155a3cac54d4294294f669
1,8,7,291.0,23.38,1.77,9.35,4.68,-0.019873229786753654,0.004773654509335756,98.01293860793136,0.23868091246704318,98.01293860793136,0.23868091246704318,0.488555253761366,0.48506571259629544,2.468032390407968,170.06641287000957,-170.06641287000957,701.4469515273205,542.9415034523568,1590.1209603345894,-1417.2547076571332,0.0,0.0,170.06641287000957,1590.1209603345894,0.0,274.6,28.65,0.16,0.488555253761366,8.34,0.0,0.0,0.0,main_seed2,2,d1c1eb972d85b5605cb5db7c2c6bc30520ef1b725ec02f3d139c77d64d6a78a6,1500,pre_fed,A2C-MADRL,deterministic,dee9ea6c19739e956fdb541594da71bddfbd81bcbd155a3cac54d4294294f669
2,8,7,157.95,23.38,1.77,9.35,4.68,-0.30834707617759705,-0.09601651132106781,98.14943256613104,-4.7861265590098325,98.14943256613104,-4.7861265590098325,0.819519086704177,0.863348250841362,2.370266120142424,41.806960113021205,-41.806960113021205,995.7019414348309,165.78875891179055,390.8950770567483,-776.1928887016849,0.0,0.0,41.806960113021205,390.8950770567483,0.0,130.0,28.65,0.16,0.819519086704177,8.34,0.0,0.0,0.0,main_seed2,2,d1c1eb972d85b5605cb5db7c2c6bc30520ef1b725ec02f3d139c77d64d6a78a6,1500,pre_fed,A2C-MADRL,deterministic,dee9ea6c19739e956fdb541594da71bddfbd81bcbd155a3cac54d4294294f669
3,8,7,178.26,23.38,1.77,9.35,4.68,-0.1352209597826004,-0.3494534492492676,86.55972152878851,-16.794537295341136,86.55972152878851,-0.18947368421052882,0.9,0.9,2.23040495689156,68.97015711231357,-68.97015711231357,682.0915432981047,126.80720528531852,644.8709690001318,-726.8848587917776,0.0,0.0,68.97015711231357,644.8709690001318,0.0,146.72,28.65,0.16,0.9,8.34,0.0,0.0,0.0,main_seed2,2,d1c1eb972d85b5605cb5db7c2c6bc30520ef1b725ec02f3d139c77d64d6a78a6,1500,pre_fed,A2C-MADRL,deterministic,dee9ea6c19739e956fdb541594da71bddfbd81bcbd155a3cac54d4294294f669
1,9,8,315.7,21.75,5.3,12.0,6.0,-0.01933763362467289,0.006162495352327824,98.06647764126744,0.3081208671910739,98.06647764126744,0.3081208671910739,0.48506571259629544,0.48085220362172315,2.5084919701691706,192.78389346171065,-192.78389346171065,701.838227807468,547.6275010999402,2313.4067215405275,-1781.436225223968,0.0,0.0,192.78389346171065,2313.4067215405275,0.0,291.0,23.38,1.77,0.48506571259629544,9.35,0.0,0.0,0.0,main_seed2,2,d1c1eb972d85b5605cb5db7c2c6bc30520ef1b725ec02f3d139c77d64d6a78a6,1500,pre_fed,A2C-MADRL,deterministic,dee9ea6c19739e956fdb541594da71bddfbd81bcbd155a3cac54d4294294f669
2,9,8,165.1,21.75,5.3,12.0,6.0,-0.32198676466941833,-0.10015849024057388,96.41768383246196,-4.991245399479776,96.41768383246196,-4.039836385296924,0.863348250841362,0.9,2.3885569489433007,48.06070950177826,-48.06070950177826,983.30485431107,129.23777481897238,576.7285140213392,-844.6355715756907,0.0,0.0,48.06070950177826,576.7285140213392,0.0,157.95,23.38,1.77,0.863348250841362,9.35,0.0,0.0,0.0,main_seed2,2,d1c1eb972d85b5605cb5db7c2c6bc30520ef1b725ec02f3d139c77d64d6a78a6,1500,pre_fed,A2C-MADRL,deterministic,dee9ea6c19739e956fdb541594da71bddfbd81bcbd155a3cac54d4294294f669
3,9,8,186.33,21.75,5.3,12.0,6.0,-0.13472263514995575,-0.3469376862049103,86.60865708649574,-16.682846743360034,86.60865708649574,-0.18947368421052882,0.9,0.9,2.2693836680457045,75.13020026576051,-75.13020026576051,682.4563627546391,126.80720528531852,901.5624031891261,-855.4129856145419,0.0,0.0,75.13020026576051,901.5624031891261,0.0,178.26,23.38,1.77,0.9,9.35,0.0,0.0,0.0,main_seed2,2,d1c1eb972d85b5605cb5db7c2c6bc30520ef1b725ec02f3d139c77d64d6a78a6,1500,pre_fed,A2C-MADRL,deterministic,dee9ea6c19739e956fdb541594da71bddfbd81bcbd155a3cac54d4294294f669
1,10,9,362.4,34.82,11.6,9.19,4.6,-0.017572026699781418,0.004922024440020323,98.24297816842866,0.2460992346442461,98.24297816842866,0.2460992346442461,0.48085220362172315,0.47729998095506654,2.898181548061458,220.38910414498852,-220.38910414498852,703.128465474571,552.1429062713722,2025.3758670924444,-1640.3236194191938,0.0,0.0,220.38910414498852,2025.3758670924444,0.0,315.7,21.75,5.3,0.48085220362172315,12.0,0.0,0.0,0.0,main_seed2,2,d1c1eb972d85b5605cb5db7c2c6bc30520ef1b725ec02f3d139c77d64d6a78a6,1500,pre_fed,A2C-MADRL,deterministic,dee9ea6c19739e956fdb541594da71bddfbd81bcbd155a3cac54d4294294f669
2,10,9,169.0,34.82,11.6,9.19,4.6,-0.3423624038696289,-0.11005590856075287,93.85812565047739,-5.48068536815318,93.85812565047739,-0.18947368421052882,0.9,0.9,2.8017730393253375,31.71312107305846,-31.71312107305846,965.0651965994297,119.10680096398887,291.4435826614072,-687.8077901124128,0.0,0.0,31.71312107305846,291.4435826614072,0.0,165.1,21.75,5.3,0.9,12.0,0.0,0.0,0.0,main_seed2,2,d1c1eb972d85b5605cb5db7c2c6bc30520ef1b725ec02f3d139c77d64d6a78a6,1500,pre_fed,A2C-MADRL,deterministic,dee9ea6c19739e956fdb541594da71bddfbd81bcbd155a3cac54d4294294f669
3,10,9,190.73,34.82,11.6,9.19,4.6,-0.13730651140213013,-0.350973904132843,86.35499141340257,-16.86194847709003,86.35499141340257,-0.18947368421052882,0.9,0.9,2.651710354583841,60.7961926253918,-60.7961926253918,680.5657532609528,126.80720528531852,558.7170102273506,-683.0449843868109,0.0,0.0,60.7961926253918,558.7170102273506,0.0,186.33,21.75,5.3,0.9,12.0,0.0,0.0,0.0,main_seed2,2,d1c1eb972d85b5605cb5db7c2c6bc30520ef1b725ec02f3d139c77d64d6a78a6,1500,pre_fed,A2C-MADRL,deterministic,dee9ea6c19739e956fdb541594da71bddfbd81bcbd155a3cac54d4294294f669
1,11,10,320.0,27.17,36.64,12.3,6.15,-0.01814386434853077,-0.0003729296149685979,98.1858126374918,-0.018646479884000863,98.1858126374918,-0.018646479884000863,0.47729998095506654,0.47652252255205446,3.2395433231521555,161.2623771655444,-161.2623771655444,702.7105240930587,554.2700535781864,1983.5272391361962,-1620.2539084037207,0.0,0.0,161.2623771655444,1983.5272391361962,0.0,362.4,34.82,11.6,0.47729998095506654,9.19,0.0,0.0,0.0,main_seed2,2,d1c1eb972d85b5605cb5db7c2c6bc30520ef1b725ec02f3d139c77d64d6a78a6,1500,pre_fed,A2C-MADRL,deterministic,dee9ea6c19739e956fdb541594da71bddfbd81bcbd155a3cac54d4294294f669
2,11,10,173.55,27.17,36.64,12.3,6.15,-0.34349432587623596,-0.11305463314056396,93.7169231938394,-5.628770968825571,93.7169231938394,-0.18947368421052882,0.9,0.9,3.146748990192578,19.359299480563692,-19.359299480563692,964.0618726071997,119.10680096398887,238.11938361093343,-660.644028591061,0.0,0.0,19.359299480563692,238.11938361093343,0.0,169.0,34.82,11.6,0.9,9.19,0.0,0.0,0.0,main_seed2,2,d1c1eb972d85b5605cb5db7c2c6bc30520ef1b725ec02f3d139c77d64d6a78a6,1500,pre_fed,A2C-MADRL,deterministic,dee9ea6c19739e956fdb541594da71bddfbd81bcbd155a3cac54d4294294f669
3,11,10,195.87,27.17,36.64,12.3,6.15,-0.1426733434200287,-0.3706330955028534,85.8286909806471,-17.727267527422168,85.8286909806471,-0.18947368421052882,0.9,0.9,2.9889843459287313,49.40976704949219,-49.40976704949219,676.647054454348,126.80720528531852,607.740134708754,-705.5971972242103,0.0,0.0,49.40976704949219,607.740134708754,0.0,190.73,34.82,11.6,0.9,9.19,0.0,0.0,0.0,main_seed2,2,d1c1eb972d85b5605cb5db7c2c6bc30520ef1b725ec02f3d139c77d64d6a78a6,1500,pre_fed,A2C-MADRL,deterministic,dee9ea6c19739e956fdb541594da71bddfbd81bcbd155a3cac54d4294294f669
1,12,11,350.0,30.2,42.68,20.7,10.35,-0.005735911428928375,-0.004650598391890526,99.42641514753724,-0.23252824321825932,99.42641514753724,-0.23252824321825932,0.47652252255205446,0.4777784958175238,3.44147773808638,181.3675908337674,-181.3675908337674,711.7925520795454,553.4980640539907,3754.309130258985,-2509.7998731962607,0.0,0.0,181.3675908337674,3754.309130258985,0.0,320.0,27.17,36.64,0.47652252255205446,12.3,0.0,0.0,0.0,main_seed2,2,d1c1eb972d85b5605cb5db7c2c6bc30520ef1b725ec02f3d139c77d64d6a78a6,1500,pre_fed,A2C-MADRL,deterministic,dee9ea6c19739e956fdb541594da71bddfbd81bcbd155a3cac54d4294294f669
2,12,11,168.35,30.2,42.68,20.7,10.35,-0.36814677715301514,-0.13253942131996155,90.66824830330499,-6.588437141984158,90.66824830330499,-0.18947368421052882,0.9,0.9,3.2671754923818894,8.2584008732874,-8.2584008732874,942.4732078657346,119.10680096398887,170.94889807704917,-616.2644534533863,0.0,0.0,8.2584008732874,170.94889807704917,0.0,173.55,27.17,36.64,0.9,12.3,0.0,0.0,0.0,main_seed2,2,d1c1eb972d85b5605cb5db7c2c6bc30520ef1b725ec02f3d139c77d64d6a78a6,1500,pre_fed,A2C-MADRL,deterministic,dee9ea6c19739e956fdb541594da71bddfbd81bcbd155a3cac54d4294294f669
3,12,11,190.0,30.2,42.68,20.7,10.35,-0.14298345148563385,-0.36546018719673157,85.79830428806727,-17.50072099045223,85.79830428806727,-0.18947368421052882,0.9,0.9,3.169776612077135,34.68094600822039,-34.68094600822039,676.4209635913948,126.80720528531852,717.8955823701621,-760.5618756234377,0.0,0.0,34.68094600822039,717.8955823701621,0.0,195.87,27.17,36.64,0.9,12.3,0.0,0.0,0.0,main_seed2,2,d1c1eb972d85b5605cb5db7c2c6bc30520ef1b725ec02f3d139c77d64d6a78a6,1500,pre_fed,A2C-MADRL,deterministic,dee9ea6c19739e956fdb541594da71bddfbd81bcbd155a3cac54d4294294f669
1,13,12,345.2,23.52,35.22,26.82,13.41,-0.000856912462040782,-0.010278088040649891,99.91430877477025,-0.5138863066653535,99.91430877477025,-0.5138863066653535,0.4777784958175238,0.4817048587392096,3.1628084493620983,190.2223859812572,-190.2223859812572,715.3710858850009,549.7736382930728,5101.764392017318,-3183.4545580976956,0.0,0.0,190.2223859812572,5101.764392017318,0.0,350.0,30.2,42.68,0.4777784958175238,20.7,0.0,0.0,0.0,main_seed2,2,d1c1eb972d85b5605cb5db7c2c6bc30520ef1b725ec02f3d139c77d64d6a78a6,1500,pre_fed,A2C-MADRL,deterministic,dee9ea6c19739e956fdb541594da71bddfbd81bcbd155a3cac54d4294294f669
2,13,12,168.35,23.52,35.22,26.82,13.41,-0.40489640831947327,-0.15753936767578125,86.22170115264362,-7.812443628479944,86.22170115264362,-0.18947368421052882,0.9,0.9,2.895444549368662,26.47321708093554,-26.47321708093554,911.2390438443997,119.10680096398887,710.0116821106913,-870.1787634595399,0.0,0.0,26.47321708093554,710.0116821106913,0.0,168.35,30.2,42.68,0.9,20.7,0.0,0.0,0.0,main_seed2,2,d1c1eb972d85b5605cb5db7c2c6bc30520ef1b725ec02f3d139c77d64d6a78a6,1500,pre_fed,A2C-MADRL,deterministic,dee9ea6c19739e956fdb541594da71bddfbd81bcbd155a3cac54d4294294f669
3,13,12,190.0,23.52,35.22,26.82,13.41,-0.1522209197282791,-0.3830684721469879,84.89439986532956,-18.268464539140243,84.89439986532956,-0.18947368421052882,0.9,0.9,2.8688985236223807,49.42397234250336,-49.42397234250336,669.7035249382621,126.80720528531852,1325.5509382259402,-1061.0308342247604,0.0,0.0,49.42397234250336,1325.5509382259402,0.0,190.0,30.2,42.68,0.9,20.7,0.0,0.0,0.0,main_seed2,2,d1c1eb972d85b5605cb5db7c2c6bc30520ef1b725ec02f3d139c77d64d6a78a6,1500,pre_fed,A2C-MADRL,deterministic,dee9ea6c19739e956fdb541594da71bddfbd81bcbd155a3cac54d4294294f669
1,14,13,320.6,39.48,35.46,27.35,13.68,-0.0007023574435152113,-0.008384433574974537,99.92976426719771,-0.41921185544159184,99.92976426719771,-0.41921185544159184,0.4817048587392096,0.4847239616484263,3.4890110482351226,149.63845863647902,-149.63845863647902,715.4845096790023,545.8620501632073,4092.611843707701,-2676.979201774955,0.0,0.0,149.63845863647902,4092.611843707701,0.0,345.2,23.52,35.22,0.4817048587392096,26.82,0.0,0.0,0.0,main_seed2,2,d1c1eb972d85b5605cb5db7c2c6bc30520ef1b725ec02f3d139c77d64d6a78a6,1500,pre_fed,A2C-MADRL,deterministic,dee9ea6c19739e956fdb541594da71bddfbd81bcbd155a3cac54d4294294f669
2,14,13,165.75,39.48,35.46,27.35,13.68,-0.4180183410644531,-0.16458584368228912,84.66364495312942,-8.155782197982317,84.66364495312942,-0.18947368421052882,0.9,0.9,3.188283425378378,9.524112156459495,-9.524112156459495,900.3657924370717,119.10680096398887,260.4844674791672,-639.9785304401139,0.0,0.0,9.524112156459495,260.4844674791672,0.0,168.35,23.52,35.22,0.9,26.82,0.0,0.0,0.0,main_seed2,2,d1c1eb972d85b5605cb5db7c2c6bc30520ef1b725ec02f3d139c77d64d6a78a6,1500,pre_fed,A2C-MADRL,deterministic,dee9ea6c19739e956fdb541594da71bddfbd81bcbd155a3cac54d4294294f669
3,14,13,187.07,39.48,35.46,27.35,13.68,-0.15300247073173523,-0.3792141377925873,84.8180371322401,-18.101239818403318,84.8180371322401,-0.18947368421052882,0.9,0.9,3.1913712689605918,30.692807820930994,-30.692807820930994,669.1367402564924,126.80720528531852,839.4482939024628,-817.6961197221369,0.0,0.0,30.692807820930994,839.4482939024628,0.0,190.0,23.52,35.22,0.9,26.82,0.0,0.0,0.0,main_seed2,2,d1c1eb972d85b5605cb5db7c2c6bc30520ef1b725ec02f3d139c77d64d6a78a6,1500,pre_fed,A2C-MADRL,deterministic,dee9ea6c19739e956fdb541594da71bddfbd81bcbd155a3cac54d4294294f669
1,15,14,333.2,35.74,34.83,13.81,6.91,0.0003232966409996152,-0.014741331338882446,100.0323296629736,-0.7370131817132949,100.0323296629736,-0.7370131817132949,0.4847239616484263,0.49075613895140574,3.3973063296252057,166.7319898483649,-166.7319898483649,716.2373081924037,539.7781326788156,2302.5687798059193,-1779.2921103385693,0.0,0.0,166.7319898483649,2302.5687798059193,0.0,320.6,39.48,35.46,0.4847239616484263,27.35,0.0,0.0,0.0,main_seed2,2,d1c1eb972d85b5605cb5db7c2c6bc30520ef1b725ec02f3d139c77d64d6a78a6,1500,pre_fed,A2C-MADRL,deterministic,dee9ea6c19739e956fdb541594da71bddfbd81bcbd155a3cac54d4294294f669
2,15,14,170.3,35.74,34.83,13.81,6.91,-0.42828044295310974,-0.1724831759929657,83.45634516449634,-8.539640252909054,83.45634516449634,-0.18947368421052882,0.9,0.9,3.076737429605716,19.539865949319932,-19.539865949319932,891.9657483007774,119.10680096398887,269.8455487601083,-640.4590490124373,0.0,0.0,19.539865949319932,269.8455487601083,0.0,165.75,39.48,35.46,0.9,27.35,0.0,0.0,0.0,main_seed2,2,d1c1eb972d85b5605cb5db7c2c6bc30520ef1b725ec02f3d139c77d64d6a78a6,1500,pre_fed,A2C-MADRL,deterministic,dee9ea6c19739e956fdb541594da71bddfbd81bcbd155a3cac54d4294294f669
3,15,14,192.2,35.74,34.83,13.81,6.91,-0.16163499653339386,-0.4055591821670532,83.97580657049727,-19.2347769746473,83.97580657049727,-0.18947368421052882,0.9,0.9,3.0871266577257352,40.93079377143897,-40.93079377143897,662.892829021662,126.80720528531852,565.2542619835722,-677.4771481452764,0.0,0.0,40.93079377143897,565.2542619835722,0.0,187.07,39.48,35.46,0.9,27.35,0.0,0.0,0.0,main_seed2,2,d1c1eb972d85b5605cb5db7c2c6bc30520ef1b725ec02f3d139c77d64d6a78a6,1500,pre_fed,A2C-MADRL,deterministic,dee9ea6c19739e956fdb541594da71bddfbd81bcbd155a3cac54d4294294f669
1,16,15,316.8,18.06,23.62,17.31,8.66,-0.006557426415383816,-0.007620169781148434,99.3442667572431,-0.38100111455698465,99.3442667572431,-0.38100111455698465,0.49075613895140574,0.49339413726179426,2.8128653128537224,178.9695996701676,-178.9695996701676,711.1904008854582,535.4566751289669,3097.963770290601,-2172.305423152513,0.0,0.0,178.9695996701676,3097.963770290601,0.0,333.2,35.74,34.83,0.49075613895140574,13.81,0.0,0.0,0.0,main_seed2,2,d1c1eb972d85b5605cb5db7c2c6bc30520ef1b725ec02f3d139c77d64d6a78a6,1500,pre_fed,A2C-MADRL,deterministic,dee9ea6c19739e956fdb541594da71bddfbd81bcbd155a3cac54d4294294f669
2,16,15,172.25,18.06,23.62,17.31,8.66,-0.37849295139312744,-0.13945351541042328,89.4042846874725,-6.927824764091453,89.4042846874725,-0.18947368421052882,0.9,0.9,2.6178962200652394,43.97308521680327,-43.97308521680327,933.5640955404813,119.10680096398887,761.1741051028646,-906.9225008036674,0.0,0.0,43.97308521680327,761.1741051028646,0.0,170.3,35.74,34.83,0.9,13.81,0.0,0.0,0.0,main_seed2,2,d1c1eb972d85b5605cb5db7c2c6bc30520ef1b725ec02f3d139c77d64d6a78a6,1500,pre_fed,A2C-MADRL,deterministic,dee9ea6c19739e956fdb541594da71bddfbd81bcbd155a3cac54d4294294f669
3,16,15,194.4,18.06,23.62,17.31,8.66,-0.14914658665657043,-0.38248705863952637,85.19495681593996,-18.243269295994345,85.19495681593996,-0.18947368421052882,0.9,0.9,2.533709662634589,70.24822653090516,-70.24822653090516,671.9354154358749,126.80720528531852,1215.9968012499683,-1007.3697109855809,0.0,0.0,70.24822653090516,1215.9968012499683,0.0,192.2,35.74,34.83,0.9,13.81,0.0,0.0,0.0,main_seed2,2,d1c1eb972d85b5605cb5db7c2c6bc30520ef1b725ec02f3d139c77d64d6a78a6,1500,pre_fed,A2C-MADRL,deterministic,dee9ea6c19739e956fdb541594da71bddfbd81bcbd155a3cac54d4294294f669
1,17,16,291.3,24.27,14.18,16.42,8.21,-0.00852116383612156,0.0004640960833057761,99.14790423991194,0.023204802499298686,99.14790423991194,0.023204802499298686,0.49339413726179426,0.4921630879083307,2.7524221808482245,156.431313138437,-156.431313138437,709.7514982651469,535.5235838225685,2568.6021617331357,-1906.9386219104256,0.0,0.0,156.431313138437,2568.6021617331357,0.0,316.8,18.06,23.62,0.49339413726179426,17.31,0.0,0.0,0.0,main_seed2,2,d1c1eb972d85b5605cb5db7c2c6bc30520ef1b725ec02f3d139c77d64d6a78a6,1500,pre_fed,A2C-MADRL,deterministic,dee9ea6c19739e956fdb541594da71bddfbd81bcbd155a3cac54d4294294f669
2,17,16,165.75,24.27,14.18,16.42,8.21,-0.3754335641860962,-0.1339426338672638,89.77706843192419,-6.657366779964597,89.77706843192419,-0.18947368421052882,0.9,0.9,2.560751894954273,40.273157147240624,-40.273157147240624,936.1891560166804,119.10680096398887,661.2852403576911,-858.2905986691801,0.0,0.0,40.273157147240624,661.2852403576911,0.0,172.25,18.06,23.62,0.9,17.31,0.0,0.0,0.0,main_seed2,2,d1c1eb972d85b5605cb5db7c2c6bc30520ef1b725ec02f3d139c77d64d6a78a6,1500,pre_fed,A2C-MADRL,deterministic,dee9ea6c19739e956fdb541594da71bddfbd81bcbd155a3cac54d4294294f669
3,17,16,187.07,24.27,14.18,16.42,8.21,-0.14195699989795685,-0.35686904191970825,85.8988938434708,-17.12266129375135,85.8988938434708,-0.18947368421052882,0.9,0.9,2.4831884031852054,65.39376824392494,-65.39376824392494,677.169462884118,126.80720528531852,1073.7656745652475,-938.8711713673421,0.0,0.0,65.39376824392494,1073.7656745652475,0.0,194.4,18.06,23.62,0.9,17.31,0.0,0.0,0.0,main_seed2,2,d1c1eb972d85b5605cb5db7c2c6bc30520ef1b725ec02f3d139c77d64d6a78a6,1500,pre_fed,A2C-MADRL,deterministic,dee9ea6c19739e956fdb541594da71bddfbd81bcbd155a3cac54d4294294f669
1,18,17,413.8,26.26,4.67,9.83,4.92,-0.01147769857198,0.00017667270731180906,98.85228054161476,0.008833635273681644,98.85228054161476,0.008833635273681644,0.4921630879083307,0.4910857760980542,2.595822283537769,286.60470810664935,-286.60470810664935,707.5864089810891,536.8635042885195,2817.324280688363,-2030.887096978986,0.0,0.0,286.60470810664935,2817.324280688363,0.0,291.3,24.27,14.18,0.4921630879083307,16.42,0.0,0.0,0.0,main_seed2,2,d1c1eb972d85b5605cb5db7c2c6bc30520ef1b725ec02f3d139c77d64d6a78a6,1500,pre_fed,A2C-MADRL,deterministic,dee9ea6c19739e956fdb541594da71bddfbd81bcbd155a3cac54d4294294f669
2,18,17,164.25,26.26,4.67,9.83,4.92,-0.3694327175617218,-0.12892960011959076,90.51064166665893,-6.410996317472704,90.51064166665893,-0.18947368421052882,0.9,0.9,2.4250233596489683,45.42385537720057,-45.42385537720057,941.3609842039413,119.10680096398887,446.5164983578816,-753.4921417629058,0.0,0.0,45.42385537720057,446.5164983578816,0.0,165.75,24.27,14.18,0.9,16.42,0.0,0.0,0.0,main_seed2,2,d1c1eb972d85b5605cb5db7c2c6bc30520ef1b725ec02f3d139c77d64d6a78a6,1500,pre_fed,A2C-MADRL,deterministic,dee9ea6c19739e956fdb541594da71bddfbd81bcbd155a3cac54d4294294f669
3,18,17,185.6,26.26,4.67,9.83,4.92,-0.14395171403884888,-0.36472856998443604,85.70344397754177,-17.46861343824939,85.70344397754177,-0.18947368421052882,0.9,0.9,2.328879405866625,71.48490911253538,-71.48490911253538,675.7152724508283,126.80720528531852,702.6966565762227,-752.6095671561848,0.0,0.0,71.48490911253538,702.6966565762227,0.0,187.07,24.27,14.18,0.9,16.42,0.0,0.0,0.0,main_seed2,2,d1c1eb972d85b5605cb5db7c2c6bc30520ef1b725ec02f3d139c77d64d6a78a6,1500,pre_fed,A2C-MADRL,deterministic,dee9ea6c19739e956fdb541594da71bddfbd81bcbd155a3cac54d4294294f669
1,19,18,539.8,26.77,0.18,8.63,4.32,-0.02262907661497593,0.005462962202727795,97.7374785189633,0.273145392895431,97.7374785189633,0.273145392895431,0.4910857760980542,0.48722838988380096,2.4992124782371747,417.3385885663784,-417.3385885663784,699.4345562571531,540.2187086694277,3601.632019327846,-2420.6426421272135,0.0,0.0,417.3385885663784,3601.632019327846,0.0,413.8,26.26,4.67,0.4910857760980542,9.83,0.0,0.0,0.0,main_seed2,2,d1c1eb972d85b5605cb5db7c2c6bc30520ef1b725ec02f3d139c77d64d6a78a6,1500,pre_fed,A2C-MADRL,deterministic,dee9ea6c19739e956fdb541594da71bddfbd81bcbd155a3cac54d4294294f669
2,19,18,162.5,26.77,0.18,8.63,4.32,-0.3349148631095886,-0.10570333898067474,94.78979131820923,-5.265570458037103,94.78979131820923,-0.18947368421052882,0.9,0.9,2.431006352679974,43.38068871868127,-43.38068871868127,971.6928091773658,119.10680096398887,374.3753436422194,-732.587476891787,0.0,0.0,43.38068871868127,374.3753436422194,0.0,164.25,26.26,4.67,0.9,9.83,0.0,0.0,0.0,main_seed2,2,d1c1eb972d85b5605cb5db7c2c6bc30520ef1b725ec02f3d139c77d64d6a78a6,1500,pre_fed,A2C-MADRL,deterministic,dee9ea6c19739e956fdb541594da71bddfbd81bcbd155a3cac54d4294294f669
3,19,18,183.4,26.77,0.18,8.63,4.32,-0.1375809758901596,-0.35480406880378723,86.32805698915253,-17.03145667637367,86.32805698915253,-0.18947368421052882,0.9,0.9,2.26177166609884,72.57318836115684,-72.57318836115684,680.3650786304386,126.80720528531852,626.3066155567835,-716.7394497362703,0.0,0.0,72.57318836115684,626.3066155567835,0.0,185.6,26.26,4.67,0.9,9.83,0.0,0.0,0.0,main_seed2,2,d1c1eb972d85b5605cb5db7c2c6bc30520ef1b725ec02f3d139c77d64d6a78a6,1500,pre_fed,A2C-MADRL,deterministic,dee9ea6c19739e956fdb541594da71bddfbd81bcbd155a3cac54d4294294f669
1,20,19,557.2,26.22,0.0,8.87,4.44,-0.02904380112886429,0.007761057466268539,97.09643626756224,0.3880450821738723,97.09643626756224,0.3880450821738723,0.48722838988380096,0.4821692480285189,2.474089626994722,435.96960827725866,-435.96960827725866,694.7561307309282,545.6938717281519,3867.050425419284,-2553.750213939182,0.0,0.0,435.96960827725866,3867.050425419284,0.0,539.8,26.77,0.18,0.48722838988380096,8.63,0.0,0.0,0.0,main_seed2,2,d1c1eb972d85b5605cb5db7c2c6bc30520ef1b725ec02f3d139c77d64d6a78a6,1500,pre_fed,A2C-MADRL,deterministic,dee9ea6c19739e956fdb541594da71bddfbd81bcbd155a3cac54d4294294f669
2,20,19,165.75,26.22,0.0,8.87,4.44,-0.32587623596191406,-0.09941162168979645,95.92652454510169,-4.95427134988848,95.92652454510169,-0.18947368421052882,0.9,0.9,2.4391410172178234,46.23209015632666,-46.23209015632666,979.7970850620727,119.10680096398887,410.07863968661746,-754.4912628563395,0.0,0.0,46.23209015632666,410.07863968661746,0.0,162.5,26.77,0.18,0.9,8.63,0.0,0.0,0.0,main_seed2,2,d1c1eb972d85b5605cb5db7c2c6bc30520ef1b725ec02f3d139c77d64d6a78a6,1500,pre_fed,A2C-MADRL,deterministic,dee9ea6c19739e956fdb541594da71bddfbd81bcbd155a3cac54d4294294f669
3,20,19,187.07,26.22,0.0,8.87,4.44,-0.13603244721889496,-0.3521806597709656,86.48004737211573,-16.915402255897813,86.48004737211573,-0.18947368421052882,0.9,0.9,2.250211473758104,76.80963778585289,-76.80963778585289,681.4976618700845,126.80720528531852,681.3014871605151,-744.803177157959,0.0,0.0,76.80963778585289,681.3014871605151,0.0,183.4,26.77,0.18,0.9,8.63,0.0,0.0,0.0,main_seed2,2,d1c1eb972d85b5605cb5db7c2c6bc30520ef1b725ec02f3d139c77d64d6a78a6,1500,pre_fed,A2C-MADRL,deterministic,dee9ea6c19739e956fdb541594da71bddfbd81bcbd155a3cac54d4294294f669
1,21,20,557.1,32.84,0.0,8.35,4.18,-0.02945481799542904,0.007875189185142517,97.05536972483844,0.3937513193216397,97.05536972483844,0.3937513193216397,0.4821692480285189,0.47706015880276037,2.6057824208832017,429.41666137672314,-429.41666137672314,694.456647644719,551.7471801740082,3585.629122495638,-2415.9164751571825,0.0,0.0,429.41666137672314,3585.629122495638,0.0,557.2,26.22,0.0,0.4821692480285189,8.87,0.0,0.0,0.0,main_seed2,2,d1c1eb972d85b5605cb5db7c2c6bc30520ef1b725ec02f3d139c77d64d6a78a6,1500,pre_fed,A2C-MADRL,deterministic,dee9ea6c19739e956fdb541594da71bddfbd81bcbd155a3cac54d4294294f669
2,21,20,169.0,32.84,0.0,8.35,4.18,-0.3270440995693207,-0.10003244131803513,95.77928170931408,-4.985005678825481,95.77928170931408,-0.18947368421052882,0.9,0.9,2.568596160502071,43.13878813539853,-43.13878813539853,978.7462182250202,119.10680096398887,360.2088809305777,-729.0309500597934,0.0,0.0,43.13878813539853,360.2088809305777,0.0,165.75,26.22,0.0,0.9,8.87,0.0,0.0,0.0,main_seed2,2,d1c1eb972d85b5605cb5db7c2c6bc30520ef1b725ec02f3d139c77d64d6a78a6,1500,pre_fed,A2C-MADRL,deterministic,dee9ea6c19739e956fdb541594da71bddfbd81bcbd155a3cac54d4294294f669
3,21,20,190.73,32.84,0.0,8.35,4.18,-0.13611352443695068,-0.3521793484687805,86.4720879379084,-16.915344194842547,86.4720879379084,-0.18947368421052882,0.9,0.9,2.3824522850739576,73.98983803137607,-73.98983803137607,681.4383398464907,126.80720528531852,617.8151475619901,-713.0303463468997,0.0,0.0,73.98983803137607,617.8151475619901,0.0,187.07,26.22,0.0,0.9,8.87,0.0,0.0,0.0,main_seed2,2,d1c1eb972d85b5605cb5db7c2c6bc30520ef1b725ec02f3d139c77d64d6a78a6,1500,pre_fed,A2C-MADRL,deterministic,dee9ea6c19739e956fdb541594da71bddfbd81bcbd155a3cac54d4294294f669
1,22,21,535.0,36.02,0.0,16.44,8.22,-0.029512031003832817,0.005209695547819138,97.04965339448735,0.26048242081703726,97.04965339448735,0.26048242081703726,0.47706015880276037,0.47336411826602814,2.6666027163060875,404.3364669010017,-404.3364669010017,694.4149627307877,556.7730503094461,6647.291515852468,-3949.239764446351,0.0,0.0,404.3364669010017,6647.291515852468,0.0,557.1,32.84,0.0,0.47706015880276037,8.35,0.0,0.0,0.0,main_seed2,2,d1c1eb972d85b5605cb5db7c2c6bc30520ef1b725ec02f3d139c77d64d6a78a6,1500,pre_fed,A2C-MADRL,deterministic,dee9ea6c19739e956fdb541594da71bddfbd81bcbd155a3cac54d4294294f669
2,22,21,161.2,36.02,0.0,16.44,8.22,-0.32978665828704834,-0.10235454887151718,95.4339306406733,-5.099930142735245,95.4339306406733,-0.18947368421052882,0.9,0.9,2.625289139129255,32.56083218266647,-32.56083218266647,976.2827529322435,119.10680096398887,535.3000810830368,-815.3448174896346,0.0,0.0,32.56083218266647,535.3000810830368,0.0,169.0,32.84,0.0,0.9,8.35,0.0,0.0,0.0,main_seed2,2,d1c1eb972d85b5605cb5db7c2c6bc30520ef1b725ec02f3d139c77d64d6a78a6,1500,pre_fed,A2C-MADRL,deterministic,dee9ea6c19739e956fdb541594da71bddfbd81bcbd155a3cac54d4294294f669
3,22,21,181.93,36.02,0.0,16.44,8.22,-0.13961558043956757,-0.3636212944984436,86.12845545682792,-17.41998862991769,86.12845545682792,-0.18947368421052882,0.9,0.9,2.439179635452348,62.41019786283496,-62.41019786283496,678.8783791782687,126.80720528531852,1026.0236528650069,-915.854618664297,0.0,0.0,62.41019786283496,1026.0236528650069,0.0,190.73,32.84,0.0,0.9,8.35,0.0,0.0,0.0,main_seed2,2,d1c1eb972d85b5605cb5db7c2c6bc30520ef1b725ec02f3d139c77d64d6a78a6,1500,pre_fed,A2C-MADRL,deterministic,dee9ea6c19739e956fdb541594da71bddfbd81bcbd155a3cac54d4294294f669
1,23,22,437.8,37.23,0.0,16.19,8.1,-0.024746542796492577,0.00011493253987282515,97.5258507489578,0.005746626968337922,97.5258507489578,0.005746626968337922,0.47336411826602814,0.472356899219303,2.6952319475185225,305.7336345715924,-305.7336345715924,697.8893279549333,559.156283025422,4949.827543714081,-3103.436577347218,0.0,0.0,305.7336345715924,4949.827543714081,0.0,535.0,36.02,0.0,0.47336411826602814,16.44,0.0,0.0,0.0,main_seed2,2,d1c1eb972d85b5605cb5db7c2c6bc30520ef1b725ec02f3d139c77d64d6a78a6,1500,pre_fed,A2C-MADRL,deterministic,dee9ea6c19739e956fdb541594da71bddfbd81bcbd155a3cac54d4294294f669
2,23,22,148.0,37.23,0.0,16.19,8.1,-0.3671417534351349,-0.12618684768676758,90.79152489978425,-6.276066172980426,90.79152489978425,-0.18947368421052882,0.9,0.9,2.5566410243114746,22.724589808737747,-22.724589808737747,943.3434289823483,119.10680096398887,367.91110900346416,-715.1806694749007,0.0,0.0,22.724589808737747,367.91110900346416,0.0,161.2,36.02,0.0,0.9,16.44,0.0,0.0,0.0,main_seed2,2,d1c1eb972d85b5605cb5db7c2c6bc30520ef1b725ec02f3d139c77d64d6a78a6,1500,pre_fed,A2C-MADRL,deterministic,dee9ea6c19739e956fdb541594da71bddfbd81bcbd155a3cac54d4294294f669
3,23,22,161.39,37.23,0.0,16.19,8.1,-0.14936605095863342,-0.38261502981185913,85.17349212577989,-18.248815776290744,85.17349212577989,-0.18947368421052882,0.9,0.9,2.444280368831387,41.62026192726202,-41.62026192726202,671.7759649793338,126.80720528531852,673.8320406023722,-736.2076054335123,0.0,0.0,41.62026192726202,673.8320406023722,0.0,181.93,36.02,0.0,0.9,16.44,0.0,0.0,0.0,main_seed2,2,d1c1eb972d85b5605cb5db7c2c6bc30520ef1b725ec02f3d139c77d64d6a78a6,1500,pre_fed,A2C-MADRL,deterministic,dee9ea6c19739e956fdb541594da71bddfbd81bcbd155a3cac54d4294294f669
1,24,23,447.3,44.12,0.0,8.87,4.44,-0.021582037210464478,-0.001237109419889748,97.84213130235908,-0.06185543943915022,97.84213130235908,-0.06185543943915022,0.472356899219303,0.4719998120955363,2.8380055172583987,308.2377296543385,-308.2377296543385,700.1989605775773,559.8206825786572,2734.0686620339825,-1997.0441525951085,12.711517996996747,0.0,295.5262116573418,2677.756637307287,0.0,437.8,37.23,0.0,0.472356899219303,16.19,0.0,0.0,0.0,main_seed2,2,d1c1eb972d85b5605cb5db7c2c6bc30520ef1b725ec02f3d139c77d64d6a78a6,1500,pre_fed,A2C-MADRL,deterministic,dee9ea6c19739e956fdb541594da71bddfbd81bcbd155a3cac54d4294294f669
2,24,23,119.6,44.12,0.0,8.87,4.44,-0.3647827208042145,-0.12488558888435364,91.08122674237048,-6.21201791347245,91.08122674237048,-0.18947368421052882,0.9,0.9,2.7002350611631987,-12.711517996996747,12.711517996996747,945.389370869867,119.10680096398887,112.75116463336114,-588.6236682336086,0.0,12.711517996996747,0.0,-56.43913990666556,0.0,148.0,37.23,0.0,0.9,16.19,12.711517996996747,0.0,0.0,main_seed2,2,d1c1eb972d85b5605cb5db7c2c6bc30520ef1b725ec02f3d139c77d64d6a78a6,1500,pre_fed,A2C-MADRL,deterministic,dee9ea6c19739e956fdb541594da71bddfbd81bcbd155a3cac54d4294294f669
3,24,23,134.98,44.12,0.0,8.87,4.44,-0.14895272254943848,-0.3813239634037018,85.21391884127078,-18.19283510845338,85.21391884127078,-0.18947368421052882,0.9,0.9,2.5828889031412054,8.41844374608094,-8.41844374608094,672.0762821285067,126.80720528531852,74.67159602773792,-436.7775417207816,0.0,0.0,8.41844374608094,74.67159602773792,0.0,161.39,37.23,0.0,0.9,16.19,0.0,0.0,0.0,main_seed2,2,d1c1eb972d85b5605cb5db7c2c6bc30520ef1b725ec02f3d139c77d64d6a78a6,1500,pre_fed,A2C-MADRL,deterministic,dee9ea6c19739e956fdb541594da71bddfbd81bcbd155a3cac54d4294294f669
1,1,0,457.7,51.48,0.0,8.65,4.33,-1.2424414157867432,-3.4819436073303223,15.384953634857235,-49.90554785703827,15.384953634857235,-42.21052631578948,0.5,0.9,0.493088546381355,433.5386612273136,-433.5386612273136,152.9191788579917,224.10347285318556,3750.1094196162626,-2063.56603566372,110.42656217778338,0.0,323.11209904953023,3273.0666710082387,0.0,447.3,44.12,0.0,0.5,8.87,0.0,0.0,0.0,main_seed2,2,d1c1eb972d85b5605cb5db7c2c6bc30520ef1b725ec02f3d139c77d64d6a78a6,1500,pre_fed,TRPO-MADRL,deterministic,9673acc8227e5e0f5c2a103219a1ff9dc18b3e3b70e9a8a8248a89562f4b9615
2,1,0,110.5,51.48,0.0,8.65,4.33,0.6098782420158386,-4.377045631408691,216.16579384413984,-49.98422105588583,216.16579384413984,-42.21052631578948,0.5,0.9,4.508705350567007,-110.42656217778338,110.42656217778338,1947.9518522895448,234.45756980609414,955.1897628378263,-1568.7995924667325,0.0,110.42656217778338,0.0,-478.14701422980204,0.0,119.6,44.12,0.0,0.5,8.87,110.42656217778338,0.0,0.0,main_seed2,2,d1c1eb972d85b5605cb5db7c2c6bc30520ef1b725ec02f3d139c77d64d6a78a6,1500,pre_fed,TRPO-MADRL,deterministic,9673acc8227e5e0f5c2a103219a1ff9dc18b3e3b70e9a8a8248a89562f4b9615
3,1,0,124.71,51.48,0.0,8.65,4.33,-0.4548889696598053,-0.8546880483627319,57.40905597612274,-34.67553436029778,57.40905597612274,-34.67553436029778,0.5,0.828417576422829,1.4842704323164992,51.98074881649153,-51.98074881649153,472.8567124479342,297.5933145257969,449.63347726265175,-610.0417521181914,0.0,0.0,51.98074881649153,449.63347726265175,0.0,134.98,44.12,0.0,0.5,8.87,0.0,0.0,0.0,main_seed2,2,d1c1eb972d85b5605cb5db7c2c6bc30520ef1b725ec02f3d139c77d64d6a78a6,1500,pre_fed,TRPO-MADRL,deterministic,9673acc8227e5e0f5c2a103219a1ff9dc18b3e3b70e9a8a8248a89562f4b9615
1,2,1,336.5,38.37,0.0,8.11,4.06,-1.8213599920272827,-4.028111457824707,5.102615257634002,-49.96829781908016,5.102615257634002,-0.18947368421052882,0.9,0.9,0.8656628314684695,294.082521258045,-294.082521258045,92.39785640165275,111.40639664265923,2385.0092474027447,-1294.4067502235284,51.5685800175047,0.0,242.5139412405403,2176.156498331851,0.0,457.7,51.48,0.0,0.9,8.65,0.0,0.0,0.0,main_seed2,2,d1c1eb972d85b5605cb5db7c2c6bc30520ef1b725ec02f3d139c77d64d6a78a6,1500,pre_fed,TRPO-MADRL,deterministic,9673acc8227e5e0f5c2a103219a1ff9dc18b3e3b70e9a8a8248a89562f4b9615
2,2,1,109.85,38.37,0.0,8.11,4.06,-0.09649617969989777,-56.581417083740234,126.53231043676632,-50.0,126.53231043676632,-0.18947368421052882,0.9,0.9,3.2942567350511163,-51.5685800175047,51.5685800175047,1205.3827577227758,119.10680096398887,418.2211839419631,-871.3553713143639,0.0,51.5685800175047,0.0,-209.36843487106907,0.0,110.5,51.48,0.0,0.9,8.65,51.5685800175047,0.0,0.0,main_seed2,2,d1c1eb972d85b5605cb5db7c2c6bc30520ef1b725ec02f3d139c77d64d6a78a6,1500,pre_fed,TRPO-MADRL,deterministic,9673acc8227e5e0f5c2a103219a1ff9dc18b3e3b70e9a8a8248a89562f4b9615
3,2,1,123.98,38.37,0.0,8.11,4.06,-0.6137340664863586,-1.1259582042694092,45.324973773304656,-40.4815712420604,45.324973773304656,-7.709395655791231,0.828417576422829,0.9,1.5197115623502686,49.514133444836844,-49.514133444836844,390.8544534746322,147.10316756395588,401.5596222376268,-469.75862163810746,0.0,0.0,49.514133444836844,401.5596222376268,0.0,124.71,51.48,0.0,0.828417576422829,8.65,0.0,0.0,0.0,main_seed2,2,d1c1eb972d85b5605cb5db7c2c6bc30520ef1b725ec02f3d139c77d64d6a78a6,1500,pre_fed,TRPO-MADRL,deterministic,9673acc8227e5e0f5c2a103219a1ff9dc18b3e3b70e9a8a8248a89562f4b9615
1,3,2,274.9,43.56,0.0,8.25,4.13,-1.4301352500915527,-4.2450337409973145,10.830568741212687,-49.979454282918496,10.830568741212687,-0.18947368421052882,0.9,0.9,1.0840219011400434,221.78292684413785,-221.78292684413785,125.90099307572746,111.40639664265923,1829.7091464641373,-1033.508268091262,53.16789839713054,0.0,168.61502844700732,1610.6574050679596,0.0,336.5,38.37,0.0,0.9,8.11,0.0,0.0,0.0,main_seed2,2,d1c1eb972d85b5605cb5db7c2c6bc30520ef1b725ec02f3d139c77d64d6a78a6,1500,pre_fed,TRPO-MADRL,deterministic,9673acc8227e5e0f5c2a103219a1ff9dc18b3e3b70e9a8a8248a89562f4b9615
2,3,2,112.45,43.56,0.0,8.25,4.13,-0.10302489995956421,-56.732513427734375,125.62732919148657,-50.0,125.62732919148657,-0.18947368421052882,0.9,0.9,3.3799571101455212,-53.16789839713054,53.16789839713054,1198.5081461900181,119.10680096398887,438.635161776327,-878.1250544651671,0.0,53.16789839713054,0.0,-219.58342038014914,0.0,109.85,38.37,0.0,0.9,8.11,53.16789839713054,0.0,0.0,main_seed2,2,d1c1eb972d85b5605cb5db7c2c6bc30520ef1b725ec02f3d139c77d64d6a78a6,1500,pre_fed,TRPO-MADRL,deterministic,9673acc8227e5e0f5c2a103219a1ff9dc18b3e3b70e9a8a8248a89562f4b9615
3,3,2,126.91,43.56,0.0,8.25,4.13,-0.4591464102268219,-1.2381473779678345,57.06117431242272,-42.24631953354604,57.06117431242272,-0.18947368421052882,0.9,0.9,2.008634012564244,28.486933384352042,-28.486933384352042,470.4572100873466,126.80720528531852,235.01720042090435,-416.14080789678474,0.0,0.0,28.486933384352042,235.01720042090435,0.0,123.98,38.37,0.0,0.9,8.11,0.0,0.0,0.0,main_seed2,2,d1c1eb972d85b5605cb5db7c2c6bc30520ef1b725ec02f3d139c77d64d6a78a6,1500,pre_fed,TRPO-MADRL,deterministic,9673acc8227e5e0f5c2a103219a1ff9dc18b3e3b70e9a8a8248a89562f4b9615
1,4,3,272.6,40.75,0.0,8.1,4.05,-1.344045639038086,-4.5113372802734375,12.73594608467954,-49.98793715257078,12.73594608467954,-0.18947368421052882,0.9,0.9,1.0659294480093804,220.36945704754038,-220.36945704754038,137.16346661800907,111.40639664265923,1784.992602085077,-1016.7812326728726,52.75082958755871,0.0,167.61862745998167,1571.3517422554642,0.0,274.9,43.56,0.0,0.9,8.25,0.0,0.0,0.0,main_seed2,2,d1c1eb972d85b5605cb5db7c2c6bc30520ef1b725ec02f3d139c77d64d6a78a6,1500,pre_fed,TRPO-MADRL,deterministic,9673acc8227e5e0f5c2a103219a1ff9dc18b3e3b70e9a8a8248a89562f4b9615
2,4,3,110.5,40.75,0.0,8.1,4.05,-0.10017696022987366,-56.67666244506836,126.0219528551888,-50.0,126.0219528551888,-0.18947368421052882,0.9,0.9,3.3316495834195656,-52.75082958755871,52.75082958755871,1201.5043399883816,119.10680096398887,427.28171965922553,-873.946430305798,0.0,52.75082958755871,0.0,-213.64085982961276,0.0,112.45,43.56,0.0,0.9,8.25,52.75082958755871,0.0,0.0,main_seed2,2,d1c1eb972d85b5605cb5db7c2c6bc30520ef1b725ec02f3d139c77d64d6a78a6,1500,pre_fed,TRPO-MADRL,deterministic,9673acc8227e5e0f5c2a103219a1ff9dc18b3e3b70e9a8a8248a89562f4b9615
3,4,3,124.71,40.75,0.0,8.1,4.05,-0.5064525604248047,-1.2538877725601196,53.28233978888195,-42.46851200847509,53.28233978888195,-0.18947368421052882,0.9,0.9,1.8768573220934286,32.74399121742199,-32.74399121742199,444.5409676404939,126.80720528531852,265.22632886111813,-418.2872508934653,0.0,0.0,32.74399121742199,265.22632886111813,0.0,126.91,43.56,0.0,0.9,8.25,0.0,0.0,0.0,main_seed2,2,d1c1eb972d85b5605cb5db7c2c6bc30520ef1b725ec02f3d139c77d64d6a78a6,1500,pre_fed,TRPO-MADRL,deterministic,9673acc8227e5e0f5c2a103219a1ff9dc18b3e3b70e9a8a8248a89562f4b9615
1,5,4,245.3,27.74,0.0,8.14,4.07,-1.3059022426605225,-4.482032775878906,13.67651138379501,-49.987209125381014,13.67651138379501,-0.18947368421052882,0.9,0.9,0.8245407539916897,204.89750305440722,-204.89750305440722,142.74472552071916,111.40639664265923,1667.8656748628748,-961.0083985131266,36.550796787006504,0.0,168.34670626740072,1519.1039319397585,0.0,272.6,40.75,0.0,0.9,8.1,0.0,0.0,0.0,main_seed2,2,d1c1eb972d85b5605cb5db7c2c6bc30520ef1b725ec02f3d139c77d64d6a78a6,1500,pre_fed,TRPO-MADRL,deterministic,9673acc8227e5e0f5c2a103219a1ff9dc18b3e3b70e9a8a8248a89562f4b9615
2,5,4,113.75,27.74,0.0,8.14,4.07,-0.10165129601955414,-56.70722198486328,125.81763367095185,-50.0,125.81763367095185,-0.18947368421052882,0.9,0.9,3.0673631997348263,-36.550796787006504,36.550796787006504,1199.9527440144461,119.10680096398887,297.523485846233,-808.291515412334,0.0,36.550796787006504,0.0,-148.7617429231165,0.0,110.5,40.75,0.0,0.9,8.1,36.550796787006504,0.0,0.0,main_seed2,2,d1c1eb972d85b5605cb5db7c2c6bc30520ef1b725ec02f3d139c77d64d6a78a6,1500,pre_fed,TRPO-MADRL,deterministic,9673acc8227e5e0f5c2a103219a1ff9dc18b3e3b70e9a8a8248a89562f4b9615
3,5,4,128.38,27.74,0.0,8.14,4.07,-0.4806351959705353,-1.2528579235076904,55.324782671003916,-42.454155192738064,55.324782671003916,-0.18947368421052882,0.9,0.9,1.6575061797358677,47.16219719294247,-47.16219719294247,458.51488730567394,126.80720528531852,383.9002851505517,-484.61118887077214,0.0,0.0,47.16219719294247,383.9002851505517,0.0,124.71,40.75,0.0,0.9,8.1,0.0,0.0,0.0,main_seed2,2,d1c1eb972d85b5605cb5db7c2c6bc30520ef1b725ec02f3d139c77d64d6a78a6,1500,pre_fed,TRPO-MADRL,deterministic,9673acc8227e5e0f5c2a103219a1ff9dc18b3e3b70e9a8a8248a89562f4b9615
1,6,5,233.7,30.15,0.0,8.13,4.07,-1.0777770280838013,-4.416165828704834,20.762671389333352,-49.98540837286008,20.762671389333352,-0.18947368421052882,0.9,0.9,1.0144639541024565,183.99126624897963,-183.99126624897963,185.25429738508046,111.40639664265923,1495.8489946042046,-896.2548443159722,31.543615223505782,0.0,152.44765102547385,1367.7819167967712,0.0,245.3,27.74,0.0,0.9,8.14,0.0,0.0,0.0,main_seed2,2,d1c1eb972d85b5605cb5db7c2c6bc30520ef1b725ec02f3d139c77d64d6a78a6,1500,pre_fed,TRPO-MADRL,deterministic,9673acc8227e5e0f5c2a103219a1ff9dc18b3e3b70e9a8a8248a89562f4b9615
2,6,5,120.25,30.15,0.0,8.13,4.07,-0.10805489122867584,-56.841636657714844,124.93091778982867,-50.0,124.93091778982867,-0.18947368421052882,0.9,0.9,3.097828882112363,-31.543615223505782,31.543615223505782,1193.2263931167747,119.10680096398887,256.44959176710205,-784.3913929239328,0.0,31.543615223505782,0.0,-128.38251395966853,0.0,113.75,27.74,0.0,0.9,8.14,31.543615223505782,0.0,0.0,main_seed2,2,d1c1eb972d85b5605cb5db7c2c6bc30520ef1b725ec02f3d139c77d64d6a78a6,1500,pre_fed,TRPO-MADRL,deterministic,9673acc8227e5e0f5c2a103219a1ff9dc18b3e3b70e9a8a8248a89562f4b9615
3,6,5,135.43,30.15,0.0,8.13,4.07,-0.35375896096229553,-1.1526685953140259,66.02950409897298,-40.93180992490835,66.02950409897298,-0.18947368421052882,0.9,0.9,1.9198006082952492,41.359770193532796,-41.359770193532796,533.0504252248177,126.80720528531852,336.25493167342165,-498.05628109177894,0.0,0.0,41.359770193532796,336.25493167342165,0.0,128.38,27.74,0.0,0.9,8.14,0.0,0.0,0.0,main_seed2,2,d1c1eb972d85b5605cb5db7c2c6bc30520ef1b725ec02f3d139c77d64d6a78a6,1500,pre_fed,TRPO-MADRL,deterministic,9673acc8227e5e0f5c2a103219a1ff9dc18b3e3b70e9a8a8248a89562f4b9615
1,7,6,274.6,28.65,0.16,8.34,4.17,-1.0775055885314941,-4.483367919921875,20.772775037888348,-49.9872432307881,20.772775037888348,-0.18947368421052882,0.9,0.9,0.9878660270735563,226.19456467339577,-226.19456467339577,185.31548949719655,111.40639664265923,1886.4626693761206,-1091.592277757988,20.718973694714293,0.0,205.47559097868148,1800.0645490691622,0.0,233.7,30.15,0.0,0.9,8.13,0.0,0.0,0.0,main_seed2,2,d1c1eb972d85b5605cb5db7c2c6bc30520ef1b725ec02f3d139c77d64d6a78a6,1500,pre_fed,TRPO-MADRL,deterministic,9673acc8227e5e0f5c2a103219a1ff9dc18b3e3b70e9a8a8248a89562f4b9615
2,7,6,130.0,28.65,0.16,8.34,4.17,-0.10629607737064362,-56.821876525878906,125.17434480126593,-50.0,125.17434480126593,-0.18947368421052882,0.9,0.9,3.075897422341108,-20.718973694714293,20.718973694714293,1195.0717646040298,119.10680096398887,172.7962406139172,-743.487403090968,0.0,20.718973694714293,0.0,-86.3981203069586,0.0,120.25,30.15,0.0,0.9,8.13,20.718973694714293,0.0,0.0,main_seed2,2,d1c1eb972d85b5605cb5db7c2c6bc30520ef1b725ec02f3d139c77d64d6a78a6,1500,pre_fed,TRPO-MADRL,deterministic,9673acc8227e5e0f5c2a103219a1ff9dc18b3e3b70e9a8a8248a89562f4b9615
3,7,6,146.72,28.65,0.16,8.34,4.17,-0.37881016731262207,-1.1339807510375977,63.832628027669,-40.61886368721038,63.832628027669,-0.18947368421052882,0.9,0.9,1.8490630868691693,56.1159087434107,-56.1159087434107,517.5763106494851,126.80720528531852,468.0066789200452,-556.1950974274245,0.0,0.0,56.1159087434107,468.0066789200452,0.0,135.43,30.15,0.0,0.9,8.13,0.0,0.0,0.0,main_seed2,2,d1c1eb972d85b5605cb5db7c2c6bc30520ef1b725ec02f3d139c77d64d6a78a6,1500,pre_fed,TRPO-MADRL,deterministic,9673acc8227e5e0f5c2a103219a1ff9dc18b3e3b70e9a8a8248a89562f4b9615
1,8,7,291.0,23.38,1.77,9.35,4.68,-1.1564197540283203,-4.333487510681152,18.01303324776122,-49.98278504850349,18.01303324776122,-0.18947368421052882,0.9,0.9,0.859471191271014,248.8859116277203,-248.8859116277203,168.6627520481523,111.40639664265923,2327.083273719185,-1303.5762112049983,0.0,0.0,248.8859116277203,2327.083273719185,0.0,274.6,28.65,0.16,0.9,8.34,0.0,0.0,0.0,main_seed2,2,d1c1eb972d85b5605cb5db7c2c6bc30520ef1b725ec02f3d139c77d64d6a78a6,1500,pre_fed,TRPO-MADRL,deterministic,9673acc8227e5e0f5c2a103219a1ff9dc18b3e3b70e9a8a8248a89562f4b9615
2,8,7,157.95,23.38,1.77,9.35,4.68,-0.10642993450164795,-56.83973693847656,125.15581522144085,-50.0,125.15581522144085,-0.18947368421052882,0.9,0.9,3.002326830744607,10.835985293514256,-10.835985293514256,1194.9312638942342,119.10680096398887,101.31646249435829,-707.6772636762907,0.0,0.0,10.835985293514256,101.31646249435829,0.0,130.0,28.65,0.16,0.9,8.34,0.0,0.0,0.0,main_seed2,2,d1c1eb972d85b5605cb5db7c2c6bc30520ef1b725ec02f3d139c77d64d6a78a6,1500,pre_fed,TRPO-MADRL,deterministic,9673acc8227e5e0f5c2a103219a1ff9dc18b3e3b70e9a8a8248a89562f4b9615
3,8,7,178.26,23.38,1.77,9.35,4.68,-0.36474278569221497,-1.0504435300827026,65.06152507724732,-39.09893664636818,65.06152507724732,-0.18947368421052882,0.9,0.9,1.800441027860736,90.03838963482394,-90.03838963482394,526.2209801298911,126.80720528531852,841.8589430856039,-747.4435642504068,0.0,0.0,90.03838963482394,841.8589430856039,0.0,146.72,28.65,0.16,0.9,8.34,0.0,0.0,0.0,main_seed2,2,d1c1eb972d85b5605cb5db7c2c6bc30520ef1b725ec02f3d139c77d64d6a78a6,1500,pre_fed,TRPO-MADRL,deterministic,9673acc8227e5e0f5c2a103219a1ff9dc18b3e3b70e9a8a8248a89562f4b9615
1,9,8,315.7,21.75,5.3,12.0,6.0,-1.0504539012908936,-4.22399377822876,21.80172377948817,-49.97857146167584,21.80172377948817,-0.18947368421052882,0.9,0.9,0.9732450019055529,268.0109949066279,-268.0109949066279,191.55591281270483,111.40639664265923,3216.1319388795346,-1759.5471241674493,0.0,0.0,268.0109949066279,3216.1319388795346,0.0,291.0,23.38,1.77,0.9,9.35,0.0,0.0,0.0,main_seed2,2,d1c1eb972d85b5605cb5db7c2c6bc30520ef1b725ec02f3d139c77d64d6a78a6,1500,pre_fed,TRPO-MADRL,deterministic,9673acc8227e5e0f5c2a103219a1ff9dc18b3e3b70e9a8a8248a89562f4b9615
2,9,8,165.1,21.75,5.3,12.0,6.0,-0.10726311802864075,-56.88961410522461,125.04049111264895,-50.0,125.04049111264895,-0.18947368421052882,0.9,0.9,3.038020348568769,16.237002920130323,-16.237002920130323,1194.0569350943085,119.10680096398887,194.84403504156387,-754.0038855499306,0.0,0.0,16.237002920130323,194.84403504156387,0.0,157.95,23.38,1.77,0.9,9.35,0.0,0.0,0.0,main_seed2,2,d1c1eb972d85b5605cb5db7c2c6bc30520ef1b725ec02f3d139c77d64d6a78a6,1500,pre_fed,TRPO-MADRL,deterministic,9673acc8227e5e0f5c2a103219a1ff9dc18b3e3b70e9a8a8248a89562f4b9615
3,9,8,186.33,21.75,5.3,12.0,6.0,-0.3129259943962097,-0.7222757339477539,69.69033614093455,-30.915848297376304,69.69033614093455,-0.18947368421052882,0.9,0.9,1.9310172491344804,91.71015479241048,-91.71015479241048,559.0399110174759,126.80720528531852,1100.5218575089257,-893.18448690586,0.0,0.0,91.71015479241048,1100.5218575089257,0.0,178.26,23.38,1.77,0.9,9.35,0.0,0.0,0.0,main_seed2,2,d1c1eb972d85b5605cb5db7c2c6bc30520ef1b725ec02f3d139c77d64d6a78a6,1500,pre_fed,TRPO-MADRL,deterministic,9673acc8227e5e0f5c2a103219a1ff9dc18b3e3b70e9a8a8248a89562f4b9615
1,10,9,362.4,34.82,11.6,9.19,4.6,-0.9109549522399902,-4.152858734130859,27.84097147076955,-49.975296104907876,27.84097147076955,-0.18947368421052882,0.9,0.9,1.4814299557311805,289.80993216917216,-289.80993216917216,228.52882632153506,111.40639664265923,2663.353276634692,-1501.644249799443,0.0,0.0,289.80993216917216,2663.353276634692,0.0,315.7,21.75,5.3,0.9,12.0,0.0,0.0,0.0,main_seed2,2,d1c1eb972d85b5605cb5db7c2c6bc30520ef1b725ec02f3d139c77d64d6a78a6,1500,pre_fed,TRPO-MADRL,deterministic,9673acc8227e5e0f5c2a103219a1ff9dc18b3e3b70e9a8a8248a89562f4b9615
2,10,9,169.0,34.82,11.6,9.19,4.6,-0.10990503430366516,-56.87852478027344,124.67494992106367,-50.0,124.67494992106367,-0.18947368421052882,0.9,0.9,3.4181095247370625,1.5126332878839435,-1.5126332878839435,1191.2869233990716,119.10680096398887,13.90109991565344,-662.147412139357,0.0,0.0,1.5126332878839435,13.90109991565344,0.0,165.1,21.75,5.3,0.9,12.0,0.0,0.0,0.0,main_seed2,2,d1c1eb972d85b5605cb5db7c2c6bc30520ef1b725ec02f3d139c77d64d6a78a6,1500,pre_fed,TRPO-MADRL,deterministic,9673acc8227e5e0f5c2a103219a1ff9dc18b3e3b70e9a8a8248a89562f4b9615
3,10,9,190.73,34.82,11.6,9.19,4.6,-0.3189706802368164,-0.2611294090747833,69.14240916179534,-12.767580166570339,69.14240916179534,-0.18947368421052882,0.9,0.9,2.307458709551696,77.66452323196688,-77.66452323196688,555.1337883046535,126.80720528531852,713.7369685017757,-697.8389810458739,0.0,0.0,77.66452323196688,713.7369685017757,0.0,186.33,21.75,5.3,0.9,12.0,0.0,0.0,0.0,main_seed2,2,d1c1eb972d85b5605cb5db7c2c6bc30520ef1b725ec02f3d139c77d64d6a78a6,1500,pre_fed,TRPO-MADRL,deterministic,9673acc8227e5e0f5c2a103219a1ff9dc18b3e3b70e9a8a8248a89562f4b9615
1,11,10,320.0,27.17,36.64,12.3,6.15,-0.891219973564148,-4.038413047790527,28.800422291170612,-49.9689441013746,28.800422291170612,-0.18947368421052882,0.9,0.9,1.8484189721392017,229.42747036517912,-229.42747036517912,234.45707653110895,111.40639664265923,2821.957885491703,-1583.9106793327355,13.488038617191762,0.0,215.93943174798736,2739.006447995974,0.0,362.4,34.82,11.6,0.9,9.19,0.0,0.0,0.0,main_seed2,2,d1c1eb972d85b5605cb5db7c2c6bc30520ef1b725ec02f3d139c77d64d6a78a6,1500,pre_fed,TRPO-MADRL,deterministic,9673acc8227e5e0f5c2a103219a1ff9dc18b3e3b70e9a8a8248a89562f4b9615
2,11,10,173.55,27.17,36.64,12.3,6.15,-0.09143528342247009,-56.713287353515625,127.23461513032458,-50.0,127.23461513032458,-0.18947368421052882,0.9,0.9,3.8171028289222813,-13.488038617191762,13.488038617191762,1210.7263333241935,119.10680096398887,165.90287499145867,-747.8680046398206,0.0,13.488038617191762,0.0,-82.95143749572934,0.0,169.0,34.82,11.6,0.9,9.19,13.488038617191762,0.0,0.0,main_seed2,2,d1c1eb972d85b5605cb5db7c2c6bc30520ef1b725ec02f3d139c77d64d6a78a6,1500,pre_fed,TRPO-MADRL,deterministic,9673acc8227e5e0f5c2a103219a1ff9dc18b3e3b70e9a8a8248a89562f4b9615
3,11,10,195.87,27.17,36.64,12.3,6.15,-0.37997812032699585,-0.542412281036377,63.73115338280122,-24.740590067533862,63.73115338280122,-0.18947368421052882,0.9,0.9,2.5470335939718143,71.06535389538112,-71.06535389538112,516.8637703133454,126.80720528531852,874.1038529131879,-758.8874142559259,0.0,0.0,71.06535389538112,874.1038529131879,0.0,190.73,34.82,11.6,0.9,9.19,0.0,0.0,0.0,main_seed2,2,d1c1eb972d85b5605cb5db7c2c6bc30520ef1b725ec02f3d139c77d64d6a78a6,1500,pre_fed,TRPO-MADRL,deterministic,9673acc8227e5e0f5c2a103219a1ff9dc18b3e3b70e9a8a8248a89562f4b9615
1,12,11,350.0,30.2,42.68,20.7,10.35,0.6566023826599121,-3.9439921379089355,157.6097869897209,-49.96249155774766,157.6097869897209,-0.18947368421052882,0.9,0.9,4.6060062661102075,124.30569296059983,-124.30569296059983,1165.7388257162597,111.40639664265923,2573.1278442844164,-1925.1365333216677,29.34105877378201,0.0,94.96463418681782,2269.447885975773,0.0,320.0,27.17,36.64,0.9,12.3,0.0,0.0,0.0,main_seed2,2,d1c1eb972d85b5605cb5db7c2c6bc30520ef1b725ec02f3d139c77d64d6a78a6,1500,pre_fed,TRPO-MADRL,deterministic,9673acc8227e5e0f5c2a103219a1ff9dc18b3e3b70e9a8a8248a89562f4b9615
2,12,11,168.35,30.2,42.68,20.7,10.35,-0.07848185300827026,-56.5943489074707,129.0350438615391,-50.0,129.0350438615391,-0.18947368421052882,0.9,0.9,4.0345114035465715,-29.34105877378201,29.34105877378201,1224.459372470597,119.10680096398887,607.3599166172876,-975.4630450259367,0.0,29.34105877378201,0.0,-303.6799583086438,0.0,173.55,27.17,36.64,0.9,12.3,29.34105877378201,0.0,0.0,main_seed2,2,d1c1eb972d85b5605cb5db7c2c6bc30520ef1b725ec02f3d139c77d64d6a78a6,1500,pre_fed,TRPO-MADRL,deterministic,9673acc8227e5e0f5c2a103219a1ff9dc18b3e3b70e9a8a8248a89562f4b9615
3,12,11,190.0,30.2,42.68,20.7,10.35,-0.282743364572525,0.8570041656494141,72.45577787962263,34.73554607380518,72.45577787962263,34.73554607380518,0.9,0.5325626729073138,3.6014264790685564,13.530102525640729,-13.530102525640729,578.8415470879489,366.2757390620328,280.0731222807631,-612.5952042153724,0.0,0.0,13.530102525640729,280.0731222807631,0.0,195.87,27.17,36.64,0.9,12.3,0.0,0.0,0.0,main_seed2,2,d1c1eb972d85b5605cb5db7c2c6bc30520ef1b725ec02f3d139c77d64d6a78a6,1500,pre_fed,TRPO-MADRL,deterministic,9673acc8227e5e0f5c2a103219a1ff9dc18b3e3b70e9a8a8248a89562f4b9615
1,13,12,345.2,23.52,35.22,26.82,13.41,0.84276282787323,-4.035637855529785,168.7269666794876,-49.968771303922615,168.7269666794876,-0.18947368421052882,0.9,0.9,4.545549859905542,122.46805686462847,-122.46805686462847,1258.7154426140423,111.40639664265923,3284.5932851093353,-2327.3575621830187,13.508488965950818,0.0,108.95956789867765,3103.444448075935,0.0,350.0,30.2,42.68,0.9,20.7,0.0,0.0,0.0,main_seed2,2,d1c1eb972d85b5605cb5db7c2c6bc30520ef1b725ec02f3d139c77d64d6a78a6,1500,pre_fed,TRPO-MADRL,deterministic,9673acc8227e5e0f5c2a103219a1ff9dc18b3e3b70e9a8a8248a89562f4b9615
2,13,12,168.35,23.52,35.22,26.82,13.41,-0.09298592805862427,-56.487144470214844,127.01936038416034,-50.0,127.01936038416034,-0.18947368421052882,0.9,0.9,3.7113977339989965,-13.508488965950818,13.508488965950818,1209.0877431162799,119.10680096398887,362.29767406680094,-845.2461090735349,0.0,13.508488965950818,0.0,-181.14883703340047,0.0,168.35,30.2,42.68,0.9,20.7,13.508488965950818,0.0,0.0,main_seed2,2,d1c1eb972d85b5605cb5db7c2c6bc30520ef1b725ec02f3d139c77d64d6a78a6,1500,pre_fed,TRPO-MADRL,deterministic,9673acc8227e5e0f5c2a103219a1ff9dc18b3e3b70e9a8a8248a89562f4b9615
3,13,12,190.0,23.52,35.22,26.82,13.41,-0.9977749586105347,4.341662883758545,23.934188899377794,49.98306418983158,23.934188899377794,40.992267018342424,0.5325626729073138,0.09999999999999998,2.473329118354404,68.80687320063419,-68.80687320063419,252.4996687889604,889.3269230746462,1845.4003392410089,-1493.6134655523078,0.0,0.0,68.80687320063419,1845.4003392410089,0.0,190.0,30.2,42.68,0.5325626729073138,20.7,0.0,0.0,0.0,main_seed2,2,d1c1eb972d85b5605cb5db7c2c6bc30520ef1b725ec02f3d139c77d64d6a78a6,1500,pre_fed,TRPO-MADRL,deterministic,9673acc8227e5e0f5c2a103219a1ff9dc18b3e3b70e9a8a8248a89562f4b9615
1,14,13,320.6,39.48,35.46,27.35,13.68,0.5587486028671265,-4.175917148590088,150.70483575120423,-49.97640923711275,150.70483575120423,-0.18947368421052882,0.9,0.9,4.5091072413398745,99.6537451743462,-99.6537451743462,1108.9984353991474,111.40639664265923,2725.5299305183685,-1972.9673812800875,28.506221262491948,0.0,71.14752391185425,2335.8498858601038,0.0,345.2,23.52,35.22,0.9,26.82,0.0,0.0,0.0,main_seed2,2,d1c1eb972d85b5605cb5db7c2c6bc30520ef1b725ec02f3d139c77d64d6a78a6,1500,pre_fed,TRPO-MADRL,deterministic,9673acc8227e5e0f5c2a103219a1ff9dc18b3e3b70e9a8a8248a89562f4b9615
2,14,13,165.75,39.48,35.46,27.35,13.68,-0.11862395703792572,-56.586727142333984,123.47010762552884,-50.0,123.47010762552884,-0.18947368421052882,0.9,0.9,3.9644126788263665,-28.506221262491948,28.506221262491948,1182.1712041386572,119.10680096398887,779.6451515291549,-1040.4615783159006,0.0,28.506221262491948,0.0,-389.9651068708898,0.0,168.35,23.52,35.22,0.9,26.82,28.506221262491948,0.0,0.0,main_seed2,2,d1c1eb972d85b5605cb5db7c2c6bc30520ef1b725ec02f3d139c77d64d6a78a6,1500,pre_fed,TRPO-MADRL,deterministic,9673acc8227e5e0f5c2a103219a1ff9dc18b3e3b70e9a8a8248a89562f4b9615
3,14,13,187.07,39.48,35.46,27.35,13.68,0.36873921751976013,-2.3338680267333984,135.28884269975106,-49.06939050328246,135.28884269975106,-49.06939050328246,0.09999999999999998,0.5659592097811834,3.2231890439293718,29.133736847460796,-29.133736847460796,1067.9073501964144,658.986103429817,796.8077027780528,-1261.850578202142,0.0,0.0,29.133736847460796,796.8077027780528,0.0,190.0,23.52,35.22,0.09999999999999998,26.82,0.0,0.0,0.0,main_seed2,2,d1c1eb972d85b5605cb5db7c2c6bc30520ef1b725ec02f3d139c77d64d6a78a6,1500,pre_fed,TRPO-MADRL,deterministic,9673acc8227e5e0f5c2a103219a1ff9dc18b3e3b70e9a8a8248a89562f4b9615
1,15,14,333.2,35.74,34.83,13.81,6.91,0.41932404041290283,-4.4511613845825195,139.63608196525178,-49.98639460190735,139.63608196525178,-0.18947368421052882,0.9,0.9,4.200332165620825,127.38372388457958,-127.38372388457958,1019.6540954727528,111.40639664265923,1759.169226846044,-1445.114859480728,20.74973046986642,0.0,106.63399341471316,1615.9960866039658,0.0,320.6,39.48,35.46,0.9,27.35,0.0,0.0,0.0,main_seed2,2,d1c1eb972d85b5605cb5db7c2c6bc30520ef1b725ec02f3d139c77d64d6a78a6,1500,pre_fed,TRPO-MADRL,deterministic,9673acc8227e5e0f5c2a103219a1ff9dc18b3e3b70e9a8a8248a89562f4b9615
2,15,14,170.3,35.74,34.83,13.81,6.91,-0.11067700386047363,-56.38431167602539,124.56817824529874,-50.0,124.56817824529874,-0.18947368421052882,0.9,0.9,3.898974091221764,-20.74973046986642,20.74973046986642,1190.478208271576,119.10680096398887,286.55377778885526,-798.0693935122101,0.0,20.74973046986642,0.0,-143.38063754677697,0.0,165.75,39.48,35.46,0.9,27.35,20.74973046986642,0.0,0.0,main_seed2,2,d1c1eb972d85b5605cb5db7c2c6bc30520ef1b725ec02f3d139c77d64d6a78a6,1500,pre_fed,TRPO-MADRL,deterministic,9673acc8227e5e0f5c2a103219a1ff9dc18b3e3b70e9a8a8248a89562f4b9615
3,15,14,192.2,35.74,34.83,13.81,6.91,-1.231073260307312,4.603999137878418,15.710964575523455,49.98997755618379,15.710964575523455,44.158592679353994,0.5659592097811834,0.10000000000000003,2.608791145097549,64.36923389022009,-64.36923389022009,201.62563105877814,871.7202864695425,888.9391200239395,-981.14251877613,0.0,0.0,64.36923389022009,888.9391200239395,0.0,187.07,39.48,35.46,0.5659592097811834,27.35,0.0,0.0,0.0,main_seed2,2,d1c1eb972d85b5605cb5db7c2c6bc30520ef1b725ec02f3d139c77d64d6a78a6,1500,pre_fed,TRPO-MADRL,deterministic,9673acc8227e5e0f5c2a103219a1ff9dc18b3e3b70e9a8a8248a89562f4b9615
1,16,15,316.8,18.06,23.62,17.31,8.66,0.3933500647544861,-4.057473182678223,137.42446912014853,-49.97010533285159,137.42446912014853,-0.18947368421052882,0.9,0.9,3.57829990871876,141.46330447278075,-141.46330447278075,1002.0403895421823,111.40639664265923,2448.7298004238346,-1781.088293304338,0.0,0.0,141.46330447278075,2448.7298004238346,0.0,333.2,35.74,34.83,0.9,13.81,0.0,0.0,0.0,main_seed2,2,d1c1eb972d85b5605cb5db7c2c6bc30520ef1b725ec02f3d139c77d64d6a78a6,1500,pre_fed,TRPO-MADRL,deterministic,9673acc8227e5e0f5c2a103219a1ff9dc18b3e3b70e9a8a8248a89562f4b9615
2,16,15,172.25,18.06,23.62,17.31,8.66,-0.0778348445892334,-56.50244140625,129.1250739470606,-50.0,129.1250739470606,-0.18947368421052882,0.9,0.9,3.4123120052570015,5.046711742406927,-5.046711742406927,1225.1473839052414,119.10680096398887,87.3585802610639,-715.8063825651471,0.0,0.0,5.046711742406927,87.3585802610639,0.0,170.3,35.74,34.83,0.9,13.81,0.0,0.0,0.0,main_seed2,2,d1c1eb972d85b5605cb5db7c2c6bc30520ef1b725ec02f3d139c77d64d6a78a6,1500,pre_fed,TRPO-MADRL,deterministic,9673acc8227e5e0f5c2a103219a1ff9dc18b3e3b70e9a8a8248a89562f4b9615
3,16,15,194.4,18.06,23.62,17.31,8.66,0.8338018655776978,-3.956796407699585,168.2512149505843,-49.96343955280764,168.2512149505843,-49.96343955280764,0.10000000000000003,0.5744526757516726,3.199355507955534,37.631580110178874,-37.631580110178874,1354.4700365201982,651.2099043664039,651.4026517071962,-1328.5412962968992,0.0,0.0,37.631580110178874,651.4026517071962,0.0,192.2,35.74,34.83,0.10000000000000003,13.81,0.0,0.0,0.0,main_seed2,2,d1c1eb972d85b5605cb5db7c2c6bc30520ef1b725ec02f3d139c77d64d6a78a6,1500,pre_fed,TRPO-MADRL,deterministic,9673acc8227e5e0f5c2a103219a1ff9dc18b3e3b70e9a8a8248a89562f4b9615
1,17,16,291.3,24.27,14.18,16.42,8.21,0.09885809570550919,-4.076049327850342,109.8537305481845,-49.97119529560842,109.8537305481845,-0.18947368421052882,0.9,0.9,2.96228513727948,146.1480282733055,-146.1480282733055,789.1128598699756,111.40639664265923,2399.7506242476766,-1650.1349403801557,0.0,0.0,146.1480282733055,2399.7506242476766,0.0,316.8,18.06,23.62,0.9,17.31,0.0,0.0,0.0,main_seed2,2,d1c1eb972d85b5605cb5db7c2c6bc30520ef1b725ec02f3d139c77d64d6a78a6,1500,pre_fed,TRPO-MADRL,deterministic,9673acc8227e5e0f5c2a103219a1ff9dc18b3e3b70e9a8a8248a89562f4b9615
2,17,16,165.75,24.27,14.18,16.42,8.21,-0.10878722369670868,-56.783809661865234,124.82958707868758,-50.0,124.82958707868758,-0.18947368421052882,0.9,0.9,3.2618022678895415,5.921688873412478,-5.921688873412478,1192.4584907647363,119.10680096398887,97.2341313014329,-704.399711515079,0.0,0.0,5.921688873412478,97.2341313014329,0.0,172.25,18.06,23.62,0.9,17.31,0.0,0.0,0.0,main_seed2,2,d1c1eb972d85b5605cb5db7c2c6bc30520ef1b725ec02f3d139c77d64d6a78a6,1500,pre_fed,TRPO-MADRL,deterministic,9673acc8227e5e0f5c2a103219a1ff9dc18b3e3b70e9a8a8248a89562f4b9615
3,17,16,187.07,24.27,14.18,16.42,8.21,-0.7573144435882568,3.224062442779541,36.050761040372606,49.84190148629382,36.050761040372606,44.963858188016076,0.5744526757516726,0.09999999999999998,2.3892923845677734,69.99467315617909,-69.99467315617909,329.8016666746703,867.2612840094041,1149.3125332244608,-1173.1877419542675,0.0,0.0,69.99467315617909,1149.3125332244608,0.0,194.4,18.06,23.62,0.5744526757516726,17.31,0.0,0.0,0.0,main_seed2,2,d1c1eb972d85b5605cb5db7c2c6bc30520ef1b725ec02f3d139c77d64d6a78a6,1500,pre_fed,TRPO-MADRL,deterministic,9673acc8227e5e0f5c2a103219a1ff9dc18b3e3b70e9a8a8248a89562f4b9615
1,18,17,413.8,26.26,4.67,9.83,4.92,-0.4122312664985657,-4.293330192565918,60.963441987645226,-49.9813456657399,60.963441987645226,-0.18947368421052882,0.9,0.9,1.8340793660686943,323.930111062634,-323.930111062634,441.8148723670767,111.40639664265923,3184.2329917456923,-1868.727130377714,0.0,0.0,323.930111062634,3184.2329917456923,0.0,291.3,24.27,14.18,0.9,16.42,0.0,0.0,0.0,main_seed2,2,d1c1eb972d85b5605cb5db7c2c6bc30520ef1b725ec02f3d139c77d64d6a78a6,1500,pre_fed,TRPO-MADRL,deterministic,9673acc8227e5e0f5c2a103219a1ff9dc18b3e3b70e9a8a8248a89562f4b9615
2,18,17,164.25,26.26,4.67,9.83,4.92,-0.11106836795806885,-56.782920837402344,124.5140553226762,-50.0,124.5140553226762,-0.18947368421052882,0.9,0.9,3.105091632769313,12.10050999430365,-12.10050999430365,1190.0683340268292,119.10680096398887,118.94801324400488,-714.0615741174115,0.0,0.0,12.10050999430365,118.94801324400488,0.0,165.75,24.27,14.18,0.9,16.42,0.0,0.0,0.0,main_seed2,2,d1c1eb972d85b5605cb5db7c2c6bc30520ef1b725ec02f3d139c77d64d6a78a6,1500,pre_fed,TRPO-MADRL,deterministic,9673acc8227e5e0f5c2a103219a1ff9dc18b3e3b70e9a8a8248a89562f4b9615
3,18,17,185.6,26.26,4.67,9.83,4.92,0.8062448501586914,-3.9734513759613037,166.75135233901779,-49.96463689590303,166.75135233901779,-49.96463689590303,0.09999999999999998,0.5744640505110786,2.9543343088622946,40.837618865747544,-40.837618865747544,1340.98248540516,651.1995087411658,401.43379345029837,-1196.807893798312,0.0,0.0,40.837618865747544,401.43379345029837,0.0,187.07,24.27,14.18,0.09999999999999998,16.42,0.0,0.0,0.0,main_seed2,2,d1c1eb972d85b5605cb5db7c2c6bc30520ef1b725ec02f3d139c77d64d6a78a6,1500,pre_fed,TRPO-MADRL,deterministic,9673acc8227e5e0f5c2a103219a1ff9dc18b3e3b70e9a8a8248a89562f4b9615
1,19,18,539.8,26.77,0.18,8.63,4.32,-1.2452157735824585,-3.8387703895568848,15.306338471522329,-49.95371019786056,15.306338471522329,-0.18947368421052882,0.9,0.9,0.8413372957462361,498.5744725084344,-498.5744725084344,152.4499564360866,111.40639664265923,4302.697697747789,-2283.2770254132674,0.0,0.0,498.5744725084344,4302.697697747789,0.0,413.8,26.26,4.67,0.9,9.83,0.0,0.0,0.0,main_seed2,2,d1c1eb972d85b5605cb5db7c2c6bc30520ef1b725ec02f3d139c77d64d6a78a6,1500,pre_fed,TRPO-MADRL,deterministic,9673acc8227e5e0f5c2a103219a1ff9dc18b3e3b70e9a8a8248a89562f4b9615
2,19,18,162.5,26.77,0.18,8.63,4.32,-0.10408879816532135,-56.846466064453125,125.47996940284963,-50.0,125.47996940284963,-0.18947368421052882,0.9,0.9,3.0448099143727827,13.304314195733667,-13.304314195733667,1197.3899188903704,119.10680096398887,114.81623150918156,-715.6564756817704,0.0,0.0,13.304314195733667,114.81623150918156,0.0,164.25,26.26,4.67,0.9,9.83,0.0,0.0,0.0,main_seed2,2,d1c1eb972d85b5605cb5db7c2c6bc30520ef1b725ec02f3d139c77d64d6a78a6,1500,pre_fed,TRPO-MADRL,deterministic,9673acc8227e5e0f5c2a103219a1ff9dc18b3e3b70e9a8a8248a89562f4b9615
3,19,18,183.4,26.77,0.18,8.63,4.32,-0.5316620469093323,0.5485315322875977,51.33494573687179,24.97094079926645,51.33494573687179,24.97094079926645,0.5744640505110786,0.3104631139967254,2.065117730722765,82.20923119458453,-82.20923119458453,431.29116294239697,684.1418610282896,709.4656652092646,-912.4493445899755,0.0,0.0,82.20923119458453,709.4656652092646,0.0,185.6,26.26,4.67,0.5744640505110786,9.83,0.0,0.0,0.0,main_seed2,2,d1c1eb972d85b5605cb5db7c2c6bc30520ef1b725ec02f3d139c77d64d6a78a6,1500,pre_fed,TRPO-MADRL,deterministic,9673acc8227e5e0f5c2a103219a1ff9dc18b3e3b70e9a8a8248a89562f4b9615
1,20,19,557.2,26.22,0.0,8.87,4.44,-1.714916467666626,-3.4538540840148926,6.275201841150924,-49.90009519830221,6.275201841150924,-0.18947368421052882,0.9,0.9,0.646114563138808,525.5403864061984,-525.5403864061984,99.21311761237547,111.40639664265923,4661.54322742298,-2436.0813708390074,0.0,0.0,525.5403864061984,4661.54322742298,0.0,539.8,26.77,0.18,0.9,8.63,0.0,0.0,0.0,main_seed2,2,d1c1eb972d85b5605cb5db7c2c6bc30520ef1b725ec02f3d139c77d64d6a78a6,1500,pre_fed,TRPO-MADRL,deterministic,9673acc8227e5e0f5c2a103219a1ff9dc18b3e3b70e9a8a8248a89562f4b9615
2,20,19,165.75,26.22,0.0,8.87,4.44,-0.10493507981300354,-56.871402740478516,125.36277473402706,-50.0,125.36277473402706,-0.18947368421052882,0.9,0.9,3.027866020996331,17.3845649711798,-17.3845649711798,1196.5008326857833,119.10680096398887,154.2010912943648,-734.9043624720684,0.0,0.0,17.3845649711798,154.2010912943648,0.0,162.5,26.77,0.18,0.9,8.63,0.0,0.0,0.0,main_seed2,2,d1c1eb972d85b5605cb5db7c2c6bc30520ef1b725ec02f3d139c77d64d6a78a6,1500,pre_fed,TRPO-MADRL,deterministic,9673acc8227e5e0f5c2a103219a1ff9dc18b3e3b70e9a8a8248a89562f4b9615
3,20,19,187.07,26.22,0.0,8.87,4.44,-0.15974903106689453,-0.7495709657669067,84.15961576474987,-31.744646345057802,84.15961576474987,-31.744646345057802,0.3104631139967254,0.611416328046781,1.5726993883938414,110.00772996870177,-110.00772996870177,664.254356387065,538.3793763586132,975.7685648223846,-1089.2011487840314,0.0,0.0,110.00772996870177,975.7685648223846,0.0,183.4,26.77,0.18,0.3104631139967254,8.63,0.0,0.0,0.0,main_seed2,2,d1c1eb972d85b5605cb5db7c2c6bc30520ef1b725ec02f3d139c77d64d6a78a6,1500,pre_fed,TRPO-MADRL,deterministic,9673acc8227e5e0f5c2a103219a1ff9dc18b3e3b70e9a8a8248a89562f4b9615
1,21,20,557.1,32.84,0.0,8.35,4.18,-1.748013973236084,-3.399381160736084,5.8850918455976124,-49.8886087687475,5.8850918455976124,-0.18947368421052882,0.9,0.9,0.7707123632277418,519.3350942018407,-519.3350942018407,96.9432632356704,111.40639664265923,4336.44803658537,-2272.3988482318496,0.0,0.0,519.3350942018407,4336.44803658537,0.0,557.2,26.22,0.0,0.9,8.87,0.0,0.0,0.0,main_seed2,2,d1c1eb972d85b5605cb5db7c2c6bc30520ef1b725ec02f3d139c77d64d6a78a6,1500,pre_fed,TRPO-MADRL,deterministic,9673acc8227e5e0f5c2a103219a1ff9dc18b3e3b70e9a8a8248a89562f4b9615
2,21,20,169.0,32.84,0.0,8.35,4.18,-0.10548551380634308,-56.87834167480469,125.28656072283752,-50.0,125.28656072283752,-0.18947368421052882,0.9,0.9,3.15874174077254,14.221654702145543,-14.221654702145543,1195.9227543686723,119.10680096398887,118.75081676291528,-716.8901860477882,0.0,0.0,14.221654702145543,118.75081676291528,0.0,165.75,26.22,0.0,0.9,8.87,0.0,0.0,0.0,main_seed2,2,d1c1eb972d85b5605cb5db7c2c6bc30520ef1b725ec02f3d139c77d64d6a78a6,1500,pre_fed,TRPO-MADRL,deterministic,9673acc8227e5e0f5c2a103219a1ff9dc18b3e3b70e9a8a8248a89562f4b9615
3,21,20,190.73,32.84,0.0,8.35,4.18,-0.5410254597663879,0.255941241979599,50.623619085309215,12.52476688658094,50.623619085309215,12.52476688658094,0.611416328046781,0.47835384395299335,1.919767719437803,96.66138174754764,-96.66138174754764,426.46935957394413,531.2115524788163,807.1225375920227,-882.4017248223915,0.0,0.0,96.66138174754764,807.1225375920227,0.0,187.07,26.22,0.0,0.611416328046781,8.87,0.0,0.0,0.0,main_seed2,2,d1c1eb972d85b5605cb5db7c2c6bc30520ef1b725ec02f3d139c77d64d6a78a6,1500,pre_fed,TRPO-MADRL,deterministic,9673acc8227e5e0f5c2a103219a1ff9dc18b3e3b70e9a8a8248a89562f4b9615
1,22,21,535.0,36.02,0.0,16.44,8.22,-1.8154059648513794,-3.4725189208984375,5.162163000258269,-49.90375233789312,5.162163000258269,-0.18947368421052882,0.9,0.9,0.819853786320955,494.8271644702732,-494.8271644702732,92.74342056889131,111.40639664265923,8134.958583891292,-4169.554200551421,0.0,0.0,494.8271644702732,8134.958583891292,0.0,557.1,32.84,0.0,0.9,8.35,0.0,0.0,0.0,main_seed2,2,d1c1eb972d85b5605cb5db7c2c6bc30520ef1b725ec02f3d139c77d64d6a78a6,1500,pre_fed,TRPO-MADRL,deterministic,9673acc8227e5e0f5c2a103219a1ff9dc18b3e3b70e9a8a8248a89562f4b9615
2,22,21,161.2,36.02,0.0,16.44,8.22,-0.10067258775234222,-56.8166389465332,125.95326011108048,-50.0,125.95326011108048,-0.18947368421052882,0.9,0.9,3.2356757285373994,2.65188930166741,-2.65188930166741,1200.9826177987693,119.10680096398887,43.59706011941222,-681.8432394410852,0.0,0.0,2.65188930166741,43.59706011941222,0.0,169.0,32.84,0.0,0.9,8.35,0.0,0.0,0.0,main_seed2,2,d1c1eb972d85b5605cb5db7c2c6bc30520ef1b725ec02f3d139c77d64d6a78a6,1500,pre_fed,TRPO-MADRL,deterministic,9673acc8227e5e0f5c2a103219a1ff9dc18b3e3b70e9a8a8248a89562f4b9615
3,22,21,181.93,36.02,0.0,16.44,8.22,-0.44048723578453064,-0.11610320210456848,58.59517703235733,-5.779215559262232,58.59517703235733,-5.779215559262232,0.47835384395299335,0.5322996840780785,1.7767192294619023,94.8707577563668,-94.8707577563668,481.0552288868024,544.8167812226333,1559.6752575146704,-1292.773633812053,0.0,0.0,94.8707577563668,1559.6752575146704,0.0,190.73,32.84,0.0,0.47835384395299335,8.35,0.0,0.0,0.0,main_seed2,2,d1c1eb972d85b5605cb5db7c2c6bc30520ef1b725ec02f3d139c77d64d6a78a6,1500,pre_fed,TRPO-MADRL,deterministic,9673acc8227e5e0f5c2a103219a1ff9dc18b3e3b70e9a8a8248a89562f4b9615
1,23,22,437.8,37.23,0.0,16.19,8.1,-1.7915397882461548,-3.7624239921569824,5.407716627904247,-49.94607802385728,5.407716627904247,-0.18947368421052882,0.9,0.9,0.8489648588738743,396.20072191518017,-396.20072191518017,94.16901064454676,111.40639664265923,6414.4896878067675,-3310.0325475469867,9.746764974241216,0.0,386.45395694093895,6335.638359165156,0.0,535.0,36.02,0.0,0.9,16.44,0.0,0.0,0.0,main_seed2,2,d1c1eb972d85b5605cb5db7c2c6bc30520ef1b725ec02f3d139c77d64d6a78a6,1500,pre_fed,TRPO-MADRL,deterministic,9673acc8227e5e0f5c2a103219a1ff9dc18b3e3b70e9a8a8248a89562f4b9615
2,23,22,148.0,37.23,0.0,16.19,8.1,-0.11532600224018097,-56.746910095214844,123.92556039261991,-50.0,123.92556039261991,-0.18947368421052882,0.9,0.9,3.219321734168188,-9.746764974241216,9.746764974241216,1185.6145213716302,119.10680096398887,157.8001249329653,-731.2607236342922,0.0,9.746764974241216,0.0,-78.94879629135384,0.0,161.2,36.02,0.0,0.9,16.44,9.746764974241216,0.0,0.0,main_seed2,2,d1c1eb972d85b5605cb5db7c2c6bc30520ef1b725ec02f3d139c77d64d6a78a6,1500,pre_fed,TRPO-MADRL,deterministic,9673acc8227e5e0f5c2a103219a1ff9dc18b3e3b70e9a8a8248a89562f4b9615
3,23,22,161.39,37.23,0.0,16.19,8.1,-0.5259627103805542,0.48350152373313904,51.77110772470497,22.45217387351931,51.77110772470497,22.45217387351931,0.5322996840780785,0.29489641235708747,2.2290656319644855,52.165784033740195,-52.165784033740195,434.2524880334444,717.9319355788928,844.5640435062538,-998.3742335592956,0.0,0.0,52.165784033740195,844.5640435062538,0.0,181.93,36.02,0.0,0.5322996840780785,16.44,0.0,0.0,0.0,main_seed2,2,d1c1eb972d85b5605cb5db7c2c6bc30520ef1b725ec02f3d139c77d64d6a78a6,1500,pre_fed,TRPO-MADRL,deterministic,9673acc8227e5e0f5c2a103219a1ff9dc18b3e3b70e9a8a8248a89562f4b9615
1,24,23,447.3,44.12,0.0,8.87,4.44,-1.6154170036315918,-4.0814528465271,7.604346119951666,-49.97150482486146,7.604346119951666,-0.18947368421052882,0.9,0.9,1.0306974487148228,396.7958250129737,-396.7958250129737,106.96525105341092,111.40639664265923,3519.5789678650763,-1868.9753077805733,44.87619806885837,0.0,351.9196269441153,3320.7774104200334,0.0,437.8,37.23,0.0,0.9,16.19,0.0,0.0,0.0,main_seed2,2,d1c1eb972d85b5605cb5db7c2c6bc30520ef1b725ec02f3d139c77d64d6a78a6,1500,pre_fed,TRPO-MADRL,deterministic,9673acc8227e5e0f5c2a103219a1ff9dc18b3e3b70e9a8a8248a89562f4b9615
2,24,23,119.6,44.12,0.0,8.87,4.44,-0.11549416184425354,-56.727882385253906,123.90232885651498,-50.0,123.90232885651498,-0.18947368421052882,0.9,0.9,3.3566571034460893,-44.87619806885837,44.87619806885837,1185.438809835122,119.10680096398887,398.0518768707737,-851.2987438349422,0.0,44.87619806885837,0.0,-199.2503194257312,0.0,148.0,37.23,0.0,0.9,16.19,44.87619806885837,0.0,0.0,main_seed2,2,d1c1eb972d85b5605cb5db7c2c6bc30520ef1b725ec02f3d139c77d64d6a78a6,1500,pre_fed,TRPO-MADRL,deterministic,9673acc8227e5e0f5c2a103219a1ff9dc18b3e3b70e9a8a8248a89562f4b9615
3,24,23,134.98,44.12,0.0,8.87,4.44,0.0335293784737587,-1.7995496988296509,103.35168193308395,-47.3379680251133,103.35168193308395,-47.3379680251133,0.29489641235708747,0.7440173157709495,2.002674278159413,36.84896037018876,-36.84896037018876,809.9481885359925,432.43266293627914,326.8502784835743,-784.615564977923,0.0,0.0,36.84896037018876,326.8502784835743,0.0,161.39,37.23,0.0,0.29489641235708747,16.19,0.0,0.0,0.0,main_seed2,2,d1c1eb972d85b5605cb5db7c2c6bc30520ef1b725ec02f3d139c77d64d6a78a6,1500,pre_fed,TRPO-MADRL,deterministic,9673acc8227e5e0f5c2a103219a1ff9dc18b3e3b70e9a8a8248a89562f4b9615
1,1,0,457.7,51.48,0.0,8.65,4.33,-0.4372997581958771,-0.922986626625061,58.85962808949369,-36.36536232058384,58.85962808949369,-36.36536232058384,0.5,0.8444709420455465,1.4794853153781968,385.20521954646836,-385.20521954646836,427.73916480445536,262.87321174184785,3332.0251490769515,-2011.3187628116275,0.0,0.0,385.20521954646836,3332.0251490769515,0.0,447.3,44.12,0.0,0.5,8.87,0.0,0.0,0.0,main_seed3,3,d1c1eb972d85b5605cb5db7c2c6bc30520ef1b725ec02f3d139c77d64d6a78a6,1500,pre_fed,F-MADRL,deterministic,e5060fa93dc05d2cc9e6c24019a5eaf29d625ee657ae6f3de5ec95842fda2078
2,1,0,110.5,51.48,0.0,8.65,4.33,-0.6460670828819275,-0.5368349552154541,60.33770405189726,-24.529420461086374,60.33770405189726,-24.529420461086374,0.5,0.7320294943803205,1.7457656718162178,24.957482081005324,-24.957482081005324,735.3870118447094,358.1747228030719,215.88222000069607,-654.7219773242387,0.0,0.0,24.957482081005324,215.88222000069607,0.0,119.6,44.12,0.0,0.5,8.87,0.0,0.0,0.0,main_seed3,3,d1c1eb972d85b5605cb5db7c2c6bc30520ef1b725ec02f3d139c77d64d6a78a6,1500,pre_fed,F-MADRL,deterministic,e5060fa93dc05d2cc9e6c24019a5eaf29d625ee657ae6f3de5ec95842fda2078
3,1,0,124.71,51.48,0.0,8.65,4.33,-0.5321923494338989,-1.0634583234786987,51.29448501842252,-39.34919396327336,51.29448501842252,-39.34919396327336,0.5,0.8728173426510968,1.2685058211029834,62.55321476595381,-62.55321476595381,431.0166377934339,264.6235801502926,541.0853077255005,-618.3627628346135,0.0,0.0,62.55321476595381,541.0853077255005,0.0,134.98,44.12,0.0,0.5,8.87,0.0,0.0,0.0,main_seed3,3,d1c1eb972d85b5605cb5db7c2c6bc30520ef1b725ec02f3d139c77d64d6a78a6,1500,pre_fed,F-MADRL,deterministic,e5060fa93dc05d2cc9e6c24019a5eaf29d625ee657ae6f3de5ec95842fda2078
1,2,1,336.5,38.37,0.0,8.11,4.06,-0.48711898922920227,-1.0220261812210083,54.80731792157354,-38.534526212019834,54.80731792157354,-6.0229473514257466,0.8444709420455465,0.9,1.7430874114029562,251.08871684125515,-251.08871684125515,400.82897950322774,126.46005049825487,2036.329493582579,-1281.8092617920308,0.0,0.0,251.08871684125515,2036.329493582579,0.0,457.7,51.48,0.0,0.8444709420455465,8.65,0.0,0.0,0.0,main_seed3,3,d1c1eb972d85b5605cb5db7c2c6bc30520ef1b725ec02f3d139c77d64d6a78a6,1500,pre_fed,F-MADRL,deterministic,e5060fa93dc05d2cc9e6c24019a5eaf29d625ee657ae6f3de5ec95842fda2078
2,2,1,109.85,38.37,0.0,8.11,4.06,-0.7104902863502502,-0.5883135199546814,54.462213890541,-26.43407946798149,54.462213890541,-17.83521732720423,0.7320294943803205,0.9,1.4999399312667354,36.35294336792997,-36.35294336792997,696.8879837364016,166.26218784594715,294.822370713912,-578.9862711481304,0.0,0.0,36.35294336792997,294.822370713912,0.0,110.5,51.48,0.0,0.7320294943803205,8.65,0.0,0.0,0.0,main_seed3,3,d1c1eb972d85b5605cb5db7c2c6bc30520ef1b725ec02f3d139c77d64d6a78a6,1500,pre_fed,F-MADRL,deterministic,e5060fa93dc05d2cc9e6c24019a5eaf29d625ee657ae6f3de5ec95842fda2078
3,2,1,123.98,38.37,0.0,8.11,4.06,-0.6025415062904358,-1.2040199041366577,46.11444225811546,-41.74383281142727,46.11444225811546,-3.045083372021625,0.8728173426510968,0.9,1.6287871777218765,44.16942829162805,-44.16942829162805,396.1270564750329,134.47219719944542,358.2140634451035,-444.4066585597909,0.0,0.0,44.16942829162805,358.2140634451035,0.0,124.71,51.48,0.0,0.8728173426510968,8.65,0.0,0.0,0.0,main_seed3,3,d1c1eb972d85b5605cb5db7c2c6bc30520ef1b725ec02f3d139c77d64d6a78a6,1500,pre_fed,F-MADRL,deterministic,e5060fa93dc05d2cc9e6c24019a5eaf29d625ee657ae6f3de5ec95842fda2078
1,3,2,274.9,43.56,0.0,8.25,4.13,-0.45600011944770813,-0.9564303159713745,57.31814019008359,-37.13401840037541,57.31814019008359,-0.18947368421052882,0.9,0.9,2.0137733301174614,176.22510682424436,-176.22510682424436,417.4712523655637,111.40639664265923,1453.857131300016,-991.3673901541194,0.0,0.0,176.22510682424436,1453.857131300016,0.0,336.5,38.37,0.0,0.9,8.11,0.0,0.0,0.0,main_seed3,3,d1c1eb972d85b5605cb5db7c2c6bc30520ef1b725ec02f3d139c77d64d6a78a6,1500,pre_fed,F-MADRL,deterministic,e5060fa93dc05d2cc9e6c24019a5eaf29d625ee657ae6f3de5ec95842fda2078
2,3,2,112.45,43.56,0.0,8.25,4.13,-0.6912224292755127,-0.5644444823265076,56.17265689482113,-25.563380318051237,56.17265689482113,-0.18947368421052882,0.9,0.9,1.9908636642122122,14.897680453601609,-14.897680453601609,708.0414832705211,119.10680096398887,122.90586374221327,-475.0270739883616,0.0,0.0,14.897680453601609,122.90586374221327,0.0,109.85,38.37,0.0,0.9,8.11,0.0,0.0,0.0,main_seed3,3,d1c1eb972d85b5605cb5db7c2c6bc30520ef1b725ec02f3d139c77d64d6a78a6,1500,pre_fed,F-MADRL,deterministic,e5060fa93dc05d2cc9e6c24019a5eaf29d625ee657ae6f3de5ec95842fda2078
3,3,2,126.91,43.56,0.0,8.25,4.13,-0.5770797729492188,-1.159249186515808,47.94602906654908,-41.03975226030107,47.94602906654908,-0.18947368421052882,0.9,0.9,1.826331107646771,37.41977572530821,-37.41977572530821,408.40523505752867,126.80720528531852,308.71314973379276,-421.96279503832,0.0,0.0,37.41977572530821,308.71314973379276,0.0,123.98,38.37,0.0,0.9,8.11,0.0,0.0,0.0,main_seed3,3,d1c1eb972d85b5605cb5db7c2c6bc30520ef1b725ec02f3d139c77d64d6a78a6,1500,pre_fed,F-MADRL,deterministic,e5060fa93dc05d2cc9e6c24019a5eaf29d625ee657ae6f3de5ec95842fda2078
1,4,3,272.6,40.75,0.0,8.1,4.05,-0.4552987813949585,-0.9539724588394165,57.37551459668757,-37.078809396653334,57.37551459668757,-0.18947368421052882,0.9,0.9,1.9587208182495408,176.62267990577254,-176.62267990577254,417.85273586245404,111.40639664265923,1430.6437072367576,-979.9514198709354,0.0,0.0,176.62267990577254,1430.6437072367576,0.0,274.9,43.56,0.0,0.9,8.25,0.0,0.0,0.0,main_seed3,3,d1c1eb972d85b5605cb5db7c2c6bc30520ef1b725ec02f3d139c77d64d6a78a6,1500,pre_fed,F-MADRL,deterministic,e5060fa93dc05d2cc9e6c24019a5eaf29d625ee657ae6f3de5ec95842fda2078
2,4,3,110.5,40.75,0.0,8.1,4.05,-0.7101694941520691,-0.5820587873458862,54.49036499776977,-26.208009434695878,54.49036499776977,-0.18947368421052882,0.9,0.9,1.901017826271185,17.350126512711938,-17.350126512711938,697.0711922570176,119.10680096398887,140.53602475296668,-478.3570089869866,0.0,0.0,17.350126512711938,140.53602475296668,0.0,112.45,43.56,0.0,0.9,8.25,0.0,0.0,0.0,main_seed3,3,d1c1eb972d85b5605cb5db7c2c6bc30520ef1b725ec02f3d139c77d64d6a78a6,1500,pre_fed,F-MADRL,deterministic,e5060fa93dc05d2cc9e6c24019a5eaf29d625ee657ae6f3de5ec95842fda2078
3,4,3,124.71,40.75,0.0,8.1,4.05,-0.589184045791626,-1.181004285812378,47.06914891380822,-41.38840116070634,47.06914891380822,-0.18947368421052882,0.9,0.9,1.7525935045919538,38.832918274994256,-38.832918274994256,402.5190505941932,126.80720528531852,314.54663802745347,-421.9364469534826,0.0,0.0,38.832918274994256,314.54663802745347,0.0,126.91,43.56,0.0,0.9,8.25,0.0,0.0,0.0,main_seed3,3,d1c1eb972d85b5605cb5db7c2c6bc30520ef1b725ec02f3d139c77d64d6a78a6,1500,pre_fed,F-MADRL,deterministic,e5060fa93dc05d2cc9e6c24019a5eaf29d625ee657ae6f3de5ec95842fda2078
1,5,4,245.3,27.74,0.0,8.14,4.07,-0.4500787854194641,-0.943230390548706,57.803623519104484,-36.8351464164055,57.803623519104484,-0.18947368421052882,0.9,0.9,1.7070829966978793,161.65293316180393,-161.65293316180393,420.7009235539784,111.40639664265923,1315.854875937084,-923.9810980668608,0.0,0.0,161.65293316180393,1315.854875937084,0.0,272.6,40.75,0.0,0.9,8.1,0.0,0.0,0.0,main_seed3,3,d1c1eb972d85b5605cb5db7c2c6bc30520ef1b725ec02f3d139c77d64d6a78a6,1500,pre_fed,F-MADRL,deterministic,e5060fa93dc05d2cc9e6c24019a5eaf29d625ee657ae6f3de5ec95842fda2078
2,5,4,113.75,27.74,0.0,8.14,4.07,-0.6993691325187683,-0.5722126364707947,55.4445936983568,-25.849119769523583,55.4445936983568,-0.18947368421052882,0.9,0.9,1.6599024002829255,32.414782386136665,-32.414782386136665,703.2884747815232,119.10680096398887,263.8563286231525,-543.1258021843323,0.0,0.0,32.414782386136665,263.8563286231525,0.0,110.5,40.75,0.0,0.9,8.1,0.0,0.0,0.0,main_seed3,3,d1c1eb972d85b5605cb5db7c2c6bc30520ef1b725ec02f3d139c77d64d6a78a6,1500,pre_fed,F-MADRL,deterministic,e5060fa93dc05d2cc9e6c24019a5eaf29d625ee657ae6f3de5ec95842fda2078
3,5,4,128.38,27.74,0.0,8.14,4.07,-0.5822943449020386,-1.1683838367462158,47.56689928464818,-41.18766887573892,47.56689928464818,-0.18947368421052882,0.9,0.9,1.5023485120087532,54.76492291157109,-54.76492291157109,405.85847896558664,126.80720528531852,445.7864725001887,-489.226078375547,0.0,0.0,54.76492291157109,445.7864725001887,0.0,124.71,40.75,0.0,0.9,8.1,0.0,0.0,0.0,main_seed3,3,d1c1eb972d85b5605cb5db7c2c6bc30520ef1b725ec02f3d139c77d64d6a78a6,1500,pre_fed,F-MADRL,deterministic,e5060fa93dc05d2cc9e6c24019a5eaf29d625ee657ae6f3de5ec95842fda2078
1,6,5,233.7,30.15,0.0,8.13,4.07,-0.42318108677864075,-0.8884569406509399,60.039306199647655,-35.53153743070885,60.039306199647655,-0.18947368421052882,0.9,0.9,1.7999966503087428,145.5001641348716,-145.5001641348716,435.6230496023585,111.40639664265923,1182.9163344165063,-864.9728903307621,0.0,0.0,145.5001641348716,1182.9163344165063,0.0,245.3,27.74,0.0,0.9,8.14,0.0,0.0,0.0,main_seed3,3,d1c1eb972d85b5605cb5db7c2c6bc30520ef1b725ec02f3d139c77d64d6a78a6,1500,pre_fed,F-MADRL,deterministic,e5060fa93dc05d2cc9e6c24019a5eaf29d625ee657ae6f3de5ec95842fda2078
2,6,5,120.25,30.15,0.0,8.13,4.07,-0.6548975110054016,-0.5300023555755615,59.5059209860487,-24.269144560875684,59.5059209860487,-0.18947368421052882,0.9,0.9,1.7893289460367634,32.57288164419859,-32.57288164419859,729.9048864069805,119.10680096398887,264.8175277673345,-556.9146075691519,0.0,0.0,32.57288164419859,264.8175277673345,0.0,113.75,27.74,0.0,0.9,8.14,0.0,0.0,0.0,main_seed3,3,d1c1eb972d85b5605cb5db7c2c6bc30520ef1b725ec02f3d139c77d64d6a78a6,1500,pre_fed,F-MADRL,deterministic,e5060fa93dc05d2cc9e6c24019a5eaf29d625ee657ae6f3de5ec95842fda2078
3,6,5,135.43,30.15,0.0,8.13,4.07,-0.5541822910308838,-1.119447112083435,49.63518134378352,-40.36882591687655,49.63518134378352,-0.18947368421052882,0.9,0.9,1.59191415319146,57.426206493618466,-57.426206493618466,419.78509026416987,126.80720528531852,466.87505879311817,-506.73367717130327,0.0,0.0,57.426206493618466,466.87505879311817,0.0,128.38,27.74,0.0,0.9,8.14,0.0,0.0,0.0,main_seed3,3,d1c1eb972d85b5605cb5db7c2c6bc30520ef1b725ec02f3d139c77d64d6a78a6,1500,pre_fed,F-MADRL,deterministic,e5060fa93dc05d2cc9e6c24019a5eaf29d625ee657ae6f3de5ec95842fda2078
1,7,6,274.6,28.65,0.16,8.34,4.17,-0.42547908425331116,-0.8928419351577759,59.84637969003318,-35.63972907768134,59.84637969003318,-0.18947368421052882,0.9,0.9,1.769338120116453,187.90243211429384,-187.90243211429384,434.3321640392191,111.40639664265923,1567.1062838332107,-1056.4224222575444,0.0,0.0,187.90243211429384,1567.1062838332107,0.0,233.7,30.15,0.0,0.9,8.13,0.0,0.0,0.0,main_seed3,3,d1c1eb972d85b5605cb5db7c2c6bc30520ef1b725ec02f3d139c77d64d6a78a6,1500,pre_fed,F-MADRL,deterministic,e5060fa93dc05d2cc9e6c24019a5eaf29d625ee657ae6f3de5ec95842fda2078
2,7,6,130.0,28.65,0.16,8.34,4.17,-0.6653389930725098,-0.5399294495582581,58.53322733129177,-24.646728037671974,58.53322733129177,-0.18947368421052882,0.9,0.9,1.7430750729416247,44.58932142586039,-44.58932142586039,723.5073853755441,119.10680096398887,371.87494069167565,-607.2445635156043,0.0,0.0,44.58932142586039,371.87494069167565,0.0,120.25,30.15,0.0,0.9,8.13,0.0,0.0,0.0,main_seed3,3,d1c1eb972d85b5605cb5db7c2c6bc30520ef1b725ec02f3d139c77d64d6a78a6,1500,pre_fed,F-MADRL,deterministic,e5060fa93dc05d2cc9e6c24019a5eaf29d625ee657ae6f3de5ec95842fda2078
3,7,6,146.72,28.65,0.16,8.34,4.17,-0.5612278580665588,-1.132264494895935,49.111211517614514,-40.5896429163874,49.111211517614514,-0.18947368421052882,0.9,0.9,1.5546347566680796,70.5428969232641,-70.5428969232641,416.2492943362551,126.80720528531852,588.3277603400226,-565.6921299807981,0.0,0.0,70.5428969232641,588.3277603400226,0.0,135.43,30.15,0.0,0.9,8.13,0.0,0.0,0.0,main_seed3,3,d1c1eb972d85b5605cb5db7c2c6bc30520ef1b725ec02f3d139c77d64d6a78a6,1500,pre_fed,F-MADRL,deterministic,e5060fa93dc05d2cc9e6c24019a5eaf29d625ee657ae6f3de5ec95842fda2078
1,8,7,291.0,23.38,1.77,9.35,4.68,-0.4303165376186371,-0.9037143588066101,59.441419013375615,-35.90508242911944,59.441419013375615,-0.18947368421052882,0.9,0.9,1.6880389065833017,208.28609357741823,-208.28609357741823,431.6245033405304,111.40639664265923,1947.4749749488603,-1245.252937466025,0.0,0.0,208.28609357741823,1947.4749749488603,0.0,274.6,28.65,0.16,0.9,8.34,0.0,0.0,0.0,main_seed3,3,d1c1eb972d85b5605cb5db7c2c6bc30520ef1b725ec02f3d139c77d64d6a78a6,1500,pre_fed,F-MADRL,deterministic,e5060fa93dc05d2cc9e6c24019a5eaf29d625ee657ae6f3de5ec95842fda2078
2,8,7,157.95,23.38,1.77,9.35,4.68,-0.6640329957008362,-0.5381187200546265,58.65424680011706,-24.57812936671835,58.65424680011706,-0.18947368421052882,0.9,0.9,1.6722954623181305,76.00752234641159,-76.00752234641159,724.3025588991015,119.10680096398887,710.6703339389484,-777.0398469010195,0.0,0.0,76.00752234641159,710.6703339389484,0.0,130.0,28.65,0.16,0.9,8.34,0.0,0.0,0.0,main_seed3,3,d1c1eb972d85b5605cb5db7c2c6bc30520ef1b725ec02f3d139c77d64d6a78a6,1500,pre_fed,F-MADRL,deterministic,e5060fa93dc05d2cc9e6c24019a5eaf29d625ee657ae6f3de5ec95842fda2078
3,8,7,178.26,23.38,1.77,9.35,4.68,-0.5610495805740356,-1.1334235668182373,49.12442366878707,-40.60938606392891,49.12442366878707,-0.18947368421052882,0.9,0.9,1.4816989996915308,105.65674901511498,-105.65674901511498,416.33838702316245,126.80720528531852,987.8906032913251,-765.518097799903,0.0,0.0,105.65674901511498,987.8906032913251,0.0,146.72,28.65,0.16,0.9,8.34,0.0,0.0,0.0,main_seed3,3,d1c1eb972d85b5605cb5db7c2c6bc30520ef1b725ec02f3d139c77d64d6a78a6,1500,pre_fed,F-MADRL,deterministic,e5060fa93dc05d2cc9e6c24019a5eaf29d625ee657ae6f3de5ec95842fda2078
1,9,8,315.7,21.75,5.3,12.0,6.0,-0.42605677247047424,-0.8967872262001038,59.79793625429634,-35.73649559530077,59.79793625429634,-0.18947368421052882,0.9,0.9,1.733169251401716,230.7747066813159,-230.7747066813159,434.00812013478543,111.40639664265923,2769.2964801757907,-1657.3554984766176,0.0,0.0,230.7747066813159,2769.2964801757907,0.0,291.0,23.38,1.77,0.9,9.35,0.0,0.0,0.0,main_seed3,3,d1c1eb972d85b5605cb5db7c2c6bc30520ef1b725ec02f3d139c77d64d6a78a6,1500,pre_fed,F-MADRL,deterministic,e5060fa93dc05d2cc9e6c24019a5eaf29d625ee657ae6f3de5ec95842fda2078
2,9,8,165.1,21.75,5.3,12.0,6.0,-0.6594614386558533,-0.5308127999305725,59.07931524419262,-24.300107696953575,59.07931524419262,-0.18947368421052882,0.9,0.9,1.718796831199642,80.87895527121754,-80.87895527121754,727.0972883089066,119.10680096398887,970.5474632546104,-908.375776263753,0.0,0.0,80.87895527121754,970.5474632546104,0.0,157.95,23.38,1.77,0.9,9.35,0.0,0.0,0.0,main_seed3,3,d1c1eb972d85b5605cb5db7c2c6bc30520ef1b725ec02f3d139c77d64d6a78a6,1500,pre_fed,F-MADRL,deterministic,e5060fa93dc05d2cc9e6c24019a5eaf29d625ee657ae6f3de5ec95842fda2078
3,9,8,186.33,21.75,5.3,12.0,6.0,-0.5599246621131897,-1.1375272274017334,49.20784668589893,-40.67898796486952,49.20784668589893,-0.18947368421052882,0.9,0.9,1.521367460033768,111.78299445834539,-111.78299445834539,416.90100491197063,126.80720528531852,1341.3959335001446,-942.5520718487169,0.0,0.0,111.78299445834539,1341.3959335001446,0.0,178.26,23.38,1.77,0.9,9.35,0.0,0.0,0.0,main_seed3,3,d1c1eb972d85b5605cb5db7c2c6bc30520ef1b725ec02f3d139c77d64d6a78a6,1500,pre_fed,F-MADRL,deterministic,e5060fa93dc05d2cc9e6c24019a5eaf29d625ee657ae6f3de5ec95842fda2078
1,10,9,362.4,34.82,11.6,9.19,4.6,-0.43325766921043396,-0.9151028394699097,59.1959809107266,-36.17862272183406,59.1959809107266,-0.18947368421052882,0.9,0.9,2.1085301445303215,259.0820229180142,-259.0820229180142,429.9847404728193,111.40639664265923,2380.9637906165503,-1461.1774638660145,0.0,0.0,259.0820229180142,2380.9637906165503,0.0,315.7,21.75,5.3,0.9,12.0,0.0,0.0,0.0,main_seed3,3,d1c1eb972d85b5605cb5db7c2c6bc30520ef1b725ec02f3d139c77d64d6a78a6,1500,pre_fed,F-MADRL,deterministic,e5060fa93dc05d2cc9e6c24019a5eaf29d625ee657ae6f3de5ec95842fda2078
2,10,9,169.0,34.82,11.6,9.19,4.6,-0.673581063747406,-0.5361181497573853,57.77372062087765,-24.502196548286133,57.77372062087765,-0.18947368421052882,0.9,0.9,2.0800849387333424,67.07583800206622,-67.07583800206622,718.5220343638671,119.10680096398887,616.4269512389885,-727.0278932834223,0.0,0.0,67.07583800206622,616.4269512389885,0.0,165.1,21.75,5.3,0.9,12.0,0.0,0.0,0.0,main_seed3,3,d1c1eb972d85b5605cb5db7c2c6bc30520ef1b725ec02f3d139c77d64d6a78a6,1500,pre_fed,F-MADRL,deterministic,e5060fa93dc05d2cc9e6c24019a5eaf29d625ee657ae6f3de5ec95842fda2078
3,10,9,190.73,34.82,11.6,9.19,4.6,-0.5689799785614014,-1.1637941598892212,48.539022438467796,-41.11362638139584,48.539022438467796,-0.18947368421052882,0.9,0.9,1.8953909750851454,97.85584222082787,-97.85584222082787,412.39406901067764,126.80720528531852,899.2951900094081,-719.2482321527021,0.0,0.0,97.85584222082787,899.2951900094081,0.0,186.33,21.75,5.3,0.9,12.0,0.0,0.0,0.0,main_seed3,3,d1c1eb972d85b5605cb5db7c2c6bc30520ef1b725ec02f3d139c77d64d6a78a6,1500,pre_fed,F-MADRL,deterministic,e5060fa93dc05d2cc9e6c24019a5eaf29d625ee657ae6f3de5ec95842fda2078
1,11,10,320.0,27.17,36.64,12.3,6.15,-0.45699506998062134,-0.9609414935112,57.236805127002796,-37.23482640898726,57.236805127002796,-0.18947368421052882,0.9,0.9,2.4171466288558454,201.5598151860636,-201.5598151860636,416.9305454017426,111.40639664265923,2479.185726788582,-1503.761334416492,0.0,0.0,201.5598151860636,2479.185726788582,0.0,362.4,34.82,11.6,0.9,9.19,0.0,0.0,0.0,main_seed3,3,d1c1eb972d85b5605cb5db7c2c6bc30520ef1b725ec02f3d139c77d64d6a78a6,1500,pre_fed,F-MADRL,deterministic,e5060fa93dc05d2cc9e6c24019a5eaf29d625ee657ae6f3de5ec95842fda2078
2,11,10,173.55,27.17,36.64,12.3,6.15,-0.7023717761039734,-0.5699944496154785,55.178048853394415,-25.767760088331727,55.178048853394415,-0.18947368421052882,0.9,0.9,2.3759715033836777,57.1273963341998,-57.1273963341998,701.5504072593139,119.10680096398887,702.6669749106576,-761.6620915669803,0.0,0.0,57.1273963341998,702.6669749106576,0.0,169.0,34.82,11.6,0.9,9.19,0.0,0.0,0.0,main_seed3,3,d1c1eb972d85b5605cb5db7c2c6bc30520ef1b725ec02f3d139c77d64d6a78a6,1500,pre_fed,F-MADRL,deterministic,e5060fa93dc05d2cc9e6c24019a5eaf29d625ee657ae6f3de5ec95842fda2078
3,11,10,195.87,27.17,36.64,12.3,6.15,-0.589827835559845,-1.196422815322876,47.02282262665738,-41.628011762875715,47.02282262665738,-0.18947368421052882,0.9,0.9,2.212866978848937,87.43951803640209,-87.43951803640209,402.2084850147711,126.80720528531852,1075.5060718477457,-802.2608810739177,0.0,0.0,87.43951803640209,1075.5060718477457,0.0,190.73,34.82,11.6,0.9,9.19,0.0,0.0,0.0,main_seed3,3,d1c1eb972d85b5605cb5db7c2c6bc30520ef1b725ec02f3d139c77d64d6a78a6,1500,pre_fed,F-MADRL,deterministic,e5060fa93dc05d2cc9e6c24019a5eaf29d625ee657ae6f3de5ec95842fda2078
1,12,11,350.0,30.2,42.68,20.7,10.35,-0.4442455768585205,-0.9394798874855042,58.28425969023541,-36.74915983719905,58.28425969023541,-0.18947368421052882,0.9,0.9,2.6194957201204976,221.64470971409563,-221.64470971409563,423.90211034202076,111.40639664265923,4588.045491081779,-2561.6769990332295,0.0,0.0,221.64470971409563,4588.045491081779,0.0,320.0,27.17,36.64,0.9,12.3,0.0,0.0,0.0,main_seed3,3,d1c1eb972d85b5605cb5db7c2c6bc30520ef1b725ec02f3d139c77d64d6a78a6,1500,pre_fed,F-MADRL,deterministic,e5060fa93dc05d2cc9e6c24019a5eaf29d625ee657ae6f3de5ec95842fda2078
2,12,11,168.35,30.2,42.68,20.7,10.35,-0.6964191198348999,-0.5517762899398804,55.70740968772084,-25.09251600804734,55.70740968772084,-0.18947368421052882,0.9,0.9,2.5679587200702065,42.52002271655988,-42.52002271655988,705.0032847815327,119.10680096398887,880.1644702327894,-852.1372779891556,0.0,0.0,42.52002271655988,880.1644702327894,0.0,173.55,27.17,36.64,0.9,12.3,0.0,0.0,0.0,main_seed3,3,d1c1eb972d85b5605cb5db7c2c6bc30520ef1b725ec02f3d139c77d64d6a78a6,1500,pre_fed,F-MADRL,deterministic,e5060fa93dc05d2cc9e6c24019a5eaf29d625ee657ae6f3de5ec95842fda2078
3,12,11,190.0,30.2,42.68,20.7,10.35,-0.5904359817504883,-1.2208061218261719,46.979090220033484,-41.994590263694946,46.979090220033484,-0.18947368421052882,0.9,0.9,2.3933923307164595,72.7237757948935,-72.7237757948935,401.91534589846395,126.80720528531852,1505.3821589542954,-1017.0523550690389,0.0,0.0,72.7237757948935,1505.3821589542954,0.0,195.87,27.17,36.64,0.9,12.3,0.0,0.0,0.0,main_seed3,3,d1c1eb972d85b5605cb5db7c2c6bc30520ef1b725ec02f3d139c77d64d6a78a6,1500,pre_fed,F-MADRL,deterministic,e5060fa93dc05d2cc9e6c24019a5eaf29d625ee657ae6f3de5ec95842fda2078
1,13,12,345.2,23.52,35.22,26.82,13.41,-0.46765434741973877,-0.9951472282409668,56.369787530296065,-37.97742861165837,56.369787530296065,-0.18947368421052882,0.9,0.9,2.298406276921711,232.57809243083616,-232.57809243083616,411.1733635376003,111.40639664265923,6237.744438995026,-3380.162099587643,0.0,0.0,232.57809243083616,6237.744438995026,0.0,350.0,30.2,42.68,0.9,20.7,0.0,0.0,0.0,main_seed3,3,d1c1eb972d85b5605cb5db7c2c6bc30520ef1b725ec02f3d139c77d64d6a78a6,1500,pre_fed,F-MADRL,deterministic,e5060fa93dc05d2cc9e6c24019a5eaf29d625ee657ae6f3de5ec95842fda2078
2,13,12,168.35,23.52,35.22,26.82,13.41,-0.7526723742485046,-0.5829021334648132,50.856323329527164,-26.238578010371228,50.856323329527164,-0.18947368421052882,0.9,0.9,2.188136992906333,61.13128734758969,-61.13128734758969,673.5202952434545,119.10680096398887,1639.5411266623555,-1216.0841114348996,0.0,0.0,61.13128734758969,1639.5411266623555,0.0,168.35,30.2,42.68,0.9,20.7,0.0,0.0,0.0,main_seed3,3,d1c1eb972d85b5605cb5db7c2c6bc30520ef1b725ec02f3d139c77d64d6a78a6,1500,pre_fed,F-MADRL,deterministic,e5060fa93dc05d2cc9e6c24019a5eaf29d625ee657ae6f3de5ec95842fda2078
3,13,12,190.0,23.52,35.22,26.82,13.41,-0.621574342250824,-1.2962881326675415,44.7776774406506,-43.03822697999009,44.7776774406506,-0.18947368421052882,0.9,0.9,2.0665640751288015,88.73836031868872,-88.73836031868872,387.20618970147996,126.80720528531852,2379.9628237472316,-1446.988109367015,0.0,0.0,88.73836031868872,2379.9628237472316,0.0,190.0,30.2,42.68,0.9,20.7,0.0,0.0,0.0,main_seed3,3,d1c1eb972d85b5605cb5db7c2c6bc30520ef1b725ec02f3d139c77d64d6a78a6,1500,pre_fed,F-MADRL,deterministic,e5060fa93dc05d2cc9e6c24019a5eaf29d625ee657ae6f3de5ec95842fda2078
1,14,13,320.6,39.48,35.46,27.35,13.68,-0.46563899517059326,-0.9962198734283447,56.53310198338624,-38.00010118730962,56.53310198338624,-0.18947368421052882,0.9,0.9,2.6256725659835145,191.9420442668078,-191.9420442668078,412.2568754658672,111.40639664265923,5249.614910697194,-2886.6390914028602,0.0,0.0,191.9420442668078,5249.614910697194,0.0,345.2,23.52,35.22,0.9,26.82,0.0,0.0,0.0,main_seed3,3,d1c1eb972d85b5605cb5db7c2c6bc30520ef1b725ec02f3d139c77d64d6a78a6,1500,pre_fed,F-MADRL,deterministic,e5060fa93dc05d2cc9e6c24019a5eaf29d625ee657ae6f3de5ec95842fda2078
2,14,13,165.75,39.48,35.46,27.35,13.68,-0.7629501819610596,-0.5796850323677063,50.00640498205778,-26.121823347957136,50.00640498205778,-0.18947368421052882,0.9,0.9,2.495138625956945,43.488207328109695,-43.488207328109695,668.041248396233,119.10680096398887,1189.4024704238002,-988.275259892011,0.0,0.0,43.488207328109695,1189.4024704238002,0.0,168.35,23.52,35.22,0.9,26.82,0.0,0.0,0.0,main_seed3,3,d1c1eb972d85b5605cb5db7c2c6bc30520ef1b725ec02f3d139c77d64d6a78a6,1500,pre_fed,F-MADRL,deterministic,e5060fa93dc05d2cc9e6c24019a5eaf29d625ee657ae6f3de5ec95842fda2078
3,14,13,187.07,39.48,35.46,27.35,13.68,-0.6239242553710938,-1.3092749118804932,44.61455882004931,-43.204591511344795,44.61455882004931,-0.18947368421052882,0.9,0.9,2.3873017027167758,70.09221656687797,-70.09221656687797,386.11994590220905,126.80720528531852,1917.0221231041126,-1214.97463714582,0.0,0.0,70.09221656687797,1917.0221231041126,0.0,190.0,23.52,35.22,0.9,26.82,0.0,0.0,0.0,main_seed3,3,d1c1eb972d85b5605cb5db7c2c6bc30520ef1b725ec02f3d139c77d64d6a78a6,1500,pre_fed,F-MADRL,deterministic,e5060fa93dc05d2cc9e6c24019a5eaf29d625ee657ae6f3de5ec95842fda2078
1,15,14,333.2,35.74,34.83,13.81,6.91,-0.4862935543060303,-1.0370196104049683,54.87302740546877,-38.83542043140447,54.87302740546877,-0.18947368421052882,0.9,0.9,2.5050710744251647,210.4515173531669,-210.4515173531669,401.2632147660761,111.40639664265923,2906.335454647235,-1709.5025330279852,0.0,0.0,210.4515173531669,2906.335454647235,0.0,320.6,39.48,35.46,0.9,27.35,0.0,0.0,0.0,main_seed3,3,d1c1eb972d85b5605cb5db7c2c6bc30520ef1b725ec02f3d139c77d64d6a78a6,1500,pre_fed,F-MADRL,deterministic,e5060fa93dc05d2cc9e6c24019a5eaf29d625ee657ae6f3de5ec95842fda2078
2,15,14,170.3,35.74,34.83,13.81,6.91,-0.8122902512550354,-0.6257334351539612,46.080756757195545,-27.755368015722386,46.080756757195545,-0.18947368421052882,0.9,0.9,2.3292256614597004,56.1679425884747,-56.1679425884747,642.876813070071,119.10680096398887,775.6792871468357,-768.8314505904477,0.0,0.0,56.1679425884747,775.6792871468357,0.0,165.75,39.48,35.46,0.9,27.35,0.0,0.0,0.0,main_seed3,3,d1c1eb972d85b5605cb5db7c2c6bc30520ef1b725ec02f3d139c77d64d6a78a6,1500,pre_fed,F-MADRL,deterministic,e5060fa93dc05d2cc9e6c24019a5eaf29d625ee657ae6f3de5ec95842fda2078
3,15,14,192.2,35.74,34.83,13.81,6.91,-0.6525008678436279,-1.3578788042068481,42.66488730753534,-43.79500859833298,42.66488730753534,-0.18947368421052882,0.9,0.9,2.2609082724664966,81.41549464914166,-81.41549464914166,373.17577504194486,126.80720528531852,1124.3479811046464,-812.1654807159548,0.0,0.0,81.41549464914166,1124.3479811046464,0.0,187.07,39.48,35.46,0.9,27.35,0.0,0.0,0.0,main_seed3,3,d1c1eb972d85b5605cb5db7c2c6bc30520ef1b725ec02f3d139c77d64d6a78a6,1500,pre_fed,F-MADRL,deterministic,e5060fa93dc05d2cc9e6c24019a5eaf29d625ee657ae6f3de5ec95842fda2078
1,16,15,316.8,18.06,23.62,17.31,8.66,-0.46306654810905457,-0.978748619556427,56.74197671026504,-37.626184095780275,56.74197671026504,-0.18947368421052882,0.9,0.9,1.9646500605210904,220.5321470344666,-220.5321470344666,413.6432873427209,111.40639664265923,3817.4114651666164,-2171.230574575998,0.0,0.0,220.5321470344666,3817.4114651666164,0.0,333.2,35.74,34.83,0.9,13.81,0.0,0.0,0.0,main_seed3,3,d1c1eb972d85b5605cb5db7c2c6bc30520ef1b725ec02f3d139c77d64d6a78a6,1500,pre_fed,F-MADRL,deterministic,e5060fa93dc05d2cc9e6c24019a5eaf29d625ee657ae6f3de5ec95842fda2078
2,16,15,172.25,18.06,23.62,17.31,8.66,-0.7336674332618713,-0.583245575428009,52.45745096138831,-26.251018924312337,52.45745096138831,-0.18947368421052882,0.9,0.9,1.8789595455435557,80.18098226836577,-80.18098226836577,683.8718810870707,119.10680096398887,1387.9328030654112,-1095.4557425582354,0.0,0.0,80.18098226836577,1387.9328030654112,0.0,170.3,35.74,34.83,0.9,13.81,0.0,0.0,0.0,main_seed3,3,d1c1eb972d85b5605cb5db7c2c6bc30520ef1b725ec02f3d139c77d64d6a78a6,1500,pre_fed,F-MADRL,deterministic,e5060fa93dc05d2cc9e6c24019a5eaf29d625ee657ae6f3de5ec95842fda2078
3,16,15,194.4,18.06,23.62,17.31,8.66,-0.6117578148841858,-1.2599023580551147,45.46367137283395,-42.55185942673531,45.46367137283395,-0.18947368421052882,0.9,0.9,1.7390839537724685,109.18488626514905,-109.18488626514905,391.7799121157871,126.80720528531852,1889.9903812497298,-1204.2887493254177,0.0,0.0,109.18488626514905,1889.9903812497298,0.0,192.2,35.74,34.83,0.9,13.81,0.0,0.0,0.0,main_seed3,3,d1c1eb972d85b5605cb5db7c2c6bc30520ef1b725ec02f3d139c77d64d6a78a6,1500,pre_fed,F-MADRL,deterministic,e5060fa93dc05d2cc9e6c24019a5eaf29d625ee657ae6f3de5ec95842fda2078
1,17,16,291.3,24.27,14.18,16.42,8.21,-0.43802928924560547,-0.9315913915634155,58.79904071280886,-36.566749619378136,58.79904071280886,-0.18947368421052882,0.9,0.9,1.9411913405719667,196.18162431197362,-196.18162431197362,427.33486310611374,111.40639664265923,3221.3022712026072,-1880.0217654756902,0.0,0.0,196.18162431197362,3221.3022712026072,0.0,316.8,18.06,23.62,0.9,17.31,0.0,0.0,0.0,main_seed3,3,d1c1eb972d85b5605cb5db7c2c6bc30520ef1b725ec02f3d139c77d64d6a78a6,1500,pre_fed,F-MADRL,deterministic,e5060fa93dc05d2cc9e6c24019a5eaf29d625ee657ae6f3de5ec95842fda2078
2,17,16,165.75,24.27,14.18,16.42,8.21,-0.6959528923034668,-0.5401234030723572,55.74903137369658,-24.654068626777786,55.74903137369658,-0.18947368421052882,0.9,0.9,1.8801911537897211,73.62063346430367,-73.62063346430367,705.2749523957976,119.10680096398887,1208.8508014838662,-1016.6162774218265,0.0,0.0,73.62063346430367,1208.8508014838662,0.0,172.25,18.06,23.62,0.9,17.31,0.0,0.0,0.0,main_seed3,3,d1c1eb972d85b5605cb5db7c2c6bc30520ef1b725ec02f3d139c77d64d6a78a6,1500,pre_fed,F-MADRL,deterministic,e5060fa93dc05d2cc9e6c24019a5eaf29d625ee657ae6f3de5ec95842fda2078
3,17,16,187.07,24.27,14.18,16.42,8.21,-0.5852149724960327,-1.2172578573226929,47.355455697490434,-41.942171568363925,47.355455697490434,-0.18947368421052882,0.9,0.9,1.712319640265598,103.1663376269857,-103.1663376269857,404.4393198534307,126.80720528531852,1693.9912638351052,-1112.6188944869273,0.0,0.0,103.1663376269857,1693.9912638351052,0.0,194.4,18.06,23.62,0.9,17.31,0.0,0.0,0.0,main_seed3,3,d1c1eb972d85b5605cb5db7c2c6bc30520ef1b725ec02f3d139c77d64d6a78a6,1500,pre_fed,F-MADRL,deterministic,e5060fa93dc05d2cc9e6c24019a5eaf29d625ee657ae6f3de5ec95842fda2078
1,18,17,413.8,26.26,4.67,9.83,4.92,-0.44291064143180847,-0.9394016265869141,58.394584018380094,-36.747360516818375,58.394584018380094,-0.18947368421052882,0.9,0.9,1.7827022066833913,326.44759187251384,-326.44759187251384,424.6374328708393,111.40639664265923,3208.979828106811,-1872.5118288101548,0.0,0.0,326.44759187251384,3208.979828106811,0.0,291.3,24.27,14.18,0.9,16.42,0.0,0.0,0.0,main_seed3,3,d1c1eb972d85b5605cb5db7c2c6bc30520ef1b725ec02f3d139c77d64d6a78a6,1500,pre_fed,F-MADRL,deterministic,e5060fa93dc05d2cc9e6c24019a5eaf29d625ee657ae6f3de5ec95842fda2078
2,18,17,164.25,26.26,4.67,9.83,4.92,-0.7107186317443848,-0.5578315854072571,54.44218217101615,-25.318339336022422,54.44218217101615,-0.18947368421052882,0.9,0.9,1.7036541697361125,80.77094568293049,-80.77094568293049,696.7576238478918,119.10680096398887,793.9783960632067,-804.9214104375437,0.0,0.0,80.77094568293049,793.9783960632067,0.0,165.75,24.27,14.18,0.9,16.42,0.0,0.0,0.0,main_seed3,3,d1c1eb972d85b5605cb5db7c2c6bc30520ef1b725ec02f3d139c77d64d6a78a6,1500,pre_fed,F-MADRL,deterministic,e5060fa93dc05d2cc9e6c24019a5eaf29d625ee657ae6f3de5ec95842fda2078
3,18,17,185.6,26.26,4.67,9.83,4.92,-0.5921777486801147,-1.2212730646133423,46.85399402582347,-42.001465208266346,46.85399402582347,-0.18947368421052882,0.9,0.9,1.551890406832259,109.5573700652193,-109.5573700652193,401.0770244736674,126.80720528531852,1076.9489477411057,-802.4165887500458,0.0,0.0,109.5573700652193,1076.9489477411057,0.0,187.07,24.27,14.18,0.9,16.42,0.0,0.0,0.0,main_seed3,3,d1c1eb972d85b5605cb5db7c2c6bc30520ef1b725ec02f3d139c77d64d6a78a6,1500,pre_fed,F-MADRL,deterministic,e5060fa93dc05d2cc9e6c24019a5eaf29d625ee657ae6f3de5ec95842fda2078
1,19,18,539.8,26.77,0.18,8.63,4.32,-0.4511752426624298,-0.9504399299621582,57.713542304421686,-36.99910760059888,57.713542304421686,-0.18947368421052882,0.9,0.9,1.6894813724042235,457.015412752193,-457.015412752193,420.1013710004186,111.40639664265923,3944.043012051426,-2237.775389847252,0.0,0.0,457.015412752193,3944.043012051426,0.0,413.8,26.26,4.67,0.9,9.83,0.0,0.0,0.0,main_seed3,3,d1c1eb972d85b5605cb5db7c2c6bc30520ef1b725ec02f3d139c77d64d6a78a6,1500,pre_fed,F-MADRL,deterministic,e5060fa93dc05d2cc9e6c24019a5eaf29d625ee657ae6f3de5ec95842fda2078
2,19,18,162.5,26.77,0.18,8.63,4.32,-0.6751258969306946,-0.5437101125717163,57.63217869774369,-24.78956219725365,57.63217869774369,-0.18947368421052882,0.9,0.9,1.6878541002706635,79.7951490867375,-79.7951490867375,717.593931966194,119.10680096398887,688.6321366185447,-762.6664347743638,0.0,0.0,79.7951490867375,688.6321366185447,0.0,164.25,26.26,4.67,0.9,9.83,0.0,0.0,0.0,main_seed3,3,d1c1eb972d85b5605cb5db7c2c6bc30520ef1b725ec02f3d139c77d64d6a78a6,1500,pre_fed,F-MADRL,deterministic,e5060fa93dc05d2cc9e6c24019a5eaf29d625ee657ae6f3de5ec95842fda2078
3,19,18,183.4,26.77,0.18,8.63,4.32,-0.5707218647003174,-1.1602280139923096,48.41107783227267,-41.055708785203606,48.41107783227267,-0.18947368421052882,0.9,0.9,1.5034320829612429,109.7318279348991,-109.7318279348991,411.5328705458866,126.80720528531852,946.9856750781794,-742.6628754546923,0.0,0.0,109.7318279348991,946.9856750781794,0.0,185.6,26.26,4.67,0.9,9.83,0.0,0.0,0.0,main_seed3,3,d1c1eb972d85b5605cb5db7c2c6bc30520ef1b725ec02f3d139c77d64d6a78a6,1500,pre_fed,F-MADRL,deterministic,e5060fa93dc05d2cc9e6c24019a5eaf29d625ee657ae6f3de5ec95842fda2078
1,20,19,557.2,26.22,0.0,8.87,4.44,-0.4654277563095093,-0.9795762300491333,56.55023635624692,-37.644119990327106,56.55023635624692,-0.18947368421052882,0.9,0.9,1.651615253440728,476.27085258140437,-476.27085258140437,412.3705787365062,111.40639664265923,4224.522462397056,-2374.149718888111,0.0,0.0,476.27085258140437,4224.522462397056,0.0,539.8,26.77,0.18,0.9,8.63,0.0,0.0,0.0,main_seed3,3,d1c1eb972d85b5605cb5db7c2c6bc30520ef1b725ec02f3d139c77d64d6a78a6,1500,pre_fed,F-MADRL,deterministic,e5060fa93dc05d2cc9e6c24019a5eaf29d625ee657ae6f3de5ec95842fda2078
2,20,19,165.75,26.22,0.0,8.87,4.44,-0.6678289175033569,-0.5411000847816467,58.30300921945032,-24.691011915132982,58.30300921945032,-0.18947368421052882,0.9,0.9,1.6866707107047958,83.10313517546501,-83.10313517546501,721.9953230852069,119.10680096398887,737.1248090063746,-789.1134665277852,0.0,0.0,83.10313517546501,737.1248090063746,0.0,162.5,26.77,0.18,0.9,8.63,0.0,0.0,0.0,main_seed3,3,d1c1eb972d85b5605cb5db7c2c6bc30520ef1b725ec02f3d139c77d64d6a78a6,1500,pre_fed,F-MADRL,deterministic,e5060fa93dc05d2cc9e6c24019a5eaf29d625ee657ae6f3de5ec95842fda2078
3,20,19,187.07,26.22,0.0,8.87,4.44,-0.5654274225234985,-1.1443010568618774,48.80067535683429,-40.79286614903576,48.80067535683429,-0.18947368421052882,0.9,0.9,1.4966240334524752,113.73542236082871,-113.73542236082871,414.15623001839697,126.80720528531852,1008.8331963405506,-774.8983158221331,0.0,0.0,113.73542236082871,1008.8331963405506,0.0,183.4,26.77,0.18,0.9,8.63,0.0,0.0,0.0,main_seed3,3,d1c1eb972d85b5605cb5db7c2c6bc30520ef1b725ec02f3d139c77d64d6a78a6,1500,pre_fed,F-MADRL,deterministic,e5060fa93dc05d2cc9e6c24019a5eaf29d625ee657ae6f3de5ec95842fda2078
1,21,20,557.1,32.84,0.0,8.35,4.18,-0.4670393168926239,-0.9833413362503052,56.41959624928571,-37.725435296513005,56.41959624928571,-0.18947368421052882,0.9,0.9,1.7814024513015039,469.8112798862263,-469.8112798862263,411.50377435746685,111.40639664265923,3922.9241870499895,-2222.917179025058,0.0,0.0,469.8112798862263,3922.9241870499895,0.0,557.2,26.22,0.0,0.9,8.87,0.0,0.0,0.0,main_seed3,3,d1c1eb972d85b5605cb5db7c2c6bc30520ef1b725ec02f3d139c77d64d6a78a6,1500,pre_fed,F-MADRL,deterministic,e5060fa93dc05d2cc9e6c24019a5eaf29d625ee657ae6f3de5ec95842fda2078
2,21,20,169.0,32.84,0.0,8.35,4.18,-0.6683105230331421,-0.5409342646598816,58.25855713535925,-24.68474222741594,58.25855713535925,-0.18947368421052882,0.9,0.9,1.8181816690229744,79.90909821787426,-79.90909821787426,721.7034565729944,119.10680096398887,667.24097011925,-754.0256138281167,0.0,0.0,79.90909821787426,667.24097011925,0.0,165.75,26.22,0.0,0.9,8.87,0.0,0.0,0.0,main_seed3,3,d1c1eb972d85b5605cb5db7c2c6bc30520ef1b725ec02f3d139c77d64d6a78a6,1500,pre_fed,F-MADRL,deterministic,e5060fa93dc05d2cc9e6c24019a5eaf29d625ee657ae6f3de5ec95842fda2078
3,21,20,190.73,32.84,0.0,8.35,4.18,-0.5657880902290344,-1.1457489728927612,48.774067938821375,-40.817045048296976,48.774067938821375,-0.18947368421052882,0.9,0.9,1.628491885092217,110.93389763048135,-110.93389763048135,413.9769769059094,126.80720528531852,926.2980452145192,-733.5411137028736,0.0,0.0,110.93389763048135,926.2980452145192,0.0,187.07,26.22,0.0,0.9,8.87,0.0,0.0,0.0,main_seed3,3,d1c1eb972d85b5605cb5db7c2c6bc30520ef1b725ec02f3d139c77d64d6a78a6,1500,pre_fed,F-MADRL,deterministic,e5060fa93dc05d2cc9e6c24019a5eaf29d625ee657ae6f3de5ec95842fda2078
1,22,21,535.0,36.02,0.0,16.44,8.22,-0.47618046402931213,-1.0011481046676636,55.68205364558318,-38.10379545030209,55.68205364558318,-0.18947368421052882,0.9,0.9,1.8302515992274533,445.3176716378548,-445.3176716378548,406.61532474807154,111.40639664265923,7321.022521726333,-3919.522121558532,0.0,0.0,445.3176716378548,7321.022521726333,0.0,557.1,32.84,0.0,0.9,8.35,0.0,0.0,0.0,main_seed3,3,d1c1eb972d85b5605cb5db7c2c6bc30520ef1b725ec02f3d139c77d64d6a78a6,1500,pre_fed,F-MADRL,deterministic,e5060fa93dc05d2cc9e6c24019a5eaf29d625ee657ae6f3de5ec95842fda2078
2,22,21,161.2,36.02,0.0,16.44,8.22,-0.6889937520027161,-0.5619718432426453,56.37307477708966,-25.471949686316886,56.37307477708966,-0.18947368421052882,0.9,0.9,1.8440720218575828,70.84047092897843,-70.84047092897843,709.3512837885266,119.10680096398887,1164.6173420724056,-996.5377134124606,0.0,0.0,70.84047092897843,1164.6173420724056,0.0,169.0,32.84,0.0,0.9,8.35,0.0,0.0,0.0,main_seed3,3,d1c1eb972d85b5605cb5db7c2c6bc30520ef1b725ec02f3d139c77d64d6a78a6,1500,pre_fed,F-MADRL,deterministic,e5060fa93dc05d2cc9e6c24019a5eaf29d625ee657ae6f3de5ec95842fda2078
3,22,21,181.93,36.02,0.0,16.44,8.22,-0.5792456269264221,-1.1680185794830322,47.78830805568492,-41.18179687030197,47.78830805568492,-0.18947368421052882,0.9,0.9,1.672376687429488,99.98354231595509,-99.98354231595509,407.3454324783673,126.80720528531852,1643.7294356743018,-1088.941036718994,0.0,0.0,99.98354231595509,1643.7294356743018,0.0,190.73,32.84,0.0,0.9,8.35,0.0,0.0,0.0,main_seed3,3,d1c1eb972d85b5605cb5db7c2c6bc30520ef1b725ec02f3d139c77d64d6a78a6,1500,pre_fed,F-MADRL,deterministic,e5060fa93dc05d2cc9e6c24019a5eaf29d625ee657ae6f3de5ec95842fda2078
1,23,22,437.8,37.23,0.0,16.19,8.1,-0.49200183153152466,-1.0407572984695435,54.41961842615144,-38.9093470083131,54.41961842615144,-0.18947368421052882,0.9,0.9,1.8292028948388181,348.16905815289795,-348.16905815289795,398.2683258417344,111.40639664265923,5636.857051495418,-3073.265886989906,0.0,0.0,348.16905815289795,5636.857051495418,0.0,535.0,36.02,0.0,0.9,16.44,0.0,0.0,0.0,main_seed3,3,d1c1eb972d85b5605cb5db7c2c6bc30520ef1b725ec02f3d139c77d64d6a78a6,1500,pre_fed,F-MADRL,deterministic,e5060fa93dc05d2cc9e6c24019a5eaf29d625ee657ae6f3de5ec95842fda2078
2,23,22,148.0,37.23,0.0,16.19,8.1,-0.7473754286766052,-0.5953114628791809,51.298721672377205,-26.685245549262337,51.298721672377205,-0.18947368421052882,0.9,0.9,1.7667849597633336,61.42753697159665,-61.42753697159665,676.3765863227748,119.10680096398887,994.5118235701499,-894.9976054284568,0.0,0.0,61.42753697159665,994.5118235701499,0.0,161.2,36.02,0.0,0.9,16.44,0.0,0.0,0.0,main_seed3,3,d1c1eb972d85b5605cb5db7c2c6bc30520ef1b725ec02f3d139c77d64d6a78a6,1500,pre_fed,F-MADRL,deterministic,e5060fa93dc05d2cc9e6c24019a5eaf29d625ee657ae6f3de5ec95842fda2078
3,23,22,161.39,37.23,0.0,16.19,8.1,-0.6114593744277954,-1.24571692943573,45.484642581791604,-42.3539115553578,45.484642581791604,-0.18947368421052882,0.9,0.9,1.6505033779516214,80.51533448037054,-80.51533448037054,391.9198741527458,126.80720528531852,1303.5432652371992,-911.1351723376317,0.0,0.0,80.51533448037054,1303.5432652371992,0.0,181.93,36.02,0.0,0.9,16.44,0.0,0.0,0.0,main_seed3,3,d1c1eb972d85b5605cb5db7c2c6bc30520ef1b725ec02f3d139c77d64d6a78a6,1500,pre_fed,F-MADRL,deterministic,e5060fa93dc05d2cc9e6c24019a5eaf29d625ee657ae6f3de5ec95842fda2078
1,24,23,447.3,44.12,0.0,8.87,4.44,-0.48243850469589233,-1.019922137260437,55.180559934071916,-38.491741004220486,55.180559934071916,-0.18947368421052882,0.9,0.9,1.9822217249972278,350.1711354751359,-350.1711354751359,403.2964457994567,111.40639664265923,3106.017971664455,-1810.3604070532856,0.0,0.0,350.1711354751359,3106.017971664455,0.0,437.8,37.23,0.0,0.9,16.19,0.0,0.0,0.0,main_seed3,3,d1c1eb972d85b5605cb5db7c2c6bc30520ef1b725ec02f3d139c77d64d6a78a6,1500,pre_fed,F-MADRL,deterministic,e5060fa93dc05d2cc9e6c24019a5eaf29d625ee657ae6f3de5ec95842fda2078
2,24,23,119.6,44.12,0.0,8.87,4.44,-0.7467419505119324,-0.5952600240707397,51.351828827102636,-26.683406152251564,51.351828827102636,-0.18947368421052882,0.9,0.9,1.9056471028578421,26.223291959965735,-26.223291959965735,676.7196661994922,119.10680096398887,232.60059968489605,-514.2135334241885,0.0,0.0,26.223291959965735,232.60059968489605,0.0,148.0,37.23,0.0,0.9,16.19,0.0,0.0,0.0,main_seed3,3,d1c1eb972d85b5605cb5db7c2c6bc30520ef1b725ec02f3d139c77d64d6a78a6,1500,pre_fed,F-MADRL,deterministic,e5060fa93dc05d2cc9e6c24019a5eaf29d625ee657ae6f3de5ec95842fda2078
3,24,23,134.98,44.12,0.0,8.87,4.44,-0.6094451546669006,-1.2404136657714844,45.62635889471376,-42.27867669755387,45.62635889471376,-0.18947368421052882,0.9,0.9,1.7911377042100645,47.21425249370682,-47.21425249370682,392.86590912518454,126.80720528531852,418.7904196191795,-469.2317670148413,0.0,0.0,47.21425249370682,418.7904196191795,0.0,161.39,37.23,0.0,0.9,16.19,0.0,0.0,0.0,main_seed3,3,d1c1eb972d85b5605cb5db7c2c6bc30520ef1b725ec02f3d139c77d64d6a78a6,1500,pre_fed,F-MADRL,deterministic,e5060fa93dc05d2cc9e6c24019a5eaf29d625ee657ae6f3de5ec95842fda2078
1,1,0,457.7,51.48,0.0,8.65,4.33,0.052292678505182266,-0.17967340350151062,105.22450653854708,-8.888230526217733,105.22450653854708,-8.888230526217733,0.5,0.5834381899990685,2.9563255202465863,312.84004950791723,-312.84004950791723,754.5689712883632,459.131923647958,2706.066428243484,-1959.8836615899027,0.0,0.0,312.84004950791723,2706.066428243484,0.0,447.3,44.12,0.0,0.5,8.87,0.0,0.0,0.0,main_seed3,3,d1c1eb972d85b5605cb5db7c2c6bc30520ef1b725ec02f3d139c77d64d6a78a6,1500,pre_fed,PPO-MADRL,deterministic,5e507c7101c0b510ea929918f4c586377b888caf23c1694cd4b212d061be2cbd
2,1,0,110.5,51.48,0.0,8.65,4.33,-1.1229908466339111,-1.178283929824829,26.795059149797098,-41.34548621286041,26.795059149797098,-41.34548621286041,0.5,0.8917821190221739,0.7385914587387339,74.30901852180205,-74.30901852180205,522.6525474516401,240.27326642092223,642.7730102135877,-702.8494120430751,0.0,0.0,74.30901852180205,642.7730102135877,0.0,119.6,44.12,0.0,0.5,8.87,0.0,0.0,0.0,main_seed3,3,d1c1eb972d85b5605cb5db7c2c6bc30520ef1b725ec02f3d139c77d64d6a78a6,1500,pre_fed,PPO-MADRL,deterministic,5e507c7101c0b510ea929918f4c586377b888caf23c1694cd4b212d061be2cbd
3,1,0,124.71,51.48,0.0,8.65,4.33,-0.3638835549354553,-1.2219725847244263,65.136982182409,-42.01175437459647,65.136982182409,-42.01175437459647,0.5,0.8981116665586664,1.4921045561562505,51.59687674834372,-51.59687674834372,526.7527177341952,246.17881113516208,446.31298387317315,-609.6222563712652,0.0,0.0,51.59687674834372,446.31298387317315,0.0,134.98,44.12,0.0,0.5,8.87,0.0,0.0,0.0,main_seed3,3,d1c1eb972d85b5605cb5db7c2c6bc30520ef1b725ec02f3d139c77d64d6a78a6,1500,pre_fed,PPO-MADRL,deterministic,5e507c7101c0b510ea929918f4c586377b888caf23c1694cd4b212d061be2cbd
1,2,1,336.5,38.37,0.0,8.11,4.06,0.048939384520053864,-0.18581196665763855,104.89003509392577,-9.185131961592644,104.89003509392577,-9.185131961592644,0.5834381899990685,0.6695300672542005,2.681498062646663,205.10659493031352,-205.10659493031352,752.0865483794958,364.74144665945835,1663.4144848848425,-1390.1212399618985,0.0,0.0,205.10659493031352,1663.4144848848425,0.0,457.7,51.48,0.0,0.5834381899990685,8.65,0.0,0.0,0.0,main_seed3,3,d1c1eb972d85b5605cb5db7c2c6bc30520ef1b725ec02f3d139c77d64d6a78a6,1500,pre_fed,PPO-MADRL,deterministic,5e507c7101c0b510ea929918f4c586377b888caf23c1694cd4b212d061be2cbd
2,2,1,109.85,38.37,0.0,8.11,4.06,-1.278597354888916,-1.3391449451446533,20.144494377028575,-43.57333602862948,20.144494377028575,-1.0527837069337413,0.8917821190221739,0.9,1.1492342134018967,53.53752354330706,-53.53752354330706,482.50481302968893,121.37062506138008,434.1893159362202,-519.0323770136446,0.0,0.0,53.53752354330706,434.1893159362202,0.0,110.5,51.48,0.0,0.8917821190221739,8.65,0.0,0.0,0.0,main_seed3,3,d1c1eb972d85b5605cb5db7c2c6bc30520ef1b725ec02f3d139c77d64d6a78a6,1500,pre_fed,PPO-MADRL,deterministic,5e507c7101c0b510ea929918f4c586377b888caf23c1694cd4b212d061be2cbd
3,2,1,123.98,38.37,0.0,8.11,4.06,-0.43071672320365906,-1.4186673164367676,59.40798892951877,-44.4660289242126,59.40798892951877,-0.38784808152115885,0.8981116665586664,0.9,1.9478028169599524,28.53766196896234,-28.53766196896234,486.6888525926774,127.3380099842213,231.44043856828455,-422.7336505725916,0.0,0.0,28.53766196896234,231.44043856828455,0.0,124.71,51.48,0.0,0.8981116665586664,8.65,0.0,0.0,0.0,main_seed3,3,d1c1eb972d85b5605cb5db7c2c6bc30520ef1b725ec02f3d139c77d64d6a78a6,1500,pre_fed,PPO-MADRL,deterministic,5e507c7101c0b510ea929918f4c586377b888caf23c1694cd4b212d061be2cbd
1,3,2,274.9,43.56,0.0,8.25,4.13,0.04986316338181496,-0.15414702892303467,104.98218789296412,-7.646880548134353,104.98218789296412,-7.646880548134353,0.6695300672542005,0.7408363723269685,2.8179061468965956,136.8225988020668,-136.8225988020668,752.7703189235831,285.14790791296645,1128.7864401170511,-1083.3523334768004,0.0,0.0,136.8225988020668,1128.7864401170511,0.0,336.5,38.37,0.0,0.6695300672542005,8.11,0.0,0.0,0.0,main_seed3,3,d1c1eb972d85b5605cb5db7c2c6bc30520ef1b725ec02f3d139c77d64d6a78a6,1500,pre_fed,PPO-MADRL,deterministic,5e507c7101c0b510ea929918f4c586377b888caf23c1694cd4b212d061be2cbd
2,3,2,112.45,43.56,0.0,8.25,4.13,-1.2358624935150146,-1.2920112609863281,21.80200073809218,-42.98261906696699,21.80200073809218,-0.18947368421052882,0.9,0.9,1.3034505410776331,48.58092348719598,-48.58092348719598,492.44785118736024,119.10680096398887,400.79261876936687,-506.173635460358,0.0,0.0,48.58092348719598,400.79261876936687,0.0,109.85,38.37,0.0,0.9,8.11,0.0,0.0,0.0,main_seed3,3,d1c1eb972d85b5605cb5db7c2c6bc30520ef1b725ec02f3d139c77d64d6a78a6,1500,pre_fed,PPO-MADRL,deterministic,5e507c7101c0b510ea929918f4c586377b888caf23c1694cd4b212d061be2cbd
3,3,2,126.91,43.56,0.0,8.25,4.13,-0.4022168517112732,-1.3549723625183105,61.81558128721885,-43.76109152959957,61.81558128721885,-0.18947368421052882,0.9,0.9,2.1037221520601666,23.827614549051845,-23.827614549051845,503.4496051325707,126.80720528531852,196.57782002967772,-413.4173152237835,0.0,0.0,23.827614549051845,196.57782002967772,0.0,123.98,38.37,0.0,0.9,8.11,0.0,0.0,0.0,main_seed3,3,d1c1eb972d85b5605cb5db7c2c6bc30520ef1b725ec02f3d139c77d64d6a78a6,1500,pre_fed,PPO-MADRL,deterministic,5e507c7101c0b510ea929918f4c586377b888caf23c1694cd4b212d061be2cbd
1,4,3,272.6,40.75,0.0,8.1,4.05,0.04739798605442047,-0.15292546153068542,104.73625236382469,-7.5872196798768226,104.73625236382469,-7.5872196798768226,0.7408363723269685,0.8114332865411444,2.7579806536789575,137.45894796973113,-137.45894796973113,750.9457922507493,214.30889665991674,1113.417478554822,-1039.336083732744,0.0,0.0,137.45894796973113,1113.417478554822,0.0,274.9,43.56,0.0,0.7408363723269685,8.25,0.0,0.0,0.0,main_seed3,3,d1c1eb972d85b5605cb5db7c2c6bc30520ef1b725ec02f3d139c77d64d6a78a6,1500,pre_fed,PPO-MADRL,deterministic,5e507c7101c0b510ea929918f4c586377b888caf23c1694cd4b212d061be2cbd
2,4,3,110.5,40.75,0.0,8.1,4.05,-1.2545608282089233,-1.3126003742218018,21.061932323464887,-43.24659517299508,21.061932323464887,-0.18947368421052882,0.9,0.9,1.2324491727850873,50.10999053353073,-50.10999053353073,488.003173545587,119.10680096398887,405.89092332159885,-506.50044891558736,0.0,0.0,50.10999053353073,405.89092332159885,0.0,112.45,43.56,0.0,0.9,8.25,0.0,0.0,0.0,main_seed3,3,d1c1eb972d85b5605cb5db7c2c6bc30520ef1b725ec02f3d139c77d64d6a78a6,1500,pre_fed,PPO-MADRL,deterministic,5e507c7101c0b510ea929918f4c586377b888caf23c1694cd4b212d061be2cbd
3,4,3,124.71,40.75,0.0,8.1,4.05,-0.41424065828323364,-1.3822559118270874,60.79325670532787,-44.072771000686224,60.79325670532787,-0.18947368421052882,0.9,0.9,2.027075660422347,25.383292639304983,-25.383292639304983,496.31911203593387,126.80720528531852,205.60467037837034,-414.36549384981134,0.0,0.0,25.383292639304983,205.60467037837034,0.0,126.91,43.56,0.0,0.9,8.25,0.0,0.0,0.0,main_seed3,3,d1c1eb972d85b5605cb5db7c2c6bc30520ef1b725ec02f3d139c77d64d6a78a6,1500,pre_fed,PPO-MADRL,deterministic,5e507c7101c0b510ea929918f4c586377b888caf23c1694cd4b212d061be2cbd
1,5,4,245.3,27.74,0.0,8.14,4.07,0.048338137567043304,-0.1465066820383072,104.83005241512689,-7.273369377692063,104.83005241512689,-7.273369377692063,0.8114332865411444,0.8789074290561367,2.505933660748697,122.50925062331387,-122.50925062331387,751.6415529183276,149.15925295223988,997.225300073775,-949.0130529721712,0.0,0.0,122.50925062331387,997.225300073775,0.0,272.6,40.75,0.0,0.8114332865411444,8.1,0.0,0.0,0.0,main_seed3,3,d1c1eb972d85b5605cb5db7c2c6bc30520ef1b725ec02f3d139c77d64d6a78a6,1500,pre_fed,PPO-MADRL,deterministic,5e507c7101c0b510ea929918f4c586377b888caf23c1694cd4b212d061be2cbd
2,5,4,113.75,27.74,0.0,8.14,4.07,-1.2436439990997314,-1.3005948066711426,21.49116406086765,-43.09381019168661,21.49116406086765,-0.18947368421052882,0.9,0.9,0.9808338075331424,65.68914343087602,-65.68914343087602,490.5800248741808,119.10680096398887,534.7096275273308,-572.1982266827503,0.0,0.0,65.68914343087602,534.7096275273308,0.0,110.5,40.75,0.0,0.9,8.1,0.0,0.0,0.0,main_seed3,3,d1c1eb972d85b5605cb5db7c2c6bc30520ef1b725ec02f3d139c77d64d6a78a6,1500,pre_fed,PPO-MADRL,deterministic,5e507c7101c0b510ea929918f4c586377b888caf23c1694cd4b212d061be2cbd
3,5,4,128.38,27.74,0.0,8.14,4.07,-0.4077824056148529,-1.366858720779419,61.341187513898824,-43.89871583037364,61.341187513898824,-0.18947368421052882,0.9,0.9,1.777834276593766,41.26612044690546,-41.26612044690546,500.1383416690975,126.80720528531852,335.9062204378105,-481.42588369611326,0.0,0.0,41.26612044690546,335.9062204378105,0.0,124.71,40.75,0.0,0.9,8.1,0.0,0.0,0.0,main_seed3,3,d1c1eb972d85b5605cb5db7c2c6bc30520ef1b725ec02f3d139c77d64d6a78a6,1500,pre_fed,PPO-MADRL,deterministic,5e507c7101c0b510ea929918f4c586377b888caf23c1694cd4b212d061be2cbd
1,6,5,233.7,30.15,0.0,8.13,4.07,0.05388028547167778,-0.12597817182540894,105.3828206261227,-6.2657965017629245,105.3828206261227,-2.4053037686290133,0.8789074290561367,0.9,2.6625503371498733,103.23503347965618,-103.23503347965618,755.744598934674,117.10203698663685,839.3008221896048,-856.0737290554578,0.0,0.0,103.23503347965618,839.3008221896048,0.0,245.3,27.74,0.0,0.8789074290561367,8.14,0.0,0.0,0.0,main_seed3,3,d1c1eb972d85b5605cb5db7c2c6bc30520ef1b725ec02f3d139c77d64d6a78a6,1500,pre_fed,PPO-MADRL,deterministic,5e507c7101c0b510ea929918f4c586377b888caf23c1694cd4b212d061be2cbd
2,6,5,120.25,30.15,0.0,8.13,4.07,-1.2015324831008911,-1.254351258277893,23.22299724949106,-42.474965132946835,23.22299724949106,-0.18947368421052882,0.9,0.9,1.0636704713056107,68.13014690602509,-68.13014690602509,501.0053621466082,119.10680096398887,553.8980943459841,-587.0051287282906,0.0,0.0,68.13014690602509,553.8980943459841,0.0,113.75,27.74,0.0,0.9,8.14,0.0,0.0,0.0,main_seed3,3,d1c1eb972d85b5605cb5db7c2c6bc30520ef1b725ec02f3d139c77d64d6a78a6,1500,pre_fed,PPO-MADRL,deterministic,5e507c7101c0b510ea929918f4c586377b888caf23c1694cd4b212d061be2cbd
3,6,5,135.43,30.15,0.0,8.13,4.07,-0.37723419070243835,-1.303446650505066,63.96968868246653,-43.13039053007856,63.96968868246653,-0.18947368421052882,0.9,0.9,1.8786042999651202,43.37838930170912,-43.37838930170912,518.5390414113815,126.80720528531852,352.6663050228952,-499.0062758597976,0.0,0.0,43.37838930170912,352.6663050228952,0.0,128.38,27.74,0.0,0.9,8.14,0.0,0.0,0.0,main_seed3,3,d1c1eb972d85b5605cb5db7c2c6bc30520ef1b725ec02f3d139c77d64d6a78a6,1500,pre_fed,PPO-MADRL,deterministic,5e507c7101c0b510ea929918f4c586377b888caf23c1694cd4b212d061be2cbd
1,7,6,274.6,28.65,0.16,8.34,4.17,0.05268768221139908,-0.12717007100582123,105.26389827608047,-6.324446788629093,105.26389827608047,-0.18947368421052882,0.9,0.9,2.6776884918373987,143.39326389996748,-143.39326389996748,754.8614532094241,111.40639664265923,1195.8998209257288,-1031.0838353889062,0.0,0.0,143.39326389996748,1195.8998209257288,0.0,233.7,30.15,0.0,0.9,8.13,0.0,0.0,0.0,main_seed3,3,d1c1eb972d85b5605cb5db7c2c6bc30520ef1b725ec02f3d139c77d64d6a78a6,1500,pre_fed,PPO-MADRL,deterministic,5e507c7101c0b510ea929918f4c586377b888caf23c1694cd4b212d061be2cbd
2,7,6,130.0,28.65,0.16,8.34,4.17,-1.2124404907226562,-1.2664484977722168,22.76259109651912,-42.641608374709726,22.76259109651912,-0.18947368421052882,0.9,0.9,1.027662348246172,79.64454493593757,-79.64454493593757,498.22934763427634,119.10680096398887,664.2355047657194,-640.7858266819924,0.0,0.0,79.64454493593757,664.2355047657194,0.0,120.25,30.15,0.0,0.9,8.13,0.0,0.0,0.0,main_seed3,3,d1c1eb972d85b5605cb5db7c2c6bc30520ef1b725ec02f3d139c77d64d6a78a6,1500,pre_fed,PPO-MADRL,deterministic,5e507c7101c0b510ea929918f4c586377b888caf23c1694cd4b212d061be2cbd
3,7,6,146.72,28.65,0.16,8.34,4.17,-0.38397306203842163,-1.319989562034607,63.38471364906633,-43.33906665272155,63.38471364906633,-0.18947368421052882,0.9,0.9,1.840104799297116,56.55486483444132,-56.55486483444132,514.4325945826297,126.80720528531852,471.6675727192406,-556.4536862935944,0.0,0.0,56.55486483444132,471.6675727192406,0.0,135.43,30.15,0.0,0.9,8.13,0.0,0.0,0.0,main_seed3,3,d1c1eb972d85b5605cb5db7c2c6bc30520ef1b725ec02f3d139c77d64d6a78a6,1500,pre_fed,PPO-MADRL,deterministic,5e507c7101c0b510ea929918f4c586377b888caf23c1694cd4b212d061be2cbd
1,8,7,291.0,23.38,1.77,9.35,4.68,0.05561431497335434,-0.1304687261581421,105.55570483520123,-6.486672436715846,105.55570483520123,-0.18947368421052882,0.9,0.9,2.6103246230198143,163.0940934720291,-163.0940934720291,757.0288869257256,111.40639664265923,1524.9297739634721,-1196.6825287659285,0.0,0.0,163.0940934720291,1524.9297739634721,0.0,274.6,28.65,0.16,0.9,8.34,0.0,0.0,0.0,main_seed3,3,d1c1eb972d85b5605cb5db7c2c6bc30520ef1b725ec02f3d139c77d64d6a78a6,1500,pre_fed,PPO-MADRL,deterministic,5e507c7101c0b510ea929918f4c586377b888caf23c1694cd4b212d061be2cbd
2,8,7,157.95,23.38,1.77,9.35,4.68,-1.2131624221801758,-1.2673574686050415,22.732415128983604,-42.65399155721652,22.732415128983604,-0.18947368421052882,0.9,0.9,0.9538588288954616,111.21091738412238,-111.21091738412238,498.04751443435987,119.10680096398887,1039.8220775415443,-828.4881964699466,0.0,0.0,111.21091738412238,1039.8220775415443,0.0,130.0,28.65,0.16,0.9,8.34,0.0,0.0,0.0,main_seed3,3,d1c1eb972d85b5605cb5db7c2c6bc30520ef1b725ec02f3d139c77d64d6a78a6,1500,pre_fed,PPO-MADRL,deterministic,5e507c7101c0b510ea929918f4c586377b888caf23c1694cd4b212d061be2cbd
3,8,7,178.26,23.38,1.77,9.35,4.68,-0.3812684714794159,-1.3198498487472534,63.61914440571179,-43.337329176608435,63.61914440571179,-0.18947368421052882,0.9,0.9,1.7715934144300252,91.45192269292876,-91.45192269292876,516.0774865788762,126.80720528531852,855.0754771788838,-748.9800845215393,0.0,0.0,91.45192269292876,855.0754771788838,0.0,146.72,28.65,0.16,0.9,8.34,0.0,0.0,0.0,main_seed3,3,d1c1eb972d85b5605cb5db7c2c6bc30520ef1b725ec02f3d139c77d64d6a78a6,1500,pre_fed,PPO-MADRL,deterministic,5e507c7101c0b510ea929918f4c586377b888caf23c1694cd4b212d061be2cbd
1,9,8,315.7,21.75,5.3,12.0,6.0,0.06582470238208771,-0.13194653391838074,106.57297964356482,-6.559305214659869,106.57297964356482,-0.18947368421052882,0.9,0.9,2.668670119187086,184.93516415983277,-184.93516415983277,764.595623481063,111.40639664265923,2219.221969917993,-1547.6119950208576,0.0,0.0,184.93516415983277,2219.221969917993,0.0,291.0,23.38,1.77,0.9,9.35,0.0,0.0,0.0,main_seed3,3,d1c1eb972d85b5605cb5db7c2c6bc30520ef1b725ec02f3d139c77d64d6a78a6,1500,pre_fed,PPO-MADRL,deterministic,5e507c7101c0b510ea929918f4c586377b888caf23c1694cd4b212d061be2cbd
2,9,8,165.1,21.75,5.3,12.0,6.0,-1.2159960269927979,-1.2707595825195312,22.614325663322873,-42.700169450578585,22.614325663322873,-0.18947368421052882,0.9,0.9,0.9894970395822469,116.6146450604699,-116.6146450604699,497.3360684792458,119.10680096398887,1399.3757407256387,-1007.9093050844367,0.0,0.0,116.6146450604699,1399.3757407256387,0.0,157.95,23.38,1.77,0.9,9.35,0.0,0.0,0.0,main_seed3,3,d1c1eb972d85b5605cb5db7c2c6bc30520ef1b725ec02f3d139c77d64d6a78a6,1500,pre_fed,PPO-MADRL,deterministic,5e507c7101c0b510ea929918f4c586377b888caf23c1694cd4b212d061be2cbd
3,9,8,186.33,21.75,5.3,12.0,6.0,-0.36924514174461365,-1.3161553144454956,64.66687307442834,-43.29123093253219,64.66687307442834,-0.18947368421052882,0.9,0.9,1.8305479878043562,96.63314859758655,-96.63314859758655,523.4416750580588,126.80720528531852,1159.5977831710386,-904.923331757208,0.0,0.0,96.63314859758655,1159.5977831710386,0.0,178.26,23.38,1.77,0.9,9.35,0.0,0.0,0.0,main_seed3,3,d1c1eb972d85b5605cb5db7c2c6bc30520ef1b725ec02f3d139c77d64d6a78a6,1500,pre_fed,PPO-MADRL,deterministic,5e507c7101c0b510ea929918f4c586377b888caf23c1694cd4b212d061be2cbd
1,10,9,362.4,34.82,11.6,9.19,4.6,0.08572247624397278,-0.14812415838241577,108.55131188768247,-7.352513152630418,108.55131188768247,-0.18947368421052882,0.9,0.9,3.095636764069439,210.71379856059747,-210.71379856059747,779.3589412290927,111.40639664265923,1936.4598087718907,-1413.6125733218214,0.0,0.0,210.71379856059747,1936.4598087718907,0.0,315.7,21.75,5.3,0.9,12.0,0.0,0.0,0.0,main_seed3,3,d1c1eb972d85b5605cb5db7c2c6bc30520ef1b725ec02f3d139c77d64d6a78a6,1500,pre_fed,PPO-MADRL,deterministic,5e507c7101c0b510ea929918f4c586377b888caf23c1694cd4b212d061be2cbd
2,10,9,169.0,34.82,11.6,9.19,4.6,-1.239582896232605,-1.2961344718933105,21.65287687402378,-43.03623616115726,21.65287687402378,-0.18947368421052882,0.9,0.9,1.357668063796265,102.47426487398302,-102.47426487398302,491.5515784290595,119.10680096398887,941.7384941919039,-776.1984367924761,0.0,0.0,102.47426487398302,941.7384941919039,0.0,165.1,21.75,5.3,0.9,12.0,0.0,0.0,0.0,main_seed3,3,d1c1eb972d85b5605cb5db7c2c6bc30520ef1b725ec02f3d139c77d64d6a78a6,1500,pre_fed,PPO-MADRL,deterministic,5e507c7101c0b510ea929918f4c586377b888caf23c1694cd4b212d061be2cbd
3,10,9,190.73,34.82,11.6,9.19,4.6,-0.35974469780921936,-1.3277711868286133,65.50108628125305,-43.4351771113502,65.50108628125305,-0.18947368421052882,0.9,0.9,2.234632251940851,81.23301965489831,-81.23301965489831,529.3200381823096,126.80720528531852,746.5314506285155,-701.3293470480719,0.0,0.0,81.23301965489831,746.5314506285155,0.0,186.33,21.75,5.3,0.9,12.0,0.0,0.0,0.0,main_seed3,3,d1c1eb972d85b5605cb5db7c2c6bc30520ef1b725ec02f3d139c77d64d6a78a6,1500,pre_fed,PPO-MADRL,deterministic,5e507c7101c0b510ea929918f4c586377b888caf23c1694cd4b212d061be2cbd
1,11,10,320.0,27.17,36.64,12.3,6.15,0.07774540781974792,-0.16354331374168396,107.75891454990276,-8.105034004219963,107.75891454990276,-0.18947368421052882,0.9,0.9,3.4275888173138442,152.04814795162164,-152.04814795162164,773.438058911727,111.40639664265923,1870.1922198049463,-1377.5183376796663,0.0,0.0,152.04814795162164,1870.1922198049463,0.0,362.4,34.82,11.6,0.9,9.19,0.0,0.0,0.0,main_seed3,3,d1c1eb972d85b5605cb5db7c2c6bc30520ef1b725ec02f3d139c77d64d6a78a6,1500,pre_fed,PPO-MADRL,deterministic,5e507c7101c0b510ea929918f4c586377b888caf23c1694cd4b212d061be2cbd
2,11,10,173.55,27.17,36.64,12.3,6.15,-1.2593814134597778,-1.3194924592971802,20.87491254636141,-43.33288276173208,20.87491254636141,-0.18947368421052882,0.9,0.9,1.689908777243018,90.74446991509214,-90.74446991509214,486.8812942643514,119.10680096398887,1116.1569799556335,-861.0725375919869,0.0,0.0,90.74446991509214,1116.1569799556335,0.0,169.0,34.82,11.6,0.9,9.19,0.0,0.0,0.0,main_seed3,3,d1c1eb972d85b5605cb5db7c2c6bc30520ef1b725ec02f3d139c77d64d6a78a6,1500,pre_fed,PPO-MADRL,deterministic,5e507c7101c0b510ea929918f4c586377b888caf23c1694cd4b212d061be2cbd
3,11,10,195.87,27.17,36.64,12.3,6.15,-0.3876841366291046,-1.3807827234268188,63.063797335849856,-44.05632092370829,63.063797335849856,-0.18947368421052882,0.9,0.9,2.5336864730327866,71.71936282139346,-71.71936282139346,512.1825665982506,126.80720528531852,882.1481627031396,-760.5689672933544,0.0,0.0,71.71936282139346,882.1481627031396,0.0,190.73,34.82,11.6,0.9,9.19,0.0,0.0,0.0,main_seed3,3,d1c1eb972d85b5605cb5db7c2c6bc30520ef1b725ec02f3d139c77d64d6a78a6,1500,pre_fed,PPO-MADRL,deterministic,5e507c7101c0b510ea929918f4c586377b888caf23c1694cd4b212d061be2cbd
1,12,11,350.0,30.2,42.68,20.7,10.35,0.13386860489845276,-0.1917344629764557,113.30746183151825,-9.470949249408841,113.30746183151825,-0.18947368421052882,0.9,0.9,3.7199597629461545,167.72197161563844,-167.72197161563844,815.1111870205622,111.40639664265923,3471.8448124437155,-2199.1811980534685,0.0,0.0,167.72197161563844,3471.8448124437155,0.0,320.0,27.17,36.64,0.9,12.3,0.0,0.0,0.0,main_seed3,3,d1c1eb972d85b5605cb5db7c2c6bc30520ef1b725ec02f3d139c77d64d6a78a6,1500,pre_fed,PPO-MADRL,deterministic,5e507c7101c0b510ea929918f4c586377b888caf23c1694cd4b212d061be2cbd
2,12,11,168.35,30.2,42.68,20.7,10.35,-1.2672829627990723,-1.3292361497879028,20.571663659178505,-43.45312599393187,20.571663659178505,-0.18947368421052882,0.9,0.9,1.8652437994993596,76.95305382453137,-76.95305382453137,485.06331901150224,119.10680096398887,1592.9282141677993,-1098.5491670716451,0.0,0.0,76.95305382453137,1592.9282141677993,0.0,173.55,27.17,36.64,0.9,12.3,0.0,0.0,0.0,main_seed3,3,d1c1eb972d85b5605cb5db7c2c6bc30520ef1b725ec02f3d139c77d64d6a78a6,1500,pre_fed,PPO-MADRL,deterministic,5e507c7101c0b510ea929918f4c586377b888caf23c1694cd4b212d061be2cbd
3,12,11,190.0,30.2,42.68,20.7,10.35,-0.3383982479572296,-1.3601553440093994,67.39533322784615,-43.82145461552799,67.39533322784615,-0.18947368421052882,0.9,0.9,2.8017171908727123,52.7158576472371,-52.7158576472371,542.7171299922641,126.80720528531852,1091.218253297808,-880.3712942876953,0.0,0.0,52.7158576472371,1091.218253297808,0.0,195.87,27.17,36.64,0.9,12.3,0.0,0.0,0.0,main_seed3,3,d1c1eb972d85b5605cb5db7c2c6bc30520ef1b725ec02f3d139c77d64d6a78a6,1500,pre_fed,PPO-MADRL,deterministic,5e507c7101c0b510ea929918f4c586377b888caf23c1694cd4b212d061be2cbd
1,13,12,345.2,23.52,35.22,26.82,13.41,0.17804381251335144,-0.2360316812992096,117.61860591466854,-11.587201022999725,117.61860591466854,-0.18947368421052882,0.9,0.9,3.5233826446091605,172.55425041415114,-172.55425041415114,847.8349311361158,111.40639664265923,4627.904996107533,-2793.5731619431544,0.0,0.0,172.55425041415114,4627.904996107533,0.0,350.0,30.2,42.68,0.9,20.7,0.0,0.0,0.0,main_seed3,3,d1c1eb972d85b5605cb5db7c2c6bc30520ef1b725ec02f3d139c77d64d6a78a6,1500,pre_fed,PPO-MADRL,deterministic,5e507c7101c0b510ea929918f4c586377b888caf23c1694cd4b212d061be2cbd
2,13,12,168.35,23.52,35.22,26.82,13.41,-1.340118169784546,-1.4071961641311646,17.961912196117954,-44.344862145087426,17.961912196117954,-0.18947368421052882,0.9,0.9,1.5302487702381484,93.36781025833072,-93.36781025833072,469.475651475982,119.10680096398887,2504.12467112843,-1546.3535617842003,0.0,0.0,93.36781025833072,2504.12467112843,0.0,168.35,30.2,42.68,0.9,20.7,0.0,0.0,0.0,main_seed3,3,d1c1eb972d85b5605cb5db7c2c6bc30520ef1b725ec02f3d139c77d64d6a78a6,1500,pre_fed,PPO-MADRL,deterministic,5e507c7101c0b510ea929918f4c586377b888caf23c1694cd4b212d061be2cbd
3,13,12,190.0,23.52,35.22,26.82,13.41,-0.328600138425827,-1.4038249254226685,68.2737621314909,-44.308781045759844,68.2737621314909,-0.18947368421052882,0.9,0.9,2.5364857689456075,65.71219732166524,-65.71219732166524,548.9529706420424,126.80720528531852,1762.4011321670619,-1219.0806540472113,0.0,0.0,65.71219732166524,1762.4011321670619,0.0,190.0,30.2,42.68,0.9,20.7,0.0,0.0,0.0,main_seed3,3,d1c1eb972d85b5605cb5db7c2c6bc30520ef1b725ec02f3d139c77d64d6a78a6,1500,pre_fed,PPO-MADRL,deterministic,5e507c7101c0b510ea929918f4c586377b888caf23c1694cd4b212d061be2cbd
1,14,13,320.6,39.48,35.46,27.35,13.68,0.19474530220031738,-0.24254387617111206,119.23201333292472,-11.894855151511972,119.23201333292472,-0.18947368421052882,0.9,0.9,3.8796507929742843,130.4971111442601,-130.4971111442601,860.1589275920536,111.40639664265923,3569.0959897955136,-2270.330657015113,0.0,0.0,130.4971111442601,3569.0959897955136,0.0,345.2,23.52,35.22,0.9,26.82,0.0,0.0,0.0,main_seed3,3,d1c1eb972d85b5605cb5db7c2c6bc30520ef1b725ec02f3d139c77d64d6a78a6,1500,pre_fed,PPO-MADRL,deterministic,5e507c7101c0b510ea929918f4c586377b888caf23c1694cd4b212d061be2cbd
2,14,13,165.75,39.48,35.46,27.35,13.68,-1.3628451824188232,-1.43027663230896,17.212814882471783,-44.58616377510868,17.212814882471783,-0.18947368421052882,0.9,0.9,1.839266823965225,75.62592562570397,-75.62592562570397,465.02052410339434,119.10680096398887,2068.369065863004,-1326.2481954651935,0.0,0.0,75.62592562570397,2068.369065863004,0.0,168.35,23.52,35.22,0.9,26.82,0.0,0.0,0.0,main_seed3,3,d1c1eb972d85b5605cb5db7c2c6bc30520ef1b725ec02f3d139c77d64d6a78a6,1500,pre_fed,PPO-MADRL,deterministic,5e507c7101c0b510ea929918f4c586377b888caf23c1694cd4b212d061be2cbd
3,14,13,187.07,39.48,35.46,27.35,13.68,-0.31317755579948425,-1.3936012983322144,69.66749277637743,-44.1980346089589,69.66749277637743,-0.18947368421052882,0.9,0.9,2.888360381843338,45.540341289676434,-45.540341289676434,558.8769487533456,126.80720528531852,1245.5283342726505,-965.6062441556574,0.0,0.0,45.540341289676434,1245.5283342726505,0.0,190.0,23.52,35.22,0.9,26.82,0.0,0.0,0.0,main_seed3,3,d1c1eb972d85b5605cb5db7c2c6bc30520ef1b725ec02f3d139c77d64d6a78a6,1500,pre_fed,PPO-MADRL,deterministic,5e507c7101c0b510ea929918f4c586377b888caf23c1694cd4b212d061be2cbd
1,15,14,333.2,35.74,34.83,13.81,6.91,0.19010773301124573,-0.2594107985496521,118.7850139335028,-12.68721750424071,118.7850139335028,-0.18947368421052882,0.9,0.9,3.7833108049858453,147.81777055569358,-147.81777055569358,856.7403039346138,111.40639664265923,2041.3634113741284,-1504.7550559757008,0.0,0.0,147.81777055569358,2041.3634113741284,0.0,320.6,39.48,35.46,0.9,27.35,0.0,0.0,0.0,main_seed3,3,d1c1eb972d85b5605cb5db7c2c6bc30520ef1b725ec02f3d139c77d64d6a78a6,1500,pre_fed,PPO-MADRL,deterministic,5e507c7101c0b510ea929918f4c586377b888caf23c1694cd4b212d061be2cbd
2,15,14,170.3,35.74,34.83,13.81,6.91,-1.4038865566253662,-1.4757075309753418,15.933560724744652,-45.03303256221259,15.933560724744652,-0.18947368421052882,0.9,0.9,1.7262817408106828,85.71219470027656,-85.71219470027656,457.432100432555,119.10680096398887,1183.6854088108194,-880.1121551036816,0.0,0.0,85.71219470027656,1183.6854088108194,0.0,165.75,39.48,35.46,0.9,27.35,0.0,0.0,0.0,main_seed3,3,d1c1eb972d85b5605cb5db7c2c6bc30520ef1b725ec02f3d139c77d64d6a78a6,1500,pre_fed,PPO-MADRL,deterministic,5e507c7101c0b510ea929918f4c586377b888caf23c1694cd4b212d061be2cbd
3,15,14,192.2,35.74,34.83,13.81,6.91,-0.34886717796325684,-1.4626500606536865,66.46294831178986,-44.90830348923831,66.46294831178986,-0.18947368421052882,0.9,0.9,2.736869492551587,58.093394864972225,-58.093394864972225,536.1143029253077,126.80720528531852,802.2697830852665,-732.5956456479464,0.0,0.0,58.093394864972225,802.2697830852665,0.0,187.07,39.48,35.46,0.9,27.35,0.0,0.0,0.0,main_seed3,3,d1c1eb972d85b5605cb5db7c2c6bc30520ef1b725ec02f3d139c77d64d6a78a6,1500,pre_fed,PPO-MADRL,deterministic,5e507c7101c0b510ea929918f4c586377b888caf23c1694cd4b212d061be2cbd
1,16,15,316.8,18.06,23.62,17.31,8.66,0.13455067574977875,-0.206832617521286,113.37445495622762,-10.196640696682207,113.37445495622762,-0.18947368421052882,0.9,0.9,3.097299625440342,165.03231835342325,-165.03231835342325,815.6173953462576,111.40639664265923,2856.709430697756,-1891.8666113433364,0.0,0.0,165.03231835342325,2856.709430697756,0.0,333.2,35.74,34.83,0.9,13.81,0.0,0.0,0.0,main_seed3,3,d1c1eb972d85b5605cb5db7c2c6bc30520ef1b725ec02f3d139c77d64d6a78a6,1500,pre_fed,PPO-MADRL,deterministic,5e507c7101c0b510ea929918f4c586377b888caf23c1694cd4b212d061be2cbd
2,16,15,172.25,18.06,23.62,17.31,8.66,-1.3049049377441406,-1.3699002265930176,19.18272600824362,-43.933472650637285,19.18272600824362,-0.18947368421052882,0.9,0.9,1.213465046480662,112.79021272244756,-112.79021272244756,476.75450875283957,119.10680096398887,1952.3985822255672,-1274.129945971198,0.0,0.0,112.79021272244756,1952.3985822255672,0.0,170.3,35.74,34.83,0.9,13.81,0.0,0.0,0.0,main_seed3,3,d1c1eb972d85b5605cb5db7c2c6bc30520ef1b725ec02f3d139c77d64d6a78a6,1500,pre_fed,PPO-MADRL,deterministic,5e507c7101c0b510ea929918f4c586377b888caf23c1694cd4b212d061be2cbd
3,16,15,194.4,18.06,23.62,17.31,8.66,-0.3591657876968384,-1.406517505645752,65.55209743091548,-44.33761604808496,65.55209743091548,-0.18947368421052882,0.9,0.9,2.1408524749340994,89.49822872822914,-89.49822872822914,529.6799221107451,126.80720528531852,1549.2143392856462,-1102.850733340855,0.0,0.0,89.49822872822914,1549.2143392856462,0.0,192.2,35.74,34.83,0.9,13.81,0.0,0.0,0.0,main_seed3,3,d1c1eb972d85b5605cb5db7c2c6bc30520ef1b725ec02f3d139c77d64d6a78a6,1500,pre_fed,PPO-MADRL,deterministic,5e507c7101c0b510ea929918f4c586377b888caf23c1694cd4b212d061be2cbd
1,17,16,291.3,24.27,14.18,16.42,8.21,0.14077280461788177,-0.18696263432502747,113.9850219665522,-9.240712012375054,113.9850219665522,-0.18947368421052882,0.9,0.9,3.0449109656468334,142.09936268330517,-142.09936268330517,820.2342660336732,111.40639664265923,2333.271535259871,-1632.4560989681017,0.0,0.0,142.09936268330517,2333.271535259871,0.0,316.8,18.06,23.62,0.9,17.31,0.0,0.0,0.0,main_seed3,3,d1c1eb972d85b5605cb5db7c2c6bc30520ef1b725ec02f3d139c77d64d6a78a6,1500,pre_fed,PPO-MADRL,deterministic,5e507c7101c0b510ea929918f4c586377b888caf23c1694cd4b212d061be2cbd
2,17,16,165.75,24.27,14.18,16.42,8.21,-1.2798950672149658,-1.3403648138046265,20.0960262522391,-43.587992152188676,20.0960262522391,-0.18947368421052882,0.9,0.9,1.1671310513605715,108.560578483332,-108.560578483332,482.2146911733113,119.10680096398887,1782.5646986963116,-1191.9430954168058,0.0,0.0,108.560578483332,1782.5646986963116,0.0,172.25,18.06,23.62,0.9,17.31,0.0,0.0,0.0,main_seed3,3,d1c1eb972d85b5605cb5db7c2c6bc30520ef1b725ec02f3d139c77d64d6a78a6,1500,pre_fed,PPO-MADRL,deterministic,5e507c7101c0b510ea929918f4c586377b888caf23c1694cd4b212d061be2cbd
3,17,16,187.07,24.27,14.18,16.42,8.21,-0.325138658285141,-1.3391143083572388,68.58540947849535,-43.572967541333504,68.58540947849535,-0.18947368421052882,0.9,0.9,2.1369187158856966,82.36098292160086,-82.36098292160086,551.1688338067204,126.80720528531852,1352.3673395726864,-1015.1716893323627,0.0,0.0,82.36098292160086,1352.3673395726864,0.0,194.4,18.06,23.62,0.9,17.31,0.0,0.0,0.0,main_seed3,3,d1c1eb972d85b5605cb5db7c2c6bc30520ef1b725ec02f3d139c77d64d6a78a6,1500,pre_fed,PPO-MADRL,deterministic,5e507c7101c0b510ea929918f4c586377b888caf23c1694cd4b212d061be2cbd
1,18,17,413.8,26.26,4.67,9.83,4.92,0.11921137571334839,-0.17786720395088196,111.86498492394693,-8.80074637303024,111.86498492394693,-0.18947368421052882,0.9,0.9,2.852110224794728,274.0465989850584,-274.0465989850584,804.2292900664589,111.40639664265923,2693.878068023124,-1804.756877366121,0.0,0.0,274.0465989850584,2693.878068023124,0.0,291.3,24.27,14.18,0.9,16.42,0.0,0.0,0.0,main_seed3,3,d1c1eb972d85b5605cb5db7c2c6bc30520ef1b725ec02f3d139c77d64d6a78a6,1500,pre_fed,PPO-MADRL,deterministic,5e507c7101c0b510ea929918f4c586377b888caf23c1694cd4b212d061be2cbd
2,18,17,164.25,26.26,4.67,9.83,4.92,-1.2886147499084473,-1.3493788242340088,19.773137025606587,-43.69532958067444,19.773137025606587,-0.18947368421052882,0.9,0.9,1.0102732668279213,114.74660992543186,-114.74660992543186,480.28284310897936,119.10680096398887,1127.959175566995,-863.6744098199817,0.0,0.0,114.74660992543186,1127.959175566995,0.0,165.75,24.27,14.18,0.9,16.42,0.0,0.0,0.0,main_seed3,3,d1c1eb972d85b5605cb5db7c2c6bc30520ef1b725ec02f3d139c77d64d6a78a6,1500,pre_fed,PPO-MADRL,deterministic,5e507c7101c0b510ea929918f4c586377b888caf23c1694cd4b212d061be2cbd
3,18,17,185.6,26.26,4.67,9.83,4.92,-0.3514512777328491,-1.3631904125213623,66.23380167489161,-43.856548534466086,66.23380167489161,-0.18947368421052882,0.9,0.9,1.939486559813622,90.56515856913252,-90.56515856913252,534.4940943320545,126.80720528531852,890.2555087345727,-775.7784041759728,0.0,0.0,90.56515856913252,890.2555087345727,0.0,187.07,24.27,14.18,0.9,16.42,0.0,0.0,0.0,main_seed3,3,d1c1eb972d85b5605cb5db7c2c6bc30520ef1b725ec02f3d139c77d64d6a78a6,1500,pre_fed,PPO-MADRL,deterministic,5e507c7101c0b510ea929918f4c586377b888caf23c1694cd4b212d061be2cbd
1,19,18,539.8,26.77,0.18,8.63,4.32,0.07424481958150864,-0.15249624848365784,107.41086999672274,-7.566251823890539,107.41086999672274,-0.18947368421052882,0.9,0.9,2.6834279262502445,408.312031613738,-408.312031613738,770.8406458282223,111.40639664265923,3523.732832826559,-2202.98993764872,0.0,0.0,408.312031613738,3523.732832826559,0.0,413.8,26.26,4.67,0.9,9.83,0.0,0.0,0.0,main_seed3,3,d1c1eb972d85b5605cb5db7c2c6bc30520ef1b725ec02f3d139c77d64d6a78a6,1500,pre_fed,PPO-MADRL,deterministic,5e507c7101c0b510ea929918f4c586377b888caf23c1694cd4b212d061be2cbd
2,19,18,162.5,26.77,0.18,8.63,4.32,-1.2339012622833252,-1.290592074394226,21.880990196412643,-42.964076229293354,21.880990196412643,-0.18947368421052882,0.9,0.9,0.9728303302440423,114.83131381804193,-114.83131381804193,492.92273507863763,119.10680096398887,990.994238249702,-801.5118871461643,0.0,0.0,114.83131381804193,990.994238249702,0.0,164.25,26.26,4.67,0.9,9.83,0.0,0.0,0.0,main_seed3,3,d1c1eb972d85b5605cb5db7c2c6bc30520ef1b725ec02f3d139c77d64d6a78a6,1500,pre_fed,PPO-MADRL,deterministic,5e507c7101c0b510ea929918f4c586377b888caf23c1694cd4b212d061be2cbd
3,19,18,183.4,26.77,0.18,8.63,4.32,-0.37358227372169495,-1.3384380340576172,64.28788907552101,-43.56482856597347,64.28788907552101,-0.18947368421052882,0.9,0.9,1.8209683078262098,94.17255291651573,-94.17255291651573,520.7754960057487,126.80720528531852,812.7091316695308,-730.1459164802991,0.0,0.0,94.17255291651573,812.7091316695308,0.0,185.6,26.26,4.67,0.9,9.83,0.0,0.0,0.0,main_seed3,3,d1c1eb972d85b5605cb5db7c2c6bc30520ef1b725ec02f3d139c77d64d6a78a6,1500,pre_fed,PPO-MADRL,deterministic,5e507c7101c0b510ea929918f4c586377b888caf23c1694cd4b212d061be2cbd
1,20,19,557.2,26.22,0.0,8.87,4.44,0.06309886276721954,-0.15354344248771667,106.30152539166325,-7.617404400679252,106.30152539166325,-0.18947368421052882,0.9,0.9,2.646641034149055,427.51458932669635,-427.51458932669635,762.5748410751286,111.40639664265923,3792.0544073277965,-2333.0178225227924,0.0,0.0,427.51458932669635,3792.0544073277965,0.0,539.8,26.77,0.18,0.9,8.63,0.0,0.0,0.0,main_seed3,3,d1c1eb972d85b5605cb5db7c2c6bc30520ef1b725ec02f3d139c77d64d6a78a6,1500,pre_fed,PPO-MADRL,deterministic,5e507c7101c0b510ea929918f4c586377b888caf23c1694cd4b212d061be2cbd
2,20,19,165.75,26.22,0.0,8.87,4.44,-1.2218143939971924,-1.277362585067749,22.37359985766439,-42.78903151318757,22.37359985766439,-0.18947368421052882,0.9,0.9,0.9680825234690772,118.31395635001522,-118.31395635001522,495.8864397680244,119.10680096398887,1049.444792824635,-832.2190167783242,0.0,0.0,118.31395635001522,1049.444792824635,0.0,162.5,26.77,0.18,0.9,8.63,0.0,0.0,0.0,main_seed3,3,d1c1eb972d85b5605cb5db7c2c6bc30520ef1b725ec02f3d139c77d64d6a78a6,1500,pre_fed,PPO-MADRL,deterministic,5e507c7101c0b510ea929918f4c586377b888caf23c1694cd4b212d061be2cbd
3,20,19,187.07,26.22,0.0,8.87,4.44,-0.3804955780506134,-1.3318477869033813,63.68622283700741,-43.48501089455829,63.68622283700741,-0.18947368421052882,0.9,0.9,1.7943349830559379,99.14758583025903,-99.14758583025903,516.5483369858403,126.80720528531852,879.4390863143975,-761.3973142927782,0.0,0.0,99.14758583025903,879.4390863143975,0.0,183.4,26.77,0.18,0.9,8.63,0.0,0.0,0.0,main_seed3,3,d1c1eb972d85b5605cb5db7c2c6bc30520ef1b725ec02f3d139c77d64d6a78a6,1500,pre_fed,PPO-MADRL,deterministic,5e507c7101c0b510ea929918f4c586377b888caf23c1694cd4b212d061be2cbd
1,21,20,557.1,32.84,0.0,8.35,4.18,0.06444535404443741,-0.15513411164283752,106.43562837855637,-7.695073004300141,106.43562837855637,-0.18947368421052882,0.9,0.9,2.781723093886917,420.7955683995411,-420.7955683995411,763.5729925308815,111.40639664265923,3513.6429961361678,-2194.3111926548545,0.0,0.0,420.7955683995411,3513.6429961361678,0.0,557.2,26.22,0.0,0.9,8.87,0.0,0.0,0.0,main_seed3,3,d1c1eb972d85b5605cb5db7c2c6bc30520ef1b725ec02f3d139c77d64d6a78a6,1500,pre_fed,PPO-MADRL,deterministic,5e507c7101c0b510ea929918f4c586377b888caf23c1694cd4b212d061be2cbd
2,21,20,169.0,32.84,0.0,8.35,4.18,-1.2234227657318115,-1.2790846824645996,22.307469971833775,-42.81204264349229,22.307469971833775,-0.18947368421052882,0.9,0.9,1.0991599257524651,115.14116363812921,-115.14116363812921,495.4883658857523,119.10680096398887,961.4287163783789,-788.0119416140601,0.0,0.0,115.14116363812921,961.4287163783789,0.0,165.75,26.22,0.0,0.9,8.87,0.0,0.0,0.0,main_seed3,3,d1c1eb972d85b5605cb5db7c2c6bc30520ef1b725ec02f3d139c77d64d6a78a6,1500,pre_fed,PPO-MADRL,deterministic,5e507c7101c0b510ea929918f4c586377b888caf23c1694cd4b212d061be2cbd
3,21,20,190.73,32.84,0.0,8.35,4.18,-0.3795340955257416,-1.3323649168014526,63.76972123941667,-43.49130726109357,63.76972123941667,-0.18947368421052882,0.9,0.9,1.928404951104123,96.23815739589797,-96.23815739589797,517.1345651970635,126.80720528531852,803.588614255748,-723.7651923690651,0.0,0.0,96.23815739589797,803.588614255748,0.0,187.07,26.22,0.0,0.9,8.87,0.0,0.0,0.0,main_seed3,3,d1c1eb972d85b5605cb5db7c2c6bc30520ef1b725ec02f3d139c77d64d6a78a6,1500,pre_fed,PPO-MADRL,deterministic,5e507c7101c0b510ea929918f4c586377b888caf23c1694cd4b212d061be2cbd
1,22,21,535.0,36.02,0.0,16.44,8.22,0.059206992387771606,-0.16082537174224854,105.91379065194437,-7.9726498222554785,105.91379065194437,-0.18947368421052882,0.9,0.9,2.8348863393546773,396.09056937162086,-396.09056937162086,759.6905040362594,111.40639664265923,6511.728960469447,-3691.4129305741826,0.0,0.0,396.09056937162086,6511.728960469447,0.0,557.1,32.84,0.0,0.9,8.35,0.0,0.0,0.0,main_seed3,3,d1c1eb972d85b5605cb5db7c2c6bc30520ef1b725ec02f3d139c77d64d6a78a6,1500,pre_fed,PPO-MADRL,deterministic,5e507c7101c0b510ea929918f4c586377b888caf23c1694cd4b212d061be2cbd
2,22,21,161.2,36.02,0.0,16.44,8.22,-1.2417640686035156,-1.2994779348373413,21.565884641770936,-43.07943509663555,21.565884641770936,-0.18947368421052882,0.9,0.9,1.1479282191512084,104.9515172615908,-104.9515172615908,491.0288888561634,119.10680096398887,1725.4029437805527,-1167.7693168003525,0.0,0.0,104.9515172615908,1725.4029437805527,0.0,169.0,32.84,0.0,0.9,8.35,0.0,0.0,0.0,main_seed3,3,d1c1eb972d85b5605cb5db7c2c6bc30520ef1b725ec02f3d139c77d64d6a78a6,1500,pre_fed,PPO-MADRL,deterministic,5e507c7101c0b510ea929918f4c586377b888caf23c1694cd4b212d061be2cbd
3,22,21,181.93,36.02,0.0,16.44,8.22,-0.3962053954601288,-1.3644872903823853,62.33025208062817,-43.871487210086705,62.33025208062817,-0.18947368421052882,0.9,0.9,1.963215567928353,85.73243717151072,-85.73243717151072,507.04683767057884,126.80720528531852,1409.4412670996364,-1021.6476550277669,0.0,0.0,85.73243717151072,1409.4412670996364,0.0,190.73,32.84,0.0,0.9,8.35,0.0,0.0,0.0,main_seed3,3,d1c1eb972d85b5605cb5db7c2c6bc30520ef1b725ec02f3d139c77d64d6a78a6,1500,pre_fed,PPO-MADRL,deterministic,5e507c7101c0b510ea929918f4c586377b888caf23c1694cd4b212d061be2cbd
1,23,22,437.8,37.23,0.0,16.19,8.1,0.09550072997808456,-0.19595980644226074,109.5211450652344,-9.674472148354198,109.5211450652344,-0.18947368421052882,0.9,0.9,2.9312334276204774,294.16956204659664,-294.16956204659664,786.6194876259817,111.40639664265923,4762.6052095344,-2830.3155469015205,0.0,0.0,294.16956204659664,4762.6052095344,0.0,535.0,36.02,0.0,0.9,16.44,0.0,0.0,0.0,main_seed3,3,d1c1eb972d85b5605cb5db7c2c6bc30520ef1b725ec02f3d139c77d64d6a78a6,1500,pre_fed,PPO-MADRL,deterministic,5e507c7101c0b510ea929918f4c586377b888caf23c1694cd4b212d061be2cbd
2,23,22,148.0,37.23,0.0,16.19,8.1,-1.3182132244110107,-1.3809301853179932,18.71255474464593,-44.057969453141745,18.71255474464593,-0.18947368421052882,0.9,0.9,1.115061621208708,93.3619805607733,-93.3619805607733,473.9485247081313,119.10680096398887,1511.53046527892,-1052.29289547552,0.0,0.0,93.3619805607733,1511.53046527892,0.0,161.2,36.02,0.0,0.9,16.44,0.0,0.0,0.0,main_seed3,3,d1c1eb972d85b5605cb5db7c2c6bc30520ef1b725ec02f3d139c77d64d6a78a6,1500,pre_fed,PPO-MADRL,deterministic,5e507c7101c0b510ea929918f4c586377b888caf23c1694cd4b212d061be2cbd
3,23,22,161.39,37.23,0.0,16.19,8.1,-0.39403998851776123,-1.4151886701583862,62.516216837207914,-44.42954540846441,62.516216837207914,-0.18947368421052882,0.9,0.9,1.9911348630599477,63.82439171006254,-63.82439171006254,508.34785481672753,126.80720528531852,1033.3169017859127,-834.2359809439794,0.0,0.0,63.82439171006254,1033.3169017859127,0.0,181.93,36.02,0.0,0.9,16.44,0.0,0.0,0.0,main_seed3,3,d1c1eb972d85b5605cb5db7c2c6bc30520ef1b725ec02f3d139c77d64d6a78a6,1500,pre_fed,PPO-MADRL,deterministic,5e507c7101c0b510ea929918f4c586377b888caf23c1694cd4b212d061be2cbd
1,24,23,447.3,44.12,0.0,8.87,4.44,0.09255225211381912,-0.188591867685318,109.22888894114138,-9.319367497745883,109.22888894114138,-0.18947368421052882,0.9,0.9,3.0631883051386173,297.2037730482078,-297.2037730482078,784.4299411957899,111.40639664265923,2636.1974669376027,-1766.016902388026,0.0,0.0,297.2037730482078,2636.1974669376027,0.0,437.8,37.23,0.0,0.9,16.19,0.0,0.0,0.0,main_seed3,3,d1c1eb972d85b5605cb5db7c2c6bc30520ef1b725ec02f3d139c77d64d6a78a6,1500,pre_fed,PPO-MADRL,deterministic,5e507c7101c0b510ea929918f4c586377b888caf23c1694cd4b212d061be2cbd
2,24,23,119.6,44.12,0.0,8.87,4.44,-1.3155477046966553,-1.377834677696228,18.805860516582076,-44.02327363147236,18.805860516582076,-0.18947368421052882,0.9,0.9,1.254727736647431,58.118340904275875,-58.118340904275875,474.50510669643165,119.10680096398887,515.509683820927,-554.5607957406737,0.0,0.0,58.118340904275875,515.509683820927,0.0,148.0,37.23,0.0,0.9,16.19,0.0,0.0,0.0,main_seed3,3,d1c1eb972d85b5605cb5db7c2c6bc30520ef1b725ec02f3d139c77d64d6a78a6,1500,pre_fed,PPO-MADRL,deterministic,5e507c7101c0b510ea929918f4c586377b888caf23c1694cd4b212d061be2cbd
3,24,23,134.98,44.12,0.0,8.87,4.44,-0.3950730562210083,-1.4098182916641235,62.42745942072172,-44.37277700543218,62.42745942072172,-0.18947368421052882,0.9,0.9,2.1271597147302237,30.749173978219034,-30.749173978219034,507.7268222867888,126.80720528531852,272.7451731868028,-453.63960037945503,0.0,0.0,30.749173978219034,272.7451731868028,0.0,161.39,37.23,0.0,0.9,16.19,0.0,0.0,0.0,main_seed3,3,d1c1eb972d85b5605cb5db7c2c6bc30520ef1b725ec02f3d139c77d64d6a78a6,1500,pre_fed,PPO-MADRL,deterministic,5e507c7101c0b510ea929918f4c586377b888caf23c1694cd4b212d061be2cbd
1,1,0,457.7,51.48,0.0,8.65,4.33,0.013814344070851803,-0.04491865262389183,101.38134653794009,-2.244423320849902,101.38134653794009,-2.244423320849902,0.5,0.520322021548074,3.0123384643418034,310.0954152472516,-310.0954152472516,726.154539346369,510.05451605260157,2682.3253418887266,-1959.2671986438486,28.203314572357883,0.0,281.8921006748937,2560.48702293614,0.0,447.3,44.12,0.0,0.5,8.87,0.0,0.0,0.0,main_seed3,3,d1c1eb972d85b5605cb5db7c2c6bc30520ef1b725ec02f3d139c77d64d6a78a6,1500,pre_fed,A2C-MADRL,deterministic,6e8eaa21c5789588cca42a25c574e8dec75dffbff35a897bc8bf6777a13f0b47
2,1,0,110.5,51.48,0.0,8.65,4.33,-0.36273685097694397,-0.10854797810316086,91.33285761141623,-5.406182488824444,91.33285761141623,-5.406182488824444,0.5,0.5503587336438323,2.748133502451836,-24.158541620139943,24.158541620139943,947.167481916795,503.4549115662246,208.9713850142105,-829.796889248615,0.0,24.158541620139943,0.0,-104.60648521520595,0.0,119.6,44.12,0.0,0.5,8.87,24.158541620139943,0.0,0.0,main_seed3,3,d1c1eb972d85b5605cb5db7c2c6bc30520ef1b725ec02f3d139c77d64d6a78a6,1500,pre_fed,A2C-MADRL,deterministic,6e8eaa21c5789588cca42a25c574e8dec75dffbff35a897bc8bf6777a13f0b47
3,1,0,124.71,51.48,0.0,8.65,4.33,-0.08273705095052719,-0.24143850803375244,91.74512234826817,-11.842700968453954,91.74512234826817,-11.842700968453954,0.5,0.6115056592003125,2.6276484275962844,-4.04477295221794,4.04477295221794,721.0022518530757,469.5299049236845,34.987286036685184,-612.7597214067226,0.0,4.04477295221794,0.0,-17.51386688310368,0.0,134.98,44.12,0.0,0.5,8.87,4.04477295221794,0.0,0.0,main_seed3,3,d1c1eb972d85b5605cb5db7c2c6bc30520ef1b725ec02f3d139c77d64d6a78a6,1500,pre_fed,A2C-MADRL,deterministic,6e8eaa21c5789588cca42a25c574e8dec75dffbff35a897bc8bf6777a13f0b47
1,2,1,336.5,38.37,0.0,8.11,4.06,0.01245709229260683,-0.04723415896296501,101.24564479722764,-2.35995313891328,101.24564479722764,-2.35995313891328,0.520322021548074,0.5417009323246541,2.7451138331662874,201.98942217485194,-201.98942217485194,725.1556010224338,485.63632465797025,1638.1342138380492,-1424.4630697592265,9.153596300967592,0.0,192.83582587388435,1601.0621488191302,0.0,457.7,51.48,0.0,0.520322021548074,8.65,0.0,0.0,0.0,main_seed3,3,d1c1eb972d85b5605cb5db7c2c6bc30520ef1b725ec02f3d139c77d64d6a78a6,1500,pre_fed,A2C-MADRL,deterministic,6e8eaa21c5789588cca42a25c574e8dec75dffbff35a897bc8bf6777a13f0b47
2,2,1,109.85,38.37,0.0,8.11,4.06,-0.38297659158706665,-0.11646787077188492,88.85944576322633,-5.7972046397900145,88.85944576322633,-5.7972046397900145,0.5503587336438323,0.6043314602545498,2.4286448224687263,-9.153596300967592,9.153596300967592,929.7312603053686,441.65001462917525,74.23566600084717,-722.8084704676955,0.0,9.153596300967592,0.0,-37.16360098192842,0.0,110.5,51.48,0.0,0.5503587336438323,8.65,9.153596300967592,0.0,0.0,main_seed3,3,d1c1eb972d85b5605cb5db7c2c6bc30520ef1b725ec02f3d139c77d64d6a78a6,1500,pre_fed,A2C-MADRL,deterministic,6e8eaa21c5789588cca42a25c574e8dec75dffbff35a897bc8bf6777a13f0b47
3,2,1,123.98,38.37,0.0,8.11,4.06,-0.08950361609458923,-0.26172563433647156,91.07346219596137,-12.795443357509162,91.07346219596137,-12.795443357509162,0.6115056592003125,0.7318393597782489,2.332960376769044,9.664941538316839,-9.664941538316839,715.933382763948,334.8295950299611,78.38267587574956,-564.5728268348294,0.0,0.0,9.664941538316839,78.38267587574956,0.0,124.71,51.48,0.0,0.6115056592003125,8.65,0.0,0.0,0.0,main_seed3,3,d1c1eb972d85b5605cb5db7c2c6bc30520ef1b725ec02f3d139c77d64d6a78a6,1500,pre_fed,A2C-MADRL,deterministic,6e8eaa21c5789588cca42a25c574e8dec75dffbff35a897bc8bf6777a13f0b47
1,3,2,274.9,43.56,0.0,8.25,4.13,0.014880621805787086,-0.03814438357949257,101.48795235499564,-1.9062947195175735,101.48795235499564,-1.9062947195175735,0.5417009323246541,0.5587273302954218,2.862833152709561,134.62117551723148,-134.62117551723148,726.9395037035749,464.6367780754624,1110.6246980171597,-1151.1004898980987,14.010164411672761,0.0,120.61101110555872,1052.9028206410678,0.0,336.5,38.37,0.0,0.5417009323246541,8.11,0.0,0.0,0.0,main_seed3,3,d1c1eb972d85b5605cb5db7c2c6bc30520ef1b725ec02f3d139c77d64d6a78a6,1500,pre_fed,A2C-MADRL,deterministic,6e8eaa21c5789588cca42a25c574e8dec75dffbff35a897bc8bf6777a13f0b47
2,3,2,112.45,43.56,0.0,8.25,4.13,-0.366671085357666,-0.10778149217367172,90.84928719280641,-5.368303099262747,90.84928719280641,-5.368303099262747,0.6043314602545498,0.6541216767770367,2.580819681870873,-14.010164411672761,14.010164411672761,943.7512579292923,383.9574342682487,115.58385639630028,-721.6462742969206,0.0,14.010164411672761,0.0,-57.8619790202085,0.0,109.85,38.37,0.0,0.6043314602545498,8.11,14.010164411672761,0.0,0.0,main_seed3,3,d1c1eb972d85b5605cb5db7c2c6bc30520ef1b725ec02f3d139c77d64d6a78a6,1500,pre_fed,A2C-MADRL,deterministic,6e8eaa21c5789588cca42a25c574e8dec75dffbff35a897bc8bf6777a13f0b47
3,3,2,126.91,43.56,0.0,8.25,4.13,-0.08440246433019638,-0.2566586136817932,91.57973876250492,-12.558378747029936,91.57973876250492,-12.558378747029936,0.7318393597782489,0.8496802791554767,2.4516272003095,6.780267184834514,-6.780267184834514,719.7533434523356,210.0424973172143,55.93720427488474,-492.8665225222173,0.0,0.0,6.780267184834514,55.93720427488474,0.0,123.98,38.37,0.0,0.7318393597782489,8.11,0.0,0.0,0.0,main_seed3,3,d1c1eb972d85b5605cb5db7c2c6bc30520ef1b725ec02f3d139c77d64d6a78a6,1500,pre_fed,A2C-MADRL,deterministic,6e8eaa21c5789588cca42a25c574e8dec75dffbff35a897bc8bf6777a13f0b47
1,4,3,272.6,40.75,0.0,8.1,4.05,0.014137242920696735,-0.03793558105826378,101.41363011651454,-1.8958696862145665,101.41363011651454,-1.8958696862145665,0.5587273302954218,0.5756206376538693,2.8053552086059996,135.13759477830604,-135.13759477830604,726.3922316910779,445.4423904820806,1094.6145177042788,-1133.2245699387186,10.507742856461391,0.0,124.62985192184465,1052.0581591356101,0.0,274.9,43.56,0.0,0.5587273302954218,8.25,0.0,0.0,0.0,main_seed3,3,d1c1eb972d85b5605cb5db7c2c6bc30520ef1b725ec02f3d139c77d64d6a78a6,1500,pre_fed,A2C-MADRL,deterministic,6e8eaa21c5789588cca42a25c574e8dec75dffbff35a897bc8bf6777a13f0b47
2,4,3,110.5,40.75,0.0,8.1,4.05,-0.38651031255722046,-0.11457888036966324,88.4312931351194,-5.704004506077167,88.4312931351194,-5.704004506077167,0.6541216767770367,0.7070014762312157,2.4695457725808447,-10.507742856461391,10.507742856461391,926.7224564096538,327.200335865432,85.11271713733727,-669.5177547062116,0.0,10.507742856461391,0.0,-42.556358568668635,0.0,112.45,43.56,0.0,0.6541216767770367,8.25,10.507742856461391,0.0,0.0,main_seed3,3,d1c1eb972d85b5605cb5db7c2c6bc30520ef1b725ec02f3d139c77d64d6a78a6,1500,pre_fed,A2C-MADRL,deterministic,6e8eaa21c5789588cca42a25c574e8dec75dffbff35a897bc8bf6777a13f0b47
3,4,3,124.71,40.75,0.0,8.1,4.05,-0.09070584177970886,-0.2767193615436554,90.954210453078,-13.493303244021948,90.954210453078,-5.475692779245715,0.8496802791554767,0.9,2.524570353476646,1.0060526796443412,-1.0060526796443412,715.0343125242398,141.0370999170757,8.149026705119164,-432.1102195732173,0.0,0.0,1.0060526796443412,8.149026705119164,0.0,126.91,43.56,0.0,0.8496802791554767,8.25,0.0,0.0,0.0,main_seed3,3,d1c1eb972d85b5605cb5db7c2c6bc30520ef1b725ec02f3d139c77d64d6a78a6,1500,pre_fed,A2C-MADRL,deterministic,6e8eaa21c5789588cca42a25c574e8dec75dffbff35a897bc8bf6777a13f0b47
1,5,4,245.3,27.74,0.0,8.14,4.07,0.01491004228591919,-0.036475446075201035,101.4908937503503,-1.8229639163825067,101.4908937503503,-1.8229639163825067,0.5756206376538693,0.5917875535841953,2.548158596679356,120.44022876271157,-120.44022876271157,726.9611645173874,427.05860371659446,980.3834621284723,-1067.201615181227,0.0,0.0,120.44022876271157,980.3834621284723,0.0,272.6,40.75,0.0,0.5756206376538693,8.1,0.0,0.0,0.0,main_seed3,3,d1c1eb972d85b5605cb5db7c2c6bc30520ef1b725ec02f3d139c77d64d6a78a6,1500,pre_fed,A2C-MADRL,deterministic,6e8eaa21c5789588cca42a25c574e8dec75dffbff35a897bc8bf6777a13f0b47
2,5,4,113.75,27.74,0.0,8.14,4.07,-0.39016005396842957,-0.11446233838796616,87.99025188054512,-5.6982531659767,87.99025188054512,-5.6982531659767,0.7070014762312157,0.7597208783555319,2.2006399742913683,5.918641259722946,-5.918641259722946,923.6259923191097,271.58842413691866,48.17773985414479,-621.6960781550866,0.0,0.0,5.918641259722946,48.17773985414479,0.0,110.5,40.75,0.0,0.7070014762312157,8.1,0.0,0.0,0.0,main_seed3,3,d1c1eb972d85b5605cb5db7c2c6bc30520ef1b725ec02f3d139c77d64d6a78a6,1500,pre_fed,A2C-MADRL,deterministic,6e8eaa21c5789588cca42a25c574e8dec75dffbff35a897bc8bf6777a13f0b47
3,5,4,128.38,27.74,0.0,8.14,4.07,-0.09001600742340088,-0.2775655686855316,91.02263368154195,-13.532523269671632,91.02263368154195,-0.18947368421052882,0.9,0.9,2.3714631999466285,12.178303202615211,-12.178303202615211,715.5501401918384,126.80720528531852,99.13138806928782,-470.7443667732224,0.0,0.0,12.178303202615211,99.13138806928782,0.0,124.71,40.75,0.0,0.9,8.1,0.0,0.0,0.0,main_seed3,3,d1c1eb972d85b5605cb5db7c2c6bc30520ef1b725ec02f3d139c77d64d6a78a6,1500,pre_fed,A2C-MADRL,deterministic,6e8eaa21c5789588cca42a25c574e8dec75dffbff35a897bc8bf6777a13f0b47
1,6,5,233.7,30.15,0.0,8.13,4.07,0.017950672656297684,-0.030665868893265724,101.79487448430764,-1.5328129912961175,101.79487448430764,-1.5328129912961175,0.5917875535841953,0.60516570189434,2.6082412298602304,105.8961797368487,-105.8961797368487,729.2004734675749,411.2616077888847,860.93594126058,-1000.6990112585197,0.0,0.0,105.8961797368487,860.93594126058,0.0,245.3,27.74,0.0,0.5917875535841953,8.14,0.0,0.0,0.0,main_seed3,3,d1c1eb972d85b5605cb5db7c2c6bc30520ef1b725ec02f3d139c77d64d6a78a6,1500,pre_fed,A2C-MADRL,deterministic,6e8eaa21c5789588cca42a25c574e8dec75dffbff35a897bc8bf6777a13f0b47
2,6,5,120.25,30.15,0.0,8.13,4.07,-0.3770301043987274,-0.10614652931690216,89.58242888587054,-5.287483190716992,89.58242888587054,-5.287483190716992,0.7597208783555319,0.8084325269106323,2.288898913903071,8.093953218749519,-8.093953218749519,934.8182839664443,220.87179657834454,65.8038396684336,-610.7469601066111,0.0,0.0,8.093953218749519,65.8038396684336,0.0,113.75,27.74,0.0,0.7597208783555319,8.14,0.0,0.0,0.0,main_seed3,3,d1c1eb972d85b5605cb5db7c2c6bc30520ef1b725ec02f3d139c77d64d6a78a6,1500,pre_fed,A2C-MADRL,deterministic,6e8eaa21c5789588cca42a25c574e8dec75dffbff35a897bc8bf6777a13f0b47
3,6,5,135.43,30.15,0.0,8.13,4.07,-0.0824332982301712,-0.2613418698310852,91.77529138961543,-12.777509996275072,91.77529138961543,-0.18947368421052882,0.9,0.9,2.4347163541080983,16.1288986487032,-16.1288986487032,721.2301320153294,126.80720528531852,131.12794601395703,-489.58264165730253,0.0,0.0,16.1288986487032,131.12794601395703,0.0,128.38,27.74,0.0,0.9,8.14,0.0,0.0,0.0,main_seed3,3,d1c1eb972d85b5605cb5db7c2c6bc30520ef1b725ec02f3d139c77d64d6a78a6,1500,pre_fed,A2C-MADRL,deterministic,6e8eaa21c5789588cca42a25c574e8dec75dffbff35a897bc8bf6777a13f0b47
1,7,6,274.6,28.65,0.16,8.34,4.17,0.017675790935754776,-0.03098377212882042,101.76739503288704,-1.548693059403483,101.76739503288704,-1.548693059403483,0.60516570189434,0.6186679545548844,2.580574039469671,148.15187206598614,-148.15187206598614,728.9979813915293,396.424110234586,1235.5866130303243,-1180.5043523282197,0.0,0.0,148.15187206598614,1235.5866130303243,0.0,233.7,30.15,0.0,0.60516570189434,8.13,0.0,0.0,0.0,main_seed3,3,d1c1eb972d85b5605cb5db7c2c6bc30520ef1b725ec02f3d139c77d64d6a78a6,1500,pre_fed,A2C-MADRL,deterministic,6e8eaa21c5789588cca42a25c574e8dec75dffbff35a897bc8bf6777a13f0b47
2,7,6,130.0,28.65,0.16,8.34,4.17,-0.39091894030570984,-0.11059942841529846,87.89869646615678,-5.5075332346829375,87.89869646615678,-5.5075332346829375,0.8084325269106323,0.8591372275862988,2.2240232646294764,21.022860033155652,-21.022860033155652,922.9835703151872,171.79778434662975,175.33065267651813,-635.0560036691676,0.0,0.0,21.022860033155652,175.33065267651813,0.0,120.25,30.15,0.0,0.8084325269106323,8.13,0.0,0.0,0.0,main_seed3,3,d1c1eb972d85b5605cb5db7c2c6bc30520ef1b725ec02f3d139c77d64d6a78a6,1500,pre_fed,A2C-MADRL,deterministic,6e8eaa21c5789588cca42a25c574e8dec75dffbff35a897bc8bf6777a13f0b47
3,7,6,146.72,28.65,0.16,8.34,4.17,-0.08434262871742249,-0.2657468914985657,91.58567992978097,-12.983144569638394,91.58567992978097,-0.18947368421052882,0.9,0.9,2.4041241249114087,28.917917879340976,-28.917917879340976,719.79819968993,126.80720528531852,241.17543511370374,-543.8904200444762,0.0,0.0,28.917917879340976,241.17543511370374,0.0,135.43,30.15,0.0,0.9,8.13,0.0,0.0,0.0,main_seed3,3,d1c1eb972d85b5605cb5db7c2c6bc30520ef1b725ec02f3d139c77d64d6a78a6,1500,pre_fed,A2C-MADRL,deterministic,6e8eaa21c5789588cca42a25c574e8dec75dffbff35a897bc8bf6777a13f0b47
1,8,7,291.0,23.38,1.77,9.35,4.68,0.018656965345144272,-0.03189055994153023,101.86548009263518,-1.5939876677392144,101.86548009263518,-1.5939876677392144,0.6186679545548844,0.6325735014892971,2.508429848497919,168.08693742360197,-168.08693742360197,729.7208120093479,381.3639470711025,1571.6128649106784,-1341.3488119955643,0.0,0.0,168.08693742360197,1571.6128649106784,0.0,274.6,28.65,0.16,0.6186679545548844,8.34,0.0,0.0,0.0,main_seed3,3,d1c1eb972d85b5605cb5db7c2c6bc30520ef1b725ec02f3d139c77d64d6a78a6,1500,pre_fed,A2C-MADRL,deterministic,6e8eaa21c5789588cca42a25c574e8dec75dffbff35a897bc8bf6777a13f0b47
2,8,7,157.95,23.38,1.77,9.35,4.68,-0.39955776929855347,-0.11204264312982559,86.86012874704348,-5.578807052053469,86.86012874704348,-4.4822154598814485,0.8591372275862988,0.9,2.1505582657432405,52.57264497858121,-52.57264497858121,915.7051142244495,130.40741755231096,491.5542305497343,-768.8333811632474,0.0,0.0,52.57264497858121,491.5542305497343,0.0,130.0,28.65,0.16,0.8591372275862988,8.34,0.0,0.0,0.0,main_seed3,3,d1c1eb972d85b5605cb5db7c2c6bc30520ef1b725ec02f3d139c77d64d6a78a6,1500,pre_fed,A2C-MADRL,deterministic,6e8eaa21c5789588cca42a25c574e8dec75dffbff35a897bc8bf6777a13f0b47
3,8,7,178.26,23.38,1.77,9.35,4.68,-0.08422421663999557,-0.2661452889442444,91.59743741793818,-13.001719425641983,91.59743741793818,-0.18947368421052882,0.9,0.9,2.331159274674553,64.03319554094689,-64.03319554094689,719.8869715427852,126.80720528531852,598.7103783078534,-722.7022775679786,0.0,0.0,64.03319554094689,598.7103783078534,0.0,146.72,28.65,0.16,0.9,8.34,0.0,0.0,0.0,main_seed3,3,d1c1eb972d85b5605cb5db7c2c6bc30520ef1b725ec02f3d139c77d64d6a78a6,1500,pre_fed,A2C-MADRL,deterministic,6e8eaa21c5789588cca42a25c574e8dec75dffbff35a897bc8bf6777a13f0b47
1,9,8,315.7,21.75,5.3,12.0,6.0,0.021759890019893646,-0.031726378947496414,102.17564562863812,-1.585786918198586,102.17564562863812,-1.585786918198586,0.6325735014892971,0.6463733302092051,2.552797174208791,190.61293846376924,-190.61293846376924,732.0075797288052,366.38474423526884,2287.3552615652306,-1692.8737927646523,0.0,0.0,190.61293846376924,2287.3552615652306,0.0,291.0,23.38,1.77,0.6325735014892971,9.35,0.0,0.0,0.0,main_seed3,3,d1c1eb972d85b5605cb5db7c2c6bc30520ef1b725ec02f3d139c77d64d6a78a6,1500,pre_fed,A2C-MADRL,deterministic,6e8eaa21c5789588cca42a25c574e8dec75dffbff35a897bc8bf6777a13f0b47
2,9,8,165.1,21.75,5.3,12.0,6.0,-0.40660974383354187,-0.11085382848978043,86.01736277156195,-5.520098552072394,86.01736277156195,-0.18947368421052882,0.9,0.9,2.2575577817470283,54.4796686943956,-54.4796686943956,909.810919448598,119.10680096398887,653.7560243327472,-841.3368723726671,0.0,0.0,54.4796686943956,653.7560243327472,0.0,157.95,23.38,1.77,0.9,9.35,0.0,0.0,0.0,main_seed3,3,d1c1eb972d85b5605cb5db7c2c6bc30520ef1b725ec02f3d139c77d64d6a78a6,1500,pre_fed,A2C-MADRL,deterministic,6e8eaa21c5789588cca42a25c574e8dec75dffbff35a897bc8bf6777a13f0b47
3,9,8,186.33,21.75,5.3,12.0,6.0,-0.0832764133810997,-0.26646798849105835,91.69155603314458,-13.016762127169216,91.69155603314458,-0.18947368421052882,0.9,0.9,2.3710416469786812,70.14895929804464,-70.14895929804464,720.5976843064733,126.80720528531852,841.7875115765357,-844.5962005841639,0.0,0.0,70.14895929804464,841.7875115765357,0.0,178.26,23.38,1.77,0.9,9.35,0.0,0.0,0.0,main_seed3,3,d1c1eb972d85b5605cb5db7c2c6bc30520ef1b725ec02f3d139c77d64d6a78a6,1500,pre_fed,A2C-MADRL,deterministic,6e8eaa21c5789588cca42a25c574e8dec75dffbff35a897bc8bf6777a13f0b47
1,10,9,362.4,34.82,11.6,9.19,4.6,0.026539131999015808,-0.03527076914906502,102.65329030245208,-1.7628075245937707,102.65329030245208,-1.7628075245937707,0.6463733302092051,0.6618272550324275,2.9462096555571664,218.03572687769883,-218.03572687769883,735.5321744103738,350.33314838126535,2003.7483300060521,-1544.8068263988457,0.0,0.0,218.03572687769883,2003.7483300060521,0.0,315.7,21.75,5.3,0.6463733302092051,12.0,0.0,0.0,0.0,main_seed3,3,d1c1eb972d85b5605cb5db7c2c6bc30520ef1b725ec02f3d139c77d64d6a78a6,1500,pre_fed,A2C-MADRL,deterministic,6e8eaa21c5789588cca42a25c574e8dec75dffbff35a897bc8bf6777a13f0b47
2,10,9,169.0,34.82,11.6,9.19,4.6,-0.4206528961658478,-0.11070014536380768,84.35275529293926,-5.512507926114626,84.35275529293926,-0.18947368421052882,0.9,0.9,2.6116656321745744,41.02838402344585,-41.02838402344585,898.2005937377747,119.10680096398887,377.05084917546736,-697.1791219386155,0.0,0.0,41.02838402344585,377.05084917546736,0.0,165.1,21.75,5.3,0.9,12.0,0.0,0.0,0.0,main_seed3,3,d1c1eb972d85b5605cb5db7c2c6bc30520ef1b725ec02f3d139c77d64d6a78a6,1500,pre_fed,A2C-MADRL,deterministic,6e8eaa21c5789588cca42a25c574e8dec75dffbff35a897bc8bf6777a13f0b47
3,10,9,190.73,34.82,11.6,9.19,4.6,-0.08374062180519104,-0.27084946632385254,91.64545741619564,-13.220754419003256,91.64545741619564,-0.18947368421052882,0.9,0.9,2.757519674639702,55.61153594265457,-55.61153594265457,720.2495613058221,126.80720528531852,511.07001531299545,-679.0633909520681,0.0,0.0,55.61153594265457,511.07001531299545,0.0,186.33,21.75,5.3,0.9,12.0,0.0,0.0,0.0,main_seed3,3,d1c1eb972d85b5605cb5db7c2c6bc30520ef1b725ec02f3d139c77d64d6a78a6,1500,pre_fed,A2C-MADRL,deterministic,6e8eaa21c5789588cca42a25c574e8dec75dffbff35a897bc8bf6777a13f0b47
1,11,10,320.0,27.17,36.64,12.3,6.15,0.023560915142297745,-0.039419177919626236,102.35565564241378,-1.969938657761192,102.35565564241378,-1.969938657761192,0.6618272550324275,0.6792180177710939,3.2839143396930512,159.08819735504048,-159.08819735504048,733.3354602347127,332.47840805301695,1956.784827466998,-1511.2993478773637,0.0,0.0,159.08819735504048,1956.784827466998,0.0,362.4,34.82,11.6,0.6618272550324275,9.19,0.0,0.0,0.0,main_seed3,3,d1c1eb972d85b5605cb5db7c2c6bc30520ef1b725ec02f3d139c77d64d6a78a6,1500,pre_fed,A2C-MADRL,deterministic,6e8eaa21c5789588cca42a25c574e8dec75dffbff35a897bc8bf6777a13f0b47
2,11,10,173.55,27.17,36.64,12.3,6.15,-0.4284997284412384,-0.11826972663402557,83.4306553021824,-5.886067651591838,83.4306553021824,-0.18947368421052882,0.9,0.9,2.9410236323594376,29.43984201438758,-29.43984201438758,891.787246371948,119.10680096398887,362.11005677696727,-686.502052056452,0.0,0.0,29.43984201438758,362.11005677696727,0.0,169.0,34.82,11.6,0.9,9.19,0.0,0.0,0.0,main_seed3,3,d1c1eb972d85b5605cb5db7c2c6bc30520ef1b725ec02f3d139c77d64d6a78a6,1500,pre_fed,A2C-MADRL,deterministic,6e8eaa21c5789588cca42a25c574e8dec75dffbff35a897bc8bf6777a13f0b47
3,11,10,195.87,27.17,36.64,12.3,6.15,-0.08936922997236252,-0.2814304530620575,91.08679388503363,-13.711423999108845,91.08679388503363,-0.18947368421052882,0.9,0.9,3.094146404016462,44.256826203193384,-44.256826203193384,716.033910664464,126.80720528531852,544.3589622992787,-693.6000391245307,0.0,0.0,44.256826203193384,544.3589622992787,0.0,190.73,34.82,11.6,0.9,9.19,0.0,0.0,0.0,main_seed3,3,d1c1eb972d85b5605cb5db7c2c6bc30520ef1b725ec02f3d139c77d64d6a78a6,1500,pre_fed,A2C-MADRL,deterministic,6e8eaa21c5789588cca42a25c574e8dec75dffbff35a897bc8bf6777a13f0b47
1,12,11,350.0,30.2,42.68,20.7,10.35,0.03757718577980995,-0.042851608246564865,103.75595088729095,-2.141269929736862,103.75595088729095,-2.141269929736862,0.6792180177710939,0.6982016460680519,3.489893619151082,178.99521266159698,-178.99521266159698,743.6829475659642,313.0482567888779,3705.2009020950572,-2380.96605322495,0.0,0.0,178.99521266159698,3705.2009020950572,0.0,320.0,27.17,36.64,0.6792180177710939,12.3,0.0,0.0,0.0,main_seed3,3,d1c1eb972d85b5605cb5db7c2c6bc30520ef1b725ec02f3d139c77d64d6a78a6,1500,pre_fed,A2C-MADRL,deterministic,6e8eaa21c5789588cca42a25c574e8dec75dffbff35a897bc8bf6777a13f0b47
2,12,11,168.35,30.2,42.68,20.7,10.35,-0.4359629452228546,-0.10853589326143265,82.55904225514722,-5.405585309985,82.55904225514722,-0.18947368421052882,0.9,0.9,3.104991371418734,16.205422800482012,-16.205422800482012,885.7369254906988,119.10680096398887,335.4522519699776,-670.1479892123327,0.0,0.0,16.205422800482012,335.4522519699776,0.0,173.55,27.17,36.64,0.9,12.3,0.0,0.0,0.0,main_seed3,3,d1c1eb972d85b5605cb5db7c2c6bc30520ef1b725ec02f3d139c77d64d6a78a6,1500,pre_fed,A2C-MADRL,deterministic,6e8eaa21c5789588cca42a25c574e8dec75dffbff35a897bc8bf6777a13f0b47
3,12,11,190.0,30.2,42.68,20.7,10.35,-0.0827663317322731,-0.2735280990600586,91.74221422992818,-13.345233717246149,91.74221422992818,-0.18947368421052882,0.9,0.9,3.288654810914353,28.855914265196702,-28.855914265196702,720.980286458078,126.80720528531852,597.3174252895717,-722.5524585164842,0.0,0.0,28.855914265196702,597.3174252895717,0.0,195.87,27.17,36.64,0.9,12.3,0.0,0.0,0.0,main_seed3,3,d1c1eb972d85b5605cb5db7c2c6bc30520ef1b725ec02f3d139c77d64d6a78a6,1500,pre_fed,A2C-MADRL,deterministic,6e8eaa21c5789588cca42a25c574e8dec75dffbff35a897bc8bf6777a13f0b47
1,13,12,345.2,23.52,35.22,26.82,13.41,0.0473644956946373,-0.053695663809776306,104.73291083513378,-2.6822058854383792,104.73291083513378,-2.6822058854383792,0.6982016460680519,0.7222861986875804,3.215814098993908,187.6251091492985,-187.6251091492985,750.9210091341658,289.68460891843114,5032.105427384186,-3036.3555227183915,0.0,0.0,187.6251091492985,5032.105427384186,0.0,350.0,30.2,42.68,0.6982016460680519,20.7,0.0,0.0,0.0,main_seed3,3,d1c1eb972d85b5605cb5db7c2c6bc30520ef1b725ec02f3d139c77d64d6a78a6,1500,pre_fed,A2C-MADRL,deterministic,6e8eaa21c5789588cca42a25c574e8dec75dffbff35a897bc8bf6777a13f0b47
2,13,12,168.35,23.52,35.22,26.82,13.41,-0.48420238494873047,-0.1140032708644867,77.05560227871511,-5.675596725330551,77.05560227871511,-0.18947368421052882,0.9,0.9,2.7121225718900916,35.4559939773855,-35.4559939773855,847.8013213463719,119.10680096398887,950.9297584734792,-958.9189403919199,0.0,0.0,35.4559939773855,950.9297584734792,0.0,168.35,30.2,42.68,0.9,20.7,0.0,0.0,0.0,main_seed3,3,d1c1eb972d85b5605cb5db7c2c6bc30520ef1b725ec02f3d139c77d64d6a78a6,1500,pre_fed,A2C-MADRL,deterministic,6e8eaa21c5789588cca42a25c574e8dec75dffbff35a897bc8bf6777a13f0b47
3,13,12,190.0,23.52,35.22,26.82,13.41,-0.08737380802631378,-0.2909716069698334,91.28478576309521,-14.151441715969494,91.28478576309521,-0.18947368421052882,0.9,0.9,2.996706241577694,43.161394162693,-43.161394162693,717.527270345818,126.80720528531852,1157.5885914434264,-1000.9615335372814,0.0,0.0,43.161394162693,1157.5885914434264,0.0,190.0,30.2,42.68,0.9,20.7,0.0,0.0,0.0,main_seed3,3,d1c1eb972d85b5605cb5db7c2c6bc30520ef1b725ec02f3d139c77d64d6a78a6,1500,pre_fed,A2C-MADRL,deterministic,6e8eaa21c5789588cca42a25c574e8dec75dffbff35a897bc8bf6777a13f0b47
1,14,13,320.6,39.48,35.46,27.35,13.68,0.052025359123945236,-0.05526530742645264,105.19784719480853,-2.760455565723696,105.19784719480853,-2.760455565723696,0.7222861986875804,0.7470659541645803,3.5475478325816967,146.7701562034969,-146.7701562034969,754.3710410951253,264.6353284918908,4014.1637721656402,-2516.5850708763282,0.0,0.0,146.7701562034969,4014.1637721656402,0.0,345.2,23.52,35.22,0.7222861986875804,26.82,0.0,0.0,0.0,main_seed3,3,d1c1eb972d85b5605cb5db7c2c6bc30520ef1b725ec02f3d139c77d64d6a78a6,1500,pre_fed,A2C-MADRL,deterministic,6e8eaa21c5789588cca42a25c574e8dec75dffbff35a897bc8bf6777a13f0b47
2,14,13,165.75,39.48,35.46,27.35,13.68,-0.5016787648200989,-0.11380193382501602,75.11890492922021,-5.6656593573588365,75.11890492922021,-0.18947368421052882,0.9,0.9,2.9973886249001938,18.877957379890518,-18.877957379890518,834.5610390689865,119.10680096398887,516.3121343400056,-734.9899871864905,0.0,0.0,18.877957379890518,516.3121343400056,0.0,168.35,23.52,35.22,0.9,26.82,0.0,0.0,0.0,main_seed3,3,d1c1eb972d85b5605cb5db7c2c6bc30520ef1b725ec02f3d139c77d64d6a78a6,1500,pre_fed,A2C-MADRL,deterministic,6e8eaa21c5789588cca42a25c574e8dec75dffbff35a897bc8bf6777a13f0b47
3,14,13,187.07,39.48,35.46,27.35,13.68,-0.08737879246473312,-0.29457148909568787,91.28429110539635,-14.316848094411396,91.28429110539635,-0.18947368421052882,0.9,0.9,3.320696348423717,24.35587892723788,-24.35587892723788,717.5235384471928,126.80720528531852,666.1332886599561,-755.2320161962336,0.0,0.0,24.35587892723788,666.1332886599561,0.0,190.0,23.52,35.22,0.9,26.82,0.0,0.0,0.0,main_seed3,3,d1c1eb972d85b5605cb5db7c2c6bc30520ef1b725ec02f3d139c77d64d6a78a6,1500,pre_fed,A2C-MADRL,deterministic,6e8eaa21c5789588cca42a25c574e8dec75dffbff35a897bc8bf6777a13f0b47
1,15,14,333.2,35.74,34.83,13.81,6.91,0.04980597645044327,-0.05992305651307106,104.9764833786324,-2.992571801098046,104.9764833786324,-2.992571801098046,0.7470659541645803,0.7740012543666827,3.451078231550687,164.09716665401635,-164.09716665401635,752.727987632386,238.29569648993183,2266.181871491966,-1628.6027778071418,0.0,0.0,164.09716665401635,2266.181871491966,0.0,320.6,39.48,35.46,0.7470659541645803,27.35,0.0,0.0,0.0,main_seed3,3,d1c1eb972d85b5605cb5db7c2c6bc30520ef1b725ec02f3d139c77d64d6a78a6,1500,pre_fed,A2C-MADRL,deterministic,6e8eaa21c5789588cca42a25c574e8dec75dffbff35a897bc8bf6777a13f0b47
2,15,14,170.3,35.74,34.83,13.81,6.91,-0.5277189612388611,-0.125294029712677,72.29102676541318,-6.232123705682411,72.29102676541318,-0.18947368421052882,0.9,0.9,2.8534310616240526,30.481877980421444,-30.481877980421444,815.3305754136093,119.10680096398887,420.9547349096202,-677.6960556436092,0.0,0.0,30.481877980421444,420.9547349096202,0.0,165.75,39.48,35.46,0.9,27.35,0.0,0.0,0.0,main_seed3,3,d1c1eb972d85b5605cb5db7c2c6bc30520ef1b725ec02f3d139c77d64d6a78a6,1500,pre_fed,A2C-MADRL,deterministic,6e8eaa21c5789588cca42a25c574e8dec75dffbff35a897bc8bf6777a13f0b47
3,15,14,192.2,35.74,34.83,13.81,6.91,-0.09635148197412491,-0.3140200674533844,90.39455780910797,-15.204493602490368,90.39455780910797,-0.18947368421052882,0.9,0.9,3.2155016824979494,34.64041755760047,-34.64041755760047,710.8185536452067,126.80720528531852,478.38416647046256,-658.0049627004939,0.0,0.0,34.64041755760047,478.38416647046256,0.0,187.07,39.48,35.46,0.9,27.35,0.0,0.0,0.0,main_seed3,3,d1c1eb972d85b5605cb5db7c2c6bc30520ef1b725ec02f3d139c77d64d6a78a6,1500,pre_fed,A2C-MADRL,deterministic,6e8eaa21c5789588cca42a25c574e8dec75dffbff35a897bc8bf6777a13f0b47
1,16,15,316.8,18.06,23.62,17.31,8.66,0.03844596445560455,-0.046128977090120316,103.84270334217422,-2.304814295012887,103.84270334217422,-2.304814295012887,0.7740012543666827,0.7943489876605717,2.864357780943227,176.4464687337819,-176.4464687337819,744.325050120264,216.3094176407235,3054.288373781764,-2007.4614207713757,0.0,0.0,176.4464687337819,3054.288373781764,0.0,333.2,35.74,34.83,0.7740012543666827,13.81,0.0,0.0,0.0,main_seed3,3,d1c1eb972d85b5605cb5db7c2c6bc30520ef1b725ec02f3d139c77d64d6a78a6,1500,pre_fed,A2C-MADRL,deterministic,6e8eaa21c5789588cca42a25c574e8dec75dffbff35a897bc8bf6777a13f0b47
2,16,15,172.25,18.06,23.62,17.31,8.66,-0.458148330450058,-0.11640475690364838,79.99966119894697,-5.794091345689813,79.99966119894697,-0.18947368421052882,0.9,0.9,2.429803750294729,53.189616235558276,-53.189616235558276,868.0376636288106,119.10680096398887,920.7122570375137,-953.9283608151566,0.0,0.0,53.189616235558276,920.7122570375137,0.0,170.3,35.74,34.83,0.9,13.81,0.0,0.0,0.0,main_seed3,3,d1c1eb972d85b5605cb5db7c2c6bc30520ef1b725ec02f3d139c77d64d6a78a6,1500,pre_fed,A2C-MADRL,deterministic,6e8eaa21c5789588cca42a25c574e8dec75dffbff35a897bc8bf6777a13f0b47
3,16,15,194.4,18.06,23.62,17.31,8.66,-0.0887346863746643,-0.28739506006240845,91.14974768220151,-13.986773406525966,91.14974768220151,-0.18947368421052882,0.9,0.9,2.6528054799598197,64.41253148196884,-64.41253148196884,716.5086608076163,126.80720528531852,1114.9809199528806,-979.1483930229077,0.0,0.0,64.41253148196884,1114.9809199528806,0.0,192.2,35.74,34.83,0.9,13.81,0.0,0.0,0.0,main_seed3,3,d1c1eb972d85b5605cb5db7c2c6bc30520ef1b725ec02f3d139c77d64d6a78a6,1500,pre_fed,A2C-MADRL,deterministic,6e8eaa21c5789588cca42a25c574e8dec75dffbff35a897bc8bf6777a13f0b47
1,17,16,291.3,24.27,14.18,16.42,8.21,0.041980892419815063,-0.04082436487078667,104.19562474837569,-2.040085014653876,104.19562474837569,-2.040085014653876,0.7943489876605717,0.8121410973244624,2.8121107946744366,153.5065710609526,-153.5065710609526,746.9384721160139,198.29102165037423,2520.577896820842,-1732.903695293615,0.0,0.0,153.5065710609526,2520.577896820842,0.0,316.8,18.06,23.62,0.7943489876605717,17.31,0.0,0.0,0.0,main_seed3,3,d1c1eb972d85b5605cb5db7c2c6bc30520ef1b725ec02f3d139c77d64d6a78a6,1500,pre_fed,A2C-MADRL,deterministic,6e8eaa21c5789588cca42a25c574e8dec75dffbff35a897bc8bf6777a13f0b47
2,17,16,165.75,24.27,14.18,16.42,8.21,-0.4466681182384491,-0.10720162838697433,81.31811112669946,-5.339642346944898,81.31811112669946,-0.18947368421052882,0.9,0.9,2.3915727488497787,48.56293530636084,-48.56293530636084,877.1428986984812,119.10680096398887,797.4033977304451,-896.8265486964576,0.0,0.0,48.56293530636084,797.4033977304451,0.0,172.25,18.06,23.62,0.9,17.31,0.0,0.0,0.0,main_seed3,3,d1c1eb972d85b5605cb5db7c2c6bc30520ef1b725ec02f3d139c77d64d6a78a6,1500,pre_fed,A2C-MADRL,deterministic,6e8eaa21c5789588cca42a25c574e8dec75dffbff35a897bc8bf6777a13f0b47
3,17,16,187.07,24.27,14.18,16.42,8.21,-0.08194106817245483,-0.27450522780418396,91.82418339768975,-13.390597869020862,91.82418339768975,-0.18947368421052882,0.9,0.9,2.601694194269584,59.58698448079036,-59.58698448079036,721.5994717787768,126.80720528531852,978.4182851745778,-913.4124811193366,0.0,0.0,59.58698448079036,978.4182851745778,0.0,194.4,18.06,23.62,0.9,17.31,0.0,0.0,0.0,main_seed3,3,d1c1eb972d85b5605cb5db7c2c6bc30520ef1b725ec02f3d139c77d64d6a78a6,1500,pre_fed,A2C-MADRL,deterministic,6e8eaa21c5789588cca42a25c574e8dec75dffbff35a897bc8bf6777a13f0b47
1,18,17,413.8,26.26,4.67,9.83,4.92,0.03686394914984703,-0.0394059456884861,103.6847259458232,-1.9692780728551948,103.6847259458232,-1.9692780728551948,0.8121410973244624,0.8292249568219378,2.65290895745936,283.80746108449136,-283.80746108449136,743.1558638052385,181.71114329867999,2789.82734246055,-1857.347174782234,0.0,0.0,283.80746108449136,2789.82734246055,0.0,291.3,24.27,14.18,0.8121410973244624,16.42,0.0,0.0,0.0,main_seed3,3,d1c1eb972d85b5605cb5db7c2c6bc30520ef1b725ec02f3d139c77d64d6a78a6,1500,pre_fed,A2C-MADRL,deterministic,6e8eaa21c5789588cca42a25c574e8dec75dffbff35a897bc8bf6777a13f0b47
2,18,17,164.25,26.26,4.67,9.83,4.92,-0.4509274363517761,-0.11341485381126404,80.82745150586635,-5.646553022612394,80.82745150586635,-0.18947368421052882,0.9,0.9,2.231359556433117,54.91338173477729,-54.91338173477729,873.751309122013,119.10680096398887,539.7985424528607,-766.3283262694313,0.0,0.0,54.91338173477729,539.7985424528607,0.0,165.75,24.27,14.18,0.9,16.42,0.0,0.0,0.0,main_seed3,3,d1c1eb972d85b5605cb5db7c2c6bc30520ef1b725ec02f3d139c77d64d6a78a6,1500,pre_fed,A2C-MADRL,deterministic,6e8eaa21c5789588cca42a25c574e8dec75dffbff35a897bc8bf6777a13f0b47
3,18,17,185.6,26.26,4.67,9.83,4.92,-0.0862923264503479,-0.2816885709762573,91.39212255681662,-13.723358510180988,91.39212255681662,-0.18947368421052882,0.9,0.9,2.442652977452122,65.91000410484602,-65.91000410484602,718.3371726767863,126.80720528531852,647.8953403506364,-746.5198591563706,0.0,0.0,65.91000410484602,647.8953403506364,0.0,187.07,24.27,14.18,0.9,16.42,0.0,0.0,0.0,main_seed3,3,d1c1eb972d85b5605cb5db7c2c6bc30520ef1b725ec02f3d139c77d64d6a78a6,1500,pre_fed,A2C-MADRL,deterministic,6e8eaa21c5789588cca42a25c574e8dec75dffbff35a897bc8bf6777a13f0b47
1,19,18,539.8,26.77,0.18,8.63,4.32,0.026680730283260345,-0.03508349880576134,102.66744010917334,-1.7534555846081328,102.66744010917334,-1.7534555846081328,0.8292249568219378,0.8442243349620712,2.5572796904913044,414.49329516592604,-414.49329516592604,735.6366438188941,166.9122459184065,3577.077137281942,-2239.813013509621,0.0,0.0,414.49329516592604,3577.077137281942,0.0,413.8,26.26,4.67,0.8292249568219378,9.83,0.0,0.0,0.0,main_seed3,3,d1c1eb972d85b5605cb5db7c2c6bc30520ef1b725ec02f3d139c77d64d6a78a6,1500,pre_fed,A2C-MADRL,deterministic,6e8eaa21c5789588cca42a25c574e8dec75dffbff35a897bc8bf6777a13f0b47
2,19,18,162.5,26.77,0.18,8.63,4.32,-0.4158124625682831,-0.11313380300998688,84.92444743025015,-5.632679260576974,84.92444743025015,-0.18947368421052882,0.9,0.9,2.2336994749207926,53.048725728881166,-53.048725728881166,902.1832908659541,119.10680096398887,457.8105030402445,-739.5502974350937,0.0,0.0,53.048725728881166,457.8105030402445,0.0,164.25,26.26,4.67,0.9,9.83,0.0,0.0,0.0,main_seed3,3,d1c1eb972d85b5605cb5db7c2c6bc30520ef1b725ec02f3d139c77d64d6a78a6,1500,pre_fed,A2C-MADRL,deterministic,6e8eaa21c5789588cca42a25c574e8dec75dffbff35a897bc8bf6777a13f0b47
3,19,18,183.4,26.77,0.18,8.63,4.32,-0.08533201366662979,-0.2721230089664459,91.48745013682735,-13.27995957387321,91.48745013682735,-0.18947368421052882,0.9,0.9,2.3649595290523364,67.51698307643552,-67.51698307643552,719.0566438540824,126.80720528531852,582.6715639496387,-714.2677065445198,0.0,0.0,67.51698307643552,582.6715639496387,0.0,185.6,26.26,4.67,0.9,9.83,0.0,0.0,0.0,main_seed3,3,d1c1eb972d85b5605cb5db7c2c6bc30520ef1b725ec02f3d139c77d64d6a78a6,1500,pre_fed,A2C-MADRL,deterministic,6e8eaa21c5789588cca42a25c574e8dec75dffbff35a897bc8bf6777a13f0b47
1,20,19,557.2,26.22,0.0,8.87,4.44,0.023893821984529495,-0.036625269800424576,102.38892759110603,-1.8304451038455793,102.38892759110603,-1.8304451038455793,0.8442243349620712,0.85992511477868,2.535569649745209,432.9570871624848,-432.9570871624848,733.5809550165061,152.40497816556592,3840.32936313124,-2363.157648156656,0.0,0.0,432.9570871624848,3840.32936313124,0.0,539.8,26.77,0.18,0.8442243349620712,8.63,0.0,0.0,0.0,main_seed3,3,d1c1eb972d85b5605cb5db7c2c6bc30520ef1b725ec02f3d139c77d64d6a78a6,1500,pre_fed,A2C-MADRL,deterministic,6e8eaa21c5789588cca42a25c574e8dec75dffbff35a897bc8bf6777a13f0b47
2,20,19,165.75,26.22,0.0,8.87,4.44,-0.40849533677101135,-0.11368044465780258,85.79279225946549,-5.659662811783858,85.79279225946549,-0.18947368421052882,0.9,0.9,2.236466371505099,56.16314779625014,-56.16314779625014,908.2421243817,119.10680096398887,498.16712095273874,-762.7580231492138,0.0,0.0,56.16314779625014,498.16712095273874,0.0,162.5,26.77,0.18,0.9,8.63,0.0,0.0,0.0,main_seed3,3,d1c1eb972d85b5605cb5db7c2c6bc30520ef1b725ec02f3d139c77d64d6a78a6,1500,pre_fed,A2C-MADRL,deterministic,6e8eaa21c5789588cca42a25c574e8dec75dffbff35a897bc8bf6777a13f0b47
3,20,19,187.07,26.22,0.0,8.87,4.44,-0.08547817915678024,-0.270479679107666,91.47293968509815,-13.20355606729731,91.47293968509815,-0.18947368421052882,0.9,0.9,2.3500693200177527,71.91660331913012,-71.91660331913012,718.9471171694395,126.80720528531852,637.900271440684,-741.827296947721,0.0,0.0,71.91660331913012,637.900271440684,0.0,183.4,26.77,0.18,0.9,8.63,0.0,0.0,0.0,main_seed3,3,d1c1eb972d85b5605cb5db7c2c6bc30520ef1b725ec02f3d139c77d64d6a78a6,1500,pre_fed,A2C-MADRL,deterministic,6e8eaa21c5789588cca42a25c574e8dec75dffbff35a897bc8bf6777a13f0b47
1,21,20,557.1,32.84,0.0,8.35,4.18,0.024448726326227188,-0.0369119830429554,102.44438561616518,-1.8447614024900114,102.44438561616518,-1.8447614024900114,0.85992511477868,0.8757304978727778,2.668792484273504,426.3291682705983,-426.3291682705983,733.9901880930805,137.80276191449093,3559.8485550594955,-2215.8207525335333,0.0,0.0,426.3291682705983,3559.8485550594955,0.0,557.2,26.22,0.0,0.85992511477868,8.87,0.0,0.0,0.0,main_seed3,3,d1c1eb972d85b5605cb5db7c2c6bc30520ef1b725ec02f3d139c77d64d6a78a6,1500,pre_fed,A2C-MADRL,deterministic,6e8eaa21c5789588cca42a25c574e8dec75dffbff35a897bc8bf6777a13f0b47
2,21,20,169.0,32.84,0.0,8.35,4.18,-0.4092575013637543,-0.11354517936706543,85.70211285639888,-5.6529861008290005,85.70211285639888,-0.18947368421052882,0.9,0.9,2.3670527834437673,53.01441361125541,-53.01441361125541,907.6088773495327,119.10680096398887,442.6703536539826,-734.693015983752,0.0,0.0,53.01441361125541,442.6703536539826,0.0,165.75,26.22,0.0,0.9,8.87,0.0,0.0,0.0,main_seed3,3,d1c1eb972d85b5605cb5db7c2c6bc30520ef1b725ec02f3d139c77d64d6a78a6,1500,pre_fed,A2C-MADRL,deterministic,6e8eaa21c5789588cca42a25c574e8dec75dffbff35a897bc8bf6777a13f0b47
3,21,20,190.73,32.84,0.0,8.35,4.18,-0.08552893251180649,-0.2709267735481262,91.46790127455388,-13.224349458683395,91.46790127455388,-0.18947368421052882,0.9,0.9,2.4823685518068674,69.0939409614635,-69.0939409614635,718.9090875590877,126.80720528531852,576.9344070282202,-711.3253499363132,0.0,0.0,69.0939409614635,576.9344070282202,0.0,187.07,26.22,0.0,0.9,8.87,0.0,0.0,0.0,main_seed3,3,d1c1eb972d85b5605cb5db7c2c6bc30520ef1b725ec02f3d139c77d64d6a78a6,1500,pre_fed,A2C-MADRL,deterministic,6e8eaa21c5789588cca42a25c574e8dec75dffbff35a897bc8bf6777a13f0b47
1,22,21,535.0,36.02,0.0,16.44,8.22,0.02287992089986801,-0.03841743990778923,102.28759292598184,-1.919927548155716,102.28759292598184,-1.919927548155716,0.8757304978727778,0.8922183485845115,2.7277533075565223,401.34008792973043,-401.34008792973043,732.8333200360063,122.90905585026519,6598.031045564769,-3726.88671072552,0.0,0.0,401.34008792973043,6598.031045564769,0.0,557.1,32.84,0.0,0.8757304978727778,8.35,0.0,0.0,0.0,main_seed3,3,d1c1eb972d85b5605cb5db7c2c6bc30520ef1b725ec02f3d139c77d64d6a78a6,1500,pre_fed,A2C-MADRL,deterministic,6e8eaa21c5789588cca42a25c574e8dec75dffbff35a897bc8bf6777a13f0b47
2,22,21,161.2,36.02,0.0,16.44,8.22,-0.41804400086402893,-0.1186758503317833,84.66061384896801,-5.906091468505124,84.66061384896801,-0.18947368421052882,0.9,0.9,2.40982280329515,43.11868263853765,-43.11868263853765,900.3446751454973,119.10680096398887,708.871142577559,-864.1613093435226,0.0,0.0,43.11868263853765,708.871142577559,0.0,169.0,32.84,0.0,0.9,8.35,0.0,0.0,0.0,main_seed3,3,d1c1eb972d85b5605cb5db7c2c6bc30520ef1b725ec02f3d139c77d64d6a78a6,1500,pre_fed,A2C-MADRL,deterministic,6e8eaa21c5789588cca42a25c574e8dec75dffbff35a897bc8bf6777a13f0b47
3,22,21,181.93,36.02,0.0,16.44,8.22,-0.08943723887205124,-0.27901551127433777,91.08004706580864,-13.59968346041068,91.08004706580864,-0.18947368421052882,0.9,0.9,2.5382114676319625,57.55763808603386,-57.55763808603386,715.9830357006924,126.80720528531852,946.2475701343967,-894.5189055602038,0.0,0.0,57.55763808603386,946.2475701343967,0.0,190.73,32.84,0.0,0.9,8.35,0.0,0.0,0.0,main_seed3,3,d1c1eb972d85b5605cb5db7c2c6bc30520ef1b725ec02f3d139c77d64d6a78a6,1500,pre_fed,A2C-MADRL,deterministic,6e8eaa21c5789588cca42a25c574e8dec75dffbff35a897bc8bf6777a13f0b47
1,23,22,437.8,37.23,0.0,16.19,8.1,0.03067079558968544,-0.04666097089648247,103.06611818914584,-2.3313568111070744,103.06611818914584,-1.0069566434376283,0.8922183485845115,0.9,2.785783230914164,301.296621685206,-301.296621685206,738.5814562624039,113.50447922861443,4877.992305083485,-2865.0391202872515,0.0,0.0,301.296621685206,4877.992305083485,0.0,535.0,36.02,0.0,0.8922183485845115,16.44,0.0,0.0,0.0,main_seed3,3,d1c1eb972d85b5605cb5db7c2c6bc30520ef1b725ec02f3d139c77d64d6a78a6,1500,pre_fed,A2C-MADRL,deterministic,6e8eaa21c5789588cca42a25c574e8dec75dffbff35a897bc8bf6777a13f0b47
2,23,22,148.0,37.23,0.0,16.19,8.1,-0.46740153431892395,-0.12521860003471375,78.9463619830143,-6.228410779700536,78.9463619830143,-0.18947368421052882,0.9,0.9,2.3197377659760754,34.33284946717231,-34.33284946717231,860.782549398205,119.10680096398887,555.8488328735198,-767.8690916178568,0.0,0.0,34.33284946717231,555.8488328735198,0.0,161.2,36.02,0.0,0.9,16.44,0.0,0.0,0.0,main_seed3,3,d1c1eb972d85b5605cb5db7c2c6bc30520ef1b725ec02f3d139c77d64d6a78a6,1500,pre_fed,A2C-MADRL,deterministic,6e8eaa21c5789588cca42a25c574e8dec75dffbff35a897bc8bf6777a13f0b47
3,23,22,161.39,37.23,0.0,16.19,8.1,-0.0949840098619461,-0.298190176486969,90.53006104287296,-14.48277521008844,90.53006104287296,-0.18947368421052882,0.9,0.9,2.551411747173249,36.3708243885108,-36.3708243885108,711.8387282071417,126.80720528531852,588.8436468499899,-713.7447901712251,0.0,0.0,36.3708243885108,588.8436468499899,0.0,181.93,36.02,0.0,0.9,16.44,0.0,0.0,0.0,main_seed3,3,d1c1eb972d85b5605cb5db7c2c6bc30520ef1b725ec02f3d139c77d64d6a78a6,1500,pre_fed,A2C-MADRL,deterministic,6e8eaa21c5789588cca42a25c574e8dec75dffbff35a897bc8bf6777a13f0b47
1,24,23,447.3,44.12,0.0,8.87,4.44,0.03046427294611931,-0.04409537464380264,103.04548520979033,-2.2033408570999375,103.04548520979033,-0.18947368421052882,0.9,0.9,2.939520230511596,303.26350870493184,-303.26350870493184,738.4289887791817,111.40639664265923,2689.9473222127453,-1769.8913538172933,0.8941272824707056,0.0,302.3693814224611,2685.9863383514,0.0,437.8,37.23,0.0,0.9,16.19,0.0,0.0,0.0,main_seed3,3,d1c1eb972d85b5605cb5db7c2c6bc30520ef1b725ec02f3d139c77d64d6a78a6,1500,pre_fed,A2C-MADRL,deterministic,6e8eaa21c5789588cca42a25c574e8dec75dffbff35a897bc8bf6777a13f0b47
2,24,23,119.6,44.12,0.0,8.87,4.44,-0.46672871708869934,-0.12552131712436676,79.02266478877247,-6.243311205157273,79.02266478877247,-0.18947368421052882,0.9,0.9,2.4590638220912386,-0.8941272824707056,0.8941272824707056,861.3075557826498,119.10680096398887,7.930908995515158,-494.172632871077,0.0,0.8941272824707056,0.0,-3.9699251341699333,0.0,148.0,37.23,0.0,0.9,16.19,0.8941272824707056,0.0,0.0,main_seed3,3,d1c1eb972d85b5605cb5db7c2c6bc30520ef1b725ec02f3d139c77d64d6a78a6,1500,pre_fed,A2C-MADRL,deterministic,6e8eaa21c5789588cca42a25c574e8dec75dffbff35a897bc8bf6777a13f0b47
3,24,23,134.98,44.12,0.0,8.87,4.44,-0.09436307102441788,-0.2959229350090027,90.59160168110265,-14.378856181922439,90.59160168110265,-0.18947368421052882,0.9,0.9,2.6904425599378423,3.148314563045716,-3.148314563045716,712.3021695711082,126.80720528531852,27.9255501742155,-433.5174625153211,0.0,0.0,3.148314563045716,27.9255501742155,0.0,161.39,37.23,0.0,0.9,16.19,0.0,0.0,0.0,main_seed3,3,d1c1eb972d85b5605cb5db7c2c6bc30520ef1b725ec02f3d139c77d64d6a78a6,1500,pre_fed,A2C-MADRL,deterministic,6e8eaa21c5789588cca42a25c574e8dec75dffbff35a897bc8bf6777a13f0b47
1,1,0,457.7,51.48,0.0,8.65,4.33,-1.3791593313217163,3.2143990993499756,11.923711804401593,49.8388212208927,11.923711804401593,37.905,0.5,0.09999999999999992,2.0261742360880315,358.41746243168643,-358.41746243168643,132.35524823705197,846.5310470825,3100.3110500340877,-2039.5986726768197,0.0,0.0,358.41746243168643,3100.3110500340877,0.0,447.3,44.12,0.0,0.5,8.87,0.0,0.0,0.0,main_seed3,3,d1c1eb972d85b5605cb5db7c2c6bc30520ef1b725ec02f3d139c77d64d6a78a6,1500,pre_fed,TRPO-MADRL,deterministic,628c302780d2c416718671f1d224a95cf71c4ff527fba2666a62133129f12611
2,1,0,110.5,51.48,0.0,8.65,4.33,-1.1750500202178955,-0.7681952118873596,24.37618988625212,-32.29393862620796,24.37618988625212,-32.29393862620796,0.5,0.8057924169489756,0.871245025200883,67.80899376515674,-67.80899376515674,507.97266816752875,302.59025130059916,586.5477960686059,-698.5553577683669,0.0,0.0,67.80899376515674,586.5477960686059,0.0,119.6,44.12,0.0,0.5,8.87,0.0,0.0,0.0,main_seed3,3,d1c1eb972d85b5605cb5db7c2c6bc30520ef1b725ec02f3d139c77d64d6a78a6,1500,pre_fed,TRPO-MADRL,deterministic,628c302780d2c416718671f1d224a95cf71c4ff527fba2666a62133129f12611
3,1,0,124.71,51.48,0.0,8.65,4.33,-0.957651674747467,-2.5380303859710693,25.677243973833754,-49.379429230884895,25.677243973833754,-42.21052631578948,0.5,0.9,0.6989343531608853,90.46221669511661,-90.46221669511661,263.44833563984605,244.81166675900275,782.4981744127587,-645.3790884058037,0.0,0.0,90.46221669511661,782.4981744127587,0.0,134.98,44.12,0.0,0.5,8.87,0.0,0.0,0.0,main_seed3,3,d1c1eb972d85b5605cb5db7c2c6bc30520ef1b725ec02f3d139c77d64d6a78a6,1500,pre_fed,TRPO-MADRL,deterministic,628c302780d2c416718671f1d224a95cf71c4ff527fba2666a62133129f12611
1,2,1,336.5,38.37,0.0,8.11,4.06,-0.8275929689407349,17.25753402709961,32.08185729294107,49.9999999999999,32.08185729294107,-0.021052631578956735,0.09999999999999992,0.1,1.4086160932272425,267.4778114318651,-267.4778114318651,254.8451128112765,1052.5389067811636,2169.245050712426,-1738.314535152433,0.0,0.0,267.4778114318651,2169.245050712426,0.0,457.7,51.48,0.0,0.09999999999999992,8.65,0.0,0.0,0.0,main_seed3,3,d1c1eb972d85b5605cb5db7c2c6bc30520ef1b725ec02f3d139c77d64d6a78a6,1500,pre_fed,TRPO-MADRL,deterministic,628c302780d2c416718671f1d224a95cf71c4ff527fba2666a62133129f12611
2,2,1,109.85,38.37,0.0,8.11,4.06,-2.5128872394561768,-16.396907806396484,1.826625162698119,-49.99999999999943,1.826625162698119,-10.086228198412885,0.8057924169489756,0.9,0.6022079392857047,80.34181097500047,-80.34181097500047,375.40058877621135,145.32543789180917,651.5720870072538,-586.1490568376371,0.0,0.0,80.34181097500047,651.5720870072538,0.0,110.5,51.48,0.0,0.8057924169489756,8.65,0.0,0.0,0.0,main_seed3,3,d1c1eb972d85b5605cb5db7c2c6bc30520ef1b725ec02f3d139c77d64d6a78a6,1500,pre_fed,TRPO-MADRL,deterministic,628c302780d2c416718671f1d224a95cf71c4ff527fba2666a62133129f12611
3,2,1,123.98,38.37,0.0,8.11,4.06,-1.7318943738937378,-25.305522918701172,6.072059867569502,-50.0,6.072059867569502,-0.18947368421052882,0.9,0.9,0.8850517236671794,80.61246554030822,-80.61246554030822,143.62893198541462,126.80720528531852,653.7670955318996,-462.1016164013164,0.0,0.0,80.61246554030822,653.7670955318996,0.0,124.71,51.48,0.0,0.9,8.65,0.0,0.0,0.0,main_seed3,3,d1c1eb972d85b5605cb5db7c2c6bc30520ef1b725ec02f3d139c77d64d6a78a6,1500,pre_fed,TRPO-MADRL,deterministic,628c302780d2c416718671f1d224a95cf71c4ff527fba2666a62133129f12611
1,3,2,274.9,43.56,0.0,8.25,4.13,-0.4882074296474457,17.12748146057129,54.72074657122066,49.999999999999865,54.72074657122066,-0.02105263157894797,0.1,0.1,1.9651938787928342,178.60549993915112,-178.60549993915112,400.25698724040734,1052.5389067811634,1473.4953744979966,-1463.1456342597837,0.0,0.0,178.60549993915112,1473.4953744979966,0.0,336.5,38.37,0.0,0.1,8.11,0.0,0.0,0.0,main_seed3,3,d1c1eb972d85b5605cb5db7c2c6bc30520ef1b725ec02f3d139c77d64d6a78a6,1500,pre_fed,TRPO-MADRL,deterministic,628c302780d2c416718671f1d224a95cf71c4ff527fba2666a62133129f12611
2,3,2,112.45,43.56,0.0,8.25,4.13,-2.3311145305633545,-18.754228591918945,2.61996114154726,-49.99999999999999,2.61996114154726,-0.18947368421052882,0.9,0.9,0.9198097491467347,67.37932229181001,-67.37932229181001,379.9335471765009,119.10680096398887,555.8794089074327,-527.4598785239612,0.0,0.0,67.37932229181001,555.8794089074327,0.0,109.85,38.37,0.0,0.9,8.11,0.0,0.0,0.0,main_seed3,3,d1c1eb972d85b5605cb5db7c2c6bc30520ef1b725ec02f3d139c77d64d6a78a6,1500,pre_fed,TRPO-MADRL,deterministic,628c302780d2c416718671f1d224a95cf71c4ff527fba2666a62133129f12611
3,3,2,126.91,43.56,0.0,8.25,4.13,-1.745370626449585,-27.17597007751465,5.915364258718325,-50.0,5.915364258718325,-0.18947368421052882,0.9,0.9,0.9857178114901561,78.60982723698234,-78.60982723698234,142.70068591913002,126.80720528531852,648.5310747051043,-459.01948295477644,0.0,0.0,78.60982723698234,648.5310747051043,0.0,123.98,38.37,0.0,0.9,8.11,0.0,0.0,0.0,main_seed3,3,d1c1eb972d85b5605cb5db7c2c6bc30520ef1b725ec02f3d139c77d64d6a78a6,1500,pre_fed,TRPO-MADRL,deterministic,628c302780d2c416718671f1d224a95cf71c4ff527fba2666a62133129f12611
1,4,3,272.6,40.75,0.0,8.1,4.05,-0.5835468769073486,17.12197494506836,47.47614072276471,49.999999999999865,47.47614072276471,-0.02105263157894797,0.1,0.1,1.7641017618237151,186.159013670638,-186.159013670638,352.82079483142894,1052.5389067811634,1507.8880107321677,-1456.6238561723799,0.0,0.0,186.159013670638,1507.8880107321677,0.0,274.9,43.56,0.0,0.1,8.25,0.0,0.0,0.0,main_seed3,3,d1c1eb972d85b5605cb5db7c2c6bc30520ef1b725ec02f3d139c77d64d6a78a6,1500,pre_fed,TRPO-MADRL,deterministic,628c302780d2c416718671f1d224a95cf71c4ff527fba2666a62133129f12611
2,4,3,110.5,40.75,0.0,8.1,4.05,-2.522536039352417,-18.7764892578125,1.7919370452701977,-49.99999999999999,1.7919370452701977,-0.18947368421052882,0.9,0.9,0.8470492672211934,68.99458590616152,-68.99458590616152,375.20260630877874,119.10680096398887,558.8561458399083,-526.582776556338,0.0,0.0,68.99458590616152,558.8561458399083,0.0,112.45,43.56,0.0,0.9,8.25,0.0,0.0,0.0,main_seed3,3,d1c1eb972d85b5605cb5db7c2c6bc30520ef1b725ec02f3d139c77d64d6a78a6,1500,pre_fed,TRPO-MADRL,deterministic,628c302780d2c416718671f1d224a95cf71c4ff527fba2666a62133129f12611
3,4,3,124.71,40.75,0.0,8.1,4.05,-1.7441507577896118,-26.568904876708984,5.929385428167954,-50.0,5.929385428167954,-0.18947368421052882,0.9,0.9,0.9297982348791486,79.14988649092172,-79.14988649092172,142.78372664743563,126.80720528531852,641.1140805764659,-455.35250625461003,0.0,0.0,79.14988649092172,641.1140805764659,0.0,126.91,43.56,0.0,0.9,8.25,0.0,0.0,0.0,main_seed3,3,d1c1eb972d85b5605cb5db7c2c6bc30520ef1b725ec02f3d139c77d64d6a78a6,1500,pre_fed,TRPO-MADRL,deterministic,628c302780d2c416718671f1d224a95cf71c4ff527fba2666a62133129f12611
1,5,4,245.3,27.74,0.0,8.14,4.07,-0.519106924533844,17.104955673217773,52.29895598895242,49.99999999999986,52.29895598895242,-0.02105263157894797,0.1,0.1,1.6003580671474695,166.882454709774,-166.882454709774,384.30499271683635,1052.5389067811634,1358.4231813375604,-1397.63354041778,0.0,0.0,166.882454709774,1358.4231813375604,0.0,272.6,40.75,0.0,0.1,8.1,0.0,0.0,0.0,main_seed3,3,d1c1eb972d85b5605cb5db7c2c6bc30520ef1b725ec02f3d139c77d64d6a78a6,1500,pre_fed,TRPO-MADRL,deterministic,628c302780d2c416718671f1d224a95cf71c4ff527fba2666a62133129f12611
2,5,4,113.75,27.74,0.0,8.14,4.07,-2.416567802429199,-18.77501678466797,2.211617185489241,-49.99999999999999,2.211617185489241,-0.18947368421052882,0.9,0.9,0.5952428700255742,84.58309936874687,-84.58309936874687,377.59915911795,119.10680096398887,688.5064288615996,-592.6061944717692,0.0,0.0,84.58309936874687,688.5064288615996,0.0,110.5,40.75,0.0,0.9,8.1,0.0,0.0,0.0,main_seed3,3,d1c1eb972d85b5605cb5db7c2c6bc30520ef1b725ec02f3d139c77d64d6a78a6,1500,pre_fed,TRPO-MADRL,deterministic,628c302780d2c416718671f1d224a95cf71c4ff527fba2666a62133129f12611
3,5,4,128.38,27.74,0.0,8.14,4.07,-1.7495570182800293,-26.937223434448242,5.867489921037706,-50.0,5.867489921037706,-0.18947368421052882,0.9,0.9,0.6683603247365436,95.63034408790936,-95.63034408790936,142.41717710197713,126.80720528531852,778.4310008755823,-523.8276916314389,0.0,0.0,95.63034408790936,778.4310008755823,0.0,124.71,40.75,0.0,0.9,8.1,0.0,0.0,0.0,main_seed3,3,d1c1eb972d85b5605cb5db7c2c6bc30520ef1b725ec02f3d139c77d64d6a78a6,1500,pre_fed,TRPO-MADRL,deterministic,628c302780d2c416718671f1d224a95cf71c4ff527fba2666a62133129f12611
1,6,5,233.7,30.15,0.0,8.13,4.07,-0.1951962113380432,17.01814842224121,80.72456730067181,49.99999999999984,80.72456730067181,-0.02105263157894797,0.1,0.1,2.217070293381857,125.063555624289,-125.063555624289,577.5278166634763,1052.5389067811634,1016.7667072254696,-1323.4167153350545,0.0,0.0,125.063555624289,1016.7667072254696,0.0,245.3,27.74,0.0,0.1,8.14,0.0,0.0,0.0,main_seed3,3,d1c1eb972d85b5605cb5db7c2c6bc30520ef1b725ec02f3d139c77d64d6a78a6,1500,pre_fed,TRPO-MADRL,deterministic,628c302780d2c416718671f1d224a95cf71c4ff527fba2666a62133129f12611
2,6,5,120.25,30.15,0.0,8.13,4.07,-1.9305847883224487,-18.534442901611328,5.7707093297450385,-49.99999999999999,5.7707093297450385,-0.18947368421052882,0.9,0.9,0.7146247129106902,85.23338906737618,-85.23338906737618,398.0307172478317,119.10680096398887,692.9474531177684,-605.0424856647945,0.0,0.0,85.23338906737618,692.9474531177684,0.0,113.75,27.74,0.0,0.9,8.14,0.0,0.0,0.0,main_seed3,3,d1c1eb972d85b5605cb5db7c2c6bc30520ef1b725ec02f3d139c77d64d6a78a6,1500,pre_fed,TRPO-MADRL,deterministic,628c302780d2c416718671f1d224a95cf71c4ff527fba2666a62133129f12611
3,6,5,135.43,30.15,0.0,8.13,4.07,-1.7349895238876343,-28.318267822265625,6.035718941269986,-50.0,6.035718941269986,-0.18947368421052882,0.9,0.9,0.7199249051411891,100.15367964808175,-100.15367964808175,143.41361112858965,126.80720528531852,814.2494155389047,-542.2351159764064,0.0,0.0,100.15367964808175,814.2494155389047,0.0,128.38,27.74,0.0,0.9,8.14,0.0,0.0,0.0,main_seed3,3,d1c1eb972d85b5605cb5db7c2c6bc30520ef1b725ec02f3d139c77d64d6a78a6,1500,pre_fed,TRPO-MADRL,deterministic,628c302780d2c416718671f1d224a95cf71c4ff527fba2666a62133129f12611
1,7,6,274.6,28.65,0.16,8.34,4.17,-0.24758082628250122,17.025083541870117,75.73567405517774,49.99999999999984,75.73567405517774,-0.02105263157894797,0.1,0.1,2.0904924284719755,172.16587100487322,-172.16587100487322,542.6687834248128,1052.5389067811634,1435.8633641806427,-1515.5355271933095,0.0,0.0,172.16587100487322,1435.8633641806427,0.0,233.7,30.15,0.0,0.1,8.13,0.0,0.0,0.0,main_seed3,3,d1c1eb972d85b5605cb5db7c2c6bc30520ef1b725ec02f3d139c77d64d6a78a6,1500,pre_fed,TRPO-MADRL,deterministic,628c302780d2c416718671f1d224a95cf71c4ff527fba2666a62133129f12611
2,7,6,130.0,28.65,0.16,8.34,4.17,-1.9690381288528442,-18.543506622314453,5.351704435359044,-49.99999999999999,5.351704435359044,-0.18947368421052882,0.9,0.9,0.6794446150229704,96.70721386387446,-96.70721386387446,395.61535081960153,119.10680096398887,806.538163624713,-660.6301577041518,0.0,0.0,96.70721386387446,806.538163624713,0.0,120.25,30.15,0.0,0.9,8.13,0.0,0.0,0.0,main_seed3,3,d1c1eb972d85b5605cb5db7c2c6bc30520ef1b725ec02f3d139c77d64d6a78a6,1500,pre_fed,TRPO-MADRL,deterministic,628c302780d2c416718671f1d224a95cf71c4ff527fba2666a62133129f12611
3,7,6,146.72,28.65,0.16,8.34,4.17,-1.7403124570846558,-28.218067169189453,5.973713339534603,-50.0,5.973713339534603,-0.18947368421052882,0.9,0.9,0.6918847931064815,112.8176451377824,-112.8176451377824,143.04628438779392,126.80720528531852,940.8991604491052,-605.3763250611089,0.0,0.0,112.8176451377824,940.8991604491052,0.0,135.43,30.15,0.0,0.9,8.13,0.0,0.0,0.0,main_seed3,3,d1c1eb972d85b5605cb5db7c2c6bc30520ef1b725ec02f3d139c77d64d6a78a6,1500,pre_fed,TRPO-MADRL,deterministic,628c302780d2c416718671f1d224a95cf71c4ff527fba2666a62133129f12611
1,8,7,291.0,23.38,1.77,9.35,4.68,-0.22551371157169342,17.0432071685791,77.82330295583083,49.999999999999844,77.82330295583083,-0.02105263157894797,0.1,0.1,2.059045006485037,190.10679468223316,-190.10679468223316,557.2066714192881,1052.5389067811634,1777.49853027888,-1693.6220542396659,0.0,0.0,190.10679468223316,1777.49853027888,0.0,274.6,28.65,0.16,0.1,8.34,0.0,0.0,0.0,main_seed3,3,d1c1eb972d85b5605cb5db7c2c6bc30520ef1b725ec02f3d139c77d64d6a78a6,1500,pre_fed,TRPO-MADRL,deterministic,628c302780d2c416718671f1d224a95cf71c4ff527fba2666a62133129f12611
2,8,7,157.95,23.38,1.77,9.35,4.68,-1.8656625747680664,-18.435943603515625,6.552102249994354,-49.999999999999986,6.552102249994354,-0.18947368421052882,0.9,0.9,0.6302525713156765,127.06762400553184,-127.06762400553184,402.5422091135652,119.10680096398887,1188.0822844517227,-854.8656472646384,0.0,0.0,127.06762400553184,1188.0822844517227,0.0,130.0,28.65,0.16,0.9,8.34,0.0,0.0,0.0,main_seed3,3,d1c1eb972d85b5605cb5db7c2c6bc30520ef1b725ec02f3d139c77d64d6a78a6,1500,pre_fed,TRPO-MADRL,deterministic,628c302780d2c416718671f1d224a95cf71c4ff527fba2666a62133129f12611
3,8,7,178.26,23.38,1.77,9.35,4.68,-1.7333658933639526,-28.47203254699707,6.054756036140708,-50.0,6.054756036140708,-0.18947368421052882,0.9,0.9,0.6203056470386035,147.86502329510841,-147.86502329510841,143.52640324122075,126.80720528531852,1382.5379678092636,-826.4357881679014,0.0,0.0,147.86502329510841,1382.5379678092636,0.0,146.72,28.65,0.16,0.9,8.34,0.0,0.0,0.0,main_seed3,3,d1c1eb972d85b5605cb5db7c2c6bc30520ef1b725ec02f3d139c77d64d6a78a6,1500,pre_fed,TRPO-MADRL,deterministic,628c302780d2c416718671f1d224a95cf71c4ff527fba2666a62133129f12611
1,9,8,315.7,21.75,5.3,12.0,6.0,-0.08649618923664093,17.043014526367188,91.37188768681543,49.999999999999844,91.37188768681543,-0.02105263157894797,0.1,0.1,2.3680167011047293,199.66718164586825,-199.66718164586825,653.2726546301456,1052.5389067811634,2396.006179750419,-2050.908870580864,0.0,0.0,199.66718164586825,2396.006179750419,0.0,291.0,23.38,1.77,0.1,9.35,0.0,0.0,0.0,main_seed3,3,d1c1eb972d85b5605cb5db7c2c6bc30520ef1b725ec02f3d139c77d64d6a78a6,1500,pre_fed,TRPO-MADRL,deterministic,628c302780d2c416718671f1d224a95cf71c4ff527fba2666a62133129f12611
2,9,8,165.1,21.75,5.3,12.0,6.0,-1.5578292608261108,-18.0577335357666,11.890468069679327,-49.99999999999998,11.890468069679327,-0.18947368421052882,0.9,0.9,0.775019887709376,127.12402550224057,-127.12402550224057,433.61237119074065,119.10680096398887,1525.488306026887,-1039.1037390908082,0.0,0.0,127.12402550224057,1525.488306026887,0.0,157.95,23.38,1.77,0.9,9.35,0.0,0.0,0.0,main_seed3,3,d1c1eb972d85b5605cb5db7c2c6bc30520ef1b725ec02f3d139c77d64d6a78a6,1500,pre_fed,TRPO-MADRL,deterministic,628c302780d2c416718671f1d224a95cf71c4ff527fba2666a62133129f12611
3,9,8,186.33,21.75,5.3,12.0,6.0,-1.7161890268325806,-29.259201049804688,6.259750257768005,-50.0,6.259750257768005,-0.18947368421052882,0.9,0.9,0.6624055314711496,153.87212895791367,-153.87212895791367,144.74140149388356,126.80720528531852,1846.465547494964,-1059.0070771370831,0.0,0.0,153.87212895791367,1846.465547494964,0.0,178.26,23.38,1.77,0.9,9.35,0.0,0.0,0.0,main_seed3,3,d1c1eb972d85b5605cb5db7c2c6bc30520ef1b725ec02f3d139c77d64d6a78a6,1500,pre_fed,TRPO-MADRL,deterministic,628c302780d2c416718671f1d224a95cf71c4ff527fba2666a62133129f12611
1,10,9,362.4,34.82,11.6,9.19,4.6,-0.003769487142562866,17.092662811279297,99.62305307109251,49.99999999999986,99.62305307109251,-0.02105263157894797,0.1,0.1,2.9204400087902713,219.2984395692767,-219.2984395692767,713.2343604626154,1052.5389067811634,2015.3526596416527,-1890.5629634427157,0.0,0.0,219.2984395692767,2015.3526596416527,0.0,315.7,21.75,5.3,0.1,12.0,0.0,0.0,0.0,main_seed3,3,d1c1eb972d85b5605cb5db7c2c6bc30520ef1b725ec02f3d139c77d64d6a78a6,1500,pre_fed,TRPO-MADRL,deterministic,628c302780d2c416718671f1d224a95cf71c4ff527fba2666a62133129f12611
2,10,9,169.0,34.82,11.6,9.19,4.6,-1.586401343345642,-17.81600570678711,11.256596877778314,-49.999999999999964,11.256596877778314,-0.18947368421052882,0.9,0.9,1.1497424638713558,112.66261927030357,-112.66261927030357,429.90047366262377,119.10680096398887,1035.3694710940897,-792.1883728603511,0.0,0.0,112.66261927030357,1035.3694710940897,0.0,165.1,21.75,5.3,0.9,12.0,0.0,0.0,0.0,main_seed3,3,d1c1eb972d85b5605cb5db7c2c6bc30520ef1b725ec02f3d139c77d64d6a78a6,1500,pre_fed,TRPO-MADRL,deterministic,628c302780d2c416718671f1d224a95cf71c4ff527fba2666a62133129f12611
3,10,9,190.73,34.82,11.6,9.19,4.6,-1.6266568899154663,-28.870412826538086,7.441598746341594,-50.0,7.441598746341594,-0.18947368421052882,0.9,0.9,1.0734425012426214,138.13131743911154,-138.13131743911154,151.76177393930942,126.80720528531852,1269.426807265435,-773.9978932450315,0.0,0.0,138.13131743911154,1269.426807265435,0.0,186.33,21.75,5.3,0.9,12.0,0.0,0.0,0.0,main_seed3,3,d1c1eb972d85b5605cb5db7c2c6bc30520ef1b725ec02f3d139c77d64d6a78a6,1500,pre_fed,TRPO-MADRL,deterministic,628c302780d2c416718671f1d224a95cf71c4ff527fba2666a62133129f12611
1,11,10,320.0,27.17,36.64,12.3,6.15,-0.38865262269973755,17.210969924926758,62.980191554022255,49.999999999999886,62.980191554022255,-0.02105263157894797,0.1,0.1,2.535382778448866,195.76624385600556,-195.76624385600556,455.37538236727613,1052.5389067811634,2407.9247994288685,-1957.919544288654,0.0,0.0,195.76624385600556,2407.9247994288685,0.0,362.4,34.82,11.6,0.1,9.19,0.0,0.0,0.0,main_seed3,3,d1c1eb972d85b5605cb5db7c2c6bc30520ef1b725ec02f3d139c77d64d6a78a6,1500,pre_fed,TRPO-MADRL,deterministic,628c302780d2c416718671f1d224a95cf71c4ff527fba2666a62133129f12611
2,11,10,173.55,27.17,36.64,12.3,6.15,-1.6578677892684937,-17.8802547454834,9.809882269301038,-49.99999999999997,9.809882269301038,-0.18947368421052882,0.9,0.9,1.4686081717018105,101.58819958661131,-101.58819958661131,421.45150809467526,119.10680096398887,1249.534854915319,-895.0465819869917,0.0,0.0,101.58819958661131,1249.534854915319,0.0,169.0,34.82,11.6,0.9,9.19,0.0,0.0,0.0,main_seed3,3,d1c1eb972d85b5605cb5db7c2c6bc30520ef1b725ec02f3d139c77d64d6a78a6,1500,pre_fed,TRPO-MADRL,deterministic,628c302780d2c416718671f1d224a95cf71c4ff527fba2666a62133129f12611
3,11,10,195.87,27.17,36.64,12.3,6.15,-1.9935688972473145,-30.88889503479004,3.64296108093507,-50.0,3.64296108093507,-0.18947368421052882,0.9,0.9,1.3452697479344908,129.95178235120994,-129.95178235120994,129.29167995188624,126.80720528531852,1598.4069229198824,-927.2529040785436,0.0,0.0,129.95178235120994,1598.4069229198824,0.0,190.73,34.82,11.6,0.9,9.19,0.0,0.0,0.0,main_seed3,3,d1c1eb972d85b5605cb5db7c2c6bc30520ef1b725ec02f3d139c77d64d6a78a6,1500,pre_fed,TRPO-MADRL,deterministic,628c302780d2c416718671f1d224a95cf71c4ff527fba2666a62133129f12611
1,12,11,350.0,30.2,42.68,20.7,10.35,-0.13820955157279968,17.31831169128418,86.26637967586692,49.999999999999915,86.26637967586692,-0.02105263157894797,0.1,0.1,3.1825065408857593,194.0571794965978,-194.0571794965978,616.7229866712435,1052.5389067811634,4016.9836155795742,-2843.1227545159904,0.0,0.0,194.0571794965978,4016.9836155795742,0.0,320.0,27.17,36.64,0.1,12.3,0.0,0.0,0.0,main_seed3,3,d1c1eb972d85b5605cb5db7c2c6bc30520ef1b725ec02f3d139c77d64d6a78a6,1500,pre_fed,TRPO-MADRL,deterministic,628c302780d2c416718671f1d224a95cf71c4ff527fba2666a62133129f12611
2,12,11,168.35,30.2,42.68,20.7,10.35,-1.1993554830551147,-16.931333541870117,23.31589248834419,-49.99999999999981,23.31589248834419,-0.18947368421052882,0.9,0.9,1.9201283760826733,74.26370957194901,-74.26370957194901,501.565863737008,119.10680096398887,1537.2587881393445,-1078.9657264201705,0.0,0.0,74.26370957194901,1537.2587881393445,0.0,173.55,27.17,36.64,0.9,12.3,0.0,0.0,0.0,main_seed3,3,d1c1eb972d85b5605cb5db7c2c6bc30520ef1b725ec02f3d139c77d64d6a78a6,1500,pre_fed,TRPO-MADRL,deterministic,628c302780d2c416718671f1d224a95cf71c4ff527fba2666a62133129f12611
3,12,11,190.0,30.2,42.68,20.7,10.35,-2.387935161590576,-34.69692611694336,1.6720520426608543,-50.0,1.6720520426608543,-0.18947368421052882,0.9,0.9,1.4872515671690065,117.12467320871869,-117.12467320871869,117.74118206917655,126.80720528531852,2424.480735420477,-1334.5145613874859,0.0,0.0,117.12467320871869,2424.480735420477,0.0,195.87,27.17,36.64,0.9,12.3,0.0,0.0,0.0,main_seed3,3,d1c1eb972d85b5605cb5db7c2c6bc30520ef1b725ec02f3d139c77d64d6a78a6,1500,pre_fed,TRPO-MADRL,deterministic,628c302780d2c416718671f1d224a95cf71c4ff527fba2666a62133129f12611
1,13,12,345.2,23.52,35.22,26.82,13.41,-0.047473251819610596,17.398025512695312,95.25623797012229,49.99999999999992,95.25623797012229,-0.02105263157894797,0.1,0.1,3.0795037067708666,194.30431836822754,-194.30431836822754,681.363063254086,1052.5389067811634,5211.241818635863,-3472.571894335556,0.0,0.0,194.30431836822754,5211.241818635863,0.0,350.0,30.2,42.68,0.1,20.7,0.0,0.0,0.0,main_seed3,3,d1c1eb972d85b5605cb5db7c2c6bc30520ef1b725ec02f3d139c77d64d6a78a6,1500,pre_fed,TRPO-MADRL,deterministic,628c302780d2c416718671f1d224a95cf71c4ff527fba2666a62133129f12611
2,13,12,168.35,23.52,35.22,26.82,13.41,-1.7735768556594849,-16.797286987304688,7.8399815810637685,-49.999999999999744,7.8399815810637685,-0.18947368421052882,0.9,0.9,1.3278101579370647,103.28730226108382,-103.28730226108382,409.998231745497,119.10680096398887,2770.1654466422683,-1649.635239675877,0.0,0.0,103.28730226108382,2770.1654466422683,0.0,168.35,30.2,42.68,0.9,20.7,0.0,0.0,0.0,main_seed3,3,d1c1eb972d85b5605cb5db7c2c6bc30520ef1b725ec02f3d139c77d64d6a78a6,1500,pre_fed,TRPO-MADRL,deterministic,628c302780d2c416718671f1d224a95cf71c4ff527fba2666a62133129f12611
3,13,12,190.0,23.52,35.22,26.82,13.41,-1.960648536682129,-31.868938446044922,3.886071251110357,-50.0,3.886071251110357,-0.18947368421052882,0.9,0.9,1.2487319513379966,128.81213438443817,-128.81213438443817,130.7215386917539,126.80720528531852,3454.7414441906317,-1856.135094083852,0.0,0.0,128.81213438443817,3454.7414441906317,0.0,190.0,30.2,42.68,0.9,20.7,0.0,0.0,0.0,main_seed3,3,d1c1eb972d85b5605cb5db7c2c6bc30520ef1b725ec02f3d139c77d64d6a78a6,1500,pre_fed,TRPO-MADRL,deterministic,628c302780d2c416718671f1d224a95cf71c4ff527fba2666a62133129f12611
1,14,13,320.6,39.48,35.46,27.35,13.68,0.20757246017456055,17.34334945678711,120.46417804752778,49.999999999999915,120.46417804752778,-0.02105263157894797,0.1,0.1,3.9076625083189764,129.12453709237016,-129.12453709237016,869.5992057924573,1052.5389067811634,3531.556089476324,-2726.8471010249723,0.0,0.0,129.12453709237016,3531.556089476324,0.0,345.2,23.52,35.22,0.1,26.82,0.0,0.0,0.0,main_seed3,3,d1c1eb972d85b5605cb5db7c2c6bc30520ef1b725ec02f3d139c77d64d6a78a6,1500,pre_fed,TRPO-MADRL,deterministic,628c302780d2c416718671f1d224a95cf71c4ff527fba2666a62133129f12611
2,14,13,165.75,39.48,35.46,27.35,13.68,-2.0990641117095947,-16.887449264526367,4.144364443199409,-49.99999999999979,4.144364443199409,-0.18947368421052882,0.9,0.9,1.5778978151797776,88.4330070561909,-88.4330070561909,388.6705257878219,119.10680096398887,2418.6427429868213,-1463.2100348693161,0.0,0.0,88.4330070561909,2418.6427429868213,0.0,168.35,23.52,35.22,0.9,26.82,0.0,0.0,0.0,main_seed3,3,d1c1eb972d85b5605cb5db7c2c6bc30520ef1b725ec02f3d139c77d64d6a78a6,1500,pre_fed,TRPO-MADRL,deterministic,628c302780d2c416718671f1d224a95cf71c4ff527fba2666a62133129f12611
3,14,13,187.07,39.48,35.46,27.35,13.68,-1.4638820886611938,-27.951162338256836,10.159604537696353,-50.0,10.159604537696353,-0.18947368421052882,0.9,0.9,1.6982026170697164,103.85807176358388,-103.85807176358388,168.00786922545842,126.80720528531852,2840.518262734019,-1567.666668622398,0.0,0.0,103.85807176358388,2840.518262734019,0.0,190.0,23.52,35.22,0.9,26.82,0.0,0.0,0.0,main_seed3,3,d1c1eb972d85b5605cb5db7c2c6bc30520ef1b725ec02f3d139c77d64d6a78a6,1500,pre_fed,TRPO-MADRL,deterministic,628c302780d2c416718671f1d224a95cf71c4ff527fba2666a62133129f12611
1,15,14,333.2,35.74,34.83,13.81,6.91,-0.08657921850681305,17.40483856201172,91.36364662943224,49.99999999999992,91.36364662943224,-0.02105263157894797,0.1,0.1,3.238251879957066,174.52565788210376,-174.52565788210376,653.2133177163173,1052.5389067811634,2410.199335351853,-2057.9757799246668,0.0,0.0,174.52565788210376,2410.199335351853,0.0,320.6,39.48,35.46,0.1,27.35,0.0,0.0,0.0,main_seed3,3,d1c1eb972d85b5605cb5db7c2c6bc30520ef1b725ec02f3d139c77d64d6a78a6,1500,pre_fed,TRPO-MADRL,deterministic,628c302780d2c416718671f1d224a95cf71c4ff527fba2666a62133129f12611
2,15,14,170.3,35.74,34.83,13.81,6.91,-2.522826671600342,-17.04694938659668,1.790902418701057,-49.999999999999844,1.790902418701057,-0.18947368421052882,0.9,0.9,1.4434285746898108,99.57199984019928,-99.57199984019928,375.1967014574192,119.10680096398887,1375.089317793152,-934.69641010728,0.0,0.0,99.57199984019928,1375.089317793152,0.0,165.75,39.48,35.46,0.9,27.35,0.0,0.0,0.0,main_seed3,3,d1c1eb972d85b5605cb5db7c2c6bc30520ef1b725ec02f3d139c77d64d6a78a6,1500,pre_fed,TRPO-MADRL,deterministic,628c302780d2c416718671f1d224a95cf71c4ff527fba2666a62133129f12611
3,15,14,192.2,35.74,34.83,13.81,6.91,-1.4737428426742554,-26.349628448486328,9.971095941606656,-50.0,9.971095941606656,-0.18947368421052882,0.9,0.9,1.6070324451479225,113.45541018775178,-113.45541018775178,166.87658358636355,126.80720528531852,1566.8192146928523,-930.2515017822672,0.0,0.0,113.45541018775178,1566.8192146928523,0.0,187.07,39.48,35.46,0.9,27.35,0.0,0.0,0.0,main_seed3,3,d1c1eb972d85b5605cb5db7c2c6bc30520ef1b725ec02f3d139c77d64d6a78a6,1500,pre_fed,TRPO-MADRL,deterministic,628c302780d2c416718671f1d224a95cf71c4ff527fba2666a62133129f12611
1,16,15,316.8,18.06,23.62,17.31,8.66,-0.295740008354187,17.36051368713379,71.2590683697605,49.999999999999915,71.2590683697605,-0.02105263157894797,0.1,0.1,2.2583603147636313,206.1403445765821,-206.1403445765821,511.73249515693226,1052.5389067811634,3568.2893646206358,-2566.2803832793657,0.0,0.0,206.1403445765821,3568.2893646206358,0.0,333.2,35.74,34.83,0.1,13.81,0.0,0.0,0.0,main_seed3,3,d1c1eb972d85b5605cb5db7c2c6bc30520ef1b725ec02f3d139c77d64d6a78a6,1500,pre_fed,TRPO-MADRL,deterministic,628c302780d2c416718671f1d224a95cf71c4ff527fba2666a62133129f12611
2,16,15,172.25,18.06,23.62,17.31,8.66,-1.5797820091247559,-17.08924102783203,11.400502080590977,-49.99999999999986,11.400502080590977,-0.18947368421052882,0.9,0.9,1.057820567927609,120.41679217154716,-120.41679217154716,430.7426348201974,119.10680096398887,2084.4146724894813,-1317.1320541368339,0.0,0.0,120.41679217154716,2084.4146724894813,0.0,170.3,35.74,34.83,0.9,13.81,0.0,0.0,0.0,main_seed3,3,d1c1eb972d85b5605cb5db7c2c6bc30520ef1b725ec02f3d139c77d64d6a78a6,1500,pre_fed,TRPO-MADRL,deterministic,628c302780d2c416718671f1d224a95cf71c4ff527fba2666a62133129f12611
3,16,15,194.4,18.06,23.62,17.31,8.66,-2.233473062515259,-33.23196029663086,2.2703961579119247,-50.0,2.2703961579119247,-0.18947368421052882,0.9,0.9,0.875218449474028,151.51429597577263,-151.51429597577263,121.23997131524996,126.80720528531852,2622.712463340624,-1435.3798199705961,0.0,0.0,151.51429597577263,2622.712463340624,0.0,192.2,35.74,34.83,0.9,13.81,0.0,0.0,0.0,main_seed3,3,d1c1eb972d85b5605cb5db7c2c6bc30520ef1b725ec02f3d139c77d64d6a78a6,1500,pre_fed,TRPO-MADRL,deterministic,628c302780d2c416718671f1d224a95cf71c4ff527fba2666a62133129f12611
1,17,16,291.3,24.27,14.18,16.42,8.21,0.16898563504219055,17.218719482421875,116.73952723355794,49.999999999999886,116.73952723355794,-0.02105263157894797,0.1,0.1,3.10336949203958,139.2348948900606,-139.2348948900606,841.1378452475398,1052.5389067811634,2286.236974094795,-2089.956863061749,0.0,0.0,139.2348948900606,2286.236974094795,0.0,316.8,18.06,23.62,0.1,17.31,0.0,0.0,0.0,main_seed3,3,d1c1eb972d85b5605cb5db7c2c6bc30520ef1b725ec02f3d139c77d64d6a78a6,1500,pre_fed,TRPO-MADRL,deterministic,628c302780d2c416718671f1d224a95cf71c4ff527fba2666a62133129f12611
2,17,16,165.75,24.27,14.18,16.42,8.21,-1.5203906297683716,-17.114471435546875,12.772800773374676,-49.999999999999865,12.772800773374676,-0.18947368421052882,0.9,0.9,1.020666541783283,115.73733945261912,-115.73733945261912,438.7894061337002,119.10680096398887,1900.4071138120062,-1229.1516604548476,0.0,0.0,115.73733945261912,1900.4071138120062,0.0,172.25,18.06,23.62,0.9,17.31,0.0,0.0,0.0,main_seed3,3,d1c1eb972d85b5605cb5db7c2c6bc30520ef1b725ec02f3d139c77d64d6a78a6,1500,pre_fed,TRPO-MADRL,deterministic,628c302780d2c416718671f1d224a95cf71c4ff527fba2666a62133129f12611
3,17,16,187.07,24.27,14.18,16.42,8.21,-1.734883189201355,-30.544139862060547,6.036963940598383,-50.0,6.036963940598383,-0.18947368421052882,0.9,0.9,0.8859498051277572,143.6584595487399,-143.6584595487399,143.42098736426743,126.80720528531852,2358.8719057903095,-1314.5500492199476,0.0,0.0,143.6584595487399,2358.8719057903095,0.0,194.4,18.06,23.62,0.9,17.31,0.0,0.0,0.0,main_seed3,3,d1c1eb972d85b5605cb5db7c2c6bc30520ef1b725ec02f3d139c77d64d6a78a6,1500,pre_fed,TRPO-MADRL,deterministic,628c302780d2c416718671f1d224a95cf71c4ff527fba2666a62133129f12611
1,18,17,413.8,26.26,4.67,9.83,4.92,0.0394262969493866,17.178482055664062,103.94058811323816,49.99999999999988,103.94058811323816,-0.02105263157894797,0.1,0.1,2.6969907096331838,281.647455227974,-281.647455227974,745.0496954520615,1052.5389067811634,2768.5944848909844,-2283.0915435621046,0.0,0.0,281.647455227974,2768.5944848909844,0.0,291.3,24.27,14.18,0.1,16.42,0.0,0.0,0.0,main_seed3,3,d1c1eb972d85b5605cb5db7c2c6bc30520ef1b725ec02f3d139c77d64d6a78a6,1500,pre_fed,TRPO-MADRL,deterministic,628c302780d2c416718671f1d224a95cf71c4ff527fba2666a62133129f12611
2,18,17,164.25,26.26,4.67,9.83,4.92,-1.8045858144760132,-17.53245735168457,7.3809601605874136,-49.999999999999936,7.3809601605874136,-0.18947368421052882,0.9,0.9,0.7624297295275377,126.89094325315065,-126.89094325315065,407.33789086611705,119.10680096398887,1247.3379721784709,-886.8913320042884,0.0,0.0,126.89094325315065,1247.3379721784709,0.0,165.75,24.27,14.18,0.9,16.42,0.0,0.0,0.0,main_seed3,3,d1c1eb972d85b5605cb5db7c2c6bc30520ef1b725ec02f3d139c77d64d6a78a6,1500,pre_fed,TRPO-MADRL,deterministic,628c302780d2c416718671f1d224a95cf71c4ff527fba2666a62133129f12611
3,18,17,185.6,26.26,4.67,9.83,4.92,-1.5648374557495117,-28.357885360717773,8.37993109828421,-50.0,8.37993109828421,-0.18947368421052882,0.9,0.9,0.7824091482814737,147.2619517342078,-147.2619517342078,157.35452051054517,126.80720528531852,1447.5849855472627,-865.8733556715632,0.0,0.0,147.2619517342078,1447.5849855472627,0.0,187.07,24.27,14.18,0.9,16.42,0.0,0.0,0.0,main_seed3,3,d1c1eb972d85b5605cb5db7c2c6bc30520ef1b725ec02f3d139c77d64d6a78a6,1500,pre_fed,TRPO-MADRL,deterministic,628c302780d2c416718671f1d224a95cf71c4ff527fba2666a62133129f12611
1,19,18,539.8,26.77,0.18,8.63,4.32,-0.19865579903125763,17.14859390258789,80.39168567357129,49.99999999999987,80.39168567357129,-0.02105263157894797,0.1,0.1,2.1464126608398466,434.62577961884745,-434.62577961884745,575.1893093688778,1052.5389067811634,3750.8204781106538,-2689.2743471303475,0.0,0.0,434.62577961884745,3750.8204781106538,0.0,413.8,26.26,4.67,0.1,9.83,0.0,0.0,0.0,main_seed3,3,d1c1eb972d85b5605cb5db7c2c6bc30520ef1b725ec02f3d139c77d64d6a78a6,1500,pre_fed,TRPO-MADRL,deterministic,628c302780d2c416718671f1d224a95cf71c4ff527fba2666a62133129f12611
2,19,18,162.5,26.77,0.18,8.63,4.32,-1.5881896018981934,-17.97686004638672,11.218019461370742,-49.99999999999998,11.218019461370742,-0.18947368421052882,0.9,0.9,0.7595709155432043,125.281025138383,-125.281025138383,429.6747646414171,119.10680096398887,1081.1752469442454,-814.9784062748256,0.0,0.0,125.281025138383,1081.1752469442454,0.0,164.25,26.26,4.67,0.9,9.83,0.0,0.0,0.0,main_seed3,3,d1c1eb972d85b5605cb5db7c2c6bc30520ef1b725ec02f3d139c77d64d6a78a6,1500,pre_fed,TRPO-MADRL,deterministic,628c302780d2c416718671f1d224a95cf71c4ff527fba2666a62133129f12611
3,19,18,183.4,26.77,0.18,8.63,4.32,-1.7623281478881836,-29.550636291503906,5.723753527715248,-50.0,5.723753527715248,-0.18947368421052882,0.9,0.9,0.6496855968700944,151.56540575336538,-151.56540575336538,141.5662408632629,126.80720528531852,1308.0094516515433,-788.1914489000624,0.0,0.0,151.56540575336538,1308.0094516515433,0.0,185.6,26.26,4.67,0.9,9.83,0.0,0.0,0.0,main_seed3,3,d1c1eb972d85b5605cb5db7c2c6bc30520ef1b725ec02f3d139c77d64d6a78a6,1500,pre_fed,TRPO-MADRL,deterministic,628c302780d2c416718671f1d224a95cf71c4ff527fba2666a62133129f12611
1,20,19,557.2,26.22,0.0,8.87,4.44,-0.2913873493671417,17.174333572387695,71.65887714787576,49.99999999999988,71.65887714787576,-0.02105263157894797,0.1,0.1,1.957156490325936,461.2993319740292,-461.2993319740292,514.4822341460135,1052.5389067811634,4091.725074609639,-2829.373107768408,0.0,0.0,461.2993319740292,4091.725074609639,0.0,539.8,26.77,0.18,0.1,8.63,0.0,0.0,0.0,main_seed3,3,d1c1eb972d85b5605cb5db7c2c6bc30520ef1b725ec02f3d139c77d64d6a78a6,1500,pre_fed,TRPO-MADRL,deterministic,628c302780d2c416718671f1d224a95cf71c4ff527fba2666a62133129f12611
2,20,19,165.75,26.22,0.0,8.87,4.44,-1.6131041049957275,-18.17119026184082,10.693560126279722,-49.999999999999986,10.693560126279722,-0.18947368421052882,0.9,0.9,0.7344817288413839,129.7603952867722,-129.7603952867722,426.608498451394,119.10680096398887,1150.9747061936694,-848.3450028045261,0.0,0.0,129.7603952867722,1150.9747061936694,0.0,162.5,26.77,0.18,0.9,8.63,0.0,0.0,0.0,main_seed3,3,d1c1eb972d85b5605cb5db7c2c6bc30520ef1b725ec02f3d139c77d64d6a78a6,1500,pre_fed,TRPO-MADRL,deterministic,628c302780d2c416718671f1d224a95cf71c4ff527fba2666a62133129f12611
3,20,19,187.07,26.22,0.0,8.87,4.44,-1.7287395000457764,-29.08084487915039,6.109320124144613,-50.0,6.109320124144613,-0.18947368421052882,0.9,0.9,0.6427969287986818,155.5729504888646,-155.5729504888646,143.84972594888336,126.80720528531852,1379.9320708362288,-825.2945010352154,0.0,0.0,155.5729504888646,1379.9320708362288,0.0,183.4,26.77,0.18,0.9,8.63,0.0,0.0,0.0,main_seed3,3,d1c1eb972d85b5605cb5db7c2c6bc30520ef1b725ec02f3d139c77d64d6a78a6,1500,pre_fed,TRPO-MADRL,deterministic,628c302780d2c416718671f1d224a95cf71c4ff527fba2666a62133129f12611
1,21,20,557.1,32.84,0.0,8.35,4.18,-0.2806943655014038,17.18013572692871,72.64523901818845,49.999999999999886,72.64523901818845,-0.02105263157894797,0.1,0.1,2.10928372773219,453.7450973411227,-453.7450973411227,521.2771462753167,1052.5389067811634,3788.7715627983744,-2681.293807927427,0.0,0.0,453.7450973411227,3788.7715627983744,0.0,557.2,26.22,0.0,0.1,8.87,0.0,0.0,0.0,main_seed3,3,d1c1eb972d85b5605cb5db7c2c6bc30520ef1b725ec02f3d139c77d64d6a78a6,1500,pre_fed,TRPO-MADRL,deterministic,628c302780d2c416718671f1d224a95cf71c4ff527fba2666a62133129f12611
2,21,20,169.0,32.84,0.0,8.35,4.18,-1.5944013595581055,-18.138896942138672,11.084997682901498,-49.999999999999986,11.084997682901498,-0.18947368421052882,0.9,0.9,0.8747104799738196,126.13918648128285,-126.13918648128285,428.896653358468,119.10680096398887,1053.2622071187118,-800.6328307205843,0.0,0.0,126.13918648128285,1053.2622071187118,0.0,165.75,26.22,0.0,0.9,8.87,0.0,0.0,0.0,main_seed3,3,d1c1eb972d85b5605cb5db7c2c6bc30520ef1b725ec02f3d139c77d64d6a78a6,1500,pre_fed,TRPO-MADRL,deterministic,628c302780d2c416718671f1d224a95cf71c4ff527fba2666a62133129f12611
3,21,20,190.73,32.84,0.0,8.35,4.18,-1.7080596685409546,-29.003311157226562,6.359095184523955,-50.0,6.359095184523955,-0.18947368421052882,0.9,0.9,0.7801924300062686,152.50057092969283,-152.50057092969283,145.3305048919596,126.80720528531852,1273.379767262935,-772.7587387201065,0.0,0.0,152.50057092969283,1273.379767262935,0.0,187.07,26.22,0.0,0.9,8.87,0.0,0.0,0.0,main_seed3,3,d1c1eb972d85b5605cb5db7c2c6bc30520ef1b725ec02f3d139c77d64d6a78a6,1500,pre_fed,TRPO-MADRL,deterministic,628c302780d2c416718671f1d224a95cf71c4ff527fba2666a62133129f12611
1,22,21,535.0,36.02,0.0,16.44,8.22,-0.44260406494140625,17.2115535736084,58.41993802892594,49.999999999999886,58.41993802892594,-0.02105263157894797,0.1,0.1,1.88837770794694,442.46949231059995,-442.46949231059995,424.8064477158151,1052.5389067811634,7274.198453586264,-4375.771904041621,0.0,0.0,442.46949231059995,7274.198453586264,0.0,557.1,32.84,0.0,0.1,8.35,0.0,0.0,0.0,main_seed3,3,d1c1eb972d85b5605cb5db7c2c6bc30520ef1b725ec02f3d139c77d64d6a78a6,1500,pre_fed,TRPO-MADRL,deterministic,628c302780d2c416718671f1d224a95cf71c4ff527fba2666a62133129f12611
2,22,21,161.2,36.02,0.0,16.44,8.22,-1.7534818649291992,-18.261072158813477,8.152127116640829,-49.999999999999986,8.152127116640829,-0.18947368421052882,0.9,0.9,0.8796530686486062,118.0969996362183,-118.0969996362183,411.8091565641165,119.10680096398887,1941.514674019429,-1236.2153157737673,0.0,0.0,118.0969996362183,1941.514674019429,0.0,169.0,32.84,0.0,0.9,8.35,0.0,0.0,0.0,main_seed3,3,d1c1eb972d85b5605cb5db7c2c6bc30520ef1b725ec02f3d139c77d64d6a78a6,1500,pre_fed,TRPO-MADRL,deterministic,628c302780d2c416718671f1d224a95cf71c4ff527fba2666a62133129f12611
3,22,21,181.93,36.02,0.0,16.44,8.22,-1.7494416236877441,-28.782419204711914,5.868804489638013,-50.0,5.868804489638013,-0.18947368421052882,0.9,0.9,0.8339866161085498,141.06465581068107,-141.06465581068107,142.424961313104,126.80720528531852,2319.102941527597,-1294.16755406301,0.0,0.0,141.06465581068107,2319.102941527597,0.0,190.73,32.84,0.0,0.9,8.35,0.0,0.0,0.0,main_seed3,3,d1c1eb972d85b5605cb5db7c2c6bc30520ef1b725ec02f3d139c77d64d6a78a6,1500,pre_fed,TRPO-MADRL,deterministic,628c302780d2c416718671f1d224a95cf71c4ff527fba2666a62133129f12611
1,23,22,437.8,37.23,0.0,16.19,8.1,-0.3125489354133606,17.261920928955078,69.7245820020576,49.9999999999999,69.7245820020576,-0.02105263157894797,0.1,0.1,2.1386705874095733,333.00514121693095,-333.00514121693095,501.2028994681989,1052.5389067811634,5391.353236302112,-3472.5475212757374,0.0,0.0,333.00514121693095,5391.353236302112,0.0,535.0,36.02,0.0,0.1,16.44,0.0,0.0,0.0,main_seed3,3,d1c1eb972d85b5605cb5db7c2c6bc30520ef1b725ec02f3d139c77d64d6a78a6,1500,pre_fed,TRPO-MADRL,deterministic,628c302780d2c416718671f1d224a95cf71c4ff527fba2666a62133129f12611
2,23,22,148.0,37.23,0.0,16.19,8.1,-2.4302682876586914,-18.2048397064209,2.1522989507857426,-49.999999999999986,2.1522989507857426,-0.18947368421052882,0.9,0.9,0.7838565053315043,109.5910312387563,-109.5910312387563,377.26026421034203,119.10680096398887,1774.2787957554647,-1135.3229304648978,0.0,0.0,109.5910312387563,1774.2787957554647,0.0,161.2,36.02,0.0,0.9,16.44,0.0,0.0,0.0,main_seed3,3,d1c1eb972d85b5605cb5db7c2c6bc30520ef1b725ec02f3d139c77d64d6a78a6,1500,pre_fed,TRPO-MADRL,deterministic,628c302780d2c416718671f1d224a95cf71c4ff527fba2666a62133129f12611
3,23,22,161.39,37.23,0.0,16.19,8.1,-1.2570521831512451,-23.408090591430664,14.975061521551636,-50.0,14.975061521551636,-0.18947368421052882,0.9,0.9,1.040311756746822,110.4147239194057,-110.4147239194057,197.13550588217043,126.80720528531852,1787.6143802551785,-1055.7785457113337,0.0,0.0,110.4147239194057,1787.6143802551785,0.0,181.93,36.02,0.0,0.9,16.44,0.0,0.0,0.0,main_seed3,3,d1c1eb972d85b5605cb5db7c2c6bc30520ef1b725ec02f3d139c77d64d6a78a6,1500,pre_fed,TRPO-MADRL,deterministic,628c302780d2c416718671f1d224a95cf71c4ff527fba2666a62133129f12611
1,24,23,447.3,44.12,0.0,8.87,4.44,-0.30625638365745544,17.222606658935547,70.29724300542539,49.999999999999886,70.29724300542539,-0.02105263157894797,0.1,0.1,2.2879238074769286,335.19173343363053,-335.19173343363053,505.1280192217602,1052.5389067811634,2973.1506755563028,-2265.408800779613,0.0,0.0,335.19173343363053,2973.1506755563028,0.0,437.8,37.23,0.0,0.1,16.19,0.0,0.0,0.0,main_seed3,3,d1c1eb972d85b5605cb5db7c2c6bc30520ef1b725ec02f3d139c77d64d6a78a6,1500,pre_fed,TRPO-MADRL,deterministic,628c302780d2c416718671f1d224a95cf71c4ff527fba2666a62133129f12611
2,24,23,119.6,44.12,0.0,8.87,4.44,-2.5389137268066406,-18.31279182434082,1.7345500807498127,-49.999999999999986,1.7345500807498127,-0.18947368421052882,0.9,0.9,0.9133015279307857,74.8482251313915,-74.8482251313915,374.8751103049269,119.10680096398887,663.9037569154426,-578.9428340921792,0.0,0.0,74.8482251313915,663.9037569154426,0.0,148.0,37.23,0.0,0.9,16.19,0.0,0.0,0.0,main_seed3,3,d1c1eb972d85b5605cb5db7c2c6bc30520ef1b725ec02f3d139c77d64d6a78a6,1500,pre_fed,TRPO-MADRL,deterministic,628c302780d2c416718671f1d224a95cf71c4ff527fba2666a62133129f12611
3,24,23,134.98,44.12,0.0,8.87,4.44,-1.2686407566070557,-22.97117042541504,14.657116979246098,-50.0,14.657116979246098,-0.18947368421052882,0.9,0.9,1.1717528659007115,77.56410957086513,-77.56410957086513,195.1987448917812,126.80720528531852,687.9936518935737,-504.99980103533665,0.0,0.0,77.56410957086513,687.9936518935737,0.0,161.39,37.23,0.0,0.9,16.19,0.0,0.0,0.0,main_seed3,3,d1c1eb972d85b5605cb5db7c2c6bc30520ef1b725ec02f3d139c77d64d6a78a6,1500,pre_fed,TRPO-MADRL,deterministic,628c302780d2c416718671f1d224a95cf71c4ff527fba2666a62133129f12611
1,1,0,457.7,51.48,0.0,8.65,4.33,0.39147400856018066,-1.3162137269973755,137.26302621252793,-43.29196206804173,137.26302621252793,-42.21052631578948,0.5,0.9,2.930649997934769,314.0981501011963,-314.0981501011963,1000.7577306923308,224.10347285318556,2716.9489983753483,-1970.9051009604323,0.0,0.0,314.0981501011963,2716.9489983753483,0.0,447.3,44.12,0.0,0.5,8.87,0.0,0.0,0.0,main_seed4,4,d1c1eb972d85b5605cb5db7c2c6bc30520ef1b725ec02f3d139c77d64d6a78a6,1500,pre_fed,F-MADRL,deterministic,d88d555b67260747dd6b9880ad42b19d2241cc5094d2938bd4526b2ba2c19335
2,1,0,110.5,51.48,0.0,8.65,4.33,-0.5228508710861206,-0.600360095500946,72.81437467089731,-26.865287669708906,72.81437467089731,-26.865287669708906,0.5,0.7542202328622346,1.948581740023768,15.019494738835377,-15.019494738835377,818.8803401369216,341.24607120009574,129.918629490926,-645.0225204139716,0.0,0.0,15.019494738835377,129.918629490926,0.0,119.6,44.12,0.0,0.5,8.87,0.0,0.0,0.0,main_seed4,4,d1c1eb972d85b5605cb5db7c2c6bc30520ef1b725ec02f3d139c77d64d6a78a6,1500,pre_fed,F-MADRL,deterministic,d88d555b67260747dd6b9880ad42b19d2241cc5094d2938bd4526b2ba2c19335
3,1,0,124.71,51.48,0.0,8.65,4.33,-0.23690108954906464,-0.9172412753105164,76.74334290480779,-36.22948607177482,76.74334290480779,-36.22948607177482,0.5,0.8431801176818607,1.8398771366606592,34.55602030362769,-34.55602030362769,609.8294587388799,286.5472925274881,298.90957562637954,-597.6431634463738,0.0,0.0,34.55602030362769,298.90957562637954,0.0,134.98,44.12,0.0,0.5,8.87,0.0,0.0,0.0,main_seed4,4,d1c1eb972d85b5605cb5db7c2c6bc30520ef1b725ec02f3d139c77d64d6a78a6,1500,pre_fed,F-MADRL,deterministic,d88d555b67260747dd6b9880ad42b19d2241cc5094d2938bd4526b2ba2c19335
1,2,1,336.5,38.37,0.0,8.11,4.06,0.43981537222862244,-1.459608793258667,141.34913928591638,-44.878829568920665,141.34913928591638,-0.18947368421052882,0.9,0.9,3.5905933120341174,160.56092771032826,-160.56092771032826,1033.3516680480839,111.40639664265923,1302.149123730762,-1223.4535942107527,0.0,0.0,160.56092771032826,1302.149123730762,0.0,457.7,51.48,0.0,0.9,8.65,0.0,0.0,0.0,main_seed4,4,d1c1eb972d85b5605cb5db7c2c6bc30520ef1b725ec02f3d139c77d64d6a78a6,1500,pre_fed,F-MADRL,deterministic,d88d555b67260747dd6b9880ad42b19d2241cc5094d2938bd4526b2ba2c19335
2,2,1,109.85,38.37,0.0,8.11,4.06,-0.5959528088569641,-0.675753116607666,65.21712142794111,-29.43757698020868,65.21712142794111,-15.504021852998939,0.7542202328622346,0.9,1.7616619914988434,23.528562416556667,-23.528562416556667,767.7581239585413,159.92591783725135,190.81664119827457,-559.2503414970336,0.0,0.0,23.528562416556667,190.81664119827457,0.0,110.5,51.48,0.0,0.7542202328622346,8.65,0.0,0.0,0.0,main_seed4,4,d1c1eb972d85b5605cb5db7c2c6bc30520ef1b725ec02f3d139c77d64d6a78a6,1500,pre_fed,F-MADRL,deterministic,d88d555b67260747dd6b9880ad42b19d2241cc5094d2938bd4526b2ba2c19335
3,2,1,123.98,38.37,0.0,8.11,4.06,-0.2700902223587036,-1.040856957435608,73.62912144444076,-38.911312255708964,73.62912144444076,-6.15855184773716,0.8431801176818607,0.9,2.116811391934072,20.25624179523048,-20.25624179523048,587.2870470766627,142.88818669589222,164.27812095931918,-447.22667736593706,0.0,0.0,20.25624179523048,164.27812095931918,0.0,124.71,51.48,0.0,0.8431801176818607,8.65,0.0,0.0,0.0,main_seed4,4,d1c1eb972d85b5605cb5db7c2c6bc30520ef1b725ec02f3d139c77d64d6a78a6,1500,pre_fed,F-MADRL,deterministic,d88d555b67260747dd6b9880ad42b19d2241cc5094d2938bd4526b2ba2c19335
1,3,2,274.9,43.56,0.0,8.25,4.13,0.4157736301422119,-1.3792506456375122,139.33639808890183,-44.039167908020254,139.33639808890183,-0.18947368421052882,0.9,0.9,3.6541384880938264,95.84721408340249,-95.84721408340249,1017.2627149108687,111.40639664265923,790.7395161880705,-959.7043138707993,0.0,0.0,95.84721408340249,790.7395161880705,0.0,336.5,38.37,0.0,0.9,8.11,0.0,0.0,0.0,main_seed4,4,d1c1eb972d85b5605cb5db7c2c6bc30520ef1b725ec02f3d139c77d64d6a78a6,1500,pre_fed,F-MADRL,deterministic,d88d555b67260747dd6b9880ad42b19d2241cc5094d2938bd4526b2ba2c19335
2,3,2,112.45,43.56,0.0,8.25,4.13,-0.6072906851768494,-0.6858421564102173,64.08960159047562,-29.765214334538847,64.08960159047562,-0.18947368421052882,0.9,0.9,2.1492025581253023,7.139074651860199,-7.139074651860199,760.2457624772983,119.10680096398887,58.89736587784664,-469.1249646595669,0.0,0.0,7.139074651860199,58.89736587784664,0.0,109.85,38.37,0.0,0.9,8.11,0.0,0.0,0.0,main_seed4,4,d1c1eb972d85b5605cb5db7c2c6bc30520ef1b725ec02f3d139c77d64d6a78a6,1500,pre_fed,F-MADRL,deterministic,d88d555b67260747dd6b9880ad42b19d2241cc5094d2938bd4526b2ba2c19335
3,3,2,126.91,43.56,0.0,8.25,4.13,-0.26194924116134644,-1.0278313159942627,74.38821818504545,-38.651854689620954,74.38821818504545,-0.18947368421052882,0.9,0.9,2.3551748900166984,11.506430389181773,-11.506430389181773,592.7648142002004,126.80720528531852,94.92805071074963,-407.2500350981343,0.0,0.0,11.506430389181773,94.92805071074963,0.0,123.98,38.37,0.0,0.9,8.11,0.0,0.0,0.0,main_seed4,4,d1c1eb972d85b5605cb5db7c2c6bc30520ef1b725ec02f3d139c77d64d6a78a6,1500,pre_fed,F-MADRL,deterministic,d88d555b67260747dd6b9880ad42b19d2241cc5094d2938bd4526b2ba2c19335
1,4,3,272.6,40.75,0.0,8.1,4.05,0.40847980976104736,-1.3597609996795654,138.7181141715415,-43.81688116377991,138.7181141715415,-0.18947368421052882,0.9,0.9,3.585572809746619,96.90693232241568,-96.90693232241568,1012.3336061756188,111.40639664265923,784.946151811567,-954.3430773149225,0.0,0.0,96.90693232241568,784.946151811567,0.0,274.9,43.56,0.0,0.9,8.25,0.0,0.0,0.0,main_seed4,4,d1c1eb972d85b5605cb5db7c2c6bc30520ef1b725ec02f3d139c77d64d6a78a6,1500,pre_fed,F-MADRL,deterministic,d88d555b67260747dd6b9880ad42b19d2241cc5094d2938bd4526b2ba2c19335
2,4,3,110.5,40.75,0.0,8.1,4.05,-0.6164779663085938,-0.6960459351539612,63.186056407309586,-30.092598834867378,63.186056407309586,-0.18947368421052882,0.9,0.9,2.0749316544619814,8.82834893136291,-8.82834893136291,754.239631098257,119.10680096398887,71.50962634403957,-472.4280292031427,0.0,0.0,8.82834893136291,71.50962634403957,0.0,112.45,43.56,0.0,0.9,8.25,0.0,0.0,0.0,main_seed4,4,d1c1eb972d85b5605cb5db7c2c6bc30520ef1b725ec02f3d139c77d64d6a78a6,1500,pre_fed,F-MADRL,deterministic,d88d555b67260747dd6b9880ad42b19d2241cc5094d2938bd4526b2ba2c19335
3,4,3,124.71,40.75,0.0,8.1,4.05,-0.2670869827270508,-1.0409049987792969,73.908780825416,-38.91225950890359,73.908780825416,-0.18947368421052882,0.9,0.9,2.28938614282411,12.530079001618631,-12.530079001618631,589.303841485111,126.80720528531852,101.49363991311091,-408.8023433417702,0.0,0.0,12.530079001618631,101.49363991311091,0.0,126.91,43.56,0.0,0.9,8.25,0.0,0.0,0.0,main_seed4,4,d1c1eb972d85b5605cb5db7c2c6bc30520ef1b725ec02f3d139c77d64d6a78a6,1500,pre_fed,F-MADRL,deterministic,d88d555b67260747dd6b9880ad42b19d2241cc5094d2938bd4526b2ba2c19335
1,5,4,245.3,27.74,0.0,8.14,4.07,0.40634283423423767,-1.3514877557754517,138.5363017015597,-43.72019939224923,138.5363017015597,-0.18947368421052882,0.9,0.9,3.3217365603469835,82.53490854299781,-82.53490854299781,1010.8853315350005,111.40639664265923,671.8341555400023,-897.062941858831,0.0,0.0,82.53490854299781,671.8341555400023,0.0,272.6,40.75,0.0,0.9,8.1,0.0,0.0,0.0,main_seed4,4,d1c1eb972d85b5605cb5db7c2c6bc30520ef1b725ec02f3d139c77d64d6a78a6,1500,pre_fed,F-MADRL,deterministic,d88d555b67260747dd6b9880ad42b19d2241cc5094d2938bd4526b2ba2c19335
2,5,4,113.75,27.74,0.0,8.14,4.07,-0.6109941601753235,-0.6898341178894043,63.72428507745439,-29.893771217643696,63.72428507745439,-0.18947368421052882,0.9,0.9,1.8254962278648774,24.30068483462101,-24.30068483462101,757.8159015055492,119.10680096398887,197.80757455381502,-537.3651385116766,0.0,0.0,24.30068483462101,197.80757455381502,0.0,110.5,40.75,0.0,0.9,8.1,0.0,0.0,0.0,main_seed4,4,d1c1eb972d85b5605cb5db7c2c6bc30520ef1b725ec02f3d139c77d64d6a78a6,1500,pre_fed,F-MADRL,deterministic,d88d555b67260747dd6b9880ad42b19d2241cc5094d2938bd4526b2ba2c19335
3,5,4,128.38,27.74,0.0,8.14,4.07,-0.2641681730747223,-1.0329238176345825,74.18099847892437,-38.753916629901894,74.18099847892437,-0.18947368421052882,0.9,0.9,2.0346304958942767,28.683105701180438,-28.683105701180438,591.2683962481872,126.80720528531852,233.48048040760878,-475.77804097055724,0.0,0.0,28.683105701180438,233.48048040760878,0.0,124.71,40.75,0.0,0.9,8.1,0.0,0.0,0.0,main_seed4,4,d1c1eb972d85b5605cb5db7c2c6bc30520ef1b725ec02f3d139c77d64d6a78a6,1500,pre_fed,F-MADRL,deterministic,d88d555b67260747dd6b9880ad42b19d2241cc5094d2938bd4526b2ba2c19335
1,6,5,233.7,30.15,0.0,8.13,4.07,0.395162433385849,-1.3067429065704346,137.58021630429408,-43.172447669629165,137.58021630429408,-0.18947368421052882,0.9,0.9,3.350814852401671,69.5100722323181,-69.5100722323181,1003.2781961990866,111.40639664265923,565.1168872487461,-839.900740045246,0.0,0.0,69.5100722323181,565.1168872487461,0.0,245.3,27.74,0.0,0.9,8.14,0.0,0.0,0.0,main_seed4,4,d1c1eb972d85b5605cb5db7c2c6bc30520ef1b725ec02f3d139c77d64d6a78a6,1500,pre_fed,F-MADRL,deterministic,d88d555b67260747dd6b9880ad42b19d2241cc5094d2938bd4526b2ba2c19335
2,6,5,120.25,30.15,0.0,8.13,4.07,-0.5923489928245544,-0.6701387166976929,65.57839052385403,-29.253556155853378,65.57839052385403,-0.18947368421052882,0.9,0.9,1.91077833679287,26.621861497149382,-26.621861497149382,770.1692504836041,119.10680096398887,216.4357339718245,-552.8558927097088,0.0,0.0,26.621861497149382,216.4357339718245,0.0,113.75,27.74,0.0,0.9,8.14,0.0,0.0,0.0,main_seed4,4,d1c1eb972d85b5605cb5db7c2c6bc30520ef1b725ec02f3d139c77d64d6a78a6,1500,pre_fed,F-MADRL,deterministic,d88d555b67260747dd6b9880ad42b19d2241cc5094d2938bd4526b2ba2c19335
3,6,5,135.43,30.15,0.0,8.13,4.07,-0.25276583433151245,-1.0088510513305664,75.24831788847528,-38.26431925068375,75.24831788847528,-0.18947368421052882,0.9,0.9,2.104176884085295,32.32533267982055,-32.32533267982055,598.9846657099691,126.80720528531852,262.8049546869411,-494.2984128411144,0.0,0.0,32.32533267982055,262.8049546869411,0.0,128.38,27.74,0.0,0.9,8.14,0.0,0.0,0.0,main_seed4,4,d1c1eb972d85b5605cb5db7c2c6bc30520ef1b725ec02f3d139c77d64d6a78a6,1500,pre_fed,F-MADRL,deterministic,d88d555b67260747dd6b9880ad42b19d2241cc5094d2938bd4526b2ba2c19335
1,7,6,274.6,28.65,0.16,8.34,4.17,0.39431145787239075,-1.3057783842086792,137.50711348692585,-43.16016602457224,137.50711348692585,-0.18947368421052882,0.9,0.9,3.3225527960543064,111.79491299333901,-111.79491299333901,1002.6971598472169,111.40639664265923,932.3695743644473,-1023.2365654271617,0.0,0.0,111.79491299333901,932.3695743644473,0.0,233.7,30.15,0.0,0.9,8.13,0.0,0.0,0.0,main_seed4,4,d1c1eb972d85b5605cb5db7c2c6bc30520ef1b725ec02f3d139c77d64d6a78a6,1500,pre_fed,F-MADRL,deterministic,d88d555b67260747dd6b9880ad42b19d2241cc5094d2938bd4526b2ba2c19335
2,7,6,130.0,28.65,0.16,8.34,4.17,-0.5984417200088501,-0.67710942029953,64.96842775171095,-29.481850117146198,64.96842775171095,-0.18947368421052882,0.9,0.9,1.8717790813500086,38.28282501384959,-38.28282501384959,766.0994838241407,119.10680096398887,319.2787606155056,-602.2425227018176,0.0,0.0,38.28282501384959,319.2787606155056,0.0,120.25,30.15,0.0,0.9,8.13,0.0,0.0,0.0,main_seed4,4,d1c1eb972d85b5605cb5db7c2c6bc30520ef1b725ec02f3d139c77d64d6a78a6,1500,pre_fed,F-MADRL,deterministic,d88d555b67260747dd6b9880ad42b19d2241cc5094d2938bd4526b2ba2c19335
3,7,6,146.72,28.65,0.16,8.34,4.17,-0.25602006912231445,-1.0185507535934448,74.94307828234196,-38.46377954665233,74.94307828234196,-0.18947368421052882,0.9,0.9,2.0712720919626286,45.22766749383119,-45.22766749383119,596.7757021535225,126.80720528531852,377.19874689855214,-550.3908271686967,0.0,0.0,45.22766749383119,377.19874689855214,0.0,135.43,30.15,0.0,0.9,8.13,0.0,0.0,0.0,main_seed4,4,d1c1eb972d85b5605cb5db7c2c6bc30520ef1b725ec02f3d139c77d64d6a78a6,1500,pre_fed,F-MADRL,deterministic,d88d555b67260747dd6b9880ad42b19d2241cc5094d2938bd4526b2ba2c19335
1,8,7,291.0,23.38,1.77,9.35,4.68,0.40157994627952576,-1.3273704051971436,138.1300013413143,-43.430258727285945,138.1300013413143,-0.18947368421052882,0.9,0.9,3.261810553142076,131.1712828960383,-131.1712828960383,1007.6507755637849,111.40639664265923,1226.451495077958,-1172.7543336422011,0.0,0.0,131.1712828960383,1226.451495077958,0.0,274.6,28.65,0.16,0.9,8.34,0.0,0.0,0.0,main_seed4,4,d1c1eb972d85b5605cb5db7c2c6bc30520ef1b725ec02f3d139c77d64d6a78a6,1500,pre_fed,F-MADRL,deterministic,d88d555b67260747dd6b9880ad42b19d2241cc5094d2938bd4526b2ba2c19335
2,8,7,157.95,23.38,1.77,9.35,4.68,-0.6006892919540405,-0.6805121302604675,64.74441816578133,-29.59261164588139,64.74441816578133,-0.18947368421052882,0.9,0.9,1.7940988896314158,70.03915440806061,-70.03915440806061,764.6062767771921,119.10680096398887,654.8660937153667,-769.2895857282738,0.0,0.0,70.03915440806061,654.8660937153667,0.0,130.0,28.65,0.16,0.9,8.34,0.0,0.0,0.0,main_seed4,4,d1c1eb972d85b5605cb5db7c2c6bc30520ef1b725ec02f3d139c77d64d6a78a6,1500,pre_fed,F-MADRL,deterministic,d88d555b67260747dd6b9880ad42b19d2241cc5094d2938bd4526b2ba2c19335
3,8,7,178.26,23.38,1.77,9.35,4.68,-0.25639986991882324,-1.0244979858398438,74.90748616831628,-38.584612792585816,74.90748616831628,-0.18947368421052882,0.9,0.9,1.997360249682115,80.38934776557636,-80.38934776557636,596.5182437364542,126.80720528531852,751.640401608139,-737.4829253149559,0.0,0.0,80.38934776557636,751.640401608139,0.0,146.72,28.65,0.16,0.9,8.34,0.0,0.0,0.0,main_seed4,4,d1c1eb972d85b5605cb5db7c2c6bc30520ef1b725ec02f3d139c77d64d6a78a6,1500,pre_fed,F-MADRL,deterministic,d88d555b67260747dd6b9880ad42b19d2241cc5094d2938bd4526b2ba2c19335
1,9,8,315.7,21.75,5.3,12.0,6.0,0.40535688400268555,-1.3334404230117798,138.4523166154763,-43.50438406644127,138.4523166154763,-0.18947368421052882,0.9,0.9,3.3062568586253156,153.69341392735953,-153.69341392735953,1010.2165072476804,111.40639664265923,1844.3209671283144,-1482.971935509327,0.0,0.0,153.69341392735953,1844.3209671283144,0.0,291.0,23.38,1.77,0.9,9.35,0.0,0.0,0.0,main_seed4,4,d1c1eb972d85b5605cb5db7c2c6bc30520ef1b725ec02f3d139c77d64d6a78a6,1500,pre_fed,F-MADRL,deterministic,d88d555b67260747dd6b9880ad42b19d2241cc5094d2938bd4526b2ba2c19335
2,9,8,165.1,21.75,5.3,12.0,6.0,-0.6082028746604919,-0.6920800805091858,63.99948530448682,-29.965830934258086,63.99948530448682,-0.18947368421052882,0.9,0.9,1.8172002324055259,76.05718861212922,-76.05718861212922,759.6461758357032,119.10680096398887,912.6862633455507,-895.7196200726214,0.0,0.0,76.05718861212922,912.6862633455507,0.0,157.95,23.38,1.77,0.9,9.35,0.0,0.0,0.0,main_seed4,4,d1c1eb972d85b5605cb5db7c2c6bc30520ef1b725ec02f3d139c77d64d6a78a6,1500,pre_fed,F-MADRL,deterministic,d88d555b67260747dd6b9880ad42b19d2241cc5094d2938bd4526b2ba2c19335
3,9,8,186.33,21.75,5.3,12.0,6.0,-0.25668323040008545,-1.042354702949524,74.88093614330975,-38.94081068968199,74.88093614330975,-0.18947368421052882,0.9,0.9,2.0348292491819846,86.62336679008277,-86.62336679008277,596.3262076707647,126.80720528531852,1039.4804014809934,-881.3069072185383,0.0,0.0,86.62336679008277,1039.4804014809934,0.0,178.26,23.38,1.77,0.9,9.35,0.0,0.0,0.0,main_seed4,4,d1c1eb972d85b5605cb5db7c2c6bc30520ef1b725ec02f3d139c77d64d6a78a6,1500,pre_fed,F-MADRL,deterministic,d88d555b67260747dd6b9880ad42b19d2241cc5094d2938bd4526b2ba2c19335
1,10,9,362.4,34.82,11.6,9.19,4.6,0.4177236557006836,-1.365615725517273,139.50110033419796,-43.88445796981822,139.50110033419796,-0.18947368421052882,0.9,0.9,3.7146325329997483,180.38300588301232,-180.38300588301232,1018.5768055666732,111.40639664265923,1657.7198240648831,-1393.8515131371078,0.0,0.0,180.38300588301232,1657.7198240648831,0.0,315.7,21.75,5.3,0.9,12.0,0.0,0.0,0.0,main_seed4,4,d1c1eb972d85b5605cb5db7c2c6bc30520ef1b725ec02f3d139c77d64d6a78a6,1500,pre_fed,F-MADRL,deterministic,d88d555b67260747dd6b9880ad42b19d2241cc5094d2938bd4526b2ba2c19335
2,10,9,169.0,34.82,11.6,9.19,4.6,-0.6229905486106873,-0.7124186754226685,62.55104950313097,-30.609564049109032,62.55104950313097,-0.18947368421052882,0.9,0.9,2.1756315163784086,62.39405569745797,-62.39405569745797,750.0259780117517,119.10680096398887,573.4013718596387,-721.2670754176897,0.0,0.0,62.39405569745797,573.4013718596387,0.0,165.1,21.75,5.3,0.9,12.0,0.0,0.0,0.0,main_seed4,4,d1c1eb972d85b5605cb5db7c2c6bc30520ef1b725ec02f3d139c77d64d6a78a6,1500,pre_fed,F-MADRL,deterministic,d88d555b67260747dd6b9880ad42b19d2241cc5094d2938bd4526b2ba2c19335
3,10,9,190.73,34.82,11.6,9.19,4.6,-0.2583996057510376,-1.06560218334198,74.72019783475096,-39.389928869689925,74.72019783475096,-0.18947368421052882,0.9,0.9,2.4190144830108085,72.19829033247038,-72.19829033247038,595.1638750823141,126.80720528531852,663.5022881554028,-692.7366842615177,0.0,0.0,72.19829033247038,663.5022881554028,0.0,186.33,21.75,5.3,0.9,12.0,0.0,0.0,0.0,main_seed4,4,d1c1eb972d85b5605cb5db7c2c6bc30520ef1b725ec02f3d139c77d64d6a78a6,1500,pre_fed,F-MADRL,deterministic,d88d555b67260747dd6b9880ad42b19d2241cc5094d2938bd4526b2ba2c19335
1,11,10,320.0,27.17,36.64,12.3,6.15,0.4240931570529938,-1.4021130800247192,140.03730842437312,-44.29037710361623,140.03730842437312,-0.18947368421052882,0.9,0.9,4.073156694803252,120.41532195464066,-120.41532195464066,1022.8580309684326,111.40639664265923,1481.1084600420802,-1307.6864438265861,0.0,0.0,120.41532195464066,1481.1084600420802,0.0,362.4,34.82,11.6,0.9,9.19,0.0,0.0,0.0,main_seed4,4,d1c1eb972d85b5605cb5db7c2c6bc30520ef1b725ec02f3d139c77d64d6a78a6,1500,pre_fed,F-MADRL,deterministic,d88d555b67260747dd6b9880ad42b19d2241cc5094d2938bd4526b2ba2c19335
2,11,10,173.55,27.17,36.64,12.3,6.15,-0.6351603269577026,-0.7219995856285095,61.376662582662426,-30.907318219395336,61.376662582662426,-0.18947368421052882,0.9,0.9,2.499943777969038,51.05275487951714,-51.05275487951714,742.2493632638962,119.10680096398887,627.9488850180609,-744.652524622973,0.0,0.0,51.05275487951714,627.9488850180609,0.0,169.0,34.82,11.6,0.9,9.19,0.0,0.0,0.0,main_seed4,4,d1c1eb972d85b5605cb5db7c2c6bc30520ef1b725ec02f3d139c77d64d6a78a6,1500,pre_fed,F-MADRL,deterministic,d88d555b67260747dd6b9880ad42b19d2241cc5094d2938bd4526b2ba2c19335
3,11,10,195.87,27.17,36.64,12.3,6.15,-0.2675946354866028,-1.077036738395691,73.86147767384112,-39.60488148345877,73.86147767384112,-0.18947368421052882,0.9,0.9,2.7496400797926124,61.137636090162005,-61.137636090162005,588.9626051845685,126.80720528531852,751.9929239089927,-733.8813671894399,0.0,0.0,61.137636090162005,751.9929239089927,0.0,190.73,34.82,11.6,0.9,9.19,0.0,0.0,0.0,main_seed4,4,d1c1eb972d85b5605cb5db7c2c6bc30520ef1b725ec02f3d139c77d64d6a78a6,1500,pre_fed,F-MADRL,deterministic,d88d555b67260747dd6b9880ad42b19d2241cc5094d2938bd4526b2ba2c19335
1,12,11,350.0,30.2,42.68,20.7,10.35,0.42724066972732544,-1.4038097858428955,140.30127198909935,-44.308618525664365,140.30127198909935,-0.18947368421052882,0.9,0.9,4.259835966097777,141.26803766120895,-141.26803766120895,1024.967295843898,111.40639664265923,2924.2483795870253,-2030.3110360367914,0.0,0.0,141.26803766120895,2924.2483795870253,0.0,320.0,27.17,36.64,0.9,12.3,0.0,0.0,0.0,main_seed4,4,d1c1eb972d85b5605cb5db7c2c6bc30520ef1b725ec02f3d139c77d64d6a78a6,1500,pre_fed,F-MADRL,deterministic,d88d555b67260747dd6b9880ad42b19d2241cc5094d2938bd4526b2ba2c19335
2,12,11,168.35,30.2,42.68,20.7,10.35,-0.652259886264801,-0.7464255094528198,59.75349222710953,-31.65058093483491,59.75349222710953,-0.18947368421052882,0.9,0.9,2.6488803708579804,38.554861827958945,-38.554861827958945,731.5354825833299,119.10680096398887,798.0856398387501,-824.3639616930345,0.0,0.0,38.554861827958945,798.0856398387501,0.0,173.55,27.17,36.64,0.9,12.3,0.0,0.0,0.0,main_seed4,4,d1c1eb972d85b5605cb5db7c2c6bc30520ef1b725ec02f3d139c77d64d6a78a6,1500,pre_fed,F-MADRL,deterministic,d88d555b67260747dd6b9880ad42b19d2241cc5094d2938bd4526b2ba2c19335
3,12,11,190.0,30.2,42.68,20.7,10.35,-0.26084479689598083,-1.095839262008667,74.49144701993053,-39.94997467109962,74.49144701993053,-0.18947368421052882,0.9,0.9,2.9436394667144006,45.76166613099437,-45.76166613099437,593.5105761374659,126.80720528531852,947.2664889115835,-833.7921351671839,0.0,0.0,45.76166613099437,947.2664889115835,0.0,195.87,27.17,36.64,0.9,12.3,0.0,0.0,0.0,main_seed4,4,d1c1eb972d85b5605cb5db7c2c6bc30520ef1b725ec02f3d139c77d64d6a78a6,1500,pre_fed,F-MADRL,deterministic,d88d555b67260747dd6b9880ad42b19d2241cc5094d2938bd4526b2ba2c19335
1,13,12,345.2,23.52,35.22,26.82,13.41,0.4545190930366516,-1.4717458486557007,142.56066111181198,-44.99549849263687,142.56066111181198,-0.18947368421052882,0.9,0.9,4.02222374855203,148.11103632095055,-148.11103632095055,1043.0676725423234,111.40639664265923,3972.3379941278936,-2563.4060316564382,0.0,0.0,148.11103632095055,3972.3379941278936,0.0,350.0,30.2,42.68,0.9,20.7,0.0,0.0,0.0,main_seed4,4,d1c1eb972d85b5605cb5db7c2c6bc30520ef1b725ec02f3d139c77d64d6a78a6,1500,pre_fed,F-MADRL,deterministic,d88d555b67260747dd6b9880ad42b19d2241cc5094d2938bd4526b2ba2c19335
2,13,12,168.35,23.52,35.22,26.82,13.41,-0.6880639791488647,-0.7950997948646545,56.45684425045285,-33.06441820892888,56.45684425045285,-0.18947368421052882,0.9,0.9,2.3001474113248466,55.64277684508251,-55.64277684508251,709.8989273392433,119.10680096398887,1492.339274985113,-1160.6725016441726,0.0,0.0,55.64277684508251,1492.339274985113,0.0,168.35,30.2,42.68,0.9,20.7,0.0,0.0,0.0,main_seed4,4,d1c1eb972d85b5605cb5db7c2c6bc30520ef1b725ec02f3d139c77d64d6a78a6,1500,pre_fed,F-MADRL,deterministic,d88d555b67260747dd6b9880ad42b19d2241cc5094d2938bd4526b2ba2c19335
3,13,12,190.0,23.52,35.22,26.82,13.41,-0.26704543828964233,-1.1478790044784546,73.91265249665,-40.852510924601,73.91265249665,-0.18947368421052882,0.9,0.9,2.649263576248789,60.18608476380933,-60.18608476380933,589.3317728968966,126.80720528531852,1614.1907933653663,-1165.1648857737907,0.0,0.0,60.18608476380933,1614.1907933653663,0.0,190.0,30.2,42.68,0.9,20.7,0.0,0.0,0.0,main_seed4,4,d1c1eb972d85b5605cb5db7c2c6bc30520ef1b725ec02f3d139c77d64d6a78a6,1500,pre_fed,F-MADRL,deterministic,d88d555b67260747dd6b9880ad42b19d2241cc5094d2938bd4526b2ba2c19335
1,14,13,320.6,39.48,35.46,27.35,13.68,0.46342411637306213,-1.4823615550994873,143.2870846001175,-45.09547486773713,143.2870846001175,-0.18947368421052882,0.9,0.9,4.360752218318139,106.92314130241118,-106.92314130241118,1048.9047516796022,111.40639664265923,2924.347914620946,-2042.3295314716038,0.0,0.0,106.92314130241118,2924.347914620946,0.0,345.2,23.52,35.22,0.9,26.82,0.0,0.0,0.0,main_seed4,4,d1c1eb972d85b5605cb5db7c2c6bc30520ef1b725ec02f3d139c77d64d6a78a6,1500,pre_fed,F-MADRL,deterministic,d88d555b67260747dd6b9880ad42b19d2241cc5094d2938bd4526b2ba2c19335
2,14,13,165.75,39.48,35.46,27.35,13.68,-0.6956196427345276,-0.8100828528404236,55.77879599102941,-33.481798138007335,55.77879599102941,-0.18947368421052882,0.9,0.9,2.610586446136378,37.83126413931748,-37.83126413931748,705.4692442538346,119.10680096398887,1034.6850742103331,-929.6305597140783,0.0,0.0,37.83126413931748,1034.6850742103331,0.0,168.35,23.52,35.22,0.9,26.82,0.0,0.0,0.0,main_seed4,4,d1c1eb972d85b5605cb5db7c2c6bc30520ef1b725ec02f3d139c77d64d6a78a6,1500,pre_fed,F-MADRL,deterministic,d88d555b67260747dd6b9880ad42b19d2241cc5094d2938bd4526b2ba2c19335
3,14,13,187.07,39.48,35.46,27.35,13.68,-0.2656507194042206,-1.1655080318450928,74.04267985551894,-41.14134070203477,74.04267985551894,-0.18947368421052882,0.9,0.9,2.9758641234261685,41.252657952117744,-41.252657952117744,590.2699951423402,126.80720528531852,1128.2601949904204,-922.6686977090396,0.0,0.0,41.252657952117744,1128.2601949904204,0.0,190.0,23.52,35.22,0.9,26.82,0.0,0.0,0.0,main_seed4,4,d1c1eb972d85b5605cb5db7c2c6bc30520ef1b725ec02f3d139c77d64d6a78a6,1500,pre_fed,F-MADRL,deterministic,d88d555b67260747dd6b9880ad42b19d2241cc5094d2938bd4526b2ba2c19335
1,15,14,333.2,35.74,34.83,13.81,6.91,0.4669085144996643,-1.5013883113861084,143.5698071739587,-45.2699407852522,143.5698071739587,-0.18947368421052882,0.9,0.9,4.279006669794964,123.52867318004675,-123.52867318004675,1051.178842243982,111.40639664265923,1705.9309766164456,-1434.2581077515433,0.0,0.0,123.52867318004675,1705.9309766164456,0.0,320.6,39.48,35.46,0.9,27.35,0.0,0.0,0.0,main_seed4,4,d1c1eb972d85b5605cb5db7c2c6bc30520ef1b725ec02f3d139c77d64d6a78a6,1500,pre_fed,F-MADRL,deterministic,d88d555b67260747dd6b9880ad42b19d2241cc5094d2938bd4526b2ba2c19335
2,15,14,170.3,35.74,34.83,13.81,6.91,-0.7156462669372559,-0.8308566212654114,54.01126426344177,-34.046785144350004,54.01126426344177,-0.18947368421052882,0.9,0.9,2.487835811584625,48.3960452323534,-48.3960452323534,693.9548276880978,119.10680096398887,668.3493846588005,-740.7055066554436,0.0,0.0,48.3960452323534,668.3493846588005,0.0,165.75,39.48,35.46,0.9,27.35,0.0,0.0,0.0,main_seed4,4,d1c1eb972d85b5605cb5db7c2c6bc30520ef1b725ec02f3d139c77d64d6a78a6,1500,pre_fed,F-MADRL,deterministic,d88d555b67260747dd6b9880ad42b19d2241cc5094d2938bd4526b2ba2c19335
3,15,14,192.2,35.74,34.83,13.81,6.91,-0.277840256690979,-1.1901887655258179,72.90949868880703,-41.53187014317369,72.90949868880703,-0.18947368421052882,0.9,0.9,2.86580050009193,51.775775495495395,-51.775775495495395,582.1042398729737,126.80720528531852,715.0234595927915,-711.9674523755418,0.0,0.0,51.775775495495395,715.0234595927915,0.0,187.07,39.48,35.46,0.9,27.35,0.0,0.0,0.0,main_seed4,4,d1c1eb972d85b5605cb5db7c2c6bc30520ef1b725ec02f3d139c77d64d6a78a6,1500,pre_fed,F-MADRL,deterministic,d88d555b67260747dd6b9880ad42b19d2241cc5094d2938bd4526b2ba2c19335
1,16,15,316.8,18.06,23.62,17.31,8.66,0.4368281960487366,-1.4347625970840454,141.10118942895684,-44.63192333746903,141.10118942895684,-0.18947368421052882,0.9,0.9,3.6518343148949266,137.86011857014861,-137.86011857014861,1031.3661233655907,111.40639664265923,2386.3586524492725,-1764.5655862287613,0.0,0.0,137.86011857014861,2386.3586524492725,0.0,333.2,35.74,34.83,0.9,13.81,0.0,0.0,0.0,main_seed4,4,d1c1eb972d85b5605cb5db7c2c6bc30520ef1b725ec02f3d139c77d64d6a78a6,1500,pre_fed,F-MADRL,deterministic,d88d555b67260747dd6b9880ad42b19d2241cc5094d2938bd4526b2ba2c19335
2,16,15,172.25,18.06,23.62,17.31,8.66,-0.6683018803596497,-0.7650110125541687,58.25935463198777,-32.200953672708735,58.25935463198777,-0.18947368421052882,0.9,0.9,1.994997618955545,74.49511667117831,-74.49511667117831,721.708692565922,119.10680096398887,1289.5104695780965,-1065.1629815540036,0.0,0.0,74.49511667117831,1289.5104695780965,0.0,170.3,35.74,34.83,0.9,13.81,0.0,0.0,0.0,main_seed4,4,d1c1eb972d85b5605cb5db7c2c6bc30520ef1b725ec02f3d139c77d64d6a78a6,1500,pre_fed,F-MADRL,deterministic,d88d555b67260747dd6b9880ad42b19d2241cc5094d2938bd4526b2ba2c19335
3,16,15,194.4,18.06,23.62,17.31,8.66,-0.2690392732620239,-1.1181440353393555,73.72693488233993,-40.3461191779525,73.72693488233993,-0.18947368421052882,0.9,0.9,2.3043492239625882,81.48688802583318,-81.48688802583318,587.9922704742705,126.80720528531852,1410.5380317271722,-1062.6687537433806,0.0,0.0,81.48688802583318,1410.5380317271722,0.0,192.2,35.74,34.83,0.9,13.81,0.0,0.0,0.0,main_seed4,4,d1c1eb972d85b5605cb5db7c2c6bc30520ef1b725ec02f3d139c77d64d6a78a6,1500,pre_fed,F-MADRL,deterministic,d88d555b67260747dd6b9880ad42b19d2241cc5094d2938bd4526b2ba2c19335
1,17,16,291.3,24.27,14.18,16.42,8.21,0.43446221947669983,-1.4068149328231812,140.90436936854772,-44.3407927781748,140.90436936854772,-0.18947368421052882,0.9,0.9,3.5832979136867444,115.71840222934955,-115.71840222934955,1029.790727375993,111.40639664265923,1900.0961646059197,-1520.6466443122858,0.0,0.0,115.71840222934955,1900.0961646059197,0.0,316.8,18.06,23.62,0.9,17.31,0.0,0.0,0.0,main_seed4,4,d1c1eb972d85b5605cb5db7c2c6bc30520ef1b725ec02f3d139c77d64d6a78a6,1500,pre_fed,F-MADRL,deterministic,d88d555b67260747dd6b9880ad42b19d2241cc5094d2938bd4526b2ba2c19335
2,17,16,165.75,24.27,14.18,16.42,8.21,-0.6529175043106079,-0.7532058358192444,59.691697093552406,-31.852880780696495,59.691697093552406,-0.18947368421052882,0.9,0.9,1.9590444681868378,69.75682105884495,-69.75682105884495,731.1283896258816,119.10680096398887,1145.407001786234,-997.8210961880523,0.0,0.0,69.75682105884495,1145.407001786234,0.0,172.25,18.06,23.62,0.9,17.31,0.0,0.0,0.0,main_seed4,4,d1c1eb972d85b5605cb5db7c2c6bc30520ef1b725ec02f3d139c77d64d6a78a6,1500,pre_fed,F-MADRL,deterministic,d88d555b67260747dd6b9880ad42b19d2241cc5094d2938bd4526b2ba2c19335
3,17,16,187.07,24.27,14.18,16.42,8.21,-0.25825273990631104,-1.1062570810317993,74.73394635637116,-40.13676715301314,74.73394635637116,-0.18947368421052882,0.9,0.9,2.259889453443213,76.33541678128256,-76.33541678128256,595.2632743414877,126.80720528531852,1253.4275435486597,-987.749011587733,0.0,0.0,76.33541678128256,1253.4275435486597,0.0,194.4,18.06,23.62,0.9,17.31,0.0,0.0,0.0,main_seed4,4,d1c1eb972d85b5605cb5db7c2c6bc30520ef1b725ec02f3d139c77d64d6a78a6,1500,pre_fed,F-MADRL,deterministic,d88d555b67260747dd6b9880ad42b19d2241cc5094d2938bd4526b2ba2c19335
1,18,17,413.8,26.26,4.67,9.83,4.92,0.42957618832588196,-1.3957518339157104,140.49670622389777,-44.22149677643644,140.49670622389777,-0.18947368421052882,0.9,0.9,3.4247446507937447,245.98751211110653,-245.98751211110653,1026.5296877247856,111.40639664265923,2418.0572440521773,-1777.9966642098111,0.0,0.0,245.98751211110653,2418.0572440521773,0.0,291.3,24.27,14.18,0.9,16.42,0.0,0.0,0.0,main_seed4,4,d1c1eb972d85b5605cb5db7c2c6bc30520ef1b725ec02f3d139c77d64d6a78a6,1500,pre_fed,F-MADRL,deterministic,d88d555b67260747dd6b9880ad42b19d2241cc5094d2938bd4526b2ba2c19335
2,18,17,164.25,26.26,4.67,9.83,4.92,-0.6513243913650513,-0.7492172122001648,59.84147922965523,-31.734086004434392,59.84147922965523,-0.18947368421052882,0.9,0.9,1.811640110908894,75.4796345654642,-75.4796345654642,732.1152220610304,119.10680096398887,741.9648077785131,-796.5934154017662,0.0,0.0,75.4796345654642,741.9648077785131,0.0,165.75,24.27,14.18,0.9,16.42,0.0,0.0,0.0,main_seed4,4,d1c1eb972d85b5605cb5db7c2c6bc30520ef1b725ec02f3d139c77d64d6a78a6,1500,pre_fed,F-MADRL,deterministic,d88d555b67260747dd6b9880ad42b19d2241cc5094d2938bd4526b2ba2c19335
3,18,17,185.6,26.26,4.67,9.83,4.92,-0.2633005976676941,-1.1046909093856812,74.26199070304668,-40.108884338563946,74.26199070304668,-0.18947368421052882,0.9,0.9,2.1000503403767232,82.69753332154056,-82.69753332154056,591.8531769849054,126.80720528531852,812.9167525507437,-765.7885674104839,0.0,0.0,82.69753332154056,812.9167525507437,0.0,187.07,24.27,14.18,0.9,16.42,0.0,0.0,0.0,main_seed4,4,d1c1eb972d85b5605cb5db7c2c6bc30520ef1b725ec02f3d139c77d64d6a78a6,1500,pre_fed,F-MADRL,deterministic,d88d555b67260747dd6b9880ad42b19d2241cc5094d2938bd4526b2ba2c19335
1,19,18,539.8,26.77,0.18,8.63,4.32,0.42816513776779175,-1.406642198562622,140.37867479214947,-44.338948059575614,140.37867479214947,-0.18947368421052882,0.9,0.9,3.3427840221587792,376.0035829142198,-376.0035829142198,1025.5860157359355,111.40639664265923,3244.910920549717,-2190.951666464156,0.0,0.0,376.0035829142198,3244.910920549717,0.0,413.8,26.26,4.67,0.9,9.83,0.0,0.0,0.0,main_seed4,4,d1c1eb972d85b5605cb5db7c2c6bc30520ef1b725ec02f3d139c77d64d6a78a6,1500,pre_fed,F-MADRL,deterministic,d88d555b67260747dd6b9880ad42b19d2241cc5094d2938bd4526b2ba2c19335
2,19,18,162.5,26.77,0.18,8.63,4.32,-0.6192343235015869,-0.7051922678947449,62.91674266144475,-30.382658793831972,62.91674266144475,-0.18947368421052882,0.9,0.9,1.7935453795446847,74.61627640231045,-74.61627640231045,752.4518237711673,119.10680096398887,643.9384653519393,-757.7485450435477,0.0,0.0,74.61627640231045,643.9384653519393,0.0,164.25,26.26,4.67,0.9,9.83,0.0,0.0,0.0,main_seed4,4,d1c1eb972d85b5605cb5db7c2c6bc30520ef1b725ec02f3d139c77d64d6a78a6,1500,pre_fed,F-MADRL,deterministic,d88d555b67260747dd6b9880ad42b19d2241cc5094d2938bd4526b2ba2c19335
3,19,18,183.4,26.77,0.18,8.63,4.32,-0.2605419456958771,-1.058234691619873,74.51976371543054,-39.249364040971344,74.51976371543054,-0.18947368421052882,0.9,0.9,2.0256058006244,84.14531576940439,-84.14531576940439,593.7151814365856,126.80720528531852,726.17407508996,-723.348230905932,0.0,0.0,84.14531576940439,726.17407508996,0.0,185.6,26.26,4.67,0.9,9.83,0.0,0.0,0.0,main_seed4,4,d1c1eb972d85b5605cb5db7c2c6bc30520ef1b725ec02f3d139c77d64d6a78a6,1500,pre_fed,F-MADRL,deterministic,d88d555b67260747dd6b9880ad42b19d2241cc5094d2938bd4526b2ba2c19335
1,20,19,557.2,26.22,0.0,8.87,4.44,0.4406299293041229,-1.4477757215499878,141.41664534131584,-44.762609025063746,141.41664534131584,-0.18947368421052882,0.9,0.9,3.3489434331421064,393.1017717760368,-393.1017717760368,1033.892418747018,111.40639664265923,3486.812715653446,-2316.0557655215616,0.0,0.0,393.1017717760368,3486.812715653446,0.0,539.8,26.77,0.18,0.9,8.63,0.0,0.0,0.0,main_seed4,4,d1c1eb972d85b5605cb5db7c2c6bc30520ef1b725ec02f3d139c77d64d6a78a6,1500,pre_fed,F-MADRL,deterministic,d88d555b67260747dd6b9880ad42b19d2241cc5094d2938bd4526b2ba2c19335
2,20,19,165.75,26.22,0.0,8.87,4.44,-0.6103631854057312,-0.693533718585968,63.78642145806262,-30.012366348178542,63.78642145806262,-0.18947368421052882,0.9,0.9,1.796338955477042,77.72939118162495,-77.72939118162495,758.2290513562301,119.10680096398887,689.4596997810132,-783.3977760506161,0.0,0.0,77.72939118162495,689.4596997810132,0.0,162.5,26.77,0.18,0.9,8.63,0.0,0.0,0.0,main_seed4,4,d1c1eb972d85b5605cb5db7c2c6bc30520ef1b725ec02f3d139c77d64d6a78a6,1500,pre_fed,F-MADRL,deterministic,d88d555b67260747dd6b9880ad42b19d2241cc5094d2938bd4526b2ba2c19335
3,20,19,187.07,26.22,0.0,8.87,4.44,-0.25989866256713867,-1.046007752418518,74.57992541402518,-39.01247025373116,74.57992541402518,-0.18947368421052882,0.9,0.9,2.0122090345962933,88.47175730478163,-88.47175730478163,594.1499367657211,126.80720528531852,784.744487293413,-752.8508146722263,0.0,0.0,88.47175730478163,784.744487293413,0.0,183.4,26.77,0.18,0.9,8.63,0.0,0.0,0.0,main_seed4,4,d1c1eb972d85b5605cb5db7c2c6bc30520ef1b725ec02f3d139c77d64d6a78a6,1500,pre_fed,F-MADRL,deterministic,d88d555b67260747dd6b9880ad42b19d2241cc5094d2938bd4526b2ba2c19335
1,21,20,557.1,32.84,0.0,8.35,4.18,0.4431109130382538,-1.45453941822052,141.62197503946436,-44.82934157562453,141.62197503946436,-0.18947368421052882,0.9,0.9,3.485450027105077,386.31294867185125,-386.31294867185125,1035.5376461197734,111.40639664265923,3225.7131214099577,-2186.328582086195,0.0,0.0,386.31294867185125,3225.7131214099577,0.0,557.2,26.22,0.0,0.9,8.87,0.0,0.0,0.0,main_seed4,4,d1c1eb972d85b5605cb5db7c2c6bc30520ef1b725ec02f3d139c77d64d6a78a6,1500,pre_fed,F-MADRL,deterministic,d88d555b67260747dd6b9880ad42b19d2241cc5094d2938bd4526b2ba2c19335
2,21,20,169.0,32.84,0.0,8.35,4.18,-0.6116248965263367,-0.695443332195282,63.662214858126745,-30.07337563442794,63.662214858126745,-0.18947368421052882,0.9,0.9,1.9262548234783246,74.61351364956211,-74.61351364956211,757.4032501590414,119.10680096398887,623.0228389738436,-749.7664450484369,0.0,0.0,74.61351364956211,623.0228389738436,0.0,165.75,26.22,0.0,0.9,8.87,0.0,0.0,0.0,main_seed4,4,d1c1eb972d85b5605cb5db7c2c6bc30520ef1b725ec02f3d139c77d64d6a78a6,1500,pre_fed,F-MADRL,deterministic,d88d555b67260747dd6b9880ad42b19d2241cc5094d2938bd4526b2ba2c19335
3,21,20,190.73,32.84,0.0,8.35,4.18,-0.26011767983436584,-1.048843502998352,74.55944007433584,-39.06781646873254,74.55944007433584,-0.18947368421052882,0.9,0.9,2.1441993278025064,85.66423293767718,-85.66423293767718,594.0018928217767,126.80720528531852,715.2963450296045,-718.0527215683499,0.0,0.0,85.66423293767718,715.2963450296045,0.0,187.07,26.22,0.0,0.9,8.87,0.0,0.0,0.0,main_seed4,4,d1c1eb972d85b5605cb5db7c2c6bc30520ef1b725ec02f3d139c77d64d6a78a6,1500,pre_fed,F-MADRL,deterministic,d88d555b67260747dd6b9880ad42b19d2241cc5094d2938bd4526b2ba2c19335
1,22,21,535.0,36.02,0.0,16.44,8.22,0.4444238245487213,-1.4633398056030273,141.73046211232088,-44.9149656669231,141.73046211232088,-0.18947368421052882,0.9,0.9,3.5512197685622073,360.9902313404518,-360.9902313404518,1036.4071867961088,111.40639664265923,5934.679403237029,-3541.2464933378988,0.0,0.0,360.9902313404518,5934.679403237029,0.0,557.1,32.84,0.0,0.9,8.35,0.0,0.0,0.0,main_seed4,4,d1c1eb972d85b5605cb5db7c2c6bc30520ef1b725ec02f3d139c77d64d6a78a6,1500,pre_fed,F-MADRL,deterministic,d88d555b67260747dd6b9880ad42b19d2241cc5094d2938bd4526b2ba2c19335
2,22,21,161.2,36.02,0.0,16.44,8.22,-0.6203028559684753,-0.704165518283844,62.8125597118745,-30.35025708260734,62.8125597118745,-0.18947368421052882,0.9,0.9,1.9728617205532795,64.5297756928893,-64.5297756928893,751.7605133608864,119.10680096398887,1060.8695123911002,-965.8684133579877,0.0,0.0,64.5297756928893,1060.8695123911002,0.0,169.0,32.84,0.0,0.9,8.35,0.0,0.0,0.0,main_seed4,4,d1c1eb972d85b5605cb5db7c2c6bc30520ef1b725ec02f3d139c77d64d6a78a6,1500,pre_fed,F-MADRL,deterministic,d88d555b67260747dd6b9880ad42b19d2241cc5094d2938bd4526b2ba2c19335
3,22,21,181.93,36.02,0.0,16.44,8.22,-0.2660665214061737,-1.0603926181793213,74.00390544351674,-39.29070401700533,74.00390544351674,-0.18947368421052882,0.9,0.9,2.1966886351861246,74.2922568758799,-74.2922568758799,589.9901818253154,126.80720528531852,1221.3647030394657,-969.0810450750498,0.0,0.0,74.2922568758799,1221.3647030394657,0.0,190.73,32.84,0.0,0.9,8.35,0.0,0.0,0.0,main_seed4,4,d1c1eb972d85b5605cb5db7c2c6bc30520ef1b725ec02f3d139c77d64d6a78a6,1500,pre_fed,F-MADRL,deterministic,d88d555b67260747dd6b9880ad42b19d2241cc5094d2938bd4526b2ba2c19335
1,23,22,437.8,37.23,0.0,16.19,8.1,0.4631381630897522,-1.5045948028564453,143.26384450742015,-45.29875601432968,143.26384450742015,-0.18947368421052882,0.9,0.9,3.606087416464192,261.1017165932546,-261.1017165932546,1048.717876641118,111.40639664265923,4227.236791644792,-2693.6805324642846,0.0,0.0,261.1017165932546,4227.236791644792,0.0,535.0,36.02,0.0,0.9,16.44,0.0,0.0,0.0,main_seed4,4,d1c1eb972d85b5605cb5db7c2c6bc30520ef1b725ec02f3d139c77d64d6a78a6,1500,pre_fed,F-MADRL,deterministic,d88d555b67260747dd6b9880ad42b19d2241cc5094d2938bd4526b2ba2c19335
2,23,22,148.0,37.23,0.0,16.19,8.1,-0.6573298573493958,-0.7541510462760925,59.27828196896947,-31.88094407249068,59.27828196896947,-0.18947368421052882,0.9,0.9,1.926376165695179,53.60756788093623,-53.60756788093623,728.4063934040107,119.10680096398887,867.9065239923576,-857.7098591801787,0.0,0.0,53.60756788093623,867.9065239923576,0.0,161.2,36.02,0.0,0.9,16.44,0.0,0.0,0.0,main_seed4,4,d1c1eb972d85b5605cb5db7c2c6bc30520ef1b725ec02f3d139c77d64d6a78a6,1500,pre_fed,F-MADRL,deterministic,d88d555b67260747dd6b9880ad42b19d2241cc5094d2938bd4526b2ba2c19335
3,23,22,161.39,37.23,0.0,16.19,8.1,-0.27397534251213074,-1.1155977249145508,73.26799925856571,-40.3016104594302,73.26799925856571,-0.18947368421052882,0.9,0.9,2.2061705114871035,53.287644937131915,-53.287644937131915,584.6849729881219,126.80720528531852,862.7269715321657,-787.1095749028032,0.0,0.0,53.287644937131915,862.7269715321657,0.0,181.93,36.02,0.0,0.9,16.44,0.0,0.0,0.0,main_seed4,4,d1c1eb972d85b5605cb5db7c2c6bc30520ef1b725ec02f3d139c77d64d6a78a6,1500,pre_fed,F-MADRL,deterministic,d88d555b67260747dd6b9880ad42b19d2241cc5094d2938bd4526b2ba2c19335
1,24,23,447.3,44.12,0.0,8.87,4.44,0.4517458975315094,-1.4709858894348145,142.33330773834882,-44.988267778958736,142.33330773834882,-0.18947368421052882,0.9,0.9,3.725276681082766,264.7614426269445,-264.7614426269445,1041.2425612464453,111.40639664265923,2348.4339961009973,-1750.541476995051,0.0,0.0,264.7614426269445,2348.4339961009973,0.0,437.8,37.23,0.0,0.9,16.19,0.0,0.0,0.0,main_seed4,4,d1c1eb972d85b5605cb5db7c2c6bc30520ef1b725ec02f3d139c77d64d6a78a6,1500,pre_fed,F-MADRL,deterministic,d88d555b67260747dd6b9880ad42b19d2241cc5094d2938bd4526b2ba2c19335
2,24,23,119.6,44.12,0.0,8.87,4.44,-0.6539789438247681,-0.7493919730186462,59.59205393317586,-31.739303601197257,59.59205393317586,-0.18947368421052882,0.9,0.9,2.070451604979307,18.147871356013965,-18.147871356013965,730.4720843194455,119.10680096398887,160.97161892784385,-505.2752521056391,0.0,0.0,18.147871356013965,160.97161892784385,0.0,148.0,37.23,0.0,0.9,16.19,0.0,0.0,0.0,main_seed4,4,d1c1eb972d85b5605cb5db7c2c6bc30520ef1b725ec02f3d139c77d64d6a78a6,1500,pre_fed,F-MADRL,deterministic,d88d555b67260747dd6b9880ad42b19d2241cc5094d2938bd4526b2ba2c19335
3,24,23,134.98,44.12,0.0,8.87,4.44,-0.27242520451545715,-1.1047544479370117,73.41199532839435,-40.11001689033009,73.41199532839435,-0.18947368421052882,0.9,0.9,2.3468504328836763,19.98432878869984,-19.98432878869984,585.722242909885,126.80720528531852,177.2609963557676,-444.8952222754856,0.0,0.0,19.98432878869984,177.2609963557676,0.0,161.39,37.23,0.0,0.9,16.19,0.0,0.0,0.0,main_seed4,4,d1c1eb972d85b5605cb5db7c2c6bc30520ef1b725ec02f3d139c77d64d6a78a6,1500,pre_fed,F-MADRL,deterministic,d88d555b67260747dd6b9880ad42b19d2241cc5094d2938bd4526b2ba2c19335
1,1,0,457.7,51.48,0.0,8.65,4.33,1.5679972171783447,-1.402332067489624,191.6706605508606,-44.29273453904552,191.6706605508606,-42.21052631578948,0.5,0.9,4.018802684701422,260.77866844963035,-260.77866844963035,1456.9310794905487,224.10347285318556,2255.7354820893024,-1968.3850172165185,0.0,0.0,260.77866844963035,2255.7354820893024,0.0,447.3,44.12,0.0,0.5,8.87,0.0,0.0,0.0,main_seed4,4,d1c1eb972d85b5605cb5db7c2c6bc30520ef1b725ec02f3d139c77d64d6a78a6,1500,pre_fed,PPO-MADRL,deterministic,8f19fff79eb25474377fee50a8c558766b108398bca878b34362ff01b9420ae8
2,1,0,110.5,51.48,0.0,8.65,4.33,-0.6313287615776062,-0.5695649981498718,61.74469102311093,-25.751986946974963,61.74469102311093,-25.751986946974963,0.5,0.7436438759962621,1.749454081522719,24.77675000538676,-24.77675000538676,744.6841372197698,349.2922722906972,214.31888754659548,-654.1476485285312,0.0,0.0,24.77675000538676,214.31888754659548,0.0,119.6,44.12,0.0,0.5,8.87,0.0,0.0,0.0,main_seed4,4,d1c1eb972d85b5605cb5db7c2c6bc30520ef1b725ec02f3d139c77d64d6a78a6,1500,pre_fed,PPO-MADRL,deterministic,8f19fff79eb25474377fee50a8c558766b108398bca878b34362ff01b9420ae8
3,1,0,124.71,51.48,0.0,8.65,4.33,-0.22621069848537445,-1.3683658838272095,77.75704233971452,-43.91596215315939,77.75704233971452,-42.21052631578948,0.5,0.9,1.7405303204785008,39.42401429655345,-39.42401429655345,617.2069135112329,244.81166675900275,341.01772366518736,-601.5181519677114,0.0,0.0,39.42401429655345,341.01772366518736,0.0,134.98,44.12,0.0,0.5,8.87,0.0,0.0,0.0,main_seed4,4,d1c1eb972d85b5605cb5db7c2c6bc30520ef1b725ec02f3d139c77d64d6a78a6,1500,pre_fed,PPO-MADRL,deterministic,8f19fff79eb25474377fee50a8c558766b108398bca878b34362ff01b9420ae8
1,2,1,336.5,38.37,0.0,8.11,4.06,1.7365041971206665,-1.511439561843872,193.98198833313128,-45.359709229028326,193.98198833313128,-0.18947368421052882,0.9,0.9,4.643250292978415,108.98073564405766,-108.98073564405766,1477.371968826679,111.40639664265923,883.8337660733075,-1236.306065771323,0.0,0.0,108.98073564405766,883.8337660733075,0.0,457.7,51.48,0.0,0.9,8.65,0.0,0.0,0.0,main_seed4,4,d1c1eb972d85b5605cb5db7c2c6bc30520ef1b725ec02f3d139c77d64d6a78a6,1500,pre_fed,PPO-MADRL,deterministic,8f19fff79eb25474377fee50a8c558766b108398bca878b34362ff01b9420ae8
2,2,1,109.85,38.37,0.0,8.11,4.06,-0.736596941947937,-0.6647936701774597,52.20814050759353,-29.077236785083578,52.20814050759353,-16.615095974287406,0.7436438759962621,0.9,1.4792608906661224,37.36621635736,-37.36621635736,682.257481591112,162.9418106747872,303.0400146581896,-574.1196534620444,0.0,0.0,37.36621635736,303.0400146581896,0.0,110.5,51.48,0.0,0.7436438759962621,8.65,0.0,0.0,0.0,main_seed4,4,d1c1eb972d85b5605cb5db7c2c6bc30520ef1b725ec02f3d139c77d64d6a78a6,1500,pre_fed,PPO-MADRL,deterministic,8f19fff79eb25474377fee50a8c558766b108398bca878b34362ff01b9420ae8
3,2,1,123.98,38.37,0.0,8.11,4.06,-0.25419750809669495,-1.561155080795288,75.11396930068683,-45.780369394341484,75.11396930068683,-0.18947368421052882,0.9,0.9,2.265889912329526,12.951394295853234,-12.951394295853234,598.0121912859834,126.80720528531852,105.03580773936972,-414.9276021553358,0.0,0.0,12.951394295853234,105.03580773936972,0.0,124.71,51.48,0.0,0.9,8.65,0.0,0.0,0.0,main_seed4,4,d1c1eb972d85b5605cb5db7c2c6bc30520ef1b725ec02f3d139c77d64d6a78a6,1500,pre_fed,PPO-MADRL,deterministic,8f19fff79eb25474377fee50a8c558766b108398bca878b34362ff01b9420ae8
1,3,2,274.9,43.56,0.0,8.25,4.13,1.6449774503707886,-1.4090553522109985,192.8165184964473,-44.36466823519336,192.8165184964473,-0.18947368421052882,0.9,0.9,4.723740896244736,43.43669608400796,-43.43669608400796,1467.0539852209138,111.40639664265923,358.3527426930657,-968.4065622783194,0.0,0.0,43.43669608400796,358.3527426930657,0.0,336.5,38.37,0.0,0.9,8.11,0.0,0.0,0.0,main_seed4,4,d1c1eb972d85b5605cb5db7c2c6bc30520ef1b725ec02f3d139c77d64d6a78a6,1500,pre_fed,PPO-MADRL,deterministic,8f19fff79eb25474377fee50a8c558766b108398bca878b34362ff01b9420ae8
2,3,2,112.45,43.56,0.0,8.25,4.13,-0.767708420753479,-0.6945157051086426,49.616705365897786,-30.043756828864833,49.616705365897786,-0.18947368421052882,0.9,0.9,1.8597446336337453,21.32251295194648,-21.32251295194648,665.5326991086833,119.10680096398887,175.91073185355845,-480.27511596311535,0.0,0.0,21.32251295194648,175.91073185355845,0.0,109.85,38.37,0.0,0.9,8.11,0.0,0.0,0.0,main_seed4,4,d1c1eb972d85b5605cb5db7c2c6bc30520ef1b725ec02f3d139c77d64d6a78a6,1500,pre_fed,PPO-MADRL,deterministic,8f19fff79eb25474377fee50a8c558766b108398bca878b34362ff01b9420ae8
3,3,2,126.91,43.56,0.0,8.25,4.13,-0.2391423135995865,-1.486612319946289,76.53145345404782,-45.13497417409863,76.53145345404782,-0.18947368421052882,0.9,0.9,2.398039595396746,9.406059825559453,-9.406059825559453,608.2898465620142,126.80720528531852,77.59999356086549,-406.34852270409914,0.0,0.0,9.406059825559453,77.59999356086549,0.0,123.98,38.37,0.0,0.9,8.11,0.0,0.0,0.0,main_seed4,4,d1c1eb972d85b5605cb5db7c2c6bc30520ef1b725ec02f3d139c77d64d6a78a6,1500,pre_fed,PPO-MADRL,deterministic,8f19fff79eb25474377fee50a8c558766b108398bca878b34362ff01b9420ae8
1,4,3,272.6,40.75,0.0,8.1,4.05,1.620175838470459,-1.38108229637146,192.46497237321952,-44.05966950840467,192.46497237321952,-0.18947368421052882,0.9,0.9,4.66050997378018,44.23501128477122,-44.23501128477122,1463.9460432588714,111.40639664265923,358.30359140664683,-966.8280156540887,0.0,0.0,44.23501128477122,358.30359140664683,0.0,274.9,43.56,0.0,0.9,8.25,0.0,0.0,0.0,main_seed4,4,d1c1eb972d85b5605cb5db7c2c6bc30520ef1b725ec02f3d139c77d64d6a78a6,1500,pre_fed,PPO-MADRL,deterministic,8f19fff79eb25474377fee50a8c558766b108398bca878b34362ff01b9420ae8
2,4,3,110.5,40.75,0.0,8.1,4.05,-0.7768799066543579,-0.7023662328720093,48.8722913066269,-30.29337855915758,48.8722913066269,-0.18947368421052882,0.9,0.9,1.7886563524483274,22.855838730031962,-22.855838730031962,660.7472211390952,119.10680096398887,185.1322937132589,-482.4931579081715,0.0,0.0,22.855838730031962,185.1322937132589,0.0,112.45,43.56,0.0,0.9,8.25,0.0,0.0,0.0,main_seed4,4,d1c1eb972d85b5605cb5db7c2c6bc30520ef1b725ec02f3d139c77d64d6a78a6,1500,pre_fed,PPO-MADRL,deterministic,8f19fff79eb25474377fee50a8c558766b108398bca878b34362ff01b9420ae8
3,4,3,124.71,40.75,0.0,8.1,4.05,-0.24559517204761505,-1.5183701515197754,75.92263862502224,-45.42066030205147,75.92263862502224,-0.18947368421052882,0.9,0.9,2.3296632988162345,10.556498358004504,-10.556498358004504,603.8708774413435,126.80720528531852,85.50763669983648,-408.09285971324925,0.0,0.0,10.556498358004504,85.50763669983648,0.0,126.91,43.56,0.0,0.9,8.25,0.0,0.0,0.0,main_seed4,4,d1c1eb972d85b5605cb5db7c2c6bc30520ef1b725ec02f3d139c77d64d6a78a6,1500,pre_fed,PPO-MADRL,deterministic,8f19fff79eb25474377fee50a8c558766b108398bca878b34362ff01b9420ae8
1,5,4,245.3,27.74,0.0,8.14,4.07,1.6109684705734253,-1.371052861213684,192.3303017395079,-43.9465959300976,192.3303017395079,-0.18947368421052882,0.9,0.9,4.397616561105948,29.816788505808574,-29.816788505808574,1462.7559801843872,111.40639664265923,242.70865843728183,-908.4355176321642,0.0,0.0,29.816788505808574,242.70865843728183,0.0,272.6,40.75,0.0,0.9,8.1,0.0,0.0,0.0,main_seed4,4,d1c1eb972d85b5605cb5db7c2c6bc30520ef1b725ec02f3d139c77d64d6a78a6,1500,pre_fed,PPO-MADRL,deterministic,8f19fff79eb25474377fee50a8c558766b108398bca878b34362ff01b9420ae8
2,5,4,113.75,27.74,0.0,8.14,4.07,-0.7714036107063293,-0.6976696848869324,49.315716208567494,-30.144327521381843,49.315716208567494,-0.18947368421052882,0.9,0.9,1.5373248504871393,38.421082326130175,-38.421082326130175,663.5967710399095,119.10680096398887,312.74761013469964,-547.7255910692991,0.0,0.0,38.421082326130175,312.74761013469964,0.0,110.5,40.75,0.0,0.9,8.1,0.0,0.0,0.0,main_seed4,4,d1c1eb972d85b5605cb5db7c2c6bc30520ef1b725ec02f3d139c77d64d6a78a6,1500,pre_fed,PPO-MADRL,deterministic,8f19fff79eb25474377fee50a8c558766b108398bca878b34362ff01b9420ae8
3,5,4,128.38,27.74,0.0,8.14,4.07,-0.2419663816690445,-1.500001072883606,76.26477829504064,-45.25742237609343,76.26477829504064,-0.18947368421052882,0.9,0.9,2.076306092216602,26.641001481386482,-26.641001481386482,606.3533677739073,126.80720528531852,216.85775205848597,-475.0091625588559,0.0,0.0,26.641001481386482,216.85775205848597,0.0,124.71,40.75,0.0,0.9,8.1,0.0,0.0,0.0,main_seed4,4,d1c1eb972d85b5605cb5db7c2c6bc30520ef1b725ec02f3d139c77d64d6a78a6,1500,pre_fed,PPO-MADRL,deterministic,8f19fff79eb25474377fee50a8c558766b108398bca878b34362ff01b9420ae8
1,6,5,233.7,30.15,0.0,8.13,4.07,1.5609184503555298,-1.3149935007095337,191.55691251844175,-43.276673423733094,191.55691251844175,-0.18947368421052882,0.9,0.9,4.430348776684625,16.61290994245337,-16.61290994245337,1455.92735054763,111.40639664265923,135.0629578321459,-851.1983525112176,0.0,0.0,16.61290994245337,135.0629578321459,0.0,245.3,27.74,0.0,0.9,8.14,0.0,0.0,0.0,main_seed4,4,d1c1eb972d85b5605cb5db7c2c6bc30520ef1b725ec02f3d139c77d64d6a78a6,1500,pre_fed,PPO-MADRL,deterministic,8f19fff79eb25474377fee50a8c558766b108398bca878b34362ff01b9420ae8
2,6,5,120.25,30.15,0.0,8.13,4.07,-0.7518874406814575,-0.6811257600784302,50.921692763996134,-29.612538506499277,50.921692763996134,-0.18947368421052882,0.9,0.9,1.6176443815957122,40.985425301810096,-40.985425301810096,673.9421577335243,119.10680096398887,333.2115077037161,-563.1302332006146,0.0,0.0,40.985425301810096,333.2115077037161,0.0,113.75,27.74,0.0,0.9,8.14,0.0,0.0,0.0,main_seed4,4,d1c1eb972d85b5605cb5db7c2c6bc30520ef1b725ec02f3d139c77d64d6a78a6,1500,pre_fed,PPO-MADRL,deterministic,8f19fff79eb25474377fee50a8c558766b108398bca878b34362ff01b9420ae8
3,6,5,135.43,30.15,0.0,8.13,4.07,-0.22709274291992188,-1.4301562309265137,77.67321827115349,-44.58493055436038,77.67321827115349,-0.18947368421052882,0.9,0.9,2.152674891738859,29.94893030479591,-29.94893030479591,616.5961221030851,126.80720528531852,243.48480337799077,-493.4440653831972,0.0,0.0,29.94893030479591,243.48480337799077,0.0,128.38,27.74,0.0,0.9,8.14,0.0,0.0,0.0,main_seed4,4,d1c1eb972d85b5605cb5db7c2c6bc30520ef1b725ec02f3d139c77d64d6a78a6,1500,pre_fed,PPO-MADRL,deterministic,8f19fff79eb25474377fee50a8c558766b108398bca878b34362ff01b9420ae8
1,7,6,274.6,28.65,0.16,8.34,4.17,1.5589303970336914,-1.3128278255462646,191.52470051059464,-43.24945927706693,191.52470051059464,-0.18947368421052882,0.9,0.9,4.402904536527682,58.85767771014358,-58.85767771014358,1455.6431452565523,111.40639664265923,490.87303210259745,-1028.9612870009046,0.0,0.0,58.85767771014358,490.87303210259745,0.0,233.7,30.15,0.0,0.9,8.13,0.0,0.0,0.0,main_seed4,4,d1c1eb972d85b5605cb5db7c2c6bc30520ef1b725ec02f3d139c77d64d6a78a6,1500,pre_fed,PPO-MADRL,deterministic,8f19fff79eb25474377fee50a8c558766b108398bca878b34362ff01b9420ae8
2,7,6,130.0,28.65,0.16,8.34,4.17,-0.7570899724960327,-0.6857055425643921,50.4896424161282,-29.76080399346855,50.4896424161282,-0.18947368421052882,0.9,0.9,1.5822033746383535,52.472034642720686,-52.472034642720686,671.1551192575528,119.10680096398887,437.6167689202905,-613.9393445709161,0.0,0.0,52.472034642720686,437.6167689202905,0.0,120.25,30.15,0.0,0.9,8.13,0.0,0.0,0.0,main_seed4,4,d1c1eb972d85b5605cb5db7c2c6bc30520ef1b725ec02f3d139c77d64d6a78a6,1500,pre_fed,PPO-MADRL,deterministic,8f19fff79eb25474377fee50a8c558766b108398bca878b34362ff01b9420ae8
3,7,6,146.72,28.65,0.16,8.34,4.17,-0.2311413735151291,-1.4501322507858276,77.28888654371109,-44.7859510629522,77.28888654371109,-0.18947368421052882,0.9,0.9,2.118188257190011,42.92877539768946,-42.92877539768946,613.7973646590444,126.80720528531852,358.0259868167301,-549.3152783805465,0.0,0.0,42.92877539768946,358.0259868167301,0.0,135.43,30.15,0.0,0.9,8.13,0.0,0.0,0.0,main_seed4,4,d1c1eb972d85b5605cb5db7c2c6bc30520ef1b725ec02f3d139c77d64d6a78a6,1500,pre_fed,PPO-MADRL,deterministic,8f19fff79eb25474377fee50a8c558766b108398bca878b34362ff01b9420ae8
1,8,7,291.0,23.38,1.77,9.35,4.68,1.585742712020874,-1.342043399810791,191.94940194112488,-43.608108647151646,191.94940194112488,-0.18947368421052882,0.9,0.9,4.3381985651382875,78.42827030822394,-78.42827030822394,1459.3916196382338,111.40639664265923,733.3043273818938,-1152.0511718313935,0.0,0.0,78.42827030822394,733.3043273818938,0.0,274.6,28.65,0.16,0.9,8.34,0.0,0.0,0.0,main_seed4,4,d1c1eb972d85b5605cb5db7c2c6bc30520ef1b725ec02f3d139c77d64d6a78a6,1500,pre_fed,PPO-MADRL,deterministic,8f19fff79eb25474377fee50a8c558766b108398bca878b34362ff01b9420ae8
2,8,7,157.95,23.38,1.77,9.35,4.68,-0.7581911087036133,-0.686862587928772,50.39856477554825,-29.79813450799887,50.39856477554825,-0.18947368421052882,0.9,0.9,1.5071818218267543,84.09809073048902,-84.09809073048902,670.5679644440211,119.10680096398887,786.3171483300723,-787.9959568690412,0.0,0.0,84.09809073048902,786.3171483300723,0.0,130.0,28.65,0.16,0.9,8.34,0.0,0.0,0.0,main_seed4,4,d1c1eb972d85b5605cb5db7c2c6bc30520ef1b725ec02f3d139c77d64d6a78a6,1500,pre_fed,PPO-MADRL,deterministic,8f19fff79eb25474377fee50a8c558766b108398bca878b34362ff01b9420ae8
3,8,7,178.26,23.38,1.77,9.35,4.68,-0.23129461705684662,-1.4535351991653442,77.27435311749159,-44.81948472685543,77.27435311749159,-0.18947368421052882,0.9,0.9,2.044697588665621,78.06981815538457,-78.06981815538457,613.6915852850304,126.80720528531852,729.9527997528456,-735.2257951615973,0.0,0.0,78.06981815538457,729.9527997528456,0.0,146.72,28.65,0.16,0.9,8.34,0.0,0.0,0.0,main_seed4,4,d1c1eb972d85b5605cb5db7c2c6bc30520ef1b725ec02f3d139c77d64d6a78a6,1500,pre_fed,PPO-MADRL,deterministic,8f19fff79eb25474377fee50a8c558766b108398bca878b34362ff01b9420ae8
1,9,8,315.7,21.75,5.3,12.0,6.0,1.5954580307006836,-1.349514365196228,192.09819957051388,-43.696930721200246,192.09819957051388,-0.18947368421052882,0.9,0.9,4.379174517726067,101.12044863142268,-101.12044863142268,1460.7056195970265,111.40639664265923,1213.445383577072,-1392.778699908379,0.0,0.0,101.12044863142268,1213.445383577072,0.0,291.0,23.38,1.77,0.9,9.35,0.0,0.0,0.0,main_seed4,4,d1c1eb972d85b5605cb5db7c2c6bc30520ef1b725ec02f3d139c77d64d6a78a6,1500,pre_fed,PPO-MADRL,deterministic,8f19fff79eb25474377fee50a8c558766b108398bca878b34362ff01b9420ae8
2,9,8,165.1,21.75,5.3,12.0,6.0,-0.7636655569076538,-0.6921802163124084,49.94766317164016,-29.969039190931205,49.94766317164016,-0.18947368421052882,0.9,0.9,1.5361637897485927,89.82797430231896,-89.82797430231896,667.662971642854,119.10680096398887,1077.9356916278275,-932.3527321173352,0.0,0.0,89.82797430231896,1077.9356916278275,0.0,157.95,23.38,1.77,0.9,9.35,0.0,0.0,0.0,main_seed4,4,d1c1eb972d85b5605cb5db7c2c6bc30520ef1b725ec02f3d139c77d64d6a78a6,1500,pre_fed,PPO-MADRL,deterministic,8f19fff79eb25474377fee50a8c558766b108398bca878b34362ff01b9420ae8
3,9,8,186.33,21.75,5.3,12.0,6.0,-0.23086968064308167,-1.4618724584579468,77.3146560430104,-44.90078280195785,77.3146560430104,-0.18947368421052882,0.9,0.9,2.0835036471759976,84.23832128837614,-84.23832128837614,613.984933980856,126.80720528531852,1010.8598554605137,-875.8259973633442,0.0,0.0,84.23832128837614,1010.8598554605137,0.0,178.26,23.38,1.77,0.9,9.35,0.0,0.0,0.0,main_seed4,4,d1c1eb972d85b5605cb5db7c2c6bc30520ef1b725ec02f3d139c77d64d6a78a6,1500,pre_fed,PPO-MADRL,deterministic,8f19fff79eb25474377fee50a8c558766b108398bca878b34362ff01b9420ae8
1,10,9,362.4,34.82,11.6,9.19,4.6,1.636052131652832,-1.3869600296020508,192.69186511200692,-44.125013454727274,192.69186511200692,-0.18947368421052882,0.9,0.9,4.778447828555928,128.25605640075952,-128.25605640075952,1465.951722971465,111.40639664265923,1178.6731583229798,-1378.0156389685521,0.0,0.0,128.25605640075952,1178.6731583229798,0.0,315.7,21.75,5.3,0.9,12.0,0.0,0.0,0.0,main_seed4,4,d1c1eb972d85b5605cb5db7c2c6bc30520ef1b725ec02f3d139c77d64d6a78a6,1500,pre_fed,PPO-MADRL,deterministic,8f19fff79eb25474377fee50a8c558766b108398bca878b34362ff01b9420ae8
2,10,9,169.0,34.82,11.6,9.19,4.6,-0.7824600338935852,-0.7084726691246033,48.42369910986972,-30.485909512307245,48.42369910986972,-0.18947368421052882,0.9,0.9,1.8930845085131838,76.23885908285399,-76.23885908285399,657.8675061737324,119.10680096398887,700.6351149714282,-738.8047110545747,0.0,0.0,76.23885908285399,700.6351149714282,0.0,165.1,21.75,5.3,0.9,12.0,0.0,0.0,0.0,main_seed4,4,d1c1eb972d85b5605cb5db7c2c6bc30520ef1b725ec02f3d139c77d64d6a78a6,1500,pre_fed,PPO-MADRL,deterministic,8f19fff79eb25474377fee50a8c558766b108398bca878b34362ff01b9420ae8
3,10,9,190.73,34.82,11.6,9.19,4.6,-0.23310117423534393,-1.490931510925293,77.1030979504154,-45.17480002610993,77.1030979504154,-0.18947368421052882,0.9,0.9,2.4666724853240978,69.86304821911921,-69.86304821911921,612.4454323706514,126.80720528531852,642.0414131337055,-690.6470253948378,0.0,0.0,69.86304821911921,642.0414131337055,0.0,186.33,21.75,5.3,0.9,12.0,0.0,0.0,0.0,main_seed4,4,d1c1eb972d85b5605cb5db7c2c6bc30520ef1b725ec02f3d139c77d64d6a78a6,1500,pre_fed,PPO-MADRL,deterministic,8f19fff79eb25474377fee50a8c558766b108398bca878b34362ff01b9420ae8
1,11,10,320.0,27.17,36.64,12.3,6.15,1.6749900579452515,-1.4338774681091309,193.22083694082602,-44.62292347054015,193.22083694082602,-0.18947368421052882,0.9,0.9,5.136827265132309,68.29546400851683,-68.29546400851683,1470.6309511092422,111.40639664265923,840.034207304757,-1211.0357775283292,0.0,0.0,68.29546400851683,840.034207304757,0.0,362.4,34.82,11.6,0.9,9.19,0.0,0.0,0.0,main_seed4,4,d1c1eb972d85b5605cb5db7c2c6bc30520ef1b725ec02f3d139c77d64d6a78a6,1500,pre_fed,PPO-MADRL,deterministic,8f19fff79eb25474377fee50a8c558766b108398bca878b34362ff01b9420ae8
2,11,10,173.55,27.17,36.64,12.3,6.15,-0.7969108819961548,-0.7211176753044128,47.27712660021753,-30.88005696282938,47.27712660021753,-0.18947368421052882,0.9,0.9,2.2179530583201403,64.87030014231314,-64.87030014231314,650.5210420059902,119.10680096398887,797.9046917504517,-783.7662673602154,0.0,0.0,64.87030014231314,797.9046917504517,0.0,169.0,34.82,11.6,0.9,9.19,0.0,0.0,0.0,main_seed4,4,d1c1eb972d85b5605cb5db7c2c6bc30520ef1b725ec02f3d139c77d64d6a78a6,1500,pre_fed,PPO-MADRL,deterministic,8f19fff79eb25474377fee50a8c558766b108398bca878b34362ff01b9420ae8
3,11,10,195.87,27.17,36.64,12.3,6.15,-0.2461654394865036,-1.5374488830566406,75.86892521267539,-45.58453448593168,75.86892521267539,-0.18947368421052882,0.9,0.9,2.789789030569297,59.170337502104445,-59.170337502104445,603.481346708446,126.80720528531852,727.7951512758847,-729.0418516348246,0.0,0.0,59.170337502104445,727.7951512758847,0.0,190.73,34.82,11.6,0.9,9.19,0.0,0.0,0.0,main_seed4,4,d1c1eb972d85b5605cb5db7c2c6bc30520ef1b725ec02f3d139c77d64d6a78a6,1500,pre_fed,PPO-MADRL,deterministic,8f19fff79eb25474377fee50a8c558766b108398bca878b34362ff01b9420ae8
1,12,11,350.0,30.2,42.68,20.7,10.35,1.6840403079986572,-1.4246172904968262,193.3383889913703,-44.527910381418195,193.3383889913703,-0.18947368421052882,0.9,0.9,5.320578306143195,89.2916629989835,-89.2916629989835,1471.6714195586433,111.40639664265923,1848.3374240789583,-1715.7076201401305,0.0,0.0,89.2916629989835,1848.3374240789583,0.0,320.0,27.17,36.64,0.9,12.3,0.0,0.0,0.0,main_seed4,4,d1c1eb972d85b5605cb5db7c2c6bc30520ef1b725ec02f3d139c77d64d6a78a6,1500,pre_fed,PPO-MADRL,deterministic,8f19fff79eb25474377fee50a8c558766b108398bca878b34362ff01b9420ae8
2,12,11,168.35,30.2,42.68,20.7,10.35,-0.8326300978660583,-0.752389669418335,44.53599958487483,-31.828621599373275,44.53599958487483,-0.18947368421052882,0.9,0.9,2.3445305180132863,53.46800461734897,-53.46800461734897,633.0387376106712,119.10680096398887,1106.7876955791237,-929.4666170768919,0.0,0.0,53.46800461734897,1106.7876955791237,0.0,173.55,27.17,36.64,0.9,12.3,0.0,0.0,0.0,main_seed4,4,d1c1eb972d85b5605cb5db7c2c6bc30520ef1b725ec02f3d139c77d64d6a78a6,1500,pre_fed,PPO-MADRL,deterministic,8f19fff79eb25474377fee50a8c558766b108398bca878b34362ff01b9420ae8
3,12,11,190.0,30.2,42.68,20.7,10.35,-0.24045906960964203,-1.5369428396224976,76.40706869506936,-45.58026099989125,76.40706869506936,-0.18947368421052882,0.9,0.9,2.981951900217177,43.884356889358344,-43.884356889358344,607.386450510797,126.80720528531852,908.4061876097177,-821.2999217029167,0.0,0.0,43.884356889358344,908.4061876097177,0.0,195.87,27.17,36.64,0.9,12.3,0.0,0.0,0.0,main_seed4,4,d1c1eb972d85b5605cb5db7c2c6bc30520ef1b725ec02f3d139c77d64d6a78a6,1500,pre_fed,PPO-MADRL,deterministic,8f19fff79eb25474377fee50a8c558766b108398bca878b34362ff01b9420ae8
1,13,12,345.2,23.52,35.22,26.82,13.41,1.7647030353546143,-1.5002241134643555,194.30259592324558,-45.25943721106585,194.30259592324558,-0.18947368421052882,0.9,0.9,5.057062444780701,97.40394020574564,-97.40394020574564,1480.214188819312,111.40639664265923,2612.373676318098,-2101.997130890035,0.0,0.0,97.40394020574564,2612.373676318098,0.0,350.0,30.2,42.68,0.9,20.7,0.0,0.0,0.0,main_seed4,4,d1c1eb972d85b5605cb5db7c2c6bc30520ef1b725ec02f3d139c77d64d6a78a6,1500,pre_fed,PPO-MADRL,deterministic,8f19fff79eb25474377fee50a8c558766b108398bca878b34362ff01b9420ae8
2,13,12,168.35,23.52,35.22,26.82,13.41,-0.8784803152084351,-0.7912980914115906,41.207994287081924,-32.957188658704474,41.207994287081924,-0.18947368421052882,0.9,0.9,1.995170412057428,70.58664980918603,-70.58664980918603,611.9669583786731,119.10680096398887,1893.1339478823693,-1312.1038536125156,0.0,0.0,70.58664980918603,1893.1339478823693,0.0,168.35,30.2,42.68,0.9,20.7,0.0,0.0,0.0,main_seed4,4,d1c1eb972d85b5605cb5db7c2c6bc30520ef1b725ec02f3d139c77d64d6a78a6,1500,pre_fed,PPO-MADRL,deterministic,8f19fff79eb25474377fee50a8c558766b108398bca878b34362ff01b9420ae8
3,13,12,190.0,23.52,35.22,26.82,13.41,-0.24971675872802734,-1.6282399892807007,75.53476070620181,-46.290526472384606,75.53476070620181,-0.18947368421052882,0.9,0.9,2.6817057404398255,58.596418718448575,-58.596418718448575,601.0592104149925,126.80720528531852,1571.555950028791,-1149.7111828645511,0.0,0.0,58.596418718448575,1571.555950028791,0.0,190.0,30.2,42.68,0.9,20.7,0.0,0.0,0.0,main_seed4,4,d1c1eb972d85b5605cb5db7c2c6bc30520ef1b725ec02f3d139c77d64d6a78a6,1500,pre_fed,PPO-MADRL,deterministic,8f19fff79eb25474377fee50a8c558766b108398bca878b34362ff01b9420ae8
1,14,13,320.6,39.48,35.46,27.35,13.68,1.778896689414978,-1.510622501373291,194.45763693661132,-45.35247293433774,194.45763693661132,-0.18947368421052882,0.9,0.9,5.384163265048016,56.77600001264727,-56.77600001264727,1481.5892410374813,111.40639664265923,1552.823600345903,-1572.9096190130217,0.0,0.0,56.77600001264727,1552.823600345903,0.0,345.2,23.52,35.22,0.9,26.82,0.0,0.0,0.0,main_seed4,4,d1c1eb972d85b5605cb5db7c2c6bc30520ef1b725ec02f3d139c77d64d6a78a6,1500,pre_fed,PPO-MADRL,deterministic,8f19fff79eb25474377fee50a8c558766b108398bca878b34362ff01b9420ae8
2,14,13,165.75,39.48,35.46,27.35,13.68,-0.884598433971405,-0.7961001396179199,40.779825710907666,-33.09254417832217,40.779825710907666,-0.18947368421052882,0.9,0.9,2.3106070405339425,52.53025501383681,-52.53025501383681,609.2681658440467,119.10680096398887,1436.7024746284367,-1082.5387207182362,0.0,0.0,52.53025501383681,1436.7024746284367,0.0,168.35,23.52,35.22,0.9,26.82,0.0,0.0,0.0,main_seed4,4,d1c1eb972d85b5605cb5db7c2c6bc30520ef1b725ec02f3d139c77d64d6a78a6,1500,pre_fed,PPO-MADRL,deterministic,8f19fff79eb25474377fee50a8c558766b108398bca878b34362ff01b9420ae8
3,14,13,187.07,39.48,35.46,27.35,13.68,-0.24766114354133606,-1.647436499595642,75.72811535051396,-46.42525050340305,75.72811535051396,-0.18947368421052882,0.9,0.9,3.009572833326069,39.60093116702262,-39.60093116702262,602.4604510046231,126.80720528531852,1083.0854674180687,-906.1765618540052,0.0,0.0,39.60093116702262,1083.0854674180687,0.0,190.0,23.52,35.22,0.9,26.82,0.0,0.0,0.0,main_seed4,4,d1c1eb972d85b5605cb5db7c2c6bc30520ef1b725ec02f3d139c77d64d6a78a6,1500,pre_fed,PPO-MADRL,deterministic,8f19fff79eb25474377fee50a8c558766b108398bca878b34362ff01b9420ae8
1,15,14,333.2,35.74,34.83,13.81,6.91,1.7964024543762207,-1.5314650535583496,194.64321851600985,-45.53374850354033,194.64321851600985,-0.18947368421052882,0.9,0.9,5.300474896635986,73.47673006483666,-73.47673006483666,1483.2356682771726,111.40639664265923,1014.7136421953943,-1304.6778535576132,0.0,0.0,73.47673006483666,1014.7136421953943,0.0,320.6,39.48,35.46,0.9,27.35,0.0,0.0,0.0,main_seed4,4,d1c1eb972d85b5605cb5db7c2c6bc30520ef1b725ec02f3d139c77d64d6a78a6,1500,pre_fed,PPO-MADRL,deterministic,8f19fff79eb25474377fee50a8c558766b108398bca878b34362ff01b9420ae8
2,15,14,170.3,35.74,34.83,13.81,6.91,-0.9066964387893677,-0.8147943019866943,39.26399835498891,-33.611327385125676,39.26399835498891,-0.18947368421052882,0.9,0.9,2.1928904934155677,62.84836582263719,-62.84836582263719,599.7361385641733,119.10680096398887,867.9359320106197,-793.389435769391,0.0,0.0,62.84836582263719,867.9359320106197,0.0,165.75,39.48,35.46,0.9,27.35,0.0,0.0,0.0,main_seed4,4,d1c1eb972d85b5605cb5db7c2c6bc30520ef1b725ec02f3d139c77d64d6a78a6,1500,pre_fed,PPO-MADRL,deterministic,8f19fff79eb25474377fee50a8c558766b108398bca878b34362ff01b9420ae8
3,15,14,192.2,35.74,34.83,13.81,6.91,-0.26341596245765686,-1.7206264734268188,74.25121877236909,-46.89692114391304,74.25121877236909,-0.18947368421052882,0.9,0.9,2.8926349017631714,50.46088981360458,-50.46088981360458,591.7753942146953,126.80720528531852,696.8648883258793,-707.7237439129466,0.0,0.0,50.46088981360458,696.8648883258793,0.0,187.07,39.48,35.46,0.9,27.35,0.0,0.0,0.0,main_seed4,4,d1c1eb972d85b5605cb5db7c2c6bc30520ef1b725ec02f3d139c77d64d6a78a6,1500,pre_fed,PPO-MADRL,deterministic,8f19fff79eb25474377fee50a8c558766b108398bca878b34362ff01b9420ae8
1,16,15,316.8,18.06,23.62,17.31,8.66,1.7179011106491089,-1.4616583585739136,193.76098001491877,-44.89871026046306,193.76098001491877,-0.18947368421052882,0.9,0.9,4.705030126614165,86.25352379590592,-86.25352379590592,1475.4136764337036,111.40639664265923,1493.0484969071313,-1539.934284991747,0.0,0.0,86.25352379590592,1493.0484969071313,0.0,333.2,35.74,34.83,0.9,13.81,0.0,0.0,0.0,main_seed4,4,d1c1eb972d85b5605cb5db7c2c6bc30520ef1b725ec02f3d139c77d64d6a78a6,1500,pre_fed,PPO-MADRL,deterministic,8f19fff79eb25474377fee50a8c558766b108398bca878b34362ff01b9420ae8
2,16,15,172.25,18.06,23.62,17.31,8.66,-0.8496004343032837,-0.7666845917701721,43.27950621631344,-32.249873128393595,43.27950621631344,-0.18947368421052882,0.9,0.9,1.6954006506420585,89.17536811853914,-89.17536811853914,625.0632743119525,119.10680096398887,1543.6256221319125,-1143.897848703927,0.0,0.0,89.17536811853914,1543.6256221319125,0.0,170.3,35.74,34.83,0.9,13.81,0.0,0.0,0.0,main_seed4,4,d1c1eb972d85b5605cb5db7c2c6bc30520ef1b725ec02f3d139c77d64d6a78a6,1500,pre_fed,PPO-MADRL,deterministic,8f19fff79eb25474377fee50a8c558766b108398bca878b34362ff01b9420ae8
3,16,15,194.4,18.06,23.62,17.31,8.66,-0.25094175338745117,-1.5939290523529053,75.41962798310364,-46.03747908391354,75.41962798310364,-0.18947368421052882,0.9,0.9,2.3382030859778626,79.82804878708475,-79.82804878708475,600.2251812903747,126.80720528531852,1381.823524504437,-1054.427955540065,0.0,0.0,79.82804878708475,1381.823524504437,0.0,192.2,35.74,34.83,0.9,13.81,0.0,0.0,0.0,main_seed4,4,d1c1eb972d85b5605cb5db7c2c6bc30520ef1b725ec02f3d139c77d64d6a78a6,1500,pre_fed,PPO-MADRL,deterministic,8f19fff79eb25474377fee50a8c558766b108398bca878b34362ff01b9420ae8
1,17,16,291.3,24.27,14.18,16.42,8.21,1.6899687051773071,-1.427406668663025,193.41432242972627,-44.55669576582101,193.41432242972627,-0.18947368421052882,0.9,0.9,4.633496974910315,64.25864822939457,-64.25864822939457,1472.34363527773,111.40639664265923,1055.127003926659,-1319.4385179235242,0.0,0.0,64.25864822939457,1055.127003926659,0.0,316.8,18.06,23.62,0.9,17.31,0.0,0.0,0.0,main_seed4,4,d1c1eb972d85b5605cb5db7c2c6bc30520ef1b725ec02f3d139c77d64d6a78a6,1500,pre_fed,PPO-MADRL,deterministic,8f19fff79eb25474377fee50a8c558766b108398bca878b34362ff01b9420ae8
2,17,16,165.75,24.27,14.18,16.42,8.21,-0.8281652927398682,-0.7481050491333008,44.87145246187229,-31.700854533296646,44.87145246187229,-0.18947368421052882,0.9,0.9,1.6626395755532355,84.28066079789146,-84.28066079789146,635.1720490533239,119.10680096398887,1383.8884503013778,-1069.0836501593453,0.0,0.0,84.28066079789146,1383.8884503013778,0.0,172.25,18.06,23.62,0.9,17.31,0.0,0.0,0.0,main_seed4,4,d1c1eb972d85b5605cb5db7c2c6bc30520ef1b725ec02f3d139c77d64d6a78a6,1500,pre_fed,PPO-MADRL,deterministic,8f19fff79eb25474377fee50a8c558766b108398bca878b34362ff01b9420ae8
3,17,16,187.07,24.27,14.18,16.42,8.21,-0.23512624204158783,-1.537989854812622,76.91129715073428,-45.58909857940651,76.91129715073428,-0.18947368421052882,0.9,0.9,2.3034364693304754,74.20161300280671,-74.20161300280671,611.0504389251473,126.80720528531852,1218.3904855060864,-978.1240648582761,0.0,0.0,74.20161300280671,1218.3904855060864,0.0,194.4,18.06,23.62,0.9,17.31,0.0,0.0,0.0,main_seed4,4,d1c1eb972d85b5605cb5db7c2c6bc30520ef1b725ec02f3d139c77d64d6a78a6,1500,pre_fed,PPO-MADRL,deterministic,8f19fff79eb25474377fee50a8c558766b108398bca878b34362ff01b9420ae8
1,18,17,413.8,26.26,4.67,9.83,4.92,1.6737446784973145,-1.4154627323150635,193.20450506771155,-44.4324279252344,193.20450506771155,-0.18947368421052882,0.9,0.9,4.47890062767002,194.33386924416902,-194.33386924416902,1470.486413292831,111.40639664265923,1910.3019346701815,-1746.097372302836,0.0,0.0,194.33386924416902,1910.3019346701815,0.0,291.3,24.27,14.18,0.9,16.42,0.0,0.0,0.0,main_seed4,4,d1c1eb972d85b5605cb5db7c2c6bc30520ef1b725ec02f3d139c77d64d6a78a6,1500,pre_fed,PPO-MADRL,deterministic,8f19fff79eb25474377fee50a8c558766b108398bca878b34362ff01b9420ae8
2,18,17,164.25,26.26,4.67,9.83,4.92,-0.8208470940589905,-0.741468608379364,45.42570646015086,-31.50158200861825,45.42570646015086,-0.18947368421052882,0.9,0.9,1.523324655518807,89.60709187957846,-89.60709187957846,638.7005732299257,119.10680096398887,880.8377131762563,-819.3225436850855,0.0,0.0,89.60709187957846,880.8377131762563,0.0,165.75,24.27,14.18,0.9,16.42,0.0,0.0,0.0,main_seed4,4,d1c1eb972d85b5605cb5db7c2c6bc30520ef1b725ec02f3d139c77d64d6a78a6,1500,pre_fed,PPO-MADRL,deterministic,8f19fff79eb25474377fee50a8c558766b108398bca878b34362ff01b9420ae8
3,18,17,185.6,26.26,4.67,9.83,4.92,-0.24061211943626404,-1.5550615787506104,76.3926161501378,-45.73083893936506,76.3926161501378,-0.18947368421052882,0.9,0.9,2.142662849318546,80.60952038339126,-80.60952038339126,607.2815019537924,126.80720528531852,792.3915853687361,-763.2401463039234,0.0,0.0,80.60952038339126,792.3915853687361,0.0,187.07,24.27,14.18,0.9,16.42,0.0,0.0,0.0,main_seed4,4,d1c1eb972d85b5605cb5db7c2c6bc30520ef1b725ec02f3d139c77d64d6a78a6,1500,pre_fed,PPO-MADRL,deterministic,8f19fff79eb25474377fee50a8c558766b108398bca878b34362ff01b9420ae8
1,19,18,539.8,26.77,0.18,8.63,4.32,1.6819665431976318,-1.4444003105163574,193.311628278216,-44.72900267330035,193.311628278216,-0.18947368421052882,0.9,0.9,4.40144309188011,324.12928849787454,-324.12928849787454,1471.4345373347544,111.40639664265923,2797.2357597366577,-2190.038346857036,0.0,0.0,324.12928849787454,2797.2357597366577,0.0,413.8,26.26,4.67,0.9,9.83,0.0,0.0,0.0,main_seed4,4,d1c1eb972d85b5605cb5db7c2c6bc30520ef1b725ec02f3d139c77d64d6a78a6,1500,pre_fed,PPO-MADRL,deterministic,8f19fff79eb25474377fee50a8c558766b108398bca878b34362ff01b9420ae8
2,19,18,162.5,26.77,0.18,8.63,4.32,-0.7766131162643433,-0.7034720182418823,48.893820723917514,-30.328349047946094,48.893820723917514,-0.18947368421052882,0.9,0.9,1.5130869407941399,88.35873990108715,-88.35873990108715,660.8855050697191,119.10680096398887,762.5359253463821,-771.2641156900451,0.0,0.0,88.35873990108715,762.5359253463821,0.0,164.25,26.26,4.67,0.9,9.83,0.0,0.0,0.0,main_seed4,4,d1c1eb972d85b5605cb5db7c2c6bc30520ef1b725ec02f3d139c77d64d6a78a6,1500,pre_fed,PPO-MADRL,deterministic,8f19fff79eb25474377fee50a8c558766b108398bca878b34362ff01b9420ae8
3,19,18,183.4,26.77,0.18,8.63,4.32,-0.23608344793319702,-1.4912712574005127,76.82069936358698,-45.177919554469035,76.82069936358698,-0.18947368421052882,0.9,0.9,2.0716245135875293,81.89039883421107,-81.89039883421107,610.3917518841912,126.80720528531852,706.7141419392416,-721.9565495543757,0.0,0.0,81.89039883421107,706.7141419392416,0.0,185.6,26.26,4.67,0.9,9.83,0.0,0.0,0.0,main_seed4,4,d1c1eb972d85b5605cb5db7c2c6bc30520ef1b725ec02f3d139c77d64d6a78a6,1500,pre_fed,PPO-MADRL,deterministic,8f19fff79eb25474377fee50a8c558766b108398bca878b34362ff01b9420ae8
1,20,19,557.2,26.22,0.0,8.87,4.44,1.7284859418869019,-1.5030019283294678,193.8876756623097,-45.28446252037023,193.8876756623097,-0.18947368421052882,0.9,0.9,4.398364039561984,341.68016206146285,-341.68016206146285,1476.5361940556488,111.40639664265923,3030.703037485175,-2309.3228140917417,0.0,0.0,341.68016206146285,3030.703037485175,0.0,539.8,26.77,0.18,0.9,8.63,0.0,0.0,0.0,main_seed4,4,d1c1eb972d85b5605cb5db7c2c6bc30520ef1b725ec02f3d139c77d64d6a78a6,1500,pre_fed,PPO-MADRL,deterministic,8f19fff79eb25474377fee50a8c558766b108398bca878b34362ff01b9420ae8
2,20,19,165.75,26.22,0.0,8.87,4.44,-0.7634254693984985,-0.6920202970504761,49.967371528587535,-29.963915345049646,49.967371528587535,-0.18947368421052882,0.9,0.9,1.51995795688754,91.27206011251053,-91.27206011251053,667.789880735194,119.10680096398887,809.5831731979683,-798.2399274485756,0.0,0.0,91.27206011251053,809.5831731979683,0.0,162.5,26.77,0.18,0.9,8.63,0.0,0.0,0.0,main_seed4,4,d1c1eb972d85b5605cb5db7c2c6bc30520ef1b725ec02f3d139c77d64d6a78a6,1500,pre_fed,PPO-MADRL,deterministic,8f19fff79eb25474377fee50a8c558766b108398bca878b34362ff01b9420ae8
3,20,19,187.07,26.22,0.0,8.87,4.44,-0.23487511277198792,-1.476400375366211,76.93507271525979,-45.03956929315847,76.93507271525979,-0.18947368421052882,0.9,0.9,2.0593119806209854,86.16371294957172,-86.16371294957172,611.2233239058313,126.80720528531852,764.272133862701,-751.1513315269254,0.0,0.0,86.16371294957172,764.272133862701,0.0,183.4,26.77,0.18,0.9,8.63,0.0,0.0,0.0,main_seed4,4,d1c1eb972d85b5605cb5db7c2c6bc30520ef1b725ec02f3d139c77d64d6a78a6,1500,pre_fed,PPO-MADRL,deterministic,8f19fff79eb25474377fee50a8c558766b108398bca878b34362ff01b9420ae8
1,21,20,557.1,32.84,0.0,8.35,4.18,1.7364505529403687,-1.5117573738098145,193.98136206697785,-45.36252103366508,193.98136206697785,-0.18947368421052882,0.9,0.9,4.532637767655347,335.0007493848881,-335.0007493848881,1477.3664185409289,111.40639664265923,2797.256257363815,-2193.0145362737017,0.0,0.0,335.0007493848881,2797.256257363815,0.0,557.2,26.22,0.0,0.9,8.87,0.0,0.0,0.0,main_seed4,4,d1c1eb972d85b5605cb5db7c2c6bc30520ef1b725ec02f3d139c77d64d6a78a6,1500,pre_fed,PPO-MADRL,deterministic,8f19fff79eb25474377fee50a8c558766b108398bca878b34362ff01b9420ae8
2,21,20,169.0,32.84,0.0,8.35,4.18,-0.7642986178398132,-0.6928256154060364,49.89572550529948,-29.989707929686954,49.89572550529948,-0.18947368421052882,0.9,0.9,1.6509250364217791,88.10467321533282,-88.10467321533282,667.3285548902224,119.10680096398887,735.6740213480291,-761.0546886011202,0.0,0.0,88.10467321533282,735.6740213480291,0.0,165.75,26.22,0.0,0.9,8.87,0.0,0.0,0.0,main_seed4,4,d1c1eb972d85b5605cb5db7c2c6bc30520ef1b725ec02f3d139c77d64d6a78a6,1500,pre_fed,PPO-MADRL,deterministic,8f19fff79eb25474377fee50a8c558766b108398bca878b34362ff01b9420ae8
3,21,20,190.73,32.84,0.0,8.35,4.18,-0.23501455783843994,-1.4789265394210815,76.92187046834584,-45.06333371961112,76.92187046834584,-0.18947368421052882,0.9,0.9,2.1914479356827066,83.34905115154737,-83.34905115154737,611.1273219064046,126.80720528531852,695.9645771154205,-716.9495521535719,0.0,0.0,83.34905115154737,695.9645771154205,0.0,187.07,26.22,0.0,0.9,8.87,0.0,0.0,0.0,main_seed4,4,d1c1eb972d85b5605cb5db7c2c6bc30520ef1b725ec02f3d139c77d64d6a78a6,1500,pre_fed,PPO-MADRL,deterministic,8f19fff79eb25474377fee50a8c558766b108398bca878b34362ff01b9420ae8
1,22,21,535.0,36.02,0.0,16.44,8.22,1.744822382926941,-1.5220879316329956,194.0783382121082,-45.45304148548447,194.0783382121082,-0.18947368421052882,0.9,0.9,4.598177290557954,309.6893127626603,-309.6893127626603,1478.225945614964,111.40639664265923,5091.2923018181355,-3340.4623220378794,0.0,0.0,309.6893127626603,5091.2923018181355,0.0,557.1,32.84,0.0,0.9,8.35,0.0,0.0,0.0,main_seed4,4,d1c1eb972d85b5605cb5db7c2c6bc30520ef1b725ec02f3d139c77d64d6a78a6,1500,pre_fed,PPO-MADRL,deterministic,8f19fff79eb25474377fee50a8c558766b108398bca878b34362ff01b9420ae8
2,22,21,161.2,36.02,0.0,16.44,8.22,-0.7723791599273682,-0.6997904181480408,49.23649343945871,-30.211736518401437,49.23649343945871,-0.18947368421052882,0.9,0.9,1.701340395104964,77.83432063985676,-77.83432063985676,663.0874481113508,119.10680096398887,1279.5962313192451,-1030.8952401972924,0.0,0.0,77.83432063985676,1279.5962313192451,0.0,169.0,32.84,0.0,0.9,8.35,0.0,0.0,0.0,main_seed4,4,d1c1eb972d85b5605cb5db7c2c6bc30520ef1b725ec02f3d139c77d64d6a78a6,1500,pre_fed,PPO-MADRL,deterministic,8f19fff79eb25474377fee50a8c558766b108398bca878b34362ff01b9420ae8
3,22,21,181.93,36.02,0.0,16.44,8.22,-0.2427455484867096,-1.512756586074829,76.19126474354736,-45.37135089246823,76.19126474354736,-0.18947368421052882,0.9,0.9,2.2404358211867366,72.14864476184991,-72.14864476184991,605.8197819806128,126.80720528531852,1186.1237198848125,-959.375353575372,0.0,0.0,72.14864476184991,1186.1237198848125,0.0,190.73,32.84,0.0,0.9,8.35,0.0,0.0,0.0,main_seed4,4,d1c1eb972d85b5605cb5db7c2c6bc30520ef1b725ec02f3d139c77d64d6a78a6,1500,pre_fed,PPO-MADRL,deterministic,8f19fff79eb25474377fee50a8c558766b108398bca878b34362ff01b9420ae8
1,23,22,437.8,37.23,0.0,16.19,8.1,1.7936201095581055,-1.561877965927124,194.61413156682417,-45.78620872137094,194.61413156682417,-0.18947368421052882,0.9,0.9,4.633093157652273,210.77843527503865,-210.77843527503865,1482.9775802268582,111.40639664265923,3412.502867102876,-2503.443421986197,0.0,0.0,210.77843527503865,3412.502867102876,0.0,535.0,36.02,0.0,0.9,16.44,0.0,0.0,0.0,main_seed4,4,d1c1eb972d85b5605cb5db7c2c6bc30520ef1b725ec02f3d139c77d64d6a78a6,1500,pre_fed,PPO-MADRL,deterministic,8f19fff79eb25474377fee50a8c558766b108398bca878b34362ff01b9420ae8
2,23,22,148.0,37.23,0.0,16.19,8.1,-0.8183387517929077,-0.7387203574180603,45.61694546499063,-31.41857045491814,45.61694546499063,-0.18947368421052882,0.9,0.9,1.653149435615602,66.9956776548355,-66.9956776548355,639.9191336641718,119.10680096398887,1084.660021231787,-921.8429779299738,0.0,0.0,66.9956776548355,1084.660021231787,0.0,161.2,36.02,0.0,0.9,16.44,0.0,0.0,0.0,main_seed4,4,d1c1eb972d85b5605cb5db7c2c6bc30520ef1b725ec02f3d139c77d64d6a78a6,1500,pre_fed,PPO-MADRL,deterministic,8f19fff79eb25474377fee50a8c558766b108398bca878b34362ff01b9420ae8
3,23,22,161.39,37.23,0.0,16.19,8.1,-0.2525012791156769,-1.6058646440505981,75.27315424947855,-46.12732930360512,75.27315424947855,-0.18947368421052882,0.9,0.9,2.2462736113053605,51.322593046037326,-51.322593046037326,599.1644798207953,126.80720528531852,830.9127814153444,-778.4422332607292,0.0,0.0,51.322593046037326,830.9127814153444,0.0,181.93,36.02,0.0,0.9,16.44,0.0,0.0,0.0,main_seed4,4,d1c1eb972d85b5605cb5db7c2c6bc30520ef1b725ec02f3d139c77d64d6a78a6,1500,pre_fed,PPO-MADRL,deterministic,8f19fff79eb25474377fee50a8c558766b108398bca878b34362ff01b9420ae8
1,24,23,447.3,44.12,0.0,8.87,4.44,1.7553447484970093,-1.517796516418457,194.1980784516346,-45.41564453551469,194.1980784516346,-0.18947368421052882,0.9,0.9,4.762572095348482,213.93396732792442,-213.93396732792442,1479.2874475052383,111.40639664265923,1897.5942901986894,-1744.1440671732935,0.0,0.0,213.93396732792442,1897.5942901986894,0.0,437.8,37.23,0.0,0.9,16.19,0.0,0.0,0.0,main_seed4,4,d1c1eb972d85b5605cb5db7c2c6bc30520ef1b725ec02f3d139c77d64d6a78a6,1500,pre_fed,PPO-MADRL,deterministic,8f19fff79eb25474377fee50a8c558766b108398bca878b34362ff01b9420ae8
2,24,23,119.6,44.12,0.0,8.87,4.44,-0.8164982199668884,-0.7368744015693665,45.757681863319185,-31.362651704559664,45.757681863319185,-0.18947368421052882,0.9,0.9,1.793764163582173,31.705555984473506,-31.705555984473506,640.816250399889,119.10680096398887,281.22828158228,-520.575666473079,0.0,0.0,31.705555984473506,281.22828158228,0.0,148.0,37.23,0.0,0.9,16.19,0.0,0.0,0.0,main_seed4,4,d1c1eb972d85b5605cb5db7c2c6bc30520ef1b725ec02f3d139c77d64d6a78a6,1500,pre_fed,PPO-MADRL,deterministic,8f19fff79eb25474377fee50a8c558766b108398bca878b34362ff01b9420ae8
3,24,23,134.98,44.12,0.0,8.87,4.44,-0.2508382201194763,-1.5944485664367676,75.42935601492779,-46.041431220174786,75.42935601492779,-0.18947368421052882,0.9,0.9,2.387197646614345,18.007315315897074,-18.007315315897074,600.2956420605842,126.80720528531852,159.72488685200705,-443.41386709895494,0.0,0.0,18.007315315897074,159.72488685200705,0.0,161.39,37.23,0.0,0.9,16.19,0.0,0.0,0.0,main_seed4,4,d1c1eb972d85b5605cb5db7c2c6bc30520ef1b725ec02f3d139c77d64d6a78a6,1500,pre_fed,PPO-MADRL,deterministic,8f19fff79eb25474377fee50a8c558766b108398bca878b34362ff01b9420ae8
1,1,0,457.7,51.48,0.0,8.65,4.33,0.21646100282669067,-0.2178463339805603,121.31424002276934,-10.723220251446541,121.31424002276934,-10.723220251446541,0.5,0.6008705923887422,3.2414203954264558,298.87040062410364,-298.87040062410364,876.1263260718875,445.30537735410013,2585.2289653984967,-1953.3303344122423,20.39100306912701,0.0,278.47939755497663,2497.139832139868,0.0,447.3,44.12,0.0,0.5,8.87,0.0,0.0,0.0,main_seed4,4,d1c1eb972d85b5605cb5db7c2c6bc30520ef1b725ec02f3d139c77d64d6a78a6,1500,pre_fed,A2C-MADRL,deterministic,7979695e8713663dd73b5f80fcf7f5b65acbdc62b6378530ba9317197c22a912
2,1,0,110.5,51.48,0.0,8.65,4.33,-0.34819740056991577,-0.22468872368335724,93.1313686588678,-11.049120629146353,93.1313686588678,-11.049120629146353,0.5,0.6039666459768903,2.671244960594429,-20.39100306912701,20.39100306912701,959.9044078772511,459.3453137001938,176.38217654794863,-797.8159490626967,0.0,20.39100306912701,0.0,-88.29304328931995,0.0,119.6,44.12,0.0,0.5,8.87,20.39100306912701,0.0,0.0,main_seed4,4,d1c1eb972d85b5605cb5db7c2c6bc30520ef1b725ec02f3d139c77d64d6a78a6,1500,pre_fed,A2C-MADRL,deterministic,7979695e8713663dd73b5f80fcf7f5b65acbdc62b6378530ba9317197c22a912
3,1,0,124.71,51.48,0.0,8.65,4.33,-0.17385131120681763,-0.549607515335083,82.7879279600897,-25.01129970949408,82.7879279600897,-25.01129970949408,0.5,0.7366073472401937,2.1851325650119127,17.63850431441628,-17.63850431441628,654.1093510994087,368.16559337900264,152.57306231970082,-587.4240033990561,0.0,0.0,17.63850431441628,152.57306231970082,0.0,134.98,44.12,0.0,0.5,8.87,0.0,0.0,0.0,main_seed4,4,d1c1eb972d85b5605cb5db7c2c6bc30520ef1b725ec02f3d139c77d64d6a78a6,1500,pre_fed,A2C-MADRL,deterministic,7979695e8713663dd73b5f80fcf7f5b65acbdc62b6378530ba9317197c22a912
1,2,1,336.5,38.37,0.0,8.11,4.06,0.22853714227676392,-0.2270561158657074,122.46397720847186,-11.161650787702584,122.46397720847186,-11.161650787702584,0.6008705923887422,0.7057045336871393,2.9934465284153853,189.82112010764612,-189.82112010764612,884.9730979135677,332.13941491721346,1539.44928407301,-1378.2808984518956,4.073208941929664,0.0,185.74791116571646,1522.9527878581948,0.0,457.7,51.48,0.0,0.6008705923887422,8.65,0.0,0.0,0.0,main_seed4,4,d1c1eb972d85b5605cb5db7c2c6bc30520ef1b725ec02f3d139c77d64d6a78a6,1500,pre_fed,A2C-MADRL,deterministic,7979695e8713663dd73b5f80fcf7f5b65acbdc62b6378530ba9317197c22a912
2,2,1,109.85,38.37,0.0,8.11,4.06,-0.37559786438941956,-0.2422047108411789,89.75702773801441,-11.878855348290273,89.75702773801441,-11.878855348290273,0.6039666459768903,0.7156078384936941,2.324963447794483,-4.073208941929664,4.073208941929664,936.0479801674783,336.8648492824771,33.03372451904958,-652.9732769845025,0.0,4.073208941929664,0.0,-16.537228304234436,0.0,110.5,51.48,0.0,0.6039666459768903,8.65,4.073208941929664,0.0,0.0,main_seed4,4,d1c1eb972d85b5605cb5db7c2c6bc30520ef1b725ec02f3d139c77d64d6a78a6,1500,pre_fed,A2C-MADRL,deterministic,7979695e8713663dd73b5f80fcf7f5b65acbdc62b6378530ba9317197c22a912
3,2,1,123.98,38.37,0.0,8.11,4.06,-0.19766972959041595,-0.6296138763427734,80.48651962435558,-27.889314106045415,80.48651962435558,-17.354301837293335,0.7366073472401937,0.9,2.0300443557412446,24.507826568679008,-24.507826568679008,637.1684375093027,173.65867348277825,198.75847347198675,-504.7927922320339,0.0,0.0,24.507826568679008,198.75847347198675,0.0,124.71,51.48,0.0,0.7366073472401937,8.65,0.0,0.0,0.0,main_seed4,4,d1c1eb972d85b5605cb5db7c2c6bc30520ef1b725ec02f3d139c77d64d6a78a6,1500,pre_fed,A2C-MADRL,deterministic,7979695e8713663dd73b5f80fcf7f5b65acbdc62b6378530ba9317197c22a912
1,3,2,274.9,43.56,0.0,8.25,4.13,0.20778289437294006,-0.1943770945072174,120.48433933707803,-9.598275972549052,120.48433933707803,-9.598275972549052,0.7057045336871393,0.795476746358981,3.08892126729058,123.54285790276157,-123.54285790276157,869.7538768145728,235.64454967854644,1019.228577697783,-1062.313502095451,5.734237416667824,0.0,117.80862048609374,995.6035195411115,0.0,336.5,38.37,0.0,0.7057045336871393,8.11,0.0,0.0,0.0,main_seed4,4,d1c1eb972d85b5605cb5db7c2c6bc30520ef1b725ec02f3d139c77d64d6a78a6,1500,pre_fed,A2C-MADRL,deterministic,7979695e8713663dd73b5f80fcf7f5b65acbdc62b6378530ba9317197c22a912
2,3,2,112.45,43.56,0.0,8.25,4.13,-0.3814796209335327,-0.24488012492656708,89.04115580017346,-12.004995170920564,89.04115580017346,-12.004995170920564,0.7156078384936941,0.8282240769404521,2.411923212585058,-5.734237416667824,5.734237416667824,931.009053384339,220.20400881281859,47.30745868750955,-599.2602604423336,0.0,5.734237416667824,0.0,-23.682400530838112,0.0,109.85,38.37,0.0,0.7156078384936941,8.11,5.734237416667824,0.0,0.0,main_seed4,4,d1c1eb972d85b5605cb5db7c2c6bc30520ef1b725ec02f3d139c77d64d6a78a6,1500,pre_fed,A2C-MADRL,deterministic,7979695e8713663dd73b5f80fcf7f5b65acbdc62b6378530ba9317197c22a912
3,3,2,126.91,43.56,0.0,8.25,4.13,-0.19786235690116882,-0.6362608671188354,80.46799106837395,-28.11741216056327,80.46799106837395,-0.18947368421052882,0.9,0.9,2.4767703476832685,5.548252963519843,-5.548252963519843,637.0324551797618,126.80720528531852,45.77308694903871,-404.8063737070595,0.0,0.0,5.548252963519843,45.77308694903871,0.0,123.98,38.37,0.0,0.9,8.11,0.0,0.0,0.0,main_seed4,4,d1c1eb972d85b5605cb5db7c2c6bc30520ef1b725ec02f3d139c77d64d6a78a6,1500,pre_fed,A2C-MADRL,deterministic,7979695e8713663dd73b5f80fcf7f5b65acbdc62b6378530ba9317197c22a912
1,4,3,272.6,40.75,0.0,8.1,4.05,0.20707839727401733,-0.18775033950805664,120.41683602414439,-9.278746471775285,120.41683602414439,-9.278746471775285,0.795476746358981,0.8820338843481282,3.0377617910473824,123.7496722386783,-123.7496722386783,869.2360386824378,151.5611870956389,1002.3723451332942,-1011.5847854556854,5.707536469069822,0.0,118.04213576960848,979.2568224335614,0.0,274.9,43.56,0.0,0.795476746358981,8.25,0.0,0.0,0.0,main_seed4,4,d1c1eb972d85b5605cb5db7c2c6bc30520ef1b725ec02f3d139c77d64d6a78a6,1500,pre_fed,A2C-MADRL,deterministic,7979695e8713663dd73b5f80fcf7f5b65acbdc62b6378530ba9317197c22a912
2,4,3,110.5,40.75,0.0,8.1,4.05,-0.4104626178741455,-0.26335594058036804,85.5588421316137,-12.871588449090792,85.5588421316137,-7.729723285624088,0.8282240769404521,0.9,2.3715823769197923,-5.707536469069822,5.707536469069822,906.608620856024,139.0295286138143,46.23104539946556,-545.9345974346519,0.0,5.707536469069822,0.0,-23.11552269973278,0.0,112.45,43.56,0.0,0.8282240769404521,8.25,5.707536469069822,0.0,0.0,main_seed4,4,d1c1eb972d85b5605cb5db7c2c6bc30520ef1b725ec02f3d139c77d64d6a78a6,1500,pre_fed,A2C-MADRL,deterministic,7979695e8713663dd73b5f80fcf7f5b65acbdc62b6378530ba9317197c22a912
3,4,3,124.71,40.75,0.0,8.1,4.05,-0.2025146484375,-0.6498210430145264,80.02091985057137,-28.577474054491788,80.02091985057137,-0.18947368421052882,0.9,0.9,2.4116289233272172,6.5401827569663595,-6.5401827569663595,633.7533466622696,126.80720528531852,52.97548033142751,-406.76801613950784,0.0,0.0,6.5401827569663595,52.97548033142751,0.0,126.91,43.56,0.0,0.9,8.25,0.0,0.0,0.0,main_seed4,4,d1c1eb972d85b5605cb5db7c2c6bc30520ef1b725ec02f3d139c77d64d6a78a6,1500,pre_fed,A2C-MADRL,deterministic,7979695e8713663dd73b5f80fcf7f5b65acbdc62b6378530ba9317197c22a912
1,5,4,245.3,27.74,0.0,8.14,4.07,0.21005935966968536,-0.18648725748062134,120.70233160217695,-9.217753010575017,120.70233160217695,-2.0768614126913785,0.8820338843481282,0.9,2.927309403789711,101.86183921430415,-101.86183921430415,871.4266648834873,116.25606204962638,829.1553712044358,-908.4190490687747,0.0,0.0,101.86183921430415,829.1553712044358,0.0,272.6,40.75,0.0,0.8820338843481282,8.1,0.0,0.0,0.0,main_seed4,4,d1c1eb972d85b5605cb5db7c2c6bc30520ef1b725ec02f3d139c77d64d6a78a6,1500,pre_fed,A2C-MADRL,deterministic,7979695e8713663dd73b5f80fcf7f5b65acbdc62b6378530ba9317197c22a912
2,5,4,113.75,27.74,0.0,8.14,4.07,-0.41988512873649597,-0.2690078020095825,84.44328833783709,-13.135067603024291,84.44328833783709,-0.18947368421052882,0.9,0.9,2.2398762930725313,3.996061639445969,-3.996061639445969,898.8309617432485,119.10680096398887,32.52794174509019,-525.2328522261638,0.0,0.0,3.996061639445969,32.52794174509019,0.0,110.5,40.75,0.0,0.9,8.1,0.0,0.0,0.0,main_seed4,4,d1c1eb972d85b5605cb5db7c2c6bc30520ef1b725ec02f3d139c77d64d6a78a6,1500,pre_fed,A2C-MADRL,deterministic,7979695e8713663dd73b5f80fcf7f5b65acbdc62b6378530ba9317197c22a912
3,5,4,128.38,27.74,0.0,8.14,4.07,-0.19986683130264282,-0.6420993804931641,80.27526639804496,-28.316365077524374,80.27526639804496,-0.18947368421052882,0.9,0.9,2.1565158542766887,22.710723140442255,-22.710723140442255,635.6184225277735,126.80720528531852,184.86528636319997,-473.64545708814603,0.0,0.0,22.710723140442255,184.86528636319997,0.0,124.71,40.75,0.0,0.9,8.1,0.0,0.0,0.0,main_seed4,4,d1c1eb972d85b5605cb5db7c2c6bc30520ef1b725ec02f3d139c77d64d6a78a6,1500,pre_fed,A2C-MADRL,deterministic,7979695e8713663dd73b5f80fcf7f5b65acbdc62b6378530ba9317197c22a912
1,6,5,233.7,30.15,0.0,8.13,4.07,0.1987064927816391,-0.17073248326778412,119.61318874264167,-8.45463368734046,119.61318874264167,-0.18947368421052882,0.9,0.9,2.9914743011686227,87.11775924273746,-87.11775924273746,863.0766904694912,111.40639664265923,708.2673826434557,-841.375234877803,0.0,0.0,87.11775924273746,708.2673826434557,0.0,245.3,27.74,0.0,0.9,8.14,0.0,0.0,0.0,main_seed4,4,d1c1eb972d85b5605cb5db7c2c6bc30520ef1b725ec02f3d139c77d64d6a78a6,1500,pre_fed,A2C-MADRL,deterministic,7979695e8713663dd73b5f80fcf7f5b65acbdc62b6378530ba9317197c22a912
2,6,5,120.25,30.15,0.0,8.13,4.07,-0.4070326089859009,-0.2601030170917511,85.9669718836318,-12.71959427339813,85.9669718836318,-0.18947368421052882,0.9,0.9,2.3185499639884255,6.641051764567152,-6.641051764567152,909.4588342358213,119.10680096398887,53.99175084593095,-541.2786930228706,0.0,0.0,6.641051764567152,53.99175084593095,0.0,113.75,27.74,0.0,0.9,8.14,0.0,0.0,0.0,main_seed4,4,d1c1eb972d85b5605cb5db7c2c6bc30520ef1b725ec02f3d139c77d64d6a78a6,1500,pre_fed,A2C-MADRL,deterministic,7979695e8713663dd73b5f80fcf7f5b65acbdc62b6378530ba9317197c22a912
3,6,5,135.43,30.15,0.0,8.13,4.07,-0.18930256366729736,-0.6111966371536255,81.29267347901545,-27.248444699310404,81.29267347901545,-0.18947368421052882,0.9,0.9,2.2250639958960985,26.401864201091186,-26.401864201091186,643.0911711460551,126.80720528531852,214.64715595487135,-492.2727661931225,0.0,0.0,26.401864201091186,214.64715595487135,0.0,128.38,27.74,0.0,0.9,8.14,0.0,0.0,0.0,main_seed4,4,d1c1eb972d85b5605cb5db7c2c6bc30520ef1b725ec02f3d139c77d64d6a78a6,1500,pre_fed,A2C-MADRL,deterministic,7979695e8713663dd73b5f80fcf7f5b65acbdc62b6378530ba9317197c22a912
1,7,6,274.6,28.65,0.16,8.34,4.17,0.1982499361038208,-0.17015743255615234,119.56928541589251,-8.426700540758594,119.56928541589251,-0.18947368421052882,0.9,0.9,2.9637962346336395,129.37398450295169,-129.37398450295169,862.7405060993292,111.40639664265923,1078.979030754617,-1026.5629667483026,0.0,0.0,129.37398450295169,1078.979030754617,0.0,233.7,30.15,0.0,0.9,8.13,0.0,0.0,0.0,main_seed4,4,d1c1eb972d85b5605cb5db7c2c6bc30520ef1b725ec02f3d139c77d64d6a78a6,1500,pre_fed,A2C-MADRL,deterministic,7979695e8713663dd73b5f80fcf7f5b65acbdc62b6378530ba9317197c22a912
2,7,6,130.0,28.65,0.16,8.34,4.17,-0.4106806814670563,-0.2626330554485321,85.53293189418925,-12.837833236959654,85.53293189418925,-0.18947368421052882,0.9,0.9,2.283069164199574,18.129610954220865,-18.129610954220865,906.4277596909566,119.10680096398887,151.200955358202,-588.3677580065737,0.0,0.0,18.129610954220865,151.200955358202,0.0,120.25,30.15,0.0,0.9,8.13,0.0,0.0,0.0,main_seed4,4,d1c1eb972d85b5605cb5db7c2c6bc30520ef1b725ec02f3d139c77d64d6a78a6,1500,pre_fed,A2C-MADRL,deterministic,7979695e8713663dd73b5f80fcf7f5b65acbdc62b6378530ba9317197c22a912
3,7,6,146.72,28.65,0.16,8.34,4.17,-0.19205671548843384,-0.6191580295562744,81.0270343749924,-27.527076397551813,81.0270343749924,-0.18947368421052882,0.9,0.9,2.192951213815637,39.26539052303377,-39.26539052303377,641.1381825649647,126.80720528531852,327.47335696210166,-547.7093724061924,0.0,0.0,39.26539052303377,327.47335696210166,0.0,135.43,30.15,0.0,0.9,8.13,0.0,0.0,0.0,main_seed4,4,d1c1eb972d85b5605cb5db7c2c6bc30520ef1b725ec02f3d139c77d64d6a78a6,1500,pre_fed,A2C-MADRL,deterministic,7979695e8713663dd73b5f80fcf7f5b65acbdc62b6378530ba9317197c22a912
1,8,7,291.0,23.38,1.77,9.35,4.68,0.2047884464263916,-0.1782919317483902,120.19728427074293,-8.821323293366621,120.19728427074293,-0.18947368421052882,0.9,0.9,2.903156211730648,148.74534562519824,-148.74534562519824,867.55230191175,111.40639664265923,1390.7689815956035,-1184.8638400750065,0.0,0.0,148.74534562519824,1390.7689815956035,0.0,274.6,28.65,0.16,0.9,8.34,0.0,0.0,0.0,main_seed4,4,d1c1eb972d85b5605cb5db7c2c6bc30520ef1b725ec02f3d139c77d64d6a78a6,1500,pre_fed,A2C-MADRL,deterministic,7979695e8713663dd73b5f80fcf7f5b65acbdc62b6378530ba9317197c22a912
2,8,7,157.95,23.38,1.77,9.35,4.68,-0.4121929109096527,-0.2635911703109741,85.35337035746345,-12.882569823600337,85.35337035746345,-0.18947368421052882,0.9,0.9,2.206277933465058,49.842381260212136,-49.842381260212136,905.1746471488676,119.10680096398887,466.02626478298345,-745.1538564479199,0.0,0.0,49.842381260212136,466.02626478298345,0.0,130.0,28.65,0.16,0.9,8.34,0.0,0.0,0.0,main_seed4,4,d1c1eb972d85b5605cb5db7c2c6bc30520ef1b725ec02f3d139c77d64d6a78a6,1500,pre_fed,A2C-MADRL,deterministic,7979695e8713663dd73b5f80fcf7f5b65acbdc62b6378530ba9317197c22a912
3,8,7,178.26,23.38,1.77,9.35,4.68,-0.19211168587207794,-0.6191650629043579,81.02173527067292,-27.52732147503262,81.02173527067292,-0.18947368421052882,0.9,0.9,2.1196452317292476,74.39738364526686,-74.39738364526686,641.0992369921842,126.80720528531852,695.615537083245,-731.7609896803739,0.0,0.0,74.39738364526686,695.615537083245,0.0,146.72,28.65,0.16,0.9,8.34,0.0,0.0,0.0,main_seed4,4,d1c1eb972d85b5605cb5db7c2c6bc30520ef1b725ec02f3d139c77d64d6a78a6,1500,pre_fed,A2C-MADRL,deterministic,7979695e8713663dd73b5f80fcf7f5b65acbdc62b6378530ba9317197c22a912
1,9,8,315.7,21.75,5.3,12.0,6.0,0.207553893327713,-0.18036992847919464,120.46239911080492,-8.92195207592439,120.46239911080492,-0.18947368421052882,0.9,0.9,2.9464585085318884,171.32353308193746,-171.32353308193746,869.585558670004,111.40639664265923,2055.8823969832492,-1518.4371761479563,0.0,0.0,171.32353308193746,2055.8823969832492,0.0,291.0,23.38,1.77,0.9,9.35,0.0,0.0,0.0,main_seed4,4,d1c1eb972d85b5605cb5db7c2c6bc30520ef1b725ec02f3d139c77d64d6a78a6,1500,pre_fed,A2C-MADRL,deterministic,7979695e8713663dd73b5f80fcf7f5b65acbdc62b6378530ba9317197c22a912
2,9,8,165.1,21.75,5.3,12.0,6.0,-0.41940605640411377,-0.2681030333042145,84.49980720603233,-13.092941161383,84.49980720603233,-0.18947368421052882,0.9,0.9,2.227206670436436,55.966873148614624,-55.966873148614624,899.224557305974,119.10680096398887,671.6024777833754,-844.9669180266692,0.0,0.0,55.966873148614624,671.6024777833754,0.0,157.95,23.38,1.77,0.9,9.35,0.0,0.0,0.0,main_seed4,4,d1c1eb972d85b5605cb5db7c2c6bc30520ef1b725ec02f3d139c77d64d6a78a6,1500,pre_fed,A2C-MADRL,deterministic,7979695e8713663dd73b5f80fcf7f5b65acbdc62b6378530ba9317197c22a912
3,9,8,186.33,21.75,5.3,12.0,6.0,-0.19183318316936493,-0.6176916360855103,81.04858386352542,-27.475938374268882,81.04858386352542,-0.18947368421052882,0.9,0.9,2.158182203586298,80.57907202427141,-80.57907202427141,641.2965652367703,126.80720528531852,966.948864291257,-867.5263174066729,0.0,0.0,80.57907202427141,966.948864291257,0.0,178.26,23.38,1.77,0.9,9.35,0.0,0.0,0.0,main_seed4,4,d1c1eb972d85b5605cb5db7c2c6bc30520ef1b725ec02f3d139c77d64d6a78a6,1500,pre_fed,A2C-MADRL,deterministic,7979695e8713663dd73b5f80fcf7f5b65acbdc62b6378530ba9317197c22a912
1,10,9,362.4,34.82,11.6,9.19,4.6,0.21884803473949432,-0.1912764459848404,121.54198270084086,-9.448868157900856,121.54198270084086,-0.18947368421052882,0.9,0.9,3.3554501803326064,197.98294116370226,-197.98294116370226,877.8770148755069,111.40639664265923,1819.4632292944236,-1404.3733204062949,0.0,0.0,197.98294116370226,1819.4632292944236,0.0,315.7,21.75,5.3,0.9,12.0,0.0,0.0,0.0,main_seed4,4,d1c1eb972d85b5605cb5db7c2c6bc30520ef1b725ec02f3d139c77d64d6a78a6,1500,pre_fed,A2C-MADRL,deterministic,7979695e8713663dd73b5f80fcf7f5b65acbdc62b6378530ba9317197c22a912
2,10,9,169.0,34.82,11.6,9.19,4.6,-0.4389086365699768,-0.2803289592266083,82.21648333996295,-13.660475624598641,82.21648333996295,-0.18947368421052882,0.9,0.9,2.5689401931150484,43.12193053736263,-43.12193053736263,883.3622063801967,119.10680096398887,396.2905416383625,-699.379774491274,0.0,0.0,43.12193053736263,396.2905416383625,0.0,165.1,21.75,5.3,0.9,12.0,0.0,0.0,0.0,main_seed4,4,d1c1eb972d85b5605cb5db7c2c6bc30520ef1b725ec02f3d139c77d64d6a78a6,1500,pre_fed,A2C-MADRL,deterministic,7979695e8713663dd73b5f80fcf7f5b65acbdc62b6378530ba9317197c22a912
3,10,9,190.73,34.82,11.6,9.19,4.6,-0.19446560740470886,-0.6248319149017334,80.79492308678643,-27.724166307975167,80.79492308678643,-0.18947368421052882,0.9,0.9,2.540508988051518,66.2450595854756,-66.2450595854756,639.4327893019266,126.80720528531852,608.7920975905207,-687.516046088883,0.0,0.0,66.2450595854756,608.7920975905207,0.0,186.33,21.75,5.3,0.9,12.0,0.0,0.0,0.0,main_seed4,4,d1c1eb972d85b5605cb5db7c2c6bc30520ef1b725ec02f3d139c77d64d6a78a6,1500,pre_fed,A2C-MADRL,deterministic,7979695e8713663dd73b5f80fcf7f5b65acbdc62b6378530ba9317197c22a912
1,11,10,320.0,27.17,36.64,12.3,6.15,0.22963938117027283,-0.2067270278930664,122.56861291581951,-10.191580672533105,122.56861291581951,-0.18947368421052882,0.9,0.9,3.72378278463218,137.5346435530232,-137.5346435530232,885.7792913425624,111.40639664265923,1691.6761157021854,-1344.4309018437034,0.0,0.0,137.5346435530232,1691.6761157021854,0.0,362.4,34.82,11.6,0.9,9.19,0.0,0.0,0.0,main_seed4,4,d1c1eb972d85b5605cb5db7c2c6bc30520ef1b725ec02f3d139c77d64d6a78a6,1500,pre_fed,A2C-MADRL,deterministic,7979695e8713663dd73b5f80fcf7f5b65acbdc62b6378530ba9317197c22a912
2,11,10,173.55,27.17,36.64,12.3,6.15,-0.4461837708950043,-0.2861882150173187,81.3740176638667,-13.931134295494605,81.3740176638667,-0.18947368421052882,0.9,0.9,2.8998908795931237,31.455346899936956,-31.455346899936956,877.5295740365334,119.10680096398887,386.9007668692246,-691.7685709348734,0.0,0.0,31.455346899936956,386.9007668692246,0.0,169.0,34.82,11.6,0.9,9.19,0.0,0.0,0.0,main_seed4,4,d1c1eb972d85b5605cb5db7c2c6bc30520ef1b725ec02f3d139c77d64d6a78a6,1500,pre_fed,A2C-MADRL,deterministic,7979695e8713663dd73b5f80fcf7f5b65acbdc62b6378530ba9317197c22a912
3,11,10,195.87,27.17,36.64,12.3,6.15,-0.20283035933971405,-0.6475682258605957,79.99061087627047,-28.501531797152097,79.99061087627047,-0.18947368421052882,0.9,0.9,2.8722227438411987,55.13108555178127,-55.13108555178127,633.5311785605411,126.80720528531852,678.1123522869096,-719.2253680663846,0.0,0.0,55.13108555178127,678.1123522869096,0.0,190.73,34.82,11.6,0.9,9.19,0.0,0.0,0.0,main_seed4,4,d1c1eb972d85b5605cb5db7c2c6bc30520ef1b725ec02f3d139c77d64d6a78a6,1500,pre_fed,A2C-MADRL,deterministic,7979695e8713663dd73b5f80fcf7f5b65acbdc62b6378530ba9317197c22a912
1,12,11,350.0,30.2,42.68,20.7,10.35,0.2353971302509308,-0.2053820639848709,123.11434599265611,-10.127108824029154,123.11434599265611,-0.18947368421052882,0.9,0.9,3.916097446168912,158.11122513772332,-158.11122513772332,889.9869108105083,111.40639664265923,3272.9023603508726,-2137.14783390202,0.0,0.0,158.11122513772332,3272.9023603508726,0.0,320.0,27.17,36.64,0.9,12.3,0.0,0.0,0.0,main_seed4,4,d1c1eb972d85b5605cb5db7c2c6bc30520ef1b725ec02f3d139c77d64d6a78a6,1500,pre_fed,A2C-MADRL,deterministic,7979695e8713663dd73b5f80fcf7f5b65acbdc62b6378530ba9317197c22a912
2,12,11,168.35,30.2,42.68,20.7,10.35,-0.4870724380016327,-0.3121204674243927,76.73543131798803,-15.118246746857631,76.73543131798803,-0.18947368421052882,0.9,0.9,2.98851915267555,21.91256151889803,-21.91256151889803,845.6085306748103,119.10680096398887,453.5900234411892,-709.1526775399942,0.0,0.0,21.91256151889803,453.5900234411892,0.0,173.55,27.17,36.64,0.9,12.3,0.0,0.0,0.0,main_seed4,4,d1c1eb972d85b5605cb5db7c2c6bc30520ef1b725ec02f3d139c77d64d6a78a6,1500,pre_fed,A2C-MADRL,deterministic,7979695e8713663dd73b5f80fcf7f5b65acbdc62b6378530ba9317197c22a912
3,12,11,190.0,30.2,42.68,20.7,10.35,-0.2005041539669037,-0.6356604099273682,80.2140214391878,-28.096876664727187,80.2140214391878,-0.18947368421052882,0.9,0.9,3.0580909550995456,40.15354320012227,-40.15354320012227,635.1692122984226,126.80720528531852,831.178344242531,-796.577380913136,0.0,0.0,40.15354320012227,831.178344242531,0.0,195.87,27.17,36.64,0.9,12.3,0.0,0.0,0.0,main_seed4,4,d1c1eb972d85b5605cb5db7c2c6bc30520ef1b725ec02f3d139c77d64d6a78a6,1500,pre_fed,A2C-MADRL,deterministic,7979695e8713663dd73b5f80fcf7f5b65acbdc62b6378530ba9317197c22a912
1,13,12,345.2,23.52,35.22,26.82,13.41,0.2614898085594177,-0.23058098554611206,125.56884721528459,-11.328979175591503,125.56884721528459,-0.18947368421052882,0.9,0.9,3.6823874706214816,164.7630139395474,-164.7630139395474,908.9708427383292,111.40639664265923,4418.944033858661,-2719.660636619825,0.0,0.0,164.7630139395474,4418.944033858661,0.0,350.0,30.2,42.68,0.9,20.7,0.0,0.0,0.0,main_seed4,4,d1c1eb972d85b5605cb5db7c2c6bc30520ef1b725ec02f3d139c77d64d6a78a6,1500,pre_fed,A2C-MADRL,deterministic,7979695e8713663dd73b5f80fcf7f5b65acbdc62b6378530ba9317197c22a912
2,13,12,168.35,23.52,35.22,26.82,13.41,-0.5345565676689148,-0.3417833745479584,71.56009780950473,-16.453429336407517,71.56009780950473,-0.18947368421052882,0.9,0.9,2.6022124825058843,40.84158835721168,-40.84158835721168,810.3797973066315,119.10680096398887,1095.3713997404172,-1012.4289990055188,0.0,0.0,40.84158835721168,1095.3713997404172,0.0,168.35,30.2,42.68,0.9,20.7,0.0,0.0,0.0,main_seed4,4,d1c1eb972d85b5605cb5db7c2c6bc30520ef1b725ec02f3d139c77d64d6a78a6,1500,pre_fed,A2C-MADRL,deterministic,7979695e8713663dd73b5f80fcf7f5b65acbdc62b6378530ba9317197c22a912
3,13,12,190.0,23.52,35.22,26.82,13.41,-0.21090906858444214,-0.6659455299377441,79.21635356795784,-29.115326622377946,79.21635356795784,-0.18947368421052882,0.9,0.9,2.755337597674946,54.98845771392766,-54.98845771392766,627.8617056195702,126.80720528531852,1474.7904358875398,-1114.7296733962144,0.0,0.0,54.98845771392766,1474.7904358875398,0.0,190.0,30.2,42.68,0.9,20.7,0.0,0.0,0.0,main_seed4,4,d1c1eb972d85b5605cb5db7c2c6bc30520ef1b725ec02f3d139c77d64d6a78a6,1500,pre_fed,A2C-MADRL,deterministic,7979695e8713663dd73b5f80fcf7f5b65acbdc62b6378530ba9317197c22a912
1,14,13,320.6,39.48,35.46,27.35,13.68,0.2665528357028961,-0.2335614413022995,126.04143375357837,-11.470255561930344,126.04143375357837,-0.18947368421052882,0.9,0.9,4.015839201387357,123.82387913201953,-123.82387913201953,912.6371895539955,111.40639664265923,3386.5830942607345,-2205.313340228695,0.0,0.0,123.82387913201953,3386.5830942607345,0.0,345.2,23.52,35.22,0.9,26.82,0.0,0.0,0.0,main_seed4,4,d1c1eb972d85b5605cb5db7c2c6bc30520ef1b725ec02f3d139c77d64d6a78a6,1500,pre_fed,A2C-MADRL,deterministic,7979695e8713663dd73b5f80fcf7f5b65acbdc62b6378530ba9317197c22a912
2,14,13,165.75,39.48,35.46,27.35,13.68,-0.5457791090011597,-0.347918838262558,70.37099142150613,-16.726428631621502,70.37099142150613,-0.18947368421052882,0.9,0.9,2.9024303547459125,23.530912617450298,-23.530912617450298,802.343012169862,119.10680096398887,643.5704600872657,-782.5101366105583,0.0,0.0,23.530912617450298,643.5704600872657,0.0,168.35,23.52,35.22,0.9,26.82,0.0,0.0,0.0,main_seed4,4,d1c1eb972d85b5605cb5db7c2c6bc30520ef1b725ec02f3d139c77d64d6a78a6,1500,pre_fed,A2C-MADRL,deterministic,7979695e8713663dd73b5f80fcf7f5b65acbdc62b6378530ba9317197c22a912
3,14,13,187.07,39.48,35.46,27.35,13.68,-0.21100302040576935,-0.667859673500061,79.20736439562856,-29.17851082118687,79.20736439562856,-0.18947368421052882,0.9,0.9,3.0791578142283607,36.191267102810315,-36.191267102810315,627.7959495963698,126.80720528531852,989.8311552618621,-872.2171550717753,0.0,0.0,36.191267102810315,989.8311552618621,0.0,190.0,23.52,35.22,0.9,26.82,0.0,0.0,0.0,main_seed4,4,d1c1eb972d85b5605cb5db7c2c6bc30520ef1b725ec02f3d139c77d64d6a78a6,1500,pre_fed,A2C-MADRL,deterministic,7979695e8713663dd73b5f80fcf7f5b65acbdc62b6378530ba9317197c22a912
1,15,14,333.2,35.74,34.83,13.81,6.91,0.2724420130252838,-0.2411913126707077,126.58956669255485,-11.831033898290368,126.58956669255485,-0.18947368421052882,0.9,0.9,3.9394018601668863,140.16930885182256,-140.16930885182256,916.8941604842249,111.40639664265923,1935.7381552436698,-1482.019356185277,0.0,0.0,140.16930885182256,1935.7381552436698,0.0,320.6,39.48,35.46,0.9,27.35,0.0,0.0,0.0,main_seed4,4,d1c1eb972d85b5605cb5db7c2c6bc30520ef1b725ec02f3d139c77d64d6a78a6,1500,pre_fed,A2C-MADRL,deterministic,7979695e8713663dd73b5f80fcf7f5b65acbdc62b6378530ba9317197c22a912
2,15,14,170.3,35.74,34.83,13.81,6.91,-0.5607628226280212,-0.3581843674182892,68.80395247380467,-17.180688709431912,68.80395247380467,-0.18947368421052882,0.9,0.9,2.7836895757918825,33.899210786197784,-33.899210786197784,791.7847275089441,119.10680096398887,468.1481009573914,-689.5198147151623,0.0,0.0,33.899210786197784,468.1481009573914,0.0,165.75,39.48,35.46,0.9,27.35,0.0,0.0,0.0,main_seed4,4,d1c1eb972d85b5605cb5db7c2c6bc30520ef1b725ec02f3d139c77d64d6a78a6,1500,pre_fed,A2C-MADRL,deterministic,7979695e8713663dd73b5f80fcf7f5b65acbdc62b6378530ba9317197c22a912
3,15,14,192.2,35.74,34.83,13.81,6.91,-0.2234007567167282,-0.7045420408248901,78.02430068997772,-30.36214390715204,78.02430068997772,-0.18947368421052882,0.9,0.9,2.968096540115344,46.763269534348126,-46.763269534348126,619.1552062412911,126.80720528531852,645.8007522693476,-695.8815818979787,0.0,0.0,46.763269534348126,645.8007522693476,0.0,187.07,39.48,35.46,0.9,27.35,0.0,0.0,0.0,main_seed4,4,d1c1eb972d85b5605cb5db7c2c6bc30520ef1b725ec02f3d139c77d64d6a78a6,1500,pre_fed,A2C-MADRL,deterministic,7979695e8713663dd73b5f80fcf7f5b65acbdc62b6378530ba9317197c22a912
1,16,15,316.8,18.06,23.62,17.31,8.66,0.245213583111763,-0.21712221205234528,124.04141132499625,-10.688674094829185,124.04141132499625,-0.18947368421052882,0.9,0.9,3.310638752815714,154.57870111203002,-154.57870111203002,897.1456737393034,111.40639664265923,2675.7573162492395,-1842.154693315601,0.0,0.0,154.57870111203002,2675.7573162492395,0.0,333.2,35.74,34.83,0.9,13.81,0.0,0.0,0.0,main_seed4,4,d1c1eb972d85b5605cb5db7c2c6bc30520ef1b725ec02f3d139c77d64d6a78a6,1500,pre_fed,A2C-MADRL,deterministic,7979695e8713663dd73b5f80fcf7f5b65acbdc62b6378530ba9317197c22a912
2,16,15,172.25,18.06,23.62,17.31,8.66,-0.500155508518219,-0.32067379355430603,75.28647730905689,-15.505802095335252,75.28647730905689,-0.18947368421052882,0.9,0.9,2.3355400724969275,57.80853644765055,-57.80853644765055,835.7043989740573,119.10680096398887,1000.665765908831,-977.7384829234386,0.0,0.0,57.80853644765055,1000.665765908831,0.0,170.3,35.74,34.83,0.9,13.81,0.0,0.0,0.0,main_seed4,4,d1c1eb972d85b5605cb5db7c2c6bc30520ef1b725ec02f3d139c77d64d6a78a6,1500,pre_fed,A2C-MADRL,deterministic,7979695e8713663dd73b5f80fcf7f5b65acbdc62b6378530ba9317197c22a912
3,16,15,194.4,18.06,23.62,17.31,8.66,-0.20890189707279205,-0.66107177734375,79.40848043217605,-28.953811709541455,79.40848043217605,-0.18947368421052882,0.9,0.9,2.417980134959311,75.91897338699378,-75.91897338699378,629.267485574142,126.80720528531852,1314.1574293288622,-1035.1160600941614,0.0,0.0,75.91897338699378,1314.1574293288622,0.0,192.2,35.74,34.83,0.9,13.81,0.0,0.0,0.0,main_seed4,4,d1c1eb972d85b5605cb5db7c2c6bc30520ef1b725ec02f3d139c77d64d6a78a6,1500,pre_fed,A2C-MADRL,deterministic,7979695e8713663dd73b5f80fcf7f5b65acbdc62b6378530ba9317197c22a912
1,17,16,291.3,24.27,14.18,16.42,8.21,0.2366611361503601,-0.20481757819652557,123.23395833003443,-10.100039296999636,123.23395833003443,-0.18947368421052882,0.9,0.9,3.2298896929164784,133.03540504709258,-133.03540504709258,890.9097703818751,111.40639664265923,2184.4413508732605,-1593.3787589488975,0.0,0.0,133.03540504709258,2184.4413508732605,0.0,316.8,18.06,23.62,0.9,17.31,0.0,0.0,0.0,main_seed4,4,d1c1eb972d85b5605cb5db7c2c6bc30520ef1b725ec02f3d139c77d64d6a78a6,1500,pre_fed,A2C-MADRL,deterministic,7979695e8713663dd73b5f80fcf7f5b65acbdc62b6378530ba9317197c22a912
2,17,16,165.75,24.27,14.18,16.42,8.21,-0.48770955204963684,-0.3112388551235199,76.66446999719493,-15.078185513689476,76.66446999719493,-0.18947368421052882,0.9,0.9,2.298499926259688,53.12350361327529,-53.12350361327529,845.1227408796933,119.10680096398887,872.2879293299803,-918.2587355868313,0.0,0.0,53.12350361327529,872.2879293299803,0.0,172.25,18.06,23.62,0.9,17.31,0.0,0.0,0.0,main_seed4,4,d1c1eb972d85b5605cb5db7c2c6bc30520ef1b725ec02f3d139c77d64d6a78a6,1500,pre_fed,A2C-MADRL,deterministic,7979695e8713663dd73b5f80fcf7f5b65acbdc62b6378530ba9317197c22a912
3,17,16,187.07,24.27,14.18,16.42,8.21,-0.19825372099876404,-0.6322711706161499,80.4303505894003,-27.980705538686756,80.4303505894003,-0.18947368421052882,0.9,0.9,2.3738175381037956,70.752940632914,-70.752940632914,636.7562292357873,126.80720528531852,1161.7632851924482,-962.663359856777,0.0,0.0,70.752940632914,1161.7632851924482,0.0,194.4,18.06,23.62,0.9,17.31,0.0,0.0,0.0,main_seed4,4,d1c1eb972d85b5605cb5db7c2c6bc30520ef1b725ec02f3d139c77d64d6a78a6,1500,pre_fed,A2C-MADRL,deterministic,7979695e8713663dd73b5f80fcf7f5b65acbdc62b6378530ba9317197c22a912
1,18,17,413.8,26.26,4.67,9.83,4.92,0.23092512786388397,-0.20030741393566132,122.69060326774472,-9.883537014822272,122.69060326774472,-0.18947368421052882,0.9,0.9,3.068622591670684,263.43749300813647,-263.43749300813647,886.7194221461451,111.40639664265923,2589.5905562699813,-1793.8581875293928,0.0,0.0,263.43749300813647,2589.5905562699813,0.0,291.3,24.27,14.18,0.9,16.42,0.0,0.0,0.0,main_seed4,4,d1c1eb972d85b5605cb5db7c2c6bc30520ef1b725ec02f3d139c77d64d6a78a6,1500,pre_fed,A2C-MADRL,deterministic,7979695e8713663dd73b5f80fcf7f5b65acbdc62b6378530ba9317197c22a912
2,18,17,164.25,26.26,4.67,9.83,4.92,-0.47682783007621765,-0.3044290840625763,77.88206546167949,-14.768029081530468,77.88206546167949,-0.18947368421052882,0.9,0.9,2.1724518355493796,57.79986005808041,-57.79986005808041,853.4688143387272,119.10680096398887,568.1726243709304,-770.3741198368232,0.0,0.0,57.79986005808041,568.1726243709304,0.0,165.75,24.27,14.18,0.9,16.42,0.0,0.0,0.0,main_seed4,4,d1c1eb972d85b5605cb5db7c2c6bc30520ef1b725ec02f3d139c77d64d6a78a6,1500,pre_fed,A2C-MADRL,deterministic,7979695e8713663dd73b5f80fcf7f5b65acbdc62b6378530ba9317197c22a912
3,18,17,185.6,26.26,4.67,9.83,4.92,-0.20181407034397125,-0.6448665857315063,80.08819061169913,-28.410202225506172,80.08819061169913,-0.18947368421052882,0.9,0.9,2.2165743385497723,76.98785741106116,-76.98785741106116,634.2465110708025,126.80720528531852,756.7906383507312,-758.9221773534262,0.0,0.0,76.98785741106116,756.7906383507312,0.0,187.07,24.27,14.18,0.9,16.42,0.0,0.0,0.0,main_seed4,4,d1c1eb972d85b5605cb5db7c2c6bc30520ef1b725ec02f3d139c77d64d6a78a6,1500,pre_fed,A2C-MADRL,deterministic,7979695e8713663dd73b5f80fcf7f5b65acbdc62b6378530ba9317197c22a912
1,19,18,539.8,26.77,0.18,8.63,4.32,0.23089025914669037,-0.20950959622859955,122.68729589614864,-10.324852742932707,122.68729589614864,-0.18947368421052882,0.9,0.9,2.9889564442387626,393.3411342323006,-393.3411342323006,886.693930377874,111.40639664265923,3394.533988424754,-2196.317157722644,0.0,0.0,393.3411342323006,3394.533988424754,0.0,413.8,26.26,4.67,0.9,9.83,0.0,0.0,0.0,main_seed4,4,d1c1eb972d85b5605cb5db7c2c6bc30520ef1b725ec02f3d139c77d64d6a78a6,1500,pre_fed,A2C-MADRL,deterministic,7979695e8713663dd73b5f80fcf7f5b65acbdc62b6378530ba9317197c22a912
2,19,18,162.5,26.77,0.18,8.63,4.32,-0.4305228590965271,-0.27544012665748596,83.19385521078449,-13.43397923839325,83.19385521078449,-0.18947368421052882,0.9,0.9,2.1990876305314795,54.74470610395751,-54.74470610395751,890.1423509379865,119.10680096398887,472.4468136771534,-740.8479827895644,0.0,0.0,54.74470610395751,472.4468136771534,0.0,164.25,26.26,4.67,0.9,9.83,0.0,0.0,0.0,main_seed4,4,d1c1eb972d85b5605cb5db7c2c6bc30520ef1b725ec02f3d139c77d64d6a78a6,1500,pre_fed,A2C-MADRL,deterministic,7979695e8713663dd73b5f80fcf7f5b65acbdc62b6378530ba9317197c22a912
3,19,18,183.4,26.77,0.18,8.63,4.32,-0.19571933150291443,-0.6283944845199585,80.67420397981988,-27.847285146072327,80.67420397981988,-0.18947368421052882,0.9,0.9,2.148694605912187,78.11396431030283,-78.11396431030283,638.5462334066406,126.80720528531852,674.1235119979135,-719.7384753449363,0.0,0.0,78.11396431030283,674.1235119979135,0.0,185.6,26.26,4.67,0.9,9.83,0.0,0.0,0.0,main_seed4,4,d1c1eb972d85b5605cb5db7c2c6bc30520ef1b725ec02f3d139c77d64d6a78a6,1500,pre_fed,A2C-MADRL,deterministic,7979695e8713663dd73b5f80fcf7f5b65acbdc62b6378530ba9317197c22a912
1,20,19,557.2,26.22,0.0,8.87,4.44,0.24399907886981964,-0.2294047325849533,123.92694724189602,-11.273171021387327,123.92694724189602,-0.18947368421052882,0.9,0.9,2.99914947115371,410.24167591346827,-410.24167591346827,896.2610330704802,111.40639664265923,3638.843665352463,-2323.2555475328013,0.0,0.0,410.24167591346827,3638.843665352463,0.0,539.8,26.77,0.18,0.9,8.63,0.0,0.0,0.0,main_seed4,4,d1c1eb972d85b5605cb5db7c2c6bc30520ef1b725ec02f3d139c77d64d6a78a6,1500,pre_fed,A2C-MADRL,deterministic,7979695e8713663dd73b5f80fcf7f5b65acbdc62b6378530ba9317197c22a912
2,20,19,165.75,26.22,0.0,8.87,4.44,-0.4172500967979431,-0.2670018672943115,84.75442348278754,-13.041643439971123,84.75442348278754,-0.18947368421052882,0.9,0.9,2.2156989959715405,57.18074919739452,-57.18074919739452,900.9982988614709,119.10680096398887,507.1932453808893,-763.6491726031745,0.0,0.0,57.18074919739452,507.1932453808893,0.0,162.5,26.77,0.18,0.9,8.63,0.0,0.0,0.0,main_seed4,4,d1c1eb972d85b5605cb5db7c2c6bc30520ef1b725ec02f3d139c77d64d6a78a6,1500,pre_fed,A2C-MADRL,deterministic,7979695e8713663dd73b5f80fcf7f5b65acbdc62b6378530ba9317197c22a912
3,20,19,187.07,26.22,0.0,8.87,4.44,-0.19428639113903046,-0.6250652074813843,80.81218429500015,-27.732243581261944,80.81218429500015,-0.18947368421052882,0.9,0.9,2.1368542122157925,82.36414360142616,-82.36414360142616,639.559577493977,126.80720528531852,730.56995374465,-748.4683682619727,0.0,0.0,82.36414360142616,730.56995374465,0.0,183.4,26.77,0.18,0.9,8.63,0.0,0.0,0.0,main_seed4,4,d1c1eb972d85b5605cb5db7c2c6bc30520ef1b725ec02f3d139c77d64d6a78a6,1500,pre_fed,A2C-MADRL,deterministic,7979695e8713663dd73b5f80fcf7f5b65acbdc62b6378530ba9317197c22a912
1,21,20,557.1,32.84,0.0,8.35,4.18,0.24647052586078644,-0.2325034886598587,124.15980476402808,-11.420129611038446,124.15980476402808,-0.18947368421052882,0.9,0.9,3.1362066215963513,403.42587554177885,-403.42587554177885,898.0609059144773,111.40639664265923,3368.606060773853,-2189.036681665495,0.0,0.0,403.42587554177885,3368.606060773853,0.0,557.2,26.22,0.0,0.9,8.87,0.0,0.0,0.0,main_seed4,4,d1c1eb972d85b5605cb5db7c2c6bc30520ef1b725ec02f3d139c77d64d6a78a6,1500,pre_fed,A2C-MADRL,deterministic,7979695e8713663dd73b5f80fcf7f5b65acbdc62b6378530ba9317197c22a912
2,21,20,169.0,32.84,0.0,8.35,4.18,-0.41831305623054504,-0.26764965057373047,84.62883496374194,-13.071823942894731,84.62883496374194,-0.18947368421052882,0.9,0.9,2.3455872255906285,54.06622594605922,-54.06622594605922,900.1232843696882,119.10680096398887,451.45298664959444,-735.3415359916357,0.0,0.0,54.06622594605922,451.45298664959444,0.0,165.75,26.22,0.0,0.9,8.87,0.0,0.0,0.0,main_seed4,4,d1c1eb972d85b5605cb5db7c2c6bc30520ef1b725ec02f3d139c77d64d6a78a6,1500,pre_fed,A2C-MADRL,deterministic,7979695e8713663dd73b5f80fcf7f5b65acbdc62b6378530ba9317197c22a912
3,21,20,190.73,32.84,0.0,8.35,4.18,-0.1944338083267212,-0.6255204677581787,80.79798572716513,-27.748000008193223,80.79798572716513,-0.18947368421052882,0.9,0.9,2.268970240859092,79.55045819790448,-79.55045819790448,639.4552848017175,126.80720528531852,664.2463259525024,-715.2544080197692,0.0,0.0,79.55045819790448,664.2463259525024,0.0,187.07,26.22,0.0,0.9,8.87,0.0,0.0,0.0,main_seed4,4,d1c1eb972d85b5605cb5db7c2c6bc30520ef1b725ec02f3d139c77d64d6a78a6,1500,pre_fed,A2C-MADRL,deterministic,7979695e8713663dd73b5f80fcf7f5b65acbdc62b6378530ba9317197c22a912
1,22,21,535.0,36.02,0.0,16.44,8.22,0.2490490823984146,-0.23633554577827454,124.40245777776731,-11.601577277638322,124.40245777776731,-0.18947368421052882,0.9,0.9,3.2046596818711355,377.9716755883144,-377.9716755883144,899.9374276481374,111.40639664265923,6213.854346671889,-3612.599085481343,0.0,0.0,377.9716755883144,6213.854346671889,0.0,557.1,32.84,0.0,0.9,8.35,0.0,0.0,0.0,main_seed4,4,d1c1eb972d85b5605cb5db7c2c6bc30520ef1b725ec02f3d139c77d64d6a78a6,1500,pre_fed,A2C-MADRL,deterministic,7979695e8713663dd73b5f80fcf7f5b65acbdc62b6378530ba9317197c22a912
2,22,21,161.2,36.02,0.0,16.44,8.22,-0.42281949520111084,-0.27098727226257324,84.09757390522574,-13.227162744946499,84.09757390522574,-0.18947368421052882,0.9,0.9,2.3985620044203046,43.67046178340506,-43.67046178340506,896.4244745009435,119.10680096398887,717.9423917191792,-866.7368335920557,0.0,0.0,43.67046178340506,717.9423917191792,0.0,169.0,32.84,0.0,0.9,8.35,0.0,0.0,0.0,main_seed4,4,d1c1eb972d85b5605cb5db7c2c6bc30520ef1b725ec02f3d139c77d64d6a78a6,1500,pre_fed,A2C-MADRL,deterministic,7979695e8713663dd73b5f80fcf7f5b65acbdc62b6378530ba9317197c22a912
3,22,21,181.93,36.02,0.0,16.44,8.22,-0.19973108172416687,-0.640900731086731,80.28831355091162,-28.275626910693376,80.28831355091162,-0.18947368421052882,0.9,0.9,2.322376797334022,68.13353693063291,-68.13353693063291,635.7141280128667,126.80720528531852,1120.115347139605,-941.3183402188952,0.0,0.0,68.13353693063291,1120.115347139605,0.0,190.73,32.84,0.0,0.9,8.35,0.0,0.0,0.0,main_seed4,4,d1c1eb972d85b5605cb5db7c2c6bc30520ef1b725ec02f3d139c77d64d6a78a6,1500,pre_fed,A2C-MADRL,deterministic,7979695e8713663dd73b5f80fcf7f5b65acbdc62b6378530ba9317197c22a912
1,23,22,437.8,37.23,0.0,16.19,8.1,0.26587778329849243,-0.2502795457839966,125.9784953687697,-12.259071079733861,125.9784953687697,-0.18947368421052882,0.9,0.9,3.2603804336911835,278.04135874913203,-278.04135874913203,912.1487020019335,111.40639664265923,4501.489598148448,-2762.52234839652,0.0,0.0,278.04135874913203,4501.489598148448,0.0,535.0,36.02,0.0,0.9,16.44,0.0,0.0,0.0,main_seed4,4,d1c1eb972d85b5605cb5db7c2c6bc30520ef1b725ec02f3d139c77d64d6a78a6,1500,pre_fed,A2C-MADRL,deterministic,7979695e8713663dd73b5f80fcf7f5b65acbdc62b6378530ba9317197c22a912
2,23,22,148.0,37.23,0.0,16.19,8.1,-0.46856585144996643,-0.2994042634963989,78.81442496818045,-14.538366869603928,78.81442496818045,-0.18947368421052882,0.9,0.9,2.3170990256793984,34.46214774170949,-34.46214774170949,859.8749570505586,119.10680096398887,557.9421719382766,-768.461964976412,0.0,0.0,34.46214774170949,557.9421719382766,0.0,161.2,36.02,0.0,0.9,16.44,0.0,0.0,0.0,main_seed4,4,d1c1eb972d85b5605cb5db7c2c6bc30520ef1b725ec02f3d139c77d64d6a78a6,1500,pre_fed,A2C-MADRL,deterministic,7979695e8713663dd73b5f80fcf7f5b65acbdc62b6378530ba9317197c22a912
3,23,22,161.39,37.23,0.0,16.19,8.1,-0.21032509207725525,-0.672956109046936,79.27223545011715,-29.346052232489132,79.27223545011715,-0.18947368421052882,0.9,0.9,2.3262552353181327,47.40349346941149,-47.40349346941149,628.2705174411393,126.80720528531852,767.462559269772,-761.2701409981149,0.0,0.0,47.40349346941149,767.462559269772,0.0,181.93,36.02,0.0,0.9,16.44,0.0,0.0,0.0,main_seed4,4,d1c1eb972d85b5605cb5db7c2c6bc30520ef1b725ec02f3d139c77d64d6a78a6,1500,pre_fed,A2C-MADRL,deterministic,7979695e8713663dd73b5f80fcf7f5b65acbdc62b6378530ba9317197c22a912
1,24,23,447.3,44.12,0.0,8.87,4.44,0.25329121947288513,-0.2336079627275467,124.80099545850427,-11.472459196207094,124.80099545850427,-0.18947368421052882,0.9,0.9,3.374630435485875,281.9431086611921,-281.9431086611921,903.0215306088567,111.40639664265923,2500.835373824774,-1757.6316505381449,0.9238732929774756,0.0,281.01923536821465,2496.7426151368836,0.0,437.8,37.23,0.0,0.9,16.19,0.0,0.0,0.0,main_seed4,4,d1c1eb972d85b5605cb5db7c2c6bc30520ef1b725ec02f3d139c77d64d6a78a6,1500,pre_fed,A2C-MADRL,deterministic,7979695e8713663dd73b5f80fcf7f5b65acbdc62b6378530ba9317197c22a912
2,24,23,119.6,44.12,0.0,8.87,4.44,-0.466461181640625,-0.2980263829231262,79.05301786071814,-14.475272292545421,79.05301786071814,-0.18947368421052882,0.9,0.9,2.4596708835301526,-0.9238732929774756,0.9238732929774756,861.5164266588204,119.10680096398887,8.194756108710207,-494.40899186575973,0.0,0.9238732929774756,0.0,-4.101997420819992,0.0,148.0,37.23,0.0,0.9,16.19,0.9238732929774756,0.0,0.0,main_seed4,4,d1c1eb972d85b5605cb5db7c2c6bc30520ef1b725ec02f3d139c77d64d6a78a6,1500,pre_fed,A2C-MADRL,deterministic,7979695e8713663dd73b5f80fcf7f5b65acbdc62b6378530ba9317197c22a912
3,24,23,134.98,44.12,0.0,8.87,4.44,-0.20923687517642975,-0.6700243949890137,79.37640517839817,-29.24979648199016,79.37640517839817,-0.18947368421052882,0.9,0.9,2.4661386298837527,14.139207135696111,-14.139207135696111,629.0327442274231,126.80720528531852,125.4147672936245,-440.62735840318305,0.0,0.0,14.139207135696111,125.4147672936245,0.0,161.39,37.23,0.0,0.9,16.19,0.0,0.0,0.0,main_seed4,4,d1c1eb972d85b5605cb5db7c2c6bc30520ef1b725ec02f3d139c77d64d6a78a6,1500,pre_fed,A2C-MADRL,deterministic,7979695e8713663dd73b5f80fcf7f5b65acbdc62b6378530ba9317197c22a912
1,1,0,457.7,51.48,0.0,8.65,4.33,0.6735715866088867,28.72312355041504,158.73243590277767,50.0,158.73243590277767,37.905,0.5,0.09999999999999992,4.962348718055553,214.54491281527788,-214.54491281527788,1175.0370216456865,846.5310470825,1855.8134958521537,-1938.69078229017,122.07416249593835,0.0,92.47075031933953,1328.4531138697002,0.0,447.3,44.12,0.0,0.5,8.87,0.0,0.0,0.0,main_seed4,4,d1c1eb972d85b5605cb5db7c2c6bc30520ef1b725ec02f3d139c77d64d6a78a6,1500,pre_fed,TRPO-MADRL,deterministic,b272ae0a0865a45242fd3748eb27b6a98e6f71124b0737d1f1224c5c60bdd7bd
2,1,0,110.5,51.48,0.0,8.65,4.33,0.04314625263214111,-1.3104336261749268,146.03672984300601,-43.21925456515621,146.03672984300601,-42.21052631578948,0.5,0.9,3.1061240705443307,-41.7000794566722,41.7000794566722,1356.5717466288916,234.45756980609414,360.70568730021455,-975.8675018676001,0.0,41.7000794566722,0.0,-180.56134404739063,0.0,119.6,44.12,0.0,0.5,8.87,41.7000794566722,0.0,0.0,main_seed4,4,d1c1eb972d85b5605cb5db7c2c6bc30520ef1b725ec02f3d139c77d64d6a78a6,1500,pre_fed,TRPO-MADRL,deterministic,b272ae0a0865a45242fd3748eb27b6a98e6f71124b0737d1f1224c5c60bdd7bd
3,1,0,124.71,51.48,0.0,8.65,4.33,9.467772483825684,-1.5535703897476196,199.99999880483657,-45.71863361026805,199.99999880483657,-42.21052631578948,0.5,0.9,4.185389449780941,-80.37408303926615,80.37408303926615,1649.9999885144794,244.81166675900275,695.2358182896522,-1295.023736781567,0.0,80.37408303926615,0.0,-348.01977956002247,0.0,134.98,44.12,0.0,0.5,8.87,80.37408303926615,0.0,0.0,main_seed4,4,d1c1eb972d85b5605cb5db7c2c6bc30520ef1b725ec02f3d139c77d64d6a78a6,1500,pre_fed,TRPO-MADRL,deterministic,b272ae0a0865a45242fd3748eb27b6a98e6f71124b0737d1f1224c5c60bdd7bd
1,2,1,336.5,38.37,0.0,8.11,4.06,-0.2002311497926712,31.44613265991211,80.24025450273038,50.0,80.24025450273038,-0.021052631578956735,0.09999999999999992,0.1,2.3717840374230286,220.2825821662716,-220.2825821662716,574.1260931411875,1052.5389067811636,1786.4917413684625,-1706.5783706454067,31.72999497006373,0.0,188.55258719620787,1657.9852617397044,0.0,457.7,51.48,0.0,0.09999999999999992,8.65,0.0,0.0,0.0,main_seed4,4,d1c1eb972d85b5605cb5db7c2c6bc30520ef1b725ec02f3d139c77d64d6a78a6,1500,pre_fed,TRPO-MADRL,deterministic,b272ae0a0865a45242fd3748eb27b6a98e6f71124b0737d1f1224c5c60bdd7bd
2,2,1,109.85,38.37,0.0,8.11,4.06,-0.24561668932437897,-13.906210899353027,106.28885630672453,-49.99999999991659,106.28885630672453,-0.18947368421052882,0.9,0.9,2.8893876524502797,-31.72999497006373,31.72999497006373,1054.5803432321309,119.10680096398887,257.33025920721684,-715.5087017016683,0.0,31.72999497006373,0.0,-128.82377957845873,0.0,110.5,51.48,0.0,0.9,8.65,31.72999497006373,0.0,0.0,main_seed4,4,d1c1eb972d85b5605cb5db7c2c6bc30520ef1b725ec02f3d139c77d64d6a78a6,1500,pre_fed,TRPO-MADRL,deterministic,b272ae0a0865a45242fd3748eb27b6a98e6f71124b0737d1f1224c5c60bdd7bd
3,2,1,123.98,38.37,0.0,8.11,4.06,-0.4737965166568756,-13.218217849731445,55.873827989940736,-49.99999999966978,55.873827989940736,-0.18947368421052882,0.9,0.9,1.8810870861146043,31.806732780384394,-31.806732780384394,462.28484483692574,126.80720528531852,257.9526028489174,-423.52232648558083,0.0,0.0,31.806732780384394,257.9526028489174,0.0,124.71,51.48,0.0,0.9,8.65,0.0,0.0,0.0,main_seed4,4,d1c1eb972d85b5605cb5db7c2c6bc30520ef1b725ec02f3d139c77d64d6a78a6,1500,pre_fed,TRPO-MADRL,deterministic,b272ae0a0865a45242fd3748eb27b6a98e6f71124b0737d1f1224c5c60bdd7bd
1,3,2,274.9,43.56,0.0,8.25,4.13,-0.35286659002304077,32.109703063964844,66.10846719665804,50.0,66.10846719665804,-0.02105263157894797,0.1,0.1,2.192948291301582,167.44553372622246,-167.44553372622246,476.54010078912603,1052.5389067811634,1381.4256532413353,-1455.2523304058122,13.077539744790613,0.0,154.36799398143185,1327.546189492798,0.0,336.5,38.37,0.0,0.1,8.11,0.0,0.0,0.0,main_seed4,4,d1c1eb972d85b5605cb5db7c2c6bc30520ef1b725ec02f3d139c77d64d6a78a6,1500,pre_fed,TRPO-MADRL,deterministic,b272ae0a0865a45242fd3748eb27b6a98e6f71124b0737d1f1224c5c60bdd7bd
2,3,2,112.45,43.56,0.0,8.25,4.13,-0.41755151748657227,-16.193134307861328,84.71879995440501,-49.99999999999914,84.71879995440501,-0.18947368421052882,0.9,0.9,2.5617865254038903,-13.077539744790613,13.077539744790613,900.7500742404507,119.10680096398887,107.88970289452256,-563.8732890494811,0.0,13.077539744790613,0.0,-54.01023914598523,0.0,109.85,38.37,0.0,0.9,8.11,13.077539744790613,0.0,0.0,main_seed4,4,d1c1eb972d85b5605cb5db7c2c6bc30520ef1b725ec02f3d139c77d64d6a78a6,1500,pre_fed,TRPO-MADRL,deterministic,b272ae0a0865a45242fd3748eb27b6a98e6f71124b0737d1f1224c5c60bdd7bd
3,3,2,126.91,43.56,0.0,8.25,4.13,-0.6164230108261108,-13.110868453979492,45.136738718596916,-49.99999999959069,45.136738718596916,-0.18947368421052882,0.9,0.9,1.770145300687728,40.172880266301334,-40.172880266301334,389.5990411854815,126.80720528531852,331.426262196986,-423.916254333893,0.0,0.0,40.172880266301334,331.426262196986,0.0,123.98,38.37,0.0,0.9,8.11,0.0,0.0,0.0,main_seed4,4,d1c1eb972d85b5605cb5db7c2c6bc30520ef1b725ec02f3d139c77d64d6a78a6,1500,pre_fed,TRPO-MADRL,deterministic,b272ae0a0865a45242fd3748eb27b6a98e6f71124b0737d1f1224c5c60bdd7bd
1,4,3,272.6,40.75,0.0,8.1,4.05,-0.5806043148040771,32.534690856933594,47.689548045739095,50.0,47.689548045739095,-0.02105263157894797,0.1,0.1,1.7683699082832027,185.9498744941231,-185.9498744941231,354.2059880633631,1052.5389067811634,1506.193983402397,-1456.4694391234616,20.3338240684063,0.0,165.6160504257168,1423.8419959253515,0.0,274.9,43.56,0.0,0.1,8.25,0.0,0.0,0.0,main_seed4,4,d1c1eb972d85b5605cb5db7c2c6bc30520ef1b725ec02f3d139c77d64d6a78a6,1500,pre_fed,TRPO-MADRL,deterministic,b272ae0a0865a45242fd3748eb27b6a98e6f71124b0737d1f1224c5c60bdd7bd
2,4,3,110.5,40.75,0.0,8.1,4.05,-0.34971046447753906,-15.30740737915039,92.94337579482921,-49.99999999999494,92.94337579482921,-0.18947368421052882,0.9,0.9,2.6700780422123733,-20.3338240684063,20.3338240684063,958.5707549060851,119.10680096398887,164.70397495409102,-621.1907654120826,0.0,20.3338240684063,0.0,-82.35198747704551,0.0,112.45,43.56,0.0,0.9,8.25,20.3338240684063,0.0,0.0,main_seed4,4,d1c1eb972d85b5605cb5db7c2c6bc30520ef1b725ec02f3d139c77d64d6a78a6,1500,pre_fed,TRPO-MADRL,deterministic,b272ae0a0865a45242fd3748eb27b6a98e6f71124b0737d1f1224c5c60bdd7bd
3,4,3,124.71,40.75,0.0,8.1,4.05,-0.5581279993057251,-13.155237197875977,49.341283515912046,-49.99999999962546,49.341283515912046,-0.18947368421052882,0.9,0.9,1.7980361966340304,36.60622636493251,-36.60622636493251,417.8011986879263,126.80720528531852,296.51043355595334,-420.55941876459906,0.0,0.0,36.60622636493251,296.51043355595334,0.0,126.91,43.56,0.0,0.9,8.25,0.0,0.0,0.0,main_seed4,4,d1c1eb972d85b5605cb5db7c2c6bc30520ef1b725ec02f3d139c77d64d6a78a6,1500,pre_fed,TRPO-MADRL,deterministic,b272ae0a0865a45242fd3748eb27b6a98e6f71124b0737d1f1224c5c60bdd7bd
1,5,4,245.3,27.74,0.0,8.14,4.07,-0.5920120477676392,32.56892013549805,46.86588494523952,50.0,46.86588494523952,-0.02105263157894797,0.1,0.1,1.4916966462732115,172.20686433261267,-172.20686433261267,348.8637923775435,1052.5389067811634,1401.7638756674671,-1401.583287413087,0.0,0.0,172.20686433261267,1401.7638756674671,0.0,272.6,40.75,0.0,0.1,8.1,0.0,0.0,0.0,main_seed4,4,d1c1eb972d85b5605cb5db7c2c6bc30520ef1b725ec02f3d139c77d64d6a78a6,1500,pre_fed,TRPO-MADRL,deterministic,b272ae0a0865a45242fd3748eb27b6a98e6f71124b0737d1f1224c5c60bdd7bd
2,5,4,113.75,27.74,0.0,8.14,4.07,-0.3915698528289795,-15.793680191040039,87.8202086787174,-49.99999999999808,87.8202086787174,-0.18947368421052882,0.9,0.9,2.3074146998901375,0.6866797053832556,-0.6866797053832556,922.4329420931532,119.10680096398887,5.589572801819701,-523.5646579294809,0.0,0.0,0.6866797053832556,5.589572801819701,0.0,110.5,40.75,0.0,0.9,8.1,0.0,0.0,0.0,main_seed4,4,d1c1eb972d85b5605cb5db7c2c6bc30520ef1b725ec02f3d139c77d64d6a78a6,1500,pre_fed,TRPO-MADRL,deterministic,b272ae0a0865a45242fd3748eb27b6a98e6f71124b0737d1f1224c5c60bdd7bd
3,5,4,128.38,27.74,0.0,8.14,4.07,-0.5934078693389893,-13.126726150512695,46.76578440515519,-49.999999999603475,46.76578440515519,-0.18947368421052882,0.9,0.9,1.4863262144188931,55.550015493474234,-55.550015493474234,400.4860740087314,126.80720528531852,452.1771261168803,-489.7352027054651,0.0,0.0,55.550015493474234,452.1771261168803,0.0,124.71,40.75,0.0,0.9,8.1,0.0,0.0,0.0,main_seed4,4,d1c1eb972d85b5605cb5db7c2c6bc30520ef1b725ec02f3d139c77d64d6a78a6,1500,pre_fed,TRPO-MADRL,deterministic,b272ae0a0865a45242fd3748eb27b6a98e6f71124b0737d1f1224c5c60bdd7bd
1,6,5,233.7,30.15,0.0,8.13,4.07,-0.7688535451889038,32.89806365966797,35.37376872300594,50.0,35.37376872300594,-0.02105263157894797,0.1,0.1,1.3100543218285396,169.50733823040156,-169.50733823040156,275.47351555631053,1052.5389067811634,1378.0946598131648,-1353.0535410753193,0.0,0.0,169.50733823040156,1378.0946598131648,0.0,245.3,27.74,0.0,0.1,8.14,0.0,0.0,0.0,main_seed4,4,d1c1eb972d85b5605cb5db7c2c6bc30520ef1b725ec02f3d139c77d64d6a78a6,1500,pre_fed,TRPO-MADRL,deterministic,b272ae0a0865a45242fd3748eb27b6a98e6f71124b0737d1f1224c5c60bdd7bd
2,6,5,120.25,30.15,0.0,8.13,4.07,-0.5464152693748474,-17.81090545654297,70.3039804085888,-49.999999999999964,70.3039804085888,-0.18947368421052882,0.9,0.9,2.0052901344875655,21.9907834101093,-21.9907834101093,801.8907461465977,119.10680096398887,178.78506912418865,-549.8913081173877,0.0,0.0,21.9907834101093,178.78506912418865,0.0,113.75,27.74,0.0,0.9,8.14,0.0,0.0,0.0,main_seed4,4,d1c1eb972d85b5605cb5db7c2c6bc30520ef1b725ec02f3d139c77d64d6a78a6,1500,pre_fed,TRPO-MADRL,deterministic,b272ae0a0865a45242fd3748eb27b6a98e6f71124b0737d1f1224c5c60bdd7bd
3,6,5,135.43,30.15,0.0,8.13,4.07,-0.7155144810676575,-13.042590141296387,38.58768212832301,-49.99999999953081,38.58768212832301,-0.18947368421052882,0.9,0.9,1.3709641688822496,68.25275572476978,-68.25275572476978,346.34002067990343,126.80720528531852,554.8949040423784,-514.0210650038001,0.0,0.0,68.25275572476978,554.8949040423784,0.0,128.38,27.74,0.0,0.9,8.14,0.0,0.0,0.0,main_seed4,4,d1c1eb972d85b5605cb5db7c2c6bc30520ef1b725ec02f3d139c77d64d6a78a6,1500,pre_fed,TRPO-MADRL,deterministic,b272ae0a0865a45242fd3748eb27b6a98e6f71124b0737d1f1224c5c60bdd7bd
1,7,6,274.6,28.65,0.16,8.34,4.17,-0.8299618363380432,32.99010467529297,31.95444864895852,50.0,31.95444864895852,-0.02105263157894797,0.1,0.1,1.2148679203475916,215.07147190296803,-215.07147190296803,254.05024925856006,1052.5389067811634,1793.6960756707533,-1550.1426158552385,0.0,0.0,215.07147190296803,1793.6960756707533,0.0,233.7,30.15,0.0,0.1,8.13,0.0,0.0,0.0,main_seed4,4,d1c1eb972d85b5605cb5db7c2c6bc30520ef1b725ec02f3d139c77d64d6a78a6,1500,pre_fed,TRPO-MADRL,deterministic,b272ae0a0865a45242fd3748eb27b6a98e6f71124b0737d1f1224c5c60bdd7bd
2,7,6,130.0,28.65,0.16,8.34,4.17,-0.5155047178268433,-17.42594337463379,73.6087662288653,-49.99999999999993,73.6087662288653,-0.18947368421052882,0.9,0.9,2.0445858508930956,29.815293306238317,-29.815293306238317,824.2764957195466,119.10680096398887,248.65954617402755,-596.0214214287815,0.0,0.0,29.815293306238317,248.65954617402755,0.0,120.25,30.15,0.0,0.9,8.13,0.0,0.0,0.0,main_seed4,4,d1c1eb972d85b5605cb5db7c2c6bc30520ef1b725ec02f3d139c77d64d6a78a6,1500,pre_fed,TRPO-MADRL,deterministic,b272ae0a0865a45242fd3748eb27b6a98e6f71124b0737d1f1224c5c60bdd7bd
3,7,6,146.72,28.65,0.16,8.34,4.17,-0.6822919249534607,-13.069856643676758,40.69926330189375,-49.99999999955571,40.69926330189375,-0.18947368421052882,0.9,0.9,1.3863957923536645,78.78660617467044,-78.78660617467044,360.198805100513,126.80720528531852,657.0802954967514,-572.0431529412915,0.0,0.0,78.78660617467044,657.0802954967514,0.0,135.43,30.15,0.0,0.9,8.13,0.0,0.0,0.0,main_seed4,4,d1c1eb972d85b5605cb5db7c2c6bc30520ef1b725ec02f3d139c77d64d6a78a6,1500,pre_fed,TRPO-MADRL,deterministic,b272ae0a0865a45242fd3748eb27b6a98e6f71124b0737d1f1224c5c60bdd7bd
1,8,7,291.0,23.38,1.77,9.35,4.68,-0.6119979023933411,32.631805419921875,45.44680554001219,50.0,45.44680554001219,-0.02105263157894797,0.1,0.1,1.4115150581686646,221.83576214973544,-221.83576214973544,339.68556597258237,1052.5389067811634,2074.1643761000264,-1733.1944244268861,0.0,0.0,221.83576214973544,2074.1643761000264,0.0,274.6,28.65,0.16,0.1,8.34,0.0,0.0,0.0,main_seed4,4,d1c1eb972d85b5605cb5db7c2c6bc30520ef1b725ec02f3d139c77d64d6a78a6,1500,pre_fed,TRPO-MADRL,deterministic,b272ae0a0865a45242fd3748eb27b6a98e6f71124b0737d1f1224c5c60bdd7bd
2,8,7,157.95,23.38,1.77,9.35,4.68,-0.5194934010505676,-17.596559524536133,73.17675076301369,-49.99999999999995,73.17675076301369,-0.18947368421052882,0.9,0.9,1.962745541576063,61.775468462772906,-61.775468462772906,821.3407044108826,119.10680096398887,577.6006301269266,-759.0240677508991,0.0,0.0,61.775468462772906,577.6006301269266,0.0,130.0,28.65,0.16,0.9,8.34,0.0,0.0,0.0,main_seed4,4,d1c1eb972d85b5605cb5db7c2c6bc30520ef1b725ec02f3d139c77d64d6a78a6,1500,pre_fed,TRPO-MADRL,deterministic,b272ae0a0865a45242fd3748eb27b6a98e6f71124b0737d1f1224c5c60bdd7bd
3,8,7,178.26,23.38,1.77,9.35,4.68,-0.6723587512969971,-13.089140892028809,41.34706747960859,-49.99999999957252,41.34706747960859,-0.18947368421052882,0.9,0.9,1.3261518759079614,113.2785580805099,-113.2785580805099,364.4674719535773,126.80720528531852,1059.1545180527676,-775.2145976458316,0.0,0.0,113.2785580805099,1059.1545180527676,0.0,146.72,28.65,0.16,0.9,8.34,0.0,0.0,0.0,main_seed4,4,d1c1eb972d85b5605cb5db7c2c6bc30520ef1b725ec02f3d139c77d64d6a78a6,1500,pre_fed,TRPO-MADRL,deterministic,b272ae0a0865a45242fd3748eb27b6a98e6f71124b0737d1f1224c5c60bdd7bd
1,9,8,315.7,21.75,5.3,12.0,6.0,-0.5668821930885315,32.56406784057617,48.693413199799494,50.0,48.693413199799494,-0.02105263157894797,0.1,0.1,1.5144472113644107,241.49208664314386,-241.49208664314386,360.73181626412895,1052.5389067811634,2897.905039717726,-2155.5878813815093,0.0,0.0,241.49208664314386,2897.905039717726,0.0,291.0,23.38,1.77,0.1,9.35,0.0,0.0,0.0,main_seed4,4,d1c1eb972d85b5605cb5db7c2c6bc30520ef1b725ec02f3d139c77d64d6a78a6,1500,pre_fed,TRPO-MADRL,deterministic,b272ae0a0865a45242fd3748eb27b6a98e6f71124b0737d1f1224c5c60bdd7bd
2,9,8,165.1,21.75,5.3,12.0,6.0,-0.5260313749313354,-18.166536331176758,72.47217403925328,-49.999999999999986,72.47217403925328,-0.18947368421052882,0.9,0.9,1.986654007100855,67.7539536520581,-67.7539536520581,816.5587902187748,119.10680096398887,813.0474438246972,-874.3565175037304,0.0,0.0,67.7539536520581,813.0474438246972,0.0,157.95,23.38,1.77,0.9,9.35,0.0,0.0,0.0,main_seed4,4,d1c1eb972d85b5605cb5db7c2c6bc30520ef1b725ec02f3d139c77d64d6a78a6,1500,pre_fed,TRPO-MADRL,deterministic,b272ae0a0865a45242fd3748eb27b6a98e6f71124b0737d1f1224c5c60bdd7bd
3,9,8,186.33,21.75,5.3,12.0,6.0,-0.6306439638137817,-13.177597999572754,44.15045246562029,-49.99999999964184,44.15045246562029,-0.18947368421052882,0.9,0.9,1.4202195756281952,116.73924079421845,-116.73924079421845,383.03212212798434,126.80720528531852,1400.8708895306213,-955.355108471962,0.0,0.0,116.73924079421845,1400.8708895306213,0.0,178.26,23.38,1.77,0.9,9.35,0.0,0.0,0.0,main_seed4,4,d1c1eb972d85b5605cb5db7c2c6bc30520ef1b725ec02f3d139c77d64d6a78a6,1500,pre_fed,TRPO-MADRL,deterministic,b272ae0a0865a45242fd3748eb27b6a98e6f71124b0737d1f1224c5c60bdd7bd
1,10,9,362.4,34.82,11.6,9.19,4.6,-0.5187435150146484,32.463165283203125,52.327032824354916,50.0,52.327032824354916,-0.02105263157894797,0.1,0.1,1.974519603855519,265.6485394110795,-265.6485394110795,384.48938650533916,1052.5389067811634,2441.3100771878208,-1939.1691852371616,0.0,0.0,265.6485394110795,2441.3100771878208,0.0,315.7,21.75,5.3,0.1,12.0,0.0,0.0,0.0,main_seed4,4,d1c1eb972d85b5605cb5db7c2c6bc30520ef1b725ec02f3d139c77d64d6a78a6,1500,pre_fed,TRPO-MADRL,deterministic,b272ae0a0865a45242fd3748eb27b6a98e6f71124b0737d1f1224c5c60bdd7bd
2,10,9,169.0,34.82,11.6,9.19,4.6,-0.37408119440078735,-18.24107551574707,89.94211488471576,-49.999999999999986,89.94211488471576,-0.18947368421052882,0.9,0.9,2.723452824010105,35.55081162350487,-35.55081162350487,937.3520511726946,119.10680096398887,326.7119588200097,-691.5854054783465,0.0,0.0,35.55081162350487,326.7119588200097,0.0,165.1,21.75,5.3,0.9,12.0,0.0,0.0,0.0,main_seed4,4,d1c1eb972d85b5605cb5db7c2c6bc30520ef1b725ec02f3d139c77d64d6a78a6,1500,pre_fed,TRPO-MADRL,deterministic,b272ae0a0865a45242fd3748eb27b6a98e6f71124b0737d1f1224c5c60bdd7bd
3,10,9,190.73,34.82,11.6,9.19,4.6,-0.5076454281806946,-13.377782821655273,53.18913980921718,-49.99999999976,53.18913980921718,-0.18947368421052882,0.9,0.9,1.988393322500133,93.29872719749348,-93.29872719749348,443.90520593117407,126.80720528531852,857.415302944965,-714.0638570807288,0.0,0.0,93.29872719749348,857.415302944965,0.0,186.33,21.75,5.3,0.9,12.0,0.0,0.0,0.0,main_seed4,4,d1c1eb972d85b5605cb5db7c2c6bc30520ef1b725ec02f3d139c77d64d6a78a6,1500,pre_fed,TRPO-MADRL,deterministic,b272ae0a0865a45242fd3748eb27b6a98e6f71124b0737d1f1224c5c60bdd7bd
1,11,10,320.0,27.17,36.64,12.3,6.15,-0.28066185116767883,32.169700622558594,72.64824717910008,50.0,72.64824717910008,-0.02105263157894797,0.1,0.1,2.7287438909504225,186.2915493434293,-186.2915493434293,521.2978931918369,1052.5389067811634,2291.3860569241806,-1932.6114284485905,0.0,0.0,186.2915493434293,2291.3860569241806,0.0,362.4,34.82,11.6,0.1,9.19,0.0,0.0,0.0,main_seed4,4,d1c1eb972d85b5605cb5db7c2c6bc30520ef1b725ec02f3d139c77d64d6a78a6,1500,pre_fed,TRPO-MADRL,deterministic,b272ae0a0865a45242fd3748eb27b6a98e6f71124b0737d1f1224c5c60bdd7bd
2,11,10,173.55,27.17,36.64,12.3,6.15,-0.5261804461479187,-16.14069175720215,72.4561606906957,-49.99999999999905,72.4561606906957,-0.18947368421052882,0.9,0.9,2.7215337401297037,40.19484673364454,-40.19484673364454,816.4501964106245,119.10680096398887,494.39661482382786,-714.9768060992207,0.0,0.0,40.19484673364454,494.39661482382786,0.0,169.0,34.82,11.6,0.9,9.19,0.0,0.0,0.0,main_seed4,4,d1c1eb972d85b5605cb5db7c2c6bc30520ef1b725ec02f3d139c77d64d6a78a6,1500,pre_fed,TRPO-MADRL,deterministic,b272ae0a0865a45242fd3748eb27b6a98e6f71124b0737d1f1224c5c60bdd7bd
3,11,10,195.87,27.17,36.64,12.3,6.15,-0.46603021025657654,-13.41828727722168,56.50137737640139,-49.99999999977868,56.50137737640139,-0.18947368421052882,0.9,0.9,2.4024380738438174,78.15053438165295,-78.15053438165295,466.60085618848206,126.80720528531852,961.2515728943313,-777.3298171840659,0.0,0.0,78.15053438165295,961.2515728943313,0.0,190.73,34.82,11.6,0.9,9.19,0.0,0.0,0.0,main_seed4,4,d1c1eb972d85b5605cb5db7c2c6bc30520ef1b725ec02f3d139c77d64d6a78a6,1500,pre_fed,TRPO-MADRL,deterministic,b272ae0a0865a45242fd3748eb27b6a98e6f71124b0737d1f1224c5c60bdd7bd
1,12,11,350.0,30.2,42.68,20.7,10.35,-0.3903161287307739,32.9519157409668,62.836727220605624,50.0,62.836727220605624,-0.02105263157894797,0.1,0.1,2.713913491780534,217.01823890275386,-217.01823890275386,454.40855943301824,1052.5389067811634,4492.277545287005,-2999.6125057505933,0.0,0.0,217.01823890275386,4492.277545287005,0.0,320.0,27.17,36.64,0.1,12.3,0.0,0.0,0.0,main_seed4,4,d1c1eb972d85b5605cb5db7c2c6bc30520ef1b725ec02f3d139c77d64d6a78a6,1500,pre_fed,TRPO-MADRL,deterministic,b272ae0a0865a45242fd3748eb27b6a98e6f71124b0737d1f1224c5c60bdd7bd
2,12,11,168.35,30.2,42.68,20.7,10.35,-0.6907468438148499,-16.623191833496094,56.21537994935912,-49.99999999999963,56.21537994935912,-0.18947368421052882,0.9,0.9,2.578118125302972,42.022211860154385,-42.022211860154385,708.3206420780259,119.10680096398887,869.8597855051958,-848.6436142736053,0.0,0.0,42.022211860154385,869.8597855051958,0.0,173.55,27.17,36.64,0.9,12.3,0.0,0.0,0.0,main_seed4,4,d1c1eb972d85b5605cb5db7c2c6bc30520ef1b725ec02f3d139c77d64d6a78a6,1500,pre_fed,TRPO-MADRL,deterministic,b272ae0a0865a45242fd3748eb27b6a98e6f71124b0737d1f1224c5c60bdd7bd
3,12,11,190.0,30.2,42.68,20.7,10.35,-0.3048906922340393,-13.908802032470703,70.4218137380783,-49.99999999991702,70.4218137380783,-0.18947368421052882,0.9,0.9,2.8622468010773554,49.74990674720959,-49.74990674720959,564.2634403947606,126.80720528531852,1029.8230696672385,-860.4468576736588,0.0,0.0,49.74990674720959,1029.8230696672385,0.0,195.87,27.17,36.64,0.9,12.3,0.0,0.0,0.0,main_seed4,4,d1c1eb972d85b5605cb5db7c2c6bc30520ef1b725ec02f3d139c77d64d6a78a6,1500,pre_fed,TRPO-MADRL,deterministic,b272ae0a0865a45242fd3748eb27b6a98e6f71124b0737d1f1224c5c60bdd7bd
1,13,12,345.2,23.52,35.22,26.82,13.41,-0.18405361473560333,32.731689453125,81.79969214164322,50.0,81.79969214164322,-0.02105263157894797,0.1,0.1,2.8103727902012854,207.491733280137,-207.491733280137,585.0928750893868,1052.5389067811634,5564.928286573274,-3601.280034221912,34.64422471811446,0.0,172.84750856202254,5100.349233103359,0.0,350.0,30.2,42.68,0.1,20.7,0.0,0.0,0.0,main_seed4,4,d1c1eb972d85b5605cb5db7c2c6bc30520ef1b725ec02f3d139c77d64d6a78a6,1500,pre_fed,TRPO-MADRL,deterministic,b272ae0a0865a45242fd3748eb27b6a98e6f71124b0737d1f1224c5c60bdd7bd
2,13,12,168.35,23.52,35.22,26.82,13.41,0.06140877306461334,-16.161081314086914,148.5864376822865,-49.99999999999908,148.5864376822865,-0.18947368421052882,0.9,0.9,4.1427392799615195,-34.64422471811446,34.64422471811446,1376.7632299550385,119.10680096398887,929.1581069398297,-1212.5140689294285,0.0,34.64422471811446,0.0,-464.57905346991487,0.0,168.35,30.2,42.68,0.9,20.7,34.64422471811446,0.0,0.0,main_seed4,4,d1c1eb972d85b5605cb5db7c2c6bc30520ef1b725ec02f3d139c77d64d6a78a6,1500,pre_fed,TRPO-MADRL,deterministic,b272ae0a0865a45242fd3748eb27b6a98e6f71124b0737d1f1224c5c60bdd7bd
3,13,12,190.0,23.52,35.22,26.82,13.41,-0.02499075047671795,-14.347305297851562,97.50144507784539,-49.999999999965475,97.50144507784539,-0.18947368421052882,0.9,0.9,3.1210394278726974,37.06906803423783,-37.06906803423783,764.7954479288287,126.80720528531852,994.1924046782586,-942.897528946203,0.0,0.0,37.06906803423783,994.1924046782586,0.0,190.0,30.2,42.68,0.9,20.7,0.0,0.0,0.0,main_seed4,4,d1c1eb972d85b5605cb5db7c2c6bc30520ef1b725ec02f3d139c77d64d6a78a6,1500,pre_fed,TRPO-MADRL,deterministic,b272ae0a0865a45242fd3748eb27b6a98e6f71124b0737d1f1224c5c60bdd7bd
1,14,13,320.6,39.48,35.46,27.35,13.68,-0.12682633101940155,32.585182189941406,87.38493192565832,50.0,87.38493192565832,-0.02105263157894797,0.1,0.1,3.2460775858815873,161.54219829180224,-161.54219829180224,624.6944338687463,1052.5389067811634,4418.179123280792,-3047.7062319653505,135.18523578737825,0.0,26.35696250442399,2570.1969500673304,0.0,345.2,23.52,35.22,0.1,26.82,0.0,0.0,0.0,main_seed4,4,d1c1eb972d85b5605cb5db7c2c6bc30520ef1b725ec02f3d139c77d64d6a78a6,1500,pre_fed,TRPO-MADRL,deterministic,b272ae0a0865a45242fd3748eb27b6a98e6f71124b0737d1f1224c5c60bdd7bd
2,14,13,165.75,39.48,35.46,27.35,13.68,0.7918807864189148,-17.13309669494629,232.326244895821,-49.999999999999865,232.326244895821,-0.18947368421052882,0.9,0.9,6.141535424232209,-135.18523578737825,135.18523578737825,2094.82674992045,119.10680096398887,3697.3161987847952,-2955.624874834617,0.0,135.18523578737825,0.0,-1849.3340255713345,0.0,168.35,23.52,35.22,0.9,26.82,135.18523578737825,0.0,0.0,main_seed4,4,d1c1eb972d85b5605cb5db7c2c6bc30520ef1b725ec02f3d139c77d64d6a78a6,1500,pre_fed,TRPO-MADRL,deterministic,b272ae0a0865a45242fd3748eb27b6a98e6f71124b0737d1f1224c5c60bdd7bd
3,14,13,187.07,39.48,35.46,27.35,13.68,0.0658712387084961,-14.457182884216309,106.57761315644618,-49.99999999997229,106.57761315644618,-0.18947368421052882,0.9,0.9,3.626562789444713,9.36842331720905,-9.36842331720905,835.1244148871406,126.80720528531852,256.22637772566753,-609.0789989490634,0.0,0.0,9.36842331720905,256.22637772566753,0.0,190.0,23.52,35.22,0.9,26.82,0.0,0.0,0.0,main_seed4,4,d1c1eb972d85b5605cb5db7c2c6bc30520ef1b725ec02f3d139c77d64d6a78a6,1500,pre_fed,TRPO-MADRL,deterministic,b272ae0a0865a45242fd3748eb27b6a98e6f71124b0737d1f1224c5c60bdd7bd
1,15,14,333.2,35.74,34.83,13.81,6.91,-0.19895972311496735,32.66168212890625,80.3624635530988,50.0,80.3624635530988,-0.02105263157894797,0.1,0.1,3.0182282184303966,185.30681729691057,-185.30681729691057,574.9841084651425,1052.5389067811634,2559.087146870335,-2093.3050810583204,142.36335853731617,0.0,42.94345875959439,1576.7799729628532,0.0,320.6,39.48,35.46,0.1,27.35,0.0,0.0,0.0,main_seed4,4,d1c1eb972d85b5605cb5db7c2c6bc30520ef1b725ec02f3d139c77d64d6a78a6,1500,pre_fed,TRPO-MADRL,deterministic,b272ae0a0865a45242fd3748eb27b6a98e6f71124b0737d1f1224c5c60bdd7bd
2,15,14,170.3,35.74,34.83,13.81,6.91,1.0356624126434326,-15.153680801391602,248.6637170896352,-49.999999999993115,248.6637170896352,-0.18947368421052882,0.9,0.9,6.3808848681084935,-142.36335853731617,142.36335853731617,2247.345608965067,119.10680096398887,1966.0379814003363,-2166.2451956646964,0.0,142.36335853731617,0.0,-983.7308074928548,0.0,165.75,39.48,35.46,0.9,27.35,142.36335853731617,0.0,0.0,main_seed4,4,d1c1eb972d85b5605cb5db7c2c6bc30520ef1b725ec02f3d139c77d64d6a78a6,1500,pre_fed,TRPO-MADRL,deterministic,b272ae0a0865a45242fd3748eb27b6a98e6f71124b0737d1f1224c5c60bdd7bd
3,15,14,192.2,35.74,34.83,13.81,6.91,0.17929115891456604,-14.514412879943848,117.73944198282354,-49.99999999997529,117.73944198282354,-0.18947368421052882,0.9,0.9,3.7623993659722608,7.842431067359229,-7.842431067359229,923.7606318052581,126.80720528531852,108.30397304023096,-579.4359050654037,0.0,0.0,7.842431067359229,108.30397304023096,0.0,187.07,39.48,35.46,0.9,27.35,0.0,0.0,0.0,main_seed4,4,d1c1eb972d85b5605cb5db7c2c6bc30520ef1b725ec02f3d139c77d64d6a78a6,1500,pre_fed,TRPO-MADRL,deterministic,b272ae0a0865a45242fd3748eb27b6a98e6f71124b0737d1f1224c5c60bdd7bd
1,16,15,316.8,18.06,23.62,17.31,8.66,-0.35230112075805664,32.771732330322266,66.15852852836215,50.0,66.15852852836215,-0.02105263157894797,0.1,0.1,2.156349517935664,211.13887362115247,-211.13887362115247,476.8800854482402,1052.5389067811634,3654.813902382149,-2592.116447305776,0.0,0.0,211.13887362115247,3654.813902382149,0.0,333.2,35.74,34.83,0.1,13.81,0.0,0.0,0.0,main_seed4,4,d1c1eb972d85b5605cb5db7c2c6bc30520ef1b725ec02f3d139c77d64d6a78a6,1500,pre_fed,TRPO-MADRL,deterministic,b272ae0a0865a45242fd3748eb27b6a98e6f71124b0737d1f1224c5c60bdd7bd
2,16,15,172.25,18.06,23.62,17.31,8.66,-0.4433478116989136,-15.40629768371582,81.70181744441905,-49.99999999999585,81.70181744441905,-0.18947368421052882,0.9,0.9,2.4638468752041707,51.52150311499564,-51.52150311499564,879.7977440845812,119.10680096398887,891.8372189205744,-945.3708819845722,0.0,0.0,51.52150311499564,891.8372189205744,0.0,170.3,35.74,34.83,0.9,13.81,0.0,0.0,0.0,main_seed4,4,d1c1eb972d85b5605cb5db7c2c6bc30520ef1b725ec02f3d139c77d64d6a78a6,1500,pre_fed,TRPO-MADRL,deterministic,b272ae0a0865a45242fd3748eb27b6a98e6f71124b0737d1f1224c5c60bdd7bd
3,16,15,194.4,18.06,23.62,17.31,8.66,-0.2038748562335968,-13.986241340637207,79.8903640859216,-49.999999999928924,79.8903640859216,-0.18947368421052882,0.9,0.9,2.427617808034222,75.44672740632315,-75.44672740632315,632.7964829401251,126.80720528531852,1305.9828514034537,-1032.7932698144486,0.0,0.0,75.44672740632315,1305.9828514034537,0.0,192.2,35.74,34.83,0.9,13.81,0.0,0.0,0.0,main_seed4,4,d1c1eb972d85b5605cb5db7c2c6bc30520ef1b725ec02f3d139c77d64d6a78a6,1500,pre_fed,TRPO-MADRL,deterministic,b272ae0a0865a45242fd3748eb27b6a98e6f71124b0737d1f1224c5c60bdd7bd
1,17,16,291.3,24.27,14.18,16.42,8.21,-0.48857778310775757,32.782962799072266,54.691309189594904,50.0,54.691309189594904,-0.02105263157894797,0.1,0.1,1.862405131160319,200.0421485731444,-200.0421485731444,400.062516901545,1052.5389067811634,3284.6920795710316,-2368.64675162687,0.0,0.0,200.0421485731444,3284.6920795710316,0.0,316.8,18.06,23.62,0.1,17.31,0.0,0.0,0.0,main_seed4,4,d1c1eb972d85b5605cb5db7c2c6bc30520ef1b725ec02f3d139c77d64d6a78a6,1500,pre_fed,TRPO-MADRL,deterministic,b272ae0a0865a45242fd3748eb27b6a98e6f71124b0737d1f1224c5c60bdd7bd
2,17,16,165.75,24.27,14.18,16.42,8.21,-0.1702038198709488,-18.176816940307617,116.3989287712127,-49.999999999999986,116.3989287712127,-0.18947368421052882,0.9,0.9,3.0931891017400437,14.183734014737865,-14.183734014737865,1129.1161161255404,119.10680096398887,232.89691252199577,-740.5599148057626,0.0,0.0,14.183734014737865,232.89691252199577,0.0,172.25,18.06,23.62,0.9,17.31,0.0,0.0,0.0,main_seed4,4,d1c1eb972d85b5605cb5db7c2c6bc30520ef1b725ec02f3d139c77d64d6a78a6,1500,pre_fed,TRPO-MADRL,deterministic,b272ae0a0865a45242fd3748eb27b6a98e6f71124b0737d1f1224c5c60bdd7bd
3,17,16,187.07,24.27,14.18,16.42,8.21,-0.26802751421928406,-13.899571418762207,73.82115189012524,-49.999999999915474,73.82115189012524,-0.18947368421052882,0.9,0.9,2.241633564118294,77.22995535820358,-77.22995535820358,588.6717359122845,126.80720528531852,1268.115866981703,-991.797404089653,0.0,0.0,77.22995535820358,1268.115866981703,0.0,194.4,18.06,23.62,0.9,17.31,0.0,0.0,0.0,main_seed4,4,d1c1eb972d85b5605cb5db7c2c6bc30520ef1b725ec02f3d139c77d64d6a78a6,1500,pre_fed,TRPO-MADRL,deterministic,b272ae0a0865a45242fd3748eb27b6a98e6f71124b0737d1f1224c5c60bdd7bd
1,18,17,413.8,26.26,4.67,9.83,4.92,-0.6362102031707764,32.79003143310547,43.76863999824662,50.0,43.76863999824662,-0.02105263157894797,0.1,0.1,1.4935517473333533,340.6159643806657,-340.6159643806657,328.87374095306916,1052.5389067811634,3348.2549298619438,-2364.833788798088,0.0,0.0,340.6159643806657,3348.2549298619438,0.0,291.3,24.27,14.18,0.1,16.42,0.0,0.0,0.0,main_seed4,4,d1c1eb972d85b5605cb5db7c2c6bc30520ef1b725ec02f3d139c77d64d6a78a6,1500,pre_fed,TRPO-MADRL,deterministic,b272ae0a0865a45242fd3748eb27b6a98e6f71124b0737d1f1224c5c60bdd7bd
2,18,17,164.25,26.26,4.67,9.83,4.92,-0.056384846568107605,-17.663908004760742,132.11447639586524,-49.99999999999996,132.11447639586524,-0.18947368421052882,0.9,0.9,3.257100054233094,4.652097342578401,-4.652097342578401,1248.062410966002,119.10680096398887,45.730116877545676,-706.4496644037683,0.0,0.0,4.652097342578401,45.730116877545676,0.0,165.75,24.27,14.18,0.9,16.42,0.0,0.0,0.0,main_seed4,4,d1c1eb972d85b5605cb5db7c2c6bc30520ef1b725ec02f3d139c77d64d6a78a6,1500,pre_fed,TRPO-MADRL,deterministic,b272ae0a0865a45242fd3748eb27b6a98e6f71124b0737d1f1224c5c60bdd7bd
3,18,17,185.6,26.26,4.67,9.83,4.92,-0.29276302456855774,-13.744271278381348,71.53240870321847,-49.999999999884686,71.53240870321847,-0.18947368421052882,0.9,0.9,2.0454587003801588,85.3725236813722,-85.3725236813722,572.2137067670999,126.80720528531852,839.2119077878888,-769.1164099201536,0.0,0.0,85.3725236813722,839.2119077878888,0.0,187.07,24.27,14.18,0.9,16.42,0.0,0.0,0.0,main_seed4,4,d1c1eb972d85b5605cb5db7c2c6bc30520ef1b725ec02f3d139c77d64d6a78a6,1500,pre_fed,TRPO-MADRL,deterministic,b272ae0a0865a45242fd3748eb27b6a98e6f71124b0737d1f1224c5c60bdd7bd
1,19,18,539.8,26.77,0.18,8.63,4.32,-0.21119865775108337,31.785980224609375,79.1886472288804,50.0,79.1886472288804,-0.02105263157894797,0.1,0.1,2.122351891946029,435.80475729464456,-435.80475729464456,566.7528811337104,1052.5389067811634,3760.9950554527827,-2690.1434216838284,0.0,0.0,435.80475729464456,3760.9950554527827,0.0,413.8,26.26,4.67,0.1,9.83,0.0,0.0,0.0,main_seed4,4,d1c1eb972d85b5605cb5db7c2c6bc30520ef1b725ec02f3d139c77d64d6a78a6,1500,pre_fed,TRPO-MADRL,deterministic,b272ae0a0865a45242fd3748eb27b6a98e6f71124b0737d1f1224c5c60bdd7bd
2,19,18,162.5,26.77,0.18,8.63,4.32,-0.486722469329834,-17.663028717041016,76.77442797916655,-49.99999999999996,76.77442797916655,-0.18947368421052882,0.9,0.9,2.0706990858991206,61.0357447909431,-61.0357447909431,845.8755281372805,119.10680096398887,526.738477545839,-745.8604033235542,0.0,0.0,61.0357447909431,526.738477545839,0.0,164.25,26.26,4.67,0.9,9.83,0.0,0.0,0.0,main_seed4,4,d1c1eb972d85b5605cb5db7c2c6bc30520ef1b725ec02f3d139c77d64d6a78a6,1500,pre_fed,TRPO-MADRL,deterministic,b272ae0a0865a45242fd3748eb27b6a98e6f71124b0737d1f1224c5c60bdd7bd
3,19,18,183.4,26.77,0.18,8.63,4.32,-0.5578926205635071,-13.281316757202148,49.35878293870047,-49.99999999970893,49.35878293870047,-0.18947368421052882,0.9,0.9,1.522386185089799,108.80307693059986,-108.80307693059986,417.91927867915234,126.80720528531852,938.9705539110769,-741.8485189377739,0.0,0.0,108.80307693059986,938.9705539110769,0.0,185.6,26.26,4.67,0.9,9.83,0.0,0.0,0.0,main_seed4,4,d1c1eb972d85b5605cb5db7c2c6bc30520ef1b725ec02f3d139c77d64d6a78a6,1500,pre_fed,TRPO-MADRL,deterministic,b272ae0a0865a45242fd3748eb27b6a98e6f71124b0737d1f1224c5c60bdd7bd
1,20,19,557.2,26.22,0.0,8.87,4.44,-0.08714333176612854,31.06500816345215,91.30765878999843,50.0,91.30765878999843,-0.02105263157894797,0.1,0.1,2.3501321231683896,442.04352596474894,-442.04352596474894,652.8102255638482,1052.5389067811634,3920.9260753073227,-2813.137603826167,0.0,0.0,442.04352596474894,3920.9260753073227,0.0,539.8,26.77,0.18,0.1,8.63,0.0,0.0,0.0,main_seed4,4,d1c1eb972d85b5605cb5db7c2c6bc30520ef1b725ec02f3d139c77d64d6a78a6,1500,pre_fed,TRPO-MADRL,deterministic,b272ae0a0865a45242fd3748eb27b6a98e6f71124b0737d1f1224c5c60bdd7bd
2,20,19,165.75,26.22,0.0,8.87,4.44,-0.5175672769546509,-17.712610244750977,73.38516511604327,-49.999999999999964,73.38516511604327,-0.18947368421052882,0.9,0.9,1.9883138286366548,68.32262239680391,-68.32262239680391,822.7566445483537,119.10680096398887,606.0216606596506,-773.9425530859967,0.0,0.0,68.32262239680391,606.0216606596506,0.0,162.5,26.77,0.18,0.9,8.63,0.0,0.0,0.0,main_seed4,4,d1c1eb972d85b5605cb5db7c2c6bc30520ef1b725ec02f3d139c77d64d6a78a6,1500,pre_fed,TRPO-MADRL,deterministic,b272ae0a0865a45242fd3748eb27b6a98e6f71124b0737d1f1224c5c60bdd7bd
3,20,19,187.07,26.22,0.0,8.87,4.44,-0.6324462294578552,-13.141470909118652,44.0265664982711,-49.999999999615,44.0265664982711,-0.18947368421052882,0.9,0.9,1.4011418562812117,118.41404904222063,-118.41404904222063,382.20856765240865,126.80720528531852,1050.3326150044968,-779.674193971112,0.0,0.0,118.41404904222063,1050.3326150044968,0.0,183.4,26.77,0.18,0.9,8.63,0.0,0.0,0.0,main_seed4,4,d1c1eb972d85b5605cb5db7c2c6bc30520ef1b725ec02f3d139c77d64d6a78a6,1500,pre_fed,TRPO-MADRL,deterministic,b272ae0a0865a45242fd3748eb27b6a98e6f71124b0737d1f1224c5c60bdd7bd
1,21,20,557.1,32.84,0.0,8.35,4.18,-0.09381867945194244,30.990066528320312,90.64556171246446,50.0,90.64556171246446,-0.02105263157894797,0.1,0.1,2.46929018161771,436.1047811007322,-436.1047811007322,648.0472176464591,1052.5389067811634,3641.474922191114,-2671.030523309368,0.0,0.0,436.1047811007322,3641.474922191114,0.0,557.2,26.22,0.0,0.1,8.87,0.0,0.0,0.0,main_seed4,4,d1c1eb972d85b5605cb5db7c2c6bc30520ef1b725ec02f3d139c77d64d6a78a6,1500,pre_fed,TRPO-MADRL,deterministic,b272ae0a0865a45242fd3748eb27b6a98e6f71124b0737d1f1224c5c60bdd7bd
2,21,20,169.0,32.84,0.0,8.35,4.18,-0.5031421184539795,-17.780391693115234,74.95814505651971,-49.999999999999964,74.95814505651971,-0.18947368421052882,0.9,0.9,2.1521734274461837,63.543502055137,-63.543502055137,833.4645625994202,119.10680096398887,530.5882421603939,-741.5798028619015,0.0,0.0,63.543502055137,530.5882421603939,0.0,165.75,26.22,0.0,0.9,8.87,0.0,0.0,0.0,main_seed4,4,d1c1eb972d85b5605cb5db7c2c6bc30520ef1b725ec02f3d139c77d64d6a78a6,1500,pre_fed,TRPO-MADRL,deterministic,b272ae0a0865a45242fd3748eb27b6a98e6f71124b0737d1f1224c5c60bdd7bd
3,21,20,190.73,32.84,0.0,8.35,4.18,-0.6235563158988953,-13.152976989746094,44.64007124857589,-49.99999999962375,44.64007124857589,-0.18947368421052882,0.9,0.9,1.5458119512873074,114.98521438692192,-114.98521438692192,386.2898055844663,126.80720528531852,960.126540130798,-736.6117755002915,0.0,0.0,114.98521438692192,960.126540130798,0.0,187.07,26.22,0.0,0.9,8.87,0.0,0.0,0.0,main_seed4,4,d1c1eb972d85b5605cb5db7c2c6bc30520ef1b725ec02f3d139c77d64d6a78a6,1500,pre_fed,TRPO-MADRL,deterministic,b272ae0a0865a45242fd3748eb27b6a98e6f71124b0737d1f1224c5c60bdd7bd
1,22,21,535.0,36.02,0.0,16.44,8.22,-0.09356395900249481,30.98358917236328,90.67081146406298,50.0,90.67081146406298,-0.02105263157894797,0.1,0.1,2.5333951766496807,410.8636363441656,-410.8636363441656,648.2287295920087,1052.5389067811634,6754.598181498083,-4227.682908935628,0.0,0.0,410.8636363441656,6754.598181498083,0.0,557.1,32.84,0.0,0.1,8.35,0.0,0.0,0.0,main_seed4,4,d1c1eb972d85b5605cb5db7c2c6bc30520ef1b725ec02f3d139c77d64d6a78a6,1500,pre_fed,TRPO-MADRL,deterministic,b272ae0a0865a45242fd3748eb27b6a98e6f71124b0737d1f1224c5c60bdd7bd
2,22,21,161.2,36.02,0.0,16.44,8.22,-0.4598912000656128,-16.77378273010254,79.80062547709045,-49.99999999999973,79.80062547709045,-0.18947368421052882,0.9,0.9,2.3126230358575985,47.88147124297765,-47.88147124297765,866.6654153915385,119.10680096398887,787.1713872345526,-886.47180179504,0.0,0.0,47.88147124297765,787.1713872345526,0.0,169.0,32.84,0.0,0.9,8.35,0.0,0.0,0.0,main_seed4,4,d1c1eb972d85b5605cb5db7c2c6bc30520ef1b725ec02f3d139c77d64d6a78a6,1500,pre_fed,TRPO-MADRL,deterministic,b272ae0a0865a45242fd3748eb27b6a98e6f71124b0737d1f1224c5c60bdd7bd
3,22,21,181.93,36.02,0.0,16.44,8.22,-0.5780858993530273,-13.174030303955078,47.87271700744916,-49.999999999639265,47.87271700744916,-0.18947368421052882,0.9,0.9,1.6740648664647728,99.90082154322614,-99.90082154322614,407.9125576331951,126.80720528531852,1642.369506170638,-1088.5446345445757,0.0,0.0,99.90082154322614,1642.369506170638,0.0,190.73,32.84,0.0,0.9,8.35,0.0,0.0,0.0,main_seed4,4,d1c1eb972d85b5605cb5db7c2c6bc30520ef1b725ec02f3d139c77d64d6a78a6,1500,pre_fed,TRPO-MADRL,deterministic,b272ae0a0865a45242fd3748eb27b6a98e6f71124b0737d1f1224c5c60bdd7bd
1,23,22,437.8,37.23,0.0,16.19,8.1,-0.4156343340873718,31.30254364013672,60.675376761108325,50.0,60.675376761108325,-0.02105263157894797,0.1,0.1,1.9576864825905875,341.8733623530612,-341.8733623530612,439.8833159688694,1052.5389067811634,5534.929736496062,-3513.675979623047,64.0378794426511,0.0,277.8354829104101,5016.863291805014,0.0,535.0,36.02,0.0,0.1,16.44,0.0,0.0,0.0,main_seed4,4,d1c1eb972d85b5605cb5db7c2c6bc30520ef1b725ec02f3d139c77d64d6a78a6,1500,pre_fed,TRPO-MADRL,deterministic,b272ae0a0865a45242fd3748eb27b6a98e6f71124b0737d1f1224c5c60bdd7bd
2,23,22,148.0,37.23,0.0,16.19,8.1,0.28864848613739014,-16.4340763092041,179.32465678895656,-49.99999999999947,179.32465678895656,-0.18947368421052882,0.9,0.9,4.327303662094921,-64.0378794426511,64.0378794426511,1627.9597778080988,119.10680096398887,1036.7732681765215,-1391.9199234743046,0.0,64.0378794426511,0.0,-518.7068234854739,0.0,161.2,36.02,0.0,0.9,16.44,64.0378794426511,0.0,0.0,main_seed4,4,d1c1eb972d85b5605cb5db7c2c6bc30520ef1b725ec02f3d139c77d64d6a78a6,1500,pre_fed,TRPO-MADRL,deterministic,b272ae0a0865a45242fd3748eb27b6a98e6f71124b0737d1f1224c5c60bdd7bd
3,23,22,161.39,37.23,0.0,16.19,8.1,-0.2652820348739624,-13.579134941101074,74.07706746617137,-49.99999999983956,74.07706746617137,-0.18947368421052882,0.9,0.9,2.222351875639217,52.49475809367837,-52.49475809367837,590.5181752601388,126.80720528531852,849.8901335366529,-783.6077570410552,0.0,0.0,52.49475809367837,849.8901335366529,0.0,181.93,36.02,0.0,0.9,16.44,0.0,0.0,0.0,main_seed4,4,d1c1eb972d85b5605cb5db7c2c6bc30520ef1b725ec02f3d139c77d64d6a78a6,1500,pre_fed,TRPO-MADRL,deterministic,b272ae0a0865a45242fd3748eb27b6a98e6f71124b0737d1f1224c5c60bdd7bd
1,24,23,447.3,44.12,0.0,8.87,4.44,-0.4344635605812073,31.699909210205078,59.09551895998666,50.0,59.09551895998666,-0.02105263157894797,0.1,0.1,2.0638893265681544,346.1694229981605,-346.1694229981605,429.31383937643983,1052.5389067811634,3070.522781993683,-2276.187764075643,97.82498624151859,0.0,248.3444367566419,2637.158092943756,0.0,437.8,37.23,0.0,0.1,16.19,0.0,0.0,0.0,main_seed4,4,d1c1eb972d85b5605cb5db7c2c6bc30520ef1b725ec02f3d139c77d64d6a78a6,1500,pre_fed,TRPO-MADRL,deterministic,b272ae0a0865a45242fd3748eb27b6a98e6f71124b0737d1f1224c5c60bdd7bd
2,24,23,119.6,44.12,0.0,8.87,4.44,0.2778788208961487,-16.320751190185547,177.93170454290296,-49.99999999999933,177.93170454290296,-0.18947368421052882,0.9,0.9,4.437244617173849,-97.82498624151859,97.82498624151859,1616.265737063415,119.10680096398887,867.7076279622698,-1301.540082994837,0.0,97.82498624151859,0.0,-434.34293891234256,0.0,148.0,37.23,0.0,0.9,16.19,97.82498624151859,0.0,0.0,main_seed4,4,d1c1eb972d85b5605cb5db7c2c6bc30520ef1b725ec02f3d139c77d64d6a78a6,1500,pre_fed,TRPO-MADRL,deterministic,b272ae0a0865a45242fd3748eb27b6a98e6f71124b0737d1f1224c5c60bdd7bd
3,24,23,134.98,44.12,0.0,8.87,4.44,-0.28407537937164307,-13.552098274230957,72.33272740431013,-49.99999999983065,72.33272740431013,-0.18947368421052882,0.9,0.9,2.3252650744019925,21.042011354302375,-21.042011354302375,577.9573690296311,126.80720528531852,186.64264071266206,-445.7036075138059,0.0,0.0,21.042011354302375,186.64264071266206,0.0,161.39,37.23,0.0,0.9,16.19,0.0,0.0,0.0,main_seed4,4,d1c1eb972d85b5605cb5db7c2c6bc30520ef1b725ec02f3d139c77d64d6a78a6,1500,pre_fed,TRPO-MADRL,deterministic,b272ae0a0865a45242fd3748eb27b6a98e6f71124b0737d1f1224c5c60bdd7bd
